timestamp,AMAT.US,AMD.US,ASML.US,AVGO.US,LRCX.US,MU.US,NVDA.US,TSM.US
2017-06-01,0.0,0.0,0.0,0.0,0.0,0.0,0.0,0.0
2017-06-02,0.0,0.0,0.0,0.0,0.0,0.0,0.0,0.0
2017-06-05,0.0,0.0,0.0,0.0,0.0,0.0,0.0,0.0
2017-06-06,0.0,0.0,0.0,0.0,0.0,0.0,0.0,0.0
2017-06-07,0.0,0.0,0.0,0.0,0.0,0.0,0.0,0.0
2017-06-08,0.0,0.0,0.0,0.0,0.0,0.0,0.0,0.0
2017-06-09,0.0,0.0,0.0,0.0,0.0,0.0,0.0,0.0
2017-06-12,0.0,0.0,0.0,0.0,0.0,0.0,0.0,0.0
2017-06-13,0.0,0.0,0.0,0.0,0.0,0.0,0.0,0.0
2017-06-14,0.0,0.0,0.0,0.0,0.0,0.0,0.0,0.0
2017-06-15,0.0,0.0,0.0,0.0,0.0,0.0,0.0,0.0
2017-06-16,0.0,0.0,0.0,0.0,0.0,0.0,0.0,0.0
2017-06-19,0.0,0.0,0.0,0.0,0.0,0.0,0.0,0.0
2017-06-20,0.0,0.0,0.0,0.0,0.0,0.0,0.0,0.0
2017-06-21,0.0,0.0,0.0,0.0,0.0,0.0,0.0,0.0
2017-06-22,0.0,0.0,0.0,0.0,0.0,0.0,0.0,0.0
2017-06-23,0.0,0.0,0.0,0.0,0.0,0.0,0.0,0.0
2017-06-26,0.0,0.0,0.0,0.0,0.0,0.0,0.0,0.0
2017-06-27,0.0,0.0,0.0,0.0,0.0,0.0,0.0,0.0
2017-06-28,0.0,0.0,0.0,0.0,0.0,0.0,0.0,0.0
2017-06-29,0.0,0.0,0.0,0.0,0.0,0.0,0.0,0.0
2017-06-30,0.0,0.0,0.0,0.0,0.0,0.0,0.0,0.0
2017-07-03,0.0,0.0,0.0,0.0,0.0,0.0,0.0,0.0
2017-07-05,0.0,0.0,0.0,0.0,0.0,0.0,0.0,0.0
2017-07-06,0.0,0.0,0.0,0.0,0.0,0.0,0.0,0.0
2017-07-07,0.0,0.0,0.0,0.0,0.0,0.0,0.0,0.0
2017-07-10,0.0,0.0,0.0,0.0,0.0,0.0,0.0,0.0
2017-07-11,0.0,0.0,0.0,0.0,0.0,0.0,0.0,0.0
2017-07-12,0.0,0.0,0.0,0.0,0.0,0.0,0.0,0.0
2017-07-13,0.0,0.0,0.0,0.0,0.0,0.0,0.0,0.0
2017-07-14,0.0,0.0,0.0,0.0,0.0,0.0,0.0,0.0
2017-07-17,0.0,0.0,0.0,0.0,0.0,0.0,0.0,0.0
2017-07-18,0.0,0.0,0.0,0.0,0.0,0.0,0.0,0.0
2017-07-19,0.0,0.0,0.0,0.0,0.0,0.0,0.0,0.0
2017-07-20,0.0,0.0,0.0,0.0,0.0,0.0,0.0,0.0
2017-07-21,0.0,0.0,0.0,0.0,0.0,0.0,0.0,0.0
2017-07-24,0.0,0.0,0.0,0.0,0.0,0.0,0.0,0.0
2017-07-25,0.0,0.0,0.0,0.0,0.0,0.0,0.0,0.0
2017-07-26,0.0,0.0,0.0,0.0,0.0,0.0,0.0,0.0
2017-07-27,0.0,0.0,0.0,0.0,0.0,0.0,0.0,0.0
2017-07-28,0.0,0.0,0.0,0.0,0.0,0.0,0.0,0.0
2017-07-31,0.0,0.0,0.0,0.0,0.0,0.0,0.0,0.0
2017-08-01,0.0,0.0,0.0,0.0,0.0,0.0,0.0,0.0
2017-08-02,0.0,0.0,0.0,0.0,0.0,0.0,0.0,0.0
2017-08-03,0.0,0.0,0.0,0.0,0.0,0.0,0.0,0.0
2017-08-04,0.0,0.0,0.0,0.0,0.0,0.0,0.0,0.0
2017-08-07,0.0,0.0,0.0,0.0,0.0,0.0,0.0,0.0
2017-08-08,0.0,0.0,0.0,0.0,0.0,0.0,0.0,0.0
2017-08-09,0.0,0.0,0.0,0.0,0.0,0.0,0.0,0.0
2017-08-10,0.0,0.0,0.0,0.0,0.0,0.0,0.0,0.0
2017-08-11,0.0,0.0,0.0,0.0,0.0,0.0,0.0,0.0
2017-08-14,0.0,0.0,0.0,0.0,0.0,0.0,0.0,0.0
2017-08-15,0.0,0.0,0.0,0.0,0.0,0.0,0.0,0.0
2017-08-16,0.0,0.0,0.0,0.0,0.0,0.0,0.0,0.0
2017-08-17,0.0,0.0,0.0,0.0,0.0,0.0,0.0,0.0
2017-08-18,0.0,0.0,0.0,0.0,0.0,0.0,0.0,0.0
2017-08-21,0.0,0.0,0.0,0.0,0.0,0.0,0.0,0.0
2017-08-22,0.0,0.0,0.0,0.0,0.0,0.0,0.0,0.0
2017-08-23,0.0,0.0,0.0,0.0,0.0,0.0,0.0,0.0
2017-08-24,0.0,0.0,0.0,0.0,0.0,0.0,0.0,0.0
2017-08-25,0.0,0.0,0.0,0.0,0.0,0.0,0.0,0.0
2017-08-28,0.0,0.0,0.0,0.0,0.0,0.0,0.0,0.0
2017-08-29,0.0,0.0,0.0,0.0,0.0,0.0,0.0,0.0
2017-08-30,0.0,0.0,0.0,0.0,0.0,0.0,0.0,0.0
2017-08-31,0.0,0.0,0.0,0.0,0.0,0.0,0.0,0.0
2017-09-01,0.0,0.0,0.0,0.0,0.0,0.0,0.0,0.0
2017-09-05,0.0,0.0,0.0,0.0,0.0,0.0,0.0,0.0
2017-09-06,0.0,0.0,0.0,0.0,0.0,0.0,0.0,0.0
2017-09-07,0.0,0.0,0.0,0.0,0.0,0.0,0.0,0.0
2017-09-08,0.0,0.0,0.0,0.0,0.0,0.0,0.0,0.0
2017-09-11,0.0,0.0,0.0,0.0,0.0,0.0,0.0,0.0
2017-09-12,0.0,0.0,0.0,0.0,0.0,0.0,0.0,0.0
2017-09-13,0.0,0.0,0.0,0.0,0.0,0.0,0.0,0.0
2017-09-14,0.0,0.0,0.0,0.0,0.0,0.0,0.0,0.0
2017-09-15,0.0,0.0,0.0,0.0,0.0,0.0,0.0,0.0
2017-09-18,0.0,0.0,0.0,0.0,0.0,0.0,0.0,0.0
2017-09-19,0.0,0.0,0.0,0.0,0.0,0.0,0.0,0.0
2017-09-20,0.0,0.0,0.0,0.0,0.0,0.0,0.0,0.0
2017-09-21,0.0,0.0,0.0,0.0,0.0,0.0,0.0,0.0
2017-09-22,0.0,0.0,0.0,0.0,0.0,0.0,0.0,0.0
2017-09-25,0.0,0.0,0.0,0.0,0.0,0.0,0.0,0.0
2017-09-26,0.0,0.0,0.0,0.0,0.0,0.0,0.0,0.0
2017-09-27,0.0,0.0,0.0,0.0,0.0,0.0,0.0,0.0
2017-09-28,0.0,0.0,0.0,0.0,0.0,0.0,0.0,0.0
2017-09-29,0.0,0.0,0.0,0.0,0.0,0.0,0.0,0.0
2017-10-02,0.0,0.0,0.0,0.0,0.0,0.0,0.0,0.0
2017-10-03,0.0,0.0,0.0,0.0,0.0,0.0,0.0,0.0
2017-10-04,0.0,0.0,0.0,0.0,0.0,0.0,0.0,0.0
2017-10-05,0.0,0.0,0.0,0.0,0.0,0.0,0.0,0.0
2017-10-06,0.0,0.0,0.0,0.0,0.0,0.0,0.0,0.0
2017-10-09,0.0,0.0,0.0,0.0,0.0,0.0,0.0,0.0
2017-10-10,0.0,0.0,0.0,0.0,0.0,0.0,0.0,0.0
2017-10-11,0.0,0.0,0.0,0.0,0.0,0.0,0.0,0.0
2017-10-12,0.0,0.0,0.0,0.0,0.0,0.0,0.0,0.0
2017-10-13,0.0,0.0,0.0,0.0,0.0,0.0,0.0,0.0
2017-10-16,0.0,0.0,0.0,0.0,0.0,0.0,0.0,0.0
2017-10-17,0.0,0.0,0.0,0.0,0.0,0.0,0.0,0.0
2017-10-18,0.0,0.0,0.0,0.0,0.0,0.0,0.0,0.0
2017-10-19,0.0,0.0,0.0,0.0,0.0,0.0,0.0,0.0
2017-10-20,0.0,0.0,0.0,0.0,0.0,0.0,0.0,0.0
2017-10-23,0.0,0.0,0.0,0.0,0.0,0.0,0.0,0.0
2017-10-24,0.0,0.0,0.0,0.0,0.0,0.0,0.0,0.0
2017-10-25,0.0,0.0,0.0,0.0,0.0,0.0,0.0,0.0
2017-10-26,0.0,0.0,0.0,0.0,0.0,0.0,0.0,0.0
2017-10-27,0.0,0.0,0.0,0.0,0.0,0.0,0.0,0.0
2017-10-30,0.0,0.0,0.0,0.0,0.0,0.0,0.0,0.0
2017-10-31,0.0,0.0,0.0,0.0,0.0,0.0,0.0,0.0
2017-11-01,0.0,0.0,0.0,0.0,0.0,0.0,0.0,0.0
2017-11-02,0.0,0.0,0.0,0.0,0.0,0.0,0.0,0.0
2017-11-03,0.0,0.0,0.0,0.0,0.0,0.0,0.0,0.0
2017-11-06,0.0,0.0,0.0,0.0,0.0,0.0,0.0,0.0
2017-11-07,0.0,0.0,0.0,0.0,0.0,0.0,0.0,0.0
2017-11-08,0.0,0.0,0.0,0.0,0.0,0.0,0.0,0.0
2017-11-09,0.0,0.0,0.0,0.0,0.0,0.0,0.0,0.0
2017-11-10,0.0,0.0,0.0,0.0,0.0,0.0,0.0,0.0
2017-11-13,0.0,0.0,0.0,0.0,0.0,0.0,0.0,0.0
2017-11-14,0.0,0.0,0.0,0.0,0.0,0.0,0.0,0.0
2017-11-15,0.0,0.0,0.0,0.0,0.0,0.0,0.0,0.0
2017-11-16,0.0,0.0,0.0,0.0,0.0,0.0,0.0,0.0
2017-11-17,0.0,0.0,0.0,0.0,0.0,0.0,0.0,0.0
2017-11-20,0.0,0.0,0.0,0.0,0.0,0.0,0.0,0.0
2017-11-21,0.0,0.0,0.0,0.0,0.0,0.0,0.0,0.0
2017-11-22,0.0,0.0,0.0,0.0,0.0,0.0,0.0,0.0
2017-11-24,0.0,0.0,0.0,0.0,0.0,0.0,0.0,0.0
2017-11-27,0.0,0.0,0.0,0.0,0.0,0.0,0.0,0.0
2017-11-28,0.0,0.0,0.0,0.0,0.0,0.0,0.0,0.0
2017-11-29,0.0,0.0,0.0,0.0,0.0,0.0,0.0,0.0
2017-11-30,0.0,0.0,0.0,0.0,0.0,0.0,0.0,0.0
2017-12-01,0.0,0.0,0.0,0.0,0.0,0.0,0.0,0.0
2017-12-04,0.0,0.0,0.0,0.0,0.0,0.0,0.0,0.0
2017-12-05,0.0,0.0,0.0,0.0,0.0,0.0,0.0,0.0
2017-12-06,0.0,0.0,0.0,0.0,0.0,0.0,0.0,0.0
2017-12-07,0.0,0.0,0.0,0.0,0.0,0.0,0.0,0.0
2017-12-08,0.0,0.0,0.0,0.0,0.0,0.0,0.0,0.0
2017-12-11,0.0,0.0,0.0,0.0,0.0,0.0,0.0,0.0
2017-12-12,0.0,0.0,0.0,0.0,0.0,0.0,0.0,0.0
2017-12-13,0.0,0.0,0.0,0.0,0.0,0.0,0.0,0.0
2017-12-14,0.0,0.0,0.0,0.0,0.0,0.0,0.0,0.0
2017-12-15,0.0,0.0,0.0,0.0,0.0,0.0,0.0,0.0
2017-12-18,0.0,0.0,0.0,0.0,0.0,0.0,0.0,0.0
2017-12-19,0.0,0.0,0.0,0.0,0.0,0.0,0.0,0.0
2017-12-20,0.0,0.0,0.0,0.0,0.0,0.0,0.0,0.0
2017-12-21,0.0,0.0,0.0,0.0,0.0,0.0,0.0,0.0
2017-12-22,0.0,0.0,0.0,0.0,0.0,0.0,0.0,0.0
2017-12-26,0.0,0.0,0.0,0.0,0.0,0.0,0.0,0.0
2017-12-27,0.0,0.0,0.0,0.0,0.0,0.0,0.0,0.0
2017-12-28,0.0,0.0,0.0,0.0,0.0,0.0,0.0,0.0
2017-12-29,0.0,0.0,0.0,0.0,0.0,0.0,0.0,0.0
2018-01-02,0.0,0.0,0.0,0.0,0.0,0.0,0.0,0.0
2018-01-03,0.0,0.0,0.0,0.0,0.0,0.0,0.0,0.0
2018-01-04,0.0,0.0,0.0,0.0,0.0,0.0,0.0,0.0
2018-01-05,0.0,0.0,0.0,0.0,0.0,0.0,0.0,0.0
2018-01-08,0.0,0.0,0.0,0.0,0.0,0.0,0.0,0.0
2018-01-09,0.0,0.0,0.0,0.0,0.0,0.0,0.0,0.0
2018-01-10,0.0,0.0,0.0,0.0,0.0,0.0,0.0,0.0
2018-01-11,0.0,0.0,0.0,0.0,0.0,0.0,0.0,0.0
2018-01-12,0.0,0.0,0.0,0.0,0.0,0.0,0.0,0.0
2018-01-16,0.0,0.0,0.0,0.0,0.0,0.0,0.0,0.0
2018-01-17,0.0,0.0,0.0,0.0,0.0,0.0,0.0,0.0
2018-01-18,0.0,0.0,0.0,0.0,0.0,0.0,0.0,0.0
2018-01-19,0.0,0.0,0.0,0.0,0.0,0.0,0.0,0.0
2018-01-22,0.0,0.0,0.0,0.0,0.0,0.0,0.0,0.0
2018-01-23,0.0,0.0,0.0,0.0,0.0,0.0,0.0,0.0
2018-01-24,0.0,0.0,0.0,0.0,0.0,0.0,0.0,0.0
2018-01-25,0.0,0.0,0.0,0.0,0.0,0.0,0.0,0.0
2018-01-26,0.0,0.0,0.0,0.0,0.0,0.0,0.0,0.0
2018-01-29,0.0,0.0,0.0,0.0,0.0,0.0,0.0,0.0
2018-01-30,0.0,0.0,0.0,0.0,0.0,0.0,0.0,0.0
2018-01-31,0.0,0.0,0.0,0.0,0.0,0.0,0.0,0.0
2018-02-01,0.0,0.0,0.0,0.0,0.0,0.0,0.0,0.0
2018-02-02,0.0,0.0,0.0,0.0,0.0,0.0,0.0,0.0
2018-02-05,0.0,0.0,0.0,0.0,0.0,0.0,0.0,0.0
2018-02-06,0.0,0.0,0.0,0.0,0.0,0.0,0.0,0.0
2018-02-07,0.0,0.0,0.0,0.0,0.0,0.0,0.0,0.0
2018-02-08,0.0,0.0,0.0,0.0,0.0,0.0,0.0,0.0
2018-02-09,0.0,0.0,0.0,0.0,0.0,0.0,0.0,0.0
2018-02-12,0.0,0.0,0.0,0.0,0.0,0.0,0.0,0.0
2018-02-13,0.0,0.0,0.0,0.0,0.0,0.0,0.0,0.0
2018-02-14,0.0,0.0,0.0,0.0,0.0,0.0,0.0,0.0
2018-02-15,0.0,0.0,0.0,0.0,0.0,0.0,0.0,0.0
2018-02-16,0.0,0.0,0.0,0.0,0.0,0.0,0.0,0.0
2018-02-20,0.0,0.0,0.0,0.0,0.0,0.0,0.0,0.0
2018-02-21,0.0,0.0,0.0,0.0,0.0,0.0,0.0,0.0
2018-02-22,0.0,0.0,0.0,0.0,0.0,0.0,0.0,0.0
2018-02-23,0.0,0.0,0.0,0.0,0.0,0.0,0.0,0.0
2018-02-26,0.0,0.0,0.0,0.0,0.0,0.0,0.0,0.0
2018-02-27,0.0,0.0,0.0,0.0,0.0,0.0,0.0,0.0
2018-02-28,0.0,0.0,0.0,0.0,0.0,0.0,0.0,0.0
2018-03-01,0.0,0.0,0.0,0.0,0.0,0.0,0.0,0.0
2018-03-02,0.0,0.0,0.0,0.0,0.0,0.0,0.0,0.0
2018-03-05,0.0,0.0,0.0,0.0,0.0,0.0,0.0,0.0
2018-03-06,0.0,0.0,0.0,0.0,0.0,0.0,0.0,0.0
2018-03-07,0.0,0.0,0.0,0.0,0.0,0.0,0.0,0.0
2018-03-08,0.0,0.0,0.0,0.0,0.0,0.0,0.0,0.0
2018-03-09,0.0,0.0,0.0,0.0,0.0,0.0,0.0,0.0
2018-03-12,0.0,0.0,0.0,0.0,0.0,0.0,0.0,0.0
2018-03-13,0.0,0.0,0.0,0.0,0.0,0.0,0.0,0.0
2018-03-14,0.0,0.0,0.0,0.0,0.0,0.0,0.0,0.0
2018-03-15,0.0,0.0,0.0,0.0,0.0,0.0,0.0,0.0
2018-03-16,0.0,0.0,0.0,0.0,0.0,0.0,0.0,0.0
2018-03-19,0.0,0.0,0.0,0.0,0.0,0.0,0.0,0.0
2018-03-20,0.0,0.0,0.0,0.0,0.0,0.0,0.0,0.0
2018-03-21,0.0,0.0,0.0,0.0,0.0,0.0,0.0,0.0
2018-03-22,0.0,0.0,0.0,0.0,0.0,0.0,0.0,0.0
2018-03-23,0.0,0.0,0.0,0.0,0.0,0.0,0.0,0.0
2018-03-26,0.0,0.0,0.0,0.0,0.0,0.0,0.0,0.0
2018-03-27,0.0,0.0,0.0,0.0,0.0,0.0,0.0,0.0
2018-03-28,0.0,0.0,0.0,0.0,0.0,0.0,0.0,0.0
2018-03-29,0.0,0.0,0.0,0.0,0.0,0.0,0.0,0.0
2018-04-02,0.0,0.0,0.0,0.0,0.0,0.0,0.0,0.0
2018-04-03,0.0,0.0,0.0,0.0,0.0,0.0,0.0,0.0
2018-04-04,0.0,0.0,0.0,0.0,0.0,0.0,0.0,0.0
2018-04-05,0.0,0.0,0.0,0.0,0.0,0.0,0.0,0.0
2018-04-06,0.0,0.0,0.0,0.0,0.0,0.0,0.0,0.0
2018-04-09,0.0,0.0,0.0,0.0,0.0,0.0,0.0,0.0
2018-04-10,0.0,0.0,0.0,0.0,0.0,0.0,0.0,0.0
2018-04-11,0.0,0.0,0.0,0.0,0.0,0.0,0.0,0.0
2018-04-12,0.0,0.0,0.0,0.0,0.0,0.0,0.0,0.0
2018-04-13,0.0,0.0,0.0,0.0,0.0,0.0,0.0,0.0
2018-04-16,0.0,0.0,0.0,0.0,0.0,0.0,0.0,0.0
2018-04-17,0.0,0.0,0.0,0.0,0.0,0.0,0.0,0.0
2018-04-18,0.0,0.0,0.0,0.0,0.0,0.0,0.0,0.0
2018-04-19,0.0,0.0,0.0,0.0,0.0,0.0,0.0,0.0
2018-04-20,0.0,0.0,0.0,0.0,0.0,0.0,0.0,0.0
2018-04-23,0.0,0.0,0.0,0.0,0.0,0.0,0.0,0.0
2018-04-24,0.0,0.0,0.0,0.0,0.0,0.0,0.0,0.0
2018-04-25,0.0,0.0,0.0,0.0,0.0,0.0,0.0,0.0
2018-04-26,0.0,0.0,0.0,0.0,0.0,0.0,0.0,0.0
2018-04-27,0.0,0.0,0.0,0.0,0.0,0.0,0.0,0.0
2018-04-30,0.0,0.0,0.0,0.0,0.0,0.0,0.0,0.0
2018-05-01,0.0,0.0,0.0,0.0,0.0,0.0,0.0,0.0
2018-05-02,0.0,0.0,0.0,0.0,0.0,0.0,0.0,0.0
2018-05-03,0.0,0.0,0.0,0.0,0.0,0.0,0.0,0.0
2018-05-04,0.0,0.0,0.0,0.0,0.0,0.0,0.0,0.0
2018-05-07,0.0,0.0,0.0,0.0,0.0,0.0,0.0,0.0
2018-05-08,0.0,0.0,0.0,0.0,0.0,0.0,0.0,0.0
2018-05-09,0.0,0.0,0.0,0.0,0.0,0.0,0.0,0.0
2018-05-10,0.0,0.0,0.0,0.0,0.0,0.0,0.0,0.0
2018-05-11,0.0,0.0,0.0,0.0,0.0,0.0,0.0,0.0
2018-05-14,0.0,0.0,0.0,0.0,0.0,0.0,0.0,0.0
2018-05-15,0.0,0.0,0.0,0.0,0.0,0.0,0.0,0.0
2018-05-16,0.0,0.0,0.0,0.0,0.0,0.0,0.0,0.0
2018-05-17,0.0,0.0,0.0,0.0,0.0,0.0,0.0,0.0
2018-05-18,0.0,0.0,0.0,0.0,0.0,0.0,0.0,0.0
2018-05-21,0.0,0.0,0.0,0.0,0.0,0.0,0.0,0.0
2018-05-22,0.0,0.0,0.0,0.0,0.0,0.0,0.0,0.0
2018-05-23,0.0,0.0,0.0,0.0,0.0,0.0,0.0,0.0
2018-05-24,0.0,0.0,0.0,0.0,0.0,0.0,0.0,0.0
2018-05-25,0.0,0.0,0.0,0.0,0.0,0.0,0.0,0.0
2018-05-29,0.0,0.0,0.0,0.0,0.0,0.0,0.0,0.0
2018-05-30,0.0,0.0,0.0,0.0,0.0,0.0,0.0,0.0
2018-05-31,0.0,0.0,0.0,0.0,0.0,0.0,0.0,0.0
2018-06-01,0.0,0.0,0.0,0.0,0.0,0.0,0.0,0.0
2018-06-04,0.0,0.0,0.0,0.0,0.0,0.0,0.0,0.0
2018-06-05,0.0,0.0,0.0,0.0,0.0,0.0,0.0,0.0
2018-06-06,0.0,0.0,0.0,0.0,0.0,0.0,0.0,0.0
2018-06-07,0.0,0.0,0.0,0.0,0.0,0.0,0.0,0.0
2018-06-08,0.0,0.0,0.0,0.0,0.0,0.0,0.0,0.0
2018-06-11,0.0,0.0,0.0,0.0,0.0,0.0,0.0,0.0
2018-06-12,0.0,0.0,0.0,0.0,0.0,0.0,0.0,0.0
2018-06-13,0.0,0.0,0.0,0.0,0.0,0.0,0.0,0.0
2018-06-14,0.0,0.0,0.0,0.0,0.0,0.0,0.0,0.0
2018-06-15,0.0,0.0,0.0,0.0,0.0,0.0,0.0,0.0
2018-06-18,0.0,0.0,0.0,0.0,0.0,0.0,0.0,0.0
2018-06-19,0.0,0.0,0.0,0.0,0.0,0.0,0.0,0.0
2018-06-20,0.0,0.0,0.0,0.0,0.0,0.0,0.0,0.0
2018-06-21,0.0,0.0,0.0,0.0,0.0,0.0,0.0,0.0
2018-06-22,0.0,0.0,0.0,0.0,0.0,0.0,0.0,0.0
2018-06-25,0.0,0.0,0.0,0.0,0.0,0.0,0.0,0.0
2018-06-26,0.0,0.0,0.0,0.0,0.0,0.0,0.0,0.0
2018-06-27,0.0,0.0,0.0,0.0,0.0,0.0,0.0,0.0
2018-06-28,0.0,0.0,0.0,0.0,0.0,0.0,0.0,0.0
2018-06-29,0.0,0.0,0.0,0.0,0.0,0.0,0.0,0.0
2018-07-02,0.0,0.0,0.0,0.0,0.0,0.0,0.0,0.0
2018-07-03,0.0,0.0,0.0,0.0,0.0,0.0,0.0,0.0
2018-07-05,0.0,0.0,0.0,0.0,0.0,0.0,0.0,0.0
2018-07-06,0.0,0.0,0.0,0.0,0.0,0.0,0.0,0.0
2018-07-09,0.0,0.0,0.0,0.0,0.0,0.0,0.0,0.0
2018-07-10,0.0,0.0,0.0,0.0,0.0,0.0,0.0,0.0
2018-07-11,0.0,0.0,0.0,0.0,0.0,0.0,0.0,0.0
2018-07-12,0.0,0.0,0.0,0.0,0.0,0.0,0.0,0.0
2018-07-13,0.0,0.0,0.0,0.0,0.0,0.0,0.0,0.0
2018-07-16,0.0,0.0,0.0,0.0,0.0,0.0,0.0,0.0
2018-07-17,0.0,0.0,0.0,0.0,0.0,0.0,0.0,0.0
2018-07-18,0.0,0.0,0.0,0.0,0.0,0.0,0.0,0.0
2018-07-19,0.0,0.0,0.0,0.0,0.0,0.0,0.0,0.0
2018-07-20,0.0,0.0,0.0,0.0,0.0,0.0,0.0,0.0
2018-07-23,0.0,0.0,0.0,0.0,0.0,0.0,0.0,0.0
2018-07-24,0.0,0.0,0.0,0.0,0.0,0.0,0.0,0.0
2018-07-25,0.0,0.0,0.0,0.0,0.0,0.0,0.0,0.0
2018-07-26,0.0,0.0,0.0,0.0,0.0,0.0,0.0,0.0
2018-07-27,0.0,0.0,0.0,0.0,0.0,0.0,0.0,0.0
2018-07-30,0.0,0.0,0.0,0.0,0.0,0.0,0.0,0.0
2018-07-31,0.0,0.0,0.0,0.0,0.0,0.0,0.0,0.0
2018-08-01,0.0,0.0,0.0,0.0,0.0,0.0,0.0,0.0
2018-08-02,0.0,0.0,0.0,0.0,0.0,0.0,0.0,0.0
2018-08-03,0.0,0.0,0.0,0.0,0.0,0.0,0.0,0.0
2018-08-06,0.0,0.0,0.0,0.0,0.0,0.0,0.0,0.0
2018-08-07,0.0,0.0,0.0,0.0,0.0,0.0,0.0,0.0
2018-08-08,0.0,0.0,0.0,0.0,0.0,0.0,0.0,0.0
2018-08-09,0.0,0.0,0.0,0.0,0.0,0.0,0.0,0.0
2018-08-10,0.0,0.0,0.0,0.0,0.0,0.0,0.0,0.0
2018-08-13,0.0,0.0,0.0,0.0,0.0,0.0,0.0,0.0
2018-08-14,0.0,0.0,0.0,0.0,0.0,0.0,0.0,0.0
2018-08-15,0.0,0.0,0.0,0.0,0.0,0.0,0.0,0.0
2018-08-16,0.0,0.0,0.0,0.0,0.0,0.0,0.0,0.0
2018-08-17,0.0,0.0,0.0,0.0,0.0,0.0,0.0,0.0
2018-08-20,0.0,0.0,0.0,0.0,0.0,0.0,0.0,0.0
2018-08-21,0.0,0.0,0.0,0.0,0.0,0.0,0.0,0.0
2018-08-22,0.0,0.0,0.0,0.0,0.0,0.0,0.0,0.0
2018-08-23,0.0,0.0,0.0,0.0,0.0,0.0,0.0,0.0
2018-08-24,0.0,0.0,0.0,0.0,0.0,0.0,0.0,0.0
2018-08-27,0.0,0.0,0.0,0.0,0.0,0.0,0.0,0.0
2018-08-28,0.0,0.0,0.0,0.0,0.0,0.0,0.0,0.0
2018-08-29,0.0,0.0,0.0,0.0,0.0,0.0,0.0,0.0
2018-08-30,0.0,0.0,0.0,0.0,0.0,0.0,0.0,0.0
2018-08-31,0.0,0.0,0.0,0.0,0.0,0.0,0.0,0.0
2018-09-04,0.0,0.0,0.0,0.0,0.0,0.0,0.0,0.0
2018-09-05,0.0,0.0,0.0,0.0,0.0,0.0,0.0,0.0
2018-09-06,0.0,0.0,0.0,0.0,0.0,0.0,0.0,0.0
2018-09-07,0.0,0.0,0.0,0.0,0.0,0.0,0.0,0.0
2018-09-10,0.0,0.0,0.0,0.0,0.0,0.0,0.0,0.0
2018-09-11,0.0,0.0,0.0,0.0,0.0,0.0,0.0,0.0
2018-09-12,0.0,0.0,0.0,0.0,0.0,0.0,0.0,0.0
2018-09-13,0.0,0.0,0.0,0.0,0.0,0.0,0.0,0.0
2018-09-14,0.0,0.0,0.0,0.0,0.0,0.0,0.0,0.0
2018-09-17,0.0,0.0,0.0,0.0,0.0,0.0,0.0,0.0
2018-09-18,0.0,0.0,0.0,0.0,0.0,0.0,0.0,0.0
2018-09-19,0.0,0.0,0.0,0.0,0.0,0.0,0.0,0.0
2018-09-20,0.0,0.0,0.0,0.0,0.0,0.0,0.0,0.0
2018-09-21,0.0,0.0,0.0,0.0,0.0,0.0,0.0,0.0
2018-09-24,0.0,0.0,0.0,0.0,0.0,0.0,0.0,0.0
2018-09-25,0.0,0.0,0.0,0.0,0.0,0.0,0.0,0.0
2018-09-26,0.0,0.0,0.0,0.0,0.0,0.0,0.0,0.0
2018-09-27,0.0,0.0,0.0,0.0,0.0,0.0,0.0,0.0
2018-09-28,0.0,0.0,0.0,0.0,0.0,0.0,0.0,0.0
2018-10-01,0.0,0.0,0.0,0.0,0.0,0.0,0.0,0.0
2018-10-02,0.0,0.0,0.0,0.0,0.0,0.0,0.0,0.0
2018-10-03,0.0,0.0,0.0,0.0,0.0,0.0,0.0,0.0
2018-10-04,0.0,0.0,0.0,0.0,0.0,0.0,0.0,0.0
2018-10-05,0.0,0.0,0.0,0.0,0.0,0.0,0.0,0.0
2018-10-08,0.0,0.0,0.0,0.0,0.0,0.0,0.0,0.0
2018-10-09,0.0,0.0,0.0,0.0,0.0,0.0,0.0,0.0
2018-10-10,0.0,0.0,0.0,0.0,0.0,0.0,0.0,0.0
2018-10-11,0.0,0.0,0.0,0.0,0.0,0.0,0.0,0.0
2018-10-12,0.0,0.0,0.0,0.0,0.0,0.0,0.0,0.0
2018-10-15,0.0,0.0,0.0,0.0,0.0,0.0,0.0,0.0
2018-10-16,0.0,0.0,0.0,0.0,0.0,0.0,0.0,0.0
2018-10-17,0.0,0.0,0.0,0.0,0.0,0.0,0.0,0.0
2018-10-18,0.0,0.0,0.0,0.0,0.0,0.0,0.0,0.0
2018-10-19,0.0,0.0,0.0,0.0,0.0,0.0,0.0,0.0
2018-10-22,0.0,0.0,0.0,0.0,0.0,0.0,0.0,0.0
2018-10-23,0.0,0.0,0.0,0.0,0.0,0.0,0.0,0.0
2018-10-24,0.0,0.0,0.0,0.0,0.0,0.0,0.0,0.0
2018-10-25,0.0,0.0,0.0,0.0,0.0,0.0,0.0,0.0
2018-10-26,0.0,0.0,0.0,0.0,0.0,0.0,0.0,0.0
2018-10-29,0.0,0.0,0.0,0.0,0.0,0.0,0.0,0.0
2018-10-30,0.0,0.0,0.0,0.0,0.0,0.0,0.0,0.0
2018-10-31,0.0,0.0,0.0,0.0,0.0,0.0,0.0,0.0
2018-11-01,0.0,0.0,0.0,0.0,0.0,0.0,0.0,0.0
2018-11-02,0.0,0.0,0.0,0.0,0.0,0.0,0.0,0.0
2018-11-05,0.0,0.0,0.0,0.0,0.0,0.0,0.0,0.0
2018-11-06,0.0,0.0,0.0,0.0,0.0,0.0,0.0,0.0
2018-11-07,0.0,0.0,0.0,0.0,0.0,0.0,0.0,0.0
2018-11-08,0.0,0.0,0.0,0.0,0.0,0.0,0.0,0.0
2018-11-09,0.0,0.0,0.0,0.0,0.0,0.0,0.0,0.0
2018-11-12,0.0,0.0,0.0,0.0,0.0,0.0,0.0,0.0
2018-11-13,0.0,0.0,0.0,0.0,0.0,0.0,0.0,0.0
2018-11-14,0.0,0.0,0.0,0.0,0.0,0.0,0.0,0.0
2018-11-15,0.0,0.0,0.0,0.0,0.0,0.0,0.0,0.0
2018-11-16,0.0,0.0,0.0,0.0,0.0,0.0,0.0,0.0
2018-11-19,0.0,0.0,0.0,0.0,0.0,0.0,0.0,0.0
2018-11-20,0.0,0.0,0.0,0.0,0.0,0.0,0.0,0.0
2018-11-21,0.0,0.0,0.0,0.0,0.0,0.0,0.0,0.0
2018-11-23,0.0,0.0,0.0,0.0,0.0,0.0,0.0,0.0
2018-11-26,0.0,0.0,0.0,0.0,0.0,0.0,0.0,0.0
2018-11-27,0.0,0.0,0.0,0.0,0.0,0.0,0.0,0.0
2018-11-28,0.0,0.0,0.0,0.0,0.0,0.0,0.0,0.0
2018-11-29,0.0,0.0,0.0,0.0,0.0,0.0,0.0,0.0
2018-11-30,0.0,0.0,0.0,0.0,0.0,0.0,0.0,0.0
2018-12-03,0.0,0.0,0.0,0.0,0.0,0.0,0.0,0.0
2018-12-04,0.0,0.0,0.0,0.0,0.0,0.0,0.0,0.0
2018-12-06,0.0,0.0,0.0,0.0,0.0,0.0,0.0,0.0
2018-12-07,0.0,0.0,0.0,0.0,0.0,0.0,0.0,0.0
2018-12-10,0.0,0.0,0.0,0.0,0.0,0.0,0.0,0.0
2018-12-11,0.0,0.0,0.0,0.0,0.0,0.0,0.0,0.0
2018-12-12,0.0,0.0,0.0,0.0,0.0,0.0,0.0,0.0
2018-12-13,0.0,0.0,0.0,0.0,0.0,0.0,0.0,0.0
2018-12-14,0.0,0.0,0.0,0.0,0.0,0.0,0.0,0.0
2018-12-17,0.0,0.0,0.0,0.0,0.0,0.0,0.0,0.0
2018-12-18,0.0,0.0,0.0,0.0,0.0,0.0,0.0,0.0
2018-12-19,0.0,0.0,0.0,0.0,0.0,0.0,0.0,0.0
2018-12-20,0.0,0.0,0.0,0.0,0.0,0.0,0.0,0.0
2018-12-21,0.0,0.0,0.0,0.0,0.0,0.0,0.0,0.0
2018-12-24,0.0,0.0,0.0,0.0,0.0,0.0,0.0,0.0
2018-12-26,0.0,0.0,0.0,0.0,0.0,0.0,0.0,0.0
2018-12-27,0.0,0.0,0.0,0.0,0.0,0.0,0.0,0.0
2018-12-28,0.0,0.0,0.0,0.0,0.0,0.0,0.0,0.0
2018-12-31,0.0,0.0,0.0,0.0,0.0,0.0,0.0,0.0
2019-01-02,0.0,0.0,0.0,0.0,0.0,0.0,0.0,0.0
2019-01-03,0.0,0.0,0.0,0.0,0.0,0.0,0.0,0.0
2019-01-04,0.0,0.0,0.0,0.0,0.0,0.0,0.0,0.0
2019-01-07,0.0,0.0,0.0,0.0,0.0,0.0,0.0,0.0
2019-01-08,0.0,0.0,0.0,0.0,0.0,0.0,0.0,0.0
2019-01-09,0.0,0.0,0.0,0.0,0.0,0.0,0.0,0.0
2019-01-10,0.0,0.0,0.0,0.0,0.0,0.0,0.0,0.0
2019-01-11,0.0,0.0,0.0,0.0,0.0,0.0,0.0,0.0
2019-01-14,0.0,0.0,0.0,0.0,0.0,0.0,0.0,0.0
2019-01-15,0.0,0.0,0.0,0.0,0.0,0.0,0.0,0.0
2019-01-16,0.0,0.0,0.0,0.0,0.0,0.0,0.0,0.0
2019-01-17,0.0,0.0,0.0,0.0,0.0,0.0,0.0,0.0
2019-01-18,0.0,0.0,0.0,0.0,0.0,0.0,0.0,0.0
2019-01-22,0.0,0.0,0.0,0.0,0.0,0.0,0.0,0.0
2019-01-23,0.0,0.0,0.0,0.0,0.0,0.0,0.0,0.0
2019-01-24,0.0,0.0,0.0,0.0,0.0,0.0,0.0,0.0
2019-01-25,0.0,0.0,0.0,0.0,0.0,0.0,0.0,0.0
2019-01-28,0.0,0.0,0.0,0.0,0.0,0.0,0.0,0.0
2019-01-29,0.0,0.0,0.0,0.0,0.0,0.0,0.0,0.0
2019-01-30,0.0,0.0,0.0,0.0,0.0,0.0,0.0,0.0
2019-01-31,0.0,0.0,0.0,0.0,0.0,0.0,0.0,0.0
2019-02-01,0.0,0.0,0.0,0.0,0.0,0.0,0.0,0.0
2019-02-04,0.0,0.0,0.0,0.0,0.0,0.0,0.0,0.0
2019-02-05,0.12413393489802362,0.12279281951607136,0.12460691689204326,0.12248300795661081,0.12416566355830075,0.12378101571514992,0.12361126143728851,0.12444571000482414
2019-02-06,0.0,0.0,0.0,0.0,0.0,0.0,0.0,0.0
2019-02-07,0.12587411040374152,0.12353152423524223,0.12359604422870597,0.12354428346858498,0.1257761891429711,0.12088546099919423,0.12219984295951487,0.124458913460795
2019-02-08,0.0,0.0,0.0,0.0,0.0,0.0,0.0,0.0
2019-02-11,0.0,0.0,0.0,0.0,0.0,0.0,0.0,0.0
2019-02-12,0.0,0.0,0.0,0.0,0.0,0.0,0.0,0.0
2019-02-13,0.1231527253537837,0.12278552695472146,0.12327463151165609,0.1240663347176868,0.12412192022806183,0.12599315463736274,0.1239056135836598,0.12271177362834171
2019-02-14,0.1226102246634291,0.12468269799858497,0.12359658252829975,0.12321969044996685,0.1236612685208939,0.1253184191470986,0.12418382134152356,0.1230329434209377
2019-02-15,0.12192046337348308,0.12550653558816105,0.12424084413553482,0.12377849367449144,0.12408957225586079,0.12414884482849345,0.12067394904186356,0.12531906932836961
2019-02-19,0.12398394988435915,0.12495324440052985,0.12407122536399874,0.12350737077090485,0.12285447227275376,0.12397652981458904,0.12282569650514395,0.12405797820137746
2019-02-20,0.12300786059949455,0.12275432389422278,0.12482559761340656,0.12355496847158182,0.12418980414638808,0.12343566843837125,0.12405211666930456,0.1239506423863523
2019-02-21,0.12427461813671585,0.12419570015099038,0.1253129233839091,0.12380540601757349,0.12275539913396429,0.12230070391729882,0.12248184403665184,0.12478070054428468
2019-02-22,0.12466402470521355,0.12454148287642709,0.12334406047153404,0.12119881073703476,0.12464444316073209,0.12413983184919612,0.12378244331028572,0.12380516783077236
2019-02-25,0.12462176886857446,0.12393386857773998,0.12464736256291761,0.1242160457736066,0.12358070675154942,0.12240355590490161,0.12245231250690645,0.12427736836405208
2019-02-26,0.1243132524649197,0.12194007679044777,0.12418935917464258,0.1228474100014318,0.12369463601633994,0.12569281214884917,0.12281371195177383,0.12475463252235025
2019-02-27,0.12365486589705582,0.12179463478543238,0.12462897193973832,0.12427064226435947,0.12476514535084368,0.12149049609313338,0.12417570051879834,0.1251227298582927
2019-02-28,0.1227758323798874,0.12475200434792119,0.12299913149390239,0.12576361343009185,0.12325288401523975,0.12513716823249127,0.12271311809864542,0.12308101564949543
2019-03-01,0.12382183816291735,0.12288662718148893,0.12461432314940045,0.12216113692964446,0.1235003280229009,0.12421223141903268,0.12428610755999818,0.12423756047773478
2019-03-04,0.12495428987421885,0.12164695224430506,0.12480391112217946,0.12430399001097019,0.12464823854468988,0.12216311387904352,0.1236406381184918,0.12378450491834955
2019-03-05,0.12333401941596446,0.12472723988859916,0.1240461763523786,0.12480640761840676,0.12172705077346822,0.12307797790465264,0.12422680438011026,0.1241642861598517
2019-03-06,0.1240790011969473,0.12123806024357103,0.12481021874416848,0.12453565958871854,0.1235711424078772,0.12205295292569215,0.12363088394700682,0.12609491597541858
2019-03-07,0.0,0.0,0.0,0.0,0.0,0.0,0.0,0.0
2019-03-08,0.0,0.0,0.0,0.0,0.0,0.0,0.0,0.0
2019-03-11,0.0,0.0,0.0,0.0,0.0,0.0,0.0,0.0
2019-03-12,0.12355679765094162,0.12561040031994875,0.12387122821846203,0.12346539425956236,0.12295338381730701,0.12377726415933692,0.12372296341570212,0.1230506731511829
2019-03-13,0.1229570171632206,0.12281736252256628,0.1234635508083686,0.12436086265986314,0.1221052378807898,0.12224554012010366,0.12776612328497788,0.12400842969273806
2019-03-14,0.1248690171025423,0.12120997919046837,0.12437060963579354,0.12260164360686425,0.12814564176692106,0.12307405738212791,0.12185532990672589,0.1235583288152524
2019-03-15,0.1249280147851086,0.12271245369071777,0.1253159543928753,0.12358559612278729,0.12266104767041833,0.12474003028917967,0.12353733290027778,0.1224525696399261
2019-03-18,0.12293208439084757,0.12367790163339833,0.12422563655170202,0.12548559684462346,0.12283963264445312,0.12422323767664571,0.12264583312388232,0.123912782237058
2019-03-19,0.12208088280266456,0.13419765473232648,0.121268710427506,0.12394269831140009,0.12093961997862417,0.12315224133395389,0.12389011454568984,0.1208976412125757
2019-03-20,0.12282421018457314,0.12184397456416285,0.12576541639601224,0.12265193823821492,0.12293880849832355,0.1241932644654438,0.12382838902839946,0.12559031066931156
2019-03-21,0.12337859017852978,0.1285033151964291,0.12178321458630337,0.12078365148588509,0.12419384420938889,0.12555529993183245,0.12461456641606455,0.12135530809529799
2019-03-22,0.12310038662225675,0.12160295846037757,0.12435441394174904,0.12534406970455222,0.1250060459991661,0.12159365393017389,0.12328932236360307,0.12547229904287852
2019-03-25,0.12352183232503773,0.12291626127729353,0.1246797117746299,0.12466300679676706,0.12472188385264418,0.12205299450212274,0.12295916618064152,0.12443070416503363
2019-03-26,0.1238315741372986,0.12003326778197597,0.12519184238962294,0.12583249964203266,0.12467127476622862,0.12188709833439794,0.12288543834725124,0.12535657040339734
2019-03-27,0.12342926692423424,0.12156792380747626,0.12371184603967952,0.12509913721488627,0.12400911760618877,0.12194907938248095,0.1245362184330766,0.12580678723398683
2019-03-28,0.12254856377554042,0.12365567220803371,0.12425792401970467,0.12491979125231933,0.12254083534227136,0.1236644555114014,0.1238914231457095,0.12440959995744845
2019-03-29,0.12466277867116046,0.12273378785765114,0.12419186724512972,0.12281421261536185,0.12363313162722625,0.1263233135005629,0.12276264915382995,0.12344438205656169
2019-04-01,0.12565309356723522,0.12283799093110627,0.12391569725325186,0.12395782586335337,0.1246942827738634,0.12305939592037662,0.12221440157376957,0.12373885752275085
2019-04-02,0.12380006192065247,0.12470178047327392,0.12374090577329354,0.12257228365448346,0.1232883482375829,0.12464013336411055,0.12341424156408906,0.12385290277615786
2019-04-03,0.12432016864663431,0.12667368714305832,0.12242356820566366,0.12125884665201901,0.12460775047091503,0.12329130822658335,0.12445261829673661,0.12262171874605178
2019-04-04,0.12486223728176195,0.12414735547168816,0.12310216402814034,0.12189497634172433,0.12418724460004596,0.12454401493070226,0.1234215417798054,0.12391878163998847
2019-04-05,0.1240426173422043,0.12116782719557605,0.12418591758317601,0.12379381842232877,0.12517168197909345,0.12398481580559306,0.12429819677385527,0.12335832380083066
2019-04-08,0.12332006344746863,0.12241577628593311,0.12430142198952594,0.12348686234439972,0.12333619356318762,0.12520388527794635,0.12469472431071803,0.12378685927123313
2019-04-09,0.12329558552860773,0.12045833667836875,0.124801759730993,0.12525148011162404,0.12399492526406909,0.1227183784511822,0.12435500667927593,0.12504138759729633
2019-04-10,0.12338923292789056,0.12428082562014528,0.1226901692617926,0.12445651728954055,0.12330914361949179,0.1240405113025019,0.12473760090452372,0.12319388152729363
2019-04-11,0.12393035980692535,0.12372462219491097,0.1236858757831107,0.12432002510398597,0.1236391240099359,0.12404849326310831,0.1233886116709357,0.12359573839918174
2019-04-12,0.1241998062689695,0.12264332076855884,0.12483749053810386,0.12624204885061646,0.12420937816735671,0.12179338902863514,0.1219963633533458,0.12430130603569522
2019-04-15,0.12462927271286374,0.1225049408519815,0.12396833230448193,0.12461311403768836,0.12449324395480688,0.12357773474844827,0.12132738062882076,0.12494933382153901
2019-04-16,0.12480084934203889,0.1237154550743109,0.12429365302705951,0.1224543057150146,0.12310693687054132,0.12433518890789212,0.12405737814382478,0.1235479372348313
2019-04-17,0.12366678503804907,0.12152996427750187,0.12195317208836833,0.12482600211648176,0.12404949681322451,0.12435768444834075,0.12318061808509351,0.12635753149999643
2019-04-18,0.12337408684031698,0.123806022390896,0.12336493716725232,0.12276291215355027,0.12246311923170436,0.12426821302014351,0.12261894301547775,0.1274572890873176
2019-04-22,0.12280401559934342,0.12574533034236948,0.12353448101626663,0.12210098966866277,0.1225746703514294,0.12398933691119712,0.1250706861668679,0.12423709851595208
2019-04-23,0.12378352845223335,0.12302276767180886,0.1244143893483799,0.12326164053550666,0.12355929210559867,0.12223165695167473,0.12504174834410822,0.12468789793983642
2019-04-24,0.12483996190717793,0.12462572360738183,0.12320634622836167,0.1229513546380587,0.1233662347872315,0.12365280092967441,0.12334722749795538,0.12404537511757094
2019-04-25,0.1233226161353933,0.12087836775355687,0.12464818390882762,0.12459035890377737,0.12657607708495672,0.12279327576682833,0.12330041207173315,0.123789657704614
2019-04-26,0.12552703419396402,0.12352239803378252,0.124189480226401,0.12329341828689885,0.12484353987817381,0.12434956936644673,0.12077093944273186,0.12336182836656738
2019-04-29,0.12305621940128285,0.12282287208918641,0.12402616698838177,0.12435499407799044,0.12360842544243453,0.1239154518424461,0.12436452246716857,0.12367021793809946
2019-04-30,0.12244229967504038,0.12284248475284529,0.12420672689942579,0.12490305706627082,0.12362541869916117,0.12325064052762491,0.12493366146536851,0.12385166186094305
2019-05-01,0.12435821359186335,0.11715185469544197,0.12412775180109241,0.1258716120406218,0.12377439304340668,0.12467323024981103,0.12467927500938426,0.1250429738093674
2019-05-02,0.12361650977083999,0.12825496090766136,0.1220174892212611,0.12078803582195576,0.12385977482333815,0.12401064375697513,0.12395568028894356,0.12388589923476291
2019-05-03,0.12335608318904169,0.12320319312825961,0.12444518573418828,0.12360312610859223,0.1237312362917344,0.12574316789072384,0.1231457604978255,0.1229475596627905
2019-05-06,0.1234319813779899,0.12460885714188527,0.12343357463901253,0.12356674803781197,0.12422793540866639,0.12381631448658621,0.12443759861010574,0.12275476056098805
2019-05-07,0.12467856712185381,0.12305919425539288,0.12387581092786215,0.12484216028512342,0.12470847374259905,0.12120685060702055,0.12217137836574063,0.1253512100160253
2019-05-08,0.12300234066145943,0.12628061547652253,0.12319767533874186,0.12258548353458182,0.12410925862592256,0.12277118800209068,0.12448505391557009,0.1238673620496964
2019-05-09,0.1232310021411162,0.12531379951206387,0.12309634529938818,0.12438029183832136,0.12452028130525436,0.12325303262325105,0.12228255317937466,0.12366662002103963
2019-05-10,0.12295178889353392,0.1274992664154054,0.12340304025579989,0.12355516121285118,0.12376499613483062,0.1227914469379287,0.12291750820091711,0.12292617056371208
2019-05-13,0.12469361145178534,0.12204462463083017,0.12356604227750817,0.12504816006713376,0.12345741461395018,0.12530287316557961,0.12136765935218546,0.12408549170553146
2019-05-14,0.12351507596398653,0.12541616108991388,0.12372098620974328,0.12463741627308596,0.12305553478857179,0.1236060645948483,0.12330378042746505,0.12314834075072068
2019-05-15,0.12505018964457126,0.12498323376172008,0.12494131002011492,0.12342839396444945,0.12426862658364686,0.12315778418450742,0.12135504642549105,0.12275057840180292
2019-05-16,0.1243778218811925,0.12618609947597867,0.12428708666586664,0.12204660150912078,0.12460729862029475,0.12184820274814104,0.12369746940915025,0.12276102316699372
2019-05-17,0.12293708381995347,0.12395219811050204,0.12439968398216228,0.12332956490319205,0.12550003856724,0.12268781063296418,0.12301095958285226,0.12412740715449548
2019-05-20,0.1215810968163605,0.12454984652322261,0.12350012905117773,0.12325243760415759,0.12263197195620679,0.12522837099295492,0.12503949049376342,0.12405701928967683
2019-05-21,0.12360403123619883,0.12435421580267635,0.12310519711221748,0.12255109490977954,0.12353272665135494,0.12480690299061466,0.12427059058564499,0.1238070397425282
2019-05-22,0.12338577819863349,0.12550787264960364,0.12396352497315212,0.12335435778040649,0.12523121184341557,0.12252192212431959,0.12312823372234755,0.12322962439390886
2019-05-23,0.12505789702077214,0.1214944960218728,0.12508813106529917,0.12204280251943699,0.12551499825968657,0.12389330665738132,0.12218406824487597,0.12444383937517224
2019-05-24,0.12332086387014198,0.12467210270155568,0.1243039425134971,0.12224468401040672,0.1224399487739581,0.12513599355974073,0.12299089694685796,0.12500500553263036
2019-05-28,0.0,0.0,0.0,0.0,0.0,0.0,0.0,0.0
2019-05-29,0.0,0.0,0.0,0.0,0.0,0.0,0.0,0.0
2019-05-30,0.0,0.0,0.0,0.0,0.0,0.0,0.0,0.0
2019-05-31,0.0,0.0,0.0,0.0,0.0,0.0,0.0,0.0
2019-06-03,0.0,0.0,0.0,0.0,0.0,0.0,0.0,0.0
2019-06-04,0.0,0.0,0.0,0.0,0.0,0.0,0.0,0.0
2019-06-05,0.1254201971172148,0.12425773398704991,0.12447274447821069,0.124527051017335,0.12687613612071091,0.11940717728654596,0.12201833288651394,0.12282415309812385
2019-06-06,0.12397490268118694,0.12938769559626384,0.12278949576787573,0.12408287700602527,0.12298371692384587,0.1219810540216545,0.1232124086426671,0.12204129224580434
2019-06-07,0.12286143643490616,0.12493972978917355,0.12375105007738825,0.12316824999608142,0.1235770356557571,0.12449341223893742,0.12414476101756207,0.12313585179520821
2019-06-10,0.12581761959979632,0.12163980719956531,0.12373473879012373,0.12403314214394809,0.12449842585110148,0.12394406764621205,0.12329441086641829,0.12289576839606788
2019-06-11,0.1255222727982899,0.12189364814541882,0.12440212177120973,0.12294130390786147,0.12275620333652944,0.12260322705685317,0.12565479046361713,0.12414550791705839
2019-06-12,0.12244121697599913,0.12625952707931928,0.12408424177341618,0.12493828572781703,0.12316371646709971,0.12167711814275751,0.12344057259107541,0.12410627081456549
2019-06-13,0.12404772623865926,0.1203428176849399,0.12428277813969782,0.12421647528060245,0.12348321012045019,0.12505250330877377,0.12491441388060856,0.12364383437021058
2019-06-14,0.12441704735699252,0.12198905936337513,0.12390519466324763,0.1270925987680967,0.12393872039065339,0.12440217178460129,0.12371336160797348,0.12107440132841518
2019-06-17,0.12339334059734319,0.1206627129725878,0.12371183382235276,0.12578637699933137,0.12221961295712282,0.12482839740739245,0.12562872733047775,0.12414479883521637
2019-06-18,0.12387281287244639,0.12261063908525556,0.12313963470976724,0.12450516286543072,0.12357150265266023,0.12514535838327107,0.12445181983620429,0.12302143685721079
2019-06-19,0.12425103781478301,0.12380387991120287,0.12471655943835641,0.12398910932334406,0.1243296583484194,0.12204651510960475,0.12378934667639754,0.12305678824133516
2019-06-20,0.12409725061063255,0.1205489195763061,0.12472302019524495,0.1238330543943564,0.1247601757578184,0.12288563109126954,0.12328690887483447,0.12555452709175377
2019-06-21,0.12473691120233207,0.12200767650566556,0.1251619584362589,0.12338278876664391,0.12479432793564117,0.12265384663697186,0.12290454089548908,0.12456271648923743
2019-06-24,0.12218570702158674,0.12335963141250168,0.12349975362763392,0.12533467601388812,0.12320677566240405,0.12357542114246611,0.1236449254174804,0.12517490326866157
2019-06-25,0.12472320254717087,0.12380969843343666,0.12319798058538299,0.12458282583345687,0.1217784099919208,0.12324991645260283,0.12464136468993672,0.12384681558163278
2019-06-26,0.12428965881317254,0.12250090669706437,0.12250068399291007,0.12375884780651716,0.1238057828050827,0.12675038751208031,0.12482352211620033,0.12156812920545816
2019-06-27,0.1246717083829259,0.12352134901384851,0.12237451564935219,0.1233961546123095,0.12459599154477453,0.12649387306856139,0.12283141375965455,0.1222263949884424
2019-06-28,0.12453830427236298,0.12204516008885037,0.1240986478563252,0.1248981937097782,0.12392768487861969,0.12270014928964211,0.12431535611153534,0.12313792047604794
2019-07-01,0.12310468642415007,0.1233328466745281,0.12508371959897788,0.1253613032596278,0.12357883559924124,0.12270430137507488,0.12124674160293361,0.1254316791907155
2019-07-02,0.12335343603194815,0.1257232400761479,0.12478670595550345,0.12336281507946859,0.12237468119561241,0.12453333225712791,0.12213454701635791,0.12366361781414609
2019-07-03,0.12430905207754563,0.12423407655678323,0.12399563168897329,0.1242664661713612,0.12207667246536938,0.12390146991077278,0.12344765296598521,0.12368606850038684
2019-07-05,0.12273991287993385,0.12594439231057775,0.12334839383340451,0.12303445718237281,0.12352812656665507,0.12470550382872149,0.12308810863797207,0.12350936710669307
2019-07-08,0.1239809127694134,0.12433154257485493,0.12307996348514724,0.12093683040132282,0.12466549254127467,0.12776303081882318,0.12266974322663492,0.12239580660823768
2019-07-09,0.12398324668904398,0.12723164435505455,0.12207797367378408,0.1225785830937416,0.12392042954511648,0.1256023222991527,0.12306124320741689,0.12195812400442771
2019-07-10,0.12414273524225,0.12448016583202555,0.12375550955062763,0.1218940351209902,0.12275853983774607,0.12559461926348223,0.12416170309180251,0.12321473111965185
2019-07-11,0.12454168533465627,0.12085681215348615,0.12320928491337968,0.12408503396796179,0.12315041162533738,0.12471002884207993,0.12645869457630504,0.12299496049775996
2019-07-12,0.12516384788358131,0.12349850324024435,0.12190652264932074,0.1260483358975564,0.12519149952170297,0.12418934069714983,0.12222204546855207,0.12218047535873287
2019-07-15,0.12248251127048697,0.12764035667126628,0.12281687399239496,0.12281528921375222,0.12424231779981769,0.12308879562008011,0.12286902168932323,0.12395063519026915
2019-07-16,0.12445707708009238,0.12304351415311177,0.12418715208740091,0.12319011990353829,0.12376295318149033,0.12163377077562369,0.12473624113205452,0.1245898886088352
2019-07-17,0.12354123027548741,0.12191355447530494,0.12366020590253246,0.12319369328540139,0.12422394764414446,0.12446295075124343,0.12529100119746817,0.12325309711070974
2019-07-18,0.12600327621145418,0.12144595677867309,0.1245240897052028,0.12308526125398137,0.12504828438486013,0.12476019522461565,0.12183536284834241,0.12371891232295648
2019-07-19,0.12311190398191994,0.12201150187638464,0.12438916116206002,0.1233723730240311,0.12326898373324702,0.12547448070838121,0.12177949773643489,0.12631240247408815
2019-07-22,0.12572185990412152,0.12216925122169915,0.12330989289673945,0.12329481174715588,0.124836233328718,0.12404116216094031,0.12343877733936832,0.12333356989410493
2019-07-23,0.12412049154004333,0.12411168119140223,0.12282027368734227,0.12369829529348937,0.1244535203003552,0.12337252385579574,0.12513814175829696,0.12259481995196855
2019-07-24,0.12460809061963989,0.12368804103216086,0.12378677422310007,0.12277859247433248,0.12603809322173218,0.12443670371249223,0.12285005550075002,0.12184929955197694
2019-07-25,0.12334415929864752,0.12412769908769791,0.12397011740258135,0.1245562995146096,0.12380732067716164,0.12389451734864058,0.1227224874785993,0.12360593604286717
2019-07-26,0.1237622314309932,0.12361359259909811,0.123642886810435,0.12410031799257835,0.12371735773179253,0.12296292346216002,0.12455510501568609,0.12336192514426228
2019-07-29,0.12415201128075488,0.12149019129069565,0.12398451817510284,0.12409485244218428,0.1240359320567605,0.12350550537606375,0.12391338524117591,0.12500407044683082
2019-07-30,0.12437988749683772,0.12498781720181941,0.12291772430173271,0.12299066113294897,0.1243809154620881,0.12431701094652516,0.12444081269585969,0.12197724334514469
2019-07-31,0.12434699515347257,0.12056092761500471,0.12463735676303704,0.12300993977345707,0.1260064272005402,0.12215734004668924,0.12327929748920485,0.12583368876663817
2019-08-01,0.12390889818042673,0.12348926701359308,0.1238485197420503,0.12448252535886754,0.12509349891691351,0.12221178744276891,0.12298886179538562,0.12378686074844875
2019-08-02,0.12256786432489748,0.12331324121535582,0.12226628178333039,0.12217521397803538,0.1235885853637776,0.12765078861465173,0.12348067983109244,0.12498106610703837
2019-08-05,0.12357623559784513,0.12438787956561712,0.12336799819197981,0.12360641356781431,0.12290649519219639,0.1244737381093517,0.12312978428917376,0.12415732987214362
2019-08-06,0.12402246880446949,0.12450880783209212,0.12386250680532472,0.12256277640085643,0.12255269567530364,0.12436281934080759,0.1230886347786358,0.12475070473366646
2019-08-07,0.12378636313707386,0.12517682826823945,0.12330718039404635,0.12462339750210277,0.12436512923678521,0.12128524666333038,0.12508856759366277,0.12271394702444431
2019-08-08,0.12353541179162922,0.13102335537271806,0.12330114961413215,0.12181788072861771,0.12207615736509578,0.1231076615098725,0.12338970742475444,0.12169318121000451
2019-08-09,0.12315628143204839,0.1269218275478365,0.12344606978828823,0.1267538845154374,0.12142755612147514,0.12239384686631469,0.122003807229453,0.12339037501231281
2019-08-12,0.12273155076777784,0.11805584437948295,0.12343273664684978,0.1253816141507661,0.1253309883031036,0.1273703527281246,0.12359111523991949,0.123833030609443
2019-08-13,0.12438110164925884,0.11923408929238331,0.12382200776952622,0.12407672922779003,0.12615612050637087,0.12478175985360816,0.12390695977335438,0.12374095730267591
2019-08-14,0.12503122107723527,0.12234791757688487,0.12417391035762818,0.1224147401187572,0.12513806950748899,0.12321183109880968,0.12367129716652393,0.12438174562415166
2019-08-15,0.12500602228762364,0.12043645774541424,0.12489112165523887,0.12279723555134647,0.12408304495179322,0.12403957275781215,0.12268157430274439,0.12581103000573404
2019-08-16,0.12346435689035988,0.12518358832137252,0.12376095399883236,0.12241934756323791,0.12547099929681582,0.1244444811440747,0.12209488276827943,0.12300008309913114
2019-08-19,0.12239980031991719,0.12193273265134635,0.12305406807582565,0.12338048312654365,0.12279588037728759,0.12489004534374293,0.12871881582426714,0.1225840775515878
2019-08-20,0.12380321966521475,0.12344900556740049,0.1237855108872292,0.12532094598892532,0.12346713105961124,0.1228597547848815,0.12261712218352479,0.12415538534401578
2019-08-21,0.12283692117076506,0.12614645480761139,0.12291331089677197,0.12505118854311437,0.12289818818251008,0.12179533754916055,0.12406711657758411,0.12428540379491138
2019-08-22,0.1232648944465516,0.12434631096491316,0.1229527921318297,0.12347014727289561,0.12490644604753673,0.12433063740354336,0.12369961213711528,0.12279535645454225
2019-08-23,0.1238801896500981,0.1205172991139981,0.12584149085549984,0.12236358488879609,0.12347845276444125,0.12499072801738526,0.12317694401552438,0.12492259661519581
2019-08-26,0.12331627889775594,0.12387689319459073,0.1244463129173805,0.12424331790210529,0.12233128015163963,0.123489424211324,0.12400248126091616,0.12428078996160277
2019-08-27,0.12423544342682345,0.12417975627885361,0.12509953914169542,0.12421100687881995,0.12331393990922028,0.12192475126478755,0.12191399527280829,0.12521891394708845
2019-08-28,0.12350972573197777,0.12542453074430873,0.12363615934221137,0.12293472900546186,0.1243039555097433,0.12496111924905669,0.1224061522474208,0.12314012289264073
2019-08-29,0.1246011862840557,0.12305696968002663,0.12280418148947429,0.12371006466664757,0.12352789590628241,0.12503863701759155,0.12445431232223553,0.12271517307214368
2019-08-30,0.12537818394876799,0.12331458831844615,0.12353675453844828,0.12272172492935857,0.1236399337193263,0.12456368144119342,0.1231583076140574,0.12367067163735565
2019-09-03,0.12406021942778873,0.12417163846262941,0.12369114371441137,0.12125781871651124,0.1252799640207318,0.1252240949564698,0.12358182099112636,0.12262657305827462
2019-09-04,0.12477895929935413,0.12072218752591397,0.12378873469199388,0.12401918640660106,0.1260037779950542,0.12335898060578085,0.12374198067640212,0.12371370941042355
2019-09-05,0.1224916725167698,0.12139627076179116,0.12314406317164092,0.12364409709008951,0.12252688540175946,0.12540403119337284,0.12757598696342226,0.12385760993802851
2019-09-06,0.12328555232060683,0.12048957106590097,0.12452296008242504,0.12447017993119266,0.12463876440157518,0.12472466897012299,0.12434010048428056,0.1233772897622393
2019-09-09,0.12467336430800534,0.12204204108148052,0.12517717198755257,0.12300582016838825,0.12434511710431957,0.12298397710996488,0.12442401550837973,0.12359368035160508
2019-09-10,0.12252774249356171,0.12278655854854008,0.12381209979338643,0.12404772910644868,0.12421799782998935,0.12304152722445406,0.1257373169515591,0.1241534008423699
2019-09-11,0.1256258826989324,0.1203648906346902,0.12468336668557876,0.12382056063994862,0.12408887578685004,0.12425069174143104,0.12349365151134942,0.12373989017656849
2019-09-12,0.12325329890056255,0.12450307622839148,0.1250922329277247,0.12386512583316962,0.12414684208532922,0.12333508320704634,0.1229279435343692,0.1233514996958082
2019-09-13,0.12323942818387569,0.12589836470686827,0.12349537899111701,0.12087551696254713,0.12361395080183941,0.12390288184430019,0.12416618938825003,0.1250417813005842
2019-09-16,0.1232300820085724,0.12487926792346896,0.12283524093826863,0.12356646332527393,0.12394578410249729,0.12430687871005912,0.12365534401731401,0.12320931117059662
2019-09-17,0.12414631903007464,0.12249957231233781,0.12378769249212897,0.12291509378772743,0.12403445577246185,0.12443119351261248,0.12321719883889558,0.12492308193297483
2019-09-18,0.1258673787110466,0.1222874532008521,0.1243997510503984,0.12329283293944364,0.12499753675394638,0.12259853579138968,0.12306031414955598,0.12350524819579037
2019-09-19,0.12304418148741643,0.12358059964542827,0.12455449350402248,0.12564815267680962,0.12395748224465693,0.12147485384809484,0.12245305229876044,0.12500143462393193
2019-09-20,0.12345176350596415,0.12444516058938072,0.12351286024107166,0.12448747486089243,0.12495526808431434,0.12278184675861573,0.12273686327630547,0.12344829097092509
2019-09-23,0.12466923562014796,0.12484113582119329,0.12361628618657222,0.12351866579460376,0.1244144912008002,0.12262549116046732,0.12399496093712166,0.12241694079630303
2019-09-24,0.12400790650428374,0.12188102302925508,0.12465072553541127,0.12387146526943445,0.12433169653517188,0.12272855362115785,0.12353622588572973,0.12504702717311889
2019-09-25,0.12436873668359627,0.12130703979777784,0.12373175632812729,0.12285157758173731,0.125785696266665,0.12371273845215973,0.12532519768722306,0.12352613640094368
2019-09-26,0.12369955824851951,0.12266704490155157,0.1229928000888757,0.12423983192637353,0.12424818890595568,0.1215488878442483,0.12339888923070064,0.12722370083213305
2019-09-27,0.12256082483294535,0.12479577668661018,0.12527745444116573,0.12586164540731865,0.12236203242752725,0.11932256941863272,0.12418507185971472,0.12565192240419146
2019-09-30,0.12355011864295966,0.12385268224332471,0.125158466396612,0.1235508521237291,0.1239188384828782,0.12274925231714294,0.12433263203184243,0.12318711643327886
2019-10-01,0.12407926363960874,0.12355118311441525,0.12314950873574733,0.12336184096738258,0.1236459645537076,0.12248060261295327,0.12433220134602271,0.12543179317090072
2019-10-02,0.12430497704728254,0.12325136896065804,0.12244772221375157,0.12278573645590006,0.12452651731021051,0.1245531149264778,0.12426953747769696,0.12358180882439924
2019-10-03,0.12224408807272405,0.12317710277718442,0.12319312084835919,0.12345186504821196,0.12155901445305203,0.12593287609175483,0.12738615821391988,0.12323696857730676
2019-10-04,0.12447339067466905,0.1231088738305641,0.12313116056913685,0.12388423500854646,0.12399280812593604,0.12494574175075741,0.1229752668475765,0.12335982559544652
2019-10-07,0.12377584473615759,0.1240715235667215,0.12398229474759317,0.12220348052144432,0.12355209683187494,0.12379871481108924,0.12402289331205325,0.12476351220900088
2019-10-08,0.12335704859221236,0.12393872962389055,0.1242933882328311,0.1235993997440863,0.12412194663369987,0.1225456643768585,0.12293936441769968,0.12451513854908443
2019-10-09,0.12519314653865476,0.12220722179208934,0.1240251358313438,0.1231811182459049,0.12426944776143155,0.12256276023064051,0.12368704288494185,0.12464916606269694
2019-10-10,0.12404788856549177,0.12237111066475635,0.12438333196927916,0.12292547445863619,0.1241398468054703,0.1241506695990954,0.12461550455621091,0.12327110559523782
2019-10-11,0.12233960354058435,0.12698977029834826,0.12407328918272544,0.12368797468844621,0.12191034766537838,0.12528118846232703,0.12303122945443892,0.12298793564317548
2019-10-14,0.12312333375268011,0.1264575009303108,0.1239241250658675,0.12336429738004254,0.1227424239518721,0.12278753956224539,0.12340401864862105,0.12403292634185435
2019-10-15,0.12345786351355528,0.12182059450416435,0.12363499359951646,0.12479941417658903,0.12369011520388937,0.12485720394905045,0.12571685396650617,0.1221969681611284
2019-10-16,0.12383397120061135,0.12545749339962164,0.12182979197869612,0.12462723895429907,0.12290628031893323,0.1225986809211629,0.12434609974366148,0.12408270596118365
2019-10-17,0.12429804555998201,0.12442170704716679,0.12362701504468583,0.12459602045070858,0.12335348155235164,0.12407491581529612,0.12395793280784437,0.12166183388741418
2019-10-18,0.12392840779076393,0.12486060541352306,0.12543538615220085,0.12402525702116754,0.12391276322871207,0.1211820174932531,0.1227616650089814,0.12404185718108451
2019-10-21,0.12332436997633463,0.12442200051952403,0.12362015930892632,0.12259702486614969,0.12312728881197876,0.12561881590389734,0.12404895441354487,0.12327762746919164
2019-10-22,0.12344870029751522,0.12314069413642886,0.12334009444425421,0.1241202765516942,0.1225974505865461,0.12352014966292792,0.12359064448153499,0.12598405188248535
2019-10-23,0.12137652960827369,0.12427190977201184,0.12480923881769546,0.1220587501425794,0.12352512550466213,0.12490795983892232,0.1249829483793645,0.12362103015601544
2019-10-24,0.1265636615419551,0.12196381910510855,0.12336686582176057,0.12117654771911394,0.12800623724850022,0.12484944966523166,0.12149338710977069,0.12253177919778947
2019-10-25,0.12369130744236365,0.12471563847685986,0.12234039927126204,0.12444401806721075,0.12419323504631144,0.12380412307486817,0.12432611921583481,0.12241756560708905
2019-10-28,0.12462385825400625,0.12481965954734327,0.12220604910746558,0.12302051969604062,0.12678214829890913,0.12333727460497215,0.12314774676415906,0.122395714822266
2019-10-29,0.12310948877111329,0.12307354920119287,0.12343501512323693,0.12366263642231969,0.12389838097583067,0.12365704140971115,0.12341749464130661,0.12535770163489227
2019-10-30,0.12322668955953989,0.12424474877125391,0.12466237318908494,0.12384013751618647,0.12411980839994513,0.12281056158979756,0.12313531215377775,0.12402869566770217
2019-10-31,0.12178122175197562,0.12769184550295853,0.12255939055898946,0.12542293426240883,0.12153834385260422,0.12457594226880322,0.12317018040098862,0.12349470901910782
2019-11-01,0.12323565271888233,0.1241527413116397,0.12385480556849417,0.1238049685906097,0.1240371628609511,0.12437143903993729,0.12388637912073587,0.12255202837972241
2019-11-04,0.12202126106044567,0.12646781598289666,0.1228948579271907,0.12487800433085172,0.12180205006976033,0.12337751799306493,0.1256555610467289,0.12274197404398568
2019-11-05,0.12340455669760433,0.12272425287300993,0.12385902064201637,0.12779487053212993,0.12315929503632435,0.12152156644592946,0.12359729826867612,0.1236834190881632
2019-11-06,0.12439760718623293,0.12346080613503707,0.12353532019457861,0.12459322970491611,0.12348170580653921,0.1226980428837199,0.1233203273295467,0.12401685449300734
2019-11-07,0.12406406046202777,0.12406378030905972,0.12397187130679681,0.1233650330618262,0.12278076042677155,0.12432671577055963,0.12324599233769438,0.12410333766719941
2019-11-08,0.12438987880357609,0.12444626405747757,0.12435624036134936,0.1248202612400076,0.12403814557548232,0.12245033309775111,0.12356839928679987,0.12204043473058153
2019-11-11,0.12517308883861325,0.12455996688763998,0.12362404601854124,0.12397370788795836,0.12384329756101528,0.12190080157374823,0.12361470106347601,0.1236064674485726
2019-11-12,0.1230527935025372,0.1252733993768934,0.12378651306626089,0.12467409733007061,0.12179644348908654,0.12433469631304311,0.12403792325857545,0.12279803392731896
2019-11-13,0.12479568486948812,0.1257503413614983,0.12370146566534394,0.12329251666249265,0.12422592959704629,0.12210363335494055,0.12277859064930256,0.12353544370834839
2019-11-14,0.1227535831408065,0.12589907805394512,0.12338949481909699,0.12219136907850657,0.12463180365156422,0.1247071310570313,0.12340113992547973,0.12284850174039806
2019-11-15,0.12715433069586135,0.12240362431016116,0.12366019661402994,0.12361569710073815,0.12517170027408944,0.12389547545091775,0.12012139986755667,0.1240142951542314
2019-11-18,0.12361721569445039,0.12635730748682372,0.12263953833602392,0.12216560072522066,0.12267944043950761,0.12237271431237003,0.1274994196762198,0.12277424827432983
2019-11-19,0.12206232639412241,0.12859752253822668,0.12412698061879539,0.12530399909885326,0.12134199313341795,0.12079850311870997,0.12321506405304457,0.12409688266906209
2019-11-20,0.12328125300686779,0.12437568828433626,0.12320109181444279,0.12265060018795199,0.12323514235890186,0.12250764271125321,0.12652925239225365,0.12419914694893434
2019-11-21,0.12375109621897835,0.12166755765132778,0.1233198725254748,0.1260821850810766,0.1233391336634135,0.12487518156404571,0.12395477996433017,0.1232290438453499
2019-11-22,0.1230817206844983,0.12378184543556049,0.12300745899560392,0.12401761784478496,0.12280503116858481,0.12453199559356434,0.12457672192970386,0.12414009660311891
2019-11-25,0.1250450152864272,0.1224478251455149,0.12274621741735031,0.12263822377533269,0.12375578826778623,0.12547588300688098,0.12463941075159798,0.12304712588050463
2019-11-26,0.12347651132679702,0.12374439600410495,0.12394982040468659,0.12366073670670683,0.12477432089168594,0.12253857077681411,0.12299416848614883,0.12503146547313587
2019-11-27,0.12415397120728665,0.12339238739875676,0.12342946131550447,0.12349604998610779,0.12361277516458057,0.12541125588100552,0.12305963723140281,0.1232287243286386
2019-11-29,0.12406183099469131,0.12437919745066685,0.12319036465236118,0.12396939473332126,0.12264424450613202,0.12335259663630371,0.12407151315167017,0.12429052599905822
2019-12-02,0.1232555460182694,0.12448937276461991,0.12402260981374649,0.12360140818382764,0.12445784485177425,0.12300446892006488,0.12193199712139706,0.1250404819444923
2019-12-03,0.1225390314499805,0.1272892142144072,0.12322047543092896,0.12270937820412693,0.1229298402120473,0.12248261849144829,0.12568911495929114,0.12327012727993698
2019-12-04,0.12294346539775364,0.12486761887069216,0.12401345438655073,0.12363302309155261,0.12370146646696363,0.12396625085983778,0.12295307209751825,0.12343586445029292
2019-12-05,0.12263378488656843,0.1229336006598306,0.12442593880948778,0.12394879253778263,0.12388963261425782,0.1237185122181227,0.12279211993703205,0.12552846242228752
2019-12-06,0.12305617396929419,0.12193608870956199,0.12331655645789875,0.12395588172630276,0.12431322376477955,0.1249064159477898,0.1237614300381993,0.12462732074352573
2019-12-09,0.12406817273359186,0.12327950269105407,0.12316619846612148,0.12451377393009473,0.12368974582251951,0.12224022384547212,0.1255020283341544,0.12386623147096043
2019-12-10,0.12251000231904792,0.12420899010258764,0.12399505185843222,0.12368453574590818,0.1237454176672138,0.12455539164663337,0.12404802832145315,0.12309162974483805
2019-12-11,0.12596248121020112,0.12156144644856512,0.12366512298449522,0.12297239514615711,0.12422580019174,0.12531028567876878,0.1231345631250918,0.12336675759004723
2019-12-12,0.12246432479160599,0.1291820734600472,0.12185620700845147,0.12252252307487954,0.12403229791581642,0.12365113273777649,0.12386787526505141,0.12259004747950528
2019-12-13,0.12413890251205047,0.1211456906917269,0.12501602459329514,0.12339655593755071,0.12382636938909088,0.1251182775279077,0.12456716934567157,0.12298925693358716
2019-12-16,0.12149708072576208,0.1251902734668271,0.12434330533435259,0.12535937389491655,0.12278374060274873,0.12402617049618667,0.12319406471891889,0.1238865191526089
2019-12-17,0.12427544655119672,0.12458524451727163,0.12293473630839014,0.12385096622889569,0.12533615192818717,0.12155750048164438,0.12488799898540229,0.12283262563203184
2019-12-18,0.12351403772779866,0.122989352143872,0.1230415134664979,0.1255621170774494,0.12339011524773091,0.1242591650837213,0.12431644363433983,0.12312378011522492
2019-12-19,0.1237423780455942,0.12411784615464078,0.12403623419604326,0.12186419945694077,0.12467770612104377,0.12270553927328809,0.126230316727126,0.12239815347670531
2019-12-20,0.12466180951756255,0.12546934043439156,0.12355925043053873,0.12187928070101134,0.12329409067569307,0.12356413429809059,0.12409449185801083,0.12352480527549473
2019-12-23,0.12227348171930078,0.1264633771146623,0.12421707469019422,0.12337749340243916,0.12213737978442134,0.12414863870307938,0.12313874694708293,0.12417280765043562
2019-12-24,0.12374227618739972,0.12490906151370323,0.12387501160433717,0.12367370625574202,0.12297540161032,0.12366110473614834,0.12369851279421973,0.12299106843737691
2019-12-26,0.12331969419076376,0.12315514246304197,0.124426589104799,0.1226612367575536,0.12383706939962272,0.12309859365988962,0.12408115853744807,0.12482235219936999
2019-12-27,0.12393731937282183,0.1230035627183754,0.12471020559733977,0.12370564582692896,0.12401921831206342,0.12205490342796374,0.12351029125880436,0.12488835334118129
2019-12-30,0.12417575038846126,0.12310515764003882,0.12438679747963402,0.12377115905581491,0.12480525677045927,0.12348222422225659,0.1228412632552568,0.12330531544402797
2019-12-31,0.1233605140115724,0.12453323096922586,0.12303223932486378,0.12376877993023717,0.12301171980691751,0.12440058218750656,0.12472023097616099,0.12327936528041453
2020-01-02,0.12258362802868387,0.12828655581290982,0.12282178082684302,0.12336413165339231,0.12306092741496327,0.12363930769515463,0.12302883424180809,0.12333792670032681
2020-01-03,0.1244674680559483,0.12512443249832625,0.12337280235181484,0.1223640782253585,0.1245255303376375,0.12425325284739439,0.12391915627023102,0.12150547175322353
2020-01-06,0.12314348408230676,0.12425791577198207,0.12407287673161378,0.12419748340854354,0.12305228366852548,0.12289457914829903,0.12566933215715712,0.12261274968746469
2020-01-07,0.1251231993860106,0.11989366333155337,0.12267590602479292,0.12136861802226934,0.12426956337931155,0.12902609632740694,0.12351753046083834,0.12423517728507259
2020-01-08,0.1236506808649765,0.12359248219526174,0.12415030183255413,0.12196901647875716,0.12492849372255779,0.12267576901826767,0.1239637882397799,0.125083962618071
2020-01-09,0.12426226336547856,0.12504976204460388,0.12394162483487996,0.12230352861973608,0.12324002930385321,0.12256364165569701,0.12454779825055319,0.12401013431746642
2020-01-10,0.12374287127615567,0.12309121037571763,0.12400419909262621,0.1230627006833213,0.12362172417748456,0.12387626328419789,0.12434459855608417,0.12410536016087477
2020-01-13,0.12346709997832657,0.12303516699062485,0.12419445030996844,0.12328280891840035,0.12402198495817365,0.12378097652948365,0.12520027667766756,0.12286966829956418
2020-01-14,0.1241611175786137,0.12230531889416117,0.1247980432997962,0.1259211739242426,0.12389856365775304,0.12304416722946665,0.12217088065535649,0.12372437604259706
2020-01-15,0.12416139016752677,0.12548061823102508,0.12427311343351176,0.12320827214867923,0.12436247491384148,0.12277370761468626,0.1235367651773074,0.1219796473901934
2020-01-16,0.12432554796596226,0.12460846094953858,0.12250807944872562,0.1236860713752801,0.12479065139204791,0.12476380591881317,0.12346034847222621,0.12192623537049906
2020-01-17,0.12217739570624948,0.12580790634716446,0.12340312400137125,0.12400597194965367,0.12438828211292745,0.1232351567475423,0.12354863175848836,0.12363004107528464
2020-01-21,0.12384067536030212,0.12340301273249381,0.123059081021717,0.12329345680272527,0.12338110651896847,0.12636784721879118,0.12300369257948054,0.12346907205974753
2020-01-22,0.12442752286592564,0.12356170734486142,0.12217044516418127,0.12481407377545253,0.12408413149538096,0.12346648376004733,0.12412241006433702,0.12294615546568255
2020-01-23,0.12357286628908234,0.12468133022087623,0.12270024267547079,0.12579618489147923,0.1241987927576814,0.12171367340365535,0.12459878318520992,0.12297632743159793
2020-01-24,0.12134517298523188,0.12238808004166031,0.12637198855963996,0.12458004264987943,0.123155984872979,0.12209054521392876,0.12361485017309165,0.12603937966850007
2020-01-27,0.12231942102234927,0.1262596372230684,0.12318373535195791,0.12152992743959895,0.12289615473009607,0.12476911823614477,0.12520531327810547,0.12362685450904941
2020-01-28,0.12291507166312007,0.12350307094958497,0.12372099938682045,0.12389727022043252,0.12322544783795103,0.12275921943365564,0.12485916231443545,0.12501488357414056
2020-01-29,0.12403423017358357,0.12369337067719097,0.12483059801219454,0.12351439303733443,0.12314609997077643,0.1230177844348265,0.12386867290095892,0.12408605434497892
2020-01-30,0.12029718207384295,0.12866769756246044,0.12414055603232602,0.12297055733764833,0.11999779503587786,0.12455124512798299,0.12475890169931969,0.12423016960943371
2020-01-31,0.12352419387517731,0.12398402309095344,0.12417504754508286,0.12377167141483499,0.12337190870498249,0.12290805791184065,0.12373128796669476,0.12424510853913867
2020-02-03,0.12403279625303983,0.12587574454845665,0.12381929376815001,0.1214700940432106,0.12515915873760344,0.12283971244932433,0.12401850280696097,0.12281468069879467
2020-02-04,0.1256753701847452,0.12308129693984618,0.12402967326644979,0.12216481374822931,0.1259044254924415,0.12270360316801918,0.12282382689268545,0.12377510669604255
2020-02-05,0.1242149608269461,0.12320419655662686,0.12414800754453584,0.12426952663351916,0.1224556083301458,0.12386075216677375,0.12370973214945925,0.12393151540102397
2020-02-06,0.12206169216438283,0.12473286888487357,0.1244766366568524,0.12399447940547377,0.12247894799612968,0.12494240872525508,0.12469965948478166,0.12313429480534249
2020-02-07,0.12239824693537626,0.12698297138327527,0.12482197679336823,0.12367675087976529,0.12260647389294985,0.12254092680992684,0.1243699646072822,0.12258902723128544
2020-02-10,0.12428153706094432,0.12770656193681532,0.1231310255132947,0.12135403266074399,0.12289495175299493,0.1228545317255688,0.1259013707878527,0.12189773626665261
2020-02-11,0.12465205897114406,0.12434832395634358,0.12392760236117885,0.12412289140539022,0.12382684519557768,0.12142582484258098,0.12327021948630693,0.12426628129472682
2020-02-12,0.1239643245434113,0.12168487182599748,0.12358856821394798,0.123898783703233,0.12536408120703965,0.12360962633115097,0.12403528589275137,0.12391971728660552
2020-02-13,0.12387116006216994,0.12500770520459092,0.12338143235089556,0.12343477798442655,0.125123332995475,0.12315019571889929,0.1227443973240747,0.12290048654897326
2020-02-14,0.1235987529377264,0.12524820695619412,0.1243057396487483,0.12201202525966308,0.12408217830414689,0.12128513093649414,0.12607703259168018,0.12297251627790855
2020-02-18,0.12387917766016433,0.12669828570167826,0.12306441668853532,0.1207046690925919,0.1229043155833078,0.12356613565794777,0.1270374229247177,0.1222850788835427
2020-02-19,0.12342027289894564,0.123664812623252,0.12394798759020906,0.12255526731442018,0.12249060141978328,0.12443591685729563,0.1270890461494272,0.12233874942612045
2020-02-20,0.12402016076569508,0.12263568880614424,0.12444676990141906,0.12325958135362891,0.12383660100264197,0.12354861456441422,0.12375980347039506,0.12413009744005438
2020-02-21,0.12418285211863765,0.11941021098485351,0.12562765821661204,0.12562883455388835,0.12362005125011326,0.12354235260837407,0.12286906728668383,0.12496897885668705
2020-02-24,0.12267275538239958,0.1249185000496529,0.1233474526249899,0.12168819159559796,0.1232903332283004,0.12643520816816045,0.12392926280974667,0.1240800754218355
2020-02-25,0.12312010317932669,0.12072054467077302,0.12471721625406028,0.12448718201364137,0.12376087232643324,0.12329587009436034,0.12284085726037713,0.12633209884859709
2020-02-26,0.12378109118459264,0.12276200772842531,0.12221538117850676,0.1242166549311029,0.1237019598711908,0.1226491748257773,0.1259351901677638,0.1247763629150639
2020-02-27,0.12456423640838446,0.1212274594630352,0.12426961081247175,0.12241394617256603,0.12502734772453525,0.12487767105514246,0.1241212181478967,0.12314846020423253
2020-02-28,0.12418253209832547,0.12731930700539804,0.11987213770644435,0.11987039972034971,0.12342461651664145,0.1253418569561452,0.12922881902426256,0.12150557978272518
2020-03-02,0.12439693781313897,0.12172365331322763,0.12479362493145021,0.12497858729870401,0.12288768689829466,0.12479871319482548,0.12141446036726762,0.12497221909623124
2020-03-03,0.12420718767617779,0.12261455308612013,0.1248049906189526,0.12389607349046791,0.12455955610484244,0.12199997268156261,0.12245179078719275,0.12535107261979075
2020-03-04,0.12223826441991131,0.12457640210234931,0.12384273295046401,0.12323168704042445,0.1230172409505792,0.12494669311871513,0.12616249788939335,0.1224377660459558
2020-03-05,0.12533022262675192,0.12291443767947245,0.1229332777754755,0.12268074744258431,0.12465564241496348,0.12499899890578846,0.12292687889758594,0.12352859943817074
2020-03-06,0.12494426441939822,0.12135985269642545,0.12481689188760647,0.12437626443415478,0.12477875974550816,0.12165584992181096,0.12321760187970256,0.1242970826781736
2020-03-09,0.12226527548450024,0.12444521798002577,0.12328390381535195,0.12234339989888048,0.12154992220075679,0.12508819195609713,0.12661286216880274,0.12467628556158561
2020-03-10,0.12559153043702503,0.12179722370793766,0.1226542369402616,0.12462534637186455,0.12688026716722,0.12114361288319467,0.12403450103342992,0.1236930405812812
2020-03-11,0.12240855953967901,0.13064694805638458,0.12244964458601744,0.12263913849685922,0.12571490294937557,0.11954868337056418,0.12212832252554061,0.12450940028563098
2020-03-12,0.1195269038226225,0.12028990155515967,0.12679125280763712,0.12457636159282984,0.11982704287039384,0.12731565577239795,0.12400570134810139,0.12698008794418783
2020-03-13,0.0,0.0,0.0,0.0,0.0,0.0,0.0,0.0
2020-03-16,0.11945285305659988,0.12859813921246036,0.13495245172210332,0.11698036650063187,0.12386426757982713,0.11981643833829721,0.1200417179959471,0.1257929127623935
2020-03-17,0.0,0.0,0.0,0.0,0.0,0.0,0.0,0.0
2020-03-18,0.0,0.0,0.0,0.0,0.0,0.0,0.0,0.0
2020-03-19,0.0,0.0,0.0,0.0,0.0,0.0,0.0,0.0
2020-03-20,0.0,0.0,0.0,0.0,0.0,0.0,0.0,0.0
2020-03-23,0.0,0.0,0.0,0.0,0.0,0.0,0.0,0.0
2020-03-24,0.0,0.0,0.0,0.0,0.0,0.0,0.0,0.0
2020-03-25,0.0,0.0,0.0,0.0,0.0,0.0,0.0,0.0
2020-03-26,0.0,0.0,0.0,0.0,0.0,0.0,0.0,0.0
2020-03-27,0.11885702938026736,0.1265550517464529,0.12124631115559813,0.12460108033712608,0.11982340699253517,0.12651814587669116,0.12722310441849224,0.12499600676026627
2020-03-30,0.12564052535671977,0.1224211086782985,0.1228800210590435,0.12470183200978815,0.1249192954834854,0.12179281763925977,0.12567600415356317,0.1224049653432749
2020-03-31,0.12373726913914729,0.12063024163575826,0.12405537104974625,0.12690134362369035,0.12104170219530429,0.12042842260098462,0.12566675838758726,0.1271018549992088
2020-04-01,0.12454064551114387,0.12458130709148253,0.12426138807316878,0.1239018545557794,0.12297062317775702,0.12401324208088696,0.12010168897582164,0.12545450655604615
2020-04-02,0.0,0.0,0.0,0.0,0.0,0.0,0.0,0.0
2020-04-03,0.0,0.0,0.0,0.0,0.0,0.0,0.0,0.0
2020-04-06,0.0,0.0,0.0,0.0,0.0,0.0,0.0,0.0
2020-04-07,0.1266485373864257,0.12416518612928527,0.1242335458965076,0.12363690984147356,0.1239690677147355,0.12370039701145338,0.11939891400798615,0.12390757647705888
2020-04-08,0.12855803331520432,0.12309888383469016,0.12172830134893094,0.12329000861575294,0.12469497837798846,0.12436132385544081,0.12287486254879582,0.1213904079013081
2020-04-09,0.1230069128901964,0.12543444962834777,0.12625986916320076,0.1232358565186344,0.12261396879373415,0.12069136839287842,0.12444422593229634,0.1237349664718981
2020-04-13,0.12266054736172341,0.12766746739642726,0.1211468145604953,0.12430486308819857,0.12245055146428244,0.12466369696300232,0.12581315950754438,0.12150203549946197
2020-04-14,0.12362781411138699,0.12762227147728664,0.1219496557870871,0.12206131766608816,0.12400141016001258,0.12272799386669825,0.12532277066162323,0.12265618031030473
2020-04-15,0.12143507111717972,0.12660194225823815,0.12593624216460417,0.1217700645109324,0.12221759017543521,0.12353367652992382,0.12532556238163253,0.1232061231940263
2020-04-16,0.12403834649414075,0.12561366459268578,0.124525310960533,0.12155030207311891,0.12350264913979796,0.11927975872830501,0.12670612344689813,0.12483545705187267
2020-04-17,0.12404078016718872,0.12326634870513603,0.12274189950207912,0.1260782686256972,0.12545357127091125,0.12193528110075184,0.122683057121812,0.12405030372389543
2020-04-20,0.12131589242960619,0.1272307780144653,0.12474087137969354,0.12419259161056957,0.1221348592674784,0.12163089583515257,0.1246873230976407,0.12405244048682935
2020-04-21,0.12442441710356514,0.1197196743423351,0.12648396622540892,0.1252295131923104,0.11926787147419553,0.12371623160843341,0.12288725046941483,0.12789385020265556
2020-04-22,0.12543621674479663,0.12257069591065783,0.12266409659037412,0.12305943502600956,0.1280460439829271,0.122836010487805,0.12422950262370779,0.12167819267171318
2020-04-23,0.1229963379713209,0.1233949260082379,0.1241389780288728,0.12416742899599288,0.12277591065816916,0.12465805239425451,0.12338639377752314,0.124398804693861
2020-04-24,0.12364897284601094,0.12480566753567705,0.12347566931546858,0.12501190358750497,0.12180177382078046,0.12365955750062249,0.12499171495505315,0.12295446551170172
2020-04-27,0.12100890002417425,0.1224358687599752,0.12302499191377787,0.12617320751708475,0.1215837873052332,0.12526936395025515,0.1253768929005256,0.12508752180864385
2020-04-28,0.12337563639000673,0.12335497932294662,0.12453292893136868,0.1228622068337086,0.12308250599460593,0.12479708117246312,0.12238649231004621,0.12524132815042863
2020-04-29,0.1265894636878332,0.11857860388421375,0.123761892068908,0.12273803654354636,0.12609848020260012,0.12916664316873472,0.1211872227736803,0.12238222742715796
2020-04-30,0.11922799163229328,0.12552776330212542,0.12277276467524095,0.12712545085435661,0.11907720998109446,0.12415358692408573,0.12628687561848428,0.12549197030616752
2020-05-01,0.12356580249169728,0.12399729849137898,0.12479597861770558,0.12394852832164793,0.12068839641824403,0.12314895949044076,0.12625433764704824,0.12361677848205077
2020-05-04,0.12397361754094659,0.12824437063562394,0.12311497645177558,0.12298905983651563,0.12159573099250165,0.122056985874124,0.12606395499208928,0.1224035686578696
2020-05-05,0.12426722912269471,0.1213336929189468,0.1257205446365285,0.12318700729755064,0.12510186888902075,0.12385917358263175,0.1234891918603376,0.12278090302419734
2020-05-06,0.1256478630591078,0.12351495157416076,0.12353668863540304,0.12221052471258126,0.12198963734468996,0.12434389941903473,0.1244899409240625,0.12417785235173621
2020-05-07,0.12418190714932499,0.12213756402486757,0.12521444185813183,0.12340460857295492,0.12326186674056859,0.12328833675035993,0.12530317884757783,0.12310410207843485
2020-05-08,0.12468816655211443,0.1236185763320398,0.1231346158096078,0.1227068974000404,0.12744674703240327,0.1237002323189487,0.12331868252546045,0.1218695831559619
2020-05-11,0.1218506523087797,0.12854819788887625,0.12424059315920732,0.12278227988822854,0.12200964671739367,0.1230515978719907,0.12615676706738393,0.12139069837719312
2020-05-12,0.12353657175345621,0.12307171786836502,0.12494775271958575,0.12464816040488501,0.12392563927648514,0.12093276230737704,0.12359544477849947,0.12466608034326113
2020-05-13,0.12450468828728362,0.1225774023666616,0.12538603848659471,0.12394196213599913,0.12309329437876786,0.12047083116314881,0.12499212377567667,0.12477525252319684
2020-05-14,0.12627634057319898,0.12296918570701121,0.12423034285442532,0.12028330022362756,0.1297768709591337,0.12478940390773613,0.12057268701782804,0.12163755357648394
2020-05-15,0.12004623739356897,0.12465363113713196,0.12254110758421866,0.12285178399306074,0.12218833456800451,0.1255802679499811,0.13170743664681012,0.12054508090661424
2020-05-18,0.12458865116927947,0.12181634892224429,0.1256533001271593,0.12492889065525335,0.1217314651650839,0.12317326216761026,0.12278819710641842,0.12492614620979865
2020-05-19,0.12559101357024027,0.12559341866319085,0.12438235252883699,0.12268206819629007,0.1249678405161763,0.12137290267514445,0.12336188756549708,0.1220773210428283
2020-05-20,0.12393144657513404,0.12275523928657806,0.12596674694172816,0.12361591656222366,0.12455945951305977,0.12320069504435793,0.12257044218388885,0.12347680836606204
2020-05-21,0.12307461491704459,0.12242719210948878,0.12580626913088705,0.12514438227457267,0.12273295055420091,0.12347960863686368,0.12310588830924907,0.12393228457729193
2020-05-22,0.1220566116492057,0.12437188587798616,0.12504515473744965,0.12503248358874022,0.12289613179538801,0.12289576099517417,0.12645362105877977,0.1211863880684543
2020-05-26,0.12362341937228215,0.1198900100242023,0.12522806421474109,0.1251764765799616,0.12499649575745188,0.12509932872873078,0.1204344356291558,0.1250653075924157
2020-05-27,0.1237352787331396,0.12050391916105815,0.12178202735712612,0.12392761803847736,0.12549905237785264,0.13124785262904284,0.12030707002885604,0.1236551260404111
2020-05-28,0.12262878086011621,0.12440326946512924,0.1252509960761228,0.12492071085624372,0.12303135310405244,0.12011690410020973,0.12674591098220941,0.12299452171536782
2020-05-29,0.1236259061280139,0.12530074880246914,0.12278417946301061,0.12485972820694717,0.12268837569520583,0.12437825567137678,0.12582232454528083,0.12100519628311115
2020-06-01,0.12390186077362512,0.12476043336014057,0.12485670836142616,0.12383236841161875,0.12393739338047761,0.12101284031660493,0.12363693303088137,0.12406012067695792
2020-06-02,0.12266561598521722,0.12324084827499357,0.12425539285192568,0.12593951482686283,0.12269809843222007,0.12375358139195401,0.12328656406455822,0.12446755823232028
2020-06-03,0.12454093400429773,0.12014587514172193,0.12445455528012148,0.12581954812333118,0.12605468226861719,0.12461439209750828,0.12139787879996612,0.12334907339236298
2020-06-04,0.12357417434240066,0.12159965483044621,0.12359251431569415,0.12300098174632984,0.12444122181782308,0.12763139433849266,0.12204334737824951,0.12451644475125924
2020-06-05,0.12421468237913957,0.12323305155443659,0.12236902066672938,0.12221409212455593,0.12529083423661205,0.12570420264006246,0.12473274416193973,0.12255774405968219
2020-06-08,0.12460852020652848,0.1238990953903774,0.12405895113592058,0.1246787847065756,0.12115067857193851,0.12308679591248371,0.1239037680475928,0.12429056605104358
2020-06-09,0.12274935475106855,0.12904035314233003,0.1221158397755969,0.12221306971987869,0.12365862908344467,0.12207464605727313,0.12455561708141404,0.12406116481048195
2020-06-10,0.12277170440724755,0.12423535679211309,0.12238305436828256,0.12284144175600695,0.12342400918971973,0.12241936426773663,0.1264017831758312,0.1253056419081912
2020-06-11,0.12210700487108622,0.12149256638551739,0.12511298393816392,0.12259885345690374,0.12405670225100497,0.12354966972983819,0.12367107592502806,0.126778677834669
2020-06-12,0.12395492584881275,0.12259897332259936,0.12514678155605496,0.12498932957462693,0.12273954813891026,0.12204848577847767,0.12314075290994529,0.12519371714947394
2020-06-15,0.12373262521410862,0.12387052829990974,0.12377145459301833,0.12302930820756983,0.12571546168385586,0.12384151811162801,0.12420540684618397,0.1222092262562867
2020-06-16,0.12379238770092096,0.1216178334790353,0.12471467622277356,0.12472043456506256,0.12550227026284583,0.12433951643278415,0.1223205268393585,0.12269440664178434
2020-06-17,0.12559879689923284,0.12240186226011812,0.1235375390814608,0.12319413805322721,0.12445158656891454,0.12231882189069031,0.12458930435541467,0.1239255028474663
2020-06-18,0.12516800767422115,0.12193351525090923,0.12300150242193401,0.1258441772790416,0.12379949260037813,0.12319320285708074,0.12336828124234306,0.12373125186855444
2020-06-19,0.12465848428389194,0.12491326855389626,0.12398755628710958,0.11968485912184801,0.12359879924975982,0.12451945925942166,0.12558211560609625,0.12273167873755389
2020-06-22,0.12391840238082429,0.12284880955732307,0.12329425643922255,0.12562295102645987,0.12251939051537075,0.1227665529660932,0.1256370408034174,0.12350434938260003
2020-06-23,0.1229376668970805,0.1224852437006547,0.12379919538554512,0.12364659537309804,0.1252707420339766,0.12279592244330471,0.12381679588939261,0.1254052845420476
2020-06-24,0.12481831576783879,0.12195918685411712,0.1244385798281026,0.12466181939059484,0.12369011804397596,0.12212778009634513,0.12262234434331373,0.1255305450593426
2020-06-25,0.12350022904945453,0.12107071673690825,0.12416669720788949,0.12390424362780501,0.12455003448765452,0.12495286909087883,0.12454675903841908,0.12382695600230209
2020-06-26,0.1239491046653835,0.12220680907168471,0.124773943805684,0.12423921530798837,0.12272099302230952,0.1250272513192221,0.12212656302252319,0.12498898032165529
2020-06-29,0.12430788381173968,0.1231388197375545,0.1237049474827484,0.12374966061482104,0.12472500720686035,0.12422913411218267,0.12322575110104217,0.12317564390173309
2020-06-30,0.12412809001686381,0.12508778371621804,0.12334509788828642,0.12361384572767362,0.12643622168067883,0.12102919875467437,0.1237919499330286,0.12251917869271936
2020-07-01,0.1234613710191647,0.12489441726993455,0.12461306533374152,0.12382085678535197,0.1232008828137813,0.1203559834057993,0.12513449293642595,0.12443463664330602
2020-07-02,0.12487625243713586,0.12248622013891797,0.12398754601281171,0.1232103436559565,0.12417517548334137,0.12220949395964247,0.12375638345424353,0.12553567344492306
2020-07-06,0.12493279411265676,0.12373942744500775,0.12256460397753159,0.12211730367471105,0.12466857617277532,0.12299122470051799,0.12380764630799863,0.1252758220760539
2020-07-07,0.12313085224874858,0.12463387843579497,0.12415719998378734,0.12359082472416863,0.12390505726443092,0.1217112593111865,0.12456727067709165,0.12438064085250501
2020-07-08,0.12233595499766457,0.12356036535258239,0.12381290306098168,0.12391917255831983,0.12320742347054925,0.12296027915088865,0.125566349105022,0.12472758609713981
2020-07-09,0.1226326911758941,0.13035495180550602,0.12186016195045704,0.12240804063843687,0.12135312943992292,0.12215866215660194,0.1235989211258283,0.1256337996902263
2020-07-10,0.12299772758198495,0.12100807821811706,0.12334737042284379,0.12339956519572502,0.1261685765386594,0.12606941289972837,0.123314181196431,0.12340449956834688
2020-07-13,0.12437879477032852,0.12046597200963918,0.12445336432152358,0.12330460498222838,0.12548602742673742,0.12306419349143069,0.12088515612178675,0.12741266072451887
2020-07-14,0.12426903398505339,0.12403051645312377,0.12424642710488644,0.12319288686681383,0.12465198297332131,0.12236249099250575,0.12443315210378647,0.1228142667435943
2020-07-15,0.12382303595516082,0.12598425255144172,0.12108155274631215,0.12401148327981236,0.12373121309557275,0.1256149999868469,0.1228723698430549,0.12278718849115026
2020-07-16,0.12384206638511835,0.12292899727676673,0.12577694885013754,0.1226794107356824,0.12404988111186918,0.12307979982269943,0.12360775387560957,0.12440787754149649
2020-07-17,0.12371110892472281,0.12394587670923801,0.12420737110011909,0.12398281970442143,0.12423267235015431,0.12247404416455061,0.12447131043579653,0.12311593608084959
2020-07-20,0.12343733512381776,0.1261644827129268,0.12365901632403242,0.12307482359610075,0.12388760714933385,0.12480320805014722,0.12405949855717853,0.12137066241219173
2020-07-21,0.12442738758990401,0.12352661933861658,0.12237939540941765,0.12311648923675068,0.1251594441398973,0.1250393650261852,0.12283745592795312,0.12340463953532448
2020-07-22,0.12321157546677554,0.13207256218076932,0.12222284999191425,0.1215153284006166,0.12290377031202987,0.12239391580189646,0.12282221981965837,0.12275413615374765
2020-07-23,0.12402679881259841,0.12136525212854024,0.12344117375555931,0.12383161979220433,0.12390389025001872,0.12749098438553708,0.12147091142627017,0.12367722424224081
2020-07-24,0.12230892744836462,0.1319748166391845,0.12071136824423993,0.12148660190955755,0.12233881937981339,0.11904956179684426,0.12574543192985613,0.12632185891724948
2020-07-27,0.12433740975007965,0.12131260884983615,0.12283360263116891,0.12334205342423103,0.1253385813325473,0.12399376734736156,0.1238636067283794,0.12468860424389908
2020-07-28,0.12528716075564367,0.12459538197228646,0.1241826744600765,0.12420192350363127,0.12373560812586928,0.12287960029073924,0.12382548790536733,0.1216550318687463
2020-07-29,0.1231775583206652,0.1230021828221074,0.12167775243613337,0.12193066771099699,0.1248243278572573,0.12180435422376014,0.12292620376332866,0.13058710536945956
2020-07-30,0.12365267272960608,0.12567407203756864,0.12346839467891887,0.1235405375479018,0.1249191686568055,0.12356117582410345,0.12391616043410528,0.12124695635014741
2020-07-31,0.12392891516859522,0.12284802537947676,0.12173271011460408,0.1256283757563145,0.12402604210056188,0.1231878002714718,0.1251731980329944,0.1234083589501994
2020-08-03,0.12330284345322055,0.1218243286490603,0.12453809489080951,0.12413358614477407,0.12308233808405919,0.12264001077734953,0.1260657106147002,0.12450099477284465
2020-08-04,0.12079681166965991,0.13195333559072378,0.12194365313754112,0.12405683320503852,0.12195693313441856,0.12336080893609551,0.12327018443349498,0.12263372591229026
2020-08-05,0.12348316324961076,0.12424031553973673,0.12265135339525306,0.12421687859428542,0.12312687825989006,0.12338674191261638,0.12395280559585373,0.12458609686944568
2020-08-06,0.12352133117737583,0.1260480051985869,0.12442369643011199,0.12480163955726505,0.1242927946895388,0.12080154716766132,0.1241185175656211,0.12197183999127356
2020-08-07,0.12455083777292071,0.12238244423140182,0.12343219627055725,0.1240708404164176,0.12304495276754117,0.1249113235203941,0.12372922572695859,0.12404444576557028
2020-08-10,0.12704613286369565,0.11961506621761922,0.12392162743616876,0.12490008792372932,0.12480487395927989,0.12471100115090987,0.12209887461099629,0.12290333554479192
2020-08-11,0.1248816773032964,0.12030208167686243,0.12491204760235633,0.12518032362075462,0.12325773215658524,0.12332034846033274,0.12374325340445673,0.12445893968927878
2020-08-12,0.12359171689928412,0.12696836287012292,0.12349482066578304,0.12367306968887883,0.12356932884199091,0.12079320293349091,0.12572531453422464,0.12244089583132012
2020-08-13,0.1227050798893538,0.1237371444634705,0.12470442610523529,0.12400908493950992,0.12407538071308169,0.12235459456013416,0.12419189313024079,0.12395121751342246
2020-08-14,0.1245242037880381,0.12308066097837575,0.12385938540109627,0.12377715760164995,0.12234554264239501,0.12385279938931922,0.12446662275320647,0.12398910344555203
2020-08-17,0.12128197056602129,0.12363207241262364,0.12399044162374985,0.12343971933285498,0.12396434859622599,0.12131265382487323,0.12844067451715674,0.12398645702926081
2020-08-18,0.12360513026847861,0.1236650292506335,0.12355018712681932,0.12417453932264101,0.12321456714806356,0.12355445438444669,0.12373233208326789,0.12412488867042247
2020-08-19,0.12354158982368729,0.12359039924230074,0.12306487563241793,0.12475595976913607,0.12399209387935224,0.12390192138071812,0.12325026333630486,0.12386377574576504
2020-08-20,0.1211735866885032,0.12767306270121867,0.1237209873346257,0.1234270494934583,0.1222080526906104,0.12364502283474885,0.1247042167263516,0.12354164427919921
2020-08-21,0.12129862261835134,0.12393029144804353,0.12491904448554039,0.12355946285815868,0.12205894340770662,0.1223704514442747,0.12802420058552777,0.12366679180573276
2020-08-24,0.1250337271947527,0.12212753060139472,0.12379629430325167,0.12503315293797643,0.12139018252586369,0.12613287266401527,0.12295664710754624,0.12324065755510279
2020-08-25,0.12288539274321691,0.12715747996324128,0.12325084875206144,0.12341895229337509,0.12256341963933465,0.12360319909812573,0.12391350728752062,0.12329305287609349
2020-08-26,0.12302981210013694,0.12248415755589592,0.12548380676024212,0.12540937350845735,0.12332638051465704,0.12209865332864639,0.12358263893498293,0.12459888605432427
2020-08-27,0.12182564374073816,0.12245053978114982,0.12299773417809186,0.12592822428591988,0.12165165240713256,0.12637516645662167,0.12466398914714294,0.1239989015120697
2020-08-28,0.12339613996585391,0.12322057132811778,0.12250195825622559,0.12375215145400979,0.1242976570385718,0.12458073975108203,0.12620109680250305,0.12199636083530592
2020-08-31,0.12126704054323072,0.1312597885136791,0.12235271160083803,0.1244681776385692,0.11885205726454004,0.12360143816779659,0.12495825289057927,0.12330957523766022
2020-09-01,0.12213275143590595,0.12290183301783542,0.12344453886154934,0.12589551204619456,0.12267400903919444,0.12292810624704631,0.12565528916558039,0.12449326541023817
2020-09-02,0.12721787812577837,0.11723017247025741,0.12315336130428797,0.12546072565033134,0.12805843739857942,0.12583840255409753,0.11942571028036626,0.12338627260320037
2020-09-03,0.12328223296143674,0.1207475035239707,0.12422845941252803,0.12386123832895189,0.1230751321703498,0.12490305924253985,0.1209439391481249,0.12885332836362906
2020-09-04,0.12360284268373337,0.12494106834330414,0.12473936939753694,0.12501825097172697,0.12193564660972132,0.12511707566849617,0.12252271515159678,0.12188068656830256
2020-09-08,0.12105886732544355,0.12546146139101136,0.12490349517526883,0.12369305412884368,0.1209015038411354,0.12455167711233267,0.12608158147738469,0.12332452274877762
2020-09-09,0.12079901497487712,0.12491054977442667,0.12461767992299366,0.1252305756374219,0.11988072811399318,0.12207719949419824,0.12728595848401358,0.1251135128129923
2020-09-10,0.12568165605902623,0.12077519759510198,0.12449485604953309,0.12525825293488774,0.12416744648828025,0.12510307491112466,0.12040411809244467,0.12413486029693342
2020-09-11,0.12425759523782631,0.11991810479844472,0.12398842879527548,0.1253568465312489,0.1228975342181698,0.12802468933515512,0.1221610822673979,0.12376736152977935
2020-09-14,0.12386523086463852,0.12512722653896363,0.12299667975563645,0.12261236564252705,0.12485268925371493,0.12534599005670982,0.12163498152134726,0.12336070731400868
2020-09-15,0.12342936855069535,0.12526319397688473,0.12183316445084397,0.12345275395538638,0.12282632556753834,0.12269370209072548,0.12076630696145928,0.12973027680923546
2020-09-16,0.12369245923163359,0.1219012476749316,0.12266949267266551,0.1255367575914855,0.1238780550667172,0.12874720523667912,0.12162367121477927,0.12127677120492376
2020-09-17,0.12367849047361314,0.12302576333506268,0.12414322669697898,0.1242917597357901,0.12429117783429933,0.12504664229915807,0.12362734276992957,0.12169364876451512
2020-09-18,0.12457919082699012,0.12250524427857341,0.12479696455850148,0.12349552830873736,0.12571186121183764,0.12427996943541175,0.12208994381323898,0.12261901738183249
2020-09-21,0.12555580181121756,0.12672461022826484,0.1231764647508794,0.12130614891036091,0.12485054672172577,0.11957328496902768,0.12668651800769706,0.12213102178213713
2020-09-22,0.12346234546285582,0.12257031026075878,0.12358392012729609,0.12517152248221747,0.12375128745891655,0.12444114762439246,0.12422834918508532,0.12283026326697061
2020-09-23,0.12477358085063636,0.12227373527003836,0.12397267795557036,0.12385374563476659,0.12477008937576678,0.12399444802962314,0.12207734630243666,0.12379790615509793
2020-09-24,0.12360844002618201,0.12363401830995285,0.12360842929172974,0.12259707355239516,0.1268904865765002,0.12166721123551595,0.12432327866166411,0.12401514464439531
2020-09-25,0.12335272574237917,0.12476215300969298,0.12442812866662803,0.12342828099469644,0.12411458465093382,0.12072863948733521,0.1262076158795614,0.12313702457920014
2020-09-28,0.12494690970373455,0.12347829651572696,0.12465196153021914,0.12472373423940679,0.12459467042926967,0.12287111940718103,0.1228696897635011,0.1220926345573249
2020-09-29,0.12289682197897217,0.12589923477841147,0.12364020334557263,0.12126516874022823,0.1237253267352806,0.12455214419731443,0.12481639916480773,0.12333683373743752
2020-09-30,0.12379669935652673,0.12436677410374927,0.12391978134543816,0.12422225068945501,0.1226983818692737,0.11872390115068032,0.12751812649247504,0.1247412582906859
2020-10-01,0.12358837927877901,0.12568395722979198,0.1251413794023558,0.12289102642874042,0.12284332875593866,0.1249095373450645,0.12173463476983079,0.12385732009429011
2020-10-02,0.12268726653140259,0.12361297883074235,0.1239862594832438,0.12344544773399062,0.12429635953455702,0.12396587534419644,0.12300954938495401,0.12493045728409104
2020-10-05,0.12386342487699455,0.12570280401393424,0.12293026839605299,0.12220591939966816,0.12403656466474948,0.12211878063684269,0.12414931941000054,0.12511634831876894
2020-10-06,0.12467895238295999,0.12222092706176596,0.12311301064794292,0.12375010184422078,0.12473093608360783,0.12387230482030477,0.1238803825831612,0.12375587645241404
2020-10-07,0.12283922386979816,0.12420111195418453,0.12380754737285433,0.12281678175125266,0.12302312373266311,0.123577454317767,0.12328735243891789,0.12672297515008926
2020-10-08,0.12501756086522084,0.12122474218809802,0.12456857727947421,0.12436623641560254,0.12571737023950916,0.12560738896776616,0.12115190632910106,0.1219939217113471
2020-10-09,0.1239730088950461,0.12133085701577345,0.12499847825543474,0.1242268172452082,0.12459459026409175,0.12310912694808435,0.12368699414296669,0.12434155380223239
2020-10-12,0.12401536262339402,0.12351909877931071,0.12394785845784435,0.12303267337395163,0.12305286494163138,0.122823536989838,0.12490319432125369,0.12504349385893196
2020-10-13,0.12297871629274372,0.12438933840872979,0.12513152759496468,0.12283633672256455,0.12450518924720787,0.12392860202658297,0.12360571488508824,0.1226002354525134
2020-10-14,0.12322947263732023,0.12284443850484586,0.12381733887270399,0.12394533426741057,0.12489119412339302,0.12433654244809417,0.12335853135450936,0.12353719420877783
2020-10-15,0.12406908589589015,0.12174929423410251,0.12278077106429777,0.12373386726069499,0.12617488650600447,0.12498418915311188,0.12330625291205556,0.12334799369344115
2020-10-16,0.12418479454363406,0.12487610633554595,0.12419184144894757,0.12416474299687044,0.12183060278443256,0.1243816808015611,0.12341903582477284,0.122811176076514
2020-10-19,0.12303297627291575,0.12307291462039029,0.1233036915812922,0.12370392117875287,0.12391429929297959,0.12709838046488967,0.12160288048594939,0.12439618741809771
2020-10-20,0.12294115363338963,0.12284737389394472,0.12315546239633045,0.12374433151345954,0.12317544811503868,0.12490871770472617,0.12431574899502422,0.12466234782996961
2020-10-21,0.12387577928457151,0.12061665177539793,0.12359960034429711,0.12322232971118437,0.1256677030324352,0.12472682569528708,0.12378599036618629,0.12419320582482728
2020-10-22,0.12375850957246767,0.12346098489916846,0.12199826051588189,0.12458270507778338,0.12316412014848652,0.126604069248649,0.12258466361610555,0.12374370397210278
2020-10-23,0.12258419759418736,0.12592353663215838,0.12400063084181442,0.12416125299515562,0.12199685851238111,0.12149053253098133,0.1253865822609517,0.12417713519752703
2020-10-26,0.12325437085044638,0.12471753002183987,0.12358806949688662,0.12298070712260621,0.12397922058343805,0.12433282398939796,0.12253843416482577,0.12438221107448992
2020-10-27,0.12296532942043227,0.12043759691697019,0.12425841486240122,0.12304185403625807,0.12351293486205336,0.12483563242280017,0.12586061225247797,0.1248412699543902
2020-10-28,0.12441005290321666,0.12169688361916686,0.12684469317508185,0.12300315647346695,0.12614181678236797,0.12380268519817297,0.12022304704055276,0.12374129450499424
2020-10-29,0.12600414795336848,0.12295628486487281,0.12370490393542048,0.12365413237789796,0.1262876159301568,0.12282826559641412,0.12270247441413003,0.12208860066439255
2020-10-30,0.12589294993205433,0.12169245213600324,0.12371057889673234,0.12468748029246518,0.12270968283543009,0.12542408509992273,0.12153776252300826,0.1237755334159132
2020-11-02,0.1250256345161834,0.12210993965892827,0.12448596153422181,0.12291186481976431,0.12499797455142685,0.12159624934979926,0.12323564685811095,0.12561697289743895
2020-11-03,0.12345668251707144,0.12421261354002903,0.12296889936054053,0.12078842957051246,0.12650469102306977,0.12383927871693061,0.12451035455174046,0.12389895328686529
2020-11-04,0.12460042198435453,0.12354310848259595,0.12466952475645492,0.12302937024906709,0.12397502575416408,0.12216982181765583,0.12555899253597716,0.12262968251731808
2020-11-05,0.1290693376442133,0.12121249942943844,0.12208546750562778,0.12431526944665208,0.12481292885713133,0.12544465426835608,0.12175938290661557,0.12155084084192623
2020-11-06,0.12449095852142386,0.12480048984944271,0.12262145159455796,0.12179650963860836,0.12451536739635083,0.1231771179638949,0.12526132375562032,0.12353332499559823
2020-11-09,0.12414707121761376,0.1255097577736387,0.12409101506930278,0.12276781023885106,0.12484032012856323,0.1263041438302299,0.11914386019542171,0.1228271504781896
2020-11-10,0.12393143783405158,0.12062374765536309,0.12367631641126606,0.12400893375573417,0.12618242759267334,0.12736102026471424,0.11868956811509732,0.12540575137111304
2020-11-11,0.12293395240324224,0.12416261944844896,0.12469561827969321,0.12317636765283126,0.12506384681423516,0.12236512294100875,0.12465958906436193,0.12339199484741761
2020-11-12,0.12294468038875764,0.12586128914594064,0.12318771620640633,0.12248585182241803,0.12318072396151279,0.12404003188346605,0.12485526135193169,0.12335606011225571
2020-11-13,0.12473119328870316,0.12186077552920083,0.12356383325969891,0.12306451890115014,0.12387246850963259,0.12603910498019874,0.12080569944582227,0.12588091934863452
2020-11-16,0.12346803538046203,0.1244692016100289,0.1226087149751693,0.12265582621255026,0.12334886315722654,0.1252996707599637,0.12386455662774096,0.12454050715659361
2020-11-17,0.12487324114824604,0.12325383646106547,0.12430311473968018,0.12448347964253437,0.12283361418071326,0.12611092402889776,0.12290413965211137,0.1210321766458799
2020-11-18,0.126116616002664,0.12346576193795003,0.12407783721342461,0.124586498952569,0.12252320179209254,0.1228799776150418,0.12383235760375436,0.12240951631397637
2020-11-19,0.12464531698539277,0.1260774278718997,0.12294977291027623,0.12355965559590565,0.12365564074662935,0.12480518283000787,0.12327862681174787,0.1209914719499733
2020-11-20,0.1241907918437299,0.1240300029309056,0.12458634873231446,0.12439999635750086,0.12358271534312874,0.12480525436647062,0.12132293554255999,0.12300184047545869
2020-11-23,0.12762030128907423,0.12196791562167,0.12202866966019875,0.12272562947443717,0.12542257896229933,0.12533420885644642,0.12173441392989298,0.1234888543904907
2020-11-24,0.1272186793276579,0.12303962055718518,0.1236441838727017,0.12513148323758333,0.12324511889436286,0.12357096391436691,0.12223690268734676,0.12166437600876635
2020-11-25,0.12114315292966522,0.12514199451361369,0.123587537042847,0.1231374784878631,0.12311726124414925,0.12307738813776735,0.12544046660019723,0.1251800788402625
2020-11-27,0.12430614448618364,0.12215326659060995,0.12569840817998623,0.12359107441740858,0.12476313491219403,0.12379866102678641,0.12222571656536486,0.12352416165684278
2020-11-30,0.12326070621300977,0.13002266707063473,0.12200567987145511,0.12489467842195354,0.1221035869499344,0.12189488739886857,0.1238043677580437,0.1218653104534563
2020-12-01,0.12413430572626168,0.12308706556678192,0.12292199239256206,0.12291921745098211,0.12435536395243661,0.12576812145407198,0.12141003021985053,0.1250268596694819
2020-12-02,0.12483661453891183,0.12361556087375417,0.12354625244855942,0.12218910927061957,0.12615168255797815,0.12546316531013268,0.12427482849385356,0.11977965845510097
2020-12-03,0.12541676845974908,0.12232392686914477,0.12377006525206403,0.12319472323393905,0.12591463683354692,0.12370660308097632,0.1229620048854253,0.1227187437104941
2020-12-04,0.12397248201528431,0.12295956819783363,0.12382083329291688,0.1238423189989944,0.12454128911405848,0.12509682764253469,0.1220386733774998,0.12394595212416054
2020-12-07,0.12325995225894079,0.12211443655242311,0.1246294176074396,0.12483212348840039,0.1255561238322737,0.12235746164265192,0.12330645134960672,0.1239343518147171
2020-12-08,0.12433742722165164,0.12213176217231829,0.1244903008421166,0.12508453290513435,0.12534405329546452,0.12565992416522526,0.12147856441758519,0.12140506930634076
2020-12-09,0.12420402038988504,0.12243226412229256,0.12349691318415809,0.12569733173670367,0.1228936550731002,0.12366556125905302,0.12291115579662446,0.12452973945225443
2020-12-10,0.1238879554165605,0.12527248986357165,0.12444322135524484,0.12221622224936994,0.12243862555499346,0.1243776154735651,0.12337049070261034,0.12409797579786527
2020-12-11,0.12493969700108994,0.12356619882130748,0.1230966458970135,0.1237260223754851,0.1239856577552286,0.12343362458828114,0.12385548116148402,0.12344158028473318
2020-12-14,0.12309167707559779,0.12645997073222734,0.12302177234960901,0.1244383721603157,0.12214304972367872,0.12333311483453842,0.12516790939307781,0.12259732990700639
2020-12-15,0.12169967871852086,0.12545175958202234,0.1251925861087184,0.12449486229984244,0.12251188210410832,0.12424459101711165,0.12318387600712184,0.1229766118856271
2020-12-16,0.12418500165493492,0.12385371818392345,0.1250362389463553,0.12614497734951302,0.12317436062501114,0.12208911002203864,0.12218772470273358,0.1233209838895139
2020-12-17,0.12261019422181713,0.12398551333517646,0.12452105417165847,0.12477713953382168,0.12377930839646013,0.12239214775539568,0.12440699135619093,0.1234567149327022
2020-12-18,0.12202453882160967,0.12277049403985223,0.12417310146564546,0.12735902845965094,0.12341085952677727,0.12213055883920067,0.12350292013789312,0.1245843569478536
2020-12-21,0.12467584561344083,0.12044365441760398,0.1249366613895607,0.12221325212839054,0.1254236586778945,0.12431844046545429,0.12440803588761025,0.12350156220794113
2020-12-22,0.12304619694991192,0.1238396842971681,0.12506280532168473,0.12532651727256258,0.12371067838388734,0.12249303198853949,0.12397104750889594,0.12293521660603063
2020-12-23,0.12228290351987801,0.12352197214599316,0.1247027194371727,0.12307784344504265,0.12360998102256228,0.12465931779863568,0.12324840198531273,0.12449422987492571
2020-12-24,0.12374107682006912,0.12289903471534738,0.12419616099601978,0.1237373627219755,0.12461329665326622,0.12360463565275304,0.12247559360725582,0.12455366047125978
2020-12-28,0.12344528300616651,0.12358183119794072,0.1238475015794916,0.12466613495742646,0.12317441895674835,0.12364964079748873,0.12381641297521861,0.12393425190651498
2020-12-29,0.12368701252709487,0.12337187473254531,0.12364733852220981,0.12308976612848153,0.1241477843155876,0.12339956692497024,0.12496416454380761,0.12335515585729936
2020-12-30,0.12460029810235204,0.12409457069917434,0.12255220719110042,0.12295758255294949,0.1238629818092234,0.12466412467607313,0.12377249556514866,0.12367108606182718
2020-12-31,0.12300373431026468,0.12327454091050027,0.1231646485294176,0.12417624970088417,0.12116608746906112,0.12876563852522838,0.12297176454823756,0.12328632201117101
2021-01-04,0.1240795687112977,0.12486502557579683,0.12485953053971709,0.12060595718770317,0.12457417733743988,0.12089049525206888,0.12469597353425818,0.12511521292093808
2021-01-05,0.12597902125046956,0.1226083552770508,0.12423355760731089,0.12235137626945448,0.12555641330422315,0.12302846261582959,0.12455686802734735,0.12211277949642275
2021-01-06,0.12731377656725626,0.1217673223942789,0.12309624217258547,0.12413634968719076,0.12525709518935443,0.12471924347282368,0.11806298788655754,0.12566670932082522
2021-01-07,0.12437899335322519,0.1260122900067071,0.12227112286364555,0.12429872753148942,0.1228856646614228,0.12281280009337026,0.12445185886497695,0.12330505498752456
2021-01-08,0.12577938214497855,0.12489187184845144,0.12553732431483347,0.1261023382492238,0.12344301352542858,0.11887873448958858,0.12567548962139594,0.11947289936772347
2021-01-11,0.12508167478930832,0.12495424985852736,0.12261588757821763,0.12222934871861288,0.12567604299480983,0.12385040720808584,0.12264260747207566,0.12345544462641288
2021-01-12,0.12566713381834752,0.12064484073017698,0.12522537133583142,0.12400722611394659,0.12766521669643136,0.1241153413814884,0.12115455069571834,0.12167064245265656
2021-01-13,0.1219347080388061,0.12306991010349094,0.12566531543903656,0.1252216752589836,0.12315851281079361,0.12625889821078318,0.12510544158571296,0.1195361077956131
2021-01-14,0.1261467854417047,0.12105414388963393,0.1259556899890161,0.12197235288226989,0.1260845220423601,0.12458247899360332,0.11898294705942879,0.1253342178276072
2021-01-15,0.12343386867806548,0.12208415120413928,0.12446520418943052,0.12494673391416079,0.12461069982306835,0.12553993265188138,0.12210074869325173,0.12267697617999815
2021-01-19,0.12565915187224314,0.1206739426461655,0.1246458506374364,0.12378428945590078,0.12543019939684008,0.12734955183639576,0.12090575046174239,0.12172224477160835
2021-01-20,0.12322115138724873,0.12306767432084137,0.12441246443866387,0.12620846146812306,0.12136548442040553,0.12225721490743285,0.1279959823181531,0.12158057533467656
2021-01-21,0.12125197276487941,0.12553574013344015,0.12337004406713184,0.1240289418591972,0.1214109842877436,0.12400566007633136,0.1268858422689909,0.12336908013877389
2021-01-22,0.12239042315175416,0.12246808333987745,0.12568690793991658,0.12491310369550829,0.12460893443789804,0.12170780117821439,0.12436994516634645,0.12350978834612003
2021-01-25,0.12500029797613565,0.12428175007555878,0.12550331271288862,0.12327873494163837,0.12376128327773676,0.12144135078234541,0.1233826013109112,0.12330628528798372
2021-01-26,0.12226401664160086,0.1258448005727957,0.12293458511519499,0.12619032525663407,0.12221596003541704,0.12234998177492151,0.12451227874097018,0.1235178827237815
2021-01-27,0.12277510183725973,0.12425255774275401,0.12470110425378428,0.12438140539236654,0.12159647781122021,0.12347543272059373,0.12440625883366295,0.12414014981615651
2021-01-28,0.12405047459708142,0.12090838276981625,0.1255197633213839,0.1233133636381293,0.11961526448076579,0.12626469195291803,0.12462227340686291,0.12567619311349704
2021-01-29,0.12131931495623322,0.12301615846628225,0.12444156346208617,0.12594198530580702,0.1205292010953663,0.12588127359237453,0.1252043057455758,0.12350550628742361
2021-02-01,0.12409121656226621,0.12285125699276171,0.12348797536994448,0.12484449119871598,0.12426532703427474,0.12321853004441186,0.1234771431897587,0.1240072226753691
2021-02-02,0.1239845653413741,0.12353454447120703,0.12295757502599992,0.1251346514460114,0.1241248770468544,0.12356488534924974,0.12447068895679883,0.12228589577149274
2021-02-03,0.12119549070905962,0.12533017406155236,0.12442301090129393,0.123479455118859,0.12275732088847781,0.12211343965894783,0.12561629927785478,0.1248736771306999
2021-02-04,0.1252621715811999,0.12130411928654478,0.1237169602166724,0.12439526850924097,0.12520792805620615,0.12481145841689056,0.12302879403959771,0.12245015045598934
2021-02-05,0.12073336838000122,0.12510137347037475,0.12497192622263005,0.12350337890065799,0.12217106025517364,0.12467828657160775,0.12423237787564648,0.12447360564990381
2021-02-08,0.12515303647912923,0.12458261287551334,0.12157794371993344,0.12104965599983895,0.12418243408096122,0.12360360590407471,0.12651268761880494,0.12387661277273138
2021-02-09,0.12350197245556421,0.1238209729838293,0.12399873061938034,0.12491820676571957,0.12272245713413364,0.12418127309402845,0.12380209598944544,0.12326684938515167
2021-02-10,0.12305130393225076,0.12518702973070917,0.12329505005106263,0.12241844214720786,0.12391846060805768,0.12184165195448991,0.126869584256881,0.12363721238631288
2021-02-11,0.12661186640840316,0.12030022326273748,0.12390782164803144,0.12156507811321314,0.1278059968999519,0.12333728613349736,0.12278960216947932,0.12371352212329786
2021-02-12,0.12623643954005978,0.12333118221221047,0.12347662401854193,0.12401434601552316,0.12565964050675993,0.12468141380631984,0.12127028570798845,0.12142646996912418
2021-02-16,0.12435147542422557,0.1210417828249571,0.12378401977416487,0.1239737311396749,0.12489747225916285,0.12245418160155051,0.12646533235442345,0.12290213560424092
2021-02-17,0.12406767108037589,0.12396293171003561,0.12281534965086598,0.1246155910418041,0.1255431071485773,0.1238963139637251,0.12288290913480387,0.12218175530144111
2021-02-18,0.12270446074181822,0.1228364244213668,0.12292400592949214,0.1243475907006879,0.12338216405784104,0.1264528587996821,0.12415826268477195,0.12311970469811126
2021-02-19,0.12165297600775694,0.12336071603260344,0.12412904161821267,0.12428228107239606,0.12468197323316976,0.12481648091595264,0.1227887008332477,0.12405772913541799
2021-02-22,0.12362461135212402,0.12257291416086177,0.12484969694418999,0.12481575438234525,0.12217224359983712,0.12221405624939256,0.12297504329552515,0.12654510295745167
2021-02-23,0.12558783866310705,0.124001991114058,0.12321545480856533,0.12248266115381003,0.12337865956887967,0.1263220206117521,0.12261984025017006,0.12228542719756072
2021-02-24,0.1269875238776498,0.122645457063563,0.12321424633157887,0.12207694845355914,0.12742287659167453,0.12464925697166757,0.12188897006463909,0.1212834679859556
2021-02-25,0.12226867376425235,0.12413101331550963,0.12468596039357908,0.12497034960853916,0.12070453287863578,0.12520761230860122,0.12295976773980404,0.12433168661611015
2021-02-26,0.12444976423074541,0.12408692306530447,0.12181938500331799,0.12356312570319473,0.12496251868293334,0.12539998349597664,0.12260799621723349,0.12320077262077961
2021-03-01,0.12350789933111987,0.12364212921530457,0.12456837685113088,0.12482556516781607,0.12715167024614163,0.12271194193074347,0.12188966295530462,0.1219548754040035
2021-03-02,0.12273219393271256,0.12342693408228202,0.12402179837411537,0.12495597468983036,0.123086965334132,0.12389230777442832,0.12274467559221142,0.12485745721431228
2021-03-03,0.12466675944159214,0.12255018582171089,0.12323164873472446,0.12398892691264746,0.1233649617144762,0.1256744337074933,0.12182083624460534,0.1241207785819627
2021-03-04,0.1215865464979349,0.12530637741849554,0.12272919113452213,0.1244881489257956,0.12464797344010255,0.12302631318267204,0.12495471584727269,0.12269107557868827
2021-03-05,0.12542097196752358,0.12279742984556748,0.12314669078984031,0.12249328113834287,0.12475744772649597,0.12558863780693688,0.12249479227526829,0.12350949986909035
2021-03-08,0.12299693010238676,0.12418713133416737,0.12498626601100435,0.12352045962090528,0.12156081230664868,0.1260658417199711,0.12200489314519908,0.12401439563408156
2021-03-09,0.12536020292365346,0.12410074125549124,0.12398617893083021,0.12321109817841405,0.1250663262027016,0.12304747795526268,0.12490477428455592,0.12030087492506232
2021-03-10,0.12480278312060722,0.1246718183936263,0.12403175878714294,0.12520938712339794,0.12125466820931716,0.1214602794508599,0.1245400890467043,0.12368807696013744
2021-03-11,0.12268182679777648,0.12533348285225987,0.12217295798478063,0.12403199452854988,0.12285884974754263,0.1249156044618758,0.12316757514642097,0.12518445529022698
2021-03-12,0.12264279094398942,0.1252071909845971,0.12372879131501509,0.12477482985907129,0.12287968148884744,0.12344939104174364,0.12494088160512855,0.12244352952055763
2021-03-15,0.12193836502088662,0.12279461750373624,0.12360108722822423,0.12609215597475643,0.12520697741586723,0.1231700980139251,0.12501074940318552,0.12211389448237996
2021-03-16,0.12471752650862543,0.121830887413451,0.1238477281200403,0.12522675335382674,0.12447953284812932,0.12434191137899905,0.12281418252573022,0.12278990042837683
2021-03-17,0.12480324542866009,0.1221288388022862,0.12357586164345692,0.12449145292992297,0.12424467988646572,0.1256170574317662,0.12362193649150406,0.12186477752593912
2021-03-18,0.12324061826851995,0.1222470220799001,0.12481204685006127,0.12431346041728575,0.12640755169757603,0.12279495820973195,0.12302988097006692,0.12308500779024517
2021-03-19,0.1231417823406455,0.12365816532657471,0.12362848252921757,0.1274428303499695,0.12309614118012745,0.12297024011810553,0.12368841089756807,0.12196139237064917
2021-03-22,0.1243858540652156,0.12281136734855465,0.1243852050894539,0.12319664364726665,0.12391657626224784,0.12160458562890154,0.12492857586193924,0.12488459605650216
2021-03-23,0.12347266853944976,0.12418041436912079,0.12457851372778844,0.12434827887254621,0.12271901417983212,0.11911419529944263,0.12544596036207115,0.12588136938059813
2021-03-24,0.12566054884974343,0.12526247107714475,0.1254040026520473,0.12371936526194652,0.12320580312264677,0.12109171293742803,0.1222881647266352,0.1230509768461823
2021-03-25,0.12307324776333371,0.12268225034732078,0.1248852402941726,0.12389520056886827,0.12254920083020367,0.1262723586259258,0.12219107426304153,0.12460670149404743
2021-03-26,0.12699599515161372,0.11935892740266266,0.12581459147295745,0.12471211232681585,0.12555733601521651,0.12376445686011317,0.12082026912289422,0.1231968357477411
2021-03-29,0.12378746062977825,0.12502517766801782,0.12372138768835281,0.12307099863868427,0.1225083344060096,0.12342936279605597,0.1260935506086143,0.12277870594600128
2021-03-30,0.12554939278405103,0.12293682262126665,0.12373198106422757,0.12139553119016057,0.1251019045259021,0.12409871520869983,0.12398375824903582,0.12347211291404732
2021-03-31,0.12490958614922107,0.12432993738651424,0.12351336664045742,0.12250429416062213,0.12385464608911305,0.12258615148744582,0.12462252798049965,0.12388090914338581
2021-04-01,0.12465909448285041,0.12291401746244528,0.12482754579034815,0.1224369682659192,0.12727004519587715,0.12090996705745004,0.12358171589676926,0.12365379800661666
2021-04-05,0.12204921111704534,0.12342185164129138,0.12201456337351663,0.12600183970311807,0.12626066167012473,0.12365429749554514,0.12496386666385798,0.12162925914058963
2021-04-06,0.12097490004882554,0.12509044230465344,0.12367141728723352,0.12518102328530264,0.12356287990513816,0.12452085613850211,0.12375268223083713,0.12316815058114076
2021-04-07,0.12246974624510887,0.12503282313377143,0.12332840449000265,0.12432547367367673,0.12463907175391992,0.12331362116425357,0.12603025720974778,0.12087617101567555
2021-04-08,0.12224218043379599,0.12363894803860294,0.12421640186015098,0.12296113066186262,0.1237760041469606,0.12372375966984758,0.12415144508307935,0.12543070960322053
2021-04-09,0.1236456957717206,0.12318844865176165,0.12336357257191352,0.12442587291168589,0.12278082784097005,0.12437318033276154,0.12498112539206578,0.12341704249548517
2021-04-12,0.12133496306575398,0.11861622895068988,0.12364745582500863,0.1245654751805351,0.1222914891359809,0.12463874715090979,0.1321017136396042,0.1225415151788458
2021-04-13,0.1230648705274867,0.12527090261086413,0.1232236376048254,0.1246974958796574,0.1224519428907542,0.11934608764289859,0.12837588293722582,0.12330956501689973
2021-04-14,0.1244039168790369,0.12306183177044062,0.12422445213319755,0.12380446747626853,0.12479796547180451,0.1235465933692621,0.12235824898968123,0.12396567186055
2021-04-15,0.12211583035804868,0.12769862153661476,0.12493103379190953,0.1228937491877199,0.12384268317446355,0.12132430587695076,0.12725504123705378,0.11991901926037196
2021-04-16,0.12426157188912207,0.12258022182446844,0.12534927339168267,0.12361151139479866,0.12293819763500745,0.12434959297460561,0.12320825396089664,0.1236832925021113
2021-04-19,0.12409981875410393,0.12464977245052723,0.12497728661512147,0.12254405336315638,0.12199298520558856,0.12331779390093071,0.12479780281313087,0.12343619782221382
2021-04-20,0.12412313507971554,0.12273552611404723,0.12331789796281552,0.12413890238023281,0.12413414099727395,0.123740113213033,0.12389424133464347,0.12394921910936747
2021-04-21,0.125247658869779,0.12444809741468191,0.12405612534691893,0.12166201245339929,0.12491508834606985,0.12381475929587023,0.12237872492716474,0.1235033055469753
2021-04-22,0.1244450478917209,0.12331991188542711,0.12402484441018508,0.1270459872502298,0.12149315127554505,0.12201608622100898,0.12270722536049436,0.12478117004125067
2021-04-23,0.12306900237196125,0.1255985795592893,0.12397860578046684,0.12384879585290819,0.12289170480620706,0.12270241988677448,0.12427011045706472,0.12397165039744854
2021-04-26,0.12386472322536517,0.1248921099073048,0.12227145847799849,0.12314035879573973,0.12478710962373978,0.12356357981485727,0.1239832937934093,0.12342343325885423
2021-04-27,0.12331783592572693,0.12388437637530951,0.12476378497330619,0.12237555359329604,0.12407601205250206,0.12473452226704276,0.1229801227433974,0.12406922801774888
2021-04-28,0.1244565858089694,0.11875219748325816,0.1254961997196441,0.12366633373862959,0.12441857754651452,0.12299741536330998,0.12461218601393151,0.124972757086592
2021-04-29,0.12298557141997678,0.12326550418135629,0.12396090590201905,0.12377250488252738,0.12446594834222398,0.12515843035344526,0.12406586938010199,0.12300202529823005
2021-04-30,0.12546160327757147,0.12275962414736045,0.12386088788422987,0.12393700587116373,0.12306251503189372,0.12380297346515032,0.12368036835351959,0.12344719464262494
2021-05-03,0.12492615971281394,0.1207338587565026,0.12561428377485928,0.12340583152388591,0.12358200599423534,0.12340781544608892,0.12358946289108798,0.12434970451777437
2021-05-04,0.12318899681256731,0.1252069276640989,0.1229385044953245,0.12365877878163924,0.12372918417117917,0.1247604075797431,0.12172973436607741,0.12479380388833217
2021-05-05,0.1237100878300787,0.12314690542781989,0.12480378308462153,0.12300383438545677,0.12379893057961264,0.12458000179018011,0.12270166703967171,0.12416037467533475
2021-05-06,0.124555041657479,0.12298954545531225,0.12398197553692318,0.12389935898172749,0.12431605821516366,0.12272306919582997,0.12281370706930574,0.12463542484127212
2021-05-07,0.12408758508470816,0.12364647286681746,0.1250860383695415,0.12325231054679103,0.12469958211236504,0.12365291482875909,0.12364459718355235,0.12215825500547997
2021-05-10,0.12169434658239901,0.12511192300467316,0.12457078774184711,0.12497410844872237,0.12150692733071591,0.1222915316816176,0.12420979455603852,0.12550941511692504
2021-05-11,0.12298798047903163,0.1249972142430735,0.12251865318564176,0.12393766765249711,0.12446946105813664,0.1247260242992223,0.12385996968620712,0.12309656708492842
2021-05-12,0.12155610010594664,0.12575940768869456,0.1235711327530032,0.12448117768032838,0.12270441116520726,0.1227768101111996,0.12425090081886196,0.12494855870956555
2021-05-13,0.12563992439629484,0.12088400017721815,0.12468134138440916,0.12459570208825883,0.12669192369752694,0.12289978982866988,0.12112396501124087,0.12361109809851319
2021-05-14,0.12474465760751922,0.12249952950103421,0.12521354689680783,0.1232667719172955,0.12323541968990838,0.12296742558825838,0.12465293356115727,0.12374198801137513
2021-05-17,0.12458009943975554,0.12368477250457036,0.12385318972711597,0.1225666811781688,0.12328320620289378,0.12513142944508093,0.1232534853693689,0.12375626551079333
2021-05-18,0.12264489981542395,0.1254413794078389,0.12428523006785053,0.12305866271545264,0.12318960447743244,0.1235823792771507,0.12372882363014341,0.12378651309131171
2021-05-19,0.12508257175617782,0.1239159694544782,0.12313189809912624,0.12331406738423238,0.12559092959747079,0.12311512470492139,0.12305563123053775,0.12320026211680078
2021-05-20,0.12483828995079728,0.12339253258029702,0.12432442303360586,0.12375826997699105,0.12530804217610214,0.12219139779013015,0.1241182219379918,0.12220234642172097
2021-05-21,0.12418122174309891,0.1231277290827436,0.12404221275428053,0.12364031414622076,0.12368986325791788,0.12372027411482173,0.12415603199628401,0.12296588231377471
2021-05-24,0.12602040348677268,0.12194921614437382,0.12406575701880715,0.12251498358837329,0.12372053440154474,0.12387751637392153,0.12511086805188787,0.1231505898616972
2021-05-25,0.12529838599854923,0.12494377838547589,0.12454797182881393,0.12345933342848606,0.12414229117944205,0.12070601991752045,0.12340919526211061,0.12347737267409609
2021-05-26,0.122706776679866,0.12447639766661699,0.12315114327301402,0.12336367749043041,0.12294737366446246,0.12441733878019336,0.12339692073970593,0.12558434624610484
2021-05-27,0.12441213558626305,0.12344874994770659,0.1234743338492401,0.12476390518084682,0.12480854114912138,0.12515266063338998,0.12113855139935156,0.1227168590521493
2021-05-28,0.1217979585560848,0.12468074882446899,0.12365005020016838,0.12332356326080803,0.12212330291682577,0.1225985391325147,0.1283441796285158,0.12358633484654404
2021-06-01,0.12403128894405542,0.12468147570023419,0.12262846567171232,0.12286966528503442,0.12341703817807945,0.12360942739914842,0.12494789481181423,0.1237373518171298
2021-06-02,0.12363760554909116,0.12439515058280431,0.12333048066457242,0.12318428840678206,0.12292560277543507,0.12278465538444858,0.12690159007832463,0.12297490317161726
2021-06-03,0.12342649688982534,0.1232930981751617,0.12407818191257153,0.12328843038332073,0.12381013375674337,0.12189767083129406,0.1266053579644736,0.12305400135742384
2021-06-04,0.12383187178018676,0.12294945949985708,0.1237353986249236,0.12312126469420055,0.12434320015343278,0.12311596344902326,0.12552490139509048,0.12327532895106218
2021-06-07,0.12359990806102532,0.12371177967966972,0.1242416145407278,0.1213747336178157,0.12364724834891236,0.12505262503126155,0.12437256296047802,0.12387136101508672
2021-06-08,0.12248567117783593,0.12485232954835256,0.12470337137158471,0.12505265279801359,0.12259263114247483,0.11991334519785243,0.12576590667044107,0.12452109119499695
2021-06-09,0.12269661497735984,0.12320978109206321,0.12451226149868092,0.12407891946760774,0.12333179573694121,0.12235247677009964,0.1238272721828004,0.12616795707060274
2021-06-10,0.12360553972930353,0.12479948114361994,0.12457054543191937,0.12352366363188597,0.12418152473353558,0.1222579767099863,0.12297237986783793,0.12394596936553941
2021-06-11,0.12337876297547658,0.12327042463843521,0.12351854964125152,0.12407383117614837,0.12381798052920716,0.12235240942700053,0.12592057321250189,0.12364452428266409
2021-06-14,0.12418594979274768,0.12225390736542906,0.12402792083080476,0.12375943631279891,0.12381644495926533,0.12371579597374924,0.1232096956772967,0.12482848050647723
2021-06-15,0.12402808945900454,0.12251259210303314,0.12344138905536814,0.12294629481353594,0.12355698198076169,0.12684330485702416,0.12334047957516132,0.12353544031403438
2021-06-16,0.1230770064662254,0.12410825712507095,0.12402698251374868,0.12389742233449348,0.12375526919395143,0.12195638021773599,0.12523701527853048,0.12349870347390639
2021-06-17,0.12197076164956036,0.12723256653720147,0.12259655999303767,0.12317419397918491,0.12194474678379817,0.12271757712567087,0.12756548652013816,0.12301693123558798
2021-06-18,0.12189845970210084,0.1264365664583465,0.12301433324880076,0.1246189442949541,0.12215526833664239,0.1225275138627981,0.12491062406388875,0.1237936829584583
2021-06-21,0.12518660831624095,0.12235022401146639,0.12407654835057244,0.12460632517712737,0.12427433729962861,0.12378989158246506,0.1235096232295725,0.12211015361722413
2021-06-22,0.12363469772756765,0.12382206083178626,0.1240224528668408,0.12249872906029635,0.1239113041771984,0.12313983467663427,0.1256325216119994,0.12371274852434459
2021-06-23,0.12457933613777335,0.12331346230558335,0.12245249608656981,0.12407269634011445,0.12342093579086928,0.12478109190358035,0.12389694670263915,0.12341559751851787
2021-06-24,0.12437208208918368,0.12548460063673958,0.12358403395771911,0.12303687716016634,0.12347382371271236,0.12346838349265774,0.12289078903768073,0.1235402240084917
2021-06-25,0.1228298494141848,0.12405948531814116,0.1234626986792023,0.12242893544056614,0.12395605732005471,0.1258081480090946,0.12323694459480693,0.1238744237086337
2021-06-28,0.12378525573578399,0.12282730378483818,0.12291911537886122,0.12354856303189267,0.12382923355939017,0.12312284661110057,0.12594636338876808,0.12418031285126345
2021-06-29,0.1239317020913438,0.12560863906715622,0.12330211722964188,0.12388898638541694,0.12382231668555806,0.12175226614359205,0.12378508939485675,0.12374778333676104
2021-06-30,0.12352696167020207,0.12764448158096173,0.1225049938167606,0.12298106523443413,0.12306555731830243,0.12360716835858611,0.12319157116816108,0.12317162924062688
2021-07-01,0.12218508918671228,0.12478139936849662,0.12405929748966538,0.12354709671446232,0.12267697688891288,0.12225564119964492,0.12630122755634476,0.12381626971123598
2021-07-02,0.12252457002358788,0.12598339435467423,0.12417246135584369,0.12210003874149404,0.12239073698497586,0.12366351347141433,0.12462726111934196,0.12426157917852637
2021-07-06,0.12190682946412264,0.12384595815396843,0.12371587359618146,0.12489487561033141,0.12225949973303617,0.12466188707161074,0.12414954023967349,0.12459101803066155
2021-07-07,0.12344101091346721,0.12079562426210917,0.12632057191746424,0.12556627036646137,0.12364904774611264,0.12163075403108098,0.12409192424155019,0.12450995367049729
2021-07-08,0.1231660911702166,0.12495682797938144,0.12307831435518515,0.1241887054991881,0.12366506306526014,0.12371873429303236,0.12276335748259498,0.12469972379752979
2021-07-09,0.12338589041049434,0.123444280215472,0.1235965027929675,0.12478946132176158,0.12304410520204954,0.12417980935628628,0.12256861020668948,0.12492922922855887
2021-07-12,0.12330137446810109,0.12201025872133868,0.12417686212734934,0.12393695351596354,0.12413121674154731,0.12382185106751672,0.12421129576684443,0.12426589605658225
2021-07-13,0.12407086598410925,0.12350601562087585,0.12408458705130684,0.12371748905731102,0.12443937893384635,0.12259446192448771,0.12312403797852756,0.1247699170968345
2021-07-14,0.12346731077986701,0.12316280287017745,0.12517387848793152,0.12364173502090821,0.1229495491611037,0.12416719608333818,0.1223445228352957,0.12501505983233274
2021-07-15,0.12443422602967308,0.12233849518348136,0.12481823126219953,0.12479643294615923,0.1252681723554569,0.12405908075977691,0.12071549879536438,0.12337802809354276
2021-07-16,0.12217566592756741,0.12538016558424894,0.1249135365204444,0.12479281086452994,0.12265387677349514,0.1241639419237819,0.12164367585704669,0.12448544244453565
2021-07-19,0.12455807672095051,0.12375171767616618,0.12331017628007657,0.12205310728224018,0.12407444192927367,0.12269665639410743,0.12708672742333676,0.12291772291858312
2021-07-20,0.1255911067207032,0.12298333364206031,0.12401380816691168,0.12289277813077033,0.12525534522382265,0.12390913835425124,0.12218029192487743,0.1232597585623203
2021-07-21,0.1253054974067582,0.12334054547868993,0.12317566614285572,0.1227674370887693,0.1263601970213726,0.12330008186267585,0.12372664240007025,0.12205905673822762
2021-07-22,0.12406347188413698,0.12615683582355983,0.12338112599448524,0.12358328100188981,0.12465750062216772,0.12251771718646692,0.12359804458136234,0.12205118277344615
2021-07-23,0.12410467177119083,0.12488572048177983,0.12385927764744843,0.12435703215414179,0.12352158663294764,0.12357028047343632,0.1229379903147965,0.1226508561655357
2021-07-26,0.1241367294255868,0.12365666127475128,0.1232398991375744,0.12393308820986022,0.1237501283020275,0.12446424088586841,0.12355605322335309,0.12351541471076388
2021-07-27,0.12300981333572249,0.12292006069383936,0.12431863811426493,0.1240895596823889,0.12279872946672181,0.12429373537531627,0.12512781024303835,0.12336516360397674
2021-07-28,0.12318386468371363,0.12787203495019783,0.12361312818130848,0.12200814740923735,0.12368984538153009,0.12364587339440943,0.12317125140045804,0.12297286767855517
2021-07-29,0.12347017997136205,0.12987302472667714,0.1224904681904274,0.12302700688246941,0.12339782869502662,0.12343839225563104,0.12272964331172086,0.12199460232020011
2021-07-30,0.1243574780689015,0.12693384188779228,0.12215437562269124,0.12208379499872837,0.12644345225298004,0.12351298886266453,0.1217100668667418,0.12240087163075862
2021-08-02,0.12481218707019144,0.12711898448242656,0.12352487886127576,0.122606477898714,0.12311555375038011,0.12176405910521261,0.12402589713411925,0.12303807023752686
2021-08-03,0.1221699787609175,0.1274912680962372,0.12367988953823637,0.12257888346784937,0.12225903095831603,0.12533598559707548,0.12271603389485694,0.12339773377978559
2021-08-04,0.12225349109912236,0.12743575790581974,0.12324213426786407,0.12227575613214313,0.12263995568313264,0.12503752602405444,0.1241986271347013,0.12277954970451645
2021-08-05,0.12374789706648696,0.12041957168078489,0.12333762264647594,0.12405496185723397,0.12358385365862652,0.12401752967684039,0.1258422359398672,0.12491440953226185
2021-08-06,0.12451927445334501,0.12296905476087087,0.12326875415824097,0.12379949314394906,0.12473965033820665,0.12492641968539768,0.12275532167828807,0.12354057189107535
2021-08-09,0.12399828913390934,0.12102747570435525,0.12503169531960262,0.12458365213652178,0.12346781309393967,0.12296892666654216,0.12412529517621794,0.12483751250599512
2021-08-10,0.12248122348111701,0.12486539315905652,0.12578102746180056,0.12583420821780508,0.12186473872286926,0.12033264268628402,0.12437578782395138,0.12449419975519363
2021-08-11,0.12160154408983899,0.12527314981633375,0.12487700745483797,0.12485469985115359,0.12261866034132451,0.12327049319782224,0.12303159829806837,0.1246318806786554
2021-08-12,0.12228620381243256,0.12412950033637296,0.12395659684491095,0.1256809116390283,0.12181878523711119,0.12157682347615964,0.12538748103517441,0.12532950089731199
2021-08-13,0.12310021945734963,0.12648257610069857,0.12407601697398218,0.12351741213969393,0.1217746912220248,0.12389045437419516,0.12435881118988779,0.12307364318584639
2021-08-16,0.1256059481996553,0.12064475871234391,0.12362301353700701,0.12429334557350039,0.12536655954509796,0.1247342591305681,0.1225611709636302,0.12294630629293223
2021-08-17,0.12349104869784842,0.12551378649414544,0.12386103839005805,0.12291749188905852,0.12405944522361129,0.12577339327491718,0.12300523541608586,0.12157340770978653
2021-08-18,0.1242006094641974,0.12127202355136084,0.12508150221827208,0.12358095959434119,0.12388626997996839,0.12474347242286841,0.1226417380235795,0.12415483956435779
2021-08-19,0.12468202418164813,0.12225412170711968,0.12519563368075937,0.12368146636182127,0.12434413259192229,0.12229375783759648,0.12395334623968376,0.12350473013523058
2021-08-20,0.12099036347152418,0.1241590859936922,0.1245059835920998,0.12438257597539705,0.12029364744840418,0.12392635581926836,0.1291331722426308,0.12261067412636309
2021-08-23,0.12393686500776384,0.12512993298201508,0.12370932772157711,0.12249334555038238,0.12340194887379397,0.12272127611767998,0.12688506811737113,0.12201169634520807
2021-08-24,0.12387169945008862,0.12216820228849935,0.12388658742927962,0.12371358095550475,0.12385797899021321,0.12368796750850128,0.12443946892141745,0.12428444015969667
2021-08-25,0.12379463633950326,0.12279456237975164,0.12251752120518322,0.12307010479674425,0.1229314518881239,0.12495661320680954,0.12528634238110223,0.12424838519628634
2021-08-26,0.12385337010645986,0.12246320823591945,0.12435589129611836,0.12465062323251475,0.1233888786654004,0.12317754558048115,0.12345719306707001,0.12432213276886885
2021-08-27,0.12448024557596102,0.12480890417902549,0.124033605521265,0.12322354787946116,0.12532770830134277,0.12358291851571712,0.12350994747821742,0.12141734683214829
2021-08-30,0.12333740178645332,0.12328664809053362,0.12466342707825344,0.12418997025340166,0.1233360322988289,0.12285423315375067,0.12376005393609303,0.1245814722016989
2021-08-31,0.1234047411757583,0.12400543391943739,0.12326912286592372,0.12384345943620842,0.1237813801964754,0.12464419829341113,0.12290813724645347,0.12381915074707582
2021-09-01,0.12238766540419758,0.1232050453421547,0.12493586047314617,0.12364384394850889,0.12289579212663941,0.12366603087967586,0.12418008152997308,0.12492161207997503
2021-09-02,0.12346786809427795,0.122469122798168,0.12529981820075223,0.12289237185373252,0.12359785946990971,0.12504346908464656,0.1233012382604063,0.12381929901850831
2021-09-03,0.12401835112702238,0.12340280791587468,0.12358315176280146,0.12288315824334248,0.12409265373433127,0.12213186060390778,0.12503692237778394,0.12485302887482909
2021-09-07,0.12423823590940974,0.12322084401754795,0.12387893193032111,0.12388322011260627,0.122900222342703,0.12393329912835241,0.12345212266719297,0.12446351817715356
2021-09-08,0.12334429930607749,0.12195707884793515,0.12534078168131726,0.1240060921418309,0.1233995002557718,0.12360510371209908,0.12410338616924534,0.1239716279252071
2021-09-09,0.12473416638836682,0.12244124626107633,0.12287638233368096,0.1233201646162406,0.12558182318410255,0.12504192827896923,0.122415031849563,0.12365423553763799
2021-09-10,0.12325257316168088,0.12222079415525006,0.12282466586142698,0.12457570456768832,0.12371781177023558,0.12409361178730267,0.125023642254506,0.12425021189392921
2021-09-13,0.12473333326048115,0.12329996315402914,0.12412905222283362,0.12333752968689748,0.1251275128990303,0.12373960989517901,0.12117881092688622,0.12452612227330365
2021-09-14,0.1251943853087484,0.12387413420793955,0.12422217533257439,0.12359599507106785,0.12397469552991718,0.12287922576060635,0.12319813825940967,0.12308808503607457
2021-09-15,0.12425760092256907,0.12270195173412951,0.12349229668175155,0.1250236767190083,0.12510731819286672,0.12438666747804222,0.1232432851230996,0.1220066735836986
2021-09-16,0.12558001631200053,0.12359757551432543,0.12350042061573036,0.12284977451019041,0.12475813508558065,0.12454887030196238,0.12240946398934857,0.12288843567922486
2021-09-17,0.12340580883486466,0.12309291585826077,0.12290396698856403,0.12558737224149671,0.12411722391158282,0.1251486443591889,0.12283989710057121,0.12254413897456506
2021-09-20,0.12317494828064408,0.12407427649917173,0.12438718498635865,0.12331747027006545,0.12331616573247643,0.12396520890222681,0.12391714038273585,0.12357216080564146
2021-09-21,0.12268692913138066,0.12527309302245368,0.12394233241532882,0.12382603713627138,0.12316443933857542,0.12318517537175046,0.12371008741869138,0.12371403971392816
2021-09-22,0.1236115854261883,0.12399896502080714,0.12374851604202608,0.12371271758893469,0.12360574319776352,0.12370115090831522,0.12528821200293416,0.122578888683568
2021-09-23,0.12444594208215864,0.12435235718813502,0.12321257053546529,0.12306774583166984,0.12507496518231662,0.1233473462440681,0.12477445686581891,0.12181308581178832
2021-09-24,0.12530757426867084,0.12380556235800569,0.12305166352589483,0.12370192718333026,0.12468755696731723,0.12410265134784422,0.12302921839534608,0.12246420010757667
2021-09-27,0.12514664628056052,0.12599308860953232,0.12099407589675241,0.12363538282213353,0.12517261423698003,0.1249362476833203,0.1218678978587437,0.12286987068497601
2021-09-28,0.122353537985371,0.12063146577797847,0.12436116192269513,0.12542537176576077,0.12480385457199529,0.12456715854983307,0.12362348269824414,0.12424456915278363
2021-09-29,0.12177599726118765,0.12367334785033092,0.120763274987471,0.12526679196615403,0.12231988867360583,0.1269270176529242,0.12377693583700955,0.12556411080400628
2021-09-30,0.12395939923867867,0.12583713230096305,0.1230752973560602,0.12241372784666218,0.1236853632990164,0.12272501292299004,0.1245219716019874,0.12396841375304889
2021-10-01,0.12404796889440156,0.12399155499018658,0.12339412496184039,0.12379777609379254,0.12380006879986795,0.12331680669761395,0.12412506442886279,0.12368506044877209
2021-10-04,0.12371151878519765,0.12458526108168229,0.12331148361542735,0.12398413388223428,0.1227901485374258,0.12618162193340593,0.12145718397080436,0.12406989174673404
2021-10-05,0.12363768303512897,0.12415338356463675,0.12439850968473973,0.1252686987661665,0.12265013340749949,0.12184110584030272,0.1259066590772034,0.12233456548215756
2021-10-06,0.12236867571171475,0.12623198970277227,0.12360198917988413,0.12383189154880056,0.1225400423236262,0.12240087554310095,0.12592885698712308,0.12316960780573892
2021-10-07,0.12286690575718781,0.12604486184526642,0.12408884123782145,0.12393061331668277,0.1218076280224124,0.12385278850437914,0.12375452453271718,0.12341772706643032
2021-10-08,0.12332446950937968,0.12385114384665755,0.12240812117518662,0.12460395363231758,0.12345821198845537,0.12417319674329239,0.12375274918658681,0.12429500657317008
2021-10-11,0.12506511781381446,0.1236171039233552,0.12314798201985783,0.12382294112683728,0.12426889060330522,0.12234449166534929,0.12401854402441918,0.12374824557999485
2021-10-12,0.12390725211920545,0.12545580330269843,0.12432637500039011,0.12310657921766692,0.123364736430624,0.12077755731789576,0.12491370682126632,0.1241667151252671
2021-10-13,0.12304447435757053,0.12694081349072003,0.12380321515209793,0.12432890838968162,0.12150799342202386,0.12267935223611862,0.12371559462930717,0.12408923741009827
2021-10-14,0.12295579094366658,0.1244381278552627,0.12416841845954661,0.1239670777096408,0.12458377298767277,0.1234840588107729,0.1251733733572212,0.12108275151782222
2021-10-15,0.12309971640584033,0.1235447123536667,0.12531051860207945,0.12369166193445279,0.12328326282791935,0.12298153155371191,0.12426988463710227,0.12381291490715485
2021-10-18,0.1241673135806591,0.12661641443641808,0.12391070362510578,0.12241233655248898,0.1233337974441016,0.1219001415654422,0.12433662404952092,0.12350295762226034
2021-10-19,0.12419629664308231,0.12320460050621967,0.12491672067290122,0.12425663888356572,0.12314344200979405,0.12314327258189367,0.1231020317758605,0.12424615014977657
2021-10-20,0.12440588983834638,0.12430032620871487,0.12183993671546922,0.12400449076165794,0.12303822973200917,0.1261245434035694,0.12309139157965522,0.1230234881531425
2021-10-21,0.12301340800531983,0.1246632464704652,0.12512315906830504,0.1228366189890332,0.1238107187552563,0.1229424669166624,0.12498369306987685,0.12281518006362875
2021-10-22,0.12515700446020805,0.1234536133209492,0.12492652185199157,0.12440728620434857,0.12376957675267973,0.12243206335400586,0.12396508953750504,0.12209723101932302
2021-10-25,0.12365913531579964,0.1257486076229826,0.12235018984411017,0.12520406319052835,0.12250832228928071,0.12257269442463675,0.12514834535165567,0.12303484777695028
2021-10-26,0.11925049064956554,0.12420816502678697,0.12321448283193277,0.12631304873899424,0.12225221321192548,0.12325183668924292,0.12804000773020624,0.12320054874339419
2021-10-27,0.12278714544732276,0.1244893358755067,0.12453257058110156,0.12204334141354613,0.12509290110619162,0.12332141353853568,0.1239588176838304,0.12352358456719205
2021-10-28,0.12438322599321792,0.12140199504854439,0.12316170769145773,0.1243320973573618,0.12378695214253084,0.12375816664045006,0.1236158561341925,0.12560161321720129
2021-10-29,0.12451108207697616,0.12184152125309387,0.123429229057709,0.12473301766569557,0.12371916759528781,0.12384345819573342,0.12559676220375682,0.12241799569861612
2021-11-01,0.12441222777366723,0.12781121123871989,0.1219943350165802,0.12162865581182376,0.12383389557832712,0.12512326473964347,0.12300379193494158,0.12249158191757585
2021-11-02,0.12414511751924381,0.12524199371991326,0.12235249757652579,0.12462879524501345,0.12253491504178828,0.12311120682537195,0.12514092513959338,0.12295688829353896
2021-11-03,0.12391476330983905,0.12544952394891667,0.12427197643518931,0.12353378347616133,0.12388322286653233,0.1234505259325771,0.12244622469751011,0.12314803388912084
2021-11-04,0.1252136361995635,0.12471066055705836,0.12223069685909295,0.12055146931961516,0.12271642012466691,0.11951632851029058,0.13104111877846505,0.12415087767035493
2021-11-05,0.12625004802733977,0.12122836229626316,0.1227568656425945,0.12551847866432878,0.12554207985392754,0.12337994044706845,0.121979129336541,0.12330941055219286
2021-11-08,0.12061735303205581,0.13289968037999841,0.12107712549771822,0.1214593961883888,0.12093822260474844,0.12393283113995351,0.12451940347206139,0.12446570404699112
2021-11-09,0.12687433459426292,0.12032336371784538,0.12390260589397355,0.12387873714107088,0.12661207004438985,0.12499769760827405,0.1181722136222931,0.1247301849585215
2021-11-10,0.12315129192102345,0.12170154954317083,0.12345906194235101,0.12423300571389895,0.12369617638143333,0.12421577107378923,0.12567357839637955,0.12401605141922456
2021-11-11,0.12447313781428365,0.1257494055362297,0.12338649786008853,0.12372637946377858,0.1231446360692922,0.12400423691472791,0.1230532770038168,0.12201800736084886
2021-11-12,0.12396872892588184,0.123826548820205,0.12396202328976672,0.12332251489839396,0.12341238072137686,0.12598526792844975,0.12357014232024172,0.12233420060627259
2021-11-15,0.12398239979026303,0.1232592591320774,0.12496113478904286,0.12413735990664561,0.12443571899187132,0.12320666526602236,0.1223820056910861,0.12327763994097563
2021-11-16,0.12412287442842394,0.12742988683203618,0.1235192710648532,0.12323837088000293,0.12321299553478868,0.12237839332440185,0.12379997176042176,0.12238434832810846
2021-11-17,0.1233015526475387,0.12430185557547206,0.12461535542790571,0.12490675394683548,0.12386485095309735,0.12291642492765592,0.12007924256022022,0.12569699046275162
2021-11-18,0.12375961555279702,0.12220367336267765,0.1240591673756477,0.12437511354820092,0.12334151630874471,0.12376518811440042,0.12117251086046966,0.12709515602980578
2021-11-19,0.12175402467384239,0.12224196928836281,0.12114969588806922,0.12115195030243649,0.12427149806076578,0.12913918834003701,0.12541917293199376,0.12500572241319263
2021-11-22,0.12323056803338857,0.12240448989670363,0.1217985583693222,0.1220531019867936,0.12554542569148397,0.12666660701473162,0.12047936717051316,0.12738858807386305
2021-11-23,0.12376923661816101,0.12294593437401263,0.12271152449169644,0.12395081265112433,0.12613532731817856,0.12413269262815639,0.12417322925217883,0.1222252884268725
2021-11-24,0.1218570422955662,0.12802021748981482,0.12426472982023512,0.1225565369158883,0.12261014555079404,0.12344064098070116,0.12602886905715308,0.12182419221944525
2021-11-26,0.12296979133520285,0.12441552606799107,0.12442526523434211,0.12378785209159526,0.12314256571692771,0.12539695869980222,0.12099777447457999,0.12452498879097794
2021-11-29,0.12444631239615195,0.12422930307231357,0.1238858296864511,0.1225596407536746,0.12597974559361064,0.12336591457450646,0.12436748306318383,0.12164512666666537
2021-11-30,0.12258833170809375,0.12206829013385213,0.12317977291165687,0.12346304000960749,0.12669523578457806,0.12328253985750204,0.12398237320039142,0.1245911213421548
2021-12-01,0.12631804815049708,0.11712371047994241,0.12489131093373652,0.1240189333323511,0.12637163570252694,0.12417876757058088,0.11920326104872284,0.12771315130868352
2021-12-02,0.12200500174767084,0.12551515113425737,0.12398842899888668,0.1247027624266188,0.11941046884412594,0.1233886501074121,0.12661057135211545,0.12464512696668288
2021-12-03,0.1243122355073729,0.12045963410557452,0.12426856929656939,0.1253190930492963,0.12520941037173064,0.12367690500739496,0.12166936703920948,0.12484979444633712
2021-12-06,0.12504281963887096,0.12161909599114998,0.12303288592214574,0.12375773790561781,0.12417457567200829,0.12462262326424456,0.12408690416952003,0.12394536270884918
2021-12-07,0.12529022488207542,0.12113992190608464,0.1233435558878818,0.12421685809903539,0.12524814097948472,0.12260052383884616,0.12631267237157046,0.1221229052531338
2021-12-08,0.12395228756644465,0.12360472292705411,0.1234752830474857,0.12311552519059099,0.12519680889165757,0.12420378205621059,0.12294514919775934,0.12353897284263822
2021-12-09,0.12366378176072912,0.12015952537635113,0.12387671527846063,0.12625974063293563,0.12463429775366054,0.12575439234501082,0.12110860961523613,0.12455133078258199
2021-12-10,0.12201602855350095,0.12205319094206726,0.12519818240278988,0.12625507129224856,0.12371543053530379,0.12623797416220803,0.12066298263009084,0.12356455174151772
2021-12-13,0.12202248711192146,0.12370657665151001,0.1254347846490355,0.12558407569699065,0.1237554758468554,0.12473489283177967,0.11899788428635213,0.12519721772606968
2021-12-14,0.12470739289853085,0.12603906811752044,0.12262730411992095,0.12204953003338626,0.12328241993185983,0.12273422629429719,0.12520504966753054,0.12353414685863265
2021-12-15,0.12326114519640854,0.1286857028655284,0.1229738924109967,0.12311758135156842,0.12145892646559715,0.121536838777841,0.12728533310598356,0.12220250270005542
2021-12-16,0.12339709983292715,0.122732797258092,0.12272282078160505,0.12647488162449813,0.12423107917217764,0.12504953767112556,0.11858326887078817,0.12580522301045852
2021-12-17,0.12344401894480589,0.12402279208990587,0.12250729109286991,0.1264337814970988,0.12373428240731009,0.12504206587966823,0.12191068055779439,0.12299485370035654
2021-12-20,0.1238570639993667,0.12288452093555097,0.12369080999243497,0.12674996681169154,0.12323932338636809,0.12290469359282007,0.12468595683425272,0.12202918096855819
2021-12-21,0.12367261194713025,0.12708553660923225,0.12311109700640571,0.1216400952902029,0.122377070017527,0.1243069464328095,0.125004126009471,0.12318349293207884
2021-12-22,0.12344514397933387,0.12283434094850643,0.1237776261060783,0.12378532077012035,0.12382298875094468,0.12224431095841745,0.12392972813672318,0.12609386523936938
2021-12-23,0.1241432160657015,0.12411581923975343,0.1233699690441361,0.12381982138069887,0.12319728308764873,0.127217220132889,0.12197637187827415,0.12216621627524551
2021-12-27,0.12568782124774536,0.12624670759556386,0.1229852737554009,0.12218320910348571,0.1240933299853801,0.1215579841064173,0.12561948045782492,0.12187293619048638
2021-12-28,0.12339498045822783,0.12367184315843559,0.12369956694760285,0.12403956114270344,0.12428118415611919,0.12453947804974877,0.12189639879970793,0.12428072532585444
2021-12-29,0.12433693798367298,0.11981758236467072,0.12410272260049647,0.12426924087175861,0.12513803974235388,0.1266067772245206,0.1223931441748612,0.12335375688223568
2021-12-30,0.12301395044527795,0.12292701695910371,0.12457602294609513,0.123625429891205,0.12345436975650956,0.12444043678961196,0.12385740330673176,0.12426761214092939
2021-12-31,0.12385633955002197,0.12254553695218029,0.12388289838899948,0.12417905661283306,0.12461567691867582,0.12359161244354903,0.12357767241730093,0.12365041203678204
2022-01-03,0.1235066559445066,0.12609563306085825,0.12208254577015555,0.12126687456677505,0.12279203833202204,0.12420201557404056,0.12331188994312578,0.12665109787062936
2022-01-04,0.12367945254507721,0.11973870036150917,0.12267923264702518,0.126467994168823,0.12241990172144132,0.1259657041498046,0.12087916342499615,0.12762287569472103
2022-01-05,0.12445499101653618,0.12171711184462879,0.12430591214452122,0.12255883868829254,0.12392869135628526,0.1266212078206182,0.12174805993870001,0.12436340238121486
2022-01-06,0.12486118460552882,0.1222088644962174,0.12607000635609736,0.12157552482615919,0.12390210203870045,0.12312546753675732,0.12455096252623156,0.1238342811923951
2022-01-07,0.12354049400731322,0.12281820996032752,0.12667130495979173,0.12347035473438385,0.12167779057150789,0.12488598044627473,0.12301825473067847,0.12374471773054582
2022-01-10,0.1235880725373504,0.12480391109759137,0.12385805488057762,0.12450884564785528,0.12309402459603801,0.12180759636132485,0.12580362746623353,0.12218989092555743
2022-01-11,0.12414355005488177,0.12457334192258854,0.12461903547708407,0.12235173752186808,0.12460320110000009,0.12310316820695001,0.12326019056726258,0.12358757282707727
2022-01-12,0.12711735716608327,0.12228092271004046,0.12375352868541656,0.12195047986293649,0.12459139494574666,0.12296618505854473,0.12273269761277421,0.1246619351023392
2022-01-13,0.12333914245391252,0.12226237886270913,0.12163804356281883,0.122235764799827,0.1253632024397118,0.1272625325610239,0.12026945209317078,0.12726431589027778
2022-01-14,0.12807520347878093,0.12418847549212993,0.12092087520416077,0.11958879946712243,0.1278091718345547,0.12341104216507608,0.12238682465036693,0.12372957654895272
2022-01-18,0.11801945290012933,0.1256419405463264,0.12338172759144843,0.12554555265981496,0.12136027753838784,0.12427404756394916,0.12609561189922247,0.1251040744014997
2022-01-19,0.12003208903326015,0.12468966731925736,0.12310711977499894,0.12589120639829185,0.12053841221294925,0.12465063350353515,0.12478449823793498,0.12634095307261634
2022-01-20,0.12299421499422593,0.12453522314397444,0.12575167200289658,0.1244258926811931,0.12188683068554128,0.12148910857054827,0.12314832704180444,0.12552163945027556
2022-01-21,0.12357358304548904,0.12468057175342277,0.12383674446558207,0.12298348070592498,0.12369890314185929,0.122403258947102,0.12511260652998515,0.12354667293431879
2022-01-24,0.12653085033115893,0.1208746155948362,0.1232972981826757,0.1221128850544167,0.1269823538182136,0.12345195446170136,0.12503789538971474,0.12182057128061646
2022-01-25,0.12359266562806742,0.12177018536917456,0.12424424515149209,0.12647827404565556,0.12278859768434185,0.12496491210812806,0.12404114317228884,0.12226964617277496
2022-01-26,0.12375942689059231,0.12124731829925686,0.1238655755052684,0.12686976858430873,0.12402863854031101,0.12377100447553262,0.12317237710120449,0.12315111710601327
2022-01-27,0.1271265639890799,0.12015950102447033,0.12542841793287052,0.12506283539429752,0.12239320454004199,0.12384779918175486,0.12233055368338941,0.1230637708369045
2022-01-28,0.0,0.0,0.0,0.0,0.0,0.0,0.0,0.0
2022-01-31,0.0,0.0,0.0,0.0,0.0,0.0,0.0,0.0
2022-02-01,0.1243080083489788,0.12399901541679602,0.12377245394705064,0.12541649402077382,0.12385587108345283,0.12283596359780401,0.12166597694052736,0.12411853183962848
2022-02-02,0.12436657817891016,0.11772462159039036,0.12409543415770248,0.1252327499289447,0.1271823164328714,0.12669716126003377,0.12165305484813711,0.1222647583880503
2022-02-03,0.12414259174620837,0.12516932704661807,0.12291579368568872,0.12254380058236464,0.12393995800256492,0.12460626925965666,0.12280401703047288,0.123756503652858
2022-02-04,0.12363508420577304,0.12608381143818662,0.12349108460961647,0.12544211657647264,0.12117990210425882,0.12266110087372777,0.12428653538845293,0.12334955695271434
2022-02-07,0.12422683808683146,0.12424776726514875,0.1231078630636791,0.12360503442850776,0.1218210899015981,0.12314308675592298,0.1259505625478622,0.12388390299237328
2022-02-08,0.12406253098807848,0.12632972048234473,0.12346515539005772,0.12299241970202114,0.12239836204011131,0.12497879167492155,0.12427353549608611,0.12225611473003335
2022-02-09,0.1232874376303225,0.12415298279962654,0.12284465660840574,0.12166779694162692,0.12464312444501811,0.1260138282110636,0.1262350303736789,0.12149324689554843
2022-02-10,0.12366338000594476,0.1207339319048322,0.12411271413693482,0.12286222748486728,0.12496856840699129,0.12647126986012214,0.12311315331007884,0.12359161481224261
2022-02-11,0.12373234354164583,0.11693559701478974,0.12476655460313375,0.1263718984158112,0.1229006066232879,0.1284118685643399,0.12043390891334448,0.12591429199881699
2022-02-14,0.12346739416688719,0.12261462160291407,0.12447621761656003,0.12496660775805805,0.12341008453955458,0.12131756898641344,0.12566967956780326,0.1240070126474949
2022-02-15,0.12387918961580395,0.1236745432721732,0.12120481657832444,0.12234459529125355,0.12443197114576483,0.12585903049569777,0.12696420673387193,0.12177605331693951
2022-02-16,0.12494910349277637,0.121106036392278,0.1249253111943126,0.12315506685951952,0.12421879815138195,0.12485629981912656,0.12392882673074383,0.12296315406079303
2022-02-17,0.12137313730885113,0.12253421494573512,0.12531968583577896,0.12447558256211325,0.12560836997160288,0.1252788198440442,0.12122108710692961,0.12395029424877645
2022-02-18,0.12254319575432865,0.12581105623728808,0.12531170320951035,0.12593427855168765,0.12379053711914632,0.12116299899954205,0.12065245870364745,0.12487394938222034
2022-02-22,0.1236213579327202,0.12397234795850642,0.1239064263195747,0.12302574530900552,0.12303648084362721,0.12431998179828394,0.12521840255419153,0.1229442364660949
2022-02-23,0.12477508107290511,0.12062117624367655,0.12518390863407136,0.1254218070862975,0.12322936061335743,0.12314954170078306,0.12134724039260796,0.12588122870873036
2022-02-24,0.0,0.0,0.0,0.0,0.0,0.0,0.0,0.0
2022-02-25,0.1239474207323575,0.12584597658807853,0.12368495149192102,0.12351019052821431,0.12373248419617455,0.12475482523816342,0.1240304308852486,0.12064220291939078
2022-02-28,0.12332974885603848,0.1260778174207633,0.1263090261261917,0.12426681601859814,0.12188205834207609,0.12355090542296848,0.1249950944776061,0.12008654963965863
2022-03-01,0.12400582248042905,0.11930451340891632,0.12316318451868828,0.124997053025027,0.12394683185840383,0.12463402705777944,0.12391682516280843,0.12568871652607086
2022-03-02,0.0,0.0,0.0,0.0,0.0,0.0,0.0,0.0
2022-03-03,0.12319660784518778,0.12078750346080568,0.12327225908000425,0.12418451753930941,0.12355885913371677,0.1240275916170189,0.12454318698773217,0.12612265943267284
2022-03-04,0.0,0.0,0.0,0.0,0.0,0.0,0.0,0.0
2022-03-07,0.0,0.0,0.0,0.0,0.0,0.0,0.0,0.0
2022-03-08,0.0,0.0,0.0,0.0,0.0,0.0,0.0,0.0
2022-03-09,0.0,0.0,0.0,0.0,0.0,0.0,0.0,0.0
2022-03-10,0.0,0.0,0.0,0.0,0.0,0.0,0.0,0.0
2022-03-11,0.0,0.0,0.0,0.0,0.0,0.0,0.0,0.0
2022-03-14,0.0,0.0,0.0,0.0,0.0,0.0,0.0,0.0
2022-03-15,0.0,0.0,0.0,0.0,0.0,0.0,0.0,0.0
2022-03-16,0.0,0.0,0.0,0.0,0.0,0.0,0.0,0.0
2022-03-17,0.0,0.0,0.0,0.0,0.0,0.0,0.0,0.0
2022-03-18,0.0,0.0,0.0,0.0,0.0,0.0,0.0,0.0
2022-03-21,0.12353498953706628,0.1258198242812806,0.1242975854315452,0.12256456865067791,0.12318150505743178,0.12244286236818779,0.12450013833377857,0.12367447631102733
2022-03-22,0.12414082002249993,0.1223376666392893,0.12316141589025952,0.12474740536905622,0.12478358980231159,0.12502854933545274,0.12209581725174007,0.12353440142738739
2022-03-23,0.1235940886356726,0.12499660212701844,0.12475642452724252,0.12387214160249774,0.12347233606196482,0.1220870059360221,0.12304092998460345,0.12429696160481864
2022-03-24,0.0,0.0,0.0,0.0,0.0,0.0,0.0,0.0
2022-03-25,0.12285991335840281,0.1240079902558087,0.12370996384629361,0.12462166018920152,0.1241909930347331,0.12399708924829743,0.1234025481411604,0.12315915486933739
2022-03-28,0.12402906630514596,0.12434020100021573,0.12434697697047283,0.12332099698214569,0.12367468225882916,0.12392779084567769,0.12399135907947688,0.12253149582070513
2022-03-29,0.1246165457973117,0.12437741730959115,0.12327003005625131,0.12345495300358868,0.1235336975313917,0.12334346780431686,0.12319992770200834,0.12468985411403645
2022-03-30,0.12286673566240564,0.12333940849731279,0.12423457483466167,0.12548999968980307,0.12395035618681251,0.1195300547393696,0.12428112959786183,0.12578763434239876
2022-03-31,0.12246693361158044,0.11886435870855315,0.12363013478983273,0.12653369665434996,0.12384243897283456,0.12679930440567558,0.12443251937371046,0.1234963655775715
2022-04-01,0.0,0.0,0.0,0.0,0.0,0.0,0.0,0.0
2022-04-04,0.0,0.0,0.0,0.0,0.0,0.0,0.0,0.0
2022-04-05,0.0,0.0,0.0,0.0,0.0,0.0,0.0,0.0
2022-04-06,0.0,0.0,0.0,0.0,0.0,0.0,0.0,0.0
2022-04-07,0.0,0.0,0.0,0.0,0.0,0.0,0.0,0.0
2022-04-08,0.0,0.0,0.0,0.0,0.0,0.0,0.0,0.0
2022-04-11,0.0,0.0,0.0,0.0,0.0,0.0,0.0,0.0
2022-04-12,0.0,0.0,0.0,0.0,0.0,0.0,0.0,0.0
2022-04-13,0.0,0.0,0.0,0.0,0.0,0.0,0.0,0.0
2022-04-14,0.0,0.0,0.0,0.0,0.0,0.0,0.0,0.0
2022-04-18,0.0,0.0,0.0,0.0,0.0,0.0,0.0,0.0
2022-04-19,0.0,0.0,0.0,0.0,0.0,0.0,0.0,0.0
2022-04-20,0.0,0.0,0.0,0.0,0.0,0.0,0.0,0.0
2022-04-21,0.0,0.0,0.0,0.0,0.0,0.0,0.0,0.0
2022-04-22,0.0,0.0,0.0,0.0,0.0,0.0,0.0,0.0
2022-04-25,0.0,0.0,0.0,0.0,0.0,0.0,0.0,0.0
2022-04-26,0.0,0.0,0.0,0.0,0.0,0.0,0.0,0.0
2022-04-27,0.0,0.0,0.0,0.0,0.0,0.0,0.0,0.0
2022-04-28,0.0,0.0,0.0,0.0,0.0,0.0,0.0,0.0
2022-04-29,0.0,0.0,0.0,0.0,0.0,0.0,0.0,0.0
2022-05-02,0.0,0.0,0.0,0.0,0.0,0.0,0.0,0.0
2022-05-03,0.0,0.0,0.0,0.0,0.0,0.0,0.0,0.0
2022-05-04,0.0,0.0,0.0,0.0,0.0,0.0,0.0,0.0
2022-05-05,0.0,0.0,0.0,0.0,0.0,0.0,0.0,0.0
2022-05-06,0.0,0.0,0.0,0.0,0.0,0.0,0.0,0.0
2022-05-09,0.0,0.0,0.0,0.0,0.0,0.0,0.0,0.0
2022-05-10,0.0,0.0,0.0,0.0,0.0,0.0,0.0,0.0
2022-05-11,0.0,0.0,0.0,0.0,0.0,0.0,0.0,0.0
2022-05-12,0.0,0.0,0.0,0.0,0.0,0.0,0.0,0.0
2022-05-13,0.0,0.0,0.0,0.0,0.0,0.0,0.0,0.0
2022-05-16,0.0,0.0,0.0,0.0,0.0,0.0,0.0,0.0
2022-05-17,0.0,0.0,0.0,0.0,0.0,0.0,0.0,0.0
2022-05-18,0.0,0.0,0.0,0.0,0.0,0.0,0.0,0.0
2022-05-19,0.0,0.0,0.0,0.0,0.0,0.0,0.0,0.0
2022-05-20,0.0,0.0,0.0,0.0,0.0,0.0,0.0,0.0
2022-05-23,0.0,0.0,0.0,0.0,0.0,0.0,0.0,0.0
2022-05-24,0.0,0.0,0.0,0.0,0.0,0.0,0.0,0.0
2022-05-25,0.0,0.0,0.0,0.0,0.0,0.0,0.0,0.0
2022-05-26,0.0,0.0,0.0,0.0,0.0,0.0,0.0,0.0
2022-05-27,0.0,0.0,0.0,0.0,0.0,0.0,0.0,0.0
2022-05-31,0.0,0.0,0.0,0.0,0.0,0.0,0.0,0.0
2022-06-01,0.0,0.0,0.0,0.0,0.0,0.0,0.0,0.0
2022-06-02,0.0,0.0,0.0,0.0,0.0,0.0,0.0,0.0
2022-06-03,0.0,0.0,0.0,0.0,0.0,0.0,0.0,0.0
2022-06-06,0.0,0.0,0.0,0.0,0.0,0.0,0.0,0.0
2022-06-07,0.0,0.0,0.0,0.0,0.0,0.0,0.0,0.0
2022-06-08,0.0,0.0,0.0,0.0,0.0,0.0,0.0,0.0
2022-06-09,0.0,0.0,0.0,0.0,0.0,0.0,0.0,0.0
2022-06-10,0.0,0.0,0.0,0.0,0.0,0.0,0.0,0.0
2022-06-13,0.0,0.0,0.0,0.0,0.0,0.0,0.0,0.0
2022-06-14,0.0,0.0,0.0,0.0,0.0,0.0,0.0,0.0
2022-06-15,0.0,0.0,0.0,0.0,0.0,0.0,0.0,0.0
2022-06-16,0.0,0.0,0.0,0.0,0.0,0.0,0.0,0.0
2022-06-17,0.0,0.0,0.0,0.0,0.0,0.0,0.0,0.0
2022-06-21,0.0,0.0,0.0,0.0,0.0,0.0,0.0,0.0
2022-06-22,0.0,0.0,0.0,0.0,0.0,0.0,0.0,0.0
2022-06-23,0.0,0.0,0.0,0.0,0.0,0.0,0.0,0.0
2022-06-24,0.0,0.0,0.0,0.0,0.0,0.0,0.0,0.0
2022-06-27,0.0,0.0,0.0,0.0,0.0,0.0,0.0,0.0
2022-06-28,0.0,0.0,0.0,0.0,0.0,0.0,0.0,0.0
2022-06-29,0.0,0.0,0.0,0.0,0.0,0.0,0.0,0.0
2022-06-30,0.0,0.0,0.0,0.0,0.0,0.0,0.0,0.0
2022-07-01,0.0,0.0,0.0,0.0,0.0,0.0,0.0,0.0
2022-07-05,0.0,0.0,0.0,0.0,0.0,0.0,0.0,0.0
2022-07-06,0.0,0.0,0.0,0.0,0.0,0.0,0.0,0.0
2022-07-07,0.0,0.0,0.0,0.0,0.0,0.0,0.0,0.0
2022-07-08,0.0,0.0,0.0,0.0,0.0,0.0,0.0,0.0
2022-07-11,0.0,0.0,0.0,0.0,0.0,0.0,0.0,0.0
2022-07-12,0.0,0.0,0.0,0.0,0.0,0.0,0.0,0.0
2022-07-13,0.0,0.0,0.0,0.0,0.0,0.0,0.0,0.0
2022-07-14,0.0,0.0,0.0,0.0,0.0,0.0,0.0,0.0
2022-07-15,0.0,0.0,0.0,0.0,0.0,0.0,0.0,0.0
2022-07-18,0.0,0.0,0.0,0.0,0.0,0.0,0.0,0.0
2022-07-19,0.0,0.0,0.0,0.0,0.0,0.0,0.0,0.0
2022-07-20,0.0,0.0,0.0,0.0,0.0,0.0,0.0,0.0
2022-07-21,0.0,0.0,0.0,0.0,0.0,0.0,0.0,0.0
2022-07-22,0.0,0.0,0.0,0.0,0.0,0.0,0.0,0.0
2022-07-25,0.0,0.0,0.0,0.0,0.0,0.0,0.0,0.0
2022-07-26,0.0,0.0,0.0,0.0,0.0,0.0,0.0,0.0
2022-07-27,0.0,0.0,0.0,0.0,0.0,0.0,0.0,0.0
2022-07-28,0.0,0.0,0.0,0.0,0.0,0.0,0.0,0.0
2022-07-29,0.0,0.0,0.0,0.0,0.0,0.0,0.0,0.0
2022-08-01,0.0,0.0,0.0,0.0,0.0,0.0,0.0,0.0
2022-08-02,0.0,0.0,0.0,0.0,0.0,0.0,0.0,0.0
2022-08-03,0.0,0.0,0.0,0.0,0.0,0.0,0.0,0.0
2022-08-04,0.0,0.0,0.0,0.0,0.0,0.0,0.0,0.0
2022-08-05,0.0,0.0,0.0,0.0,0.0,0.0,0.0,0.0
2022-08-08,0.0,0.0,0.0,0.0,0.0,0.0,0.0,0.0
2022-08-09,0.0,0.0,0.0,0.0,0.0,0.0,0.0,0.0
2022-08-10,0.0,0.0,0.0,0.0,0.0,0.0,0.0,0.0
2022-08-11,0.0,0.0,0.0,0.0,0.0,0.0,0.0,0.0
2022-08-12,0.0,0.0,0.0,0.0,0.0,0.0,0.0,0.0
2022-08-15,0.0,0.0,0.0,0.0,0.0,0.0,0.0,0.0
2022-08-16,0.0,0.0,0.0,0.0,0.0,0.0,0.0,0.0
2022-08-17,0.0,0.0,0.0,0.0,0.0,0.0,0.0,0.0
2022-08-18,0.0,0.0,0.0,0.0,0.0,0.0,0.0,0.0
2022-08-19,0.0,0.0,0.0,0.0,0.0,0.0,0.0,0.0
2022-08-22,0.0,0.0,0.0,0.0,0.0,0.0,0.0,0.0
2022-08-23,0.0,0.0,0.0,0.0,0.0,0.0,0.0,0.0
2022-08-24,0.0,0.0,0.0,0.0,0.0,0.0,0.0,0.0
2022-08-25,0.0,0.0,0.0,0.0,0.0,0.0,0.0,0.0
2022-08-26,0.0,0.0,0.0,0.0,0.0,0.0,0.0,0.0
2022-08-29,0.0,0.0,0.0,0.0,0.0,0.0,0.0,0.0
2022-08-30,0.0,0.0,0.0,0.0,0.0,0.0,0.0,0.0
2022-08-31,0.0,0.0,0.0,0.0,0.0,0.0,0.0,0.0
2022-09-01,0.0,0.0,0.0,0.0,0.0,0.0,0.0,0.0
2022-09-02,0.0,0.0,0.0,0.0,0.0,0.0,0.0,0.0
2022-09-06,0.0,0.0,0.0,0.0,0.0,0.0,0.0,0.0
2022-09-07,0.0,0.0,0.0,0.0,0.0,0.0,0.0,0.0
2022-09-08,0.0,0.0,0.0,0.0,0.0,0.0,0.0,0.0
2022-09-09,0.0,0.0,0.0,0.0,0.0,0.0,0.0,0.0
2022-09-12,0.0,0.0,0.0,0.0,0.0,0.0,0.0,0.0
2022-09-13,0.0,0.0,0.0,0.0,0.0,0.0,0.0,0.0
2022-09-14,0.0,0.0,0.0,0.0,0.0,0.0,0.0,0.0
2022-09-15,0.0,0.0,0.0,0.0,0.0,0.0,0.0,0.0
2022-09-16,0.0,0.0,0.0,0.0,0.0,0.0,0.0,0.0
2022-09-19,0.0,0.0,0.0,0.0,0.0,0.0,0.0,0.0
2022-09-20,0.0,0.0,0.0,0.0,0.0,0.0,0.0,0.0
2022-09-21,0.0,0.0,0.0,0.0,0.0,0.0,0.0,0.0
2022-09-22,0.0,0.0,0.0,0.0,0.0,0.0,0.0,0.0
2022-09-23,0.0,0.0,0.0,0.0,0.0,0.0,0.0,0.0
2022-09-26,0.0,0.0,0.0,0.0,0.0,0.0,0.0,0.0
2022-09-27,0.0,0.0,0.0,0.0,0.0,0.0,0.0,0.0
2022-09-28,0.0,0.0,0.0,0.0,0.0,0.0,0.0,0.0
2022-09-29,0.0,0.0,0.0,0.0,0.0,0.0,0.0,0.0
2022-09-30,0.0,0.0,0.0,0.0,0.0,0.0,0.0,0.0
2022-10-03,0.0,0.0,0.0,0.0,0.0,0.0,0.0,0.0
2022-10-04,0.0,0.0,0.0,0.0,0.0,0.0,0.0,0.0
2022-10-05,0.0,0.0,0.0,0.0,0.0,0.0,0.0,0.0
2022-10-06,0.0,0.0,0.0,0.0,0.0,0.0,0.0,0.0
2022-10-07,0.0,0.0,0.0,0.0,0.0,0.0,0.0,0.0
2022-10-10,0.0,0.0,0.0,0.0,0.0,0.0,0.0,0.0
2022-10-11,0.0,0.0,0.0,0.0,0.0,0.0,0.0,0.0
2022-10-12,0.0,0.0,0.0,0.0,0.0,0.0,0.0,0.0
2022-10-13,0.0,0.0,0.0,0.0,0.0,0.0,0.0,0.0
2022-10-14,0.0,0.0,0.0,0.0,0.0,0.0,0.0,0.0
2022-10-17,0.0,0.0,0.0,0.0,0.0,0.0,0.0,0.0
2022-10-18,0.0,0.0,0.0,0.0,0.0,0.0,0.0,0.0
2022-10-19,0.0,0.0,0.0,0.0,0.0,0.0,0.0,0.0
2022-10-20,0.0,0.0,0.0,0.0,0.0,0.0,0.0,0.0
2022-10-21,0.0,0.0,0.0,0.0,0.0,0.0,0.0,0.0
2022-10-24,0.0,0.0,0.0,0.0,0.0,0.0,0.0,0.0
2022-10-25,0.0,0.0,0.0,0.0,0.0,0.0,0.0,0.0
2022-10-26,0.0,0.0,0.0,0.0,0.0,0.0,0.0,0.0
2022-10-27,0.0,0.0,0.0,0.0,0.0,0.0,0.0,0.0
2022-10-28,0.0,0.0,0.0,0.0,0.0,0.0,0.0,0.0
2022-10-31,0.0,0.0,0.0,0.0,0.0,0.0,0.0,0.0
2022-11-01,0.0,0.0,0.0,0.0,0.0,0.0,0.0,0.0
2022-11-02,0.0,0.0,0.0,0.0,0.0,0.0,0.0,0.0
2022-11-03,0.0,0.0,0.0,0.0,0.0,0.0,0.0,0.0
2022-11-04,0.0,0.0,0.0,0.0,0.0,0.0,0.0,0.0
2022-11-07,0.0,0.0,0.0,0.0,0.0,0.0,0.0,0.0
2022-11-08,0.0,0.0,0.0,0.0,0.0,0.0,0.0,0.0
2022-11-09,0.0,0.0,0.0,0.0,0.0,0.0,0.0,0.0
2022-11-10,0.0,0.0,0.0,0.0,0.0,0.0,0.0,0.0
2022-11-11,0.0,0.0,0.0,0.0,0.0,0.0,0.0,0.0
2022-11-14,0.0,0.0,0.0,0.0,0.0,0.0,0.0,0.0
2022-11-15,0.0,0.0,0.0,0.0,0.0,0.0,0.0,0.0
2022-11-16,0.0,0.0,0.0,0.0,0.0,0.0,0.0,0.0
2022-11-17,0.0,0.0,0.0,0.0,0.0,0.0,0.0,0.0
2022-11-18,0.0,0.0,0.0,0.0,0.0,0.0,0.0,0.0
2022-11-21,0.0,0.0,0.0,0.0,0.0,0.0,0.0,0.0
2022-11-22,0.0,0.0,0.0,0.0,0.0,0.0,0.0,0.0
2022-11-23,0.0,0.0,0.0,0.0,0.0,0.0,0.0,0.0
2022-11-25,0.0,0.0,0.0,0.0,0.0,0.0,0.0,0.0
2022-11-28,0.0,0.0,0.0,0.0,0.0,0.0,0.0,0.0
2022-11-29,0.0,0.0,0.0,0.0,0.0,0.0,0.0,0.0
2022-11-30,0.0,0.0,0.0,0.0,0.0,0.0,0.0,0.0
2022-12-01,0.12189401756180486,0.12414090924706195,0.12537854358872377,0.12540703387867905,0.12123527976520845,0.12039383528273691,0.12647454115721657,0.12492692393346962
2022-12-02,0.0,0.0,0.0,0.0,0.0,0.0,0.0,0.0
2022-12-05,0.0,0.0,0.0,0.0,0.0,0.0,0.0,0.0
2022-12-06,0.0,0.0,0.0,0.0,0.0,0.0,0.0,0.0
2022-12-07,0.0,0.0,0.0,0.0,0.0,0.0,0.0,0.0
2022-12-08,0.0,0.0,0.0,0.0,0.0,0.0,0.0,0.0
2022-12-09,0.0,0.0,0.0,0.0,0.0,0.0,0.0,0.0
2022-12-12,0.0,0.0,0.0,0.0,0.0,0.0,0.0,0.0
2022-12-13,0.0,0.0,0.0,0.0,0.0,0.0,0.0,0.0
2022-12-14,0.12331674348171548,0.12171942114042,0.12391618824190885,0.1265487002005567,0.12350768786768589,0.12377744154880829,0.12307171462363516,0.12401126280087954
2022-12-15,0.12246848111279617,0.12420693542330015,0.12279528770226926,0.12516071081826083,0.12344811839483126,0.122815087402709,0.12477672051871147,0.12390296089692007
2022-12-16,0.0,0.0,0.0,0.0,0.0,0.0,0.0,0.0
2022-12-19,0.0,0.0,0.0,0.0,0.0,0.0,0.0,0.0
2022-12-20,0.0,0.0,0.0,0.0,0.0,0.0,0.0,0.0
2022-12-21,0.0,0.0,0.0,0.0,0.0,0.0,0.0,0.0
2022-12-22,0.0,0.0,0.0,0.0,0.0,0.0,0.0,0.0
2022-12-23,0.0,0.0,0.0,0.0,0.0,0.0,0.0,0.0
2022-12-27,0.0,0.0,0.0,0.0,0.0,0.0,0.0,0.0
2022-12-28,0.0,0.0,0.0,0.0,0.0,0.0,0.0,0.0
2022-12-29,0.0,0.0,0.0,0.0,0.0,0.0,0.0,0.0
2022-12-30,0.0,0.0,0.0,0.0,0.0,0.0,0.0,0.0
2023-01-03,0.0,0.0,0.0,0.0,0.0,0.0,0.0,0.0
2023-01-04,0.0,0.0,0.0,0.0,0.0,0.0,0.0,0.0
2023-01-05,0.0,0.0,0.0,0.0,0.0,0.0,0.0,0.0
2023-01-06,0.0,0.0,0.0,0.0,0.0,0.0,0.0,0.0
2023-01-09,0.0,0.0,0.0,0.0,0.0,0.0,0.0,0.0
2023-01-10,0.12384056848885078,0.12418079457573152,0.12376580526448303,0.12228588233620565,0.12452175840892715,0.12393731112027857,0.12481654438094492,0.12281124729576275
2023-01-11,0.1255710564103917,0.12315330227754581,0.12371047688594744,0.12280639118022045,0.1262276679506187,0.12346808369426149,0.12319792710203843,0.12211959046220643
2023-01-12,0.1226161412290138,0.12412502596117246,0.12310889062477325,0.1241478812151714,0.12305216907797364,0.12101815553988764,0.1259278102201382,0.12599322424954434
2023-01-13,0.12426414304233017,0.12377215031600616,0.12369224986047014,0.1221403137077062,0.124495246892959,0.1219352010985355,0.12639480103530396,0.12373135547620787
2023-01-17,0.1222840163048349,0.12352618688757155,0.12336939608675374,0.12296071502159589,0.12256494359942502,0.12137761141434798,0.12809450840569322,0.1259604547296387
2023-01-18,0.12462745144399831,0.12348586388576187,0.12210979227501437,0.12390731598478077,0.12311858072119017,0.12364406033471252,0.12401417869310062,0.1246764118848956
2023-01-19,0.12200618937634455,0.12328769507434714,0.1210189394971751,0.12452870841101524,0.12329724910254201,0.12704706795383605,0.12358420819188369,0.12494265559328684
2023-01-20,0.123949702561656,0.12438459764728334,0.122763248945631,0.12238964312736224,0.12425420678264971,0.12305327591828866,0.12685760985843228,0.12235383143829363
2023-01-23,0.12473813936591371,0.1259151383127967,0.12182615907650554,0.12058307596836644,0.12273132543989043,0.12442331007436616,0.12625043916467354,0.1236266889072458
2023-01-24,0.1227274028832773,0.12458684326371879,0.12360858544629752,0.12440379280940608,0.12358303616031964,0.12336963268127703,0.12611612292859206,0.12166626572690846
2023-01-25,0.12426505331996876,0.12462371983148457,0.12556484186294942,0.12296121205232906,0.12519250610009164,0.12301867231897456,0.12390877487140156,0.12068477439087529
2023-01-26,0.12428301320800689,0.12110122182321827,0.12362324121700874,0.12471610652451205,0.12631304639354035,0.1236935066431234,0.12389214371939872,0.12243765284486353
2023-01-27,0.12217585162784217,0.12512745773297493,0.12234123587126759,0.12206965434148007,0.1212676666398902,0.12596284939795477,0.12815297874820036,0.12294954067112256
2023-01-30,0.12231798757787388,0.12237668282563535,0.12519268325363372,0.12480010447924911,0.12572914463154783,0.12328559527662798,0.12043082239770606,0.12576135130552865
2023-01-31,0.12396316153146761,0.12574363965101606,0.12294006486212547,0.12176182300228397,0.12603416138200518,0.12336284759083642,0.12322271190585123,0.12328692793846201
2023-02-01,0.12546225139690548,0.12761337666571537,0.12147718160342642,0.121955245423538,0.1258007168794396,0.12193109706527848,0.12558192775438154,0.1202836317903569
2023-02-02,0.12624064665653645,0.12805691194390995,0.12192066330490958,0.12160996765499342,0.12268112893442291,0.12123479697094357,0.12635416659728604,0.1220464296815242
2023-02-03,0.12124542330485576,0.12339949392386641,0.12418198228059488,0.12388945794599947,0.12395672777274605,0.1247881484764696,0.12480799944796189,0.12347255829682745
2023-02-06,0.12326276261189172,0.12241774730027184,0.12332048796368919,0.12571979712948853,0.12382971528643759,0.12210105531564927,0.1257427953198582,0.12384820302069412
2023-02-07,0.12354770844043149,0.12260821401212435,0.12389373408458022,0.12334802303128174,0.12312111481900709,0.12442440731268518,0.1250405264622266,0.12397096698030745
2023-02-08,0.12209268130931651,0.12372332813304784,0.12384037866785728,0.12443424155606644,0.12283182828379595,0.12304753140608235,0.12469110758084284,0.12473424044294025
2023-02-09,0.12323040525933833,0.12174462444998725,0.12397609381966364,0.123191587416694,0.12268330936713176,0.12355672685623953,0.12440430076928187,0.12680740185470943
2023-02-10,0.12450085905823047,0.12330762762745029,0.1251551593388218,0.12411149803089147,0.12308081216422045,0.12338023097009979,0.12209320359908589,0.12402844081815274
2023-02-13,0.12406109736345391,0.12470809898316398,0.12440070514383877,0.12387404009673389,0.12285927134438447,0.1229815980176925,0.12378837475188513,0.12323105684734288
2023-02-14,0.12343520678821455,0.12466834844397288,0.12281256145928553,0.12137171095619727,0.12288045283897961,0.12484342099086831,0.12762057635962237,0.1226330913424804
2023-02-15,0.12480238467813076,0.12234741653601397,0.12475256872599878,0.12378691683493552,0.12525776210999168,0.12324894066655283,0.12339799648709002,0.12255665224906459
2023-02-16,0.12359301885625291,0.12057234891525649,0.12472851122465124,0.12514504550907854,0.1235085635753654,0.12359867167689931,0.12419922937061643,0.12471882691764473
2023-02-17,0.1233946367622829,0.12285586078212883,0.12505219649627494,0.12390944029688715,0.12368657456353845,0.12295910169437427,0.12317789729063779,0.1250071856660334
2023-02-21,0.12273448256323609,0.1247200660644764,0.12396863538843235,0.12378763754865925,0.12294644241020815,0.12374779300917274,0.12327843159120459,0.12453683685100554
2023-02-22,0.12380842225066124,0.1243348847385802,0.12320468007584068,0.12330362887551935,0.12360493036849007,0.12307231723868307,0.12488760701226025,0.12354531678613384
2023-02-23,0.1244609004881232,0.12294470639070006,0.12327356268479449,0.12364027143245364,0.12270074132651872,0.12323517366340504,0.12548932741684823,0.12375095547521256
2023-02-24,0.12390676640517118,0.12386500621570105,0.12311811883925738,0.12361984390293938,0.12367470026871989,0.1243518629205884,0.12389732597936585,0.12335395718833773
2023-02-27,0.12355738835836032,0.12377761082675372,0.12502760397492546,0.12480530954478679,0.12335088330016686,0.12245864581176279,0.12420063116785744,0.12292366219894618
2023-02-28,0.12334371442907328,0.12420915228434289,0.12414834674298873,0.12517193717785663,0.12396675536889737,0.1234711819792321,0.12243827138732727,0.12298802499944163
2023-03-01,0.12422463445306214,0.12402960648638248,0.12346180478281311,0.12460033837579149,0.12493735171441638,0.12332297457415095,0.12179081125796248,0.12382222752291648
2023-03-02,0.12401804078792335,0.12534922855581834,0.12418781651139016,0.12277590708675244,0.12351887620231783,0.12265680277246593,0.12506632950030738,0.12279393143738049
2023-03-03,0.12245837723987969,0.12394831121056954,0.12459681954611244,0.12522605115517657,0.12268254145791217,0.12269270743593527,0.12523356734234392,0.12354246029490189
2023-03-06,0.12352461952643376,0.12381280734152389,0.12362569318148939,0.12473004882681848,0.12248164293377801,0.12390874921306497,0.12337461410953215,0.12421144047231375
2023-03-07,0.12298271372524996,0.12668949124107068,0.12298787427905508,0.12338608270129856,0.12322759506441301,0.12297365544419406,0.12340097161958391,0.12377205191027725
2023-03-08,0.12321819588393843,0.12513387120813899,0.12261400591360161,0.12197414302304922,0.1239511383902404,0.12338722901154275,0.12493808403139152,0.12450943430935593
2023-03-09,0.1238381223341531,0.12390320193685578,0.12300143782410822,0.1240036251775186,0.12546154036405305,0.12320508662365286,0.12191656573496526,0.12434845281752792
2023-03-10,0.12230641279152504,0.12383390446977732,0.12387294540533049,0.12383894365269672,0.12253273011826323,0.12462096698380284,0.123882077909091,0.1251581369757068
2023-03-13,0.12429289297746154,0.1230233658435962,0.12466581892178842,0.12422637803461231,0.12415743827426107,0.1221790786999864,0.12348842480442643,0.12426367933467775
2023-03-14,0.12364485621014346,0.1273009039008137,0.12259722887944738,0.12357020169498845,0.12426585256780623,0.12024720191093721,0.12498717254482229,0.1235415440449195
2023-03-15,0.122654472964135,0.12691408229724566,0.12376895083702236,0.12247706288341871,0.12298783434453041,0.1243889517785462,0.12520928952438004,0.12184791825003778
2023-03-16,0.12223713795422494,0.12691386397420665,0.12347595686003332,0.12041092082276132,0.12549530927441643,0.12419792458318578,0.1253025114380753,0.12222442257405436
2023-03-17,0.1229742029800332,0.1257928891367182,0.12402422566282424,0.12294982279333348,0.12262815159288282,0.12396937673046285,0.12304645439400827,0.12459823437125309
2023-03-20,0.12354733572599946,0.12322897570940569,0.12276206307092223,0.12463547250942236,0.12318090821076541,0.12479176039411627,0.1238744888356019,0.12389878621928702
2023-03-21,0.12106281815565621,0.12318795529187802,0.12273214504293599,0.12358071061284867,0.12225354378510753,0.12534572419270634,0.12490184989320376,0.12686863089251751
2023-03-22,0.1224533900590052,0.12640578857697782,0.12339984597394177,0.12274236951640599,0.12373722646280443,0.1236648691621455,0.12435590120883204,0.12298525382384341
2023-03-23,0.12389107765848673,0.12289401326988317,0.1238100904770858,0.12243040693818229,0.12455586306921061,0.12683359859718393,0.12295593485787433,0.12249673340374562
2023-03-24,0.12296847699811568,0.12334040355768897,0.12326564378729896,0.12452490013783074,0.12181739687107365,0.12648325796901072,0.12372479421038231,0.12334727955065614
2023-03-27,0.12392399304638563,0.12399872284534873,0.12388228996065578,0.12366135167926605,0.12271663955092273,0.12317591509806647,0.12437384013226942,0.1239219985397076
2023-03-28,0.12250355409960154,0.12226679036581864,0.12427264564684931,0.12476858001009343,0.12227304901016596,0.12378849725158245,0.1249493136370736,0.12533147747029233
2023-03-29,0.12304030112037753,0.1219054204685669,0.12391957163025862,0.1207191502487247,0.1271074802603487,0.12739747710942664,0.12284811419010008,0.12345516124577349
2023-03-30,0.12374209331218308,0.12347939948087354,0.1241508530533953,0.12383000043280012,0.12571175734832238,0.12205963239207172,0.12432982398890854,0.12246535716974694
2023-03-31,0.12365873947366277,0.12421194678508599,0.12335794632419235,0.12447427418919578,0.12291496760087844,0.12207524411730442,0.12521147334096222,0.12447765987033513
2023-04-03,0.12409901786516907,0.1232201710308645,0.12325016577374202,0.12431717940918229,0.1227913411993491,0.12298608205883584,0.12569539385805856,0.12341992234694513
2023-04-04,0.12352536413994222,0.12465150577465764,0.12482804482833443,0.12470720346745182,0.12165883143741399,0.1210773624491851,0.12410609911088369,0.12499270663648826
2023-04-05,0.12248911154435499,0.12249029577398575,0.12490437625848226,0.12443772392821166,0.12300936535251862,0.12504833775935056,0.12485111719860578,0.12295085621933606
2023-04-06,0.12275352536547073,0.12380285998425397,0.12248892753321813,0.12241031037134797,0.12441664457076719,0.12617812102964904,0.12480004914719525,0.12325624311633519
2023-04-10,0.12455570789141036,0.12572497502158445,0.12241288315336361,0.12206450795882104,0.12550013743879862,0.12460398439191027,0.12388391863829551,0.12106316270229334
2023-04-11,0.12407345172027075,0.12244285913577767,0.12302122350552584,0.12301346453290377,0.12440239018903636,0.12494856672133844,0.12258214769662323,0.1256812374162688
2023-04-12,0.12253810476669828,0.1236951451413879,0.1245140367091662,0.12507420856911744,0.1234462064637859,0.12273286636284984,0.12316459424166369,0.12456156564967566
2023-04-13,0.12322068522983529,0.12260090621148399,0.12410803944157424,0.12456428756947235,0.12301330662064151,0.12627225643258555,0.12226956209176765,0.12406249172174956
2023-04-14,0.12320628188575816,0.12361379007923015,0.12410338086511323,0.1236721417685422,0.12464161417463715,0.12287688671239343,0.12489380839325136,0.12289897320813328
2023-04-17,0.1255431480470344,0.12216776168216943,0.12271380040275676,0.12464097090479564,0.12349634579334702,0.12353459857896966,0.12492434882511644,0.12323877723059101
2023-04-18,0.12326163786457343,0.12189073322307056,0.12411350663993401,0.12476244471332154,0.12452870274004971,0.12186048868903698,0.12523086824823482,0.1242907243192723
2023-04-19,0.12321122107661878,0.1245693110022174,0.1223622186762195,0.12434494547678315,0.12410802897416537,0.12192521905629566,0.12539300427761632,0.1240103576378438
2023-04-20,0.12564111276820214,0.12370545026361003,0.12354806714516428,0.12295048044005555,0.12591348502639993,0.12516618805347188,0.11968870380105129,0.1235344911661507
2023-04-21,0.12460917341465844,0.12271880033786964,0.12441597109792457,0.1248247034552447,0.1229558303686894,0.12457926080542582,0.12514158410039058,0.12095648129049881
2023-04-24,0.12468833155088592,0.12354554427696168,0.12194162208517167,0.12473333011230729,0.1240688528261388,0.12308733832284682,0.12469014961570102,0.12320131675600124
2023-04-25,0.12467798247868586,0.12204045064425713,0.12237156923757646,0.12441439915847816,0.12387599854914519,0.12443625517564266,0.12288887856537337,0.12506572849264883
2023-04-26,0.12297602796241502,0.12331571045849123,0.12295352927369026,0.12313021540605212,0.12244534995123871,0.12713375934067497,0.12392213480990091,0.12390076556292237
2023-04-27,0.12276360592167167,0.12380416626331886,0.1240648841012151,0.12278678111061259,0.1260730008740421,0.12491134328553803,0.12197697862801618,0.12372778898755794
2023-04-28,0.12330329223635693,0.12514328954977233,0.1232567972245425,0.12331480456859273,0.12322981370270693,0.12587111066937517,0.12419773007950985,0.12183627992258012
2023-05-01,0.1230743329359273,0.12188231730589218,0.12349438295214445,0.12571228958491204,0.12344641683133013,0.12072125420805467,0.128457482428734,0.12298726888039802
2023-05-02,0.12366174967236836,0.12524183275521875,0.12473152544160443,0.12199554759020692,0.12422389868185506,0.12376028997988812,0.12262600490988142,0.12361549814180374
2023-05-03,0.12600453757537503,0.12139849343075468,0.12465955123179077,0.12375619588930845,0.12260625647328889,0.12332857555724135,0.12408454561179295,0.12462344669772879
2023-05-04,0.12234151187835915,0.13033286988049808,0.12356234625310646,0.1227807123871768,0.12207639255550903,0.122667317712837,0.12242490450188852,0.12372023178643936
2023-05-05,0.12326770515697237,0.12790800216744563,0.12334742705708986,0.1235393488579946,0.12326473889701428,0.1219965073859479,0.12446735467596887,0.12196472476969991
2023-05-08,0.12159683801246005,0.12966295480414933,0.1231383615014782,0.12238780596995212,0.12178594273167534,0.12176773969421616,0.12538567794797126,0.12403589853934528
2023-05-09,0.12346803818228938,0.12419833591774346,0.12422203028321462,0.12289006094041793,0.12282119979020888,0.1258980860607517,0.12256894928391275,0.12369963807671912
2023-05-10,0.12386671707798011,0.12477543659484083,0.1245265637308149,0.1245937046060113,0.1245069707909338,0.12013882937221686,0.12324415672890897,0.12432738830355196
2023-05-11,0.1240455976242421,0.12273455903001139,0.12371486783100248,0.12429044331415064,0.12384927887841873,0.12591124053216055,0.12246399676573809,0.12278164810967501
2023-05-12,0.12396380272985265,0.12236022175141247,0.12402535646921069,0.1251753284439359,0.12394395765062272,0.12247479019219241,0.12355294103551874,0.1244515322096992
2023-05-15,0.12528630958153558,0.12325684245658938,0.12211473936343777,0.12222886173465869,0.12578621001615123,0.12538877119632205,0.12245632823985643,0.1239625622940621
2023-05-16,0.12303649576218452,0.1278521591730339,0.122562654037902,0.12288692927410894,0.12486608333458175,0.12138295245632,0.12428172736733682,0.12321723318865553
2023-05-17,0.12472017435176516,0.12388029305634839,0.12379112147691088,0.12319350142291116,0.12360695202529784,0.12193576998830617,0.123980400575325,0.1250912918453063
2023-05-18,0.1239506509038631,0.12434003352938043,0.12370212039185645,0.12378879546019758,0.12495272901290129,0.12267632069244358,0.12503429273430183,0.12187106920047938
2023-05-19,0.12268567772562848,0.12336061963868293,0.12352523678707797,0.12464961383110117,0.12290264899602531,0.12509117060832053,0.12316688851810464,0.12459566927018281
2023-05-22,0.12251554966402081,0.1268261063887117,0.12456171694901813,0.1226258124303303,0.1229843363059364,0.12382496269882134,0.12402153240182613,0.12270533080012486
2023-05-23,0.12297980817825585,0.1256225537737706,0.12272457007988516,0.12386467939552417,0.12294358621840172,0.12466491619293578,0.12331376750524076,0.12359743248689284
2023-05-24,0.12246129528934369,0.125553587933053,0.12241982126847031,0.12255341708610706,0.12315947391346826,0.12588748859659996,0.12398402303431108,0.12406788239062824
2023-05-25,0.12443908297609017,0.12468383810840629,0.12258342901131745,0.12638833572508845,0.12462405355326832,0.12104814538979299,0.11982129979432063,0.12640523797282427
2023-05-26,0.1235753320572225,0.1233137167891201,0.12183210859200833,0.12926342472931707,0.12344590768202336,0.1255159133583841,0.12194650727495998,0.12165943019614654
2023-05-30,0.12528231626427655,0.12183889016750687,0.12406069055422736,0.12202059127837551,0.1246083240584173,0.122243799471775,0.12533526507146095,0.12438658869546981
2023-05-31,0.12502292593444778,0.12075343245341215,0.1245898519718847,0.12710864798058186,0.12496181488007412,0.12378338763426555,0.12005580197680968,0.12387211245916567
2023-06-01,0.12398612424218337,0.12500974140241589,0.12341198172927177,0.12133572035597301,0.12360472618165971,0.12324215582086288,0.12681355334020147,0.12303087067574646
2023-06-02,0.12426889201002596,0.12199807512320518,0.12382661984117668,0.1281097606924463,0.12346636433954562,0.12351363834579576,0.12258929503197571,0.12213788064791954
2023-06-05,0.12342435933064069,0.1256091667597822,0.1240106688727603,0.12336940996217344,0.1229715863999297,0.12133303596577666,0.12501803106166212,0.12423245464322775
2023-06-06,0.1241236344067271,0.12855368157129046,0.12329742013122492,0.12018801102670425,0.1250670380386986,0.12269636415565088,0.12146057355957536,0.12477606296359797
2023-06-07,0.1255607411168185,0.11951396439850677,0.12499686521578142,0.1259977941093267,0.12536332635265812,0.12311220844571631,0.12090526109330642,0.12444996563748494
2023-06-08,0.12317330088239407,0.12546141170966302,0.12440218023847162,0.1242924779363539,0.12337867295738718,0.12043573827752821,0.12516600170283895,0.12378801158260397
2023-06-09,0.12275924133522344,0.12587463778954122,0.12345388265657588,0.12408344946522104,0.1219198315170062,0.1233229091725001,0.12366253430304013,0.12463542553876301
2023-06-12,0.12308387668776608,0.12196322289327335,0.12246011705977902,0.12769288091504852,0.12402744065451766,0.12404960623094684,0.12195960187443411,0.1244937053796804
2023-06-13,0.1252118691878915,0.11759933732317794,0.12496324043966565,0.12375060829061062,0.1250638644691891,0.12394586077558585,0.12755535052485262,0.12156357590320085
2023-06-14,0.12343429847750766,0.12178643351232615,0.12205552347875666,0.12555342121257182,0.12322501947034604,0.1240546362071698,0.12771799434327333,0.12259627548396619
2023-06-15,0.12457205587248306,0.12217837989536054,0.12593812462443185,0.12341941249180506,0.12396804178254792,0.12397065002793092,0.12370408781773393,0.12204446267693253
2023-06-16,0.12485558296926187,0.12059909539413485,0.12488074515968087,0.1233558269129918,0.12414114675758119,0.12212271785902201,0.1244081097252697,0.1253333588572153
2023-06-20,0.12309509094426718,0.12320673988816436,0.12358393028038946,0.12414038112090306,0.12432163685773141,0.12260275697830668,0.1259482150231638,0.12338206585034663
2023-06-21,0.12417647477584247,0.11906861302416158,0.12405770473961476,0.1242871179365501,0.1253566914524677,0.12405345372715744,0.12477466423006872,0.12400235049113258
2023-06-22,0.1254849753315425,0.12027101761650438,0.12487435652764317,0.12180370785315346,0.1260037402271424,0.12353074801896424,0.12417218641969809,0.12424841106802854
2023-06-23,0.12370889406664086,0.12469075432857137,0.12386084349850336,0.1221356331326274,0.12399485106604412,0.12382299797421718,0.1234000135996631,0.12462230007116032
2023-06-26,0.12773791150307257,0.12107095952157496,0.12444021491868038,0.12418577155885087,0.12620208285157605,0.12454537949348142,0.1193239095910503,0.12260571644199075
2023-06-27,0.12622641151878836,0.12249234648522414,0.12381911427037545,0.12358668154548988,0.12563369841144137,0.12327838576737472,0.12365319024911542,0.12158064162013893
2023-06-28,0.12364483606807236,0.12456035617157037,0.12340024447900187,0.12393527703240283,0.12300869340199275,0.1249905173963138,0.12371932377771858,0.12285534228685813
2023-06-29,0.12469327882148311,0.12441306578022747,0.12435612836230318,0.1264837786185615,0.12368870312208943,0.11885645295200148,0.12312166724934796,0.12422688659086237
2023-06-30,0.12336855173366634,0.12498277148417239,0.12414933171854182,0.12386159602902866,0.12348688130364431,0.12110197272597766,0.1258678741246896,0.12343016518944393
2023-07-03,0.12409109796737554,0.12380540989304693,0.12308217872967787,0.12396022404124753,0.12440790582338755,0.12374497258738532,0.12279898771766265,0.124183614763989
2023-07-05,0.12358604317909641,0.12299453196429914,0.12410688446582624,0.12445571775083926,0.12230129847086407,0.122473202318707,0.12560492306533028,0.12455889804961066
2023-07-06,0.12317536542951857,0.12472401774198284,0.12282683340631088,0.12385933555148045,0.12388467714813392,0.12365918887475771,0.12418497808731938,0.1238072240902187
2023-07-07,0.12386347147957852,0.12307899587145117,0.12370151145424425,0.12361855932506113,0.12335722088659615,0.12257942439456906,0.12468676511829552,0.1253457254693319
2023-07-10,0.12322131757648463,0.12308074500563941,0.12376392231935256,0.12670348452144903,0.12396122502281874,0.12577380969500165,0.12132545720298335,0.12211007947723772
2023-07-11,0.12187484982476171,0.12381795119675951,0.12350950814938731,0.12457750030006928,0.12261510706372,0.12643262485731938,0.12397383875645629,0.12314354355992889
2023-07-12,0.12308026185975993,0.12521029017101637,0.12282137427764507,0.12349539427026325,0.12211611154220042,0.12230678698122305,0.12607943450327155,0.12464712410459997
2023-07-13,0.12455721890467568,0.12276233425876128,0.12417710121042658,0.12118038012827127,0.12455311615787289,0.12301535412703322,0.1266109087237698,0.12325848557115218
2023-07-14,0.1232479126369241,0.12433224317339737,0.12373998152873818,0.12491885391192868,0.12413608158408418,0.12415253187151609,0.1218429754835297,0.12356796527320725
2023-07-17,0.12368249364002395,0.12427320352685646,0.12317251778534062,0.12442728784785498,0.12633901528055513,0.12418709304151367,0.1222364102743467,0.12166819978851771
2023-07-18,0.12363227320199262,0.1236698385063294,0.12437636160517564,0.12292439106038747,0.12359165280953331,0.12411438254768209,0.1252289250926312,0.12238431745321109
2023-07-19,0.12364386109197824,0.12082144412882373,0.12164367063770441,0.12619734351490203,0.12324756415818731,0.12458995301426751,0.12484857017281269,0.1246078207405286
2023-07-20,0.12249892160891016,0.12079337036403605,0.12218184198921382,0.1256117844188455,0.12313896953888985,0.1267741462365357,0.1235273159459864,0.1250717919508627
2023-07-21,0.1251619596781107,0.12405699538553348,0.12397935652038428,0.12326381562210537,0.12490235757678814,0.12501330253241033,0.12007139880622027,0.12347012323947078
2023-07-24,0.12409091481785266,0.12316042317942667,0.12307777621350137,0.12327982583237061,0.1252887272155585,0.12364493850967768,0.12284411042446257,0.12441273726372323
2023-07-25,0.12363485671858256,0.12422596470601399,0.12260483638036866,0.12453745362458347,0.12457339701251245,0.12270424551466454,0.12418745890164101,0.12340969260991597
2023-07-26,0.12477282638906033,0.12175999824336621,0.12432037628712868,0.12160636251025807,0.12384025973196221,0.1280484935417085,0.12224251924652797,0.12342621172785603
2023-07-27,0.1255956122937955,0.12294256852996703,0.12277102741568789,0.12166783367428248,0.1289028020657456,0.12499142764581594,0.12206020195523375,0.12108598845453035
2023-07-28,0.12524194565692695,0.1228480279598863,0.12373680170850876,0.12312274599763237,0.12520909677429304,0.1226500246788306,0.12327460531498466,0.1239801257391242
2023-07-31,0.12370174291332288,0.12423965722684337,0.12314018636678169,0.12388976700831977,0.12346860930284273,0.12420095723382968,0.12366513932427017,0.12369372584157345
2023-08-01,0.12416235940578571,0.1265521864131559,0.12223945131411715,0.1258328577923704,0.1239325798996835,0.12254208181662529,0.12283621602374892,0.12203995745572728
2023-08-02,0.12484266848547548,0.11697117146650694,0.12526383859861726,0.1250159395114958,0.1240678257057838,0.12467291601209048,0.12321504520535154,0.12520765343093426
2023-08-03,0.12357945917529624,0.12652731822846297,0.12338122720608939,0.12184867310171514,0.12425186243375284,0.12498335446842707,0.12381948656635097,0.12225490837288855
2023-08-04,0.1222374311913029,0.1254980403172814,0.1224867988172502,0.12333223935910043,0.12337323869376934,0.12477777200700453,0.1232049121476068,0.12494163592559192
2023-08-07,0.12567956698563562,0.12361859845753338,0.12353671478607861,0.12419513149886738,0.1242965272019104,0.12212306820676704,0.12373003881556408,0.12265860803674244
2023-08-08,0.12438309435039777,0.12240356765618325,0.12499848164048949,0.12353140558555563,0.12457060113663586,0.12235299998659142,0.12397612484570311,0.1237412876306497
2023-08-09,0.12423276467275392,0.1236837536843713,0.1252945770247784,0.12181290073068496,0.12469793353416661,0.1243793474762801,0.12148302717216321,0.12420146742733572
2023-08-10,0.12334334313286906,0.12373475739347954,0.12329802151241058,0.12343900764234463,0.12423725263647624,0.12216171775005523,0.12561137105256542,0.12433325099965233
2023-08-11,0.12253106065006836,0.12429530431093747,0.12457720997362776,0.1251333682157651,0.12199775782483237,0.12449809722186062,0.12307523597049048,0.12374326981110569
2023-08-14,0.12230381390157966,0.12520945956846424,0.1216054643830145,0.12266039921038184,0.12208762509612157,0.12661205615898832,0.12873574185200362,0.12115831223749964
2023-08-15,0.12406169147211958,0.12464954817947949,0.12393666623936817,0.12412982562620886,0.12409947777423423,0.12117421453620944,0.12362177183297905,0.12397975287701937
2023-08-16,0.12378784447990433,0.12227000982533372,0.12407252872568429,0.12363260731796219,0.12331630346127155,0.12407082395320888,0.12290674905673879,0.12604481737608672
2023-08-17,0.12399755339774785,0.12169952112273322,0.12347092193605728,0.12399429351877794,0.12509256968063198,0.12359644458046584,0.12361956105196682,0.1239251281488435
2023-08-18,0.12625618937003566,0.12490939463116359,0.12348126271936258,0.12240497252919277,0.1234892369927757,0.12378804929938082,0.12318556815688311,0.12268341660308683
2023-08-21,0.1253284284297716,0.12299930476938774,0.12205686406186522,0.12495113254443192,0.12308116034850099,0.12099187826169214,0.1274122151555495,0.1232043512550565
2023-08-22,0.12430690992074495,0.12217597221094714,0.1243209765355528,0.1241967725489504,0.1245246990948191,0.1247494809003595,0.12025732302326785,0.12499633502689488
2023-08-23,0.1220472186687171,0.12555097648224484,0.123070478749286,0.12489128564235584,0.12357977495939089,0.12455179309795113,0.12451744864172999,0.12201337334516153
2023-08-24,0.12424339727075091,0.1197329309924074,0.12455792381819,0.12369163180975154,0.12380794831949596,0.1255342349268339,0.12268267328994703,0.12496128155218629
2023-08-25,0.12429549395507145,0.12470271555926167,0.12504073909953564,0.12288241851489934,0.12391598995329896,0.12413901168923301,0.1207767733592954,0.1247716000893664
2023-08-28,0.12374202559405811,0.12286129585120804,0.12425567710908887,0.12432053131169296,0.1232544680207822,0.12311796923438888,0.12458226089223327,0.12412843411412207
2023-08-29,0.12488782847604044,0.12426175554662361,0.12265056866045948,0.12444056877402532,0.12367009115408531,0.12307743447992027,0.12547951426266177,0.12170858253782202
2023-08-30,0.12470100248192609,0.12438933116157147,0.12339982448886529,0.12323154017495502,0.12350076233634734,0.12489766299929682,0.12379978249463688,0.1221373473590304
2023-08-31,0.12496035089438409,0.1216789780401627,0.12207266412118421,0.12560624137656715,0.12587166966660818,0.1257621962923864,0.12215803463050927,0.12227615843397516
2023-09-01,0.12461781669999608,0.1276375310464679,0.12282147271933422,0.12071966528357347,0.12374006612159565,0.12535092074838072,0.12163860903714897,0.12331172723813827
2023-09-05,0.12292628642221208,0.1252263506228394,0.12267762244877783,0.1233443073527333,0.12341202786500162,0.12388400536584669,0.12379685840780784,0.12479747949616611
2023-09-06,0.12442117044767113,0.12328319493424768,0.12445797666407528,0.1244796422613453,0.12431364384434664,0.12522342674773934,0.12110571650588314,0.12261401362182206
2023-09-07,0.1228984282448497,0.12399562381241908,0.12350333152706526,0.12336379485958245,0.12293810399590992,0.12446768187458174,0.12541415019362814,0.12344478519259584
2023-09-08,0.12391428990253739,0.12324186074767787,0.1239727769861181,0.12444387364428362,0.12322274388778624,0.1250529856086698,0.12332106189991453,0.12280176044996109
2023-09-11,0.12281754053029845,0.12298517745601534,0.12470182106733707,0.12417973398318477,0.12347148333571896,0.1241532952002465,0.12271078339743063,0.12462512309044338
2023-09-12,0.12175565034153174,0.12481360353270443,0.12507437659550455,0.1229126659714556,0.1232166641223552,0.12436434311830823,0.12386231576197022,0.12377252841095127
2023-09-13,0.12296807617781028,0.12595067753542274,0.12343586044524987,0.12348411615006347,0.12311381248499627,0.12255270632027382,0.1250870696660003,0.12366860528203043
2023-09-14,0.12282501648023315,0.1225680932740809,0.124607184537106,0.12621404111071358,0.12237298297645523,0.12459641460074972,0.12363629455711127,0.12287736973654788
2023-09-15,0.12431239595343267,0.1211816135443938,0.1253974365342865,0.1244946607519057,0.12197746541086396,0.12439381194683828,0.12287050840778135,0.12488709944445861
2023-09-18,0.12430999907629553,0.12382227911499002,0.12417626461017853,0.12326795582486925,0.12487065267739181,0.12193243124341074,0.1254221731524682,0.12259196359908398
2023-09-19,0.1227284531661961,0.12409132285753868,0.1240375708019889,0.1247338321046195,0.1224541875782229,0.12442060990314369,0.12362186984014392,0.1238688090868632
2023-09-20,0.12421361665514516,0.12360034560813131,0.12484944772863515,0.12320797731061847,0.12410416934668057,0.12383170392089457,0.12190876901021609,0.12424922046479964
2023-09-21,0.12484750539446253,0.1212988959852524,0.12365653839678244,0.12651531956212334,0.12472127752954813,0.12270292274265196,0.12274770734827976,0.12370512323762593
2023-09-22,0.12322715459472734,0.12280269789490152,0.12255460874647318,0.12669562617129512,0.1237973943968691,0.1242446545510551,0.12383475510681194,0.12284667537586161
2023-09-25,0.12320565813435869,0.12440117775318357,0.12309852984654354,0.12369347526114748,0.12363011269656474,0.12310689498472373,0.12468299685349049,0.12379435886450418
2023-09-26,0.12313112997351032,0.12408721600463635,0.12373944413656524,0.12283181811169552,0.12332710533800134,0.12448101019977895,0.12451789818828381,0.12356848627085633
2023-09-27,0.12327196963305773,0.12526187739342554,0.12292191065874951,0.12304926538537733,0.12380739637293103,0.12379378996497564,0.12406850828887324,0.12405719787387283
2023-09-28,0.12455768185349038,0.12745834553069182,0.12432369115468797,0.12323192865242673,0.12477028868361889,0.11982200901978637,0.123279249980394,0.1231326751862063
2023-09-29,0.12329536737966108,0.12264119917717559,0.12242405290458191,0.12374766283204208,0.12296284887136062,0.12775842609596597,0.12368962074097545,0.123415226151634
2023-10-02,0.12352978063438816,0.1242289979336313,0.12270435663310775,0.12382749445810443,0.12366557110793594,0.12269473033695158,0.1253042954611842,0.12371616052551317
2023-10-03,0.12366852590103845,0.12320940039906848,0.12437858456715208,0.12348246118337666,0.12319194895430367,0.12655821200287415,0.12195952219701943,0.12315274729806984
2023-10-04,0.12375938503705881,0.1263753754215231,0.1238700486380559,0.12274105748005065,0.12378439823523872,0.12210850180782246,0.12305788920715555,0.12393852215234916
2023-10-05,0.12361759999147422,0.12316996604571144,0.12309643098468645,0.12408585730413217,0.12237013577389606,0.12431303705413985,0.12531007191116664,0.12405347063669855
2023-10-06,0.12259724350980375,0.12663869160608737,0.12369149167752179,0.12467095763993087,0.12208598462948424,0.12308040737315616,0.12517300802957262,0.1225279596725099
2023-10-09,0.12333144457042654,0.12409237137677302,0.12351070001216975,0.12523483340481237,0.12400718280880238,0.12258170502228306,0.12416057400796512,0.12299555357382894
2023-10-10,0.12329216960353992,0.12496682749137293,0.12362855967590627,0.12340547600169478,0.12340326147035788,0.12223479138561436,0.12431305992906723,0.12482417779467028
2023-10-11,0.12260730661907564,0.1222851980437848,0.12396496498650465,0.1251002353758275,0.1233722408360053,0.1238402516537398,0.12484936046746566,0.12422134062892606
2023-10-12,0.12426438175418161,0.1229915858665721,0.12423056538244585,0.12688280274537866,0.12439616800499644,0.12154414344998034,0.12323691298531482,0.1226762880508634
2023-10-13,0.1220749705483232,0.1227732724101959,0.12452604790411455,0.12357395024592184,0.12413108179459807,0.12573338310135193,0.122880602524107,0.12379852004346661
2023-10-16,0.12207835461742804,0.12394726126339554,0.12354704979676817,0.12458340463494283,0.12352903855196451,0.12310686601166813,0.12554736872970518,0.12376833150179195
2023-10-17,0.12504632914195177,0.12378453423597038,0.1255610311973828,0.12204156378057576,0.1243846200288315,0.1238137659758851,0.12172914115900378,0.12376343134531226
2023-10-18,0.12475242807199241,0.12194119540496749,0.12345080187982296,0.12437795331938384,0.12420533723840244,0.12543539544831853,0.12199674322658069,0.12413637676733057
2023-10-19,0.11960978366802506,0.1251156426520828,0.12440198445631713,0.12409433466609977,0.12178071266079528,0.12317110296221623,0.12473499424612093,0.1268468436655871
2023-10-20,0.12444683745463665,0.12449294771364554,0.12318854971943602,0.12202726043640735,0.12412525372624666,0.12418969613570624,0.12356599221809786,0.1241295921249961
2023-10-23,0.12355245599252976,0.12163158949130345,0.12451523820308436,0.12296696289667132,0.12327871769333425,0.12271453101534417,0.1277385739259718,0.12389607705842336
2023-10-24,0.1224399796922134,0.12343451167336171,0.12493783806129263,0.12501222189542227,0.12248728548425777,0.12400559950061478,0.12450103591676365,0.12317620997684894
2023-10-25,0.12464299382625937,0.1219435691102414,0.1247177245131078,0.12373752889874072,0.12462631971681123,0.12402246384621791,0.12296855626574646,0.12304205143726596
2023-10-26,0.12560457531390876,0.1225766197132425,0.1248231884321069,0.12247780333058492,0.1250157623821129,0.12198298000605744,0.12102951057970439,0.1260881861902496
2023-10-27,0.12411195072870124,0.12489961093997556,0.12306752148039564,0.12508315522538838,0.12397341618090746,0.12522820089848333,0.1219389987166418,0.12188671384808407
2023-10-30,0.1234294943101372,0.1242785520888007,0.12324414810575116,0.124327829530499,0.12428945833652903,0.12376241646569926,0.124280751506968,0.12228133016887788
2023-10-31,0.12364994309486974,0.1260277794445128,0.12296413396527144,0.12276851398078863,0.12353296898857559,0.12435935308715039,0.12389257101423012,0.12311819607633709
2023-11-01,0.12219613190257066,0.1316852849142566,0.1216345877675737,0.12147299355407228,0.12294968577972008,0.12445898548705021,0.12434255440369318,0.12175948761845272
2023-11-02,0.12404375831058362,0.12351482977689056,0.12258053795819472,0.124748317345937,0.12357136152274228,0.12362739800057321,0.12417186522963185,0.12352578361163734
2023-11-03,0.12255822391302064,0.12591970167384617,0.1221983071138896,0.12329841912669026,0.12327878674882446,0.12465346639168923,0.12531774582603297,0.12262881163092755
2023-11-06,0.12326359233590295,0.122612927506252,0.12340818259625456,0.12319678676092723,0.12426526840512667,0.12412436197807551,0.12481702727442065,0.12410314897336971
2023-11-07,0.12422000261785025,0.12443904388937342,0.12317594285123003,0.12485276413590492,0.12318267862849068,0.12323664274231096,0.1235751224194422,0.12313810019744785
2023-11-08,0.1251619266448974,0.12359127815734984,0.12325169363604961,0.12507579276189232,0.123871019686845,0.12272375188286695,0.1245687571767545,0.12178727046306011
2023-11-09,0.12328645712317403,0.12386120353156325,0.12219028462379647,0.12462299463661737,0.12457686097277647,0.1247591843459937,0.12341715720614924,0.12316931298095932
2023-11-10,0.12456014093586792,0.12447190276132764,0.12315486870631981,0.12493016343769371,0.12469158311299028,0.12174822065280813,0.12213147136523228,0.12461011901676255
2023-11-13,0.12467195044076301,0.1224311284448776,0.12389424702225335,0.12364870863274438,0.12285732378333301,0.12485996637162565,0.12457675744445516,0.12330157429859707
2023-11-14,0.12395169346984042,0.12304561256328886,0.12324630059097127,0.1242167599082475,0.1235577873357773,0.1250020916401064,0.1230473130718691,0.1240018848854783
2023-11-15,0.12517875561699404,0.12198117388603692,0.12418985319309482,0.12433252135784632,0.12455341854654783,0.12427630750844,0.12199419446377507,0.12341990045194391
2023-11-16,0.12281417957751123,0.12579702821355607,0.12404117299129909,0.12246814238851181,0.12353625412538495,0.12292943389712936,0.12506050558995105,0.12341181404783208
2023-11-17,0.12760580798847584,0.12322613951604242,0.12312729912535401,0.12456412240206362,0.12352953402286436,0.12375694660024161,0.12166727938843126,0.12301580170719295
2023-11-20,0.12480182233408377,0.12237607488992801,0.123133862637334,0.12462599270269914,0.1253433760712815,0.12355161646021706,0.12424404704551231,0.12161311655938901
2023-11-21,0.12320280487785219,0.12343832476608269,0.12341366059589227,0.12566208728867354,0.12360471926619492,0.123039534420608,0.12466368564209546,0.1228825158874975
2023-11-22,0.12305019959087353,0.12667303434044985,0.12323646218828051,0.12284870499541413,0.12475393748397345,0.123917118228541,0.12130098824737917,0.1239897325257966
2023-11-24,0.12449947048328691,0.12419513007579755,0.12410930229740183,0.12415915660712615,0.12408718195887042,0.12396958759506393,0.1218925393912365,0.12309288033476017
2023-11-27,0.12474602878412634,0.12424979060150387,0.12374231151830314,0.12037996674501338,0.12495076342089986,0.12469185492745626,0.12455648182665782,0.12314933459398093
2023-11-28,0.12285668271256975,0.12396568073600343,0.12295800650566305,0.12453118556591418,0.12359776501972573,0.12540098549014622,0.1228689723874687,0.1240746657775156
2023-11-29,0.12347636982033927,0.12432177086453512,0.1244031036490598,0.1232203083054379,0.12325442403610115,0.12323127382925439,0.12359020642161811,0.12423697900668894
2023-11-30,0.12482079381001357,0.12286144962369856,0.12521542011786924,0.12306560840841789,0.12484386130317715,0.12395566524813591,0.1218291154377522,0.12329348080129776
2023-12-01,0.12452286311004122,0.12415416068959807,0.12357542518982606,0.123612126568928,0.12458080135947208,0.12272600953564859,0.12324242550694105,0.1239243095729688
2023-12-04,0.12314828678618808,0.12333223884400865,0.12526851037195816,0.12489914978018984,0.12365363004648816,0.12250611215387464,0.12283911061165535,0.12431808653230787
2023-12-05,0.12263899571940838,0.12395257129420424,0.1239550814635741,0.12340928537294664,0.12309900490559995,0.12332589636747963,0.12613796347796183,0.12349785484567204
2023-12-06,0.1229346443664647,0.12251057469106395,0.12498872794612781,0.12402118545722636,0.12380039350993892,0.12292150278984697,0.12197952747439135,0.1263805135676191
2023-12-07,0.12281982040988304,0.12952812668762623,0.12262964147548724,0.123882251222651,0.12272401112903526,0.12102829475283182,0.12402115116396098,0.12353461798956732
2023-12-08,0.1227566002961868,0.12216513834458449,0.12269835227710656,0.12493024700274241,0.12315694451574723,0.12497472829552582,0.12515248646721058,0.12402733330943946
2023-12-11,0.12556372399156576,0.12432526176752765,0.12171047984857634,0.13013860250541998,0.12507439457872724,0.12194634466615842,0.11880434867865164,0.12243773125490576
2023-12-12,0.12307801588082021,0.1261194740370825,0.12216249936313216,0.12668200438683772,0.12115795916161151,0.12236529798107747,0.12544754752418263,0.12296184596225902
2023-12-13,0.12246880323017016,0.12294096779484442,0.12429826496853112,0.12523807834376754,0.12278403801701147,0.1248309719891267,0.1239280513746251,0.12336966026292123
2023-12-14,0.12522005986901136,0.12136367186287945,0.12393921520422045,0.12399431088285724,0.12657602796201867,0.12448095489944437,0.12208069511176062,0.12250916836274603
2023-12-15,0.12338751327359812,0.12301128843105422,0.12334094832206145,0.12722596479553372,0.12425520039134746,0.12137893718306583,0.1251197150098484,0.12219460863425494
2023-12-18,0.12294513066386084,0.12312955256945667,0.12247471145360872,0.12648754263443115,0.12269312391887505,0.12330593114174855,0.12529218370556494,0.12345937635841128
2023-12-19,0.12421018580861046,0.12427215241981251,0.1231555019592472,0.12285634512802866,0.12426976029020836,0.12362336683927748,0.1234333445336449,0.1238686266542115
2023-12-20,0.12388202025811633,0.12372876518879897,0.12498864175329427,0.12420254180290394,0.12404017008086608,0.12239095452450716,0.12300526517978846,0.12341750129696545
2023-12-21,0.12329384046545797,0.12451769226546588,0.1250261990868662,0.12236085937905201,0.12293856724006054,0.12388427786717729,0.12339338271824424,0.12445944775214186
2023-12-22,0.12407247350569856,0.12319904887207199,0.1239238268713737,0.1230699309895595,0.12421697264455336,0.12446496582019105,0.12281036405893332,0.12424072869404441
2023-12-26,0.12393756313283369,0.12511326709988038,0.12424971546017233,0.1230309172599591,0.12442513191825506,0.12295250664250952,0.1229755066790879,0.12343673686893165
2023-12-27,0.12367082000863289,0.1252974602759447,0.12441436715361737,0.12281963906631334,0.12350720575785439,0.12273035705984761,0.12365638864462698,0.12345955250805754
2023-12-28,0.12300884972901717,0.12608794210832447,0.12358121553688821,0.12315979164236432,0.1229128505760094,0.12310455513794373,0.12409302961363712,0.12382340355867537
2023-12-29,0.12360984350234254,0.12290963641618909,0.12422157064705974,0.12382511172038457,0.12373177787830308,0.12367858156250468,0.12392401697892905,0.12365745326966546
2024-01-02,0.12212637330654026,0.12133688510704557,0.12406480600541168,0.1255480961635061,0.12320733565161829,0.12407911424385135,0.12381471992889512,0.12565704301126263
2024-01-03,0.12328821022790519,0.12314503262531423,0.1239871506556773,0.12240347902797646,0.1243317348184223,0.1253625026996529,0.12396600280974367,0.12353738487433633
2024-01-04,0.12317307824229641,0.125150815441132,0.12398299119097633,0.12253189681481375,0.12447972542440847,0.12269718261999034,0.12442349369537602,0.12308059515532538
2024-01-05,0.1220139716114732,0.12476530766901835,0.12359733587782758,0.12262722790277063,0.12278079532094115,0.12586989420690164,0.12475807243209765,0.1236558239504577
2024-01-08,0.12211969831330302,0.12598352134707524,0.1223578755162442,0.12282253722914142,0.12413934880901539,0.12249607163142533,0.12766425216877142,0.12290291879709726
2024-01-09,0.1232716790943973,0.12534963162396426,0.12323330990043124,0.12426149563977316,0.12325750958299106,0.12261913261867703,0.12429833354904236,0.12334162859587604
2024-01-10,0.12258488700715835,0.1231685453863221,0.12441705007896935,0.12426383808160879,0.12351483219569648,0.12332037945256802,0.12614095213011495,0.12224127175892202
2024-01-11,0.124518109585343,0.1227106592710242,0.12303690088409591,0.12515322931029216,0.12486439894308038,0.12400234222739155,0.12297452649901855,0.12254401372255723
2024-01-12,0.12340708461957284,0.12269513708849304,0.1240406327802061,0.12368868445523257,0.1240092523287883,0.12339510268795065,0.12413842812662013,0.12436407496364714
2024-01-16,0.12345893324470109,0.12851133590543634,0.1212276007595748,0.12201381037728985,0.12258707664135123,0.12453043176153901,0.12474495162331932,0.12286154115415922
2024-01-17,0.12338450379036539,0.12476161299870067,0.12427816517456956,0.12288344899372067,0.12318666474082059,0.12280544728145555,0.12277777352021917,0.12571498334424913
2024-01-18,0.12408934964866332,0.1204217161329353,0.1261534928361781,0.12486431242162138,0.12433220294801346,0.12221284961872685,0.12246116754587622,0.12505993374729832
2024-01-19,0.12444080400054097,0.12633376424511542,0.12196310184791628,0.12607101338084195,0.12463073667332494,0.12224665047894007,0.12333507997291333,0.12140162447931127
2024-01-22,0.12452697108957822,0.12000680390614163,0.12423513485079891,0.124873174385984,0.12510006002619978,0.12555442205862818,0.12356210528192316,0.12229618087304872
2024-01-23,0.1230064599923595,0.12470433202193731,0.125519957996089,0.12406667656965735,0.12364555742185825,0.12148893995860614,0.12394600809564243,0.12394486052839575
2024-01-24,0.12399562149961389,0.1263495987915482,0.1253063483619875,0.12317416046160222,0.1219817841014603,0.12158190652838646,0.12417851852921184,0.12329658054723398
2024-01-25,0.12225421892800081,0.1236093782005791,0.12573264962689137,0.12047407753514071,0.1238385281761344,0.1255398298375204,0.12399439300930465,0.12391733414386169
2024-01-26,0.12221863618784638,0.12519226839453096,0.12465984797604542,0.12230351562150167,0.12183601105766033,0.12520733322084562,0.12420015163580696,0.12443773291307271
2024-01-29,0.12424850660000354,0.12224760831553931,0.12502497943212218,0.12293696657394182,0.12413045353292947,0.12368515756355629,0.1253683362480555,0.12269445963768257
2024-01-30,0.12423984266205372,0.12192092238912172,0.12419305654477449,0.12392156830677054,0.12426664388581038,0.12208426085378342,0.12480404365110732,0.12448282363615627
2024-01-31,0.12371207632039732,0.12468950763571346,0.12471853959499551,0.12250522393318582,0.12396266276955846,0.12438548845242067,0.12366116931350135,0.12289891495617858
2024-02-01,0.12409972879027745,0.12410484851600405,0.12437263516577525,0.12428877321345293,0.12327704646221382,0.12253370285804159,0.12499415855012756,0.12253443636020087
2024-02-02,0.123266694242147,0.1245668883184437,0.12319065225063927,0.12342501120766403,0.12328733985015157,0.12362569902037383,0.12601720750544604,0.12268625707399332
2024-02-05,0.12447689823327411,0.11957532967476552,0.12445847562021939,0.12427873362573294,0.12449745971831612,0.12300449710179072,0.12490510128203249,0.1244036231664408
2024-02-06,0.12441749574869884,0.12202357020073173,0.12696073733152663,0.1220222085019441,0.1234033392741458,0.12262197003497971,0.1235580030284913,0.12532925874069084
2024-02-07,0.12204220192182072,0.12256023289728779,0.12402722122193557,0.12377671289058441,0.12307557670915266,0.12299351338613021,0.12467198775292367,0.12679152583139125
2024-02-08,0.1251764901916493,0.12166486455256213,0.12308249119743452,0.12336506125953282,0.12414437352255164,0.12146746819781809,0.12185633554904822,0.1291116927612325
2024-02-09,0.12639713390092047,0.12258094738575921,0.12333801568573918,0.12457792511751561,0.12614222211463855,0.12224326611868411,0.12428577051093931,0.1205139646937708
2024-02-12,0.12490108833422908,0.12391539588435999,0.1230855730138517,0.12230149619898796,0.12506376697366672,0.12471773557047333,0.12411481922907305,0.12184568215042443
2024-02-13,0.12370778572420801,0.125161010517094,0.1240019781431564,0.12392616478069007,0.12495483307662947,0.12102681251595335,0.12554208875772452,0.12192647098288846
2024-02-14,0.1250503688406084,0.12659259379813026,0.12418431492585434,0.12220770266531772,0.12384367930622225,0.12211959626252922,0.12405916623085546,0.12230147000972585
2024-02-15,0.12411502499534906,0.12334062529796845,0.12510341475983416,0.12330142915181566,0.12421198290733186,0.1238263233747608,0.12270642697364598,0.12306349859749778
2024-02-16,0.12396889067970798,0.1227132642993988,0.12498145711518982,0.12389105473175245,0.12357192197566207,0.12298139546984593,0.12272673831706678,0.12480665470304494
2024-02-20,0.12153232191388902,0.12167461524881965,0.12469146741337164,0.12497990818182113,0.12324546143778765,0.1280622178490819,0.1213185791728745,0.12438027610341454
2024-02-21,0.12432233740925266,0.12391723659806547,0.12446874496761101,0.12394792774896697,0.12372441446835838,0.12405929516567148,0.12178419351768756,0.12389334302376095
2024-02-22,0.12227939035997376,0.12771632213474737,0.12202291062342643,0.1235879678031233,0.1232659899683974,0.12269115694049246,0.1273300327622407,0.12081117720416469
2024-02-23,0.12424485013541882,0.12216209653941226,0.12309574977307705,0.12445418485521596,0.12313425085172289,0.12480797700819299,0.12278405314325994,0.12467262723033996
2024-02-26,0.126105139424457,0.12162054333340011,0.12433206390215025,0.12369971895937651,0.12381956758720727,0.12347816198034525,0.12259218955219736,0.1241236196481808
2024-02-27,0.12412064248124931,0.12587475615515728,0.12313136086339083,0.12317806668374562,0.12312713851242842,0.12459862468823273,0.12333813311485987,0.12234488643430852
2024-02-28,0.12327884908515864,0.1243237614412453,0.12417963103341714,0.12377607875440991,0.1246048305683326,0.12309057275079507,0.12394030885349884,0.1227919792365547
2024-02-29,0.12320908539684415,0.13106070400750983,0.12374721949923675,0.12199760087741389,0.12264144266167633,0.12211031399382088,0.12243663176774384,0.12277487643193136
2024-03-01,0.12323926253290048,0.12254019451355952,0.12438129397520067,0.12603823026698033,0.12405781967032703,0.12363775841973405,0.12284344056597912,0.12290114569689929
2024-03-04,0.12262827689012823,0.1242181065305358,0.1247772653211417,0.12426688411297113,0.12238837977862638,0.12285758216807932,0.1258622404348428,0.12285302771839221
2024-03-05,0.1241749665745054,0.12726274894796138,0.12201084915010313,0.11997103050729678,0.1235067511072785,0.1246807336527483,0.12565374450644692,0.12243989331947969
2024-03-06,0.12436298227102761,0.1234254285445488,0.12518082649459958,0.11938486408122662,0.12371447547526367,0.12372216853972158,0.12425801089651926,0.1255177685107185
2024-03-07,0.12169048488707022,0.12139034536157405,0.126109195485129,0.12425467940538279,0.12273118174116965,0.122351306555201,0.1256953710369009,0.1259183975178179
2024-03-08,0.12506397363963145,0.12562751188710514,0.12397898827466285,0.12134373107682668,0.12457679795525481,0.12634883609796824,0.11917164033972054,0.12319487586113559
2024-03-11,0.12431509238264263,0.12263849407137627,0.12333726583750491,0.12673242556580383,0.123909532117504,0.12367545995302925,0.12429441776094226,0.12123214273922316
2024-03-12,0.12290014128426455,0.12338337687939947,0.12422700942551647,0.12085011108060664,0.12428955727505073,0.12469555538282678,0.1276301323343502,0.12216297537781841
2024-03-13,0.12364631426469123,0.12265098306430505,0.12354831699171784,0.12269240090398707,0.12400419497472862,0.12360905937230739,0.12515246832822965,0.12433592128170513
2024-03-14,0.12490632269860073,0.12158100681625855,0.12432737713352113,0.1253627738508872,0.12452817478364366,0.12287646892503089,0.12310384976328845,0.12300640083819007
2024-03-15,0.12290525794750794,0.12729816625817236,0.12151066188718238,0.12162577970455066,0.12331116608195594,0.12442128105002676,0.12443217088450743,0.12454740884559883
2024-03-18,0.1248251753407278,0.12395037316600509,0.12435689988046306,0.12374153793042422,0.12580598122789188,0.12172104188011759,0.12297939013514018,0.12249333928032503
2024-03-19,0.12376607429809613,0.12103285039300807,0.12418290679993016,0.1243085679149341,0.12472391894176163,0.12406803631095367,0.12599637295607702,0.12180554084465435
2024-03-20,0.12459553396058466,0.12058533740652494,0.1242737769977111,0.1260253592704542,0.12517244529453114,0.12399624333178903,0.1231565539236667,0.12232531235213326
2024-03-21,0.12387634893182203,0.12047149666706714,0.12361311013514831,0.12749899352406852,0.12531907477402723,0.12173669674513517,0.12421150468736805,0.12265981453430994
2024-03-22,0.12351228634103949,0.1241765471563383,0.12327707659487491,0.12305091304561198,0.12188150167283875,0.12349861717786657,0.12697462075063745,0.12349168868319249
2024-03-25,0.12222154269102523,0.1257690320777361,0.12195347063905941,0.12232760077427456,0.12289621709825796,0.12960203386300836,0.12335623408423269,0.1220394664302884
2024-03-26,0.12372148000555368,0.12467001469342359,0.12362403865868563,0.12253388742563566,0.12388951917847044,0.12562927039248384,0.12127858090084138,0.12400830583651365
2024-03-27,0.1249665110905188,0.12492379490958486,0.12441580927916243,0.1220374790930434,0.12413553179223531,0.12512884322024048,0.1210911150588138,0.12297882544299327
2024-03-28,0.12299887065616986,0.12449575949834062,0.12391012083869447,0.12424873284018446,0.124511151846164,0.12218565128575089,0.12403341887536572,0.12388169697367611
2024-04-01,0.12251584784623253,0.12379464279146317,0.12336342407377324,0.12390887796172897,0.12294781472013362,0.12667999132562308,0.12156849280420383,0.1254494996754568
2024-04-02,0.12303756345408529,0.12278937702102019,0.12313828976821539,0.12547106996941929,0.12336045738585742,0.12360557140356111,0.12471819103278575,0.1234243492647826
2024-04-03,0.12328287239816627,0.12323753651835136,0.12308542899428854,0.12449332440530583,0.12311434688753091,0.12704396514251462,0.12193574984142824,0.12402247658602403
2024-04-04,0.12506862405885352,0.11773036837950515,0.12481291394115009,0.12375306560152124,0.12450448426018795,0.12403601582602969,0.12339801157078306,0.12620157542038268
2024-04-05,0.12472530398643908,0.12440297653150434,0.12333954467326293,0.12395203178338916,0.1232961685942033,0.12190055850851293,0.12432261203837028,0.12414926292721312
2024-04-08,0.12321110371511712,0.1264773520228126,0.12430938855873955,0.1254419954374267,0.12432759978979814,0.1195228395412138,0.12310834876513432,0.12334620000703451
2024-04-09,0.12426393626755189,0.12548812964437764,0.12457676197933452,0.1229232745760536,0.12417996084786098,0.12256063552617656,0.1218387479734701,0.12433375298000471
2024-04-10,0.123001532999109,0.12310646489203447,0.12404672309606807,0.1224862173622529,0.12313045425301397,0.12479109627900105,0.1270899829946327,0.12244655940482825
2024-04-11,0.1230131151991741,0.12310998888173978,0.12253408810675837,0.12549893068860765,0.12342093758691552,0.12576942837310884,0.12565395400474205,0.12097997062294936
2024-04-12,0.12484839928687888,0.1239830748003159,0.12390463172726238,0.12444719748663889,0.12415521281290572,0.12245389641990814,0.12307092429483864,0.12279559346037565
2024-04-15,0.1240116038126106,0.12431975649561261,0.12379399705449119,0.1222310891869705,0.12387235988561245,0.12517588916128083,0.12307461956692535,0.12321595221025299
2024-04-16,0.12404896919012018,0.12307797819234732,0.1245628039627937,0.12321371128913575,0.12404255262401391,0.12423070147425833,0.12340974963739056,0.12363458575612726
2024-04-17,0.1249044366492052,0.12120595031295588,0.12396959649468405,0.12322561938550003,0.12366254721007622,0.1230191287699058,0.12274807765919497,0.12711613283132542
2024-04-18,0.12374044584457164,0.1251478529585948,0.12397611899684723,0.12291406013620937,0.12293747439394057,0.12109191491700115,0.12530379711291506,0.1249095992293289
2024-04-19,0.12536963098457501,0.12389723477034094,0.12430165397791046,0.12280287631308465,0.12479523046840171,0.12470401555619148,0.11760916035667988,0.1264262484485444
2024-04-22,0.12190298586235018,0.12365536332968922,0.12353764311889671,0.12299749657832738,0.12207619936544935,0.12498883310348914,0.12522836539605756,0.12616480577507483
2024-04-23,0.12351854077192521,0.12234878757980577,0.12468721310647654,0.12368841214588108,0.12291182650198089,0.12490480737355082,0.12434577123127698,0.12377067890046069
2024-04-24,0.12539451445931632,0.12250951842825647,0.12375329390531932,0.12566813922161615,0.12324896270365233,0.12532208731407604,0.12018359521504765,0.12372570219897508
2024-04-25,0.12170112320371786,0.12443826009405194,0.12450216621427075,0.12303754149555575,0.11990364424924459,0.12314671846166722,0.12646840509986287,0.1268171013714939
2024-04-26,0.12454443954550327,0.12337398031729338,0.12178605164282087,0.1240330733379629,0.12427785399718706,0.12371514495932073,0.12654706686710213,0.12221389720175353
2024-04-29,0.12451660778415205,0.12432419206808182,0.12292787300128759,0.12295335755569776,0.12442875803647413,0.12380357581612737,0.12368330870802004,0.12365457137886951
2024-04-30,0.12299926892614667,0.1243414310622744,0.12253738483275388,0.12314604252385393,0.1220878792906424,0.12476036632338318,0.1246500959347263,0.1255153653953144
2024-05-01,0.12465703134640546,0.12272590729772798,0.12359686332473328,0.12249667924688618,0.12385531371760278,0.1253081129201471,0.12322366442272906,0.12396649973040655
2024-05-02,0.12456954153477244,0.12383457538480026,0.12286432186796731,0.12154614271475489,0.12390090672908302,0.12418303635122369,0.12528101235586503,0.12385687830086232
2024-05-03,0.1238569509580478,0.12386553918223046,0.12343185752500747,0.12420081879521333,0.12372327374368702,0.1222371087939074,0.12398518179565081,0.12480159217231603
2024-05-06,0.12388581104770151,0.12416026467540738,0.12281412937974122,0.12408438609145613,0.12301228039868262,0.12238074925587279,0.12552685797786958,0.12382626155504825
2024-05-07,0.12399907668144133,0.12363451016346684,0.12284165321979697,0.12388043733221825,0.12318761740394821,0.12392047720367315,0.12440026361233693,0.12422846507526991
2024-05-08,0.12339102808278936,0.12251882936227122,0.12323362703814611,0.1255179673380852,0.12365221455446948,0.12356363721304463,0.12373336025505885,0.12469024659096942
2024-05-09,0.12399543433849423,0.12401227591476718,0.12457217833869583,0.12371156993714753,0.1235729403748341,0.12304564999344775,0.12240591214240881,0.12473274055457284
2024-05-10,0.12380768075934594,0.12140291020398354,0.1242125957186783,0.12489766697393126,0.1228775582044271,0.12449082127719799,0.1226758014987184,0.125216899117795
2024-05-13,0.12352174768041571,0.12398690081993777,0.12317836169652806,0.12385768204882185,0.12229699813959449,0.12490030076202957,0.12447104549946723,0.12347152332655345
2024-05-14,0.12353442426583174,0.12363774884553849,0.12147421964203962,0.12569694645070678,0.12301655669634644,0.12323081048820399,0.12372346533115207,0.12595997654746122
2024-05-15,0.12392336665729152,0.12425522565804185,0.12330643844384645,0.12600867519392808,0.1238907244376381,0.12235093202943889,0.12390575386960867,0.12283284545858511
2024-05-16,0.12243937175042459,0.12615529194860736,0.12233141793005708,0.12362234777586124,0.12389709535507445,0.12454812634289043,0.12411171316926868,0.12307531664957022
2024-05-17,0.12349009153632551,0.12328936871442563,0.12657531366303268,0.12447734144247341,0.1209075458587345,0.12322921838621315,0.12348185746628929,0.12410734733023912
2024-05-20,0.12602892202380694,0.1221324145112345,0.12359959600148457,0.12337628688476007,0.12523539087735178,0.12359477074212834,0.12314126205369876,0.12306629423541686
2024-05-21,0.12391646110910061,0.12314972139534958,0.12323237491761267,0.12270176384409252,0.12193275744084545,0.1259151117654626,0.1249978739383243,0.1237593453552449
2024-05-22,0.12328681957221811,0.1233204301505423,0.12329227518295856,0.12414335596556464,0.12377977749344303,0.12325491629529509,0.12406367077128225,0.1249448769731676
2024-05-23,0.12308143283460805,0.11978306076518193,0.12293170676565512,0.12393712425027156,0.12282124336285288,0.12200324715656674,0.12952717412570375,0.12539457984865746
2024-05-24,0.12226632948131906,0.12562213593299978,0.12421785787322194,0.12269764513250807,0.12270483435809434,0.12347675107781253,0.12449024917155793,0.12430357912322026
2024-05-28,0.1221812845184241,0.12447356500085772,0.12529099094295962,0.1228525122555653,0.12216902327109858,0.12373365073022487,0.12696135725308022,0.1224320986170491
2024-05-29,0.12459505826820734,0.12205006720282997,0.12329156877547254,0.12322095828647993,0.12321003800155411,0.12526882754461197,0.12595938237863014,0.12186168634196243
2024-05-30,0.12440472381639726,0.1243684676435822,0.1261669703165405,0.12362385598616316,0.12480544944611469,0.12137248194922923,0.12069348580155324,0.12446356918906744
2024-05-31,0.1244373128540724,0.125591440520081,0.12392403219410245,0.12213653679637705,0.12325014437370173,0.12381550917197552,0.12194164828863131,0.12478909212780195
2024-06-03,0.12273005050691836,0.11992078790367924,0.1245039067387649,0.12215474546805288,0.12350407044623408,0.12529039289112046,0.1266686555303622,0.12511413259095597
2024-06-04,0.12338980665884182,0.12213296977284903,0.12307742511056344,0.12528943384285027,0.12306939384028405,0.12386296581282753,0.12533353104769784,0.12380219795210712
2024-06-05,0.12240055966185141,0.12313246760355528,0.12293161562092843,0.12608050160654286,0.12299026988246003,0.12467249986115243,0.12444265645228107,0.12362025093905088
2024-06-06,0.1247423818553214,0.12569241511287974,0.1252466901533027,0.1231367935967173,0.12471951589751454,0.12142774107615875,0.12187497432917185,0.12308645636542012
2024-06-07,0.12258746295591585,0.12491104289815563,0.12230320058269468,0.12361068666032678,0.12274229742606446,0.12440441998353059,0.12486557325252436,0.12457999244800468
2024-06-10,0.1252991984610712,0.11906948631872062,0.12369495349326527,0.12353043721319004,0.1266990795836998,0.12566338121243548,0.12232652501936923,0.12396714336792723
2024-06-11,0.12529227999425255,0.12238811692669216,0.12459814067563907,0.12553517450093138,0.12390913215667138,0.12359220468015612,0.12270094286746777,0.12200268588015353
2024-06-12,0.12555438980390807,0.1222070490443237,0.12363582026038947,0.12214612986538004,0.12544404853092228,0.12449431044070199,0.12439436282092313,0.12224439562085546
2024-06-13,0.12658071282560845,0.12295651048974915,0.12322145581227031,0.12134682061380789,0.12470141035647267,0.12389075904724914,0.12379814427134374,0.12331244185418934
2024-06-14,0.12420742206275644,0.12328907094635644,0.12318823849742527,0.12591269658747864,0.12397536101743321,0.12226645450553796,0.12447362246254995,0.12294300665416011
2024-06-17,0.12546345990601193,0.12257511887427464,0.12323495745775623,0.124475287866008,0.12721559260635976,0.12440391861226761,0.12065883155406812,0.12209690509062235
2024-06-18,0.12544898783513017,0.12080353466078439,0.12490455412609947,0.12041633581662,0.12502361487813818,0.1242776454228564,0.12679976710929972,0.12242224933927498
2024-06-20,0.12419023219468975,0.13244141523427885,0.12665887987465568,0.12268908621421662,0.12423461282419584,0.11738139805315222,0.11957083770487194,0.1225319119746173
2024-06-21,0.1228405521572977,0.12395923442512777,0.12417048621670926,0.1214001929335514,0.12323041743707236,0.1258147233634463,0.12357358677445685,0.12500875475681955
2024-06-24,0.12464161332925418,0.12682532707814861,0.12278937088451991,0.12251988467448986,0.12371911834494703,0.1235593159835927,0.12109558828249996,0.12441278649772411
2024-06-25,0.12395207333756629,0.12187810176591171,0.12420543011754918,0.120524393806236,0.1253515746153316,0.12291365523079942,0.1269213415223003,0.12414952692549129
2024-06-26,0.12288360126551223,0.12176761074653578,0.12445185138683057,0.12369607732078013,0.1246363780714257,0.12379011100720272,0.12464754084629542,0.12409671176032008
2024-06-27,0.1223381944988409,0.1265201950119078,0.12477914125896422,0.12438088853609304,0.12258225673111675,0.12143396196356075,0.12459278656233047,0.12339986972344585
2024-06-28,0.12390925857971223,0.12535057291697238,0.12318570911768303,0.12456921904356141,0.12354998707450053,0.12237284030936993,0.12278694748518454,0.12428833636559289
2024-07-01,0.12415404923038752,0.12113164342238511,0.12361996515903284,0.12637747522276838,0.12342924237406522,0.12458523881568823,0.12444992370318023,0.12250847904383631
2024-07-02,0.12411654881180398,0.12646042607547126,0.12359805461413252,0.12233834330062261,0.12361912010937984,0.12360541377951662,0.12240187607302319,0.12409284821948108
2024-07-03,0.12207635425193236,0.12101698615073928,0.12272946224014414,0.12528689036217755,0.12243709747157516,0.12479050950842462,0.12758017024183782,0.12430393682136269
2024-07-05,0.12350002578258552,0.12902006839034247,0.12396053677120693,0.12110379703502008,0.1242767819867554,0.12005647610003094,0.12329973908481145,0.12471710795217027
2024-07-08,0.12449458744536515,0.1258014991888181,0.12242355052573473,0.12583209030626313,0.12437994374233054,0.12232557112113242,0.12372938669774527,0.12094915320666448
2024-07-09,0.1261112195874353,0.12376318021875508,0.12185476417088204,0.12272505923447462,0.12509637363110432,0.12354794356713546,0.12535406460064694,0.1217666850550743
2024-07-10,0.1231175124265599,0.12486104180426272,0.12531639094646554,0.12183076185039735,0.12339559556180416,0.1251861212998287,0.12296842416382629,0.12371601965337604
2024-07-11,0.12208825236342885,0.12808896763352903,0.12404628211613639,0.12502696606805772,0.1213359851962443,0.12376309000683676,0.12137454341433729,0.12382370906187143
2024-07-12,0.12351173083358209,0.1225721049797487,0.12428031038337184,0.12210495359137662,0.1240915850841999,0.1245271704665953,0.12354030876630319,0.12546990869280034
2024-07-15,0.12572447155738287,0.12214072608463966,0.12158268901402922,0.12624269331876573,0.12511387916722594,0.12259968328544314,0.12341056209736155,0.12314724442275504
2024-07-16,0.12470222461142279,0.12353127121316722,0.1242846266074762,0.12307616855609381,0.12531372639255614,0.12221168174606091,0.12299570056308853,0.12378689810357901
2024-07-17,0.12261548426010616,0.12114121160684566,0.12264112780386402,0.12398873660896124,0.12250474454162007,0.12577877294194545,0.12544826445319798,0.12580875097957744
2024-07-18,0.12375400227087449,0.12040737664041332,0.12242498526895335,0.12784885850817207,0.12225978120235131,0.12336212727559082,0.12577623635993243,0.12394795105163156
2024-07-19,0.12293327402216953,0.12422428588417977,0.12415930286721298,0.12363841236686858,0.12130050520281298,0.12426946380421491,0.12460938774354914,0.12436173652259529
2024-07-22,0.12579817349225866,0.12301684946133683,0.123437066423143,0.12210852410648274,0.12600057245190502,0.121395068950975,0.12494881255033853,0.12347714471952426
2024-07-23,0.12346449106491872,0.12290822344321713,0.1233271922361518,0.12626467305530759,0.12339084636054222,0.12272120421069027,0.12372237744151734,0.12420674032569504
2024-07-24,0.12278448079661551,0.12238320538398258,0.12259265848399645,0.12196763588225981,0.1237700697934928,0.12759391606391401,0.12364616408245814,0.12483821063738675
2024-07-25,0.12257795563408602,0.12025442417660487,0.12376549526700906,0.12359734046701458,0.12181197870451921,0.12626820313222678,0.12441141727643994,0.12718654333089646
2024-07-26,0.12462492666156154,0.12464495894805126,0.12441417396731279,0.12363013941842088,0.12308710563299251,0.12451756899446022,0.1218165310942537,0.12339087446421475
2024-07-29,0.12427235882968132,0.12463844114189467,0.12334244909197442,0.1241831729706877,0.12358903939069686,0.12285836068374686,0.12335001018570158,0.12360852261808425
2024-07-30,0.12281656431812694,0.1284126332128903,0.12530958732893435,0.12172998791302277,0.12324073827060707,0.12208249492457601,0.120684978682002,0.1249771018886309
2024-07-31,0.12511269346532145,0.11671044989606699,0.1232301013121666,0.12890457211203718,0.12528870823184027,0.12148274080894438,0.1259505558054907,0.12326863069738424
2024-08-01,0.12537428378051768,0.11917212666856589,0.12506939756769833,0.12194390048838356,0.12665057031768123,0.12347825121200516,0.12138853494497646,0.12640115406509467
2024-08-02,0.12156565860833388,0.12467641774648884,0.12310775056193547,0.1270360296065762,0.11980768992940921,0.11961155532393113,0.12960742340701845,0.12446298579236778
2024-08-05,0.1202285748173372,0.12777876116619363,0.12255542159191242,0.12666557333733586,0.12042404554720736,0.11922756768736087,0.12607923899822293,0.12771131603575897
2024-08-06,0.12346858039873035,0.11917274281957578,0.12411307788038703,0.12563400778527767,0.12269929725198098,0.12319834718939651,0.12421094313297629,0.12779318887762128
2024-08-07,0.12351415712411867,0.1264711761914173,0.12562106498375736,0.12108283443963884,0.12323697657320948,0.12244533100772625,0.12085299647939177,0.12641943857224916
2024-08-08,0.0,0.0,0.0,0.0,0.0,0.0,0.0,0.0
2024-08-09,0.12377954383711656,0.1226386228540604,0.1237867222188508,0.12648594316363596,0.12300684587408171,0.12475102906316823,0.12198566108414882,0.12361401200263698
2024-08-12,0.12370230149331894,0.12461358045196504,0.12139121895703071,0.12318374852751211,0.12301417418161952,0.12476616848766671,0.12562396149241967,0.12369354052540502
2024-08-13,0.12381527797613244,0.12376624575760864,0.12210445583352114,0.12476829189652416,0.12470540990029252,0.12215461633838187,0.1251123959000503,0.12400732916182018
2024-08-14,0.12385174140201159,0.12254409111283147,0.12337956431911702,0.12449163683476802,0.1242481335810981,0.12402355783788192,0.12427854873935781,0.12311951550442424
2024-08-15,0.12322249966574002,0.12402158758330212,0.12423511883316812,0.12428128137469492,0.1241396422116123,0.12460067086364357,0.1245070069216461,0.12142013375873868
2024-08-16,0.12413093725149714,0.12502133168601687,0.12294849419000334,0.12354648231230944,0.12231324356835466,0.12394585884987032,0.12526906231801174,0.12318100397920725
2024-08-19,0.12345753696042053,0.12674266764692632,0.12301948545324266,0.12299958970252972,0.12318504659708428,0.1224650871677411,0.12672742703540016,0.12150886692688127
2024-08-20,0.12305758112820157,0.12510393722922583,0.12364498368991839,0.12410333479488495,0.12240237236479863,0.12453391065943466,0.12405497074797275,0.12253271761275167
2024-08-21,0.12371292828376468,0.12441239578494807,0.12438395320961891,0.12332525591273669,0.12337521654959602,0.12327338650261847,0.12422066991860381,0.12361270998736451
2024-08-22,0.12386213877917833,0.12349887200784891,0.12424780676931894,0.1229011189302675,0.12328448919045801,0.12352112455750024,0.12308890042612451,0.12490520255548096
2024-08-23,0.12336362150142835,0.12412983061366878,0.12217898475071609,0.12390885074923688,0.12260738256931751,0.12265995469249819,0.1265665882745704,0.12479384822488797
2024-08-26,0.12368939288607611,0.12288277048258162,0.1236553647014889,0.12249434904626695,0.12316592719661033,0.12427691617463539,0.12369931530700401,0.12576697275651108
2024-08-27,0.12277808823244296,0.12245843537471739,0.12352800362963405,0.12484526488395088,0.12338250187379858,0.12288023785655457,0.1250817455722244,0.12518892061184048
2024-08-28,0.12433686322153617,0.12293717109769499,0.1253799772287843,0.12424969235488723,0.12324729997227478,0.12226844017640229,0.12327859420900279,0.12418600753053241
2024-08-29,0.12339170120942279,0.12455789219220574,0.12320453305674481,0.1245063200533864,0.12251187989043348,0.1244212428126453,0.12160100651096645,0.12587184759845058
2024-08-30,0.12342045404583057,0.12446070736842102,0.12386590771769744,0.12489336903512305,0.12320224182876191,0.12272230834180307,0.12317727538294906,0.12478130072872153
2024-09-03,0.12404663369401148,0.12241134416642446,0.12395390831265199,0.12468307020764521,0.12415556966283789,0.12357053258038533,0.12159681723863563,0.12502615890234317
2024-09-04,0.12384260119978374,0.12277843564532036,0.12320419014081418,0.12557696735483928,0.12419434448816283,0.12375353300908785,0.1231474568137606,0.12367145594040235
2024-09-05,0.12312646202515852,0.12340435910190872,0.12229301403294146,0.12438314763995814,0.12331693360587148,0.1243462117561334,0.12489295787470694,0.12419029012059872
2024-09-06,0.0,0.0,0.0,0.0,0.0,0.0,0.0,0.0
2024-09-09,0.0,0.0,0.0,0.0,0.0,0.0,0.0,0.0
2024-09-10,0.0,0.0,0.0,0.0,0.0,0.0,0.0,0.0
2024-09-11,0.0,0.0,0.0,0.0,0.0,0.0,0.0,0.0
2024-09-12,0.12219436237386841,0.1248998929352857,0.12277435599597564,0.12798592659093327,0.12014031361387806,0.1231168822784959,0.1253819675153186,0.1235596056761224
2024-09-13,0.12430430791070922,0.1224501472925313,0.12407337074460202,0.12315574340022066,0.12446598766591183,0.12655606185517318,0.12247866469752255,0.12239808090581866
2024-09-16,0.12551290720580838,0.1240963380565651,0.12288057670256321,0.12266400266610208,0.12486114030005152,0.12345419743733824,0.12352840024126907,0.12293547435495711
2024-09-17,0.12449760996755517,0.1228741253291973,0.12438443831871439,0.12257014340688908,0.12404266131837548,0.12579844172645735,0.12224741795499354,0.1233740162366672
2024-09-18,0.12294743582770354,0.12357221985129546,0.1238211154978081,0.12413472499597536,0.12214800997611053,0.12508239294175175,0.12301285755786542,0.12494916834583904
2024-09-19,0.12455927007733332,0.12553837551004673,0.12276873801483396,0.12324677702393931,0.12214979520614312,0.1230536457968802,0.12373751694645309,0.12474059812382098
2024-09-20,0.12240403826449671,0.12375903515648712,0.12137240549219899,0.1267014658357342,0.12306436863772467,0.12704549467809104,0.12267793043598212,0.12323970843944229
2024-09-23,0.12314098548767771,0.12361857308588627,0.12275373231575437,0.1243045105793469,0.12450473413997355,0.12481629501042706,0.12307498837065968,0.12332548129137359
2024-09-24,0.1228666488261662,0.12336826355171066,0.12337302133254928,0.12413955447576251,0.12218082748882493,0.12199643371950636,0.1272787279446034,0.12463563449986224
2024-09-25,0.12349565636195055,0.1249459943232877,0.12257992564825912,0.12308609355228345,0.12451655764347633,0.124321352801941,0.12397161397864262,0.12303629027600062
2024-09-26,0.12457368073169538,0.12536418658003654,0.12389635823098068,0.12475498042166722,0.12310209274105416,0.12172546743723567,0.1223204894665196,0.12393464356537122
2024-09-27,0.12351386793053452,0.12484900544951473,0.125396948278629,0.12331357446705382,0.12317191812747755,0.123525333665243,0.12434027997702539,0.1215957557457834
2024-09-30,0.12419769283555264,0.12454372785319637,0.12331142285159619,0.12425344800595149,0.1229695603464502,0.12079214720162883,0.126821214981259,0.12312702009906307
2024-10-01,0.12344463610240931,0.1236701012141028,0.12469559769436189,0.12361546896349054,0.12394842795813196,0.12327987351840833,0.12234396395570639,0.12497852725361354
2024-10-02,0.12429974640841615,0.12255869273169372,0.12414268574733284,0.12446650149216744,0.12397958802766425,0.12129928325399787,0.12472751042218692,0.12445364489774309
2024-10-03,0.12289170213485225,0.12412743773438202,0.12281732613800768,0.12361037324641921,0.12353135991292405,0.12461022108544804,0.12392475912392495,0.1245312614038378
2024-10-04,0.12244040345818094,0.12730207670331448,0.12334673902909603,0.1242864078528719,0.12190906269866732,0.12237149011823577,0.12402727419518413,0.12480480640052628
2024-10-07,0.123223928225037,0.12292865531323688,0.12359870756079051,0.12317740454385907,0.12280765367900115,0.12366327417535532,0.1256944077300403,0.12497888630243081
2024-10-08,0.12293929970706405,0.12322904877918804,0.12298819088482776,0.1261877951039126,0.12295064737882229,0.12291167373917966,0.1252033387947537,0.12344870598394536
2024-10-09,0.12488888172470862,0.12069409787291298,0.12503534216502493,0.1275062878976517,0.12584914979821496,0.1219998454322532,0.1215670408974561,0.12247333476461811
2024-10-10,0.12453450542803915,0.11846792960049414,0.12382590193350886,0.1241637504014205,0.12352216558172317,0.12771437704906083,0.12518726477532421,0.12244139541176531
2024-10-11,0.12402459580351653,0.12476384684678295,0.12384541136268623,0.12224341317597502,0.12411056440941387,0.12444685469868931,0.12297936998993367,0.12397399839725058
2024-10-14,0.12669731684073954,0.12060859354106368,0.12543223534010836,0.12168692141209171,0.12541692214947994,0.12319511621777743,0.12378212595810652,0.1233744060018554
2024-10-15,0.11881934883629387,0.1273089569428938,0.11194895118517337,0.1291197105966707,0.11829074655221038,0.12829541486071253,0.12686974199366968,0.12889852096725313
2024-10-16,0.11978043539051106,0.12408962954348748,0.12053975904941357,0.12444206243388581,0.12048894028757377,0.12944733247094592,0.12726330799630473,0.12410923465329177
2024-10-17,0.1205534890247518,0.12207130015686603,0.12643792089418696,0.1252256941905436,0.11957317249826566,0.1260499128411913,0.1230847474204277,0.12678484543569643
2024-10-18,0.12473535856971622,0.12354129488209571,0.1259043413635359,0.12326652290157074,0.12234712689969134,0.12426068169253399,0.12407955367244441,0.12179531940733353
2024-10-21,0.12236172235486341,0.12493566852177333,0.12180121628408555,0.12366183020596876,0.12361597156771974,0.12124404975145149,0.12847792338778796,0.12394213904684524
2024-10-22,0.12287687269677153,0.12220882756104548,0.12378553976398178,0.12445066949184547,0.12471647069479784,0.12347033298503432,0.12479025273610138,0.12358388756965621
2024-10-23,0.12460864566084187,0.12402403440609033,0.12324600569401195,0.12148882427564679,0.12518750327054487,0.12233858943473819,0.12218311982903356,0.12673459054673056
2024-10-24,0.12266423425650431,0.12355131264277107,0.1229173664110714,0.12242550403688648,0.12539257408802781,0.1245861867467815,0.12414224481794893,0.12398013708327815
2024-10-25,0.12346830789912899,0.12419383870484499,0.12270920216642105,0.12260500090250925,0.12403083595038059,0.12320447453038288,0.12398274880562254,0.12566603412453622
2024-10-28,0.1240126293046683,0.12605926995904365,0.12473648497358172,0.12398400231547384,0.12191123276068191,0.12423488943044828,0.12277308344887719,0.12182413386750222
2024-10-29,0.12428432427737797,0.12512500159005713,0.12251617684963721,0.12603039012509834,0.12493135763108944,0.12305774725335142,0.12183486529472223,0.12259392640642393
2024-10-30,0.12402936031710018,0.12131654485676067,0.12316570913647891,0.12458184498392709,0.12449942027015724,0.12259929404572044,0.12473781895160829,0.1252315686292249
2024-10-31,0.12424809204728754,0.12328687605914238,0.12479597861956307,0.1233320835395732,0.12381759797220782,0.12332288819693424,0.12227425036494993,0.12520733252817334
2024-11-01,0.0,0.0,0.0,0.0,0.0,0.0,0.0,0.0
2024-11-04,0.0,0.0,0.0,0.0,0.0,0.0,0.0,0.0
2024-11-05,0.0,0.0,0.0,0.0,0.0,0.0,0.0,0.0
2024-11-06,0.12239296159129744,0.12346051756008242,0.12201884160788816,0.12327813843159045,0.12190405960230494,0.12725890338792692,0.1256191957558188,0.12409076855708692
2024-11-07,0.12386749747044158,0.12447869254179558,0.12243074655045007,0.12308874981967217,0.12366517149765371,0.1230358390669835,0.1241909272143819,0.12514955261237584
2024-11-08,0.12406296253813275,0.1232795145141589,0.1241325584162073,0.12467228532930483,0.12323803242378056,0.12396490598571681,0.12352583295913752,0.12283717380028233
2024-11-11,0.12336210675078096,0.1255385938407658,0.1257292949307938,0.12273541736912577,0.12352080986848074,0.12296111916761833,0.12292137163226345,0.12308386600476828
2024-11-12,0.1235063097103578,0.12213119384008367,0.1243543133020399,0.12287817333816316,0.12381908490392113,0.12367781498945792,0.12628268176717944,0.12342120744083764
2024-11-13,0.12447189867511589,0.12222018819005799,0.12725574514996285,0.12453289278882931,0.12425011258951267,0.12183220023252717,0.12323562696962533,0.12182251307433237
2024-11-14,0.0,0.0,0.0,0.0,0.0,0.0,0.0,0.0
2024-11-15,0.0,0.0,0.0,0.0,0.0,0.0,0.0,0.0
2024-11-18,0.0,0.0,0.0,0.0,0.0,0.0,0.0,0.0
2024-11-19,0.0,0.0,0.0,0.0,0.0,0.0,0.0,0.0
2024-11-20,0.0,0.0,0.0,0.0,0.0,0.0,0.0,0.0
2024-11-21,0.0,0.0,0.0,0.0,0.0,0.0,0.0,0.0
2024-11-22,0.0,0.0,0.0,0.0,0.0,0.0,0.0,0.0
2024-11-25,0.0,0.0,0.0,0.0,0.0,0.0,0.0,0.0
2024-11-26,0.0,0.0,0.0,0.0,0.0,0.0,0.0,0.0
2024-11-27,0.0,0.0,0.0,0.0,0.0,0.0,0.0,0.0
2024-11-29,0.0,0.0,0.0,0.0,0.0,0.0,0.0,0.0
2024-12-02,0.0,0.0,0.0,0.0,0.0,0.0,0.0,0.0
2024-12-03,0.0,0.0,0.0,0.0,0.0,0.0,0.0,0.0
2024-12-04,0.12100234585390969,0.12468610159406639,0.12313267130600614,0.12173867912223105,0.12180197991397593,0.12677946933059003,0.12653166331640697,0.12431466910477985
2024-12-05,0.12222467688595029,0.1236506911436641,0.12263774124909002,0.12522327405050862,0.12112881967237872,0.12203831748523934,0.1256369032272444,0.12758493944623323
2024-12-06,0.0,0.0,0.0,0.0,0.0,0.0,0.0,0.0
2024-12-09,0.12399675472905797,0.11965118056598409,0.12290628364203289,0.12406953932761948,0.12566642877845227,0.12675135262786394,0.12393331408176883,0.12298936008917377
2024-12-10,0.0,0.0,0.0,0.0,0.0,0.0,0.0,0.0
2024-12-11,0.0,0.0,0.0,0.0,0.0,0.0,0.0,0.0
2024-12-12,0.0,0.0,0.0,0.0,0.0,0.0,0.0,0.0
2024-12-13,0.0,0.0,0.0,0.0,0.0,0.0,0.0,0.0
2024-12-16,0.12166488250635134,0.12277615305391756,0.12251246115370991,0.13171084741099906,0.12461502694475331,0.12518134651530763,0.12013331105632072,0.12152810814314609
2024-12-17,0.12459265183366801,0.124178622951052,0.12305491160166093,0.1236439808398591,0.12373265187890724,0.12256196328248102,0.12485720333054227,0.1234032382606758
2024-12-18,0.1250671261975664,0.12486275449905984,0.1242431631723305,0.12048907048221033,0.12430263991521678,0.12156713881844729,0.1244756390357873,0.12429289658427606
2024-12-19,0.0,0.0,0.0,0.0,0.0,0.0,0.0,0.0
2024-12-20,0.0,0.0,0.0,0.0,0.0,0.0,0.0,0.0
2024-12-23,0.0,0.0,0.0,0.0,0.0,0.0,0.0,0.0
2024-12-24,0.12450785685376543,0.12262821925989009,0.12438629089812338,0.12358585124724346,0.12341158299642331,0.12339817372989162,0.12400731674919284,0.12405947117185726
2024-12-26,0.12345778442347272,0.12261293828402611,0.12359538100518766,0.12606435354478027,0.1243073533638702,0.12489968583743014,0.12351355836727664,0.12184651780143113
2024-12-27,0.12472822169670633,0.12503857760463122,0.12379151742930401,0.12249730878380653,0.12439761791845676,0.12395085948362201,0.12283886287325335,0.12247637155445187
2024-12-30,0.0,0.0,0.0,0.0,0.0,0.0,0.0,0.0
2024-12-31,0.0,0.0,0.0,0.0,0.0,0.0,0.0,0.0
2025-01-02,0.0,0.0,0.0,0.0,0.0,0.0,0.0,0.0
2025-01-03,0.0,0.0,0.0,0.0,0.0,0.0,0.0,0.0
2025-01-06,0.12396490346344402,0.12267334702095982,0.12505813936723612,0.12217213753309238,0.12348559376455835,0.12693776926931308,0.12290992461105066,0.12291172992089072
2025-01-07,0.12642455488298404,0.12470213424321783,0.12519373384050772,0.12202079450256893,0.12564449120168134,0.12621452074445363,0.11728448324769221,0.12214308326049414
2025-01-08,0.12502319464932624,0.12262191166849247,0.1240567250244498,0.12509645776534842,0.12494368240091357,0.12139562961631713,0.12313828124244501,0.12360806762836987
2025-01-10,0.12288407948871144,0.12257143514152262,0.12308539334444356,0.12343630708319077,0.12282768899095223,0.12638403413928434,0.12343344576634328,0.1255459324326942
2025-01-13,0.12364483300087871,0.12453690009032281,0.12317814432731426,0.125319287230766,0.12426314066078864,0.12137522315610376,0.12517081328011934,0.12288397106115086
2025-01-14,0.0,0.0,0.0,0.0,0.0,0.0,0.0,0.0
2025-01-15,0.0,0.0,0.0,0.0,0.0,0.0,0.0,0.0
2025-01-16,0.12599222292693027,0.12365360850820845,0.12412276890228427,0.12243226191183643,0.12605791090997878,0.12346303277184871,0.1209421010202639,0.12318162994771026
2025-01-17,0.12365618370172964,0.12471788582932856,0.1223949105581487,0.12428210510969258,0.12257348840746536,0.12533519350270095,0.12494519796297489,0.1219045211207978
2025-01-21,0.12174825986321183,0.12281803856527343,0.12268218189668235,0.1223229230116113,0.12371513270682788,0.1274592298129258,0.1244038307488409,0.12510816641451072
2025-01-22,0.12289437080707147,0.12439732779936795,0.12196824020466146,0.12086819965141848,0.1249546494410487,0.12403968303285069,0.1260368078613613,0.12466992170251344
2025-01-23,0.12286637069562448,0.12437170181176598,0.12353035846161822,0.12345980328108547,0.1234739725324072,0.12255758773361329,0.12458085514709465,0.12526535063729208
2025-01-24,0.12343248572711546,0.12468592574983967,0.12328804183151502,0.1264218863533324,0.12304966329477675,0.12340648783872663,0.12152214087918191,0.12399636916794042
2025-01-27,0.12362612342714975,0.1241413816970473,0.13017290811126392,0.12019735209052275,0.1252319943628572,0.1218821988167994,0.1204116225405908,0.12385252562021905
2025-01-28,0.0,0.0,0.0,0.0,0.0,0.0,0.0,0.0
2025-01-29,0.0,0.0,0.0,0.0,0.0,0.0,0.0,0.0
2025-01-30,0.0,0.0,0.0,0.0,0.0,0.0,0.0,0.0
2025-01-31,0.12347275214760348,0.12165922711562159,0.12353933662176658,0.12592252042269883,0.12494462435399865,0.12444709288891581,0.12125960203052244,0.12464340369331622
2025-02-03,0.0,0.0,0.0,0.0,0.0,0.0,0.0,0.0
2025-02-04,0.0,0.0,0.0,0.0,0.0,0.0,0.0,0.0
2025-02-05,0.0,0.0,0.0,0.0,0.0,0.0,0.0,0.0
2025-02-06,0.1255042955992135,0.1224582734533795,0.12355569154067,0.12166309139655318,0.12586700836254458,0.12287225129156595,0.12453353837002036,0.12357218770191582
2025-02-07,0.12424591939644833,0.12434540506789918,0.12422317864502211,0.12072242248607078,0.12510635423958968,0.12182342350937944,0.12701972277505721,0.12232429234165146
2025-02-10,0.0,0.0,0.0,0.0,0.0,0.0,0.0,0.0
2025-02-11,0.12364306742999304,0.12508524779910954,0.12406655305999789,0.12404911520339484,0.1229936158048759,0.12247706615336754,0.12290201941300884,0.12485786624222571
2025-02-12,0.1230463150744821,0.12449792660677454,0.12499184532532744,0.1252196411247675,0.12223718517963678,0.12463007434693237,0.1228516807566538,0.12292776253118315
2025-02-13,0.12423791713828829,0.12160485925112631,0.1253983991412541,0.12167750583182385,0.12413134236573553,0.12657503718448804,0.12501475820428998,0.1215380793803631
2025-02-14,0.11992937270625174,0.124422013861176,0.11991935416006509,0.12314000599080714,0.12407704531004064,0.12557580934189363,0.12633159685624554,0.1263564604276524
2025-02-18,0.12353518584762106,0.12388087335505531,0.12123044846151432,0.12254284516409326,0.1260630051811509,0.12863019522994423,0.12199506172918323,0.12241182706774237
2025-02-19,0.12491250309562107,0.12413315652578143,0.12354994535127387,0.12388608549450372,0.12560538235672794,0.12201996645278829,0.12316207639696408,0.12276210422002913
2025-02-20,0.12511561837955407,0.1234966854897156,0.1231281266451976,0.12321061545779602,0.12316896527821528,0.12329272439480438,0.12431960192683851,0.1241366531010088
2025-02-21,0.12467243283160329,0.1232226447679031,0.12623682767733344,0.12347865115207066,0.12236832078873172,0.12152405475078633,0.12256592607525249,0.1257209570082001
2025-02-24,0.12446680833037199,0.12416780562205373,0.12655804756999736,0.12179941528603933,0.12344312235183981,0.12190396678158294,0.12218891998083242,0.1248977712283802
2025-02-25,0.0,0.0,0.0,0.0,0.0,0.0,0.0,0.0
2025-02-26,0.0,0.0,0.0,0.0,0.0,0.0,0.0,0.0
2025-02-27,0.0,0.0,0.0,0.0,0.0,0.0,0.0,0.0
2025-02-28,0.0,0.0,0.0,0.0,0.0,0.0,0.0,0.0
2025-03-03,0.0,0.0,0.0,0.0,0.0,0.0,0.0,0.0
2025-03-04,0.0,0.0,0.0,0.0,0.0,0.0,0.0,0.0
2025-03-05,0.0,0.0,0.0,0.0,0.0,0.0,0.0,0.0
2025-03-06,0.0,0.0,0.0,0.0,0.0,0.0,0.0,0.0
2025-03-07,0.0,0.0,0.0,0.0,0.0,0.0,0.0,0.0
2025-03-10,0.0,0.0,0.0,0.0,0.0,0.0,0.0,0.0
2025-03-11,0.0,0.0,0.0,0.0,0.0,0.0,0.0,0.0
2025-03-12,0.0,0.0,0.0,0.0,0.0,0.0,0.0,0.0
2025-03-13,0.0,0.0,0.0,0.0,0.0,0.0,0.0,0.0
2025-03-14,0.0,0.0,0.0,0.0,0.0,0.0,0.0,0.0
2025-03-17,0.0,0.0,0.0,0.0,0.0,0.0,0.0,0.0
2025-03-18,0.0,0.0,0.0,0.0,0.0,0.0,0.0,0.0
2025-03-19,0.0,0.0,0.0,0.0,0.0,0.0,0.0,0.0
2025-03-20,0.0,0.0,0.0,0.0,0.0,0.0,0.0,0.0
2025-03-21,0.0,0.0,0.0,0.0,0.0,0.0,0.0,0.0
2025-03-24,0.0,0.0,0.0,0.0,0.0,0.0,0.0,0.0
2025-03-25,0.0,0.0,0.0,0.0,0.0,0.0,0.0,0.0
2025-03-26,0.0,0.0,0.0,0.0,0.0,0.0,0.0,0.0
2025-03-27,0.0,0.0,0.0,0.0,0.0,0.0,0.0,0.0
2025-03-28,0.0,0.0,0.0,0.0,0.0,0.0,0.0,0.0
2025-03-31,0.0,0.0,0.0,0.0,0.0,0.0,0.0,0.0
2025-04-01,0.0,0.0,0.0,0.0,0.0,0.0,0.0,0.0
2025-04-02,0.0,0.0,0.0,0.0,0.0,0.0,0.0,0.0
2025-04-03,0.0,0.0,0.0,0.0,0.0,0.0,0.0,0.0
2025-04-04,0.0,0.0,0.0,0.0,0.0,0.0,0.0,0.0
2025-04-07,0.0,0.0,0.0,0.0,0.0,0.0,0.0,0.0
2025-04-08,0.0,0.0,0.0,0.0,0.0,0.0,0.0,0.0
2025-04-09,0.0,0.0,0.0,0.0,0.0,0.0,0.0,0.0
2025-04-10,0.0,0.0,0.0,0.0,0.0,0.0,0.0,0.0
2025-04-11,0.0,0.0,0.0,0.0,0.0,0.0,0.0,0.0
2025-04-14,0.0,0.0,0.0,0.0,0.0,0.0,0.0,0.0
2025-04-15,0.0,0.0,0.0,0.0,0.0,0.0,0.0,0.0
2025-04-16,0.0,0.0,0.0,0.0,0.0,0.0,0.0,0.0
2025-04-17,0.0,0.0,0.0,0.0,0.0,0.0,0.0,0.0
2025-04-21,0.0,0.0,0.0,0.0,0.0,0.0,0.0,0.0
2025-04-22,0.0,0.0,0.0,0.0,0.0,0.0,0.0,0.0
2025-04-23,0.0,0.0,0.0,0.0,0.0,0.0,0.0,0.0
2025-04-24,0.0,0.0,0.0,0.0,0.0,0.0,0.0,0.0
2025-04-25,0.0,0.0,0.0,0.0,0.0,0.0,0.0,0.0
2025-04-28,0.0,0.0,0.0,0.0,0.0,0.0,0.0,0.0
2025-04-29,0.0,0.0,0.0,0.0,0.0,0.0,0.0,0.0
2025-04-30,0.0,0.0,0.0,0.0,0.0,0.0,0.0,0.0
2025-05-01,0.0,0.0,0.0,0.0,0.0,0.0,0.0,0.0
2025-05-02,0.0,0.0,0.0,0.0,0.0,0.0,0.0,0.0
2025-05-05,0.0,0.0,0.0,0.0,0.0,0.0,0.0,0.0
2025-05-06,0.0,0.0,0.0,0.0,0.0,0.0,0.0,0.0
2025-05-07,0.0,0.0,0.0,0.0,0.0,0.0,0.0,0.0
2025-05-08,0.0,0.0,0.0,0.0,0.0,0.0,0.0,0.0
2025-05-09,0.0,0.0,0.0,0.0,0.0,0.0,0.0,0.0
2025-05-12,0.0,0.0,0.0,0.0,0.0,0.0,0.0,0.0
2025-05-13,0.12257878714759772,0.12275349093428446,0.1226234394128957,0.1252468797719648,0.12382957566472971,0.12529347177693095,0.12436992632926579,0.12362754548372985
2025-05-14,0.1241060763889319,0.1216806988174379,0.12424511522202487,0.1246289008457656,0.12336746099142716,0.12235636910236122,0.125851542132866,0.12328490409247053
2025-05-15,0.12523329019085977,0.1209483685839689,0.12247176215807976,0.1246588869094083,0.12390175163185164,0.12496885073092226,0.12382585487558775,0.12379723785128022
2025-05-16,0.1220175551203865,0.12342547046262005,0.12333599505633905,0.12238702762059865,0.12415432782157136,0.12709712321383834,0.12362469347660886,0.1241750651384318
2025-05-19,0.12372093311775806,0.12103296684998237,0.12297033458766156,0.12598181477807185,0.12307293231686849,0.12515837412895603,0.12409677951468023,0.12407137974074318
2025-05-20,0.12370947074609774,0.1220523755058604,0.12347263644277306,0.12602480443557118,0.12407427621961876,0.1234280397006782,0.12326752784043238,0.12426171272192542
2025-05-21,0.12368808650399113,0.12272626256573448,0.12296176425999109,0.125669290763391,0.12405746941160394,0.12299264566920481,0.12350620031174853,0.12406929079265394
2025-05-22,0.1230888524858143,0.12190883575083188,0.12395236382205375,0.1246502453356882,0.12334643214824678,0.12247017073818355,0.12402630763669316,0.1265954084810282
2025-05-23,0.12312168622496011,0.12495632375863072,0.12402288570169752,0.12364929260617054,0.12387799769249422,0.12391472376861613,0.12390407762763758,0.12266132956043783
2025-05-27,0.12316735030341733,0.12399227412791138,0.12338159685257336,0.12371319410935942,0.12382629091344524,0.12393478569606473,0.12373131618956501,0.12450843111115459
2025-05-28,0.12386736919696578,0.12213208112843607,0.12318448306720943,0.12555659612545153,0.12434847277106661,0.12369238907637944,0.12324587471459386,0.1241446730254305
2025-05-29,0.1215591624343862,0.12341588835179736,0.12431244078516815,0.1243299587849304,0.12386702548908864,0.12381218744066506,0.12363598618380706,0.12464166061952173
2025-05-30,0.1236656202689223,0.12451664732354265,0.12433266543117484,0.12616648757654497,0.12136596084889628,0.12340829468052175,0.12246991418535969,0.124150456638691
2025-06-02,0.12227423056487617,0.12526715322812268,0.12347495432734347,0.12409002801455694,0.12397954482345061,0.1257337324103707,0.12281303396301109,0.12249766021744486
2025-06-03,0.12440724960874605,0.12391742878202856,0.12311213025595923,0.12422364850638788,0.12304614566237032,0.12573279114753486,0.12307572119455867,0.1227326124770751
2025-06-04,0.12305441571574292,0.12446906100906242,0.12186285159741608,0.12493255652158299,0.12406032561675244,0.12453701058436072,0.12300684536911659,0.12411315569481744
2025-06-05,0.12546774799929075,0.12130819148018505,0.12367266073847295,0.12354092126806931,0.12405488979982042,0.12496462938567693,0.12281418913101189,0.12403711078715028
2025-06-06,0.1251251790918123,0.12232225715600548,0.12364938945182245,0.12182434738988661,0.12427913477999845,0.12470105449356716,0.12346142663696962,0.12487536505039741
2025-06-09,0.12420863996288446,0.12538679170007944,0.12464065920303757,0.12212994014876215,0.12445132558648551,0.12437419763542767,0.12217419370255819,0.12311711332391558
2025-06-10,0.12454587012642526,0.12440952897039351,0.12317981683366482,0.12221957210556257,0.1253023229378862,0.12512054007211257,0.12310098793574183,0.12275048397743848
2025-06-11,0.12335408476010258,0.12109056017795067,0.12320374944658216,0.12744163018517837,0.12379040986984967,0.12485190503114695,0.12261283020562723,0.12362138490344277
2025-06-12,0.12431224852969366,0.12020129636795918,0.12271654579275963,0.1254776912819089,0.12400378682276457,0.12457133171687815,0.12496301824833601,0.12404219734967317
2025-06-13,0.12341087367271089,0.12362096035301401,0.122554441917812,0.12278370599896758,0.12454733910142894,0.12570841216002934,0.12330808392833177,0.12424228399717906
2025-06-16,0.12354244574190579,0.1292391916779697,0.1224710181976232,0.1219185361992159,0.12459568868521527,0.12340503137960697,0.12220401266110832,0.12274568225690498
2025-06-17,0.12266686266766476,0.12365096365810856,0.12308989928050752,0.1234276371339508,0.12355177584598105,0.12497836915676962,0.12389175982181097,0.12421554967210523
2025-06-18,0.12220255033583254,0.1229781243486496,0.12341378482083071,0.12409597788798324,0.12302137454681715,0.1255634335876642,0.12517831211311184,0.12346777800162488
2025-06-20,0.12189981056930382,0.12501425058324583,0.12357033933309626,0.12415586907329579,0.12205113753637407,0.12660523742678775,0.12437172795904998,0.12218522583390663
2025-06-23,0.12385975391799682,0.1220424681339307,0.12586148987138884,0.12492930475519134,0.12295734378404133,0.12130085705293099,0.12407244539822114,0.12482515848572144
2025-06-24,0.12421680331650685,0.12498943622642852,0.12489986106881833,0.12304828787386865,0.12357628213781632,0.12317102426286425,0.12241149368418831,0.12392547007970565
2025-06-25,0.12419265145965912,0.12500741259116596,0.12263649102410042,0.1219953446668817,0.12238812036170188,0.12323716222794444,0.12675729447007236,0.12370723717481386
2025-06-26,0.12429313214445531,0.12236770200909686,0.12381047024850089,0.12645192338132363,0.12479131547091404,0.12093030868072109,0.12355282774230135,0.12378205673378105
2025-06-27,0.12297564710057968,0.12319647325309613,0.12268425264822064,0.12332551586200996,0.12396490736576883,0.12313855532225915,0.12511707372682043,0.12590607340839713
2025-06-30,0.12361283020112811,0.12229577257094051,0.12486989270809443,0.12477067224208016,0.12408652216869233,0.12246614387199947,0.12403247329819596,0.12383482736255239
2025-07-01,0.12609663839073845,0.1225459863850505,0.12553719102295338,0.12078365355055413,0.12547591113613998,0.1234497674587955,0.12266515016668468,0.12367732838271604
2025-07-02,0.12539004437192122,0.12293271276075654,0.12414506717170559,0.12297169241906722,0.1242671043171658,0.12167084577237294,0.12363636679183368,0.12541619888079428
2025-07-03,0.12443377186208246,0.1220184178833233,0.12425865415045476,0.12510295445702582,0.12330142394428102,0.12303960247185335,0.12408171510199906,0.12381657386320762
2025-07-07,0.12548951016108348,0.12249722121055674,0.12425580090440287,0.1239154455411041,0.1239303826702527,0.12280630834156657,0.12437640945813676,0.12277874849678051
2025-07-08,0.12511272582861024,0.12360371706141204,0.12483641859785852,0.12123331493891662,0.12441586221121301,0.12526749944441548,0.12380238695802197,0.1220097308505328
2025-07-09,0.12333383445307121,0.12331744048849416,0.12467124485661915,0.12557822262058807,0.12357381784735823,0.12103801828269814,0.12486516695964896,0.12408983175998364
2025-07-10,0.12423337796092386,0.12547297894232906,0.12341129006693179,0.12251079606579993,0.12438715957480259,0.12304538627299624,0.12429671259019791,0.12260350118180621
2025-07-11,0.12336915453130688,0.12598279511161986,0.12319694921106664,0.12255822805378741,0.12440808154538355,0.12485724286531888,0.12359551524054897,0.12237710046224473
2025-07-14,0.12460833863255413,0.12489619629019866,0.12512264125016911,0.12432998441868161,0.12274373905849388,0.12184829111117965,0.1229400182162038,0.12331062486531949
2025-07-15,0.12301007672562783,0.1252418657312969,0.12375102379396813,0.12399625814231338,0.12292605235900747,0.1226500815821641,0.12339075158473077,0.12480902684155078
2025-07-16,0.12338954697207828,0.12690399887399423,0.12289168463898442,0.1234307120571657,0.1262090365136702,0.12043336310968066,0.12334595852135066,0.12372671176815128
2025-07-17,0.12326611350592066,0.12250772860135244,0.12301388102422216,0.12565968881035952,0.12522942614378677,0.12260481708591164,0.12423180642844608,0.1234816212715212
2025-07-18,0.1234431448734151,0.12310246282473006,0.12241175604635839,0.12374542451000958,0.12467357925658348,0.12530562807928897,0.12450369060970225,0.12263634500093432
2025-07-21,0.1249061096058043,0.12318252005227308,0.12175428565996113,0.1257711740029023,0.12497308225070261,0.12352396323999029,0.12293407916085414,0.12301520886339742
2025-07-22,0.12346115737973545,0.1253929031647392,0.1243305680667436,0.12285092244551017,0.1226886791165084,0.12250953735964214,0.1234080700701427,0.12487309896332502
2025-07-23,0.12249747756398335,0.12501856650478932,0.1234789073264148,0.12600586355874618,0.12148521824720877,0.12337453648378931,0.12409075992611243,0.12411745170203402
2025-07-24,0.12300307486569972,0.12559963988696657,0.12338075809225661,0.12281582980915028,0.12329403523021595,0.12391198019485726,0.12420481336192538,0.12374136515977686
2025-07-25,0.12278797228606397,0.12534199636761614,0.12323331126716663,0.12376699194042363,0.1231975797210741,0.12335309645469024,0.12303520353068995,0.12529685260546475
2025-07-28,0.12384114690704691,0.12660633409532918,0.12240283238076975,0.12379486720971589,0.12281907927904914,0.12250350103585002,0.12495106092381782,0.12289444186118928
2025-07-29,0.12225336303203081,0.12591905332613815,0.12335939871534764,0.12430261909017147,0.12352625111079095,0.12398825796189712,0.12262479200596814,0.12400073636844315
2025-07-30,0.12221348016369764,0.1254023512786168,0.12321150531511327,0.12493588311971687,0.12214780644600548,0.12500939997859842,0.12434706875764667,0.12307803043837277
2025-07-31,0.12665552964835425,0.12143959634620757,0.12305164225086701,0.12160461331025633,0.13037345865420444,0.12196434005412705,0.1219250577919833,0.12315060363430214
2025-08-01,0.1252439572091337,0.12374951077895076,0.12285302625631767,0.12353838674685083,0.12773646645165193,0.12193054288346036,0.12237912642368821,0.12242607938605991
2025-08-04,0.12291240308381406,0.12388179619090042,0.12278084043457149,0.12447488892691169,0.12359186475613486,0.12413239474041546,0.1254909655893116,0.12267601710417221
2025-08-05,0.12302577693490323,0.1233867950248996,0.12452435793332754,0.1236346606444893,0.12302216715600742,0.12541831021008115,0.12474253399682356,0.12235883953251525
2025-08-06,0.1227189237891327,0.12154440277681103,0.12382252864022263,0.1269185015517824,0.12276810185336345,0.1242338252109192,0.1253883644280461,0.12316364157396942
2025-08-07,0.1229549552578267,0.12788466171624643,0.12385161747075583,0.1230323733150746,0.12445084414473703,0.12154208533796501,0.12321515038121619,0.12306955824595638
2025-08-08,0.12317419070514747,0.12137360388207374,0.12372594362144192,0.12239770715209554,0.12547912132403005,0.12933907280888918,0.12280120488987674,0.12136079505054562
2025-08-11,0.12236252122687441,0.1258371474397266,0.12373885822968722,0.12373306324696204,0.12217380807356036,0.12320491657456405,0.12420775244154468,0.12422656752152748
2025-08-12,0.12360015792863678,0.12320770821020409,0.1245546195084679,0.12452779229825924,0.12493713615057354,0.12479540245910041,0.12219311879330033,0.12234516162290442
2025-08-13,0.1244062571834403,0.12762530896252877,0.12532338028669884,0.12149381857504574,0.1247850132752147,0.12103191482493296,0.12355460132921506,0.12173931024702575
2025-08-14,0.12281845108644458,0.12333369876088954,0.12387067773079401,0.12400720045455815,0.12393226311110875,0.12440068652061681,0.12396523501144831,0.12388314626335664
2025-08-15,0.12464522834847434,0.12384129415883756,0.12624357104976888,0.1237259275677386,0.1194162961921252,0.12327465161533008,0.12463284571715008,0.12486268669425488
2025-08-18,0.12429115963243052,0.12230776558611167,0.12429402076852025,0.12397907504941291,0.12258930328835287,0.1252135062007452,0.12394404083522427,0.12371151950070261
2025-08-19,0.12459181503279561,0.12112722680996772,0.12481154786409605,0.1227649216898315,0.12780187351152747,0.1252300267313437,0.12144812421332324,0.12205197121189174
2025-08-20,0.1238804033192622,0.12511090451345808,0.12430965601035716,0.1225802164127057,0.12225812369708436,0.12271798517093645,0.12444129734919258,0.12452864933484672
2025-08-21,0.12436825565389321,0.12283549412217983,0.12353419668723485,0.12400333191260954,0.12375984068040573,0.12291553674863194,0.12454124059193185,0.12400114090081328
2025-08-22,0.12321222709539999,0.125787397219293,0.12400939625004433,0.12277950374912273,0.12310651774698833,0.12187055948986823,0.12538616350461526,0.12450602288163612
2025-08-25,0.12330344304022764,0.12215680411883216,0.12374595845127397,0.12414645878855399,0.1251536443776221,0.12222429669702835,0.12480780096998721,0.12447597770141439
2025-08-26,0.12449291479857416,0.12136767427654833,0.1235244496124498,0.12412509434883297,0.1256718868388654,0.12303401462338442,0.12401315871297137,0.12406794802512534
2025-08-27,0.12386647264628621,0.12357528151566542,0.12438475348907334,0.12413953689550739,0.12361123537334177,0.12387516115106066,0.12275808867533357,0.12402360749610215
2025-08-28,0.12358342959924407,0.12323032844056919,0.1221251729804189,0.1254979406683894,0.12317789765889088,0.12640477854254079,0.12248407247024652,0.12395063481378729
2025-08-29,0.12469307295912904,0.12316406782226408,0.12458739309825945,0.1226158167049345,0.12414790655340455,0.12287590078671579,0.12354237421267755,0.12391504489266446
2025-09-02,0.1226785581363523,0.12477053157000227,0.12341411237490635,0.1255183802558976,0.12337484515574534,0.12452642334072046,0.12257663870874021,0.12322514169667759
2025-09-03,0.12227955673298094,0.12399437081115502,0.12464589274005908,0.12397688982184861,0.12459329486638514,0.1232712440217903,0.1233698177664918,0.12386599898199481
2025-09-04,0.12318868182405382,0.122802097704918,0.12434460010391109,0.12205589058481202,0.12507868360252639,0.12687282704708663,0.12217383287164975,0.12367089489297924
2025-09-05,0.1259381612890071,0.1192917389245909,0.1253527982241263,0.11696376251040516,0.12553562201162305,0.12776087964419974,0.12326622084056278,0.12564779945251534
2025-09-08,0.12198547276425556,0.12274768284322984,0.12434043934566327,0.12410510524446139,0.12338092440249249,0.12417001850589861,0.1236222580799358,0.12596008821975205
2025-09-09,0.12377193739804113,0.1256644192695825,0.124355430685076,0.11829569236613753,0.12334683102854861,0.12606491296536282,0.12403415518558615,0.1248055477169921
2025-09-10,0.12265508093283906,0.1205400128875261,0.12122475259859385,0.12964774935774973,0.12407829297256211,0.12354472144205178,0.12404519330036967,0.12431175164189609
2025-09-11,0.1273211142793101,0.12043671928475504,0.12340438072771188,0.11913848568949607,0.13116984391908368,0.125336939783903,0.12124689254261876,0.12204048133865046
2025-09-12,0.12326167874080299,0.1243268586678323,0.12390969079716856,0.12206490904483006,0.12444887568548987,0.1262983746897427,0.12313043565439796,0.12237855946035628
2025-09-15,0.1233934232054734,0.12319938663279743,0.12706230997362478,0.12350722146727428,0.12378407252670205,0.12295117023520676,0.12352099954386461,0.12272343059301984
2025-09-16,0.12497590764115463,0.12343505390072265,0.12416945861852671,0.12229051414299802,0.12479124555348342,0.12479522849507327,0.12264832864033004,0.12257802978592479
2025-09-17,0.12668403791435182,0.12358365161045301,0.1242519659918441,0.11930664034765298,0.1250320934818875,0.12595567220802556,0.12199323326832202,0.1231978271104419
2025-09-18,0.12306144691609554,0.12728634840813433,0.12180564916880347,0.12006001152684845,0.12169860470100269,0.12633357214726498,0.123256980101065,0.12669419314554575
2025-09-19,0.12329410201310259,0.12376904652476205,0.12432460590137429,0.12361751879410735,0.12406124587836483,0.1234985921599418,0.12421185598689069,0.12306407088289374
2025-09-22,0.12655026469256278,0.12351246312965393,0.12152835623893894,0.12038718897342593,0.12417850983833352,0.12186309803421089,0.12744896933355668,0.1244606963112432
2025-09-23,0.12367519410659097,0.12394227344718346,0.12353454465966428,0.1231767734061331,0.12572703273961958,0.1241942071181716,0.12148657446939908,0.12403276784221116
2025-09-24,0.1259151534191353,0.12308221340492236,0.12407475179400033,0.12452372284290823,0.12307767325321924,0.12193150340731936,0.12250178186381923,0.12461760102409287
2025-09-25,0.12283034185136832,0.12545395932811615,0.12396815362249201,0.12362973145944312,0.12387489394360361,0.12180621487552577,0.12448999031588388,0.1238255284522611
2025-09-26,0.12599855225970802,0.12300620724489575,0.12426711000350704,0.12275949984939555,0.12402509982578797,0.12260216844922686,0.12383776202765219,0.123337523610108
2025-09-29,0.12332753189655869,0.12487541842054756,0.12401998386934011,0.12092841699320928,0.12230695910849039,0.126935977016737,0.1249495364426002,0.12245470206524114
2025-09-30,0.12255883237663609,0.12333871918621295,0.122583294886965,0.12225381840462674,0.1247063836488153,0.12497395531874793,0.1256056204143083,0.12409553563144307
2025-10-01,0.12582703949155083,0.12057888122475317,0.1229282745665769,0.12020369908686773,0.12784486288867444,0.13039945972059067,0.11983126690563359,0.12282178778993476
2025-10-02,0.12424035153431918,0.12555088042971196,0.12394723691598958,0.12138913584226138,0.12504102313294604,0.12420619463635645,0.12430702055725544,0.12123506362857209
2025-10-03,0.12305886284991228,0.12026500873562057,0.12470002796561211,0.12326512481631877,0.12454272565041567,0.12641780420523305,0.12361966675194234,0.12412082278702492
2025-10-06,0.12621959618222822,0.11297419669114535,0.1256785521796002,0.1251743594532575,0.12470745845171202,0.12297741056422773,0.12536150632045107,0.12633295022798205
2025-10-07,0.1210187456660333,0.12584026779084434,0.1231045557597067,0.12784794493796384,0.1202210733694571,0.12206210913127538,0.12726503785177845,0.12282423912711882
2025-10-08,0.1233708866001717,0.13202199538955442,0.12031237685011202,0.12352591145331192,0.12311025054458903,0.12411782635323693,0.12097484916878833,0.1229550728821132
2025-10-09,0.12583708986749415,0.12240786774612146,0.12334650686100941,0.12391705946625635,0.12329629753509314,0.12354112847747807,0.12417124500735141,0.12295569879550526
2025-10-10,0.1250105932799987,0.1210806099897143,0.12648723042432422,0.12351327182209847,0.12253943115622096,0.1236752290718562,0.12438285055902519,0.12271052311480149
2025-10-13,0.12294224633633732,0.12106836826591469,0.12507142934700913,0.12480485712861,0.12293324928687452,0.1247107831628602,0.12341263320845554,0.12535402144101176
2025-10-14,0.1257737542480997,0.12292211535545998,0.1255553368898804,0.12143029099517068,0.12717187662594576,0.12336671383064803,0.12013769434655863,0.12367727747309272
2025-10-15,0.125421483397701,0.13196844217078021,0.12099169301831074,0.12208849302172775,0.12409483929508884,0.12283416379741632,0.11986705855302139,0.12278982819318349
2025-10-16,0.12393269322228455,0.12458134890713261,0.12312618377319758,0.12431894364969812,0.12106974842679512,0.12711311084240626,0.12496073404309316,0.12078191124708237
2025-10-17,0.1228148686645115,0.1235273837919648,0.12467491660310072,0.12327696046267894,0.1227252856842923,0.12554582435106074,0.12570866039883483,0.12200303899199381
2025-10-20,0.12418316628155047,0.12587166486569723,0.12489614260949691,0.1220559992101662,0.12413209179721152,0.1221894003202248,0.12356560140638184,0.12270134062295673
2025-10-21,0.12465178096525183,0.12414779917507335,0.12349605356401627,0.1219942711957633,0.125776259375245,0.12338172162007989,0.12374361669728193,0.12273658777632832
2025-10-22,0.12316855578183769,0.12243388535233857,0.12412789808595413,0.12341566344152329,0.12302742121286372,0.1236002412661179,0.12540862075066128,0.12418338109666792
2025-10-23,0.12555699918512378,0.12253599852827035,0.1240760749666419,0.1216323163638207,0.12831433351495464,0.12612502733954484,0.12141738818511409,0.120643698998403
2025-10-24,0.12228780617490591,0.12728811172616186,0.12166334986418799,0.12279356496997858,0.12392276525320552,0.12630008605443577,0.12384107066128877,0.12197948012
2025-10-27,0.12272485213252755,0.12471806840723627,0.12478484354682233,0.12378499081379882,0.12446107665017629,0.12126316597539863,0.12476731603083882,0.12344524486310485
2025-10-28,0.12136363842072107,0.12216120908958499,0.12219572211896144,0.12619872506264532,0.12252997093254776,0.12411809440830247,0.12776836032193856,0.12386465095881984
2025-10-29,0.12444780131255723,0.12300862900336083,0.12296380990984315,0.1272854860697682,0.12482334343296617,0.12188276119019553,0.12263272731233703,0.12265776696544493
2025-10-30,0.12255945015459928,0.12262089691642047,0.12538780401407998,0.12209534381331585,0.12426617301611892,0.12390925870017111,0.12368779313989124,0.12512321103796512
2025-10-31,0.125411806992219,0.12416389338883713,0.12442574011401798,0.12288391715328431,0.12206209591365381,0.12380609925989036,0.12359084713220053,0.12371852702671945
2025-11-03,0.12493020301997972,0.12387349667518473,0.1240529055591572,0.12047036842724965,0.12457623834919154,0.12429215620424691,0.12314356204832054,0.12453780706706231
2025-11-04,0.12463651378108505,0.12490198684736102,0.12293803854905773,0.12275664990316158,0.12520108489675807,0.12273830281181475,0.12264189027091826,0.12410772907595842
2025-11-05,0.12617988071475125,0.12681003260337304,0.12181100641462302,0.12310906686435431,0.1262991111818918,0.12689627995602273,0.11817923090211373,0.12075410141121878
2025-11-06,0.12287941293667055,0.11880661320040299,0.12513784626929378,0.1249310882641607,0.12575830688901146,0.12694999131939558,0.12106714759283874,0.12434613623462788
2025-11-07,0.12240038014757787,0.12486110037418725,0.12202227981023576,0.12205590186420034,0.12334661841749316,0.12577474794456234,0.12564140971766766,0.12427784076309499
2025-11-10,0.12209111251942584,0.12386801256534555,0.12292760228719342,0.12285615098592163,0.12403765756162924,0.12558112001487903,0.12541643662531785,0.1233137215962767
2025-11-11,0.12362435051305806,0.12382625606707354,0.12459294316965928,0.12352390095357843,0.12204213224296694,0.12231647251163355,0.12469329594115584,0.1253494482535862
2025-11-12,0.12335952735762747,0.12669297282675557,0.12448758248586111,0.12265293113235547,0.12371117941931781,0.12362666190216533,0.12265924527185999,0.12257528964414312
2025-11-13,0.12437547792689116,0.12496104407300093,0.12436956051217313,0.12251307244999267,0.12225179747486277,0.12348151341000538,0.12391457986862793,0.12363964594630052
2025-11-14,0.131722086415396,0.12230673692505627,0.12111308996585221,0.12277463035578796,0.1193523498224938,0.12689313295381333,0.1237427943735737,0.12282871807543175
2025-11-17,0.12604505702840424,0.12217994601786071,0.1251877256119663,0.12433960994389284,0.12343824485810737,0.12107238561783164,0.12373046663476626,0.12356227189279209
2025-11-18,0.12469582983510664,0.1217671299358908,0.1245786631148944,0.12446229491738904,0.12346607053021841,0.12148730859765902,0.1238195473632311,0.12536083701833334
2025-11-19,0.12630926114716456,0.11830280277634538,0.12617203176619574,0.12698587721204194,0.12378646392274344,0.12132228899942143,0.1232406431649544,0.1245004518107084
2025-11-20,0.1242046513663093,0.11899292305543725,0.1265126389456071,0.1276145519136516,0.12249999380205548,0.1175500684011694,0.12414985123149239,0.12789257743274818
2025-11-21,0.12628354692282726,0.12040713383083772,0.12403863324625901,0.12184979034723718,0.12589446322981418,0.12509246716776587,0.12201620989139325,0.12464574041348278
2025-11-24,0.12356997266415265,0.12355696053411037,0.12050625000181885,0.12937105889016373,0.12317719844420444,0.12514079354916552,0.12105271728145904,0.12401218385314268
2025-11-25,0.12463165697687206,0.12467604244787463,0.12301557678542561,0.12213963854785356,0.12395342065625248,0.12497864556468113,0.12389120521304053,0.12294985848527037
2025-11-26,0.12581245551495385,0.12490640524958319,0.12249844297121802,0.12602916034326503,0.12395252921944505,0.12280487242700527,0.12153962180477931,0.12258213337652885
2025-11-28,0.12416221230060137,0.12424245536931154,0.12552319143530982,0.12456462102764573,0.12329056424289421,0.12389934344069212,0.12181854918785918,0.12279334260425911
2025-12-01,0.12425831083100294,0.1252544753577383,0.1257470707915524,0.11910457416707902,0.12200635177913706,0.12609391210561186,0.12540646108762657,0.12213232893107913
2025-12-02,0.12817225140893057,0.119839658677121,0.12565820543743594,0.12110043419919347,0.1250900491191891,0.12386909081205862,0.12328262921155156,0.12327786059709489
2025-12-03,0.12450919017017513,0.12348025127773486,0.1263634998202977,0.122917200874468,0.12520724526467497,0.1215623851550977,0.12171011968986407,0.12409350790244938
2025-12-04,0.12468490458434262,0.12359171679520685,0.12279776517824105,0.1240877509193437,0.12415790989565266,0.12197422461094216,0.12533082853211425,0.12373239743425107
2025-12-05,0.12286495429695322,0.1239417810431478,0.12101397723692844,0.1250378906491553,0.12349273575151686,0.12794753118029686,0.12273829128398235,0.12317809829321708
2025-12-08,0.12242995494685159,0.12417639192434761,0.1231375240051364,0.12286560006125946,0.12386655762650316,0.1250247520868368,0.12500220382144253,0.12356209421565514
2025-12-09,0.12259446009556094,0.12266893988871211,0.12249409512241145,0.12441217517732195,0.12594697155238652,0.12631605894746867,0.12195889388912884,0.12349573592738408
2025-12-10,0.125544965248552,0.12140367473213813,0.12280973633298757,0.12498099940059794,0.12430711529461914,0.12606682807145553,0.12093838266143934,0.12387034368919517
2025-12-11,0.12287697574862201,0.1251818954049969,0.1242765390482281,0.12385120384611692,0.12565332456487202,0.12193361861986945,0.12357928486544147,0.12319179160341476
2025-12-12,0.12471881236066013,0.12437074933135783,0.12553378864610534,0.1218129709626119,0.1239683295463682,0.12128366017720188,0.12451649218309149,0.1236663612094214
2025-12-15,0.12534708827530044,0.12333806207738261,0.12620553976804466,0.11843496245225599,0.12707933920621897,0.12122544963762241,0.12521124453756524,0.12296430887981795
2025-12-16,0.12337313407238987,0.12492227391998158,0.12319770337340813,0.12552029759229297,0.12289263684916307,0.12185428432864125,0.12485170904363048,0.12341081485626461
2025-12-17,0.12455517458294806,0.12240532424838685,0.12398046464454535,0.12206689476147063,0.12249811908429928,0.12350772438804562,0.1257219894145962,0.12450735875730073
2025-12-18,0.12256416891321477,0.12332354964140796,0.12362588403181933,0.12273946163846604,0.12617341225489498,0.12137011241604231,0.12473718488313859,0.12487617284523106
2025-12-19,0.12087147987264818,0.12599540409375845,0.12209861456161748,0.12308028235537481,0.12528451607770785,0.1273262275714047,0.12373643311738271,0.1218670258678283
2025-12-22,0.12288961842954206,0.12208341867204132,0.12364668600572694,0.12305175317702716,0.1246531120263377,0.1246992405270588,0.12454626242736395,0.12411359985437327
2025-12-23,0.12319817009521855,0.12338930248274677,0.12291418356005436,0.1252697374445144,0.12239303767299373,0.12261796814017244,0.12663933786240955,0.12394465402748417
2025-12-24,0.12302770610325414,0.12280256327375612,0.12342915675045804,0.12284927568564838,0.12421832512719509,0.12660140779557538,0.12345243346025399,0.12345176151400179
2025-12-26,0.12369413315749413,0.12341318560145065,0.12441904529038682,0.12404297549807497,0.12366336650073767,0.12133581004784276,0.1241257344180795,0.12487813785907632
2025-12-29,0.1237519105523166,0.12479037913785576,0.12286672216216148,0.12293855925833952,0.12218249174063353,0.12859098408953143,0.12279055892557703,0.12235334402188684
2025-12-30,0.12278770837239522,0.1245856632189934,0.12345950911716648,0.12460025503736907,0.12269413004310067,0.12401516780483761,0.12417930003163918,0.12349687659283694
2025-12-31,0.12313549233927923,0.12456737715098233,0.12413051446238185,0.1241987678328737,0.12290547052434209,0.1219658005045331,0.12349993750828493,0.12548753652123093
2026-01-02,0.12216631344526424,0.12363894794644524,0.12456560423850299,0.11933864490101921,0.1261433102187542,0.1294363763471874,0.12047879164740048,0.12432060332063025
2026-01-05,0.12868992180236358,0.12024132327137306,0.12698342404029608,0.12099046719353303,0.1282850107364544,0.12022914855700692,0.12260623598247151,0.12213957195081783
2026-01-06,0.1266555360616137,0.117309360905635,0.12406247753616373,0.12194497353913877,0.12779068932118318,0.13151579771310296,0.11978617383780187,0.12109651160857968
2026-01-07,0.12426402025635,0.12269835284712867,0.1241182038660818,0.12458377482052577,0.12448566557081361,0.12375631411835582,0.12428585104910685,0.1216444856924297
2026-01-08,0.12291449298931806,0.123126774793214,0.12447670844953293,0.12330273292444058,0.12592563521123437,0.12123536976471888,0.12438646481598223,0.1243733472136368
2026-01-09,0.12622680659203075,0.11913389924488346,0.12489424499477433,0.12314558149934719,0.1289617614929006,0.12510263262284907,0.12048563821147415,0.1220625213853551
2026-01-12,0.12341592985404296,0.12487041928661315,0.12362684983990466,0.12495116185616018,0.1235988841686006,0.12309176656675835,0.1220919712359049,0.12458776621382617
2026-01-13,0.12322509259650993,0.12775265565468905,0.12293296602854129,0.12496831524202993,0.12125968863176062,0.12119281061344304,0.12465377575907143,0.12373877409258002
2026-01-14,0.12425731857539798,0.12779626719029638,0.12399940229089465,0.12109782899662476,0.12270908854807085,0.12353230988997138,0.12353675761378852,0.12329597977488035
2026-01-15,0.1225039826756546,0.12597048824913812,0.12390759320426876,0.12351114539662349,0.1200631816393919,0.12254092762736422,0.1260785346651376,0.12527875006972033
2026-01-16,0.12386667504070586,0.12232182069133943,0.12363730776513694,0.1253163124156162,0.12396724170160596,0.12700332113219578,0.12176144504668718,0.12215880102152979
2026-01-20,0.12502776463396087,0.12739892499433797,0.12484617127750273,0.12028057912991014,0.12661131899998646,0.12454879302224155,0.12157608322657455,0.11946242531190054
2026-01-21,0.12385200090283696,0.12877779173516418,0.12422321608977026,0.1189870910985833,0.12457101792501227,0.12696423884886293,0.12431101032953325,0.11875364416020333
2026-01-22,0.12070944488126022,0.1270778215369175,0.12620934970029965,0.12213444476220522,0.11813244708096915,0.12638506983377049,0.1258955740901809,0.12355087717683597
2026-01-23,0.12444799349938332,0.12267342814000748,0.12452266454650093,0.12342475332771914,0.12317519968600951,0.1241555734049957,0.12349392563407212,0.12442252994118774
2026-01-26,0.12283274565072921,0.12094393626548791,0.1262646095215929,0.12567825987201678,0.1260085536193716,0.12155943734809535,0.12310655901530874,0.12377940526644096
2026-01-27,0.12491402492159522,0.12175007219730431,0.12523912309504925,0.12317840955783307,0.12620073653174047,0.12375545817793984,0.12264568432842893,0.1224790612919786
2026-01-28,0.12293558452103549,0.12389587131688928,0.11896674951455614,0.12251487367199003,0.12395215589526457,0.12862086279216492,0.12474003244432051,0.12431222462074432
2026-01-29,0.12397869970180671,0.12271354554980837,0.12340740809535956,0.12308012389573052,0.12530127790265586,0.12299838334489903,0.12451759388573996,0.12366977437091535
2026-01-30,0.12238321462695298,0.12630483488151473,0.12495164425181143,0.1262302011358333,0.12106413393125166,0.11770253603167506,0.1266118312732765,0.12465701680765891
2026-02-02,0.1232891066042347,0.12597298830215992,0.12431308356169167,0.12245092882335915,0.12251203672089367,0.12784244735892034,0.11957744310056413,0.12446697315824092
2026-02-03,0.12228988229058836,0.12444858555662713,0.12543373879244002,0.12275408153597467,0.12149174272014267,0.12265712342811495,0.12495446602030044,0.1258083782994556
2026-02-04,0.12047947492979312,0.12188397254646609,0.12584048418570098,0.12645859388935612,0.11946078317351094,0.12095742938740243,0.12731127586734353,0.12730965611131792
2026-02-05,0.12465551096494017,0.1173426690081338,0.12524585672066416,0.12179243925512132,0.12611059696407484,0.12746602080420738,0.12114486438307237,0.1263156635636259
2026-02-06,0.12385705368468289,0.12539241511297494,0.12234518700367591,0.12333824548409393,0.1243939012485313,0.12383447581808853,0.12444115880732343,0.12282203781164906
2026-02-09,0.12568321559410756,0.12629950747618435,0.12205725469989992,0.12565546296005228,0.12112113527344509,0.12162813510568944,0.12477362352552283,0.12328541281063263
2026-02-10,0.1249424905737006,0.12432856254738314,0.12276553953634096,0.12270866274919598,0.123536804918407,0.12408170168438329,0.12338420310981502,0.12441077780073913
2026-02-11,0.12451165179188435,0.12110429822553478,0.12313338208572734,0.1221031770587279,0.1235640306772392,0.12847029724632442,0.12200196350347946,0.12500005411263776
2026-02-12,0.123063391603479,0.1215327125237678,0.12485313681326668,0.12267938020391678,0.12465268378338402,0.12512116859046538,0.12335053373912816,0.12395377367609017
2026-02-13,0.12122880246899982,0.1264212331087521,0.12393156882177744,0.12264386367217223,0.1243150438836653,0.12639563056935388,0.12131003339857414,0.12346882174737696
2026-02-17,0.12454021087484694,0.12252553045317219,0.12434822053232783,0.12661705968377351,0.1241406095235041,0.12160831143358788,0.12387708214155296,0.12274579965941282
2026-02-18,0.12457146156915229,0.12278963491115709,0.1247232237642962,0.12346123523145532,0.12389855231574187,0.12827667245365046,0.12148643327268016,0.1212049011374326
2026-02-19,0.12509271900306512,0.12468424753461209,0.12413257735553439,0.12304659299687971,0.12417711150208363,0.12314036341596,0.12299037260904486,0.12266867814225556
2026-02-20,0.12465032810578597,0.1214001990616116,0.12331849519436758,0.12148802242437101,0.1253984067972308,0.12518005601452944,0.12349646984378955,0.12501243722807173
2026-02-23,0.12436449439217644,0.12280308241022955,0.12521148386436687,0.12302237414896645,0.12242509128270271,0.12358811203768379,0.12407853790842699,0.1250048652449373
2026-02-24,0.12372196081359131,0.12481999004899856,0.12334751687618706,0.12441059824847175,0.12368840421963928,0.12030364799917144,0.12415859589797974,0.12559763887853104
2026-02-25,0.1267864370725839,0.12107157394357818,0.12367889361191156,0.12417899496127516,0.12338966612248864,0.12406846122265959,0.12404960404220743,0.12280697810879768
2026-02-26,0.12235470434852845,0.1242139562080279,0.12335276728267776,0.12546440038082948,0.12373404394820117,0.1248041604688489,0.12143082681025773,0.12424683408881713
2026-02-27,0.12456993946049433,0.12274817311394502,0.12417233598228372,0.1261816606601017,0.12285319039806239,0.1256877811258127,0.11969902521479957,0.12415846775609937
2026-03-02,0.1232821654228099,0.12416654191118158,0.12192325563011523,0.1251402519381685,0.12209361676919481,0.12481441889532127,0.12635717165348484,0.12267348505477506
2026-03-03,0.12414691075295525,0.12391610918099186,0.12430550840902746,0.12458046937084531,0.1203967760086841,0.12179506966032151,0.1253329629101823,0.12526856680138795
2026-03-04,0.1218961596912743,0.12847559361762004,0.1231183258137468,0.12286504110152131,0.12285436329397097,0.1246105448552058,0.12391899985641257,0.12239712487774627
2026-03-05,0.12230688363291306,0.12520130570927065,0.12275363455748692,0.12512064450546406,0.12178286061238765,0.12366368634622317,0.12538264439665794,0.12353558592247518
2026-03-06,0.12341573250149256,0.12365813131847485,0.125130695548524,0.12632383515487788,0.12150198193729209,0.12199053029268944,0.1240737287882638,0.123799000902426
2026-03-09,0.12362916752814566,0.12511889904627696,0.12375075817040307,0.1237513924384757,0.12657741960231045,0.1250408526363332,0.12098504482877016,0.12170206050204829
2026-03-10,0.12485940310565564,0.12336537300699967,0.12371668010076764,0.12076050311190867,0.12539276121082193,0.1257675686225332,0.12427674455899376,0.1221970014303933
2026-03-11,0.12421738763005304,0.12272264432966767,0.12312724907438803,0.1225190991258369,0.12566895753986543,0.12550499454464958,0.1232107860982236,0.12320656745957184
2026-03-12,0.12325108731157867,0.12246749303610192,0.12394929801006652,0.12496143944164036,0.12340915643803782,0.12444392387333546,0.1252490683495288,0.12227207087560144
2026-03-13,0.12484708966855647,0.1222064672999174,0.12343598291906771,0.11967430551272706,0.1251066094568625,0.12919303320523665,0.12227183855748862,0.12314711135340332
2026-03-16,0.12344472533411867,0.12475443348408184,0.12363147721652673,0.1233214351114321,0.12481149146727831,0.12277530164909226,0.1239081707285445,0.12336907993283358
2026-03-17,0.12507098220788848,0.12285676970902151,0.12324994523157098,0.12116420753036497,0.1264037907017089,0.1255774116684477,0.12100649585863943,0.12478270507996542
2026-03-18,0.12350416049304107,0.12684019957784473,0.12298820046502786,0.12288933063391656,0.12377145743979819,0.12407508291099027,0.12321931160139143,0.12264632979062118
2026-03-19,0.12501379841966434,0.12551065309440768,0.1236397201539928,0.12206220614627798,0.1278724331486556,0.1244161596248608,0.11961793758940334,0.12247098522210875
2026-03-20,0.12620771676903317,0.12495621352076021,0.12317058546376988,0.12310202180988418,0.12393144946492803,0.12114464684562494,0.12313284631435531,0.12410728758054171
2026-03-23,0.1224265080346283,0.12222332280696373,0.12537237753901542,0.12619911601716172,0.12579241639973057,0.1178638953760378,0.12332930948321114,0.1269755376152454
2026-03-24,0.12682726729481048,0.12385919279184236,0.1262395843705185,0.1210515232477385,0.12629189022938211,0.11971863094642748,0.12195971083468453,0.12448761316352616
2026-03-25,0.12293712911554659,0.12860413841023685,0.12347161714764618,0.12179911076382077,0.12207793831792203,0.12295037719754692,0.12434242695858418,0.12411417647099128
2026-03-26,0.1216830517417933,0.12065128451171474,0.12621517221637943,0.12692015184270908,0.12075015745445443,0.12373842084603519,0.12552435112310914,0.12385801548937213
2026-03-27,0.12408913329515214,0.12439377528547109,0.12299916087168704,0.12191981885575667,0.1252894806883435,0.1235937642765466,0.12269063445260285,0.1252391107645937
2026-03-30,0.12262780391767289,0.12487624649221207,0.12388769034423988,0.12706050832741386,0.1216501994117279,0.11584277620260285,0.12750438104522138,0.126282608527035
2026-03-31,0.12376376561988368,0.12255025865097147,0.12270024412615448,0.1233423133610117,0.12349862910719352,0.12505632985973067,0.12461835391971678,0.12509888416556691
2026-04-01,0.1247535414291481,0.123289588373028,0.12303062939471014,0.12179956398552975,0.12546006798427967,0.12861903237901154,0.12172075899099047,0.12114151913538572
2026-04-02,0.12276740164181667,0.1269278368644099,0.11990412748814017,0.12276708637495794,0.1243036845119722,0.12776524774081896,0.1226819489583651,0.12327654322072773
2026-04-06,0.12388845953945932,0.1240803535569383,0.12228595586203199,0.12307966898261771,0.12386491087543061,0.1248820164262823,0.12366051819755763,0.12405599357557458
2026-04-07,0.12374423705592215,0.1234148610942121,0.12310169122759834,0.12453608949806151,0.12499722348217024,0.12295995577959522,0.1232330438671959,0.12376125141638565
2026-04-08,0.12636208260732998,0.12371632844697857,0.12412791854512595,0.1234820147251035,0.12603691892917565,0.12161279679515791,0.12225157638429619,0.12265310101821039
2026-04-09,0.12520248473710563,0.1231384938137408,0.12413631170229653,0.12214817197847741,0.12634215067477175,0.12513387445249088,0.1223848467403905,0.12173687668420083
2026-04-10,0.12208740597025262,0.12586392110999423,0.12267021303874501,0.1263698628606975,0.12322702728849463,0.12284890100651935,0.1256387653596189,0.12113050746214561
2026-04-13,0.12132990755006581,0.12312171590355696,0.12489776455020371,0.12556007634029745,0.12395974871360074,0.12493482063346448,0.12437878537171025,0.1217523926355839
2026-04-14,0.12050993380486003,0.12441331740710748,0.12143441377542775,0.12276639288856474,0.12232882081473542,0.13088208384158473,0.12562518141142848,0.12211128758240583
2026-04-15,0.12471008814810161,0.12488827281803391,0.12380194327264217,0.12552351452800858,0.12226424884632213,0.12298167331235592,0.12482177019386159,0.12107596733668556
2026-04-16,0.1237255974418008,0.1297264157264535,0.11971480929335036,0.1246248841825856,0.12211371692587537,0.1244554013191378,0.12411542918419723,0.1214512235174593
2026-04-17,0.12397317127302702,0.12310484933017445,0.1236743268490227,0.1257551852545081,0.1238393180284305,0.12112365004239406,0.12511485804369718,0.12311352886033722
2026-04-20,0.12313492416467285,0.12249793861132748,0.12621616275823994,0.12314451672469814,0.12292506342870158,0.12208917662361668,0.12631533724090477,0.1237583264199289
2026-04-21,0.12422338749566868,0.1270011348115675,0.1226128008837498,0.12466008746971517,0.12125165817406362,0.12327216576412128,0.12267166795410439,0.1240523757340875
2026-04-22,0.12220442136024413,0.12620161351682674,0.11814115416727386,0.1257746414406167,0.12264287617171893,0.12753402058636304,0.12177729210538402,0.12596045864934194
2026-04-23,0.12384063499585342,0.12615456005555883,0.12270372893290757,0.12405877242808912,0.12148418537034696,0.12463783077457809,0.12279887789357183,0.12426623764137619
2026-04-24,0.12349939576598776,0.1264158188648754,0.1220019206921265,0.12151678908291093,0.12228306752631295,0.12259728360464928,0.12723171871883776,0.1243521389901741
2026-04-27,0.12144280370150104,0.12081331923721145,0.12260928760134712,0.12410757627666953,0.12092078929588006,0.1284624055254891,0.12918480637723018,0.1223837946325293
2026-04-28,0.12153006657415633,0.12756902592519007,0.12286314457082183,0.12301341514792914,0.12272269040049127,0.12351927385278004,0.1255020646227629,0.12315812891084735
2026-04-29,0.12331687207411993,0.12797446762743295,0.12438701042715022,0.1243272368968166,0.12156930075162667,0.12219992099493258,0.12196610640789413,0.12401921700533701
2026-04-30,0.1260616065419357,0.128196267834886,0.1255992469942801,0.12401541232184976,0.1258714409810702,0.12027571423005914,0.11712155665252726,0.12265971812722053
2026-05-01,0.1222449663866122,0.12537604610818415,0.12225161461376545,0.12418610279489915,0.12311906767212637,0.12937805433743746,0.12039974894524448,0.12342986847813633
2026-05-04,0.12549140902011707,0.11790712981275848,0.12275969742314013,0.12362790308361668,0.1250474521487869,0.12790381295046988,0.12350367876864522,0.1234921796500561
2026-05-05,0.12442193444862805,0.12353353109914589,0.12314088540709744,0.1238820962478226,0.12668180556044997,0.12858396804008188,0.12051246381376082,0.11915122700957888
2026-05-06,0.12314540301654525,0.12472050467051662,0.12430792494481223,0.1181457765161514,0.12549311751577136,0.12234005205545964,0.1257607761163564,0.12609622027447934
2026-05-07,0.12109021925672826,0.12337678272108629,0.12336295647067523,0.12296577348972719,0.12152002546876546,0.12510667482432408,0.12788835229408999,0.12479052116421323
2026-05-08,0.12309385763519137,0.13014429867530752,0.12376619775114742,0.12251418763007874,0.11893268858262178,0.13231323784471233,0.12106844828599968,0.11809661972538774
2026-05-11,0.12413942812021532,0.12269182873141024,0.12342991091969235,0.12314926570615316,0.1244040790046046,0.12352789166043641,0.12601761994046498,0.12225171723532129
2026-05-12,0.12262935298639871,0.12370850531136579,0.12355159828656923,0.12301002564092064,0.12484542116706757,0.12267436177733926,0.12548920447858009,0.12382687048996735
2026-05-13,0.12378455224083462,0.1207070355850557,0.12697343139440284,0.12387741458253597,0.12390499754504057,0.12238204637229495,0.12432899299125848,0.12406103207825998
2026-05-14,0.12110562556184075,0.12413866592926698,0.12270407538416009,0.12845250075020767,0.12302963278828549,0.11983394652005923,0.12499303802064649,0.12625549953025303
2026-05-15,0.12722496122716515,0.12222491634497053,0.12401618281766191,0.1228835228174056,0.12279994199995012,0.12348784260766228,0.12266843146914422,0.12442388254623973
2026-05-18,0.12085404037943015,0.12615264050902222,0.12476427968470324,0.1284887228937492,0.12244938152723023,0.11711702147140686,0.12447532358170668,0.12524519687535998
2026-05-19,0.12285662500311587,0.12276393270031355,0.12313609155200657,0.12270744583360516,0.12456386879648776,0.1281724787326927,0.12288567490022055,0.1233075325171662
2026-05-20,0.12413354547814771,0.1268912828484734,0.1251889169664807,0.12256102507536379,0.12678153867462846,0.12086102885969592,0.12126641986257061,0.12251854873298308
2026-05-21,0.12283418699585309,0.12401932629622296,0.12533347995716604,0.1219795405902031,0.1259096029308393,0.12593286662657577,0.12015760955075416,0.12400649576736016
2026-05-22,0.12386600923177211,0.12412400800661676,0.1257337590677332,0.12349467314753003,0.12458772188028948,0.12353592899526017,0.12135452128278672,0.12300048536117851
2026-05-26,0.12405916175799779,0.12608276079341335,0.12032415755220824,0.12206395322842681,0.12433914444323427,0.13243443650163253,0.12010970723975647,0.12081427110649616
2026-05-27,0.12271088941313658,0.12341151749757519,0.12321672467888964,0.12530808222649836,0.12165486548167072,0.12290664234512895,0.1253654633997328,0.12499326881736471
2026-05-28,0.12357948139624365,0.1275494712684744,0.12198921191501712,0.12443645355772197,0.12281637543285293,0.12177183112487681,0.12457646184326573,0.12361786639279558
2026-05-29,0.12333188165719484,0.1232010127034894,0.12250135313380735,0.12829134376620335,0.12260256372948612,0.1261419114349518,0.12208535906286797,0.12157019897856083
2026-06-01,0.1241911285142847,0.12289836022401845,0.12307319916126304,0.12338785786291502,0.12355505595608011,0.12382024453865413,0.12556756951394096,0.12354527354634816
2026-06-02,0.1282607642864663,0.12525842274700572,0.12494508561542718,0.12004193743786061,0.1255935720491264,0.1232313913278701,0.11950326600499443,0.12328426606198384
2026-06-03,0.12733859274837553,0.12611713238748123,0.12531621182657066,0.11993892928121686,0.12728557245850278,0.12414318120127482,0.1199378213891017,0.12017063107444168
2026-06-04,0.1251107519258569,0.12309878069470052,0.1267104763074364,0.12380038904795233,0.1235568634032747,0.11953627075028887,0.12379996362530025,0.12512962201245903
2026-06-05,0.12336246452630889,0.12172053695749359,0.12725259591403648,0.12362079764593553,0.12341762090748491,0.11927426246727,0.12489102291264162,0.12619555490035722
2026-06-08,0.126990082024382,0.12391964433673576,0.12397042084565954,0.12073994422240052,0.12509269301354484,0.12424285540074016,0.12167449476310091,0.1234490516844865
2026-06-09,0.12603801203235232,0.11980835758983326,0.12650115901692735,0.12344398720333463,0.12352292269642513,0.11996871131048514,0.12496019420745746,0.12555033554061482
2026-06-10,0.12442091483084496,0.12143702613801566,0.12498326830391077,0.12252111121517809,0.12528766684806134,0.12377786887642579,0.12339880549037842,0.12413240422946249
2026-06-11,0.12439130864961842,0.1241971694337255,0.12549992508380667,0.1213841269222904,0.12664635075461997,0.12924510517302326,0.1193391191755193,0.1195884451766243
2026-06-12,0.12646010012859885,0.12521453930336574,0.12311470659589294,0.12153741698375273,0.12483175253636246,0.1235400678146271,0.12225883566797795,0.12318986594703575
2026-06-15,0.12193078775075997,0.12544311354102405,0.12243846124505899,0.12207282477506472,0.12373715825568131,0.12653796237264447,0.12463017709225674,0.12331931850128289
2026-06-16,0.1256997387250695,0.11966059875412545,0.12405849941362092,0.1242894116030951,0.12346191355073154,0.1197407687946927,0.12669831361487938,0.1257348537045132
2026-06-17,0.12558161453149252,0.12108110993664199,0.12344958327409523,0.1267425053734691,0.12261628922921051,0.12300509955550512,0.12281195879685809,0.12464096523921667
2026-06-18,0.12157724470575995,0.1237310644657456,0.12274781289853133,0.12317292590493595,0.12011752983887503,0.12551220607697444,0.12438148137395935,0.12887946531478583
2026-06-22,0.12671709167274628,0.12534665736196648,0.12241313282005632,0.11750217088315748,0.12742278944629257,0.1257760470661369,0.12231813783563347,0.12200532753463438
2026-06-23,0.124780935990153,0.12656184197621165,0.1237453234984368,0.12443836844994127,0.12448261861864121,0.12045902880136085,0.12263385084318187,0.1229061910879076
2026-06-24,0.12466163836518401,0.12361548870792632,0.1244972200838504,0.12241464009629795,0.1262968997361827,0.119888789679221,0.12293294446195031,0.12557590768285873
2026-06-25,0.13126710561186292,0.1224581056196834,0.1241049140417989,0.12258871973850691,0.12342546441048176,0.12334467455801512,0.12235718144707115,0.12012422816479848
2026-06-26,0.12136403039430593,0.12462314108273881,0.12535127792034034,0.1225153892279286,0.12213268920763874,0.12346236315204227,0.12406643830552644,0.12634575839272982
2026-06-29,0.1302572701513907,0.1231949172813892,0.12497894892119393,0.11901898073468208,0.12783411132771347,0.12090442199121114,0.12008279196038005,0.12433790692261266
2026-06-30,0.12440677753365273,0.12753815891725587,0.12465236817189063,0.12072524275958853,0.12493193890128833,0.12077984977165952,0.12150994860574493,0.12555239385741956
2026-07-01,0.12382443774023484,0.1236030214217786,0.12253810302800858,0.12654136340390848,0.12284879257870616,0.12130978237650382,0.12830417647436684,0.12102245978977896
2026-07-02,0.11947720671846,0.12493918749019195,0.12458927834163747,0.12822831379110147,0.11668156714990346,0.12162621536092126,0.1285821991182321,0.12512599697224003
2026-07-06,0.11783643139663248,0.128937847680039,0.12469993357360948,0.1251344009080355,0.11961629879150146,0.12203082536918698,0.12576423809033044,0.1261570616587299
2026-07-07,0.12456584799460886,0.1228029895961151,0.12347294652192146,0.12416845625320837,0.12392359450523703,0.12455014019473097,0.1256652779500856,0.1212282069505047
2026-07-08,0.12519685141988493,0.12281286014736381,0.12238118918396969,0.123614246719384,0.12289489193277175,0.1259494037888525,0.12556119497655446,0.12205070492494999
2026-07-09,0.11846044425842453,0.12820230758904547,0.12384463956411061,0.12564782565337382,0.1221035607658091,0.12314955391196934,0.12495102625328681,0.12323083328095782
2026-07-10,0.12641103145309443,0.12466530675247334,0.12247961120829495,0.12201208445794993,0.12450867731760684,0.12312074118098403,0.12695586774107134,0.1203001146950047
2026-07-13,0.1244169453580344,0.12487045881449865,0.12247880666097453,0.1225870864178248,0.12369259354575043,0.12667893957413814,0.1228252966009926,0.12205357497298554
2026-07-14,0.12206495816813544,0.1215606982530587,0.12471297192561487,0.12344597087788663,0.12275818212708275,0.12512504823629209,0.127713994287298,0.12248968668834058
2026-07-15,0.12118994157087913,0.12149148287508896,0.12723213968845554,0.12724571666155135,0.12010543741657993,0.11830504208502438,0.12824444471449717,0.1257828856486895
2026-07-16,0.12454839733275039,0.12284851807725086,0.12431675197705608,0.12187206932890324,0.12335725852362013,0.12295059193030623,0.12350673555857555,0.1265305485931083
2026-07-17,0.1209634251119761,0.12640320927762555,0.12280294730977996,0.12336939615340073,0.12537913034571938,0.12549481391858058,0.12193503520195981,0.12377488212827331
2026-07-20,0.12182294640254109,0.12340357825402594,0.12362184331484864,0.12624111524712123,0.12101766958987127,0.12381771141456692,0.12485060851341341,0.12476367881831024
2026-07-21,0.12274945340900009,0.12688656024887351,0.1226120700013102,0.12166867274811861,0.12030104631752292,0.1288726774970067,0.12244344858649,0.12455854770630498
2026-07-22,0.1223980033356561,0.1263366457736541,0.12260296845226905,0.12552907216141831,0.12365952214878902,0.12324189251675305,0.12417503058162835,0.1223453208429455
2026-07-23,0.12591069646186293,0.12192130404693012,0.12425464557309356,0.12314998737550692,0.12448251781362911,0.12496526098780228,0.12244267916777855,0.122739554856305
2026-07-24,0.12246617738502259,0.12122494399845105,0.12469773193975388,0.12488727757369536,0.12376582670498415,0.12173679807518227,0.1263980064214688,0.12432375456342323
2026-07-27,0.12339615161994431,0.1208526903197184,0.12258731475876362,0.1268758325519375,0.12262172831752945,0.12434872782417862,0.12181447479619498,0.12683956697546653
2026-07-28,0.12074115741041296,0.12110773499933808,0.12459866790147514,0.12683540246718994,0.121891826472272,0.12157800486939037,0.1259393438761,0.12702142137466282
2026-07-29,0.12204565852829577,0.12296903557114648,0.12829999373706438,0.1263261903742328,0.12363003954772968,0.11519445902769042,0.12597493096938567,0.12536018113662142
2026-07-30,0.1258353840230812,0.12742138465171599,0.12146599096039057,0.12313397648281356,0.1131781751459794,0.13316783357002654,0.12174853683974969,0.12408500635082632
2026-07-31,0.123785118110213,0.12097083428349523,0.12520423350876744,0.1275643883800668,0.12021370586227315,0.11602151983224286,0.1308891675790426,0.12492908588281891
2026-08-03,0.12433402307298143,0.12536265380757627,0.1221330901885596,0.12212601320442891,0.12420335412830144,0.12600548649377952,0.1251099857559172,0.12134044573525533
2026-08-04,0.12225185530431265,0.12533480027433877,0.12241549888721999,0.12615026700320622,0.12532551596828376,0.12544368329850963,0.1219359127768685,0.121326466461298
2026-08-05,0.12240065265127256,0.12412249158023779,0.12312475657127987,0.12398956588248206,0.1206393785578537,0.12611758927664868,0.12636358411718968,0.12317070977123064
2026-08-06,0.12230334996331566,0.1263334662452689,0.12269760443103679,0.12205690646205074,0.12414986344141375,0.1273494578793495,0.12065150291584832,0.12438256300960737
2026-08-07,0.12465222698514432,0.12134579673958307,0.123676113139201,0.12456983320252117,0.12479752774964556,0.12140514081220523,0.1261187789167465,0.12355837034400083
2026-08-10,0.11940197176993479,0.12466826063125233,0.12270734582025239,0.12530575593224075,0.12171713560693641,0.12627586582771078,0.12359734263713293,0.12610385514589809
2026-08-11,0.12167871518099635,0.12489463609496033,0.1256394437322532,0.1223214237791297,0.12357136523483975,0.12478713195737126,0.12247629379554732,0.12462616329910421
2026-08-12,0.12435990049588194,0.12319998338064,0.12304118212381127,0.12134823754372645,0.12429680250304985,0.12434941300050244,0.1260415629255099,0.12350814396264015
2026-08-13,0.11964657603443801,0.12259764385391099,0.12453739619879625,0.12318778352021041,0.12636138312948123,0.12781120163364254,0.12297156769747017,0.12297801286727869
2026-08-14,0.1254676140189625,0.130591776872981,0.12411928919658437,0.117854244308346,0.12379038726171891,0.12282178872775758,0.12291156748915803,0.12272272094873261
2026-08-17,0.12739347265290332,0.12131744810966456,0.12402772576649612,0.12153197257146696,0.1254520822364937,0.12477814543228206,0.12249956474029831,0.1233139459412117
2026-08-18,0.1259590589690861,0.12320034059551124,0.12384198297784063,0.12281652958006295,0.1254371857395444,0.12188950245731973,0.1238545918454292,0.12318480156142433
2026-08-19,0.12456036889782651,0.12222656353171375,0.12411938229857382,0.12398519527912459,0.11933855733998272,0.12467332871448893,0.12526683101599012,0.12578965878815934
2026-08-20,0.12384497171482102,0.12318443719995521,0.1228944023726808,0.12231385760112012,0.12431190189578208,0.12758320223266886,0.12158803492296119,0.12465221658930406
2026-08-21,0.12255639723881685,0.1242581604619125,0.12512852426376112,0.12435543121238252,0.1238393642681529,0.12246104455018131,0.12299181496873257,0.12415563030361622
2026-08-24,0.12593817822290487,0.12242804946522808,0.12406081863641856,0.12345132134072186,0.1262450626492392,0.12207200441484548,0.1214801997157582,0.12445039475662677
2026-08-25,0.12156429296555932,0.12540501982617974,0.12279780852607369,0.1223581986926981,0.12349731322470774,0.12438606963275627,0.12503918739595768,0.12487878093686308
2026-08-26,0.12363166825251168,0.12540215142835953,0.1235785170750442,0.12309688114073145,0.12301814408354701,0.1253335916250888,0.12213806525893095,0.12364928697036448
2026-08-27,0.0,0.0,0.0,0.0,0.0,0.0,0.0,0.0
