timestamp,code,side,price,qty,reason,pnl,holding_days,holding_bars,return_pct
2019-02-05,AMAT.US,buy,35.9844,3439.0,signal,0.0,0,0.0,0.0
2019-02-06,AMAT.US,sell,36.2912,3439.0,signal,1055.1757,1,1.0,0.85
2019-02-05,AMD.US,buy,23.4434,5278.67,signal,0.0,0,0.0,0.0
2019-02-06,AMD.US,sell,23.6064,5278.67,signal,860.1544,1,1.0,0.7
2019-02-05,ASML.US,buy,167.0194,740.93,signal,0.0,0,0.0,0.0
2019-02-06,ASML.US,sell,170.6162,740.93,signal,2664.9819,1,1.0,2.15
2019-02-05,AVGO.US,buy,22.4717,5506.92,signal,0.0,0,0.0,0.0
2019-02-06,AVGO.US,sell,22.5348,5506.92,signal,347.6644,1,1.0,0.28
2019-02-05,LRCX.US,buy,15.7246,7869.82,signal,0.0,0,0.0,0.0
2019-02-06,LRCX.US,sell,15.8523,7869.82,signal,1005.0424,1,1.0,0.81
2019-02-05,MU.US,buy,38.3026,3230.85,signal,0.0,0,0.0,0.0
2019-02-06,MU.US,sell,39.3561,3230.85,signal,3403.7211,1,1.0,2.75
2019-02-05,NVDA.US,buy,3.7096,33359.78,signal,0.0,0,0.0,0.0
2019-02-06,NVDA.US,sell,3.7425,33359.78,signal,1097.8462,1,1.0,0.89
2019-02-05,TSM.US,buy,32.3003,3831.23,signal,0.0,0,0.0,0.0
2019-02-06,TSM.US,sell,32.6608,3831.23,signal,1381.219,1,1.0,1.12
2019-02-07,AMAT.US,buy,36.7711,3405.18,signal,0.0,0,0.0,0.0
2019-02-08,AMAT.US,sell,36.3004,3405.18,signal,-1602.6216,1,1.0,-1.28
2019-02-07,AMD.US,buy,23.013,5440.94,signal,0.0,0,0.0,0.0
2019-02-08,AMD.US,sell,22.3077,5440.94,signal,-3837.603,1,1.0,-3.06
2019-02-07,ASML.US,buy,170.5026,734.37,signal,0.0,0,0.0,0.0
2019-02-08,ASML.US,sell,165.1098,734.37,signal,-3960.3217,1,1.0,-3.16
2019-02-07,AVGO.US,buy,22.5461,5553.61,signal,0.0,0,0.0,0.0
2019-02-08,AVGO.US,sell,22.045,5553.61,signal,-2782.7799,1,1.0,-2.22
2019-02-07,LRCX.US,buy,15.9469,7851.8,signal,0.0,0,0.0,0.0
2019-02-08,LRCX.US,sell,15.7023,7851.8,signal,-1920.9422,1,1.0,-1.53
2019-02-07,MU.US,buy,39.8351,3143.26,signal,0.0,0,0.0,0.0
2019-02-08,MU.US,sell,36.8233,3143.26,signal,-9466.9125,1,1.0,-7.56
2019-02-07,NVDA.US,buy,3.746,33425.64,signal,0.0,0,0.0,0.0
2019-02-08,NVDA.US,sell,3.5797,33425.64,signal,-5558.5741,1,1.0,-4.44
2019-02-07,TSM.US,buy,32.6836,3831.04,signal,0.0,0,0.0,0.0
2019-02-08,TSM.US,sell,32.0572,3831.04,signal,-2399.665,1,1.0,-1.92
2019-02-13,ASML.US,buy,169.6295,2.09,signal,0.0,0,0.0,0.0
2019-02-14,ASML.US,sell,169.8097,2.09,target_rebalance,0.3766,1,1.0,0.11
2019-02-13,AVGO.US,buy,23.1361,10.49,signal,0.0,0,0.0,0.0
2019-02-14,AVGO.US,sell,23.1393,10.49,target_rebalance,0.034,1,1.0,0.01
2019-02-13,MU.US,buy,39.8742,39.28,signal,0.0,0,0.0,0.0
2019-02-14,MU.US,sell,40.3206,39.28,target_rebalance,17.534,1,1.0,1.12
2019-02-13,NVDA.US,buy,3.7765,96.48,signal,0.0,0,0.0,0.0
2019-02-14,NVDA.US,sell,3.7808,96.48,target_rebalance,0.4176,1,1.0,0.11
2019-02-13,AMD.US,buy,23.0009,89.74,signal,0.0,0,0.0,0.0
2019-02-15,AMD.US,sell,23.5564,89.74,target_rebalance,49.8512,2,1.9913994544528266,2.42
2019-02-13,MU.US,buy,39.8742,11.32,signal,0.0,0,0.0,0.0
2019-02-15,MU.US,sell,41.1778,11.32,target_rebalance,14.7572,2,2.0,3.27
2019-02-13,NVDA.US,buy,3.7765,1464.02,signal,0.0,0,0.0,0.0
2019-02-15,NVDA.US,sell,4.0309,1464.02,target_rebalance,372.4764,2,2.0,6.74
2019-02-13,AMD.US,buy,23.0009,78.28,signal,0.0,0,0.0,0.0
2019-02-19,AMD.US,sell,23.6064,78.28,target_rebalance,47.3951,6,2.991399454452827,2.63
2019-02-13,AVGO.US,buy,23.137,2.94,signal,0.0,0,0.0,0.0
2019-02-19,AVGO.US,sell,23.1847,2.94,target_rebalance,0.14,6,2.9942111832013794,0.21
2019-02-13,LRCX.US,buy,16.4088,37.14,signal,0.0,0,0.0,0.0
2019-02-19,LRCX.US,sell,16.4534,37.14,target_rebalance,1.6561,6,2.9906570742372187,0.27
2019-02-13,TSM.US,buy,32.6731,72.2,signal,0.0,0,0.0,0.0
2019-02-19,TSM.US,sell,32.4908,72.2,target_rebalance,-13.1607,6,2.955543789105607,-0.56
2019-02-13,AMD.US,buy,23.0009,56.79,signal,0.0,0,0.0,0.0
2019-02-20,AMD.US,sell,24.1159,56.79,target_rebalance,63.3178,7,3.9913994544528264,4.85
2019-02-13,MU.US,buy,39.8742,10.88,signal,0.0,0,0.0,0.0
2019-02-20,MU.US,sell,41.2168,10.88,target_rebalance,14.6076,7,4.0,3.37
2019-02-13,TSM.US,buy,32.6731,30.34,signal,0.0,0,0.0,0.0
2019-02-20,TSM.US,sell,33.0944,30.34,target_rebalance,12.7819,7,3.9555437891056067,1.29
2019-02-13,LRCX.US,buy,16.4095,15.4,signal,0.0,0,0.0,0.0
2019-02-21,LRCX.US,sell,16.5671,15.4,target_rebalance,2.4266,8,4.962829645170772,0.96
2019-02-13,MU.US,buy,39.8742,6.64,signal,0.0,0,0.0,0.0
2019-02-21,MU.US,sell,41.3727,6.64,target_rebalance,9.9499,8,5.0,3.76
2019-02-13,NVDA.US,buy,3.7796,134.24,signal,0.0,0,0.0,0.0
2019-02-21,NVDA.US,sell,3.9347,134.24,target_rebalance,20.8147,8,4.914755962787481,4.1
2019-02-13,TSM.US,buy,32.6731,7.59,signal,0.0,0,0.0,0.0
2019-02-21,TSM.US,sell,33.2134,7.59,target_rebalance,4.1009,8,4.955543789105608,1.65
2019-02-13,AMAT.US,buy,37.8459,3.56,signal,0.0,0,0.0,0.0
2019-02-22,AMAT.US,sell,36.1054,3.56,target_rebalance,-6.1961,9,5.860296784199028,-4.6
2019-02-13,AMD.US,buy,23.0048,21.9,signal,0.0,0,0.0,0.0
2019-02-22,AMD.US,sell,24.0259,21.9,target_rebalance,22.3625,9,5.9729994482503,4.44
2019-02-13,ASML.US,buy,169.6205,12.66,signal,0.0,0,0.0,0.0
2019-02-22,ASML.US,sell,170.8572,12.66,target_rebalance,15.6567,9,5.931790733421168,0.73
2019-02-13,TSM.US,buy,32.6731,26.42,signal,0.0,0,0.0,0.0
2019-02-22,TSM.US,sell,33.2559,26.42,target_rebalance,15.3978,9,5.955543789105607,1.78
2019-02-13,AMAT.US,buy,37.8459,1.02,signal,0.0,0,0.0,0.0
2019-02-25,AMAT.US,sell,37.0617,1.02,target_rebalance,-0.7999,12,6.860296784199027,-2.07
2019-02-13,AMD.US,buy,23.0048,67.28,signal,0.0,0,0.0,0.0
2019-02-25,AMD.US,sell,24.985,67.28,target_rebalance,133.225,12,6.9729994482503,8.61
2019-02-13,LRCX.US,buy,16.4015,36.7,signal,0.0,0,0.0,0.0
2019-02-25,LRCX.US,sell,16.5771,36.7,target_rebalance,6.4422,12,6.8203044976065135,1.07
2019-02-13,MU.US,buy,39.8758,36.85,signal,0.0,0,0.0,0.0
2019-02-25,MU.US,sell,42.678,36.85,target_rebalance,103.2623,12,6.991921348993695,7.03
2019-02-13,NVDA.US,buy,3.7796,56.36,signal,0.0,0,0.0,0.0
2019-02-25,NVDA.US,sell,4.0213,56.36,target_rebalance,13.6186,12,6.914755962787481,6.39
2019-02-13,AMAT.US,buy,37.8459,24.26,signal,0.0,0,0.0,0.0
2019-02-26,AMAT.US,sell,36.6996,24.26,target_rebalance,-27.8097,13,7.8602967841990266,-3.03
2019-02-13,AMD.US,buy,23.0048,12.57,signal,0.0,0,0.0,0.0
2019-02-26,AMD.US,sell,24.6253,12.57,target_rebalance,20.3699,13,7.972999448250301,7.04
2019-02-13,ASML.US,buy,169.6449,1.19,signal,0.0,0,0.0,0.0
2019-02-26,ASML.US,sell,171.7843,1.19,target_rebalance,2.5459,13,7.896728175029721,1.26
2019-02-13,AVGO.US,buy,23.1391,25.92,signal,0.0,0,0.0,0.0
2019-02-26,AVGO.US,sell,22.9191,25.92,target_rebalance,-5.7008,13,7.791236876863679,-0.95
2019-02-13,TSM.US,buy,32.6793,12.55,signal,0.0,0,0.0,0.0
2019-02-26,TSM.US,sell,33.5024,12.55,target_rebalance,10.33,13,7.921898129923175,2.52
2019-02-13,AMAT.US,buy,37.8459,3.88,signal,0.0,0,0.0,0.0
2019-02-27,AMAT.US,sell,36.4861,3.88,target_rebalance,-5.2762,14,8.860296784199027,-3.59
2019-02-13,ASML.US,buy,169.6449,4.31,signal,0.0,0,0.0,0.0
2019-02-27,ASML.US,sell,171.6174,4.31,target_rebalance,8.5014,14,8.896728175029722,1.16
2019-02-13,MU.US,buy,39.8974,33.68,signal,0.0,0,0.0,0.0
2019-02-27,MU.US,sell,41.5188,33.68,target_rebalance,54.6074,14,8.87381558748801,4.06
2019-02-13,TSM.US,buy,32.6793,34.91,signal,0.0,0,0.0,0.0
2019-02-27,TSM.US,sell,33.5874,34.91,target_rebalance,31.7021,14,8.921898129923175,2.78
2019-02-13,ASML.US,buy,169.6449,7.55,signal,0.0,0,0.0,0.0
2019-02-28,ASML.US,sell,169.9395,7.55,target_rebalance,2.2243,15,9.896728175029722,0.17
2019-02-13,AVGO.US,buy,23.1345,35.11,signal,0.0,0,0.0,0.0
2019-02-28,AVGO.US,sell,22.2627,35.11,target_rebalance,-30.609,15,9.720306110811418,-3.77
2019-02-13,LRCX.US,buy,16.4015,76.76,signal,0.0,0,0.0,0.0
2019-02-28,LRCX.US,sell,16.0187,76.76,target_rebalance,-29.3834,15,9.820304497606516,-2.33
2019-02-13,NVDA.US,buy,3.7811,305.81,signal,0.0,0,0.0,0.0
2019-02-28,NVDA.US,sell,3.8382,305.81,target_rebalance,17.4585,15,9.815803673380199,1.51
2019-02-13,TSM.US,buy,32.6793,38.25,signal,0.0,0,0.0,0.0
2019-02-28,TSM.US,sell,33.2559,38.25,target_rebalance,22.0538,15,9.921898129923175,1.76
2019-02-13,AMD.US,buy,23.0233,72.73,signal,0.0,0,0.0,0.0
2019-03-01,AMD.US,sell,23.946,72.73,target_rebalance,67.1086,16,10.683869423801468,4.01
2019-02-13,AVGO.US,buy,23.1345,65.89,signal,0.0,0,0.0,0.0
2019-03-01,AVGO.US,sell,22.9026,65.89,target_rebalance,-15.2789,16,10.720306110811418,-1.0
2019-02-13,MU.US,buy,39.8742,52.03,signal,0.0,0,0.0,0.0
2019-03-01,MU.US,sell,40.5641,52.03,target_rebalance,35.8976,16,10.524652645833356,1.73
2019-02-13,AMAT.US,buy,37.8272,14.34,signal,0.0,0,0.0,0.0
2019-03-04,AMAT.US,sell,36.1797,14.34,target_rebalance,-23.6248,19,11.752134276878117,-4.36
2019-02-13,ASML.US,buy,169.6582,0.99,signal,0.0,0,0.0,0.0
2019-03-04,ASML.US,sell,171.8306,0.99,target_rebalance,2.1507,19,11.80861570708906,1.28
2019-02-13,MU.US,buy,39.8742,11.99,signal,0.0,0,0.0,0.0
2019-03-04,MU.US,sell,40.7979,11.99,target_rebalance,11.0757,19,11.524652645833356,2.32
2019-02-13,NVDA.US,buy,3.7817,227.59,signal,0.0,0,0.0,0.0
2019-03-04,NVDA.US,sell,3.9125,227.59,target_rebalance,29.7716,19,11.75231202602633,3.46
2019-02-13,AMAT.US,buy,37.8272,52.28,signal,0.0,0,0.0,0.0
2019-03-05,AMAT.US,sell,36.3747,52.28,target_rebalance,-75.937,20,12.752134276878119,-3.84
2019-02-13,ASML.US,buy,169.6582,4.52,signal,0.0,0,0.0,0.0
2019-03-05,ASML.US,sell,171.1724,4.52,target_rebalance,6.8442,20,12.80861570708906,0.89
2019-02-13,AVGO.US,buy,23.1306,53.73,signal,0.0,0,0.0,0.0
2019-03-05,AVGO.US,sell,22.7187,53.73,target_rebalance,-22.1277,20,12.607987336723163,-1.78
2019-02-13,LRCX.US,buy,16.3995,45.41,signal,0.0,0,0.0,0.0
2019-03-05,LRCX.US,sell,16.0915,45.41,target_rebalance,-13.9873,20,12.719113085385843,-1.88
2019-02-13,AMD.US,buy,23.0305,42.73,signal,0.0,0,0.0,0.0
2019-03-06,AMD.US,sell,23.4465,42.73,target_rebalance,17.779,21,13.483550861462449,1.81
2019-02-13,ASML.US,buy,169.6582,2.0,signal,0.0,0,0.0,0.0
2019-03-06,ASML.US,sell,170.8479,2.0,target_rebalance,2.3795,21,13.80861570708906,0.7
2019-02-13,AVGO.US,buy,23.1306,47.36,signal,0.0,0,0.0,0.0
2019-03-06,AVGO.US,sell,22.8144,47.36,target_rebalance,-14.9742,21,13.60798733672316,-1.37
2019-02-13,NVDA.US,buy,3.7817,101.05,signal,0.0,0,0.0,0.0
2019-03-06,NVDA.US,sell,3.8669,101.05,target_rebalance,8.6144,21,13.75231202602633,2.25
2019-02-13,TSM.US,buy,32.688,22.06,signal,0.0,0,0.0,0.0
2019-03-06,TSM.US,sell,33.2049,22.06,target_rebalance,11.4014,21,13.805903381886877,1.58
2019-02-13,AMAT.US,buy,37.8256,3329.32,signal,0.0,0,0.0,0.0
2019-03-07,AMAT.US,sell,35.2327,3329.32,signal,-8632.4538,22,14.738998925815297,-6.85
2019-02-13,AMD.US,buy,23.0305,5135.78,signal,0.0,0,0.0,0.0
2019-03-07,AMD.US,sell,22.3077,5135.78,signal,-3712.0434,22,14.483550861462449,-3.14
2019-02-13,ASML.US,buy,169.6582,704.82,signal,0.0,0,0.0,0.0
2019-03-07,ASML.US,sell,166.9823,704.82,signal,-1885.9986,22,14.808615707089057,-1.58
2019-02-13,AVGO.US,buy,23.1306,5278.08,signal,0.0,0,0.0,0.0
2019-03-07,AVGO.US,sell,22.28,5278.08,signal,-4489.2022,22,14.607987336723161,-3.68
2019-02-13,LRCX.US,buy,16.3919,7617.21,signal,0.0,0,0.0,0.0
2019-03-07,LRCX.US,sell,15.3231,7617.21,signal,-8140.9669,22,14.54170788861294,-6.52
2019-02-13,MU.US,buy,39.8342,3132.63,signal,0.0,0,0.0,0.0
2019-03-07,MU.US,sell,36.57,3132.63,signal,-10225.4233,22,13.961415592303188,-8.19
2019-02-13,NVDA.US,buy,3.7817,31140.12,signal,0.0,0,0.0,0.0
2019-03-07,NVDA.US,sell,3.7416,31140.12,signal,-1247.1498,22,14.752312026026331,-1.06
2019-02-13,TSM.US,buy,32.688,3626.46,signal,0.0,0,0.0,0.0
2019-03-07,TSM.US,sell,32.9583,3626.46,signal,980.2028,22,14.805903381886878,0.83
2019-03-12,AMD.US,buy,23.1231,74.61,signal,0.0,0,0.0,0.0
2019-03-13,AMD.US,sell,23.6363,74.61,target_rebalance,38.2928,1,1.0,2.22
2019-03-12,ASML.US,buy,169.0536,0.34,signal,0.0,0,0.0,0.0
2019-03-13,ASML.US,sell,170.3381,0.34,target_rebalance,0.4367,1,1.0,0.76
2019-03-12,NVDA.US,buy,4.026,51.49,signal,0.0,0,0.0,0.0
2019-03-13,NVDA.US,sell,4.0618,51.49,target_rebalance,1.8426,1,1.0,0.89
2019-03-12,AVGO.US,buy,22.2902,32.8,signal,0.0,0,0.0,0.0
2019-03-14,AVGO.US,sell,22.4375,32.8,target_rebalance,4.8328,2,1.9957117668964364,0.66
2019-03-12,NVDA.US,buy,4.026,918.27,signal,0.0,0,0.0,0.0
2019-03-14,NVDA.US,sell,4.1846,918.27,target_rebalance,145.6458,2,2.0,3.94
2019-03-12,ASML.US,buy,169.0536,4.37,signal,0.0,0,0.0,0.0
2019-03-15,ASML.US,sell,173.9442,4.37,target_rebalance,21.3716,3,3.0,2.89
2019-03-12,AVGO.US,buy,22.2902,177.06,signal,0.0,0,0.0,0.0
2019-03-15,AVGO.US,sell,23.6225,177.06,target_rebalance,235.9051,3,2.9957117668964366,5.98
2019-03-12,LRCX.US,buy,15.7486,293.05,signal,0.0,0,0.0,0.0
2019-03-15,LRCX.US,sell,16.4898,293.05,target_rebalance,217.1996,3,2.974868234138311,4.71
2019-03-12,AMAT.US,buy,36.0014,29.16,signal,0.0,0,0.0,0.0
2019-03-18,AMAT.US,sell,37.5166,29.16,target_rebalance,44.1831,6,3.990509250031431,4.21
2019-03-12,MU.US,buy,38.2166,26.83,signal,0.0,0,0.0,0.0
2019-03-18,MU.US,sell,38.5768,26.83,target_rebalance,9.6639,6,3.9078712013905754,0.94
2019-03-12,NVDA.US,buy,4.0291,136.13,signal,0.0,0,0.0,0.0
2019-03-18,NVDA.US,sell,4.2364,136.13,target_rebalance,28.2149,6,3.9257003861621467,5.14
2019-03-12,AMD.US,buy,23.1265,26.84,signal,0.0,0,0.0,0.0
2019-03-19,AMD.US,sell,23.5764,26.84,target_rebalance,12.0741,7,4.872859789138376,1.95
2019-03-12,AVGO.US,buy,22.2911,29.41,signal,0.0,0,0.0,0.0
2019-03-19,AVGO.US,sell,24.2575,29.41,target_rebalance,57.8326,7,4.993625406663564,8.82
2019-03-12,MU.US,buy,38.2166,8.42,signal,0.0,0,0.0,0.0
2019-03-19,MU.US,sell,38.8983,8.42,target_rebalance,5.7397,7,4.907871201390576,1.78
2019-03-12,NVDA.US,buy,4.0291,118.7,signal,0.0,0,0.0,0.0
2019-03-19,NVDA.US,sell,4.278,118.7,target_rebalance,29.5404,7,4.925700386162147,6.18
2019-03-12,AMD.US,buy,23.1265,467.21,signal,0.0,0,0.0,0.0
2019-03-20,AMD.US,sell,26.4635,467.21,target_rebalance,1559.063,8,5.872859789138375,14.43
2019-03-12,AVGO.US,buy,22.2911,5.14,signal,0.0,0,0.0,0.0
2019-03-20,AVGO.US,sell,24.7937,5.14,target_rebalance,12.8634,8,5.993625406663564,11.23
2019-03-12,NVDA.US,buy,4.0291,77.7,signal,0.0,0,0.0,0.0
2019-03-20,NVDA.US,sell,4.38,77.7,target_rebalance,27.264,8,5.925700386162148,8.71
2019-03-12,ASML.US,buy,169.2481,1.04,signal,0.0,0,0.0,0.0
2019-03-21,ASML.US,sell,176.0855,1.04,target_rebalance,7.111,9,6.852052925543255,4.04
2019-03-12,MU.US,buy,38.2227,103.84,signal,0.0,0,0.0,0.0
2019-03-21,MU.US,sell,40.6226,103.84,target_rebalance,249.1961,9,6.880370219650903,6.28
2019-03-12,TSM.US,buy,33.2857,59.51,signal,0.0,0,0.0,0.0
2019-03-21,TSM.US,sell,34.2165,59.51,target_rebalance,55.393,9,6.7884886957610115,2.8
2019-03-12,AMD.US,buy,23.1765,153.97,signal,0.0,0,0.0,0.0
2019-03-22,AMD.US,sell,27.5125,153.97,target_rebalance,667.6007,10,7.744594619870754,18.71
2019-03-12,LRCX.US,buy,15.7855,23.16,signal,0.0,0,0.0,0.0
2019-03-22,LRCX.US,sell,16.6798,23.16,target_rebalance,20.7118,10,7.650116567317863,5.67
2019-03-12,MU.US,buy,38.2227,30.82,signal,0.0,0,0.0,0.0
2019-03-22,MU.US,sell,42.3468,30.82,target_rebalance,127.1042,10,7.880370219650902,10.79
2019-03-12,NVDA.US,buy,4.0293,241.93,signal,0.0,0,0.0,0.0
2019-03-22,NVDA.US,sell,4.5276,241.93,target_rebalance,120.5582,10,7.92242241269829,12.37
2019-03-12,ASML.US,buy,169.4331,1.37,signal,0.0,0,0.0,0.0
2019-03-25,ASML.US,sell,172.7298,1.37,target_rebalance,4.5165,13,8.681175496306752,1.95
2019-03-12,AVGO.US,buy,22.3575,81.56,signal,0.0,0,0.0,0.0
2019-03-25,AVGO.US,sell,24.3111,81.56,target_rebalance,159.3403,13,8.768946285689777,8.74
2019-03-12,LRCX.US,buy,15.7855,94.18,signal,0.0,0,0.0,0.0
2019-03-25,LRCX.US,sell,16.3797,94.18,target_rebalance,55.9618,13,8.650116567317863,3.76
2019-03-12,TSM.US,buy,33.3078,28.35,signal,0.0,0,0.0,0.0
2019-03-25,TSM.US,sell,34.004,28.35,target_rebalance,19.7359,13,8.673711771873554,2.09
2019-03-12,AMD.US,buy,23.2199,33.33,signal,0.0,0,0.0,0.0
2019-03-26,AMD.US,sell,26.6633,33.33,target_rebalance,114.7679,14,9.623772007905135,14.83
2019-03-12,AVGO.US,buy,22.3575,7.17,signal,0.0,0,0.0,0.0
2019-03-26,AVGO.US,sell,24.4917,7.17,target_rebalance,15.3022,14,9.768946285689777,9.55
2019-03-12,NVDA.US,buy,4.0314,350.81,signal,0.0,0,0.0,0.0
2019-03-26,NVDA.US,sell,4.4446,350.81,target_rebalance,144.968,14,9.865634134039919,10.25
2019-03-12,AMAT.US,buy,36.053,0.15,signal,0.0,0,0.0,0.0
2019-03-27,AMAT.US,sell,36.8296,0.15,target_rebalance,0.1165,15,10.739607588051124,2.15
2019-03-12,ASML.US,buy,169.4497,6.53,signal,0.0,0,0.0,0.0
2019-03-27,ASML.US,sell,173.4714,6.53,target_rebalance,26.2617,15,10.635340924843105,2.37
2019-03-12,AVGO.US,buy,22.3575,85.14,signal,0.0,0,0.0,0.0
2019-03-27,AVGO.US,sell,24.7579,85.14,target_rebalance,204.3736,15,10.768946285689777,10.74
2019-03-12,LRCX.US,buy,15.7855,48.69,signal,0.0,0,0.0,0.0
2019-03-27,LRCX.US,sell,16.484,48.69,target_rebalance,34.0092,15,10.649797437464755,4.42
2019-03-12,TSM.US,buy,33.3089,22.04,signal,0.0,0,0.0,0.0
2019-03-27,TSM.US,sell,34.1655,22.04,target_rebalance,18.8794,15,10.661665832581166,2.57
2019-03-12,AVGO.US,buy,22.3575,54.9,signal,0.0,0,0.0,0.0
2019-03-28,AVGO.US,sell,24.7196,54.9,target_rebalance,129.6832,16,11.768946285689777,10.57
2019-03-12,NVDA.US,buy,4.0317,240.64,signal,0.0,0,0.0,0.0
2019-03-28,NVDA.US,sell,4.3966,240.64,target_rebalance,87.8056,16,11.85665476094163,9.05
2019-03-12,TSM.US,buy,33.3089,49.77,signal,0.0,0,0.0,0.0
2019-03-28,TSM.US,sell,34.208,49.77,target_rebalance,44.7485,16,11.661665832581166,2.7
2019-03-12,AMD.US,buy,23.3134,22.24,signal,0.0,0,0.0,0.0
2019-03-29,AMD.US,sell,25.5544,22.24,target_rebalance,49.8396,17,12.188428719556448,9.61
2019-03-12,ASML.US,buy,169.4545,0.09,signal,0.0,0,0.0,0.0
2019-03-29,ASML.US,sell,172.6834,0.09,target_rebalance,0.2906,17,12.583568429236552,1.91
2019-03-12,AVGO.US,buy,22.3575,6.8,signal,0.0,0,0.0,0.0
2019-03-29,AVGO.US,sell,25.0616,6.8,target_rebalance,18.388,17,12.768946285689776,12.09
2019-03-12,MU.US,buy,38.2965,22.12,signal,0.0,0,0.0,0.0
2019-03-29,MU.US,sell,39.21,22.12,target_rebalance,20.2078,17,12.349447129623691,2.39
2019-03-12,NVDA.US,buy,4.0317,28.04,signal,0.0,0,0.0,0.0
2019-03-29,NVDA.US,sell,4.4558,28.04,target_rebalance,11.8908,17,12.856654760941627,10.52
2019-03-12,TSM.US,buy,33.3089,6.96,signal,0.0,0,0.0,0.0
2019-03-29,TSM.US,sell,34.701,6.96,target_rebalance,9.6895,17,12.661665832581164,4.18
2019-03-12,AMAT.US,buy,36.0561,17.83,signal,0.0,0,0.0,0.0
2019-04-01,AMAT.US,sell,37.4145,17.83,target_rebalance,24.2192,20,13.576077462487085,3.77
2019-03-12,AMD.US,buy,23.3134,40.05,signal,0.0,0,0.0,0.0
2019-04-01,AMD.US,sell,26.3936,40.05,target_rebalance,123.36,20,13.188428719556448,13.21
2019-03-12,ASML.US,buy,169.4545,1.63,signal,0.0,0,0.0,0.0
2019-04-01,ASML.US,sell,177.2814,1.63,target_rebalance,12.7578,20,13.583568429236553,4.62
2019-03-12,MU.US,buy,38.2965,77.82,signal,0.0,0,0.0,0.0
2019-04-01,MU.US,sell,41.1778,77.82,target_rebalance,224.2284,20,13.349447129623691,7.52
2019-03-12,AMAT.US,buy,36.0561,33.19,signal,0.0,0,0.0,0.0
2019-04-02,AMAT.US,sell,38.0644,33.19,target_rebalance,66.6533,21,14.576077462487083,5.57
2019-03-12,ASML.US,buy,169.4545,4.88,signal,0.0,0,0.0,0.0
2019-04-02,ASML.US,sell,179.8214,4.88,target_rebalance,50.5903,21,14.583568429236553,6.12
2019-03-12,AVGO.US,buy,22.403,3.18,signal,0.0,0,0.0,0.0
2019-04-02,AVGO.US,sell,25.4726,3.18,target_rebalance,9.7614,21,14.55377948750081,13.7
2019-03-12,LRCX.US,buy,15.7917,55.64,signal,0.0,0,0.0,0.0
2019-04-02,LRCX.US,sell,16.9323,55.64,target_rebalance,63.4663,21,14.502439260288389,7.22
2019-03-12,AMD.US,buy,23.3198,161.03,signal,0.0,0,0.0,0.0
2019-04-03,AMD.US,sell,27.992,161.03,target_rebalance,752.3616,22,15.160396152738196,20.04
2019-03-12,MU.US,buy,38.3238,40.07,signal,0.0,0,0.0,0.0
2019-04-03,MU.US,sell,42.4248,40.07,target_rebalance,164.3259,22,15.208338764784559,10.7
2019-03-12,AMAT.US,buy,36.0599,8.1,signal,0.0,0,0.0,0.0
2019-04-04,AMAT.US,sell,39.0578,8.1,target_rebalance,24.2825,23,16.554291766332312,8.31
2019-03-12,AMD.US,buy,23.3198,114.19,signal,0.0,0,0.0,0.0
2019-04-04,AMD.US,sell,28.8511,114.19,target_rebalance,631.6216,23,16.160396152738194,23.72
2019-03-12,LRCX.US,buy,15.7968,22.76,signal,0.0,0,0.0,0.0
2019-04-04,LRCX.US,sell,17.3459,22.76,target_rebalance,35.2573,23,16.446253271118813,9.81
2019-03-12,NVDA.US,buy,4.0428,245.91,signal,0.0,0,0.0,0.0
2019-04-04,NVDA.US,sell,4.6554,245.91,target_rebalance,150.622,23,16.541438022241614,15.15
2019-03-12,AMAT.US,buy,36.0599,22.11,signal,0.0,0,0.0,0.0
2019-04-05,AMAT.US,sell,39.9212,22.11,target_rebalance,85.3725,24,17.554291766332312,10.71
2019-03-12,AMD.US,buy,23.3198,48.43,signal,0.0,0,0.0,0.0
2019-04-05,AMD.US,sell,29.6104,48.43,target_rebalance,304.6519,24,17.1603961527382,26.98
2019-03-12,LRCX.US,buy,15.7968,27.63,signal,0.0,0,0.0,0.0
2019-04-05,LRCX.US,sell,17.6771,27.63,target_rebalance,51.9524,24,17.446253271118813,11.9
2019-03-12,MU.US,buy,38.4164,14.85,signal,0.0,0,0.0,0.0
2019-04-05,MU.US,sell,42.1812,14.85,target_rebalance,55.9079,24,16.712194900454836,9.8
2019-03-12,AMAT.US,buy,36.0599,16.81,signal,0.0,0,0.0,0.0
2019-04-08,AMAT.US,sell,39.8562,16.81,target_rebalance,63.815,27,18.554291766332312,10.53
2019-03-12,ASML.US,buy,169.5282,8.37,signal,0.0,0,0.0,0.0
2019-04-08,ASML.US,sell,187.256,8.37,target_rebalance,148.3813,27,18.505206528476165,10.46
2019-03-12,AVGO.US,buy,22.5363,26.95,signal,0.0,0,0.0,0.0
2019-04-08,AVGO.US,sell,25.3045,26.95,target_rebalance,74.6047,27,17.82311791208119,12.28
2019-03-12,LRCX.US,buy,15.7968,65.19,signal,0.0,0,0.0,0.0
2019-04-08,LRCX.US,sell,17.7127,65.19,target_rebalance,124.9024,27,18.446253271118813,12.13
2019-03-12,NVDA.US,buy,4.0446,90.54,signal,0.0,0,0.0,0.0
2019-04-08,NVDA.US,sell,4.6979,90.54,target_rebalance,59.1509,27,18.494741702408533,16.15
2019-03-12,TSM.US,buy,33.3697,8.56,signal,0.0,0,0.0,0.0
2019-04-08,TSM.US,sell,35.9082,8.56,target_rebalance,21.7292,27,18.187673388535078,7.61
2019-03-12,ASML.US,buy,169.5282,2.63,signal,0.0,0,0.0,0.0
2019-04-09,ASML.US,sell,187.3487,2.63,target_rebalance,46.8679,28,19.50520652847617,10.51
2019-03-12,MU.US,buy,38.4642,31.08,signal,0.0,0,0.0,0.0
2019-04-09,MU.US,sell,41.4409,31.08,target_rebalance,92.5141,28,18.404659495250534,7.74
2019-03-12,NVDA.US,buy,4.0446,196.81,signal,0.0,0,0.0,0.0
2019-04-09,NVDA.US,sell,4.7158,196.81,target_rebalance,132.0876,28,19.494741702408533,16.59
2019-03-12,TSM.US,buy,33.3697,11.89,signal,0.0,0,0.0,0.0
2019-04-09,TSM.US,sell,35.9082,11.89,target_rebalance,30.1823,28,19.187673388535078,7.61
2019-03-12,ASML.US,buy,169.5282,0.46,signal,0.0,0,0.0,0.0
2019-04-10,ASML.US,sell,185.4854,0.46,target_rebalance,7.3403,29,20.50520652847617,9.41
2019-03-12,AVGO.US,buy,22.5363,62.86,signal,0.0,0,0.0,0.0
2019-04-10,AVGO.US,sell,25.2596,62.86,target_rebalance,171.1888,29,19.82311791208119,12.08
2019-03-12,NVDA.US,buy,4.0446,119.29,signal,0.0,0,0.0,0.0
2019-04-10,NVDA.US,sell,4.6858,119.29,target_rebalance,76.4863,29,20.49474170240853,15.85
2019-03-12,TSM.US,buy,33.3697,40.57,signal,0.0,0,0.0,0.0
2019-04-10,TSM.US,sell,35.9252,40.57,target_rebalance,103.6745,29,20.187673388535075,7.66
2019-03-12,AMAT.US,buy,36.0858,9.76,signal,0.0,0,0.0,0.0
2019-04-11,AMAT.US,sell,39.392,9.76,target_rebalance,32.2679,30,21.3910495706093,9.16
2019-03-12,AMD.US,buy,23.5759,15.42,signal,0.0,0,0.0,0.0
2019-04-11,AMD.US,sell,27.7822,15.42,target_rebalance,64.8606,30,20.16233539893885,17.84
2019-03-12,AVGO.US,buy,22.5363,38.37,signal,0.0,0,0.0,0.0
2019-04-11,AVGO.US,sell,25.6382,38.37,target_rebalance,119.0199,30,20.823117912081194,13.76
2019-03-12,MU.US,buy,38.4809,8.8,signal,0.0,0,0.0,0.0
2019-04-11,MU.US,sell,41.1096,8.8,target_rebalance,23.1325,30,20.259139555779914,6.83
2019-03-12,NVDA.US,buy,4.0446,226.05,signal,0.0,0,0.0,0.0
2019-04-11,NVDA.US,sell,4.7594,226.05,target_rebalance,161.563,30,21.49474170240853,17.67
2019-03-12,AMAT.US,buy,36.0858,2.37,signal,0.0,0,0.0,0.0
2019-04-12,AMAT.US,sell,39.9212,2.37,target_rebalance,9.0897,31,22.3910495706093,10.63
2019-03-12,AMD.US,buy,23.5759,7.78,signal,0.0,0,0.0,0.0
2019-04-12,AMD.US,sell,28.1818,7.78,target_rebalance,35.8336,31,21.16233539893885,19.54
2019-03-12,ASML.US,buy,169.7709,4.24,signal,0.0,0,0.0,0.0
2019-04-12,ASML.US,sell,187.0984,4.24,target_rebalance,73.4688,31,22.135849187904498,10.21
2019-03-12,LRCX.US,buy,15.8039,3.65,signal,0.0,0,0.0,0.0
2019-04-12,LRCX.US,sell,17.7594,3.65,target_rebalance,7.1376,31,22.36865364502189,12.37
2019-03-12,MU.US,buy,38.4809,8.46,signal,0.0,0,0.0,0.0
2019-04-12,MU.US,sell,41.7428,8.46,target_rebalance,27.5957,31,21.25913955577991,8.48
2019-03-12,ASML.US,buy,169.7709,1.54,signal,0.0,0,0.0,0.0
2019-04-15,ASML.US,sell,186.5886,1.54,target_rebalance,25.8992,34,23.135849187904494,9.91
2019-03-12,AVGO.US,buy,22.5373,106.3,signal,0.0,0,0.0,0.0
2019-04-15,AVGO.US,sell,26.377,106.3,target_rebalance,408.1597,34,22.816595276721653,17.04
2019-03-12,LRCX.US,buy,15.8039,8.51,signal,0.0,0,0.0,0.0
2019-04-15,LRCX.US,sell,17.6926,8.51,target_rebalance,16.0729,34,23.36865364502189,11.95
2019-03-12,TSM.US,buy,33.4032,20.11,signal,0.0,0,0.0,0.0
2019-04-15,TSM.US,sell,36.1972,20.11,target_rebalance,56.1885,34,22.90875717725104,8.36
2019-03-12,AMAT.US,buy,36.0858,19.51,signal,0.0,0,0.0,0.0
2019-04-16,AMAT.US,sell,40.014,19.51,target_rebalance,76.6385,35,24.391049570609304,10.89
2019-03-12,AVGO.US,buy,22.5373,39.81,signal,0.0,0,0.0,0.0
2019-04-16,AVGO.US,sell,26.6241,39.81,target_rebalance,162.6955,35,23.816595276721653,18.13
2019-03-12,LRCX.US,buy,15.8039,32.99,signal,0.0,0,0.0,0.0
2019-04-16,LRCX.US,sell,17.7951,32.99,target_rebalance,65.689,35,24.36865364502189,12.6
2019-03-12,TSM.US,buy,33.4032,16.42,signal,0.0,0,0.0,0.0
2019-04-16,TSM.US,sell,36.4098,16.42,target_rebalance,49.3682,35,23.908757177251047,9.0
2019-03-12,AMAT.US,buy,36.0858,27.31,signal,0.0,0,0.0,0.0
2019-04-17,AMAT.US,sell,41.1745,27.31,target_rebalance,138.9716,36,25.391049570609304,14.1
2019-03-12,ASML.US,buy,169.7709,9.16,signal,0.0,0,0.0,0.0
2019-04-17,ASML.US,sell,193.1703,9.16,target_rebalance,214.3392,36,25.135849187904498,13.78
2019-03-12,MU.US,buy,38.5052,13.39,signal,0.0,0,0.0,0.0
2019-04-17,MU.US,sell,42.2397,13.39,target_rebalance,50.0044,36,24.057693421151125,9.7
2019-03-12,TSM.US,buy,33.4032,15.87,signal,0.0,0,0.0,0.0
2019-04-17,TSM.US,sell,37.3194,15.87,target_rebalance,62.15,36,24.908757177251044,11.72
2019-03-12,AVGO.US,buy,22.6097,35.07,signal,0.0,0,0.0,0.0
2019-04-18,AVGO.US,sell,26.7106,35.07,target_rebalance,143.8203,37,25.384837300117443,18.14
2019-03-12,LRCX.US,buy,15.8126,10.16,signal,0.0,0,0.0,0.0
2019-04-18,LRCX.US,sell,17.9991,10.16,target_rebalance,22.215,37,26.27232236018443,13.83
2019-03-12,MU.US,buy,38.5052,8.82,signal,0.0,0,0.0,0.0
2019-04-18,MU.US,sell,42.0838,8.82,target_rebalance,31.5632,37,25.057693421151125,9.29
2019-03-12,TSM.US,buy,33.4032,36.37,signal,0.0,0,0.0,0.0
2019-04-18,TSM.US,sell,37.4554,36.37,target_rebalance,147.3787,37,25.90875717725104,12.13
2019-03-12,AMD.US,buy,23.6999,5.88,signal,0.0,0,0.0,0.0
2019-04-22,AMD.US,sell,27.5924,5.88,target_rebalance,22.8877,41,25.44871280566631,16.42
2019-03-12,LRCX.US,buy,15.8126,1.85,signal,0.0,0,0.0,0.0
2019-04-22,LRCX.US,sell,17.9588,1.85,target_rebalance,3.9706,41,27.27232236018443,13.57
2019-03-12,MU.US,buy,38.5052,3.5,signal,0.0,0,0.0,0.0
2019-04-22,MU.US,sell,42.0254,3.5,target_rebalance,12.3205,41,26.057693421151125,9.14
2019-03-12,TSM.US,buy,33.4032,67.17,signal,0.0,0,0.0,0.0
2019-04-22,TSM.US,sell,38.0759,67.17,target_rebalance,313.8706,41,26.90875717725104,13.99
2019-03-12,AMD.US,buy,23.6999,72.25,signal,0.0,0,0.0,0.0
2019-04-23,AMD.US,sell,28.1518,72.25,target_rebalance,321.6499,42,26.448712805666315,18.78
2019-03-12,MU.US,buy,38.5052,0.78,signal,0.0,0,0.0,0.0
2019-04-23,MU.US,sell,42.2494,0.78,target_rebalance,2.9205,42,27.057693421151125,9.72
2019-03-12,NVDA.US,buy,4.0775,359.6,signal,0.0,0,0.0,0.0
2019-04-23,NVDA.US,sell,4.6801,359.6,target_rebalance,216.6963,42,27.174732438446064,14.78
2019-03-12,TSM.US,buy,33.4032,10.29,signal,0.0,0,0.0,0.0
2019-04-23,TSM.US,sell,38.382,10.29,target_rebalance,51.232,42,27.908757177251047,14.91
2019-03-12,AMAT.US,buy,36.1165,2.73,signal,0.0,0,0.0,0.0
2019-04-24,AMAT.US,sell,40.766,2.73,target_rebalance,12.6931,43,29.204274325574637,12.87
2019-03-12,ASML.US,buy,170.0697,3.82,signal,0.0,0,0.0,0.0
2019-04-24,ASML.US,sell,190.5562,3.82,target_rebalance,78.2585,43,28.731601291673144,12.05
2019-03-12,NVDA.US,buy,4.0775,323.62,signal,0.0,0,0.0,0.0
2019-04-24,NVDA.US,sell,4.7319,323.62,target_rebalance,211.7631,43,28.174732438446068,16.05
2019-03-12,AMAT.US,buy,36.1165,52.68,signal,0.0,0,0.0,0.0
2019-04-25,AMAT.US,sell,41.9265,52.68,target_rebalance,306.0695,44,30.204274325574637,16.09
2019-03-12,AMD.US,buy,23.7022,29.11,signal,0.0,0,0.0,0.0
2019-04-25,AMD.US,sell,28.6413,29.11,target_rebalance,143.7768,44,28.43430972563558,20.84
2019-03-12,LRCX.US,buy,15.8324,197.24,signal,0.0,0,0.0,0.0
2019-04-25,LRCX.US,sell,18.5728,197.24,target_rebalance,540.4996,44,30.00033770510569,17.31
2019-03-12,MU.US,buy,38.5394,14.56,signal,0.0,0,0.0,0.0
2019-04-25,MU.US,sell,42.4929,14.56,target_rebalance,57.5634,44,28.76614303596971,10.26
2019-03-12,ASML.US,buy,170.1503,17.87,signal,0.0,0,0.0,0.0
2019-04-26,ASML.US,sell,192.1397,17.87,target_rebalance,392.9506,45,30.622941745269365,12.92
2019-03-12,AVGO.US,buy,22.7442,58.94,signal,0.0,0,0.0,0.0
2019-04-26,AVGO.US,sell,25.7214,58.94,target_rebalance,175.476,45,29.336262624545203,13.09
2019-03-12,LRCX.US,buy,15.8324,185.13,signal,0.0,0,0.0,0.0
2019-04-26,LRCX.US,sell,18.5728,185.13,target_rebalance,507.3151,45,31.00033770510569,17.31
2019-03-12,AMAT.US,buy,36.1501,37.71,signal,0.0,0,0.0,0.0
2019-04-29,AMAT.US,sell,41.3787,37.71,target_rebalance,197.1733,48,31.968660624153745,14.46
2019-03-12,LRCX.US,buy,15.8324,69.64,signal,0.0,0,0.0,0.0
2019-04-29,LRCX.US,sell,18.914,69.64,target_rebalance,214.6012,48,32.00033770510569,19.46
2019-03-12,MU.US,buy,38.583,16.0,signal,0.0,0,0.0,0.0
2019-04-29,MU.US,sell,41.0415,16.0,target_rebalance,39.3353,48,30.104144407199048,6.37
2019-03-12,ASML.US,buy,170.1817,3.76,signal,0.0,0,0.0,0.0
2019-04-30,ASML.US,sell,193.7998,3.76,target_rebalance,88.8037,49,32.58042673121335,13.88
2019-03-12,AVGO.US,buy,22.7442,45.72,signal,0.0,0,0.0,0.0
2019-04-30,AVGO.US,sell,26.0683,45.72,target_rebalance,151.9797,49,31.336262624545196,14.62
2019-03-12,LRCX.US,buy,15.8324,10.57,signal,0.0,0,0.0,0.0
2019-04-30,LRCX.US,sell,18.8683,10.57,target_rebalance,32.0887,49,33.000337705105686,19.17
2019-03-12,AMD.US,buy,23.7624,128.03,signal,0.0,0,0.0,0.0
2019-05-01,AMD.US,sell,28.9211,128.03,target_rebalance,660.468,50,31.97272051889311,21.71
2019-03-12,AVGO.US,buy,22.7442,17.45,signal,0.0,0,0.0,0.0
2019-05-01,AVGO.US,sell,26.6657,17.45,target_rebalance,68.4305,50,32.3362626245452,17.24
2019-03-12,NVDA.US,buy,4.1043,261.28,signal,0.0,0,0.0,0.0
2019-05-01,NVDA.US,sell,4.5343,261.28,target_rebalance,112.3409,50,31.371649156008413,10.48
2019-03-12,ASML.US,buy,170.2222,1.09,signal,0.0,0,0.0,0.0
2019-05-02,ASML.US,sell,193.706,1.09,target_rebalance,25.5973,51,34.530227402418205,13.8
2019-03-12,AVGO.US,buy,22.7442,91.87,signal,0.0,0,0.0,0.0
2019-05-02,AVGO.US,sell,26.6224,91.87,target_rebalance,356.2957,51,33.3362626245452,17.05
2019-03-12,MU.US,buy,38.6003,24.93,signal,0.0,0,0.0,0.0
2019-05-02,MU.US,sell,40.9148,24.93,target_rebalance,57.7006,51,32.90538414710561,6.0
2019-03-12,NVDA.US,buy,4.1043,222.43,signal,0.0,0,0.0,0.0
2019-05-02,NVDA.US,sell,4.4786,222.43,target_rebalance,83.2442,51,32.37164915600842,9.12
2019-03-12,TSM.US,buy,33.5227,32.72,signal,0.0,0,0.0,0.0
2019-05-02,TSM.US,sell,37.2853,32.72,target_rebalance,123.1134,51,34.04960679515431,11.22
2019-03-12,AMAT.US,buy,36.2707,8.18,signal,0.0,0,0.0,0.0
2019-05-03,AMAT.US,sell,40.8774,8.18,target_rebalance,37.6826,52,35.12395774560461,12.7
2019-03-12,AMD.US,buy,23.9191,156.27,signal,0.0,0,0.0,0.0
2019-05-03,AMD.US,sell,28.2717,156.27,target_rebalance,680.1817,52,32.35998388105539,18.2
2019-03-12,TSM.US,buy,33.5227,31.98,signal,0.0,0,0.0,0.0
2019-05-03,TSM.US,sell,38.195,31.98,target_rebalance,149.4182,52,35.049606795154304,13.94
2019-03-12,ASML.US,buy,170.5097,7.69,signal,0.0,0,0.0,0.0
2019-05-06,ASML.US,sell,189.6732,7.69,target_rebalance,147.3666,55,36.106148879926934,11.24
2019-03-12,AVGO.US,buy,22.8444,35.95,signal,0.0,0,0.0,0.0
2019-05-06,AVGO.US,sell,25.525,35.95,target_rebalance,96.3673,55,34.35617095012646,11.73
2019-03-12,LRCX.US,buy,15.8599,1.32,signal,0.0,0,0.0,0.0
2019-05-06,LRCX.US,sell,18.3285,1.32,target_rebalance,3.2586,55,36.712513801016705,15.57
2019-03-12,MU.US,buy,38.6047,23.61,signal,0.0,0,0.0,0.0
2019-05-06,MU.US,sell,40.3303,23.61,target_rebalance,40.7429,55,34.85403455970269,4.47
2019-03-12,AMD.US,buy,23.9756,41.36,signal,0.0,0,0.0,0.0
2019-05-07,AMD.US,sell,27.1728,41.36,target_rebalance,132.2352,56,33.693023330859575,13.34
2019-03-12,NVDA.US,buy,4.1063,128.21,signal,0.0,0,0.0,0.0
2019-05-07,NVDA.US,sell,4.4053,128.21,target_rebalance,38.331,56,35.09963278699483,7.28
2019-03-12,TSM.US,buy,33.5227,11.21,signal,0.0,0,0.0,0.0
2019-05-07,TSM.US,sell,37.2598,11.21,target_rebalance,41.8933,56,37.049606795154304,11.15
2019-03-12,AMAT.US,buy,36.3043,13.66,signal,0.0,0,0.0,0.0
2019-05-08,AMAT.US,sell,38.7142,13.66,target_rebalance,32.9201,57,37.71526917578457,6.64
2019-03-12,ASML.US,buy,170.5412,7.52,signal,0.0,0,0.0,0.0
2019-05-08,ASML.US,sell,189.1573,7.52,target_rebalance,139.9936,57,38.048574918845276,10.92
2019-03-12,AVGO.US,buy,22.8444,37.03,signal,0.0,0,0.0,0.0
2019-05-08,AVGO.US,sell,25.4011,37.03,target_rebalance,94.6718,57,36.35617095012646,11.19
2019-03-12,LRCX.US,buy,15.8663,38.9,signal,0.0,0,0.0,0.0
2019-05-08,LRCX.US,sell,18.161,38.9,target_rebalance,89.267,57,38.61811742473548,14.46
2019-03-12,TSM.US,buy,33.5227,43.27,signal,0.0,0,0.0,0.0
2019-05-08,TSM.US,sell,36.9963,43.27,target_rebalance,150.3028,57,38.049606795154304,10.36
2019-03-12,AMD.US,buy,23.9953,100.63,signal,0.0,0,0.0,0.0
2019-05-09,AMD.US,sell,26.6733,100.63,target_rebalance,269.4827,58,35.41500998336036,11.16
2019-03-12,NVDA.US,buy,4.1083,147.78,signal,0.0,0,0.0,0.0
2019-05-09,NVDA.US,sell,4.2379,147.78,target_rebalance,19.1528,58,36.658413792529515,3.15
2019-03-12,AMD.US,buy,23.9953,51.34,signal,0.0,0,0.0,0.0
2019-05-10,AMD.US,sell,27.003,51.34,target_rebalance,154.4115,59,36.41500998336036,12.53
2019-03-12,AVGO.US,buy,22.8522,36.7,signal,0.0,0,0.0,0.0
2019-05-10,AVGO.US,sell,25.2288,36.7,target_rebalance,87.2218,59,38.221922497023364,10.4
2019-03-12,LRCX.US,buy,15.8663,23.41,signal,0.0,0,0.0,0.0
2019-05-10,LRCX.US,sell,18.032,23.41,target_rebalance,50.7009,59,40.61811742473548,13.65
2019-03-12,AMD.US,buy,23.9953,128.13,signal,0.0,0,0.0,0.0
2019-05-13,AMD.US,sell,26.953,128.13,target_rebalance,378.9668,62,37.41500998336036,12.33
2019-03-12,ASML.US,buy,170.6273,2.23,signal,0.0,0,0.0,0.0
2019-05-13,ASML.US,sell,181.3824,2.23,target_rebalance,23.984,62,40.83222393910412,6.3
2019-03-12,AMAT.US,buy,36.3206,14.77,signal,0.0,0,0.0,0.0
2019-05-14,AMAT.US,sell,36.6996,14.77,target_rebalance,5.5977,63,40.98447388047917,1.04
2019-03-12,ASML.US,buy,170.6273,6.45,signal,0.0,0,0.0,0.0
2019-05-14,ASML.US,sell,183.2019,6.45,target_rebalance,81.1065,63,41.83222393910412,7.37
2019-03-12,AVGO.US,buy,22.8525,19.45,signal,0.0,0,0.0,0.0
2019-05-14,AVGO.US,sell,24.6015,19.45,target_rebalance,34.0172,63,40.21401933469117,7.65
2019-03-12,MU.US,buy,38.577,50.68,signal,0.0,0,0.0,0.0
2019-05-14,MU.US,sell,37.0376,50.68,target_rebalance,-78.0144,63,39.04273197904477,-3.99
2019-03-12,TSM.US,buy,33.5415,9.87,signal,0.0,0,0.0,0.0
2019-05-14,TSM.US,sell,35.3556,9.87,target_rebalance,17.9049,63,41.68810497622997,5.41
2019-03-12,AMAT.US,buy,36.3206,54.18,signal,0.0,0,0.0,0.0
2019-05-15,AMAT.US,sell,37.5166,54.18,target_rebalance,64.7986,64,41.98447388047917,3.29
2019-03-12,AMD.US,buy,24.0343,22.72,signal,0.0,0,0.0,0.0
2019-05-15,AMD.US,sell,26.8431,22.72,target_rebalance,63.8173,64,38.831145251413076,11.69
2019-03-12,AVGO.US,buy,22.8525,47.73,signal,0.0,0,0.0,0.0
2019-05-15,AVGO.US,sell,24.9826,47.73,target_rebalance,101.6655,64,41.21401933469117,9.32
2019-03-12,AMAT.US,buy,36.3206,45.7,signal,0.0,0,0.0,0.0
2019-05-16,AMAT.US,sell,38.3429,45.7,target_rebalance,92.4179,65,42.98447388047918,5.57
2019-03-12,AMD.US,buy,24.0343,48.5,signal,0.0,0,0.0,0.0
2019-05-16,AMD.US,sell,27.3426,48.5,target_rebalance,160.4554,65,39.831145251413076,13.77
2019-03-12,ASML.US,buy,170.6893,11.7,signal,0.0,0,0.0,0.0
2019-05-16,ASML.US,sell,188.0788,11.7,target_rebalance,203.4569,65,43.623875795558575,10.19
2019-03-12,AMAT.US,buy,36.3206,160.31,signal,0.0,0,0.0,0.0
2019-05-17,AMAT.US,sell,40.2461,160.31,target_rebalance,629.2944,66,43.98447388047917,10.81
2019-03-12,AMD.US,buy,24.0343,60.69,signal,0.0,0,0.0,0.0
2019-05-17,AMD.US,sell,27.6623,60.69,target_rebalance,220.1856,66,40.831145251413076,15.1
2019-03-12,ASML.US,buy,170.6893,5.48,signal,0.0,0,0.0,0.0
2019-05-17,ASML.US,sell,189.3168,5.48,target_rebalance,102.0785,66,44.62387579555858,10.91
2019-03-12,LRCX.US,buy,15.8811,36.43,signal,0.0,0,0.0,0.0
2019-05-17,LRCX.US,sell,17.6661,36.43,target_rebalance,65.0277,66,45.22996982889464,11.24
2019-03-12,AMAT.US,buy,36.3206,0.91,signal,0.0,0,0.0,0.0
2019-05-20,AMAT.US,sell,38.8071,0.91,target_rebalance,2.2627,69,44.98447388047917,6.85
2019-03-12,AMD.US,buy,24.0343,48.43,signal,0.0,0,0.0,0.0
2019-05-20,AMD.US,sell,26.953,48.43,target_rebalance,141.3549,69,41.831145251413076,12.14
2019-03-12,LRCX.US,buy,15.8811,94.5,signal,0.0,0,0.0,0.0
2019-05-20,LRCX.US,sell,17.2589,94.5,target_rebalance,130.208,69,46.229969828894646,8.68
2019-03-12,TSM.US,buy,33.5857,22.09,signal,0.0,0,0.0,0.0
2019-05-20,TSM.US,sell,33.3664,22.09,target_rebalance,-4.8435,69,43.975541826025086,-0.65
2019-03-12,AMD.US,buy,24.0343,30.02,signal,0.0,0,0.0,0.0
2019-05-21,AMD.US,sell,27.1528,30.02,target_rebalance,93.6188,70,42.83114525141307,12.98
2019-03-12,ASML.US,buy,170.7087,0.37,signal,0.0,0,0.0,0.0
2019-05-21,ASML.US,sell,182.4141,0.37,target_rebalance,4.331,70,46.54696734913089,6.86
2019-03-12,MU.US,buy,38.3967,45.18,signal,0.0,0,0.0,0.0
2019-05-21,MU.US,sell,34.3782,45.18,target_rebalance,-181.5556,70,41.47165692563568,-10.47
2019-03-12,NVDA.US,buy,4.1023,257.32,signal,0.0,0,0.0,0.0
2019-05-21,NVDA.US,sell,3.8184,257.32,target_rebalance,-73.0674,70,42.288749349614626,-6.92
2019-03-12,AMD.US,buy,24.0343,23.0,signal,0.0,0,0.0,0.0
2019-05-22,AMD.US,sell,27.0929,23.0,target_rebalance,70.348,71,43.83114525141306,12.73
2019-03-12,MU.US,buy,38.3967,16.96,signal,0.0,0,0.0,0.0
2019-05-22,MU.US,sell,34.2905,16.96,target_rebalance,-69.6407,71,42.47165692563568,-10.69
2019-03-12,NVDA.US,buy,4.1023,89.66,signal,0.0,0,0.0,0.0
2019-05-22,NVDA.US,sell,3.801,89.66,target_rebalance,-27.0136,71,43.288749349614626,-7.34
2019-03-12,TSM.US,buy,33.5854,24.1,signal,0.0,0,0.0,0.0
2019-05-22,TSM.US,sell,33.3239,24.1,target_rebalance,-6.3013,71,45.92019378980496,-0.78
2019-03-12,AMD.US,buy,24.0343,69.9,signal,0.0,0,0.0,0.0
2019-05-23,AMD.US,sell,26.963,69.9,target_rebalance,204.7187,72,44.831145251413076,12.19
2019-03-12,ASML.US,buy,170.7663,5.75,signal,0.0,0,0.0,0.0
2019-05-23,ASML.US,sell,177.7905,5.75,target_rebalance,40.3887,72,48.25024797371615,4.11
2019-03-12,LRCX.US,buy,15.8927,76.67,signal,0.0,0,0.0,0.0
2019-05-23,LRCX.US,sell,16.8161,76.67,target_rebalance,70.8012,72,48.78345512096952,5.81
2019-03-12,AMAT.US,buy,36.3509,30.22,signal,0.0,0,0.0,0.0
2019-05-24,AMAT.US,sell,37.5778,30.22,target_rebalance,37.0778,73,48.14005186588481,3.38
2019-03-12,ASML.US,buy,170.7663,5.69,signal,0.0,0,0.0,0.0
2019-05-24,ASML.US,sell,180.0413,5.69,target_rebalance,52.7745,73,49.25024797371615,5.43
2019-03-12,LRCX.US,buy,15.8927,84.41,signal,0.0,0,0.0,0.0
2019-05-24,LRCX.US,sell,17.0888,84.41,target_rebalance,100.9627,73,49.783455120969535,7.53
2019-03-12,MU.US,buy,38.3162,7.03,signal,0.0,0,0.0,0.0
2019-05-24,MU.US,sell,33.2774,7.03,target_rebalance,-35.4233,73,43.813909349945575,-13.15
2019-03-12,TSM.US,buy,33.5744,20.18,signal,0.0,0,0.0,0.0
2019-05-24,TSM.US,sell,32.6608,20.18,target_rebalance,-18.4359,73,47.50274906879771,-2.72
2019-03-12,AMAT.US,buy,36.3509,3146.68,signal,0.0,0,0.0,0.0
2019-05-28,AMAT.US,sell,37.1486,3146.68,signal,2510.0552,77,49.14005186588481,2.19
2019-03-12,AMD.US,buy,24.0759,4439.21,signal,0.0,0,0.0,0.0
2019-05-28,AMD.US,sell,27.2427,4439.21,signal,14058.0707,77,46.0974067049109,13.15
2019-03-12,ASML.US,buy,170.7663,656.77,signal,0.0,0,0.0,0.0
2019-05-28,ASML.US,sell,180.651,656.77,signal,6491.9272,77,50.25024797371615,5.79
2019-03-12,AVGO.US,buy,22.8889,5399.21,signal,0.0,0,0.0,0.0
2019-05-28,AVGO.US,sell,21.3467,5399.21,signal,-8326.7984,77,45.853071659493814,-6.74
2019-03-12,LRCX.US,buy,15.8927,6919.48,signal,0.0,0,0.0,0.0
2019-05-28,LRCX.US,sell,16.7923,6919.48,signal,6225.2042,77,50.78345512096952,5.66
2019-03-12,MU.US,buy,38.3162,3553.33,signal,0.0,0,0.0,0.0
2019-05-28,MU.US,sell,33.2676,3553.33,signal,-17939.3465,77,44.813909349945575,-13.18
2019-03-12,NVDA.US,buy,4.0951,32182.83,signal,0.0,0,0.0,0.0
2019-05-28,NVDA.US,sell,3.6119,32182.83,signal,-15552.6565,77,45.517665079912135,-11.8
2019-03-12,TSM.US,buy,33.5744,3620.41,signal,0.0,0,0.0,0.0
2019-05-28,TSM.US,sell,32.4143,3620.41,signal,-4200.0518,77,48.50274906879771,-3.46
2019-06-05,AMAT.US,buy,38.1486,26.39,signal,0.0,0,0.0,0.0
2019-06-06,AMAT.US,sell,37.8298,26.39,target_rebalance,-8.4143,1,1.0,-0.84
2019-06-05,AMD.US,buy,29.9599,50.6,signal,0.0,0,0.0,0.0
2019-06-06,AMD.US,sell,29.8401,50.6,target_rebalance,-6.0619,1,1.0,-0.4
2019-06-05,ASML.US,buy,180.2702,5.8,signal,0.0,0,0.0,0.0
2019-06-06,ASML.US,sell,178.8221,5.8,target_rebalance,-8.3993,1,1.0,-0.8
2019-06-05,AVGO.US,buy,22.4265,39.52,signal,0.0,0,0.0,0.0
2019-06-06,AVGO.US,sell,22.2162,39.52,target_rebalance,-8.314,1,1.0,-0.94
2019-06-05,LRCX.US,buy,16.6078,150.74,signal,0.0,0,0.0,0.0
2019-06-06,LRCX.US,sell,16.6835,150.74,target_rebalance,11.4101,1,1.0,0.46
2019-06-05,AMAT.US,buy,38.1486,0.45,signal,0.0,0,0.0,0.0
2019-06-07,AMAT.US,sell,38.8189,0.45,target_rebalance,0.3016,2,2.0,1.76
2019-06-05,AMD.US,buy,29.9599,156.71,signal,0.0,0,0.0,0.0
2019-06-07,AMD.US,sell,31.9081,156.71,target_rebalance,305.2915,2,2.0,6.5
2019-06-05,ASML.US,buy,180.2702,0.01,signal,0.0,0,0.0,0.0
2019-06-07,ASML.US,sell,183.4739,0.01,target_rebalance,0.032,2,2.0,1.78
2019-06-05,AVGO.US,buy,22.4265,15.48,signal,0.0,0,0.0,0.0
2019-06-07,AVGO.US,sell,22.8618,15.48,target_rebalance,6.7378,2,2.0,1.94
2019-06-05,AMD.US,buy,29.9599,106.23,signal,0.0,0,0.0,0.0
2019-06-10,AMD.US,sell,33.4965,106.23,target_rebalance,375.6865,5,3.0000000000000004,11.8
2019-06-05,MU.US,buy,34.2596,33.36,signal,0.0,0,0.0,0.0
2019-06-10,MU.US,sell,33.706,33.36,target_rebalance,-18.4673,5,2.9280647533324857,-1.62
2019-06-05,NVDA.US,buy,3.624,135.07,signal,0.0,0,0.0,0.0
2019-06-10,NVDA.US,sell,3.6631,135.07,target_rebalance,5.2813,5,2.9705008807487614,1.08
2019-06-05,AMAT.US,buy,38.1576,38.31,signal,0.0,0,0.0,0.0
2019-06-11,AMAT.US,sell,40.9745,38.31,target_rebalance,107.9168,6,3.976145894285157,7.38
2019-06-05,AVGO.US,buy,22.4332,86.13,signal,0.0,0,0.0,0.0
2019-06-11,AVGO.US,sell,24.1689,86.13,target_rebalance,149.4891,6,3.968724696356276,7.74
2019-06-05,LRCX.US,buy,16.6142,65.86,signal,0.0,0,0.0,0.0
2019-06-11,LRCX.US,sell,17.9358,65.86,target_rebalance,87.0418,6,3.96934181753821,7.95
2019-06-05,MU.US,buy,34.2596,14.85,signal,0.0,0,0.0,0.0
2019-06-11,MU.US,sell,34.875,14.85,target_rebalance,9.1389,6,3.9280647533324857,1.8
2019-06-05,AMAT.US,buy,38.1576,5.97,signal,0.0,0,0.0,0.0
2019-06-12,AMAT.US,sell,39.7894,5.97,target_rebalance,9.7421,7,4.976145894285157,4.28
2019-06-05,ASML.US,buy,180.3294,10.36,signal,0.0,0,0.0,0.0
2019-06-12,ASML.US,sell,187.1503,10.36,target_rebalance,70.6644,7,4.957448432752645,3.78
2019-06-05,AVGO.US,buy,22.4332,2.49,signal,0.0,0,0.0,0.0
2019-06-12,AVGO.US,sell,23.435,2.49,target_rebalance,2.4945,7,4.968724696356276,4.47
2019-06-05,NVDA.US,buy,3.6249,561.44,signal,0.0,0,0.0,0.0
2019-06-12,NVDA.US,sell,3.6938,561.44,target_rebalance,38.7088,7,4.941570279819284,1.9
2019-06-05,TSM.US,buy,33.4166,63.13,signal,0.0,0,0.0,0.0
2019-06-12,TSM.US,sell,34.004,63.13,target_rebalance,37.0816,7,4.945105098451909,1.76
2019-06-05,AMD.US,buy,30.0909,77.15,signal,0.0,0,0.0,0.0
2019-06-13,AMD.US,sell,32.3576,77.15,target_rebalance,174.8803,8,5.818062333717455,7.53
2019-06-05,ASML.US,buy,180.3294,1.02,signal,0.0,0,0.0,0.0
2019-06-13,ASML.US,sell,185.4716,1.02,target_rebalance,5.245,8,5.957448432752645,2.85
2019-06-05,AVGO.US,buy,22.4332,51.48,signal,0.0,0,0.0,0.0
2019-06-13,AVGO.US,sell,23.4226,51.48,target_rebalance,50.9301,8,5.968724696356275,4.41
2019-06-05,TSM.US,buy,33.4166,3.68,signal,0.0,0,0.0,0.0
2019-06-13,TSM.US,sell,33.6809,3.68,target_rebalance,0.9728,8,5.945105098451909,0.79
2019-06-05,AMAT.US,buy,38.1664,49.07,signal,0.0,0,0.0,0.0
2019-06-14,AMAT.US,sell,38.2217,49.07,target_rebalance,2.7147,9,6.905634805614205,0.14
2019-06-05,ASML.US,buy,180.3294,1.26,signal,0.0,0,0.0,0.0
2019-06-14,ASML.US,sell,179.6474,1.26,target_rebalance,-0.8593,9,6.957448432752645,-0.38
2019-06-05,LRCX.US,buy,16.6224,46.78,signal,0.0,0,0.0,0.0
2019-06-14,LRCX.US,sell,16.2251,46.78,target_rebalance,-18.5833,9,6.814231056910028,-2.39
2019-06-05,MU.US,buy,34.2075,46.43,signal,0.0,0,0.0,0.0
2019-06-14,MU.US,sell,31.6116,46.43,target_rebalance,-120.5295,9,6.741009202127755,-7.59
2019-06-05,NVDA.US,buy,3.6249,459.75,signal,0.0,0,0.0,0.0
2019-06-14,NVDA.US,sell,3.5825,459.75,target_rebalance,-19.482,9,6.939677042339538,-1.17
2019-06-05,TSM.US,buy,33.4166,30.22,signal,0.0,0,0.0,0.0
2019-06-14,TSM.US,sell,32.8393,30.22,target_rebalance,-17.4448,9,6.94510509845191,-1.73
2019-06-05,AMAT.US,buy,38.1664,9.25,signal,0.0,0,0.0,0.0
2019-06-17,AMAT.US,sell,38.3617,9.25,target_rebalance,1.8065,12,7.905634805614205,0.51
2019-06-05,ASML.US,buy,180.3294,1.13,signal,0.0,0,0.0,0.0
2019-06-17,ASML.US,sell,180.0695,1.13,target_rebalance,-0.2937,12,7.957448432752645,-0.14
2019-06-05,AVGO.US,buy,22.3878,122.73,signal,0.0,0,0.0,0.0
2019-06-17,AVGO.US,sell,22.0348,122.73,target_rebalance,-43.3227,12,7.622567759038482,-1.58
2019-06-05,LRCX.US,buy,16.6224,14.74,signal,0.0,0,0.0,0.0
2019-06-17,LRCX.US,sell,16.2684,14.74,target_rebalance,-5.2179,12,7.814231056910027,-2.13
2019-06-05,MU.US,buy,34.2075,7.96,signal,0.0,0,0.0,0.0
2019-06-17,MU.US,sell,31.6992,7.96,target_rebalance,-19.9659,12,7.741009202127755,-7.33
2019-06-05,AVGO.US,buy,22.3878,58.84,signal,0.0,0,0.0,0.0
2019-06-18,AVGO.US,sell,22.3102,58.84,target_rebalance,-4.5662,13,8.622567759038482,-0.35
2019-06-05,MU.US,buy,34.2075,35.78,signal,0.0,0,0.0,0.0
2019-06-18,MU.US,sell,32.0499,35.78,target_rebalance,-77.1977,13,8.741009202127755,-6.31
2019-06-05,NVDA.US,buy,3.6249,598.71,signal,0.0,0,0.0,0.0
2019-06-18,NVDA.US,sell,3.6566,598.71,target_rebalance,19.0089,13,8.939677042339538,0.88
2019-06-05,TSM.US,buy,33.3976,21.6,signal,0.0,0,0.0,0.0
2019-06-18,TSM.US,sell,32.5333,21.6,target_rebalance,-18.6694,13,8.810079519584518,-2.59
2019-06-05,MU.US,buy,34.2075,45.43,signal,0.0,0,0.0,0.0
2019-06-19,MU.US,sell,33.7937,45.43,target_rebalance,-18.8,14,9.741009202127755,-1.21
2019-06-05,NVDA.US,buy,3.6249,150.37,signal,0.0,0,0.0,0.0
2019-06-19,NVDA.US,sell,3.8252,150.37,target_rebalance,30.1231,14,9.939677042339538,5.53
2019-06-05,TSM.US,buy,33.3976,8.55,signal,0.0,0,0.0,0.0
2019-06-19,TSM.US,sell,33.953,8.55,target_rebalance,4.7482,14,9.81007951958452,1.66
2019-06-05,AMAT.US,buy,38.1668,20.03,signal,0.0,0,0.0,0.0
2019-06-20,AMAT.US,sell,40.8159,20.03,target_rebalance,53.0618,15,10.874351375454868,6.94
2019-06-05,ASML.US,buy,180.3197,8.93,signal,0.0,0,0.0,0.0
2019-06-20,ASML.US,sell,190.4891,8.93,target_rebalance,90.813,15,10.807379238257488,5.64
2019-06-05,AMAT.US,buy,38.1668,0.03,signal,0.0,0,0.0,0.0
2019-06-21,AMAT.US,sell,40.032,0.03,target_rebalance,0.056,16,11.874351375454868,4.89
2019-06-05,ASML.US,buy,180.3197,6.69,signal,0.0,0,0.0,0.0
2019-06-21,ASML.US,sell,188.7916,6.69,target_rebalance,56.677,16,11.807379238257488,4.7
2019-06-05,AVGO.US,buy,22.3919,30.27,signal,0.0,0,0.0,0.0
2019-06-21,AVGO.US,sell,23.2347,30.27,target_rebalance,25.5102,16,11.584589888268914,3.76
2019-06-05,LRCX.US,buy,16.6182,40.2,signal,0.0,0,0.0,0.0
2019-06-21,LRCX.US,sell,16.8113,40.2,target_rebalance,7.7635,16,11.704016486649014,1.16
2019-06-05,TSM.US,buy,33.4005,67.35,signal,0.0,0,0.0,0.0
2019-06-21,TSM.US,sell,34.446,67.35,target_rebalance,70.4135,16,11.780303791726473,3.13
2019-06-05,AMAT.US,buy,38.1668,8.24,signal,0.0,0,0.0,0.0
2019-06-24,AMAT.US,sell,40.0414,8.24,target_rebalance,15.4467,19,12.874351375454868,4.91
2019-06-05,ASML.US,buy,180.3197,8.12,signal,0.0,0,0.0,0.0
2019-06-24,ASML.US,sell,190.7517,8.12,target_rebalance,84.7081,19,12.80737923825749,5.79
2019-06-05,TSM.US,buy,33.4005,36.55,signal,0.0,0,0.0,0.0
2019-06-24,TSM.US,sell,34.7234,36.55,target_rebalance,48.3505,19,12.780303791726473,3.96
2019-06-05,AVGO.US,buy,22.3919,64.42,signal,0.0,0,0.0,0.0
2019-06-25,AVGO.US,sell,23.4489,64.42,target_rebalance,68.089,20,13.58458988826891,4.72
2019-06-05,MU.US,buy,34.1653,12.39,signal,0.0,0,0.0,0.0
2019-06-25,MU.US,sell,32.4883,12.39,target_rebalance,-20.7774,20,13.308094982535383,-4.91
2019-06-05,NVDA.US,buy,3.6257,13.22,signal,0.0,0,0.0,0.0
2019-06-25,NVDA.US,sell,3.7895,13.22,target_rebalance,2.1662,20,13.883127479984552,4.52
2019-06-05,AMD.US,buy,30.0847,23.68,signal,0.0,0,0.0,0.0
2019-06-26,AMD.US,sell,29.95,23.68,target_rebalance,-3.1896,21,13.862367200616998,-0.45
2019-06-05,MU.US,buy,34.1653,201.86,signal,0.0,0,0.0,0.0
2019-06-26,MU.US,sell,34.9432,201.86,target_rebalance,157.0349,21,14.308094982535383,2.28
2019-06-05,NVDA.US,buy,3.6257,243.46,signal,0.0,0,0.0,0.0
2019-06-26,NVDA.US,sell,3.8825,243.46,target_rebalance,62.5264,21,14.883127479984552,7.08
2019-06-05,AMAT.US,buy,38.1836,6.18,signal,0.0,0,0.0,0.0
2019-06-27,AMAT.US,sell,40.9558,6.18,target_rebalance,17.1325,22,15.69990380007071,7.26
2019-06-05,MU.US,buy,34.1653,32.63,signal,0.0,0,0.0,0.0
2019-06-27,MU.US,sell,35.8979,32.63,target_rebalance,56.5351,22,15.308094982535385,5.07
2019-06-05,NVDA.US,buy,3.6257,641.26,signal,0.0,0,0.0,0.0
2019-06-27,NVDA.US,sell,4.0337,641.26,target_rebalance,261.6654,22,15.883127479984552,11.25
2019-06-05,AMAT.US,buy,38.1836,5.47,signal,0.0,0,0.0,0.0
2019-06-28,AMAT.US,sell,42.1129,5.47,target_rebalance,21.4937,23,16.69990380007071,10.29
2019-06-05,LRCX.US,buy,16.6163,75.78,signal,0.0,0,0.0,0.0
2019-06-28,LRCX.US,sell,17.4554,75.78,target_rebalance,63.5896,23,16.279491867800694,5.05
2019-06-05,MU.US,buy,34.1653,134.77,signal,0.0,0,0.0,0.0
2019-06-28,MU.US,sell,38.343,134.77,target_rebalance,563.0368,23,16.308094982535387,12.23
2019-06-05,AVGO.US,buy,22.428,44.84,signal,0.0,0,0.0,0.0
2019-07-01,AVGO.US,sell,25.3405,44.84,target_rebalance,130.5969,26,17.170902989908495,12.99
2019-06-05,MU.US,buy,34.1653,27.76,signal,0.0,0,0.0,0.0
2019-07-01,MU.US,sell,40.0965,27.76,target_rebalance,164.6517,26,17.308094982535383,17.36
2019-06-05,NVDA.US,buy,3.6304,202.38,signal,0.0,0,0.0,0.0
2019-07-01,NVDA.US,sell,4.2781,202.38,target_rebalance,131.0903,26,17.713926153833427,17.84
2019-06-05,TSM.US,buy,33.4731,22.63,signal,0.0,0,0.0,0.0
2019-07-01,TSM.US,sell,36.4613,22.63,target_rebalance,67.6234,26,16.961802911165847,8.93
2019-06-05,ASML.US,buy,180.7818,8.91,signal,0.0,0,0.0,0.0
2019-07-02,ASML.US,sell,201.1901,8.91,target_rebalance,181.8377,27,18.28091754086121,11.29
2019-06-05,AVGO.US,buy,22.428,68.28,signal,0.0,0,0.0,0.0
2019-07-02,AVGO.US,sell,25.1053,68.28,target_rebalance,182.807,27,18.170902989908495,11.94
2019-06-05,LRCX.US,buy,16.6281,13.67,signal,0.0,0,0.0,0.0
2019-07-02,LRCX.US,sell,17.5732,13.67,target_rebalance,12.9207,27,18.126209732076884,5.68
2019-06-05,TSM.US,buy,33.4731,50.54,signal,0.0,0,0.0,0.0
2019-07-02,TSM.US,sell,36.1541,50.54,target_rebalance,135.4979,27,17.961802911165847,8.01
2019-06-05,AMD.US,buy,30.1166,73.4,signal,0.0,0,0.0,0.0
2019-07-03,AMD.US,sell,31.0989,73.4,target_rebalance,72.1003,28,18.47851648231029,3.26
2019-06-05,ASML.US,buy,180.7818,7.07,signal,0.0,0,0.0,0.0
2019-07-03,ASML.US,sell,200.543,7.07,target_rebalance,139.7116,28,19.28091754086121,10.93
2019-06-05,MU.US,buy,34.2261,40.83,signal,0.0,0,0.0,0.0
2019-07-03,MU.US,sell,38.5963,40.83,target_rebalance,178.4338,28,19.06088057145749,12.77
2019-06-05,AMAT.US,buy,38.2343,17.29,signal,0.0,0,0.0,0.0
2019-07-05,AMAT.US,sell,41.2824,17.29,target_rebalance,52.7015,30,20.47445449256182,7.97
2019-06-05,AMD.US,buy,30.1166,19.38,signal,0.0,0,0.0,0.0
2019-07-05,AMD.US,sell,30.8491,19.38,target_rebalance,14.1967,30,19.478516482310287,2.43
2019-06-05,AVGO.US,buy,22.479,56.33,signal,0.0,0,0.0,0.0
2019-07-05,AVGO.US,sell,23.826,56.33,target_rebalance,75.8786,30,19.496814322552336,5.99
2019-06-05,AMD.US,buy,30.1166,144.65,signal,0.0,0,0.0,0.0
2019-07-08,AMD.US,sell,31.7682,144.65,target_rebalance,238.9072,33,20.478516482310287,5.48
2019-06-05,ASML.US,buy,180.8702,0.18,signal,0.0,0,0.0,0.0
2019-07-08,ASML.US,sell,195.6099,0.18,target_rebalance,2.6531,33,21.16980579834511,8.15
2019-06-05,MU.US,buy,34.2346,22.75,signal,0.0,0,0.0,0.0
2019-07-08,MU.US,sell,38.0215,22.75,target_rebalance,86.1533,33,21.01612679438787,11.06
2019-06-05,AMAT.US,buy,38.2677,4.73,signal,0.0,0,0.0,0.0
2019-07-09,AMAT.US,sell,40.34,4.73,target_rebalance,9.8019,34,22.136848714427106,5.42
2019-06-05,AMD.US,buy,30.1166,2.57,signal,0.0,0,0.0,0.0
2019-07-09,AMD.US,sell,31.7282,2.57,target_rebalance,4.142,34,21.47851648231029,5.35
2019-06-05,LRCX.US,buy,16.6307,36.62,signal,0.0,0,0.0,0.0
2019-07-09,LRCX.US,sell,16.572,36.62,target_rebalance,-2.1467,34,21.565912839237267,-0.35
2019-06-05,MU.US,buy,34.2346,95.9,signal,0.0,0,0.0,0.0
2019-07-09,MU.US,sell,39.0931,95.9,target_rebalance,465.9334,34,22.016126794387866,14.19
2019-06-05,TSM.US,buy,33.4817,7.51,signal,0.0,0,0.0,0.0
2019-07-09,TSM.US,sell,34.8024,7.51,target_rebalance,9.9184,34,21.880926195304976,3.94
2019-06-05,AMD.US,buy,30.1166,98.12,signal,0.0,0,0.0,0.0
2019-07-10,AMD.US,sell,33.5264,98.12,target_rebalance,334.5759,35,22.47851648231029,11.32
2019-06-05,MU.US,buy,34.2346,66.82,signal,0.0,0,0.0,0.0
2019-07-10,MU.US,sell,41.1389,66.82,target_rebalance,461.3441,35,23.016126794387862,20.17
2019-06-05,AMAT.US,buy,38.2677,5.66,signal,0.0,0,0.0,0.0
2019-07-11,AMAT.US,sell,42.057,5.66,target_rebalance,21.4473,36,24.13684871442711,9.9
2019-06-05,AMD.US,buy,30.1166,1.15,signal,0.0,0,0.0,0.0
2019-07-11,AMD.US,sell,33.8761,1.15,target_rebalance,4.3234,36,23.478516482310287,12.48
2019-06-05,MU.US,buy,34.2346,40.52,signal,0.0,0,0.0,0.0
2019-07-11,MU.US,sell,42.1033,40.52,target_rebalance,318.8396,36,24.01612679438787,22.98
2019-06-05,NVDA.US,buy,3.6477,399.37,signal,0.0,0,0.0,0.0
2019-07-11,NVDA.US,sell,4.0409,399.37,target_rebalance,157.0389,36,23.664593702139538,10.78
2019-06-05,AMAT.US,buy,38.2677,15.28,signal,0.0,0,0.0,0.0
2019-07-12,AMAT.US,sell,42.3276,15.28,target_rebalance,62.0351,37,25.13684871442711,10.61
2019-06-05,AVGO.US,buy,22.5198,3.91,signal,0.0,0,0.0,0.0
2019-07-12,AVGO.US,sell,23.2154,3.91,target_rebalance,2.7196,37,23.213654949949753,3.09
2019-06-05,LRCX.US,buy,16.6341,3.7,signal,0.0,0,0.0,0.0
2019-07-12,LRCX.US,sell,17.1591,3.7,target_rebalance,1.9426,37,24.40258970269612,3.16
2019-06-05,MU.US,buy,34.2346,32.88,signal,0.0,0,0.0,0.0
2019-07-12,MU.US,sell,42.6196,32.88,target_rebalance,275.6987,37,25.016126794387873,24.49
2019-06-05,NVDA.US,buy,3.6477,796.91,signal,0.0,0,0.0,0.0
2019-07-12,NVDA.US,sell,4.15,796.91,target_rebalance,400.2843,37,24.664593702139538,13.77
2019-06-05,AMAT.US,buy,38.2677,31.28,signal,0.0,0,0.0,0.0
2019-07-15,AMAT.US,sell,43.718,31.28,target_rebalance,170.4842,40,26.136848714427114,14.24
2019-06-05,AVGO.US,buy,22.5198,164.09,signal,0.0,0,0.0,0.0
2019-07-15,AVGO.US,sell,24.4518,164.09,target_rebalance,317.021,40,24.21365494994975,8.58
2019-06-05,LRCX.US,buy,16.6341,68.02,signal,0.0,0,0.0,0.0
2019-07-15,LRCX.US,sell,17.7011,68.02,target_rebalance,72.5798,40,25.402589702696115,6.41
2019-06-05,AMD.US,buy,30.2201,126.37,signal,0.0,0,0.0,0.0
2019-07-16,AMD.US,sell,34.2657,126.37,target_rebalance,511.2435,41,25.551039988281982,13.39
2019-06-05,TSM.US,buy,33.5113,18.58,signal,0.0,0,0.0,0.0
2019-07-16,TSM.US,sell,36.6895,18.58,target_rebalance,59.0516,41,26.63465580296623,9.48
2019-06-05,AMAT.US,buy,38.3165,1.8,signal,0.0,0,0.0,0.0
2019-07-17,AMAT.US,sell,43.1674,1.8,target_rebalance,8.7316,42,27.85771883893802,12.66
2019-06-05,ASML.US,buy,181.8,35.13,signal,0.0,0,0.0,0.0
2019-07-17,ASML.US,sell,204.1256,35.13,target_rebalance,784.2971,42,26.528004932228182,12.28
2019-06-05,ASML.US,buy,181.8,6.9,signal,0.0,0,0.0,0.0
2019-07-18,ASML.US,sell,207.9146,6.9,target_rebalance,180.1905,43,27.528004932228182,14.36
2019-06-05,LRCX.US,buy,16.6388,30.28,signal,0.0,0,0.0,0.0
2019-07-18,LRCX.US,sell,17.7674,30.28,target_rebalance,34.1747,43,28.264360784189183,6.78
2019-06-05,MU.US,buy,34.5036,13.83,signal,0.0,0,0.0,0.0
2019-07-18,MU.US,sell,42.4832,13.83,target_rebalance,110.3576,43,28.07522419746203,23.13
2019-06-05,NVDA.US,buy,3.6574,253.15,signal,0.0,0,0.0,0.0
2019-07-18,NVDA.US,sell,4.2177,253.15,target_rebalance,141.8359,43,28.186038736232877,15.32
2019-06-05,TSM.US,buy,33.5236,36.82,signal,0.0,0,0.0,0.0
2019-07-18,TSM.US,sell,37.3215,36.82,target_rebalance,139.8391,43,28.52651018908285,11.33
2019-06-05,AMAT.US,buy,38.3224,51.48,signal,0.0,0,0.0,0.0
2019-07-19,AMAT.US,sell,45.0804,51.48,target_rebalance,347.9,44,29.824463176502878,17.63
2019-06-05,LRCX.US,buy,16.6388,124.63,signal,0.0,0,0.0,0.0
2019-07-19,LRCX.US,sell,18.4309,124.63,target_rebalance,223.3483,44,29.264360784189186,10.77
2019-06-05,MU.US,buy,34.5036,44.72,signal,0.0,0,0.0,0.0
2019-07-19,MU.US,sell,43.9639,44.72,target_rebalance,423.0653,44,29.075224197462035,27.42
2019-06-05,AMAT.US,buy,38.3224,32.1,signal,0.0,0,0.0,0.0
2019-07-22,AMAT.US,sell,46.0228,32.1,target_rebalance,247.1838,47,30.824463176502874,20.09
2019-06-05,LRCX.US,buy,16.6388,21.13,signal,0.0,0,0.0,0.0
2019-07-22,LRCX.US,sell,18.6692,21.13,target_rebalance,42.9029,47,30.264360784189186,12.2
2019-06-05,MU.US,buy,34.5036,60.94,signal,0.0,0,0.0,0.0
2019-07-22,MU.US,sell,45.2985,60.94,target_rebalance,657.8421,47,30.075224197462028,31.29
2019-06-05,TSM.US,buy,33.5445,48.73,signal,0.0,0,0.0,0.0
2019-07-22,TSM.US,sell,38.7961,48.73,target_rebalance,255.9105,47,30.38511280149343,15.66
2019-06-05,AMAT.US,buy,38.3224,26.27,signal,0.0,0,0.0,0.0
2019-07-23,AMAT.US,sell,47.2546,26.27,target_rebalance,234.6488,48,31.824463176502878,23.31
2019-06-05,ASML.US,buy,182.1278,3.17,signal,0.0,0,0.0,0.0
2019-07-23,ASML.US,sell,216.5242,3.17,target_rebalance,109.0364,48,30.193971186667714,18.89
2019-06-05,AVGO.US,buy,22.5638,13.25,signal,0.0,0,0.0,0.0
2019-07-23,AVGO.US,sell,25.1574,13.25,target_rebalance,34.3654,48,29.520090330773492,11.49
2019-06-05,LRCX.US,buy,16.6388,39.86,signal,0.0,0,0.0,0.0
2019-07-23,LRCX.US,sell,19.1035,39.86,target_rebalance,98.2453,48,31.264360784189186,14.81
2019-06-05,NVDA.US,buy,3.6755,48.37,signal,0.0,0,0.0,0.0
2019-07-23,NVDA.US,sell,4.2863,48.37,target_rebalance,29.544,48,30.221781601950887,16.62
2019-06-05,AMD.US,buy,30.47,17.47,signal,0.0,0,0.0,0.0
2019-07-24,AMD.US,sell,33.6064,17.47,target_rebalance,54.7916,49,29.12440298951275,10.29
2019-06-05,LRCX.US,buy,16.6388,26.19,signal,0.0,0,0.0,0.0
2019-07-24,LRCX.US,sell,19.3244,26.19,target_rebalance,70.3361,49,32.264360784189186,16.14
2019-06-05,NVDA.US,buy,3.6755,574.1,signal,0.0,0,0.0,0.0
2019-07-24,NVDA.US,sell,4.3979,574.1,target_rebalance,414.7014,49,31.22178160195089,19.65
2019-06-05,AMAT.US,buy,38.3224,9.77,signal,0.0,0,0.0,0.0
2019-07-25,AMAT.US,sell,48.2624,9.77,target_rebalance,97.1138,50,33.82446317650288,25.94
2019-06-05,AMD.US,buy,30.47,9.32,signal,0.0,0,0.0,0.0
2019-07-25,AMD.US,sell,34.0159,9.32,target_rebalance,33.0479,50,30.124402989512745,11.64
2019-06-05,LRCX.US,buy,16.6388,54.29,signal,0.0,0,0.0,0.0
2019-07-25,LRCX.US,sell,19.663,54.29,target_rebalance,164.1867,50,33.264360784189186,18.18
2019-06-05,MU.US,buy,34.6576,56.36,signal,0.0,0,0.0,0.0
2019-07-25,MU.US,sell,47.1494,56.36,target_rebalance,704.04,50,32.64411852103609,36.04
2019-06-05,AMD.US,buy,30.47,52.8,signal,0.0,0,0.0,0.0
2019-07-26,AMD.US,sell,34.1958,52.8,target_rebalance,196.7188,51,31.124402989512742,12.23
2019-06-05,ASML.US,buy,182.4291,2.82,signal,0.0,0,0.0,0.0
2019-07-26,ASML.US,sell,217.7903,2.82,target_rebalance,99.7186,51,32.91909851085674,19.38
2019-06-05,AVGO.US,buy,22.5839,20.42,signal,0.0,0,0.0,0.0
2019-07-26,AVGO.US,sell,25.333,20.42,target_rebalance,56.136,51,32.29899364911692,12.17
2019-06-05,AMD.US,buy,30.47,14.68,signal,0.0,0,0.0,0.0
2019-07-29,AMD.US,sell,34.1059,14.68,target_rebalance,53.3739,54,32.124402989512745,11.93
2019-06-05,AVGO.US,buy,22.5839,27.79,signal,0.0,0,0.0,0.0
2019-07-29,AVGO.US,sell,25.3027,27.79,target_rebalance,75.5563,54,33.298993649116916,12.04
2019-06-05,NVDA.US,buy,3.6873,193.87,signal,0.0,0,0.0,0.0
2019-07-29,NVDA.US,sell,4.3329,193.87,target_rebalance,125.165,54,33.66892020522493,17.51
2019-06-05,AVGO.US,buy,22.5839,12.93,signal,0.0,0,0.0,0.0
2019-07-30,AVGO.US,sell,25.123,12.93,target_rebalance,32.8302,55,34.29899364911692,11.24
2019-06-05,LRCX.US,buy,16.6417,1.75,signal,0.0,0,0.0,0.0
2019-07-30,LRCX.US,sell,19.1983,1.75,target_rebalance,4.474,55,36.228686507779564,15.36
2019-06-05,MU.US,buy,34.8389,23.43,signal,0.0,0,0.0,0.0
2019-07-30,MU.US,sell,45.6687,23.43,target_rebalance,253.7422,55,35.07825104468308,31.09
2019-06-05,TSM.US,buy,33.7392,22.27,signal,0.0,0,0.0,0.0
2019-07-30,TSM.US,sell,38.0939,22.27,target_rebalance,96.979,55,35.20610080360652,12.91
2019-06-05,AMAT.US,buy,38.4046,33.19,signal,0.0,0,0.0,0.0
2019-07-31,AMAT.US,sell,47.1519,33.19,target_rebalance,290.3248,56,37.509719407176306,22.78
2019-06-05,AVGO.US,buy,22.5839,30.43,signal,0.0,0,0.0,0.0
2019-07-31,AVGO.US,sell,25.2019,30.43,target_rebalance,79.6667,56,35.298993649116916,11.59
2019-06-05,LRCX.US,buy,16.6417,88.08,signal,0.0,0,0.0,0.0
2019-07-31,LRCX.US,sell,19.3888,88.08,target_rebalance,241.9604,56,37.228686507779564,16.51
2019-06-05,NVDA.US,buy,3.6873,270.92,signal,0.0,0,0.0,0.0
2019-07-31,NVDA.US,sell,4.3181,270.92,target_rebalance,170.8795,56,35.66892020522493,17.11
2019-06-05,AMAT.US,buy,38.4046,8.57,signal,0.0,0,0.0,0.0
2019-08-01,AMAT.US,sell,46.1348,8.57,target_rebalance,66.2481,57,38.5097194071763,20.13
2019-06-05,ASML.US,buy,182.5052,11.56,signal,0.0,0,0.0,0.0
2019-08-01,ASML.US,sell,211.938,11.56,target_rebalance,340.2434,57,36.8343661687686,16.13
2019-06-05,LRCX.US,buy,16.6417,80.3,signal,0.0,0,0.0,0.0
2019-08-01,LRCX.US,sell,19.1302,80.3,target_rebalance,199.8246,57,38.228686507779564,14.95
2019-06-05,TSM.US,buy,33.7563,58.81,signal,0.0,0,0.0,0.0
2019-08-01,TSM.US,sell,37.5234,58.81,target_rebalance,221.54,57,37.05521360431075,11.16
2019-06-05,AMAT.US,buy,38.4046,7.82,signal,0.0,0,0.0,0.0
2019-08-02,AMAT.US,sell,44.7911,7.82,target_rebalance,49.9425,58,39.509719407176306,16.63
2019-06-05,ASML.US,buy,182.5052,10.67,signal,0.0,0,0.0,0.0
2019-08-02,ASML.US,sell,208.7117,10.67,target_rebalance,279.6241,58,37.8343661687686,14.36
2019-06-05,AVGO.US,buy,22.6018,30.5,signal,0.0,0,0.0,0.0
2019-08-02,AVGO.US,sell,23.6933,30.5,target_rebalance,33.2917,58,36.9279486025397,4.83
2019-06-05,LRCX.US,buy,16.6417,104.51,signal,0.0,0,0.0,0.0
2019-08-02,LRCX.US,sell,18.8017,104.51,target_rebalance,225.7368,58,39.228686507779564,12.98
2019-06-05,ASML.US,buy,182.5052,1.63,signal,0.0,0,0.0,0.0
2019-08-05,ASML.US,sell,202.9345,1.63,target_rebalance,33.2998,61,38.8343661687686,11.19
2019-06-05,MU.US,buy,35.0885,71.56,signal,0.0,0,0.0,0.0
2019-08-05,MU.US,sell,41.3045,71.56,target_rebalance,444.8126,61,37.83704152841213,17.72
2019-06-05,TSM.US,buy,33.7658,37.86,signal,0.0,0,0.0,0.0
2019-08-05,TSM.US,sell,35.4695,37.86,target_rebalance,64.4994,61,38.9065563136155,5.05
2019-06-05,AMD.US,buy,30.5362,63.61,signal,0.0,0,0.0,0.0
2019-08-06,AMD.US,sell,28.8311,63.61,target_rebalance,-108.4572,62,35.21605993532522,-5.58
2019-06-05,MU.US,buy,35.0885,4.98,signal,0.0,0,0.0,0.0
2019-08-06,MU.US,sell,41.5675,4.98,target_rebalance,32.2652,62,38.83704152841213,18.46
2019-06-05,TSM.US,buy,33.7658,50.25,signal,0.0,0,0.0,0.0
2019-08-06,TSM.US,sell,36.1453,50.25,target_rebalance,119.5685,62,39.9065563136155,7.05
2019-06-05,AMAT.US,buy,38.4311,14.64,signal,0.0,0,0.0,0.0
2019-08-07,AMAT.US,sell,42.9621,14.64,target_rebalance,66.3342,63,42.28557501523297,11.79
2019-06-05,AMD.US,buy,30.5362,7.0,signal,0.0,0,0.0,0.0
2019-08-07,AMD.US,sell,28.4415,7.0,target_rebalance,-14.6625,63,36.21605993532523,-6.86
2019-06-05,ASML.US,buy,182.6338,2.4,signal,0.0,0,0.0,0.0
2019-08-07,ASML.US,sell,200.2992,2.4,target_rebalance,42.3969,63,40.57922464449113,9.67
2019-06-05,TSM.US,buy,33.7658,42.16,signal,0.0,0,0.0,0.0
2019-08-07,TSM.US,sell,36.0312,42.16,target_rebalance,95.5078,63,40.90655631361551,6.71
2019-06-05,AMD.US,buy,30.5362,291.32,signal,0.0,0,0.0,0.0
2019-08-08,AMD.US,sell,31.4985,291.32,target_rebalance,280.336,64,37.21605993532522,3.15
2019-06-05,LRCX.US,buy,16.6632,54.31,signal,0.0,0,0.0,0.0
2019-08-08,LRCX.US,sell,18.4971,54.31,target_rebalance,99.5983,64,42.53612727563189,11.01
2019-06-05,NVDA.US,buy,3.6966,182.27,signal,0.0,0,0.0,0.0
2019-08-08,NVDA.US,sell,3.8726,182.27,target_rebalance,32.0794,64,39.77707124449496,4.76
2019-06-05,AMAT.US,buy,38.4827,2.53,signal,0.0,0,0.0,0.0
2019-08-09,AMAT.US,sell,44.3618,2.53,target_rebalance,14.8742,65,43.88653561607511,15.28
2019-06-05,AMD.US,buy,30.5362,210.72,signal,0.0,0,0.0,0.0
2019-08-09,AMD.US,sell,33.4166,210.72,target_rebalance,606.9528,65,38.21605993532523,9.43
2019-06-05,AMD.US,buy,30.5362,114.67,signal,0.0,0,0.0,0.0
2019-08-12,AMD.US,sell,34.1258,114.67,target_rebalance,411.6269,68,39.21605993532522,11.76
2019-06-05,ASML.US,buy,183.1216,2.01,signal,0.0,0,0.0,0.0
2019-08-12,ASML.US,sell,202.6251,2.01,target_rebalance,39.2019,68,42.61440250466916,10.65
2019-06-05,AVGO.US,buy,22.6039,118.29,signal,0.0,0,0.0,0.0
2019-08-12,AVGO.US,sell,22.9634,118.29,target_rebalance,42.5252,68,41.2517178415947,1.59
2019-06-05,AVGO.US,buy,22.6039,66.84,signal,0.0,0,0.0,0.0
2019-08-13,AVGO.US,sell,23.1246,66.84,target_rebalance,34.8083,69,42.25171784159469,2.3
2019-06-05,LRCX.US,buy,16.7055,91.56,signal,0.0,0,0.0,0.0
2019-08-13,LRCX.US,sell,18.0646,91.56,target_rebalance,124.4372,69,44.25884062284288,8.14
2019-06-05,MU.US,buy,35.3838,128.21,signal,0.0,0,0.0,0.0
2019-08-13,MU.US,sell,41.5188,128.21,target_rebalance,786.5671,69,41.68240218383624,17.34
2019-06-05,AMAT.US,buy,38.5224,24.41,signal,0.0,0,0.0,0.0
2019-08-14,AMAT.US,sell,43.8113,24.41,target_rebalance,129.1023,70,46.52368258737079,13.73
2019-06-05,AVGO.US,buy,22.6039,64.91,signal,0.0,0,0.0,0.0
2019-08-14,AVGO.US,sell,23.4178,64.91,target_rebalance,52.8322,70,43.25171784159469,3.6
2019-06-05,LRCX.US,buy,16.7055,102.61,signal,0.0,0,0.0,0.0
2019-08-14,LRCX.US,sell,18.3444,102.61,target_rebalance,168.1598,70,45.25884062284288,9.81
2019-06-05,MU.US,buy,35.3838,16.09,signal,0.0,0,0.0,0.0
2019-08-14,MU.US,sell,41.7721,16.09,target_rebalance,102.7874,70,42.68240218383624,18.05
2019-06-05,NVDA.US,buy,3.6986,163.78,signal,0.0,0,0.0,0.0
2019-08-14,NVDA.US,sell,3.7806,163.78,target_rebalance,13.4256,70,42.84150681199404,2.22
2019-06-05,TSM.US,buy,33.859,9.05,signal,0.0,0,0.0,0.0
2019-08-14,TSM.US,sell,35.8557,9.05,target_rebalance,18.0696,70,44.424533493872175,5.9
2019-06-05,AMAT.US,buy,38.5224,30.64,signal,0.0,0,0.0,0.0
2019-08-15,AMAT.US,sell,43.8579,30.64,target_rebalance,163.4818,71,47.5236825873708,13.85
2019-06-05,ASML.US,buy,183.4114,0.23,signal,0.0,0,0.0,0.0
2019-08-15,ASML.US,sell,196.332,0.23,target_rebalance,2.9717,71,44.80591761329599,7.04
2019-06-05,LRCX.US,buy,16.7055,79.03,signal,0.0,0,0.0,0.0
2019-08-15,LRCX.US,sell,18.3793,79.03,target_rebalance,132.2797,71,46.25884062284289,10.02
2019-06-05,NVDA.US,buy,3.6986,1584.7,signal,0.0,0,0.0,0.0
2019-08-16,NVDA.US,sell,3.9504,1584.7,target_rebalance,399.0126,72,44.84150681199404,6.81
2019-06-05,TSM.US,buy,33.8593,42.3,signal,0.0,0,0.0,0.0
2019-08-16,TSM.US,sell,36.1453,42.3,target_rebalance,96.6982,72,46.416332662074524,6.75
2019-06-05,AMD.US,buy,30.6345,60.92,signal,0.0,0,0.0,0.0
2019-08-19,AMD.US,sell,31.968,60.92,target_rebalance,81.234,75,39.93262873028676,4.35
2019-06-05,LRCX.US,buy,16.7183,100.05,signal,0.0,0,0.0,0.0
2019-08-19,LRCX.US,sell,19.3244,100.05,target_rebalance,260.7411,75,47.89102794211617,15.59
2019-06-05,MU.US,buy,35.3914,24.62,signal,0.0,0,0.0,0.0
2019-08-19,MU.US,sell,43.5158,24.62,target_rebalance,200.0226,75,45.626348962854536,22.96
2019-06-05,MU.US,buy,35.3914,22.38,signal,0.0,0,0.0,0.0
2019-08-20,MU.US,sell,43.6912,22.38,target_rebalance,185.7483,76,46.626348962854536,23.45
2019-06-05,NVDA.US,buy,3.701,1277.88,signal,0.0,0,0.0,0.0
2019-08-20,NVDA.US,sell,4.2283,1277.88,target_rebalance,673.8592,76,46.554192282660864,14.25
2019-06-05,AMAT.US,buy,38.7099,1.15,signal,0.0,0,0.0,0.0
2019-08-21,AMAT.US,sell,44.2434,1.15,target_rebalance,6.3636,77,49.60716096358269,14.29
2019-06-05,ASML.US,buy,183.5555,2.5,signal,0.0,0,0.0,0.0
2019-08-21,ASML.US,sell,205.026,2.5,target_rebalance,53.6762,77,48.40520300320462,11.7
2019-06-05,AVGO.US,buy,22.6206,74.39,signal,0.0,0,0.0,0.0
2019-08-21,AVGO.US,sell,23.9092,74.39,target_rebalance,95.8605,77,46.8624900792274,5.7
2019-06-05,AMD.US,buy,30.6458,78.24,signal,0.0,0,0.0,0.0
2019-08-22,AMD.US,sell,31.7282,78.24,target_rebalance,84.6869,78,41.61153195172151,3.53
2019-06-05,AVGO.US,buy,22.6206,60.11,signal,0.0,0,0.0,0.0
2019-08-22,AVGO.US,sell,24.2242,60.11,target_rebalance,96.393,78,47.86249007922739,7.09
2019-06-05,NVDA.US,buy,3.7042,65.0,signal,0.0,0,0.0,0.0
2019-08-22,NVDA.US,sell,4.2546,65.0,target_rebalance,35.7749,78,48.26796779794125,14.86
2019-06-05,LRCX.US,buy,16.752,56.18,signal,0.0,0,0.0,0.0
2019-08-23,LRCX.US,sell,19.1081,56.18,target_rebalance,132.3668,79,51.2143309435038,14.06
2019-06-05,AMAT.US,buy,38.7229,3.95,signal,0.0,0,0.0,0.0
2019-08-26,AMAT.US,sell,43.1186,3.95,target_rebalance,17.3626,82,52.48278304723819,11.35
2019-06-05,ASML.US,buy,183.7689,8.89,signal,0.0,0,0.0,0.0
2019-08-26,ASML.US,sell,200.5711,8.89,target_rebalance,149.3717,82,50.870503344056004,9.14
2019-06-05,MU.US,buy,35.5301,27.47,signal,0.0,0,0.0,0.0
2019-08-26,MU.US,sell,42.6098,27.47,target_rebalance,194.4821,82,49.8017958959442,19.93
2019-06-05,TSM.US,buy,33.9033,2.04,signal,0.0,0,0.0,0.0
2019-08-26,TSM.US,sell,36.3121,2.04,target_rebalance,4.914,82,51.767732584345225,7.1
2019-06-05,AMD.US,buy,30.6412,11.71,signal,0.0,0,0.0,0.0
2019-08-27,AMD.US,sell,30.5694,11.71,target_rebalance,-0.8413,83,43.88427175046739,-0.23
2019-06-05,ASML.US,buy,183.7689,1.92,signal,0.0,0,0.0,0.0
2019-08-27,ASML.US,sell,201.931,1.92,target_rebalance,34.8712,83,51.870503344056004,9.88
2019-06-05,AVGO.US,buy,22.6289,11.77,signal,0.0,0,0.0,0.0
2019-08-27,AVGO.US,sell,23.448,11.77,target_rebalance,9.6408,83,50.2905869926913,3.62
2019-06-05,NVDA.US,buy,3.7073,79.0,signal,0.0,0,0.0,0.0
2019-08-27,NVDA.US,sell,4.1398,79.0,target_rebalance,34.1721,83,50.9354544878995,11.67
2019-06-05,TSM.US,buy,33.9033,1.91,signal,0.0,0,0.0,0.0
2019-08-27,TSM.US,sell,36.4701,1.91,target_rebalance,4.9026,83,52.76773258434522,7.57
2019-06-05,AMAT.US,buy,38.7311,15.08,signal,0.0,0,0.0,0.0
2019-08-28,AMAT.US,sell,42.5561,15.08,target_rebalance,57.6821,84,54.38589426606876,9.88
2019-06-05,ASML.US,buy,183.7689,6.58,signal,0.0,0,0.0,0.0
2019-08-28,ASML.US,sell,199.9334,6.58,target_rebalance,106.3621,84,52.870503344056,8.8
2019-06-05,AVGO.US,buy,22.6289,15.02,signal,0.0,0,0.0,0.0
2019-08-28,AVGO.US,sell,23.0432,15.02,target_rebalance,6.2217,84,51.290586992691296,1.83
2019-06-05,TSM.US,buy,33.9033,52.04,signal,0.0,0,0.0,0.0
2019-08-28,TSM.US,sell,36.2682,52.04,target_rebalance,123.0714,84,53.767732584345225,6.98
2019-06-05,AMD.US,buy,30.641,66.2,signal,0.0,0,0.0,0.0
2019-08-29,AMD.US,sell,31.4385,66.2,target_rebalance,52.7971,85,45.86757183004288,2.6
2019-06-05,LRCX.US,buy,16.768,17.52,signal,0.0,0,0.0,0.0
2019-08-29,LRCX.US,sell,19.0483,17.52,target_rebalance,39.9507,85,54.7891941841932,13.6
2019-06-05,MU.US,buy,35.6437,27.84,signal,0.0,0,0.0,0.0
2019-08-29,MU.US,sell,42.8534,27.84,target_rebalance,200.7177,85,51.78213383615524,20.23
2019-06-05,AMAT.US,buy,38.7495,2.42,signal,0.0,0,0.0,0.0
2019-08-30,AMAT.US,sell,44.5715,2.42,target_rebalance,14.0892,86,56.185861586986256,15.02
2019-06-05,LRCX.US,buy,16.768,33.76,signal,0.0,0,0.0,0.0
2019-08-30,LRCX.US,sell,19.4514,33.76,target_rebalance,90.5899,86,55.78919418419319,16.0
2019-06-05,MU.US,buy,35.6437,28.65,signal,0.0,0,0.0,0.0
2019-08-30,MU.US,sell,43.9542,28.65,target_rebalance,238.0956,86,52.782133836155246,23.32
2019-06-05,NVDA.US,buy,3.7143,182.44,signal,0.0,0,0.0,0.0
2019-08-30,NVDA.US,sell,4.1903,182.44,target_rebalance,86.8446,86,52.77358660824525,12.82
2019-06-05,AMAT.US,buy,38.7495,45.02,signal,0.0,0,0.0,0.0
2019-09-03,AMAT.US,sell,44.6558,45.02,target_rebalance,265.9042,90,57.185861586986256,15.24
2019-06-05,LRCX.US,buy,16.768,77.81,signal,0.0,0,0.0,0.0
2019-09-03,LRCX.US,sell,19.4164,77.81,target_rebalance,206.0699,90,56.789194184193185,15.79
2019-06-05,MU.US,buy,35.6437,4.49,signal,0.0,0,0.0,0.0
2019-09-03,MU.US,sell,43.4476,4.49,target_rebalance,35.0396,90,53.78213383615523,21.89
2019-06-05,AMAT.US,buy,38.7495,8.39,signal,0.0,0,0.0,0.0
2019-09-04,AMAT.US,sell,45.5276,8.39,target_rebalance,56.8683,91,58.185861586986256,17.49
2019-06-05,ASML.US,buy,183.7911,0.7,signal,0.0,0,0.0,0.0
2019-09-04,ASML.US,sell,210.775,0.7,target_rebalance,18.8887,91,56.82369494854279,14.68
2019-06-05,LRCX.US,buy,16.768,24.42,signal,0.0,0,0.0,0.0
2019-09-04,LRCX.US,sell,19.8103,24.42,target_rebalance,74.2911,91,57.7891941841932,18.14
2019-06-05,MU.US,buy,35.6437,73.23,signal,0.0,0,0.0,0.0
2019-09-04,MU.US,sell,45.2498,73.23,target_rebalance,703.4571,91,54.78213383615523,26.95
2019-06-05,AMAT.US,buy,38.7495,8.35,signal,0.0,0,0.0,0.0
2019-09-05,AMAT.US,sell,47.2992,8.35,target_rebalance,71.39,92,59.18586158698625,22.06
2019-06-05,ASML.US,buy,183.7911,9.59,signal,0.0,0,0.0,0.0
2019-09-05,ASML.US,sell,221.6636,9.59,target_rebalance,363.1969,92,57.8236949485428,20.61
2019-06-05,LRCX.US,buy,16.768,124.87,signal,0.0,0,0.0,0.0
2019-09-05,LRCX.US,sell,20.9044,124.87,target_rebalance,516.5057,92,58.78919418419319,24.67
2019-06-05,AVGO.US,buy,22.6629,7.81,signal,0.0,0,0.0,0.0
2019-09-06,AVGO.US,sell,24.5148,7.81,target_rebalance,14.4636,93,55.35681047987461,8.17
2019-06-05,MU.US,buy,35.6728,27.43,signal,0.0,0,0.0,0.0
2019-09-06,MU.US,sell,47.5976,27.43,target_rebalance,327.0947,93,56.6358067867378,33.43
2019-06-05,NVDA.US,buy,3.7201,795.04,signal,0.0,0,0.0,0.0
2019-09-06,NVDA.US,sell,4.437,795.04,target_rebalance,569.9485,93,55.97474134124646,19.27
2019-06-05,ASML.US,buy,183.7911,0.03,signal,0.0,0,0.0,0.0
2019-09-09,ASML.US,sell,224.224,0.03,target_rebalance,1.213,96,59.82369494854279,22.0
2019-06-05,AVGO.US,buy,22.6629,45.95,signal,0.0,0,0.0,0.0
2019-09-09,AVGO.US,sell,24.7794,45.95,target_rebalance,97.2544,96,56.3568104798746,9.34
2019-06-05,LRCX.US,buy,16.7969,44.99,signal,0.0,0,0.0,0.0
2019-09-09,LRCX.US,sell,21.139,44.99,target_rebalance,195.3524,96,60.375434242390696,25.85
2019-06-05,MU.US,buy,35.6728,32.78,signal,0.0,0,0.0,0.0
2019-09-09,MU.US,sell,48.26,32.78,target_rebalance,412.6066,96,57.635806786737795,35.28
2019-06-05,NVDA.US,buy,3.7201,107.58,signal,0.0,0,0.0,0.0
2019-09-09,NVDA.US,sell,4.4643,107.58,target_rebalance,80.0586,96,56.97474134124645,20.0
2019-06-05,AMAT.US,buy,38.8586,15.86,signal,0.0,0,0.0,0.0
2019-09-10,AMAT.US,sell,47.2242,15.86,target_rebalance,132.6779,97,61.41293369135709,21.53
2019-06-05,ASML.US,buy,183.7911,6.07,signal,0.0,0,0.0,0.0
2019-09-10,ASML.US,sell,225.1525,6.07,target_rebalance,251.0635,97,60.82369494854278,22.5
2019-06-05,LRCX.US,buy,16.7969,34.81,signal,0.0,0,0.0,0.0
2019-09-10,LRCX.US,sell,21.1326,34.81,target_rebalance,150.9255,97,61.375434242390696,25.81
2019-06-05,MU.US,buy,35.6728,6.04,signal,0.0,0,0.0,0.0
2019-09-10,MU.US,sell,48.0944,6.04,target_rebalance,75.026,97,58.63580678673781,34.82
2019-06-05,NVDA.US,buy,3.7201,47.12,signal,0.0,0,0.0,0.0
2019-09-10,NVDA.US,sell,4.4464,47.12,target_rebalance,34.2237,97,57.97474134124645,19.52
2019-06-05,AVGO.US,buy,22.6721,24.26,signal,0.0,0,0.0,0.0
2019-09-11,AVGO.US,sell,24.8903,24.26,target_rebalance,53.8136,98,58.07306914074922,9.78
2019-06-05,LRCX.US,buy,16.7969,1.7,signal,0.0,0,0.0,0.0
2019-09-11,LRCX.US,sell,21.3654,1.7,target_rebalance,7.7664,98,62.3754342423907,27.2
2019-06-05,MU.US,buy,35.6728,6.99,signal,0.0,0,0.0,0.0
2019-09-11,MU.US,sell,48.7276,6.99,target_rebalance,91.2526,98,59.63580678673781,36.6
2019-06-05,NVDA.US,buy,3.7201,460.93,signal,0.0,0,0.0,0.0
2019-09-11,NVDA.US,sell,4.5603,460.93,target_rebalance,387.2797,98,58.97474134124645,22.59
2019-06-05,AMAT.US,buy,38.924,30.58,signal,0.0,0,0.0,0.0
2019-09-12,AMAT.US,sell,48.4146,30.58,target_rebalance,290.2246,99,62.933506896995326,24.38
2019-06-05,ASML.US,buy,183.8785,0.21,signal,0.0,0,0.0,0.0
2019-09-12,ASML.US,sell,229.8699,0.21,target_rebalance,9.6582,99,62.69898903125327,25.01
2019-06-05,AVGO.US,buy,22.6721,30.78,signal,0.0,0,0.0,0.0
2019-09-12,AVGO.US,sell,25.3195,30.78,target_rebalance,81.488,99,59.07306914074922,11.68
2019-06-05,LRCX.US,buy,16.7969,2.32,signal,0.0,0,0.0,0.0
2019-09-12,LRCX.US,sell,21.6249,2.32,target_rebalance,11.201,99,63.3754342423907,28.74
2019-06-05,MU.US,buy,35.6728,10.98,signal,0.0,0,0.0,0.0
2019-09-12,MU.US,sell,49.4874,10.98,target_rebalance,151.6841,99,60.6358067867378,38.73
2019-06-05,NVDA.US,buy,3.7201,44.2,signal,0.0,0,0.0,0.0
2019-09-12,NVDA.US,sell,4.6206,44.2,target_rebalance,39.8027,99,59.97474134124645,24.21
2019-06-05,AMAT.US,buy,38.924,6.47,signal,0.0,0,0.0,0.0
2019-09-13,AMAT.US,sell,48.499,6.47,target_rebalance,61.9505,100,63.933506896995326,24.6
2019-06-05,AMD.US,buy,30.6764,22.65,signal,0.0,0,0.0,0.0
2019-09-13,AMD.US,sell,30.2397,22.65,target_rebalance,-9.8895,100,49.75441922675,-1.42
2019-06-05,ASML.US,buy,183.8785,13.49,signal,0.0,0,0.0,0.0
2019-09-13,ASML.US,sell,234.8031,13.49,target_rebalance,686.9719,100,63.69898903125328,27.69
2019-06-05,LRCX.US,buy,16.7969,48.93,signal,0.0,0,0.0,0.0
2019-09-13,LRCX.US,sell,21.7749,48.93,target_rebalance,243.5731,100,64.3754342423907,29.64
2019-06-05,TSM.US,buy,34.0872,5.88,signal,0.0,0,0.0,0.0
2019-09-13,TSM.US,sell,38.998,5.88,target_rebalance,28.8753,100,62.19281822725662,14.41
2019-06-05,AMD.US,buy,30.6764,85.29,signal,0.0,0,0.0,0.0
2019-09-16,AMD.US,sell,30.3396,85.29,target_rebalance,-28.7191,103,50.75441922675001,-1.1
2019-06-05,TSM.US,buy,34.0872,62.31,signal,0.0,0,0.0,0.0
2019-09-16,TSM.US,sell,39.0857,62.31,target_rebalance,311.4592,103,63.19281822725662,14.66
2019-06-05,AMD.US,buy,30.6764,80.7,signal,0.0,0,0.0,0.0
2019-09-17,AMD.US,sell,31.0389,80.7,target_rebalance,29.2599,104,51.75441922675,1.18
2019-06-05,MU.US,buy,35.7794,16.4,signal,0.0,0,0.0,0.0
2019-09-17,MU.US,sell,48.8835,16.4,target_rebalance,214.9067,104,63.128030630645426,36.62
2019-06-05,NVDA.US,buy,3.738,39.2,signal,0.0,0,0.0,0.0
2019-09-17,NVDA.US,sell,4.4787,39.2,target_rebalance,29.035,104,61.60268252136603,19.82
2019-06-05,AMAT.US,buy,39.0267,13.93,signal,0.0,0,0.0,0.0
2019-09-18,AMAT.US,sell,48.0491,13.93,target_rebalance,125.6809,105,66.14825098610068,23.12
2019-06-05,ASML.US,buy,184.2398,1.87,signal,0.0,0,0.0,0.0
2019-09-18,ASML.US,sell,233.2556,1.87,target_rebalance,91.6597,105,66.19463223277569,26.6
2019-06-05,MU.US,buy,35.7794,25.95,signal,0.0,0,0.0,0.0
2019-09-18,MU.US,sell,49.6823,25.95,target_rebalance,360.7795,105,64.12803063064543,38.86
2019-06-05,TSM.US,buy,34.1311,38.72,signal,0.0,0,0.0,0.0
2019-09-18,TSM.US,sell,39.6475,38.72,target_rebalance,213.5938,105,64.61218458011447,16.16
2019-06-05,AMAT.US,buy,39.0267,55.76,signal,0.0,0,0.0,0.0
2019-09-19,AMAT.US,sell,49.202,55.76,target_rebalance,567.373,106,67.14825098610066,26.07
2019-06-05,ASML.US,buy,184.2398,1.18,signal,0.0,0,0.0,0.0
2019-09-19,ASML.US,sell,234.8687,1.18,target_rebalance,59.7421,106,67.19463223277567,27.48
2019-06-05,LRCX.US,buy,16.8113,59.82,signal,0.0,0,0.0,0.0
2019-09-19,LRCX.US,sell,21.9746,59.82,target_rebalance,308.8708,106,68.17708437547743,30.71
2019-06-05,ASML.US,buy,184.2398,4.7,signal,0.0,0,0.0,0.0
2019-09-20,ASML.US,sell,235.1219,4.7,target_rebalance,239.1462,107,68.19463223277567,27.62
2019-06-05,AVGO.US,buy,22.7465,64.33,signal,0.0,0,0.0,0.0
2019-09-20,AVGO.US,sell,24.3861,64.33,target_rebalance,105.4749,107,62.399116422776444,7.21
2019-06-05,TSM.US,buy,34.1535,14.15,signal,0.0,0,0.0,0.0
2019-09-20,TSM.US,sell,39.5794,14.15,target_rebalance,76.7767,107,66.34850016889624,15.89
2019-06-05,AMD.US,buy,30.677,25.17,signal,0.0,0,0.0,0.0
2019-09-23,AMD.US,sell,30.0899,25.17,target_rebalance,-14.7789,110,54.34467943846884,-1.91
2019-06-05,AVGO.US,buy,22.7465,6.38,signal,0.0,0,0.0,0.0
2019-09-23,AVGO.US,sell,24.0427,6.38,target_rebalance,8.2701,110,63.39911642277644,5.7
2019-06-05,LRCX.US,buy,16.8113,37.96,signal,0.0,0,0.0,0.0
2019-09-23,LRCX.US,sell,21.6249,37.96,target_rebalance,182.7263,110,70.17708437547743,28.63
2019-06-05,TSM.US,buy,34.1535,7.25,signal,0.0,0,0.0,0.0
2019-09-23,TSM.US,sell,39.0578,7.25,target_rebalance,35.5563,110,67.34850016889622,14.36
2019-06-05,AMAT.US,buy,39.0985,22.52,signal,0.0,0,0.0,0.0
2019-09-24,AMAT.US,sell,48.7615,22.52,target_rebalance,217.6103,111,69.60441083223108,24.71
2019-06-05,AMD.US,buy,30.677,3.33,signal,0.0,0,0.0,0.0
2019-09-24,AMD.US,sell,30.5095,3.33,target_rebalance,-0.558,111,55.34467943846884,-0.55
2019-06-05,LRCX.US,buy,16.8113,29.95,signal,0.0,0,0.0,0.0
2019-09-24,LRCX.US,sell,22.0114,29.95,target_rebalance,155.7444,111,71.17708437547743,30.93
2019-06-05,NVDA.US,buy,3.7592,143.6,signal,0.0,0,0.0,0.0
2019-09-24,NVDA.US,sell,4.37,143.6,target_rebalance,87.7045,111,64.53972143332489,16.25
2019-06-05,AMAT.US,buy,39.0985,1.25,signal,0.0,0,0.0,0.0
2019-09-25,AMAT.US,sell,47.4773,1.25,target_rebalance,10.4735,112,70.60441083223108,21.43
2019-06-05,ASML.US,buy,184.4219,0.25,signal,0.0,0,0.0,0.0
2019-09-25,ASML.US,sell,227.5909,0.25,target_rebalance,10.7922,112,70.93424455387535,23.41
2019-06-05,LRCX.US,buy,16.8113,5.28,signal,0.0,0,0.0,0.0
2019-09-25,LRCX.US,sell,21.4399,5.28,target_rebalance,24.4395,112,72.17708437547743,27.53
2019-06-05,NVDA.US,buy,3.7592,213.77,signal,0.0,0,0.0,0.0
2019-09-25,NVDA.US,sell,4.2809,213.77,target_rebalance,111.5172,112,65.53972143332487,13.88
2019-06-05,TSM.US,buy,34.1853,74.55,signal,0.0,0,0.0,0.0
2019-09-25,TSM.US,sell,39.0755,74.55,target_rebalance,364.5598,112,68.92772434053995,14.3
2019-06-05,AMAT.US,buy,39.0985,20.05,signal,0.0,0,0.0,0.0
2019-09-26,AMAT.US,sell,48.9021,20.05,target_rebalance,196.5622,113,71.60441083223107,25.07
2019-06-05,ASML.US,buy,184.4219,3.22,signal,0.0,0,0.0,0.0
2019-09-26,ASML.US,sell,234.0528,3.22,target_rebalance,159.8113,113,71.93424455387535,26.91
2019-06-05,LRCX.US,buy,16.8113,94.48,signal,0.0,0,0.0,0.0
2019-09-26,LRCX.US,sell,22.2553,94.48,target_rebalance,514.349,113,73.17708437547743,32.38
2019-06-05,NVDA.US,buy,3.7592,250.29,signal,0.0,0,0.0,0.0
2019-09-26,NVDA.US,sell,4.4132,250.29,target_rebalance,163.673,113,66.53972143332489,17.4
2019-06-05,ASML.US,buy,184.4219,2.81,signal,0.0,0,0.0,0.0
2019-09-27,ASML.US,sell,231.7175,2.81,target_rebalance,132.9006,114,72.93424455387535,25.65
2019-06-05,AVGO.US,buy,22.7615,106.82,signal,0.0,0,0.0,0.0
2019-09-27,AVGO.US,sell,23.4502,106.82,target_rebalance,73.5633,114,65.03319403875297,3.03
2019-06-05,LRCX.US,buy,16.8113,12.74,signal,0.0,0,0.0,0.0
2019-09-27,LRCX.US,sell,21.9755,12.74,target_rebalance,65.7926,114,74.17708437547743,30.72
2019-06-05,NVDA.US,buy,3.7592,74.5,signal,0.0,0,0.0,0.0
2019-09-27,NVDA.US,sell,4.3591,74.5,target_rebalance,44.6879,114,67.53972143332489,15.96
2019-06-05,TSM.US,buy,34.1887,114.23,signal,0.0,0,0.0,0.0
2019-09-27,TSM.US,sell,40.6668,114.23,target_rebalance,739.9872,114,70.88675049293742,18.95
2019-06-05,AMD.US,buy,30.6507,33.08,signal,0.0,0,0.0,0.0
2019-09-30,AMD.US,sell,28.8611,33.08,target_rebalance,-59.1988,117,57.938396691169075,-5.84
2019-06-05,ASML.US,buy,184.4219,6.07,signal,0.0,0,0.0,0.0
2019-09-30,ASML.US,sell,229.7574,6.07,target_rebalance,275.1863,117,73.93424455387536,24.58
2019-06-05,AVGO.US,buy,22.7615,92.38,signal,0.0,0,0.0,0.0
2019-09-30,AVGO.US,sell,23.379,92.38,target_rebalance,57.0409,117,66.03319403875295,2.71
2019-06-05,NVDA.US,buy,3.7592,67.83,signal,0.0,0,0.0,0.0
2019-09-30,NVDA.US,sell,4.2881,67.83,target_rebalance,35.8729,117,68.53972143332489,14.07
2019-06-05,TSM.US,buy,34.1887,105.33,signal,0.0,0,0.0,0.0
2019-09-30,TSM.US,sell,41.1707,105.33,target_rebalance,735.4103,117,71.88675049293741,20.42
2019-06-05,AMAT.US,buy,39.1968,3.04,signal,0.0,0,0.0,0.0
2019-10-01,AMAT.US,sell,47.2523,3.04,target_rebalance,24.4888,118,73.70475139395298,20.55
2019-06-05,ASML.US,buy,184.4219,4.09,signal,0.0,0,0.0,0.0
2019-10-01,ASML.US,sell,233.6871,4.09,target_rebalance,201.4944,118,74.93424455387535,26.71
2019-06-05,LRCX.US,buy,16.8701,12.88,signal,0.0,0,0.0,0.0
2019-10-01,LRCX.US,sell,21.5486,12.88,target_rebalance,60.2582,118,75.18838958445288,27.73
2019-06-05,NVDA.US,buy,3.7592,80.62,signal,0.0,0,0.0,0.0
2019-10-01,NVDA.US,sell,4.3427,80.62,target_rebalance,47.0384,118,69.53972143332489,15.52
2019-06-05,AVGO.US,buy,22.7615,0.92,signal,0.0,0,0.0,0.0
2019-10-02,AVGO.US,sell,23.1815,0.92,target_rebalance,0.3863,119,68.03319403875295,1.84
2019-06-05,NVDA.US,buy,3.7592,256.44,signal,0.0,0,0.0,0.0
2019-10-02,NVDA.US,sell,4.296,256.44,target_rebalance,137.6584,119,70.53972143332489,14.28
2019-06-05,TSM.US,buy,34.1887,38.94,signal,0.0,0,0.0,0.0
2019-10-02,TSM.US,sell,41.2944,38.94,target_rebalance,276.6975,119,73.88675049293741,20.78
2019-06-05,AMAT.US,buy,39.1972,4.88,signal,0.0,0,0.0,0.0
2019-10-03,AMAT.US,sell,46.3243,4.88,target_rebalance,34.7803,120,75.70046301909034,18.18
2019-06-05,LRCX.US,buy,16.8889,64.98,signal,0.0,0,0.0,0.0
2019-10-03,LRCX.US,sell,21.2082,64.98,target_rebalance,280.6681,120,76.84592785997204,25.57
2019-06-05,MU.US,buy,36.8936,16.54,signal,0.0,0,0.0,0.0
2019-10-03,MU.US,sell,40.9148,16.54,target_rebalance,66.5102,120,65.40460151732462,10.9
2019-06-05,NVDA.US,buy,3.7592,102.55,signal,0.0,0,0.0,0.0
2019-10-03,NVDA.US,sell,4.2985,102.55,target_rebalance,55.3038,120,71.53972143332489,14.35
2019-06-05,AVGO.US,buy,22.7629,40.0,signal,0.0,0,0.0,0.0
2019-10-04,AVGO.US,sell,23.6079,40.0,target_rebalance,33.798,121,69.47648685085578,3.71
2019-06-05,MU.US,buy,36.8936,58.63,signal,0.0,0,0.0,0.0
2019-10-04,MU.US,sell,42.5806,58.63,target_rebalance,333.4279,121,66.40460151732462,15.41
2019-06-05,NVDA.US,buy,3.7592,752.58,signal,0.0,0,0.0,0.0
2019-10-04,NVDA.US,sell,4.5015,752.58,target_rebalance,558.623,121,72.53972143332489,19.75
2019-06-05,AMAT.US,buy,39.262,7.1,signal,0.0,0,0.0,0.0
2019-10-07,AMAT.US,sell,47.6366,7.1,target_rebalance,59.4597,124,77.061168150865,21.33
2019-06-05,MU.US,buy,36.8936,5.67,signal,0.0,0,0.0,0.0
2019-10-07,MU.US,sell,43.1554,5.67,target_rebalance,35.5041,124,67.40460151732462,16.97
2019-06-05,NVDA.US,buy,3.7592,176.77,signal,0.0,0,0.0,0.0
2019-10-07,NVDA.US,sell,4.5804,176.77,target_rebalance,145.1618,124,73.53972143332487,21.84
2019-06-05,TSM.US,buy,34.2683,3.68,signal,0.0,0,0.0,0.0
2019-10-07,TSM.US,sell,42.1962,3.68,target_rebalance,29.1745,124,76.07429299794696,23.13
2019-06-05,TSM.US,buy,34.2683,78.11,signal,0.0,0,0.0,0.0
2019-10-08,TSM.US,sell,42.6647,78.11,target_rebalance,655.8439,125,77.07429299794696,24.5
2019-06-05,AMD.US,buy,30.613,28.57,signal,0.0,0,0.0,0.0
2019-10-09,AMD.US,sell,28.7712,28.57,target_rebalance,-52.6204,126,63.69807408964716,-6.02
2019-06-05,ASML.US,buy,185.2353,1.82,signal,0.0,0,0.0,0.0
2019-10-09,ASML.US,sell,230.3013,1.82,target_rebalance,82.0201,126,79.49629081814967,24.33
2019-06-05,LRCX.US,buy,16.9639,39.6,signal,0.0,0,0.0,0.0
2019-10-09,LRCX.US,sell,21.4561,39.6,target_rebalance,177.8909,126,79.53057461457682,26.48
2019-06-05,AMAT.US,buy,39.2663,15.18,signal,0.0,0,0.0,0.0
2019-10-10,AMAT.US,sell,47.496,15.18,target_rebalance,124.9268,127,80.01759891076522,20.96
2019-06-05,ASML.US,buy,185.2353,6.46,signal,0.0,0,0.0,0.0
2019-10-10,ASML.US,sell,233.6589,6.46,target_rebalance,312.8161,127,80.49629081814967,26.14
2019-06-05,TSM.US,buy,34.2719,28.83,signal,0.0,0,0.0,0.0
2019-10-10,TSM.US,sell,43.2394,28.83,target_rebalance,258.5338,127,79.04145537962818,26.17
2019-06-05,AMAT.US,buy,39.2663,11.65,signal,0.0,0,0.0,0.0
2019-10-11,AMAT.US,sell,48.8927,11.65,target_rebalance,112.1472,128,81.0175989107652,24.52
2019-06-05,ASML.US,buy,185.2353,6.85,signal,0.0,0,0.0,0.0
2019-10-11,ASML.US,sell,242.3435,6.85,target_rebalance,391.1908,128,81.49629081814967,30.83
2019-06-05,LRCX.US,buy,16.9639,27.81,signal,0.0,0,0.0,0.0
2019-10-11,LRCX.US,sell,22.1784,27.81,target_rebalance,145.0149,128,81.53057461457682,30.74
2019-06-05,MU.US,buy,37.0119,26.11,signal,0.0,0,0.0,0.0
2019-10-11,MU.US,sell,43.2431,26.11,target_rebalance,162.6961,128,69.79715032811235,16.84
2019-06-05,NVDA.US,buy,3.7681,140.92,signal,0.0,0,0.0,0.0
2019-10-11,NVDA.US,sell,4.6258,140.92,target_rebalance,120.8768,128,76.63094604189965,22.76
2019-06-05,AMD.US,buy,30.5648,122.36,signal,0.0,0,0.0,0.0
2019-10-14,AMD.US,sell,29.6803,122.36,target_rebalance,-108.2297,131,65.0360720384529,-2.89
2019-06-05,ASML.US,buy,185.2353,1.31,signal,0.0,0,0.0,0.0
2019-10-14,ASML.US,sell,243.6752,1.31,target_rebalance,76.5563,131,82.49629081814967,31.55
2019-06-05,MU.US,buy,37.0119,31.47,signal,0.0,0,0.0,0.0
2019-10-14,MU.US,sell,43.7983,31.47,target_rebalance,213.5694,131,70.79715032811235,18.34
2019-06-05,AMD.US,buy,30.5648,92.1,signal,0.0,0,0.0,0.0
2019-10-15,AMD.US,sell,30.6693,92.1,target_rebalance,9.6238,132,66.0360720384529,0.34
2019-06-05,ASML.US,buy,185.2353,0.09,signal,0.0,0,0.0,0.0
2019-10-15,ASML.US,sell,247.0704,0.09,target_rebalance,5.5652,132,83.49629081814967,33.38
2019-06-05,NVDA.US,buy,3.7726,260.79,signal,0.0,0,0.0,0.0
2019-10-15,NVDA.US,sell,4.7189,260.79,target_rebalance,246.7724,132,78.21185381393624,25.08
2019-06-05,AVGO.US,buy,22.7874,85.48,signal,0.0,0,0.0,0.0
2019-10-16,AVGO.US,sell,24.4988,85.48,target_rebalance,146.2924,133,75.35671116549531,7.51
2019-06-05,MU.US,buy,37.0556,29.59,signal,0.0,0,0.0,0.0
2019-10-16,MU.US,sell,44.8017,29.59,target_rebalance,229.209,133,72.35664785464726,20.9
2019-06-05,NVDA.US,buy,3.7726,584.06,signal,0.0,0,0.0,0.0
2019-10-16,NVDA.US,sell,4.839,584.06,target_rebalance,622.8148,133,79.21185381393624,28.27
2019-06-05,AMAT.US,buy,39.515,11.81,signal,0.0,0,0.0,0.0
2019-10-17,AMAT.US,sell,49.1739,11.81,target_rebalance,114.0722,134,82.84289390590546,24.44
2019-06-05,AMD.US,buy,30.5653,73.65,signal,0.0,0,0.0,0.0
2019-10-17,AMD.US,sell,31.2687,73.65,target_rebalance,51.8058,134,67.54028674147307,2.3
2019-06-05,TSM.US,buy,34.437,28.19,signal,0.0,0,0.0,0.0
2019-10-17,TSM.US,sell,45.2108,28.19,target_rebalance,303.7155,134,82.65561248756254,31.29
2019-06-05,AMAT.US,buy,39.515,21.67,signal,0.0,0,0.0,0.0
2019-10-18,AMAT.US,sell,48.9489,21.67,target_rebalance,204.4341,135,83.84289390590544,23.87
2019-06-05,AMD.US,buy,30.5653,19.4,signal,0.0,0,0.0,0.0
2019-10-18,AMD.US,sell,31.0289,19.4,target_rebalance,8.9947,135,68.54028674147305,1.52
2019-06-05,ASML.US,buy,187.3277,0.72,signal,0.0,0,0.0,0.0
2019-10-18,ASML.US,sell,238.2076,0.72,target_rebalance,36.6335,135,83.38306759299098,27.16
2019-06-05,AVGO.US,buy,22.7874,49.86,signal,0.0,0,0.0,0.0
2019-10-18,AVGO.US,sell,24.5412,49.86,target_rebalance,87.445,135,77.35671116549531,7.7
2019-06-05,NVDA.US,buy,3.7726,92.52,signal,0.0,0,0.0,0.0
2019-10-18,NVDA.US,sell,4.8219,92.52,target_rebalance,97.0749,135,81.21185381393624,27.81
2019-06-05,AMD.US,buy,30.5653,65.13,signal,0.0,0,0.0,0.0
2019-10-21,AMD.US,sell,31.4685,65.13,target_rebalance,58.8258,138,69.54028674147307,2.96
2019-06-05,ASML.US,buy,187.3277,8.94,signal,0.0,0,0.0,0.0
2019-10-21,ASML.US,sell,241.762,8.94,target_rebalance,486.6427,138,84.38306759299098,29.06
2019-06-05,LRCX.US,buy,17.1208,21.65,signal,0.0,0,0.0,0.0
2019-10-21,LRCX.US,sell,21.9167,21.65,target_rebalance,103.8296,138,84.91493563695691,28.01
2019-06-05,AMD.US,buy,30.5653,13.87,signal,0.0,0,0.0,0.0
2019-10-22,AMD.US,sell,32.0279,13.87,target_rebalance,20.2869,139,70.54028674147305,4.79
2019-06-05,MU.US,buy,37.2879,45.43,signal,0.0,0,0.0,0.0
2019-10-22,MU.US,sell,44.1295,45.43,target_rebalance,310.8166,139,73.66217031048012,18.35
2019-06-05,NVDA.US,buy,3.7779,323.92,signal,0.0,0,0.0,0.0
2019-10-22,NVDA.US,sell,4.9209,323.92,target_rebalance,370.2308,139,82.78898313930317,30.25
2019-06-05,ASML.US,buy,187.8101,3.54,signal,0.0,0,0.0,0.0
2019-10-23,ASML.US,sell,239.0141,3.54,target_rebalance,181.2622,140,85.64614037170978,27.26
2019-06-05,TSM.US,buy,34.6105,59.66,signal,0.0,0,0.0,0.0
2019-10-23,TSM.US,sell,44.2914,59.66,target_rebalance,577.563,140,85.12952662066975,27.97
2019-06-05,AMAT.US,buy,39.5863,5.13,signal,0.0,0,0.0,0.0
2019-10-24,AMAT.US,sell,49.6238,5.13,target_rebalance,51.4927,141,87.19107849228399,25.36
2019-06-05,LRCX.US,buy,17.1582,342.16,signal,0.0,0,0.0,0.0
2019-10-24,LRCX.US,sell,23.3474,342.16,target_rebalance,2117.6962,141,87.20547493130947,36.07
2019-06-05,MU.US,buy,37.3037,37.57,signal,0.0,0,0.0,0.0
2019-10-24,MU.US,sell,44.714,37.57,target_rebalance,278.4078,141,75.45569306957725,19.87
2019-06-05,AMAT.US,buy,39.5863,50.86,signal,0.0,0,0.0,0.0
2019-10-25,AMAT.US,sell,51.4611,50.86,target_rebalance,603.9514,142,88.191078492284,30.0
2019-06-05,LRCX.US,buy,17.1582,184.22,signal,0.0,0,0.0,0.0
2019-10-25,LRCX.US,sell,24.508,184.22,target_rebalance,1353.9913,142,88.20547493130948,42.84
2019-06-05,MU.US,buy,37.3037,34.25,signal,0.0,0,0.0,0.0
2019-10-25,MU.US,sell,46.0584,34.25,target_rebalance,299.8489,142,76.45569306957725,23.47
2019-06-05,AMD.US,buy,30.5936,56.2,signal,0.0,0,0.0,0.0
2019-10-28,AMD.US,sell,33.1268,56.2,target_rebalance,142.3705,145,72.59829273170578,8.28
2019-06-05,AVGO.US,buy,22.8653,3.89,signal,0.0,0,0.0,0.0
2019-10-28,AVGO.US,sell,24.6819,3.89,target_rebalance,7.0666,145,78.72657817172738,7.94
2019-06-05,LRCX.US,buy,17.1582,19.64,signal,0.0,0,0.0,0.0
2019-10-28,LRCX.US,sell,25.2054,19.64,target_rebalance,158.0467,145,89.20547493130947,46.9
2019-06-05,MU.US,buy,37.3037,1.93,signal,0.0,0,0.0,0.0
2019-10-28,MU.US,sell,47.2469,1.93,target_rebalance,19.1903,145,77.45569306957725,26.65
2019-06-05,NVDA.US,buy,3.792,110.73,signal,0.0,0,0.0,0.0
2019-10-28,NVDA.US,sell,5.1194,110.73,target_rebalance,146.9884,145,85.69333900470595,35.01
2019-06-05,AMAT.US,buy,39.6191,0.85,signal,0.0,0,0.0,0.0
2019-10-29,AMAT.US,sell,53.1295,0.85,target_rebalance,11.4839,146,89.96668897445518,34.1
2019-06-05,AMD.US,buy,30.5936,36.62,signal,0.0,0,0.0,0.0
2019-10-29,AMD.US,sell,33.6963,36.62,target_rebalance,113.6213,146,73.59829273170578,10.14
2019-06-05,LRCX.US,buy,17.1582,119.29,signal,0.0,0,0.0,0.0
2019-10-29,LRCX.US,sell,25.9388,119.29,target_rebalance,1047.435,146,90.20547493130947,51.17
2019-06-05,AVGO.US,buy,22.872,23.34,signal,0.0,0,0.0,0.0
2019-10-30,AVGO.US,sell,24.5844,23.34,target_rebalance,39.9684,147,80.45510776675312,7.49
2019-06-05,NVDA.US,buy,3.8021,18.65,signal,0.0,0,0.0,0.0
2019-10-30,NVDA.US,sell,5.0623,18.65,target_rebalance,23.5041,147,87.0378959391366,33.15
2019-06-05,TSM.US,buy,35.1423,58.59,signal,0.0,0,0.0,0.0
2019-10-30,TSM.US,sell,45.7855,58.59,target_rebalance,623.5826,147,85.71503100111903,30.29
2019-06-05,AMD.US,buy,30.6137,8.76,signal,0.0,0,0.0,0.0
2019-10-31,AMD.US,sell,32.947,8.76,target_rebalance,20.4401,148,74.96504175354124,7.62
2019-06-05,ASML.US,buy,189.8205,5.28,signal,0.0,0,0.0,0.0
2019-10-31,ASML.US,sell,248.8147,5.28,target_rebalance,311.4893,148,88.69308056150376,31.08
2019-06-05,AVGO.US,buy,22.872,10.22,signal,0.0,0,0.0,0.0
2019-10-31,AVGO.US,sell,24.5666,10.22,target_rebalance,17.3192,148,81.45510776675312,7.41
2019-06-05,LRCX.US,buy,17.1582,15.85,signal,0.0,0,0.0,0.0
2019-10-31,LRCX.US,sell,25.5984,15.85,target_rebalance,133.7777,148,92.20547493130948,49.19
2019-06-05,TSM.US,buy,35.1423,14.48,signal,0.0,0,0.0,0.0
2019-10-31,TSM.US,sell,45.8739,14.48,target_rebalance,155.3931,148,86.71503100111903,30.54
2019-06-05,AMD.US,buy,30.6137,170.12,signal,0.0,0,0.0,0.0
2019-11-01,AMD.US,sell,34.3356,170.12,target_rebalance,633.1796,149,75.96504175354124,12.16
2019-06-05,ASML.US,buy,189.8205,1.66,signal,0.0,0,0.0,0.0
2019-11-01,ASML.US,sell,250.606,1.66,target_rebalance,100.9039,149,89.69308056150378,32.02
2019-06-05,AVGO.US,buy,22.872,40.57,signal,0.0,0,0.0,0.0
2019-11-01,AVGO.US,sell,24.837,40.57,target_rebalance,79.7226,149,82.4551077667531,8.59
2019-06-05,MU.US,buy,37.4561,36.79,signal,0.0,0,0.0,0.0
2019-11-04,MU.US,sell,48.1139,36.79,target_rebalance,392.0992,152,81.08614281708057,28.45
2019-06-05,NVDA.US,buy,3.8276,74.98,signal,0.0,0,0.0,0.0
2019-11-04,NVDA.US,sell,5.1082,74.98,target_rebalance,96.0234,152,88.10750847002326,33.46
2019-06-05,TSM.US,buy,35.1694,10.33,signal,0.0,0,0.0,0.0
2019-11-04,TSM.US,sell,47.3414,10.33,target_rebalance,125.7367,152,88.49525150539199,34.61
2019-06-05,AMD.US,buy,30.6177,116.74,signal,0.0,0,0.0,0.0
2019-11-05,AMD.US,sell,36.5234,116.74,target_rebalance,689.4412,153,77.89849668710204,19.29
2019-06-05,AVGO.US,buy,22.8781,37.37,signal,0.0,0,0.0,0.0
2019-11-05,AVGO.US,sell,25.8551,37.37,target_rebalance,111.2505,153,84.2550016903073,13.01
2019-06-05,NVDA.US,buy,3.8276,377.45,signal,0.0,0,0.0,0.0
2019-11-05,NVDA.US,sell,5.2234,377.45,target_rebalance,526.8439,153,89.10750847002325,36.47
2019-06-05,AVGO.US,buy,22.8781,183.76,signal,0.0,0,0.0,0.0
2019-11-06,AVGO.US,sell,26.4536,183.76,target_rebalance,657.0311,154,85.25500169030728,15.63
2019-06-05,TSM.US,buy,35.2516,21.16,signal,0.0,0,0.0,0.0
2019-11-06,TSM.US,sell,47.474,21.16,target_rebalance,258.6263,154,89.89909664359863,34.67
2019-06-05,AMAT.US,buy,40.0589,8.34,signal,0.0,0,0.0,0.0
2019-11-07,AMAT.US,sell,52.7827,8.34,target_rebalance,106.1171,155,93.70098252496743,31.76
2019-06-05,AMD.US,buy,30.6441,12.02,signal,0.0,0,0.0,0.0
2019-11-07,AMD.US,sell,36.4835,12.02,target_rebalance,70.1892,155,79.51749013362927,19.06
2019-06-05,AVGO.US,buy,22.8781,19.67,signal,0.0,0,0.0,0.0
2019-11-07,AVGO.US,sell,26.752,19.67,target_rebalance,76.1992,155,86.25500169030728,16.93
2019-06-05,NVDA.US,buy,3.8276,58.77,signal,0.0,0,0.0,0.0
2019-11-07,NVDA.US,sell,5.2388,58.77,target_rebalance,82.9354,155,91.10750847002326,36.87
2019-06-05,AMAT.US,buy,40.0589,13.13,signal,0.0,0,0.0,0.0
2019-11-08,AMAT.US,sell,52.2109,13.13,target_rebalance,159.5569,156,94.70098252496742,30.34
2019-06-05,AMD.US,buy,30.6441,11.09,signal,0.0,0,0.0,0.0
2019-11-08,AMD.US,sell,36.0239,11.09,target_rebalance,59.6623,156,80.51749013362925,17.56
2019-06-05,ASML.US,buy,191.397,0.55,signal,0.0,0,0.0,0.0
2019-11-08,ASML.US,sell,250.3568,0.55,target_rebalance,32.4279,156,92.46769797004909,30.8
2019-06-05,TSM.US,buy,35.2798,21.27,signal,0.0,0,0.0,0.0
2019-11-08,TSM.US,sell,47.3237,21.27,target_rebalance,256.1752,156,91.69431220072642,34.14
2019-06-05,AMAT.US,buy,40.0589,19.11,signal,0.0,0,0.0,0.0
2019-11-11,AMAT.US,sell,52.2766,19.11,target_rebalance,233.48,159,95.70098252496742,30.5
2019-06-05,AMD.US,buy,30.6441,9.93,signal,0.0,0,0.0,0.0
2019-11-11,AMD.US,sell,35.924,9.93,target_rebalance,52.4297,159,81.51749013362927,17.23
2019-06-05,ASML.US,buy,191.397,4.05,signal,0.0,0,0.0,0.0
2019-11-11,ASML.US,sell,250.6958,4.05,target_rebalance,240.1601,159,93.4676979700491,30.98
2019-06-05,AVGO.US,buy,22.8818,44.1,signal,0.0,0,0.0,0.0
2019-11-11,AVGO.US,sell,26.3807,44.1,target_rebalance,154.2999,159,88.16082125874833,15.29
2019-06-05,NVDA.US,buy,3.8276,128.21,signal,0.0,0,0.0,0.0
2019-11-11,NVDA.US,sell,5.1554,128.21,target_rebalance,170.2379,159,93.10750847002328,34.69
2019-06-05,AMAT.US,buy,40.0589,32.15,signal,0.0,0,0.0,0.0
2019-11-12,AMAT.US,sell,53.4295,32.15,target_rebalance,429.8663,160,96.70098252496743,33.38
2019-06-05,AMD.US,buy,30.6441,8.02,signal,0.0,0,0.0,0.0
2019-11-12,AMD.US,sell,36.3936,8.02,target_rebalance,46.1106,160,82.51749013362925,18.76
2019-06-05,LRCX.US,buy,17.5353,54.5,signal,0.0,0,0.0,0.0
2019-11-12,LRCX.US,sell,25.4884,54.5,target_rebalance,433.4396,160,95.90769114172458,45.35
2019-06-05,AMD.US,buy,30.6441,56.05,signal,0.0,0,0.0,0.0
2019-11-13,AMD.US,sell,36.6134,56.05,target_rebalance,334.5758,161,83.51749013362925,19.48
2019-06-05,ASML.US,buy,191.4886,2.61,signal,0.0,0,0.0,0.0
2019-11-13,ASML.US,sell,252.4667,2.61,target_rebalance,159.1528,161,95.32761335718925,31.84
2019-06-05,TSM.US,buy,35.5012,9.21,signal,0.0,0,0.0,0.0
2019-11-13,TSM.US,sell,46.4839,9.21,target_rebalance,101.1507,161,92.85676936526308,30.94
2019-06-05,AMAT.US,buy,40.1466,32.9,signal,0.0,0,0.0,0.0
2019-11-14,AMAT.US,sell,53.5607,32.9,target_rebalance,441.3246,162,98.02287814031445,33.41
2019-06-05,AMD.US,buy,30.6441,77.41,signal,0.0,0,0.0,0.0
2019-11-14,AMD.US,sell,37.4725,77.41,target_rebalance,528.5845,162,84.51749013362925,22.28
2019-06-05,LRCX.US,buy,17.6521,22.92,signal,0.0,0,0.0,0.0
2019-11-14,LRCX.US,sell,25.1369,22.92,target_rebalance,171.5521,162,96.37439864910667,42.4
2019-06-05,AMAT.US,buy,40.1466,89.43,signal,0.0,0,0.0,0.0
2019-11-15,AMAT.US,sell,56.5509,89.43,target_rebalance,1467.0376,163,99.02287814031443,40.86
2019-06-05,AMD.US,buy,30.6441,57.08,signal,0.0,0,0.0,0.0
2019-11-15,AMD.US,sell,38.9011,57.08,target_rebalance,471.3065,163,85.51749013362925,26.94
2019-06-05,LRCX.US,buy,17.6521,39.7,signal,0.0,0,0.0,0.0
2019-11-15,LRCX.US,sell,25.9082,39.7,target_rebalance,327.7681,163,97.37439864910667,46.77
2019-06-05,MU.US,buy,38.0228,19.91,signal,0.0,0,0.0,0.0
2019-11-15,MU.US,sell,46.3701,19.91,target_rebalance,166.1952,163,84.53043419737232,21.95
2019-06-05,AMAT.US,buy,40.1466,70.15,signal,0.0,0,0.0,0.0
2019-11-18,AMAT.US,sell,58.0132,70.15,target_rebalance,1253.341,166,100.02287814031445,44.5
2019-06-05,LRCX.US,buy,17.6521,52.03,signal,0.0,0,0.0,0.0
2019-11-18,LRCX.US,sell,26.1505,52.03,target_rebalance,442.1732,166,98.37439864910667,48.14
2019-06-05,MU.US,buy,38.0228,22.11,signal,0.0,0,0.0,0.0
2019-11-18,MU.US,sell,46.7111,22.11,target_rebalance,192.0979,166,85.5304341973723,22.85
2019-06-05,TSM.US,buy,35.7155,14.24,signal,0.0,0,0.0,0.0
2019-11-18,TSM.US,sell,47.2,14.24,target_rebalance,163.538,166,94.0689514082587,32.16
2019-06-05,AMD.US,buy,30.6965,90.1,signal,0.0,0,0.0,0.0
2019-11-19,AMD.US,sell,40.0999,90.1,target_rebalance,847.243,167,86.9541111430554,30.63
2019-06-05,NVDA.US,buy,3.8929,579.33,signal,0.0,0,0.0,0.0
2019-11-19,NVDA.US,sell,5.2368,579.33,target_rebalance,778.5447,167,94.21235443825496,34.52
2019-06-05,AMD.US,buy,30.6965,143.6,signal,0.0,0,0.0,0.0
2019-11-20,AMD.US,sell,40.919,143.6,target_rebalance,1467.9571,168,87.95411114305539,33.3
2019-06-05,ASML.US,buy,193.0881,4.44,signal,0.0,0,0.0,0.0
2019-11-20,ASML.US,sell,255.5468,4.44,target_rebalance,277.3166,168,97.94064123824836,32.35
2019-06-05,AVGO.US,buy,22.9908,71.28,signal,0.0,0,0.0,0.0
2019-11-20,AVGO.US,sell,26.7791,71.28,target_rebalance,270.0358,168,92.38230894021686,16.48
2019-06-05,TSM.US,buy,35.7167,12.67,signal,0.0,0,0.0,0.0
2019-11-20,TSM.US,sell,47.3414,12.67,target_rebalance,147.2851,168,96.05993837283465,32.55
2019-06-05,AMD.US,buy,30.6965,11.38,signal,0.0,0,0.0,0.0
2019-11-21,AMD.US,sell,40.3796,11.38,target_rebalance,110.1935,169,88.9541111430554,31.54
2019-06-05,ASML.US,buy,193.0881,5.93,signal,0.0,0,0.0,0.0
2019-11-21,ASML.US,sell,253.8043,5.93,target_rebalance,360.0469,169,98.94064123824836,31.44
2019-06-05,AVGO.US,buy,22.9908,5.7,signal,0.0,0,0.0,0.0
2019-11-21,AVGO.US,sell,26.3756,5.7,target_rebalance,19.2938,169,93.38230894021686,14.72
2019-06-05,NVDA.US,buy,3.8954,1032.46,signal,0.0,0,0.0,0.0
2019-11-21,NVDA.US,sell,5.236,1032.46,target_rebalance,1384.131,169,96.02186045884048,34.42
2019-06-05,TSM.US,buy,35.7167,52.24,signal,0.0,0,0.0,0.0
2019-11-21,TSM.US,sell,47.2972,52.24,target_rebalance,604.9658,169,97.05993837283464,32.42
2019-06-05,ASML.US,buy,193.0881,1.46,signal,0.0,0,0.0,0.0
2019-11-22,ASML.US,sell,254.1998,1.46,target_rebalance,89.2231,170,99.94064123824835,31.65
2019-06-05,AVGO.US,buy,22.9908,110.84,signal,0.0,0,0.0,0.0
2019-11-22,AVGO.US,sell,26.8419,110.84,target_rebalance,426.8577,170,94.38230894021686,16.75
2019-06-05,MU.US,buy,38.3006,45.57,signal,0.0,0,0.0,0.0
2019-11-22,MU.US,sell,44.7433,45.57,target_rebalance,293.5911,170,86.25784312656792,16.82
2019-06-05,NVDA.US,buy,3.8954,35.93,signal,0.0,0,0.0,0.0
2019-11-22,NVDA.US,sell,5.2383,35.93,target_rebalance,48.2485,170,97.02186045884048,34.47
2019-06-05,MU.US,buy,38.3006,2.66,signal,0.0,0,0.0,0.0
2019-11-25,MU.US,sell,44.9089,2.66,target_rebalance,17.5779,173,87.25784312656792,17.25
2019-06-05,NVDA.US,buy,3.8954,616.97,signal,0.0,0,0.0,0.0
2019-11-25,NVDA.US,sell,5.3611,616.97,target_rebalance,904.2818,173,98.02186045884046,37.63
2019-06-05,AMAT.US,buy,41.1148,30.31,signal,0.0,0,0.0,0.0
2019-11-26,AMAT.US,sell,54.8088,30.31,target_rebalance,415.0658,174,99.16935431129065,33.31
2019-06-05,ASML.US,buy,193.4826,0.7,signal,0.0,0,0.0,0.0
2019-11-26,ASML.US,sell,257.8263,0.7,target_rebalance,45.0406,174,101.27906153766136,33.26
2019-06-05,LRCX.US,buy,18.028,23.25,signal,0.0,0,0.0,0.0
2019-11-26,LRCX.US,sell,24.9705,23.25,target_rebalance,161.4122,174,99.25436001414668,38.51
2019-06-05,MU.US,buy,38.3006,58.59,signal,0.0,0,0.0,0.0
2019-11-26,MU.US,sell,46.4188,58.59,target_rebalance,475.6453,174,88.25784312656792,21.2
2019-06-05,NVDA.US,buy,3.8954,112.95,signal,0.0,0,0.0,0.0
2019-11-26,NVDA.US,sell,5.4718,112.95,target_rebalance,178.0497,174,99.02186045884046,40.47
2019-06-05,AMD.US,buy,31.0782,16.94,signal,0.0,0,0.0,0.0
2019-11-27,AMD.US,sell,39.4205,16.94,target_rebalance,141.3185,175,88.95343550733136,26.84
2019-06-05,LRCX.US,buy,18.028,32.57,signal,0.0,0,0.0,0.0
2019-11-27,LRCX.US,sell,25.0444,32.57,target_rebalance,228.5256,175,100.25436001414666,38.92
2019-06-05,TSM.US,buy,35.9083,34.06,signal,0.0,0,0.0,0.0
2019-11-27,TSM.US,sell,47.7658,34.06,target_rebalance,403.8655,175,99.39866559795908,33.02
2019-06-05,AMAT.US,buy,41.1491,9.6,signal,0.0,0,0.0,0.0
2019-11-29,AMAT.US,sell,54.6395,9.6,target_rebalance,129.5086,177,100.91424787648761,32.78
2019-06-05,ASML.US,buy,193.8106,5.07,signal,0.0,0,0.0,0.0
2019-11-29,ASML.US,sell,257.5531,5.07,target_rebalance,323.1744,177,102.74214266828959,32.89
2019-06-05,LRCX.US,buy,18.028,11.43,signal,0.0,0,0.0,0.0
2019-11-29,LRCX.US,sell,25.0444,11.43,target_rebalance,80.198,177,101.25436001414666,38.92
2019-06-05,MU.US,buy,38.319,42.85,signal,0.0,0,0.0,0.0
2019-11-29,MU.US,sell,46.7013,42.85,target_rebalance,359.183,177,90.05071748995636,21.88
2019-06-05,AMAT.US,buy,41.1491,9.98,signal,0.0,0,0.0,0.0
2019-12-02,AMAT.US,sell,54.6866,9.98,target_rebalance,135.1043,180,101.91424787648764,32.9
2019-06-05,AMD.US,buy,31.1218,25.41,signal,0.0,0,0.0,0.0
2019-12-02,AMD.US,sell,39.2807,25.41,target_rebalance,207.3165,180,90.46707426061612,26.22
2019-06-05,AVGO.US,buy,23.0441,19.54,signal,0.0,0,0.0,0.0
2019-12-02,AVGO.US,sell,26.9334,19.54,target_rebalance,75.9967,180,98.11052567643735,16.88
2019-06-05,TSM.US,buy,36.0666,33.56,signal,0.0,0,0.0,0.0
2019-12-02,TSM.US,sell,47.3414,33.56,target_rebalance,378.3831,180,99.96599764946262,31.26
2019-06-05,ASML.US,buy,194.282,9.53,signal,0.0,0,0.0,0.0
2019-12-03,ASML.US,sell,247.8607,9.53,target_rebalance,510.6044,181,103.9420622647497,27.58
2019-06-05,AVGO.US,buy,23.0441,29.89,signal,0.0,0,0.0,0.0
2019-12-03,AVGO.US,sell,25.9246,29.89,target_rebalance,86.0985,181,99.11052567643733,12.5
2019-06-05,LRCX.US,buy,18.105,26.88,signal,0.0,0,0.0,0.0
2019-12-03,LRCX.US,sell,23.7487,26.88,target_rebalance,151.7051,181,102.07381647965344,31.17
2019-06-05,TSM.US,buy,36.0666,74.45,signal,0.0,0,0.0,0.0
2019-12-03,TSM.US,sell,46.3424,74.45,target_rebalance,765.0358,181,100.96599764946262,28.49
2019-06-05,AMD.US,buy,31.1627,100.81,signal,0.0,0,0.0,0.0
2019-12-04,AMD.US,sell,39.3406,100.81,target_rebalance,824.4114,182,91.86871416136364,26.24
2019-06-05,NVDA.US,buy,3.9392,479.01,signal,0.0,0,0.0,0.0
2019-12-04,NVDA.US,sell,5.2404,479.01,target_rebalance,623.2991,182,100.37863554797282,33.03
2019-06-05,AMD.US,buy,31.1627,32.5,signal,0.0,0,0.0,0.0
2019-12-05,AMD.US,sell,39.9101,32.5,target_rebalance,284.2873,183,92.86871416136364,28.07
2019-06-05,ASML.US,buy,194.4596,3.68,signal,0.0,0,0.0,0.0
2019-12-05,ASML.US,sell,256.9691,3.68,target_rebalance,230.0351,183,105.62932101958984,32.15
2019-06-05,MU.US,buy,38.4252,10.76,signal,0.0,0,0.0,0.0
2019-12-05,MU.US,sell,45.5031,10.76,target_rebalance,76.1586,183,92.52707949113335,18.42
2019-06-05,ASML.US,buy,194.4596,10.06,signal,0.0,0,0.0,0.0
2019-12-06,ASML.US,sell,264.4952,10.06,target_rebalance,704.5585,184,106.62932101958984,36.02
2019-06-05,MU.US,buy,38.4252,9.66,signal,0.0,0,0.0,0.0
2019-12-06,MU.US,sell,46.2142,9.66,target_rebalance,75.2424,184,93.52707949113335,20.27
2019-06-05,TSM.US,buy,36.1637,5.6,signal,0.0,0,0.0,0.0
2019-12-06,TSM.US,sell,48.1813,5.6,target_rebalance,67.2984,184,103.0756515521034,33.23
2019-06-05,AMAT.US,buy,41.4403,4.9,signal,0.0,0,0.0,0.0
2019-12-09,AMAT.US,sell,53.7271,4.9,target_rebalance,60.2053,187,104.32346381051103,29.65
2019-06-05,ASML.US,buy,194.4596,1.11,signal,0.0,0,0.0,0.0
2019-12-09,ASML.US,sell,265.7386,1.11,target_rebalance,79.1197,187,107.62932101958984,36.65
2019-06-05,LRCX.US,buy,18.1169,52.52,signal,0.0,0,0.0,0.0
2019-12-09,LRCX.US,sell,25.0916,52.52,target_rebalance,366.312,187,105.87677008302937,38.5
2019-06-05,TSM.US,buy,36.1637,24.23,signal,0.0,0,0.0,0.0
2019-12-09,TSM.US,sell,48.6675,24.23,target_rebalance,302.9673,187,104.0756515521034,34.58
2019-06-05,AMAT.US,buy,41.4403,16.89,signal,0.0,0,0.0,0.0
2019-12-10,AMAT.US,sell,53.7742,16.89,target_rebalance,208.3181,188,105.32346381051103,29.76
2019-06-05,AVGO.US,buy,23.0955,8.47,signal,0.0,0,0.0,0.0
2019-12-10,AVGO.US,sell,26.7113,8.47,target_rebalance,30.6259,188,102.53986555648704,15.66
2019-06-05,NVDA.US,buy,3.9638,394.68,signal,0.0,0,0.0,0.0
2019-12-10,NVDA.US,sell,5.299,394.68,target_rebalance,526.9684,188,102.45581594502615,33.68
2019-06-05,AMD.US,buy,31.3967,1.89,signal,0.0,0,0.0,0.0
2019-12-11,AMD.US,sell,39.4006,1.89,target_rebalance,15.1272,189,94.25521892601616,25.49
2019-06-05,MU.US,buy,38.4604,33.13,signal,0.0,0,0.0,0.0
2019-12-11,MU.US,sell,46.5162,33.13,target_rebalance,266.8894,189,96.07780236922417,20.95
2019-06-05,NVDA.US,buy,3.9638,34.53,signal,0.0,0,0.0,0.0
2019-12-11,NVDA.US,sell,5.3243,34.53,target_rebalance,46.9783,189,103.45581594502615,34.32
2019-06-05,TSM.US,buy,36.1648,3.08,signal,0.0,0,0.0,0.0
2019-12-11,TSM.US,sell,48.6587,3.08,target_rebalance,38.4812,189,106.0663312118852,34.55
2019-06-05,AMAT.US,buy,41.5343,47.24,signal,0.0,0,0.0,0.0
2019-12-12,AMAT.US,sell,55.5143,47.24,target_rebalance,660.412,190,106.49823886747467,33.66
2019-06-05,MU.US,buy,38.4604,44.55,signal,0.0,0,0.0,0.0
2019-12-12,MU.US,sell,48.0846,44.55,target_rebalance,428.7595,190,97.07780236922417,25.02
2019-06-05,TSM.US,buy,36.1648,63.22,signal,0.0,0,0.0,0.0
2019-12-12,TSM.US,sell,50.6124,63.22,target_rebalance,913.3805,190,107.0663312118852,39.95
2019-06-05,AMD.US,buy,31.552,167.22,signal,0.0,0,0.0,0.0
2019-12-13,AMD.US,sell,42.3076,167.22,target_rebalance,1798.5586,191,94.41624594118764,34.09
2019-06-05,LRCX.US,buy,18.1319,14.53,signal,0.0,0,0.0,0.0
2019-12-13,LRCX.US,sell,26.3682,14.53,target_rebalance,119.6733,191,109.64210160730457,45.42
2019-06-05,MU.US,buy,38.4604,10.33,signal,0.0,0,0.0,0.0
2019-12-13,MU.US,sell,49.7017,10.33,target_rebalance,116.123,191,98.07780236922417,29.23
2019-06-05,NVDA.US,buy,3.9782,132.94,signal,0.0,0,0.0,0.0
2019-12-13,NVDA.US,sell,5.5675,132.94,target_rebalance,211.2745,191,104.39454945941522,39.95
2019-06-05,TSM.US,buy,36.1648,2.8,signal,0.0,0,0.0,0.0
2019-12-13,TSM.US,sell,52.2037,2.8,target_rebalance,44.9091,191,108.06633121188521,44.35
2019-06-05,AMAT.US,buy,41.7058,25.83,signal,0.0,0,0.0,0.0
2019-12-16,AMAT.US,sell,57.3767,25.83,target_rebalance,404.7795,194,107.27172648038979,37.57
2019-06-05,ASML.US,buy,196.2364,0.91,signal,0.0,0,0.0,0.0
2019-12-16,ASML.US,sell,274.3196,0.91,target_rebalance,71.0557,194,109.8961754239155,39.79
2019-06-05,LRCX.US,buy,18.1319,13.43,signal,0.0,0,0.0,0.0
2019-12-16,LRCX.US,sell,26.5781,13.43,target_rebalance,113.4324,194,110.64210160730458,46.58
2019-06-05,MU.US,buy,38.4604,94.92,signal,0.0,0,0.0,0.0
2019-12-16,MU.US,sell,51.3968,94.92,target_rebalance,1227.9211,194,99.07780236922417,33.64
2019-06-05,NVDA.US,buy,3.9782,53.36,signal,0.0,0,0.0,0.0
2019-12-16,NVDA.US,sell,5.6099,53.36,target_rebalance,87.0682,194,105.39454945941523,41.02
2019-06-05,AMD.US,buy,31.7406,19.39,signal,0.0,0,0.0,0.0
2019-12-17,AMD.US,sell,42.4675,19.39,target_rebalance,207.9943,195,94.65539196972654,33.8
2019-06-05,ASML.US,buy,196.2364,4.87,signal,0.0,0,0.0,0.0
2019-12-17,ASML.US,sell,279.7357,4.87,target_rebalance,406.6415,195,110.8961754239155,42.55
2019-06-05,AVGO.US,buy,23.2837,26.55,signal,0.0,0,0.0,0.0
2019-12-17,AVGO.US,sell,27.4437,26.55,target_rebalance,110.45,195,102.48990235858001,17.87
2019-06-05,MU.US,buy,38.4604,37.67,signal,0.0,0,0.0,0.0
2019-12-17,MU.US,sell,52.595,37.67,target_rebalance,532.4503,195,100.07780236922419,36.75
2019-06-05,TSM.US,buy,36.423,34.24,signal,0.0,0,0.0,0.0
2019-12-17,TSM.US,sell,52.7872,34.24,target_rebalance,560.3106,195,108.24579671568529,44.93
2019-06-05,AMAT.US,buy,41.9917,5.93,signal,0.0,0,0.0,0.0
2019-12-18,AMAT.US,sell,57.2074,5.93,target_rebalance,90.2286,196,107.24364637401929,36.23
2019-06-05,AMD.US,buy,31.7406,18.14,signal,0.0,0,0.0,0.0
2019-12-18,AMD.US,sell,42.7472,18.14,target_rebalance,199.6598,196,95.65539196972655,34.68
2019-06-05,LRCX.US,buy,18.2052,61.62,signal,0.0,0,0.0,0.0
2019-12-18,LRCX.US,sell,26.9738,61.62,target_rebalance,540.3183,196,111.68267690030879,48.17
2019-06-05,NVDA.US,buy,3.9943,387.8,signal,0.0,0,0.0,0.0
2019-12-18,NVDA.US,sell,5.704,387.8,target_rebalance,663.0314,196,106.35141934663581,42.8
2019-06-05,AVGO.US,buy,23.2837,73.26,signal,0.0,0,0.0,0.0
2019-12-19,AVGO.US,sell,27.9074,73.26,target_rebalance,338.7375,197,104.48990235858001,19.86
2019-06-05,MU.US,buy,38.7061,107.84,signal,0.0,0,0.0,0.0
2019-12-19,MU.US,sell,53.5886,107.84,target_rebalance,1604.9317,197,100.20672668701785,38.45
2019-06-05,NVDA.US,buy,3.9943,66.81,signal,0.0,0,0.0,0.0
2019-12-19,NVDA.US,sell,5.7341,66.81,target_rebalance,116.2344,197,107.35141934663581,43.56
2019-06-05,AMAT.US,buy,42.0702,0.47,signal,0.0,0,0.0,0.0
2019-12-20,AMAT.US,sell,57.5742,0.47,target_rebalance,7.2869,198,108.68116124635397,36.85
2019-06-05,AMD.US,buy,31.7933,34.95,signal,0.0,0,0.0,0.0
2019-12-20,AMD.US,sell,43.3966,34.95,target_rebalance,405.5322,198,97.18904991512414,36.5
2019-06-05,LRCX.US,buy,18.2088,91.28,signal,0.0,0,0.0,0.0
2019-12-20,LRCX.US,sell,27.6592,91.28,target_rebalance,862.6375,198,113.63721457561407,51.9
2019-06-05,NVDA.US,buy,3.9943,685.86,signal,0.0,0,0.0,0.0
2019-12-20,NVDA.US,sell,5.9136,685.86,target_rebalance,1316.3852,198,108.3514193466358,48.05
2019-06-05,AMAT.US,buy,42.0702,12.76,signal,0.0,0,0.0,0.0
2019-12-23,AMAT.US,sell,58.2702,12.76,target_rebalance,206.7127,201,109.68116124635398,38.51
2019-06-05,AMD.US,buy,31.7933,73.4,signal,0.0,0,0.0,0.0
2019-12-23,AMD.US,sell,44.5354,73.4,target_rebalance,935.2681,201,98.18904991512413,40.08
2019-06-05,NVDA.US,buy,3.9943,63.08,signal,0.0,0,0.0,0.0
2019-12-23,NVDA.US,sell,5.973,63.08,target_rebalance,124.8147,201,109.35141934663581,49.54
2019-06-05,AMD.US,buy,31.7933,131.94,signal,0.0,0,0.0,0.0
2019-12-24,AMD.US,sell,46.0539,131.94,target_rebalance,1881.5368,202,99.18904991512413,44.85
2019-06-05,MU.US,buy,38.8587,5.54,signal,0.0,0,0.0,0.0
2019-12-24,MU.US,sell,54.0173,5.54,target_rebalance,83.9786,202,102.17140224552917,39.01
2019-06-05,AMD.US,buy,31.7933,61.04,signal,0.0,0,0.0,0.0
2019-12-26,AMD.US,sell,46.943,61.04,target_rebalance,924.7354,204,100.18904991512412,47.65
2019-06-05,ASML.US,buy,198.5846,2.88,signal,0.0,0,0.0,0.0
2019-12-27,ASML.US,sell,280.1784,2.88,target_rebalance,234.9903,205,114.55819094103464,41.09
2019-06-05,NVDA.US,buy,4.0117,14.57,signal,0.0,0,0.0,0.0
2019-12-27,NVDA.US,sell,5.9551,14.57,target_rebalance,28.3152,205,111.35768889530496,48.44
2019-06-05,TSM.US,buy,37.1552,30.28,signal,0.0,0,0.0,0.0
2019-12-27,TSM.US,sell,52.1055,30.28,target_rebalance,452.6963,205,109.94375928225693,40.24
2019-06-05,AMAT.US,buy,42.2179,13.75,signal,0.0,0,0.0,0.0
2019-12-30,AMAT.US,sell,57.7059,13.75,target_rebalance,212.9597,208,112.64350310148113,36.69
2019-06-05,ASML.US,buy,198.5846,4.41,signal,0.0,0,0.0,0.0
2019-12-30,ASML.US,sell,279.2082,4.41,target_rebalance,355.5505,208,115.55819094103464,40.6
2019-06-05,TSM.US,buy,37.1552,43.27,signal,0.0,0,0.0,0.0
2019-12-30,TSM.US,sell,52.2212,43.27,target_rebalance,651.909,208,110.94375928225692,40.55
2019-06-05,AMAT.US,buy,42.2179,7.46,signal,0.0,0,0.0,0.0
2019-12-31,AMAT.US,sell,57.0757,7.46,target_rebalance,110.839,209,113.64350310148113,35.19
2019-06-05,ASML.US,buy,198.5846,5.44,signal,0.0,0,0.0,0.0
2019-12-31,ASML.US,sell,277.8518,5.44,target_rebalance,431.2137,209,116.55819094103464,39.92
2019-06-05,AVGO.US,buy,23.4521,14.31,signal,0.0,0,0.0,0.0
2019-12-31,AVGO.US,sell,26.8123,14.31,target_rebalance,48.0843,209,107.2760039043779,14.33
2019-06-05,LRCX.US,buy,18.3855,52.49,signal,0.0,0,0.0,0.0
2019-12-31,LRCX.US,sell,27.075,52.49,target_rebalance,456.112,209,117.44740813803442,47.26
2019-06-05,AMD.US,buy,32.0395,38.77,signal,0.0,0,0.0,0.0
2020-01-02,AMD.US,sell,46.8131,38.77,target_rebalance,572.7727,211,102.37182269109209,46.11
2019-06-05,MU.US,buy,39.2219,23.91,signal,0.0,0,0.0,0.0
2020-01-02,MU.US,sell,53.4328,23.91,target_rebalance,339.7832,211,104.43462265694704,36.23
2019-06-05,NVDA.US,buy,4.033,136.09,signal,0.0,0,0.0,0.0
2020-01-02,NVDA.US,sell,5.929,136.09,target_rebalance,258.0252,211,112.99727638438594,47.01
2019-06-05,TSM.US,buy,37.176,12.85,signal,0.0,0,0.0,0.0
2020-01-02,TSM.US,sell,53.0581,12.85,target_rebalance,204.084,211,112.78040009305396,42.72
2019-06-05,AMD.US,buy,32.0395,124.21,signal,0.0,0,0.0,0.0
2020-01-03,AMD.US,sell,47.982,124.21,target_rebalance,1980.2096,212,103.37182269109209,49.76
2019-06-05,AVGO.US,buy,23.4734,1.45,signal,0.0,0,0.0,0.0
2020-01-03,AVGO.US,sell,27.1883,1.45,target_rebalance,5.3866,212,108.69405589693248,15.83
2019-06-05,AMD.US,buy,32.0395,46.46,signal,0.0,0,0.0,0.0
2020-01-06,AMD.US,sell,47.972,46.46,target_rebalance,740.2214,215,104.37182269109209,49.73
2019-06-05,LRCX.US,buy,18.5218,19.19,signal,0.0,0,0.0,0.0
2020-01-06,LRCX.US,sell,26.9162,19.19,target_rebalance,161.0879,215,118.65504516883108,45.32
2019-06-05,MU.US,buy,39.2594,10.45,signal,0.0,0,0.0,0.0
2020-01-06,MU.US,sell,52.3612,10.45,target_rebalance,136.9135,215,106.14423396724385,33.37
2019-06-05,AMD.US,buy,32.0395,43.04,signal,0.0,0,0.0,0.0
2020-01-07,AMD.US,sell,49.3006,43.04,target_rebalance,742.9183,216,105.37182269109209,53.87
2019-06-05,ASML.US,buy,199.4491,0.61,signal,0.0,0,0.0,0.0
2020-01-07,ASML.US,sell,281.3276,0.61,target_rebalance,49.9459,216,119.3108549554138,41.05
2019-06-05,MU.US,buy,39.2594,47.99,signal,0.0,0,0.0,0.0
2020-01-07,MU.US,sell,53.9491,47.99,target_rebalance,704.9563,216,107.14423396724386,37.42
2019-06-05,NVDA.US,buy,4.043,249.2,signal,0.0,0,0.0,0.0
2020-01-07,NVDA.US,sell,5.9154,249.2,target_rebalance,466.592,216,115.37170635116412,46.31
2019-06-05,AMAT.US,buy,42.6145,36.37,signal,0.0,0,0.0,0.0
2020-01-08,AMAT.US,sell,58.0351,36.37,target_rebalance,560.8476,217,115.5655074168622,36.19
2019-06-05,LRCX.US,buy,18.5814,49.97,signal,0.0,0,0.0,0.0
2020-01-08,LRCX.US,sell,27.6304,49.97,target_rebalance,452.1788,217,119.82836519181932,48.7
2019-06-05,MU.US,buy,39.2594,124.27,signal,0.0,0,0.0,0.0
2020-01-08,MU.US,sell,56.5891,124.27,target_rebalance,2153.5533,217,108.14423396724388,44.14
2019-06-05,TSM.US,buy,37.5916,3.01,signal,0.0,0,0.0,0.0
2020-01-08,TSM.US,sell,51.8028,3.01,target_rebalance,42.7758,217,113.39236737781575,37.8
2019-06-05,AMD.US,buy,32.6432,31.3,signal,0.0,0,0.0,0.0
2020-01-09,AMD.US,sell,48.8911,31.3,target_rebalance,508.5578,218,103.32263031879671,49.77
2019-06-05,LRCX.US,buy,18.5814,21.12,signal,0.0,0,0.0,0.0
2020-01-09,LRCX.US,sell,28.0614,21.12,target_rebalance,200.217,218,120.82836519181933,51.02
2019-06-05,NVDA.US,buy,4.0457,80.71,signal,0.0,0,0.0,0.0
2020-01-09,NVDA.US,sell,6.0557,80.71,target_rebalance,162.2231,218,117.20714554647493,49.68
2019-06-05,TSM.US,buy,37.5916,46.1,signal,0.0,0,0.0,0.0
2020-01-09,TSM.US,sell,53.1382,46.1,target_rebalance,716.6982,218,114.39236737781575,41.36
2019-06-05,AMAT.US,buy,42.6497,22.35,signal,0.0,0,0.0,0.0
2020-01-10,AMAT.US,sell,58.8158,22.35,target_rebalance,361.3132,219,117.3094016414409,37.9
2019-06-05,AMD.US,buy,32.6432,38.88,signal,0.0,0,0.0,0.0
2020-01-10,AMD.US,sell,49.2107,38.88,target_rebalance,644.1457,219,104.32263031879671,50.75
2019-06-05,NVDA.US,buy,4.0457,543.97,signal,0.0,0,0.0,0.0
2020-01-10,NVDA.US,sell,6.1421,543.97,target_rebalance,1140.3633,219,118.20714554647493,51.82
2019-06-05,TSM.US,buy,37.5916,13.87,signal,0.0,0,0.0,0.0
2020-01-10,TSM.US,sell,53.1471,13.87,target_rebalance,215.7547,219,115.39236737781576,41.38
2019-06-05,ASML.US,buy,200.4406,1.08,signal,0.0,0,0.0,0.0
2020-01-13,ASML.US,sell,281.337,1.08,target_rebalance,87.3681,222,121.8857791302877,40.36
2019-06-05,NVDA.US,buy,4.0457,285.32,signal,0.0,0,0.0,0.0
2020-01-13,NVDA.US,sell,6.1503,285.32,target_rebalance,600.4751,222,119.20714554647493,52.02
2019-06-05,TSM.US,buy,37.5916,54.08,signal,0.0,0,0.0,0.0
2020-01-13,TSM.US,sell,53.5477,54.08,target_rebalance,862.9065,222,116.39236737781575,42.45
2019-06-05,AMAT.US,buy,42.7517,0.84,signal,0.0,0,0.0,0.0
2020-01-14,AMAT.US,sell,58.4019,0.84,target_rebalance,13.1462,223,118.52023637730444,36.61
2019-06-05,LRCX.US,buy,18.6874,64.76,signal,0.0,0,0.0,0.0
2020-01-14,LRCX.US,sell,27.8775,64.76,target_rebalance,595.1523,223,122.38183010191305,49.18
2019-06-05,MU.US,buy,39.5513,14.27,signal,0.0,0,0.0,0.0
2020-01-14,MU.US,sell,56.3066,14.27,target_rebalance,239.0981,223,110.27532081276051,42.36
2019-06-05,NVDA.US,buy,4.0457,84.09,signal,0.0,0,0.0,0.0
2020-01-14,NVDA.US,sell,6.2149,84.09,target_rebalance,182.4025,223,120.20714554647493,53.62
2019-06-05,AMAT.US,buy,42.7517,15.87,signal,0.0,0,0.0,0.0
2020-01-15,AMAT.US,sell,58.5994,15.87,target_rebalance,251.5043,224,119.52023637730443,37.07
2019-06-05,ASML.US,buy,200.7702,5.08,signal,0.0,0,0.0,0.0
2020-01-15,ASML.US,sell,284.0874,5.08,target_rebalance,423.2511,224,123.39123856945126,41.5
2019-06-05,AVGO.US,buy,23.6732,120.32,signal,0.0,0,0.0,0.0
2020-01-15,AVGO.US,sell,26.3148,120.32,target_rebalance,317.8466,224,109.19887309288416,11.16
2019-06-05,AMAT.US,buy,42.7517,8.34,signal,0.0,0,0.0,0.0
2020-01-16,AMAT.US,sell,58.8722,8.34,target_rebalance,134.4455,225,120.52023637730444,37.71
2019-06-05,AMD.US,buy,32.9081,57.8,signal,0.0,0,0.0,0.0
2020-01-16,AMD.US,sell,49.1208,57.8,target_rebalance,937.0981,225,106.54470130063359,49.27
2019-06-05,ASML.US,buy,200.7702,0.75,signal,0.0,0,0.0,0.0
2020-01-16,ASML.US,sell,284.9822,0.75,target_rebalance,63.159,225,124.39123856945125,41.94
2019-06-05,LRCX.US,buy,18.6874,34.73,signal,0.0,0,0.0,0.0
2020-01-16,LRCX.US,sell,28.0335,34.73,target_rebalance,324.5923,225,124.38183010191304,50.01
2019-06-05,AMAT.US,buy,42.7517,26.9,signal,0.0,0,0.0,0.0
2020-01-17,AMAT.US,sell,60.0009,26.9,target_rebalance,464.0056,226,121.52023637730444,40.35
2019-06-05,AMD.US,buy,32.9081,38.7,signal,0.0,0,0.0,0.0
2020-01-17,AMD.US,sell,50.1498,38.7,target_rebalance,667.2554,226,107.5447013006336,52.39
2019-06-05,LRCX.US,buy,18.6874,44.71,signal,0.0,0,0.0,0.0
2020-01-17,LRCX.US,sell,28.5193,44.71,target_rebalance,439.5858,226,125.38183010191305,52.61
2019-06-05,MU.US,buy,39.8018,29.43,signal,0.0,0,0.0,0.0
2020-01-17,MU.US,sell,56.5209,29.43,target_rebalance,492.0415,226,111.52991689917596,42.01
2019-06-05,AMD.US,buy,32.9081,73.12,signal,0.0,0,0.0,0.0
2020-01-21,AMD.US,sell,50.909,73.12,target_rebalance,1316.2317,230,108.54470130063359,54.7
2019-06-05,AVGO.US,buy,23.6919,12.0,signal,0.0,0,0.0,0.0
2020-01-21,AVGO.US,sell,26.3568,12.0,target_rebalance,31.979,230,111.37279599479798,11.25
2019-06-05,LRCX.US,buy,18.6874,55.89,signal,0.0,0,0.0,0.0
2020-01-21,LRCX.US,sell,28.6252,55.89,target_rebalance,555.4248,230,126.38183010191305,53.18
2019-06-05,MU.US,buy,39.8722,66.93,signal,0.0,0,0.0,0.0
2020-01-22,MU.US,sell,57.9821,66.93,target_rebalance,1212.0942,231,113.0407749528205,45.42
2019-06-05,AMAT.US,buy,42.9096,13.58,signal,0.0,0,0.0,0.0
2020-01-23,AMAT.US,sell,60.3207,13.58,target_rebalance,236.4437,232,123.33910124819253,40.58
2019-06-05,AVGO.US,buy,23.6996,75.14,signal,0.0,0,0.0,0.0
2020-01-23,AVGO.US,sell,26.9887,75.14,target_rebalance,247.1442,232,113.08005988455787,13.88
2019-06-05,MU.US,buy,39.8722,39.43,signal,0.0,0,0.0,0.0
2020-01-23,MU.US,sell,58.7712,39.43,target_rebalance,745.1854,232,114.04077495282051,47.4
2019-06-05,NVDA.US,buy,4.0882,137.44,signal,0.0,0,0.0,0.0
2020-01-23,NVDA.US,sell,6.2511,137.44,target_rebalance,297.2696,232,123.76173037610717,52.91
2019-06-05,AMD.US,buy,33.021,9.05,signal,0.0,0,0.0,0.0
2020-01-24,AMD.US,sell,52.2277,9.05,target_rebalance,173.8206,233,110.86910227606064,58.17
2019-06-05,AVGO.US,buy,23.6996,231.23,signal,0.0,0,0.0,0.0
2020-01-24,AVGO.US,sell,28.3006,231.23,target_rebalance,1063.8813,233,114.08005988455785,19.41
2019-06-05,NVDA.US,buy,4.0882,270.31,signal,0.0,0,0.0,0.0
2020-01-24,NVDA.US,sell,6.3947,270.31,target_rebalance,623.4545,233,124.76173037610718,56.42
2019-06-05,ASML.US,buy,204.8362,17.5,signal,0.0,0,0.0,0.0
2020-01-27,ASML.US,sell,270.4859,17.5,target_rebalance,1148.8699,236,123.98291986841245,32.05
2019-06-05,AVGO.US,buy,23.6996,119.02,signal,0.0,0,0.0,0.0
2020-01-27,AVGO.US,sell,27.0941,119.02,target_rebalance,404.0066,236,115.08005988455785,14.32
2019-06-05,TSM.US,buy,38.6572,58.2,signal,0.0,0,0.0,0.0
2020-01-27,TSM.US,sell,49.5149,58.2,target_rebalance,631.9207,236,116.58752425229717,28.09
2019-06-05,AMD.US,buy,33.2157,81.02,signal,0.0,0,0.0,0.0
2020-01-28,AMD.US,sell,49.98,81.02,target_rebalance,1358.2404,237,111.46191897704098,50.47
2019-06-05,MU.US,buy,40.4985,32.61,signal,0.0,0,0.0,0.0
2020-01-28,MU.US,sell,54.7966,32.61,target_rebalance,466.2607,237,112.50562447833461,35.31
2019-06-05,NVDA.US,buy,4.1144,278.62,signal,0.0,0,0.0,0.0
2020-01-28,NVDA.US,sell,6.0309,278.62,target_rebalance,533.9663,237,124.97360824127489,46.58
2019-06-05,ASML.US,buy,205.4308,14.78,signal,0.0,0,0.0,0.0
2020-01-29,ASML.US,sell,278.8786,14.78,target_rebalance,1085.559,238,124.84518045712343,35.75
2019-06-05,AVGO.US,buy,23.7474,77.05,signal,0.0,0,0.0,0.0
2020-01-29,AVGO.US,sell,27.4717,77.05,target_rebalance,286.956,238,115.34731503039401,15.68
2019-06-05,LRCX.US,buy,18.7339,0.33,signal,0.0,0,0.0,0.0
2020-01-29,LRCX.US,sell,28.0716,0.33,target_rebalance,3.0815,238,131.77757876168383,49.84
2019-06-05,NVDA.US,buy,4.1144,270.78,signal,0.0,0,0.0,0.0
2020-01-29,NVDA.US,sell,6.1436,270.78,target_rebalance,549.4703,238,125.97360824127487,49.32
2019-06-05,TSM.US,buy,38.7004,72.52,signal,0.0,0,0.0,0.0
2020-01-29,TSM.US,sell,51.2064,72.52,target_rebalance,906.9312,238,118.12748296773499,32.31
2019-06-05,AMAT.US,buy,43.3545,104.28,signal,0.0,0,0.0,0.0
2020-01-30,AMAT.US,sell,57.8846,104.28,target_rebalance,1515.1951,239,124.25589815475553,33.51
2019-06-05,LRCX.US,buy,18.7339,395.52,signal,0.0,0,0.0,0.0
2020-01-30,LRCX.US,sell,29.5735,395.52,target_rebalance,4287.2977,239,132.77757876168383,57.86
2019-06-05,AMD.US,buy,34.1843,143.48,signal,0.0,0,0.0,0.0
2020-01-31,AMD.US,sell,48.3516,143.48,target_rebalance,2032.7217,240,106.8365492258623,41.44
2019-06-05,MU.US,buy,40.9352,51.54,signal,0.0,0,0.0,0.0
2020-01-31,MU.US,sell,53.725,51.54,target_rebalance,659.1897,240,111.67268586936544,31.24
2019-06-05,NVDA.US,buy,4.1349,215.5,signal,0.0,0,0.0,0.0
2020-01-31,NVDA.US,sell,6.0587,215.5,target_rebalance,414.5725,240,126.60124209928458,46.53
2019-06-05,TSM.US,buy,39.0145,14.02,signal,0.0,0,0.0,0.0
2020-01-31,TSM.US,sell,49.3458,14.02,target_rebalance,144.8444,240,116.54077921736425,26.48
2019-06-05,AMAT.US,buy,43.6996,18.94,signal,0.0,0,0.0,0.0
2020-02-03,AMAT.US,sell,55.1945,18.94,target_rebalance,217.7127,243,122.93731116378687,26.3
2019-06-05,ASML.US,buy,206.4573,6.53,signal,0.0,0,0.0,0.0
2020-02-03,ASML.US,sell,267.1609,6.53,target_rebalance,396.3943,243,125.9148788676142,29.4
2019-06-05,TSM.US,buy,39.0145,27.31,signal,0.0,0,0.0,0.0
2020-02-03,TSM.US,sell,48.3843,27.31,target_rebalance,255.8893,243,117.54077921736423,24.02
2019-06-05,AMAT.US,buy,43.6996,9.17,signal,0.0,0,0.0,0.0
2020-02-04,AMAT.US,sell,57.7623,9.17,target_rebalance,128.955,244,123.93731116378689,32.18
2019-06-05,AMD.US,buy,34.3429,53.31,signal,0.0,0,0.0,0.0
2020-02-04,AMD.US,sell,49.1608,53.31,target_rebalance,789.9402,244,107.44170625272051,43.15
2019-06-05,LRCX.US,buy,19.0439,62.64,signal,0.0,0,0.0,0.0
2020-02-04,LRCX.US,sell,29.4026,62.64,target_rebalance,648.8718,244,131.60171562570287,54.39
2019-06-05,TSM.US,buy,39.0145,13.1,signal,0.0,0,0.0,0.0
2020-02-04,TSM.US,sell,50.6722,13.1,target_rebalance,152.7161,244,118.54077921736423,29.88
2019-06-05,AMAT.US,buy,43.6996,34.39,signal,0.0,0,0.0,0.0
2020-02-05,AMAT.US,sell,60.1797,34.39,target_rebalance,566.7489,245,124.93731116378689,37.71
2019-06-05,ASML.US,buy,206.571,6.04,signal,0.0,0,0.0,0.0
2020-02-05,ASML.US,sell,289.5035,6.04,target_rebalance,500.9126,245,127.7142076794389,40.15
2019-06-05,LRCX.US,buy,19.0439,94.0,signal,0.0,0,0.0,0.0
2020-02-05,LRCX.US,sell,30.7652,94.0,target_rebalance,1101.8044,245,132.60171562570287,61.55
2019-06-05,AMAT.US,buy,43.6996,8.91,signal,0.0,0,0.0,0.0
2020-02-06,AMAT.US,sell,60.2173,8.91,target_rebalance,147.1724,246,125.93731116378689,37.8
2019-06-05,ASML.US,buy,206.571,1.83,signal,0.0,0,0.0,0.0
2020-02-06,ASML.US,sell,289.6731,1.83,target_rebalance,152.0769,246,128.71420767943889,40.23
2019-06-05,AVGO.US,buy,23.8831,30.64,signal,0.0,0,0.0,0.0
2020-02-06,AVGO.US,sell,27.3021,30.64,target_rebalance,104.7593,246,116.26538835653893,14.32
2019-06-05,MU.US,buy,41.0645,65.05,signal,0.0,0,0.0,0.0
2020-02-06,MU.US,sell,56.5793,65.05,target_rebalance,1009.2426,246,114.44974055473241,37.78
2019-06-05,NVDA.US,buy,4.1564,24.6,signal,0.0,0,0.0,0.0
2020-02-06,NVDA.US,sell,6.2616,24.6,target_rebalance,51.7859,246,129.17492751203568,50.65
2019-06-05,TSM.US,buy,39.1112,11.43,signal,0.0,0,0.0,0.0
2020-02-06,TSM.US,sell,51.8741,11.43,target_rebalance,145.88,246,119.6390877378591,32.63
2019-06-05,AMD.US,buy,34.8403,31.0,signal,0.0,0,0.0,0.0
2020-02-07,AMD.US,sell,48.8611,31.0,target_rebalance,434.6429,247,106.7646214789964,40.24
2019-06-05,AVGO.US,buy,23.8831,42.57,signal,0.0,0,0.0,0.0
2020-02-07,AVGO.US,sell,27.2576,42.57,target_rebalance,143.6529,247,117.26538835653892,14.13
2019-06-05,MU.US,buy,41.0645,19.67,signal,0.0,0,0.0,0.0
2020-02-07,MU.US,sell,56.4722,19.67,target_rebalance,303.07,247,115.44974055473243,37.52
2019-06-05,NVDA.US,buy,4.1564,293.39,signal,0.0,0,0.0,0.0
2020-02-07,NVDA.US,sell,6.274,293.39,target_rebalance,621.2636,247,130.17492751203568,50.95
2019-06-05,AMD.US,buy,34.8403,89.91,signal,0.0,0,0.0,0.0
2020-02-10,AMD.US,sell,49.4205,89.91,target_rebalance,1310.9041,250,107.76462147899642,41.85
2019-06-05,ASML.US,buy,206.571,5.71,signal,0.0,0,0.0,0.0
2020-02-10,ASML.US,sell,286.3858,5.71,target_rebalance,455.7424,250,130.71420767943889,38.64
2019-06-05,NVDA.US,buy,4.1564,351.03,signal,0.0,0,0.0,0.0
2020-02-10,NVDA.US,sell,6.2705,351.03,target_rebalance,742.098,250,131.17492751203565,50.86
2019-06-05,AMAT.US,buy,44.0531,5.51,signal,0.0,0,0.0,0.0
2020-02-11,AMAT.US,sell,59.8222,5.51,target_rebalance,86.8877,251,125.8159854625409,35.8
2019-06-05,AMD.US,buy,34.8403,133.3,signal,0.0,0,0.0,0.0
2020-02-11,AMD.US,sell,53.1668,133.3,target_rebalance,2442.9133,251,108.76462147899642,52.6
2019-06-05,NVDA.US,buy,4.1564,592.04,signal,0.0,0,0.0,0.0
2020-02-11,NVDA.US,sell,6.6385,592.04,target_rebalance,1469.4988,251,132.17492751203568,59.72
2019-06-05,AMAT.US,buy,44.0531,11.59,signal,0.0,0,0.0,0.0
2020-02-12,AMAT.US,sell,61.0732,11.59,target_rebalance,197.263,252,126.81598546254091,38.64
2019-06-05,AMD.US,buy,34.8403,25.99,signal,0.0,0,0.0,0.0
2020-02-12,AMD.US,sell,54.4755,25.99,target_rebalance,510.3167,252,109.76462147899642,56.36
2019-06-05,MU.US,buy,41.4056,2.62,signal,0.0,0,0.0,0.0
2020-02-12,MU.US,sell,57.5145,2.62,target_rebalance,42.2054,252,115.69709211635562,38.91
2019-06-05,TSM.US,buy,39.353,11.52,signal,0.0,0,0.0,0.0
2020-02-12,TSM.US,sell,52.7465,11.52,target_rebalance,154.293,252,121.2331930645275,34.03
2019-06-05,AMAT.US,buy,44.0531,77.85,signal,0.0,0,0.0,0.0
2020-02-13,AMAT.US,sell,62.7851,77.85,target_rebalance,1458.2847,253,127.81598546254091,42.52
2019-06-05,LRCX.US,buy,19.4611,103.4,signal,0.0,0,0.0,0.0
2020-02-13,LRCX.US,sell,31.12,103.4,target_rebalance,1205.5254,253,133.42035942269354,59.91
2019-06-05,AMD.US,buy,35.2332,38.57,signal,0.0,0,0.0,0.0
2020-02-14,AMD.US,sell,55.1348,38.57,target_rebalance,767.6059,254,109.43070338399505,56.49
2019-06-05,NVDA.US,buy,4.1749,1121.9,signal,0.0,0,0.0,0.0
2020-02-14,NVDA.US,sell,7.1337,1121.9,target_rebalance,3319.4751,254,134.21289250251897,70.87
2019-06-05,AMD.US,buy,35.2332,105.23,signal,0.0,0,0.0,0.0
2020-02-18,AMD.US,sell,54.8851,105.23,target_rebalance,2067.9675,258,110.43070338399505,55.78
2019-06-05,ASML.US,buy,209.4124,0.12,signal,0.0,0,0.0,0.0
2020-02-18,ASML.US,sell,289.5506,0.12,target_rebalance,9.6166,258,131.5663119306652,38.27
2019-06-05,AVGO.US,buy,24.0246,9.61,signal,0.0,0,0.0,0.0
2020-02-18,AVGO.US,sell,26.9733,9.61,target_rebalance,28.3375,258,118.35098642553737,12.27
2019-06-05,NVDA.US,buy,4.1749,783.02,signal,0.0,0,0.0,0.0
2020-02-18,NVDA.US,sell,7.0935,783.02,target_rebalance,2285.2966,258,135.21289250251897,69.91
2019-06-05,AMAT.US,buy,44.3875,17.19,signal,0.0,0,0.0,0.0
2020-02-19,AMAT.US,sell,62.7471,17.19,target_rebalance,315.6011,259,128.37740955165293,41.36
2019-06-05,AMD.US,buy,35.2332,92.51,signal,0.0,0,0.0,0.0
2020-02-19,AMD.US,sell,57.932,92.51,target_rebalance,2099.8692,259,111.43070338399505,64.42
2019-06-05,NVDA.US,buy,4.1749,715.12,signal,0.0,0,0.0,0.0
2020-02-19,NVDA.US,sell,7.4871,715.12,target_rebalance,2368.6061,259,136.21289250251897,79.34
2019-06-05,ASML.US,buy,210.5146,1.3,signal,0.0,0,0.0,0.0
2020-02-20,ASML.US,sell,297.51,1.3,target_rebalance,113.094,260,131.83227402813944,41.33
2019-06-05,MU.US,buy,41.7186,30.62,signal,0.0,0,0.0,0.0
2020-02-20,MU.US,sell,58.3328,30.62,target_rebalance,508.7265,260,118.14926121473832,39.82
2019-06-05,NVDA.US,buy,4.1749,669.55,signal,0.0,0,0.0,0.0
2020-02-20,NVDA.US,sell,7.7672,669.55,target_rebalance,2405.2276,260,137.212892502519,86.04
2019-06-05,AMAT.US,buy,44.4172,1.8,signal,0.0,0,0.0,0.0
2020-02-21,AMAT.US,sell,62.1904,1.8,target_rebalance,31.9917,261,130.17456326661176,40.01
2019-06-05,ASML.US,buy,210.5146,0.62,signal,0.0,0,0.0,0.0
2020-02-21,ASML.US,sell,292.1881,0.62,target_rebalance,50.6376,261,132.8322740281394,38.8
2019-06-05,TSM.US,buy,40.1033,46.45,signal,0.0,0,0.0,0.0
2020-02-21,TSM.US,sell,50.4319,46.45,target_rebalance,479.7637,261,119.43382873211095,25.76
2019-06-05,AMAT.US,buy,44.4172,38.49,signal,0.0,0,0.0,0.0
2020-02-24,AMAT.US,sell,57.6801,38.49,target_rebalance,510.4894,264,131.17456326661176,29.86
2019-06-05,ASML.US,buy,210.5146,11.28,signal,0.0,0,0.0,0.0
2020-02-24,ASML.US,sell,272.2661,11.28,target_rebalance,696.5575,264,133.83227402813944,29.33
2019-06-05,AVGO.US,buy,24.1353,287.74,signal,0.0,0,0.0,0.0
2020-02-24,AVGO.US,sell,25.1922,287.74,target_rebalance,304.1143,264,117.70201391681398,4.38
2019-06-05,LRCX.US,buy,19.798,4.28,signal,0.0,0,0.0,0.0
2020-02-24,LRCX.US,sell,27.7902,4.28,target_rebalance,34.2064,264,135.2230477293934,40.37
2019-06-05,TSM.US,buy,40.1033,119.85,signal,0.0,0,0.0,0.0
2020-02-24,TSM.US,sell,47.6721,119.85,target_rebalance,907.1286,264,120.43382873211095,18.87
2019-06-05,AMD.US,buy,36.4259,120.33,signal,0.0,0,0.0,0.0
2020-02-25,AMD.US,sell,51.0889,120.33,target_rebalance,1764.3964,265,105.81918803150168,40.25
2019-06-05,MU.US,buy,41.7983,5.13,signal,0.0,0,0.0,0.0
2020-02-25,MU.US,sell,53.423,5.13,target_rebalance,59.6351,265,120.22955043815375,27.81
2019-06-05,TSM.US,buy,40.1033,29.64,signal,0.0,0,0.0,0.0
2020-02-25,TSM.US,sell,49.2568,29.64,target_rebalance,271.3099,265,121.43382873211095,22.82
2019-06-05,ASML.US,buy,210.5529,9.56,signal,0.0,0,0.0,0.0
2020-02-26,ASML.US,sell,272.643,9.56,target_rebalance,593.581,266,135.7567651792233,29.49
2019-06-05,AVGO.US,buy,24.1604,12.28,signal,0.0,0,0.0,0.0
2020-02-26,AVGO.US,sell,24.3488,12.28,target_rebalance,2.3126,266,116.98966833977276,0.78
2019-06-05,LRCX.US,buy,19.806,23.3,signal,0.0,0,0.0,0.0
2020-02-26,LRCX.US,sell,27.5153,23.3,target_rebalance,179.6249,266,137.09724311312158,38.92
2019-06-05,TSM.US,buy,40.1033,81.9,signal,0.0,0,0.0,0.0
2020-02-26,TSM.US,sell,48.509,81.9,target_rebalance,688.4266,266,122.43382873211095,20.96
2019-06-05,AVGO.US,buy,24.1604,119.5,signal,0.0,0,0.0,0.0
2020-02-27,AVGO.US,sell,24.002,119.5,target_rebalance,-18.9372,267,117.98966833977278,-0.66
2019-06-05,NVDA.US,buy,4.3158,48.07,signal,0.0,0,0.0,0.0
2020-02-27,NVDA.US,sell,6.3339,48.07,target_rebalance,97.0082,267,134.6390581265415,46.76
2019-06-05,TSM.US,buy,40.1033,92.27,signal,0.0,0,0.0,0.0
2020-02-27,TSM.US,sell,48.2508,92.27,target_rebalance,751.7723,267,123.43382873211095,20.32
2019-06-05,ASML.US,buy,210.7839,6.8,signal,0.0,0,0.0,0.0
2020-02-28,ASML.US,sell,252.2595,6.8,target_rebalance,282.0339,268,137.15662463478233,19.68
2019-06-05,LRCX.US,buy,19.8302,102.14,signal,0.0,0,0.0,0.0
2020-02-28,LRCX.US,sell,25.6186,102.14,target_rebalance,591.2328,268,138.60563673692315,29.19
2019-06-05,MU.US,buy,41.8735,38.07,signal,0.0,0,0.0,0.0
2020-02-28,MU.US,sell,47.393,38.07,target_rebalance,210.1281,268,122.0664545416927,13.18
2019-06-05,NVDA.US,buy,4.3158,77.33,signal,0.0,0,0.0,0.0
2020-02-28,NVDA.US,sell,6.0248,77.33,target_rebalance,132.1529,268,135.63905812654147,39.6
2019-06-05,AMD.US,buy,37.1006,200.78,signal,0.0,0,0.0,0.0
2020-03-02,AMD.US,sell,47.3726,200.78,target_rebalance,2062.4079,271,100.62059397652277,27.69
2019-06-05,MU.US,buy,41.8735,23.81,signal,0.0,0,0.0,0.0
2020-03-02,MU.US,sell,51.8254,23.81,target_rebalance,236.9561,271,123.06645454169269,23.77
2019-06-05,NVDA.US,buy,4.3158,1330.6,signal,0.0,0,0.0,0.0
2020-03-02,NVDA.US,sell,6.8805,1330.6,target_rebalance,3412.6277,271,136.63905812654147,59.43
2019-06-05,AMD.US,buy,37.1006,27.96,signal,0.0,0,0.0,0.0
2020-03-03,AMD.US,sell,48.981,27.96,target_rebalance,332.1751,272,101.62059397652277,32.02
2019-06-05,ASML.US,buy,212.7301,12.39,signal,0.0,0,0.0,0.0
2020-03-03,ASML.US,sell,275.9208,12.39,target_rebalance,782.9336,272,134.095618498729,29.7
2019-06-05,AVGO.US,buy,24.1357,1.64,signal,0.0,0,0.0,0.0
2020-03-03,AVGO.US,sell,24.3745,1.64,target_rebalance,0.3916,272,116.25788757095098,0.99
2019-06-05,MU.US,buy,41.8735,0.29,signal,0.0,0,0.0,0.0
2020-03-03,MU.US,sell,53.1892,0.29,target_rebalance,3.2816,272,124.06645454169272,27.02
2019-06-05,TSM.US,buy,40.3061,25.47,signal,0.0,0,0.0,0.0
2020-03-03,TSM.US,sell,50.1203,25.47,target_rebalance,249.9671,272,123.40342275090342,24.35
2019-06-05,AMAT.US,buy,44.7526,13.73,signal,0.0,0,0.0,0.0
2020-03-04,AMAT.US,sell,56.0855,13.73,target_rebalance,155.6012,273,134.32172269862767,25.32
2019-06-05,ASML.US,buy,212.7301,8.72,signal,0.0,0,0.0,0.0
2020-03-04,ASML.US,sell,275.4122,8.72,target_rebalance,546.5885,273,135.095618498729,29.47
2019-06-05,LRCX.US,buy,19.9989,54.41,signal,0.0,0,0.0,0.0
2020-03-04,LRCX.US,sell,27.7595,54.41,target_rebalance,422.2565,273,138.6461142668809,38.81
2019-06-05,TSM.US,buy,40.3061,33.56,signal,0.0,0,0.0,0.0
2020-03-04,TSM.US,sell,49.8265,33.56,target_rebalance,319.5048,273,124.40342275090342,23.62
2019-06-05,AMD.US,buy,37.1006,21.0,signal,0.0,0,0.0,0.0
2020-03-05,AMD.US,sell,48.6313,21.0,target_rebalance,242.1451,274,103.62059397652277,31.08
2019-06-05,MU.US,buy,41.9932,12.94,signal,0.0,0,0.0,0.0
2020-03-05,MU.US,sell,52.069,12.94,target_rebalance,130.3798,274,124.55024360026134,23.99
2019-06-05,NVDA.US,buy,4.3982,493.91,signal,0.0,0,0.0,0.0
2020-03-05,NVDA.US,sell,6.8706,493.91,target_rebalance,1221.1367,274,135.12639277335052,56.21
2019-06-05,TSM.US,buy,40.3061,0.59,signal,0.0,0,0.0,0.0
2020-03-05,TSM.US,sell,49.9511,0.59,target_rebalance,5.6906,274,125.40342275090342,23.93
2019-06-05,AMD.US,buy,37.1006,138.91,signal,0.0,0,0.0,0.0
2020-03-06,AMD.US,sell,49.3906,138.91,target_rebalance,1707.1982,275,104.62059397652277,33.13
2019-06-05,AMAT.US,buy,44.9505,28.12,signal,0.0,0,0.0,0.0
2020-03-09,AMAT.US,sell,49.8297,28.12,target_rebalance,137.2039,278,134.71657885717372,10.85
2019-06-05,ASML.US,buy,213.0379,10.28,signal,0.0,0,0.0,0.0
2020-03-09,ASML.US,sell,250.0365,10.28,target_rebalance,380.3452,278,137.41923534998543,17.37
2019-06-05,AVGO.US,buy,24.1138,178.89,signal,0.0,0,0.0,0.0
2020-03-09,AVGO.US,sell,21.4999,178.89,target_rebalance,-467.597,278,117.1683995843686,-10.84
2019-06-05,LRCX.US,buy,20.0364,140.91,signal,0.0,0,0.0,0.0
2020-03-09,LRCX.US,sell,25.3567,140.91,target_rebalance,749.6879,278,140.9529067604104,26.55
2019-06-05,TSM.US,buy,40.3266,97.92,signal,0.0,0,0.0,0.0
2020-03-09,TSM.US,sell,45.8917,97.92,target_rebalance,544.9359,278,127.09555617788214,13.8
2019-06-05,AMD.US,buy,37.391,42.04,signal,0.0,0,0.0,0.0
2020-03-10,AMD.US,sell,45.3646,42.04,target_rebalance,335.2103,279,101.48521325211463,21.32
2019-06-05,ASML.US,buy,213.0379,3.62,signal,0.0,0,0.0,0.0
2020-03-10,ASML.US,sell,261.8484,3.62,target_rebalance,176.6939,279,138.41923534998543,22.91
2019-06-05,MU.US,buy,42.1094,52.29,signal,0.0,0,0.0,0.0
2020-03-10,MU.US,sell,46.9059,52.29,target_rebalance,250.8084,279,121.42502051678194,11.39
2019-06-05,NVDA.US,buy,4.4536,653.26,signal,0.0,0,0.0,0.0
2020-03-10,NVDA.US,sell,6.3746,653.26,target_rebalance,1254.9311,279,134.06996689629275,43.13
2019-06-05,TSM.US,buy,40.3266,1.85,signal,0.0,0,0.0,0.0
2020-03-10,TSM.US,sell,47.8146,1.85,target_rebalance,13.8528,279,128.09555617788212,18.57
2019-06-05,AMAT.US,buy,45.0076,28.8,signal,0.0,0,0.0,0.0
2020-03-11,AMAT.US,sell,51.2167,28.8,target_rebalance,178.823,280,135.52040139531883,13.8
2019-06-05,AVGO.US,buy,24.0788,3.57,signal,0.0,0,0.0,0.0
2020-03-11,AVGO.US,sell,21.7396,3.57,target_rebalance,-8.3507,280,117.19854853501367,-9.71
2019-06-05,LRCX.US,buy,20.1957,138.36,signal,0.0,0,0.0,0.0
2020-03-11,LRCX.US,sell,25.8713,138.36,target_rebalance,785.2766,280,138.92978712369577,28.1
2019-06-05,NVDA.US,buy,4.4536,232.12,signal,0.0,0,0.0,0.0
2020-03-11,NVDA.US,sell,6.3478,232.12,target_rebalance,439.68,280,135.06996689629273,42.53
2019-06-05,TSM.US,buy,40.3266,6.49,signal,0.0,0,0.0,0.0
2020-03-11,TSM.US,sell,47.2804,6.49,target_rebalance,45.1307,280,129.09555617788214,17.24
2019-06-05,AMD.US,buy,37.4736,169.45,signal,0.0,0,0.0,0.0
2020-03-12,AMD.US,sell,41.958,169.45,target_rebalance,759.8804,281,102.24784645539711,11.97
2019-06-05,LRCX.US,buy,20.1957,120.24,signal,0.0,0,0.0,0.0
2020-03-12,LRCX.US,sell,23.8771,120.24,target_rebalance,442.6564,281,139.92978712369575,18.23
2019-06-05,TSM.US,buy,40.3266,110.3,signal,0.0,0,0.0,0.0
2020-03-12,TSM.US,sell,44.2091,110.3,target_rebalance,428.2486,281,130.09555617788214,9.63
2019-06-05,AMAT.US,buy,45.0138,3247.99,signal,0.0,0,0.0,0.0
2020-03-13,AMAT.US,sell,45.9233,3247.99,signal,2953.98,282,136.7528920958818,2.02
2019-06-05,AMD.US,buy,37.4736,3570.11,signal,0.0,0,0.0,0.0
2020-03-13,AMD.US,sell,42.1578,3570.11,signal,16723.0863,282,103.24784645539711,12.5
2019-06-05,ASML.US,buy,213.351,646.69,signal,0.0,0,0.0,0.0
2020-03-13,ASML.US,sell,242.1337,646.69,signal,18613.4654,282,139.98223505196952,13.49
2019-06-05,AVGO.US,buy,24.0295,7691.27,signal,0.0,0,0.0,0.0
2020-03-13,AVGO.US,sell,19.3103,7691.27,signal,-36296.6298,282,117.93377164583521,-19.64
2019-06-05,LRCX.US,buy,20.1957,6273.58,signal,0.0,0,0.0,0.0
2020-03-13,LRCX.US,sell,23.5919,6273.58,signal,21306.9165,282,140.92978712369575,16.82
2019-06-05,MU.US,buy,41.9697,3894.94,signal,0.0,0,0.0,0.0
2020-03-13,MU.US,sell,40.4959,3894.94,signal,-5740.1765,282,114.24792745373922,-3.51
2019-06-05,NVDA.US,buy,4.4808,26684.48,signal,0.0,0,0.0,0.0
2020-03-13,NVDA.US,sell,5.7276,26684.48,signal,33269.6227,282,133.8796924712713,27.82
2019-06-05,TSM.US,buy,40.3266,3388.32,signal,0.0,0,0.0,0.0
2020-03-13,TSM.US,sell,46.2033,3388.32,signal,19912.1345,282,131.09555617788214,14.57
2020-03-16,AMAT.US,buy,41.6473,3661.55,signal,0.0,0,0.0,0.0
2020-03-17,AMAT.US,sell,39.4033,3661.55,signal,-8216.4053,1,1.0,-5.39
2020-03-16,AMD.US,buy,39.1191,3898.19,signal,0.0,0,0.0,0.0
2020-03-17,AMD.US,sell,40.1498,3898.19,signal,4017.9689,1,1.0,2.63
2020-03-16,ASML.US,buy,208.2539,732.25,signal,0.0,0,0.0,0.0
2020-03-17,ASML.US,sell,218.1049,732.25,signal,7213.3687,1,1.0,4.73
2020-03-16,AVGO.US,buy,17.8621,8537.28,signal,0.0,0,0.0,0.0
2020-03-17,AVGO.US,sell,16.4255,8537.28,signal,-12264.5509,1,1.0,-8.04
2020-03-16,LRCX.US,buy,20.8304,7320.72,signal,0.0,0,0.0,0.0
2020-03-17,LRCX.US,sell,20.1618,7320.72,signal,-4894.3579,1,1.0,-3.21
2020-03-16,MU.US,buy,36.4578,4182.74,signal,0.0,0,0.0,0.0
2020-03-17,MU.US,sell,34.573,4182.74,signal,-7883.5592,1,1.0,-5.17
2020-03-16,NVDA.US,buy,5.2886,28834.18,signal,0.0,0,0.0,0.0
2020-03-17,NVDA.US,sell,4.9923,28834.18,signal,-8544.264,1,1.0,-5.6
2020-03-16,TSM.US,buy,41.3361,3689.11,signal,0.0,0,0.0,0.0
2020-03-17,TSM.US,sell,40.7283,3689.11,signal,-2242.35,1,1.0,-1.47
2020-03-27,AMD.US,buy,46.3663,63.89,signal,0.0,0,0.0,0.0
2020-03-30,AMD.US,sell,47.1928,63.89,target_rebalance,52.8014,3,1.0,1.78
2020-03-27,ASML.US,buy,247.4791,3.39,signal,0.0,0,0.0,0.0
2020-03-30,ASML.US,sell,248.2657,3.39,target_rebalance,2.6664,3,1.0,0.32
2020-03-27,MU.US,buy,42.2169,74.93,signal,0.0,0,0.0,0.0
2020-03-30,MU.US,sell,43.0287,74.93,target_rebalance,60.8338,3,1.0,1.92
2020-03-27,NVDA.US,buy,6.2246,512.05,signal,0.0,0,0.0,0.0
2020-03-30,NVDA.US,sell,6.3453,512.05,target_rebalance,61.8299,3,1.0,1.94
2020-03-27,AMAT.US,buy,44.9985,47.08,signal,0.0,0,0.0,0.0
2020-03-31,AMAT.US,sell,44.508,47.08,target_rebalance,-23.093,4,1.9541579092319068,-1.09
2020-03-27,AVGO.US,buy,20.3314,1.23,signal,0.0,0,0.0,0.0
2020-03-31,AVGO.US,sell,20.7263,1.23,target_rebalance,0.4857,4,1.9990544026383672,1.94
2020-03-27,NVDA.US,buy,6.2246,526.47,signal,0.0,0,0.0,0.0
2020-03-31,NVDA.US,sell,6.6395,526.47,target_rebalance,218.4622,4,2.0,6.67
2020-03-27,ASML.US,buy,247.4979,1.77,signal,0.0,0,0.0,0.0
2020-04-01,ASML.US,sell,238.4319,1.77,target_rebalance,-16.0469,5,2.9932487759228623,-3.66
2020-03-27,AVGO.US,buy,20.3314,141.3,signal,0.0,0,0.0,0.0
2020-04-01,AVGO.US,sell,19.8545,141.3,target_rebalance,-67.3793,5,2.999054402638367,-2.35
2020-03-27,NVDA.US,buy,6.2246,413.79,signal,0.0,0,0.0,0.0
2020-04-01,NVDA.US,sell,6.3525,413.79,target_rebalance,52.9469,5,3.0,2.06
2020-03-27,TSM.US,buy,42.5338,137.93,signal,0.0,0,0.0,0.0
2020-04-01,TSM.US,sell,42.0853,137.93,target_rebalance,-61.8662,5,2.984037155680368,-1.05
2020-03-27,AMAT.US,buy,44.9668,3432.93,signal,0.0,0,0.0,0.0
2020-04-02,AMAT.US,sell,40.1015,3432.93,signal,-16702.1265,6,3.9278599463529296,-10.82
2020-03-27,AMD.US,buy,46.3355,3216.75,signal,0.0,0,0.0,0.0
2020-04-02,AMD.US,sell,43.3566,3216.75,signal,-9582.4619,6,3.931878448744851,-6.43
2020-03-27,ASML.US,buy,247.4979,596.64,signal,0.0,0,0.0,0.0
2020-04-02,ASML.US,sell,229.7095,596.64,signal,-10613.2676,6,3.9932487759228623,-7.19
2020-03-27,AVGO.US,buy,20.3314,7165.02,signal,0.0,0,0.0,0.0
2020-04-02,AVGO.US,sell,19.3677,7165.02,signal,-6904.6451,6,3.9990544026383676,-4.74
2020-03-27,LRCX.US,buy,23.629,6636.52,signal,0.0,0,0.0,0.0
2020-04-02,LRCX.US,sell,20.5173,6636.52,signal,-20650.6518,6,3.876635646392989,-13.17
2020-03-27,MU.US,buy,42.1601,3594.07,signal,0.0,0,0.0,0.0
2020-04-02,MU.US,sell,38.7619,3594.07,signal,-12213.4824,6,3.887025016207253,-8.06
2020-03-27,NVDA.US,buy,6.2246,22393.98,signal,0.0,0,0.0,0.0
2020-04-02,NVDA.US,sell,6.069,22393.98,signal,-3483.7243,6,4.0,-2.5
2020-03-27,TSM.US,buy,42.5338,3380.24,signal,0.0,0,0.0,0.0
2020-04-02,TSM.US,sell,42.1662,3380.24,signal,-1242.7357,6,3.984037155680368,-0.86
2020-04-07,AMAT.US,buy,45.3818,89.21,signal,0.0,0,0.0,0.0
2020-04-08,AMAT.US,sell,45.8856,89.21,target_rebalance,44.9408,1,1.0,1.11
2020-04-07,ASML.US,buy,264.7038,4.14,signal,0.0,0,0.0,0.0
2020-04-08,ASML.US,sell,261.886,4.14,target_rebalance,-11.6656,1,1.0,-1.06
2020-04-07,LRCX.US,buy,24.7341,1.56,signal,0.0,0,0.0,0.0
2020-04-08,LRCX.US,sell,24.2838,1.56,target_rebalance,-0.7024,1,1.0,-1.82
2020-04-07,AMAT.US,buy,45.3818,96.31,signal,0.0,0,0.0,0.0
2020-04-09,AMAT.US,sell,49.0654,96.31,target_rebalance,354.7668,2,2.0,8.12
2020-04-07,LRCX.US,buy,24.7341,58.49,signal,0.0,0,0.0,0.0
2020-04-09,LRCX.US,sell,25.3873,58.49,target_rebalance,38.2079,2,2.0,2.64
2020-04-07,MU.US,buy,46.9387,29.83,signal,0.0,0,0.0,0.0
2020-04-09,MU.US,sell,48.0262,29.83,target_rebalance,32.4395,2,1.997428836277767,2.32
2020-04-07,AMD.US,buy,49.0098,57.24,signal,0.0,0,0.0,0.0
2020-04-13,AMD.US,sell,48.4215,57.24,target_rebalance,-33.6751,6,2.9974323607427062,-1.2
2020-04-07,ASML.US,buy,264.7318,9.43,signal,0.0,0,0.0,0.0
2020-04-13,ASML.US,sell,258.8906,9.43,target_rebalance,-55.0821,6,2.9663362207858675,-2.21
2020-04-07,NVDA.US,buy,6.8929,31.05,signal,0.0,0,0.0,0.0
2020-04-13,NVDA.US,sell,6.4743,31.05,target_rebalance,-12.999,6,2.964177865852659,-6.07
2020-04-07,TSM.US,buy,46.1541,41.31,signal,0.0,0,0.0,0.0
2020-04-13,TSM.US,sell,43.8018,41.31,target_rebalance,-97.1748,6,2.9334289166331047,-5.1
2020-04-07,AMD.US,buy,49.0098,78.57,signal,0.0,0,0.0,0.0
2020-04-14,AMD.US,sell,52.1878,78.57,target_rebalance,249.6888,7,3.9974323607427054,6.48
2020-04-07,AVGO.US,buy,22.8474,2.74,signal,0.0,0,0.0,0.0
2020-04-14,AVGO.US,sell,23.1751,2.74,target_rebalance,0.8978,7,3.998372399054112,1.43
2020-04-07,NVDA.US,buy,6.8929,161.88,signal,0.0,0,0.0,0.0
2020-04-14,NVDA.US,sell,6.8333,161.88,target_rebalance,-9.6458,7,3.9641778658526596,-0.86
2020-04-07,AMAT.US,buy,45.4013,2.24,signal,0.0,0,0.0,0.0
2020-04-15,AMAT.US,sell,48.4143,2.24,target_rebalance,6.7493,8,4.968782655031384,6.64
2020-04-07,AMD.US,buy,49.0098,86.97,signal,0.0,0,0.0,0.0
2020-04-15,AMD.US,sell,53.6763,86.97,target_rebalance,405.8389,8,4.997432360742705,9.52
2020-04-07,LRCX.US,buy,24.7281,11.1,signal,0.0,0,0.0,0.0
2020-04-15,LRCX.US,sell,24.8547,11.1,target_rebalance,1.406,8,4.938400532268796,0.51
2020-04-07,NVDA.US,buy,6.8929,259.22,signal,0.0,0,0.0,0.0
2020-04-15,NVDA.US,sell,6.888,259.22,target_rebalance,-1.2752,8,4.96417786585266,-0.07
2020-04-07,AMD.US,buy,49.0098,39.69,signal,0.0,0,0.0,0.0
2020-04-16,AMD.US,sell,55.904,39.69,target_rebalance,273.6305,9,5.997432360742706,14.07
2020-04-07,ASML.US,buy,264.6344,9.67,signal,0.0,0,0.0,0.0
2020-04-16,ASML.US,sell,273.0009,9.67,target_rebalance,80.9042,9,5.81133503343987,3.16
2020-04-07,NVDA.US,buy,6.8929,196.2,signal,0.0,0,0.0,0.0
2020-04-16,NVDA.US,sell,7.1335,196.2,target_rebalance,47.2026,9,5.964177865852659,3.49
2020-04-07,TSM.US,buy,46.1331,40.5,signal,0.0,0,0.0,0.0
2020-04-16,TSM.US,sell,46.5607,40.5,target_rebalance,17.3166,9,5.860459915536859,0.93
2020-04-07,AMAT.US,buy,45.4463,16.57,signal,0.0,0,0.0,0.0
2020-04-17,AMAT.US,sell,50.6128,16.57,target_rebalance,85.6091,10,6.894907995134329,11.37
2020-04-07,ASML.US,buy,264.6344,6.67,signal,0.0,0,0.0,0.0
2020-04-17,ASML.US,sell,283.7577,6.67,target_rebalance,127.5529,10,6.811335033439869,7.23
2020-04-07,LRCX.US,buy,24.7327,10.56,signal,0.0,0,0.0,0.0
2020-04-17,LRCX.US,sell,25.991,10.56,target_rebalance,13.2876,10,6.889038618213392,5.09
2020-04-07,NVDA.US,buy,6.8929,229.02,signal,0.0,0,0.0,0.0
2020-04-17,NVDA.US,sell,7.4049,229.02,target_rebalance,117.2419,10,6.964177865852659,7.43
2020-04-07,TSM.US,buy,46.1331,54.73,signal,0.0,0,0.0,0.0
2020-04-17,TSM.US,sell,48.6457,54.73,target_rebalance,137.51,10,6.860459915536859,5.45
2020-04-07,AMD.US,buy,49.0098,5.54,signal,0.0,0,0.0,0.0
2020-04-20,AMD.US,sell,55.924,5.54,target_rebalance,38.3045,13,7.997432360742704,14.11
2020-04-07,AVGO.US,buy,22.8489,85.09,signal,0.0,0,0.0,0.0
2020-04-20,AVGO.US,sell,22.6421,85.09,target_rebalance,-17.5901,13,7.666989937180177,-0.9
2020-04-07,LRCX.US,buy,24.7327,51.09,signal,0.0,0,0.0,0.0
2020-04-20,LRCX.US,sell,25.5116,51.09,target_rebalance,39.7967,13,7.889038618213391,3.15
2020-04-07,TSM.US,buy,46.1331,19.85,signal,0.0,0,0.0,0.0
2020-04-20,TSM.US,sell,47.6301,19.85,target_rebalance,29.7157,13,7.860459915536859,3.24
2020-04-07,AMD.US,buy,49.0098,98.25,signal,0.0,0,0.0,0.0
2020-04-21,AMD.US,sell,56.8431,98.25,target_rebalance,769.6174,14,8.997432360742705,15.98
2020-04-07,ASML.US,buy,264.6632,0.79,signal,0.0,0,0.0,0.0
2020-04-21,ASML.US,sell,269.4593,0.79,target_rebalance,3.7889,14,8.790154298060735,1.81
2020-04-07,AVGO.US,buy,22.8489,10.7,signal,0.0,0,0.0,0.0
2020-04-21,AVGO.US,sell,22.1684,10.7,target_rebalance,-7.281,14,8.666989937180178,-2.98
2020-04-07,NVDA.US,buy,6.8948,70.48,signal,0.0,0,0.0,0.0
2020-04-21,NVDA.US,sell,7.015,70.48,target_rebalance,8.4736,14,8.907863242184757,1.74
2020-04-07,AMAT.US,buy,45.4802,21.1,signal,0.0,0,0.0,0.0
2020-04-22,AMAT.US,sell,47.2726,21.1,target_rebalance,37.8198,15,9.720906203568887,3.94
2020-04-07,ASML.US,buy,264.6632,9.67,signal,0.0,0,0.0,0.0
2020-04-22,ASML.US,sell,273.161,9.67,target_rebalance,82.1742,15,9.790154298060735,3.21
2020-04-07,AVGO.US,buy,22.8489,37.54,signal,0.0,0,0.0,0.0
2020-04-22,AVGO.US,sell,22.1867,37.54,target_rebalance,-24.8583,15,9.666989937180178,-2.9
2020-04-07,MU.US,buy,46.6179,18.93,signal,0.0,0,0.0,0.0
2020-04-22,MU.US,sell,41.9961,18.93,target_rebalance,-87.4898,15,9.286523751151691,-9.91
2020-04-07,TSM.US,buy,46.1338,59.77,signal,0.0,0,0.0,0.0
2020-04-22,TSM.US,sell,47.1628,59.77,target_rebalance,61.5068,15,9.84336273385207,2.23
2020-04-07,AMAT.US,buy,45.4802,22.39,signal,0.0,0,0.0,0.0
2020-04-23,AMAT.US,sell,48.8295,22.39,target_rebalance,74.9908,16,10.720906203568887,7.36
2020-04-07,AMD.US,buy,49.1769,11.18,signal,0.0,0,0.0,0.0
2020-04-23,AMD.US,sell,56.5934,11.18,target_rebalance,82.9156,16,10.716928323199308,15.08
2020-04-07,LRCX.US,buy,24.7128,139.81,signal,0.0,0,0.0,0.0
2020-04-23,LRCX.US,sell,25.121,139.81,target_rebalance,57.0778,16,10.548626673622493,1.65
2020-04-07,NVDA.US,buy,6.8948,216.36,signal,0.0,0,0.0,0.0
2020-04-23,NVDA.US,sell,7.1524,216.36,target_rebalance,55.7245,16,10.799304676779474,3.74
2020-04-07,ASML.US,buy,264.8553,3.46,signal,0.0,0,0.0,0.0
2020-04-24,ASML.US,sell,274.44,3.46,target_rebalance,33.1631,17,11.581449260058637,3.62
2020-04-07,AVGO.US,buy,22.8487,22.29,signal,0.0,0,0.0,0.0
2020-04-24,AVGO.US,sell,22.6256,22.29,target_rebalance,-4.9721,17,11.651132407732597,-0.98
2020-04-07,LRCX.US,buy,24.7128,34.3,signal,0.0,0,0.0,0.0
2020-04-24,LRCX.US,sell,25.0911,34.3,target_rebalance,12.9775,17,11.548626673622495,1.53
2020-04-07,MU.US,buy,46.5932,15.94,signal,0.0,0,0.0,0.0
2020-04-24,MU.US,sell,42.6683,15.94,target_rebalance,-62.5633,17,11.220561565619166,-8.42
2020-04-07,TSM.US,buy,46.157,3.79,signal,0.0,0,0.0,0.0
2020-04-24,TSM.US,sell,47.2707,3.79,target_rebalance,4.2207,17,11.665911367082591,2.41
2020-04-07,AMAT.US,buy,45.4833,1.01,signal,0.0,0,0.0,0.0
2020-04-27,AMAT.US,sell,49.5372,1.01,target_rebalance,4.0944,20,12.708644416304896,8.91
2020-04-07,AMD.US,buy,49.2865,43.93,signal,0.0,0,0.0,0.0
2020-04-27,AMD.US,sell,57.3826,43.93,target_rebalance,355.6609,20,12.502223437272846,16.43
2020-04-07,MU.US,buy,46.5932,15.54,signal,0.0,0,0.0,0.0
2020-04-27,MU.US,sell,43.8373,15.54,target_rebalance,-42.8273,20,12.220561565619166,-5.91
2020-04-07,NVDA.US,buy,6.8958,299.42,signal,0.0,0,0.0,0.0
2020-04-27,NVDA.US,sell,7.3301,299.42,target_rebalance,130.036,20,12.733497282156895,6.3
2020-04-07,AVGO.US,buy,22.8493,142.99,signal,0.0,0,0.0,0.0
2020-04-28,AVGO.US,sell,23.8822,142.99,target_rebalance,147.6964,21,13.613054562440421,4.52
2020-04-07,MU.US,buy,46.5932,48.66,signal,0.0,0,0.0,0.0
2020-04-28,MU.US,sell,45.016,48.66,target_rebalance,-76.7467,21,13.220561565619166,-3.39
2020-04-07,NVDA.US,buy,6.8958,296.05,signal,0.0,0,0.0,0.0
2020-04-28,NVDA.US,sell,7.5291,296.05,target_rebalance,187.4971,21,13.733497282156895,9.18
2020-04-07,AMAT.US,buy,45.558,19.0,signal,0.0,0,0.0,0.0
2020-04-29,AMAT.US,sell,48.905,19.0,target_rebalance,63.5929,22,14.423780285633805,7.35
2020-04-07,ASML.US,buy,264.9516,2.46,signal,0.0,0,0.0,0.0
2020-04-29,ASML.US,sell,280.5083,2.46,target_rebalance,38.2694,22,14.493820888107868,5.87
2020-04-07,MU.US,buy,46.5932,57.76,signal,0.0,0,0.0,0.0
2020-04-29,MU.US,sell,45.3765,57.76,target_rebalance,-70.2797,22,14.220561565619164,-2.61
2020-04-07,TSM.US,buy,46.1838,37.48,signal,0.0,0,0.0,0.0
2020-04-29,TSM.US,sell,48.3042,37.48,target_rebalance,79.4712,22,14.473868296269979,4.59
2020-04-07,AMAT.US,buy,45.558,42.79,signal,0.0,0,0.0,0.0
2020-04-30,AMAT.US,sell,50.4336,42.79,target_rebalance,208.6257,23,15.423780285633807,10.7
2020-04-07,ASML.US,buy,264.9516,0.35,signal,0.0,0,0.0,0.0
2020-04-30,ASML.US,sell,285.2987,0.35,target_rebalance,7.1215,23,15.493820888107868,7.68
2020-04-07,LRCX.US,buy,24.7277,52.88,signal,0.0,0,0.0,0.0
2020-04-30,LRCX.US,sell,25.6957,52.88,target_rebalance,51.1885,23,15.218434287074233,3.91
2020-04-07,MU.US,buy,46.5932,138.1,signal,0.0,0,0.0,0.0
2020-04-30,MU.US,sell,48.2015,138.1,target_rebalance,222.1075,23,15.220561565619164,3.45
2020-04-07,AMD.US,buy,49.7305,34.37,signal,0.0,0,0.0,0.0
2020-05-01,AMD.US,sell,51.0189,34.37,target_rebalance,44.2841,24,15.252847663589606,2.59
2020-04-07,AVGO.US,buy,22.8563,181.43,signal,0.0,0,0.0,0.0
2020-05-01,AVGO.US,sell,23.1646,181.43,target_rebalance,55.9367,24,16.505413524806627,1.35
2020-04-07,NVDA.US,buy,6.9086,328.84,signal,0.0,0,0.0,0.0
2020-05-01,NVDA.US,sell,7.0657,328.84,target_rebalance,51.6645,24,16.327317857883344,2.27
2020-04-07,TSM.US,buy,46.1992,75.99,signal,0.0,0,0.0,0.0
2020-05-01,TSM.US,sell,47.1628,75.99,target_rebalance,73.2226,24,16.38266721797951,2.09
2020-04-07,AMD.US,buy,49.7305,7.88,signal,0.0,0,0.0,0.0
2020-05-04,AMD.US,sell,49.7702,7.88,target_rebalance,0.3129,27,16.252847663589606,0.08
2020-04-07,ASML.US,buy,264.9516,6.4,signal,0.0,0,0.0,0.0
2020-05-04,ASML.US,sell,264.6984,6.4,target_rebalance,-1.6209,27,17.493820888107866,-0.1
2020-04-07,AVGO.US,buy,22.8563,10.91,signal,0.0,0,0.0,0.0
2020-05-04,AVGO.US,sell,22.5733,10.91,target_rebalance,-3.0875,27,17.505413524806624,-1.24
2020-04-07,NVDA.US,buy,6.9086,300.48,signal,0.0,0,0.0,0.0
2020-05-04,NVDA.US,sell,6.9794,300.48,target_rebalance,21.2998,27,17.327317857883347,1.03
2020-04-07,TSM.US,buy,46.1992,42.24,signal,0.0,0,0.0,0.0
2020-05-04,TSM.US,sell,46.5427,42.24,target_rebalance,14.509,27,17.38266721797951,0.74
2020-04-07,AMAT.US,buy,45.5468,34.02,signal,0.0,0,0.0,0.0
2020-05-05,AMAT.US,sell,46.0743,34.02,target_rebalance,17.9438,28,17.640079081891237,1.16
2020-04-07,AMD.US,buy,49.7305,94.69,signal,0.0,0,0.0,0.0
2020-05-05,AMD.US,sell,53.3766,94.69,target_rebalance,345.2486,28,17.25284766358961,7.33
2020-04-07,NVDA.US,buy,6.9086,310.74,signal,0.0,0,0.0,0.0
2020-05-05,NVDA.US,sell,7.342,310.74,target_rebalance,134.683,28,18.327317857883347,6.27
2020-04-07,AMAT.US,buy,45.5468,34.5,signal,0.0,0,0.0,0.0
2020-05-06,AMAT.US,sell,47.1688,34.5,target_rebalance,55.9584,29,18.64007908189124,3.56
2020-04-07,ASML.US,buy,265.0258,9.77,signal,0.0,0,0.0,0.0
2020-05-06,ASML.US,sell,278.2268,9.77,target_rebalance,128.9743,29,19.20604175818937,4.98
2020-04-07,LRCX.US,buy,24.5711,132.88,signal,0.0,0,0.0,0.0
2020-05-06,LRCX.US,sell,23.299,132.88,target_rebalance,-169.043,29,17.953688749031127,-5.18
2020-04-07,AMAT.US,buy,45.5468,41.62,signal,0.0,0,0.0,0.0
2020-05-07,AMAT.US,sell,48.5559,41.62,target_rebalance,125.2353,30,19.640079081891237,6.61
2020-04-07,MU.US,buy,46.5057,22.05,signal,0.0,0,0.0,0.0
2020-05-07,MU.US,sell,45.9025,22.05,target_rebalance,-13.3013,30,19.708245286477545,-1.3
2020-04-07,NVDA.US,buy,6.911,85.43,signal,0.0,0,0.0,0.0
2020-05-07,NVDA.US,sell,7.5385,85.43,target_rebalance,53.6076,30,20.228639988123547,9.08
2020-04-07,AMAT.US,buy,45.5468,38.23,signal,0.0,0,0.0,0.0
2020-05-08,AMAT.US,sell,49.4522,38.23,target_rebalance,149.3036,31,20.64007908189124,8.57
2020-04-07,ASML.US,buy,265.0258,0.51,signal,0.0,0,0.0,0.0
2020-05-08,ASML.US,sell,284.2195,0.51,target_rebalance,9.7888,31,21.20604175818937,7.24
2020-04-07,AVGO.US,buy,22.8673,5.01,signal,0.0,0,0.0,0.0
2020-05-08,AVGO.US,sell,23.7046,5.01,target_rebalance,4.1948,31,21.138905899341687,3.66
2020-04-07,LRCX.US,buy,24.5591,25.98,signal,0.0,0,0.0,0.0
2020-05-08,LRCX.US,sell,23.6307,25.98,target_rebalance,-24.1191,31,19.757328808945775,-3.78
2020-04-07,NVDA.US,buy,6.911,170.97,signal,0.0,0,0.0,0.0
2020-05-08,NVDA.US,sell,7.6471,170.97,target_rebalance,125.8494,31,21.228639988123547,10.65
2020-04-07,AMAT.US,buy,45.5468,55.0,signal,0.0,0,0.0,0.0
2020-05-11,AMAT.US,sell,51.0752,55.0,target_rebalance,304.0584,34,21.640079081891237,12.14
2020-04-07,LRCX.US,buy,24.5591,144.14,signal,0.0,0,0.0,0.0
2020-05-11,LRCX.US,sell,24.5249,144.14,target_rebalance,-4.9241,34,20.757328808945775,-0.14
2020-04-07,NVDA.US,buy,6.911,26.3,signal,0.0,0,0.0,0.0
2020-05-11,NVDA.US,sell,7.7602,26.3,target_rebalance,22.3327,34,22.228639988123547,12.29
2020-04-07,AMD.US,buy,49.8735,105.51,signal,0.0,0,0.0,0.0
2020-05-12,AMD.US,sell,56.1538,105.51,target_rebalance,662.6371,35,21.23775952618806,12.59
2020-04-07,NVDA.US,buy,6.911,352.49,signal,0.0,0,0.0,0.0
2020-05-12,NVDA.US,sell,8.0743,352.49,target_rebalance,410.0296,35,23.22863998812355,16.83
2020-04-07,ASML.US,buy,265.3276,4.15,signal,0.0,0,0.0,0.0
2020-05-13,ASML.US,sell,282.5817,4.15,target_rebalance,71.6043,36,23.83829674967673,6.5
2020-04-07,AVGO.US,buy,22.8856,33.53,signal,0.0,0,0.0,0.0
2020-05-13,AVGO.US,sell,23.5191,33.53,target_rebalance,21.2397,36,23.77542352825575,2.77
2020-04-07,NVDA.US,buy,6.911,102.69,signal,0.0,0,0.0,0.0
2020-05-13,NVDA.US,sell,7.8695,102.69,target_rebalance,98.427,36,24.228639988123547,13.87
2020-04-07,TSM.US,buy,46.2789,47.83,signal,0.0,0,0.0,0.0
2020-05-13,TSM.US,sell,46.6506,47.83,target_rebalance,17.776,36,22.728114088456227,0.8
2020-04-07,AMAT.US,buy,45.645,2.64,signal,0.0,0,0.0,0.0
2020-05-14,AMAT.US,sell,47.8859,2.64,target_rebalance,5.9162,37,24.228751607715605,4.91
2020-04-07,AVGO.US,buy,22.8856,15.35,signal,0.0,0,0.0,0.0
2020-05-14,AVGO.US,sell,22.7257,15.35,target_rebalance,-2.4544,37,24.775423528255747,-0.7
2020-04-07,NVDA.US,buy,6.911,493.95,signal,0.0,0,0.0,0.0
2020-05-14,NVDA.US,sell,7.7942,493.95,target_rebalance,436.2544,37,25.228639988123547,12.78
2020-04-07,TSM.US,buy,46.2789,24.39,signal,0.0,0,0.0,0.0
2020-05-14,TSM.US,sell,45.3205,24.39,target_rebalance,-23.3753,37,23.728114088456227,-2.07
2020-04-07,AMAT.US,buy,45.645,84.18,signal,0.0,0,0.0,0.0
2020-05-15,AMAT.US,sell,50.1599,84.18,target_rebalance,380.0714,38,25.2287516077156,9.89
2020-04-07,AMD.US,buy,49.8992,11.46,signal,0.0,0,0.0,0.0
2020-05-15,AMD.US,sell,53.2667,11.46,target_rebalance,38.5912,38,24.10209913893334,6.75
2020-04-07,ASML.US,buy,265.3481,1.87,signal,0.0,0,0.0,0.0
2020-05-15,ASML.US,sell,277.1476,1.87,target_rebalance,22.065,38,25.755254588168654,4.45
2020-04-07,LRCX.US,buy,24.5362,108.84,signal,0.0,0,0.0,0.0
2020-05-15,LRCX.US,sell,23.6167,108.84,target_rebalance,-100.0866,38,24.17884955546964,-3.75
2020-04-07,MU.US,buy,46.3027,65.12,signal,0.0,0,0.0,0.0
2020-05-18,MU.US,sell,44.6458,65.12,target_rebalance,-107.8919,41,25.03459380288477,-3.58
2020-04-07,NVDA.US,buy,6.9195,1171.54,signal,0.0,0,0.0,0.0
2020-05-18,NVDA.US,sell,8.7074,1171.54,target_rebalance,2094.588,41,26.993536178693024,25.84
2020-04-07,AMAT.US,buy,45.7761,28.31,signal,0.0,0,0.0,0.0
2020-05-19,AMAT.US,sell,51.4243,28.31,target_rebalance,159.9018,42,26.53620790380445,12.34
2020-04-07,ASML.US,buy,265.6347,6.32,signal,0.0,0,0.0,0.0
2020-05-19,ASML.US,sell,287.6277,6.32,target_rebalance,138.9951,42,27.305194010567305,8.28
2020-04-07,AVGO.US,buy,22.8809,62.09,signal,0.0,0,0.0,0.0
2020-05-19,AVGO.US,sell,23.8204,62.09,target_rebalance,58.3321,42,27.216973553964753,4.11
2020-04-07,AMAT.US,buy,45.7761,36.57,signal,0.0,0,0.0,0.0
2020-05-20,AMAT.US,sell,53.5237,36.57,target_rebalance,283.3315,43,27.536207903804456,16.93
2020-04-07,AMD.US,buy,49.991,26.28,signal,0.0,0,0.0,0.0
2020-05-20,AMD.US,sell,56.4934,26.28,target_rebalance,170.8845,43,26.588110442978614,13.01
2020-04-07,ASML.US,buy,265.6347,9.76,signal,0.0,0,0.0,0.0
2020-05-20,ASML.US,sell,301.2792,9.76,target_rebalance,347.8894,43,28.305194010567305,13.42
2020-04-07,LRCX.US,buy,24.5296,57.24,signal,0.0,0,0.0,0.0
2020-05-20,LRCX.US,sell,25.0416,57.24,target_rebalance,29.3088,43,26.67040726635599,2.09
2020-04-07,ASML.US,buy,265.6347,3.5,signal,0.0,0,0.0,0.0
2020-05-21,ASML.US,sell,305.4067,3.5,target_rebalance,139.202,44,29.305194010567302,14.97
2020-04-07,LRCX.US,buy,24.5296,10.36,signal,0.0,0,0.0,0.0
2020-05-21,LRCX.US,sell,25.2519,10.36,target_rebalance,7.4827,44,27.670407266355994,2.94
2020-04-07,TSM.US,buy,46.2624,4.51,signal,0.0,0,0.0,0.0
2020-05-21,TSM.US,sell,46.8213,4.51,target_rebalance,2.5209,44,27.15980137339316,1.21
2020-04-07,ASML.US,buy,265.6347,2.93,signal,0.0,0,0.0,0.0
2020-05-22,ASML.US,sell,299.13,2.93,target_rebalance,98.141,45,30.305194010567305,12.61
2020-04-07,AVGO.US,buy,22.8972,39.14,signal,0.0,0,0.0,0.0
2020-05-22,AVGO.US,sell,23.8387,39.14,target_rebalance,36.8489,45,29.859800075905273,4.11
2020-04-07,TSM.US,buy,46.2624,6.99,signal,0.0,0,0.0,0.0
2020-05-22,TSM.US,sell,45.689,6.99,target_rebalance,-4.008,45,28.159801373393165,-1.24
2020-04-07,AVGO.US,buy,22.8972,94.6,signal,0.0,0,0.0,0.0
2020-05-26,AVGO.US,sell,24.8193,94.6,target_rebalance,181.8253,49,30.859800075905277,8.39
2020-04-07,NVDA.US,buy,6.9304,188.48,signal,0.0,0,0.0,0.0
2020-05-26,NVDA.US,sell,9.1013,188.48,target_rebalance,409.1617,49,31.83690696451782,31.32
2020-04-07,AMAT.US,buy,45.8201,12.14,signal,0.0,0,0.0,0.0
2020-05-27,AMAT.US,sell,52.6617,12.14,target_rebalance,83.0566,50,31.343322542532277,14.93
2020-04-07,ASML.US,buy,265.745,3.14,signal,0.0,0,0.0,0.0
2020-05-27,ASML.US,sell,301.989,3.14,target_rebalance,113.8063,50,32.21945550392127,13.64
2020-04-07,AVGO.US,buy,22.8972,74.42,signal,0.0,0,0.0,0.0
2020-05-27,AVGO.US,sell,24.6468,74.42,target_rebalance,130.2061,50,31.859800075905277,7.64
2020-04-07,LRCX.US,buy,24.5296,87.44,signal,0.0,0,0.0,0.0
2020-05-27,LRCX.US,sell,25.0715,87.44,target_rebalance,47.3835,50,30.64138213899657,2.21
2020-04-07,MU.US,buy,46.2697,37.97,signal,0.0,0,0.0,0.0
2020-05-27,MU.US,sell,44.7628,37.97,target_rebalance,-57.2186,50,30.274164309032273,-3.26
2020-04-07,TSM.US,buy,46.2614,38.99,signal,0.0,0,0.0,0.0
2020-05-27,TSM.US,sell,45.8597,38.99,target_rebalance,-15.6618,50,29.75219976617519,-0.87
2020-04-07,AMAT.US,buy,45.8201,4.0,signal,0.0,0,0.0,0.0
2020-05-28,AMAT.US,sell,53.1637,4.0,target_rebalance,29.3745,51,32.34332254253228,16.03
2020-04-07,LRCX.US,buy,24.5296,54.89,signal,0.0,0,0.0,0.0
2020-05-28,LRCX.US,sell,25.5088,54.89,target_rebalance,53.7477,51,31.641382138996576,3.99
2020-04-07,MU.US,buy,46.2697,163.69,signal,0.0,0,0.0,0.0
2020-05-28,MU.US,sell,47.4417,163.69,target_rebalance,191.8436,51,31.274164309032276,2.53
2020-04-07,TSM.US,buy,46.2614,1.01,signal,0.0,0,0.0,0.0
2020-05-28,TSM.US,sell,46.2462,1.01,target_rebalance,-0.0154,51,30.75219976617519,-0.03
2020-04-07,AMD.US,buy,50.2175,11.06,signal,0.0,0,0.0,0.0
2020-05-29,AMD.US,sell,52.0179,11.06,target_rebalance,19.9124,52,30.483329620539124,3.59
2020-04-07,ASML.US,buy,265.745,10.45,signal,0.0,0,0.0,0.0
2020-05-29,ASML.US,sell,308.1048,10.45,target_rebalance,442.6604,52,34.219455503921274,15.94
2020-04-07,AVGO.US,buy,22.8972,4.71,signal,0.0,0,0.0,0.0
2020-05-29,AVGO.US,sell,24.6364,4.71,target_rebalance,8.1915,52,33.85980007590528,7.6
2020-04-07,LRCX.US,buy,24.5296,0.69,signal,0.0,0,0.0,0.0
2020-05-29,LRCX.US,sell,25.2761,0.69,target_rebalance,0.5151,52,32.641382138996576,3.04
2020-04-07,NVDA.US,buy,7.0384,429.2,signal,0.0,0,0.0,0.0
2020-05-29,NVDA.US,sell,8.5027,429.2,target_rebalance,628.4417,52,32.53033829837829,20.8
2020-04-07,AMD.US,buy,50.2175,25.28,signal,0.0,0,0.0,0.0
2020-06-01,AMD.US,sell,53.2567,25.28,target_rebalance,76.8299,55,31.48332962053912,6.05
2020-04-07,AVGO.US,buy,22.8972,69.65,signal,0.0,0,0.0,0.0
2020-06-01,AVGO.US,sell,25.2913,69.65,target_rebalance,166.7451,55,34.85980007590528,10.46
2020-04-07,MU.US,buy,46.2454,5.81,signal,0.0,0,0.0,0.0
2020-06-01,MU.US,sell,46.263,5.81,target_rebalance,0.1022,55,32.246219862790085,0.04
2020-04-07,NVDA.US,buy,7.0384,303.15,signal,0.0,0,0.0,0.0
2020-06-01,NVDA.US,sell,8.7797,303.15,target_rebalance,527.8678,55,33.53033829837829,24.74
2020-04-07,AMAT.US,buy,45.8996,3.59,signal,0.0,0,0.0,0.0
2020-06-02,AMAT.US,sell,53.0501,3.59,target_rebalance,25.6701,56,34.93521932457712,15.58
2020-04-07,ASML.US,buy,266.4671,9.05,signal,0.0,0,0.0,0.0
2020-06-02,ASML.US,sell,314.0122,9.05,target_rebalance,430.2836,56,35.60644852473136,17.84
2020-04-07,LRCX.US,buy,24.5395,7.69,signal,0.0,0,0.0,0.0
2020-06-02,LRCX.US,sell,25.4537,7.69,target_rebalance,7.0297,56,34.227095131646955,3.73
2020-04-07,TSM.US,buy,46.2501,17.11,signal,0.0,0,0.0,0.0
2020-06-02,TSM.US,sell,46.2372,17.11,target_rebalance,-0.2207,56,33.30130828661495,-0.03
2020-04-07,ASML.US,buy,266.4671,3.33,signal,0.0,0,0.0,0.0
2020-06-03,ASML.US,sell,322.3622,3.33,target_rebalance,186.1306,57,36.60644852473136,20.98
2020-04-07,AVGO.US,buy,22.8972,78.93,signal,0.0,0,0.0,0.0
2020-06-03,AVGO.US,sell,26.217,78.93,target_rebalance,262.0284,57,36.85980007590528,14.5
2020-04-07,LRCX.US,buy,24.5395,16.7,signal,0.0,0,0.0,0.0
2020-06-03,LRCX.US,sell,26.0237,16.7,target_rebalance,24.7847,57,35.227095131646955,6.05
2020-04-07,MU.US,buy,46.226,38.26,signal,0.0,0,0.0,0.0
2020-06-03,MU.US,sell,46.7987,38.26,target_rebalance,21.9143,57,33.501127920567804,1.24
2020-04-07,TSM.US,buy,46.2501,11.56,signal,0.0,0,0.0,0.0
2020-06-03,TSM.US,sell,47.3066,11.56,target_rebalance,12.2134,57,34.30130828661494,2.28
2020-04-07,ASML.US,buy,266.4671,6.29,signal,0.0,0,0.0,0.0
2020-06-04,ASML.US,sell,329.311,6.29,target_rebalance,395.2881,58,37.60644852473137,23.58
2020-04-07,AVGO.US,buy,22.8972,43.03,signal,0.0,0,0.0,0.0
2020-06-04,AVGO.US,sell,26.6263,43.03,target_rebalance,160.4616,58,37.85980007590527,16.29
2020-04-07,LRCX.US,buy,24.5395,98.92,signal,0.0,0,0.0,0.0
2020-06-04,LRCX.US,sell,26.6796,98.92,target_rebalance,211.6946,58,36.227095131646955,8.72
2020-04-07,MU.US,buy,46.226,28.84,signal,0.0,0,0.0,0.0
2020-06-04,MU.US,sell,47.5976,28.84,target_rebalance,39.5566,58,34.501127920567804,2.97
2020-04-07,AMAT.US,buy,45.94,11.09,signal,0.0,0,0.0,0.0
2020-06-05,AMAT.US,sell,56.5646,11.09,target_rebalance,117.8275,59,37.75198158317733,23.13
2020-04-07,AVGO.US,buy,22.8972,39.79,signal,0.0,0,0.0,0.0
2020-06-05,AVGO.US,sell,27.8411,39.79,target_rebalance,196.7177,59,38.85980007590527,21.59
2020-04-07,LRCX.US,buy,24.5395,65.67,signal,0.0,0,0.0,0.0
2020-06-05,LRCX.US,sell,28.0214,65.67,target_rebalance,228.6529,59,37.22709513164695,14.19
2020-04-07,MU.US,buy,46.226,119.95,signal,0.0,0,0.0,0.0
2020-06-05,MU.US,sell,51.2994,119.95,target_rebalance,608.5544,59,35.50112792056781,10.98
2020-04-07,TSM.US,buy,46.2501,22.46,signal,0.0,0,0.0,0.0
2020-06-05,TSM.US,sell,49.8768,22.46,target_rebalance,81.4569,59,36.30130828661495,7.84
2020-04-07,LRCX.US,buy,24.5395,95.28,signal,0.0,0,0.0,0.0
2020-06-08,LRCX.US,sell,28.6717,95.28,target_rebalance,393.7138,62,38.227095131646955,16.84
2020-04-07,MU.US,buy,46.226,87.47,signal,0.0,0,0.0,0.0
2020-06-08,MU.US,sell,53.0918,87.47,target_rebalance,600.5572,62,36.501127920567804,14.85
2020-04-07,NVDA.US,buy,7.1554,17.45,signal,0.0,0,0.0,0.0
2020-06-08,NVDA.US,sell,8.8275,17.45,target_rebalance,29.1781,62,36.03151796323236,23.37
2020-04-07,AMAT.US,buy,45.9482,0.07,signal,0.0,0,0.0,0.0
2020-06-09,AMAT.US,sell,55.911,0.07,target_rebalance,0.6974,63,39.7229551902003,21.68
2020-04-07,AMD.US,buy,50.416,26.75,signal,0.0,0,0.0,0.0
2020-06-09,AMD.US,sell,52.8971,26.75,target_rebalance,66.3668,63,35.025710302974105,4.92
2020-04-07,ASML.US,buy,268.6772,1.4,signal,0.0,0,0.0,0.0
2020-06-09,ASML.US,sell,328.1465,1.4,target_rebalance,83.257,63,39.31244543242034,22.13
2020-04-07,NVDA.US,buy,7.1554,158.86,signal,0.0,0,0.0,0.0
2020-06-09,NVDA.US,sell,8.7507,158.86,target_rebalance,253.4262,63,37.03151796323236,22.29
2020-04-07,TSM.US,buy,46.2505,23.51,signal,0.0,0,0.0,0.0
2020-06-09,TSM.US,sell,49.6881,23.51,target_rebalance,80.8178,63,38.29708546684998,7.43
2020-04-07,AMD.US,buy,50.416,148.96,signal,0.0,0,0.0,0.0
2020-06-10,AMD.US,sell,57.1428,148.96,target_rebalance,1002.0169,64,36.025710302974105,13.34
2020-04-07,NVDA.US,buy,7.1554,253.25,signal,0.0,0,0.0,0.0
2020-06-10,NVDA.US,sell,9.1164,253.25,target_rebalance,496.6152,64,38.03151796323235,27.41
2020-04-07,TSM.US,buy,46.2505,0.64,signal,0.0,0,0.0,0.0
2020-06-10,TSM.US,sell,51.0631,0.64,target_rebalance,3.08,64,39.29708546684998,10.41
2020-04-07,AMD.US,buy,50.416,10.3,signal,0.0,0,0.0,0.0
2020-06-11,AMD.US,sell,55.8841,10.3,target_rebalance,56.3205,65,37.025710302974105,10.85
2020-04-07,NVDA.US,buy,7.1554,429.07,signal,0.0,0,0.0,0.0
2020-06-11,NVDA.US,sell,9.0987,429.07,target_rebalance,833.8185,65,39.03151796323235,27.16
2020-04-07,TSM.US,buy,46.2505,27.83,signal,0.0,0,0.0,0.0
2020-06-11,TSM.US,sell,50.1914,27.83,target_rebalance,109.6739,65,40.29708546684998,8.52
2020-04-07,ASML.US,buy,269.5494,6.9,signal,0.0,0,0.0,0.0
2020-06-12,ASML.US,sell,327.8057,6.9,target_rebalance,401.9688,66,41.75682246238525,21.61
2020-04-07,LRCX.US,buy,24.6367,12.62,signal,0.0,0,0.0,0.0
2020-06-12,LRCX.US,sell,27.3589,12.62,target_rebalance,34.3543,66,41.02920129879331,11.05
2020-04-07,NVDA.US,buy,7.1554,66.64,signal,0.0,0,0.0,0.0
2020-06-12,NVDA.US,sell,9.1111,66.64,target_rebalance,130.3309,66,40.03151796323236,27.33
2020-04-07,TSM.US,buy,46.2505,44.61,signal,0.0,0,0.0,0.0
2020-06-12,TSM.US,sell,50.7755,44.61,target_rebalance,201.8599,66,41.29708546684998,9.78
2020-04-07,ASML.US,buy,269.5494,7.6,signal,0.0,0,0.0,0.0
2020-06-15,ASML.US,sell,319.5221,7.6,target_rebalance,379.7927,69,42.75682246238525,18.54
2020-04-07,AVGO.US,buy,23.0662,78.88,signal,0.0,0,0.0,0.0
2020-06-15,AVGO.US,sell,25.6901,78.88,target_rebalance,206.9764,69,43.20228479701781,11.38
2020-04-07,NVDA.US,buy,7.1554,45.09,signal,0.0,0,0.0,0.0
2020-06-15,NVDA.US,sell,8.7658,45.09,target_rebalance,72.615,69,41.03151796323235,22.51
2020-04-07,TSM.US,buy,46.2505,28.41,signal,0.0,0,0.0,0.0
2020-06-15,TSM.US,sell,49.1669,28.41,target_rebalance,82.8536,69,42.29708546684997,6.31
2020-04-07,AMAT.US,buy,46.1901,29.75,signal,0.0,0,0.0,0.0
2020-06-16,AMAT.US,sell,55.8541,29.75,target_rebalance,287.5053,70,43.56906440837251,20.92
2020-04-07,LRCX.US,buy,24.6561,226.13,signal,0.0,0,0.0,0.0
2020-06-16,LRCX.US,sell,28.4693,226.13,target_rebalance,862.2751,70,42.34376851892211,15.47
2020-04-07,MU.US,buy,46.4784,54.0,signal,0.0,0,0.0,0.0
2020-06-16,MU.US,sell,49.8381,54.0,target_rebalance,181.4242,70,39.52048102221484,7.23
2020-04-07,ASML.US,buy,270.6219,11.32,signal,0.0,0,0.0,0.0
2020-06-17,ASML.US,sell,342.1199,11.32,target_rebalance,809.3579,71,44.01949283209646,26.42
2020-04-07,AVGO.US,buy,23.0951,35.17,signal,0.0,0,0.0,0.0
2020-06-17,AVGO.US,sell,27.2942,35.17,target_rebalance,147.6814,71,44.880900104885846,18.18
2020-04-07,LRCX.US,buy,24.6561,114.05,signal,0.0,0,0.0,0.0
2020-06-17,LRCX.US,sell,29.1363,114.05,target_rebalance,510.9629,71,43.34376851892211,18.17
2020-04-07,AMAT.US,buy,46.2383,30.26,signal,0.0,0,0.0,0.0
2020-06-18,AMAT.US,sell,56.432,30.26,target_rebalance,308.4604,72,45.344082590084454,22.05
2020-04-07,LRCX.US,buy,24.6561,50.91,signal,0.0,0,0.0,0.0
2020-06-18,LRCX.US,sell,29.4571,50.91,target_rebalance,244.4186,72,44.34376851892211,19.47
2020-04-07,NVDA.US,buy,7.2074,152.56,signal,0.0,0,0.0,0.0
2020-06-18,NVDA.US,sell,9.1753,152.56,target_rebalance,300.2118,72,42.90710070358724,27.3
2020-04-07,TSM.US,buy,46.4039,5.19,signal,0.0,0,0.0,0.0
2020-06-18,TSM.US,sell,50.7386,5.19,target_rebalance,22.4974,72,43.83600279155419,9.34
2020-04-07,AMAT.US,buy,46.2383,47.73,signal,0.0,0,0.0,0.0
2020-06-19,AMAT.US,sell,58.1656,47.73,target_rebalance,569.2886,73,46.34408259008446,25.8
2020-04-07,AVGO.US,buy,23.1119,72.95,signal,0.0,0,0.0,0.0
2020-06-19,AVGO.US,sell,27.9502,72.95,target_rebalance,352.958,73,46.69560593256343,20.93
2020-04-07,LRCX.US,buy,24.6561,33.79,signal,0.0,0,0.0,0.0
2020-06-19,LRCX.US,sell,30.0472,33.79,target_rebalance,182.1637,73,45.34376851892211,21.86
2020-04-07,AMD.US,buy,50.6608,43.55,signal,0.0,0,0.0,0.0
2020-06-22,AMD.US,sell,54.6153,43.55,target_rebalance,172.219,76,41.64599832800803,7.81
2020-04-07,ASML.US,buy,270.9647,1.69,signal,0.0,0,0.0,0.0
2020-06-22,ASML.US,sell,343.0666,1.69,target_rebalance,121.8521,76,46.800453891816076,26.61
2020-04-07,MU.US,buy,46.5259,27.86,signal,0.0,0,0.0,0.0
2020-06-22,MU.US,sell,49.7797,27.86,target_rebalance,90.6511,76,42.82740857796172,6.99
2020-04-07,NVDA.US,buy,7.2275,283.23,signal,0.0,0,0.0,0.0
2020-06-22,NVDA.US,sell,9.2479,283.23,target_rebalance,572.213,76,44.46604859310891,27.95
2020-04-07,AMAT.US,buy,46.2484,13.38,signal,0.0,0,0.0,0.0
2020-06-23,AMAT.US,sell,58.6677,13.38,target_rebalance,166.1701,77,48.301586222927675,26.85
2020-04-07,ASML.US,buy,270.9647,2.93,signal,0.0,0,0.0,0.0
2020-06-23,ASML.US,sell,350.858,2.93,target_rebalance,234.0871,77,47.80045389181607,29.48
2020-04-07,AVGO.US,buy,23.2083,75.86,signal,0.0,0,0.0,0.0
2020-06-23,AVGO.US,sell,27.7197,75.86,target_rebalance,342.2375,77,47.49203268983775,19.44
2020-04-07,NVDA.US,buy,7.2275,182.4,signal,0.0,0,0.0,0.0
2020-06-23,NVDA.US,sell,9.4975,182.4,target_rebalance,414.0306,77,45.46604859310891,31.41
2020-04-07,TSM.US,buy,46.4463,6.45,signal,0.0,0,0.0,0.0
2020-06-23,TSM.US,sell,51.2819,6.45,target_rebalance,31.1893,77,46.387493173889304,10.41
2020-04-07,ASML.US,buy,270.9647,0.51,signal,0.0,0,0.0,0.0
2020-06-24,ASML.US,sell,346.1055,0.51,target_rebalance,38.3218,78,48.800453891816076,27.73
2020-04-07,NVDA.US,buy,7.2275,120.63,signal,0.0,0,0.0,0.0
2020-06-24,NVDA.US,sell,9.4231,120.63,target_rebalance,264.8521,78,46.46604859310891,30.38
2020-04-07,TSM.US,buy,46.4463,51.76,signal,0.0,0,0.0,0.0
2020-06-24,TSM.US,sell,51.3453,51.76,target_rebalance,253.5682,78,47.3874931738893,10.55
2020-04-07,ASML.US,buy,270.9647,2.41,signal,0.0,0,0.0,0.0
2020-06-25,ASML.US,sell,343.1518,2.41,target_rebalance,173.9708,79,49.80045389181607,26.64
2020-04-07,AVGO.US,buy,23.2166,8.6,signal,0.0,0,0.0,0.0
2020-06-25,AVGO.US,sell,26.9279,8.6,target_rebalance,31.9165,79,49.39181314762643,15.99
2020-04-07,LRCX.US,buy,24.748,24.59,signal,0.0,0,0.0,0.0
2020-06-25,LRCX.US,sell,28.9092,24.59,target_rebalance,102.3257,79,48.44441021980316,16.81
2020-04-07,NVDA.US,buy,7.2275,14.54,signal,0.0,0,0.0,0.0
2020-06-25,NVDA.US,sell,9.3033,14.54,target_rebalance,30.1814,79,47.466048593108916,28.72
2020-04-07,TSM.US,buy,46.4463,35.17,signal,0.0,0,0.0,0.0
2020-06-25,TSM.US,sell,51.2095,35.17,target_rebalance,167.5187,79,48.3874931738893,10.26
2020-04-07,ASML.US,buy,270.9647,1.77,signal,0.0,0,0.0,0.0
2020-06-26,ASML.US,sell,347.8474,1.77,target_rebalance,136.0823,80,50.800453891816076,28.37
2020-04-07,AVGO.US,buy,23.2166,86.56,signal,0.0,0,0.0,0.0
2020-06-26,AVGO.US,sell,27.5886,86.56,target_rebalance,378.4382,80,50.39181314762643,18.83
2020-04-07,LRCX.US,buy,24.748,21.29,signal,0.0,0,0.0,0.0
2020-06-26,LRCX.US,sell,29.3061,21.29,target_rebalance,97.0417,80,49.444410219803174,18.42
2020-04-07,MU.US,buy,46.6099,23.6,signal,0.0,0,0.0,0.0
2020-06-26,MU.US,sell,47.8801,23.6,target_rebalance,29.9759,80,44.92033389626481,2.73
2020-04-07,NVDA.US,buy,7.2275,95.27,signal,0.0,0,0.0,0.0
2020-06-26,NVDA.US,sell,9.4467,95.27,target_rebalance,211.4223,80,48.46604859310891,30.7
2020-04-07,ASML.US,buy,270.9647,3.92,signal,0.0,0,0.0,0.0
2020-06-29,ASML.US,sell,343.5873,3.92,target_rebalance,284.6803,83,51.800453891816076,26.8
2020-04-07,AVGO.US,buy,23.2166,17.52,signal,0.0,0,0.0,0.0
2020-06-29,AVGO.US,sell,27.1047,17.52,target_rebalance,68.1189,83,51.39181314762642,16.75
2020-04-07,MU.US,buy,46.6099,38.44,signal,0.0,0,0.0,0.0
2020-06-29,MU.US,sell,47.4319,38.44,target_rebalance,31.5995,83,45.92033389626481,1.76
2020-04-07,TSM.US,buy,46.4469,22.19,signal,0.0,0,0.0,0.0
2020-06-29,TSM.US,sell,51.0103,22.19,target_rebalance,101.2614,83,50.38237830250043,9.82
2020-04-07,AMD.US,buy,50.7555,3.24,signal,0.0,0,0.0,0.0
2020-06-30,AMD.US,sell,51.1088,3.24,target_rebalance,1.1448,84,44.9524689059033,0.7
2020-04-07,LRCX.US,buy,24.7686,29.71,signal,0.0,0,0.0,0.0
2020-06-30,LRCX.US,sell,29.1925,29.71,target_rebalance,131.4347,84,51.170554068119266,17.86
2020-04-07,MU.US,buy,46.6099,148.44,signal,0.0,0,0.0,0.0
2020-06-30,MU.US,sell,50.4421,148.44,target_rebalance,568.8523,84,46.92033389626481,8.22
2020-04-07,AMAT.US,buy,46.48,4.94,signal,0.0,0,0.0,0.0
2020-07-01,AMAT.US,sell,57.2467,4.94,target_rebalance,53.1874,85,53.18358700740452,23.16
2020-04-07,AMD.US,buy,50.7555,32.28,signal,0.0,0,0.0,0.0
2020-07-01,AMD.US,sell,52.5774,32.28,target_rebalance,58.8094,85,45.952468905903295,3.59
2020-04-07,LRCX.US,buy,24.7686,91.39,signal,0.0,0,0.0,0.0
2020-07-01,LRCX.US,sell,30.2207,91.39,target_rebalance,498.2655,85,52.170554068119266,22.01
2020-04-07,NVDA.US,buy,7.2544,30.52,signal,0.0,0,0.0,0.0
2020-07-01,NVDA.US,sell,9.4674,30.52,target_rebalance,67.5398,85,50.77376687361308,30.51
2020-04-07,AMD.US,buy,50.7555,6.75,signal,0.0,0,0.0,0.0
2020-07-02,AMD.US,sell,52.977,6.75,target_rebalance,14.9948,86,46.9524689059033,4.38
2020-04-07,ASML.US,buy,272.3577,3.56,signal,0.0,0,0.0,0.0
2020-07-02,ASML.US,sell,353.6507,3.56,target_rebalance,289.4029,86,53.79478611054866,29.85
2020-04-07,AVGO.US,buy,23.2606,5.39,signal,0.0,0,0.0,0.0
2020-07-02,AVGO.US,sell,27.9564,5.39,target_rebalance,25.3104,86,53.83972538148137,20.19
2020-04-07,NVDA.US,buy,7.2544,121.38,signal,0.0,0,0.0,0.0
2020-07-02,NVDA.US,sell,9.585,121.38,target_rebalance,282.8826,86,51.77376687361308,32.13
2020-04-07,TSM.US,buy,46.5504,30.93,signal,0.0,0,0.0,0.0
2020-07-02,TSM.US,sell,52.468,30.93,target_rebalance,183.0306,86,52.25700340596467,12.71
2020-04-07,AMAT.US,buy,46.505,28.57,signal,0.0,0,0.0,0.0
2020-07-06,AMAT.US,sell,59.1034,28.57,target_rebalance,359.9364,90,55.059746213062255,27.09
2020-04-07,ASML.US,buy,272.3577,6.86,signal,0.0,0,0.0,0.0
2020-07-06,ASML.US,sell,365.6929,6.86,target_rebalance,640.2789,90,54.79478611054866,34.27
2020-04-07,LRCX.US,buy,24.7756,5.28,signal,0.0,0,0.0,0.0
2020-07-06,LRCX.US,sell,30.958,5.28,target_rebalance,32.6435,90,54.104413658014494,24.95
2020-04-07,TSM.US,buy,46.5504,85.09,signal,0.0,0,0.0,0.0
2020-07-06,TSM.US,sell,54.9306,85.09,target_rebalance,713.0764,90,53.257003405964674,18.0
2020-04-07,AMAT.US,buy,46.505,29.4,signal,0.0,0,0.0,0.0
2020-07-07,AMAT.US,sell,60.0413,29.4,target_rebalance,397.966,91,56.05974621306225,29.11
2020-04-07,LRCX.US,buy,24.7756,4.72,signal,0.0,0,0.0,0.0
2020-07-07,LRCX.US,sell,31.1569,4.72,target_rebalance,30.12,91,55.104413658014494,25.76
2020-04-07,NVDA.US,buy,7.2699,231.85,signal,0.0,0,0.0,0.0
2020-07-07,NVDA.US,sell,9.8905,231.85,target_rebalance,607.5786,91,53.43985202050417,36.05
2020-04-07,TSM.US,buy,46.5504,12.84,signal,0.0,0,0.0,0.0
2020-07-07,TSM.US,sell,55.4648,12.84,target_rebalance,114.4615,91,54.25700340596467,19.15
2020-04-07,ASML.US,buy,272.8999,4.01,signal,0.0,0,0.0,0.0
2020-07-08,ASML.US,sell,368.107,4.01,target_rebalance,381.7804,92,56.470335859178924,34.89
2020-04-07,LRCX.US,buy,24.7756,20.25,signal,0.0,0,0.0,0.0
2020-07-08,LRCX.US,sell,31.2188,20.25,target_rebalance,130.4763,92,56.1044136580145,26.01
2020-04-07,NVDA.US,buy,7.2699,111.96,signal,0.0,0,0.0,0.0
2020-07-08,NVDA.US,sell,9.9377,111.96,target_rebalance,298.6873,92,54.43985202050417,36.7
2020-04-07,TSM.US,buy,46.5504,24.35,signal,0.0,0,0.0,0.0
2020-07-08,TSM.US,sell,55.8089,24.35,target_rebalance,225.4448,92,55.25700340596466,19.89
2020-04-07,ASML.US,buy,272.8999,0.92,signal,0.0,0,0.0,0.0
2020-07-09,ASML.US,sell,374.3741,0.92,target_rebalance,93.3562,93,57.470335859178924,37.18
2020-04-07,NVDA.US,buy,7.2699,394.32,signal,0.0,0,0.0,0.0
2020-07-09,NVDA.US,sell,10.3221,394.32,target_rebalance,1203.5177,93,55.43985202050417,41.98
2020-04-07,TSM.US,buy,46.5504,18.84,signal,0.0,0,0.0,0.0
2020-07-09,TSM.US,sell,56.995,18.84,target_rebalance,196.776,93,56.25700340596467,22.44
2020-04-07,AMD.US,buy,50.8165,171.2,signal,0.0,0,0.0,0.0
2020-07-10,AMD.US,sell,57.4825,171.2,target_rebalance,1141.2123,94,50.67833825351387,13.12
2020-04-07,NVDA.US,buy,7.2699,58.04,signal,0.0,0,0.0,0.0
2020-07-10,NVDA.US,sell,10.5294,58.04,target_rebalance,189.1793,94,56.439852020504176,44.83
2020-04-07,TSM.US,buy,46.5504,22.61,signal,0.0,0,0.0,0.0
2020-07-10,TSM.US,sell,58.3712,22.61,target_rebalance,267.2679,94,57.25700340596466,25.39
2020-04-07,LRCX.US,buy,24.9248,92.73,signal,0.0,0,0.0,0.0
2020-07-13,LRCX.US,sell,32.1766,92.73,target_rebalance,672.4582,97,57.814077684747225,29.09
2020-04-07,MU.US,buy,46.886,68.15,signal,0.0,0,0.0,0.0
2020-07-13,MU.US,sell,49.9843,68.15,target_rebalance,211.146,97,49.63193153678954,6.61
2020-04-07,TSM.US,buy,46.5504,19.77,signal,0.0,0,0.0,0.0
2020-07-13,TSM.US,sell,59.0321,19.77,target_rebalance,246.7639,97,58.257003405964674,26.81
2020-04-07,ASML.US,buy,274.2665,1.15,signal,0.0,0,0.0,0.0
2020-07-14,ASML.US,sell,366.0242,1.15,target_rebalance,105.5214,98,59.70137972883885,33.46
2020-04-07,LRCX.US,buy,24.9248,69.65,signal,0.0,0,0.0,0.0
2020-07-14,LRCX.US,sell,31.5265,69.65,target_rebalance,459.8073,98,58.81407768474723,26.49
2020-04-07,TSM.US,buy,46.5504,133.64,signal,0.0,0,0.0,0.0
2020-07-14,TSM.US,sell,59.7564,133.64,target_rebalance,1764.8573,98,59.25700340596467,28.37
2020-04-07,AMAT.US,buy,47.0364,17.33,signal,0.0,0,0.0,0.0
2020-07-15,AMAT.US,sell,59.4445,17.33,target_rebalance,215.0327,99,59.69826309369943,26.38
2020-04-07,AMD.US,buy,50.9891,15.86,signal,0.0,0,0.0,0.0
2020-07-15,AMD.US,sell,54.905,15.86,target_rebalance,62.1071,99,51.31611133615701,7.68
2020-04-07,LRCX.US,buy,24.9248,46.06,signal,0.0,0,0.0,0.0
2020-07-15,LRCX.US,sell,32.5584,46.06,target_rebalance,351.6033,99,59.81407768474723,30.63
2020-04-07,NVDA.US,buy,7.3242,126.12,signal,0.0,0,0.0,0.0
2020-07-15,NVDA.US,sell,10.3559,126.12,target_rebalance,382.3491,99,58.318537361367405,41.39
2020-04-07,AMAT.US,buy,47.0364,7.36,signal,0.0,0,0.0,0.0
2020-07-16,AMAT.US,sell,58.3645,7.36,target_rebalance,83.3754,100,60.698263093699445,24.08
2020-04-07,AMD.US,buy,50.9891,50.14,signal,0.0,0,0.0,0.0
2020-07-16,AMD.US,sell,54.6253,50.14,target_rebalance,182.3211,100,52.31611133615701,7.13
2020-04-07,AVGO.US,buy,23.5086,11.21,signal,0.0,0,0.0,0.0
2020-07-16,AVGO.US,sell,27.3282,11.21,target_rebalance,42.8176,100,59.84791988170295,16.25
2020-04-07,LRCX.US,buy,24.9248,5.58,signal,0.0,0,0.0,0.0
2020-07-16,LRCX.US,sell,31.9205,5.58,target_rebalance,39.036,100,60.814077684747225,28.07
2020-04-07,MU.US,buy,46.8976,39.48,signal,0.0,0,0.0,0.0
2020-07-16,MU.US,sell,48.5328,39.48,target_rebalance,64.5548,100,52.109046204046706,3.49
2020-04-07,AMAT.US,buy,47.0364,2.41,signal,0.0,0,0.0,0.0
2020-07-17,AMAT.US,sell,59.5392,2.41,target_rebalance,30.1319,101,61.69826309369943,26.58
2020-04-07,ASML.US,buy,277.1981,4.23,signal,0.0,0,0.0,0.0
2020-07-17,ASML.US,sell,364.8882,4.23,target_rebalance,370.9289,101,60.66580966361559,31.63
2020-04-07,LRCX.US,buy,24.9248,15.95,signal,0.0,0,0.0,0.0
2020-07-17,LRCX.US,sell,32.6325,15.95,target_rebalance,122.9379,101,61.81407768474723,30.92
2020-04-07,TSM.US,buy,46.6887,23.18,signal,0.0,0,0.0,0.0
2020-07-17,TSM.US,sell,60.9425,23.18,target_rebalance,330.404,101,61.628630311340025,30.53
2020-04-07,AMAT.US,buy,47.0364,2.76,signal,0.0,0,0.0,0.0
2020-07-20,AMAT.US,sell,59.3119,2.76,target_rebalance,33.8804,104,62.69826309369943,26.1
2020-04-07,AMD.US,buy,51.0138,4.17,signal,0.0,0,0.0,0.0
2020-07-20,AMD.US,sell,55.1748,4.17,target_rebalance,17.3514,104,54.01529987478134,8.16
2020-04-07,ASML.US,buy,277.1981,0.39,signal,0.0,0,0.0,0.0
2020-07-20,ASML.US,sell,363.4491,0.39,target_rebalance,33.6379,104,61.6658096636156,31.12
2020-04-07,LRCX.US,buy,24.9248,0.95,signal,0.0,0,0.0,0.0
2020-07-20,LRCX.US,sell,32.4834,0.95,target_rebalance,7.1806,104,62.81407768474723,30.33
2020-04-07,NVDA.US,buy,7.3671,158.78,signal,0.0,0,0.0,0.0
2020-07-20,NVDA.US,sell,10.2166,158.78,target_rebalance,452.4529,104,60.36085301404269,38.68
2020-04-07,AMD.US,buy,51.0138,50.65,signal,0.0,0,0.0,0.0
2020-07-21,AMD.US,sell,57.7522,50.65,target_rebalance,341.301,105,55.015299874781334,13.21
2020-04-07,LRCX.US,buy,24.9248,10.51,signal,0.0,0,0.0,0.0
2020-07-21,LRCX.US,sell,33.5247,10.51,target_rebalance,90.3843,105,63.81407768474723,34.5
2020-04-07,MU.US,buy,46.9266,25.63,signal,0.0,0,0.0,0.0
2020-07-21,MU.US,sell,50.2862,25.63,target_rebalance,86.1083,105,54.28026508818529,7.16
2020-04-07,ASML.US,buy,277.8027,2.71,signal,0.0,0,0.0,0.0
2020-07-22,ASML.US,sell,371.6949,2.71,target_rebalance,254.4479,106,63.26607302845116,33.8
2020-04-07,LRCX.US,buy,24.9248,72.96,signal,0.0,0,0.0,0.0
2020-07-22,LRCX.US,sell,33.7686,72.96,target_rebalance,645.2388,106,64.81407768474722,35.48
2020-04-07,MU.US,buy,46.9266,20.07,signal,0.0,0,0.0,0.0
2020-07-22,MU.US,sell,50.2473,20.07,target_rebalance,66.6467,106,55.28026508818529,7.08
2020-04-07,AMD.US,buy,51.0413,194.29,signal,0.0,0,0.0,0.0
2020-07-23,AMD.US,sell,61.5684,194.29,target_rebalance,2045.3082,107,56.763223454144914,20.62
2020-04-07,AMD.US,buy,51.0413,169.55,signal,0.0,0,0.0,0.0
2020-07-24,AMD.US,sell,64.1158,169.55,target_rebalance,2216.788,108,57.763223454144914,25.62
2020-04-07,MU.US,buy,46.9479,27.64,signal,0.0,0,0.0,0.0
2020-07-24,MU.US,sell,49.955,27.64,target_rebalance,83.1161,108,56.9441186913957,6.41
2020-04-07,TSM.US,buy,46.89,175.27,signal,0.0,0,0.0,0.0
2020-07-24,TSM.US,sell,64.6456,175.27,target_rebalance,3112.0165,108,65.75506544530339,37.87
2020-04-07,AMD.US,buy,51.0413,110.21,signal,0.0,0,0.0,0.0
2020-07-27,AMD.US,sell,69.2107,110.21,target_rebalance,2002.4537,111,58.763223454144914,35.6
2020-04-07,TSM.US,buy,46.89,248.84,signal,0.0,0,0.0,0.0
2020-07-27,TSM.US,sell,73.6634,248.84,target_rebalance,6662.2813,111,66.75506544530339,57.1
2020-04-07,AMAT.US,buy,47.7239,24.71,signal,0.0,0,0.0,0.0
2020-07-28,AMAT.US,sell,59.2361,24.71,target_rebalance,284.4664,112,64.47083627048626,24.12
2020-04-07,ASML.US,buy,282.8096,0.81,signal,0.0,0,0.0,0.0
2020-07-28,ASML.US,sell,360.7984,0.81,target_rebalance,63.1709,112,63.19138411124614,27.58
2020-04-07,AVGO.US,buy,23.7815,18.02,signal,0.0,0,0.0,0.0
2020-07-28,AVGO.US,sell,27.3783,18.02,target_rebalance,64.8146,112,63.356453186219056,15.12
2020-04-07,LRCX.US,buy,25.3946,77.45,signal,0.0,0,0.0,0.0
2020-07-28,LRCX.US,sell,33.2658,77.45,target_rebalance,609.6204,112,64.78960703411461,31.0
2020-04-07,MU.US,buy,47.061,23.55,signal,0.0,0,0.0,0.0
2020-07-28,MU.US,sell,49.9355,23.55,target_rebalance,67.696,112,56.263416149138855,6.11
2020-04-07,NVDA.US,buy,7.5048,128.92,signal,0.0,0,0.0,0.0
2020-07-28,NVDA.US,sell,10.3161,128.92,target_rebalance,362.4304,112,63.02067034290265,37.46
2020-04-07,AMAT.US,buy,47.7239,3.45,signal,0.0,0,0.0,0.0
2020-07-29,AMAT.US,sell,59.3687,3.45,target_rebalance,40.1747,113,65.47083627048626,24.4
2020-04-07,AMD.US,buy,51.3774,259.24,signal,0.0,0,0.0,0.0
2020-07-29,AMD.US,sell,75.4245,259.24,target_rebalance,6233.9613,113,59.59023393749933,46.8
2020-04-07,NVDA.US,buy,7.5048,8.15,signal,0.0,0,0.0,0.0
2020-07-29,NVDA.US,sell,10.3325,8.15,target_rebalance,23.0457,113,64.02067034290265,37.68
2020-04-07,AMAT.US,buy,47.7239,11.81,signal,0.0,0,0.0,0.0
2020-07-30,AMAT.US,sell,59.8992,11.81,target_rebalance,143.7907,114,66.47083627048626,25.51
2020-04-07,LRCX.US,buy,25.4425,201.06,signal,0.0,0,0.0,0.0
2020-07-30,LRCX.US,sell,34.5012,201.06,target_rebalance,1821.3455,114,66.3804469984869,35.6
2020-04-07,TSM.US,buy,48.2312,78.03,signal,0.0,0,0.0,0.0
2020-07-30,TSM.US,sell,72.4411,78.03,target_rebalance,1889.0966,114,65.94402233368477,50.2
2020-04-07,AMAT.US,buy,47.7239,8.46,signal,0.0,0,0.0,0.0
2020-07-31,AMAT.US,sell,61.377,8.46,target_rebalance,115.5057,115,67.47083627048625,28.61
2020-04-07,AMD.US,buy,51.4936,47.08,signal,0.0,0,0.0,0.0
2020-07-31,AMD.US,sell,78.5913,47.08,target_rebalance,1275.7623,115,61.29786080333937,52.62
2020-04-07,AVGO.US,buy,23.8497,30.24,signal,0.0,0,0.0,0.0
2020-07-31,AVGO.US,sell,27.688,30.24,target_rebalance,116.0705,115,65.00337043885683,16.09
2020-04-07,LRCX.US,buy,25.4425,53.18,signal,0.0,0,0.0,0.0
2020-07-31,LRCX.US,sell,35.6063,53.18,target_rebalance,540.5108,115,67.38044699848689,39.95
2020-04-07,AMAT.US,buy,47.7239,2.63,signal,0.0,0,0.0,0.0
2020-08-03,AMAT.US,sell,61.377,2.63,target_rebalance,35.9078,118,68.47083627048626,28.61
2020-04-07,AVGO.US,buy,23.8497,77.35,signal,0.0,0,0.0,0.0
2020-08-03,AVGO.US,sell,27.9784,77.35,target_rebalance,319.3509,118,66.00337043885683,17.31
2020-04-07,LRCX.US,buy,25.4425,21.99,signal,0.0,0,0.0,0.0
2020-08-03,LRCX.US,sell,35.7226,21.99,target_rebalance,226.0598,118,68.38044699848689,40.41
2020-04-07,NVDA.US,buy,7.5289,265.49,signal,0.0,0,0.0,0.0
2020-08-03,NVDA.US,sell,10.6723,265.49,target_rebalance,834.5397,118,66.4789966641672,41.75
2020-04-07,ASML.US,buy,287.3608,4.56,signal,0.0,0,0.0,0.0
2020-08-04,ASML.US,sell,348.7941,4.56,target_rebalance,280.1358,119,63.25876075565397,21.38
2020-04-07,NVDA.US,buy,7.5289,337.43,signal,0.0,0,0.0,0.0
2020-08-04,NVDA.US,sell,10.988,337.43,target_rebalance,1167.2084,119,67.47899666416718,45.94
2020-04-07,TSM.US,buy,49.3003,20.92,signal,0.0,0,0.0,0.0
2020-08-04,TSM.US,sell,71.8254,20.92,target_rebalance,471.2247,119,65.83456703676971,45.69
2020-04-07,AMD.US,buy,51.9012,146.92,signal,0.0,0,0.0,0.0
2020-08-05,AMD.US,sell,84.875,146.92,target_rebalance,4844.5144,120,63.332811832787336,63.53
2020-04-07,AVGO.US,buy,23.8509,1.39,signal,0.0,0,0.0,0.0
2020-08-05,AVGO.US,sell,28.8802,1.39,target_rebalance,6.9907,120,67.98558848874785,21.09
2020-04-07,AMD.US,buy,51.9012,25.01,signal,0.0,0,0.0,0.0
2020-08-06,AMD.US,sell,85.4045,25.01,target_rebalance,837.9174,121,64.33281183278733,64.55
2020-04-07,AVGO.US,buy,23.8509,21.48,signal,0.0,0,0.0,0.0
2020-08-06,AVGO.US,sell,28.838,21.48,target_rebalance,107.1223,121,68.98558848874784,20.91
2020-04-07,NVDA.US,buy,7.5373,209.31,signal,0.0,0,0.0,0.0
2020-08-06,NVDA.US,sell,11.2861,209.31,target_rebalance,784.6613,121,69.32277457875998,49.74
2020-04-07,TSM.US,buy,49.3003,43.96,signal,0.0,0,0.0,0.0
2020-08-06,TSM.US,sell,74.279,43.96,target_rebalance,1098.0631,121,67.8345670367697,50.67
2020-04-07,AMD.US,buy,51.9012,38.14,signal,0.0,0,0.0,0.0
2020-08-07,AMD.US,sell,86.5833,38.14,target_rebalance,1322.7758,122,65.33281183278733,66.82
2020-04-07,ASML.US,buy,288.3831,4.66,signal,0.0,0,0.0,0.0
2020-08-07,ASML.US,sell,350.981,4.66,target_rebalance,291.7064,122,65.22874724781138,21.71
2020-04-07,AVGO.US,buy,23.8509,33.5,signal,0.0,0,0.0,0.0
2020-08-07,AVGO.US,sell,28.8925,33.5,target_rebalance,168.8942,122,69.98558848874785,21.14
2020-04-07,LRCX.US,buy,25.801,25.96,signal,0.0,0,0.0,0.0
2020-08-07,LRCX.US,sell,35.4956,25.96,target_rebalance,251.6721,122,69.93560090512564,37.57
2020-04-07,AMAT.US,buy,48.2502,15.5,signal,0.0,0,0.0,0.0
2020-08-10,AMAT.US,sell,60.2971,15.5,target_rebalance,186.727,125,70.73757767101228,24.97
2020-04-07,MU.US,buy,47.2141,34.75,signal,0.0,0,0.0,0.0
2020-08-10,MU.US,sell,47.5878,34.75,target_rebalance,12.9874,125,59.41092753015273,0.79
2020-04-07,NVDA.US,buy,7.5373,153.72,signal,0.0,0,0.0,0.0
2020-08-10,NVDA.US,sell,11.2707,153.72,target_rebalance,573.8963,125,71.32277457875996,49.53
2020-04-07,TSM.US,buy,49.6307,15.88,signal,0.0,0,0.0,0.0
2020-08-10,TSM.US,sell,72.93,15.88,target_rebalance,369.9935,125,68.87595932092195,46.95
2020-04-07,AMAT.US,buy,48.2502,94.53,signal,0.0,0,0.0,0.0
2020-08-11,AMAT.US,sell,61.8791,94.53,target_rebalance,1288.3412,126,71.73757767101228,28.25
2020-04-07,ASML.US,buy,288.788,3.03,signal,0.0,0,0.0,0.0
2020-08-11,ASML.US,sell,346.5315,3.03,target_rebalance,174.9629,126,66.76338733456191,20.0
2020-04-07,AVGO.US,buy,23.8678,82.29,signal,0.0,0,0.0,0.0
2020-08-11,AVGO.US,sell,28.8204,82.29,target_rebalance,407.5489,126,71.73241287976133,20.75
2020-04-07,LRCX.US,buy,25.8617,104.36,signal,0.0,0,0.0,0.0
2020-08-11,LRCX.US,sell,35.5406,104.36,target_rebalance,1010.0917,126,71.46778421889685,37.43
2020-04-07,MU.US,buy,47.2141,29.2,signal,0.0,0,0.0,0.0
2020-08-11,MU.US,sell,47.7437,29.2,target_rebalance,15.4644,126,60.41092753015274,1.12
2020-04-07,AMAT.US,buy,48.2502,17.91,signal,0.0,0,0.0,0.0
2020-08-12,AMAT.US,sell,61.5665,17.91,target_rebalance,238.4951,127,72.73757767101228,27.6
2020-04-07,ASML.US,buy,288.788,6.82,signal,0.0,0,0.0,0.0
2020-08-12,ASML.US,sell,347.0522,6.82,target_rebalance,397.3621,127,67.7633873345619,20.18
2020-04-07,AVGO.US,buy,23.8678,37.12,signal,0.0,0,0.0,0.0
2020-08-12,AVGO.US,sell,28.669,37.12,target_rebalance,178.2232,127,72.73241287976133,20.12
2020-04-07,NVDA.US,buy,7.5974,22.63,signal,0.0,0,0.0,0.0
2020-08-12,NVDA.US,sell,10.9291,22.63,target_rebalance,75.397,127,72.0799279242307,43.85
2020-04-07,AMD.US,buy,54.0131,74.22,signal,0.0,0,0.0,0.0
2020-08-13,AMD.US,sell,82.7971,74.22,target_rebalance,2136.3526,128,64.39910654461312,53.29
2020-04-07,ASML.US,buy,288.788,2.56,signal,0.0,0,0.0,0.0
2020-08-13,ASML.US,sell,356.5097,2.56,target_rebalance,173.3677,128,68.76338733456191,23.45
2020-04-07,NVDA.US,buy,7.5974,466.85,signal,0.0,0,0.0,0.0
2020-08-13,NVDA.US,sell,11.4813,466.85,target_rebalance,1813.1824,128,73.0799279242307,51.12
2020-04-07,AMAT.US,buy,48.2502,69.47,signal,0.0,0,0.0,0.0
2020-08-14,AMAT.US,sell,63.84,69.47,target_rebalance,1083.0284,129,74.73757767101229,32.31
2020-04-07,LRCX.US,buy,25.9209,21.5,signal,0.0,0,0.0,0.0
2020-08-14,LRCX.US,sell,35.5538,21.5,target_rebalance,207.1077,129,74.00489132500736,37.16
2020-04-07,NVDA.US,buy,7.5974,122.33,signal,0.0,0,0.0,0.0
2020-08-14,NVDA.US,sell,11.4654,122.33,target_rebalance,473.167,129,74.0799279242307,50.91
2020-04-07,AMAT.US,buy,48.2502,2.26,signal,0.0,0,0.0,0.0
2020-08-17,AMAT.US,sell,64.5126,2.26,target_rebalance,36.7532,132,75.73757767101228,33.7
2020-04-07,ASML.US,buy,289.0475,1.75,signal,0.0,0,0.0,0.0
2020-08-17,ASML.US,sell,356.5855,1.75,target_rebalance,118.1916,132,70.47702521574882,23.37
2020-04-07,NVDA.US,buy,7.5974,297.33,signal,0.0,0,0.0,0.0
2020-08-17,NVDA.US,sell,11.7848,297.33,target_rebalance,1245.0401,132,75.0799279242307,55.12
2020-04-07,TSM.US,buy,50.1736,18.86,signal,0.0,0,0.0,0.0
2020-08-17,TSM.US,sell,72.251,18.86,target_rebalance,416.3791,132,72.13144070034609,44.0
2020-04-07,ASML.US,buy,289.0475,4.9,signal,0.0,0,0.0,0.0
2020-08-18,ASML.US,sell,363.1651,4.9,target_rebalance,363.1763,133,71.47702521574882,25.64
2020-04-07,LRCX.US,buy,26.0546,16.14,signal,0.0,0,0.0,0.0
2020-08-18,LRCX.US,sell,35.8305,16.14,target_rebalance,157.7828,133,74.94584968307431,37.52
2020-04-07,NVDA.US,buy,7.5974,650.7,signal,0.0,0,0.0,0.0
2020-08-18,NVDA.US,sell,12.3802,650.7,target_rebalance,3112.1653,133,76.0799279242307,62.95
2020-04-07,AMAT.US,buy,48.5274,5.45,signal,0.0,0,0.0,0.0
2020-08-19,AMAT.US,sell,63.2728,5.45,target_rebalance,80.3622,134,76.38400198684367,30.39
2020-04-07,ASML.US,buy,289.0475,2.32,signal,0.0,0,0.0,0.0
2020-08-19,ASML.US,sell,360.1168,2.32,target_rebalance,164.8807,134,72.47702521574882,24.59
2020-04-07,AVGO.US,buy,23.9318,23.34,signal,0.0,0,0.0,0.0
2020-08-19,AVGO.US,sell,28.9875,23.34,target_rebalance,118.0005,134,76.80194076830416,21.13
2020-04-07,NVDA.US,buy,7.5974,4.53,signal,0.0,0,0.0,0.0
2020-08-19,NVDA.US,sell,12.2276,4.53,target_rebalance,20.9746,134,77.0799279242307,60.94
2020-04-07,AMD.US,buy,54.277,1.76,signal,0.0,0,0.0,0.0
2020-08-20,AMD.US,sell,79.6603,1.76,target_rebalance,44.6746,135,68.77810884340259,46.77
2020-04-07,AVGO.US,buy,23.9318,148.3,signal,0.0,0,0.0,0.0
2020-08-20,AVGO.US,sell,28.8309,148.3,target_rebalance,726.5386,135,77.80194076830415,20.47
2020-04-07,NVDA.US,buy,7.5974,19.3,signal,0.0,0,0.0,0.0
2020-08-20,NVDA.US,sell,11.9079,19.3,target_rebalance,83.1919,135,78.0799279242307,56.74
2020-04-07,AMD.US,buy,54.277,88.56,signal,0.0,0,0.0,0.0
2020-08-21,AMD.US,sell,83.2067,88.56,target_rebalance,2562.0185,136,69.77810884340258,53.3
2020-04-07,NVDA.US,buy,7.5974,207.25,signal,0.0,0,0.0,0.0
2020-08-21,NVDA.US,sell,12.1333,207.25,target_rebalance,940.0729,136,79.0799279242307,59.7
2020-04-07,TSM.US,buy,50.4051,39.08,signal,0.0,0,0.0,0.0
2020-08-21,TSM.US,sell,70.6393,39.08,target_rebalance,790.7532,136,75.27812503828419,40.14
2020-04-07,ASML.US,buy,289.8645,8.63,signal,0.0,0,0.0,0.0
2020-08-24,ASML.US,sell,359.9842,8.63,target_rebalance,605.1331,139,74.43303713222355,24.19
2020-04-07,NVDA.US,buy,7.5974,532.28,signal,0.0,0,0.0,0.0
2020-08-24,NVDA.US,sell,12.8115,532.28,target_rebalance,2775.3686,139,80.0799279242307,68.63
2020-04-07,TSM.US,buy,50.4051,4.67,signal,0.0,0,0.0,0.0
2020-08-24,TSM.US,sell,72.1876,4.67,target_rebalance,101.7242,139,76.27812503828419,43.21
2020-04-07,AMAT.US,buy,49.044,27.74,signal,0.0,0,0.0,0.0
2020-08-25,AMAT.US,sell,60.9346,27.74,target_rebalance,329.8466,140,76.89421980270788,24.24
2020-04-07,AVGO.US,buy,23.9871,38.69,signal,0.0,0,0.0,0.0
2020-08-25,AVGO.US,sell,29.4741,38.69,target_rebalance,212.2918,140,79.96872713146553,22.87
2020-04-07,MU.US,buy,46.8601,167.42,signal,0.0,0,0.0,0.0
2020-08-25,MU.US,sell,43.7204,167.42,target_rebalance,-525.6538,140,62.35388923954172,-6.7
2020-04-07,TSM.US,buy,50.4051,1.01,signal,0.0,0,0.0,0.0
2020-08-25,TSM.US,sell,72.2962,1.01,target_rebalance,22.1101,140,77.27812503828417,43.43
2020-04-07,AMD.US,buy,54.8076,67.73,signal,0.0,0,0.0,0.0
2020-08-26,AMD.US,sell,86.883,67.73,target_rebalance,2172.4686,141,71.48357134156974,58.52
2020-04-07,MU.US,buy,46.8601,22.03,signal,0.0,0,0.0,0.0
2020-08-26,MU.US,sell,44.4218,22.03,target_rebalance,-53.7167,141,63.35388923954172,-5.2
2020-04-07,NVDA.US,buy,7.6911,4.54,signal,0.0,0,0.0,0.0
2020-08-26,NVDA.US,sell,12.7275,4.54,target_rebalance,22.8653,141,80.55700662260371,65.48
2020-04-07,TSM.US,buy,50.4051,17.25,signal,0.0,0,0.0,0.0
2020-08-26,TSM.US,sell,73.5638,17.25,target_rebalance,399.4873,141,78.27812503828419,45.95
2020-04-07,ASML.US,buy,290.602,6.64,signal,0.0,0,0.0,0.0
2020-08-27,ASML.US,sell,366.1094,6.64,target_rebalance,501.3692,142,76.6359093626359,25.98
2020-04-07,AVGO.US,buy,24.0406,79.51,signal,0.0,0,0.0,0.0
2020-08-27,AVGO.US,sell,29.9571,79.51,target_rebalance,470.4218,142,81.18436574556752,24.61
2020-04-07,LRCX.US,buy,26.6002,8.81,signal,0.0,0,0.0,0.0
2020-08-27,LRCX.US,sell,33.2892,8.81,target_rebalance,58.9302,142,76.22171784888677,25.15
2020-04-07,TSM.US,buy,50.4051,22.22,signal,0.0,0,0.0,0.0
2020-08-27,TSM.US,sell,74.4058,22.22,target_rebalance,533.2956,142,79.27812503828417,47.62
2020-04-07,AVGO.US,buy,24.0406,99.95,signal,0.0,0,0.0,0.0
2020-08-28,AVGO.US,sell,29.826,99.95,target_rebalance,578.2532,143,82.1843657455675,24.07
2020-04-07,MU.US,buy,46.779,86.53,signal,0.0,0,0.0,0.0
2020-08-28,MU.US,sell,43.4671,86.53,target_rebalance,-286.5761,143,63.80613299140081,-7.08
2020-04-07,NVDA.US,buy,7.7034,143.44,signal,0.0,0,0.0,0.0
2020-08-28,NVDA.US,sell,12.6039,143.44,target_rebalance,702.9385,143,82.35848079477785,63.62
2020-04-07,AVGO.US,buy,24.0406,15.55,signal,0.0,0,0.0,0.0
2020-08-31,AVGO.US,sell,30.2237,15.55,target_rebalance,96.1473,146,83.1843657455675,25.72
2020-04-07,LRCX.US,buy,26.6745,25.18,signal,0.0,0,0.0,0.0
2020-08-31,LRCX.US,sell,32.6973,25.18,target_rebalance,151.654,146,77.19901820279057,22.58
2020-04-07,MU.US,buy,46.779,23.9,signal,0.0,0,0.0,0.0
2020-08-31,MU.US,sell,44.1783,23.9,target_rebalance,-62.1573,146,64.80613299140083,-5.56
2020-04-07,NVDA.US,buy,7.7034,430.86,signal,0.0,0,0.0,0.0
2020-08-31,NVDA.US,sell,13.1088,430.86,target_rebalance,2329.0033,146,83.35848079477783,70.17
2020-04-07,AMD.US,buy,55.2534,133.62,signal,0.0,0,0.0,0.0
2020-09-01,AMD.US,sell,91.8281,133.62,target_rebalance,4887.1023,147,74.42708150850125,66.19
2020-04-07,ASML.US,buy,291.7493,2.04,signal,0.0,0,0.0,0.0
2020-09-01,ASML.US,sell,363.6384,2.04,target_rebalance,146.6538,147,78.27621489283025,24.64
2020-04-07,AVGO.US,buy,24.0406,18.39,signal,0.0,0,0.0,0.0
2020-09-01,AVGO.US,sell,30.7938,18.39,target_rebalance,124.1918,147,84.1843657455675,28.09
2020-04-07,NVDA.US,buy,7.7034,100.54,signal,0.0,0,0.0,0.0
2020-09-01,NVDA.US,sell,13.4084,100.54,target_rebalance,573.5879,147,84.35848079477785,74.06
2020-04-07,AVGO.US,buy,24.0406,87.99,signal,0.0,0,0.0,0.0
2020-09-02,AVGO.US,sell,32.1892,87.99,target_rebalance,716.9975,148,85.18436574556752,33.9
2020-04-07,NVDA.US,buy,7.7034,812.31,signal,0.0,0,0.0,0.0
2020-09-02,NVDA.US,sell,14.6257,812.31,target_rebalance,5623.071,148,85.35848079477786,89.86
2020-04-07,AMAT.US,buy,49.7997,107.8,signal,0.0,0,0.0,0.0
2020-09-03,AMAT.US,sell,61.0107,107.8,target_rebalance,1208.5398,149,78.00533250205129,22.51
2020-04-07,AVGO.US,buy,24.0406,46.6,signal,0.0,0,0.0,0.0
2020-09-03,AVGO.US,sell,32.2024,46.6,target_rebalance,380.3413,149,86.18436574556752,33.95
2020-04-07,LRCX.US,buy,26.9465,229.93,signal,0.0,0,0.0,0.0
2020-09-03,LRCX.US,sell,33.5181,229.93,target_rebalance,1511.0042,149,76.2354949668716,24.39
2020-04-07,MU.US,buy,46.7402,147.71,signal,0.0,0,0.0,0.0
2020-09-03,MU.US,sell,46.526,147.71,target_rebalance,-31.6496,149,66.43294399630557,-0.46
2020-04-07,TSM.US,buy,51.3955,5.82,signal,0.0,0,0.0,0.0
2020-09-03,TSM.US,sell,73.4461,5.82,target_rebalance,128.3346,149,80.61168660927065,42.9
2020-04-07,AVGO.US,buy,24.0406,198.34,signal,0.0,0,0.0,0.0
2020-09-04,AVGO.US,sell,31.759,198.34,target_rebalance,1530.8656,150,87.1843657455675,32.11
2020-04-07,MU.US,buy,46.7402,53.48,signal,0.0,0,0.0,0.0
2020-09-04,MU.US,sell,44.9965,53.48,target_rebalance,-93.2535,150,67.43294399630557,-3.73
2020-04-07,TSM.US,buy,51.3955,103.55,signal,0.0,0,0.0,0.0
2020-09-04,TSM.US,sell,72.8847,103.55,target_rebalance,2225.2163,150,81.61168660927065,41.81
2020-04-07,AMD.US,buy,58.1175,17.36,signal,0.0,0,0.0,0.0
2020-09-08,AMD.US,sell,77.972,17.36,target_rebalance,344.6733,154,71.3451331781034,34.16
2020-04-07,AVGO.US,buy,24.0406,173.09,signal,0.0,0,0.0,0.0
2020-09-08,AVGO.US,sell,31.0278,173.09,target_rebalance,1209.4239,154,88.18436574556752,29.06
2020-04-07,MU.US,buy,46.7402,109.41,signal,0.0,0,0.0,0.0
2020-09-08,MU.US,sell,43.8276,109.41,target_rebalance,-318.6779,154,68.43294399630557,-6.23
2020-04-07,TSM.US,buy,51.3955,54.58,signal,0.0,0,0.0,0.0
2020-09-08,TSM.US,sell,70.6393,54.58,target_rebalance,1050.3318,154,82.61168660927066,37.44
2020-04-07,AMD.US,buy,58.1175,51.06,signal,0.0,0,0.0,0.0
2020-09-09,AMD.US,sell,81.3186,51.06,target_rebalance,1184.6484,155,72.3451331781034,39.92
2020-04-07,ASML.US,buy,293.494,7.61,signal,0.0,0,0.0,0.0
2020-09-09,ASML.US,sell,338.8916,7.61,target_rebalance,345.4756,155,80.85091311996126,15.47
2020-04-07,NVDA.US,buy,8.2837,511.68,signal,0.0,0,0.0,0.0
2020-09-09,NVDA.US,sell,12.3342,511.68,target_rebalance,2072.5608,155,79.57270618236676,48.9
2020-04-07,AMD.US,buy,58.1175,24.31,signal,0.0,0,0.0,0.0
2020-09-10,AMD.US,sell,82.9869,24.31,target_rebalance,604.5759,156,73.34513317810338,42.79
2020-04-07,ASML.US,buy,293.494,4.25,signal,0.0,0,0.0,0.0
2020-09-10,ASML.US,sell,344.8559,4.25,target_rebalance,218.2878,156,81.85091311996128,17.5
2020-04-07,AVGO.US,buy,24.1019,29.05,signal,0.0,0,0.0,0.0
2020-09-10,AVGO.US,sell,31.861,29.05,target_rebalance,225.4025,156,89.44106989706748,32.19
2020-04-07,NVDA.US,buy,8.2837,550.26,signal,0.0,0,0.0,0.0
2020-09-10,NVDA.US,sell,12.9203,550.26,target_rebalance,2551.3478,156,80.57270618236676,55.97
2020-04-07,TSM.US,buy,51.6053,38.93,signal,0.0,0,0.0,0.0
2020-09-10,TSM.US,sell,73.102,38.93,target_rebalance,836.8685,156,83.73134390608472,41.66
2020-04-07,AMAT.US,buy,50.0743,41.66,signal,0.0,0,0.0,0.0
2020-09-11,AMAT.US,sell,52.8556,41.66,target_rebalance,115.87,157,77.21402222204257,5.55
2020-04-07,ASML.US,buy,293.494,6.99,signal,0.0,0,0.0,0.0
2020-09-11,ASML.US,sell,344.6002,6.99,target_rebalance,357.2321,157,82.85091311996129,17.41
2020-04-07,AVGO.US,buy,24.1019,53.31,signal,0.0,0,0.0,0.0
2020-09-11,AVGO.US,sell,31.7176,53.31,target_rebalance,405.9933,157,90.44106989706748,31.6
2020-04-07,LRCX.US,buy,27.1383,5.42,signal,0.0,0,0.0,0.0
2020-09-11,LRCX.US,sell,28.1935,5.42,target_rebalance,5.7193,157,74.22806789891594,3.89
2020-04-07,MU.US,buy,46.6996,26.42,signal,0.0,0,0.0,0.0
2020-09-11,MU.US,sell,44.0613,26.42,target_rebalance,-69.7021,157,70.2174480262559,-5.65
2020-04-07,TSM.US,buy,51.6053,11.4,signal,0.0,0,0.0,0.0
2020-09-11,TSM.US,sell,72.4411,11.4,target_rebalance,237.5283,157,84.73134390608472,40.38
2020-04-07,ASML.US,buy,293.494,0.07,signal,0.0,0,0.0,0.0
2020-09-14,ASML.US,sell,350.0627,0.07,target_rebalance,3.9598,160,83.85091311996128,19.27
2020-04-07,MU.US,buy,46.6996,212.53,signal,0.0,0,0.0,0.0
2020-09-14,MU.US,sell,47.1007,212.53,target_rebalance,85.2567,160,71.2174480262559,0.86
2020-04-07,NVDA.US,buy,8.3827,431.72,signal,0.0,0,0.0,0.0
2020-09-14,NVDA.US,sell,13.0116,431.72,target_rebalance,1998.3826,160,80.6315767958755,55.22
2020-04-07,AMAT.US,buy,50.083,0.7,signal,0.0,0,0.0,0.0
2020-09-15,AMAT.US,sell,54.3954,0.7,target_rebalance,3.0187,161,79.01891622410946,8.61
2020-04-07,LRCX.US,buy,27.1499,76.53,signal,0.0,0,0.0,0.0
2020-09-15,LRCX.US,sell,29.1381,76.53,target_rebalance,152.163,161,75.51673313384038,7.32
2020-04-07,MU.US,buy,46.6996,22.0,signal,0.0,0,0.0,0.0
2020-09-15,MU.US,sell,48.0944,22.0,target_rebalance,30.6854,161,72.2174480262559,2.99
2020-04-07,AMD.US,buy,59.6824,30.43,signal,0.0,0,0.0,0.0
2020-09-16,AMD.US,sell,79.2706,30.43,target_rebalance,596.0714,162,71.3698024968004,32.82
2020-04-07,TSM.US,buy,51.8171,126.36,signal,0.0,0,0.0,0.0
2020-09-16,TSM.US,sell,78.3081,126.36,target_rebalance,3347.4001,162,86.89047889695146,51.12
2020-04-07,AVGO.US,buy,24.2253,37.97,signal,0.0,0,0.0,0.0
2020-09-17,AVGO.US,sell,31.2337,37.97,target_rebalance,266.1115,163,93.04834078997771,28.93
2020-04-07,MU.US,buy,46.7125,174.55,signal,0.0,0,0.0,0.0
2020-09-17,MU.US,sell,47.8898,174.55,target_rebalance,205.4916,163,73.45050397754007,2.52
2020-04-07,ASML.US,buy,294.3835,2.37,signal,0.0,0,0.0,0.0
2020-09-18,ASML.US,sell,350.555,2.37,target_rebalance,133.1264,164,86.55436604438928,19.08
2020-04-07,LRCX.US,buy,27.1581,23.93,signal,0.0,0,0.0,0.0
2020-09-18,LRCX.US,sell,28.9177,23.93,target_rebalance,42.1077,164,77.89570497493175,6.48
2020-04-07,MU.US,buy,46.7125,46.75,signal,0.0,0,0.0,0.0
2020-09-18,MU.US,sell,50.1694,46.75,target_rebalance,161.6059,164,74.45050397754007,7.4
2020-04-07,NVDA.US,buy,8.5917,13.86,signal,0.0,0,0.0,0.0
2020-09-18,NVDA.US,sell,12.5269,13.86,target_rebalance,54.5416,164,80.48736669875147,45.8
2020-04-07,AMAT.US,buy,50.0922,18.19,signal,0.0,0,0.0,0.0
2020-09-21,AMAT.US,sell,52.4755,18.19,target_rebalance,43.3512,167,82.7375273806551,4.76
2020-04-07,LRCX.US,buy,27.1581,158.94,signal,0.0,0,0.0,0.0
2020-09-21,LRCX.US,sell,28.6194,158.94,target_rebalance,232.2604,167,78.89570497493175,5.38
2020-04-07,TSM.US,buy,52.5185,1.93,signal,0.0,0,0.0,0.0
2020-09-21,TSM.US,sell,72.624,1.93,target_rebalance,38.8035,167,87.16384807088542,38.28
2020-04-07,AMAT.US,buy,50.0922,63.13,signal,0.0,0,0.0,0.0
2020-09-22,AMAT.US,sell,55.0893,63.13,target_rebalance,315.4629,168,83.7375273806551,9.98
2020-04-07,AMD.US,buy,59.9957,53.3,signal,0.0,0,0.0,0.0
2020-09-22,AMD.US,sell,78.2816,53.3,target_rebalance,974.6423,168,73.93275495027288,30.48
2020-04-07,LRCX.US,buy,27.1581,76.6,signal,0.0,0,0.0,0.0
2020-09-22,LRCX.US,sell,29.8624,76.6,target_rebalance,207.148,168,79.89570497493176,9.96
2020-04-07,NVDA.US,buy,8.6509,316.72,signal,0.0,0,0.0,0.0
2020-09-22,NVDA.US,sell,12.5082,316.72,target_rebalance,1221.7118,168,81.02423509139905,44.59
2020-04-07,AVGO.US,buy,24.3405,23.89,signal,0.0,0,0.0,0.0
2020-09-23,AVGO.US,sell,31.9784,23.89,target_rebalance,182.4686,169,95.54904801197725,31.38
2020-04-07,LRCX.US,buy,27.1581,51.05,signal,0.0,0,0.0,0.0
2020-09-23,LRCX.US,sell,30.2423,51.05,target_rebalance,157.4487,169,80.89570497493175,11.36
2020-04-07,MU.US,buy,46.765,110.57,signal,0.0,0,0.0,0.0
2020-09-23,MU.US,sell,49.692,110.57,target_rebalance,323.6374,169,74.56228662873264,6.26
2020-04-07,AMAT.US,buy,50.0937,29.87,signal,0.0,0,0.0,0.0
2020-09-24,AMAT.US,sell,54.1198,29.87,target_rebalance,120.2596,170,85.71401086336598,8.04
2020-04-07,AVGO.US,buy,24.3405,16.02,signal,0.0,0,0.0,0.0
2020-09-24,AVGO.US,sell,31.0923,16.02,target_rebalance,108.1637,170,96.54904801197728,27.74
2020-04-07,LRCX.US,buy,27.1581,28.56,signal,0.0,0,0.0,0.0
2020-09-24,LRCX.US,sell,29.458,28.56,target_rebalance,65.6869,170,81.89570497493175,8.47
2020-04-07,MU.US,buy,46.765,4.31,signal,0.0,0,0.0,0.0
2020-09-24,MU.US,sell,48.2405,4.31,target_rebalance,6.3594,170,75.56228662873264,3.16
2020-04-07,AMD.US,buy,60.3552,18.84,signal,0.0,0,0.0,0.0
2020-09-25,AMD.US,sell,76.2736,18.84,target_rebalance,299.9038,171,75.30154515626438,26.37
2020-04-07,LRCX.US,buy,27.1581,120.08,signal,0.0,0,0.0,0.0
2020-09-25,LRCX.US,sell,30.4618,120.08,target_rebalance,396.711,171,82.89570497493173,12.16
2020-04-07,NVDA.US,buy,8.695,218.92,signal,0.0,0,0.0,0.0
2020-09-25,NVDA.US,sell,12.3814,218.92,target_rebalance,807.0353,171,82.97571255327315,42.4
2020-04-07,TSM.US,buy,53.3226,2.56,signal,0.0,0,0.0,0.0
2020-09-25,TSM.US,sell,71.1406,2.56,target_rebalance,45.6141,171,87.61689594646889,33.42
2020-04-07,AMD.US,buy,60.3552,24.35,signal,0.0,0,0.0,0.0
2020-09-28,AMD.US,sell,79.0409,24.35,target_rebalance,454.9967,174,76.30154515626438,30.96
2020-04-07,ASML.US,buy,295.7072,4.85,signal,0.0,0,0.0,0.0
2020-09-28,ASML.US,sell,346.399,4.85,target_rebalance,245.8553,174,89.80263750852474,17.14
2020-04-07,NVDA.US,buy,8.695,314.68,signal,0.0,0,0.0,0.0
2020-09-28,NVDA.US,sell,12.971,314.68,target_rebalance,1345.585,174,83.97571255327317,49.18
2020-04-07,TSM.US,buy,53.3226,3.14,signal,0.0,0,0.0,0.0
2020-09-28,TSM.US,sell,73.0881,3.14,target_rebalance,62.0638,174,88.6168959464689,37.07
2020-04-07,AMAT.US,buy,50.1723,38.6,signal,0.0,0,0.0,0.0
2020-09-29,AMAT.US,sell,56.4389,38.6,target_rebalance,241.8915,175,87.407790993182,12.49
2020-04-07,ASML.US,buy,295.7072,3.18,signal,0.0,0,0.0,0.0
2020-09-29,ASML.US,sell,350.3467,3.18,target_rebalance,173.7537,175,90.80263750852475,18.48
2020-04-07,AVGO.US,buy,24.3906,57.0,signal,0.0,0,0.0,0.0
2020-09-29,AVGO.US,sell,32.6274,57.0,target_rebalance,469.4994,175,98.84947184808348,33.77
2020-04-07,LRCX.US,buy,27.1717,23.46,signal,0.0,0,0.0,0.0
2020-09-29,LRCX.US,sell,31.4472,23.46,target_rebalance,100.3048,175,84.61019564585803,15.74
2020-04-07,AMD.US,buy,60.3817,59.64,signal,0.0,0,0.0,0.0
2020-09-30,AMD.US,sell,81.6683,59.64,target_rebalance,1269.5287,176,78.19373747452114,35.25
2020-04-07,NVDA.US,buy,8.7433,164.14,signal,0.0,0,0.0,0.0
2020-09-30,NVDA.US,sell,13.0876,164.14,target_rebalance,713.0793,176,84.99769809753477,49.69
2020-04-07,TSM.US,buy,53.5399,13.69,signal,0.0,0,0.0,0.0
2020-09-30,TSM.US,sell,73.343,13.69,target_rebalance,271.1044,176,89.610885059793,36.99
2020-04-07,AMAT.US,buy,50.1799,2.95,signal,0.0,0,0.0,0.0
2020-10-01,AMAT.US,sell,57.3799,2.95,target_rebalance,21.2399,177,89.30322555830374,14.35
2020-04-07,AMD.US,buy,60.3817,7.35,signal,0.0,0,0.0,0.0
2020-10-01,AMD.US,sell,82.9769,7.35,target_rebalance,166.0749,177,79.19373747452116,37.42
2020-04-07,ASML.US,buy,296.0049,1.85,signal,0.0,0,0.0,0.0
2020-10-01,ASML.US,sell,355.5157,1.85,target_rebalance,110.0949,177,92.2976814655211,20.1
2020-04-07,AVGO.US,buy,24.5039,9.96,signal,0.0,0,0.0,0.0
2020-10-01,AVGO.US,sell,32.7597,9.96,target_rebalance,82.2273,177,99.416334596871,33.69
2020-04-07,NVDA.US,buy,8.7433,471.26,signal,0.0,0,0.0,0.0
2020-10-01,NVDA.US,sell,13.685,471.26,target_rebalance,2328.8,177,85.99769809753475,56.52
2020-04-07,TSM.US,buy,53.5399,14.02,signal,0.0,0,0.0,0.0
2020-10-01,TSM.US,sell,74.6808,14.02,target_rebalance,296.3953,177,90.610885059793,39.49
2020-04-07,AMD.US,buy,60.3817,30.64,signal,0.0,0,0.0,0.0
2020-10-02,AMD.US,sell,82.4974,30.64,target_rebalance,677.6251,178,80.19373747452116,36.63
2020-04-07,ASML.US,buy,296.0049,5.73,signal,0.0,0,0.0,0.0
2020-10-02,ASML.US,sell,352.5525,5.73,target_rebalance,324.018,178,93.2976814655211,19.1
2020-04-07,MU.US,buy,46.8055,49.67,signal,0.0,0,0.0,0.0
2020-10-02,MU.US,sell,45.6492,49.67,target_rebalance,-57.4313,178,73.23727798425604,-2.47
2020-04-07,TSM.US,buy,53.5399,5.4,signal,0.0,0,0.0,0.0
2020-10-02,TSM.US,sell,73.4522,5.4,target_rebalance,107.5264,178,91.61088505979299,37.19
2020-04-07,ASML.US,buy,296.0049,1.91,signal,0.0,0,0.0,0.0
2020-10-05,ASML.US,sell,355.156,1.91,target_rebalance,112.9786,181,94.2976814655211,19.98
2020-04-07,LRCX.US,buy,27.2107,31.97,signal,0.0,0,0.0,0.0
2020-10-05,LRCX.US,sell,31.3596,31.97,target_rebalance,132.6415,181,87.7346909716617,15.25
2020-04-07,TSM.US,buy,53.5399,17.14,signal,0.0,0,0.0,0.0
2020-10-05,TSM.US,sell,74.2166,17.14,target_rebalance,354.4,181,92.610885059793,38.62
2020-04-07,AMD.US,buy,60.4322,43.38,signal,0.0,0,0.0,0.0
2020-10-06,AMD.US,sell,86.1238,43.38,target_rebalance,1114.5024,182,82.00963474125203,42.51
2020-04-07,LRCX.US,buy,27.2107,3.93,signal,0.0,0,0.0,0.0
2020-10-06,LRCX.US,sell,32.1093,3.93,target_rebalance,19.2513,182,88.7346909716617,18.0
2020-04-07,NVDA.US,buy,8.8398,279.34,signal,0.0,0,0.0,0.0
2020-10-06,NVDA.US,sell,13.7566,279.34,target_rebalance,1373.444,182,87.1031490080486,55.62
2020-04-07,TSM.US,buy,53.5399,10.22,signal,0.0,0,0.0,0.0
2020-10-06,TSM.US,sell,76.237,10.22,target_rebalance,231.9646,182,93.610885059793,42.39
2020-04-07,AMAT.US,buy,50.2241,24.7,signal,0.0,0,0.0,0.0
2020-10-07,AMAT.US,sell,58.4539,24.7,target_rebalance,203.2764,183,92.6270305033714,16.39
2020-04-07,LRCX.US,buy,27.2107,50.53,signal,0.0,0,0.0,0.0
2020-10-07,LRCX.US,sell,32.7157,50.53,target_rebalance,278.1691,183,89.7346909716617,20.23
2020-04-07,MU.US,buy,46.8015,23.84,signal,0.0,0,0.0,0.0
2020-10-07,MU.US,sell,47.1689,23.84,target_rebalance,8.7596,183,75.46713876371443,0.79
2020-04-07,NVDA.US,buy,8.8398,23.08,signal,0.0,0,0.0,0.0
2020-10-07,NVDA.US,sell,13.9254,23.08,target_rebalance,117.3755,183,88.10314900804859,57.53
2020-04-07,TSM.US,buy,53.5399,3.6,signal,0.0,0,0.0,0.0
2020-10-07,TSM.US,sell,77.1562,3.6,target_rebalance,85.0187,183,94.610885059793,44.11
2020-04-07,AMD.US,buy,60.6857,19.18,signal,0.0,0,0.0,0.0
2020-10-08,AMD.US,sell,88.0219,19.18,target_rebalance,524.3074,184,83.19233398418667,45.05
2020-04-07,TSM.US,buy,53.5399,88.39,signal,0.0,0,0.0,0.0
2020-10-08,TSM.US,sell,80.8693,88.39,target_rebalance,2415.648,184,95.610885059793,51.05
2020-04-07,AMAT.US,buy,50.2894,55.27,signal,0.0,0,0.0,0.0
2020-10-09,AMAT.US,sell,60.1553,55.27,target_rebalance,545.2879,185,93.91132626226242,19.62
2020-04-07,ASML.US,buy,298.3486,8.09,signal,0.0,0,0.0,0.0
2020-10-09,ASML.US,sell,365.2384,8.09,target_rebalance,541.1379,185,94.51605322015297,22.42
2020-04-07,AVGO.US,buy,24.7227,41.43,signal,0.0,0,0.0,0.0
2020-10-09,AVGO.US,sell,33.3767,41.43,target_rebalance,358.5362,185,102.63799332076238,35.0
2020-04-07,LRCX.US,buy,27.2566,159.57,signal,0.0,0,0.0,0.0
2020-10-09,LRCX.US,sell,33.9871,159.57,target_rebalance,1073.987,185,90.99989110138004,24.69
2020-04-07,MU.US,buy,46.8015,70.25,signal,0.0,0,0.0,0.0
2020-10-09,MU.US,sell,48.9419,70.25,target_rebalance,150.3646,185,77.46713876371443,4.57
2020-04-07,AMAT.US,buy,50.2894,1.34,signal,0.0,0,0.0,0.0
2020-10-12,AMAT.US,sell,60.8871,1.34,target_rebalance,14.201,188,94.91132626226242,21.07
2020-04-07,ASML.US,buy,298.3486,7.32,signal,0.0,0,0.0,0.0
2020-10-12,ASML.US,sell,374.3552,7.32,target_rebalance,556.3678,188,95.51605322015295,25.48
2020-04-07,AVGO.US,buy,24.7227,23.36,signal,0.0,0,0.0,0.0
2020-10-12,AVGO.US,sell,33.897,23.36,target_rebalance,214.3115,188,103.63799332076238,37.11
2020-04-07,LRCX.US,buy,27.2566,70.81,signal,0.0,0,0.0,0.0
2020-10-12,LRCX.US,sell,34.7904,70.81,target_rebalance,533.4691,188,91.99989110138006,27.64
2020-04-07,NVDA.US,buy,9.0106,35.17,signal,0.0,0,0.0,0.0
2020-10-12,NVDA.US,sell,13.9152,35.17,target_rebalance,172.4976,188,87.98781809694204,54.43
2020-04-07,AMAT.US,buy,50.2894,9.85,signal,0.0,0,0.0,0.0
2020-10-13,AMAT.US,sell,62.0087,9.85,target_rebalance,115.4353,189,95.91132626226242,23.3
2020-04-07,MU.US,buy,46.8091,34.66,signal,0.0,0,0.0,0.0
2020-10-13,MU.US,sell,50.5493,34.66,target_rebalance,129.6345,189,79.23507635499591,7.99
2020-04-07,NVDA.US,buy,9.0106,95.06,signal,0.0,0,0.0,0.0
2020-10-13,NVDA.US,sell,14.2206,95.06,target_rebalance,495.267,189,88.98781809694205,57.82
2020-04-07,AMD.US,buy,62.2969,21.68,signal,0.0,0,0.0,0.0
2020-10-14,AMD.US,sell,85.7741,21.68,target_rebalance,508.9863,190,81.4543389943971,37.69
2020-04-07,ASML.US,buy,298.3486,0.91,signal,0.0,0,0.0,0.0
2020-10-14,ASML.US,sell,381.1809,0.91,target_rebalance,75.3773,190,97.51605322015297,27.76
2020-04-07,LRCX.US,buy,27.3071,35.36,signal,0.0,0,0.0,0.0
2020-10-14,LRCX.US,sell,35.3451,35.36,target_rebalance,284.2223,190,93.40094172674102,29.44
2020-04-07,MU.US,buy,46.8091,5.3,signal,0.0,0,0.0,0.0
2020-10-14,MU.US,sell,50.6662,5.3,target_rebalance,20.4425,190,80.23507635499591,8.24
2020-04-07,AMD.US,buy,62.2969,6.98,signal,0.0,0,0.0,0.0
2020-10-15,AMD.US,sell,83.3166,6.98,target_rebalance,146.7174,191,82.4543389943971,33.74
2020-04-07,AVGO.US,buy,24.8155,46.75,signal,0.0,0,0.0,0.0
2020-10-15,AVGO.US,sell,33.2986,46.75,target_rebalance,396.5833,191,105.60668563584709,34.18
2020-04-07,MU.US,buy,46.8091,31.72,signal,0.0,0,0.0,0.0
2020-10-15,MU.US,sell,49.4485,31.72,target_rebalance,83.7209,191,81.23507635499593,5.64
2020-04-07,TSM.US,buy,54.218,8.35,signal,0.0,0,0.0,0.0
2020-10-15,TSM.US,sell,79.4405,8.35,target_rebalance,210.6077,191,98.20385838287672,46.52
2020-04-07,AMAT.US,buy,50.4056,0.05,signal,0.0,0,0.0,0.0
2020-10-16,AMAT.US,sell,60.602,0.05,target_rebalance,0.5098,192,97.77831286473003,20.23
2020-04-07,AVGO.US,buy,24.8155,13.4,signal,0.0,0,0.0,0.0
2020-10-16,AVGO.US,sell,34.0293,13.4,target_rebalance,123.4643,192,106.60668563584707,37.13
2020-04-07,LRCX.US,buy,27.308,93.6,signal,0.0,0,0.0,0.0
2020-10-16,LRCX.US,sell,35.4562,93.6,target_rebalance,762.6688,192,95.38845045113163,29.84
2020-04-07,MU.US,buy,46.8091,31.14,signal,0.0,0,0.0,0.0
2020-10-16,MU.US,sell,50.8025,31.14,target_rebalance,124.3564,192,82.23507635499593,8.53
2020-04-07,AMD.US,buy,62.6326,12.78,signal,0.0,0,0.0,0.0
2020-10-19,AMD.US,sell,83.5364,12.78,target_rebalance,267.1498,195,83.14056350623568,33.38
2020-04-07,ASML.US,buy,299.3771,4.4,signal,0.0,0,0.0,0.0
2020-10-19,ASML.US,sell,371.2878,4.4,target_rebalance,316.4071,195,98.98834339420802,24.02
2020-04-07,AVGO.US,buy,24.8155,4.85,signal,0.0,0,0.0,0.0
2020-10-19,AVGO.US,sell,33.8482,4.85,target_rebalance,43.8083,195,107.60668563584709,36.4
2020-04-07,MU.US,buy,46.8091,11.05,signal,0.0,0,0.0,0.0
2020-10-19,MU.US,sell,50.6272,11.05,target_rebalance,42.1902,195,83.23507635499593,8.16
2020-04-07,TSM.US,buy,54.3031,4.56,signal,0.0,0,0.0,0.0
2020-10-19,TSM.US,sell,80.396,4.56,target_rebalance,118.9836,195,99.88540215879112,48.05
2020-04-07,LRCX.US,buy,27.4255,8.96,signal,0.0,0,0.0,0.0
2020-10-20,LRCX.US,sell,34.4674,8.96,target_rebalance,63.0947,196,95.85133198835818,25.68
2020-04-07,MU.US,buy,46.8091,121.79,signal,0.0,0,0.0,0.0
2020-10-20,MU.US,sell,51.767,121.79,target_rebalance,603.8203,196,84.23507635499593,10.59
2020-04-07,TSM.US,buy,54.3031,3.46,signal,0.0,0,0.0,0.0
2020-10-20,TSM.US,sell,79.8955,3.46,target_rebalance,88.5495,196,100.8854021587911,47.13
2020-04-07,MU.US,buy,46.8091,19.79,signal,0.0,0,0.0,0.0
2020-10-21,MU.US,sell,51.9228,19.79,target_rebalance,101.2011,197,85.23507635499591,10.92
2020-04-07,NVDA.US,buy,9.1217,45.7,signal,0.0,0,0.0,0.0
2020-10-21,NVDA.US,sell,13.5527,45.7,target_rebalance,202.4955,197,92.75669460305629,48.58
2020-04-07,TSM.US,buy,54.3031,11.22,signal,0.0,0,0.0,0.0
2020-10-21,TSM.US,sell,80.0866,11.22,target_rebalance,289.2905,197,101.88540215879112,47.48
2020-04-07,MU.US,buy,46.8091,34.17,signal,0.0,0,0.0,0.0
2020-10-22,MU.US,sell,51.9131,34.17,target_rebalance,174.4042,198,86.23507635499593,10.9
2020-04-07,NVDA.US,buy,9.1217,18.58,signal,0.0,0,0.0,0.0
2020-10-22,NVDA.US,sell,13.4507,18.58,target_rebalance,80.4331,198,93.75669460305629,47.46
2020-04-07,TSM.US,buy,54.3031,35.43,signal,0.0,0,0.0,0.0
2020-10-22,TSM.US,sell,80.487,35.43,target_rebalance,927.6957,198,102.88540215879111,48.22
2020-04-07,AMD.US,buy,63.1378,28.84,signal,0.0,0,0.0,0.0
2020-10-23,AMD.US,sell,80.8491,28.84,target_rebalance,510.7944,199,84.74940897987133,28.05
2020-04-07,AVGO.US,buy,24.8721,7.12,signal,0.0,0,0.0,0.0
2020-10-23,AVGO.US,sell,33.1397,7.12,target_rebalance,58.8654,199,110.86731533344508,33.24
2020-04-07,MU.US,buy,46.8091,48.05,signal,0.0,0,0.0,0.0
2020-10-23,MU.US,sell,52.6924,48.05,target_rebalance,282.6945,199,87.23507635499593,12.57
2020-04-07,AMD.US,buy,63.1378,81.97,signal,0.0,0,0.0,0.0
2020-10-26,AMD.US,sell,82.4675,81.97,target_rebalance,1584.4556,202,85.74940897987132,30.62
2020-04-07,AVGO.US,buy,24.8721,18.31,signal,0.0,0,0.0,0.0
2020-10-26,AVGO.US,sell,32.8147,18.31,target_rebalance,145.43,202,111.86731533344508,31.93
2020-04-07,NVDA.US,buy,9.1477,139.31,signal,0.0,0,0.0,0.0
2020-10-26,NVDA.US,sell,13.3557,139.31,target_rebalance,586.2176,202,95.18123663849589,46.0
2020-04-07,AMD.US,buy,63.1378,2.03,signal,0.0,0,0.0,0.0
2020-10-27,AMD.US,sell,81.918,2.03,target_rebalance,38.1239,203,86.74940897987132,29.74
2020-04-07,LRCX.US,buy,27.5491,1.67,signal,0.0,0,0.0,0.0
2020-10-27,LRCX.US,sell,32.8222,1.67,target_rebalance,8.806,203,98.80038718682188,19.14
2020-04-07,TSM.US,buy,54.3781,9.17,signal,0.0,0,0.0,0.0
2020-10-27,TSM.US,sell,79.1401,9.17,target_rebalance,227.0678,203,105.58786847948474,45.54
2020-04-07,ASML.US,buy,300.8293,0.23,signal,0.0,0,0.0,0.0
2020-10-28,ASML.US,sell,340.3117,0.23,target_rebalance,9.081,204,103.48608044028842,13.12
2020-04-07,MU.US,buy,46.882,1.92,signal,0.0,0,0.0,0.0
2020-10-28,MU.US,sell,49.4387,1.92,target_rebalance,4.9089,204,88.75230687674349,5.45
2020-04-07,NVDA.US,buy,9.1477,261.47,signal,0.0,0,0.0,0.0
2020-10-28,NVDA.US,sell,13.1279,261.47,target_rebalance,1040.7084,204,97.18123663849589,43.51
2020-04-07,TSM.US,buy,54.3781,15.13,signal,0.0,0,0.0,0.0
2020-10-28,TSM.US,sell,77.4929,15.13,target_rebalance,349.7269,204,106.58786847948474,42.51
2020-04-07,AMAT.US,buy,50.5945,0.87,signal,0.0,0,0.0,0.0
2020-10-29,AMAT.US,sell,54.3954,0.87,target_rebalance,3.3068,205,103.964569670105,7.51
2020-04-07,ASML.US,buy,300.8293,12.89,signal,0.0,0,0.0,0.0
2020-10-29,ASML.US,sell,343.9754,12.89,target_rebalance,556.1538,205,104.48608044028842,14.34
2020-04-07,LRCX.US,buy,27.5698,98.3,signal,0.0,0,0.0,0.0
2020-10-29,LRCX.US,sell,31.9266,98.3,target_rebalance,428.2724,205,100.31458063314159,15.8
2020-04-07,TSM.US,buy,54.3781,3.61,signal,0.0,0,0.0,0.0
2020-10-29,TSM.US,sell,76.692,3.61,target_rebalance,80.5533,205,107.58786847948475,41.03
2020-04-07,AMAT.US,buy,50.5945,60.21,signal,0.0,0,0.0,0.0
2020-10-30,AMAT.US,sell,55.8306,60.21,target_rebalance,315.2692,206,104.96456967010499,10.35
2020-04-07,LRCX.US,buy,27.5698,104.06,signal,0.0,0,0.0,0.0
2020-10-30,LRCX.US,sell,32.777,104.06,target_rebalance,541.8588,206,101.31458063314157,18.89
2020-04-07,AMAT.US,buy,50.5945,58.56,signal,0.0,0,0.0,0.0
2020-11-02,AMAT.US,sell,56.9807,58.56,target_rebalance,373.9775,209,105.96456967010499,12.62
2020-04-07,ASML.US,buy,301.0844,0.06,signal,0.0,0,0.0,0.0
2020-11-02,ASML.US,sell,346.3934,0.06,target_rebalance,2.7185,209,105.87825171755043,15.05
2020-04-07,AVGO.US,buy,24.9806,65.6,signal,0.0,0,0.0,0.0
2020-11-02,AVGO.US,sell,31.522,65.6,target_rebalance,429.114,209,114.93471860000562,26.19
2020-04-07,MU.US,buy,46.8991,39.52,signal,0.0,0,0.0,0.0
2020-11-02,MU.US,sell,49.4777,39.52,target_rebalance,101.9038,209,90.86027396871528,5.5
2020-04-07,AMAT.US,buy,50.5945,36.68,signal,0.0,0,0.0,0.0
2020-11-03,AMAT.US,sell,57.9692,36.68,target_rebalance,270.5043,210,106.964569670105,14.58
2020-04-07,ASML.US,buy,301.0844,2.45,signal,0.0,0,0.0,0.0
2020-11-03,ASML.US,sell,350.1758,2.45,target_rebalance,120.2739,210,106.87825171755044,16.3
2020-04-07,LRCX.US,buy,27.5772,93.96,signal,0.0,0,0.0,0.0
2020-11-03,LRCX.US,sell,33.5906,93.96,target_rebalance,565.0188,210,103.17053393377154,21.81
2020-04-07,TSM.US,buy,54.5311,25.63,signal,0.0,0,0.0,0.0
2020-11-03,TSM.US,sell,78.4394,25.63,target_rebalance,612.7703,210,109.85290322226706,43.84
2020-04-07,AMAT.US,buy,50.5945,9.64,signal,0.0,0,0.0,0.0
2020-11-04,AMAT.US,sell,60.2978,9.64,target_rebalance,93.5404,211,107.964569670105,19.18
2020-04-07,AMD.US,buy,64.0176,78.27,signal,0.0,0,0.0,0.0
2020-11-04,AMD.US,sell,80.1697,78.27,target_rebalance,1264.226,211,86.77663120420729,25.23
2020-04-07,LRCX.US,buy,27.5772,61.88,signal,0.0,0,0.0,0.0
2020-11-04,LRCX.US,sell,35.2104,61.88,target_rebalance,472.3405,211,104.17053393377152,27.68
2020-04-07,NVDA.US,buy,9.2984,211.88,signal,0.0,0,0.0,0.0
2020-11-04,NVDA.US,sell,13.3182,211.88,target_rebalance,851.7016,211,97.97662156222741,43.23
2020-04-07,AMAT.US,buy,50.5945,4.05,signal,0.0,0,0.0,0.0
2020-11-05,AMAT.US,sell,62.731,4.05,target_rebalance,49.1531,212,108.96456967010499,23.99
2020-04-07,ASML.US,buy,302.1982,11.86,signal,0.0,0,0.0,0.0
2020-11-05,ASML.US,sell,377.4897,11.86,target_rebalance,892.9572,212,106.68335289005891,24.91
2020-04-07,LRCX.US,buy,27.5772,22.25,signal,0.0,0,0.0,0.0
2020-11-05,LRCX.US,sell,36.7275,22.25,target_rebalance,203.5943,212,105.17053393377152,33.18
2020-04-07,NVDA.US,buy,9.2984,272.28,signal,0.0,0,0.0,0.0
2020-11-05,NVDA.US,sell,14.0873,272.28,target_rebalance,1303.9177,212,98.97662156222741,51.5
2020-04-07,AMAT.US,buy,50.5945,93.15,signal,0.0,0,0.0,0.0
2020-11-06,AMAT.US,sell,65.4874,93.15,target_rebalance,1387.2757,213,109.964569670105,29.44
2020-04-07,AVGO.US,buy,25.2083,20.23,signal,0.0,0,0.0,0.0
2020-11-06,AVGO.US,sell,33.7425,20.23,target_rebalance,172.6466,213,115.26513112839297,33.85
2020-04-07,LRCX.US,buy,27.5772,56.3,signal,0.0,0,0.0,0.0
2020-11-06,LRCX.US,sell,37.6579,56.3,target_rebalance,567.5451,213,106.17053393377152,36.55
2020-04-07,MU.US,buy,47.0287,49.99,signal,0.0,0,0.0,0.0
2020-11-06,MU.US,sell,53.0529,49.99,target_rebalance,301.146,213,91.29563722768333,12.81
2020-04-07,AMAT.US,buy,50.5945,82.91,signal,0.0,0,0.0,0.0
2020-11-09,AMAT.US,sell,69.5744,82.91,target_rebalance,1573.6273,216,110.964569670105,37.51
2020-04-07,LRCX.US,buy,27.5772,146.35,signal,0.0,0,0.0,0.0
2020-11-09,LRCX.US,sell,40.0236,146.35,target_rebalance,1821.5253,216,107.17053393377154,45.13
2020-04-07,MU.US,buy,47.0287,4.18,signal,0.0,0,0.0,0.0
2020-11-09,MU.US,sell,55.0109,4.18,target_rebalance,33.3656,216,92.29563722768334,16.97
2020-04-07,AMAT.US,buy,50.5945,18.34,signal,0.0,0,0.0,0.0
2020-11-10,AMAT.US,sell,67.4359,18.34,target_rebalance,308.8713,217,111.96456967010499,33.29
2020-04-07,AMD.US,buy,64.774,18.89,signal,0.0,0,0.0,0.0
2020-11-10,AMD.US,sell,81.8481,18.89,target_rebalance,322.5296,217,87.40795884379942,26.36
2020-04-07,ASML.US,buy,302.2822,9.56,signal,0.0,0,0.0,0.0
2020-11-10,ASML.US,sell,388.8182,9.56,target_rebalance,827.2842,217,109.57134488927416,28.63
2020-04-07,MU.US,buy,47.0287,52.39,signal,0.0,0,0.0,0.0
2020-11-10,MU.US,sell,53.7056,52.39,target_rebalance,349.7986,217,93.29563722768334,14.2
2020-04-07,ASML.US,buy,302.2822,1.13,signal,0.0,0,0.0,0.0
2020-11-11,ASML.US,sell,387.1836,1.13,target_rebalance,95.9386,218,110.57134488927416,28.09
2020-04-07,AVGO.US,buy,25.3945,37.41,signal,0.0,0,0.0,0.0
2020-11-11,AVGO.US,sell,32.9266,37.41,target_rebalance,281.7773,218,115.69455893728738,29.66
2020-04-07,LRCX.US,buy,27.5772,67.26,signal,0.0,0,0.0,0.0
2020-11-11,LRCX.US,sell,38.7974,67.26,target_rebalance,754.6731,218,109.17053393377154,40.69
2020-04-07,MU.US,buy,47.0287,85.34,signal,0.0,0,0.0,0.0
2020-11-11,MU.US,sell,54.5239,85.34,target_rebalance,639.6338,218,94.29563722768334,15.94
2020-04-07,TSM.US,buy,56.1743,44.31,signal,0.0,0,0.0,0.0
2020-11-11,TSM.US,sell,81.4517,44.31,target_rebalance,1120.0427,218,109.15950511988632,45.0
2020-04-07,AMD.US,buy,65.1117,3.33,signal,0.0,0,0.0,0.0
2020-11-12,AMD.US,sell,81.2387,3.33,target_rebalance,53.7029,219,87.37632278221004,24.77
2020-04-07,ASML.US,buy,302.2822,4.04,signal,0.0,0,0.0,0.0
2020-11-12,ASML.US,sell,398.2079,4.04,target_rebalance,387.54,219,111.57134488927413,31.73
2020-04-07,LRCX.US,buy,27.5772,55.1,signal,0.0,0,0.0,0.0
2020-11-12,LRCX.US,sell,40.0094,55.1,target_rebalance,685.0161,219,110.17053393377152,45.08
2020-04-07,NVDA.US,buy,9.6459,152.76,signal,0.0,0,0.0,0.0
2020-11-12,NVDA.US,sell,13.4074,152.76,target_rebalance,574.6184,219,95.49028512292202,39.0
2020-04-07,AMAT.US,buy,50.8247,35.34,signal,0.0,0,0.0,0.0
2020-11-13,AMAT.US,sell,68.6905,35.34,target_rebalance,631.3753,220,113.40325459783809,35.15
2020-04-07,AMD.US,buy,65.1117,27.98,signal,0.0,0,0.0,0.0
2020-11-13,AMD.US,sell,82.6473,27.98,target_rebalance,490.6458,220,88.37632278221004,26.93
2020-04-07,NVDA.US,buy,9.6459,67.73,signal,0.0,0,0.0,0.0
2020-11-13,NVDA.US,sell,13.5549,67.73,target_rebalance,264.7593,220,96.49028512292202,40.53
2020-04-07,AMAT.US,buy,50.8247,0.84,signal,0.0,0,0.0,0.0
2020-11-16,AMAT.US,sell,69.3558,0.84,target_rebalance,15.5661,223,114.40325459783807,36.46
2020-04-07,LRCX.US,buy,27.6262,9.01,signal,0.0,0,0.0,0.0
2020-11-16,LRCX.US,sell,40.5698,9.01,target_rebalance,116.6221,223,111.73695684901726,46.85
2020-04-07,MU.US,buy,47.1197,152.56,signal,0.0,0,0.0,0.0
2020-11-16,MU.US,sell,58.177,152.56,target_rebalance,1686.8958,223,96.24501260634112,23.47
2020-04-07,TSM.US,buy,56.2673,106.62,signal,0.0,0,0.0,0.0
2020-11-16,TSM.US,sell,87.7494,106.62,target_rebalance,3356.6208,223,111.77566975406282,55.95
2020-04-07,AMD.US,buy,65.5257,36.42,signal,0.0,0,0.0,0.0
2020-11-17,AMD.US,sell,83.8461,36.42,target_rebalance,667.2286,224,88.0893796849117,27.96
2020-04-07,MU.US,buy,47.1197,13.78,signal,0.0,0,0.0,0.0
2020-11-17,MU.US,sell,59.4239,13.78,target_rebalance,169.5519,224,97.24501260634113,26.11
2020-04-07,NVDA.US,buy,9.7868,149.64,signal,0.0,0,0.0,0.0
2020-11-17,NVDA.US,sell,13.4806,149.64,target_rebalance,552.7262,224,94.54403865354618,37.74
2020-04-07,AMAT.US,buy,50.9187,37.64,signal,0.0,0,0.0,0.0
2020-11-18,AMAT.US,sell,71.2012,37.64,target_rebalance,763.435,225,115.84503676458145,39.83
2020-04-07,MU.US,buy,47.1197,24.27,signal,0.0,0,0.0,0.0
2020-11-18,MU.US,sell,59.911,24.27,target_rebalance,310.444,225,98.24501260634113,27.15
2020-04-07,TSM.US,buy,56.2673,5.41,signal,0.0,0,0.0,0.0
2020-11-18,TSM.US,sell,89.6606,5.41,target_rebalance,180.6575,225,113.77566975406282,59.35
2020-04-07,AMAT.US,buy,50.9187,62.9,signal,0.0,0,0.0,0.0
2020-11-19,AMAT.US,sell,71.7446,62.9,target_rebalance,1309.9508,226,116.84503676458145,40.9
2020-04-07,AMD.US,buy,65.7149,7.5,signal,0.0,0,0.0,0.0
2020-11-19,AMD.US,sell,82.3076,7.5,target_rebalance,124.4454,226,89.12986167987862,25.25
2020-04-07,AVGO.US,buy,25.6462,40.04,signal,0.0,0,0.0,0.0
2020-11-19,AVGO.US,sell,33.5357,40.04,target_rebalance,315.8944,226,117.99082413054234,30.76
2020-04-07,AMAT.US,buy,50.9187,19.15,signal,0.0,0,0.0,0.0
2020-11-20,AMAT.US,sell,73.594,19.15,target_rebalance,434.2322,227,117.84503676458148,44.53
2020-04-07,AMD.US,buy,65.7149,41.13,signal,0.0,0,0.0,0.0
2020-11-20,AMD.US,sell,85.1947,41.13,target_rebalance,801.2055,227,90.12986167987862,29.64
2020-04-07,LRCX.US,buy,27.7504,3.71,signal,0.0,0,0.0,0.0
2020-11-20,LRCX.US,sell,41.2949,3.71,target_rebalance,50.25,227,114.66580881845067,48.81
2020-04-07,MU.US,buy,47.2316,9.1,signal,0.0,0,0.0,0.0
2020-11-20,MU.US,sell,59.8915,9.1,target_rebalance,115.2049,227,99.2780636917694,26.8
2020-04-07,AMD.US,buy,65.7149,4.23,signal,0.0,0,0.0,0.0
2020-11-23,AMD.US,sell,85.4345,4.23,target_rebalance,83.4139,230,91.12986167987863,30.01
2020-04-07,ASML.US,buy,305.0919,3.42,signal,0.0,0,0.0,0.0
2020-11-23,ASML.US,sell,406.7518,3.42,target_rebalance,347.677,230,115.3186991520842,33.32
2020-04-07,MU.US,buy,47.2316,64.52,signal,0.0,0,0.0,0.0
2020-11-23,MU.US,sell,60.9923,64.52,target_rebalance,887.8393,230,100.27806369176939,29.13
2020-04-07,TSM.US,buy,57.0284,4.99,signal,0.0,0,0.0,0.0
2020-11-23,TSM.US,sell,88.4229,4.99,target_rebalance,156.6586,230,114.01649911778338,55.05
2020-04-07,AMAT.US,buy,50.9689,103.16,signal,0.0,0,0.0,0.0
2020-11-24,AMAT.US,sell,77.2165,103.16,target_rebalance,2707.7005,231,119.58087755851972,51.5
2020-04-07,LRCX.US,buy,27.7991,70.92,signal,0.0,0,0.0,0.0
2020-11-24,LRCX.US,sell,42.3779,70.92,target_rebalance,1033.9272,231,116.24690328229902,52.44
2020-04-07,MU.US,buy,47.2316,41.21,signal,0.0,0,0.0,0.0
2020-11-24,MU.US,sell,62.6289,41.21,target_rebalance,634.5216,231,101.27806369176939,32.6
2020-04-07,AMAT.US,buy,50.9689,74.87,signal,0.0,0,0.0,0.0
2020-11-25,AMAT.US,sell,79.0277,74.87,target_rebalance,2100.7643,232,120.5808775585197,55.05
2020-04-07,AMD.US,buy,65.9377,0.96,signal,0.0,0,0.0,0.0
2020-11-25,AMD.US,sell,85.6742,0.96,target_rebalance,18.9471,232,92.10832967956921,29.93
2020-04-07,AVGO.US,buy,25.6961,71.8,signal,0.0,0,0.0,0.0
2020-11-25,AVGO.US,sell,34.8781,71.8,target_rebalance,659.2681,232,121.31437836865621,35.73
2020-04-07,AMD.US,buy,65.9377,41.05,signal,0.0,0,0.0,0.0
2020-11-27,AMD.US,sell,87.902,41.05,target_rebalance,901.6368,234,93.10832967956921,33.31
2020-04-07,ASML.US,buy,307.331,1.02,signal,0.0,0,0.0,0.0
2020-11-27,ASML.US,sell,408.0254,1.02,target_rebalance,102.7083,234,115.70408258401643,32.76
2020-04-07,NVDA.US,buy,9.985,240.14,signal,0.0,0,0.0,0.0
2020-11-27,NVDA.US,sell,13.304,240.14,target_rebalance,797.0123,234,95.72641975178335,33.24
2020-04-07,TSM.US,buy,57.6822,30.56,signal,0.0,0,0.0,0.0
2020-11-27,TSM.US,sell,89.6788,30.56,target_rebalance,977.8166,234,114.54544254579824,55.47
2020-04-07,ASML.US,buy,307.331,12.78,signal,0.0,0,0.0,0.0
2020-11-30,ASML.US,sell,418.679,12.78,target_rebalance,1423.0279,237,116.70408258401645,36.23
2020-04-07,LRCX.US,buy,27.8892,31.39,signal,0.0,0,0.0,0.0
2020-11-30,LRCX.US,sell,42.8676,31.39,target_rebalance,470.1716,237,118.52121482028697,53.71
2020-04-07,MU.US,buy,47.4366,22.54,signal,0.0,0,0.0,0.0
2020-11-30,MU.US,sell,62.8919,22.54,target_rebalance,348.3632,237,102.87287280686431,32.58
2020-04-07,AMD.US,buy,66.1284,88.93,signal,0.0,0,0.0,0.0
2020-12-01,AMD.US,sell,92.1577,88.93,target_rebalance,2314.7924,238,94.27272726136484,39.36
2020-04-07,AVGO.US,buy,25.778,15.64,signal,0.0,0,0.0,0.0
2020-12-01,AVGO.US,sell,35.821,15.64,target_rebalance,157.0723,238,123.2348253304622,38.96
2020-04-07,LRCX.US,buy,27.9934,1.39,signal,0.0,0,0.0,0.0
2020-12-02,LRCX.US,sell,43.9092,1.39,target_rebalance,22.1229,239,119.71912551045469,56.86
2020-04-07,MU.US,buy,47.5455,83.76,signal,0.0,0,0.0,0.0
2020-12-02,MU.US,sell,65.8631,83.76,target_rebalance,1534.2843,239,104.17697248116049,38.53
2020-04-07,TSM.US,buy,58.2858,52.62,signal,0.0,0,0.0,0.0
2020-12-02,TSM.US,sell,92.8277,52.62,target_rebalance,1817.5946,239,115.33795694631009,59.26
2020-04-07,AMAT.US,buy,51.8615,14.97,signal,0.0,0,0.0,0.0
2020-12-03,AMAT.US,sell,81.7351,14.97,target_rebalance,447.207,240,121.62630955518748,57.6
2020-04-07,ASML.US,buy,308.9278,1.43,signal,0.0,0,0.0,0.0
2020-12-03,ASML.US,sell,434.3318,1.43,target_rebalance,179.3277,240,118.106798201471,40.59
2020-04-07,LRCX.US,buy,27.9934,66.5,signal,0.0,0,0.0,0.0
2020-12-03,LRCX.US,sell,45.2163,66.5,target_rebalance,1145.3215,240,120.71912551045467,61.52
2020-04-07,MU.US,buy,47.5455,93.39,signal,0.0,0,0.0,0.0
2020-12-03,MU.US,sell,68.7466,93.39,target_rebalance,1979.9737,240,105.17697248116049,44.59
2020-04-07,AMAT.US,buy,51.8615,40.33,signal,0.0,0,0.0,0.0
2020-12-04,AMAT.US,sell,82.86,40.33,target_rebalance,1250.1665,241,122.62630955518749,59.77
2020-04-07,LRCX.US,buy,27.9934,75.04,signal,0.0,0,0.0,0.0
2020-12-04,LRCX.US,sell,45.8567,75.04,target_rebalance,1340.4591,241,121.71912551045467,63.81
2020-04-07,MU.US,buy,47.5455,26.38,signal,0.0,0,0.0,0.0
2020-12-04,MU.US,sell,69.2726,26.38,target_rebalance,573.1629,241,106.17697248116049,45.7
2020-04-07,TSM.US,buy,59.1066,5.81,signal,0.0,0,0.0,0.0
2020-12-04,TSM.US,sell,92.3817,5.81,target_rebalance,193.3283,241,114.5184031299345,56.3
2020-04-07,AVGO.US,buy,26.072,34.74,signal,0.0,0,0.0,0.0
2020-12-07,AVGO.US,sell,36.9707,34.74,target_rebalance,378.6213,244,123.61662471379121,41.8
2020-04-07,MU.US,buy,47.5455,10.73,signal,0.0,0,0.0,0.0
2020-12-07,MU.US,sell,71.3963,10.73,target_rebalance,255.9199,244,107.17697248116048,50.16
2020-04-07,TSM.US,buy,59.1066,43.33,signal,0.0,0,0.0,0.0
2020-12-07,TSM.US,sell,96.4862,43.33,target_rebalance,1619.6541,244,115.5184031299345,63.24
2020-04-07,AVGO.US,buy,26.072,36.46,signal,0.0,0,0.0,0.0
2020-12-08,AVGO.US,sell,37.2255,36.46,target_rebalance,406.6576,245,124.61662471379118,42.78
2020-04-07,LRCX.US,buy,27.9934,61.53,signal,0.0,0,0.0,0.0
2020-12-08,LRCX.US,sell,47.7378,61.53,target_rebalance,1214.8739,245,123.71912551045467,70.53
2020-04-07,TSM.US,buy,59.1066,39.05,signal,0.0,0,0.0,0.0
2020-12-08,TSM.US,sell,98.0879,39.05,target_rebalance,1522.2174,245,116.51840312993448,65.95
2020-04-07,AMAT.US,buy,51.8792,16.0,signal,0.0,0,0.0,0.0
2020-12-09,AMAT.US,sell,85.3862,16.0,target_rebalance,536.1125,246,125.56053160957202,64.59
2020-04-07,AVGO.US,buy,26.072,27.43,signal,0.0,0,0.0,0.0
2020-12-09,AVGO.US,sell,37.2424,27.43,target_rebalance,306.4035,246,125.6166247137912,42.84
2020-04-07,LRCX.US,buy,27.9934,54.76,signal,0.0,0,0.0,0.0
2020-12-09,LRCX.US,sell,48.0607,54.76,target_rebalance,1098.8859,246,124.71912551045466,71.69
2020-04-07,MU.US,buy,47.9359,62.63,signal,0.0,0,0.0,0.0
2020-12-09,MU.US,sell,71.2599,62.63,target_rebalance,1460.7873,246,107.3194094749944,48.66
2020-04-07,AMAT.US,buy,51.8792,6.63,signal,0.0,0,0.0,0.0
2020-12-10,AMAT.US,sell,82.9362,6.63,target_rebalance,205.9085,247,126.56053160957202,59.86
2020-04-07,ASML.US,buy,310.0866,1.17,signal,0.0,0,0.0,0.0
2020-12-10,ASML.US,sell,428.753,1.17,target_rebalance,138.8398,247,122.02497755611255,38.27
2020-04-07,AVGO.US,buy,26.072,81.5,signal,0.0,0,0.0,0.0
2020-12-10,AVGO.US,sell,36.5295,81.5,target_rebalance,852.2823,247,126.6166247137912,40.11
2020-04-07,TSM.US,buy,59.5177,1.41,signal,0.0,0,0.0,0.0
2020-12-10,TSM.US,sell,93.7377,1.41,target_rebalance,48.2502,247,117.232398376274,57.5
2020-04-07,AMD.US,buy,67.4473,44.9,signal,0.0,0,0.0,0.0
2020-12-11,AMD.US,sell,91.4485,44.9,target_rebalance,1077.6504,248,97.4441047028571,35.58
2020-04-07,ASML.US,buy,310.0866,1.37,signal,0.0,0,0.0,0.0
2020-12-11,ASML.US,sell,431.2905,1.37,target_rebalance,166.0494,248,123.02497755611255,39.09
2020-04-07,NVDA.US,buy,10.2487,40.22,signal,0.0,0,0.0,0.0
2020-12-11,NVDA.US,sell,12.9022,40.22,target_rebalance,106.7255,248,97.84053571657792,25.89
2020-04-07,TSM.US,buy,59.5177,16.37,signal,0.0,0,0.0,0.0
2020-12-11,TSM.US,sell,94.6569,16.37,target_rebalance,575.2289,248,118.232398376274,59.04
2020-04-07,AMAT.US,buy,51.9084,19.95,signal,0.0,0,0.0,0.0
2020-12-14,AMAT.US,sell,84.3662,19.95,target_rebalance,647.5323,251,128.44128007852495,62.53
2020-04-07,LRCX.US,buy,28.2009,26.08,signal,0.0,0,0.0,0.0
2020-12-14,LRCX.US,sell,46.8003,26.08,target_rebalance,485.0706,251,126.28502193152099,65.95
2020-04-07,MU.US,buy,48.1152,16.52,signal,0.0,0,0.0,0.0
2020-12-14,MU.US,sell,69.5552,16.52,target_rebalance,354.1883,251,109.37312575012643,44.56
2020-04-07,NVDA.US,buy,10.2487,28.35,signal,0.0,0,0.0,0.0
2020-12-14,NVDA.US,sell,13.0224,28.35,target_rebalance,78.6341,251,98.8405357165779,27.06
2020-04-07,AMD.US,buy,67.4473,46.19,signal,0.0,0,0.0,0.0
2020-12-15,AMD.US,sell,95.8341,46.19,target_rebalance,1311.1832,252,99.44410470285712,42.09
2020-04-07,ASML.US,buy,311.1712,1.57,signal,0.0,0,0.0,0.0
2020-12-15,ASML.US,sell,441.4596,1.57,target_rebalance,204.5528,252,123.91016556791564,41.87
2020-04-07,NVDA.US,buy,10.2487,89.65,signal,0.0,0,0.0,0.0
2020-12-15,NVDA.US,sell,13.3723,89.65,target_rebalance,280.0374,252,99.8405357165779,30.48
2020-04-07,AMD.US,buy,67.4473,24.77,signal,0.0,0,0.0,0.0
2020-12-16,AMD.US,sell,96.943,24.77,target_rebalance,730.6066,253,100.44410470285713,43.73
2020-04-07,ASML.US,buy,311.1712,3.06,signal,0.0,0,0.0,0.0
2020-12-16,ASML.US,sell,444.7669,3.06,target_rebalance,408.8029,253,124.91016556791564,42.93
2020-04-07,AVGO.US,buy,26.286,16.45,signal,0.0,0,0.0,0.0
2020-12-16,AVGO.US,sell,37.1119,16.45,target_rebalance,178.0853,253,127.85790099498492,41.18
2020-04-07,MU.US,buy,48.1214,52.08,signal,0.0,0,0.0,0.0
2020-12-16,MU.US,sell,72.2731,52.08,target_rebalance,1257.8194,253,111.34325097524979,50.19
2020-04-07,AMAT.US,buy,52.6875,10.75,signal,0.0,0,0.0,0.0
2020-12-17,AMAT.US,sell,84.9667,10.75,target_rebalance,347.0016,254,128.337582632242,61.27
2020-04-07,AMD.US,buy,67.4473,4.1,signal,0.0,0,0.0,0.0
2020-12-17,AMD.US,sell,97.4525,4.1,target_rebalance,123.021,254,101.44410470285713,44.49
2020-04-07,ASML.US,buy,311.1712,10.81,signal,0.0,0,0.0,0.0
2020-12-17,ASML.US,sell,454.9739,10.81,target_rebalance,1554.5071,254,125.91016556791561,46.21
2020-04-07,AVGO.US,buy,26.286,112.2,signal,0.0,0,0.0,0.0
2020-12-17,AVGO.US,sell,37.8666,112.2,target_rebalance,1299.3362,254,128.85790099498493,44.06
2020-04-07,AMD.US,buy,67.4473,7.52,signal,0.0,0,0.0,0.0
2020-12-18,AMD.US,sell,97.1727,7.52,target_rebalance,223.5349,255,102.44410470285712,44.07
2020-04-07,ASML.US,buy,311.1712,2.94,signal,0.0,0,0.0,0.0
2020-12-18,ASML.US,sell,454.7459,2.94,target_rebalance,422.1096,255,126.91016556791563,46.14
2020-04-07,AVGO.US,buy,26.286,68.83,signal,0.0,0,0.0,0.0
2020-12-18,AVGO.US,sell,38.037,68.83,target_rebalance,808.8186,255,129.85790099498493,44.7
2020-04-07,NVDA.US,buy,10.2771,89.21,signal,0.0,0,0.0,0.0
2020-12-18,NVDA.US,sell,13.3119,89.21,target_rebalance,270.7304,255,101.9023587921405,29.53
2020-04-07,AVGO.US,buy,26.286,211.84,signal,0.0,0,0.0,0.0
2020-12-21,AVGO.US,sell,38.337,211.84,target_rebalance,2552.8681,258,130.85790099498493,45.85
2020-04-07,NVDA.US,buy,10.2771,24.61,signal,0.0,0,0.0,0.0
2020-12-21,NVDA.US,sell,13.0092,24.61,target_rebalance,67.2353,258,102.90235879214049,26.58
2020-04-07,TSM.US,buy,60.3575,47.84,signal,0.0,0,0.0,0.0
2020-12-21,TSM.US,sell,94.645,47.84,target_rebalance,1640.3158,258,121.41375310332083,56.81
2020-04-07,AMAT.US,buy,53.3393,24.99,signal,0.0,0,0.0,0.0
2020-12-22,AMAT.US,sell,82.5073,24.99,target_rebalance,728.9066,259,128.43111603129842,54.68
2020-04-07,ASML.US,buy,312.758,6.31,signal,0.0,0,0.0,0.0
2020-12-22,ASML.US,sell,449.9845,6.31,target_rebalance,865.8995,259,127.31357176276262,43.88
2020-04-07,LRCX.US,buy,29.0963,25.71,signal,0.0,0,0.0,0.0
2020-12-22,LRCX.US,sell,45.2651,25.71,target_rebalance,415.7001,259,125.90300063165535,55.57
2020-04-07,MU.US,buy,48.7647,15.27,signal,0.0,0,0.0,0.0
2020-12-22,MU.US,sell,69.6623,15.27,target_rebalance,319.1065,259,112.01233191880573,42.85
2020-04-07,NVDA.US,buy,10.2771,64.67,signal,0.0,0,0.0,0.0
2020-12-22,NVDA.US,sell,13.2525,64.67,target_rebalance,192.4129,259,103.90235879214049,28.95
2020-04-07,ASML.US,buy,312.758,6.59,signal,0.0,0,0.0,0.0
2020-12-23,ASML.US,sell,455.1735,6.59,target_rebalance,938.5181,260,128.31357176276262,45.54
2020-04-07,AVGO.US,buy,26.4246,81.64,signal,0.0,0,0.0,0.0
2020-12-23,AVGO.US,sell,38.9503,81.64,target_rebalance,1022.595,260,131.3588624272725,47.4
2020-04-07,LRCX.US,buy,29.0963,4.2,signal,0.0,0,0.0,0.0
2020-12-23,LRCX.US,sell,45.283,4.2,target_rebalance,67.9843,260,126.90300063165535,55.63
2020-04-07,ASML.US,buy,312.758,5.3,signal,0.0,0,0.0,0.0
2020-12-24,ASML.US,sell,455.1831,5.3,target_rebalance,754.853,261,129.31357176276262,45.54
2020-04-07,MU.US,buy,49.0094,19.43,signal,0.0,0,0.0,0.0
2020-12-24,MU.US,sell,68.4933,19.43,target_rebalance,378.5732,261,112.63139736210367,39.76
2020-04-07,TSM.US,buy,60.4326,22.14,signal,0.0,0,0.0,0.0
2020-12-24,TSM.US,sell,95.7417,22.14,target_rebalance,781.7443,261,124.15260512332421,58.43
2020-04-07,AMAT.US,buy,53.5927,0.57,signal,0.0,0,0.0,0.0
2020-12-28,AMAT.US,sell,82.3357,0.57,target_rebalance,16.3835,265,130.2381664509542,53.63
2020-04-07,ASML.US,buy,312.758,0.05,signal,0.0,0,0.0,0.0
2020-12-28,ASML.US,sell,462.9667,0.05,target_rebalance,7.5104,265,130.31357176276262,48.03
2020-04-07,LRCX.US,buy,29.11,33.05,signal,0.0,0,0.0,0.0
2020-12-28,LRCX.US,sell,45.8457,33.05,target_rebalance,553.1145,265,128.79107561518805,57.49
2020-04-07,MU.US,buy,49.0094,14.44,signal,0.0,0,0.0,0.0
2020-12-28,MU.US,sell,69.9351,14.44,target_rebalance,302.1673,265,113.63139736210367,42.7
2020-04-07,TSM.US,buy,60.4326,25.66,signal,0.0,0,0.0,0.0
2020-12-28,TSM.US,sell,98.3373,25.66,target_rebalance,972.6337,265,125.15260512332422,62.72
2020-04-07,ASML.US,buy,312.758,7.24,signal,0.0,0,0.0,0.0
2020-12-29,ASML.US,sell,465.162,7.24,target_rebalance,1103.4051,266,131.31357176276262,48.73
2020-04-07,AVGO.US,buy,26.5078,64.68,signal,0.0,0,0.0,0.0
2020-12-29,AVGO.US,sell,39.0246,64.68,target_rebalance,809.5857,266,133.45853618302846,47.22
2020-04-07,TSM.US,buy,60.4326,7.61,signal,0.0,0,0.0,0.0
2020-12-29,TSM.US,sell,97.7889,7.61,target_rebalance,284.2814,266,126.15260512332422,61.81
2020-04-07,AMAT.US,buy,53.7363,10.17,signal,0.0,0,0.0,0.0
2020-12-30,AMAT.US,sell,81.3919,10.17,target_rebalance,281.2576,267,131.55594064699275,51.47
2020-04-07,LRCX.US,buy,29.2697,26.47,signal,0.0,0,0.0,0.0
2020-12-30,LRCX.US,sell,45.165,26.47,target_rebalance,420.7491,267,129.48687679898936,54.31
2020-04-07,NVDA.US,buy,10.3488,79.89,signal,0.0,0,0.0,0.0
2020-12-30,NVDA.US,sell,12.9251,79.89,target_rebalance,205.8233,267,106.12343442526414,24.9
2020-04-07,TSM.US,buy,60.4326,19.46,signal,0.0,0,0.0,0.0
2020-12-30,TSM.US,sell,98.4287,19.46,target_rebalance,739.4032,267,127.15260512332421,62.87
2020-04-07,AMAT.US,buy,53.7363,14.57,signal,0.0,0,0.0,0.0
2020-12-31,AMAT.US,sell,82.9267,14.57,target_rebalance,425.3045,268,132.55594064699275,54.32
2020-04-07,MU.US,buy,49.1604,42.36,signal,0.0,0,0.0,0.0
2020-12-31,MU.US,sell,70.5196,42.36,target_rebalance,904.775,268,115.74843868075904,43.45
2020-04-07,TSM.US,buy,60.4326,10.4,signal,0.0,0,0.0,0.0
2020-12-31,TSM.US,sell,100.2199,10.4,target_rebalance,413.788,268,128.1526051233242,65.84
2020-04-07,ASML.US,buy,314.2571,3.73,signal,0.0,0,0.0,0.0
2021-01-04,ASML.US,sell,475.179,3.73,target_rebalance,600.2388,272,133.014675249655,51.21
2020-04-07,MU.US,buy,49.1604,154.45,signal,0.0,0,0.0,0.0
2021-01-04,MU.US,sell,74.5039,154.45,target_rebalance,3914.3034,272,116.74843868075907,51.55
2020-04-07,TSM.US,buy,60.4326,12.75,signal,0.0,0,0.0,0.0
2021-01-04,TSM.US,sell,101.8741,12.75,target_rebalance,528.3789,272,129.15260512332424,68.57
2020-04-07,AMD.US,buy,69.0595,9.26,signal,0.0,0,0.0,0.0
2021-01-05,AMD.US,sell,92.0079,9.26,target_rebalance,212.5024,273,105.6169968127943,33.23
2020-04-07,LRCX.US,buy,29.6462,34.92,signal,0.0,0,0.0,0.0
2021-01-05,LRCX.US,sell,45.267,34.92,target_rebalance,545.4787,273,129.40190822754866,52.69
2020-04-07,MU.US,buy,49.1604,16.94,signal,0.0,0,0.0,0.0
2021-01-05,MU.US,sell,74.465,16.94,target_rebalance,428.6589,273,117.74843868075905,51.47
2020-04-07,NVDA.US,buy,10.3881,60.74,signal,0.0,0,0.0,0.0
2021-01-05,NVDA.US,sell,13.0341,60.74,target_rebalance,160.7161,273,107.55989838161824,25.47
2020-04-07,TSM.US,buy,60.4326,34.78,signal,0.0,0,0.0,0.0
2021-01-05,TSM.US,sell,102.7332,34.78,target_rebalance,1471.2142,273,130.1526051233242,70.0
2020-04-07,AMAT.US,buy,54.049,40.85,signal,0.0,0,0.0,0.0
2021-01-06,AMAT.US,sell,84.166,40.85,target_rebalance,1230.2805,274,134.12529768223126,55.72
2020-04-07,LRCX.US,buy,29.6462,92.4,signal,0.0,0,0.0,0.0
2021-01-06,LRCX.US,sell,46.3131,92.4,target_rebalance,1540.0243,274,130.40190822754866,56.22
2020-04-07,NVDA.US,buy,10.3881,57.11,signal,0.0,0,0.0,0.0
2021-01-06,NVDA.US,sell,13.1562,57.11,target_rebalance,158.0863,274,108.55989838161823,26.65
2020-04-07,TSM.US,buy,60.4326,15.71,signal,0.0,0,0.0,0.0
2021-01-06,TSM.US,sell,104.0492,15.71,target_rebalance,685.217,274,131.1526051233242,72.17
2020-04-07,AMAT.US,buy,54.049,71.6,signal,0.0,0,0.0,0.0
2021-01-07,AMAT.US,sell,87.8266,71.6,target_rebalance,2418.4802,275,135.1252976822313,62.49
2020-04-07,LRCX.US,buy,29.6462,81.41,signal,0.0,0,0.0,0.0
2021-01-07,LRCX.US,sell,47.8993,81.41,target_rebalance,1485.9836,275,131.40190822754866,61.57
2020-04-07,MU.US,buy,49.2989,3.6,signal,0.0,0,0.0,0.0
2021-01-07,MU.US,sell,76.0431,3.6,target_rebalance,96.2792,275,119.10045340721587,54.25
2020-04-07,TSM.US,buy,60.4326,68.86,signal,0.0,0,0.0,0.0
2021-01-07,TSM.US,sell,109.0666,68.86,target_rebalance,3348.9368,275,132.1526051233242,80.48
2020-04-07,AMAT.US,buy,54.049,15.89,signal,0.0,0,0.0,0.0
2021-01-08,AMAT.US,sell,91.7923,15.89,target_rebalance,599.7418,276,136.12529768223126,69.83
2020-04-07,AMD.US,buy,69.7621,25.26,signal,0.0,0,0.0,0.0
2021-01-08,AMD.US,sell,95.884,25.26,target_rebalance,659.8401,276,105.2581870194893,37.44
2020-04-07,MU.US,buy,49.2989,58.22,signal,0.0,0,0.0,0.0
2021-01-08,MU.US,sell,80.4073,58.22,target_rebalance,1811.1336,276,120.10045340721587,63.1
2020-04-07,TSM.US,buy,60.4326,35.33,signal,0.0,0,0.0,0.0
2021-01-08,TSM.US,sell,115.071,35.33,target_rebalance,1930.3757,276,133.15260512332424,90.41
2020-04-07,AMAT.US,buy,54.049,33.21,signal,0.0,0,0.0,0.0
2021-01-11,AMAT.US,sell,90.2003,33.21,target_rebalance,1200.5859,279,137.1252976822313,66.89
2020-04-07,AMD.US,buy,69.7621,23.23,signal,0.0,0,0.0,0.0
2021-01-11,AMD.US,sell,93.936,23.23,target_rebalance,561.5592,279,106.2581870194893,34.65
2020-04-07,ASML.US,buy,319.2703,1.58,signal,0.0,0,0.0,0.0
2021-01-11,ASML.US,sell,475.6637,1.58,target_rebalance,247.1016,279,133.75089731289674,48.98
2020-04-07,AVGO.US,buy,27.1559,83.41,signal,0.0,0,0.0,0.0
2021-01-11,AVGO.US,sell,39.4526,83.41,target_rebalance,1025.6682,279,134.0095363920452,45.28
2020-04-07,NVDA.US,buy,10.5041,625.24,signal,0.0,0,0.0,0.0
2021-01-11,NVDA.US,sell,13.3515,625.24,target_rebalance,1780.3044,279,106.69873530536952,27.11
2020-04-07,AMAT.US,buy,54.049,24.05,signal,0.0,0,0.0,0.0
2021-01-12,AMAT.US,sell,93.9277,24.05,target_rebalance,959.0831,280,138.1252976822313,73.78
2020-04-07,AMD.US,buy,69.7621,21.49,signal,0.0,0,0.0,0.0
2021-01-12,AMD.US,sell,97.7621,21.49,target_rebalance,601.7211,280,107.25818701948931,40.14
2020-04-07,LRCX.US,buy,30.2249,80.92,signal,0.0,0,0.0,0.0
2021-01-12,LRCX.US,sell,49.1172,80.92,target_rebalance,1528.7637,280,130.2604923320456,62.51
2020-04-07,TSM.US,buy,61.3855,24.06,signal,0.0,0,0.0,0.0
2021-01-12,TSM.US,sell,114.3856,24.06,target_rebalance,1275.1819,280,132.5553112634181,86.34
2020-04-07,AMAT.US,buy,54.049,63.19,signal,0.0,0,0.0,0.0
2021-01-13,AMAT.US,sell,95.7961,63.19,target_rebalance,2638.0029,281,139.12529768223126,77.24
2020-04-07,ASML.US,buy,322.0622,4.66,signal,0.0,0,0.0,0.0
2021-01-13,ASML.US,sell,485.8423,4.66,target_rebalance,763.2153,281,133.45173336183763,50.85
2020-04-07,AVGO.US,buy,27.3393,39.37,signal,0.0,0,0.0,0.0
2021-01-13,AVGO.US,sell,40.3203,39.37,target_rebalance,511.0617,281,134.10790745173148,47.48
2020-04-07,LRCX.US,buy,30.2249,158.36,signal,0.0,0,0.0,0.0
2021-01-13,LRCX.US,sell,50.44,158.36,target_rebalance,3201.2541,281,131.2604923320456,66.88
2020-04-07,AMAT.US,buy,54.049,36.94,signal,0.0,0,0.0,0.0
2021-01-14,AMAT.US,sell,98.0268,36.94,target_rebalance,1624.5425,282,140.1252976822313,81.37
2020-04-07,ASML.US,buy,322.0622,14.69,signal,0.0,0,0.0,0.0
2021-01-14,ASML.US,sell,503.8518,14.69,target_rebalance,2670.4892,282,134.45173336183763,56.45
2020-04-07,LRCX.US,buy,30.2249,27.8,signal,0.0,0,0.0,0.0
2021-01-14,LRCX.US,sell,51.2104,27.8,target_rebalance,583.3957,282,132.2604923320456,69.43
2020-04-07,MU.US,buy,50.398,5.29,signal,0.0,0,0.0,0.0
2021-01-14,MU.US,sell,77.9427,5.29,target_rebalance,145.7118,282,118.87302961239686,54.65
2020-04-07,AMAT.US,buy,54.049,45.57,signal,0.0,0,0.0,0.0
2021-01-15,AMAT.US,sell,100.248,45.57,target_rebalance,2105.2898,283,141.1252976822313,85.48
2020-04-07,LRCX.US,buy,30.2249,70.79,signal,0.0,0,0.0,0.0
2021-01-15,LRCX.US,sell,52.2093,70.79,target_rebalance,1556.2731,283,133.2604923320456,72.74
2020-04-07,MU.US,buy,50.398,18.31,signal,0.0,0,0.0,0.0
2021-01-15,MU.US,sell,78.8292,18.31,target_rebalance,520.5757,283,119.87302961239685,56.41
2020-04-07,TSM.US,buy,62.3925,76.49,signal,0.0,0,0.0,0.0
2021-01-15,TSM.US,sell,117.4107,76.49,target_rebalance,4208.3363,283,132.93881074466447,88.18
2020-04-07,LRCX.US,buy,30.2249,61.99,signal,0.0,0,0.0,0.0
2021-01-19,LRCX.US,sell,52.856,61.99,target_rebalance,1402.9016,287,134.2604923320456,74.88
2020-04-07,MU.US,buy,50.398,13.44,signal,0.0,0,0.0,0.0
2021-01-19,MU.US,sell,79.1799,13.44,target_rebalance,386.8291,287,120.87302961239685,57.11
2020-04-07,TSM.US,buy,62.3925,37.06,signal,0.0,0,0.0,0.0
2021-01-19,TSM.US,sell,119.3481,37.06,target_rebalance,2110.7744,287,133.93881074466447,91.29
2020-04-07,AMAT.US,buy,54.049,35.05,signal,0.0,0,0.0,0.0
2021-01-20,AMAT.US,sell,104.9668,35.05,target_rebalance,1784.6691,288,143.12529768223126,94.21
2020-04-07,ASML.US,buy,322.0824,4.09,signal,0.0,0,0.0,0.0
2021-01-20,ASML.US,sell,528.0009,4.09,target_rebalance,842.2068,288,137.4369514338607,63.93
2020-04-07,LRCX.US,buy,30.2249,47.12,signal,0.0,0,0.0,0.0
2021-01-20,LRCX.US,sell,55.104,47.12,target_rebalance,1172.3031,288,135.26049233204563,82.31
2020-04-07,MU.US,buy,50.398,79.91,signal,0.0,0,0.0,0.0
2021-01-20,MU.US,sell,83.7098,79.91,target_rebalance,2661.9458,288,121.87302961239685,66.1
2020-04-07,TSM.US,buy,62.3925,4.52,signal,0.0,0,0.0,0.0
2021-01-20,TSM.US,sell,123.5521,4.52,target_rebalance,276.4414,288,134.93881074466447,98.02
2020-04-07,ASML.US,buy,322.0824,14.08,signal,0.0,0,0.0,0.0
2021-01-21,ASML.US,sell,539.8141,14.08,target_rebalance,3065.6635,289,138.4369514338607,67.6
2020-04-07,AVGO.US,buy,27.6934,53.2,signal,0.0,0,0.0,0.0
2021-01-21,AVGO.US,sell,41.3778,53.2,target_rebalance,728.0098,289,135.43794697016418,49.41
2020-04-07,NVDA.US,buy,10.7631,547.36,signal,0.0,0,0.0,0.0
2021-01-21,NVDA.US,sell,13.3512,547.36,target_rebalance,1416.6202,289,103.06862425575137,24.05
2020-04-07,AMD.US,buy,72.4599,154.61,signal,0.0,0,0.0,0.0
2021-01-22,AMD.US,sell,94.3256,154.61,target_rebalance,3380.6512,290,100.60525688758408,30.18
2020-04-07,NVDA.US,buy,10.7631,420.44,signal,0.0,0,0.0,0.0
2021-01-22,NVDA.US,sell,13.6711,420.44,target_rebalance,1222.6321,290,104.06862425575137,27.02
2020-04-07,AVGO.US,buy,27.6934,63.22,signal,0.0,0,0.0,0.0
2021-01-25,AVGO.US,sell,42.0449,63.22,target_rebalance,907.3009,293,137.43794697016418,51.82
2020-04-07,LRCX.US,buy,31.0127,55.01,signal,0.0,0,0.0,0.0
2021-01-25,LRCX.US,sell,53.9437,55.01,target_rebalance,1261.4313,293,133.64841494972256,73.94
2020-04-07,NVDA.US,buy,10.7631,2.55,signal,0.0,0,0.0,0.0
2021-01-25,NVDA.US,sell,13.7126,2.55,target_rebalance,7.5213,293,105.06862425575137,27.4
2020-04-07,TSM.US,buy,64.4617,21.1,signal,0.0,0,0.0,0.0
2021-01-25,TSM.US,sell,120.4814,21.1,target_rebalance,1182.0169,293,133.0068777360159,86.9
2020-04-07,AMAT.US,buy,55.2479,45.19,signal,0.0,0,0.0,0.0
2021-01-26,AMAT.US,sell,103.7656,45.19,target_rebalance,2192.5159,294,143.57806451150097,87.82
2020-04-07,AMD.US,buy,72.5443,36.42,signal,0.0,0,0.0,0.0
2021-01-26,AMD.US,sell,94.8151,36.42,target_rebalance,811.1034,294,102.21159860613498,30.7
2020-04-07,ASML.US,buy,325.3107,3.04,signal,0.0,0,0.0,0.0
2021-01-26,ASML.US,sell,535.2333,3.04,target_rebalance,638.1648,294,139.32889284469937,64.53
2020-04-07,LRCX.US,buy,31.0127,20.92,signal,0.0,0,0.0,0.0
2021-01-26,LRCX.US,sell,53.8417,20.92,target_rebalance,477.5823,294,134.64841494972256,73.61
2020-04-07,AMD.US,buy,72.5443,4.31,signal,0.0,0,0.0,0.0
2021-01-27,AMD.US,sell,91.0089,4.31,target_rebalance,79.5825,295,103.21159860613498,25.45
2020-04-07,AVGO.US,buy,27.79,170.25,signal,0.0,0,0.0,0.0
2021-01-27,AVGO.US,sell,40.7895,170.25,target_rebalance,2213.1576,295,138.46939762098273,46.78
2020-04-07,NVDA.US,buy,10.7822,300.11,signal,0.0,0,0.0,0.0
2021-01-27,NVDA.US,sell,13.1636,300.11,target_rebalance,714.6915,295,106.33866379269516,22.09
2020-04-07,TSM.US,buy,65.1825,19.63,signal,0.0,0,0.0,0.0
2021-01-27,TSM.US,sell,114.1937,19.63,target_rebalance,962.09,295,133.20866046275245,75.19
2020-04-07,ASML.US,buy,326.595,9.71,signal,0.0,0,0.0,0.0
2021-01-28,ASML.US,sell,515.2089,9.71,target_rebalance,1831.4411,296,140.35009557175854,57.75
2020-04-07,AVGO.US,buy,27.79,46.05,signal,0.0,0,0.0,0.0
2021-01-28,AVGO.US,sell,40.7886,46.05,target_rebalance,598.5841,296,139.46939762098276,46.77
2020-04-07,MU.US,buy,52.0581,11.6,signal,0.0,0,0.0,0.0
2021-01-28,MU.US,sell,75.2053,11.6,target_rebalance,268.5074,296,120.82501260422633,44.46
2020-04-07,TSM.US,buy,65.1825,7.85,signal,0.0,0,0.0,0.0
2021-01-28,TSM.US,sell,113.7824,7.85,target_rebalance,381.5097,296,134.20866046275245,74.56
2020-04-07,ASML.US,buy,326.595,3.66,signal,0.0,0,0.0,0.0
2021-01-29,ASML.US,sell,514.1159,3.66,target_rebalance,686.3266,297,141.35009557175854,57.42
2020-04-07,MU.US,buy,52.0581,86.08,signal,0.0,0,0.0,0.0
2021-01-29,MU.US,sell,76.3353,86.08,target_rebalance,2089.7834,297,121.82501260422634,46.63
2020-04-07,NVDA.US,buy,10.8016,274.36,signal,0.0,0,0.0,0.0
2021-01-29,NVDA.US,sell,13.0094,274.36,target_rebalance,605.7366,297,107.38137901992074,20.44
2020-04-07,TSM.US,buy,65.1825,12.03,signal,0.0,0,0.0,0.0
2021-01-29,TSM.US,sell,113.3255,12.03,target_rebalance,579.1603,297,135.20866046275248,73.86
2020-04-07,ASML.US,buy,326.595,6.35,signal,0.0,0,0.0,0.0
2021-02-01,ASML.US,sell,520.2363,6.35,target_rebalance,1229.6227,300,142.35009557175854,59.29
2020-04-07,AVGO.US,buy,27.8075,76.24,signal,0.0,0,0.0,0.0
2021-02-01,AVGO.US,sell,40.8172,76.24,target_rebalance,991.8587,300,141.2737746923995,46.78
2020-04-07,MU.US,buy,52.0581,55.85,signal,0.0,0,0.0,0.0
2021-02-01,MU.US,sell,77.5336,55.85,target_rebalance,1422.8028,300,122.82501260422633,48.94
2020-04-07,TSM.US,buy,65.1825,11.04,signal,0.0,0,0.0,0.0
2021-02-01,TSM.US,sell,113.819,11.04,target_rebalance,536.9469,300,136.20866046275245,74.62
2020-04-07,AMAT.US,buy,56.5403,19.86,signal,0.0,0,0.0,0.0
2021-02-02,AMAT.US,sell,98.1793,19.86,target_rebalance,826.9507,301,144.0293102625369,73.64
2020-04-07,AVGO.US,buy,27.8075,13.54,signal,0.0,0,0.0,0.0
2021-02-02,AVGO.US,sell,42.0627,13.54,target_rebalance,193.0155,301,142.2737746923995,51.26
2020-04-07,LRCX.US,buy,32.4714,73.83,signal,0.0,0,0.0,0.0
2021-02-02,LRCX.US,sell,48.3874,73.83,target_rebalance,1175.0773,301,127.94075716078953,49.02
2020-04-07,TSM.US,buy,65.1825,25.58,signal,0.0,0,0.0,0.0
2021-02-02,TSM.US,sell,118.3245,25.58,target_rebalance,1359.3745,301,137.20866046275245,81.53
2020-04-07,AMAT.US,buy,56.5403,15.02,signal,0.0,0,0.0,0.0
2021-02-03,AMAT.US,sell,99.4472,15.02,target_rebalance,644.4616,302,145.0293102625369,75.89
2020-04-07,AVGO.US,buy,27.8075,50.3,signal,0.0,0,0.0,0.0
2021-02-03,AVGO.US,sell,42.7048,50.3,target_rebalance,749.3302,302,143.27377469239954,53.57
2020-04-07,LRCX.US,buy,32.4714,41.27,signal,0.0,0,0.0,0.0
2021-02-03,LRCX.US,sell,49.1049,41.27,target_rebalance,686.4661,302,128.94075716078953,51.23
2020-04-07,NVDA.US,buy,10.8049,166.73,signal,0.0,0,0.0,0.0
2021-02-03,NVDA.US,sell,13.5676,166.73,target_rebalance,460.6322,302,110.24204409261627,25.57
2020-04-07,AMD.US,buy,73.2317,46.8,signal,0.0,0,0.0,0.0
2021-02-04,AMD.US,sell,88.1318,46.8,target_rebalance,697.3235,303,104.52482151495016,20.35
2020-04-07,ASML.US,buy,331.8113,6.02,signal,0.0,0,0.0,0.0
2021-02-04,ASML.US,sell,519.8182,6.02,target_rebalance,1131.8016,303,141.59319826434862,56.66
2020-04-07,NVDA.US,buy,10.8049,276.72,signal,0.0,0,0.0,0.0
2021-02-04,NVDA.US,sell,13.4631,276.72,target_rebalance,735.5973,303,111.24204409261624,24.6
2020-04-07,TSM.US,buy,65.6653,17.75,signal,0.0,0,0.0,0.0
2021-02-04,TSM.US,sell,116.5242,17.75,target_rebalance,902.745,303,137.94838497947794,77.45
2020-04-07,AMAT.US,buy,57.2009,57.73,signal,0.0,0,0.0,0.0
2021-02-05,AMAT.US,sell,99.962,57.73,target_rebalance,2468.5994,304,144.56729639103108,74.76
2020-04-07,AVGO.US,buy,27.9808,37.37,signal,0.0,0,0.0,0.0
2021-02-05,AVGO.US,sell,42.4719,37.37,target_rebalance,541.5353,304,143.4175671483203,51.79
2020-04-07,LRCX.US,buy,32.5817,79.3,signal,0.0,0,0.0,0.0
2021-02-05,LRCX.US,sell,49.5222,79.3,target_rebalance,1343.3828,304,130.00094791109615,51.99
2020-04-07,MU.US,buy,52.5164,26.64,signal,0.0,0,0.0,0.0
2021-02-05,MU.US,sell,79.6572,26.64,target_rebalance,723.0316,304,124.60453051736766,51.68
2020-04-07,AMD.US,buy,73.5559,20.04,signal,0.0,0,0.0,0.0
2021-02-08,AMD.US,sell,88.2217,20.04,target_rebalance,293.9015,307,104.24478033527787,19.94
2020-04-07,ASML.US,buy,333.0936,5.25,signal,0.0,0,0.0,0.0
2021-02-08,ASML.US,sell,530.2818,5.25,target_rebalance,1035.2385,307,142.66347560749537,59.2
2020-04-07,MU.US,buy,52.5164,22.0,signal,0.0,0,0.0,0.0
2021-02-08,MU.US,sell,79.6377,22.0,target_rebalance,596.6697,307,125.60453051736764,51.64
2020-04-07,NVDA.US,buy,10.8244,95.55,signal,0.0,0,0.0,0.0
2021-02-08,NVDA.US,sell,13.6584,95.55,target_rebalance,270.7878,307,112.47988359845002,26.18
2020-04-07,TSM.US,buy,66.2363,9.04,signal,0.0,0,0.0,0.0
2021-02-08,TSM.US,sell,117.6209,9.04,target_rebalance,464.5164,307,138.430571611739,77.58
2020-04-07,AMAT.US,buy,58.0193,28.61,signal,0.0,0,0.0,0.0
2021-02-09,AMAT.US,sell,101.249,28.61,target_rebalance,1236.8006,308,143.5953871699083,74.51
2020-04-07,AMD.US,buy,73.5559,13.84,signal,0.0,0,0.0,0.0
2021-02-09,AMD.US,sell,91.2986,13.84,target_rebalance,245.5585,308,105.24478033527787,24.12
2020-04-07,LRCX.US,buy,32.7394,42.02,signal,0.0,0,0.0,0.0
2021-02-09,LRCX.US,sell,50.5702,42.02,target_rebalance,749.2498,308,130.72072279507688,54.46
2020-04-07,NVDA.US,buy,10.8244,280.73,signal,0.0,0,0.0,0.0
2021-02-09,NVDA.US,sell,14.2688,280.73,target_rebalance,966.9501,308,113.47988359845002,31.82
2020-04-07,TSM.US,buy,66.2363,24.35,signal,0.0,0,0.0,0.0
2021-02-09,TSM.US,sell,122.4463,24.35,target_rebalance,1368.7141,308,139.430571611739,84.86
2020-04-07,AMAT.US,buy,58.0193,5.38,signal,0.0,0,0.0,0.0
2021-02-10,AMAT.US,sell,101.9449,5.38,target_rebalance,236.3196,309,144.59538716990826,75.71
2020-04-07,ASML.US,buy,335.6927,0.88,signal,0.0,0,0.0,0.0
2021-02-10,ASML.US,sell,543.0738,0.88,target_rebalance,182.4954,309,142.85445775735886,61.78
2020-04-07,AVGO.US,buy,28.3532,27.29,signal,0.0,0,0.0,0.0
2021-02-10,AVGO.US,sell,42.7298,27.29,target_rebalance,392.338,309,142.6414439568929,50.71
2020-04-07,MU.US,buy,52.7611,2.88,signal,0.0,0,0.0,0.0
2021-02-10,MU.US,sell,81.8296,2.88,target_rebalance,83.7171,309,126.530182766434,55.09
2020-04-07,NVDA.US,buy,10.8244,71.53,signal,0.0,0,0.0,0.0
2021-02-10,NVDA.US,sell,14.3907,71.53,target_rebalance,255.0972,309,114.47988359845002,32.95
2020-04-07,AMD.US,buy,73.5875,10.02,signal,0.0,0,0.0,0.0
2021-02-11,AMD.US,sell,92.8071,10.02,target_rebalance,192.5802,310,107.05879841160551,26.12
2020-04-07,LRCX.US,buy,32.8779,5.97,signal,0.0,0,0.0,0.0
2021-02-11,LRCX.US,sell,50.9838,5.97,target_rebalance,108.0922,310,131.68959948887908,55.07
2020-04-07,NVDA.US,buy,10.8244,498.68,signal,0.0,0,0.0,0.0
2021-02-11,NVDA.US,sell,14.9051,498.68,target_rebalance,2034.9676,310,115.47988359845002,37.7
2020-04-07,AMAT.US,buy,58.1723,68.83,signal,0.0,0,0.0,0.0
2021-02-12,AMAT.US,sell,107.7218,68.83,target_rebalance,3410.492,311,146.0959307271566,85.18
2020-04-07,ASML.US,buy,336.2075,1.95,signal,0.0,0,0.0,0.0
2021-02-12,ASML.US,sell,562.5947,1.95,target_rebalance,441.4549,311,144.50430928971372,67.34
2020-04-07,LRCX.US,buy,32.8779,171.08,signal,0.0,0,0.0,0.0
2021-02-12,LRCX.US,sell,53.8332,171.08,target_rebalance,3585.0358,311,132.68959948887908,63.74
2020-04-07,AMAT.US,buy,58.1723,63.18,signal,0.0,0,0.0,0.0
2021-02-16,AMAT.US,sell,112.9744,63.18,target_rebalance,3462.3988,315,147.0959307271566,94.21
2020-04-07,LRCX.US,buy,32.8779,52.88,signal,0.0,0,0.0,0.0
2021-02-16,LRCX.US,sell,55.7045,52.88,target_rebalance,1207.0718,315,133.68959948887908,69.43
2020-04-07,MU.US,buy,52.9828,31.43,signal,0.0,0,0.0,0.0
2021-02-16,MU.US,sell,86.9147,31.43,target_rebalance,1066.4792,315,128.60060636559388,64.04
2020-04-07,ASML.US,buy,336.2075,1.06,signal,0.0,0,0.0,0.0
2021-02-17,ASML.US,sell,568.6581,1.06,target_rebalance,246.3976,316,146.50430928971372,69.14
2020-04-07,AVGO.US,buy,28.7723,9.91,signal,0.0,0,0.0,0.0
2021-02-17,AVGO.US,sell,43.3584,9.91,target_rebalance,144.5481,316,142.43209847732547,50.69
2020-04-07,LRCX.US,buy,32.8779,28.2,signal,0.0,0,0.0,0.0
2021-02-17,LRCX.US,sell,55.1087,28.2,target_rebalance,626.9101,316,134.68959948887908,67.62
2020-04-07,NVDA.US,buy,10.9931,423.5,signal,0.0,0,0.0,0.0
2021-02-17,NVDA.US,sell,15.0949,423.5,target_rebalance,1737.1166,316,113.76516317820685,37.31
2020-04-07,AVGO.US,buy,28.7723,63.78,signal,0.0,0,0.0,0.0
2021-02-18,AVGO.US,sell,43.0002,63.78,target_rebalance,907.4573,317,143.43209847732547,49.45
2020-04-07,LRCX.US,buy,32.8779,48.03,signal,0.0,0,0.0,0.0
2021-02-18,LRCX.US,sell,54.6319,48.03,target_rebalance,1044.8477,317,135.68959948887908,66.17
2020-04-07,MU.US,buy,53.3253,47.97,signal,0.0,0,0.0,0.0
2021-02-18,MU.US,sell,84.2845,47.97,target_rebalance,1485.1142,317,129.19784048610302,58.06
2020-04-07,AMAT.US,buy,58.3455,101.59,signal,0.0,0,0.0,0.0
2021-02-19,AMAT.US,sell,115.9296,101.59,target_rebalance,5849.9629,318,149.5866041079693,98.69
2020-04-07,LRCX.US,buy,32.8779,11.98,signal,0.0,0,0.0,0.0
2021-02-19,LRCX.US,sell,56.118,11.98,target_rebalance,278.4171,318,136.68959948887908,70.69
2020-04-07,MU.US,buy,53.3253,61.35,signal,0.0,0,0.0,0.0
2021-02-19,MU.US,sell,87.9181,61.35,target_rebalance,2122.2709,318,130.19784048610302,64.87
2020-04-07,ASML.US,buy,339.8059,2.68,signal,0.0,0,0.0,0.0
2021-02-22,ASML.US,sell,558.4606,2.68,target_rebalance,585.9946,321,147.13924396891022,64.35
2020-04-07,AVGO.US,buy,28.8932,37.8,signal,0.0,0,0.0,0.0
2021-02-22,AVGO.US,sell,43.3378,37.8,target_rebalance,546.0081,321,144.26423820802603,49.99
2020-04-07,LRCX.US,buy,32.8779,30.85,signal,0.0,0,0.0,0.0
2021-02-22,LRCX.US,sell,55.6469,30.85,target_rebalance,702.4242,321,137.68959948887908,69.25
2020-04-07,MU.US,buy,53.3253,21.14,signal,0.0,0,0.0,0.0
2021-02-22,MU.US,sell,87.2167,21.14,target_rebalance,716.4653,321,131.19784048610302,63.56
2020-04-07,ASML.US,buy,339.8059,7.98,signal,0.0,0,0.0,0.0
2021-02-23,ASML.US,sell,543.3495,7.98,target_rebalance,1624.2776,322,148.13924396891022,59.9
2020-04-07,AVGO.US,buy,28.8932,106.21,signal,0.0,0,0.0,0.0
2021-02-23,AVGO.US,sell,42.1863,106.21,target_rebalance,1411.8657,322,145.26423820802603,46.01
2020-04-07,TSM.US,buy,68.6128,15.17,signal,0.0,0,0.0,0.0
2021-02-23,TSM.US,sell,117.9864,15.17,target_rebalance,748.9971,322,142.48745599152284,71.96
2020-04-07,AMAT.US,buy,59.2059,27.96,signal,0.0,0,0.0,0.0
2021-02-24,AMAT.US,sell,109.8842,27.96,target_rebalance,1416.9637,323,150.17491558396623,85.6
2020-04-07,AMD.US,buy,75.0174,1.78,signal,0.0,0,0.0,0.0
2021-02-24,AMD.US,sell,84.2457,1.78,target_rebalance,16.4262,323,105.61847017272778,12.3
2020-04-07,MU.US,buy,53.4655,84.27,signal,0.0,0,0.0,0.0
2021-02-24,MU.US,sell,86.0185,84.27,target_rebalance,2743.2371,323,132.5771753826849,60.89
2020-04-07,AMAT.US,buy,59.2059,67.03,signal,0.0,0,0.0,0.0
2021-02-25,AMAT.US,sell,115.7294,67.03,target_rebalance,3788.7662,324,151.17491558396623,95.47
2020-04-07,LRCX.US,buy,33.3118,168.05,signal,0.0,0,0.0,0.0
2021-02-25,LRCX.US,sell,55.7045,168.05,target_rebalance,3763.0905,324,137.6344130789646,67.22
2020-04-07,MU.US,buy,53.4655,32.62,signal,0.0,0,0.0,0.0
2021-02-25,MU.US,sell,89.1553,32.62,target_rebalance,1164.2003,324,133.5771753826849,66.75
2020-04-07,ASML.US,buy,342.7116,5.79,signal,0.0,0,0.0,0.0
2021-02-26,ASML.US,sell,543.9388,5.79,target_rebalance,1165.1056,325,149.09112207635278,58.72
2020-04-07,AVGO.US,buy,29.2232,92.65,signal,0.0,0,0.0,0.0
2021-02-26,AVGO.US,sell,41.8631,92.65,target_rebalance,1171.0835,325,144.63707681808393,43.25
2020-04-07,MU.US,buy,53.4655,36.63,signal,0.0,0,0.0,0.0
2021-02-26,MU.US,sell,87.4213,36.63,target_rebalance,1243.7989,325,134.5771753826849,63.51
2020-04-07,NVDA.US,buy,11.1827,160.77,signal,0.0,0,0.0,0.0
2021-02-26,NVDA.US,sell,13.6835,160.77,target_rebalance,402.0577,325,113.84106271875628,22.36
2020-04-07,AMAT.US,buy,59.5381,26.89,signal,0.0,0,0.0,0.0
2021-03-01,AMAT.US,sell,115.7389,26.89,target_rebalance,1511.2408,328,152.2087723132803,94.39
2020-04-07,LRCX.US,buy,33.7903,32.53,signal,0.0,0,0.0,0.0
2021-03-01,LRCX.US,sell,54.4356,32.53,target_rebalance,671.5889,328,136.21054124527907,61.1
2020-04-07,MU.US,buy,53.4655,82.87,signal,0.0,0,0.0,0.0
2021-03-01,MU.US,sell,92.0973,82.87,target_rebalance,3201.4123,328,135.5771753826849,72.26
2020-04-07,TSM.US,buy,70.0876,10.66,signal,0.0,0,0.0,0.0
2021-03-01,TSM.US,sell,118.4708,10.66,target_rebalance,515.7648,328,142.08761712413474,69.03
2020-04-07,AMD.US,buy,75.101,25.49,signal,0.0,0,0.0,0.0
2021-03-02,AMD.US,sell,86.8331,25.49,target_rebalance,299.0508,329,108.77480515758266,15.62
2020-04-07,ASML.US,buy,347.6344,0.51,signal,0.0,0,0.0,0.0
2021-03-02,ASML.US,sell,550.2968,0.51,target_rebalance,103.3578,329,147.4395855830278,58.3
2020-04-07,AVGO.US,buy,29.2232,84.95,signal,0.0,0,0.0,0.0
2021-03-02,AVGO.US,sell,43.9082,84.95,target_rebalance,1247.4893,329,146.63707681808393,50.25
2020-04-07,LRCX.US,buy,33.7903,114.23,signal,0.0,0,0.0,0.0
2021-03-02,LRCX.US,sell,56.0831,114.23,target_rebalance,2546.502,329,137.21054124527907,65.97
2020-04-07,ASML.US,buy,347.6344,1.86,signal,0.0,0,0.0,0.0
2021-03-03,ASML.US,sell,536.5734,1.86,target_rebalance,351.4265,330,148.4395855830278,54.35
2020-04-07,AVGO.US,buy,29.2232,21.28,signal,0.0,0,0.0,0.0
2021-03-03,AVGO.US,sell,42.8006,21.28,target_rebalance,288.9261,330,147.63707681808393,46.46
2020-04-07,TSM.US,buy,70.838,33.53,signal,0.0,0,0.0,0.0
2021-03-03,TSM.US,sell,115.8113,33.53,target_rebalance,1507.9556,330,141.8282056446741,63.49
2020-04-07,AMAT.US,buy,59.6579,26.23,signal,0.0,0,0.0,0.0
2021-03-04,AMAT.US,sell,110.1612,26.23,target_rebalance,1324.6994,331,154.87708456786217,84.65
2020-04-07,AVGO.US,buy,29.2232,18.17,signal,0.0,0,0.0,0.0
2021-03-04,AVGO.US,sell,41.3384,18.17,target_rebalance,220.1323,331,148.6370768180839,41.46
2020-04-07,MU.US,buy,54.235,51.57,signal,0.0,0,0.0,0.0
2021-03-04,MU.US,sell,86.5154,51.57,target_rebalance,1664.6985,331,135.75705584878617,59.52
2020-04-07,AVGO.US,buy,29.2232,4.95,signal,0.0,0,0.0,0.0
2021-03-05,AVGO.US,sell,40.674,4.95,target_rebalance,56.6812,332,149.63707681808393,39.18
2020-04-07,LRCX.US,buy,34.0163,22.28,signal,0.0,0,0.0,0.0
2021-03-05,LRCX.US,sell,51.2359,22.28,target_rebalance,383.6514,332,138.63074972328087,50.62
2020-04-07,MU.US,buy,54.235,7.81,signal,0.0,0,0.0,0.0
2021-03-05,MU.US,sell,85.2684,7.81,target_rebalance,242.3709,332,136.75705584878617,57.22
2020-04-07,TSM.US,buy,70.838,18.39,signal,0.0,0,0.0,0.0
2021-03-05,TSM.US,sell,110.4923,18.39,target_rebalance,729.2435,332,143.82820564467414,55.98
2020-04-07,AMAT.US,buy,60.3188,28.7,signal,0.0,0,0.0,0.0
2021-03-08,AMAT.US,sell,107.7352,28.7,target_rebalance,1360.8528,335,154.69174760622548,78.61
2020-04-07,LRCX.US,buy,34.0163,14.35,signal,0.0,0,0.0,0.0
2021-03-08,LRCX.US,sell,51.2491,14.35,target_rebalance,247.2902,335,139.63074972328087,50.66
2020-04-07,MU.US,buy,54.235,45.59,signal,0.0,0,0.0,0.0
2021-03-08,MU.US,sell,86.2816,45.59,target_rebalance,1461.0025,335,137.75705584878614,59.09
2020-04-07,AMD.US,buy,75.1884,1.38,signal,0.0,0,0.0,0.0
2021-03-09,AMD.US,sell,76.6533,1.38,target_rebalance,2.0215,336,111.51902780371942,1.95
2020-04-07,ASML.US,buy,349.4414,10.56,signal,0.0,0,0.0,0.0
2021-03-09,ASML.US,sell,501.4569,10.56,target_rebalance,1605.2842,336,150.77751058833394,43.5
2020-04-07,MU.US,buy,54.235,40.26,signal,0.0,0,0.0,0.0
2021-03-09,MU.US,sell,85.7263,40.26,target_rebalance,1267.8382,336,138.75705584878617,58.06
2020-04-07,AMAT.US,buy,60.3901,35.66,signal,0.0,0,0.0,0.0
2021-03-10,AMAT.US,sell,110.6005,35.66,target_rebalance,1790.5018,337,156.44585944339687,83.14
2020-04-07,AMD.US,buy,75.1884,19.81,signal,0.0,0,0.0,0.0
2021-03-10,AMD.US,sell,79.6702,19.81,target_rebalance,88.7854,337,112.51902780371944,5.96
2020-04-07,LRCX.US,buy,34.18,40.01,signal,0.0,0,0.0,0.0
2021-03-10,LRCX.US,sell,51.8014,40.01,target_rebalance,705.0336,337,140.1680575069096,51.55
2020-04-07,NVDA.US,buy,11.2855,483.29,signal,0.0,0,0.0,0.0
2021-03-10,NVDA.US,sell,12.7805,483.29,target_rebalance,722.5067,337,115.69926375787264,13.25
2020-04-07,AMAT.US,buy,60.3901,36.54,signal,0.0,0,0.0,0.0
2021-03-11,AMAT.US,sell,111.995,36.54,target_rebalance,1885.6405,338,157.44585944339684,85.45
2020-04-07,ASML.US,buy,350.6968,6.89,signal,0.0,0,0.0,0.0
2021-03-11,ASML.US,sell,519.8467,6.89,target_rebalance,1165.4429,338,151.62179442661008,48.23
2020-04-07,AVGO.US,buy,29.482,26.46,signal,0.0,0,0.0,0.0
2021-03-11,AVGO.US,sell,40.2057,26.46,target_rebalance,283.7476,338,149.95124763795496,36.37
2020-04-07,NVDA.US,buy,11.2855,229.36,signal,0.0,0,0.0,0.0
2021-03-11,NVDA.US,sell,12.8895,229.36,target_rebalance,367.8859,338,116.69926375787264,14.21
2020-04-07,TSM.US,buy,72.1174,9.85,signal,0.0,0,0.0,0.0
2021-03-11,TSM.US,sell,108.0613,9.85,target_rebalance,354.0472,338,142.74233503330802,49.84
2020-04-07,AMD.US,buy,75.1897,43.95,signal,0.0,0,0.0,0.0
2021-03-12,AMD.US,sell,79.6503,43.95,target_rebalance,196.0425,339,114.48491273515903,5.93
2020-04-07,AVGO.US,buy,29.482,16.06,signal,0.0,0,0.0,0.0
2021-03-12,AVGO.US,sell,39.878,16.06,target_rebalance,166.9585,339,150.95124763795496,35.26
2020-04-07,MU.US,buy,55.2848,26.79,signal,0.0,0,0.0,0.0
2021-03-12,MU.US,sell,85.3074,26.79,target_rebalance,804.3056,339,137.1250925086908,54.31
2020-04-07,TSM.US,buy,72.1174,43.11,signal,0.0,0,0.0,0.0
2021-03-12,TSM.US,sell,108.7559,43.11,target_rebalance,1579.4853,339,143.74233503330802,50.8
2020-04-07,AMD.US,buy,75.1897,63.34,signal,0.0,0,0.0,0.0
2021-03-15,AMD.US,sell,81.8281,63.34,target_rebalance,420.4763,342,115.48491273515904,8.83
2020-04-07,AVGO.US,buy,29.482,91.48,signal,0.0,0,0.0,0.0
2021-03-15,AVGO.US,sell,40.7572,91.48,target_rebalance,1031.4566,342,151.95124763795494,38.24
2020-04-07,NVDA.US,buy,11.3002,141.69,signal,0.0,0,0.0,0.0
2021-03-15,NVDA.US,sell,12.8047,141.69,target_rebalance,213.1714,342,117.40415528222034,13.31
2020-04-07,AVGO.US,buy,29.482,56.86,signal,0.0,0,0.0,0.0
2021-03-16,AVGO.US,sell,42.198,56.86,target_rebalance,723.0272,343,152.95124763795496,43.13
2020-04-07,LRCX.US,buy,34.8669,74.7,signal,0.0,0,0.0,0.0
2021-03-16,LRCX.US,sell,51.3451,74.7,target_rebalance,1230.9262,343,137.99961447926506,47.26
2020-04-07,MU.US,buy,55.411,16.29,signal,0.0,0,0.0,0.0
2021-03-16,MU.US,sell,88.4052,16.29,target_rebalance,537.4753,343,138.5511761774628,59.54
2020-04-07,NVDA.US,buy,11.3002,240.46,signal,0.0,0,0.0,0.0
2021-03-16,NVDA.US,sell,13.2941,240.46,target_rebalance,479.4639,343,118.40415528222034,17.65
2020-04-07,ASML.US,buy,354.4908,5.18,signal,0.0,0,0.0,0.0
2021-03-17,ASML.US,sell,521.0156,5.18,target_rebalance,862.5983,344,152.06707778799,46.98
2020-04-07,AVGO.US,buy,29.482,40.88,signal,0.0,0,0.0,0.0
2021-03-17,AVGO.US,sell,42.1111,40.88,target_rebalance,516.2765,344,153.95124763795494,42.84
2020-04-07,LRCX.US,buy,34.8669,7.91,signal,0.0,0,0.0,0.0
2021-03-17,LRCX.US,sell,51.0015,7.91,target_rebalance,127.6254,344,138.9996144792651,46.28
2020-04-07,MU.US,buy,55.411,46.37,signal,0.0,0,0.0,0.0
2021-03-17,MU.US,sell,88.9702,46.37,target_rebalance,1556.14,344,139.5511761774628,60.56
2020-04-07,AMAT.US,buy,61.583,18.43,signal,0.0,0,0.0,0.0
2021-03-18,AMAT.US,sell,112.568,18.43,target_rebalance,939.6536,345,158.6329117669185,82.79
2020-04-07,AVGO.US,buy,29.482,20.67,signal,0.0,0,0.0,0.0
2021-03-18,AVGO.US,sell,42.4925,20.67,target_rebalance,268.9273,345,154.95124763795494,44.13
2020-04-07,LRCX.US,buy,34.8669,0.47,signal,0.0,0,0.0,0.0
2021-03-18,LRCX.US,sell,51.3092,0.47,target_rebalance,7.7279,345,139.9996144792651,47.16
2020-04-07,MU.US,buy,55.411,37.43,signal,0.0,0,0.0,0.0
2021-03-18,MU.US,sell,90.5678,37.43,target_rebalance,1315.9198,345,140.55117617746276,63.45
2020-04-07,ASML.US,buy,355.2198,8.11,signal,0.0,0,0.0,0.0
2021-03-19,ASML.US,sell,517.6608,8.11,target_rebalance,1317.3962,346,153.40024757153188,45.73
2020-04-07,LRCX.US,buy,34.8669,124.16,signal,0.0,0,0.0,0.0
2021-03-19,LRCX.US,sell,51.2912,124.16,target_rebalance,2039.242,346,140.9996144792651,47.11
2020-04-07,AMAT.US,buy,61.7647,7.27,signal,0.0,0,0.0,0.0
2021-03-22,AMAT.US,sell,112.3197,7.27,target_rebalance,367.5351,349,160.02881012965716,81.85
2020-04-07,ASML.US,buy,355.2198,10.36,signal,0.0,0,0.0,0.0
2021-03-22,ASML.US,sell,539.472,10.36,target_rebalance,1908.8525,349,154.40024757153188,51.87
2020-04-07,AVGO.US,buy,29.5383,69.2,signal,0.0,0,0.0,0.0
2021-03-22,AVGO.US,sell,42.6758,69.2,target_rebalance,909.1156,349,156.21037943027136,44.48
2020-04-07,LRCX.US,buy,34.8669,1.4,signal,0.0,0,0.0,0.0
2021-03-22,LRCX.US,sell,52.4326,1.4,target_rebalance,24.592,349,141.9996144792651,50.38
2020-04-07,AMAT.US,buy,61.7647,25.73,signal,0.0,0,0.0,0.0
2021-03-23,AMAT.US,sell,114.5164,25.73,target_rebalance,1357.3023,350,161.02881012965716,85.41
2020-04-07,LRCX.US,buy,34.8669,50.23,signal,0.0,0,0.0,0.0
2021-03-23,LRCX.US,sell,53.4093,50.23,target_rebalance,931.3862,350,142.99961447926506,53.18
2020-04-07,NVDA.US,buy,11.345,327.31,signal,0.0,0,0.0,0.0
2021-03-23,NVDA.US,sell,13.1923,327.31,target_rebalance,604.6447,350,120.03726406202419,16.28
2020-04-07,TSM.US,buy,74.2271,0.6,signal,0.0,0,0.0,0.0
2021-03-23,TSM.US,sell,106.5053,0.6,target_rebalance,19.3669,350,141.94563352795035,43.49
2020-04-07,AMAT.US,buy,61.7647,73.77,signal,0.0,0,0.0,0.0
2021-03-24,AMAT.US,sell,117.143,73.77,target_rebalance,4085.2572,351,162.0288101296572,89.66
2020-04-07,ASML.US,buy,355.9328,18.57,signal,0.0,0,0.0,0.0
2021-03-24,ASML.US,sell,558.0424,18.57,target_rebalance,3753.1753,351,155.80817368871516,56.78
2020-04-07,LRCX.US,buy,34.8669,98.09,signal,0.0,0,0.0,0.0
2021-03-24,LRCX.US,sell,54.0103,98.09,target_rebalance,1877.7785,351,143.9996144792651,54.9
2020-04-07,AMAT.US,buy,61.7647,18.15,signal,0.0,0,0.0,0.0
2021-03-25,AMAT.US,sell,113.4276,18.15,target_rebalance,937.6823,352,163.02881012965716,83.64
2020-04-07,AMD.US,buy,75.5296,56.56,signal,0.0,0,0.0,0.0
2021-03-25,AMD.US,sell,75.7741,56.56,target_rebalance,13.8296,352,114.5478721535122,0.32
2020-04-07,ASML.US,buy,355.9328,5.89,signal,0.0,0,0.0,0.0
2021-03-25,ASML.US,sell,542.5796,5.89,target_rebalance,1099.3499,352,156.8081736887152,52.44
2020-04-07,AVGO.US,buy,29.6327,42.63,signal,0.0,0,0.0,0.0
2021-03-25,AVGO.US,sell,41.056,42.63,target_rebalance,486.9751,352,158.08428879557314,38.55
2020-04-07,ASML.US,buy,355.9328,6.73,signal,0.0,0,0.0,0.0
2021-03-26,ASML.US,sell,559.4775,6.73,target_rebalance,1369.8562,353,157.8081736887152,57.19
2020-04-07,MU.US,buy,58.0118,59.3,signal,0.0,0,0.0,0.0
2021-03-26,MU.US,sell,81.9855,59.3,target_rebalance,1421.6419,353,133.47088777575908,41.33
2020-04-07,TSM.US,buy,74.8948,46.84,signal,0.0,0,0.0,0.0
2021-03-26,TSM.US,sell,102.7441,46.84,target_rebalance,1304.4619,353,141.65465875743408,37.18
2020-04-07,AMAT.US,buy,62.1618,43.48,signal,0.0,0,0.0,0.0
2021-03-29,AMAT.US,sell,121.3358,43.48,target_rebalance,2572.8885,356,163.79427996264906,95.19
2020-04-07,ASML.US,buy,355.9328,1.82,signal,0.0,0,0.0,0.0
2021-03-29,ASML.US,sell,584.2538,1.82,target_rebalance,415.5443,356,158.80817368871516,64.15
2020-04-07,AVGO.US,buy,29.766,60.63,signal,0.0,0,0.0,0.0
2021-03-29,AVGO.US,sell,43.3517,60.63,target_rebalance,823.702,356,158.26512432799018,45.64
2020-04-07,LRCX.US,buy,35.0852,84.44,signal,0.0,0,0.0,0.0
2021-03-29,LRCX.US,sell,55.1148,84.44,target_rebalance,1691.3011,356,145.14065187584004,57.09
2020-04-07,MU.US,buy,58.0118,7.5,signal,0.0,0,0.0,0.0
2021-03-29,MU.US,sell,85.4924,7.5,target_rebalance,206.1052,356,134.47088777575908,47.37
2020-04-07,TSM.US,buy,74.8948,0.41,signal,0.0,0,0.0,0.0
2021-03-29,TSM.US,sell,106.9181,0.41,target_rebalance,13.1296,356,142.65465875743408,42.76
2020-04-07,AMAT.US,buy,62.1618,0.68,signal,0.0,0,0.0,0.0
2021-03-30,AMAT.US,sell,119.2824,0.68,target_rebalance,38.842,357,164.79427996264906,91.89
2020-04-07,AMD.US,buy,75.5886,30.07,signal,0.0,0,0.0,0.0
2021-03-30,AMD.US,sell,76.3935,30.07,target_rebalance,24.2046,357,113.04828489872459,1.06
2020-04-07,MU.US,buy,58.0118,0.39,signal,0.0,0,0.0,0.0
2021-03-30,MU.US,sell,84.0312,0.39,target_rebalance,10.1476,357,135.47088777575905,44.85
2020-04-07,NVDA.US,buy,11.3968,382.01,signal,0.0,0,0.0,0.0
2021-03-30,NVDA.US,sell,12.782,382.01,target_rebalance,529.1674,357,120.07207781613846,12.15
2020-04-07,TSM.US,buy,74.8948,17.23,signal,0.0,0,0.0,0.0
2021-03-30,TSM.US,sell,105.7531,17.23,target_rebalance,531.6875,357,143.65465875743408,41.2
2020-04-07,AMAT.US,buy,62.1618,62.74,signal,0.0,0,0.0,0.0
2021-03-31,AMAT.US,sell,124.1342,62.74,target_rebalance,3888.1538,358,165.79427996264906,99.7
2020-04-07,LRCX.US,buy,35.2852,94.08,signal,0.0,0,0.0,0.0
2021-03-31,LRCX.US,sell,55.2719,94.08,target_rebalance,1880.3443,358,145.5598183921183,56.64
2020-04-07,MU.US,buy,58.0118,1.42,signal,0.0,0,0.0,0.0
2021-03-31,MU.US,sell,85.1807,1.42,target_rebalance,38.5799,358,136.47088777575908,46.83
2020-04-07,NVDA.US,buy,11.3968,5.67,signal,0.0,0,0.0,0.0
2021-03-31,NVDA.US,sell,12.9547,5.67,target_rebalance,8.8333,358,121.07207781613847,13.67
2020-04-07,AMAT.US,buy,62.1618,36.07,signal,0.0,0,0.0,0.0
2021-04-01,AMAT.US,sell,131.9374,36.07,target_rebalance,2516.8085,359,166.79427996264906,112.25
2020-04-07,LRCX.US,buy,35.2852,1.52,signal,0.0,0,0.0,0.0
2021-04-01,LRCX.US,sell,57.849,1.52,target_rebalance,34.297,359,146.55981839211833,63.95
2020-04-07,MU.US,buy,58.0118,54.84,signal,0.0,0,0.0,0.0
2021-04-01,MU.US,sell,90.5971,54.84,target_rebalance,1786.9777,359,137.47088777575908,56.17
2020-04-07,TSM.US,buy,75.1069,31.12,signal,0.0,0,0.0,0.0
2021-04-01,TSM.US,sell,112.6608,31.12,target_rebalance,1168.6762,359,144.68188290454768,50.0
2020-04-07,AMAT.US,buy,62.1618,42.73,signal,0.0,0,0.0,0.0
2021-04-05,AMAT.US,sell,138.967,42.73,target_rebalance,3281.8866,363,167.79427996264906,123.56
2020-04-07,ASML.US,buy,362.9368,7.64,signal,0.0,0,0.0,0.0
2021-04-05,ASML.US,sell,619.3131,7.64,target_rebalance,1958.7151,363,157.89435441059067,70.64
2020-04-07,LRCX.US,buy,35.2852,143.86,signal,0.0,0,0.0,0.0
2021-04-05,LRCX.US,sell,61.49,143.86,target_rebalance,3769.8134,363,147.5598183921183,74.27
2020-04-07,TSM.US,buy,75.1069,2.92,signal,0.0,0,0.0,0.0
2021-04-05,TSM.US,sell,116.5687,2.92,target_rebalance,121.0685,363,145.68188290454765,55.2
2020-04-07,AVGO.US,buy,30.6411,62.58,signal,0.0,0,0.0,0.0
2021-04-06,AVGO.US,sell,43.5972,62.58,target_rebalance,810.7914,364,152.05261161502122,42.28
2020-04-07,LRCX.US,buy,35.2852,103.41,signal,0.0,0,0.0,0.0
2021-04-06,LRCX.US,sell,62.4648,103.41,target_rebalance,2810.6393,364,148.55981839211833,77.03
2020-04-07,MU.US,buy,58.7134,6.64,signal,0.0,0,0.0,0.0
2021-04-06,MU.US,sell,91.4154,6.64,target_rebalance,217.1413,364,136.58584810806292,55.7
2020-04-07,NVDA.US,buy,11.4275,277.48,signal,0.0,0,0.0,0.0
2021-04-06,NVDA.US,sell,13.9343,277.48,target_rebalance,695.5939,364,122.49853793266729,21.94
2020-04-07,AMD.US,buy,75.6879,29.77,signal,0.0,0,0.0,0.0
2021-04-07,AMD.US,sell,81.2387,29.77,target_rebalance,165.2462,365,115.26949144035771,7.33
2020-04-07,AVGO.US,buy,30.6411,14.45,signal,0.0,0,0.0,0.0
2021-04-07,AVGO.US,sell,43.3165,14.45,target_rebalance,183.16,365,153.05261161502122,41.37
2020-04-07,MU.US,buy,58.7134,43.26,signal,0.0,0,0.0,0.0
2021-04-07,MU.US,sell,91.8148,43.26,target_rebalance,1431.967,365,137.58584810806292,56.38
2020-04-07,AMD.US,buy,75.6879,42.25,signal,0.0,0,0.0,0.0
2021-04-08,AMD.US,sell,83.2367,42.25,target_rebalance,318.9353,366,116.2694914403577,9.97
2020-04-07,AVGO.US,buy,30.6411,24.15,signal,0.0,0,0.0,0.0
2021-04-08,AVGO.US,sell,44.0357,24.15,target_rebalance,323.4807,366,154.0526116150212,43.71
2020-04-07,LRCX.US,buy,35.3109,34.54,signal,0.0,0,0.0,0.0
2021-04-08,LRCX.US,sell,63.1292,34.54,target_rebalance,960.8438,366,150.4154373033426,78.78
2020-04-07,NVDA.US,buy,11.4275,294.7,signal,0.0,0,0.0,0.0
2021-04-08,NVDA.US,sell,14.1862,294.7,target_rebalance,812.9721,366,124.49853793266729,24.14
2020-04-07,ASML.US,buy,368.3636,0.83,signal,0.0,0,0.0,0.0
2021-04-09,ASML.US,sell,602.8622,0.83,target_rebalance,194.6339,367,158.29820730650917,63.66
2020-04-07,LRCX.US,buy,35.3109,12.32,signal,0.0,0,0.0,0.0
2021-04-09,LRCX.US,sell,62.9532,12.32,target_rebalance,340.5527,367,151.4154373033426,78.28
2020-04-07,NVDA.US,buy,11.4275,56.35,signal,0.0,0,0.0,0.0
2021-04-09,NVDA.US,sell,14.1476,56.35,target_rebalance,153.2761,367,125.4985379326673,23.8
2020-04-07,TSM.US,buy,76.7023,40.19,signal,0.0,0,0.0,0.0
2021-04-09,TSM.US,sell,112.6057,40.19,target_rebalance,1442.9607,367,143.3974936916427,46.81
2020-04-07,AVGO.US,buy,30.7579,25.61,signal,0.0,0,0.0,0.0
2021-04-12,AVGO.US,sell,43.4898,25.61,target_rebalance,326.0645,370,154.6338699201972,41.39
2020-04-07,MU.US,buy,58.8753,28.63,signal,0.0,0,0.0,0.0
2021-04-12,MU.US,sell,92.7305,28.63,target_rebalance,969.2749,370,139.92011730531533,57.5
2020-04-07,NVDA.US,buy,11.4275,150.42,signal,0.0,0,0.0,0.0
2021-04-12,NVDA.US,sell,14.223,150.42,target_rebalance,420.4947,370,126.4985379326673,24.46
2020-04-07,AVGO.US,buy,30.7579,1.78,signal,0.0,0,0.0,0.0
2021-04-13,AVGO.US,sell,43.7668,1.78,target_rebalance,23.156,371,155.6338699201972,42.29
2020-04-07,MU.US,buy,58.8753,17.9,signal,0.0,0,0.0,0.0
2021-04-13,MU.US,sell,93.8021,17.9,target_rebalance,625.1893,371,140.92011730531533,59.32
2020-04-07,NVDA.US,buy,11.4275,1218.23,signal,0.0,0,0.0,0.0
2021-04-13,NVDA.US,sell,15.1603,1218.23,target_rebalance,4547.4342,371,127.4985379326673,32.67
2020-04-07,AMD.US,buy,75.8696,33.74,signal,0.0,0,0.0,0.0
2021-04-14,AMD.US,sell,79.8001,33.74,target_rebalance,132.6142,372,115.36873880777412,5.18
2020-04-07,ASML.US,buy,368.5496,3.3,signal,0.0,0,0.0,0.0
2021-04-14,ASML.US,sell,604.126,3.3,target_rebalance,777.4023,372,161.17105406014363,63.92
2020-04-07,AVGO.US,buy,30.7579,20.09,signal,0.0,0,0.0,0.0
2021-04-14,AVGO.US,sell,43.5385,20.09,target_rebalance,256.7635,372,156.63386992019718,41.55
2020-04-07,NVDA.US,buy,11.4275,676.82,signal,0.0,0,0.0,0.0
2021-04-14,NVDA.US,sell,15.552,676.82,target_rebalance,2791.5316,372,128.4985379326673,36.09
2020-04-07,TSM.US,buy,76.8938,7.47,signal,0.0,0,0.0,0.0
2021-04-14,TSM.US,sell,111.9085,7.47,target_rebalance,261.5599,372,145.61988442343585,45.54
2020-04-07,AMAT.US,buy,66.6824,12.01,signal,0.0,0,0.0,0.0
2021-04-15,AMAT.US,sell,129.8935,12.01,target_rebalance,759.1659,373,164.8025482674329,94.79
2020-04-07,AMD.US,buy,75.8696,10.41,signal,0.0,0,0.0,0.0
2021-04-15,AMD.US,sell,80.2397,10.41,target_rebalance,45.4921,373,116.36873880777412,5.76
2020-04-07,LRCX.US,buy,36.127,31.38,signal,0.0,0,0.0,0.0
2021-04-15,LRCX.US,sell,61.331,31.38,target_rebalance,790.9009,373,150.64148067904387,69.76
2020-04-07,AMD.US,buy,75.8696,128.22,signal,0.0,0,0.0,0.0
2021-04-16,AMD.US,sell,83.2167,128.22,target_rebalance,942.0401,374,117.36873880777411,9.68
2020-04-07,ASML.US,buy,369.4349,2.86,signal,0.0,0,0.0,0.0
2021-04-16,ASML.US,sell,608.4886,2.86,target_rebalance,683.6935,374,162.5600793308236,64.71
2020-04-07,LRCX.US,buy,36.127,8.69,signal,0.0,0,0.0,0.0
2021-04-16,LRCX.US,sell,61.596,8.69,target_rebalance,221.3253,374,151.64148067904387,70.5
2020-04-07,NVDA.US,buy,11.4275,424.43,signal,0.0,0,0.0,0.0
2021-04-16,NVDA.US,sell,15.978,424.43,target_rebalance,1931.3602,374,130.4985379326673,39.82
2020-04-07,AMAT.US,buy,67.8404,16.59,signal,0.0,0,0.0,0.0
2021-04-19,AMAT.US,sell,127.4007,16.59,target_rebalance,988.1054,377,163.6590351688516,87.79
2020-04-07,ASML.US,buy,369.4349,2.83,signal,0.0,0,0.0,0.0
2021-04-19,ASML.US,sell,605.9985,2.83,target_rebalance,669.4749,377,163.5600793308236,64.03
2020-04-07,MU.US,buy,60.5793,35.72,signal,0.0,0,0.0,0.0
2021-04-19,MU.US,sell,88.3273,35.72,target_rebalance,991.1563,377,136.88803111322954,45.8
2020-04-07,AMD.US,buy,75.8852,24.28,signal,0.0,0,0.0,0.0
2021-04-20,AMD.US,sell,80.7392,24.28,target_rebalance,117.8542,378,119.07805762236619,6.4
2020-04-07,ASML.US,buy,369.4349,3.15,signal,0.0,0,0.0,0.0
2021-04-20,ASML.US,sell,594.9645,3.15,target_rebalance,710.4181,378,164.56007933082358,61.05
2020-04-07,NVDA.US,buy,11.5121,173.23,signal,0.0,0,0.0,0.0
2021-04-20,NVDA.US,sell,15.2517,173.23,target_rebalance,647.8008,378,129.76342505167932,32.48
2020-04-07,TSM.US,buy,77.7692,16.76,signal,0.0,0,0.0,0.0
2021-04-20,TSM.US,sell,106.4594,16.76,target_rebalance,480.849,378,145.69732354632382,36.89
2020-04-07,AMAT.US,buy,68.0595,22.92,signal,0.0,0,0.0,0.0
2021-04-21,AMAT.US,sell,124.2966,22.92,target_rebalance,1288.9545,379,165.01445322870438,82.63
2020-04-07,ASML.US,buy,369.4349,12.02,signal,0.0,0,0.0,0.0
2021-04-21,ASML.US,sell,606.0744,12.02,target_rebalance,2844.4074,379,165.56007933082358,64.05
2020-04-07,LRCX.US,buy,36.5148,42.11,signal,0.0,0,0.0,0.0
2021-04-21,LRCX.US,sell,58.6393,42.11,target_rebalance,931.6609,379,151.97652724382465,60.59
2020-04-07,AMAT.US,buy,68.0595,23.51,signal,0.0,0,0.0,0.0
2021-04-22,AMAT.US,sell,128.7188,23.51,target_rebalance,1426.0987,380,166.01445322870438,89.13
2020-04-07,AMD.US,buy,75.9334,20.78,signal,0.0,0,0.0,0.0
2021-04-22,AMD.US,sell,81.5284,20.78,target_rebalance,116.2644,380,119.26166353945764,7.37
2020-04-07,ASML.US,buy,369.4349,7.57,signal,0.0,0,0.0,0.0
2021-04-22,ASML.US,sell,631.2118,7.57,target_rebalance,1981.6515,380,166.56007933082358,70.86
2020-04-07,LRCX.US,buy,36.5148,67.61,signal,0.0,0,0.0,0.0
2021-04-22,LRCX.US,sell,60.941,67.61,target_rebalance,1651.4544,380,152.97652724382465,66.89
2020-04-07,AMAT.US,buy,68.0595,16.6,signal,0.0,0,0.0,0.0
2021-04-23,AMAT.US,sell,127.4962,16.6,target_rebalance,986.6486,381,167.01445322870438,87.33
2020-04-07,ASML.US,buy,369.4349,4.38,signal,0.0,0,0.0,0.0
2021-04-23,ASML.US,sell,626.5075,4.38,target_rebalance,1125.9778,381,167.56007933082358,69.59
2020-04-07,AVGO.US,buy,31.2552,161.38,signal,0.0,0,0.0,0.0
2021-04-23,AVGO.US,sell,41.3745,161.38,target_rebalance,1633.0651,381,156.23096233468866,32.38
2020-04-07,TSM.US,buy,77.9276,21.04,signal,0.0,0,0.0,0.0
2021-04-23,TSM.US,sell,106.9457,21.04,target_rebalance,610.5389,381,147.85131582858452,37.24
2020-04-07,AMD.US,buy,75.9334,71.5,signal,0.0,0,0.0,0.0
2021-04-26,AMD.US,sell,83.2666,71.5,target_rebalance,524.3288,384,121.26166353945764,9.66
2020-04-07,AVGO.US,buy,31.2552,0.33,signal,0.0,0,0.0,0.0
2021-04-26,AVGO.US,sell,42.1443,0.33,target_rebalance,3.5934,384,157.23096233468866,34.84
2020-04-07,TSM.US,buy,77.9276,29.42,signal,0.0,0,0.0,0.0
2021-04-26,TSM.US,sell,110.083,29.42,target_rebalance,946.0111,384,148.85131582858455,41.26
2020-04-07,AMAT.US,buy,68.4486,1.92,signal,0.0,0,0.0,0.0
2021-04-27,AMAT.US,sell,131.947,1.92,target_rebalance,121.9169,385,167.9424064859516,92.77
2020-04-07,AMD.US,buy,75.9334,21.75,signal,0.0,0,0.0,0.0
2021-04-27,AMD.US,sell,85.5843,21.75,target_rebalance,209.9082,385,122.26166353945766,12.71
2020-04-07,LRCX.US,buy,37.1051,43.81,signal,0.0,0,0.0,0.0
2021-04-27,LRCX.US,sell,61.2685,43.81,target_rebalance,1058.5969,385,151.936359230995,65.12
2020-04-07,MU.US,buy,61.565,32.56,signal,0.0,0,0.0,0.0
2021-04-27,MU.US,sell,87.0219,32.56,target_rebalance,828.8779,385,137.1049566119502,41.35
2020-04-07,NVDA.US,buy,11.6116,41.69,signal,0.0,0,0.0,0.0
2021-04-27,NVDA.US,sell,15.5057,41.69,target_rebalance,162.3448,385,131.0732819398548,33.54
2020-04-07,AMD.US,buy,75.9334,152.6,signal,0.0,0,0.0,0.0
2021-04-28,AMD.US,sell,88.7611,152.6,target_rebalance,1957.5178,386,123.26166353945764,16.89
2020-04-07,LRCX.US,buy,37.1051,5.22,signal,0.0,0,0.0,0.0
2021-04-28,LRCX.US,sell,60.9505,5.22,target_rebalance,124.4728,386,152.93635923099498,64.26
2020-04-07,AMAT.US,buy,68.6207,13.01,signal,0.0,0,0.0,0.0
2021-04-29,AMAT.US,sell,131.0874,13.01,target_rebalance,812.6919,387,169.47593868627155,91.03
2020-04-07,ASML.US,buy,375.7256,1.87,signal,0.0,0,0.0,0.0
2021-04-29,ASML.US,sell,633.2266,1.87,target_rebalance,481.5269,387,167.57701724353885,68.53
2020-04-07,AVGO.US,buy,31.4397,75.5,signal,0.0,0,0.0,0.0
2021-04-29,AVGO.US,sell,42.3852,75.5,target_rebalance,826.384,387,157.57876597877888,34.81
2020-04-07,MU.US,buy,61.8191,6.24,signal,0.0,0,0.0,0.0
2021-04-29,MU.US,sell,85.4535,6.24,target_rebalance,147.4789,387,137.64285230388242,38.23
2020-04-07,NVDA.US,buy,11.6324,67.72,signal,0.0,0,0.0,0.0
2021-04-29,NVDA.US,sell,15.3281,67.72,target_rebalance,250.2717,387,132.33504243390743,31.77
2020-04-07,TSM.US,buy,78.3648,19.7,signal,0.0,0,0.0,0.0
2021-04-29,TSM.US,sell,110.7435,19.7,target_rebalance,637.8603,387,149.86653254809303,41.32
2020-04-07,ASML.US,buy,375.7256,1.01,signal,0.0,0,0.0,0.0
2021-04-30,ASML.US,sell,621.8032,1.01,target_rebalance,248.5384,388,168.57701724353882,65.49
2020-04-07,LRCX.US,buy,37.1051,10.22,signal,0.0,0,0.0,0.0
2021-04-30,LRCX.US,sell,59.6652,10.22,target_rebalance,230.5644,388,154.936359230995,60.8
2020-04-07,MU.US,buy,61.8191,40.5,signal,0.0,0,0.0,0.0
2021-04-30,MU.US,sell,84.6839,40.5,target_rebalance,926.0257,388,138.6428523038824,36.99
2020-04-07,NVDA.US,buy,11.6324,111.46,signal,0.0,0,0.0,0.0
2021-04-30,NVDA.US,sell,15.1036,111.46,target_rebalance,386.904,388,133.33504243390743,29.84
2020-04-07,AMAT.US,buy,69.5775,34.37,signal,0.0,0,0.0,0.0
2021-05-03,AMAT.US,sell,128.2221,34.37,target_rebalance,2015.6138,391,168.64920639985047,84.29
2020-04-07,ASML.US,buy,375.7256,3.71,signal,0.0,0,0.0,0.0
2021-05-03,ASML.US,sell,626.8812,3.71,target_rebalance,931.7873,391,169.5770172435388,66.85
2020-04-07,AMAT.US,buy,69.5775,1.24,signal,0.0,0,0.0,0.0
2021-05-04,AMAT.US,sell,124.1534,1.24,target_rebalance,67.6741,392,169.64920639985047,78.44
2020-04-07,AVGO.US,buy,31.4397,25.79,signal,0.0,0,0.0,0.0
2021-05-04,AVGO.US,sell,40.3575,25.79,target_rebalance,229.9893,392,160.57876597877888,28.36
2020-04-07,TSM.US,buy,78.5276,26.65,signal,0.0,0,0.0,0.0
2021-05-04,TSM.US,sell,105.4962,26.65,target_rebalance,718.7134,392,152.033194143363,34.34
2020-04-07,AMAT.US,buy,69.5775,5.58,signal,0.0,0,0.0,0.0
2021-05-05,AMAT.US,sell,125.8152,5.58,target_rebalance,313.8066,393,170.64920639985047,80.83
2020-04-07,AMD.US,buy,76.4073,4.05,signal,0.0,0,0.0,0.0
2021-05-05,AMD.US,sell,78.971,4.05,target_rebalance,10.3829,393,119.40360686627893,3.36
2020-04-07,LRCX.US,buy,37.1327,8.31,signal,0.0,0,0.0,0.0
2021-05-05,LRCX.US,sell,58.4244,8.31,target_rebalance,176.9342,393,157.73118040996,57.34
2020-04-07,MU.US,buy,61.8191,16.57,signal,0.0,0,0.0,0.0
2021-05-05,MU.US,sell,83.2811,16.57,target_rebalance,355.626,393,141.6428523038824,34.72
2020-04-07,ASML.US,buy,375.804,1.99,signal,0.0,0,0.0,0.0
2021-05-06,ASML.US,sell,608.4098,1.99,target_rebalance,462.8855,394,172.5203654569216,61.9
2020-04-07,MU.US,buy,61.8191,16.31,signal,0.0,0,0.0,0.0
2021-05-06,MU.US,sell,82.6771,16.31,target_rebalance,340.1951,394,142.64285230388242,33.74
2020-04-07,TSM.US,buy,78.5355,10.59,signal,0.0,0,0.0,0.0
2021-05-06,TSM.US,sell,105.7715,10.59,target_rebalance,288.4291,394,153.99035662382875,34.68
2020-04-07,AVGO.US,buy,31.4821,8.3,signal,0.0,0,0.0,0.0
2021-05-07,AVGO.US,sell,41.0226,8.3,target_rebalance,79.1864,395,162.8093186686579,30.3
2020-04-07,LRCX.US,buy,37.1327,25.04,signal,0.0,0,0.0,0.0
2021-05-07,LRCX.US,sell,59.246,25.04,target_rebalance,553.7157,395,159.73118040996,59.55
2020-04-07,TSM.US,buy,78.5355,15.62,signal,0.0,0,0.0,0.0
2021-05-07,TSM.US,sell,108.6153,15.62,target_rebalance,469.8462,395,154.99035662382875,38.3
2020-04-07,AMAT.US,buy,69.6935,10.49,signal,0.0,0,0.0,0.0
2021-05-10,AMAT.US,sell,125.9967,10.49,target_rebalance,590.6202,398,173.28364655287757,80.79
2020-04-07,AMD.US,buy,76.4286,3.38,signal,0.0,0,0.0,0.0
2021-05-10,AMD.US,sell,78.1218,3.38,target_rebalance,5.7229,398,121.10004025825177,2.22
2020-04-07,ASML.US,buy,375.804,2.18,signal,0.0,0,0.0,0.0
2021-05-10,ASML.US,sell,617.9123,2.18,target_rebalance,527.7962,398,174.52036545692164,64.42
2020-04-07,LRCX.US,buy,37.1327,12.92,signal,0.0,0,0.0,0.0
2021-05-10,LRCX.US,sell,58.8125,12.92,target_rebalance,280.1027,398,160.73118040996,58.38
2020-04-07,NVDA.US,buy,11.6645,140.78,signal,0.0,0,0.0,0.0
2021-05-10,NVDA.US,sell,14.7182,140.78,target_rebalance,429.8922,398,137.89857701858986,26.18
2020-04-07,AMD.US,buy,76.4286,29.64,signal,0.0,0,0.0,0.0
2021-05-11,AMD.US,sell,73.4964,29.64,target_rebalance,-86.9101,399,122.10004025825177,-3.84
2020-04-07,ASML.US,buy,375.804,8.54,signal,0.0,0,0.0,0.0
2021-05-11,ASML.US,sell,587.2405,8.54,target_rebalance,1805.6684,399,175.5203654569216,56.26
2020-04-07,AVGO.US,buy,31.4989,96.81,signal,0.0,0,0.0,0.0
2021-05-11,AVGO.US,sell,38.3524,96.81,target_rebalance,663.4875,399,164.5055007428242,21.76
2020-04-07,NVDA.US,buy,11.6645,31.75,signal,0.0,0,0.0,0.0
2021-05-11,NVDA.US,sell,13.7604,31.75,target_rebalance,66.5446,399,138.8985770185899,17.97
2020-04-07,TSM.US,buy,79.0042,55.97,signal,0.0,0,0.0,0.0
2021-05-11,TSM.US,sell,100.6617,55.97,target_rebalance,1212.1751,399,154.29790891964603,27.41
2020-04-07,AMD.US,buy,76.4286,44.94,signal,0.0,0,0.0,0.0
2021-05-12,AMD.US,sell,75.0149,44.94,target_rebalance,-63.5322,400,123.10004025825178,-1.85
2020-04-07,AVGO.US,buy,31.4989,11.44,signal,0.0,0,0.0,0.0
2021-05-12,AVGO.US,sell,38.7395,11.44,target_rebalance,82.8328,400,165.50550074282418,22.99
2020-04-07,LRCX.US,buy,37.4326,4.14,signal,0.0,0,0.0,0.0
2021-05-12,LRCX.US,sell,54.4201,4.14,target_rebalance,70.3284,400,159.84225819905134,45.38
2020-04-07,MU.US,buy,62.3378,49.1,signal,0.0,0,0.0,0.0
2021-05-12,MU.US,sell,77.0952,49.1,target_rebalance,724.5908,400,141.7965776138457,23.67
2020-04-07,NVDA.US,buy,11.6645,96.39,signal,0.0,0,0.0,0.0
2021-05-12,NVDA.US,sell,13.9441,96.39,target_rebalance,219.7238,400,139.8985770185899,19.54
2020-04-07,AMD.US,buy,76.4286,10.47,signal,0.0,0,0.0,0.0
2021-05-13,AMD.US,sell,75.1348,10.47,target_rebalance,-13.5464,401,124.10004025825177,-1.69
2020-04-07,ASML.US,buy,377.5468,4.71,signal,0.0,0,0.0,0.0
2021-05-13,ASML.US,sell,592.5018,4.71,target_rebalance,1012.4379,401,176.06602670959373,56.93
2020-04-07,AVGO.US,buy,31.4989,18.84,signal,0.0,0,0.0,0.0
2021-05-13,AVGO.US,sell,38.7936,18.84,target_rebalance,137.4336,401,166.5055007428242,23.16
2020-04-07,NVDA.US,buy,11.6645,58.99,signal,0.0,0,0.0,0.0
2021-05-13,NVDA.US,sell,13.9682,58.99,target_rebalance,135.8931,401,140.89857701858986,19.75
2020-04-07,AMAT.US,buy,71.6086,36.14,signal,0.0,0,0.0,0.0
2021-05-14,AMAT.US,sell,116.4171,36.14,target_rebalance,1619.3787,402,169.79862089091867,62.57
2020-04-07,ASML.US,buy,377.5468,0.98,signal,0.0,0,0.0,0.0
2021-05-14,ASML.US,sell,600.6035,0.98,target_rebalance,218.5955,402,177.06602670959373,59.08
2020-04-07,AVGO.US,buy,31.4989,25.18,signal,0.0,0,0.0,0.0
2021-05-14,AVGO.US,sell,39.3802,25.18,target_rebalance,198.4522,402,167.50550074282418,25.02
2020-04-07,LRCX.US,buy,37.4383,131.46,signal,0.0,0,0.0,0.0
2021-05-14,LRCX.US,sell,56.4076,131.46,target_rebalance,2493.7111,402,161.7880893783374,50.67
2020-04-07,ASML.US,buy,377.5468,0.19,signal,0.0,0,0.0,0.0
2021-05-17,ASML.US,sell,602.2715,0.19,target_rebalance,42.6977,405,178.06602670959373,59.52
2020-04-07,AVGO.US,buy,31.4989,76.37,signal,0.0,0,0.0,0.0
2021-05-17,AVGO.US,sell,39.8991,76.37,target_rebalance,641.5252,405,168.50550074282418,26.67
2020-04-07,NVDA.US,buy,11.7074,296.59,signal,0.0,0,0.0,0.0
2021-05-17,NVDA.US,sell,14.0909,296.59,target_rebalance,706.9057,405,140.11708333430943,20.36
2020-04-07,AMAT.US,buy,71.6086,23.6,signal,0.0,0,0.0,0.0
2021-05-18,AMAT.US,sell,119.7122,23.6,target_rebalance,1135.2444,406,171.79862089091864,67.18
2020-04-07,MU.US,buy,62.5125,7.2,signal,0.0,0,0.0,0.0
2021-05-18,MU.US,sell,78.4688,7.2,target_rebalance,114.8848,406,143.99150858415484,25.52
2020-04-07,TSM.US,buy,79.5346,49.39,signal,0.0,0,0.0,0.0
2021-05-18,TSM.US,sell,103.6615,49.39,target_rebalance,1191.6259,406,155.39448218888424,30.34
2020-04-07,AMD.US,buy,76.3569,78.27,signal,0.0,0,0.0,0.0
2021-05-19,AMD.US,sell,73.0868,78.27,target_rebalance,-255.9448,407,123.91345758391749,-4.28
2020-04-07,AVGO.US,buy,31.5825,5.29,signal,0.0,0,0.0,0.0
2021-05-19,AVGO.US,sell,38.4426,5.29,target_rebalance,36.2897,407,168.86408060562306,21.72
2020-04-07,MU.US,buy,62.5125,5.83,signal,0.0,0,0.0,0.0
2021-05-19,MU.US,sell,75.215,5.83,target_rebalance,74.0556,407,144.99150858415487,20.32
2020-04-07,TSM.US,buy,79.5346,9.15,signal,0.0,0,0.0,0.0
2021-05-19,TSM.US,sell,99.5334,9.15,target_rebalance,182.9886,407,156.39448218888424,25.14
2020-04-07,AMAT.US,buy,72.0588,41.41,signal,0.0,0,0.0,0.0
2021-05-20,AMAT.US,sell,121.1162,41.41,target_rebalance,2031.4658,408,171.93388245157612,68.08
2020-04-07,LRCX.US,buy,37.7671,71.93,signal,0.0,0,0.0,0.0
2021-05-20,LRCX.US,sell,57.5055,71.93,target_rebalance,1419.7798,408,162.81099658769807,52.26
2020-04-07,NVDA.US,buy,11.7341,32.12,signal,0.0,0,0.0,0.0
2021-05-20,NVDA.US,sell,14.2357,32.12,target_rebalance,80.3522,408,141.3701790096338,21.32
2020-04-07,NVDA.US,buy,11.7341,652.46,signal,0.0,0,0.0,0.0
2021-05-21,NVDA.US,sell,15.0929,652.46,target_rebalance,2191.5176,409,142.37017900963383,28.62
2020-04-07,AMAT.US,buy,72.0651,9.41,signal,0.0,0,0.0,0.0
2021-05-24,AMAT.US,sell,124.3444,9.41,target_rebalance,491.9478,412,173.91287018132007,72.54
2020-04-07,ASML.US,buy,382.5772,1.86,signal,0.0,0,0.0,0.0
2021-05-24,ASML.US,sell,617.1497,1.86,target_rebalance,436.3048,412,178.94949903526086,61.31
2020-04-07,AVGO.US,buy,31.5994,1.97,signal,0.0,0,0.0,0.0
2021-05-24,AVGO.US,sell,41.2329,1.97,target_rebalance,18.978,412,171.53648874001996,30.49
2020-04-07,LRCX.US,buy,37.7671,31.66,signal,0.0,0,0.0,0.0
2021-05-24,LRCX.US,sell,59.1854,31.66,target_rebalance,678.1029,412,164.81099658769807,56.71
2020-04-07,NVDA.US,buy,11.7341,128.2,signal,0.0,0,0.0,0.0
2021-05-24,NVDA.US,sell,15.1414,128.2,target_rebalance,436.8253,412,143.3701790096338,29.04
2020-04-07,AMAT.US,buy,72.0651,50.86,signal,0.0,0,0.0,0.0
2021-05-25,AMAT.US,sell,130.3233,50.86,target_rebalance,2963.0113,413,174.91287018132007,80.84
2020-04-07,ASML.US,buy,382.5772,5.04,signal,0.0,0,0.0,0.0
2021-05-25,ASML.US,sell,639.7103,5.04,target_rebalance,1295.9506,413,179.94949903526089,67.21
2020-04-07,NVDA.US,buy,11.7341,201.93,signal,0.0,0,0.0,0.0
2021-05-25,NVDA.US,sell,15.6923,201.93,target_rebalance,799.2976,413,144.3701790096338,33.73
2020-04-07,AMAT.US,buy,72.0651,35.63,signal,0.0,0,0.0,0.0
2021-05-26,AMAT.US,sell,132.0054,35.63,target_rebalance,2135.673,414,175.9128701813201,83.18
2020-04-07,AMD.US,buy,76.3991,27.53,signal,0.0,0,0.0,0.0
2021-05-26,AMD.US,sell,77.7522,27.53,target_rebalance,37.2498,414,123.95965830483367,1.77
2020-04-07,LRCX.US,buy,37.7671,15.89,signal,0.0,0,0.0,0.0
2021-05-26,LRCX.US,sell,60.7394,15.89,target_rebalance,365.0303,414,166.81099658769807,60.83
2020-04-07,NVDA.US,buy,11.7341,11.45,signal,0.0,0,0.0,0.0
2021-05-26,NVDA.US,sell,15.6607,11.45,target_rebalance,44.9606,414,145.37017900963383,33.46
2020-04-07,AMD.US,buy,76.3991,17.21,signal,0.0,0,0.0,0.0
2021-05-27,AMD.US,sell,78.0319,17.21,target_rebalance,28.1002,415,124.95965830483367,2.14
2020-04-07,MU.US,buy,63.137,36.18,signal,0.0,0,0.0,0.0
2021-05-27,MU.US,sell,80.3294,36.18,target_rebalance,622.0197,415,145.53811726298275,27.23
2020-04-07,TSM.US,buy,80.5636,46.48,signal,0.0,0,0.0,0.0
2021-05-27,TSM.US,sell,106.4136,46.48,target_rebalance,1201.5088,415,155.7065743759177,32.09
2020-04-07,AMAT.US,buy,72.7589,19.96,signal,0.0,0,0.0,0.0
2021-05-28,AMAT.US,sell,133.1536,19.96,target_rebalance,1205.478,416,175.80604693919446,83.01
2020-04-07,AVGO.US,buy,31.7323,48.28,signal,0.0,0,0.0,0.0
2021-05-28,AVGO.US,sell,42.4132,48.28,target_rebalance,515.6753,416,173.27757823093313,33.66
2020-04-07,LRCX.US,buy,37.9452,66.4,signal,0.0,0,0.0,0.0
2021-05-28,LRCX.US,sell,61.8023,66.4,target_rebalance,1584.1137,416,167.47948439505956,62.87
2020-04-07,MU.US,buy,63.137,31.02,signal,0.0,0,0.0,0.0
2021-05-28,MU.US,sell,82.0439,31.02,target_rebalance,586.4916,416,146.53811726298278,29.95
2020-04-07,AMD.US,buy,76.408,32.49,signal,0.0,0,0.0,0.0
2021-06-01,AMD.US,sell,80.929,32.49,target_rebalance,146.8861,420,126.47940336493811,5.92
2020-04-07,ASML.US,buy,385.2128,1.04,signal,0.0,0,0.0,0.0
2021-06-01,ASML.US,sell,652.6442,1.04,target_rebalance,278.1287,420,182.03176423332334,69.42
2020-04-07,NVDA.US,buy,11.8258,534.58,signal,0.0,0,0.0,0.0
2021-06-01,NVDA.US,sell,16.194,534.58,target_rebalance,2335.1557,420,144.74181057926396,36.94
2020-04-07,TSM.US,buy,80.7801,22.4,signal,0.0,0,0.0,0.0
2021-06-01,TSM.US,sell,109.817,22.4,target_rebalance,650.4249,420,156.41807425687526,35.95
2020-04-07,AMD.US,buy,76.408,29.19,signal,0.0,0,0.0,0.0
2021-06-02,AMD.US,sell,80.919,29.19,target_rebalance,131.6753,421,127.4794033649381,5.9
2020-04-07,NVDA.US,buy,11.8258,127.36,signal,0.0,0,0.0,0.0
2021-06-02,NVDA.US,sell,16.1763,127.36,target_rebalance,554.0849,421,145.74181057926396,36.79
2020-04-07,TSM.US,buy,80.7801,2.66,signal,0.0,0,0.0,0.0
2021-06-02,TSM.US,sell,109.0739,2.66,target_rebalance,75.2614,421,157.41807425687526,35.03
2020-04-07,AMD.US,buy,76.408,13.83,signal,0.0,0,0.0,0.0
2021-06-03,AMD.US,sell,81.0489,13.83,target_rebalance,64.1828,422,128.4794033649381,6.07
2020-04-07,NVDA.US,buy,11.8258,551.46,signal,0.0,0,0.0,0.0
2021-06-03,NVDA.US,sell,16.6227,551.46,target_rebalance,2645.3288,422,146.74181057926396,40.56
2020-04-07,ASML.US,buy,388.7475,1.98,signal,0.0,0,0.0,0.0
2021-06-04,ASML.US,sell,643.1797,1.98,target_rebalance,503.7759,423,182.48761483207662,65.45
2020-04-07,LRCX.US,buy,38.6307,7.53,signal,0.0,0,0.0,0.0
2021-06-04,LRCX.US,sell,60.9514,7.53,target_rebalance,168.075,423,166.52402805120005,57.78
2020-04-07,NVDA.US,buy,11.8258,355.56,signal,0.0,0,0.0,0.0
2021-06-04,NVDA.US,sell,17.0326,355.56,target_rebalance,1851.3225,423,147.74181057926396,44.03
2020-04-07,AMAT.US,buy,74.113,3.71,signal,0.0,0,0.0,0.0
2021-06-07,AMAT.US,sell,133.4311,3.71,target_rebalance,220.0701,426,176.8197677203602,80.04
2020-04-07,LRCX.US,buy,38.6307,14.48,signal,0.0,0,0.0,0.0
2021-06-07,LRCX.US,sell,61.6717,14.48,target_rebalance,333.6331,426,167.52402805120005,59.64
2020-04-07,NVDA.US,buy,11.8258,317.19,signal,0.0,0,0.0,0.0
2021-06-07,NVDA.US,sell,17.4892,317.19,target_rebalance,1796.3692,426,148.74181057926393,47.89
2020-04-07,AMAT.US,buy,74.113,2.98,signal,0.0,0,0.0,0.0
2021-06-08,AMAT.US,sell,134.273,2.98,target_rebalance,179.2768,427,177.8197677203602,81.17
2020-04-07,ASML.US,buy,388.7475,4.47,signal,0.0,0,0.0,0.0
2021-06-08,ASML.US,sell,658.2962,4.47,target_rebalance,1204.8829,427,184.48761483207664,69.34
2020-04-07,LRCX.US,buy,38.6307,23.92,signal,0.0,0,0.0,0.0
2021-06-08,LRCX.US,sell,62.2755,23.92,target_rebalance,565.5834,427,168.52402805120005,61.21
2020-04-07,MU.US,buy,63.7468,54.2,signal,0.0,0,0.0,0.0
2021-06-08,MU.US,sell,82.7745,54.2,target_rebalance,1031.3038,427,147.59650967751134,29.85
2020-04-07,AMD.US,buy,76.4489,25.6,signal,0.0,0,0.0,0.0
2021-06-09,AMD.US,sell,81.0089,25.6,target_rebalance,116.7371,428,131.36565620400165,5.96
2020-04-07,ASML.US,buy,388.7475,4.41,signal,0.0,0,0.0,0.0
2021-06-09,ASML.US,sell,652.892,4.41,target_rebalance,1164.8772,428,185.48761483207664,67.95
2020-04-07,AVGO.US,buy,32.0553,101.08,signal,0.0,0,0.0,0.0
2021-06-09,AVGO.US,sell,42.1596,101.08,target_rebalance,1021.3451,428,174.9525126179416,31.52
2020-04-07,NVDA.US,buy,11.857,269.78,signal,0.0,0,0.0,0.0
2021-06-09,NVDA.US,sell,17.4379,269.78,target_rebalance,1505.6305,428,149.9160396926125,47.07
2020-04-07,TSM.US,buy,81.4983,6.54,signal,0.0,0,0.0,0.0
2021-06-09,TSM.US,sell,106.4136,6.54,target_rebalance,162.9457,428,158.24435116335331,30.57
2020-04-07,ASML.US,buy,388.7475,5.47,signal,0.0,0,0.0,0.0
2021-06-10,ASML.US,sell,657.0475,5.47,target_rebalance,1467.6013,429,186.48761483207664,69.02
2020-04-07,AVGO.US,buy,32.0553,11.95,signal,0.0,0,0.0,0.0
2021-06-10,AVGO.US,sell,42.0071,11.95,target_rebalance,118.9244,429,175.95251261794164,31.05
2020-04-07,TSM.US,buy,81.4983,40.93,signal,0.0,0,0.0,0.0
2021-06-10,TSM.US,sell,107.3676,40.93,target_rebalance,1058.8294,429,159.24435116335331,31.74
2020-04-07,AMD.US,buy,76.4708,25.8,signal,0.0,0,0.0,0.0
2021-06-11,AMD.US,sell,81.5284,25.8,target_rebalance,130.4857,430,132.5701323741908,6.61
2020-04-07,ASML.US,buy,388.7475,0.84,signal,0.0,0,0.0,0.0
2021-06-11,ASML.US,sell,665.4733,0.84,target_rebalance,232.4497,430,187.48761483207664,71.18
2020-04-07,LRCX.US,buy,38.9712,12.83,signal,0.0,0,0.0,0.0
2021-06-11,LRCX.US,sell,60.7262,12.83,target_rebalance,279.1161,430,168.84745646053668,55.82
2020-04-07,NVDA.US,buy,11.8887,339.03,signal,0.0,0,0.0,0.0
2021-06-14,NVDA.US,sell,17.8264,339.03,target_rebalance,2013.072,433,152.04635642224045,49.94
2020-04-07,AMAT.US,buy,74.9406,11.21,signal,0.0,0,0.0,0.0
2021-06-15,AMAT.US,sell,133.1153,11.21,target_rebalance,652.1381,434,180.20171928868572,77.63
2020-04-07,ASML.US,buy,388.7475,0.14,signal,0.0,0,0.0,0.0
2021-06-15,ASML.US,sell,674.4326,0.14,target_rebalance,39.9959,434,189.48761483207664,73.49
2020-04-07,AVGO.US,buy,32.0825,15.39,signal,0.0,0,0.0,0.0
2021-06-15,AVGO.US,sell,43.0052,15.39,target_rebalance,168.1005,434,178.48563025076862,34.05
2020-04-07,MU.US,buy,64.5218,8.33,signal,0.0,0,0.0,0.0
2021-06-15,MU.US,sell,78.5564,8.33,target_rebalance,116.9084,434,144.51637782516866,21.75
2020-04-07,TSM.US,buy,81.4983,11.05,signal,0.0,0,0.0,0.0
2021-06-15,TSM.US,sell,110.4041,11.05,target_rebalance,319.4086,434,162.24435116335331,35.47
2020-04-07,AMAT.US,buy,74.9406,10.12,signal,0.0,0,0.0,0.0
2021-06-16,AMAT.US,sell,133.4789,10.12,target_rebalance,592.4073,435,181.20171928868575,78.11
2020-04-07,MU.US,buy,64.5218,107.44,signal,0.0,0,0.0,0.0
2021-06-16,MU.US,sell,80.5924,107.44,target_rebalance,1726.6269,435,145.51637782516866,24.91
2020-04-07,AMD.US,buy,76.5669,49.65,signal,0.0,0,0.0,0.0
2021-06-17,AMD.US,sell,80.6892,49.65,target_rebalance,204.6729,436,133.8818915098915,5.38
2020-04-07,AVGO.US,buy,32.1836,7.84,signal,0.0,0,0.0,0.0
2021-06-17,AVGO.US,sell,41.9512,7.84,target_rebalance,76.5778,436,178.7471526154982,30.35
2020-04-07,NVDA.US,buy,11.9657,205.82,signal,0.0,0,0.0,0.0
2021-06-17,NVDA.US,sell,17.6955,205.82,target_rebalance,1179.3104,436,153.05389479650313,47.89
2020-04-07,TSM.US,buy,81.5867,1.86,signal,0.0,0,0.0,0.0
2021-06-17,TSM.US,sell,108.3688,1.86,target_rebalance,49.8149,436,163.73650138109898,32.83
2020-04-07,AMD.US,buy,76.5669,130.1,signal,0.0,0,0.0,0.0
2021-06-18,AMD.US,sell,84.1957,130.1,target_rebalance,992.5077,437,134.8818915098915,9.96
2020-04-07,NVDA.US,buy,11.9657,806.95,signal,0.0,0,0.0,0.0
2021-06-18,NVDA.US,sell,18.7005,806.95,target_rebalance,5434.6727,437,154.05389479650313,56.28
2020-04-07,AMD.US,buy,76.5669,30.88,signal,0.0,0,0.0,0.0
2021-06-21,AMD.US,sell,83.4065,30.88,target_rebalance,211.2067,440,135.8818915098915,8.93
2020-04-07,ASML.US,buy,394.5398,2.72,signal,0.0,0,0.0,0.0
2021-06-21,ASML.US,sell,646.6969,2.72,target_rebalance,685.8673,440,189.31841884752373,63.91
2020-04-07,AVGO.US,buy,32.1935,76.74,signal,0.0,0,0.0,0.0
2021-06-21,AVGO.US,sell,41.9421,76.74,target_rebalance,748.1111,440,180.57058513476406,30.28
2020-04-07,AMAT.US,buy,76.7925,19.01,signal,0.0,0,0.0,0.0
2021-06-22,AMAT.US,sell,127.0781,19.01,target_rebalance,955.93,441,178.84902043029538,65.48
2020-04-07,ASML.US,buy,394.5398,0.19,signal,0.0,0,0.0,0.0
2021-06-22,ASML.US,sell,648.5933,0.19,target_rebalance,48.2702,441,190.3184188475237,64.39
2020-04-07,AVGO.US,buy,32.1935,66.54,signal,0.0,0,0.0,0.0
2021-06-22,AVGO.US,sell,42.4342,66.54,target_rebalance,681.4148,441,181.57058513476406,31.81
2020-04-07,LRCX.US,buy,39.5099,2.36,signal,0.0,0,0.0,0.0
2021-06-22,LRCX.US,sell,58.5614,2.36,target_rebalance,44.9617,441,171.28524028854522,48.22
2020-04-07,MU.US,buy,65.0997,21.66,signal,0.0,0,0.0,0.0
2021-06-22,MU.US,sell,75.6047,21.66,target_rebalance,227.5386,441,142.68713999053188,16.14
2020-04-07,LRCX.US,buy,39.5099,0.83,signal,0.0,0,0.0,0.0
2021-06-23,LRCX.US,sell,59.2708,0.83,target_rebalance,16.4015,442,172.28524028854522,50.02
2020-04-07,NVDA.US,buy,11.9657,252.08,signal,0.0,0,0.0,0.0
2021-06-23,NVDA.US,sell,18.9233,252.08,target_rebalance,1753.8687,442,157.05389479650313,58.15
2020-04-07,TSM.US,buy,82.2324,28.18,signal,0.0,0,0.0,0.0
2021-06-23,TSM.US,sell,107.006,28.18,target_rebalance,698.1182,442,163.30250586193839,30.13
2020-04-07,AMAT.US,buy,76.7925,14.32,signal,0.0,0,0.0,0.0
2021-06-24,AMAT.US,sell,131.0774,14.32,target_rebalance,777.3601,443,180.84902043029538,70.69
2020-04-07,LRCX.US,buy,39.5099,4.32,signal,0.0,0,0.0,0.0
2021-06-24,LRCX.US,sell,60.1062,4.32,target_rebalance,88.9764,443,173.28524028854522,52.13
2020-04-07,MU.US,buy,65.1396,57.73,signal,0.0,0,0.0,0.0
2021-06-24,MU.US,sell,78.3519,57.73,target_rebalance,762.7451,443,144.1725770211595,20.28
2020-04-07,AMAT.US,buy,76.7925,9.98,signal,0.0,0,0.0,0.0
2021-06-25,AMAT.US,sell,132.7134,9.98,target_rebalance,558.0912,444,181.8490204302954,72.82
2020-04-07,AMD.US,buy,76.672,46.77,signal,0.0,0,0.0,0.0
2021-06-25,AMD.US,sell,86.2537,46.77,target_rebalance,448.1342,444,137.84730805709117,12.5
2020-04-07,MU.US,buy,65.1396,23.39,signal,0.0,0,0.0,0.0
2021-06-25,MU.US,sell,79.4624,23.39,target_rebalance,335.0111,444,145.1725770211595,21.99
2020-04-07,ASML.US,buy,397.6518,1.57,signal,0.0,0,0.0,0.0
2021-06-28,ASML.US,sell,666.1691,1.57,target_rebalance,421.5722,447,192.0688219577256,67.53
2020-04-07,MU.US,buy,65.1396,43.87,signal,0.0,0,0.0,0.0
2021-06-28,MU.US,sell,80.495,43.87,target_rebalance,673.6435,447,146.1725770211595,23.57
2020-04-07,NVDA.US,buy,12.0033,4.56,signal,0.0,0,0.0,0.0
2021-06-28,NVDA.US,sell,19.2752,4.56,target_rebalance,33.1601,447,159.23185970228658,60.58
2020-04-07,LRCX.US,buy,39.6009,5.46,signal,0.0,0,0.0,0.0
2021-06-29,LRCX.US,sell,61.3476,5.46,target_rebalance,118.7373,448,175.5239386050312,54.91
2020-04-07,NVDA.US,buy,12.0033,212.74,signal,0.0,0,0.0,0.0
2021-06-29,NVDA.US,sell,19.7942,212.74,target_rebalance,1657.434,448,160.2318597022866,64.91
2020-04-07,TSM.US,buy,82.5392,6.48,signal,0.0,0,0.0,0.0
2021-06-29,TSM.US,sell,109.9528,6.48,target_rebalance,177.6401,448,165.3346899959555,33.21
2020-04-07,AMD.US,buy,76.6851,92.35,signal,0.0,0,0.0,0.0
2021-06-30,AMD.US,sell,90.7292,92.35,target_rebalance,1296.9664,449,140.67741641479526,18.31
2020-04-07,MU.US,buy,65.1507,10.27,signal,0.0,0,0.0,0.0
2021-06-30,MU.US,sell,82.6576,10.27,target_rebalance,179.7968,449,148.0731205443966,26.87
2020-04-07,AMD.US,buy,76.6851,126.97,signal,0.0,0,0.0,0.0
2021-07-01,AMD.US,sell,93.946,126.97,target_rebalance,2191.6055,450,141.6774164147953,22.51
2020-04-07,NVDA.US,buy,12.0279,86.58,signal,0.0,0,0.0,0.0
2021-07-01,NVDA.US,sell,20.0356,86.58,target_rebalance,693.3002,450,161.73099970722646,66.58
2020-04-07,ASML.US,buy,407.657,2.86,signal,0.0,0,0.0,0.0
2021-07-02,ASML.US,sell,656.2184,2.86,target_rebalance,710.8857,451,188.74918971725756,60.97
2020-04-07,AVGO.US,buy,32.5416,24.6,signal,0.0,0,0.0,0.0
2021-07-02,AVGO.US,sell,43.3609,24.6,target_rebalance,266.156,451,183.32732929349055,33.25
2020-04-07,NVDA.US,buy,12.0279,346.58,signal,0.0,0,0.0,0.0
2021-07-02,NVDA.US,sell,20.3494,346.58,target_rebalance,2884.0555,451,162.7309997072265,69.18
2020-04-07,AMD.US,buy,76.6879,46.38,signal,0.0,0,0.0,0.0
2021-07-06,AMD.US,sell,94.7851,46.38,target_rebalance,839.3475,455,143.653617902324,23.6
2020-04-07,NVDA.US,buy,12.0279,203.86,signal,0.0,0,0.0,0.0
2021-07-06,NVDA.US,sell,20.6453,203.86,target_rebalance,1756.7431,455,163.7309997072265,71.64
2020-04-07,TSM.US,buy,82.7432,16.67,signal,0.0,0,0.0,0.0
2021-07-06,TSM.US,sell,110.3672,16.67,target_rebalance,460.4915,455,168.09065838320313,33.39
2020-04-07,ASML.US,buy,407.657,1.24,signal,0.0,0,0.0,0.0
2021-07-07,ASML.US,sell,661.5084,1.24,target_rebalance,314.7758,456,190.74918971725756,62.27
2020-04-07,AVGO.US,buy,32.6752,28.66,signal,0.0,0,0.0,0.0
2021-07-07,AVGO.US,sell,43.1999,28.66,target_rebalance,301.6388,456,182.9414925793955,32.21
2020-04-07,MU.US,buy,65.7547,23.8,signal,0.0,0,0.0,0.0
2021-07-07,MU.US,sell,79.5793,23.8,target_rebalance,329.0253,456,145.88649564740106,21.02
2020-04-07,NVDA.US,buy,12.0279,25.69,signal,0.0,0,0.0,0.0
2021-07-07,NVDA.US,sell,20.7608,25.69,target_rebalance,224.3479,456,164.7309997072265,72.6
2020-04-07,TSM.US,buy,82.7432,7.72,signal,0.0,0,0.0,0.0
2021-07-07,TSM.US,sell,111.0946,7.72,target_rebalance,218.8732,456,169.09065838320313,34.26
2020-04-07,ASML.US,buy,407.657,7.03,signal,0.0,0,0.0,0.0
2021-07-08,ASML.US,sell,639.5292,7.03,target_rebalance,1630.0617,457,191.74918971725754,56.88
2020-04-07,AVGO.US,buy,32.6752,191.02,signal,0.0,0,0.0,0.0
2021-07-08,AVGO.US,sell,42.2377,191.02,target_rebalance,1826.6304,457,183.94149257939551,29.27
2020-04-07,TSM.US,buy,82.7432,22.79,signal,0.0,0,0.0,0.0
2021-07-08,TSM.US,sell,106.7021,22.79,target_rebalance,546.0225,457,170.09065838320313,28.96
2020-04-07,AMD.US,buy,77.0315,27.57,signal,0.0,0,0.0,0.0
2021-07-09,AMD.US,sell,89.95,27.57,target_rebalance,356.1615,458,142.25206980108604,16.77
2020-04-07,ASML.US,buy,407.657,2.18,signal,0.0,0,0.0,0.0
2021-07-09,ASML.US,sell,651.9103,2.18,target_rebalance,532.4724,458,192.74918971725756,59.92
2020-04-07,TSM.US,buy,82.7432,10.27,signal,0.0,0,0.0,0.0
2021-07-09,TSM.US,sell,108.6635,10.27,target_rebalance,266.2019,458,171.09065838320313,31.33
2020-04-07,ASML.US,buy,407.657,2.01,signal,0.0,0,0.0,0.0
2021-07-12,ASML.US,sell,667.189,2.01,target_rebalance,521.6594,461,193.74918971725756,63.66
2020-04-07,AVGO.US,buy,32.692,27.37,signal,0.0,0,0.0,0.0
2021-07-12,AVGO.US,sell,43.7747,27.37,target_rebalance,303.3348,461,185.63495321029404,33.9
2020-04-07,TSM.US,buy,82.7432,22.22,signal,0.0,0,0.0,0.0
2021-07-12,TSM.US,sell,111.6012,22.22,target_rebalance,641.224,461,172.09065838320313,34.88
2020-04-07,ASML.US,buy,407.657,1.38,signal,0.0,0,0.0,0.0
2021-07-13,ASML.US,sell,673.1459,1.38,target_rebalance,366.3748,462,194.74918971725754,65.13
2020-04-07,AVGO.US,buy,32.692,16.68,signal,0.0,0,0.0,0.0
2021-07-13,AVGO.US,sell,44.1394,16.68,target_rebalance,190.9434,462,186.63495321029401,35.02
2020-04-07,LRCX.US,buy,40.3996,2.24,signal,0.0,0,0.0,0.0
2021-07-13,LRCX.US,sell,59.0564,2.24,target_rebalance,41.7912,462,177.55605948086497,46.18
2020-04-07,TSM.US,buy,82.7432,29.67,signal,0.0,0,0.0,0.0
2021-07-13,TSM.US,sell,113.4429,29.67,target_rebalance,910.8601,462,173.09065838320313,37.1
2020-04-07,AMAT.US,buy,78.6641,11.32,signal,0.0,0,0.0,0.0
2021-07-14,AMAT.US,sell,132.2159,11.32,target_rebalance,606.2068,463,187.46894055132034,68.08
2020-04-07,ASML.US,buy,407.657,4.71,signal,0.0,0,0.0,0.0
2021-07-14,ASML.US,sell,686.2322,4.71,target_rebalance,1312.0895,463,195.74918971725756,68.34
2020-04-07,LRCX.US,buy,40.3996,30.15,signal,0.0,0,0.0,0.0
2021-07-14,LRCX.US,sell,59.9441,30.15,target_rebalance,589.265,463,178.556059480865,48.38
2020-04-07,TSM.US,buy,82.7432,18.16,signal,0.0,0,0.0,0.0
2021-07-14,TSM.US,sell,115.2478,18.16,target_rebalance,590.2835,463,174.0906583832031,39.28
2020-04-07,AMD.US,buy,77.3633,27.25,signal,0.0,0,0.0,0.0
2021-07-15,AMD.US,sell,89.6902,27.25,target_rebalance,335.9072,464,142.76359915148248,15.93
2020-04-07,ASML.US,buy,407.657,4.8,signal,0.0,0,0.0,0.0
2021-07-15,ASML.US,sell,679.1698,4.8,target_rebalance,1303.2615,464,196.74918971725756,66.6
2020-04-07,AVGO.US,buy,32.692,49.88,signal,0.0,0,0.0,0.0
2021-07-15,AVGO.US,sell,43.953,49.88,target_rebalance,561.6989,464,188.63495321029401,34.45
2020-04-07,MU.US,buy,66.0217,23.77,signal,0.0,0,0.0,0.0
2021-07-15,MU.US,sell,76.3159,23.77,target_rebalance,244.6928,464,147.7897362454069,15.59
2020-04-07,AMAT.US,buy,78.717,15.91,signal,0.0,0,0.0,0.0
2021-07-16,AMAT.US,sell,128.2071,15.91,target_rebalance,787.3873,465,189.2724211715246,62.87
2020-04-07,ASML.US,buy,407.657,0.96,signal,0.0,0,0.0,0.0
2021-07-16,ASML.US,sell,669.9339,0.96,target_rebalance,251.7858,465,197.7491897172576,64.34
2020-04-07,AVGO.US,buy,32.692,50.58,signal,0.0,0,0.0,0.0
2021-07-16,AVGO.US,sell,43.5692,50.58,target_rebalance,550.1695,465,189.63495321029401,33.27
2020-04-07,LRCX.US,buy,40.4953,57.31,signal,0.0,0,0.0,0.0
2021-07-16,LRCX.US,sell,58.1138,57.31,target_rebalance,1009.7177,465,179.60305644114712,43.51
2020-04-07,MU.US,buy,66.0217,2.35,signal,0.0,0,0.0,0.0
2021-07-16,MU.US,sell,75.1664,2.35,target_rebalance,21.49,465,148.78973624540689,13.85
2020-04-07,TSM.US,buy,83.2599,6.54,signal,0.0,0,0.0,0.0
2021-07-16,TSM.US,sell,109.3542,6.54,target_rebalance,170.6566,465,172.8704066221077,31.34
2020-04-07,AMD.US,buy,77.4637,61.38,signal,0.0,0,0.0,0.0
2021-07-19,AMD.US,sell,84.905,61.38,target_rebalance,456.7453,468,143.32672864037315,9.61
2020-04-07,ASML.US,buy,407.657,1.89,signal,0.0,0,0.0,0.0
2021-07-19,ASML.US,sell,642.2646,1.89,target_rebalance,443.4085,468,198.7491897172576,57.55
2020-04-07,AVGO.US,buy,32.692,94.52,signal,0.0,0,0.0,0.0
2021-07-19,AVGO.US,sell,42.1522,94.52,target_rebalance,894.1838,468,190.63495321029401,28.94
2020-04-07,MU.US,buy,66.0217,9.35,signal,0.0,0,0.0,0.0
2021-07-19,MU.US,sell,71.9321,9.35,target_rebalance,55.2626,468,149.7897362454069,8.95
2020-04-07,TSM.US,buy,83.2599,15.5,signal,0.0,0,0.0,0.0
2021-07-19,TSM.US,sell,104.98,15.5,target_rebalance,336.662,468,173.8704066221077,26.09
2020-04-07,AMAT.US,buy,79.5264,20.32,signal,0.0,0,0.0,0.0
2021-07-20,AMAT.US,sell,123.6146,20.32,target_rebalance,895.8729,469,187.54367236737045,55.44
2020-04-07,AMD.US,buy,77.4637,10.67,signal,0.0,0,0.0,0.0
2021-07-20,AMD.US,sell,87.0029,10.67,target_rebalance,101.7829,469,144.32672864037315,12.31
2020-04-07,LRCX.US,buy,40.6427,39.27,signal,0.0,0,0.0,0.0
2021-07-20,LRCX.US,sell,56.5149,39.27,target_rebalance,623.3037,469,179.7579820189191,39.05
2020-04-07,NVDA.US,buy,12.5027,351.31,signal,0.0,0,0.0,0.0
2021-07-20,NVDA.US,sell,18.6468,351.31,target_rebalance,2158.4749,469,162.43894863326057,49.14
2020-04-07,AMAT.US,buy,79.5264,32.63,signal,0.0,0,0.0,0.0
2021-07-21,AMAT.US,sell,127.0781,32.63,target_rebalance,1551.6133,470,188.54367236737045,59.79
2020-04-07,ASML.US,buy,411.1961,12.04,signal,0.0,0,0.0,0.0
2021-07-21,ASML.US,sell,672.8505,12.04,target_rebalance,3150.3187,470,197.78841813534166,63.63
2020-04-07,LRCX.US,buy,40.6427,32.29,signal,0.0,0,0.0,0.0
2021-07-21,LRCX.US,sell,57.6785,32.29,target_rebalance,550.088,470,180.7579820189191,41.92
2020-04-07,AMAT.US,buy,79.5264,11.18,signal,0.0,0,0.0,0.0
2021-07-22,AMAT.US,sell,131.0774,11.18,target_rebalance,576.3402,471,189.54367236737048,64.82
2020-04-07,ASML.US,buy,411.1961,5.16,signal,0.0,0,0.0,0.0
2021-07-22,ASML.US,sell,698.6421,5.16,target_rebalance,1483.2216,471,198.78841813534163,69.9
2020-04-07,LRCX.US,buy,40.6427,64.81,signal,0.0,0,0.0,0.0
2021-07-22,LRCX.US,sell,59.9412,64.81,target_rebalance,1250.7406,471,181.75798201891914,47.48
2020-04-07,NVDA.US,buy,12.5301,181.79,signal,0.0,0,0.0,0.0
2021-07-22,NVDA.US,sell,19.5547,181.79,target_rebalance,1276.9959,471,163.73042780039984,56.06
2020-04-07,AMD.US,buy,77.5925,41.42,signal,0.0,0,0.0,0.0
2021-07-23,AMD.US,sell,91.2586,41.42,target_rebalance,566.051,472,145.49493467051758,17.61
2020-04-07,ASML.US,buy,411.1961,5.49,signal,0.0,0,0.0,0.0
2021-07-23,ASML.US,sell,712.7387,5.49,target_rebalance,1655.469,472,199.78841813534166,73.33
2020-04-07,LRCX.US,buy,40.6427,38.42,signal,0.0,0,0.0,0.0
2021-07-23,LRCX.US,sell,60.8564,38.42,target_rebalance,776.611,472,182.75798201891914,49.74
2020-04-07,AMAT.US,buy,79.5264,4.89,signal,0.0,0,0.0,0.0
2021-07-26,AMAT.US,sell,132.2542,4.89,target_rebalance,257.8393,475,191.54367236737048,66.3
2020-04-07,AMD.US,buy,77.5925,28.9,signal,0.0,0,0.0,0.0
2021-07-26,AMD.US,sell,91.918,28.9,target_rebalance,414.0061,475,146.49493467051758,18.46
2020-04-07,ASML.US,buy,411.1961,6.67,signal,0.0,0,0.0,0.0
2021-07-26,ASML.US,sell,722.6609,6.67,target_rebalance,2077.4706,475,200.78841813534166,75.75
2020-04-07,AVGO.US,buy,33.0275,25.27,signal,0.0,0,0.0,0.0
2021-07-26,AVGO.US,sell,43.8511,25.27,target_rebalance,273.5133,475,189.36099342003183,32.77
2020-04-07,LRCX.US,buy,40.6427,1.27,signal,0.0,0,0.0,0.0
2021-07-26,LRCX.US,sell,60.8099,1.27,target_rebalance,25.6124,475,183.7579820189191,49.62
2020-04-07,AMAT.US,buy,79.5264,0.3,signal,0.0,0,0.0,0.0
2021-07-27,AMAT.US,sell,131.6802,0.3,target_rebalance,15.6461,476,192.54367236737048,65.58
2020-04-07,AMD.US,buy,77.5925,50.61,signal,0.0,0,0.0,0.0
2021-07-27,AMD.US,sell,92.8471,50.61,target_rebalance,772.0323,476,147.49493467051758,19.66
2020-04-07,AVGO.US,buy,33.0275,11.5,signal,0.0,0,0.0,0.0
2021-07-27,AVGO.US,sell,43.7238,11.5,target_rebalance,123.0077,476,190.36099342003183,32.39
2020-04-07,NVDA.US,buy,12.678,1.47,signal,0.0,0,0.0,0.0
2021-07-27,NVDA.US,sell,19.1794,1.47,target_rebalance,9.5571,476,163.14100305477544,51.28
2020-04-07,AMD.US,buy,77.5925,38.56,signal,0.0,0,0.0,0.0
2021-07-28,AMD.US,sell,93.3466,38.56,target_rebalance,607.4758,477,148.49493467051758,20.3
2020-04-07,ASML.US,buy,412.065,1.02,signal,0.0,0,0.0,0.0
2021-07-28,ASML.US,sell,714.8452,1.02,target_rebalance,308.8358,477,202.21579604339033,73.48
2020-04-07,MU.US,buy,66.3972,2.78,signal,0.0,0,0.0,0.0
2021-07-28,MU.US,sell,72.6238,2.78,target_rebalance,17.31,477,149.33129340180483,9.38
2020-04-07,NVDA.US,buy,12.678,144.13,signal,0.0,0,0.0,0.0
2021-07-28,NVDA.US,sell,19.2332,144.13,target_rebalance,944.8011,477,164.14100305477544,51.71
2020-04-07,AMD.US,buy,77.5925,79.68,signal,0.0,0,0.0,0.0
2021-07-29,AMD.US,sell,96.4834,79.68,target_rebalance,1505.227,478,149.49493467051755,24.35
2020-04-07,ASML.US,buy,412.065,2.63,signal,0.0,0,0.0,0.0
2021-07-29,ASML.US,sell,725.9301,2.63,target_rebalance,825.4651,478,203.21579604339033,76.17
2020-04-07,MU.US,buy,66.3972,47.4,signal,0.0,0,0.0,0.0
2021-07-29,MU.US,sell,74.1142,47.4,target_rebalance,365.789,478,150.33129340180483,11.62
2020-04-07,NVDA.US,buy,12.678,13.7,signal,0.0,0,0.0,0.0
2021-07-29,NVDA.US,sell,19.4323,13.7,target_rebalance,92.534,478,165.14100305477544,53.28
2020-04-07,TSM.US,buy,84.6108,19.5,signal,0.0,0,0.0,0.0
2021-07-29,TSM.US,sell,106.8218,19.5,target_rebalance,433.1147,478,171.9601752208624,26.25
2020-04-07,AMD.US,buy,77.5925,142.23,signal,0.0,0,0.0,0.0
2021-07-30,AMD.US,sell,101.4984,142.23,target_rebalance,3400.1329,479,150.49493467051758,30.81
2020-04-07,AMAT.US,buy,80.4192,8.34,signal,0.0,0,0.0,0.0
2021-08-02,AMAT.US,sell,134.9427,8.34,target_rebalance,454.7262,482,193.10186963265545,67.8
2020-04-07,AMD.US,buy,77.5925,42.94,signal,0.0,0,0.0,0.0
2021-08-02,AMD.US,sell,105.8241,42.94,target_rebalance,1212.2627,482,151.49493467051758,36.38
2020-04-07,LRCX.US,buy,41.5534,142.35,signal,0.0,0,0.0,0.0
2021-08-02,LRCX.US,sell,61.2812,142.35,target_rebalance,2808.2506,482,179.19825479172164,47.48
2020-04-07,MU.US,buy,66.4327,31.74,signal,0.0,0,0.0,0.0
2021-08-02,MU.US,sell,76.9978,31.74,target_rebalance,335.3361,482,151.6524881680266,15.9
2020-04-07,AMAT.US,buy,80.4192,19.66,signal,0.0,0,0.0,0.0
2021-08-03,AMAT.US,sell,136.3779,19.66,target_rebalance,1100.148,483,194.10186963265545,69.58
2020-04-07,AMD.US,buy,77.5925,56.71,signal,0.0,0,0.0,0.0
2021-08-03,AMD.US,sell,108.0419,56.71,target_rebalance,1726.7815,483,152.49493467051758,39.24
2020-04-07,AMD.US,buy,77.5925,116.69,signal,0.0,0,0.0,0.0
2021-08-04,AMD.US,sell,114.2456,116.69,target_rebalance,4277.0525,484,153.49493467051755,47.24
2020-04-07,ASML.US,buy,419.8006,3.65,signal,0.0,0,0.0,0.0
2021-08-04,ASML.US,sell,754.886,3.65,target_rebalance,1223.0617,484,202.28291824571934,79.82
2020-04-07,MU.US,buy,66.4616,1.73,signal,0.0,0,0.0,0.0
2021-08-04,MU.US,sell,78.3713,1.73,target_rebalance,20.6038,484,153.2332472832234,17.92
2020-04-07,AMD.US,buy,77.5925,21.77,signal,0.0,0,0.0,0.0
2021-08-05,AMD.US,sell,116.5134,21.77,target_rebalance,847.3068,485,154.49493467051758,50.16
2020-04-07,ASML.US,buy,419.8006,2.06,signal,0.0,0,0.0,0.0
2021-08-05,ASML.US,sell,767.7533,2.06,target_rebalance,716.7825,485,203.28291824571934,82.89
2020-04-07,MU.US,buy,66.4616,36.63,signal,0.0,0,0.0,0.0
2021-08-05,MU.US,sell,80.0177,36.63,target_rebalance,496.5571,485,154.23324728322336,20.4
2020-04-07,NVDA.US,buy,12.8797,184.62,signal,0.0,0,0.0,0.0
2021-08-05,NVDA.US,sell,20.4089,184.62,target_rebalance,1390.0474,485,165.27235909646976,58.46
2020-04-07,AMAT.US,buy,81.6303,6.02,signal,0.0,0,0.0,0.0
2021-08-06,AMAT.US,sell,135.5933,6.02,target_rebalance,324.8573,486,192.93635868380457,66.11
2020-04-07,AVGO.US,buy,33.5755,26.25,signal,0.0,0,0.0,0.0
2021-08-06,AVGO.US,sell,44.1158,26.25,target_rebalance,276.6819,486,188.94140332423393,31.39
2020-04-07,LRCX.US,buy,41.9875,1.1,signal,0.0,0,0.0,0.0
2021-08-06,LRCX.US,sell,60.9398,1.1,target_rebalance,20.8476,486,179.29407036936962,45.14
2020-04-07,MU.US,buy,66.4616,21.01,signal,0.0,0,0.0,0.0
2021-08-06,MU.US,sell,79.1019,21.01,target_rebalance,265.5727,486,155.23324728322336,19.02
2020-04-07,NVDA.US,buy,12.8797,294.22,signal,0.0,0,0.0,0.0
2021-08-06,NVDA.US,sell,20.4328,294.22,target_rebalance,2222.2817,486,166.27235909646973,58.64
2020-04-07,TSM.US,buy,85.5345,26.57,signal,0.0,0,0.0,0.0
2021-08-06,TSM.US,sell,109.0043,26.57,target_rebalance,623.5908,486,171.17300714660865,27.44
2020-04-07,AMAT.US,buy,81.6303,17.34,signal,0.0,0,0.0,0.0
2021-08-09,AMAT.US,sell,137.2868,17.34,target_rebalance,965.0835,489,193.93635868380454,68.18
2020-04-07,LRCX.US,buy,41.9875,33.29,signal,0.0,0,0.0,0.0
2021-08-09,LRCX.US,sell,61.6416,33.29,target_rebalance,654.2853,489,180.29407036936965,46.81
2020-04-07,MU.US,buy,66.4616,4.51,signal,0.0,0,0.0,0.0
2021-08-09,MU.US,sell,79.6183,4.51,target_rebalance,59.3364,489,156.23324728322336,19.8
2020-04-07,AMAT.US,buy,81.6303,12.17,signal,0.0,0,0.0,0.0
2021-08-10,AMAT.US,sell,136.7319,12.17,target_rebalance,670.5861,490,194.93635868380454,67.5
2020-04-07,ASML.US,buy,422.4346,6.98,signal,0.0,0,0.0,0.0
2021-08-10,ASML.US,sell,758.2984,6.98,target_rebalance,2344.3292,490,204.64952123187143,79.51
2020-04-07,AVGO.US,buy,33.5812,44.08,signal,0.0,0,0.0,0.0
2021-08-10,AVGO.US,sell,44.1913,44.08,target_rebalance,467.6909,490,190.84066773202656,31.6
2020-04-07,NVDA.US,buy,12.934,14.64,signal,0.0,0,0.0,0.0
2021-08-10,NVDA.US,sell,20.2317,14.64,target_rebalance,106.8376,490,167.06227308471867,56.42
2020-04-07,TSM.US,buy,85.6063,23.74,signal,0.0,0,0.0,0.0
2021-08-10,TSM.US,sell,109.124,23.74,target_rebalance,558.3091,490,172.65228706143077,27.47
2020-04-07,AMD.US,buy,79.3357,44.1,signal,0.0,0,0.0,0.0
2021-08-11,AMD.US,sell,107.4924,44.1,target_rebalance,1241.711,491,150.00076354831305,35.49
2020-04-07,ASML.US,buy,422.4346,5.92,signal,0.0,0,0.0,0.0
2021-08-11,ASML.US,sell,754.0569,5.92,target_rebalance,1963.2038,491,205.64952123187143,78.5
2020-04-07,AVGO.US,buy,33.5812,126.91,signal,0.0,0,0.0,0.0
2021-08-11,AVGO.US,sell,44.0921,126.91,target_rebalance,1333.9395,491,191.84066773202656,31.3
2020-04-07,NVDA.US,buy,12.934,85.86,signal,0.0,0,0.0,0.0
2021-08-11,NVDA.US,sell,19.9539,85.86,target_rebalance,602.728,491,168.06227308471867,54.27
2020-04-07,TSM.US,buy,85.6063,6.05,signal,0.0,0,0.0,0.0
2021-08-11,TSM.US,sell,107.2822,6.05,target_rebalance,131.1392,491,173.65228706143077,25.32
2020-04-07,AMD.US,buy,79.3357,55.07,signal,0.0,0,0.0,0.0
2021-08-12,AMD.US,sell,107.2826,55.07,target_rebalance,1539.037,492,151.00076354831305,35.23
2020-04-07,ASML.US,buy,422.4346,7.36,signal,0.0,0,0.0,0.0
2021-08-12,ASML.US,sell,751.7314,7.36,target_rebalance,2423.6243,492,206.64952123187143,77.95
2020-04-07,AVGO.US,buy,33.5812,109.98,signal,0.0,0,0.0,0.0
2021-08-12,AVGO.US,sell,43.862,109.98,target_rebalance,1130.6848,492,192.84066773202656,30.61
2020-04-07,NVDA.US,buy,12.934,186.64,signal,0.0,0,0.0,0.0
2021-08-12,NVDA.US,sell,19.7817,186.64,target_rebalance,1278.0465,492,169.06227308471864,52.94
2020-04-07,TSM.US,buy,85.6063,36.18,signal,0.0,0,0.0,0.0
2021-08-12,TSM.US,sell,106.4074,36.18,target_rebalance,752.5829,492,174.65228706143077,24.3
2020-04-07,AMD.US,buy,79.3357,28.52,signal,0.0,0,0.0,0.0
2021-08-13,AMD.US,sell,107.0628,28.52,target_rebalance,790.7781,493,152.00076354831305,34.95
2020-04-07,AVGO.US,buy,33.5812,89.82,signal,0.0,0,0.0,0.0
2021-08-13,AVGO.US,sell,43.8921,89.82,target_rebalance,926.1191,493,193.84066773202656,30.7
2020-04-07,NVDA.US,buy,12.934,216.61,signal,0.0,0,0.0,0.0
2021-08-13,NVDA.US,sell,19.8166,216.61,target_rebalance,1490.8198,493,170.06227308471864,53.21
2020-04-07,TSM.US,buy,85.6063,22.36,signal,0.0,0,0.0,0.0
2021-08-13,TSM.US,sell,105.9654,22.36,target_rebalance,455.2281,493,175.65228706143077,23.78
2020-04-07,AMD.US,buy,79.3357,62.85,signal,0.0,0,0.0,0.0
2021-08-16,AMD.US,sell,110.0898,62.85,target_rebalance,1932.8958,496,153.00076354831305,38.76
2020-04-07,ASML.US,buy,422.4346,1.59,signal,0.0,0,0.0,0.0
2021-08-16,ASML.US,sell,750.9022,1.59,target_rebalance,522.2635,496,208.64952123187143,77.76
2020-04-07,NVDA.US,buy,12.934,77.17,signal,0.0,0,0.0,0.0
2021-08-16,NVDA.US,sell,20.0455,77.17,target_rebalance,548.7929,496,171.06227308471867,54.98
2020-04-07,AMAT.US,buy,83.9855,28.11,signal,0.0,0,0.0,0.0
2021-08-17,AMAT.US,sell,124.4278,28.11,target_rebalance,1136.8332,497,189.69642297841287,48.15
2020-04-07,ASML.US,buy,422.4346,0.14,signal,0.0,0,0.0,0.0
2021-08-17,ASML.US,sell,745.1166,0.14,target_rebalance,45.1755,497,209.64952123187146,76.39
2020-04-07,AVGO.US,buy,33.5826,55.66,signal,0.0,0,0.0,0.0
2021-08-17,AVGO.US,sell,44.1631,55.66,target_rebalance,588.909,497,195.81539201378047,31.51
2020-04-07,LRCX.US,buy,42.8446,56.15,signal,0.0,0,0.0,0.0
2021-08-17,LRCX.US,sell,55.1863,56.15,target_rebalance,692.9871,497,175.69002452786137,28.81
2020-04-07,MU.US,buy,66.9758,26.53,signal,0.0,0,0.0,0.0
2021-08-17,MU.US,sell,68.357,26.53,target_rebalance,36.6424,497,147.4806535579903,2.06
2020-04-07,AMD.US,buy,79.9529,31.21,signal,0.0,0,0.0,0.0
2021-08-18,AMD.US,sell,107.2426,31.21,target_rebalance,851.7137,498,151.53323535563044,34.13
2020-04-07,MU.US,buy,66.9758,97.9,signal,0.0,0,0.0,0.0
2021-08-18,MU.US,sell,69.409,97.9,target_rebalance,238.2147,498,148.4806535579903,3.63
2020-04-07,ASML.US,buy,422.4346,0.02,signal,0.0,0,0.0,0.0
2021-08-19,ASML.US,sell,726.1589,0.02,target_rebalance,6.0745,499,211.64952123187146,71.9
2020-04-07,MU.US,buy,66.9758,19.75,signal,0.0,0,0.0,0.0
2021-08-19,MU.US,sell,68.3277,19.75,target_rebalance,26.7008,499,149.48065355799034,2.02
2020-04-07,NVDA.US,buy,13.041,287.78,signal,0.0,0,0.0,0.0
2021-08-19,NVDA.US,sell,19.4074,287.78,target_rebalance,1832.1205,499,171.29629772456448,48.82
2020-04-07,AMAT.US,buy,84.0671,32.25,signal,0.0,0,0.0,0.0
2021-08-20,AMAT.US,sell,124.7436,32.25,target_rebalance,1311.8157,500,192.29847194842907,48.39
2020-04-07,ASML.US,buy,422.4346,5.19,signal,0.0,0,0.0,0.0
2021-08-20,ASML.US,sell,748.281,5.19,target_rebalance,1691.1429,500,212.64952123187146,77.14
2020-04-07,LRCX.US,buy,42.8564,67.57,signal,0.0,0,0.0,0.0
2021-08-20,LRCX.US,sell,55.3333,67.57,target_rebalance,843.0666,500,178.4977513454353,29.11
2020-04-07,NVDA.US,buy,13.041,117.26,signal,0.0,0,0.0,0.0
2021-08-20,NVDA.US,sell,19.9022,117.26,target_rebalance,804.5428,500,172.29629772456448,52.61
2020-04-07,ASML.US,buy,422.4346,2.08,signal,0.0,0,0.0,0.0
2021-08-23,ASML.US,sell,757.7647,2.08,target_rebalance,697.4867,503,213.64952123187146,79.38
2020-04-07,MU.US,buy,66.9992,1.02,signal,0.0,0,0.0,0.0
2021-08-23,MU.US,sell,69.0096,1.02,target_rebalance,2.0506,503,149.11095591590734,3.0
2020-04-07,NVDA.US,buy,13.041,629.6,signal,0.0,0,0.0,0.0
2021-08-23,NVDA.US,sell,20.8778,629.6,target_rebalance,4934.0693,503,173.29629772456448,60.09
2020-04-07,AMAT.US,buy,84.9037,4.29,signal,0.0,0,0.0,0.0
2021-08-24,AMAT.US,sell,126.1022,4.29,target_rebalance,176.7414,504,190.14594558680386,48.52
2020-04-07,AMD.US,buy,80.5291,45.71,signal,0.0,0,0.0,0.0
2021-08-24,AMD.US,sell,109.3405,45.71,target_rebalance,1316.9696,504,151.8333754634435,35.78
2020-04-07,NVDA.US,buy,13.041,204.88,signal,0.0,0,0.0,0.0
2021-08-24,NVDA.US,sell,21.6563,204.88,target_rebalance,1765.1142,504,174.29629772456448,66.06
2020-04-07,MU.US,buy,67.0095,13.85,signal,0.0,0,0.0,0.0
2021-08-25,MU.US,sell,70.9093,13.85,target_rebalance,54.0117,505,150.66035300827426,5.82
2020-04-07,TSM.US,buy,86.4006,88.51,signal,0.0,0,0.0,0.0
2021-08-25,TSM.US,sell,106.5547,88.51,target_rebalance,1783.8466,505,175.1804239571741,23.33
2020-04-07,NVDA.US,buy,13.0646,168.16,signal,0.0,0,0.0,0.0
2021-08-26,NVDA.US,sell,22.1014,168.16,target_rebalance,1519.6261,506,175.81800658144087,69.17
2020-04-07,TSM.US,buy,86.4006,35.29,signal,0.0,0,0.0,0.0
2021-08-26,TSM.US,sell,108.6451,35.29,target_rebalance,785.0105,506,176.18042395717413,25.75
2020-04-07,AMAT.US,buy,84.9925,0.39,signal,0.0,0,0.0,0.0
2021-08-27,AMAT.US,sell,127.4927,0.39,target_rebalance,16.5751,507,192.73654696621097,50.0
2020-04-07,ASML.US,buy,428.1829,1.87,signal,0.0,0,0.0,0.0
2021-08-27,ASML.US,sell,776.0836,1.87,target_rebalance,650.5744,507,214.09259165005636,81.25
2020-04-07,AVGO.US,buy,33.9604,55.0,signal,0.0,0,0.0,0.0
2021-08-27,AVGO.US,sell,44.3832,55.0,target_rebalance,573.2527,507,196.31463102769544,30.69
2020-04-07,TSM.US,buy,86.4006,5.97,signal,0.0,0,0.0,0.0
2021-08-27,TSM.US,sell,108.9674,5.97,target_rebalance,134.7242,507,177.18042395717413,26.12
2020-04-07,AMAT.US,buy,84.9925,13.75,signal,0.0,0,0.0,0.0
2021-08-30,AMAT.US,sell,131.8636,13.75,target_rebalance,644.4779,510,193.73654696621097,55.15
2020-04-07,AMD.US,buy,81.1927,34.52,signal,0.0,0,0.0,0.0
2021-08-30,AMD.US,sell,112.4974,34.52,target_rebalance,1080.6362,510,152.16221937236182,38.56
2020-04-07,ASML.US,buy,428.1829,1.13,signal,0.0,0,0.0,0.0
2021-08-30,ASML.US,sell,800.5695,1.13,target_rebalance,420.7969,510,215.0925916500564,86.97
2020-04-07,LRCX.US,buy,43.2455,77.53,signal,0.0,0,0.0,0.0
2021-08-30,LRCX.US,sell,58.3025,77.53,target_rebalance,1167.3688,510,178.6232220096936,34.82
2020-04-07,ASML.US,buy,428.1829,3.26,signal,0.0,0,0.0,0.0
2021-08-31,ASML.US,sell,804.2296,3.26,target_rebalance,1225.9122,511,216.0925916500564,87.82
2020-04-07,AVGO.US,buy,33.9853,27.44,signal,0.0,0,0.0,0.0
2021-08-31,AVGO.US,sell,45.5909,27.44,target_rebalance,318.4576,511,197.89017534916,34.15
2020-04-07,TSM.US,buy,86.9025,32.73,signal,0.0,0,0.0,0.0
2021-08-31,TSM.US,sell,110.5145,32.73,target_rebalance,772.8193,511,175.34039014438432,27.17
2020-04-07,AMD.US,buy,81.4026,3.21,signal,0.0,0,0.0,0.0
2021-09-01,AMD.US,sell,111.1887,3.21,target_rebalance,95.6133,512,153.09697170517677,36.59
2020-04-07,MU.US,buy,67.0964,44.1,signal,0.0,0,0.0,0.0
2021-09-01,MU.US,sell,72.3997,44.1,target_rebalance,233.8753,512,152.60255331117574,7.9
2020-04-07,TSM.US,buy,86.9025,13.66,signal,0.0,0,0.0,0.0
2021-09-01,TSM.US,sell,110.7079,13.66,target_rebalance,325.1811,512,176.34039014438432,27.39
2020-04-07,ASML.US,buy,428.683,6.74,signal,0.0,0,0.0,0.0
2021-09-02,ASML.US,sell,812.2167,6.74,target_rebalance,2585.0169,513,217.80134308640038,89.47
2020-04-07,NVDA.US,buy,13.1465,23.6,signal,0.0,0,0.0,0.0
2021-09-02,NVDA.US,sell,22.4219,23.6,target_rebalance,218.9001,513,179.2567557944933,70.55
2020-04-07,TSM.US,buy,86.9025,24.68,signal,0.0,0,0.0,0.0
2021-09-02,TSM.US,sell,111.3709,24.68,target_rebalance,603.8798,513,177.3403901443843,28.16
2020-04-07,AVGO.US,buy,34.0456,11.68,signal,0.0,0,0.0,0.0
2021-09-03,AVGO.US,sell,45.1016,11.68,target_rebalance,129.1343,514,199.8234566599273,32.47
2020-04-07,MU.US,buy,67.144,51.62,signal,0.0,0,0.0,0.0
2021-09-03,MU.US,sell,72.088,51.62,target_rebalance,255.208,514,152.9283229725008,7.36
2020-04-07,TSM.US,buy,86.9025,22.69,signal,0.0,0,0.0,0.0
2021-09-03,TSM.US,sell,111.9603,22.69,target_rebalance,568.5602,514,178.3403901443843,28.83
2020-04-07,AMAT.US,buy,85.6768,18.93,signal,0.0,0,0.0,0.0
2021-09-07,AMAT.US,sell,130.9817,18.93,target_rebalance,857.6221,518,195.72688562466683,52.88
2020-04-07,ASML.US,buy,428.7196,2.5,signal,0.0,0,0.0,0.0
2021-09-07,ASML.US,sell,824.7313,2.5,target_rebalance,990.0292,518,219.78041367079555,92.37
2020-04-07,NVDA.US,buy,13.1867,135.27,signal,0.0,0,0.0,0.0
2021-09-07,NVDA.US,sell,22.7355,135.27,target_rebalance,1291.6707,518,180.46184325636094,72.41
2020-04-07,TSM.US,buy,86.9025,39.47,signal,0.0,0,0.0,0.0
2021-09-07,TSM.US,sell,114.7597,39.47,target_rebalance,1099.5238,518,179.3403901443843,32.06
2020-04-07,AMAT.US,buy,85.6768,4.31,signal,0.0,0,0.0,0.0
2021-09-08,AMAT.US,sell,130.0711,4.31,target_rebalance,191.3395,519,196.7268856246668,51.82
2020-04-07,AVGO.US,buy,34.1151,80.28,signal,0.0,0,0.0,0.0
2021-09-08,AVGO.US,sell,45.4391,80.28,target_rebalance,909.0878,519,200.58875449753538,33.19
2020-04-07,ASML.US,buy,428.7196,4.59,signal,0.0,0,0.0,0.0
2021-09-09,ASML.US,sell,815.3812,4.59,target_rebalance,1774.777,520,221.78041367079553,90.19
2020-04-07,AVGO.US,buy,34.1151,1.78,signal,0.0,0,0.0,0.0
2021-09-09,AVGO.US,sell,44.8234,1.78,target_rebalance,19.0607,520,201.58875449753538,31.39
2020-04-07,NVDA.US,buy,13.219,44.01,signal,0.0,0,0.0,0.0
2021-09-09,NVDA.US,sell,22.2168,44.01,target_rebalance,395.9909,520,181.8297057425041,68.07
2020-04-07,TSM.US,buy,86.9743,16.48,signal,0.0,0,0.0,0.0
2021-09-09,TSM.US,sell,112.522,16.48,target_rebalance,421.0265,520,180.85331075818786,29.37
2020-04-07,AMAT.US,buy,85.8443,49.28,signal,0.0,0,0.0,0.0
2021-09-10,AMAT.US,sell,132.5441,49.28,target_rebalance,2301.366,521,197.94001493981955,54.4
2020-04-07,ASML.US,buy,428.7196,0.07,signal,0.0,0,0.0,0.0
2021-09-10,ASML.US,sell,830.1166,0.07,target_rebalance,28.0978,521,222.78041367079555,93.63
2020-04-07,LRCX.US,buy,43.693,96.27,signal,0.0,0,0.0,0.0
2021-09-10,LRCX.US,sell,57.1019,96.27,target_rebalance,1290.8754,521,180.58193573142069,30.69
2020-04-07,MU.US,buy,67.2242,46.27,signal,0.0,0,0.0,0.0
2021-09-10,MU.US,sell,71.8639,46.27,target_rebalance,214.6801,521,153.9250821488754,6.9
2020-04-07,AMAT.US,buy,85.8443,1.4,signal,0.0,0,0.0,0.0
2021-09-13,AMAT.US,sell,132.9658,1.4,target_rebalance,65.9702,524,198.94001493981955,54.89
2020-04-07,AVGO.US,buy,34.1959,39.65,signal,0.0,0,0.0,0.0
2021-09-13,AVGO.US,sell,45.6555,39.65,target_rebalance,454.3733,524,202.12454004636416,33.51
2020-04-07,MU.US,buy,67.2242,37.92,signal,0.0,0,0.0,0.0
2021-09-13,MU.US,sell,72.6335,37.92,target_rebalance,205.1209,524,154.92508214887542,8.05
2020-04-07,NVDA.US,buy,13.3464,156.66,signal,0.0,0,0.0,0.0
2021-09-13,NVDA.US,sell,22.5872,156.66,target_rebalance,1447.6659,524,181.2649824004748,69.24
2020-04-07,AMD.US,buy,82.8792,6.25,signal,0.0,0,0.0,0.0
2021-09-14,AMD.US,sell,105.4145,6.25,target_rebalance,140.8455,525,152.0490037720149,27.19
2020-04-07,ASML.US,buy,429.7619,6.59,signal,0.0,0,0.0,0.0
2021-09-14,ASML.US,sell,842.3928,6.59,target_rebalance,2719.2379,525,224.19934921091456,96.01
2020-04-07,AVGO.US,buy,34.1959,10.93,signal,0.0,0,0.0,0.0
2021-09-14,AVGO.US,sell,45.6555,10.93,target_rebalance,125.2535,525,203.12454004636422,33.51
2020-04-07,TSM.US,buy,87.2972,15.21,signal,0.0,0,0.0,0.0
2021-09-14,TSM.US,sell,113.8481,15.21,target_rebalance,403.8387,525,181.63562789070406,30.41
2020-04-07,AMAT.US,buy,85.8884,28.64,signal,0.0,0,0.0,0.0
2021-09-15,AMAT.US,sell,134.1832,28.64,target_rebalance,1383.1609,526,200.75134394084327,56.23
2020-04-07,AMD.US,buy,82.8792,13.59,signal,0.0,0,0.0,0.0
2021-09-15,AMD.US,sell,105.894,13.59,target_rebalance,312.7712,526,153.0490037720149,27.77
2020-04-07,ASML.US,buy,429.7619,1.31,signal,0.0,0,0.0,0.0
2021-09-15,ASML.US,sell,845.414,1.31,target_rebalance,544.5043,526,225.1993492109146,96.72
2020-04-07,AMAT.US,buy,85.8884,14.31,signal,0.0,0,0.0,0.0
2021-09-16,AMAT.US,sell,134.5378,14.31,target_rebalance,696.1725,527,201.75134394084327,56.64
2020-04-07,AVGO.US,buy,34.1959,67.14,signal,0.0,0,0.0,0.0
2021-09-16,AVGO.US,sell,45.9465,67.14,target_rebalance,788.9374,527,205.1245400463642,34.36
2020-04-07,LRCX.US,buy,43.7158,36.14,signal,0.0,0,0.0,0.0
2021-09-16,LRCX.US,sell,57.266,36.14,target_rebalance,489.7055,527,184.27169097751542,31.0
2020-04-07,MU.US,buy,67.3036,27.67,signal,0.0,0,0.0,0.0
2021-09-16,MU.US,sell,71.4061,27.67,target_rebalance,113.515,527,155.02370247269707,6.1
2020-04-07,AMAT.US,buy,85.8884,28.14,signal,0.0,0,0.0,0.0
2021-09-17,AMAT.US,sell,137.0683,28.14,target_rebalance,1440.2022,528,202.75134394084327,59.59
2020-04-07,LRCX.US,buy,43.7158,63.55,signal,0.0,0,0.0,0.0
2021-09-17,LRCX.US,sell,58.3177,63.55,target_rebalance,927.9526,528,185.27169097751545,33.4
2020-04-07,MU.US,buy,67.3036,35.99,signal,0.0,0,0.0,0.0
2021-09-17,MU.US,sell,72.4874,35.99,target_rebalance,186.5647,528,156.02370247269707,7.7
2020-04-07,AVGO.US,buy,34.2882,176.41,signal,0.0,0,0.0,0.0
2021-09-20,AVGO.US,sell,45.3827,176.41,target_rebalance,1957.1812,531,205.503319064168,32.36
2020-04-07,LRCX.US,buy,43.7158,15.58,signal,0.0,0,0.0,0.0
2021-09-20,LRCX.US,sell,56.4163,15.58,target_rebalance,197.8743,531,186.27169097751545,29.05
2020-04-07,MU.US,buy,67.3036,52.61,signal,0.0,0,0.0,0.0
2021-09-20,MU.US,sell,70.7242,52.61,target_rebalance,179.9551,531,157.0237024726971,5.08
2020-04-07,ASML.US,buy,438.5569,6.95,signal,0.0,0,0.0,0.0
2021-09-21,ASML.US,sell,819.6891,6.95,target_rebalance,2648.869,532,224.1586136786439,86.91
2020-04-07,NVDA.US,buy,13.6387,75.52,signal,0.0,0,0.0,0.0
2021-09-21,NVDA.US,sell,21.3256,75.52,target_rebalance,580.5135,532,180.78605132373508,56.36
2020-04-07,AMD.US,buy,83.0814,18.74,signal,0.0,0,0.0,0.0
2021-09-22,AMD.US,sell,102.7172,18.74,target_rebalance,367.9745,533,156.573671702176,23.63
2020-04-07,AVGO.US,buy,34.3728,5.64,signal,0.0,0,0.0,0.0
2021-09-22,AVGO.US,sell,45.2801,5.64,target_rebalance,61.5173,533,205.91666167287855,31.73
2020-04-07,LRCX.US,buy,43.8181,11.69,signal,0.0,0,0.0,0.0
2021-09-22,LRCX.US,sell,56.3309,11.69,target_rebalance,146.275,533,186.7473894597178,28.56
2020-04-07,MU.US,buy,67.3036,6.36,signal,0.0,0,0.0,0.0
2021-09-22,MU.US,sell,71.1528,6.36,target_rebalance,24.481,533,159.02370247269707,5.72
2020-04-07,AMAT.US,buy,86.5916,3.0,signal,0.0,0,0.0,0.0
2021-09-23,AMAT.US,sell,133.5505,3.0,target_rebalance,140.8767,534,203.5686709473383,54.23
2020-04-07,AMD.US,buy,83.0814,1.02,signal,0.0,0,0.0,0.0
2021-09-23,AMD.US,sell,104.7851,1.02,target_rebalance,22.1378,534,157.573671702176,26.12
2020-04-07,ASML.US,buy,440.9133,3.23,signal,0.0,0,0.0,0.0
2021-09-23,ASML.US,sell,836.2642,3.23,target_rebalance,1276.9834,534,224.74369904638695,89.67
2020-04-07,NVDA.US,buy,13.6387,229.68,signal,0.0,0,0.0,0.0
2021-09-23,NVDA.US,sell,22.0455,229.68,target_rebalance,1930.8725,534,182.78605132373508,61.64
2020-04-07,AMAT.US,buy,86.5916,6.94,signal,0.0,0,0.0,0.0
2021-09-24,AMAT.US,sell,133.6272,6.94,target_rebalance,326.4271,535,204.5686709473383,54.32
2020-04-07,AMD.US,buy,83.0814,16.2,signal,0.0,0,0.0,0.0
2021-09-24,AMD.US,sell,105.0848,16.2,target_rebalance,356.4553,535,158.573671702176,26.48
2020-04-07,LRCX.US,buy,43.9051,40.78,signal,0.0,0,0.0,0.0
2021-09-24,LRCX.US,sell,57.34,40.78,target_rebalance,547.8747,535,187.51518639469109,30.6
2020-04-07,AMAT.US,buy,86.5916,18.14,signal,0.0,0,0.0,0.0
2021-09-27,AMAT.US,sell,133.8093,18.14,target_rebalance,856.5295,538,205.5686709473383,54.53
2020-04-07,AMD.US,buy,83.0814,15.06,signal,0.0,0,0.0,0.0
2021-09-27,AMD.US,sell,104.9649,15.06,target_rebalance,329.5659,538,159.573671702176,26.34
2020-04-07,AVGO.US,buy,34.3851,3.96,signal,0.0,0,0.0,0.0
2021-09-27,AVGO.US,sell,45.7867,3.96,target_rebalance,45.1507,538,208.7008978505645,33.16
2020-04-07,LRCX.US,buy,43.9051,32.54,signal,0.0,0,0.0,0.0
2021-09-27,LRCX.US,sell,57.3229,32.54,target_rebalance,436.6171,538,188.51518639469106,30.56
2020-04-07,MU.US,buy,67.3568,40.47,signal,0.0,0,0.0,0.0
2021-09-27,MU.US,sell,71.747,40.47,target_rebalance,177.673,538,160.12820880059584,6.52
2020-04-07,TSM.US,buy,88.3654,3.88,signal,0.0,0,0.0,0.0
2021-09-27,TSM.US,sell,106.9831,3.88,target_rebalance,72.237,538,181.8136784285427,21.07
2020-04-07,AMD.US,buy,83.0814,90.21,signal,0.0,0,0.0,0.0
2021-09-28,AMD.US,sell,106.7332,90.21,target_rebalance,2133.6249,539,160.573671702176,28.47
2020-04-07,AVGO.US,buy,34.3851,45.82,signal,0.0,0,0.0,0.0
2021-09-28,AVGO.US,sell,45.532,45.82,target_rebalance,510.755,539,209.7008978505645,32.42
2020-04-07,LRCX.US,buy,43.9051,1.69,signal,0.0,0,0.0,0.0
2021-09-28,LRCX.US,sell,56.6651,1.69,target_rebalance,21.5644,539,189.51518639469106,29.06
2020-04-07,MU.US,buy,67.3568,108.07,signal,0.0,0,0.0,0.0
2021-09-28,MU.US,sell,72.5751,108.07,target_rebalance,563.9389,539,161.12820880059587,7.75
2020-04-07,ASML.US,buy,465.9353,4.02,signal,0.0,0,0.0,0.0
2021-09-29,ASML.US,sell,748.2048,4.02,target_rebalance,1134.7233,540,211.9032620229594,60.58
2020-04-07,AVGO.US,buy,34.3851,122.15,signal,0.0,0,0.0,0.0
2021-09-29,AVGO.US,sell,45.2233,122.15,target_rebalance,1323.8932,540,210.70089785056447,31.52
2020-04-07,LRCX.US,buy,43.9051,39.96,signal,0.0,0,0.0,0.0
2021-09-29,LRCX.US,sell,55.7192,39.96,target_rebalance,472.0908,540,190.51518639469103,26.91
2020-04-07,NVDA.US,buy,13.7991,135.59,signal,0.0,0,0.0,0.0
2021-09-29,NVDA.US,sell,20.8506,135.59,target_rebalance,956.1097,540,182.9512280881453,51.1
2020-04-07,TSM.US,buy,88.3654,17.78,signal,0.0,0,0.0,0.0
2021-09-29,TSM.US,sell,103.8393,17.78,target_rebalance,275.1265,540,183.81367842854266,17.51
2020-04-07,AMD.US,buy,83.4215,17.68,signal,0.0,0,0.0,0.0
2021-09-30,AMD.US,sell,101.9779,17.68,target_rebalance,328.0779,541,159.72971757606186,22.24
2020-04-07,AVGO.US,buy,34.3851,82.42,signal,0.0,0,0.0,0.0
2021-09-30,AVGO.US,sell,45.3048,82.42,target_rebalance,900.0091,541,211.70089785056447,31.76
2020-04-07,MU.US,buy,67.3989,109.3,signal,0.0,0,0.0,0.0
2021-09-30,MU.US,sell,70.4328,109.3,target_rebalance,331.6099,541,159.8852979745758,4.5
2020-04-07,NVDA.US,buy,13.7991,23.22,signal,0.0,0,0.0,0.0
2021-09-30,NVDA.US,sell,20.6794,23.22,target_rebalance,159.7587,541,183.9512280881453,49.86
2020-04-07,TSM.US,buy,88.3654,33.91,signal,0.0,0,0.0,0.0
2021-09-30,TSM.US,sell,103.9595,33.91,target_rebalance,528.7972,541,184.8136784285427,17.65
2020-04-07,AMAT.US,buy,87.7032,5.94,signal,0.0,0,0.0,0.0
2021-10-01,AMAT.US,sell,123.8982,5.94,target_rebalance,214.9984,542,203.66109875701224,41.27
2020-04-07,AMD.US,buy,83.4215,32.33,signal,0.0,0,0.0,0.0
2021-10-01,AMD.US,sell,102.4974,32.33,target_rebalance,616.7245,542,160.72971757606186,22.87
2020-04-07,NVDA.US,buy,13.7991,67.61,signal,0.0,0,0.0,0.0
2021-10-01,NVDA.US,sell,20.6614,67.61,target_rebalance,463.9595,542,184.95122808814534,49.73
2020-04-07,TSM.US,buy,88.3654,4.3,signal,0.0,0,0.0,0.0
2021-10-01,TSM.US,sell,103.5619,4.3,target_rebalance,65.3451,542,185.8136784285427,17.2
2020-04-07,AMD.US,buy,83.4215,8.12,signal,0.0,0,0.0,0.0
2021-10-04,AMD.US,sell,101.6383,8.12,target_rebalance,147.9202,545,161.72971757606186,21.84
2020-04-07,AVGO.US,buy,34.4509,21.53,signal,0.0,0,0.0,0.0
2021-10-04,AVGO.US,sell,44.4263,21.53,target_rebalance,214.7688,545,212.35321842815722,28.96
2020-04-07,LRCX.US,buy,44.0156,8.2,signal,0.0,0,0.0,0.0
2021-10-04,LRCX.US,sell,53.8045,8.2,target_rebalance,80.2696,545,191.53833639534267,22.24
2020-04-07,TSM.US,buy,88.3654,6.34,signal,0.0,0,0.0,0.0
2021-10-04,TSM.US,sell,102.6372,6.34,target_rebalance,90.4838,545,186.81367842854266,16.15
2020-04-07,AMAT.US,buy,87.7032,17.96,signal,0.0,0,0.0,0.0
2021-10-05,AMAT.US,sell,122.1921,17.96,target_rebalance,619.4198,546,205.6610987570122,39.32
2020-04-07,AMD.US,buy,83.4215,5.39,signal,0.0,0,0.0,0.0
2021-10-05,AMD.US,sell,100.8191,5.39,target_rebalance,93.7731,546,162.72971757606186,20.86
2020-04-07,ASML.US,buy,477.0929,1.14,signal,0.0,0,0.0,0.0
2021-10-05,ASML.US,sell,691.0552,1.14,target_rebalance,243.917,546,206.26686753699886,44.85
2020-04-07,MU.US,buy,67.41,77.45,signal,0.0,0,0.0,0.0
2021-10-05,MU.US,sell,69.467,77.45,target_rebalance,159.3194,546,162.1210971910818,3.05
2020-04-07,ASML.US,buy,477.0929,2.13,signal,0.0,0,0.0,0.0
2021-10-06,ASML.US,sell,691.3793,2.13,target_rebalance,456.43,547,207.26686753699883,44.92
2020-04-07,AVGO.US,buy,34.5144,122.5,signal,0.0,0,0.0,0.0
2021-10-06,AVGO.US,sell,44.2614,122.5,target_rebalance,1194.0056,547,212.88826928571115,28.24
2020-04-07,NVDA.US,buy,13.8989,167.82,signal,0.0,0,0.0,0.0
2021-10-06,NVDA.US,sell,20.0341,167.82,target_rebalance,1029.6138,547,184.89675927958154,44.14
2020-04-07,AMD.US,buy,83.4215,43.23,signal,0.0,0,0.0,0.0
2021-10-07,AMD.US,sell,104.4954,43.23,target_rebalance,911.0255,548,164.7297175760619,25.26
2020-04-07,ASML.US,buy,477.0929,0.54,signal,0.0,0,0.0,0.0
2021-10-07,ASML.US,sell,710.4704,0.54,target_rebalance,126.0238,548,208.26686753699886,48.92
2020-04-07,NVDA.US,buy,13.8989,325.86,signal,0.0,0,0.0,0.0
2021-10-07,NVDA.US,sell,21.002,325.86,target_rebalance,2314.6087,548,185.89675927958154,51.11
2020-04-07,AMD.US,buy,83.4215,45.73,signal,0.0,0,0.0,0.0
2021-10-08,AMD.US,sell,106.4435,45.73,target_rebalance,1052.7948,549,165.72971757606186,27.6
2020-04-07,ASML.US,buy,477.0929,0.83,signal,0.0,0,0.0,0.0
2021-10-08,ASML.US,sell,714.2352,0.83,target_rebalance,196.8281,549,209.26686753699883,49.71
2020-04-07,AVGO.US,buy,34.5632,21.42,signal,0.0,0,0.0,0.0
2021-10-08,AVGO.US,sell,45.5156,21.42,target_rebalance,234.5999,549,213.91332561512687,31.69
2020-04-07,MU.US,buy,67.4453,9.58,signal,0.0,0,0.0,0.0
2021-10-08,MU.US,sell,69.1939,9.58,target_rebalance,16.7517,549,160.08464490526276,2.59
2020-04-07,AMD.US,buy,83.4215,1.94,signal,0.0,0,0.0,0.0
2021-10-11,AMD.US,sell,104.5154,1.94,target_rebalance,40.9222,552,166.72971757606186,25.29
2020-04-07,AVGO.US,buy,34.5632,53.66,signal,0.0,0,0.0,0.0
2021-10-11,AVGO.US,sell,45.0043,53.66,target_rebalance,560.2729,552,214.91332561512684,30.21
2020-04-07,MU.US,buy,67.4453,19.9,signal,0.0,0,0.0,0.0
2021-10-11,MU.US,sell,68.1891,19.9,target_rebalance,14.8018,552,161.08464490526276,1.1
2020-04-07,TSM.US,buy,88.5439,27.33,signal,0.0,0,0.0,0.0
2021-10-11,TSM.US,sell,101.7866,27.33,target_rebalance,361.921,552,189.25081283605368,14.96
2020-04-07,AMAT.US,buy,88.3435,31.48,signal,0.0,0,0.0,0.0
2021-10-12,AMAT.US,sell,123.419,31.48,target_rebalance,1104.1764,553,206.87004660016257,39.7
2020-04-07,ASML.US,buy,480.3074,1.59,signal,0.0,0,0.0,0.0
2021-10-12,ASML.US,sell,699.5953,1.59,target_rebalance,348.6678,553,208.0964834392005,45.66
2020-04-07,LRCX.US,buy,44.2496,34.01,signal,0.0,0,0.0,0.0
2021-10-12,LRCX.US,sell,53.0326,34.01,target_rebalance,298.709,553,192.44755502980604,19.85
2020-04-07,NVDA.US,buy,13.9479,4.44,signal,0.0,0,0.0,0.0
2021-10-12,NVDA.US,sell,20.7391,4.44,target_rebalance,30.153,553,187.52427997979945,48.69
2020-04-07,AMAT.US,buy,88.3435,19.39,signal,0.0,0,0.0,0.0
2021-10-13,AMAT.US,sell,123.4381,19.39,target_rebalance,680.4854,554,207.8700466001626,39.73
2020-04-07,AMD.US,buy,83.4802,47.69,signal,0.0,0,0.0,0.0
2021-10-13,AMD.US,sell,106.1737,47.69,target_rebalance,1082.2543,554,168.27909794256936,27.18
2020-04-07,ASML.US,buy,480.3074,8.91,signal,0.0,0,0.0,0.0
2021-10-13,ASML.US,sell,708.3165,8.91,target_rebalance,2031.5616,554,209.0964834392005,47.47
2020-04-07,NVDA.US,buy,13.9479,178.65,signal,0.0,0,0.0,0.0
2021-10-13,NVDA.US,sell,20.8287,178.65,target_rebalance,1229.2605,554,188.52427997979945,49.33
2020-04-07,AMD.US,buy,83.4802,43.0,signal,0.0,0,0.0,0.0
2021-10-14,AMD.US,sell,110.3895,43.0,target_rebalance,1157.1003,555,169.27909794256934,32.23
2020-04-07,ASML.US,buy,480.3074,4.7,signal,0.0,0,0.0,0.0
2021-10-14,ASML.US,sell,733.5265,4.7,target_rebalance,1190.1298,555,210.09648343920054,52.72
2020-04-07,TSM.US,buy,88.6435,51.86,signal,0.0,0,0.0,0.0
2021-10-14,TSM.US,sell,105.5407,51.86,target_rebalance,876.2881,555,190.83099354362395,19.06
2020-04-07,AMD.US,buy,83.4802,9.81,signal,0.0,0,0.0,0.0
2021-10-15,AMD.US,sell,112.3975,9.81,target_rebalance,283.6787,556,170.27909794256934,34.64
2020-04-07,AVGO.US,buy,34.7904,60.72,signal,0.0,0,0.0,0.0
2021-10-15,AVGO.US,sell,46.21,60.72,target_rebalance,693.3981,556,213.83446319671697,32.82
2020-04-07,NVDA.US,buy,13.9833,114.69,signal,0.0,0,0.0,0.0
2021-10-15,NVDA.US,sell,21.7169,114.69,target_rebalance,886.9724,556,189.60489419560358,55.31
2020-04-07,AMD.US,buy,83.4802,12.64,signal,0.0,0,0.0,0.0
2021-10-18,AMD.US,sell,111.7881,12.64,target_rebalance,357.812,559,171.27909794256934,33.91
2020-04-07,ASML.US,buy,480.3074,0.4,signal,0.0,0,0.0,0.0
2021-10-18,ASML.US,sell,737.8061,0.4,target_rebalance,102.9995,559,212.09648343920054,53.61
2020-04-07,AVGO.US,buy,34.7904,12.68,signal,0.0,0,0.0,0.0
2021-10-18,AVGO.US,sell,45.8426,12.68,target_rebalance,140.1422,559,214.83446319671697,31.77
2020-04-07,NVDA.US,buy,13.9833,105.09,signal,0.0,0,0.0,0.0
2021-10-18,NVDA.US,sell,21.6562,105.09,target_rebalance,806.347,559,190.6048941956036,54.87
2020-04-07,AMAT.US,buy,88.9149,4.35,signal,0.0,0,0.0,0.0
2021-10-19,AMAT.US,sell,127.7994,4.35,target_rebalance,169.1475,560,208.7173497574011,43.73
2020-04-07,AMD.US,buy,83.4802,53.42,signal,0.0,0,0.0,0.0
2021-10-19,AMD.US,sell,116.0438,53.42,target_rebalance,1739.5503,560,172.27909794256936,39.01
2020-04-07,NVDA.US,buy,13.9833,76.29,signal,0.0,0,0.0,0.0
2021-10-19,NVDA.US,sell,22.1809,76.29,target_rebalance,625.3999,560,191.60489419560358,58.62
2020-04-07,AMAT.US,buy,88.9149,5.28,signal,0.0,0,0.0,0.0
2021-10-20,AMAT.US,sell,128.4129,5.28,target_rebalance,208.5492,561,209.7173497574011,44.42
2020-04-07,AVGO.US,buy,34.8938,60.02,signal,0.0,0,0.0,0.0
2021-10-20,AVGO.US,sell,46.8146,60.02,target_rebalance,715.4868,561,214.89378741070652,34.16
2020-04-07,TSM.US,buy,88.8036,19.91,signal,0.0,0,0.0,0.0
2021-10-20,TSM.US,sell,108.0742,19.91,target_rebalance,383.678,561,193.06394868284468,21.7
2020-04-07,AMD.US,buy,83.4802,36.01,signal,0.0,0,0.0,0.0
2021-10-21,AMD.US,sell,116.3835,36.01,target_rebalance,1184.8481,562,174.27909794256936,39.41
2020-04-07,AVGO.US,buy,34.8938,66.54,signal,0.0,0,0.0,0.0
2021-10-21,AVGO.US,sell,46.6699,66.54,target_rebalance,783.5785,562,215.89378741070655,33.75
2020-04-07,MU.US,buy,67.3138,108.25,signal,0.0,0,0.0,0.0
2021-10-21,MU.US,sell,66.2868,108.25,target_rebalance,-111.1727,562,154.8161759043487,-1.53
2020-04-07,NVDA.US,buy,13.9833,25.19,signal,0.0,0,0.0,0.0
2021-10-21,NVDA.US,sell,22.0027,25.19,target_rebalance,202.0095,562,193.6048941956036,57.35
2020-04-07,AMAT.US,buy,89.0232,1.04,signal,0.0,0,0.0,0.0
2021-10-22,AMAT.US,sell,129.6014,1.04,target_rebalance,42.2013,563,211.10922355801426,45.58
2020-04-07,AMD.US,buy,83.4802,34.48,signal,0.0,0,0.0,0.0
2021-10-22,AMD.US,sell,120.7092,34.48,target_rebalance,1283.6552,563,175.27909794256934,44.6
2020-04-07,ASML.US,buy,485.2947,7.54,signal,0.0,0,0.0,0.0
2021-10-22,ASML.US,sell,760.7765,7.54,target_rebalance,2077.1324,563,211.942817629981,56.77
2020-04-07,LRCX.US,buy,44.6685,7.24,signal,0.0,0,0.0,0.0
2021-10-22,LRCX.US,sell,53.237,7.24,target_rebalance,62.0356,563,190.31841001678995,19.18
2020-04-07,NVDA.US,buy,13.9833,120.76,signal,0.0,0,0.0,0.0
2021-10-22,NVDA.US,sell,22.7256,120.76,target_rebalance,1055.7234,563,194.60489419560358,62.52
2020-04-07,AMAT.US,buy,89.0232,14.81,signal,0.0,0,0.0,0.0
2021-10-25,AMAT.US,sell,130.5983,14.81,target_rebalance,615.7266,566,212.10922355801426,46.7
2020-04-07,AVGO.US,buy,35.039,9.85,signal,0.0,0,0.0,0.0
2021-10-25,AVGO.US,sell,47.4092,9.85,target_rebalance,121.8462,566,215.34526166460205,35.3
2020-04-07,MU.US,buy,67.309,60.6,signal,0.0,0,0.0,0.0
2021-10-25,MU.US,sell,67.916,60.6,target_rebalance,36.7817,566,154.64974215501974,0.9
2020-04-07,NVDA.US,buy,13.9833,68.06,signal,0.0,0,0.0,0.0
2021-10-25,NVDA.US,sell,22.8749,68.06,target_rebalance,605.168,566,195.6048941956036,63.59
2020-04-07,AMD.US,buy,83.5735,22.76,signal,0.0,0,0.0,0.0
2021-10-26,AMD.US,sell,122.867,22.76,target_rebalance,894.3205,567,176.83652778550996,47.02
2020-04-07,AVGO.US,buy,35.039,33.59,signal,0.0,0,0.0,0.0
2021-10-26,AVGO.US,sell,48.1183,33.59,target_rebalance,439.3324,567,216.34526166460205,37.33
2020-04-07,NVDA.US,buy,13.9833,481.01,signal,0.0,0,0.0,0.0
2021-10-26,NVDA.US,sell,23.8866,481.01,target_rebalance,4763.6107,567,196.60489419560358,70.82
2020-04-07,ASML.US,buy,488.6621,2.33,signal,0.0,0,0.0,0.0
2021-10-27,ASML.US,sell,760.6526,2.33,target_rebalance,633.7379,568,212.32589693487975,55.66
2020-04-07,AVGO.US,buy,35.039,123.61,signal,0.0,0,0.0,0.0
2021-10-27,AVGO.US,sell,48.722,123.61,target_rebalance,1691.3553,568,217.34526166460202,39.05
2020-04-07,NVDA.US,buy,13.9833,354.39,signal,0.0,0,0.0,0.0
2021-10-27,NVDA.US,sell,24.3695,354.39,target_rebalance,3680.7961,568,197.6048941956036,74.28
2020-04-07,ASML.US,buy,488.6621,4.55,signal,0.0,0,0.0,0.0
2021-10-28,ASML.US,sell,775.9597,4.55,target_rebalance,1307.2043,569,213.32589693487978,58.79
2020-04-07,LRCX.US,buy,44.8792,106.98,signal,0.0,0,0.0,0.0
2021-10-28,LRCX.US,sell,53.5925,106.98,target_rebalance,932.1507,569,189.27322673843634,19.42
2020-04-07,NVDA.US,buy,13.9833,92.91,signal,0.0,0,0.0,0.0
2021-10-28,NVDA.US,sell,24.7718,92.91,target_rebalance,1002.3653,569,198.6048941956036,77.15
2020-04-07,AMAT.US,buy,89.9901,11.39,signal,0.0,0,0.0,0.0
2021-10-29,AMAT.US,sell,129.1988,11.39,target_rebalance,446.588,570,210.81209979892628,43.57
2020-04-07,AVGO.US,buy,35.3263,10.34,signal,0.0,0,0.0,0.0
2021-10-29,AVGO.US,sell,47.9598,10.34,target_rebalance,130.63,570,214.54764512787386,35.76
2020-04-07,NVDA.US,buy,13.9833,132.13,signal,0.0,0,0.0,0.0
2021-10-29,NVDA.US,sell,24.8943,132.13,target_rebalance,1441.6749,570,199.60489419560358,78.03
2020-04-07,TSM.US,buy,89.7269,20.34,signal,0.0,0,0.0,0.0
2021-10-29,TSM.US,sell,105.4759,20.34,target_rebalance,320.3356,570,189.68068791622977,17.55
2020-04-07,AMAT.US,buy,89.9901,23.36,signal,0.0,0,0.0,0.0
2021-11-01,AMAT.US,sell,131.298,23.36,target_rebalance,964.9535,573,211.81209979892628,45.9
2020-04-07,AVGO.US,buy,35.3263,40.81,signal,0.0,0,0.0,0.0
2021-11-01,AVGO.US,sell,48.5864,40.81,target_rebalance,541.1448,573,215.54764512787386,37.54
2020-04-07,LRCX.US,buy,44.9037,16.88,signal,0.0,0,0.0,0.0
2021-11-01,LRCX.US,sell,53.7123,16.88,target_rebalance,148.6897,573,190.71274259959844,19.62
2020-04-07,NVDA.US,buy,13.9833,249.11,signal,0.0,0,0.0,0.0
2021-11-01,NVDA.US,sell,25.5395,249.11,target_rebalance,2878.7816,573,200.6048941956036,82.64
2020-04-07,AMAT.US,buy,89.9901,10.82,signal,0.0,0,0.0,0.0
2021-11-02,AMAT.US,sell,133.7135,10.82,target_rebalance,473.0874,574,212.81209979892628,48.59
2020-04-07,AMD.US,buy,84.8105,82.53,signal,0.0,0,0.0,0.0
2021-11-02,AMD.US,sell,124.855,82.53,target_rebalance,3304.8773,574,175.7643454883564,47.22
2020-04-07,LRCX.US,buy,44.9037,19.22,signal,0.0,0,0.0,0.0
2021-11-02,LRCX.US,sell,54.6383,19.22,target_rebalance,187.0986,574,191.7127425995984,21.68
2020-04-07,MU.US,buy,67.3092,35.28,signal,0.0,0,0.0,0.0
2021-11-02,MU.US,sell,68.7647,35.28,target_rebalance,51.3478,574,156.6585375384274,2.16
2020-04-07,AMAT.US,buy,89.9901,3.69,signal,0.0,0,0.0,0.0
2021-11-03,AMAT.US,sell,135.573,3.69,target_rebalance,168.2011,575,213.8120997989263,50.65
2020-04-07,AMD.US,buy,84.8105,26.43,signal,0.0,0,0.0,0.0
2021-11-03,AMD.US,sell,127.6222,26.43,target_rebalance,1131.5155,575,176.7643454883564,50.48
2020-04-07,AVGO.US,buy,35.554,52.71,signal,0.0,0,0.0,0.0
2021-11-03,AVGO.US,sell,49.3844,52.71,target_rebalance,729.0003,575,213.78194491516516,38.9
2020-04-07,NVDA.US,buy,14.0462,239.89,signal,0.0,0,0.0,0.0
2021-11-03,NVDA.US,sell,26.5562,239.89,target_rebalance,3001.0185,575,201.52785776068168,89.06
2020-04-07,AMD.US,buy,84.8105,46.55,signal,0.0,0,0.0,0.0
2021-11-04,AMD.US,sell,131.878,46.55,target_rebalance,2190.993,576,177.7643454883564,55.5
2020-04-07,MU.US,buy,67.3221,26.75,signal,0.0,0,0.0,0.0
2021-11-04,MU.US,sell,70.5987,26.75,target_rebalance,87.6467,576,157.53738899171722,4.87
2020-04-07,NVDA.US,buy,14.0462,65.41,signal,0.0,0,0.0,0.0
2021-11-04,NVDA.US,sell,27.1128,65.41,target_rebalance,854.6858,576,202.52785776068168,93.03
2020-04-07,AMAT.US,buy,90.0351,14.79,signal,0.0,0,0.0,0.0
2021-11-05,AMAT.US,sell,144.0367,14.79,target_rebalance,798.6844,577,215.6089834052894,59.98
2020-04-07,AMD.US,buy,84.8105,34.96,signal,0.0,0,0.0,0.0
2021-11-05,AMD.US,sell,139.0508,34.96,target_rebalance,1896.2425,577,178.7643454883564,63.95
2020-04-07,NVDA.US,buy,14.0462,807.79,signal,0.0,0,0.0,0.0
2021-11-05,NVDA.US,sell,30.0582,807.79,target_rebalance,12934.309,577,203.52785776068168,114.0
2020-04-07,AMAT.US,buy,90.0351,53.79,signal,0.0,0,0.0,0.0
2021-11-08,AMAT.US,sell,148.4364,53.79,target_rebalance,3141.4047,580,216.60898340528937,64.87
2020-04-07,AVGO.US,buy,36.046,76.74,signal,0.0,0,0.0,0.0
2021-11-08,AVGO.US,sell,51.4842,76.74,target_rebalance,1184.7246,580,209.63789847423288,42.83
2020-04-07,LRCX.US,buy,45.1408,78.29,signal,0.0,0,0.0,0.0
2021-11-08,LRCX.US,sell,58.4656,78.29,target_rebalance,1043.2016,580,191.56047266235024,29.52
2020-04-07,AMD.US,buy,85.7482,221.11,signal,0.0,0,0.0,0.0
2021-11-09,AMD.US,sell,153.856,221.11,target_rebalance,15059.3093,581,177.58534663344932,79.43
2020-04-07,NVDA.US,buy,14.1793,501.48,signal,0.0,0,0.0,0.0
2021-11-09,NVDA.US,sell,32.1442,501.48,target_rebalance,9009.0367,581,203.8297612218192,126.7
2020-04-07,AMAT.US,buy,92.0263,67.09,signal,0.0,0,0.0,0.0
2021-11-10,AMAT.US,sell,146.8931,67.09,target_rebalance,3681.0172,582,210.99290939771439,59.62
2020-04-07,AVGO.US,buy,36.4736,114.42,signal,0.0,0,0.0,0.0
2021-11-10,AVGO.US,sell,50.7815,114.42,target_rebalance,1637.1113,582,205.74577440725778,39.23
2020-04-07,LRCX.US,buy,45.5438,206.1,signal,0.0,0,0.0,0.0
2021-11-10,LRCX.US,sell,58.4219,206.1,target_rebalance,2654.1815,582,187.5754414815705,28.28
2020-04-07,MU.US,buy,67.4671,60.25,signal,0.0,0,0.0,0.0
2021-11-10,MU.US,sell,72.3448,60.25,target_rebalance,293.8866,582,156.00653758160007,7.23
2020-04-07,TSM.US,buy,90.6754,35.61,signal,0.0,0,0.0,0.0
2021-11-10,TSM.US,sell,110.5893,35.61,target_rebalance,709.1363,582,186.28114137098052,21.96
2020-04-07,NVDA.US,buy,15.1569,413.62,signal,0.0,0,0.0,0.0
2021-11-11,NVDA.US,sell,30.338,413.62,target_rebalance,6279.2033,583,192.57806948852087,100.16
2020-04-07,AMAT.US,buy,92.4086,18.84,signal,0.0,0,0.0,0.0
2021-11-12,AMAT.US,sell,148.2542,18.84,target_rebalance,1052.1311,584,211.49679673875835,60.43
2020-04-07,AMD.US,buy,88.5135,33.18,signal,0.0,0,0.0,0.0
2021-11-12,AMD.US,sell,145.884,33.18,target_rebalance,1903.5537,584,172.0823018252579,64.82
2020-04-07,ASML.US,buy,509.9909,0.7,signal,0.0,0,0.0,0.0
2021-11-12,ASML.US,sell,802.6984,0.7,target_rebalance,204.8953,584,209.54345225133932,57.39
2020-04-07,AVGO.US,buy,36.5208,12.87,signal,0.0,0,0.0,0.0
2021-11-12,AVGO.US,sell,51.158,12.87,target_rebalance,188.3812,584,207.06149837184253,40.08
2020-04-07,MU.US,buy,67.4783,25.23,signal,0.0,0,0.0,0.0
2021-11-12,MU.US,sell,73.1838,25.23,target_rebalance,143.9503,584,157.64641009074916,8.46
2020-04-07,LRCX.US,buy,45.5738,20.08,signal,0.0,0,0.0,0.0
2021-11-15,LRCX.US,sell,60.0817,20.08,target_rebalance,291.3185,587,190.13744092550425,31.83
2020-04-07,MU.US,buy,67.4783,90.48,signal,0.0,0,0.0,0.0
2021-11-15,MU.US,sell,75.8567,90.48,target_rebalance,758.0828,587,158.64641009074913,12.42
2020-04-07,ASML.US,buy,509.9909,3.33,signal,0.0,0,0.0,0.0
2021-11-16,ASML.US,sell,813.707,3.33,target_rebalance,1011.3746,588,211.54345225133935,59.55
2020-04-07,AVGO.US,buy,36.5208,26.38,signal,0.0,0,0.0,0.0
2021-11-16,AVGO.US,sell,51.6784,26.38,target_rebalance,399.8574,588,209.0614983718425,41.5
2020-04-07,LRCX.US,buy,45.5738,46.17,signal,0.0,0,0.0,0.0
2021-11-16,LRCX.US,sell,59.8127,46.17,target_rebalance,657.4081,588,191.13744092550428,31.24
2020-04-07,AMAT.US,buy,92.4993,7.0,signal,0.0,0,0.0,0.0
2021-11-17,AMAT.US,sell,151.3598,7.0,target_rebalance,412.0238,589,214.16658154374193,63.63
2020-04-07,AMD.US,buy,88.8201,66.09,signal,0.0,0,0.0,0.0
2021-11-17,AMD.US,sell,151.828,66.09,target_rebalance,4164.1926,589,174.17554463360014,70.94
2020-04-07,NVDA.US,buy,15.6571,88.48,signal,0.0,0,0.0,0.0
2021-11-17,NVDA.US,sell,30.2882,88.48,target_rebalance,1294.5576,589,189.95420238524494,93.45
2020-04-07,AMD.US,buy,88.8201,35.51,signal,0.0,0,0.0,0.0
2021-11-18,AMD.US,sell,156.9129,35.51,target_rebalance,2417.9764,590,175.17554463360014,76.66
2020-04-07,ASML.US,buy,510.623,0.04,signal,0.0,0,0.0,0.0
2021-11-18,ASML.US,sell,838.4567,0.04,target_rebalance,13.1133,590,213.11377000832186,64.2
2020-04-07,NVDA.US,buy,15.6571,539.71,signal,0.0,0,0.0,0.0
2021-11-18,NVDA.US,sell,32.2289,539.71,target_rebalance,8943.9453,590,190.95420238524494,105.84
2020-04-07,AVGO.US,buy,36.7964,71.25,signal,0.0,0,0.0,0.0
2021-11-19,AVGO.US,sell,52.7952,71.25,target_rebalance,1139.9132,591,208.39451218728848,43.48
2020-04-07,MU.US,buy,67.6942,137.34,signal,0.0,0,0.0,0.0
2021-11-19,MU.US,sell,76.9981,137.34,target_rebalance,1277.793,591,157.99319963905648,13.74
2020-04-07,TSM.US,buy,91.4731,61.57,signal,0.0,0,0.0,0.0
2021-11-19,TSM.US,sell,112.8362,61.57,target_rebalance,1315.3263,591,185.4263890786805,23.35
2020-04-07,LRCX.US,buy,45.8358,46.49,signal,0.0,0,0.0,0.0
2021-11-22,LRCX.US,sell,61.8804,46.49,target_rebalance,745.9149,594,191.78145077165948,35.0
2020-04-07,MU.US,buy,67.6942,216.07,signal,0.0,0,0.0,0.0
2021-11-22,MU.US,sell,81.6123,216.07,target_rebalance,3007.2872,594,158.99319963905648,20.56
2020-04-07,NVDA.US,buy,15.6571,271.58,signal,0.0,0,0.0,0.0
2021-11-22,NVDA.US,sell,33.374,271.58,target_rebalance,4811.5424,594,192.95420238524494,113.16
2020-04-07,AMAT.US,buy,96.3378,19.88,signal,0.0,0,0.0,0.0
2021-11-23,AMAT.US,sell,142.5415,19.88,target_rebalance,918.5277,595,202.72704412912793,47.96
2020-04-07,LRCX.US,buy,45.8358,127.91,signal,0.0,0,0.0,0.0
2021-11-23,LRCX.US,sell,61.6028,127.91,target_rebalance,2016.7619,595,192.7814507716595,34.4
2020-04-07,MU.US,buy,67.6942,195.86,signal,0.0,0,0.0,0.0
2021-11-23,MU.US,sell,82.9586,195.86,target_rebalance,2989.6747,595,159.99319963905648,22.55
2020-04-07,TSM.US,buy,91.4954,56.02,signal,0.0,0,0.0,0.0
2021-11-23,TSM.US,sell,113.4743,56.02,target_rebalance,1231.2568,595,187.24564386461435,24.02
2020-04-07,AMAT.US,buy,96.3378,19.06,signal,0.0,0,0.0,0.0
2021-11-24,AMAT.US,sell,142.4643,19.06,target_rebalance,879.1708,596,203.72704412912796,47.88
2020-04-07,AVGO.US,buy,37.2533,53.63,signal,0.0,0,0.0,0.0
2021-11-24,AVGO.US,sell,50.6835,53.63,target_rebalance,720.262,596,205.05558189879866,36.05
2020-04-07,LRCX.US,buy,45.8358,105.02,signal,0.0,0,0.0,0.0
2021-11-24,LRCX.US,sell,62.1732,105.02,target_rebalance,1715.7563,596,193.78145077165948,35.64
2020-04-07,MU.US,buy,67.6942,19.34,signal,0.0,0,0.0,0.0
2021-11-24,MU.US,sell,82.6756,19.34,target_rebalance,289.741,596,160.99319963905648,22.13
2020-04-07,NVDA.US,buy,16.1919,39.48,signal,0.0,0,0.0,0.0
2021-11-24,NVDA.US,sell,31.3267,39.48,target_rebalance,597.5239,596,188.39211622039323,93.47
2020-04-07,AMD.US,buy,90.6596,97.19,signal,0.0,0,0.0,0.0
2021-11-26,AMD.US,sell,155.6442,97.19,target_rebalance,6315.8541,598,175.05528829008728,71.68
2020-04-07,ASML.US,buy,535.0613,0.97,signal,0.0,0,0.0,0.0
2021-11-26,ASML.US,sell,752.0139,0.97,target_rebalance,210.444,598,198.83569137578797,40.55
2020-04-07,NVDA.US,buy,16.1919,401.85,signal,0.0,0,0.0,0.0
2021-11-26,NVDA.US,sell,32.4609,401.85,target_rebalance,6537.6936,598,189.39211622039323,100.48
2020-04-07,AMD.US,buy,90.6596,10.95,signal,0.0,0,0.0,0.0
2021-11-29,AMD.US,sell,157.3425,10.95,target_rebalance,730.1778,601,176.0552882900873,73.55
2020-04-07,ASML.US,buy,535.0613,1.92,signal,0.0,0,0.0,0.0
2021-11-29,ASML.US,sell,759.7063,1.92,target_rebalance,431.3184,601,199.83569137578797,41.98
2020-04-07,MU.US,buy,67.9593,30.81,signal,0.0,0,0.0,0.0
2021-11-29,MU.US,sell,82.3147,30.81,target_rebalance,442.291,601,159.82763282172183,21.12
2020-04-07,AMAT.US,buy,97.1759,22.33,signal,0.0,0,0.0,0.0
2021-11-30,AMAT.US,sell,145.0757,22.33,target_rebalance,1069.6032,602,202.80449697905,49.29
2020-04-07,AMD.US,buy,90.6596,38.15,signal,0.0,0,0.0,0.0
2021-11-30,AMD.US,sell,163.1167,38.15,target_rebalance,2764.2393,602,177.05528829008728,79.92
2020-04-07,LRCX.US,buy,46.0085,83.6,signal,0.0,0,0.0,0.0
2021-11-30,LRCX.US,sell,64.2009,83.6,target_rebalance,1520.89,602,194.70148487799142,39.54
2020-04-07,NVDA.US,buy,16.3783,23.92,signal,0.0,0,0.0,0.0
2021-11-30,NVDA.US,sell,33.0274,23.92,target_rebalance,398.2483,602,189.18811524619065,101.65
2020-04-07,ASML.US,buy,535.8832,0.02,signal,0.0,0,0.0,0.0
2021-12-01,ASML.US,sell,776.477,0.02,target_rebalance,4.8119,603,201.1412981302868,44.9
2020-04-07,LRCX.US,buy,46.0085,126.72,signal,0.0,0,0.0,0.0
2021-12-01,LRCX.US,sell,65.8523,126.72,target_rebalance,2514.6055,603,195.7014848779914,43.13
2020-04-07,MU.US,buy,68.0282,21.52,signal,0.0,0,0.0,0.0
2021-12-01,MU.US,sell,84.4316,21.52,target_rebalance,353.001,603,161.12120282055574,24.11
2020-04-07,TSM.US,buy,92.5182,9.82,signal,0.0,0,0.0,0.0
2021-12-01,TSM.US,sell,110.238,9.82,target_rebalance,174.0084,603,181.5105937498529,19.15
2020-04-07,AMAT.US,buy,97.2631,30.29,signal,0.0,0,0.0,0.0
2021-12-02,AMAT.US,sell,142.0899,30.29,target_rebalance,1357.803,604,204.4365411594275,46.09
2020-04-07,AVGO.US,buy,37.4479,11.0,signal,0.0,0,0.0,0.0
2021-12-02,AVGO.US,sell,50.0275,11.0,target_rebalance,138.3761,604,207.21101930899778,33.59
2020-04-07,LRCX.US,buy,46.0085,123.18,signal,0.0,0,0.0,0.0
2021-12-02,LRCX.US,sell,64.9168,123.18,target_rebalance,2329.1294,604,196.7014848779914,41.1
2020-04-07,TSM.US,buy,92.5182,156.93,signal,0.0,0,0.0,0.0
2021-12-02,TSM.US,sell,111.2828,156.93,target_rebalance,2944.739,604,182.51059374985286,20.28
2020-04-07,AMD.US,buy,94.6846,34.99,signal,0.0,0,0.0,0.0
2021-12-03,AMD.US,sell,151.4983,34.99,target_rebalance,1987.9143,605,168.24619763532974,60.0
2020-04-07,AVGO.US,buy,37.4479,174.96,signal,0.0,0,0.0,0.0
2021-12-03,AVGO.US,sell,51.7563,174.96,target_rebalance,2503.3959,605,208.21101930899775,38.21
2020-04-07,NVDA.US,buy,16.7961,145.77,signal,0.0,0,0.0,0.0
2021-12-03,NVDA.US,sell,31.8673,145.77,target_rebalance,2196.9298,605,186.80754447345862,89.73
2020-04-07,AMAT.US,buy,97.5176,24.29,signal,0.0,0,0.0,0.0
2021-12-06,AMAT.US,sell,139.9585,24.29,target_rebalance,1030.8891,608,205.2898885279845,43.52
2020-04-07,AVGO.US,buy,37.4479,215.36,signal,0.0,0,0.0,0.0
2021-12-06,AVGO.US,sell,51.7297,215.36,target_rebalance,3075.7342,608,209.21101930899778,38.14
2020-04-07,LRCX.US,buy,46.5289,131.41,signal,0.0,0,0.0,0.0
2021-12-06,LRCX.US,sell,63.2123,131.41,target_rebalance,2192.3677,608,192.8885859297585,35.86
2020-04-07,MU.US,buy,68.1492,32.0,signal,0.0,0,0.0,0.0
2021-12-06,MU.US,sell,79.8271,32.0,target_rebalance,373.6944,608,162.58164598356774,17.14
2020-04-07,TSM.US,buy,92.5896,34.28,signal,0.0,0,0.0,0.0
2021-12-06,TSM.US,sell,109.9328,34.28,target_rebalance,594.5249,608,183.84123561513505,18.73
2020-04-07,AMAT.US,buy,97.5176,26.12,signal,0.0,0,0.0,0.0
2021-12-07,AMAT.US,sell,144.9701,26.12,target_rebalance,1239.4593,609,206.2898885279845,48.66
2020-04-07,ASML.US,buy,538.5552,5.27,signal,0.0,0,0.0,0.0
2021-12-07,ASML.US,sell,753.0076,5.27,target_rebalance,1130.1641,609,202.49509236832625,39.82
2020-04-07,MU.US,buy,68.1492,26.86,signal,0.0,0,0.0,0.0
2021-12-07,MU.US,sell,82.3537,26.86,target_rebalance,381.5341,609,163.58164598356777,20.84
2020-04-07,NVDA.US,buy,17.2698,100.29,signal,0.0,0,0.0,0.0
2021-12-07,NVDA.US,sell,30.8286,100.29,target_rebalance,1359.8143,609,181.97436195705555,78.51
2020-04-07,AMAT.US,buy,97.5176,38.73,signal,0.0,0,0.0,0.0
2021-12-08,AMAT.US,sell,150.5961,38.73,target_rebalance,2055.7286,610,207.2898885279845,54.43
2020-04-07,AVGO.US,buy,37.606,52.01,signal,0.0,0,0.0,0.0
2021-12-08,AVGO.US,sell,54.1382,52.01,target_rebalance,859.8413,610,209.00393491272789,43.96
2020-04-07,LRCX.US,buy,46.588,76.34,signal,0.0,0,0.0,0.0
2021-12-08,LRCX.US,sell,67.0216,76.34,target_rebalance,1559.8991,610,194.25521485146973,43.86
2020-04-07,NVDA.US,buy,17.2698,120.23,signal,0.0,0,0.0,0.0
2021-12-08,NVDA.US,sell,31.8663,120.23,target_rebalance,1754.9385,610,182.97436195705555,84.52
2020-04-07,AMD.US,buy,97.5922,14.97,signal,0.0,0,0.0,0.0
2021-12-09,AMD.US,sell,145.0148,14.97,target_rebalance,709.9167,611,161.93027710669668,48.59
2020-04-07,LRCX.US,buy,46.588,67.32,signal,0.0,0,0.0,0.0
2021-12-09,LRCX.US,sell,67.3781,67.32,target_rebalance,1399.5882,611,195.25521485146976,44.63
2020-04-07,MU.US,buy,68.2947,11.68,signal,0.0,0,0.0,0.0
2021-12-09,MU.US,sell,83.2122,11.68,target_rebalance,174.236,611,164.02285783335054,21.84
2020-04-07,TSM.US,buy,93.0612,1.37,signal,0.0,0,0.0,0.0
2021-12-09,TSM.US,sell,112.0503,1.37,target_rebalance,26.015,611,182.40163739209046,20.4
2020-04-07,AMAT.US,buy,97.5176,3.54,signal,0.0,0,0.0,0.0
2021-12-10,AMAT.US,sell,149.876,3.54,target_rebalance,185.3487,612,209.2898885279845,53.69
2020-04-07,AVGO.US,buy,37.7068,478.92,signal,0.0,0,0.0,0.0
2021-12-10,AVGO.US,sell,57.1652,478.92,target_rebalance,9318.9849,612,209.66914309421796,51.6
2020-04-07,LRCX.US,buy,46.588,24.33,signal,0.0,0,0.0,0.0
2021-12-10,LRCX.US,sell,67.6557,24.33,target_rebalance,512.5765,612,196.25521485146973,45.22
2020-04-07,ASML.US,buy,544.6387,3.26,signal,0.0,0,0.0,0.0
2021-12-13,ASML.US,sell,745.9076,3.26,target_rebalance,656.1364,615,200.62310439411257,36.95
2020-04-07,AVGO.US,buy,37.7068,135.99,signal,0.0,0,0.0,0.0
2021-12-13,AVGO.US,sell,58.0831,135.99,target_rebalance,2770.9738,615,210.66914309421796,54.04
2020-04-07,MU.US,buy,68.4254,134.72,signal,0.0,0,0.0,0.0
2021-12-13,MU.US,sell,84.4901,134.72,target_rebalance,2164.2445,615,164.4987212912379,23.48
2020-04-07,ASML.US,buy,544.6387,6.19,signal,0.0,0,0.0,0.0
2021-12-14,ASML.US,sell,720.9188,6.19,target_rebalance,1091.174,616,201.62310439411257,32.37
2020-04-07,AVGO.US,buy,37.7068,134.7,signal,0.0,0,0.0,0.0
2021-12-14,AVGO.US,sell,56.6027,134.7,target_rebalance,2545.2678,616,211.66914309421796,50.11
2020-04-07,MU.US,buy,68.4254,27.65,signal,0.0,0,0.0,0.0
2021-12-14,MU.US,sell,81.1831,27.65,target_rebalance,352.7512,616,165.49872129123793,18.64
2020-04-07,TSM.US,buy,93.2961,52.14,signal,0.0,0,0.0,0.0
2021-12-14,TSM.US,sell,106.7427,52.14,target_rebalance,701.1097,616,182.9593946765827,14.41
2020-04-07,AMAT.US,buy,98.4987,14.67,signal,0.0,0,0.0,0.0
2021-12-15,AMAT.US,sell,142.0419,14.67,target_rebalance,638.7785,617,207.66350431506646,44.21
2020-04-07,AMD.US,buy,99.4694,31.14,signal,0.0,0,0.0,0.0
2021-12-15,AMD.US,sell,134.9749,31.14,target_rebalance,1105.6396,617,158.62735383129035,35.69
2020-04-07,ASML.US,buy,544.6387,0.28,signal,0.0,0,0.0,0.0
2021-12-15,ASML.US,sell,730.618,0.28,target_rebalance,52.0742,617,202.62310439411257,34.15
2020-04-07,NVDA.US,buy,18.2492,137.71,signal,0.0,0,0.0,0.0
2021-12-15,NVDA.US,sell,28.2823,137.71,target_rebalance,1381.6569,617,172.55980791736184,54.98
2020-04-07,AMD.US,buy,99.4694,98.52,signal,0.0,0,0.0,0.0
2021-12-16,AMD.US,sell,146.853,98.52,target_rebalance,4668.228,618,159.62735383129038,47.64
2020-04-07,NVDA.US,buy,18.2492,575.74,signal,0.0,0,0.0,0.0
2021-12-16,NVDA.US,sell,31.0228,575.74,target_rebalance,7354.3168,618,173.55980791736184,70.0
2020-04-07,AVGO.US,buy,38.2642,169.08,signal,0.0,0,0.0,0.0
2021-12-17,AVGO.US,sell,56.5742,169.08,target_rebalance,3095.8683,619,208.66643342305372,47.85
2020-04-07,LRCX.US,buy,47.0171,16.76,signal,0.0,0,0.0,0.0
2021-12-17,LRCX.US,sell,63.3577,16.76,target_rebalance,273.8684,619,196.9615295330135,34.75
2020-04-07,MU.US,buy,68.8394,27.35,signal,0.0,0,0.0,0.0
2021-12-17,MU.US,sell,79.6223,27.35,target_rebalance,294.9125,619,163.8478830710839,15.66
2020-04-07,TSM.US,buy,93.555,79.19,signal,0.0,0,0.0,0.0
2021-12-17,TSM.US,sell,107.9735,79.19,target_rebalance,1141.8044,619,183.39325855653337,15.41
2020-04-07,AVGO.US,buy,38.2642,120.84,signal,0.0,0,0.0,0.0
2021-12-20,AVGO.US,sell,57.3777,120.84,target_rebalance,2309.6795,622,209.66643342305372,49.95
2020-04-07,MU.US,buy,68.8394,49.63,signal,0.0,0,0.0,0.0
2021-12-20,MU.US,sell,80.1295,49.63,target_rebalance,560.3307,622,164.84788307108388,16.4
2020-04-07,TSM.US,buy,93.555,3.44,signal,0.0,0,0.0,0.0
2021-12-20,TSM.US,sell,107.6299,3.44,target_rebalance,48.4179,622,184.39325855653337,15.04
2020-04-07,AMAT.US,buy,99.0384,2.09,signal,0.0,0,0.0,0.0
2021-12-21,AMAT.US,sell,143.3956,2.09,target_rebalance,92.7064,623,209.05865013737417,44.79
2020-04-07,AVGO.US,buy,38.2642,35.45,signal,0.0,0,0.0,0.0
2021-12-21,AVGO.US,sell,59.7547,35.45,target_rebalance,761.8394,623,210.66643342305372,56.16
2020-04-07,MU.US,buy,68.8394,206.15,signal,0.0,0,0.0,0.0
2021-12-21,MU.US,sell,86.8119,206.15,target_rebalance,3705.031,623,165.8478830710839,26.11
2020-04-07,NVDA.US,buy,18.8626,17.05,signal,0.0,0,0.0,0.0
2021-12-21,NVDA.US,sell,28.2564,17.05,target_rebalance,160.1645,623,165.22579877645506,49.8
2020-04-07,AMD.US,buy,100.6721,59.95,signal,0.0,0,0.0,0.0
2021-12-22,AMD.US,sell,142.5073,59.95,target_rebalance,2508.0205,624,158.50767237214092,41.56
2020-04-07,MU.US,buy,68.8394,13.64,signal,0.0,0,0.0,0.0
2021-12-22,MU.US,sell,87.7971,13.64,target_rebalance,258.584,624,166.8478830710839,27.54
2020-04-07,NVDA.US,buy,18.8626,134.64,signal,0.0,0,0.0,0.0
2021-12-22,NVDA.US,sell,28.7712,134.64,target_rebalance,1334.1024,624,166.22579877645506,52.53
2020-04-07,LRCX.US,buy,47.3139,5.45,signal,0.0,0,0.0,0.0
2021-12-23,LRCX.US,sell,66.1664,5.45,target_rebalance,102.7459,625,197.56865643554653,39.85
2020-04-07,NVDA.US,buy,18.8626,123.07,signal,0.0,0,0.0,0.0
2021-12-23,NVDA.US,sell,29.6316,123.07,target_rebalance,1325.3514,625,167.22579877645506,57.09
2020-04-07,TSM.US,buy,94.0215,41.49,signal,0.0,0,0.0,0.0
2021-12-23,TSM.US,sell,112.3095,41.49,target_rebalance,758.7675,625,181.40726648541468,19.45
2020-04-07,AMAT.US,buy,99.1362,15.25,signal,0.0,0,0.0,0.0
2021-12-27,AMAT.US,sell,149.9528,15.25,target_rebalance,774.9543,629,211.60481638535958,51.26
2020-04-07,AMD.US,buy,101.0929,28.33,signal,0.0,0,0.0,0.0
2021-12-27,AMD.US,sell,147.3625,28.33,target_rebalance,1310.8162,629,158.95974438819712,45.77
2020-04-07,MU.US,buy,69.0495,81.28,signal,0.0,0,0.0,0.0
2021-12-27,MU.US,sell,91.4261,81.28,target_rebalance,1818.7694,629,167.06805859107536,32.41
2020-04-07,AMAT.US,buy,99.1362,29.49,signal,0.0,0,0.0,0.0
2021-12-28,AMAT.US,sell,156.3469,29.49,target_rebalance,1687.1454,630,212.6048163853596,57.71
2020-04-07,AMD.US,buy,101.0929,66.36,signal,0.0,0,0.0,0.0
2021-12-28,AMD.US,sell,155.7241,66.36,target_rebalance,3625.3255,630,159.9597443881971,54.04
2020-04-07,NVDA.US,buy,19.0097,290.36,signal,0.0,0,0.0,0.0
2021-12-28,NVDA.US,sell,31.1822,290.36,target_rebalance,3534.3873,630,166.91882829790163,64.03
2020-04-07,AVGO.US,buy,38.8359,13.79,signal,0.0,0,0.0,0.0
2021-12-29,AVGO.US,sell,61.7554,13.79,target_rebalance,316.0602,631,210.27812916443514,59.02
2020-04-07,LRCX.US,buy,47.3139,38.79,signal,0.0,0,0.0,0.0
2021-12-29,LRCX.US,sell,68.473,38.79,target_rebalance,820.7602,631,200.5686564355465,44.72
2020-04-07,MU.US,buy,69.6838,73.54,signal,0.0,0,0.0,0.0
2021-12-29,MU.US,sell,91.6992,73.54,target_rebalance,1619.0161,631,164.34879888813438,31.59
2020-04-07,TSM.US,buy,94.4485,2.48,signal,0.0,0,0.0,0.0
2021-12-29,TSM.US,sell,113.0895,2.48,target_rebalance,46.2295,631,180.49648604519192,19.74
2020-04-07,AMAT.US,buy,99.1752,15.1,signal,0.0,0,0.0,0.0
2021-12-30,AMAT.US,sell,154.2635,15.1,target_rebalance,831.8339,632,214.45251206457718,55.55
2020-04-07,ASML.US,buy,551.4847,4.17,signal,0.0,0,0.0,0.0
2021-12-30,ASML.US,sell,768.0009,4.17,target_rebalance,902.8728,632,205.88866530959905,39.26
2020-04-07,AVGO.US,buy,38.8359,51.2,signal,0.0,0,0.0,0.0
2021-12-30,AVGO.US,sell,62.0597,51.2,target_rebalance,1189.0574,632,211.27812916443517,59.8
2020-04-07,LRCX.US,buy,47.3139,93.5,signal,0.0,0,0.0,0.0
2021-12-30,LRCX.US,sell,69.36,93.5,target_rebalance,2061.3074,632,201.56865643554653,46.6
2020-04-07,MU.US,buy,69.6838,31.49,signal,0.0,0,0.0,0.0
2021-12-30,MU.US,sell,92.0895,31.49,target_rebalance,705.5545,632,165.34879888813438,32.15
2020-04-07,ASML.US,buy,551.4847,2.21,signal,0.0,0,0.0,0.0
2021-12-31,ASML.US,sell,765.9177,2.21,target_rebalance,473.897,633,206.88866530959908,38.88
2020-04-07,MU.US,buy,69.6838,16.34,signal,0.0,0,0.0,0.0
2021-12-31,MU.US,sell,91.797,16.34,target_rebalance,361.3301,633,166.3487988881344,31.73
2020-04-07,TSM.US,buy,94.4812,28.13,signal,0.0,0,0.0,0.0
2021-12-31,TSM.US,sell,112.6716,28.13,target_rebalance,511.6979,633,182.16980579552632,19.25
2020-04-07,LRCX.US,buy,47.4104,1.89,signal,0.0,0,0.0,0.0
2022-01-03,LRCX.US,sell,68.7054,1.89,target_rebalance,40.2475,636,202.64894808957348,44.92
2020-04-07,NVDA.US,buy,19.3161,39.24,signal,0.0,0,0.0,0.0
2022-01-03,NVDA.US,sell,29.6914,39.24,target_rebalance,407.125,636,166.23256513577465,53.71
2020-04-07,TSM.US,buy,94.4812,75.45,signal,0.0,0,0.0,0.0
2022-01-03,TSM.US,sell,115.2528,75.45,target_rebalance,1567.2215,636,183.16980579552632,21.98
2020-04-07,AMD.US,buy,103.1631,56.2,signal,0.0,0,0.0,0.0
2022-01-04,AMD.US,sell,150.859,56.2,target_rebalance,2680.5109,637,157.69532816666342,46.23
2020-04-07,TSM.US,buy,94.4812,123.37,signal,0.0,0,0.0,0.0
2022-01-04,TSM.US,sell,121.5108,123.37,target_rebalance,3334.65,637,184.16980579552632,28.61
2020-04-07,AMAT.US,buy,99.943,13.9,signal,0.0,0,0.0,0.0
2022-01-05,AMAT.US,sell,151.7289,13.9,target_rebalance,719.8243,638,215.3351169460786,51.82
2020-04-07,AVGO.US,buy,39.4014,200.14,signal,0.0,0,0.0,0.0
2022-01-05,AVGO.US,sell,61.8854,200.14,target_rebalance,4499.9605,638,209.88157712022826,57.06
2020-04-07,MU.US,buy,69.6962,68.34,signal,0.0,0,0.0,0.0
2022-01-05,MU.US,sell,93.1447,68.34,target_rebalance,1602.4709,638,169.25549604959647,33.64
2020-04-07,TSM.US,buy,94.4812,61.72,signal,0.0,0,0.0,0.0
2022-01-05,TSM.US,sell,121.3622,61.72,target_rebalance,1659.1006,638,185.16980579552632,28.45
2020-04-07,AMAT.US,buy,99.943,6.03,signal,0.0,0,0.0,0.0
2022-01-06,AMAT.US,sell,147.159,6.03,target_rebalance,284.7127,639,216.3351169460786,47.24
2020-04-07,LRCX.US,buy,47.5797,20.6,signal,0.0,0,0.0,0.0
2022-01-06,LRCX.US,sell,66.073,20.6,target_rebalance,380.9618,639,204.07968732088037,38.87
2020-04-07,MU.US,buy,69.6962,128.95,signal,0.0,0,0.0,0.0
2022-01-06,MU.US,sell,92.8712,128.95,target_rebalance,2988.4248,639,170.2554960495965,33.25
2020-04-07,TSM.US,buy,94.4812,13.53,signal,0.0,0,0.0,0.0
2022-01-06,TSM.US,sell,117.9176,13.53,target_rebalance,317.0946,639,186.1698057955263,24.81
2020-04-07,AMAT.US,buy,99.943,10.96,signal,0.0,0,0.0,0.0
2022-01-07,AMAT.US,sell,148.9064,10.96,target_rebalance,536.6385,640,217.3351169460786,48.99
2020-04-07,ASML.US,buy,560.1927,8.56,signal,0.0,0,0.0,0.0
2022-01-07,ASML.US,sell,724.7125,8.56,target_rebalance,1408.2889,640,202.62033406920037,29.37
2020-04-07,MU.US,buy,69.6962,11.25,signal,0.0,0,0.0,0.0
2022-01-07,MU.US,sell,93.838,11.25,target_rebalance,271.5958,640,171.25549604959647,34.64
2020-04-07,NVDA.US,buy,19.6646,117.7,signal,0.0,0,0.0,0.0
2022-01-07,NVDA.US,sell,28.0243,117.7,target_rebalance,983.938,640,163.78891580941792,42.51
2020-04-07,MU.US,buy,69.6962,99.69,signal,0.0,0,0.0,0.0
2022-01-10,MU.US,sell,92.0509,99.69,target_rebalance,2228.5442,643,172.25549604959647,32.07
2020-04-07,TSM.US,buy,94.6955,98.49,signal,0.0,0,0.0,0.0
2022-01-10,TSM.US,sell,116.1627,98.49,target_rebalance,2114.3121,643,186.444942665964,22.67
2020-04-07,AMD.US,buy,105.4608,74.14,signal,0.0,0,0.0,0.0
2022-01-11,AMD.US,sell,133.3165,74.14,target_rebalance,2065.2246,644,152.29722941920514,26.41
2020-04-07,AVGO.US,buy,39.9273,20.83,signal,0.0,0,0.0,0.0
2022-01-11,AVGO.US,sell,56.7527,20.83,target_rebalance,350.4736,644,208.17654262571352,42.14
2020-04-07,NVDA.US,buy,19.7465,280.27,signal,0.0,0,0.0,0.0
2022-01-11,NVDA.US,sell,27.2097,280.27,target_rebalance,2091.7203,644,163.82213056935367,37.8
2020-04-07,TSM.US,buy,94.6955,18.1,signal,0.0,0,0.0,0.0
2022-01-11,TSM.US,sell,117.4904,18.1,target_rebalance,412.5895,644,187.444942665964,24.07
2020-04-07,AMAT.US,buy,100.1583,17.47,signal,0.0,0,0.0,0.0
2022-01-12,AMAT.US,sell,148.5512,17.47,target_rebalance,845.4224,645,219.2231191738804,48.32
2020-04-07,AMD.US,buy,105.4608,12.67,signal,0.0,0,0.0,0.0
2022-01-12,AMD.US,sell,138.4514,12.67,target_rebalance,417.9909,645,153.29722941920517,31.28
2020-04-07,ASML.US,buy,563.8605,5.26,signal,0.0,0,0.0,0.0
2022-01-12,ASML.US,sell,706.4797,5.26,target_rebalance,750.1769,645,199.38739508093428,25.29
2020-04-07,LRCX.US,buy,48.0083,24.92,signal,0.0,0,0.0,0.0
2022-01-12,LRCX.US,sell,64.6991,24.92,target_rebalance,415.9356,645,202.1818080620391,34.77
2020-04-07,AMAT.US,buy,100.1583,72.1,signal,0.0,0,0.0,0.0
2022-01-13,AMAT.US,sell,157.4509,72.1,target_rebalance,4130.7943,646,220.22311917388038,57.2
2020-04-07,ASML.US,buy,563.8605,7.25,signal,0.0,0,0.0,0.0
2022-01-13,ASML.US,sell,738.1099,7.25,target_rebalance,1263.3081,646,200.38739508093428,30.9
2020-04-07,LRCX.US,buy,48.0083,40.72,signal,0.0,0,0.0,0.0
2022-01-13,LRCX.US,sell,67.1687,40.72,target_rebalance,780.2094,646,203.1818080620391,39.91
2020-04-07,TSM.US,buy,94.7105,136.85,signal,0.0,0,0.0,0.0
2022-01-13,TSM.US,sell,130.6843,136.85,target_rebalance,4923.0097,646,189.33872251288392,37.98
2020-04-07,LRCX.US,buy,48.0083,90.52,signal,0.0,0,0.0,0.0
2022-01-14,LRCX.US,sell,65.1269,90.52,target_rebalance,1549.5764,647,204.18180806203912,35.66
2020-04-07,MU.US,buy,70.6785,95.36,signal,0.0,0,0.0,0.0
2022-01-14,MU.US,sell,92.2267,95.36,target_rebalance,2054.834,647,168.674787495875,30.49
2020-04-07,TSM.US,buy,94.7105,37.88,signal,0.0,0,0.0,0.0
2022-01-14,TSM.US,sell,126.3575,37.88,target_rebalance,1198.7875,647,190.33872251288392,33.41
2020-04-07,AMAT.US,buy,100.3352,103.12,signal,0.0,0,0.0,0.0
2022-01-18,AMAT.US,sell,158.7566,103.12,target_rebalance,6024.4176,651,221.4359147722122,58.23
2020-04-07,AMD.US,buy,106.5158,5.62,signal,0.0,0,0.0,0.0
2022-01-18,AMD.US,sell,134.3655,5.62,target_rebalance,156.5153,651,151.11637335162808,26.15
2020-04-07,LRCX.US,buy,48.0083,177.05,signal,0.0,0,0.0,0.0
2022-01-18,LRCX.US,sell,68.2796,177.05,target_rebalance,3589.0249,651,205.18180806203912,42.22
2020-04-07,AMD.US,buy,106.5158,40.78,signal,0.0,0,0.0,0.0
2022-01-19,AMD.US,sell,133.4165,40.78,target_rebalance,1097.0083,652,152.11637335162808,25.26
2020-04-07,ASML.US,buy,565.4351,7.47,signal,0.0,0,0.0,0.0
2022-01-19,ASML.US,sell,704.2148,7.47,target_rebalance,1036.6841,652,201.19384115427968,24.54
2020-04-07,AVGO.US,buy,41.1714,54.3,signal,0.0,0,0.0,0.0
2022-01-19,AVGO.US,sell,53.6216,54.3,target_rebalance,676.0418,652,197.1912046128392,30.24
2020-04-07,NVDA.US,buy,20.2508,181.75,signal,0.0,0,0.0,0.0
2022-01-19,NVDA.US,sell,25.9709,181.75,target_rebalance,1039.6187,652,157.0425962040259,28.25
2020-04-07,TSM.US,buy,95.0487,10.23,signal,0.0,0,0.0,0.0
2022-01-19,TSM.US,sell,124.9926,10.23,target_rebalance,306.327,652,190.34877724562833,31.5
2020-04-07,ASML.US,buy,565.4351,11.08,signal,0.0,0,0.0,0.0
2022-01-20,ASML.US,sell,692.7001,11.08,target_rebalance,1410.0958,653,202.19384115427965,22.51
2020-04-07,AVGO.US,buy,41.1714,94.52,signal,0.0,0,0.0,0.0
2022-01-20,AVGO.US,sell,52.3695,94.52,target_rebalance,1058.4407,653,198.1912046128392,27.2
2020-04-07,NVDA.US,buy,20.2508,98.16,signal,0.0,0,0.0,0.0
2022-01-20,NVDA.US,sell,25.1991,98.16,target_rebalance,485.7211,653,158.04259620402595,24.43
2020-04-07,TSM.US,buy,95.0487,50.87,signal,0.0,0,0.0,0.0
2022-01-20,TSM.US,sell,122.4857,50.87,target_rebalance,1395.7227,653,191.3487772456283,28.87
2020-04-07,AMD.US,buy,106.8882,1.89,signal,0.0,0,0.0,0.0
2022-01-21,AMD.US,sell,120.0199,1.89,target_rebalance,24.8188,654,151.21448447790178,12.29
2020-04-07,ASML.US,buy,565.4351,13.89,signal,0.0,0,0.0,0.0
2022-01-21,ASML.US,sell,675.8817,13.89,target_rebalance,1534.103,654,203.19384115427968,19.53
2020-04-07,AVGO.US,buy,41.1714,87.13,signal,0.0,0,0.0,0.0
2022-01-21,AVGO.US,sell,50.4001,87.13,target_rebalance,804.0941,654,199.1912046128392,22.42
2020-04-07,TSM.US,buy,95.0487,40.13,signal,0.0,0,0.0,0.0
2022-01-21,TSM.US,sell,117.9919,40.13,target_rebalance,920.7104,654,192.34877724562833,24.14
2020-04-07,AMD.US,buy,106.8882,9.63,signal,0.0,0,0.0,0.0
2022-01-24,AMD.US,sell,115.2846,9.63,target_rebalance,80.8571,657,152.2144844779018,7.86
2020-04-07,AVGO.US,buy,41.1714,100.17,signal,0.0,0,0.0,0.0
2022-01-24,AVGO.US,sell,48.948,100.17,target_rebalance,778.9735,657,200.1912046128392,18.89
2020-04-07,TSM.US,buy,95.0487,51.25,signal,0.0,0,0.0,0.0
2022-01-24,TSM.US,sell,114.9186,51.25,target_rebalance,1018.3326,657,193.3487772456283,20.9
2020-04-07,AMAT.US,buy,103.5115,45.69,signal,0.0,0,0.0,0.0
2022-01-25,AMAT.US,sell,129.417,45.69,target_rebalance,1183.6244,658,210.27439793386878,25.03
2020-04-07,LRCX.US,buy,48.6569,108.55,signal,0.0,0,0.0,0.0
2022-01-25,LRCX.US,sell,57.1782,108.55,target_rebalance,924.9833,658,200.22383575728557,17.51
2020-04-07,MU.US,buy,71.004,1.91,signal,0.0,0,0.0,0.0
2022-01-25,MU.US,sell,79.0235,1.91,target_rebalance,15.3172,658,170.239731416704,11.29
2020-04-07,NVDA.US,buy,20.3331,30.59,signal,0.0,0,0.0,0.0
2022-01-25,NVDA.US,sell,22.4525,30.59,target_rebalance,64.8329,658,156.4959782752267,10.42
2020-04-07,TSM.US,buy,95.0487,24.18,signal,0.0,0,0.0,0.0
2022-01-25,TSM.US,sell,116.5155,24.18,target_rebalance,519.0692,658,194.34877724562836,22.59
2020-04-07,AMAT.US,buy,103.5115,8.17,signal,0.0,0,0.0,0.0
2022-01-26,AMAT.US,sell,132.2108,8.17,target_rebalance,234.4735,659,211.27439793386876,27.73
2020-04-07,AVGO.US,buy,41.2402,168.07,signal,0.0,0,0.0,0.0
2022-01-26,AVGO.US,sell,50.8943,168.07,target_rebalance,1622.558,659,200.37162263873972,23.41
2020-04-07,MU.US,buy,71.004,43.7,signal,0.0,0,0.0,0.0
2022-01-26,MU.US,sell,81.299,43.7,target_rebalance,449.8877,659,171.239731416704,14.5
2020-04-07,NVDA.US,buy,20.3331,182.99,signal,0.0,0,0.0,0.0
2022-01-26,NVDA.US,sell,23.1436,182.99,target_rebalance,514.2997,659,157.4959782752267,13.82
2020-04-07,ASML.US,buy,568.2798,2.82,signal,0.0,0,0.0,0.0
2022-01-27,ASML.US,sell,635.2784,2.82,target_rebalance,188.9362,660,198.14696864497816,11.79
2020-04-07,AVGO.US,buy,41.2402,229.24,signal,0.0,0,0.0,0.0
2022-01-27,AVGO.US,sell,52.5281,229.24,target_rebalance,2587.6221,660,201.37162263873972,27.37
2020-04-07,MU.US,buy,71.004,23.46,signal,0.0,0,0.0,0.0
2022-01-27,MU.US,sell,81.5528,23.46,target_rebalance,247.4746,660,172.239731416704,14.86
2020-04-07,NVDA.US,buy,20.3331,245.19,signal,0.0,0,0.0,0.0
2022-01-27,NVDA.US,sell,23.4703,245.19,target_rebalance,769.205,660,158.4959782752267,15.43
2020-04-07,AMAT.US,buy,104.0482,2700.19,signal,0.0,0,0.0,0.0
2022-01-28,AMAT.US,sell,124.4246,2700.19,signal,55020.1486,661,208.8279552957064,19.58
2020-04-07,AMD.US,buy,107.207,3111.35,signal,0.0,0,0.0,0.0
2022-01-28,AMD.US,sell,101.4485,3111.35,signal,-17916.7587,661,148.71525881593217,-5.37
2020-04-07,ASML.US,buy,568.2798,548.89,signal,0.0,0,0.0,0.0
2022-01-28,ASML.US,sell,605.4639,548.89,signal,20410.0058,661,199.1469686449782,6.54
2020-04-07,AVGO.US,buy,41.2402,6638.26,signal,0.0,0,0.0,0.0
2022-01-28,AVGO.US,sell,50.0977,6638.26,signal,58798.1001,661,202.3716226387397,21.48
2020-04-07,LRCX.US,buy,48.848,6139.82,signal,0.0,0,0.0,0.0
2022-01-28,LRCX.US,sell,52.746,6139.82,signal,23932.7187,661,198.69764262178512,7.98
2020-04-07,MU.US,buy,71.004,4275.69,signal,0.0,0,0.0,0.0
2022-01-28,MU.US,sell,75.5567,4275.69,signal,19465.8926,661,173.239731416704,6.41
2020-04-07,NVDA.US,buy,20.3331,14856.86,signal,0.0,0,0.0,0.0
2022-01-28,NVDA.US,sell,21.9207,14856.86,signal,23587.1604,661,159.4959782752267,7.81
2020-04-07,TSM.US,buy,95.589,3022.6,signal,0.0,0,0.0,0.0
2022-01-28,TSM.US,sell,110.2204,3022.6,signal,44224.9682,661,192.35200339933124,15.31
2022-02-01,AMD.US,buy,116.8667,207.12,signal,0.0,0,0.0,0.0
2022-02-02,AMD.US,sell,129.7601,207.12,target_rebalance,2670.4726,1,1.0,11.03
2022-02-01,AMAT.US,buy,133.0,23.1,signal,0.0,0,0.0,0.0
2022-02-03,AMAT.US,sell,132.6716,23.1,target_rebalance,-7.5847,2,1.9897751578068754,-0.25
2022-02-01,AVGO.US,buy,54.1323,131.06,signal,0.0,0,0.0,0.0
2022-02-03,AVGO.US,sell,54.9207,131.06,target_rebalance,103.3242,2,1.9941920559137665,1.46
2022-02-01,LRCX.US,buy,56.3356,149.66,signal,0.0,0,0.0,0.0
2022-02-03,LRCX.US,sell,56.8771,149.66,target_rebalance,81.0383,2,1.9855362144688629,0.96
2022-02-01,MU.US,buy,80.4477,99.77,signal,0.0,0,0.0,0.0
2022-02-03,MU.US,sell,80.7326,99.77,target_rebalance,28.4199,2,1.9809164345269883,0.35
2022-02-01,AMD.US,buy,117.0248,42.33,signal,0.0,0,0.0,0.0
2022-02-04,AMD.US,sell,120.2197,42.33,target_rebalance,135.24,3,2.911567877629063,2.73
2022-02-01,TSM.US,buy,114.3306,20.7,signal,0.0,0,0.0,0.0
2022-02-04,TSM.US,sell,111.8267,20.7,target_rebalance,-51.8303,3,2.980264996153727,-2.19
2022-02-01,AMD.US,buy,117.0248,38.36,signal,0.0,0,0.0,0.0
2022-02-07,AMD.US,sell,123.4364,38.36,target_rebalance,245.952,6,3.9115678776290634,5.48
2022-02-01,AVGO.US,buy,54.1205,58.07,signal,0.0,0,0.0,0.0
2022-02-07,AVGO.US,sell,54.4127,58.07,target_rebalance,16.9632,6,3.954335542915368,0.54
2022-02-01,NVDA.US,buy,25.0325,34.6,signal,0.0,0,0.0,0.0
2022-02-07,NVDA.US,sell,24.271,34.6,target_rebalance,-26.3499,6,3.9444434948114115,-3.04
2022-02-01,TSM.US,buy,114.3306,15.72,signal,0.0,0,0.0,0.0
2022-02-07,TSM.US,sell,113.7951,15.72,target_rebalance,-8.418,6,3.980264996153727,-0.47
2022-02-01,AMAT.US,buy,132.9637,2.4,signal,0.0,0,0.0,0.0
2022-02-08,AMAT.US,sell,129.4554,2.4,target_rebalance,-8.42,7,4.9579925160893845,-2.64
2022-02-01,AMD.US,buy,117.0248,0.44,signal,0.0,0,0.0,0.0
2022-02-08,AMD.US,sell,122.2576,0.44,target_rebalance,2.3025,7,4.911567877629063,4.47
2022-02-01,AVGO.US,buy,54.1205,40.23,signal,0.0,0,0.0,0.0
2022-02-08,AVGO.US,sell,54.2485,40.23,target_rebalance,5.1496,7,4.954335542915368,0.24
2022-02-01,MU.US,buy,80.4407,21.14,signal,0.0,0,0.0,0.0
2022-02-08,MU.US,sell,79.2482,21.14,target_rebalance,-25.2101,7,4.947504971789968,-1.48
2022-02-01,NVDA.US,buy,25.0325,123.31,signal,0.0,0,0.0,0.0
2022-02-08,NVDA.US,sell,24.258,123.31,target_rebalance,-95.5037,7,4.944443494811412,-3.09
2022-02-01,TSM.US,buy,114.3306,14.8,signal,0.0,0,0.0,0.0
2022-02-08,TSM.US,sell,113.2752,14.8,target_rebalance,-15.6204,7,4.980264996153727,-0.92
2022-02-01,AMAT.US,buy,132.9637,16.36,signal,0.0,0,0.0,0.0
2022-02-09,AMAT.US,sell,136.0031,16.36,target_rebalance,49.7233,8,5.9579925160893845,2.29
2022-02-01,AMD.US,buy,117.0248,38.16,signal,0.0,0,0.0,0.0
2022-02-09,AMD.US,sell,129.4704,38.16,target_rebalance,474.9259,8,5.911567877629063,10.64
2022-02-01,ASML.US,buy,652.5568,3.78,signal,0.0,0,0.0,0.0
2022-02-09,ASML.US,sell,641.0025,3.78,target_rebalance,-43.6752,8,5.8620956917900156,-1.77
2022-02-01,NVDA.US,buy,25.0325,103.27,signal,0.0,0,0.0,0.0
2022-02-09,NVDA.US,sell,25.5158,103.27,target_rebalance,49.9066,8,5.944443494811412,1.93
2022-02-01,MU.US,buy,80.4407,203.01,signal,0.0,0,0.0,0.0
2022-02-10,MU.US,sell,87.0997,203.01,target_rebalance,1351.8561,9,6.947504971789968,8.28
2022-02-01,NVDA.US,buy,25.0325,182.13,signal,0.0,0,0.0,0.0
2022-02-10,NVDA.US,sell,25.8872,182.13,target_rebalance,155.6695,9,6.944443494811412,3.41
2022-02-01,ASML.US,buy,651.9706,0.56,signal,0.0,0,0.0,0.0
2022-02-11,ASML.US,sell,628.3408,0.56,target_rebalance,-13.2327,10,7.706066424064593,-3.62
2022-02-01,LRCX.US,buy,56.2841,42.63,signal,0.0,0,0.0,0.0
2022-02-11,LRCX.US,sell,56.6894,42.63,target_rebalance,17.2757,10,7.80347799211496,0.72
2022-02-01,MU.US,buy,80.4407,83.05,signal,0.0,0,0.0,0.0
2022-02-11,MU.US,sell,89.1407,83.05,target_rebalance,722.5401,10,7.947504971789968,10.82
2022-02-01,TSM.US,buy,114.3646,6.2,signal,0.0,0,0.0,0.0
2022-02-11,TSM.US,sell,116.5248,6.2,target_rebalance,13.3934,10,7.868771827828832,1.89
2022-02-01,AVGO.US,buy,54.1597,112.19,signal,0.0,0,0.0,0.0
2022-02-14,AVGO.US,sell,53.0149,112.19,target_rebalance,-128.4397,13,8.697626775834914,-2.11
2022-02-01,MU.US,buy,80.4407,206.6,signal,0.0,0,0.0,0.0
2022-02-14,MU.US,sell,89.8341,206.6,target_rebalance,1940.6813,13,8.947504971789966,11.68
2022-02-01,TSM.US,buy,114.3646,9.13,signal,0.0,0,0.0,0.0
2022-02-14,TSM.US,sell,111.3718,9.13,target_rebalance,-27.325,13,8.868771827828834,-2.62
2022-02-01,ASML.US,buy,651.9706,7.45,signal,0.0,0,0.0,0.0
2022-02-15,ASML.US,sell,618.7275,7.45,target_rebalance,-247.6606,14,9.706066424064591,-5.1
2022-02-01,AVGO.US,buy,54.1597,30.94,signal,0.0,0,0.0,0.0
2022-02-15,AVGO.US,sell,54.3085,30.94,target_rebalance,4.6017,14,9.697626775834912,0.27
2022-02-01,NVDA.US,buy,24.9992,273.64,signal,0.0,0,0.0,0.0
2022-02-15,NVDA.US,sell,24.8456,273.64,target_rebalance,-42.0475,14,9.650729524743022,-0.61
2022-02-01,AMAT.US,buy,132.9551,8.26,signal,0.0,0,0.0,0.0
2022-02-16,AMAT.US,sell,132.95,8.26,target_rebalance,-0.042,15,10.796152942626014,-0.0
2022-02-01,LRCX.US,buy,56.2526,9.9,signal,0.0,0,0.0,0.0
2022-02-16,LRCX.US,sell,55.6861,9.9,target_rebalance,-5.6078,15,10.689923545067074,-1.01
2022-02-01,MU.US,buy,80.6761,45.76,signal,0.0,0,0.0,0.0
2022-02-16,MU.US,sell,92.2267,45.76,target_rebalance,528.5573,15,10.675711523909891,14.32
2022-02-01,NVDA.US,buy,24.9992,372.96,signal,0.0,0,0.0,0.0
2022-02-16,NVDA.US,sell,26.1501,372.96,target_rebalance,429.2444,15,10.650729524743022,4.6
2022-02-01,AMAT.US,buy,132.9551,78.23,signal,0.0,0,0.0,0.0
2022-02-17,AMAT.US,sell,137.1263,78.23,target_rebalance,326.3131,16,11.796152942626014,3.14
2022-02-01,ASML.US,buy,651.5427,6.03,signal,0.0,0,0.0,0.0
2022-02-17,ASML.US,sell,630.0323,6.03,target_rebalance,-129.7078,16,11.54610789139134,-3.3
2022-02-01,LRCX.US,buy,56.2526,31.3,signal,0.0,0,0.0,0.0
2022-02-17,LRCX.US,sell,55.9434,31.3,target_rebalance,-9.678,16,11.689923545067074,-0.55
2022-02-01,MU.US,buy,80.6761,25.12,signal,0.0,0,0.0,0.0
2022-02-17,MU.US,sell,92.8126,25.12,target_rebalance,304.8709,16,11.675711523909891,15.04
2022-02-01,ASML.US,buy,651.5427,4.57,signal,0.0,0,0.0,0.0
2022-02-18,ASML.US,sell,623.1616,4.57,target_rebalance,-129.702,17,12.546107891391339,-4.36
2022-02-01,AVGO.US,buy,54.1704,16.18,signal,0.0,0,0.0,0.0
2022-02-18,AVGO.US,sell,53.5626,16.18,target_rebalance,-9.8351,17,12.492348032324996,-1.12
2022-02-01,LRCX.US,buy,56.2526,51.82,signal,0.0,0,0.0,0.0
2022-02-18,LRCX.US,sell,55.3365,51.82,target_rebalance,-47.4714,17,12.689923545067073,-1.63
2022-02-01,MU.US,buy,80.6761,50.95,signal,0.0,0,0.0,0.0
2022-02-18,MU.US,sell,92.3146,50.95,target_rebalance,592.9831,17,12.675711523909891,14.43
2022-02-01,TSM.US,buy,114.3653,4.08,signal,0.0,0,0.0,0.0
2022-02-18,TSM.US,sell,111.901,4.08,target_rebalance,-10.0544,17,12.671213697290476,-2.15
2022-02-01,AMD.US,buy,117.2099,111.55,signal,0.0,0,0.0,0.0
2022-02-22,AMD.US,sell,115.1547,111.55,target_rebalance,-229.2504,21,12.986563595784643,-1.75
2022-02-01,ASML.US,buy,651.5427,4.44,signal,0.0,0,0.0,0.0
2022-02-22,ASML.US,sell,610.1464,4.44,target_rebalance,-183.7998,21,13.546107891391339,-6.35
2022-02-01,AVGO.US,buy,54.1704,168.76,signal,0.0,0,0.0,0.0
2022-02-22,AVGO.US,sell,53.475,168.76,target_rebalance,-117.3634,21,13.492348032324996,-1.28
2022-02-01,TSM.US,buy,114.3653,12.23,signal,0.0,0,0.0,0.0
2022-02-22,TSM.US,sell,109.097,12.23,target_rebalance,-64.4318,21,13.671213697290472,-4.61
2022-02-01,AMD.US,buy,117.2099,8.34,signal,0.0,0,0.0,0.0
2022-02-23,AMD.US,sell,117.2826,8.34,target_rebalance,0.6066,22,13.986563595784643,0.06
2022-02-01,ASML.US,buy,651.5427,2.19,signal,0.0,0,0.0,0.0
2022-02-23,ASML.US,sell,622.1678,2.19,target_rebalance,-64.3311,22,14.546107891391339,-4.51
2022-02-01,MU.US,buy,80.8146,2.49,signal,0.0,0,0.0,0.0
2022-02-23,MU.US,sell,89.3263,2.49,target_rebalance,21.1941,22,14.413840610577829,10.53
2022-02-01,NVDA.US,buy,24.9271,212.76,signal,0.0,0,0.0,0.0
2022-02-23,NVDA.US,sell,23.7033,212.76,target_rebalance,-260.3744,22,13.669125450956798,-4.91
2022-02-01,AMAT.US,buy,132.768,2545.38,signal,0.0,0,0.0,0.0
2022-02-24,AMAT.US,sell,118.3781,2545.38,signal,-36627.7898,23,15.253229374885125,-10.84
2022-02-01,AMD.US,buy,117.2099,2759.67,signal,0.0,0,0.0,0.0
2022-02-24,AMD.US,sell,104.4554,2759.67,signal,-35198.0039,23,14.986563595784645,-10.88
2022-02-01,ASML.US,buy,651.5427,520.22,signal,0.0,0,0.0,0.0
2022-02-24,ASML.US,sell,573.633,520.22,signal,-40530.1909,23,15.54610789139134,-11.96
2022-02-01,AVGO.US,buy,54.1632,6037.98,signal,0.0,0,0.0,0.0
2022-02-24,AVGO.US,sell,50.8556,6037.98,signal,-19971.2574,23,15.30688472630912,-6.11
2022-02-01,LRCX.US,buy,56.2331,5982.3,signal,0.0,0,0.0,0.0
2022-02-24,LRCX.US,sell,50.0287,5982.3,signal,-37116.6598,23,15.571918107613557,-11.03
2022-02-01,MU.US,buy,80.8146,3623.36,signal,0.0,0,0.0,0.0
2022-02-24,MU.US,sell,82.1583,3623.36,signal,4868.8298,23,15.413840610577827,1.66
2022-02-01,NVDA.US,buy,24.9271,13654.68,signal,0.0,0,0.0,0.0
2022-02-24,NVDA.US,sell,20.9279,13654.68,signal,-54608.3848,23,14.669125450956797,-16.04
2022-02-01,TSM.US,buy,114.3474,2934.58,signal,0.0,0,0.0,0.0
2022-02-24,TSM.US,sell,100.2764,2934.58,signal,-41292.7167,23,15.606821098546835,-12.31
2022-02-25,AMAT.US,buy,128.5221,1.87,signal,0.0,0,0.0,0.0
2022-02-28,AMAT.US,sell,128.7078,1.87,target_rebalance,0.3472,3,1.0,0.14
2022-02-25,AMD.US,buy,117.2772,59.75,signal,0.0,0,0.0,0.0
2022-02-28,AMD.US,sell,120.1897,59.75,target_rebalance,174.0233,3,1.0,2.48
2022-02-25,LRCX.US,buy,53.8625,6.91,signal,0.0,0,0.0,0.0
2022-02-28,LRCX.US,sell,53.9645,6.91,target_rebalance,0.7047,3,1.0,0.19
2022-02-25,MU.US,buy,86.0705,10.04,signal,0.0,0,0.0,0.0
2022-02-28,MU.US,sell,86.3771,10.04,target_rebalance,3.0776,3,1.0,0.36
2022-02-25,NVDA.US,buy,23.6699,108.9,signal,0.0,0,0.0,0.0
2022-02-28,NVDA.US,sell,23.8925,108.9,target_rebalance,24.2395,3,1.0,0.94
2022-02-25,AMD.US,buy,117.2772,26.74,signal,0.0,0,0.0,0.0
2022-03-01,AMD.US,sell,122.2077,26.74,target_rebalance,131.8418,4,2.0,4.2
2022-02-25,ASML.US,buy,628.865,5.45,signal,0.0,0,0.0,0.0
2022-03-01,ASML.US,sell,630.8923,5.45,target_rebalance,11.0484,4,1.985277841585399,0.32
2022-02-25,AVGO.US,buy,53.5672,0.63,signal,0.0,0,0.0,0.0
2022-03-01,AVGO.US,sell,53.9175,0.63,target_rebalance,0.2207,4,2.0,0.65
2022-02-25,NVDA.US,buy,23.6699,81.97,signal,0.0,0,0.0,0.0
2022-03-01,NVDA.US,sell,24.1903,81.97,target_rebalance,42.6526,4,2.0,2.2
2022-02-25,AMAT.US,buy,128.5237,2317.35,signal,0.0,0,0.0,0.0
2022-03-02,AMAT.US,sell,125.0337,2317.35,signal,-8087.6073,5,2.9912831466977368,-2.72
2022-02-25,AMD.US,buy,117.2772,2444.03,signal,0.0,0,0.0,0.0
2022-03-02,AMD.US,sell,115.3545,2444.03,signal,-4698.9714,5,3.0,-1.64
2022-02-25,ASML.US,buy,628.865,473.42,signal,0.0,0,0.0,0.0
2022-03-02,ASML.US,sell,614.0548,473.42,signal,-7011.4857,5,2.985277841585399,-2.36
2022-02-25,AVGO.US,buy,53.5672,5539.56,signal,0.0,0,0.0,0.0
2022-03-02,AVGO.US,sell,52.9706,5539.56,signal,-3304.9149,5,3.0,-1.11
2022-02-25,LRCX.US,buy,53.8517,5606.32,signal,0.0,0,0.0,0.0
2022-03-02,LRCX.US,sell,52.141,5606.32,signal,-9590.9365,5,2.963105923315115,-3.18
2022-02-25,MU.US,buy,86.072,3446.66,signal,0.0,0,0.0,0.0
2022-03-02,MU.US,sell,85.1271,3446.66,signal,-3256.9004,5,2.994957437055004,-1.1
2022-02-25,NVDA.US,buy,23.6699,12347.07,signal,0.0,0,0.0,0.0
2022-03-02,NVDA.US,sell,23.6615,12347.07,signal,-103.8191,5,3.0,-0.04
2022-02-25,TSM.US,buy,104.3959,2918.56,signal,0.0,0,0.0,0.0
2022-03-02,TSM.US,sell,100.6477,2918.56,signal,-10939.2705,5,2.973329313085905,-3.59
2022-03-03,AMAT.US,buy,130.2183,2234.75,signal,0.0,0,0.0,0.0
2022-03-04,AMAT.US,sell,123.4756,2234.75,signal,-15068.3216,1,1.0,-5.18
2022-03-03,AMD.US,buy,118.2481,2460.97,signal,0.0,0,0.0,0.0
2022-03-04,AMD.US,sell,111.888,2460.97,signal,-15652.0824,1,1.0,-5.38
2022-03-03,ASML.US,buy,624.3134,466.12,signal,0.0,0,0.0,0.0
2022-03-04,ASML.US,sell,576.8917,466.12,signal,-22104.1965,1,1.0,-7.6
2022-03-03,AVGO.US,buy,54.8468,5305.78,signal,0.0,0,0.0,0.0
2022-03-04,AVGO.US,sell,54.6551,5305.78,signal,-1016.8165,1,1.0,-0.35
2022-03-03,LRCX.US,buy,53.5084,5438.5,signal,0.0,0,0.0,0.0
2022-03-04,LRCX.US,sell,51.3283,5438.5,signal,-11856.378,1,1.0,-4.07
2022-03-03,MU.US,buy,89.6519,3245.94,signal,0.0,0,0.0,0.0
2022-03-04,MU.US,sell,85.3712,3245.94,signal,-13894.9042,1,1.0,-4.77
2022-03-03,NVDA.US,buy,24.2139,12018.1,signal,0.0,0,0.0,0.0
2022-03-04,NVDA.US,sell,23.291,12018.1,signal,-11091.302,1,1.0,-3.81
2022-03-03,TSM.US,buy,102.2541,2845.9,signal,0.0,0,0.0,0.0
2022-03-04,TSM.US,sell,99.3479,2845.9,signal,-8270.7781,1,1.0,-2.84
2022-03-21,AMD.US,buy,113.8437,30.3,signal,0.0,0,0.0,0.0
2022-03-22,AMD.US,sell,115.3146,30.3,target_rebalance,44.5664,1,1.0,1.29
2022-03-21,ASML.US,buy,649.4001,5.1,signal,0.0,0,0.0,0.0
2022-03-22,ASML.US,sell,657.4483,5.1,target_rebalance,41.0454,1,1.0,1.24
2022-03-21,NVDA.US,buy,26.4545,61.81,signal,0.0,0,0.0,0.0
2022-03-22,NVDA.US,sell,26.6207,61.81,target_rebalance,10.2768,1,1.0,0.63
2022-03-21,AMAT.US,buy,129.2352,1.55,signal,0.0,0,0.0,0.0
2022-03-23,AMAT.US,sell,128.5058,1.55,target_rebalance,-1.1306,2,1.9988700721949775,-0.56
2022-03-21,AVGO.US,buy,56.3239,69.34,signal,0.0,0,0.0,0.0
2022-03-23,AVGO.US,sell,56.4366,69.34,target_rebalance,7.8132,2,1.9932146856599275,0.2
2022-03-21,LRCX.US,buy,51.5252,43.27,signal,0.0,0,0.0,0.0
2022-03-23,LRCX.US,sell,51.6488,43.27,target_rebalance,5.3473,2,1.999619379847826,0.24
2022-03-21,MU.US,buy,77.2721,20.81,signal,0.0,0,0.0,0.0
2022-03-23,MU.US,sell,76.0353,20.81,target_rebalance,-25.7383,2,1.983292436883145,-1.6
2022-03-21,TSM.US,buy,99.764,13.04,signal,0.0,0,0.0,0.0
2022-03-23,TSM.US,sell,99.3605,13.04,target_rebalance,-5.2618,2,1.9965298210700133,-0.4
2022-03-21,AMAT.US,buy,129.2352,2157.88,signal,0.0,0,0.0,0.0
2022-03-24,AMAT.US,sell,127.9287,2157.88,signal,-2819.2485,3,2.9988700721949773,-1.01
2022-03-21,AMD.US,buy,113.845,2423.86,signal,0.0,0,0.0,0.0
2022-03-24,AMD.US,sell,114.845,2423.86,signal,2423.9138,3,2.995420527588227,0.88
2022-03-21,ASML.US,buy,649.2156,433.02,signal,0.0,0,0.0,0.0
2022-03-24,ASML.US,sell,636.6164,433.02,signal,-5455.7142,3,2.959078102628054,-1.94
2022-03-21,AVGO.US,buy,56.3239,4913.48,signal,0.0,0,0.0,0.0
2022-03-24,AVGO.US,sell,56.3094,4913.48,signal,-71.2286,3,2.9932146856599275,-0.03
2022-03-21,LRCX.US,buy,51.5252,5368.95,signal,0.0,0,0.0,0.0
2022-03-24,LRCX.US,sell,51.3553,5368.95,signal,-911.9245,3,2.999619379847826,-0.33
2022-03-21,MU.US,buy,77.2721,3646.99,signal,0.0,0,0.0,0.0
2022-03-24,MU.US,sell,74.1212,3646.99,signal,-11491.2716,3,2.9832924368831457,-4.08
2022-03-21,NVDA.US,buy,26.4488,10635.02,signal,0.0,0,0.0,0.0
2022-03-24,NVDA.US,sell,26.062,10635.02,signal,-4113.6367,3,2.970004757865994,-1.46
2022-03-21,TSM.US,buy,99.764,2790.85,signal,0.0,0,0.0,0.0
2022-03-24,TSM.US,sell,99.6217,2790.85,signal,-397.1104,3,2.996529821070013,-0.14
2022-03-25,AVGO.US,buy,58.3242,39.46,signal,0.0,0,0.0,0.0
2022-03-28,AVGO.US,sell,58.0962,39.46,target_rebalance,-8.9941,3,1.0,-0.39
2022-03-25,LRCX.US,buy,53.1686,0.89,signal,0.0,0,0.0,0.0
2022-03-28,LRCX.US,sell,52.5281,0.89,target_rebalance,-0.5701,3,1.0,-1.2
2022-03-25,MU.US,buy,76.5887,51.41,signal,0.0,0,0.0,0.0
2022-03-28,MU.US,sell,76.7481,51.41,target_rebalance,8.199,3,1.0,0.21
2022-03-25,NVDA.US,buy,27.8307,55.56,signal,0.0,0,0.0,0.0
2022-03-28,NVDA.US,sell,27.6456,55.56,target_rebalance,-10.2836,3,1.0,-0.67
2022-03-25,AMAT.US,buy,133.555,1.24,signal,0.0,0,0.0,0.0
2022-03-29,AMAT.US,sell,134.7286,1.24,target_rebalance,1.4554,4,1.98651643533334,0.88
2022-03-25,AMD.US,buy,120.0258,5.76,signal,0.0,0,0.0,0.0
2022-03-29,AMD.US,sell,122.1577,5.76,target_rebalance,12.2801,4,1.9936244062052897,1.78
2022-03-25,ASML.US,buy,661.0922,3.05,signal,0.0,0,0.0,0.0
2022-03-29,ASML.US,sell,678.4714,3.05,target_rebalance,53.0065,4,1.9972047018348624,2.63
2022-03-25,LRCX.US,buy,53.1686,0.03,signal,0.0,0,0.0,0.0
2022-03-29,LRCX.US,sell,54.3279,0.03,target_rebalance,0.0348,4,2.0,2.18
2022-03-25,MU.US,buy,76.5887,35.37,signal,0.0,0,0.0,0.0
2022-03-29,MU.US,sell,80.1759,35.37,target_rebalance,126.8798,4,2.0,4.68
2022-03-25,AMAT.US,buy,133.555,10.16,signal,0.0,0,0.0,0.0
2022-03-30,AMAT.US,sell,135.3153,10.16,target_rebalance,17.8855,5,2.98651643533334,1.32
2022-03-25,AMD.US,buy,120.0258,15.45,signal,0.0,0,0.0,0.0
2022-03-30,AMD.US,sell,122.917,15.45,target_rebalance,44.6692,5,2.99362440620529,2.41
2022-03-25,MU.US,buy,76.5887,93.55,signal,0.0,0,0.0,0.0
2022-03-30,MU.US,sell,82.3243,93.55,target_rebalance,536.5721,5,3.0,7.49
2022-03-25,ASML.US,buy,661.1984,2.9,signal,0.0,0,0.0,0.0
2022-03-31,ASML.US,sell,654.094,2.9,target_rebalance,-20.6026,6,3.962482814737627,-1.07
2022-03-25,AVGO.US,buy,58.3367,75.82,signal,0.0,0,0.0,0.0
2022-03-31,AVGO.US,sell,58.5232,75.82,target_rebalance,14.1402,6,3.9776288429337257,0.32
2022-03-25,LRCX.US,buy,53.1743,38.3,signal,0.0,0,0.0,0.0
2022-03-31,LRCX.US,sell,52.5683,38.3,target_rebalance,-23.2113,6,3.974877982594604,-1.14
2022-03-25,NVDA.US,buy,27.8355,106.39,signal,0.0,0,0.0,0.0
2022-03-31,NVDA.US,sell,27.6715,106.39,target_rebalance,-17.4484,6,3.965370144055469,-0.59
2022-03-25,TSM.US,buy,100.661,59.77,signal,0.0,0,0.0,0.0
2022-03-31,TSM.US,sell,99.7897,59.77,target_rebalance,-52.0784,6,3.966830220798078,-0.87
2022-03-25,AMAT.US,buy,133.555,2082.26,signal,0.0,0,0.0,0.0
2022-04-01,AMAT.US,sell,127.8037,2082.26,signal,-11975.6297,7,4.98651643533334,-4.31
2022-03-25,AMD.US,buy,119.9442,2345.43,signal,0.0,0,0.0,0.0
2022-04-01,AMD.US,sell,110.3695,2345.43,signal,-22456.7657,7,4.903158579170722,-7.98
2022-03-25,ASML.US,buy,661.1984,417.48,signal,0.0,0,0.0,0.0
2022-04-01,ASML.US,sell,645.3025,417.48,signal,-6636.1933,7,4.962482814737626,-2.4
2022-03-25,AVGO.US,buy,58.3367,4666.0,signal,0.0,0,0.0,0.0
2022-04-01,AVGO.US,sell,58.6355,4666.0,signal,1394.2964,7,4.9776288429337265,0.51
2022-03-25,LRCX.US,buy,53.1743,5194.56,signal,0.0,0,0.0,0.0
2022-04-01,LRCX.US,sell,51.73,5194.56,signal,-7502.3999,7,4.974877982594604,-2.72
2022-03-25,MU.US,buy,76.5608,3592.94,signal,0.0,0,0.0,0.0
2022-04-01,MU.US,sell,76.5919,3592.94,signal,111.648,7,4.810350298084576,0.04
2022-03-25,NVDA.US,buy,27.8355,9868.24,signal,0.0,0,0.0,0.0
2022-04-01,NVDA.US,sell,27.2661,9868.24,signal,-5618.8839,7,4.96537014405547,-2.05
2022-03-25,TSM.US,buy,100.661,2736.45,signal,0.0,0,0.0,0.0
2022-04-01,TSM.US,sell,98.6795,2736.45,signal,-5422.3795,7,4.966830220798077,-1.97
2022-12-01,AMAT.US,buy,106.9456,2513.77,signal,0.0,0,0.0,0.0
2022-12-02,AMAT.US,sell,101.0828,2513.77,signal,-14737.6133,1,1.0,-5.48
2022-12-01,AMD.US,buy,78.3883,3429.55,signal,0.0,0,0.0,0.0
2022-12-02,AMD.US,sell,74.975,3429.55,signal,-11706.27,1,1.0,-4.35
2022-12-01,ASML.US,buy,592.9352,453.4,signal,0.0,0,0.0,0.0
2022-12-02,ASML.US,sell,580.7129,453.4,signal,-5541.6169,1,1.0,-2.06
2022-12-01,AVGO.US,buy,52.109,5159.12,signal,0.0,0,0.0,0.0
2022-12-02,AVGO.US,sell,50.6855,5159.12,signal,-7344.0811,1,1.0,-2.73
2022-12-01,LRCX.US,buy,46.2382,5814.17,signal,0.0,0,0.0,0.0
2022-12-02,LRCX.US,sell,43.3943,5814.17,signal,-16534.7885,1,1.0,-6.15
2022-12-01,MU.US,buy,56.8958,4725.07,signal,0.0,0,0.0,0.0
2022-12-02,MU.US,sell,53.3554,4725.07,signal,-16728.8333,1,1.0,-6.22
2022-12-01,NVDA.US,buy,16.9783,15834.15,signal,0.0,0,0.0,0.0
2022-12-02,NVDA.US,sell,16.6054,15834.15,signal,-5903.5032,1,1.0,-2.2
2022-12-01,TSM.US,buy,78.4785,3425.61,signal,0.0,0,0.0,0.0
2022-12-02,TSM.US,sell,77.1616,3425.61,signal,-4511.1855,1,1.0,-1.68
2022-12-14,AVGO.US,buy,53.7658,104.76,signal,0.0,0,0.0,0.0
2022-12-15,AVGO.US,sell,53.2082,104.76,target_rebalance,-58.4154,1,1.0,-1.04
2022-12-14,TSM.US,buy,76.3805,53.66,signal,0.0,0,0.0,0.0
2022-12-15,TSM.US,sell,75.1328,53.66,target_rebalance,-66.95,1,1.0,-1.63
2022-12-14,AMAT.US,buy,108.1186,2392.66,signal,0.0,0,0.0,0.0
2022-12-16,AMAT.US,sell,100.9181,2392.66,signal,-17228.3749,2,1.9994942866934708,-6.66
2022-12-14,AMD.US,buy,70.9492,3699.09,signal,0.0,0,0.0,0.0
2022-12-16,AMD.US,sell,66.1838,3699.09,signal,-17627.8836,2,1.9844853734296812,-6.72
2022-12-14,ASML.US,buy,603.394,428.52,signal,0.0,0,0.0,0.0
2022-12-16,ASML.US,sell,558.4247,428.52,signal,-19270.2494,2,2.0,-7.45
2022-12-14,AVGO.US,buy,53.7658,4704.32,signal,0.0,0,0.0,0.0
2022-12-16,AVGO.US,sell,52.6108,4704.32,signal,-5433.6019,2,2.0,-2.15
2022-12-14,LRCX.US,buy,45.9632,5668.92,signal,0.0,0,0.0,0.0
2022-12-16,LRCX.US,sell,42.7975,5668.92,signal,-17946.0763,2,1.9920196439533457,-6.89
2022-12-14,MU.US,buy,54.3477,4757.6,signal,0.0,0,0.0,0.0
2022-12-16,MU.US,sell,50.8025,4757.6,signal,-16866.4657,2,2.0,-6.52
2022-12-14,NVDA.US,buy,17.9522,14616.49,signal,0.0,0,0.0,0.0
2022-12-16,NVDA.US,sell,16.8098,14616.49,signal,-16698.1994,2,1.984683737340497,-6.36
2022-12-14,TSM.US,buy,76.3805,3331.55,signal,0.0,0,0.0,0.0
2022-12-16,TSM.US,sell,73.6152,3331.55,signal,-9212.7254,2,2.0,-3.62
2023-01-10,AMD.US,buy,66.7367,40.44,signal,0.0,0,0.0,0.0
2023-01-11,AMD.US,sell,68.3216,40.44,target_rebalance,64.095,1,1.0,2.37
2023-01-10,ASML.US,buy,603.5199,2.5,signal,0.0,0,0.0,0.0
2023-01-11,ASML.US,sell,614.8126,2.5,target_rebalance,28.2317,1,1.0,1.87
2023-01-10,MU.US,buy,55.3785,29.11,signal,0.0,0,0.0,0.0
2023-01-11,MU.US,sell,56.439,29.11,target_rebalance,30.8698,1,1.0,1.91
2023-01-10,NVDA.US,buy,15.4881,108.42,signal,0.0,0,0.0,0.0
2023-01-11,NVDA.US,sell,15.7891,108.42,target_rebalance,32.6328,1,1.0,1.94
2023-01-10,AMAT.US,buy,103.0561,19.12,signal,0.0,0,0.0,0.0
2023-01-12,AMAT.US,sell,107.1486,19.12,target_rebalance,78.2489,2,1.9927698399035978,3.97
2023-01-10,LRCX.US,buy,43.3853,116.82,signal,0.0,0,0.0,0.0
2023-01-12,LRCX.US,sell,45.4163,116.82,target_rebalance,237.263,2,1.9869067764592594,4.68
2023-01-10,TSM.US,buy,76.5188,43.09,signal,0.0,0,0.0,0.0
2023-01-12,TSM.US,sell,80.5869,43.09,target_rebalance,175.2927,2,2.0,5.32
2023-01-10,AMD.US,buy,66.7367,7.21,signal,0.0,0,0.0,0.0
2023-01-13,AMD.US,sell,69.7702,7.21,target_rebalance,21.8714,3,3.0,4.55
2023-01-10,ASML.US,buy,603.5199,0.99,signal,0.0,0,0.0,0.0
2023-01-13,ASML.US,sell,628.143,0.99,target_rebalance,24.3768,3,3.0,4.08
2023-01-10,AVGO.US,buy,54.5516,34.78,signal,0.0,0,0.0,0.0
2023-01-13,AVGO.US,sell,54.9245,34.78,target_rebalance,12.9701,3,2.9474723778467733,0.68
2023-01-10,NVDA.US,buy,15.4926,247.66,signal,0.0,0,0.0,0.0
2023-01-13,NVDA.US,sell,16.2257,247.66,target_rebalance,181.5625,3,2.9849274736303837,4.73
2023-01-10,TSM.US,buy,76.5188,37.92,signal,0.0,0,0.0,0.0
2023-01-13,TSM.US,sell,81.0137,37.92,target_rebalance,170.4465,3,3.0,5.87
2023-01-10,AMAT.US,buy,103.0815,6.51,signal,0.0,0,0.0,0.0
2023-01-17,AMAT.US,sell,106.0149,6.51,target_rebalance,19.0962,7,3.936124510790874,2.85
2023-01-10,AMD.US,buy,66.7367,7.25,signal,0.0,0,0.0,0.0
2023-01-17,AMD.US,sell,70.7991,7.25,target_rebalance,29.4529,7,4.0,6.09
2023-01-10,LRCX.US,buy,43.3957,9.55,signal,0.0,0,0.0,0.0
2023-01-17,LRCX.US,sell,45.4085,9.55,target_rebalance,19.2223,7,3.9641884101986475,4.64
2023-01-10,NVDA.US,buy,15.4926,379.77,signal,0.0,0,0.0,0.0
2023-01-17,NVDA.US,sell,16.8447,379.77,target_rebalance,513.4947,7,3.984927473630384,8.73
2023-01-10,ASML.US,buy,603.7375,3.38,signal,0.0,0,0.0,0.0
2023-01-18,ASML.US,sell,651.5439,3.38,target_rebalance,161.5857,8,4.9684703666063506,7.92
2023-01-10,NVDA.US,buy,15.4926,314.07,signal,0.0,0,0.0,0.0
2023-01-18,NVDA.US,sell,17.6102,314.07,target_rebalance,665.0908,8,4.984927473630385,13.67
2023-01-10,TSM.US,buy,76.5252,69.98,signal,0.0,0,0.0,0.0
2023-01-18,TSM.US,sell,85.8227,69.98,target_rebalance,650.6382,8,4.995249513203843,12.15
2023-01-10,AMAT.US,buy,103.1222,33.35,signal,0.0,0,0.0,0.0
2023-01-19,AMAT.US,sell,106.0924,33.35,target_rebalance,99.0549,9,5.891015339652278,2.88
2023-01-10,AVGO.US,buy,54.5651,4.37,signal,0.0,0,0.0,0.0
2023-01-19,AVGO.US,sell,54.1604,4.37,target_rebalance,-1.7686,9,5.8462431267359,-0.74
2023-01-10,TSM.US,buy,76.5252,33.93,signal,0.0,0,0.0,0.0
2023-01-19,TSM.US,sell,84.4474,33.93,target_rebalance,268.7973,9,5.995249513203842,10.35
2023-01-10,MU.US,buy,55.4331,154.86,signal,0.0,0,0.0,0.0
2023-01-20,MU.US,sell,56.5571,154.86,target_rebalance,174.0575,10,6.7981401575212494,2.03
2023-01-10,NVDA.US,buy,15.5031,23.06,signal,0.0,0,0.0,0.0
2023-01-20,NVDA.US,sell,16.9563,23.06,target_rebalance,33.51,10,6.943287259670709,9.37
2023-01-10,TSM.US,buy,76.5252,47.23,signal,0.0,0,0.0,0.0
2023-01-20,TSM.US,sell,85.3674,47.23,target_rebalance,417.6169,10,6.995249513203843,11.55
2023-01-10,AMD.US,buy,66.8176,93.93,signal,0.0,0,0.0,0.0
2023-01-23,AMD.US,sell,72.1478,93.93,target_rebalance,500.6596,13,7.819589867830713,7.98
2023-01-10,NVDA.US,buy,15.5031,406.07,signal,0.0,0,0.0,0.0
2023-01-23,NVDA.US,sell,18.0059,406.07,target_rebalance,1016.3032,13,7.943287259670709,16.14
2023-01-10,AMAT.US,buy,103.1686,33.21,signal,0.0,0,0.0,0.0
2023-01-24,AMAT.US,sell,109.9489,33.21,target_rebalance,225.1725,14,8.643235771988822,6.57
2023-01-10,MU.US,buy,55.4477,31.17,signal,0.0,0,0.0,0.0
2023-01-24,MU.US,sell,60.2278,31.17,target_rebalance,148.9968,14,8.755535348684122,8.62
2023-01-10,NVDA.US,buy,15.5031,178.05,signal,0.0,0,0.0,0.0
2023-01-24,NVDA.US,sell,18.7665,178.05,target_rebalance,581.0347,14,8.943287259670708,21.05
2023-01-10,TSM.US,buy,76.6424,35.61,signal,0.0,0,0.0,0.0
2023-01-24,TSM.US,sell,90.8594,35.61,target_rebalance,506.2657,14,8.907557487920919,18.55
2023-01-10,AMD.US,buy,66.8598,1.7,signal,0.0,0,0.0,0.0
2023-01-25,AMD.US,sell,72.8271,1.7,target_rebalance,10.1445,15,9.766568421147893,8.93
2023-01-10,AVGO.US,buy,54.572,51.92,signal,0.0,0,0.0,0.0
2023-01-25,AVGO.US,sell,54.974,51.92,target_rebalance,20.8728,15,9.538671611635813,0.74
2023-01-10,MU.US,buy,55.4477,23.84,signal,0.0,0,0.0,0.0
2023-01-25,MU.US,sell,59.7062,23.84,target_rebalance,101.524,15,9.755535348684123,7.68
2023-01-10,NVDA.US,buy,15.5031,263.76,signal,0.0,0,0.0,0.0
2023-01-25,NVDA.US,sell,18.8522,263.76,target_rebalance,883.3454,15,9.943287259670708,21.6
2023-01-10,AMD.US,buy,66.8598,62.62,signal,0.0,0,0.0,0.0
2023-01-26,AMD.US,sell,76.4235,62.62,target_rebalance,598.8811,16,10.766568421147895,14.3
2023-01-10,ASML.US,buy,604.7661,1.84,signal,0.0,0,0.0,0.0
2023-01-26,ASML.US,sell,659.6502,1.84,target_rebalance,100.9867,16,10.674649361351891,9.08
2023-01-10,MU.US,buy,55.4477,0.8,signal,0.0,0,0.0,0.0
2023-01-26,MU.US,sell,61.5859,0.8,target_rebalance,4.9106,16,10.755535348684123,11.07
2023-01-10,NVDA.US,buy,15.5031,139.7,signal,0.0,0,0.0,0.0
2023-01-26,NVDA.US,sell,19.6377,139.7,target_rebalance,577.5914,16,10.943287259670708,26.67
2023-01-10,AVGO.US,buy,54.584,69.6,signal,0.0,0,0.0,0.0
2023-01-27,AVGO.US,sell,56.4634,69.6,target_rebalance,130.7999,17,11.46515069879736,3.44
2023-01-10,LRCX.US,buy,43.4876,93.48,signal,0.0,0,0.0,0.0
2023-01-27,LRCX.US,sell,47.1557,93.48,target_rebalance,342.8908,17,11.66422878319958,8.43
2023-01-10,MU.US,buy,55.4477,19.86,signal,0.0,0,0.0,0.0
2023-01-27,MU.US,sell,61.1529,19.86,target_rebalance,113.3054,17,11.755535348684123,10.29
2023-01-10,AMD.US,buy,67.022,37.58,signal,0.0,0,0.0,0.0
2023-01-30,AMD.US,sell,74.1558,37.58,target_rebalance,268.0884,20,12.490522443466983,10.64
2023-01-10,MU.US,buy,55.4477,66.07,signal,0.0,0,0.0,0.0
2023-01-30,MU.US,sell,61.763,66.07,target_rebalance,417.2555,20,12.755535348684125,11.39
2023-01-10,NVDA.US,buy,15.5031,400.85,signal,0.0,0,0.0,0.0
2023-01-30,NVDA.US,sell,19.8859,400.85,target_rebalance,1756.8136,20,12.94328725967071,28.27
2023-01-10,TSM.US,buy,77.054,10.92,signal,0.0,0,0.0,0.0
2023-01-30,TSM.US,sell,88.0707,10.92,target_rebalance,120.3024,20,12.551131228350648,14.3
2023-01-10,AMAT.US,buy,103.2771,2.56,signal,0.0,0,0.0,0.0
2023-01-31,AMAT.US,sell,105.5788,2.56,target_rebalance,5.8925,21,13.380601521390064,2.23
2023-01-10,ASML.US,buy,605.6273,7.87,signal,0.0,0,0.0,0.0
2023-01-31,ASML.US,sell,629.9713,7.87,target_rebalance,191.5873,21,13.318106544885843,4.02
2023-01-10,AVGO.US,buy,54.5945,72.73,signal,0.0,0,0.0,0.0
2023-01-31,AVGO.US,sell,55.3927,72.73,target_rebalance,58.0598,21,13.336409962483836,1.46
2023-01-10,LRCX.US,buy,43.5319,148.68,signal,0.0,0,0.0,0.0
2023-01-31,LRCX.US,sell,46.4531,148.68,target_rebalance,434.3277,21,13.451303561748926,6.71
2023-01-10,AMD.US,buy,67.0544,180.7,signal,0.0,0,0.0,0.0
2023-02-01,AMD.US,sell,78.3915,180.7,target_rebalance,2048.6263,22,14.408221811575789,16.91
2023-01-10,LRCX.US,buy,43.5319,40.45,signal,0.0,0,0.0,0.0
2023-02-01,LRCX.US,sell,48.1896,40.45,target_rebalance,188.4043,22,14.451303561748926,10.7
2023-01-10,AMAT.US,buy,103.2771,29.5,signal,0.0,0,0.0,0.0
2023-02-02,AMAT.US,sell,116.5766,29.5,target_rebalance,392.3363,23,15.380601521390062,12.88
2023-01-10,AMD.US,buy,67.0544,47.73,signal,0.0,0,0.0,0.0
2023-02-02,AMD.US,sell,84.2057,47.73,target_rebalance,818.6338,23,15.408221811575789,25.58
2023-01-10,LRCX.US,buy,43.5319,112.28,signal,0.0,0,0.0,0.0
2023-02-02,LRCX.US,sell,52.0887,112.28,target_rebalance,960.7604,23,15.451303561748926,19.66
2023-01-10,NVDA.US,buy,15.5832,64.75,signal,0.0,0,0.0,0.0
2023-02-02,NVDA.US,sell,20.9325,64.75,target_rebalance,346.3643,23,15.63952051765746,34.33
2023-01-10,AMAT.US,buy,103.2771,67.64,signal,0.0,0,0.0,0.0
2023-02-03,AMAT.US,sell,119.1057,67.64,target_rebalance,1070.6428,24,16.380601521390066,15.33
2023-01-10,AMD.US,buy,67.0544,114.37,signal,0.0,0,0.0,0.0
2023-02-03,AMD.US,sell,86.5733,114.37,target_rebalance,2232.3858,24,16.40822181157579,29.11
2023-01-10,NVDA.US,buy,15.5832,87.07,signal,0.0,0,0.0,0.0
2023-02-03,NVDA.US,sell,20.9325,87.07,target_rebalance,465.7596,24,16.63952051765746,34.33
2023-01-10,ASML.US,buy,607.3389,0.68,signal,0.0,0,0.0,0.0
2023-02-06,ASML.US,sell,645.59,0.68,target_rebalance,26.0108,27,16.74312829231983,6.3
2023-01-10,AVGO.US,buy,54.6996,50.93,signal,0.0,0,0.0,0.0
2023-02-06,AVGO.US,sell,56.4653,50.93,target_rebalance,89.9232,27,16.57621991862116,3.23
2023-01-10,LRCX.US,buy,43.6077,22.07,signal,0.0,0,0.0,0.0
2023-02-06,LRCX.US,sell,50.4325,22.07,target_rebalance,150.6218,27,17.289707929729246,15.65
2023-01-10,MU.US,buy,55.7475,3.76,signal,0.0,0,0.0,0.0
2023-02-06,MU.US,sell,59.972,3.76,target_rebalance,15.8839,27,16.717869579577073,7.58
2023-01-10,NVDA.US,buy,15.5832,146.08,signal,0.0,0,0.0,0.0
2023-02-06,NVDA.US,sell,20.7391,146.08,target_rebalance,753.1714,27,17.63952051765746,33.09
2023-01-10,AVGO.US,buy,54.6996,57.27,signal,0.0,0,0.0,0.0
2023-02-07,AVGO.US,sell,57.1619,57.27,target_rebalance,141.0127,28,17.576219918621156,4.5
2023-01-10,NVDA.US,buy,15.5832,355.08,signal,0.0,0,0.0,0.0
2023-02-07,NVDA.US,sell,21.3133,355.08,target_rebalance,2034.6195,28,18.639520517657463,36.77
2023-01-10,NVDA.US,buy,15.5832,309.5,signal,0.0,0,0.0,0.0
2023-02-08,NVDA.US,sell,22.315,309.5,target_rebalance,2083.4933,29,19.639520517657463,43.2
2023-01-10,TSM.US,buy,77.6972,33.85,signal,0.0,0,0.0,0.0
2023-02-08,TSM.US,sell,90.129,33.85,target_rebalance,420.818,29,18.725168458449787,16.0
2023-01-10,AVGO.US,buy,54.7314,26.07,signal,0.0,0,0.0,0.0
2023-02-09,AVGO.US,sell,58.2981,26.07,target_rebalance,92.9859,30,19.38916073068455,6.52
2023-01-10,NVDA.US,buy,15.5832,93.37,signal,0.0,0,0.0,0.0
2023-02-09,NVDA.US,sell,22.5333,93.37,target_rebalance,648.9305,30,20.63952051765746,44.6
2023-01-10,TSM.US,buy,77.6972,24.78,signal,0.0,0,0.0,0.0
2023-02-09,TSM.US,sell,91.0586,24.78,target_rebalance,331.0957,30,19.725168458449787,17.2
2023-01-10,MU.US,buy,55.82,62.35,signal,0.0,0,0.0,0.0
2023-02-10,MU.US,sell,59.5389,62.35,target_rebalance,231.8779,31,20.373670913696643,6.66
2023-01-10,TSM.US,buy,77.6972,81.44,signal,0.0,0,0.0,0.0
2023-02-10,TSM.US,sell,91.0112,81.44,target_rebalance,1084.2897,31,20.725168458449787,17.14
2023-01-10,AMAT.US,buy,103.7693,11.45,signal,0.0,0,0.0,0.0
2023-02-13,AMAT.US,sell,111.5961,11.45,target_rebalance,89.6169,34,21.555988956600572,7.54
2023-01-10,ASML.US,buy,607.8837,4.63,signal,0.0,0,0.0,0.0
2023-02-13,ASML.US,sell,639.0073,4.63,target_rebalance,144.102,34,21.449005221473065,5.12
2023-01-10,AVGO.US,buy,54.7314,4.5,signal,0.0,0,0.0,0.0
2023-02-13,AVGO.US,sell,56.6232,4.5,target_rebalance,8.5134,34,21.389160730684555,3.46
2023-01-10,AMD.US,buy,67.5902,38.3,signal,0.0,0,0.0,0.0
2023-02-14,AMD.US,sell,82.6173,38.3,target_rebalance,575.5374,35,22.724584647179157,22.23
2023-01-10,ASML.US,buy,607.8837,1.5,signal,0.0,0,0.0,0.0
2023-02-14,ASML.US,sell,641.5084,1.5,target_rebalance,50.4371,35,22.44900522147307,5.53
2023-01-10,TSM.US,buy,77.6972,4.74,signal,0.0,0,0.0,0.0
2023-02-14,TSM.US,sell,90.8879,4.74,target_rebalance,62.5238,35,22.725168458449787,16.98
2023-01-10,AMAT.US,buy,103.7776,9.53,signal,0.0,0,0.0,0.0
2023-02-15,AMAT.US,sell,113.3694,9.53,target_rebalance,91.4091,36,23.531879680099507,9.24
2023-01-10,AMD.US,buy,67.5902,53.71,signal,0.0,0,0.0,0.0
2023-02-15,AMD.US,sell,85.0149,53.71,target_rebalance,935.8799,36,23.72458464717916,25.78
2023-01-10,MU.US,buy,55.8543,72.56,signal,0.0,0,0.0,0.0
2023-02-15,MU.US,sell,60.3558,72.56,target_rebalance,326.6221,36,23.12526947149009,8.06
2023-01-10,NVDA.US,buy,15.6812,393.34,signal,0.0,0,0.0,0.0
2023-02-15,NVDA.US,sell,22.4765,393.34,target_rebalance,2672.8799,36,24.285324253090085,43.33
2023-01-10,AMAT.US,buy,103.7776,18.05,signal,0.0,0,0.0,0.0
2023-02-16,AMAT.US,sell,113.2531,18.05,target_rebalance,171.0316,37,24.53187968009951,9.13
2023-01-10,ASML.US,buy,608.246,0.7,signal,0.0,0,0.0,0.0
2023-02-16,ASML.US,sell,638.5905,0.7,target_rebalance,21.2412,37,24.206403508457505,4.99
2023-01-10,AVGO.US,buy,54.7421,46.51,signal,0.0,0,0.0,0.0
2023-02-16,AVGO.US,sell,57.1704,46.51,target_rebalance,112.9405,37,24.283016370305237,4.44
2023-01-10,LRCX.US,buy,43.8213,52.36,signal,0.0,0,0.0,0.0
2023-02-16,LRCX.US,sell,49.1038,52.36,target_rebalance,276.5903,37,24.5235654022541,12.05
2023-01-10,AMAT.US,buy,103.7776,35.13,signal,0.0,0,0.0,0.0
2023-02-17,AMAT.US,sell,113.1562,35.13,target_rebalance,329.4684,38,25.531879680099507,9.04
2023-01-10,ASML.US,buy,608.246,1.33,signal,0.0,0,0.0,0.0
2023-02-17,ASML.US,sell,630.883,1.33,target_rebalance,30.1073,38,25.206403508457505,3.72
2023-01-10,AVGO.US,buy,54.7421,67.69,signal,0.0,0,0.0,0.0
2023-02-17,AVGO.US,sell,57.0991,67.69,target_rebalance,159.5407,38,25.28301637030524,4.31
2023-01-10,TSM.US,buy,78.2183,6.51,signal,0.0,0,0.0,0.0
2023-02-17,TSM.US,sell,85.339,6.51,target_rebalance,46.3556,38,24.469884802399505,9.1
2023-01-10,ASML.US,buy,608.246,1.66,signal,0.0,0,0.0,0.0
2023-02-21,ASML.US,sell,618.5322,1.66,target_rebalance,17.0751,42,26.2064035084575,1.69
2023-01-10,AVGO.US,buy,54.7421,32.62,signal,0.0,0,0.0,0.0
2023-02-21,AVGO.US,sell,56.1474,32.62,target_rebalance,45.8403,42,26.283016370305237,2.57
2023-01-10,TSM.US,buy,78.2183,18.54,signal,0.0,0,0.0,0.0
2023-02-21,TSM.US,sell,83.8308,18.54,target_rebalance,104.0557,42,25.46988480239951,7.18
2023-01-10,AMD.US,buy,68.198,22.08,signal,0.0,0,0.0,0.0
2023-02-22,AMD.US,sell,76.8531,22.08,target_rebalance,191.1043,43,26.50114458260282,12.69
2023-01-10,ASML.US,buy,608.246,1.15,signal,0.0,0,0.0,0.0
2023-02-22,ASML.US,sell,613.2484,1.15,target_rebalance,5.7527,43,27.20640350845751,0.82
2023-01-10,TSM.US,buy,78.2183,13.0,signal,0.0,0,0.0,0.0
2023-02-22,TSM.US,sell,83.2333,13.0,target_rebalance,65.1944,43,26.46988480239951,6.41
2023-01-10,AMD.US,buy,68.198,41.41,signal,0.0,0,0.0,0.0
2023-02-23,AMD.US,sell,80.5494,41.41,target_rebalance,511.4707,44,27.501144582602823,18.11
2023-01-10,NVDA.US,buy,15.8247,1072.54,signal,0.0,0,0.0,0.0
2023-02-23,NVDA.US,sell,23.3646,1072.54,target_rebalance,8086.8724,44,28.634588275225422,47.65
2023-01-10,AMAT.US,buy,103.9523,18.49,signal,0.0,0,0.0,0.0
2023-02-24,AMAT.US,sell,107.8171,18.49,target_rebalance,71.461,45,28.62342461117926,3.72
2023-01-10,AVGO.US,buy,54.7739,34.09,signal,0.0,0,0.0,0.0
2023-02-24,AVGO.US,sell,54.9607,34.09,target_rebalance,6.3686,45,28.47557901460795,0.34
2023-01-10,NVDA.US,buy,15.8247,162.24,signal,0.0,0,0.0,0.0
2023-02-24,NVDA.US,sell,23.1503,162.24,target_rebalance,1188.508,45,29.634588275225422,46.29
2023-01-10,AMAT.US,buy,103.9523,7.19,signal,0.0,0,0.0,0.0
2023-02-27,AMAT.US,sell,110.2452,7.19,target_rebalance,45.2463,48,29.623424611179257,6.05
2023-01-10,AMD.US,buy,68.3063,9.09,signal,0.0,0,0.0,0.0
2023-02-27,AMD.US,sell,79.5604,9.09,target_rebalance,102.2997,48,29.180674724170157,16.48
2023-01-10,LRCX.US,buy,43.8961,25.62,signal,0.0,0,0.0,0.0
2023-02-27,LRCX.US,sell,47.3238,25.62,target_rebalance,87.8168,48,29.884607477155434,7.81
2023-01-10,MU.US,buy,55.8822,17.82,signal,0.0,0,0.0,0.0
2023-02-27,MU.US,sell,58.2301,17.82,target_rebalance,41.8382,48,29.77313003955734,4.2
2023-01-10,AMAT.US,buy,103.9523,86.63,signal,0.0,0,0.0,0.0
2023-02-28,AMAT.US,sell,112.7996,86.63,target_rebalance,766.4409,49,30.623424611179253,8.51
2023-01-10,AVGO.US,buy,54.7772,48.73,signal,0.0,0,0.0,0.0
2023-02-28,AVGO.US,sell,55.7249,48.73,target_rebalance,46.1795,49,30.38580713865328,1.73
2023-01-10,AMAT.US,buy,103.9523,7.27,signal,0.0,0,0.0,0.0
2023-03-01,AMAT.US,sell,114.3147,7.27,target_rebalance,75.3349,50,31.62342461117926,9.97
2023-01-10,ASML.US,buy,608.1953,0.76,signal,0.0,0,0.0,0.0
2023-03-01,ASML.US,sell,602.1092,0.76,target_rebalance,-4.6254,50,30.78837039752619,-1.0
2023-01-10,AVGO.US,buy,54.7772,19.42,signal,0.0,0,0.0,0.0
2023-03-01,AVGO.US,sell,56.5281,19.42,target_rebalance,34.0017,50,31.385807138653277,3.2
2023-01-10,LRCX.US,buy,43.8969,16.73,signal,0.0,0,0.0,0.0
2023-03-01,LRCX.US,sell,47.3451,16.73,target_rebalance,57.6885,50,31.876678714083972,7.86
2023-01-10,TSM.US,buy,78.3588,30.18,signal,0.0,0,0.0,0.0
2023-03-01,TSM.US,sell,84.4568,30.18,target_rebalance,184.0394,50,30.782997978926307,7.78
2023-01-10,AMAT.US,buy,103.9523,5.41,signal,0.0,0,0.0,0.0
2023-03-02,AMAT.US,sell,112.1294,5.41,target_rebalance,44.2383,51,32.62342461117926,7.87
2023-01-10,AMD.US,buy,68.3995,24.33,signal,0.0,0,0.0,0.0
2023-03-02,AMD.US,sell,77.4924,24.33,target_rebalance,221.231,51,31.890649939091748,13.29
2023-01-10,AVGO.US,buy,54.7772,66.29,signal,0.0,0,0.0,0.0
2023-03-02,AVGO.US,sell,56.0894,66.29,target_rebalance,86.982,51,32.385807138653284,2.4
2023-01-10,TSM.US,buy,78.3588,18.48,signal,0.0,0,0.0,0.0
2023-03-02,TSM.US,sell,83.1289,18.48,target_rebalance,88.1518,51,31.78299797892631,6.09
2023-01-10,AMD.US,buy,68.3995,26.28,signal,0.0,0,0.0,0.0
2023-03-03,AMD.US,sell,80.3196,26.28,target_rebalance,313.2603,52,32.89064993909175,17.43
2023-01-10,ASML.US,buy,608.186,0.32,signal,0.0,0,0.0,0.0
2023-03-03,ASML.US,sell,606.2586,0.32,target_rebalance,-0.6168,52,32.77300964922305,-0.32
2023-01-10,AVGO.US,buy,54.7772,88.58,signal,0.0,0,0.0,0.0
2023-03-03,AVGO.US,sell,58.7835,88.58,target_rebalance,354.8752,52,33.385807138653284,7.31
2023-01-10,NVDA.US,buy,16.0058,72.81,signal,0.0,0,0.0,0.0
2023-03-03,NVDA.US,sell,23.245,72.81,target_rebalance,527.0866,52,33.79121250101874,45.23
2023-01-10,AMD.US,buy,68.3995,15.11,signal,0.0,0,0.0,0.0
2023-03-06,AMD.US,sell,81.948,15.11,target_rebalance,204.7174,55,33.89064993909175,19.81
2023-01-10,AVGO.US,buy,54.7772,55.8,signal,0.0,0,0.0,0.0
2023-03-06,AVGO.US,sell,60.4298,55.8,target_rebalance,315.4167,55,34.38580713865328,10.32
2023-01-10,NVDA.US,buy,16.0058,100.82,signal,0.0,0,0.0,0.0
2023-03-06,NVDA.US,sell,23.8142,100.82,target_rebalance,787.2407,55,34.79121250101874,48.78
2023-01-10,AVGO.US,buy,54.7772,45.27,signal,0.0,0,0.0,0.0
2023-03-07,AVGO.US,sell,60.4175,45.27,target_rebalance,255.3341,56,35.38580713865327,10.3
2023-01-10,TSM.US,buy,78.4441,21.83,signal,0.0,0,0.0,0.0
2023-03-07,TSM.US,sell,85.32,21.83,target_rebalance,150.1007,56,34.31012486344448,8.77
2023-01-10,AMD.US,buy,68.3995,90.26,signal,0.0,0,0.0,0.0
2023-03-08,AMD.US,sell,82.7072,90.26,target_rebalance,1291.4141,57,35.89064993909175,20.92
2023-01-10,NVDA.US,buy,16.0064,8.4,signal,0.0,0,0.0,0.0
2023-03-08,NVDA.US,sell,23.4155,8.4,target_rebalance,62.2365,57,36.78868770012057,46.29
2023-01-10,AMD.US,buy,68.3995,42.15,signal,0.0,0,0.0,0.0
2023-03-09,AMD.US,sell,85.2047,42.15,target_rebalance,708.3397,58,36.89064993909175,24.57
2023-01-10,LRCX.US,buy,43.9609,1.33,signal,0.0,0,0.0,0.0
2023-03-09,LRCX.US,sell,47.49,1.33,target_rebalance,4.6937,58,37.21802083794238,8.03
2023-01-10,NVDA.US,buy,16.0064,138.72,signal,0.0,0,0.0,0.0
2023-03-09,NVDA.US,sell,24.1014,138.72,target_rebalance,1122.9408,58,37.78868770012057,50.57
2023-01-10,AMAT.US,buy,104.1058,14.14,signal,0.0,0,0.0,0.0
2023-03-10,AMAT.US,sell,114.9363,14.14,target_rebalance,153.1441,59,38.11652236442752,10.4
2023-01-10,AMD.US,buy,68.3995,1.79,signal,0.0,0,0.0,0.0
2023-03-10,AMD.US,sell,84.3855,1.79,target_rebalance,28.615,59,37.89064993909175,23.37
2023-01-10,ASML.US,buy,608.0419,1.58,signal,0.0,0,0.0,0.0
2023-03-10,ASML.US,sell,595.352,1.58,target_rebalance,-20.05,59,36.85372992124865,-2.09
2023-01-10,AVGO.US,buy,54.8561,24.18,signal,0.0,0,0.0,0.0
2023-03-10,AVGO.US,sell,59.7818,24.18,target_rebalance,119.1013,59,37.828576213317966,8.98
2023-01-10,LRCX.US,buy,43.9609,95.17,signal,0.0,0,0.0,0.0
2023-03-10,LRCX.US,sell,47.7789,95.17,target_rebalance,363.3622,59,38.21802083794238,8.69
2023-01-10,MU.US,buy,55.8649,6.66,signal,0.0,0,0.0,0.0
2023-03-13,MU.US,sell,53.1127,6.66,target_rebalance,-18.3297,62,37.53195891182835,-4.93
2023-01-10,NVDA.US,buy,16.1524,43.61,signal,0.0,0,0.0,0.0
2023-03-13,NVDA.US,sell,22.6827,43.61,target_rebalance,284.7868,62,39.02089651365119,40.43
2023-01-10,TSM.US,buy,78.5469,43.55,signal,0.0,0,0.0,0.0
2023-03-13,TSM.US,sell,81.9338,43.55,target_rebalance,147.496,62,37.63136243017466,4.31
2023-01-10,AMAT.US,buy,104.126,25.69,signal,0.0,0,0.0,0.0
2023-03-14,AMAT.US,sell,115.3636,25.69,target_rebalance,288.6955,63,39.997185301617435,10.79
2023-01-10,ASML.US,buy,608.0419,4.36,signal,0.0,0,0.0,0.0
2023-03-14,ASML.US,sell,598.6385,4.36,target_rebalance,-40.9985,63,38.85372992124864,-1.55
2023-01-10,LRCX.US,buy,43.9848,29.81,signal,0.0,0,0.0,0.0
2023-03-14,LRCX.US,sell,47.0504,29.81,target_rebalance,91.3867,63,39.57543383780357,6.97
2023-01-10,NVDA.US,buy,16.1524,22.83,signal,0.0,0,0.0,0.0
2023-03-14,NVDA.US,sell,23.4244,22.83,target_rebalance,166.0207,63,40.02089651365119,45.02
2023-01-10,AMD.US,buy,68.4525,115.8,signal,0.0,0,0.0,0.0
2023-03-15,AMD.US,sell,86.6832,115.8,target_rebalance,2111.1196,64,40.748124660768845,26.63
2023-01-10,AVGO.US,buy,54.8642,28.79,signal,0.0,0,0.0,0.0
2023-03-15,AVGO.US,sell,59.7323,28.79,target_rebalance,140.1518,64,40.75860523891634,8.87
2023-01-10,LRCX.US,buy,43.9848,21.93,signal,0.0,0,0.0,0.0
2023-03-15,LRCX.US,sell,47.1619,21.93,target_rebalance,69.6751,64,40.575433837803565,7.22
2023-01-10,NVDA.US,buy,16.1524,147.5,signal,0.0,0,0.0,0.0
2023-03-15,NVDA.US,sell,23.6886,147.5,target_rebalance,1111.5943,64,41.02089651365119,46.66
2023-01-10,AMD.US,buy,68.4525,95.48,signal,0.0,0,0.0,0.0
2023-03-16,AMD.US,sell,89.6303,95.48,target_rebalance,2022.0558,65,41.748124660768845,30.94
2023-01-10,MU.US,buy,55.7556,9.28,signal,0.0,0,0.0,0.0
2023-03-16,MU.US,sell,52.8371,9.28,target_rebalance,-27.0838,65,39.03725134791623,-5.23
2023-01-10,NVDA.US,buy,16.1524,94.78,signal,0.0,0,0.0,0.0
2023-03-16,NVDA.US,sell,23.9538,94.78,target_rebalance,739.4192,65,42.02089651365118,48.3
2023-01-10,AMD.US,buy,68.4525,64.18,signal,0.0,0,0.0,0.0
2023-03-17,AMD.US,sell,96.5633,64.18,target_rebalance,1804.1548,66,42.748124660768845,41.07
2023-01-10,LRCX.US,buy,44.0079,53.73,signal,0.0,0,0.0,0.0
2023-03-17,LRCX.US,sell,49.9647,53.73,target_rebalance,320.0628,66,42.249534896437446,13.54
2023-01-10,MU.US,buy,55.7556,14.77,signal,0.0,0,0.0,0.0
2023-03-17,MU.US,sell,55.8977,14.77,target_rebalance,2.0986,66,40.03725134791623,0.25
2023-01-10,NVDA.US,buy,16.1524,282.13,signal,0.0,0,0.0,0.0
2023-03-17,NVDA.US,sell,25.9029,282.13,target_rebalance,2750.8998,66,43.02089651365119,60.37
2023-01-10,ASML.US,buy,607.3887,9.37,signal,0.0,0,0.0,0.0
2023-03-20,ASML.US,sell,626.569,9.37,target_rebalance,179.7191,69,41.78349752965395,3.16
2023-01-10,MU.US,buy,55.7556,2.75,signal,0.0,0,0.0,0.0
2023-03-20,MU.US,sell,55.7993,2.75,target_rebalance,0.1201,69,41.03725134791623,0.08
2023-01-10,TSM.US,buy,78.7853,6.75,signal,0.0,0,0.0,0.0
2023-03-20,TSM.US,sell,85.0586,6.75,target_rebalance,42.3448,69,40.75210333068672,7.96
2023-01-10,AVGO.US,buy,55.1006,25.71,signal,0.0,0,0.0,0.0
2023-03-21,AVGO.US,sell,61.6402,25.71,target_rebalance,168.1323,70,42.91993204389785,11.87
2023-01-10,MU.US,buy,55.7556,68.12,signal,0.0,0,0.0,0.0
2023-03-21,MU.US,sell,57.4526,68.12,target_rebalance,115.5991,70,42.03725134791623,3.04
2023-01-10,NVDA.US,buy,16.2457,42.73,signal,0.0,0,0.0,0.0
2023-03-21,NVDA.US,sell,26.1003,42.73,target_rebalance,421.086,70,44.58564455248953,60.66
2023-01-10,TSM.US,buy,78.7853,13.02,signal,0.0,0,0.0,0.0
2023-03-21,TSM.US,sell,86.7653,13.02,target_rebalance,103.8998,70,41.752103330686715,10.13
2023-01-10,MU.US,buy,55.7556,32.38,signal,0.0,0,0.0,0.0
2023-03-22,MU.US,sell,57.4723,32.38,target_rebalance,55.5859,71,43.03725134791623,3.08
2023-01-10,NVDA.US,buy,16.2457,171.86,signal,0.0,0,0.0,0.0
2023-03-22,NVDA.US,sell,26.3445,171.86,target_rebalance,1735.5845,71,45.58564455248953,62.16
2023-01-10,TSM.US,buy,78.7853,110.89,signal,0.0,0,0.0,0.0
2023-03-22,TSM.US,sell,89.149,110.89,target_rebalance,1149.2289,71,42.752103330686715,13.15
2023-01-10,AMD.US,buy,68.9048,76.43,signal,0.0,0,0.0,0.0
2023-03-23,AMD.US,sell,99.95,76.43,target_rebalance,2372.7817,72,46.016608521950175,45.06
2023-01-10,ASML.US,buy,607.6629,1.36,signal,0.0,0,0.0,0.0
2023-03-23,ASML.US,sell,637.6597,1.36,target_rebalance,40.7956,72,44.21434386137288,4.94
2023-01-10,NVDA.US,buy,16.2457,89.0,signal,0.0,0,0.0,0.0
2023-03-23,NVDA.US,sell,27.0324,89.0,target_rebalance,960.0185,72,46.58564455248953,66.4
2023-01-10,AMAT.US,buy,104.9178,1.03,signal,0.0,0,0.0,0.0
2023-03-24,AMAT.US,sell,118.1414,1.03,target_rebalance,13.6203,73,45.45589792851378,12.6
2023-01-10,MU.US,buy,55.7621,99.47,signal,0.0,0,0.0,0.0
2023-03-24,MU.US,sell,59.5488,99.47,target_rebalance,376.6587,73,44.92717195800384,6.79
2023-01-10,ASML.US,buy,607.6983,1.36,signal,0.0,0,0.0,0.0
2023-03-27,ASML.US,sell,635.362,1.36,target_rebalance,37.6227,76,46.160462280332766,4.55
2023-01-10,AVGO.US,buy,55.2139,26.62,signal,0.0,0,0.0,0.0
2023-03-27,AVGO.US,sell,61.2482,26.62,target_rebalance,160.6317,76,46.10315306592658,10.93
2023-01-10,MU.US,buy,55.7621,85.36,signal,0.0,0,0.0,0.0
2023-03-27,MU.US,sell,60.218,85.36,target_rebalance,380.3514,76,45.92717195800384,7.99
2023-01-10,AMAT.US,buy,104.9178,2.84,signal,0.0,0,0.0,0.0
2023-03-28,AMAT.US,sell,115.4705,2.84,target_rebalance,29.9696,77,47.45589792851377,10.06
2023-01-10,AMD.US,buy,69.2963,9.72,signal,0.0,0,0.0,0.0
2023-03-28,AMD.US,sell,96.6732,9.72,target_rebalance,266.1039,77,48.39438541414698,39.51
2023-01-10,ASML.US,buy,607.6983,0.32,signal,0.0,0,0.0,0.0
2023-03-28,ASML.US,sell,624.4361,0.32,target_rebalance,5.3561,77,47.16046228033277,2.75
2023-01-10,NVDA.US,buy,16.2777,15.57,signal,0.0,0,0.0,0.0
2023-03-28,NVDA.US,sell,26.3665,15.57,target_rebalance,157.082,77,49.4417340321508,61.98
2023-01-10,TSM.US,buy,79.0453,3.16,signal,0.0,0,0.0,0.0
2023-03-28,TSM.US,sell,86.4411,3.16,target_rebalance,23.3708,77,45.585205779080745,9.36
2023-01-10,ASML.US,buy,607.6983,0.78,signal,0.0,0,0.0,0.0
2023-03-29,ASML.US,sell,629.7393,0.78,target_rebalance,17.192,78,48.160462280332766,3.63
2023-01-10,AVGO.US,buy,55.2224,15.58,signal,0.0,0,0.0,0.0
2023-03-29,AVGO.US,sell,60.652,15.58,target_rebalance,84.5937,78,48.021119126052376,9.83
2023-01-10,MU.US,buy,55.7715,47.33,signal,0.0,0,0.0,0.0
2023-03-29,MU.US,sell,59.9424,47.33,target_rebalance,197.4087,78,47.789561446388205,7.48
2023-01-10,NVDA.US,buy,16.2777,81.67,signal,0.0,0,0.0,0.0
2023-03-29,NVDA.US,sell,26.7433,81.67,target_rebalance,854.7263,78,50.4417340321508,64.29
2023-01-10,TSM.US,buy,79.0453,17.75,signal,0.0,0,0.0,0.0
2023-03-29,TSM.US,sell,87.4899,17.75,target_rebalance,149.8926,78,46.585205779080745,10.68
2023-01-10,ASML.US,buy,607.6983,4.97,signal,0.0,0,0.0,0.0
2023-03-30,ASML.US,sell,654.5867,4.97,target_rebalance,233.0355,79,49.16046228033277,7.72
2023-01-10,LRCX.US,buy,44.2433,163.89,signal,0.0,0,0.0,0.0
2023-03-30,LRCX.US,sell,50.7814,163.89,target_rebalance,1071.5267,79,49.04918224288405,14.78
2023-01-10,MU.US,buy,55.7715,106.65,signal,0.0,0,0.0,0.0
2023-03-30,MU.US,sell,63.0129,106.65,target_rebalance,772.2892,79,48.789561446388205,12.98
2023-01-10,AMAT.US,buy,104.994,16.63,signal,0.0,0,0.0,0.0
2023-03-31,AMAT.US,sell,118.0249,16.63,target_rebalance,216.7027,80,50.11821931061668,12.41
2023-01-10,ASML.US,buy,607.6983,5.67,signal,0.0,0,0.0,0.0
2023-03-31,ASML.US,sell,654.48,5.67,target_rebalance,265.2527,80,50.160462280332766,7.7
2023-01-10,AVGO.US,buy,55.3651,34.84,signal,0.0,0,0.0,0.0
2023-03-31,AVGO.US,sell,60.4373,34.84,target_rebalance,176.7142,80,48.75923219427571,9.16
2023-01-10,LRCX.US,buy,44.2433,118.94,signal,0.0,0,0.0,0.0
2023-03-31,LRCX.US,sell,51.1722,118.94,target_rebalance,824.1256,80,50.04918224288406,15.66
2023-01-10,NVDA.US,buy,16.3977,79.96,signal,0.0,0,0.0,0.0
2023-03-31,NVDA.US,sell,27.0573,79.96,target_rebalance,852.3424,80,51.87642247482011,65.01
2023-01-10,AVGO.US,buy,55.3651,44.45,signal,0.0,0,0.0,0.0
2023-04-03,AVGO.US,sell,61.2482,44.45,target_rebalance,261.5019,83,49.75923219427571,10.63
2023-01-10,NVDA.US,buy,16.3977,101.22,signal,0.0,0,0.0,0.0
2023-04-03,NVDA.US,sell,27.4252,101.22,target_rebalance,1116.2024,83,52.8764224748201,67.25
2023-01-10,TSM.US,buy,79.2173,44.0,signal,0.0,0,0.0,0.0
2023-04-03,TSM.US,sell,88.6818,44.0,target_rebalance,416.4383,83,48.67005091559617,11.95
2023-01-10,AMAT.US,buy,105.0127,11.11,signal,0.0,0,0.0,0.0
2023-04-04,AMAT.US,sell,119.404,11.11,target_rebalance,159.8871,84,52.04668302262902,13.7
2023-01-10,AVGO.US,buy,55.3651,10.52,signal,0.0,0,0.0,0.0
2023-04-04,AVGO.US,sell,61.646,10.52,target_rebalance,66.0744,84,50.75923219427571,11.34
2023-01-10,NVDA.US,buy,16.3977,132.24,signal,0.0,0,0.0,0.0
2023-04-04,NVDA.US,sell,27.8808,132.24,target_rebalance,1518.5249,84,53.8764224748201,70.03
2023-01-10,AMAT.US,buy,105.0127,6.34,signal,0.0,0,0.0,0.0
2023-04-05,AMAT.US,sell,116.1504,6.34,target_rebalance,70.6126,85,53.046683022629026,10.61
2023-01-10,AMD.US,buy,70.0079,0.09,signal,0.0,0,0.0,0.0
2023-04-05,AMD.US,sell,94.2556,0.09,target_rebalance,2.1823,85,53.09702343806507,34.64
2023-01-10,ASML.US,buy,607.9613,4.52,signal,0.0,0,0.0,0.0
2023-04-05,ASML.US,sell,643.3989,4.52,target_rebalance,160.178,85,52.879283242405336,5.83
2023-01-10,AVGO.US,buy,55.3651,54.92,signal,0.0,0,0.0,0.0
2023-04-05,AVGO.US,sell,60.4948,54.92,target_rebalance,281.7218,85,51.75923219427571,9.27
2023-01-10,TSM.US,buy,79.2366,42.28,signal,0.0,0,0.0,0.0
2023-04-05,TSM.US,sell,87.3374,42.28,target_rebalance,342.5013,85,50.57079016380549,10.22
2023-01-10,ASML.US,buy,607.9613,4.74,signal,0.0,0,0.0,0.0
2023-04-06,ASML.US,sell,638.2026,4.74,target_rebalance,143.3434,86,53.87928324240532,4.97
2023-01-10,AVGO.US,buy,55.3651,35.96,signal,0.0,0,0.0,0.0
2023-04-06,AVGO.US,sell,59.8258,35.96,target_rebalance,160.4045,86,52.75923219427572,8.06
2023-01-10,MU.US,buy,55.9945,107.96,signal,0.0,0,0.0,0.0
2023-04-06,MU.US,sell,56.1586,107.96,target_rebalance,17.722,86,49.720589311448386,0.29
2023-01-10,NVDA.US,buy,16.4947,80.6,signal,0.0,0,0.0,0.0
2023-04-06,NVDA.US,sell,26.503,80.6,target_rebalance,806.6711,86,55.364862689480816,60.68
2023-01-10,MU.US,buy,55.9945,335.55,signal,0.0,0,0.0,0.0
2023-04-10,MU.US,sell,60.3298,335.55,target_rebalance,1454.7313,90,50.720589311448386,7.74
2023-01-10,NVDA.US,buy,16.4947,55.78,signal,0.0,0,0.0,0.0
2023-04-10,NVDA.US,sell,26.7413,55.78,target_rebalance,571.5555,90,56.364862689480816,62.12
2023-01-10,AMAT.US,buy,105.2479,19.08,signal,0.0,0,0.0,0.0
2023-04-11,AMAT.US,sell,113.9554,19.08,target_rebalance,166.1393,91,53.67113304718727,8.27
2023-01-10,AMD.US,buy,70.3459,48.73,signal,0.0,0,0.0,0.0
2023-04-11,AMD.US,sell,95.9639,48.73,target_rebalance,1248.3655,91,55.241073597446956,36.42
2023-01-10,LRCX.US,buy,44.4447,80.65,signal,0.0,0,0.0,0.0
2023-04-11,LRCX.US,sell,49.4905,80.65,target_rebalance,406.9402,91,53.80105212313901,11.35
2023-01-10,MU.US,buy,55.9945,30.44,signal,0.0,0,0.0,0.0
2023-04-11,MU.US,sell,62.7556,30.44,target_rebalance,205.8104,91,51.720589311448386,12.07
2023-01-10,NVDA.US,buy,16.4947,0.07,signal,0.0,0,0.0,0.0
2023-04-11,NVDA.US,sell,27.6396,0.07,target_rebalance,0.7801,91,57.36486268948082,67.57
2023-01-10,AMAT.US,buy,105.2479,11.04,signal,0.0,0,0.0,0.0
2023-04-12,AMAT.US,sell,114.3439,11.04,target_rebalance,100.42,92,54.671133047187276,8.64
2023-01-10,LRCX.US,buy,44.4447,40.61,signal,0.0,0,0.0,0.0
2023-04-12,LRCX.US,sell,49.7853,40.61,target_rebalance,216.8812,92,54.80105212313901,12.02
2023-01-10,MU.US,buy,55.9945,57.0,signal,0.0,0,0.0,0.0
2023-04-12,MU.US,sell,63.4656,57.0,target_rebalance,425.8573,92,52.72058931144839,13.34
2023-01-10,TSM.US,buy,79.4947,6.57,signal,0.0,0,0.0,0.0
2023-04-12,TSM.US,sell,84.7726,6.57,target_rebalance,34.6753,92,52.02334263198214,6.64
2023-01-10,AMD.US,buy,70.5572,0.62,signal,0.0,0,0.0,0.0
2023-04-13,AMD.US,sell,92.6972,0.62,target_rebalance,13.7268,93,56.760388334271084,31.38
2023-01-10,ASML.US,buy,608.4413,6.13,signal,0.0,0,0.0,0.0
2023-04-13,ASML.US,sell,642.1097,6.13,target_rebalance,206.3874,93,56.89980623748269,5.53
2023-01-10,AVGO.US,buy,55.4984,49.92,signal,0.0,0,0.0,0.0
2023-04-13,AVGO.US,sell,59.3379,49.92,target_rebalance,191.6693,93,55.20538598736512,6.92
2023-01-10,ASML.US,buy,608.4413,0.72,signal,0.0,0,0.0,0.0
2023-04-14,ASML.US,sell,645.0956,0.72,target_rebalance,26.3911,94,57.899806237482686,6.02
2023-01-10,MU.US,buy,56.0791,102.7,signal,0.0,0,0.0,0.0
2023-04-14,MU.US,sell,62.302,102.7,target_rebalance,639.0893,94,53.76916231481602,11.1
2023-01-10,TSM.US,buy,79.4947,40.21,signal,0.0,0,0.0,0.0
2023-04-14,TSM.US,sell,83.8572,40.21,target_rebalance,175.4161,94,54.02334263198214,5.49
2023-01-10,AVGO.US,buy,55.4984,58.24,signal,0.0,0,0.0,0.0
2023-04-17,AVGO.US,sell,59.2938,58.24,target_rebalance,221.0466,97,57.205385987365126,6.84
2023-01-10,MU.US,buy,56.0791,2.15,signal,0.0,0,0.0,0.0
2023-04-17,MU.US,sell,61.3554,2.15,target_rebalance,11.3439,97,54.76916231481602,9.41
2023-01-10,NVDA.US,buy,16.699,175.31,signal,0.0,0,0.0,0.0
2023-04-17,NVDA.US,sell,26.4841,175.31,target_rebalance,1715.4285,97,60.200913086847976,58.6
2023-01-10,TSM.US,buy,79.4947,46.54,signal,0.0,0,0.0,0.0
2023-04-17,TSM.US,sell,83.6665,46.54,target_rebalance,194.1563,97,55.02334263198214,5.25
2023-01-10,AMAT.US,buy,105.3377,26.39,signal,0.0,0,0.0,0.0
2023-04-18,AMAT.US,sell,109.2643,26.39,target_rebalance,103.6211,98,56.71558465103951,3.73
2023-01-10,AVGO.US,buy,55.4984,14.76,signal,0.0,0,0.0,0.0
2023-04-18,AVGO.US,sell,60.5408,14.76,target_rebalance,74.4265,98,58.205385987365126,9.09
2023-01-10,NVDA.US,buy,16.699,193.44,signal,0.0,0,0.0,0.0
2023-04-18,NVDA.US,sell,27.4492,193.44,target_rebalance,2079.5127,98,61.200913086847976,64.38
2023-01-10,AVGO.US,buy,55.4984,70.69,signal,0.0,0,0.0,0.0
2023-04-19,AVGO.US,sell,60.0778,70.69,target_rebalance,323.7239,99,59.205385987365126,8.25
2023-01-10,LRCX.US,buy,44.4987,15.44,signal,0.0,0,0.0,0.0
2023-04-19,LRCX.US,sell,47.1319,15.44,target_rebalance,40.6556,99,58.97129362349493,5.92
2023-01-10,NVDA.US,buy,16.699,170.66,signal,0.0,0,0.0,0.0
2023-04-19,NVDA.US,sell,27.2777,170.66,target_rebalance,1805.3594,99,62.200913086847976,63.35
2023-01-10,AMAT.US,buy,105.3377,1.22,signal,0.0,0,0.0,0.0
2023-04-20,AMAT.US,sell,108.0502,1.22,target_rebalance,3.3092,100,58.715584651039514,2.58
2023-01-10,LRCX.US,buy,44.4987,233.26,signal,0.0,0,0.0,0.0
2023-04-20,LRCX.US,sell,49.5545,233.26,target_rebalance,1179.3106,100,59.97129362349494,11.36
2023-01-10,NVDA.US,buy,16.699,4.62,signal,0.0,0,0.0,0.0
2023-04-20,NVDA.US,sell,27.5867,4.62,target_rebalance,50.3014,100,63.200913086847976,65.2
2023-01-10,TSM.US,buy,79.5456,38.31,signal,0.0,0,0.0,0.0
2023-04-20,TSM.US,sell,84.21,38.31,target_rebalance,178.6947,100,57.42281466165978,5.86
2023-01-10,AMAT.US,buy,105.3377,30.73,signal,0.0,0,0.0,0.0
2023-04-21,AMAT.US,sell,110.2064,30.73,target_rebalance,149.6137,101,59.71558465103951,4.62
2023-01-10,AMD.US,buy,71.2282,2.22,signal,0.0,0,0.0,0.0
2023-04-21,AMD.US,sell,89.7102,2.22,target_rebalance,41.03,101,60.70187389814025,25.95
2023-01-10,ASML.US,buy,608.8339,2.8,signal,0.0,0,0.0,0.0
2023-04-21,ASML.US,sell,616.1084,2.8,target_rebalance,20.3685,101,59.94848650379226,1.19
2023-01-10,LRCX.US,buy,44.4987,100.31,signal,0.0,0,0.0,0.0
2023-04-21,LRCX.US,sell,50.8376,100.31,target_rebalance,635.8508,101,60.971293623494944,14.25
2023-01-10,MU.US,buy,56.2216,52.42,signal,0.0,0,0.0,0.0
2023-04-21,MU.US,sell,60.3002,52.42,target_rebalance,213.8039,101,56.38056125731939,7.25
2023-01-10,AMAT.US,buy,105.3377,21.49,signal,0.0,0,0.0,0.0
2023-04-24,AMAT.US,sell,110.2258,21.49,target_rebalance,105.0444,104,60.7155846510395,4.64
2023-01-10,ASML.US,buy,608.8339,7.65,signal,0.0,0,0.0,0.0
2023-04-24,ASML.US,sell,621.2661,7.65,target_rebalance,95.1058,104,60.94848650379227,2.04
2023-01-10,AVGO.US,buy,55.5516,51.63,signal,0.0,0,0.0,0.0
2023-04-24,AVGO.US,sell,60.7344,51.63,target_rebalance,267.5879,104,61.54653978574322,9.33
2023-01-10,NVDA.US,buy,17.026,88.87,signal,0.0,0,0.0,0.0
2023-04-24,NVDA.US,sell,26.9307,88.87,target_rebalance,880.2376,104,63.14784556437484,58.17
2023-01-10,AMAT.US,buy,105.3377,6.53,signal,0.0,0,0.0,0.0
2023-04-25,AMAT.US,sell,109.2643,6.53,target_rebalance,25.6403,105,61.71558465103951,3.73
2023-01-10,AVGO.US,buy,55.5516,55.75,signal,0.0,0,0.0,0.0
2023-04-25,AVGO.US,sell,60.768,55.75,target_rebalance,290.8119,105,62.546539785743214,9.39
2023-01-10,LRCX.US,buy,44.5375,10.46,signal,0.0,0,0.0,0.0
2023-04-25,LRCX.US,sell,49.6117,10.46,target_rebalance,53.0765,105,62.54107865268097,11.39
2023-01-10,NVDA.US,buy,17.026,145.3,signal,0.0,0,0.0,0.0
2023-04-25,NVDA.US,sell,26.9955,145.3,target_rebalance,1448.5798,105,64.14784556437483,58.56
2023-01-10,AMD.US,buy,71.4202,12.41,signal,0.0,0,0.0,0.0
2023-04-26,AMD.US,sell,86.4235,12.41,target_rebalance,186.1905,106,62.98980757533177,21.01
2023-01-10,MU.US,buy,56.2555,76.87,signal,0.0,0,0.0,0.0
2023-04-26,MU.US,sell,58.7521,76.87,target_rebalance,191.9089,106,58.67237871619629,4.44
2023-01-10,NVDA.US,buy,17.026,78.74,signal,0.0,0,0.0,0.0
2023-04-26,NVDA.US,sell,26.9198,78.74,target_rebalance,779.0387,106,65.14784556437483,58.11
2023-01-10,ASML.US,buy,608.702,2.37,signal,0.0,0,0.0,0.0
2023-04-27,ASML.US,sell,602.7782,2.37,target_rebalance,-14.0394,107,62.73064302480687,-0.97
2023-01-10,MU.US,buy,56.2555,64.14,signal,0.0,0,0.0,0.0
2023-04-27,MU.US,sell,59.9058,64.14,target_rebalance,234.1288,107,59.67237871619629,6.49
2023-01-10,NVDA.US,buy,17.026,75.99,signal,0.0,0,0.0,0.0
2023-04-27,NVDA.US,sell,27.2797,75.99,target_rebalance,779.1794,107,66.14784556437483,60.22
2023-01-10,ASML.US,buy,608.702,0.89,signal,0.0,0,0.0,0.0
2023-04-28,ASML.US,sell,611.6003,0.89,target_rebalance,2.5795,108,63.73064302480687,0.48
2023-01-10,LRCX.US,buy,44.5789,92.58,signal,0.0,0,0.0,0.0
2023-04-28,LRCX.US,sell,50.3595,92.58,target_rebalance,535.1686,108,64.9362152032239,12.97
2023-01-10,MU.US,buy,56.2555,68.88,signal,0.0,0,0.0,0.0
2023-04-28,MU.US,sell,61.5625,68.88,target_rebalance,365.5414,108,60.672378716196285,9.43
2023-01-10,TSM.US,buy,79.6333,22.3,signal,0.0,0,0.0,0.0
2023-04-28,TSM.US,sell,80.5487,22.3,target_rebalance,20.4127,108,60.6344073138958,1.15
2023-01-10,AMD.US,buy,71.5852,86.48,signal,0.0,0,0.0,0.0
2023-05-01,AMD.US,sell,90.939,86.48,target_rebalance,1673.7179,111,65.29868595587325,27.04
2023-01-10,MU.US,buy,56.2555,30.78,signal,0.0,0,0.0,0.0
2023-05-01,MU.US,sell,63.0022,30.78,target_rebalance,207.6615,111,61.67237871619629,11.99
2023-01-10,NVDA.US,buy,17.1843,40.42,signal,0.0,0,0.0,0.0
2023-05-01,NVDA.US,sell,27.7552,40.42,target_rebalance,427.2745,111,67.10213113744767,61.51
2023-01-10,AVGO.US,buy,55.6858,3.98,signal,0.0,0,0.0,0.0
2023-05-02,AVGO.US,sell,59.9791,3.98,target_rebalance,17.0875,112,65.33486893916458,7.71
2023-01-10,LRCX.US,buy,44.6146,10.17,signal,0.0,0,0.0,0.0
2023-05-02,LRCX.US,sell,50.7949,10.17,target_rebalance,62.8537,112,66.563548919824,13.85
2023-01-10,NVDA.US,buy,17.1843,349.37,signal,0.0,0,0.0,0.0
2023-05-02,NVDA.US,sell,28.5927,349.37,target_rebalance,3985.7222,112,68.10213113744766,66.39
2023-01-10,AMAT.US,buy,105.3923,19.54,signal,0.0,0,0.0,0.0
2023-05-03,AMAT.US,sell,108.7204,19.54,target_rebalance,65.0311,113,66.70460133164794,3.16
2023-01-10,ASML.US,buy,608.7521,8.34,signal,0.0,0,0.0,0.0
2023-05-03,ASML.US,sell,616.3845,8.34,target_rebalance,63.6546,113,66.40466136928626,1.25
2023-01-10,AVGO.US,buy,55.6858,15.58,signal,0.0,0,0.0,0.0
2023-05-03,AVGO.US,sell,59.1299,15.58,target_rebalance,53.659,113,66.33486893916458,6.18
2023-01-10,LRCX.US,buy,44.6146,85.93,signal,0.0,0,0.0,0.0
2023-05-03,LRCX.US,sell,50.6747,85.93,target_rebalance,520.7386,113,67.563548919824,13.58
2023-01-10,MU.US,buy,56.3608,16.6,signal,0.0,0,0.0,0.0
2023-05-03,MU.US,sell,60.6355,16.6,target_rebalance,70.9603,113,62.41139088722921,7.58
2023-01-10,TSM.US,buy,79.649,17.77,signal,0.0,0,0.0,0.0
2023-05-03,TSM.US,sell,78.7753,17.77,target_rebalance,-15.5258,113,62.27714237536787,-1.1
2023-01-10,AMAT.US,buy,105.3923,45.05,signal,0.0,0,0.0,0.0
2023-05-04,AMAT.US,sell,109.7985,45.05,target_rebalance,198.4975,114,67.70460133164794,4.18
2023-01-10,ASML.US,buy,608.7521,2.1,signal,0.0,0,0.0,0.0
2023-05-04,ASML.US,sell,614.6248,2.1,target_rebalance,12.3326,114,67.40466136928626,0.96
2023-01-10,TSM.US,buy,79.649,43.28,signal,0.0,0,0.0,0.0
2023-05-04,TSM.US,sell,79.1376,43.28,target_rebalance,-22.1335,114,63.27714237536788,-0.64
2023-01-10,AMD.US,buy,72.5355,93.91,signal,0.0,0,0.0,0.0
2023-05-05,AMD.US,sell,84.905,93.91,target_rebalance,1161.6182,115,64.19139526426942,17.05
2023-01-10,TSM.US,buy,79.649,13.73,signal,0.0,0,0.0,0.0
2023-05-05,TSM.US,sell,80.3771,13.73,target_rebalance,9.997,115,64.27714237536789,0.91
2023-01-10,AMAT.US,buy,105.4132,5.28,signal,0.0,0,0.0,0.0
2023-05-08,AMAT.US,sell,113.5086,5.28,target_rebalance,42.744,118,69.43214876684522,7.68
2023-01-10,AMD.US,buy,72.5355,112.18,signal,0.0,0,0.0,0.0
2023-05-08,AMD.US,sell,89.9,112.18,target_rebalance,1947.9477,118,65.19139526426942,23.94
2023-01-10,AMD.US,buy,72.5355,175.83,signal,0.0,0,0.0,0.0
2023-05-09,AMD.US,sell,94.7951,175.83,target_rebalance,3913.9028,119,66.19139526426943,30.69
2023-01-10,NVDA.US,buy,17.3432,149.62,signal,0.0,0,0.0,0.0
2023-05-09,NVDA.US,sell,28.811,149.62,target_rebalance,1715.8135,119,72.0592017673188,66.12
2023-01-10,TSM.US,buy,79.6694,32.8,signal,0.0,0,0.0,0.0
2023-05-09,TSM.US,sell,81.2829,32.8,target_rebalance,52.9222,119,65.04273045502876,2.03
2023-01-10,AMD.US,buy,72.5355,16.37,signal,0.0,0,0.0,0.0
2023-05-10,AMD.US,sell,96.3236,16.37,target_rebalance,389.4104,120,67.19139526426943,32.8
2023-01-10,ASML.US,buy,609.0133,4.1,signal,0.0,0,0.0,0.0
2023-05-10,ASML.US,sell,636.2586,4.1,target_rebalance,111.7057,120,70.16614937919387,4.47
2023-01-10,MU.US,buy,56.5262,102.16,signal,0.0,0,0.0,0.0
2023-05-10,MU.US,sell,61.0595,102.16,target_rebalance,463.1253,120,64.21639783773892,8.02
2023-01-10,AMD.US,buy,72.5355,55.94,signal,0.0,0,0.0,0.0
2023-05-11,AMD.US,sell,98.0618,55.94,target_rebalance,1427.9423,121,68.19139526426942,35.19
2023-01-10,AVGO.US,buy,55.7879,28.13,signal,0.0,0,0.0,0.0
2023-05-11,AVGO.US,sell,60.0577,28.13,target_rebalance,120.1089,121,70.53285045967728,7.65
2023-01-10,LRCX.US,buy,44.7961,38.6,signal,0.0,0,0.0,0.0
2023-05-11,LRCX.US,sell,51.2498,38.6,target_rebalance,249.1117,121,71.38880015828376,14.41
2023-01-10,AMAT.US,buy,105.524,26.55,signal,0.0,0,0.0,0.0
2023-05-12,AMAT.US,sell,113.3532,26.55,target_rebalance,207.8663,122,72.04046173343121,7.42
2023-01-10,AVGO.US,buy,55.7879,11.96,signal,0.0,0,0.0,0.0
2023-05-12,AVGO.US,sell,60.2302,11.96,target_rebalance,53.13,122,71.53285045967728,7.96
2023-01-10,LRCX.US,buy,44.7961,14.48,signal,0.0,0,0.0,0.0
2023-05-12,LRCX.US,sell,51.4011,14.48,target_rebalance,95.6399,122,72.38880015828376,14.74
2023-01-10,MU.US,buy,56.59,100.04,signal,0.0,0,0.0,0.0
2023-05-12,MU.US,sell,61.1286,100.04,target_rebalance,454.0397,122,64.97151667521041,8.02
2023-01-10,AMAT.US,buy,105.524,3.68,signal,0.0,0,0.0,0.0
2023-05-15,AMAT.US,sell,113.3338,3.68,target_rebalance,28.7402,125,73.04046173343121,7.4
2023-01-10,AVGO.US,buy,55.7879,34.94,signal,0.0,0,0.0,0.0
2023-05-15,AVGO.US,sell,60.5648,34.94,target_rebalance,166.9023,125,72.53285045967728,8.56
2023-01-10,LRCX.US,buy,44.7961,9.1,signal,0.0,0,0.0,0.0
2023-05-15,LRCX.US,sell,51.4011,9.1,target_rebalance,60.1052,125,73.38880015828377,14.74
2023-01-10,MU.US,buy,56.59,26.35,signal,0.0,0,0.0,0.0
2023-05-15,MU.US,sell,61.3652,26.35,target_rebalance,125.8276,125,65.97151667521041,8.44
2023-01-10,AMAT.US,buy,105.524,28.05,signal,0.0,0,0.0,0.0
2023-05-16,AMAT.US,sell,117.3547,28.05,target_rebalance,331.8523,126,74.04046173343121,11.21
2023-01-10,LRCX.US,buy,44.7961,77.67,signal,0.0,0,0.0,0.0
2023-05-16,LRCX.US,sell,53.3727,77.67,target_rebalance,666.1473,126,74.38880015828377,19.15
2023-01-10,MU.US,buy,56.59,60.11,signal,0.0,0,0.0,0.0
2023-05-16,MU.US,sell,63.653,60.11,target_rebalance,424.5575,126,66.97151667521041,12.48
2023-01-10,TSM.US,buy,79.6903,10.54,signal,0.0,0,0.0,0.0
2023-05-16,TSM.US,sell,81.7024,10.54,target_rebalance,21.2075,126,68.0115012081876,2.52
2023-01-10,AMD.US,buy,73.2042,70.81,signal,0.0,0,0.0,0.0
2023-05-17,AMD.US,sell,101.6882,70.81,target_rebalance,2016.9507,127,70.20802030539623,38.91
2023-01-10,LRCX.US,buy,44.7961,35.48,signal,0.0,0,0.0,0.0
2023-05-17,LRCX.US,sell,54.748,35.48,target_rebalance,353.0919,127,75.38880015828377,22.22
2023-01-10,NVDA.US,buy,17.7146,44.72,signal,0.0,0,0.0,0.0
2023-05-17,NVDA.US,sell,29.4939,44.72,target_rebalance,526.7683,127,75.59761473592935,66.49
2023-01-10,TSM.US,buy,79.6903,39.98,signal,0.0,0,0.0,0.0
2023-05-17,TSM.US,sell,84.1909,39.98,target_rebalance,179.9356,127,69.0115012081876,5.65
2023-01-10,AMAT.US,buy,105.5976,8.5,signal,0.0,0,0.0,0.0
2023-05-18,AMAT.US,sell,122.1915,8.5,target_rebalance,141.0475,128,75.62922972954651,15.71
2023-01-10,ASML.US,buy,609.9838,0.97,signal,0.0,0,0.0,0.0
2023-05-18,ASML.US,sell,656.5702,0.97,target_rebalance,45.1888,128,73.5687269013793,7.64
2023-01-10,NVDA.US,buy,17.7146,43.01,signal,0.0,0,0.0,0.0
2023-05-18,NVDA.US,sell,30.3174,43.01,target_rebalance,542.0437,128,76.59761473592934,71.14
2023-01-10,TSM.US,buy,79.6903,34.5,signal,0.0,0,0.0,0.0
2023-05-18,TSM.US,sell,87.0037,34.5,target_rebalance,252.3106,128,70.0115012081876,9.18
2023-01-10,ASML.US,buy,609.9838,2.97,signal,0.0,0,0.0,0.0
2023-05-19,ASML.US,sell,678.6706,2.97,target_rebalance,203.9998,129,74.5687269013793,11.26
2023-01-10,AVGO.US,buy,55.9622,35.01,signal,0.0,0,0.0,0.0
2023-05-19,AVGO.US,sell,65.178,35.01,target_rebalance,322.6475,129,74.53058807684906,16.47
2023-01-10,LRCX.US,buy,44.8482,42.01,signal,0.0,0,0.0,0.0
2023-05-19,LRCX.US,sell,57.7302,42.01,target_rebalance,541.171,129,77.02620424833826,28.72
2023-01-10,NVDA.US,buy,17.7146,97.89,signal,0.0,0,0.0,0.0
2023-05-19,NVDA.US,sell,31.44,97.89,target_rebalance,1343.5699,129,77.59761473592937,77.48
2023-01-10,AMAT.US,buy,105.7003,4.64,signal,0.0,0,0.0,0.0
2023-05-22,AMAT.US,sell,123.5706,4.64,target_rebalance,82.9182,132,77.22074675538481,16.91
2023-01-10,ASML.US,buy,609.9838,0.89,signal,0.0,0,0.0,0.0
2023-05-22,ASML.US,sell,671.7283,0.89,target_rebalance,54.9526,132,75.5687269013793,10.12
2023-01-10,AVGO.US,buy,55.9622,70.46,signal,0.0,0,0.0,0.0
2023-05-22,AVGO.US,sell,65.3122,70.46,target_rebalance,658.804,132,75.53058807684906,16.71
2023-01-10,TSM.US,buy,79.8171,34.97,signal,0.0,0,0.0,0.0
2023-05-22,TSM.US,sell,87.7855,34.97,target_rebalance,278.6546,132,70.93028039932773,9.98
2023-01-10,AMD.US,buy,73.4698,62.84,signal,0.0,0,0.0,0.0
2023-05-23,AMD.US,sell,107.1428,62.84,target_rebalance,2116.0106,133,73.61353145841855,45.83
2023-01-10,AVGO.US,buy,55.9622,58.29,signal,0.0,0,0.0,0.0
2023-05-23,AVGO.US,sell,66.1979,58.29,target_rebalance,596.6403,133,76.53058807684904,18.29
2023-01-10,AMD.US,buy,73.4698,29.39,signal,0.0,0,0.0,0.0
2023-05-24,AMD.US,sell,105.874,29.39,target_rebalance,952.3613,134,74.61353145841855,44.11
2023-01-10,AVGO.US,buy,55.9622,40.35,signal,0.0,0,0.0,0.0
2023-05-24,AVGO.US,sell,65.316,40.35,target_rebalance,377.429,134,77.53058807684904,16.71
2023-01-10,MU.US,buy,56.8815,29.51,signal,0.0,0,0.0,0.0
2023-05-24,MU.US,sell,64.0474,29.51,target_rebalance,211.4661,134,70.44857004342911,12.6
2023-01-10,TSM.US,buy,79.8967,2.45,signal,0.0,0,0.0,0.0
2023-05-24,TSM.US,sell,85.1253,2.45,target_rebalance,12.8101,134,72.1260344602307,6.54
2023-01-10,AMD.US,buy,73.4698,53.99,signal,0.0,0,0.0,0.0
2023-05-25,AMD.US,sell,117.1927,53.99,target_rebalance,2360.6008,135,75.61353145841855,59.51
2023-01-10,NVDA.US,buy,17.8257,1523.9,signal,0.0,0,0.0,0.0
2023-05-25,NVDA.US,sell,38.4057,1523.9,target_rebalance,31361.7789,135,80.91903772816956,115.45
2023-01-10,TSM.US,buy,79.8967,1.09,signal,0.0,0,0.0,0.0
2023-05-25,TSM.US,sell,92.5433,1.09,target_rebalance,13.7848,135,73.12603446023068,15.83
2023-01-10,AMD.US,buy,73.4698,46.8,signal,0.0,0,0.0,0.0
2023-05-26,AMD.US,sell,122.3375,46.8,target_rebalance,2287.012,136,76.61353145841856,66.51
2023-01-10,AVGO.US,buy,56.5645,188.01,signal,0.0,0,0.0,0.0
2023-05-26,AVGO.US,sell,71.6412,188.01,target_rebalance,2834.5683,136,75.3110998670123,26.65
2023-01-10,LRCX.US,buy,45.5843,18.58,signal,0.0,0,0.0,0.0
2023-05-26,LRCX.US,sell,58.6748,18.58,target_rebalance,243.2221,136,76.99335397038983,28.72
2023-01-10,TSM.US,buy,79.8967,42.26,signal,0.0,0,0.0,0.0
2023-05-26,TSM.US,sell,96.1569,42.26,target_rebalance,687.1557,136,74.12603446023071,20.35
2023-01-10,AMD.US,buy,73.4698,9.28,signal,0.0,0,0.0,0.0
2023-05-30,AMD.US,sell,130.2896,9.28,target_rebalance,527.2879,140,77.61353145841855,77.34
2023-01-10,AVGO.US,buy,56.5645,244.96,signal,0.0,0,0.0,0.0
2023-05-30,AVGO.US,sell,80.0463,244.96,target_rebalance,5752.097,140,76.31109986701232,41.51
2023-01-10,MU.US,buy,57.2976,4.08,signal,0.0,0,0.0,0.0
2023-05-30,MU.US,sell,73.3563,4.08,target_rebalance,65.5192,140,70.97270834969704,28.03
2023-01-10,NVDA.US,buy,18.6375,66.82,signal,0.0,0,0.0,0.0
2023-05-30,NVDA.US,sell,40.4714,66.82,target_rebalance,1458.9401,140,79.59820537627502,117.15
2023-01-10,AMAT.US,buy,106.8342,22.68,signal,0.0,0,0.0,0.0
2023-05-31,AMAT.US,sell,130.0918,22.68,target_rebalance,527.4815,141,78.2803173270861,21.77
2023-01-10,ASML.US,buy,615.9165,9.59,signal,0.0,0,0.0,0.0
2023-05-31,ASML.US,sell,706.9356,9.59,target_rebalance,872.8728,141,75.87482328020515,14.78
2023-01-10,LRCX.US,buy,45.6092,37.52,signal,0.0,0,0.0,0.0
2023-05-31,LRCX.US,sell,59.9734,37.52,target_rebalance,538.9463,141,78.87640350767413,31.49
2023-01-10,NVDA.US,buy,18.6375,137.05,signal,0.0,0,0.0,0.0
2023-05-31,NVDA.US,sell,39.3677,137.05,target_rebalance,2841.0811,141,80.598205376275,111.23
2023-01-10,TSM.US,buy,80.4474,2.69,signal,0.0,0,0.0,0.0
2023-05-31,TSM.US,sell,95.089,2.69,target_rebalance,39.3861,141,73.97835615822197,18.2
2023-01-10,AMAT.US,buy,106.8342,28.43,signal,0.0,0,0.0,0.0
2023-06-01,AMAT.US,sell,130.2184,28.43,target_rebalance,664.812,142,79.2803173270861,21.89
2023-01-10,ASML.US,buy,615.9165,2.75,signal,0.0,0,0.0,0.0
2023-06-01,ASML.US,sell,704.1451,2.75,target_rebalance,242.6285,142,76.87482328020515,14.32
2023-01-10,AVGO.US,buy,56.6581,67.87,signal,0.0,0,0.0,0.0
2023-06-01,AVGO.US,sell,76.7395,67.87,target_rebalance,1362.9244,142,77.94546211412246,35.44
2023-01-10,LRCX.US,buy,45.6092,39.73,signal,0.0,0,0.0,0.0
2023-06-01,LRCX.US,sell,59.8095,39.73,target_rebalance,564.1793,142,79.87640350767413,31.13
2023-01-10,MU.US,buy,57.6376,41.87,signal,0.0,0,0.0,0.0
2023-06-01,MU.US,sell,67.982,41.87,target_rebalance,433.1184,142,70.70287782658721,17.95
2023-01-10,AMD.US,buy,75.7909,35.59,signal,0.0,0,0.0,0.0
2023-06-02,AMD.US,sell,120.6292,35.59,target_rebalance,1595.7973,143,76.59218420320015,59.16
2023-01-10,NVDA.US,buy,18.9169,216.04,signal,0.0,0,0.0,0.0
2023-06-02,NVDA.US,sell,39.9749,216.04,target_rebalance,4549.3708,143,81.44741729991901,111.32
2023-01-10,TSM.US,buy,80.4474,34.97,signal,0.0,0,0.0,0.0
2023-06-02,TSM.US,sell,96.5383,34.97,target_rebalance,562.7,143,75.97835615822196,20.0
2023-01-10,AMAT.US,buy,106.9022,23.01,signal,0.0,0,0.0,0.0
2023-06-05,AMAT.US,sell,131.2798,23.01,target_rebalance,560.928,146,81.06230739866173,22.8
2023-01-10,ASML.US,buy,616.4138,1.76,signal,0.0,0,0.0,0.0
2023-06-05,ASML.US,sell,704.5729,1.76,target_rebalance,155.16,146,78.46843150835804,14.3
2023-01-10,AVGO.US,buy,57.1481,158.59,signal,0.0,0,0.0,0.0
2023-06-05,AVGO.US,sell,77.5619,158.59,target_rebalance,3237.4165,146,77.93839386238926,35.72
2023-01-10,MU.US,buy,57.6376,29.74,signal,0.0,0,0.0,0.0
2023-06-05,MU.US,sell,68.5342,29.74,target_rebalance,324.0641,146,72.70287782658721,18.91
2023-01-10,AMD.US,buy,76.6099,70.38,signal,0.0,0,0.0,0.0
2023-06-06,AMD.US,sell,117.7921,70.38,target_rebalance,2898.4049,147,77.03907600556748,53.76
2023-01-10,AVGO.US,buy,57.1481,23.75,signal,0.0,0,0.0,0.0
2023-06-06,AVGO.US,sell,76.8717,23.75,target_rebalance,468.4351,147,78.93839386238926,34.51
2023-01-10,NVDA.US,buy,19.2186,91.89,signal,0.0,0,0.0,0.0
2023-06-06,NVDA.US,sell,38.7118,91.89,target_rebalance,1791.23,147,82.20076612194191,101.43
2023-01-10,TSM.US,buy,80.6786,30.41,signal,0.0,0,0.0,0.0
2023-06-06,TSM.US,sell,93.0677,30.41,target_rebalance,376.7538,147,76.6290904879481,15.36
2023-01-10,AMAT.US,buy,107.1048,18.95,signal,0.0,0,0.0,0.0
2023-06-07,AMAT.US,sell,131.718,18.95,target_rebalance,466.4199,148,82.28183166019795,22.98
2023-01-10,AMD.US,buy,76.6099,89.42,signal,0.0,0,0.0,0.0
2023-06-07,AMD.US,sell,123.906,89.42,target_rebalance,4229.2172,148,78.0390760055675,61.74
2023-01-10,LRCX.US,buy,45.8756,35.13,signal,0.0,0,0.0,0.0
2023-06-07,LRCX.US,sell,59.4429,35.13,target_rebalance,476.6202,148,82.22961507054909,29.57
2023-01-10,TSM.US,buy,80.6786,66.5,signal,0.0,0,0.0,0.0
2023-06-07,TSM.US,sell,96.6622,66.5,target_rebalance,1062.9154,148,77.6290904879481,19.81
2023-01-10,AMAT.US,buy,107.1048,52.52,signal,0.0,0,0.0,0.0
2023-06-08,AMAT.US,sell,132.2827,52.52,target_rebalance,1322.3447,149,83.28183166019795,23.51
2023-01-10,ASML.US,buy,617.9006,5.17,signal,0.0,0,0.0,0.0
2023-06-08,ASML.US,sell,691.4078,5.17,target_rebalance,380.0322,149,79.91216131702431,11.9
2023-01-10,AVGO.US,buy,57.7621,91.87,signal,0.0,0,0.0,0.0
2023-06-08,AVGO.US,sell,76.1922,91.87,target_rebalance,1693.1723,149,78.31506476298578,31.91
2023-01-10,LRCX.US,buy,45.8756,81.63,signal,0.0,0,0.0,0.0
2023-06-08,LRCX.US,sell,59.3479,81.63,target_rebalance,1099.7429,149,83.22961507054909,29.37
2023-01-10,AMD.US,buy,77.8466,64.7,signal,0.0,0,0.0,0.0
2023-06-09,AMD.US,sell,123.4464,64.7,target_rebalance,2950.3118,150,77.70111395763088,58.58
2023-01-10,NVDA.US,buy,19.8112,117.32,signal,0.0,0,0.0,0.0
2023-06-09,NVDA.US,sell,38.9221,117.32,target_rebalance,2242.0995,150,82.59815688009354,96.47
2023-01-10,TSM.US,buy,80.7697,56.22,signal,0.0,0,0.0,0.0
2023-06-09,TSM.US,sell,97.9208,56.22,target_rebalance,964.234,150,79.1130534029107,21.23
2023-01-10,AMD.US,buy,77.8466,91.92,signal,0.0,0,0.0,0.0
2023-06-12,AMD.US,sell,128.3915,91.92,target_rebalance,4646.0898,153,78.70111395763088,64.93
2023-01-10,TSM.US,buy,80.7697,31.73,signal,0.0,0,0.0,0.0
2023-06-12,TSM.US,sell,99.4845,31.73,target_rebalance,593.8197,153,80.1130534029107,23.17
2023-01-10,AVGO.US,buy,57.8511,107.29,signal,0.0,0,0.0,0.0
2023-06-13,AVGO.US,sell,82.5393,107.29,target_rebalance,2648.8053,154,80.95600148260097,42.68
2023-01-10,MU.US,buy,58.1681,22.46,signal,0.0,0,0.0,0.0
2023-06-13,MU.US,sell,67.6072,22.46,target_rebalance,212.0041,154,73.61545960794109,16.23
2023-01-10,TSM.US,buy,80.7697,66.21,signal,0.0,0,0.0,0.0
2023-06-13,TSM.US,sell,104.8811,66.21,target_rebalance,1596.4147,154,81.1130534029107,29.85
2023-01-10,ASML.US,buy,620.0446,5.26,signal,0.0,0,0.0,0.0
2023-06-14,ASML.US,sell,715.0446,5.26,target_rebalance,499.6999,155,82.03456886565581,15.32
2023-01-10,AVGO.US,buy,57.8511,38.5,signal,0.0,0,0.0,0.0
2023-06-14,AVGO.US,sell,82.038,38.5,target_rebalance,931.1986,155,81.95600148260098,41.81
2023-01-10,LRCX.US,buy,46.3689,28.14,signal,0.0,0,0.0,0.0
2023-06-14,LRCX.US,sell,60.2953,28.14,target_rebalance,391.8883,155,84.27055276283201,30.03
2023-01-10,NVDA.US,buy,20.0241,260.67,signal,0.0,0,0.0,0.0
2023-06-14,NVDA.US,sell,40.7039,260.67,target_rebalance,5390.6109,155,84.70953204619141,103.27
2023-01-10,AVGO.US,buy,57.8511,106.31,signal,0.0,0,0.0,0.0
2023-06-15,AVGO.US,sell,84.7707,106.31,target_rebalance,2861.8288,156,82.95600148260097,46.53
2023-01-10,MU.US,buy,58.1681,34.39,signal,0.0,0,0.0,0.0
2023-06-15,MU.US,sell,67.6368,34.39,target_rebalance,325.6311,156,75.6154596079411,16.28
2023-01-10,NVDA.US,buy,20.0241,301.07,signal,0.0,0,0.0,0.0
2023-06-15,NVDA.US,sell,42.4767,301.07,target_rebalance,6759.8064,156,85.70953204619141,112.13
2023-01-10,AMAT.US,buy,108.0199,10.58,signal,0.0,0,0.0,0.0
2023-06-16,AMAT.US,sell,137.1904,10.58,target_rebalance,308.6234,157,86.50219943587526,27.0
2023-01-10,MU.US,buy,58.1681,68.89,signal,0.0,0,0.0,0.0
2023-06-16,MU.US,sell,69.1752,68.89,target_rebalance,758.2797,157,76.61545960794109,18.92
2023-01-10,NVDA.US,buy,20.0241,85.62,signal,0.0,0,0.0,0.0
2023-06-16,NVDA.US,sell,43.3222,85.62,target_rebalance,1994.7836,157,86.70953204619141,116.35
2023-01-10,AMAT.US,buy,108.0199,31.52,signal,0.0,0,0.0,0.0
2023-06-20,AMAT.US,sell,135.4571,31.52,target_rebalance,864.8207,161,87.50219943587527,25.4
2023-01-10,ASML.US,buy,622.0066,4.59,signal,0.0,0,0.0,0.0
2023-06-20,ASML.US,sell,700.6642,4.59,target_rebalance,361.0384,161,83.1089836684909,12.65
2023-01-10,LRCX.US,buy,46.5188,9.5,signal,0.0,0,0.0,0.0
2023-06-20,LRCX.US,sell,59.4016,9.5,target_rebalance,122.3865,161,86.34701462758173,27.69
2023-01-10,NVDA.US,buy,20.0241,119.13,signal,0.0,0,0.0,0.0
2023-06-20,NVDA.US,sell,42.8715,119.13,target_rebalance,2721.8147,161,87.70953204619141,114.1
2023-01-10,TSM.US,buy,81.5802,38.3,signal,0.0,0,0.0,0.0
2023-06-20,TSM.US,sell,99.748,38.3,target_rebalance,695.8262,161,81.82895445187305,22.27
2023-01-10,AVGO.US,buy,58.0685,11.39,signal,0.0,0,0.0,0.0
2023-06-21,AVGO.US,sell,82.8702,11.39,target_rebalance,282.4918,162,85.24029257606794,42.71
2023-01-10,NVDA.US,buy,20.0241,118.74,signal,0.0,0,0.0,0.0
2023-06-21,NVDA.US,sell,43.373,118.74,target_rebalance,2772.4545,162,88.70953204619141,116.6
2023-01-10,ASML.US,buy,622.0066,0.36,signal,0.0,0,0.0,0.0
2023-06-22,ASML.US,sell,682.5404,0.36,target_rebalance,21.7922,163,85.10898366849088,9.73
2023-01-10,AVGO.US,buy,58.0685,31.01,signal,0.0,0,0.0,0.0
2023-06-22,AVGO.US,sell,81.4335,31.01,target_rebalance,724.5486,163,86.24029257606793,40.24
2023-01-10,LRCX.US,buy,46.5188,66.71,signal,0.0,0,0.0,0.0
2023-06-22,LRCX.US,sell,58.4573,66.71,target_rebalance,796.4159,163,88.34701462758173,25.66
2023-01-10,MU.US,buy,58.3384,22.66,signal,0.0,0,0.0,0.0
2023-06-22,MU.US,sell,64.6194,22.66,target_rebalance,142.3265,163,77.99371008445928,10.77
2023-01-10,TSM.US,buy,81.677,20.74,signal,0.0,0,0.0,0.0
2023-06-22,TSM.US,sell,97.1054,20.74,target_rebalance,319.9857,163,83.36772780715371,18.89
2023-01-10,AMAT.US,buy,108.0459,30.24,signal,0.0,0,0.0,0.0
2023-06-23,AMAT.US,sell,132.9643,30.24,target_rebalance,753.5332,164,90.40408713912451,23.06
2023-01-10,LRCX.US,buy,46.5188,95.0,signal,0.0,0,0.0,0.0
2023-06-23,LRCX.US,sell,59.2742,95.0,target_rebalance,1211.7617,164,89.34701462758174,27.42
2023-01-10,MU.US,buy,58.3384,3.23,signal,0.0,0,0.0,0.0
2023-06-23,MU.US,sell,64.5405,3.23,target_rebalance,20.0327,164,78.99371008445927,10.63
2023-01-10,NVDA.US,buy,20.081,40.38,signal,0.0,0,0.0,0.0
2023-06-23,NVDA.US,sell,42.3391,40.38,target_rebalance,898.782,164,90.47947713131464,110.84
2023-01-10,TSM.US,buy,81.677,10.25,signal,0.0,0,0.0,0.0
2023-06-23,TSM.US,sell,97.2012,10.25,target_rebalance,159.1228,164,84.36772780715371,19.01
2023-01-10,AMD.US,buy,83.3861,31.39,signal,0.0,0,0.0,0.0
2023-06-26,AMD.US,sell,110.839,31.39,target_rebalance,861.7474,167,76.36945521612809,32.92
2023-01-10,ASML.US,buy,622.1076,1.0,signal,0.0,0,0.0,0.0
2023-06-26,ASML.US,sell,683.6099,1.0,target_rebalance,61.5023,167,86.95937759113188,9.89
2023-01-10,LRCX.US,buy,46.5188,26.38,signal,0.0,0,0.0,0.0
2023-06-26,LRCX.US,sell,59.7264,26.38,target_rebalance,348.4164,167,90.34701462758176,28.39
2023-01-10,TSM.US,buy,81.677,6.26,signal,0.0,0,0.0,0.0
2023-06-26,TSM.US,sell,97.6799,6.26,target_rebalance,100.1782,167,85.3677278071537,19.59
2023-01-10,AMAT.US,buy,108.0908,72.43,signal,0.0,0,0.0,0.0
2023-06-27,AMAT.US,sell,136.4698,72.43,target_rebalance,2055.4893,168,92.24061743128382,26.25
2023-01-10,ASML.US,buy,622.1076,4.25,signal,0.0,0,0.0,0.0
2023-06-27,ASML.US,sell,687.3242,4.25,target_rebalance,277.1707,168,87.9593775911319,10.48
2023-01-10,AVGO.US,buy,58.5769,23.26,signal,0.0,0,0.0,0.0
2023-06-27,AVGO.US,sell,79.8522,23.26,target_rebalance,494.8624,168,87.20398704066722,36.32
2023-01-10,LRCX.US,buy,46.5188,108.16,signal,0.0,0,0.0,0.0
2023-06-27,LRCX.US,sell,60.659,108.16,target_rebalance,1529.4076,168,91.34701462758174,30.4
2023-01-10,AMAT.US,buy,108.0908,27.07,signal,0.0,0,0.0,0.0
2023-06-28,AMAT.US,sell,139.0502,27.07,target_rebalance,838.0707,169,93.24061743128381,28.64
2023-01-10,ASML.US,buy,622.1076,4.78,signal,0.0,0,0.0,0.0
2023-06-28,ASML.US,sell,699.5071,4.78,target_rebalance,369.9697,169,88.95937759113188,12.44
2023-01-10,AVGO.US,buy,58.5769,16.67,signal,0.0,0,0.0,0.0
2023-06-28,AVGO.US,sell,80.8206,16.67,target_rebalance,370.8023,169,88.20398704066722,37.97
2023-01-10,LRCX.US,buy,46.5188,101.38,signal,0.0,0,0.0,0.0
2023-06-28,LRCX.US,sell,62.2393,101.38,target_rebalance,1593.7494,169,92.34701462758173,33.79
2023-01-10,AMD.US,buy,84.0944,46.44,signal,0.0,0,0.0,0.0
2023-06-29,AMD.US,sell,111.9579,46.44,target_rebalance,1293.9838,170,77.17860028438447,33.13
2023-01-10,MU.US,buy,58.3622,65.31,signal,0.0,0,0.0,0.0
2023-06-29,MU.US,sell,66.8973,65.31,target_rebalance,557.4269,170,82.69076771221458,14.62
2023-01-10,NVDA.US,buy,21.0934,7.87,signal,0.0,0,0.0,0.0
2023-06-29,NVDA.US,sell,41.4357,7.87,target_rebalance,160.094,170,89.94303915146982,96.44
2023-01-10,AMAT.US,buy,108.2165,14.88,signal,0.0,0,0.0,0.0
2023-06-30,AMAT.US,sell,141.4846,14.88,target_rebalance,495.0289,171,94.88244002257217,30.74
2023-01-10,AMD.US,buy,84.0944,39.26,signal,0.0,0,0.0,0.0
2023-06-30,AMD.US,sell,112.917,39.26,target_rebalance,1131.5753,171,78.17860028438447,34.27
2023-01-10,AVGO.US,buy,58.5769,85.83,signal,0.0,0,0.0,0.0
2023-06-30,AVGO.US,sell,83.6912,85.83,target_rebalance,2155.5574,171,90.20398704066723,42.87
2023-01-10,NVDA.US,buy,21.0934,57.07,signal,0.0,0,0.0,0.0
2023-06-30,NVDA.US,sell,41.5574,57.07,target_rebalance,1167.878,171,90.94303915146983,97.02
2023-01-10,TSM.US,buy,82.1121,8.04,signal,0.0,0,0.0,0.0
2023-06-30,TSM.US,sell,97.0863,8.04,target_rebalance,120.3924,171,86.84607070787372,18.24
2023-01-10,AMD.US,buy,84.0944,45.77,signal,0.0,0,0.0,0.0
2023-07-03,AMD.US,sell,115.0448,45.77,target_rebalance,1416.6032,174,79.17860028438446,36.8
2023-01-10,ASML.US,buy,622.8771,4.81,signal,0.0,0,0.0,0.0
2023-07-03,ASML.US,sell,713.6638,4.81,target_rebalance,436.6843,174,91.14036463943387,14.58
2023-01-10,NVDA.US,buy,21.0934,134.84,signal,0.0,0,0.0,0.0
2023-07-03,NVDA.US,sell,42.3919,134.84,target_rebalance,2871.8873,174,91.94303915146983,100.97
2023-01-10,TSM.US,buy,82.1121,14.78,signal,0.0,0,0.0,0.0
2023-07-03,TSM.US,sell,97.9001,14.78,target_rebalance,233.3466,174,87.84607070787372,19.23
2023-01-10,AMAT.US,buy,108.5781,6.59,signal,0.0,0,0.0,0.0
2023-07-05,AMAT.US,sell,140.4622,6.59,target_rebalance,210.1157,176,95.80915655685911,29.37
2023-01-10,AMD.US,buy,84.0944,35.04,signal,0.0,0,0.0,0.0
2023-07-05,AMD.US,sell,115.9839,35.04,target_rebalance,1117.4091,176,80.17860028438447,37.92
2023-01-10,LRCX.US,buy,46.7351,16.43,signal,0.0,0,0.0,0.0
2023-07-05,LRCX.US,sell,62.6361,16.43,target_rebalance,261.2541,176,95.09484347523819,34.02
2023-01-10,MU.US,buy,58.6829,10.97,signal,0.0,0,0.0,0.0
2023-07-05,MU.US,sell,62.6176,10.97,target_rebalance,43.1632,176,80.33104739375965,6.7
2023-01-10,AMAT.US,buy,108.5781,7.23,signal,0.0,0,0.0,0.0
2023-07-06,AMAT.US,sell,136.9664,7.23,target_rebalance,205.2473,177,96.80915655685912,26.15
2023-01-10,AVGO.US,buy,58.6348,5.89,signal,0.0,0,0.0,0.0
2023-07-06,AVGO.US,sell,81.4248,5.89,target_rebalance,134.2328,177,92.99510367367502,38.87
2023-01-10,NVDA.US,buy,21.1792,163.89,signal,0.0,0,0.0,0.0
2023-07-06,NVDA.US,sell,41.7209,163.89,target_rebalance,3366.5757,177,93.56333900131432,96.99
2023-01-10,TSM.US,buy,82.1638,11.41,signal,0.0,0,0.0,0.0
2023-07-06,TSM.US,sell,94.8841,11.41,target_rebalance,145.1385,177,89.54313881102811,15.48
2023-01-10,AMD.US,buy,84.2439,36.48,signal,0.0,0,0.0,0.0
2023-07-07,AMD.US,sell,114.0458,36.48,target_rebalance,1087.1735,178,81.74631944613826,35.38
2023-01-10,AVGO.US,buy,58.6348,6.59,signal,0.0,0,0.0,0.0
2023-07-07,AVGO.US,sell,81.948,6.59,target_rebalance,153.6338,178,93.99510367367503,39.76
2023-01-10,LRCX.US,buy,46.8985,1.5,signal,0.0,0,0.0,0.0
2023-07-07,LRCX.US,sell,60.4772,1.5,target_rebalance,20.3681,178,95.92597071563573,28.95
2023-01-10,MU.US,buy,58.6992,12.8,signal,0.0,0,0.0,0.0
2023-07-07,MU.US,sell,60.6903,12.8,target_rebalance,25.4867,178,81.49408007794447,3.39
2023-01-10,NVDA.US,buy,21.1792,54.88,signal,0.0,0,0.0,0.0
2023-07-07,NVDA.US,sell,42.1975,54.88,target_rebalance,1153.4824,178,94.5633390013143,99.24
2023-01-10,ASML.US,buy,624.423,3.06,signal,0.0,0,0.0,0.0
2023-07-10,ASML.US,sell,684.2225,3.06,target_rebalance,182.9863,181,93.08086564701749,9.58
2023-01-10,NVDA.US,buy,21.1792,62.68,signal,0.0,0,0.0,0.0
2023-07-10,NVDA.US,sell,42.5315,62.68,target_rebalance,1338.3611,181,95.5633390013143,100.82
2023-01-10,TSM.US,buy,82.2037,34.73,signal,0.0,0,0.0,0.0
2023-07-10,TSM.US,sell,95.9852,34.73,target_rebalance,478.633,181,91.2633551839229,16.77
2023-01-10,AVGO.US,buy,58.6577,103.86,signal,0.0,0,0.0,0.0
2023-07-11,AVGO.US,sell,84.9044,103.86,target_rebalance,2725.9817,182,95.90190354353577,44.75
2023-01-10,MU.US,buy,58.7117,87.21,signal,0.0,0,0.0,0.0
2023-07-11,MU.US,sell,61.8462,87.21,target_rebalance,273.3644,182,82.81505237574396,5.34
2023-01-10,TSM.US,buy,82.2037,32.1,signal,0.0,0,0.0,0.0
2023-07-11,TSM.US,sell,97.9767,32.1,target_rebalance,506.315,182,92.2633551839229,19.19
2023-01-10,ASML.US,buy,624.5888,8.06,signal,0.0,0,0.0,0.0
2023-07-12,ASML.US,sell,709.3177,8.06,target_rebalance,682.9155,183,94.84544333608248,13.57
2023-01-10,MU.US,buy,58.7117,106.06,signal,0.0,0,0.0,0.0
2023-07-12,MU.US,sell,63.6937,106.06,target_rebalance,528.3953,183,83.81505237574395,8.49
2023-01-10,AMD.US,buy,85.1394,32.03,signal,0.0,0,0.0,0.0
2023-07-13,AMD.US,sell,115.6442,32.03,target_rebalance,977.0689,184,83.06523465743625,35.83
2023-01-10,ASML.US,buy,624.5888,1.38,signal,0.0,0,0.0,0.0
2023-07-13,ASML.US,sell,720.6452,1.38,target_rebalance,132.5578,184,95.84544333608248,15.38
2023-01-10,NVDA.US,buy,21.475,173.31,signal,0.0,0,0.0,0.0
2023-07-13,NVDA.US,sell,44.387,173.31,target_rebalance,3970.8833,184,97.21997443677402,106.69
2023-01-10,TSM.US,buy,82.2734,21.16,signal,0.0,0,0.0,0.0
2023-07-13,TSM.US,sell,100.5331,21.16,target_rebalance,386.3748,184,93.86776414658141,22.19
2023-01-10,AMAT.US,buy,109.7516,36.07,signal,0.0,0,0.0,0.0
2023-07-14,AMAT.US,sell,140.7738,36.07,target_rebalance,1118.9692,185,98.56361615896984,28.27
2023-01-10,ASML.US,buy,624.5888,5.16,signal,0.0,0,0.0,0.0
2023-07-14,ASML.US,sell,739.5858,5.16,target_rebalance,593.3844,185,96.8454433360825,18.41
2023-01-10,LRCX.US,buy,47.269,36.05,signal,0.0,0,0.0,0.0
2023-07-14,LRCX.US,sell,62.4465,36.05,target_rebalance,547.1486,185,98.33581614491604,32.11
2023-01-10,NVDA.US,buy,21.475,242.43,signal,0.0,0,0.0,0.0
2023-07-14,NVDA.US,sell,46.4459,242.43,target_rebalance,6053.7055,185,98.21997443677404,116.28
2023-01-10,AMD.US,buy,85.4596,14.08,signal,0.0,0,0.0,0.0
2023-07-17,AMD.US,sell,115.834,14.08,target_rebalance,427.6723,188,84.20112913111224,35.54
2023-01-10,AVGO.US,buy,59.5187,51.22,signal,0.0,0,0.0,0.0
2023-07-17,AVGO.US,sell,85.8583,51.22,target_rebalance,1349.1144,188,96.74811474860935,44.25
2023-01-10,NVDA.US,buy,21.475,15.57,signal,0.0,0,0.0,0.0
2023-07-17,NVDA.US,sell,46.1528,15.57,target_rebalance,384.2335,188,99.21997443677402,114.91
2023-01-10,AMD.US,buy,85.4596,12.1,signal,0.0,0,0.0,0.0
2023-07-18,AMD.US,sell,117.4325,12.1,target_rebalance,386.8716,189,85.20112913111224,37.41
2023-01-10,AVGO.US,buy,59.5187,29.11,signal,0.0,0,0.0,0.0
2023-07-18,AVGO.US,sell,87.3009,29.11,target_rebalance,808.7377,189,97.74811474860935,46.68
2023-01-10,LRCX.US,buy,47.2821,107.06,signal,0.0,0,0.0,0.0
2023-07-18,LRCX.US,sell,63.6252,107.06,target_rebalance,1749.6943,189,100.2468983640948,34.57
2023-01-10,AMD.US,buy,85.4596,81.4,signal,0.0,0,0.0,0.0
2023-07-19,AMD.US,sell,121.1787,81.4,target_rebalance,2907.5353,190,86.20112913111224,41.8
2023-01-10,MU.US,buy,58.8572,68.61,signal,0.0,0,0.0,0.0
2023-07-19,MU.US,sell,64.8398,68.61,target_rebalance,410.4628,190,86.2710793528068,10.16
2023-01-10,NVDA.US,buy,21.475,75.7,signal,0.0,0,0.0,0.0
2023-07-19,NVDA.US,sell,47.3243,75.7,target_rebalance,1956.7954,190,101.21997443677402,120.37
2023-01-10,AVGO.US,buy,59.8791,122.47,signal,0.0,0,0.0,0.0
2023-07-20,AVGO.US,sell,86.0058,122.47,target_rebalance,3199.7317,191,98.43569678134874,43.63
2023-01-10,MU.US,buy,58.8572,97.12,signal,0.0,0,0.0,0.0
2023-07-20,MU.US,sell,63.6246,97.12,target_rebalance,463.0057,191,87.2710793528068,8.1
2023-01-10,NVDA.US,buy,21.475,121.64,signal,0.0,0,0.0,0.0
2023-07-20,NVDA.US,sell,46.3702,121.64,target_rebalance,3028.2484,191,102.21997443677402,115.93
2023-01-10,ASML.US,buy,629.0492,2.11,signal,0.0,0,0.0,0.0
2023-07-21,ASML.US,sell,676.0552,2.11,target_rebalance,99.1827,192,96.30370352089851,7.47
2023-01-10,AVGO.US,buy,59.8791,91.14,signal,0.0,0,0.0,0.0
2023-07-21,AVGO.US,sell,87.1573,91.14,target_rebalance,2486.1303,192,99.43569678134871,45.56
2023-01-10,MU.US,buy,58.8572,125.6,signal,0.0,0,0.0,0.0
2023-07-21,MU.US,sell,64.5038,125.6,target_rebalance,709.2187,192,88.27107935280678,9.59
2023-01-10,AMAT.US,buy,110.4648,47.77,signal,0.0,0,0.0,0.0
2023-07-24,AMAT.US,sell,133.9868,47.77,target_rebalance,1123.6467,195,101.71088788219079,21.29
2023-01-10,LRCX.US,buy,47.4874,95.63,signal,0.0,0,0.0,0.0
2023-07-24,LRCX.US,sell,61.2182,95.63,target_rebalance,1313.0753,195,102.80129511927085,28.91
2023-01-10,MU.US,buy,58.8572,17.67,signal,0.0,0,0.0,0.0
2023-07-24,MU.US,sell,64.573,17.67,target_rebalance,100.9985,195,89.2710793528068,9.71
2023-01-10,AMAT.US,buy,110.4648,2.72,signal,0.0,0,0.0,0.0
2023-07-25,AMAT.US,sell,135.0482,2.72,target_rebalance,66.8668,196,102.7108878821908,22.25
2023-01-10,LRCX.US,buy,47.4874,48.05,signal,0.0,0,0.0,0.0
2023-07-25,LRCX.US,sell,62.146,48.05,target_rebalance,704.3434,196,103.80129511927086,30.87
2023-01-10,TSM.US,buy,83.0532,53.89,signal,0.0,0,0.0,0.0
2023-07-25,TSM.US,sell,95.2863,53.89,target_rebalance,659.2399,196,96.95599748839089,14.73
2023-01-10,AMD.US,buy,86.6795,6.54,signal,0.0,0,0.0,0.0
2023-07-26,AMD.US,sell,111.7981,6.54,target_rebalance,164.2759,197,87.22366022639076,28.98
2023-01-10,AVGO.US,buy,60.0706,18.22,signal,0.0,0,0.0,0.0
2023-07-26,AVGO.US,sell,87.5919,18.22,target_rebalance,501.4373,197,101.71839882040898,45.81
2023-01-10,LRCX.US,buy,47.4874,10.33,signal,0.0,0,0.0,0.0
2023-07-26,LRCX.US,sell,62.4368,10.33,target_rebalance,154.4266,197,104.80129511927086,31.48
2023-01-10,NVDA.US,buy,22.1377,151.56,signal,0.0,0,0.0,0.0
2023-07-26,NVDA.US,sell,45.8856,151.56,target_rebalance,3599.227,197,103.27372221699777,107.27
2023-01-10,AMAT.US,buy,110.6682,34.23,signal,0.0,0,0.0,0.0
2023-07-27,AMAT.US,sell,140.4427,34.23,target_rebalance,1019.1793,198,103.8249973876921,26.9
2023-01-10,ASML.US,buy,630.0596,8.78,signal,0.0,0,0.0,0.0
2023-07-27,ASML.US,sell,695.1414,8.78,target_rebalance,571.4182,198,97.58124627042382,10.33
2023-01-10,LRCX.US,buy,47.4874,103.94,signal,0.0,0,0.0,0.0
2023-07-27,LRCX.US,sell,65.6441,103.94,target_rebalance,1887.2033,198,105.80129511927086,38.23
2023-01-10,MU.US,buy,58.9315,259.59,signal,0.0,0,0.0,0.0
2023-07-27,MU.US,sell,69.6314,259.59,target_rebalance,2777.585,198,91.06815606831881,18.16
2023-01-10,AMAT.US,buy,110.6682,64.79,signal,0.0,0,0.0,0.0
2023-07-28,AMAT.US,sell,145.6522,64.79,target_rebalance,2266.6115,199,104.82499738769211,31.61
2023-01-10,AMD.US,buy,87.4557,0.3,signal,0.0,0,0.0,0.0
2023-07-28,AMD.US,sell,113.2666,0.3,target_rebalance,7.7433,199,86.50865570302328,29.51
2023-01-10,LRCX.US,buy,47.4874,219.63,signal,0.0,0,0.0,0.0
2023-07-28,LRCX.US,sell,69.076,219.63,target_rebalance,4741.5068,199,106.80129511927086,45.46
2023-01-10,MU.US,buy,58.9315,18.7,signal,0.0,0,0.0,0.0
2023-07-28,MU.US,sell,70.7181,18.7,target_rebalance,220.4102,199,92.06815606831881,20.0
2023-01-10,AMAT.US,buy,110.6682,30.38,signal,0.0,0,0.0,0.0
2023-07-31,AMAT.US,sell,147.9405,30.38,target_rebalance,1132.3309,202,105.8249973876921,33.68
2023-01-10,AMD.US,buy,87.4557,9.82,signal,0.0,0,0.0,0.0
2023-07-31,AMD.US,sell,114.0458,9.82,target_rebalance,261.1157,202,87.50865570302327,30.4
2023-01-10,ASML.US,buy,630.7649,1.98,signal,0.0,0,0.0,0.0
2023-07-31,ASML.US,sell,701.3155,1.98,target_rebalance,139.6901,202,98.52739102437138,11.18
2023-01-10,LRCX.US,buy,47.4874,64.15,signal,0.0,0,0.0,0.0
2023-07-31,LRCX.US,sell,70.1623,64.15,target_rebalance,1454.5956,202,107.80129511927085,47.75
2023-01-10,AMD.US,buy,87.4557,20.21,signal,0.0,0,0.0,0.0
2023-08-01,AMD.US,sell,114.1457,20.21,target_rebalance,539.4068,203,88.50865570302327,30.52
2023-01-10,AVGO.US,buy,61.6262,21.19,signal,0.0,0,0.0,0.0
2023-08-01,AVGO.US,sell,86.6263,21.19,target_rebalance,529.752,203,99.80996079353805,40.57
2023-01-10,MU.US,buy,59.0273,7.96,signal,0.0,0,0.0,0.0
2023-08-01,MU.US,sell,70.1451,7.96,target_rebalance,88.4974,203,93.29065273881595,18.83
2023-01-10,TSM.US,buy,83.7205,11.06,signal,0.0,0,0.0,0.0
2023-08-01,TSM.US,sell,94.9224,11.06,target_rebalance,123.8931,203,96.84540421012213,13.38
2023-01-10,AMD.US,buy,87.4557,152.9,signal,0.0,0,0.0,0.0
2023-08-02,AMD.US,sell,119.3705,152.9,target_rebalance,4879.7817,204,89.50865570302327,36.49
2023-01-10,AVGO.US,buy,61.6262,73.19,signal,0.0,0,0.0,0.0
2023-08-02,AVGO.US,sell,87.9099,73.19,target_rebalance,1923.6985,204,100.80996079353805,42.65
2023-01-10,AMAT.US,buy,110.6682,18.71,signal,0.0,0,0.0,0.0
2023-08-03,AMAT.US,sell,142.1759,18.71,target_rebalance,589.5087,205,108.82499738769211,28.47
2023-01-10,ASML.US,buy,632.02,3.33,signal,0.0,0,0.0,0.0
2023-08-03,ASML.US,sell,656.6007,3.33,target_rebalance,81.8539,205,99.06367768591716,3.89
2023-01-10,AVGO.US,buy,61.6262,48.44,signal,0.0,0,0.0,0.0
2023-08-03,AVGO.US,sell,85.4353,48.44,target_rebalance,1153.3115,205,101.80996079353807,38.63
2023-01-10,LRCX.US,buy,47.778,17.61,signal,0.0,0,0.0,0.0
2023-08-03,LRCX.US,sell,66.248,17.61,target_rebalance,325.2568,205,109.32798843162223,38.66
2023-01-10,MU.US,buy,59.1639,33.21,signal,0.0,0,0.0,0.0
2023-08-03,MU.US,sell,66.7564,33.21,target_rebalance,252.1475,205,94.00563939345398,12.83
2023-01-10,TSM.US,buy,83.8439,41.05,signal,0.0,0,0.0,0.0
2023-08-03,TSM.US,sell,90.8053,41.05,target_rebalance,285.7688,205,97.61629441524754,8.3
2023-01-10,AMD.US,buy,88.5206,94.6,signal,0.0,0,0.0,0.0
2023-08-04,AMD.US,sell,114.3655,94.6,target_rebalance,2444.9284,206,87.04690824239474,29.2
2023-01-10,MU.US,buy,59.1639,50.43,signal,0.0,0,0.0,0.0
2023-08-04,MU.US,sell,68.6632,50.43,target_rebalance,479.0492,206,95.00563939345398,16.06
2023-01-10,NVDA.US,buy,23.272,48.14,signal,0.0,0,0.0,0.0
2023-08-04,NVDA.US,sell,44.8526,48.14,target_rebalance,1038.8909,206,105.2334357310246,92.73
2023-01-10,AMD.US,buy,88.5206,31.51,signal,0.0,0,0.0,0.0
2023-08-07,AMD.US,sell,116.2436,31.51,target_rebalance,873.5526,209,88.04690824239475,31.32
2023-01-10,TSM.US,buy,83.9363,26.53,signal,0.0,0,0.0,0.0
2023-08-07,TSM.US,sell,92.615,26.53,target_rebalance,230.2446,209,98.41110791186213,10.34
2023-01-10,AMAT.US,buy,111.2053,36.37,signal,0.0,0,0.0,0.0
2023-08-08,AMAT.US,sell,144.2597,36.37,target_rebalance,1202.1896,210,110.02746873915585,29.72
2023-01-10,AVGO.US,buy,62.1529,40.35,signal,0.0,0,0.0,0.0
2023-08-08,AVGO.US,sell,85.7697,40.35,target_rebalance,952.9386,210,102.53752428815433,38.0
2023-01-10,LRCX.US,buy,47.778,21.77,signal,0.0,0,0.0,0.0
2023-08-08,LRCX.US,sell,67.6484,21.77,target_rebalance,432.5782,210,112.32798843162222,41.59
2023-01-10,NVDA.US,buy,23.3109,6.69,signal,0.0,0,0.0,0.0
2023-08-08,NVDA.US,sell,44.721,6.69,target_rebalance,143.2334,210,107.04373658202242,91.85
2023-01-10,AMAT.US,buy,111.2053,8.35,signal,0.0,0,0.0,0.0
2023-08-09,AMAT.US,sell,144.0942,8.35,target_rebalance,274.6223,211,111.02746873915584,29.57
2023-01-10,ASML.US,buy,632.366,5.02,signal,0.0,0,0.0,0.0
2023-08-09,ASML.US,sell,662.3989,5.02,target_rebalance,150.7648,211,101.7731966186647,4.75
2023-01-10,LRCX.US,buy,47.778,33.22,signal,0.0,0,0.0,0.0
2023-08-09,LRCX.US,sell,67.7612,33.22,target_rebalance,663.8424,211,113.32798843162223,41.83
2023-01-10,TSM.US,buy,83.9982,50.21,signal,0.0,0,0.0,0.0
2023-08-09,TSM.US,sell,91.7532,50.21,target_rebalance,389.3784,211,99.54280903814808,9.23
2023-01-10,AMAT.US,buy,111.2053,15.08,signal,0.0,0,0.0,0.0
2023-08-10,AMAT.US,sell,142.916,15.08,target_rebalance,478.1971,212,112.02746873915586,28.52
2023-01-10,ASML.US,buy,632.366,14.6,signal,0.0,0,0.0,0.0
2023-08-10,ASML.US,sell,670.6234,14.6,target_rebalance,558.5579,212,102.77319661866471,6.05
2023-01-10,LRCX.US,buy,47.778,36.46,signal,0.0,0,0.0,0.0
2023-08-10,LRCX.US,sell,67.2614,36.46,target_rebalance,710.3631,212,114.32798843162222,40.78
2023-01-10,MU.US,buy,59.3023,7.78,signal,0.0,0,0.0,0.0
2023-08-10,MU.US,sell,66.2525,7.78,target_rebalance,54.0732,212,97.38836712436634,11.72
2023-01-10,TSM.US,buy,83.9982,40.67,signal,0.0,0,0.0,0.0
2023-08-10,TSM.US,sell,91.3894,40.67,target_rebalance,300.5985,212,100.54280903814808,8.8
2023-01-10,AMD.US,buy,88.8992,2.28,signal,0.0,0,0.0,0.0
2023-08-11,AMD.US,sell,108.7411,2.28,target_rebalance,45.2396,213,90.66832810100271,22.32
2023-01-10,AVGO.US,buy,62.5972,1.32,signal,0.0,0,0.0,0.0
2023-08-11,AVGO.US,sell,80.3658,1.32,target_rebalance,23.4545,213,103.2702017919394,28.39
2023-01-10,NVDA.US,buy,24.0879,113.83,signal,0.0,0,0.0,0.0
2023-08-11,NVDA.US,sell,41.6281,113.83,target_rebalance,1996.6017,213,105.62342092688426,72.82
2023-01-10,TSM.US,buy,83.9982,17.2,signal,0.0,0,0.0,0.0
2023-08-11,TSM.US,sell,89.5224,17.2,target_rebalance,95.0151,213,101.54280903814808,6.58
2023-01-10,AMD.US,buy,88.8992,1.35,signal,0.0,0,0.0,0.0
2023-08-14,AMD.US,sell,106.6432,1.35,target_rebalance,23.9544,216,91.66832810100273,19.96
2023-01-10,AVGO.US,buy,62.5972,72.31,signal,0.0,0,0.0,0.0
2023-08-14,AVGO.US,sell,80.0883,72.31,target_rebalance,1264.7802,216,104.2702017919394,27.94
2023-01-10,MU.US,buy,59.3308,53.53,signal,0.0,0,0.0,0.0
2023-08-14,MU.US,sell,63.5949,53.53,target_rebalance,228.2578,216,98.82049371750125,7.19
2023-01-10,TSM.US,buy,83.9982,1.37,signal,0.0,0,0.0,0.0
2023-08-14,TSM.US,sell,87.7894,1.37,target_rebalance,5.1938,216,102.54280903814808,4.51
2023-01-10,AMD.US,buy,88.8992,46.67,signal,0.0,0,0.0,0.0
2023-08-15,AMD.US,sell,111.878,46.67,target_rebalance,1072.4194,217,92.66832810100273,25.85
2023-01-10,MU.US,buy,59.3308,83.1,signal,0.0,0,0.0,0.0
2023-08-15,MU.US,sell,66.7762,83.1,target_rebalance,618.7094,217,99.82049371750125,12.55
2023-01-10,NVDA.US,buy,24.2325,505.68,signal,0.0,0,0.0,0.0
2023-08-15,NVDA.US,sell,44.4289,505.68,target_rebalance,10212.9285,217,106.68145164138309,83.34
2023-01-10,AMAT.US,buy,111.8392,7.43,signal,0.0,0,0.0,0.0
2023-08-16,AMAT.US,sell,136.8398,7.43,target_rebalance,185.7551,218,113.21305643629198,22.35
2023-01-10,ASML.US,buy,632.7129,2.57,signal,0.0,0,0.0,0.0
2023-08-16,ASML.US,sell,638.8556,2.57,target_rebalance,15.7867,218,103.47841327427179,0.97
2023-01-10,AVGO.US,buy,62.7913,28.19,signal,0.0,0,0.0,0.0
2023-08-16,AVGO.US,sell,81.6936,28.19,target_rebalance,532.8575,218,105.21682872928956,30.1
2023-01-10,LRCX.US,buy,48.2916,30.52,signal,0.0,0,0.0,0.0
2023-08-16,LRCX.US,sell,64.1328,30.52,target_rebalance,483.4746,218,114.68061397896837,32.8
2023-01-10,NVDA.US,buy,24.2325,74.44,signal,0.0,0,0.0,0.0
2023-08-16,NVDA.US,sell,44.389,74.44,target_rebalance,1500.4526,218,107.6814516413831,83.18
2023-01-10,ASML.US,buy,632.7129,4.51,signal,0.0,0,0.0,0.0
2023-08-17,ASML.US,sell,639.0018,4.51,target_rebalance,28.3629,219,104.47841327427177,0.99
2023-01-10,TSM.US,buy,84.1105,88.4,signal,0.0,0,0.0,0.0
2023-08-17,TSM.US,sell,88.967,88.4,target_rebalance,429.318,219,103.06380815946099,5.77
2023-01-10,AMAT.US,buy,111.8392,27.15,signal,0.0,0,0.0,0.0
2023-08-18,AMAT.US,sell,133.7239,27.15,target_rebalance,594.1703,220,115.21305643629198,19.57
2023-01-10,ASML.US,buy,632.7129,5.05,signal,0.0,0,0.0,0.0
2023-08-18,ASML.US,sell,628.5554,5.05,target_rebalance,-20.9952,220,105.47841327427179,-0.66
2023-01-10,AVGO.US,buy,62.8548,16.14,signal,0.0,0,0.0,0.0
2023-08-18,AVGO.US,sell,79.0158,16.14,target_rebalance,260.8383,220,106.84155035554035,25.71
2023-01-10,LRCX.US,buy,48.3565,66.47,signal,0.0,0,0.0,0.0
2023-08-18,LRCX.US,sell,62.4961,66.47,target_rebalance,939.859,220,116.18225670723275,29.24
2023-01-10,AMAT.US,buy,111.8392,45.82,signal,0.0,0,0.0,0.0
2023-08-21,AMAT.US,sell,139.5176,45.82,target_rebalance,1268.2277,223,116.21305643629196,24.75
2023-01-10,AMD.US,buy,89.5966,33.23,signal,0.0,0,0.0,0.0
2023-08-21,AMD.US,sell,106.0938,33.23,target_rebalance,548.2031,223,92.57732860647926,18.41
2023-01-10,NVDA.US,buy,24.3785,130.01,signal,0.0,0,0.0,0.0
2023-08-21,NVDA.US,sell,44.3631,130.01,target_rebalance,2598.2006,223,109.83237704678011,81.98
2023-01-10,AMAT.US,buy,111.8392,28.82,signal,0.0,0,0.0,0.0
2023-08-22,AMAT.US,sell,146.8012,28.82,target_rebalance,1007.6057,224,117.21305643629196,31.26
2023-01-10,AVGO.US,buy,62.9525,20.26,signal,0.0,0,0.0,0.0
2023-08-22,AVGO.US,sell,84.1624,20.26,target_rebalance,429.712,224,108.24525226547205,33.69
2023-01-10,NVDA.US,buy,24.3785,307.06,signal,0.0,0,0.0,0.0
2023-08-22,NVDA.US,sell,47.9934,307.06,target_rebalance,7251.1919,224,110.83237704678011,96.87
2023-01-10,ASML.US,buy,632.8077,1.59,signal,0.0,0,0.0,0.0
2023-08-23,ASML.US,sell,651.1827,1.59,target_rebalance,29.2163,225,107.37825311428776,2.9
2023-01-10,LRCX.US,buy,48.5131,15.91,signal,0.0,0,0.0,0.0
2023-08-23,LRCX.US,sell,64.8116,15.91,target_rebalance,259.3101,225,118.08698136825954,33.6
2023-01-10,MU.US,buy,59.6158,44.71,signal,0.0,0,0.0,0.0
2023-08-23,MU.US,sell,62.8046,44.71,target_rebalance,142.5674,225,99.0147340686331,5.35
2023-01-10,TSM.US,buy,84.2171,97.15,signal,0.0,0,0.0,0.0
2023-08-23,TSM.US,sell,89.8,97.15,target_rebalance,542.3824,225,103.76997214883745,6.63
2023-01-10,AMD.US,buy,89.9693,21.16,signal,0.0,0,0.0,0.0
2023-08-24,AMD.US,sell,110.9489,21.16,target_rebalance,443.9282,226,93.57155548905641,23.32
2023-01-10,AVGO.US,buy,63.0119,66.05,signal,0.0,0,0.0,0.0
2023-08-24,AVGO.US,sell,86.9511,66.05,target_rebalance,1581.1801,226,109.90711320456288,37.99
2023-01-10,NVDA.US,buy,24.9105,361.03,signal,0.0,0,0.0,0.0
2023-08-24,NVDA.US,sell,50.0682,361.03,target_rebalance,9082.7018,226,110.0577564322271,100.99
2023-01-10,AMAT.US,buy,112.6721,29.15,signal,0.0,0,0.0,0.0
2023-08-25,AMAT.US,sell,140.1228,29.15,target_rebalance,800.188,227,117.32515535763049,24.36
2023-01-10,ASML.US,buy,633.535,0.01,signal,0.0,0,0.0,0.0
2023-08-25,ASML.US,sell,627.2495,0.01,target_rebalance,-0.0629,227,106.68041881272963,-0.99
2023-01-10,AVGO.US,buy,63.0119,10.57,signal,0.0,0,0.0,0.0
2023-08-25,AVGO.US,sell,82.583,10.57,target_rebalance,206.8667,227,110.90711320456288,31.06
2023-01-10,LRCX.US,buy,48.5886,26.22,signal,0.0,0,0.0,0.0
2023-08-25,LRCX.US,sell,64.0647,26.22,target_rebalance,405.7841,227,119.60812637084447,31.85
2023-01-10,MU.US,buy,59.6164,60.77,signal,0.0,0,0.0,0.0
2023-08-25,MU.US,sell,62.6959,60.77,target_rebalance,187.1409,227,101.00534414038646,5.17
2023-01-10,TSM.US,buy,84.3083,26.89,signal,0.0,0,0.0,0.0
2023-08-25,TSM.US,sell,88.3255,26.89,target_rebalance,108.023,227,104.63092726244979,4.76
2023-01-10,AMD.US,buy,90.383,23.22,signal,0.0,0,0.0,0.0
2023-08-28,AMD.US,sell,103.3665,23.22,target_rebalance,301.4784,230,92.11047153821673,14.37
2023-01-10,ASML.US,buy,633.535,3.8,signal,0.0,0,0.0,0.0
2023-08-28,ASML.US,sell,640.288,3.8,target_rebalance,25.6613,230,107.68041881272963,1.07
2023-01-10,LRCX.US,buy,48.5886,14.99,signal,0.0,0,0.0,0.0
2023-08-28,LRCX.US,sell,65.1345,14.99,target_rebalance,248.0227,230,120.60812637084447,34.05
2023-01-10,MU.US,buy,59.6164,118.97,signal,0.0,0,0.0,0.0
2023-08-28,MU.US,sell,64.9287,118.97,target_rebalance,632.0023,230,102.00534414038646,8.91
2023-01-10,TSM.US,buy,84.3083,12.14,signal,0.0,0,0.0,0.0
2023-08-28,TSM.US,sell,89.8287,12.14,target_rebalance,67.0178,230,105.63092726244979,6.55
2023-01-10,AVGO.US,buy,63.2583,26.79,signal,0.0,0,0.0,0.0
2023-08-29,AVGO.US,sell,82.716,26.79,target_rebalance,521.2714,231,111.50573574757107,30.76
2023-01-10,NVDA.US,buy,25.6591,60.12,signal,0.0,0,0.0,0.0
2023-08-29,NVDA.US,sell,46.5287,60.12,target_rebalance,1254.6784,231,109.19717088876058,81.33
2023-01-10,TSM.US,buy,84.3083,21.14,signal,0.0,0,0.0,0.0
2023-08-29,TSM.US,sell,89.7808,21.14,target_rebalance,115.6894,231,106.63092726244979,6.49
2023-01-10,AMAT.US,buy,112.7891,4.84,signal,0.0,0,0.0,0.0
2023-08-30,AMAT.US,sell,145.5876,4.84,target_rebalance,158.7446,232,119.82629696021591,29.08
2023-01-10,AVGO.US,buy,63.2583,27.53,signal,0.0,0,0.0,0.0
2023-08-30,AVGO.US,sell,85.9913,27.53,target_rebalance,625.839,232,112.50573574757107,35.94
2023-01-10,MU.US,buy,59.6384,1.09,signal,0.0,0,0.0,0.0
2023-08-30,MU.US,sell,66.381,1.09,target_rebalance,7.3494,232,103.5163082600301,11.31
2023-01-10,NVDA.US,buy,25.6591,131.97,signal,0.0,0,0.0,0.0
2023-08-30,NVDA.US,sell,48.8997,131.97,target_rebalance,3067.0576,232,110.1971708887606,90.57
2023-01-10,AMAT.US,buy,112.7891,5.01,signal,0.0,0,0.0,0.0
2023-08-31,AMAT.US,sell,145.8022,5.01,target_rebalance,165.3958,233,120.82629696021591,29.27
2023-01-10,AMD.US,buy,90.4587,20.92,signal,0.0,0,0.0,0.0
2023-08-31,AMD.US,sell,106.0838,20.92,target_rebalance,326.8783,233,94.53386727326253,17.27
2023-01-10,AVGO.US,buy,63.2583,29.14,signal,0.0,0,0.0,0.0
2023-08-31,AVGO.US,sell,86.5329,29.14,target_rebalance,678.2204,233,113.50573574757108,36.79
2023-01-10,MU.US,buy,59.6384,66.95,signal,0.0,0,0.0,0.0
2023-08-31,MU.US,sell,67.1516,66.95,target_rebalance,503.0092,233,104.5163082600301,12.6
2023-01-10,NVDA.US,buy,25.6591,55.41,signal,0.0,0,0.0,0.0
2023-08-31,NVDA.US,sell,49.2347,55.41,target_rebalance,1306.3232,233,111.19717088876058,91.88
2023-01-10,AMAT.US,buy,112.7891,35.09,signal,0.0,0,0.0,0.0
2023-09-01,AMAT.US,sell,150.7693,35.09,target_rebalance,1332.7261,234,121.82629696021591,33.67
2023-01-10,LRCX.US,buy,48.7279,108.46,signal,0.0,0,0.0,0.0
2023-09-01,LRCX.US,sell,68.9778,108.46,target_rebalance,2196.3021,234,123.62275315919742,41.56
2023-01-10,MU.US,buy,59.6384,70.32,signal,0.0,0,0.0,0.0
2023-09-01,MU.US,sell,69.3646,70.32,target_rebalance,683.9492,234,105.5163082600301,16.31
2023-01-10,AMAT.US,buy,112.7891,20.72,signal,0.0,0,0.0,0.0
2023-09-05,AMAT.US,sell,150.2521,20.72,target_rebalance,776.2345,238,122.82629696021591,33.22
2023-01-10,AMD.US,buy,90.6248,98.45,signal,0.0,0,0.0,0.0
2023-09-05,AMD.US,sell,108.891,98.45,target_rebalance,1798.3117,238,95.58071965132748,20.16
2023-01-10,MU.US,buy,59.6384,40.45,signal,0.0,0,0.0,0.0
2023-09-05,MU.US,sell,69.0682,40.45,target_rebalance,381.4368,238,106.51630826003012,15.81
2023-01-10,TSM.US,buy,84.5672,0.53,signal,0.0,0,0.0,0.0
2023-09-05,TSM.US,sell,89.4266,0.53,target_rebalance,2.5755,238,105.95949713294618,5.75
2023-01-10,AMD.US,buy,90.6248,37.79,signal,0.0,0,0.0,0.0
2023-09-06,AMD.US,sell,110.4494,37.79,target_rebalance,749.1747,239,96.5807196513275,21.88
2023-01-10,TSM.US,buy,84.5672,6.91,signal,0.0,0,0.0,0.0
2023-09-06,TSM.US,sell,89.8575,6.91,target_rebalance,36.5557,239,106.9594971329462,6.26
2023-01-10,AMAT.US,buy,113.005,9.31,signal,0.0,0,0.0,0.0
2023-09-07,AMAT.US,sell,145.6168,9.31,target_rebalance,303.616,240,124.10486838597495,28.86
2023-01-10,AVGO.US,buy,64.0736,69.17,signal,0.0,0,0.0,0.0
2023-09-07,AVGO.US,sell,82.822,69.17,target_rebalance,1296.8292,240,113.19400025151175,29.26
2023-01-10,LRCX.US,buy,48.8559,38.1,signal,0.0,0,0.0,0.0
2023-09-07,LRCX.US,sell,66.2276,38.1,target_rebalance,661.8613,240,125.78926591690526,35.56
2023-01-10,MU.US,buy,59.6384,121.17,signal,0.0,0,0.0,0.0
2023-09-07,MU.US,sell,68.6138,121.17,target_rebalance,1087.5476,240,108.5163082600301,15.05
2023-01-10,AMD.US,buy,90.7249,26.12,signal,0.0,0,0.0,0.0
2023-09-08,AMD.US,sell,106.913,26.12,target_rebalance,422.8333,241,97.95533383627294,17.84
2023-01-10,MU.US,buy,59.6384,31.71,signal,0.0,0,0.0,0.0
2023-09-08,MU.US,sell,68.9299,31.71,target_rebalance,294.6345,241,109.5163082600301,15.58
2023-01-10,NVDA.US,buy,26.8653,67.84,signal,0.0,0,0.0,0.0
2023-09-08,NVDA.US,sell,45.8106,67.84,target_rebalance,1285.2503,241,109.78304024767505,70.52
2023-01-10,TSM.US,buy,84.5796,29.04,signal,0.0,0,0.0,0.0
2023-09-08,TSM.US,sell,86.8893,29.04,target_rebalance,67.0752,241,108.23408083256341,2.73
2023-01-10,AMAT.US,buy,113.2149,17.63,signal,0.0,0,0.0,0.0
2023-09-11,AMAT.US,sell,146.378,17.63,target_rebalance,584.6655,244,125.26964797254755,29.29
2023-01-10,AVGO.US,buy,64.1076,33.73,signal,0.0,0,0.0,0.0
2023-09-11,AVGO.US,sell,83.7153,33.73,target_rebalance,661.3664,244,114.98366809788557,30.59
2023-01-10,MU.US,buy,59.6384,46.16,signal,0.0,0,0.0,0.0
2023-09-11,MU.US,sell,69.9771,46.16,target_rebalance,477.2374,244,110.51630826003012,17.34
2023-01-10,AVGO.US,buy,64.1076,0.39,signal,0.0,0,0.0,0.0
2023-09-12,AVGO.US,sell,81.9297,0.39,target_rebalance,6.9506,245,115.98366809788556,27.8
2023-01-10,MU.US,buy,59.6384,48.27,signal,0.0,0,0.0,0.0
2023-09-12,MU.US,sell,69.1176,48.27,target_rebalance,457.5635,245,111.5163082600301,15.89
2023-01-10,TSM.US,buy,84.6008,98.72,signal,0.0,0,0.0,0.0
2023-09-12,TSM.US,sell,86.6117,98.72,target_rebalance,198.5142,245,108.98909263372123,2.38
2023-01-10,AMD.US,buy,90.8556,15.32,signal,0.0,0,0.0,0.0
2023-09-13,AMD.US,sell,104.9949,15.32,target_rebalance,216.6142,246,100.02826183396604,15.56
2023-01-10,ASML.US,buy,633.032,0.82,signal,0.0,0,0.0,0.0
2023-09-13,ASML.US,sell,598.6878,0.82,target_rebalance,-28.1623,246,112.17066124049899,-5.43
2023-01-10,LRCX.US,buy,49.1535,5.25,signal,0.0,0,0.0,0.0
2023-09-13,LRCX.US,sell,64.1364,5.25,target_rebalance,78.6603,246,127.46624453832177,30.48
2023-01-10,MU.US,buy,59.6384,68.54,signal,0.0,0,0.0,0.0
2023-09-13,MU.US,sell,70.1945,68.54,target_rebalance,723.5163,246,112.5163082600301,17.7
2023-01-10,AMD.US,buy,90.8556,41.54,signal,0.0,0,0.0,0.0
2023-09-14,AMD.US,sell,108.3216,41.54,target_rebalance,725.5368,247,101.02826183396606,19.22
2023-01-10,NVDA.US,buy,27.1195,71.05,signal,0.0,0,0.0,0.0
2023-09-14,NVDA.US,sell,45.8186,71.05,target_rebalance,1328.5716,247,112.18016116595248,68.95
2023-01-10,TSM.US,buy,84.6008,38.76,signal,0.0,0,0.0,0.0
2023-09-14,TSM.US,sell,89.294,38.76,target_rebalance,181.91,247,110.98909263372123,5.55
2023-01-10,AVGO.US,buy,64.268,119.57,signal,0.0,0,0.0,0.0
2023-09-15,AVGO.US,sell,83.6565,119.57,target_rebalance,2318.2786,248,117.95601232352541,30.17
2023-01-10,MU.US,buy,59.7314,59.6,signal,0.0,0,0.0,0.0
2023-09-15,MU.US,sell,70.4316,59.6,target_rebalance,637.7344,248,113.58301890705722,17.91
2023-01-10,NVDA.US,buy,27.1195,44.69,signal,0.0,0,0.0,0.0
2023-09-15,NVDA.US,sell,45.2113,44.69,target_rebalance,808.5248,248,113.18016116595248,66.71
2023-01-10,AMAT.US,buy,114.291,21.84,signal,0.0,0,0.0,0.0
2023-09-18,AMAT.US,sell,134.5506,21.84,target_rebalance,442.47,251,125.06962191914857,17.73
2023-01-10,ASML.US,buy,632.3817,3.33,signal,0.0,0,0.0,0.0
2023-09-18,ASML.US,sell,573.1662,3.33,target_rebalance,-197.1877,251,113.221264842801,-9.36
2023-01-10,AVGO.US,buy,64.268,7.85,signal,0.0,0,0.0,0.0
2023-09-18,AVGO.US,sell,81.1916,7.85,target_rebalance,132.8501,251,118.95601232352541,26.33
2023-01-10,MU.US,buy,59.7314,114.29,signal,0.0,0,0.0,0.0
2023-09-18,MU.US,sell,69.7993,114.29,target_rebalance,1150.6651,251,114.58301890705722,16.86
2023-01-10,TSM.US,buy,84.611,31.64,signal,0.0,0,0.0,0.0
2023-09-18,TSM.US,sell,85.2134,31.64,target_rebalance,19.0589,251,112.56372780142503,0.71
2023-01-10,AMAT.US,buy,114.291,6.17,signal,0.0,0,0.0,0.0
2023-09-19,AMAT.US,sell,136.3365,6.17,target_rebalance,136.0204,252,126.06962191914859,19.29
2023-01-10,ASML.US,buy,632.3817,1.5,signal,0.0,0,0.0,0.0
2023-09-19,ASML.US,sell,580.8256,1.5,target_rebalance,-77.3342,252,114.221264842801,-8.15
2023-01-10,LRCX.US,buy,49.4636,61.98,signal,0.0,0,0.0,0.0
2023-09-19,LRCX.US,sell,62.0041,61.98,target_rebalance,777.2594,252,128.42260092510813,25.35
2023-01-10,NVDA.US,buy,27.5066,99.11,signal,0.0,0,0.0,0.0
2023-09-19,NVDA.US,sell,43.7076,99.11,target_rebalance,1605.6818,252,112.34484100463123,58.9
2023-01-10,AMD.US,buy,91.0782,15.41,signal,0.0,0,0.0,0.0
2023-09-20,AMD.US,sell,102.2576,15.41,target_rebalance,172.2749,253,102.81904515409377,12.27
2023-01-10,AVGO.US,buy,64.3506,37.01,signal,0.0,0,0.0,0.0
2023-09-20,AVGO.US,sell,82.3517,37.01,target_rebalance,666.2195,253,120.38709140397978,27.97
2023-01-10,MU.US,buy,59.8247,15.87,signal,0.0,0,0.0,0.0
2023-09-20,MU.US,sell,70.0957,15.87,target_rebalance,162.9997,253,115.52261789905639,17.17
2023-01-10,AMAT.US,buy,114.3832,12.71,signal,0.0,0,0.0,0.0
2023-09-21,AMAT.US,sell,131.7597,12.71,target_rebalance,220.8554,254,127.52188895772277,15.19
2023-01-10,ASML.US,buy,632.3817,11.64,signal,0.0,0,0.0,0.0
2023-09-21,ASML.US,sell,572.0067,11.64,target_rebalance,-702.766,254,116.22126484280102,-9.55
2023-01-10,LRCX.US,buy,49.5864,24.87,signal,0.0,0,0.0,0.0
2023-09-21,LRCX.US,sell,59.5255,24.87,target_rebalance,247.1853,254,129.0836191969257,20.04
2023-01-10,MU.US,buy,59.8247,31.82,signal,0.0,0,0.0,0.0
2023-09-21,MU.US,sell,68.1692,31.82,target_rebalance,265.5202,254,116.52261789905639,13.95
2023-01-10,TSM.US,buy,84.6177,21.05,signal,0.0,0,0.0,0.0
2023-09-21,TSM.US,sell,82.8073,21.05,target_rebalance,-38.109,254,114.45515192360631,-2.14
2023-01-10,AMAT.US,buy,114.3832,23.9,signal,0.0,0,0.0,0.0
2023-09-22,AMAT.US,sell,133.6821,23.9,target_rebalance,461.244,255,128.52188895772275,16.87
2023-01-10,ASML.US,buy,632.3817,3.85,signal,0.0,0,0.0,0.0
2023-09-22,ASML.US,sell,578.7208,3.85,target_rebalance,-206.5946,255,117.22126484280099,-8.49
2023-01-10,AVGO.US,buy,64.7362,56.42,signal,0.0,0,0.0,0.0
2023-09-22,AVGO.US,sell,78.5974,56.42,target_rebalance,782.0485,255,118.74144976329356,21.41
2023-01-10,LRCX.US,buy,49.5864,60.42,signal,0.0,0,0.0,0.0
2023-09-22,LRCX.US,sell,60.4746,60.42,target_rebalance,657.8657,255,130.0836191969257,21.96
2023-01-10,AVGO.US,buy,64.7362,106.7,signal,0.0,0,0.0,0.0
2023-09-25,AVGO.US,sell,80.2212,106.7,target_rebalance,1652.2479,258,119.74144976329356,23.92
2023-01-10,NVDA.US,buy,27.8088,24.07,signal,0.0,0,0.0,0.0
2023-09-25,NVDA.US,sell,41.472,24.07,target_rebalance,328.8752,258,113.92658782353915,49.13
2023-01-10,AMD.US,buy,91.245,18.64,signal,0.0,0,0.0,0.0
2023-09-26,AMD.US,sell,96.4035,18.64,target_rebalance,96.1549,259,103.80986251765475,5.65
2023-01-10,AVGO.US,buy,64.7362,12.63,signal,0.0,0,0.0,0.0
2023-09-26,AVGO.US,sell,80.3345,12.63,target_rebalance,197.007,259,120.74144976329356,24.1
2023-01-10,NVDA.US,buy,27.8088,92.58,signal,0.0,0,0.0,0.0
2023-09-26,NVDA.US,sell,41.8809,92.58,target_rebalance,1302.7953,259,114.92658782353914,50.6
2023-01-10,AMD.US,buy,91.245,9.91,signal,0.0,0,0.0,0.0
2023-09-27,AMD.US,sell,96.7232,9.91,target_rebalance,54.289,260,104.80986251765476,6.0
2023-01-10,ASML.US,buy,630.9563,0.18,signal,0.0,0,0.0,0.0
2023-09-27,ASML.US,sell,563.2461,0.18,target_rebalance,-12.1878,260,117.65932569356066,-10.73
2023-01-10,NVDA.US,buy,27.8088,58.92,signal,0.0,0,0.0,0.0
2023-09-27,NVDA.US,sell,42.2089,58.92,target_rebalance,848.4574,260,115.92658782353915,51.78
2023-01-10,TSM.US,buy,84.5945,0.42,signal,0.0,0,0.0,0.0
2023-09-27,TSM.US,sell,81.97,0.42,target_rebalance,-1.1023,260,117.31235609857687,-3.1
2023-01-10,AMD.US,buy,91.245,57.58,signal,0.0,0,0.0,0.0
2023-09-28,AMD.US,sell,97.8421,57.58,target_rebalance,379.8602,261,105.80986251765475,7.23
2023-01-10,AVGO.US,buy,64.8909,17.81,signal,0.0,0,0.0,0.0
2023-09-28,AVGO.US,sell,79.4626,17.81,target_rebalance,259.5211,261,121.468458759708,22.46
2023-01-10,LRCX.US,buy,49.6416,7.99,signal,0.0,0,0.0,0.0
2023-09-28,LRCX.US,sell,59.5967,7.99,target_rebalance,79.5413,261,133.3756447495727,20.05
2023-01-10,NVDA.US,buy,27.8088,65.11,signal,0.0,0,0.0,0.0
2023-09-28,NVDA.US,sell,42.3386,65.11,target_rebalance,946.0346,261,116.92658782353917,52.25
2023-01-10,TSM.US,buy,84.5945,24.79,signal,0.0,0,0.0,0.0
2023-09-28,TSM.US,sell,82.047,24.79,target_rebalance,-63.1539,261,118.31235609857687,-3.01
2023-01-10,AMAT.US,buy,114.481,7.64,signal,0.0,0,0.0,0.0
2023-09-29,AMAT.US,sell,136.8342,7.64,target_rebalance,170.7781,262,132.81339693116036,19.53
2023-01-10,AMD.US,buy,91.245,102.62,signal,0.0,0,0.0,0.0
2023-09-29,AMD.US,sell,104.5853,102.62,target_rebalance,1368.9853,262,106.80986251765475,14.62
2023-01-10,ASML.US,buy,629.9097,12.21,signal,0.0,0,0.0,0.0
2023-09-29,ASML.US,sell,585.1036,12.21,target_rebalance,-547.0834,262,118.06876508500221,-7.11
2023-01-10,LRCX.US,buy,49.6416,25.58,signal,0.0,0,0.0,0.0
2023-09-29,LRCX.US,sell,62.087,25.58,target_rebalance,318.3537,262,134.3756447495727,25.07
2023-01-10,MU.US,buy,60.224,174.0,signal,0.0,0,0.0,0.0
2023-10-02,MU.US,sell,67.4183,174.0,target_rebalance,1251.8109,265,115.55430843319718,11.95
2023-01-10,NVDA.US,buy,27.8521,78.94,signal,0.0,0,0.0,0.0
2023-10-02,NVDA.US,sell,43.9041,78.94,target_rebalance,1267.1419,265,118.60683258815796,57.63
2023-01-10,LRCX.US,buy,49.7035,26.6,signal,0.0,0,0.0,0.0
2023-10-03,LRCX.US,sell,61.4608,26.6,target_rebalance,312.7432,266,135.657241223085,23.65
2023-01-10,NVDA.US,buy,27.8521,154.34,signal,0.0,0,0.0,0.0
2023-10-03,NVDA.US,sell,44.6798,154.34,target_rebalance,2597.1944,266,119.60683258815794,60.42
2023-01-10,ASML.US,buy,627.9198,11.89,signal,0.0,0,0.0,0.0
2023-10-04,ASML.US,sell,569.2587,11.89,target_rebalance,-697.4799,267,117.32578566293274,-9.34
2023-01-10,MU.US,buy,60.2963,105.1,signal,0.0,0,0.0,0.0
2023-10-04,MU.US,sell,67.4875,105.1,target_rebalance,755.7933,267,116.21075388671518,11.93
2023-01-10,AMAT.US,buy,114.5213,4.1,signal,0.0,0,0.0,0.0
2023-10-05,AMAT.US,sell,136.0827,4.1,target_rebalance,88.4016,268,136.54465606764626,18.83
2023-01-10,AMD.US,buy,91.4789,51.15,signal,0.0,0,0.0,0.0
2023-10-05,AMD.US,sell,103.3066,51.15,target_rebalance,604.9885,268,108.42307273476744,12.93
2023-01-10,LRCX.US,buy,49.7204,9.47,signal,0.0,0,0.0,0.0
2023-10-05,LRCX.US,sell,61.7437,9.47,target_rebalance,113.8605,268,137.45373225490516,24.18
2023-01-10,TSM.US,buy,84.5704,15.92,signal,0.0,0,0.0,0.0
2023-10-05,TSM.US,sell,83.5676,15.92,target_rebalance,-15.9647,268,121.29911623801625,-1.19
2023-01-10,ASML.US,buy,627.4132,0.5,signal,0.0,0,0.0,0.0
2023-10-06,ASML.US,sell,568.8883,0.5,target_rebalance,-29.2625,269,118.29197460222719,-9.33
2023-01-10,MU.US,buy,60.3236,19.34,signal,0.0,0,0.0,0.0
2023-10-06,MU.US,sell,67.9959,19.34,target_rebalance,148.3828,269,117.79128788151417,12.72
2023-01-10,NVDA.US,buy,28.1586,30.78,signal,0.0,0,0.0,0.0
2023-10-06,NVDA.US,sell,44.0666,30.78,target_rebalance,489.6491,269,120.27904214214861,56.49
2023-01-10,TSM.US,buy,84.5704,70.42,signal,0.0,0,0.0,0.0
2023-10-06,TSM.US,sell,84.7802,70.42,target_rebalance,14.7763,269,122.29911623801627,0.25
2023-01-10,AMD.US,buy,91.5594,69.19,signal,0.0,0,0.0,0.0
2023-10-09,AMD.US,sell,105.904,69.19,target_rebalance,992.5016,272,109.6056927656817,15.67
2023-01-10,AVGO.US,buy,65.3413,46.9,signal,0.0,0,0.0,0.0
2023-10-09,AVGO.US,sell,81.4284,46.9,target_rebalance,754.4852,272,124.87595413398726,24.62
2023-01-10,NVDA.US,buy,28.1586,1.59,signal,0.0,0,0.0,0.0
2023-10-09,NVDA.US,sell,44.7137,1.59,target_rebalance,26.3227,272,121.27904214214863,58.79
2023-01-10,AMD.US,buy,91.5594,5.2,signal,0.0,0,0.0,0.0
2023-10-10,AMD.US,sell,107.3825,5.2,target_rebalance,82.2801,273,110.60569276568171,17.28
2023-01-10,ASML.US,buy,627.1036,4.16,signal,0.0,0,0.0,0.0
2023-10-10,ASML.US,sell,584.86,4.16,target_rebalance,-175.7336,273,119.60317917236875,-6.74
2023-01-10,AVGO.US,buy,65.3413,31.7,signal,0.0,0,0.0,0.0
2023-10-10,AVGO.US,sell,83.0454,31.7,target_rebalance,561.2213,273,125.87595413398726,27.09
2023-01-10,LRCX.US,buy,50.028,29.94,signal,0.0,0,0.0,0.0
2023-10-10,LRCX.US,sell,61.7905,29.94,target_rebalance,352.1702,273,136.5586601529022,23.51
2023-01-10,AMD.US,buy,91.5594,13.83,signal,0.0,0,0.0,0.0
2023-10-11,AMD.US,sell,109.0309,13.83,target_rebalance,241.6301,274,111.60569276568168,19.08
2023-01-10,LRCX.US,buy,50.028,4.03,signal,0.0,0,0.0,0.0
2023-10-11,LRCX.US,sell,62.5211,4.03,target_rebalance,50.3474,274,137.5586601529022,24.97
2023-01-10,NVDA.US,buy,28.1586,50.15,signal,0.0,0,0.0,0.0
2023-10-11,NVDA.US,sell,46.0639,50.15,target_rebalance,897.9506,274,123.27904214214863,63.59
2023-01-10,TSM.US,buy,84.5856,37.04,signal,0.0,0,0.0,0.0
2023-10-11,TSM.US,sell,87.8311,37.04,target_rebalance,120.2146,274,123.89816440502605,3.84
2023-01-10,ASML.US,buy,626.821,1.84,signal,0.0,0,0.0,0.0
2023-10-12,ASML.US,sell,594.0785,1.84,target_rebalance,-60.2463,275,120.74969245753176,-5.22
2023-01-10,AVGO.US,buy,65.451,36.89,signal,0.0,0,0.0,0.0
2023-10-12,AVGO.US,sell,84.9134,36.89,target_rebalance,717.9679,275,127.10786619046984,29.74
2023-01-10,NVDA.US,buy,28.1586,29.83,signal,0.0,0,0.0,0.0
2023-10-12,NVDA.US,sell,46.6432,29.83,target_rebalance,551.3967,275,124.27904214214861,65.64
2023-01-10,TSM.US,buy,84.5856,20.16,signal,0.0,0,0.0,0.0
2023-10-12,TSM.US,sell,89.0342,20.16,target_rebalance,89.6832,275,124.89816440502608,5.26
2023-01-10,AMAT.US,buy,114.8958,37.07,signal,0.0,0,0.0,0.0
2023-10-13,AMAT.US,sell,143.4992,37.07,target_rebalance,1060.3295,276,140.2501581386562,24.9
2023-01-10,AVGO.US,buy,65.451,105.34,signal,0.0,0,0.0,0.0
2023-10-13,AVGO.US,sell,88.0689,105.34,target_rebalance,2382.5753,276,128.10786619046982,34.56
2023-01-10,LRCX.US,buy,50.028,60.58,signal,0.0,0,0.0,0.0
2023-10-13,LRCX.US,sell,64.4769,60.58,target_rebalance,875.3152,276,139.5586601529022,28.88
2023-01-10,ASML.US,buy,626.6195,3.69,signal,0.0,0,0.0,0.0
2023-10-16,ASML.US,sell,585.698,3.69,target_rebalance,-151.0005,279,121.92890356949324,-6.53
2023-01-10,AVGO.US,buy,65.451,20.69,signal,0.0,0,0.0,0.0
2023-10-16,AVGO.US,sell,86.3221,20.69,target_rebalance,431.8232,279,129.10786619046985,31.89
2023-01-10,LRCX.US,buy,50.028,27.65,signal,0.0,0,0.0,0.0
2023-10-16,LRCX.US,sell,63.1912,27.65,target_rebalance,363.9642,279,140.5586601529022,26.31
2023-01-10,MU.US,buy,60.6621,56.03,signal,0.0,0,0.0,0.0
2023-10-16,MU.US,sell,68.2928,56.03,target_rebalance,427.5484,279,119.12306590518182,12.58
2023-01-10,AVGO.US,buy,65.451,34.45,signal,0.0,0,0.0,0.0
2023-10-17,AVGO.US,sell,85.7582,34.45,target_rebalance,699.5849,280,130.10786619046982,31.03
2023-01-10,MU.US,buy,60.6621,6.14,signal,0.0,0,0.0,0.0
2023-10-17,MU.US,sell,67.3626,6.14,target_rebalance,41.1409,280,120.12306590518182,11.05
2023-01-10,TSM.US,buy,84.6193,23.27,signal,0.0,0,0.0,0.0
2023-10-17,TSM.US,sell,86.4356,23.27,target_rebalance,42.2655,280,127.02446747709897,2.15
2023-01-10,AMAT.US,buy,115.2033,28.57,signal,0.0,0,0.0,0.0
2023-10-18,AMAT.US,sell,136.5219,28.57,target_rebalance,609.0716,281,141.35621881779267,18.51
2023-01-10,AMD.US,buy,92.0488,13.61,signal,0.0,0,0.0,0.0
2023-10-18,AMD.US,sell,103.2766,13.61,target_rebalance,152.8111,281,113.1387084459255,12.2
2023-01-10,AVGO.US,buy,65.451,6.83,signal,0.0,0,0.0,0.0
2023-10-18,AVGO.US,sell,85.2544,6.83,target_rebalance,135.2575,281,131.10786619046985,30.26
2023-01-10,LRCX.US,buy,50.028,40.48,signal,0.0,0,0.0,0.0
2023-10-18,LRCX.US,sell,62.2333,40.48,target_rebalance,494.0741,281,142.5586601529022,24.4
2023-01-10,MU.US,buy,60.6621,34.84,signal,0.0,0,0.0,0.0
2023-10-18,MU.US,sell,67.3032,34.84,target_rebalance,231.3761,281,121.1230659051818,10.95
2023-01-10,AMAT.US,buy,115.2033,13.96,signal,0.0,0,0.0,0.0
2023-10-19,AMAT.US,sell,139.3908,13.96,target_rebalance,337.658,282,142.3562188177927,21.0
2023-01-10,ASML.US,buy,626.1462,8.72,signal,0.0,0,0.0,0.0
2023-10-19,ASML.US,sell,585.1134,8.72,target_rebalance,-357.8062,282,123.92458429401873,-6.55
2023-01-10,MU.US,buy,60.6621,46.21,signal,0.0,0,0.0,0.0
2023-10-19,MU.US,sell,68.9558,46.21,target_rebalance,383.2536,282,122.12306590518182,13.67
2023-01-10,TSM.US,buy,84.6203,116.61,signal,0.0,0,0.0,0.0
2023-10-19,TSM.US,sell,89.5924,116.61,target_rebalance,579.7993,282,128.91455722173643,5.88
2023-01-10,AMD.US,buy,92.1573,30.88,signal,0.0,0,0.0,0.0
2023-10-20,AMD.US,sell,102.1777,30.88,target_rebalance,309.43,283,114.09446621923551,10.87
2023-01-10,ASML.US,buy,626.1462,3.99,signal,0.0,0,0.0,0.0
2023-10-20,ASML.US,sell,573.9167,3.99,target_rebalance,-208.3958,283,124.92458429401874,-8.34
2023-01-10,AVGO.US,buy,65.561,41.72,signal,0.0,0,0.0,0.0
2023-10-20,AVGO.US,sell,84.7651,41.72,target_rebalance,801.1958,283,132.4042363235027,29.29
2023-01-10,NVDA.US,buy,29.1543,17.94,signal,0.0,0,0.0,0.0
2023-10-20,NVDA.US,sell,41.7702,17.94,target_rebalance,226.3296,283,122.12509397972758,43.27
2023-01-10,TSM.US,buy,84.6203,55.73,signal,0.0,0,0.0,0.0
2023-10-20,TSM.US,sell,88.5433,55.73,target_rebalance,218.6326,283,129.91455722173643,4.64
2023-01-10,AMAT.US,buy,115.7193,9.45,signal,0.0,0,0.0,0.0
2023-10-23,AMAT.US,sell,129.9836,9.45,target_rebalance,134.7983,286,139.826884908373,12.33
2023-01-10,AMD.US,buy,92.1573,3.3,signal,0.0,0,0.0,0.0
2023-10-23,AMD.US,sell,100.7092,3.3,target_rebalance,28.2212,286,115.0944662192355,9.28
2023-01-10,LRCX.US,buy,50.4713,6.57,signal,0.0,0,0.0,0.0
2023-10-23,LRCX.US,sell,58.1657,6.57,target_rebalance,50.5522,286,139.54633426554358,15.25
2023-01-10,MU.US,buy,60.681,12.6,signal,0.0,0,0.0,0.0
2023-10-23,MU.US,sell,66.1256,12.6,target_rebalance,68.6016,286,123.75555140684719,8.97
2023-01-10,AMAT.US,buy,115.7193,0.54,signal,0.0,0,0.0,0.0
2023-10-24,AMAT.US,sell,132.0622,0.54,target_rebalance,8.8252,287,140.826884908373,14.12
2023-01-10,ASML.US,buy,626.023,2.78,signal,0.0,0,0.0,0.0
2023-10-24,ASML.US,sell,575.5441,2.78,target_rebalance,-140.3314,287,126.67497330397474,-8.06
2023-01-10,NVDA.US,buy,29.1543,227.08,signal,0.0,0,0.0,0.0
2023-10-24,NVDA.US,sell,42.9538,227.08,target_rebalance,3133.596,287,124.12509397972757,47.33
2023-01-10,ASML.US,buy,626.023,6.06,signal,0.0,0,0.0,0.0
2023-10-25,ASML.US,sell,582.1996,6.06,target_rebalance,-265.5698,288,127.67497330397477,-7.0
2023-01-10,AVGO.US,buy,65.7555,47.77,signal,0.0,0,0.0,0.0
2023-10-25,AVGO.US,sell,84.9754,47.77,target_rebalance,918.1335,288,133.97024569722763,29.23
2023-01-10,MU.US,buy,60.721,73.71,signal,0.0,0,0.0,0.0
2023-10-25,MU.US,sell,67.7782,73.71,target_rebalance,520.1844,288,124.92894084235166,11.62
2023-01-10,NVDA.US,buy,29.1543,48.55,signal,0.0,0,0.0,0.0
2023-10-25,NVDA.US,sell,43.2739,48.55,target_rebalance,685.5069,288,125.12509397972757,48.43
2023-01-10,AMAT.US,buy,115.9511,27.94,signal,0.0,0,0.0,0.0
2023-10-26,AMAT.US,sell,127.9441,27.94,target_rebalance,335.0847,289,140.54313396206317,10.34
2023-01-10,ASML.US,buy,626.023,11.85,signal,0.0,0,0.0,0.0
2023-10-26,ASML.US,sell,577.9607,11.85,target_rebalance,-569.5388,289,128.67497330397475,-7.68
2023-01-10,LRCX.US,buy,50.5835,74.31,signal,0.0,0,0.0,0.0
2023-10-26,LRCX.US,sell,57.4634,74.31,target_rebalance,511.2451,289,140.52312324092884,13.6
2023-01-10,AMAT.US,buy,115.9511,23.64,signal,0.0,0,0.0,0.0
2023-10-27,AMAT.US,sell,128.1003,23.64,target_rebalance,287.2061,290,141.54313396206317,10.48
2023-01-10,AMD.US,buy,92.3869,13.31,signal,0.0,0,0.0,0.0
2023-10-27,AMD.US,sell,95.7042,13.31,target_rebalance,44.1528,290,114.87085634575024,3.59
2023-01-10,ASML.US,buy,626.023,6.25,signal,0.0,0,0.0,0.0
2023-10-27,ASML.US,sell,579.6856,6.25,target_rebalance,-289.609,290,129.67497330397472,-7.4
2023-01-10,TSM.US,buy,84.6457,42.33,signal,0.0,0,0.0,0.0
2023-10-27,TSM.US,sell,84.2509,42.33,target_rebalance,-16.7114,290,131.40470929878845,-0.47
2023-01-10,AMAT.US,buy,115.9511,2.79,signal,0.0,0,0.0,0.0
2023-10-30,AMAT.US,sell,128.7736,2.79,target_rebalance,35.7748,293,142.54313396206317,11.06
2023-01-10,AVGO.US,buy,66.0279,29.48,signal,0.0,0,0.0,0.0
2023-10-30,AVGO.US,sell,81.4904,29.48,target_rebalance,455.8335,293,134.5450191618817,23.42
2023-01-10,MU.US,buy,60.7818,81.46,signal,0.0,0,0.0,0.0
2023-10-30,MU.US,sell,65.6703,81.46,target_rebalance,398.2241,293,125.8651092561911,8.04
2023-01-10,AMAT.US,buy,115.9511,0.57,signal,0.0,0,0.0,0.0
2023-10-31,AMAT.US,sell,128.6175,0.57,target_rebalance,7.2198,294,143.54313396206317,10.92
2023-01-10,AMD.US,buy,92.3869,6.43,signal,0.0,0,0.0,0.0
2023-10-31,AMD.US,sell,96.1438,6.43,target_rebalance,24.1563,294,116.87085634575024,4.07
2023-01-10,ASML.US,buy,625.7535,6.35,signal,0.0,0,0.0,0.0
2023-10-31,ASML.US,sell,584.3435,6.35,target_rebalance,-262.9531,294,130.92923466369493,-6.62
2023-01-10,AVGO.US,buy,66.0279,19.55,signal,0.0,0,0.0,0.0
2023-10-31,AVGO.US,sell,81.7607,19.55,target_rebalance,307.5757,294,135.54501916188173,23.83
2023-01-10,LRCX.US,buy,50.6204,36.21,signal,0.0,0,0.0,0.0
2023-10-31,LRCX.US,sell,57.1932,36.21,target_rebalance,238.0031,294,142.69523307507367,12.98
2023-01-10,AMAT.US,buy,115.9511,0.62,signal,0.0,0,0.0,0.0
2023-11-01,AMAT.US,sell,129.8178,0.62,target_rebalance,8.5973,295,144.54313396206317,11.96
2023-01-10,AMD.US,buy,92.3869,51.97,signal,0.0,0,0.0,0.0
2023-11-01,AMD.US,sell,98.4814,51.97,target_rebalance,316.7303,295,117.87085634575024,6.6
2023-01-10,LRCX.US,buy,50.6204,11.98,signal,0.0,0,0.0,0.0
2023-11-01,LRCX.US,sell,57.8312,11.98,target_rebalance,86.3854,295,143.69523307507367,14.24
2023-01-10,MU.US,buy,60.7855,14.22,signal,0.0,0,0.0,0.0
2023-11-01,MU.US,sell,66.3037,14.22,target_rebalance,78.468,295,127.76399256142511,9.08
2023-01-10,AMD.US,buy,92.3869,135.09,signal,0.0,0,0.0,0.0
2023-11-02,AMD.US,sell,107.852,135.09,target_rebalance,2089.1804,296,118.87085634575023,16.74
2023-01-10,ASML.US,buy,625.5813,4.29,signal,0.0,0,0.0,0.0
2023-11-02,ASML.US,sell,622.301,4.29,target_rebalance,-14.0727,296,132.3426085986309,-0.52
2023-01-10,NVDA.US,buy,29.571,56.27,signal,0.0,0,0.0,0.0
2023-11-02,NVDA.US,sell,43.2041,56.27,target_rebalance,767.1316,296,126.608338422229,46.1
2023-01-10,AVGO.US,buy,66.6468,12.8,signal,0.0,0,0.0,0.0
2023-11-03,AVGO.US,sell,85.017,12.8,target_rebalance,235.1387,297,133.5960776992487,27.56
2023-01-10,NVDA.US,buy,29.571,24.97,signal,0.0,0,0.0,0.0
2023-11-03,NVDA.US,sell,43.8941,24.97,target_rebalance,357.647,297,127.608338422229,48.44
2023-01-10,AMD.US,buy,92.3999,61.31,signal,0.0,0,0.0,0.0
2023-11-06,AMD.US,sell,112.4874,61.31,target_rebalance,1231.5645,300,120.77822268149694,21.74
2023-01-10,MU.US,buy,60.7903,27.88,signal,0.0,0,0.0,0.0
2023-11-06,MU.US,sell,71.8257,27.88,target_rebalance,307.6673,300,130.69583778320543,18.15
2023-01-10,NVDA.US,buy,29.571,138.68,signal,0.0,0,0.0,0.0
2023-11-06,NVDA.US,sell,45.1555,138.68,target_rebalance,2161.2516,300,128.608338422229,52.7
2023-01-10,LRCX.US,buy,50.6856,37.94,signal,0.0,0,0.0,0.0
2023-11-07,LRCX.US,sell,62.4284,37.94,target_rebalance,445.5214,301,146.8395071477213,23.17
2023-01-10,NVDA.US,buy,29.571,70.13,signal,0.0,0,0.0,0.0
2023-11-07,NVDA.US,sell,45.5882,70.13,target_rebalance,1123.2872,301,129.60833842222897,54.17
2023-01-10,AMAT.US,buy,116.397,9.84,signal,0.0,0,0.0,0.0
2023-11-08,AMAT.US,sell,138.9322,9.84,target_rebalance,221.747,302,146.23475705107998,19.36
2023-01-10,AMD.US,buy,92.506,6.19,signal,0.0,0,0.0,0.0
2023-11-08,AMD.US,sell,113.4365,6.19,target_rebalance,129.5592,302,122.11776522536385,22.63
2023-01-10,AVGO.US,buy,66.7364,28.78,signal,0.0,0,0.0,0.0
2023-11-08,AVGO.US,sell,87.1969,28.78,target_rebalance,588.8552,302,135.95957273033426,30.66
2023-01-10,TSM.US,buy,84.6618,1.69,signal,0.0,0,0.0,0.0
2023-11-08,TSM.US,sell,89.8234,1.69,target_rebalance,8.723,302,134.75445800615003,6.1
2023-01-10,AMAT.US,buy,116.397,17.21,signal,0.0,0,0.0,0.0
2023-11-09,AMAT.US,sell,141.4011,17.21,target_rebalance,430.3217,303,147.23475705107998,21.48
2023-01-10,AVGO.US,buy,66.7364,11.28,signal,0.0,0,0.0,0.0
2023-11-09,AVGO.US,sell,88.408,11.28,target_rebalance,244.4562,303,136.95957273033426,32.47
2023-01-10,NVDA.US,buy,29.5843,128.25,signal,0.0,0,0.0,0.0
2023-11-09,NVDA.US,sell,47.3312,128.25,target_rebalance,2276.05,303,131.50350666811084,59.99
2023-01-10,AVGO.US,buy,66.7364,13.22,signal,0.0,0,0.0,0.0
2023-11-10,AVGO.US,sell,89.3032,13.22,target_rebalance,298.334,304,137.95957273033423,33.81
2023-01-10,LRCX.US,buy,50.7453,46.69,signal,0.0,0,0.0,0.0
2023-11-10,LRCX.US,sell,64.4847,46.69,target_rebalance,641.494,304,149.1388448727286,27.08
2023-01-10,MU.US,buy,60.8951,23.96,signal,0.0,0,0.0,0.0
2023-11-10,MU.US,sell,73.6664,23.96,target_rebalance,305.9985,304,133.45536192863682,20.97
2023-01-10,TSM.US,buy,84.7389,25.73,signal,0.0,0,0.0,0.0
2023-11-10,TSM.US,sell,90.5067,25.73,target_rebalance,148.404,304,134.51109142539985,6.81
2023-01-10,AMAT.US,buy,116.4723,4.85,signal,0.0,0,0.0,0.0
2023-11-13,AMAT.US,sell,145.4021,4.85,target_rebalance,140.3097,307,148.79811063721382,24.84
2023-01-10,AMD.US,buy,92.703,33.48,signal,0.0,0,0.0,0.0
2023-11-13,AMD.US,sell,118.2217,33.48,target_rebalance,854.3631,307,124.00248494133935,27.53
2023-01-10,AVGO.US,buy,66.7364,34.35,signal,0.0,0,0.0,0.0
2023-11-13,AVGO.US,sell,92.0461,34.35,target_rebalance,869.3881,307,138.95957273033426,37.92
2023-01-10,LRCX.US,buy,50.7453,35.78,signal,0.0,0,0.0,0.0
2023-11-13,LRCX.US,sell,66.3302,35.78,target_rebalance,557.6298,307,150.1388448727286,30.71
2023-01-10,TSM.US,buy,84.7389,37.38,signal,0.0,0,0.0,0.0
2023-11-13,TSM.US,sell,93.3651,37.38,target_rebalance,322.4458,307,135.51109142539985,10.18
2023-01-10,AMAT.US,buy,116.4723,17.98,signal,0.0,0,0.0,0.0
2023-11-14,AMAT.US,sell,149.3348,17.98,target_rebalance,590.8688,308,149.79811063721382,28.21
2023-01-10,ASML.US,buy,625.6764,5.38,signal,0.0,0,0.0,0.0
2023-11-14,ASML.US,sell,659.1131,5.38,target_rebalance,179.8893,308,134.00389085416083,5.34
2023-01-10,MU.US,buy,61.1944,14.47,signal,0.0,0,0.0,0.0
2023-11-14,MU.US,sell,75.2102,14.47,target_rebalance,202.8074,308,132.2694505998963,22.9
2023-01-10,NVDA.US,buy,29.7523,46.79,signal,0.0,0,0.0,0.0
2023-11-14,NVDA.US,sell,49.5379,46.79,target_rebalance,925.7702,308,133.28325024520845,66.5
2023-01-10,AMAT.US,buy,116.4723,0.46,signal,0.0,0,0.0,0.0
2023-11-15,AMAT.US,sell,151.228,0.46,target_rebalance,15.9876,309,150.79811063721385,29.84
2023-01-10,AVGO.US,buy,66.8701,13.7,signal,0.0,0,0.0,0.0
2023-11-15,AVGO.US,sell,94.9003,13.7,target_rebalance,384.0144,309,140.25829113047035,41.92
2023-01-10,MU.US,buy,61.1944,37.09,signal,0.0,0,0.0,0.0
2023-11-15,MU.US,sell,76.6946,37.09,target_rebalance,574.9001,309,133.2694505998963,25.33
2023-01-10,TSM.US,buy,84.8141,21.9,signal,0.0,0,0.0,0.0
2023-11-15,TSM.US,sell,96.1946,21.9,target_rebalance,249.2336,309,136.46071826409775,13.42
2023-01-10,AMAT.US,buy,116.4723,38.14,signal,0.0,0,0.0,0.0
2023-11-16,AMAT.US,sell,151.6476,38.14,target_rebalance,1341.5866,310,151.79811063721382,30.2
2023-01-10,ASML.US,buy,625.7613,2.72,signal,0.0,0,0.0,0.0
2023-11-16,ASML.US,sell,661.1256,2.72,target_rebalance,96.1909,310,135.71923456968636,5.65
2023-01-10,LRCX.US,buy,50.8119,63.64,signal,0.0,0,0.0,0.0
2023-11-16,LRCX.US,sell,68.1836,63.64,target_rebalance,1105.5346,310,152.55027312039175,34.19
2023-01-10,MU.US,buy,61.1944,20.33,signal,0.0,0,0.0,0.0
2023-11-16,MU.US,sell,76.0909,20.33,target_rebalance,302.8453,310,134.2694505998963,24.34
2023-01-10,AMD.US,buy,93.4199,84.14,signal,0.0,0,0.0,0.0
2023-11-17,AMD.US,sell,119.5204,84.14,target_rebalance,2196.0922,311,124.49472704625425,27.94
2023-01-10,ASML.US,buy,625.7613,7.82,signal,0.0,0,0.0,0.0
2023-11-17,ASML.US,sell,665.3757,7.82,target_rebalance,309.7841,311,136.71923456968636,6.33
2023-01-10,MU.US,buy,61.1944,15.65,signal,0.0,0,0.0,0.0
2023-11-17,MU.US,sell,75.8039,15.65,target_rebalance,228.6382,311,135.26945059989626,23.87
2023-01-10,NVDA.US,buy,30.1133,176.13,signal,0.0,0,0.0,0.0
2023-11-17,NVDA.US,sell,49.3824,176.13,target_rebalance,3393.8562,311,133.74890908203446,63.99
2023-01-10,TSM.US,buy,84.8481,49.16,signal,0.0,0,0.0,0.0
2023-11-17,TSM.US,sell,95.2226,49.16,target_rebalance,510.0108,311,137.99017217551722,12.23
2023-01-10,AMAT.US,buy,118.218,89.92,signal,0.0,0,0.0,0.0
2023-11-20,AMAT.US,sell,145.285,89.92,target_rebalance,2433.8672,314,141.898051195224,22.9
2023-01-10,AVGO.US,buy,66.927,6.59,signal,0.0,0,0.0,0.0
2023-11-20,AVGO.US,sell,94.2696,6.59,target_rebalance,180.1874,314,142.95710791147113,40.85
2023-01-10,AMAT.US,buy,118.218,21.15,signal,0.0,0,0.0,0.0
2023-11-21,AMAT.US,sell,147.9101,21.15,target_rebalance,627.9873,315,142.898051195224,25.12
2023-01-10,ASML.US,buy,625.9549,0.17,signal,0.0,0,0.0,0.0
2023-11-21,ASML.US,sell,677.8906,0.17,target_rebalance,8.8291,315,138.12824509691583,8.3
2023-01-10,LRCX.US,buy,50.9166,82.72,signal,0.0,0,0.0,0.0
2023-11-21,LRCX.US,sell,69.8447,82.72,target_rebalance,1565.7362,315,154.60965798928774,37.17
2023-01-10,NVDA.US,buy,30.3953,34.17,signal,0.0,0,0.0,0.0
2023-11-21,NVDA.US,sell,49.9826,34.17,target_rebalance,669.3003,315,133.7655944213453,64.44
2023-01-10,AMAT.US,buy,118.218,6.68,signal,0.0,0,0.0,0.0
2023-11-22,AMAT.US,sell,147.6998,6.68,target_rebalance,196.9383,316,143.898051195224,24.94
2023-01-10,AVGO.US,buy,67.0944,45.23,signal,0.0,0,0.0,0.0
2023-11-22,AVGO.US,sell,95.3053,45.23,target_rebalance,1275.9787,316,144.0881604460205,42.05
2023-01-10,LRCX.US,buy,50.9166,14.05,signal,0.0,0,0.0,0.0
2023-11-22,LRCX.US,sell,69.7443,14.05,target_rebalance,264.5288,316,155.60965798928774,36.98
2023-01-10,AMD.US,buy,93.7916,63.62,signal,0.0,0,0.0,0.0
2023-11-24,AMD.US,sell,121.908,63.62,target_rebalance,1788.7611,318,126.76943374226774,29.98
2023-01-10,ASML.US,buy,625.9774,2.05,signal,0.0,0,0.0,0.0
2023-11-24,ASML.US,sell,674.178,2.05,target_rebalance,98.8113,318,140.06454060766563,7.7
2023-01-10,LRCX.US,buy,50.9166,38.0,signal,0.0,0,0.0,0.0
2023-11-24,LRCX.US,sell,69.8886,38.0,target_rebalance,720.9377,318,156.60965798928774,37.26
2023-01-10,TSM.US,buy,85.0547,0.75,signal,0.0,0,0.0,0.0
2023-11-24,TSM.US,sell,94.7799,0.75,target_rebalance,7.2939,318,139.35143919745238,11.43
2023-01-10,AMAT.US,buy,118.35,6.06,signal,0.0,0,0.0,0.0
2023-11-27,AMAT.US,sell,146.2035,6.06,target_rebalance,168.7923,321,145.21780378146534,23.53
2023-01-10,AMD.US,buy,93.7916,11.14,signal,0.0,0,0.0,0.0
2023-11-27,AMD.US,sell,121.9479,11.14,target_rebalance,313.6611,321,127.76943374226775,30.02
2023-01-10,AVGO.US,buy,67.1577,9.72,signal,0.0,0,0.0,0.0
2023-11-27,AVGO.US,sell,94.5748,9.72,target_rebalance,266.4937,321,145.75469775626593,40.82
2023-01-10,LRCX.US,buy,50.9166,5.88,signal,0.0,0,0.0,0.0
2023-11-27,LRCX.US,sell,69.7443,5.88,target_rebalance,110.7067,321,157.60965798928774,36.98
2023-01-10,MU.US,buy,61.365,18.62,signal,0.0,0,0.0,0.0
2023-11-27,MU.US,sell,76.0711,18.62,target_rebalance,273.8273,321,138.74803809402533,23.96
2023-01-10,AMAT.US,buy,118.35,18.65,signal,0.0,0,0.0,0.0
2023-11-28,AMAT.US,sell,146.0666,18.65,target_rebalance,516.9149,322,146.21780378146534,23.42
2023-01-10,AMD.US,buy,93.7916,23.0,signal,0.0,0,0.0,0.0
2023-11-28,AMD.US,sell,121.858,23.0,target_rebalance,645.5269,322,128.76943374226775,29.92
2023-01-10,LRCX.US,buy,50.9166,23.3,signal,0.0,0,0.0,0.0
2023-11-28,LRCX.US,sell,69.4838,23.3,target_rebalance,432.6169,322,158.60965798928774,36.47
2023-01-10,NVDA.US,buy,30.9891,122.67,signal,0.0,0,0.0,0.0
2023-11-28,NVDA.US,sell,48.098,122.67,target_rebalance,2098.7557,322,133.229909100503,55.21
2023-01-10,TSM.US,buy,85.1054,43.8,signal,0.0,0,0.0,0.0
2023-11-28,TSM.US,sell,94.1928,43.8,target_rebalance,398.0278,322,140.5511556443817,10.68
2023-01-10,AMD.US,buy,93.7916,13.68,signal,0.0,0,0.0,0.0
2023-11-29,AMD.US,sell,123.856,13.68,target_rebalance,411.2808,323,129.76943374226775,32.05
2023-01-10,MU.US,buy,61.543,89.12,signal,0.0,0,0.0,0.0
2023-11-29,MU.US,sell,76.6451,89.12,target_rebalance,1345.895,323,138.84693905302743,24.54
2023-01-10,AMAT.US,buy,118.4688,8.48,signal,0.0,0,0.0,0.0
2023-11-30,AMAT.US,sell,147.0935,8.48,target_rebalance,242.7367,324,147.61170830573244,24.16
2023-01-10,AMD.US,buy,93.7916,3.3,signal,0.0,0,0.0,0.0
2023-11-30,AMD.US,sell,123.4864,3.3,target_rebalance,97.9927,324,130.76943374226775,31.66
2023-01-10,LRCX.US,buy,50.9166,5.98,signal,0.0,0,0.0,0.0
2023-11-30,LRCX.US,sell,70.1149,5.98,target_rebalance,114.8061,324,160.60965798928777,37.71
2023-01-10,TSM.US,buy,85.1054,11.6,signal,0.0,0,0.0,0.0
2023-11-30,TSM.US,sell,95.213,11.6,target_rebalance,117.2477,324,142.55115564438168,11.88
2023-01-10,AMAT.US,buy,118.4688,22.06,signal,0.0,0,0.0,0.0
2023-12-01,AMAT.US,sell,146.2622,22.06,target_rebalance,613.1213,325,148.61170830573244,23.46
2023-01-10,ASML.US,buy,626.2003,11.29,signal,0.0,0,0.0,0.0
2023-12-01,ASML.US,sell,672.3218,11.29,target_rebalance,520.7121,325,144.3289969726687,7.37
2023-01-10,LRCX.US,buy,50.9166,25.43,signal,0.0,0,0.0,0.0
2023-12-01,LRCX.US,sell,69.4594,25.43,target_rebalance,471.5449,325,161.60965798928774,36.42
2023-01-10,MU.US,buy,61.5744,6.83,signal,0.0,0,0.0,0.0
2023-12-01,MU.US,sell,75.2201,6.83,target_rebalance,93.1998,325,140.54703105201114,22.16
2023-01-10,TSM.US,buy,85.1054,5.83,signal,0.0,0,0.0,0.0
2023-12-01,TSM.US,sell,94.0292,5.83,target_rebalance,52.0255,325,143.5511556443817,10.49
2023-01-10,AMAT.US,buy,118.4688,15.45,signal,0.0,0,0.0,0.0
2023-12-04,AMAT.US,sell,146.7316,15.45,target_rebalance,436.6593,328,149.61170830573244,23.86
2023-01-10,ASML.US,buy,626.2003,0.31,signal,0.0,0,0.0,0.0
2023-12-04,ASML.US,sell,670.9247,0.31,target_rebalance,13.8646,328,145.3289969726687,7.14
2023-01-10,LRCX.US,buy,50.9166,42.16,signal,0.0,0,0.0,0.0
2023-12-04,LRCX.US,sell,69.8028,42.16,target_rebalance,796.2424,328,162.60965798928774,37.09
2023-01-10,ASML.US,buy,626.2003,11.52,signal,0.0,0,0.0,0.0
2023-12-05,ASML.US,sell,674.4224,11.52,target_rebalance,555.5185,329,146.3289969726687,7.7
2023-01-10,AVGO.US,buy,68.1129,15.9,signal,0.0,0,0.0,0.0
2023-12-05,AVGO.US,sell,88.3208,15.9,target_rebalance,321.3054,329,145.86342466448963,29.67
2023-01-10,TSM.US,buy,85.1229,28.09,signal,0.0,0,0.0,0.0
2023-12-05,TSM.US,sell,92.8358,28.09,target_rebalance,216.6559,329,145.25377257261687,9.06
2023-01-10,AMD.US,buy,94.2481,18.52,signal,0.0,0,0.0,0.0
2023-12-06,AMD.US,sell,120.5693,18.52,target_rebalance,487.4689,330,132.4294332374166,27.93
2023-01-10,MU.US,buy,61.7426,15.34,signal,0.0,0,0.0,0.0
2023-12-06,MU.US,sell,74.5174,15.34,target_rebalance,195.9656,330,141.50039999093175,20.69
2023-01-10,NVDA.US,buy,31.54,148.04,signal,0.0,0,0.0,0.0
2023-12-06,NVDA.US,sell,47.0841,148.04,target_rebalance,2301.1437,330,134.52245400402168,49.28
2023-01-10,AMD.US,buy,94.2481,38.07,signal,0.0,0,0.0,0.0
2023-12-07,AMD.US,sell,120.6692,38.07,target_rebalance,1005.8519,331,133.4294332374166,28.03
2023-01-10,ASML.US,buy,626.467,1.81,signal,0.0,0,0.0,0.0
2023-12-07,ASML.US,sell,679.3559,1.81,target_rebalance,95.7289,331,147.65713498766686,8.44
2023-01-10,LRCX.US,buy,51.1243,4.17,signal,0.0,0,0.0,0.0
2023-12-07,LRCX.US,sell,68.5893,4.17,target_rebalance,72.8291,331,163.64524434211054,34.16
2023-01-10,TSM.US,buy,85.1585,43.77,signal,0.0,0,0.0,0.0
2023-12-07,TSM.US,sell,94.2794,43.77,target_rebalance,399.2236,331,146.68734944688265,10.71
2023-01-10,AMD.US,buy,94.2481,172.18,signal,0.0,0,0.0,0.0
2023-12-08,AMD.US,sell,129.4105,172.18,target_rebalance,6054.2547,332,134.4294332374166,37.31
2023-01-10,AVGO.US,buy,68.3871,33.72,signal,0.0,0,0.0,0.0
2023-12-08,AVGO.US,sell,89.8942,33.72,target_rebalance,725.2222,332,146.91039747274039,31.45
2023-01-10,NVDA.US,buy,31.8144,23.43,signal,0.0,0,0.0,0.0
2023-12-08,NVDA.US,sell,46.4658,23.43,target_rebalance,343.2828,332,133.8899447645871,46.05
2023-01-10,AVGO.US,buy,68.3871,52.09,signal,0.0,0,0.0,0.0
2023-12-11,AVGO.US,sell,92.7204,52.09,target_rebalance,1267.5232,335,147.9103974727404,35.58
2023-01-10,MU.US,buy,62.0311,150.17,signal,0.0,0,0.0,0.0
2023-12-11,MU.US,sell,76.3878,150.17,target_rebalance,2155.9372,335,140.80905514208305,23.14
2023-01-10,NVDA.US,buy,31.8144,0.97,signal,0.0,0,0.0,0.0
2023-12-11,NVDA.US,sell,47.3593,0.97,target_rebalance,15.0786,335,134.88994476458709,48.86
2023-01-10,AMAT.US,buy,119.2716,48.83,signal,0.0,0,0.0,0.0
2023-12-12,AMAT.US,sell,151.7192,48.83,target_rebalance,1584.4155,336,150.9624622600983,27.2
2023-01-10,AVGO.US,buy,68.3871,220.72,signal,0.0,0,0.0,0.0
2023-12-12,AVGO.US,sell,99.5973,220.72,target_rebalance,6888.7305,336,148.9103974727404,45.64
2023-01-10,LRCX.US,buy,51.4954,76.19,signal,0.0,0,0.0,0.0
2023-12-12,LRCX.US,sell,71.695,76.19,target_rebalance,1539.0053,336,163.13411858594213,39.23
2023-01-10,AMD.US,buy,94.8066,60.93,signal,0.0,0,0.0,0.0
2023-12-13,AMD.US,sell,137.832,60.93,target_rebalance,2621.5418,337,135.38602088137188,45.38
2023-01-10,AVGO.US,buy,68.3871,72.32,signal,0.0,0,0.0,0.0
2023-12-13,AVGO.US,sell,103.4737,72.32,target_rebalance,2537.4664,337,149.91039747274039,51.31
2023-01-10,NVDA.US,buy,32.4774,100.95,signal,0.0,0,0.0,0.0
2023-12-13,NVDA.US,sell,47.497,100.95,target_rebalance,1516.2244,337,130.54333208859427,46.25
2023-01-10,ASML.US,buy,628.3775,4.19,signal,0.0,0,0.0,0.0
2023-12-14,ASML.US,sell,727.1592,4.19,target_rebalance,413.8954,338,148.2924587917946,15.72
2023-01-10,AVGO.US,buy,68.3871,19.33,signal,0.0,0,0.0,0.0
2023-12-14,AVGO.US,sell,105.8164,19.33,target_rebalance,723.5091,338,150.9103974727404,54.73
2023-01-10,MU.US,buy,62.3737,63.75,signal,0.0,0,0.0,0.0
2023-12-14,MU.US,sell,79.9702,63.75,target_rebalance,1121.7746,338,140.5793853477317,28.21
2023-01-10,TSM.US,buy,85.5664,17.75,signal,0.0,0,0.0,0.0
2023-12-14,TSM.US,sell,99.9356,17.75,target_rebalance,255.0549,338,146.36056797524026,16.79
2023-01-10,AMAT.US,buy,119.9345,33.14,signal,0.0,0,0.0,0.0
2023-12-15,AMAT.US,sell,158.6333,33.14,target_rebalance,1282.4778,339,151.07898569033262,32.27
2023-01-10,LRCX.US,buy,52.0207,131.45,signal,0.0,0,0.0,0.0
2023-12-15,LRCX.US,sell,75.2485,131.45,target_rebalance,3053.2931,339,161.93166940402426,44.65
2023-01-10,MU.US,buy,62.3737,62.29,signal,0.0,0,0.0,0.0
2023-12-15,MU.US,sell,82.0286,62.29,target_rebalance,1224.3019,339,141.5793853477317,31.51
2023-01-10,AVGO.US,buy,68.7186,76.69,signal,0.0,0,0.0,0.0
2023-12-18,AVGO.US,sell,108.5893,76.69,target_rebalance,3057.6825,342,151.58284753044254,58.02
2023-01-10,LRCX.US,buy,52.0207,35.45,signal,0.0,0,0.0,0.0
2023-12-18,LRCX.US,sell,75.8617,35.45,target_rebalance,845.1652,342,162.93166940402426,45.83
2023-01-10,NVDA.US,buy,32.7467,183.52,signal,0.0,0,0.0,0.0
2023-12-18,NVDA.US,sell,49.263,183.52,target_rebalance,3031.0794,342,131.26678267716366,50.44
2023-01-10,AVGO.US,buy,68.7186,85.11,signal,0.0,0,0.0,0.0
2023-12-19,AVGO.US,sell,111.152,85.11,target_rebalance,3611.5086,343,152.58284753044256,61.75
2023-01-10,TSM.US,buy,85.829,1.4,signal,0.0,0,0.0,0.0
2023-12-19,TSM.US,sell,99.8293,1.4,target_rebalance,19.6004,343,146.66943209816276,16.31
2023-01-10,AMAT.US,buy,120.3657,2.36,signal,0.0,0,0.0,0.0
2023-12-20,AMAT.US,sell,157.2641,2.36,target_rebalance,87.0803,344,152.33301523461637,30.66
2023-01-10,AMD.US,buy,96.0413,7.84,signal,0.0,0,0.0,0.0
2023-12-20,AMD.US,sell,138.861,7.84,target_rebalance,335.7064,344,136.55818919604627,44.58
2023-01-10,NVDA.US,buy,32.7467,43.69,signal,0.0,0,0.0,0.0
2023-12-20,NVDA.US,sell,49.5173,43.69,target_rebalance,732.7086,344,133.26678267716363,51.21
2023-01-10,ASML.US,buy,630.3542,0.84,signal,0.0,0,0.0,0.0
2023-12-21,ASML.US,sell,727.0321,0.84,target_rebalance,81.2095,345,150.3203861370359,15.34
2023-01-10,LRCX.US,buy,52.1133,27.12,signal,0.0,0,0.0,0.0
2023-12-21,LRCX.US,sell,76.1454,27.12,target_rebalance,651.7496,345,165.28976107319184,46.12
2023-01-10,MU.US,buy,62.6931,197.08,signal,0.0,0,0.0,0.0
2023-12-21,MU.US,sell,84.1166,197.08,target_rebalance,4222.1483,345,143.1180090411499,34.17
2023-01-10,AMD.US,buy,96.334,21.6,signal,0.0,0,0.0,0.0
2023-12-22,AMD.US,sell,140.3395,21.6,target_rebalance,950.5193,346,137.60495256118745,45.68
2023-01-10,ASML.US,buy,630.3542,2.22,signal,0.0,0,0.0,0.0
2023-12-22,ASML.US,sell,735.5025,2.22,target_rebalance,233.4292,346,151.32038613703588,16.68
2023-01-10,MU.US,buy,62.6931,28.6,signal,0.0,0,0.0,0.0
2023-12-22,MU.US,sell,85.2547,28.6,target_rebalance,645.2608,346,144.1180090411499,35.99
2023-01-10,TSM.US,buy,86.0546,26.79,signal,0.0,0,0.0,0.0
2023-12-22,TSM.US,sell,99.5295,26.79,target_rebalance,360.9933,346,146.97806415103963,15.66
2023-01-10,AMAT.US,buy,120.5052,2.75,signal,0.0,0,0.0,0.0
2023-12-26,AMAT.US,sell,158.7213,2.75,target_rebalance,105.0943,350,154.76626480450963,31.71
2023-01-10,LRCX.US,buy,52.3016,25.74,signal,0.0,0,0.0,0.0
2023-12-26,LRCX.US,sell,76.5894,25.74,target_rebalance,625.1686,350,165.98681192188667,46.44
2023-01-10,MU.US,buy,62.6931,25.6,signal,0.0,0,0.0,0.0
2023-12-26,MU.US,sell,85.7989,25.6,target_rebalance,591.5095,350,145.1180090411499,36.86
2023-01-10,TSM.US,buy,86.0546,22.89,signal,0.0,0,0.0,0.0
2023-12-26,TSM.US,sell,100.1871,22.89,target_rebalance,323.4923,350,147.97806415103966,16.42
2023-01-10,AMD.US,buy,96.4323,46.67,signal,0.0,0,0.0,0.0
2023-12-27,AMD.US,sell,144.5753,46.67,target_rebalance,2246.8339,351,139.29445899889961,49.92
2023-01-10,LRCX.US,buy,52.3016,26.57,signal,0.0,0,0.0,0.0
2023-12-27,LRCX.US,sell,78.1505,26.57,target_rebalance,686.8049,351,166.98681192188667,49.42
2023-01-10,AMAT.US,buy,120.5052,0.3,signal,0.0,0,0.0,0.0
2023-12-28,AMAT.US,sell,161.3617,0.3,target_rebalance,12.257,352,156.76626480450963,33.9
2023-01-10,AMD.US,buy,96.4323,40.5,signal,0.0,0,0.0,0.0
2023-12-28,AMD.US,sell,146.6532,40.5,target_rebalance,2033.9474,352,140.29445899889961,52.08
2023-01-10,AMD.US,buy,96.4323,64.87,signal,0.0,0,0.0,0.0
2023-12-29,AMD.US,sell,149.3505,64.87,target_rebalance,3432.805,353,141.2944589988996,54.88
2023-01-10,NVDA.US,buy,33.1977,59.81,signal,0.0,0,0.0,0.0
2023-12-29,NVDA.US,sell,49.6749,59.81,target_rebalance,985.5001,353,135.49692601391993,49.63
2023-01-10,AMAT.US,buy,120.7391,9.55,signal,0.0,0,0.0,0.0
2024-01-02,AMAT.US,sell,156.472,9.55,target_rebalance,341.2494,357,157.828073683225,29.6
2023-01-10,MU.US,buy,63.1415,5.46,signal,0.0,0,0.0,0.0
2024-01-02,MU.US,sell,83.2383,5.46,target_rebalance,109.7286,357,146.28116747530996,31.83
2023-01-10,NVDA.US,buy,33.1977,116.48,signal,0.0,0,0.0,0.0
2024-01-02,NVDA.US,sell,49.1075,116.48,target_rebalance,1853.1685,357,136.49692601391988,47.92
2023-01-10,AVGO.US,buy,70.3839,65.85,signal,0.0,0,0.0,0.0
2024-01-03,AVGO.US,sell,104.1636,65.85,target_rebalance,2224.3932,358,155.25057247871086,47.99
2023-01-10,MU.US,buy,63.1415,24.94,signal,0.0,0,0.0,0.0
2024-01-03,MU.US,sell,80.4637,24.94,target_rebalance,432.0154,358,147.28116747530999,27.43
2023-01-10,NVDA.US,buy,33.1977,20.74,signal,0.0,0,0.0,0.0
2024-01-03,NVDA.US,sell,47.3533,20.74,target_rebalance,293.5878,358,137.4969260139199,42.64
2023-01-10,TSM.US,buy,86.0712,84.4,signal,0.0,0,0.0,0.0
2024-01-03,TSM.US,sell,97.0251,84.4,target_rebalance,924.5056,358,152.81876483055436,12.73
2023-01-10,MU.US,buy,63.1415,152.44,signal,0.0,0,0.0,0.0
2024-01-04,MU.US,sell,82.7131,152.44,target_rebalance,2983.4957,359,148.28116747530996,31.0
2023-01-10,NVDA.US,buy,33.1977,73.84,signal,0.0,0,0.0,0.0
2024-01-04,NVDA.US,sell,47.6346,73.84,target_rebalance,1066.0171,359,138.49692601391993,43.49
2023-01-10,AMD.US,buy,98.0079,43.68,signal,0.0,0,0.0,0.0
2024-01-05,AMD.US,sell,136.6432,43.68,target_rebalance,1687.5892,360,139.79189309032304,39.42
2023-01-10,ASML.US,buy,632.186,0.01,signal,0.0,0,0.0,0.0
2024-01-05,ASML.US,sell,684.6218,0.01,target_rebalance,0.5244,360,155.97117218067518,8.29
2023-01-10,LRCX.US,buy,52.8385,46.72,signal,0.0,0,0.0,0.0
2024-01-05,LRCX.US,sell,71.8486,46.72,target_rebalance,888.1505,360,168.71094315491425,35.98
2023-01-10,NVDA.US,buy,33.1977,107.48,signal,0.0,0,0.0,0.0
2024-01-05,NVDA.US,sell,48.3276,107.48,target_rebalance,1626.1647,360,139.49692601391993,45.58
2023-01-10,AMD.US,buy,98.0079,34.71,signal,0.0,0,0.0,0.0
2024-01-08,AMD.US,sell,140.2196,34.71,target_rebalance,1465.1683,363,140.79189309032301,43.07
2023-01-10,ASML.US,buy,632.186,1.53,signal,0.0,0,0.0,0.0
2024-01-08,ASML.US,sell,696.2381,1.53,target_rebalance,97.9996,363,156.97117218067518,10.13
2023-01-10,MU.US,buy,63.5639,65.23,signal,0.0,0,0.0,0.0
2024-01-08,MU.US,sell,83.1293,65.23,target_rebalance,1276.2555,363,146.73136944856824,30.78
2023-01-10,NVDA.US,buy,33.1977,60.9,signal,0.0,0,0.0,0.0
2024-01-08,NVDA.US,sell,49.3747,60.9,target_rebalance,985.1801,363,140.4969260139199,48.73
2023-01-10,TSM.US,buy,86.1788,0.23,signal,0.0,0,0.0,0.0
2024-01-08,TSM.US,sell,97.3055,0.23,target_rebalance,2.5591,363,154.15929120098622,12.91
2023-01-10,AMD.US,buy,98.0079,74.2,signal,0.0,0,0.0,0.0
2024-01-09,AMD.US,sell,145.804,74.2,target_rebalance,3546.4716,364,141.79189309032304,48.77
2023-01-10,NVDA.US,buy,33.1977,355.41,signal,0.0,0,0.0,0.0
2024-01-09,NVDA.US,sell,52.2557,355.41,target_rebalance,6773.4067,364,141.4969260139199,57.41
2023-01-10,AMD.US,buy,98.0079,41.94,signal,0.0,0,0.0,0.0
2024-01-10,AMD.US,sell,149.9199,41.94,target_rebalance,2177.1894,365,142.79189309032304,52.97
2023-01-10,NVDA.US,buy,33.1977,77.55,signal,0.0,0,0.0,0.0
2024-01-10,NVDA.US,sell,53.4674,77.55,target_rebalance,1571.9105,365,142.4969260139199,61.06
2023-01-10,ASML.US,buy,633.4643,2.25,signal,0.0,0,0.0,0.0
2024-01-11,ASML.US,sell,703.8975,2.25,target_rebalance,158.4747,366,156.85952279295844,11.12
2023-01-10,AVGO.US,buy,71.3447,8.82,signal,0.0,0,0.0,0.0
2024-01-11,AVGO.US,sell,105.538,8.82,target_rebalance,301.5847,366,156.61957212676924,47.93
2023-01-10,NVDA.US,buy,33.1977,203.02,signal,0.0,0,0.0,0.0
2024-01-11,NVDA.US,sell,54.8465,203.02,target_rebalance,4395.1391,366,143.4969260139199,65.21
2023-01-10,AMAT.US,buy,122.3558,23.17,signal,0.0,0,0.0,0.0
2024-01-12,AMAT.US,sell,148.844,23.17,target_rebalance,613.732,367,155.97637880018257,21.65
2023-01-10,AVGO.US,buy,71.3447,90.13,signal,0.0,0,0.0,0.0
2024-01-12,AVGO.US,sell,108.2418,90.13,target_rebalance,3325.5369,367,157.61957212676924,51.72
2023-01-10,LRCX.US,buy,53.2179,57.05,signal,0.0,0,0.0,0.0
2024-01-12,LRCX.US,sell,74.4073,57.05,target_rebalance,1208.8541,367,170.4720378237178,39.82
2023-01-10,AMD.US,buy,98.7323,40.56,signal,0.0,0,0.0,0.0
2024-01-16,AMD.US,sell,150.2096,40.56,target_rebalance,2087.9218,371,143.72141917933143,52.14
2023-01-10,AVGO.US,buy,71.3447,2.78,signal,0.0,0,0.0,0.0
2024-01-16,AVGO.US,sell,108.2652,2.78,target_rebalance,102.6389,371,158.61957212676924,51.75
2023-01-10,NVDA.US,buy,33.3648,45.26,signal,0.0,0,0.0,0.0
2024-01-16,NVDA.US,sell,54.8655,45.26,target_rebalance,973.1185,371,144.36744531966602,64.44
2023-01-10,AMD.US,buy,98.7323,113.86,signal,0.0,0,0.0,0.0
2024-01-17,AMD.US,sell,158.2915,113.86,target_rebalance,6781.4181,372,144.72141917933143,60.32
2023-01-10,NVDA.US,buy,33.3648,93.26,signal,0.0,0,0.0,0.0
2024-01-17,NVDA.US,sell,56.1908,93.26,target_rebalance,2128.7479,372,145.36744531966602,68.41
2023-01-10,AMD.US,buy,98.7323,32.34,signal,0.0,0,0.0,0.0
2024-01-18,AMD.US,sell,166.0338,32.34,target_rebalance,2176.5311,373,145.72141917933143,68.17
2023-01-10,TSM.US,buy,86.6057,258.07,signal,0.0,0,0.0,0.0
2024-01-18,TSM.US,sell,107.5263,258.07,target_rebalance,5398.988,373,155.40549975745068,24.16
2023-01-10,AMAT.US,buy,122.4574,10.15,signal,0.0,0,0.0,0.0
2024-01-19,AMAT.US,sell,158.9853,10.15,target_rebalance,370.7581,374,159.3750928510603,29.83
2023-01-10,ASML.US,buy,636.1282,7.29,signal,0.0,0,0.0,0.0
2024-01-19,ASML.US,sell,731.2624,7.29,target_rebalance,693.5284,374,155.22179838166406,14.96
2023-01-10,AVGO.US,buy,72.6242,31.03,signal,0.0,0,0.0,0.0
2024-01-19,AVGO.US,sell,112.6422,31.03,target_rebalance,1241.7575,374,156.1635816848479,55.1
2023-01-10,LRCX.US,buy,53.7526,47.9,signal,0.0,0,0.0,0.0
2024-01-19,LRCX.US,sell,78.1192,47.9,target_rebalance,1167.1576,374,170.10351424028997,45.33
2023-01-10,AMAT.US,buy,122.4574,1.6,signal,0.0,0,0.0,0.0
2024-01-22,AMAT.US,sell,164.4716,1.6,target_rebalance,67.2227,377,160.3750928510603,34.31
2023-01-10,AMD.US,buy,100.0149,41.73,signal,0.0,0,0.0,0.0
2024-01-22,AMD.US,sell,174.2156,41.73,target_rebalance,3096.3952,377,144.92237815924202,74.19
2023-01-10,AVGO.US,buy,72.6242,66.15,signal,0.0,0,0.0,0.0
2024-01-22,AVGO.US,sell,118.3788,66.15,target_rebalance,3026.6701,377,157.1635816848479,63.0
2023-01-10,LRCX.US,buy,53.7526,23.81,signal,0.0,0,0.0,0.0
2024-01-22,LRCX.US,sell,81.0975,23.81,target_rebalance,651.0815,377,171.10351424028997,50.87
2023-01-10,AMAT.US,buy,122.4574,12.34,signal,0.0,0,0.0,0.0
2024-01-23,AMAT.US,sell,164.0609,12.34,target_rebalance,513.386,378,161.3750928510603,33.97
2023-01-10,ASML.US,buy,637.0085,2.73,signal,0.0,0,0.0,0.0
2024-01-23,ASML.US,sell,748.4083,2.73,target_rebalance,304.1213,378,156.01666792924797,17.49
2023-01-10,AVGO.US,buy,72.6242,42.71,signal,0.0,0,0.0,0.0
2024-01-23,AVGO.US,sell,118.8412,42.71,target_rebalance,1973.9269,378,158.1635816848479,63.64
2023-01-10,LRCX.US,buy,53.7526,43.01,signal,0.0,0,0.0,0.0
2024-01-23,LRCX.US,sell,81.1444,43.01,target_rebalance,1178.1216,378,172.10351424028997,50.96
2023-01-10,MU.US,buy,65.0599,70.26,signal,0.0,0,0.0,0.0
2024-01-23,MU.US,sell,88.193,70.26,target_rebalance,1625.3267,378,145.55657213367004,35.56
2023-01-10,AMD.US,buy,102.4702,25.79,signal,0.0,0,0.0,0.0
2024-01-24,AMD.US,sell,172.3775,25.79,target_rebalance,1802.9079,379,141.546923337438,68.22
2023-01-10,ASML.US,buy,637.0085,31.94,signal,0.0,0,0.0,0.0
2024-01-24,ASML.US,sell,807.8178,31.94,target_rebalance,5455.6481,379,157.016667929248,26.81
2023-01-10,AMD.US,buy,102.4702,76.19,signal,0.0,0,0.0,0.0
2024-01-25,AMD.US,sell,183.2266,76.19,target_rebalance,6152.8291,380,142.54692333743796,78.81
2023-01-10,ASML.US,buy,637.0085,9.6,signal,0.0,0,0.0,0.0
2024-01-25,ASML.US,sell,848.9874,9.6,target_rebalance,2034.9969,380,158.01666792924797,33.28
2023-01-10,ASML.US,buy,637.0085,12.8,signal,0.0,0,0.0,0.0
2024-01-26,ASML.US,sell,843.6628,12.8,target_rebalance,2645.1752,381,159.016667929248,32.44
2023-01-10,MU.US,buy,66.2831,25.66,signal,0.0,0,0.0,0.0
2024-01-26,MU.US,sell,86.4489,25.66,target_rebalance,517.455,381,140.76102063757688,30.42
2023-01-10,NVDA.US,buy,34.2579,29.32,signal,0.0,0,0.0,0.0
2024-01-26,NVDA.US,sell,60.791,29.32,target_rebalance,777.9509,381,147.08949187952243,77.45
2023-01-10,TSM.US,buy,87.6523,72.48,signal,0.0,0,0.0,0.0
2024-01-26,TSM.US,sell,113.038,72.48,target_rebalance,1839.9599,381,154.86449804656044,28.96
2023-01-10,AMD.US,buy,103.5634,46.92,signal,0.0,0,0.0,0.0
2024-01-29,AMD.US,sell,178.5912,46.92,target_rebalance,3520.3048,384,142.3970787808764,72.45
2023-01-10,ASML.US,buy,637.0085,2.32,signal,0.0,0,0.0,0.0
2024-01-29,ASML.US,sell,847.6,2.32,target_rebalance,488.5723,384,160.01666792924797,33.06
2023-01-10,MU.US,buy,66.2831,76.79,signal,0.0,0,0.0,0.0
2024-01-29,MU.US,sell,87.6975,76.79,target_rebalance,1644.4116,384,141.7610206375769,32.31
2023-01-10,NVDA.US,buy,34.2579,30.57,signal,0.0,0,0.0,0.0
2024-01-29,NVDA.US,sell,61.0622,30.57,target_rebalance,819.4091,384,148.08949187952246,78.24
2023-01-10,TSM.US,buy,87.6523,7.21,signal,0.0,0,0.0,0.0
2024-01-29,TSM.US,sell,113.2991,7.21,target_rebalance,184.9138,384,155.86449804656044,29.26
2023-01-10,AMAT.US,buy,123.999,4.07,signal,0.0,0,0.0,0.0
2024-01-30,AMAT.US,sell,163.6404,4.07,target_rebalance,161.3405,385,160.34503655982897,31.97
2023-01-10,ASML.US,buy,637.0085,2.69,signal,0.0,0,0.0,0.0
2024-01-30,ASML.US,sell,853.9211,2.69,target_rebalance,583.4948,385,161.016667929248,34.05
2023-01-10,LRCX.US,buy,54.348,9.96,signal,0.0,0,0.0,0.0
2024-01-30,LRCX.US,sell,82.2673,9.96,target_rebalance,278.0765,385,173.3954219404996,51.37
2023-01-10,NVDA.US,buy,34.2579,190.48,signal,0.0,0,0.0,0.0
2024-01-30,NVDA.US,sell,62.7256,190.48,target_rebalance,5422.5359,385,149.08949187952243,83.1
2023-01-10,AMAT.US,buy,123.999,23.08,signal,0.0,0,0.0,0.0
2024-01-31,AMAT.US,sell,160.3838,23.08,target_rebalance,839.761,386,161.345036559829,29.34
2023-01-10,ASML.US,buy,637.0085,7.44,signal,0.0,0,0.0,0.0
2024-01-31,ASML.US,sell,841.3866,7.44,target_rebalance,1520.5728,386,162.016667929248,32.08
2023-01-10,AVGO.US,buy,74.2356,12.93,signal,0.0,0,0.0,0.0
2024-01-31,AVGO.US,sell,115.7704,12.93,target_rebalance,537.0443,386,158.6532967030378,55.95
2023-01-10,LRCX.US,buy,54.348,29.02,signal,0.0,0,0.0,0.0
2024-01-31,LRCX.US,sell,80.4001,29.02,target_rebalance,756.0326,386,174.3954219404996,47.94
2023-01-10,NVDA.US,buy,34.2579,33.97,signal,0.0,0,0.0,0.0
2024-01-31,NVDA.US,sell,61.2696,33.97,target_rebalance,917.59,386,150.08949187952246,78.85
2023-01-10,TSM.US,buy,87.8445,4.17,signal,0.0,0,0.0,0.0
2024-01-31,TSM.US,sell,109.7503,4.17,target_rebalance,91.3474,386,156.66258477515936,24.94
2023-01-10,AMD.US,buy,106.6761,22.39,signal,0.0,0,0.0,0.0
2024-02-01,AMD.US,sell,169.1007,22.39,target_rebalance,1397.6886,387,138.56420002734242,58.52
2023-01-10,ASML.US,buy,637.0085,7.28,signal,0.0,0,0.0,0.0
2024-02-01,ASML.US,sell,862.0005,7.28,target_rebalance,1637.9417,387,163.016667929248,35.32
2023-01-10,LRCX.US,buy,54.348,4.0,signal,0.0,0,0.0,0.0
2024-02-01,LRCX.US,sell,81.3636,4.0,target_rebalance,108.0622,387,175.3954219404996,49.71
2023-01-10,AMD.US,buy,106.6761,51.27,signal,0.0,0,0.0,0.0
2024-02-02,AMD.US,sell,173.6162,51.27,target_rebalance,3432.0214,388,139.5642000273424,62.75
2023-01-10,AVGO.US,buy,74.6905,31.82,signal,0.0,0,0.0,0.0
2024-02-02,AVGO.US,sell,117.6488,31.82,target_rebalance,1366.9354,388,158.906065527206,57.52
2023-01-10,NVDA.US,buy,34.2579,161.43,signal,0.0,0,0.0,0.0
2024-02-02,NVDA.US,sell,63.7966,161.43,target_rebalance,4768.4402,388,152.08949187952243,86.22
2023-01-10,AMD.US,buy,106.6761,18.8,signal,0.0,0,0.0,0.0
2024-02-05,AMD.US,sell,178.9109,18.8,target_rebalance,1358.0152,391,140.5642000273424,67.71
2023-01-10,NVDA.US,buy,34.2579,305.88,signal,0.0,0,0.0,0.0
2024-02-05,NVDA.US,sell,68.0358,305.88,target_rebalance,10332.0091,391,153.08949187952243,98.6
2023-01-10,AMAT.US,buy,124.518,3.18,signal,0.0,0,0.0,0.0
2024-02-06,AMAT.US,sell,167.2197,3.18,target_rebalance,135.7914,392,163.22092842398627,34.29
2023-01-10,ASML.US,buy,642.4262,1.02,signal,0.0,0,0.0,0.0
2024-02-06,ASML.US,sell,879.6378,1.02,target_rebalance,241.9559,392,162.11106931431004,36.92
2023-01-10,AVGO.US,buy,74.9746,67.46,signal,0.0,0,0.0,0.0
2024-02-06,AVGO.US,sell,122.9845,67.46,target_rebalance,3238.7482,392,159.89564021444767,64.03
2023-01-10,LRCX.US,buy,54.9184,22.1,signal,0.0,0,0.0,0.0
2024-02-06,LRCX.US,sell,83.4225,22.1,target_rebalance,629.9403,392,174.69242990370697,51.9
2023-01-10,NVDA.US,buy,34.2579,68.07,signal,0.0,0,0.0,0.0
2024-02-06,NVDA.US,sell,69.437,68.07,target_rebalance,2394.6404,392,154.08949187952243,102.69
2023-01-10,TSM.US,buy,88.0588,53.03,signal,0.0,0,0.0,0.0
2024-02-06,TSM.US,sell,116.1516,53.03,target_rebalance,1489.7632,392,159.2096163726714,31.9
2023-01-10,AMAT.US,buy,124.518,31.82,signal,0.0,0,0.0,0.0
2024-02-07,AMAT.US,sell,166.7307,31.82,target_rebalance,1343.208,393,164.2209284239863,33.9
2023-01-10,ASML.US,buy,642.4262,11.74,signal,0.0,0,0.0,0.0
2024-02-07,ASML.US,sell,885.9894,11.74,target_rebalance,2859.4325,393,163.11106931431007,37.91
2023-01-10,TSM.US,buy,88.0588,54.4,signal,0.0,0,0.0,0.0
2024-02-07,TSM.US,sell,116.0453,54.4,target_rebalance,1522.4647,393,160.2096163726714,31.78
2023-01-10,AVGO.US,buy,75.3408,19.83,signal,0.0,0,0.0,0.0
2024-02-08,AVGO.US,sell,123.3184,19.83,target_rebalance,951.3963,394,160.5973193823676,63.68
2023-01-10,NVDA.US,buy,34.3743,27.55,signal,0.0,0,0.0,0.0
2024-02-08,NVDA.US,sell,69.8797,27.55,target_rebalance,978.1736,394,155.55846593799822,103.29
2023-01-10,TSM.US,buy,88.0588,155.29,signal,0.0,0,0.0,0.0
2024-02-08,TSM.US,sell,122.8044,155.29,target_rebalance,5395.6384,394,161.2096163726714,39.46
2023-01-10,AMAT.US,buy,125.3713,90.69,signal,0.0,0,0.0,0.0
2024-02-09,AMAT.US,sell,175.0922,90.69,target_rebalance,4509.1862,395,162.8686607834321,39.66
2023-01-10,LRCX.US,buy,55.0588,65.13,signal,0.0,0,0.0,0.0
2024-02-09,LRCX.US,sell,86.0731,65.13,target_rebalance,2019.9653,395,176.80646553680396,56.33
2023-01-10,TSM.US,buy,88.0588,152.86,signal,0.0,0,0.0,0.0
2024-02-09,TSM.US,sell,130.0566,152.86,target_rebalance,6419.7818,395,162.20961637267138,47.69
2023-01-10,AMAT.US,buy,125.3713,52.28,signal,0.0,0,0.0,0.0
2024-02-12,AMAT.US,sell,181.1848,52.28,target_rebalance,2917.9288,398,163.8686607834321,44.52
2023-01-10,AVGO.US,buy,76.6956,48.69,signal,0.0,0,0.0,0.0
2024-02-12,AVGO.US,sell,125.558,48.69,target_rebalance,2379.1084,398,157.91550390387968,63.71
2023-01-10,LRCX.US,buy,55.0588,73.1,signal,0.0,0,0.0,0.0
2024-02-12,LRCX.US,sell,88.5673,73.1,target_rebalance,2449.4732,398,177.80646553680393,60.86
2023-01-10,NVDA.US,buy,34.7687,77.12,signal,0.0,0,0.0,0.0
2024-02-12,NVDA.US,sell,72.3987,77.12,target_rebalance,2902.0233,398,155.84808111933307,108.23
2023-01-10,AMAT.US,buy,125.3713,2.45,signal,0.0,0,0.0,0.0
2024-02-13,AMAT.US,sell,174.6619,2.45,target_rebalance,120.7619,399,164.8686607834321,39.32
2023-01-10,AMD.US,buy,112.1402,23.19,signal,0.0,0,0.0,0.0
2024-02-13,AMD.US,sell,167.7721,23.19,target_rebalance,1290.1036,399,134.62961715699385,49.61
2023-01-10,LRCX.US,buy,55.0588,21.22,signal,0.0,0,0.0,0.0
2024-02-13,LRCX.US,sell,85.6134,21.22,target_rebalance,648.37,399,178.80646553680396,55.49
2023-01-10,NVDA.US,buy,34.7687,48.62,signal,0.0,0,0.0,0.0
2024-02-13,NVDA.US,sell,70.2048,48.62,target_rebalance,1722.9026,399,156.84808111933307,101.92
2023-01-10,AMD.US,buy,112.1402,24.62,signal,0.0,0,0.0,0.0
2024-02-14,AMD.US,sell,173.2965,24.62,target_rebalance,1505.6696,400,135.62961715699382,54.54
2023-01-10,ASML.US,buy,650.3562,0.2,signal,0.0,0,0.0,0.0
2024-02-14,ASML.US,sell,895.2772,0.2,target_rebalance,48.9842,400,162.88405438833644,37.66
2023-01-10,AVGO.US,buy,76.8688,4.51,signal,0.0,0,0.0,0.0
2024-02-14,AVGO.US,sell,123.5364,4.51,target_rebalance,210.4709,400,159.28661431184906,60.71
2023-01-10,LRCX.US,buy,55.0588,77.24,signal,0.0,0,0.0,0.0
2024-02-14,LRCX.US,sell,88.8734,77.24,target_rebalance,2611.8449,400,179.80646553680396,61.42
2023-01-10,NVDA.US,buy,34.7687,105.95,signal,0.0,0,0.0,0.0
2024-02-14,NVDA.US,sell,72.9991,105.95,target_rebalance,4050.5035,400,157.84808111933307,109.96
2023-01-10,AMAT.US,buy,125.3713,50.47,signal,0.0,0,0.0,0.0
2024-02-15,AMAT.US,sell,184.8326,50.47,target_rebalance,3001.0095,401,166.8686607834321,47.43
2023-01-10,AMD.US,buy,112.1402,51.34,signal,0.0,0,0.0,0.0
2024-02-15,AMD.US,sell,178.9609,51.34,target_rebalance,3430.5742,401,136.62961715699382,59.59
2023-01-10,ASML.US,buy,650.3562,0.41,signal,0.0,0,0.0,0.0
2024-02-15,ASML.US,sell,909.2723,0.41,target_rebalance,106.1556,401,163.8840543883365,39.81
2023-01-10,AMAT.US,buy,125.3713,172.58,signal,0.0,0,0.0,0.0
2024-02-16,AMAT.US,sell,197.5655,172.58,target_rebalance,12459.2684,402,167.8686607834321,57.58
2023-01-10,ASML.US,buy,650.3562,0.03,signal,0.0,0,0.0,0.0
2024-02-16,ASML.US,sell,912.8444,0.03,target_rebalance,7.8746,402,164.88405438833647,40.36
2023-01-10,LRCX.US,buy,55.1566,107.03,signal,0.0,0,0.0,0.0
2024-02-16,LRCX.US,sell,91.9819,107.03,target_rebalance,3941.4074,402,181.299425444128,66.76
2023-01-10,ASML.US,buy,650.3562,3.81,signal,0.0,0,0.0,0.0
2024-02-20,ASML.US,sell,899.0157,3.81,target_rebalance,947.3924,406,165.8840543883365,38.23
2023-01-10,AVGO.US,buy,77.9991,5.62,signal,0.0,0,0.0,0.0
2024-02-20,AVGO.US,sell,120.2875,5.62,target_rebalance,237.6608,406,158.35176906282493,54.22
2023-01-10,TSM.US,buy,90.8058,76.27,signal,0.0,0,0.0,0.0
2024-02-20,TSM.US,sell,122.698,76.27,target_rebalance,2432.4149,406,156.10529386798189,35.12
2023-01-10,ASML.US,buy,650.3562,1.44,signal,0.0,0,0.0,0.0
2024-02-21,ASML.US,sell,878.3166,1.44,target_rebalance,328.2629,407,166.88405438833644,35.05
2023-01-10,AVGO.US,buy,77.9991,47.9,signal,0.0,0,0.0,0.0
2024-02-21,AVGO.US,sell,118.5492,47.9,target_rebalance,1942.3486,407,159.3517690628249,51.99
2023-01-10,MU.US,buy,68.8495,279.39,signal,0.0,0,0.0,0.0
2024-02-21,MU.US,sell,80.0574,279.39,target_rebalance,3131.3952,407,135.11817730297855,16.28
2023-01-10,TSM.US,buy,90.8058,26.06,signal,0.0,0,0.0,0.0
2024-02-21,TSM.US,sell,120.3193,26.06,target_rebalance,769.1204,407,157.10529386798189,32.5
2023-01-10,AMD.US,buy,114.9007,13.96,signal,0.0,0,0.0,0.0
2024-02-22,AMD.US,sell,173.0268,13.96,target_rebalance,811.4406,408,133.8320235772091,50.59
2023-01-10,NVDA.US,buy,36.2064,292.97,signal,0.0,0,0.0,0.0
2024-02-22,NVDA.US,sell,74.817,292.97,target_rebalance,11311.75,408,156.12009297678574,106.64
2023-01-10,AMD.US,buy,114.9007,73.24,signal,0.0,0,0.0,0.0
2024-02-23,AMD.US,sell,181.6781,73.24,target_rebalance,4890.7814,409,134.8320235772091,58.12
2023-01-10,NVDA.US,buy,36.2064,341.96,signal,0.0,0,0.0,0.0
2024-02-23,NVDA.US,sell,80.566,341.96,target_rebalance,15169.2168,409,157.1200929767857,122.52
2023-01-10,AMAT.US,buy,128.1202,6.94,signal,0.0,0,0.0,0.0
2024-02-26,AMAT.US,sell,195.7256,6.94,target_rebalance,469.1808,412,165.77913183656077,52.77
2023-01-10,AVGO.US,buy,78.3282,5.71,signal,0.0,0,0.0,0.0
2024-02-26,AVGO.US,sell,127.5036,5.71,target_rebalance,280.7916,412,161.2605974960641,62.78
2023-01-10,MU.US,buy,69.0066,221.49,signal,0.0,0,0.0,0.0
2024-02-26,MU.US,sell,88.8668,221.49,target_rebalance,4398.8371,412,136.8238631855904,28.78
2023-01-10,AMAT.US,buy,128.1202,38.14,signal,0.0,0,0.0,0.0
2024-02-27,AMAT.US,sell,199.5754,38.14,target_rebalance,2725.299,413,166.77913183656077,55.77
2023-01-10,ASML.US,buy,658.1811,2.64,signal,0.0,0,0.0,0.0
2024-02-27,ASML.US,sell,932.6823,2.64,target_rebalance,724.6832,413,166.15495148706347,41.71
2023-01-10,MU.US,buy,69.0066,113.24,signal,0.0,0,0.0,0.0
2024-02-27,MU.US,sell,91.0568,113.24,target_rebalance,2496.9607,413,137.8238631855904,31.95
2023-01-10,AMD.US,buy,117.0263,49.71,signal,0.0,0,0.0,0.0
2024-02-28,AMD.US,sell,176.0737,49.71,target_rebalance,2935.2466,414,133.1724851136766,50.46
2023-01-10,ASML.US,buy,658.1811,0.9,signal,0.0,0,0.0,0.0
2024-02-28,ASML.US,sell,919.0199,0.9,target_rebalance,234.7549,414,167.1549514870635,39.63
2023-01-10,AVGO.US,buy,78.5397,8.09,signal,0.0,0,0.0,0.0
2024-02-28,AVGO.US,sell,125.849,8.09,target_rebalance,382.7324,414,162.5652979507391,60.24
2023-01-10,MU.US,buy,69.0066,3.64,signal,0.0,0,0.0,0.0
2024-02-28,MU.US,sell,89.6397,3.64,target_rebalance,75.1046,414,138.8238631855904,29.9
2023-01-10,AMD.US,buy,117.0263,33.1,signal,0.0,0,0.0,0.0
2024-02-29,AMD.US,sell,179.6402,33.1,target_rebalance,2072.5182,415,134.1724851136766,53.5
2023-01-10,LRCX.US,buy,56.6736,57.11,signal,0.0,0,0.0,0.0
2024-02-29,LRCX.US,sell,91.5965,57.11,target_rebalance,1994.4449,415,181.50403032419558,61.62
2023-01-10,NVDA.US,buy,37.2744,52.91,signal,0.0,0,0.0,0.0
2024-02-29,NVDA.US,sell,78.8747,52.91,target_rebalance,2201.0725,415,157.15261613326624,111.61
2023-01-10,AMD.US,buy,117.0263,207.54,signal,0.0,0,0.0,0.0
2024-03-01,AMD.US,sell,197.7121,207.54,target_rebalance,16745.5206,416,135.1724851136766,68.95
2023-01-10,AVGO.US,buy,78.8723,22.78,signal,0.0,0,0.0,0.0
2024-03-04,AVGO.US,sell,136.57,22.78,target_rebalance,1314.3541,419,164.48718615907276,73.15
2023-01-10,MU.US,buy,69.3474,10.84,signal,0.0,0,0.0,0.0
2024-03-04,MU.US,sell,96.0511,10.84,target_rebalance,289.4681,419,139.63356549155333,38.51
2023-01-10,TSM.US,buy,92.6524,93.24,signal,0.0,0,0.0,0.0
2024-03-04,TSM.US,sell,135.3169,93.24,target_rebalance,3978.0329,419,156.57393787215295,46.05
2023-01-10,ASML.US,buy,665.3235,5.03,signal,0.0,0,0.0,0.0
2024-03-05,ASML.US,sell,968.6096,5.03,target_rebalance,1525.5293,420,166.88785632394269,45.58
2023-01-10,AVGO.US,buy,78.8723,31.99,signal,0.0,0,0.0,0.0
2024-03-05,AVGO.US,sell,135.7767,31.99,target_rebalance,1820.3735,420,165.4871861590728,72.15
2023-01-10,NVDA.US,buy,37.7493,177.64,signal,0.0,0,0.0,0.0
2024-03-05,NVDA.US,sell,85.0376,177.64,target_rebalance,8400.2952,420,158.39228706155552,125.27
2023-01-10,AMD.US,buy,118.8126,91.05,signal,0.0,0,0.0,0.0
2024-03-06,AMD.US,sell,210.2196,91.05,target_rebalance,8322.6081,421,135.3405352930683,76.93
2023-01-10,NVDA.US,buy,37.7493,118.64,signal,0.0,0,0.0,0.0
2024-03-06,NVDA.US,sell,87.7821,118.64,target_rebalance,5935.8908,421,159.39228706155552,132.54
2023-01-10,ASML.US,buy,669.7958,3.59,signal,0.0,0,0.0,0.0
2024-03-07,ASML.US,sell,994.0162,3.59,target_rebalance,1163.9511,422,166.40578177615188,48.41
2023-01-10,MU.US,buy,69.7921,106.02,signal,0.0,0,0.0,0.0
2024-03-07,MU.US,sell,98.0329,106.02,target_rebalance,2994.0986,422,140.07340360822147,40.46
2023-01-10,NVDA.US,buy,37.7493,21.59,signal,0.0,0,0.0,0.0
2024-03-07,NVDA.US,sell,89.9123,21.59,target_rebalance,1126.1987,422,160.39228706155552,138.18
2023-01-10,TSM.US,buy,92.9329,87.19,signal,0.0,0,0.0,0.0
2024-03-07,TSM.US,sell,140.113,87.19,target_rebalance,4113.6309,422,158.48478857143445,50.77
2023-01-10,ASML.US,buy,669.7958,1.56,signal,0.0,0,0.0,0.0
2024-03-08,ASML.US,sell,1016.7314,1.56,target_rebalance,541.2195,423,167.40578177615188,51.8
2023-01-10,NVDA.US,buy,37.7493,220.22,signal,0.0,0,0.0,0.0
2024-03-08,NVDA.US,sell,94.8787,220.22,target_rebalance,12581.0366,423,161.39228706155552,151.34
2023-01-10,TSM.US,buy,92.9329,167.95,signal,0.0,0,0.0,0.0
2024-03-08,TSM.US,sell,148.8156,167.95,target_rebalance,9385.5029,423,159.48478857143445,60.13
2023-01-10,AMAT.US,buy,132.9085,43.68,signal,0.0,0,0.0,0.0
2024-03-11,AMAT.US,sell,199.1346,43.68,target_rebalance,2892.7565,426,165.08076338299298,49.83
2023-01-10,AMD.US,buy,121.1136,26.62,signal,0.0,0,0.0,0.0
2024-03-11,AMD.US,sell,202.807,26.62,target_rebalance,2174.6781,426,135.0047962360422,67.45
2023-01-10,ASML.US,buy,669.7958,1.5,signal,0.0,0,0.0,0.0
2024-03-11,ASML.US,sell,958.6172,1.5,target_rebalance,433.2321,426,168.40578177615185,43.12
2023-01-10,LRCX.US,buy,58.755,50.35,signal,0.0,0,0.0,0.0
2024-03-11,LRCX.US,sell,92.2459,50.35,target_rebalance,1686.2672,426,178.58700002260193,57.0
2023-01-10,MU.US,buy,70.0387,113.55,signal,0.0,0,0.0,0.0
2024-03-11,MU.US,sell,95.0304,113.55,target_rebalance,2837.812,426,140.88920215704653,35.68
2023-01-10,AMAT.US,buy,132.9085,4.47,signal,0.0,0,0.0,0.0
2024-03-12,AMAT.US,sell,199.7223,4.47,target_rebalance,298.658,427,166.080763382993,50.27
2023-01-10,AVGO.US,buy,82.8916,86.85,signal,0.0,0,0.0,0.0
2024-03-12,AVGO.US,sell,127.2116,86.85,target_rebalance,3849.1909,427,157.70132491779094,53.47
2023-01-10,NVDA.US,buy,39.311,99.78,signal,0.0,0,0.0,0.0
2024-03-12,NVDA.US,sell,87.809,99.78,target_rebalance,4839.1279,427,158.17560861864865,123.37
2023-01-10,TSM.US,buy,93.1993,11.73,signal,0.0,0,0.0,0.0
2024-03-12,TSM.US,sell,139.7455,11.73,target_rebalance,545.9878,427,160.55990208359015,49.94
2023-01-10,ASML.US,buy,673.2366,7.93,signal,0.0,0,0.0,0.0
2024-03-13,ASML.US,sell,962.1994,7.93,target_rebalance,2291.4748,428,168.3112368800666,42.92
2023-01-10,LRCX.US,buy,59.0015,1.38,signal,0.0,0,0.0,0.0
2024-03-13,LRCX.US,sell,91.8466,1.38,target_rebalance,45.3262,428,179.24261985213008,55.67
2023-01-10,NVDA.US,buy,39.311,205.48,signal,0.0,0,0.0,0.0
2024-03-13,NVDA.US,sell,90.8068,205.48,target_rebalance,10581.3506,428,159.17560861864862,131.0
2023-01-10,AMAT.US,buy,133.1759,18.45,signal,0.0,0,0.0,0.0
2024-03-14,AMAT.US,sell,197.8121,18.45,target_rebalance,1192.5391,429,167.40713017344575,48.53
2023-01-10,LRCX.US,buy,59.0015,63.95,signal,0.0,0,0.0,0.0
2024-03-14,LRCX.US,sell,91.5466,63.95,target_rebalance,2081.2583,429,180.24261985213005,55.16
2023-01-10,TSM.US,buy,93.6415,34.96,signal,0.0,0,0.0,0.0
2024-03-14,TSM.US,sell,137.8986,34.96,target_rebalance,1547.2281,429,160.98616022469568,47.26
2023-01-10,AMAT.US,buy,133.1759,32.82,signal,0.0,0,0.0,0.0
2024-03-15,AMAT.US,sell,195.3729,32.82,target_rebalance,2041.3064,430,168.40713017344575,46.7
2023-01-10,ASML.US,buy,673.2366,4.88,signal,0.0,0,0.0,0.0
2024-03-15,ASML.US,sell,934.4244,4.88,target_rebalance,1274.5963,430,170.31123688006662,38.8
2023-01-10,AVGO.US,buy,83.7482,67.21,signal,0.0,0,0.0,0.0
2024-03-15,AVGO.US,sell,122.0005,67.21,target_rebalance,2570.9409,430,157.46138773935465,45.68
2023-01-10,MU.US,buy,70.3864,79.63,signal,0.0,0,0.0,0.0
2024-03-15,MU.US,sell,91.6414,79.63,target_rebalance,1692.5379,430,142.77657946721652,30.2
2023-01-10,AMD.US,buy,125.1127,56.89,signal,0.0,0,0.0,0.0
2024-03-18,AMD.US,sell,193.0967,56.89,target_rebalance,3867.6118,433,132.338022238622,54.34
2023-01-10,MU.US,buy,70.3864,133.2,signal,0.0,0,0.0,0.0
2024-03-18,MU.US,sell,95.9421,133.2,target_rebalance,3404.0144,433,143.77657946721652,36.31
2023-01-10,NVDA.US,buy,39.6378,85.2,signal,0.0,0,0.0,0.0
2024-03-18,NVDA.US,sell,90.1416,85.2,target_rebalance,4302.9239,433,161.0760205360318,127.41
2023-01-10,TSM.US,buy,94.5929,54.08,signal,0.0,0,0.0,0.0
2024-03-18,TSM.US,sell,136.0993,54.08,target_rebalance,2244.6704,433,158.88616997169555,43.88
2023-01-10,AMAT.US,buy,133.8433,42.49,signal,0.0,0,0.0,0.0
2024-03-19,AMAT.US,sell,195.1182,42.49,target_rebalance,2603.5709,434,168.6619543864543,45.78
2023-01-10,ASML.US,buy,680.1586,9.64,signal,0.0,0,0.0,0.0
2024-03-19,ASML.US,sell,918.5306,9.64,target_rebalance,2297.9059,434,167.710461166068,35.05
2023-01-10,LRCX.US,buy,59.3145,113.11,signal,0.0,0,0.0,0.0
2024-03-19,LRCX.US,sell,89.5901,113.11,target_rebalance,3424.4747,434,181.42890222773315,51.04
2023-01-10,ASML.US,buy,680.1586,1.67,signal,0.0,0,0.0,0.0
2024-03-20,ASML.US,sell,935.6868,1.67,target_rebalance,426.7321,435,168.71046116606797,37.57
2023-01-10,AVGO.US,buy,84.5713,20.84,signal,0.0,0,0.0,0.0
2024-03-20,AVGO.US,sell,121.1086,20.84,target_rebalance,761.4386,435,157.06936996443017,43.2
2023-01-10,MU.US,buy,70.6716,47.54,signal,0.0,0,0.0,0.0
2024-03-20,MU.US,sell,94.1287,47.54,target_rebalance,1115.149,435,143.859472566464,33.19
2023-01-10,NVDA.US,buy,40.1151,109.29,signal,0.0,0,0.0,0.0
2024-03-20,NVDA.US,sell,89.5522,109.29,target_rebalance,5402.9824,435,161.43007135216897,123.24
2023-01-10,AVGO.US,buy,84.5713,25.93,signal,0.0,0,0.0,0.0
2024-03-21,AVGO.US,sell,129.8373,25.93,target_rebalance,1173.7484,436,158.0693699644302,53.52
2023-01-10,MU.US,buy,70.6716,633.08,signal,0.0,0,0.0,0.0
2024-03-21,MU.US,sell,112.342,633.08,target_rebalance,26380.7008,436,144.859472566464,58.96
2023-01-10,AVGO.US,buy,84.5713,159.27,signal,0.0,0,0.0,0.0
2024-03-22,AVGO.US,sell,131.9564,159.27,target_rebalance,7547.0328,437,159.06936996443017,56.03
2023-01-10,LRCX.US,buy,59.4881,115.17,signal,0.0,0,0.0,0.0
2024-03-22,LRCX.US,sell,96.5261,115.17,target_rebalance,4265.6635,437,183.5565899334392,62.26
2023-01-10,NVDA.US,buy,41.8804,29.32,signal,0.0,0,0.0,0.0
2024-03-22,NVDA.US,sell,90.8926,29.32,target_rebalance,1437.036,437,157.92828700367224,117.03
2023-01-10,ASML.US,buy,687.1645,2.54,signal,0.0,0,0.0,0.0
2024-03-25,ASML.US,sell,958.2553,2.54,target_rebalance,688.5705,440,167.59382758014885,39.45
2023-01-10,MU.US,buy,71.2456,37.93,signal,0.0,0,0.0,0.0
2024-03-25,MU.US,sell,109.2404,37.93,target_rebalance,1441.1408,440,144.64824334215288,53.33
2023-01-10,NVDA.US,buy,41.8804,195.14,signal,0.0,0,0.0,0.0
2024-03-25,NVDA.US,sell,93.6849,195.14,target_rebalance,10109.1318,440,158.92828700367224,123.7
2023-01-10,TSM.US,buy,96.0172,17.36,signal,0.0,0,0.0,0.0
2024-03-25,TSM.US,sell,136.0799,17.36,target_rebalance,695.4889,440,158.3921730132264,41.72
2023-01-10,AMD.US,buy,132.393,40.44,signal,0.0,0,0.0,0.0
2024-03-26,AMD.US,sell,179.3605,40.44,target_rebalance,1899.3635,441,120.6538467978499,35.48
2023-01-10,MU.US,buy,71.2456,274.83,signal,0.0,0,0.0,0.0
2024-03-26,MU.US,sell,117.9209,274.83,target_rebalance,12827.781,441,145.6482433421529,65.51
2023-01-10,AMD.US,buy,132.393,37.04,signal,0.0,0,0.0,0.0
2024-03-27,AMD.US,sell,179.78,37.04,target_rebalance,1755.2159,442,121.65384679784988,35.79
2023-01-10,MU.US,buy,71.2456,57.25,signal,0.0,0,0.0,0.0
2024-03-27,MU.US,sell,118.2182,57.25,target_rebalance,2689.1818,442,146.64824334215288,65.93
2023-01-10,AMAT.US,buy,135.9074,24.68,signal,0.0,0,0.0,0.0
2024-03-28,AMAT.US,sell,203.3273,24.68,target_rebalance,1663.9249,443,170.64236283900837,49.61
2023-01-10,AMD.US,buy,132.393,31.63,signal,0.0,0,0.0,0.0
2024-03-28,AMD.US,sell,179.2905,31.63,target_rebalance,1483.3686,443,122.65384679784988,35.42
2023-01-10,ASML.US,buy,691.0277,1.02,signal,0.0,0,0.0,0.0
2024-03-28,ASML.US,sell,948.8794,1.02,target_rebalance,263.0087,443,168.27163618083387,37.31
2023-01-10,LRCX.US,buy,60.3728,26.56,signal,0.0,0,0.0,0.0
2024-03-28,LRCX.US,sell,94.6843,26.56,target_rebalance,911.3132,443,182.93566846618683,56.83
2023-01-10,MU.US,buy,71.2456,72.17,signal,0.0,0,0.0,0.0
2024-03-28,MU.US,sell,118.4712,72.17,target_rebalance,3408.2707,443,147.6482433421529,66.29
2023-01-10,ASML.US,buy,691.0277,3.69,signal,0.0,0,0.0,0.0
2024-04-01,ASML.US,sell,958.8719,3.69,target_rebalance,988.3451,447,169.27163618083387,38.76
2023-01-10,LRCX.US,buy,60.3728,11.01,signal,0.0,0,0.0,0.0
2024-04-01,LRCX.US,sell,95.2792,11.01,target_rebalance,384.3203,447,183.93566846618688,57.82
2023-01-10,TSM.US,buy,97.2777,23.48,signal,0.0,0,0.0,0.0
2024-04-01,TSM.US,sell,133.2935,23.48,target_rebalance,845.6499,447,157.2142064768319,37.02
2023-01-10,MU.US,buy,71.4572,131.1,signal,0.0,0,0.0,0.0
2024-04-02,MU.US,sell,121.7147,131.1,target_rebalance,6588.7521,448,148.9821770468445,70.33
2023-01-10,TSM.US,buy,97.2777,96.05,signal,0.0,0,0.0,0.0
2024-04-02,TSM.US,sell,136.2935,96.05,target_rebalance,3747.4721,448,158.2142064768319,40.11
2023-01-10,ASML.US,buy,693.642,0.41,signal,0.0,0,0.0,0.0
2024-04-03,ASML.US,sell,945.2877,0.41,target_rebalance,103.1748,449,169.5487181927758,36.28
2023-01-10,AVGO.US,buy,85.9406,55.38,signal,0.0,0,0.0,0.0
2024-04-03,AVGO.US,sell,129.806,55.38,target_rebalance,2429.2697,449,161.23942631622887,51.04
2023-01-10,MU.US,buy,71.4572,3.98,signal,0.0,0,0.0,0.0
2024-04-03,MU.US,sell,121.2088,3.98,target_rebalance,198.0114,449,149.9821770468445,69.62
2023-01-10,NVDA.US,buy,44.9549,22.53,signal,0.0,0,0.0,0.0
2024-04-03,NVDA.US,sell,88.2428,22.53,target_rebalance,975.2772,449,154.6678626428282,96.29
2023-01-10,AMAT.US,buy,137.0066,1.13,signal,0.0,0,0.0,0.0
2024-04-04,AMAT.US,sell,207.2947,1.13,target_rebalance,79.4256,450,171.73312838771076,51.3
2023-01-10,AVGO.US,buy,85.9406,27.17,signal,0.0,0,0.0,0.0
2024-04-04,AVGO.US,sell,135.4088,27.17,target_rebalance,1344.0526,450,162.23942631622887,57.56
2023-01-10,MU.US,buy,71.4572,128.7,signal,0.0,0,0.0,0.0
2024-04-04,MU.US,sell,129.1241,128.7,target_rebalance,7421.7256,450,150.98217704684453,80.7
2023-01-10,TSM.US,buy,97.4991,0.7,signal,0.0,0,0.0,0.0
2024-04-04,TSM.US,sell,139.8082,0.7,target_rebalance,29.6163,450,159.27507488892869,43.39
2023-01-10,AMAT.US,buy,137.0066,19.87,signal,0.0,0,0.0,0.0
2024-04-05,AMAT.US,sell,200.7215,19.87,target_rebalance,1266.0153,451,172.7331283877108,46.5
2023-01-10,ASML.US,buy,695.7347,13.13,signal,0.0,0,0.0,0.0
2024-04-05,ASML.US,sell,955.6813,13.13,target_rebalance,3413.0985,451,170.27012300565661,37.36
2023-01-10,LRCX.US,buy,60.6773,60.54,signal,0.0,0,0.0,0.0
2024-04-05,LRCX.US,sell,94.6784,60.54,target_rebalance,2058.4246,451,186.3608507200011,56.04
2023-01-10,TSM.US,buy,97.4991,46.88,signal,0.0,0,0.0,0.0
2024-04-05,TSM.US,sell,135.9246,46.88,target_rebalance,1801.3863,451,160.27507488892869,39.41
2023-01-10,AMAT.US,buy,137.0066,52.08,signal,0.0,0,0.0,0.0
2024-04-08,AMAT.US,sell,208.5192,52.08,target_rebalance,3724.3764,454,173.73312838771076,52.2
2023-01-10,MU.US,buy,71.6848,69.08,signal,0.0,0,0.0,0.0
2024-04-08,MU.US,sell,128.0132,69.08,target_rebalance,3891.1622,454,152.31923441869378,78.58
2023-01-10,TSM.US,buy,97.4991,71.14,signal,0.0,0,0.0,0.0
2024-04-08,TSM.US,sell,141.0121,71.14,target_rebalance,3095.512,454,161.27507488892869,44.63
2023-01-10,AMD.US,buy,135.3116,37.62,signal,0.0,0,0.0,0.0
2024-04-09,AMD.US,sell,170.0398,37.62,target_rebalance,1306.473,455,119.87621384532211,25.67
2023-01-10,ASML.US,buy,696.9512,1.69,signal,0.0,0,0.0,0.0
2024-04-09,ASML.US,sell,972.5537,1.69,target_rebalance,465.7682,455,171.51234009407239,39.54
2023-01-10,AVGO.US,buy,86.6907,74.32,signal,0.0,0,0.0,0.0
2024-04-09,AVGO.US,sell,132.6768,74.32,target_rebalance,3417.6869,455,162.4770667601462,53.05
2023-01-10,LRCX.US,buy,61.0088,31.9,signal,0.0,0,0.0,0.0
2024-04-09,LRCX.US,sell,96.0909,31.9,target_rebalance,1119.1163,455,186.58615025566885,57.5
2023-01-10,TSM.US,buy,97.4991,32.89,signal,0.0,0,0.0,0.0
2024-04-09,TSM.US,sell,142.0023,32.89,target_rebalance,1463.7111,455,162.27507488892869,45.64
2023-01-10,AMAT.US,buy,137.3078,27.77,signal,0.0,0,0.0,0.0
2024-04-10,AMAT.US,sell,204.6302,27.77,target_rebalance,1869.5436,456,174.98623350680785,49.03
2023-01-10,AMD.US,buy,135.3116,9.35,signal,0.0,0,0.0,0.0
2024-04-10,AMD.US,sell,166.5433,9.35,target_rebalance,292.0159,456,120.8762138453221,23.08
2023-01-10,LRCX.US,buy,61.0088,9.0,signal,0.0,0,0.0,0.0
2024-04-10,LRCX.US,sell,94.0001,9.0,target_rebalance,296.9211,456,187.58615025566885,54.08
2023-01-10,TSM.US,buy,97.4991,107.29,signal,0.0,0,0.0,0.0
2024-04-10,TSM.US,sell,142.3616,107.29,target_rebalance,4813.2958,456,163.27507488892869,46.01
2023-01-10,ASML.US,buy,698.4717,2.36,signal,0.0,0,0.0,0.0
2024-04-11,ASML.US,sell,960.6236,2.36,target_rebalance,618.6786,457,172.45131299380134,37.53
2023-01-10,MU.US,buy,73.9879,40.88,signal,0.0,0,0.0,0.0
2024-04-11,MU.US,sell,121.9031,40.88,target_rebalance,1958.7763,457,148.33716566665086,64.76
2023-01-10,NVDA.US,buy,46.7462,173.19,signal,0.0,0,0.0,0.0
2024-04-11,NVDA.US,sell,87.1817,173.19,target_rebalance,7003.0319,457,153.8940578885515,86.5
2023-01-10,AVGO.US,buy,86.9676,51.81,signal,0.0,0,0.0,0.0
2024-04-12,AVGO.US,sell,132.1529,51.81,target_rebalance,2341.0503,458,164.4376589504999,51.96
2023-01-10,MU.US,buy,73.9879,86.57,signal,0.0,0,0.0,0.0
2024-04-12,MU.US,sell,124.2341,86.57,target_rebalance,4349.8144,458,149.33716566665086,67.91
2023-01-10,NVDA.US,buy,46.7462,165.9,signal,0.0,0,0.0,0.0
2024-04-12,NVDA.US,sell,89.4545,165.9,target_rebalance,7085.3131,458,154.89405788855146,91.36
2023-01-10,AMAT.US,buy,138.4172,32.94,signal,0.0,0,0.0,0.0
2024-04-15,AMAT.US,sell,207.5788,32.94,target_rebalance,2278.1826,461,175.09054052051314,49.97
2023-01-10,ASML.US,buy,701.2018,5.47,signal,0.0,0,0.0,0.0
2024-04-15,ASML.US,sell,964.411,5.47,target_rebalance,1439.7543,461,172.5764514867753,37.54
2023-01-10,AVGO.US,buy,86.9676,36.06,signal,0.0,0,0.0,0.0
2024-04-15,AVGO.US,sell,133.9114,36.06,target_rebalance,1692.7918,461,165.4376589504999,53.98
2023-01-10,LRCX.US,buy,61.279,38.26,signal,0.0,0,0.0,0.0
2024-04-15,LRCX.US,sell,95.6566,38.26,target_rebalance,1315.2877,461,189.07028130502158,56.1
2023-01-10,AMAT.US,buy,138.4172,12.56,signal,0.0,0,0.0,0.0
2024-04-16,AMAT.US,sell,202.1322,12.56,target_rebalance,800.2599,462,176.09054052051314,46.03
2023-01-10,AMD.US,buy,136.2307,56.51,signal,0.0,0,0.0,0.0
2024-04-16,AMD.US,sell,162.1177,56.51,target_rebalance,1462.876,462,121.10989549531958,19.0
2023-01-10,ASML.US,buy,701.2018,1.9,signal,0.0,0,0.0,0.0
2024-04-16,ASML.US,sell,937.8693,1.9,target_rebalance,449.6683,462,173.5764514867753,33.75
2023-01-10,LRCX.US,buy,61.279,17.96,signal,0.0,0,0.0,0.0
2024-04-16,LRCX.US,sell,93.0061,17.96,target_rebalance,569.8193,462,190.07028130502158,51.77
2023-01-10,AMD.US,buy,136.2307,1.11,signal,0.0,0,0.0,0.0
2024-04-17,AMD.US,sell,163.806,1.11,target_rebalance,30.6086,463,122.10989549531958,20.24
2023-01-10,AVGO.US,buy,87.2878,39.08,signal,0.0,0,0.0,0.0
2024-04-17,AVGO.US,sell,131.283,39.08,target_rebalance,1719.3323,463,166.16471961741263,50.4
2023-01-10,MU.US,buy,74.8885,41.2,signal,0.0,0,0.0,0.0
2024-04-17,MU.US,sell,121.0303,41.2,target_rebalance,1901.0415,463,149.53074224739714,61.61
2023-01-10,NVDA.US,buy,47.159,68.85,signal,0.0,0,0.0,0.0
2024-04-17,NVDA.US,sell,88.0992,68.85,target_rebalance,2818.734,463,156.37217550923987,86.81
2023-01-10,TSM.US,buy,99.4155,47.53,signal,0.0,0,0.0,0.0
2024-04-17,TSM.US,sell,137.0217,47.53,target_rebalance,1787.4211,463,160.52279152663445,37.83
2023-01-10,AMAT.US,buy,139.006,5.26,signal,0.0,0,0.0,0.0
2024-04-18,AMAT.US,sell,193.4431,5.26,target_rebalance,286.3388,464,176.45810748429676,39.16
2023-01-10,AVGO.US,buy,87.2878,20.54,signal,0.0,0,0.0,0.0
2024-04-18,AVGO.US,sell,125.8962,20.54,target_rebalance,793.0175,464,167.16471961741263,44.23
2023-01-10,LRCX.US,buy,61.4969,4.34,signal,0.0,0,0.0,0.0
2024-04-18,LRCX.US,sell,89.1235,4.34,target_rebalance,119.8996,464,190.7704499791132,44.92
2023-01-10,NVDA.US,buy,47.159,50.24,signal,0.0,0,0.0,0.0
2024-04-18,NVDA.US,sell,84.7384,50.24,target_rebalance,1887.9891,464,157.37217550923987,79.69
2023-01-10,AMAT.US,buy,139.006,23.77,signal,0.0,0,0.0,0.0
2024-04-19,AMAT.US,sell,190.2985,23.77,target_rebalance,1219.2221,465,177.4581074842968,36.9
2023-01-10,ASML.US,buy,706.5734,5.47,signal,0.0,0,0.0,0.0
2024-04-19,ASML.US,sell,868.52,5.47,target_rebalance,885.8476,465,172.3779466131586,22.92
2023-01-10,AVGO.US,buy,87.2878,8.59,signal,0.0,0,0.0,0.0
2024-04-19,AVGO.US,sell,123.0606,8.59,target_rebalance,307.2886,465,168.1647196174126,40.98
2023-01-10,LRCX.US,buy,61.4969,54.97,signal,0.0,0,0.0,0.0
2024-04-19,LRCX.US,sell,87.7228,54.97,target_rebalance,1441.6402,465,191.77044997911318,42.65
2023-01-10,NVDA.US,buy,47.159,20.11,signal,0.0,0,0.0,0.0
2024-04-19,NVDA.US,sell,82.9234,20.11,target_rebalance,719.2216,465,158.37217550923987,75.84
2023-01-10,AMAT.US,buy,139.006,32.57,signal,0.0,0,0.0,0.0
2024-04-22,AMAT.US,sell,187.6438,32.57,target_rebalance,1584.1327,468,178.45810748429676,34.99
2023-01-10,AMD.US,buy,136.3284,2.31,signal,0.0,0,0.0,0.0
2024-04-22,AMD.US,sell,148.0018,2.31,target_rebalance,26.9656,468,124.47022245632411,8.56
2023-01-10,ASML.US,buy,706.5734,3.57,signal,0.0,0,0.0,0.0
2024-04-22,ASML.US,sell,851.4518,3.57,target_rebalance,517.2158,468,173.3779466131586,20.5
2023-01-10,LRCX.US,buy,61.4969,28.65,signal,0.0,0,0.0,0.0
2024-04-22,LRCX.US,sell,85.9055,28.65,target_rebalance,699.3068,468,192.7704499791132,39.69
2023-01-10,MU.US,buy,76.0242,22.91,signal,0.0,0,0.0,0.0
2024-04-22,MU.US,sell,106.7272,22.91,target_rebalance,703.4068,468,147.54095000377495,40.39
2023-01-10,TSM.US,buy,99.8148,13.46,signal,0.0,0,0.0,0.0
2024-04-22,TSM.US,sell,123.0603,13.46,target_rebalance,312.8849,468,161.322334356994,23.29
2023-01-10,AMD.US,buy,136.3284,29.41,signal,0.0,0,0.0,0.0
2024-04-23,AMD.US,sell,151.4983,29.41,target_rebalance,446.147,469,125.47022245632412,11.13
2023-01-10,MU.US,buy,76.0242,21.55,signal,0.0,0,0.0,0.0
2024-04-23,MU.US,sell,108.8201,21.55,target_rebalance,706.7524,469,148.54095000377495,43.14
2023-01-10,NVDA.US,buy,48.2214,110.36,signal,0.0,0,0.0,0.0
2024-04-23,NVDA.US,sell,80.5488,110.36,target_rebalance,3567.6575,469,154.89048230664082,67.04
2023-01-10,TSM.US,buy,99.8148,87.49,signal,0.0,0,0.0,0.0
2024-04-23,TSM.US,sell,127.5361,87.49,target_rebalance,2425.3382,469,162.322334356994,27.77
2023-01-10,AMAT.US,buy,139.9442,12.02,signal,0.0,0,0.0,0.0
2024-04-24,AMAT.US,sell,193.9525,12.02,target_rebalance,649.1793,470,176.93112272348773,38.59
2023-01-10,ASML.US,buy,706.9482,1.24,signal,0.0,0,0.0,0.0
2024-04-24,ASML.US,sell,893.5841,1.24,target_rebalance,231.4285,470,174.9582474830867,26.4
2023-01-10,NVDA.US,buy,48.2214,32.8,signal,0.0,0,0.0,0.0
2024-04-24,NVDA.US,sell,83.7212,32.8,target_rebalance,1164.3926,470,155.89048230664082,73.62
2023-01-10,TSM.US,buy,99.8148,7.15,signal,0.0,0,0.0,0.0
2024-04-24,TSM.US,sell,132.1284,7.15,target_rebalance,231.0425,470,163.32233435699396,32.37
2023-01-10,AMAT.US,buy,139.9442,54.72,signal,0.0,0,0.0,0.0
2024-04-25,AMAT.US,sell,192.2773,54.72,target_rebalance,2863.6677,471,177.93112272348776,37.4
2023-01-10,AVGO.US,buy,87.8682,144.04,signal,0.0,0,0.0,0.0
2024-04-25,AVGO.US,sell,124.3763,144.04,target_rebalance,5258.6288,471,169.25677163701627,41.55
2023-01-10,LRCX.US,buy,61.7945,172.73,signal,0.0,0,0.0,0.0
2024-04-25,LRCX.US,sell,89.1333,172.73,target_rebalance,4722.2439,471,193.4566500988923,44.24
2023-01-10,AMD.US,buy,136.5878,8.64,signal,0.0,0,0.0,0.0
2024-04-26,AMD.US,sell,154.0858,8.64,target_rebalance,151.1823,472,125.9211229064484,12.81
2023-01-10,ASML.US,buy,708.8226,7.85,signal,0.0,0,0.0,0.0
2024-04-26,ASML.US,sell,894.6774,7.85,target_rebalance,1458.9604,472,174.77561029184523,26.22
2023-01-10,NVDA.US,buy,49.1954,199.46,signal,0.0,0,0.0,0.0
2024-04-26,NVDA.US,sell,83.5896,199.46,target_rebalance,6860.2574,472,152.89484161339286,69.91
2023-01-10,TSM.US,buy,100.2298,83.66,signal,0.0,0,0.0,0.0
2024-04-26,TSM.US,sell,132.8274,83.66,target_rebalance,2727.1149,472,162.76332710030948,32.52
2023-01-10,AMAT.US,buy,141.1773,21.85,signal,0.0,0,0.0,0.0
2024-04-29,AMAT.US,sell,199.3599,21.85,target_rebalance,1271.2904,475,175.80362872134188,41.21
2023-01-10,AMD.US,buy,136.5878,29.33,signal,0.0,0,0.0,0.0
2024-04-29,AMD.US,sell,158.9209,29.33,target_rebalance,655.0299,475,126.92112290644839,16.35
2023-01-10,AVGO.US,buy,87.8682,12.63,signal,0.0,0,0.0,0.0
2024-04-29,AVGO.US,sell,131.3778,12.63,target_rebalance,549.5268,475,171.25677163701627,49.52
2023-01-10,LRCX.US,buy,62.8122,4.68,signal,0.0,0,0.0,0.0
2024-04-29,LRCX.US,sell,90.3302,4.68,target_rebalance,128.7843,475,187.9729270419829,43.81
2023-01-10,NVDA.US,buy,49.1954,139.93,signal,0.0,0,0.0,0.0
2024-04-29,NVDA.US,sell,87.3562,139.93,target_rebalance,5339.8456,475,153.89484161339288,77.57
2023-01-10,AMAT.US,buy,141.1773,8.14,signal,0.0,0,0.0,0.0
2024-04-30,AMAT.US,sell,199.5166,8.14,target_rebalance,474.8822,476,176.80362872134188,41.32
2023-01-10,AMD.US,buy,136.5878,41.67,signal,0.0,0,0.0,0.0
2024-04-30,AMD.US,sell,160.4694,41.67,target_rebalance,995.1445,476,127.9211229064484,17.48
2023-01-10,LRCX.US,buy,62.8122,28.72,signal,0.0,0,0.0,0.0
2024-04-30,LRCX.US,sell,90.5576,28.72,target_rebalance,796.8484,476,188.9729270419829,44.17
2023-01-10,MU.US,buy,76.6886,16.62,signal,0.0,0,0.0,0.0
2024-04-30,MU.US,sell,113.2539,16.62,target_rebalance,607.714,476,150.73420651832836,47.68
2023-01-10,ASML.US,buy,715.2939,3.68,signal,0.0,0,0.0,0.0
2024-05-01,ASML.US,sell,854.3111,3.68,target_rebalance,511.5833,477,171.46397712104837,19.43
2023-01-10,MU.US,buy,76.6886,17.21,signal,0.0,0,0.0,0.0
2024-05-01,MU.US,sell,109.6236,17.21,target_rebalance,566.8103,477,151.73420651832834,42.95
2023-01-10,NVDA.US,buy,49.1954,57.72,signal,0.0,0,0.0,0.0
2024-05-01,NVDA.US,sell,84.8451,57.72,target_rebalance,2057.7008,477,155.89484161339286,72.47
2023-01-10,TSM.US,buy,100.6364,132.27,signal,0.0,0,0.0,0.0
2024-05-01,TSM.US,sell,133.4197,132.27,target_rebalance,4336.2403,477,163.80610185104177,32.58
2023-01-10,AMAT.US,buy,141.1773,11.6,signal,0.0,0,0.0,0.0
2024-05-02,AMAT.US,sell,192.2577,11.6,target_rebalance,592.5332,478,178.80362872134188,36.18
2023-01-10,ASML.US,buy,715.2939,6.08,signal,0.0,0,0.0,0.0
2024-05-02,ASML.US,sell,858.1262,6.08,target_rebalance,868.4205,478,172.46397712104832,19.97
2023-01-10,LRCX.US,buy,62.9815,5.16,signal,0.0,0,0.0,0.0
2024-05-02,LRCX.US,sell,86.3603,5.16,target_rebalance,120.6346,478,189.6280127595829,37.12
2023-01-10,MU.US,buy,76.6886,79.35,signal,0.0,0,0.0,0.0
2024-05-02,MU.US,sell,110.8337,79.35,target_rebalance,2709.4073,478,152.73420651832836,44.52
2023-01-10,AMAT.US,buy,141.1773,16.02,signal,0.0,0,0.0,0.0
2024-05-03,AMAT.US,sell,197.8807,16.02,target_rebalance,908.3883,479,179.8036287213419,40.16
2023-01-10,MU.US,buy,76.6886,28.7,signal,0.0,0,0.0,0.0
2024-05-03,MU.US,sell,114.097,28.7,target_rebalance,1073.6195,479,153.73420651832836,48.78
2023-01-10,NVDA.US,buy,49.205,87.06,signal,0.0,0,0.0,0.0
2024-05-03,NVDA.US,sell,87.5497,87.06,target_rebalance,3338.29,479,157.8520467312066,77.93
2023-01-10,AMD.US,buy,137.2003,20.86,signal,0.0,0,0.0,0.0
2024-05-06,AMD.US,sell,152.9469,20.86,target_rebalance,328.4743,482,124.78933916921392,11.48
2023-01-10,MU.US,buy,76.6886,92.64,signal,0.0,0,0.0,0.0
2024-05-06,MU.US,sell,118.8085,92.64,target_rebalance,3901.9799,482,154.73420651832836,54.92
2023-01-10,AMAT.US,buy,141.355,4.05,signal,0.0,0,0.0,0.0
2024-05-07,AMAT.US,sell,204.9731,4.05,target_rebalance,257.6531,483,181.27120196354537,45.01
2023-01-10,AMD.US,buy,137.2003,19.55,signal,0.0,0,0.0,0.0
2024-05-07,AMD.US,sell,156.1637,19.55,target_rebalance,370.7343,483,125.78933916921392,13.82
2023-01-10,AVGO.US,buy,89.4183,26.4,signal,0.0,0,0.0,0.0
2024-05-07,AVGO.US,sell,128.6761,26.4,target_rebalance,1036.4068,483,169.87561537385625,43.9
2023-01-10,NVDA.US,buy,49.2503,8.93,signal,0.0,0,0.0,0.0
2024-05-07,NVDA.US,sell,90.8497,8.93,target_rebalance,371.4822,483,159.67253476228709,84.47
2023-01-10,AMAT.US,buy,141.355,3.65,signal,0.0,0,0.0,0.0
2024-05-08,AMAT.US,sell,201.7109,3.65,target_rebalance,220.2992,484,182.27120196354537,42.7
2023-01-10,TSM.US,buy,101.3581,41.34,signal,0.0,0,0.0,0.0
2024-05-08,TSM.US,sell,137.0023,41.34,target_rebalance,1473.5319,484,165.37227930277908,35.17
2023-01-10,AVGO.US,buy,89.4183,35.84,signal,0.0,0,0.0,0.0
2024-05-09,AVGO.US,sell,128.812,35.84,target_rebalance,1411.8703,485,171.87561537385625,44.06
2023-01-10,LRCX.US,buy,63.3894,18.26,signal,0.0,0,0.0,0.0
2024-05-09,LRCX.US,sell,89.8871,18.26,target_rebalance,483.8485,485,191.62541754550966,41.8
2023-01-10,NVDA.US,buy,49.2503,4.64,signal,0.0,0,0.0,0.0
2024-05-09,NVDA.US,sell,90.2822,4.64,target_rebalance,190.388,485,161.67253476228709,83.31
2023-01-10,TSM.US,buy,101.3581,10.45,signal,0.0,0,0.0,0.0
2024-05-09,TSM.US,sell,138.779,10.45,target_rebalance,391.0489,485,166.37227930277908,36.92
2023-01-10,ASML.US,buy,716.5925,1.83,signal,0.0,0,0.0,0.0
2024-05-10,ASML.US,sell,907.162,1.83,target_rebalance,348.7421,486,177.16984532422362,26.59
2023-01-10,TSM.US,buy,101.3581,90.56,signal,0.0,0,0.0,0.0
2024-05-10,TSM.US,sell,142.9344,90.56,target_rebalance,3765.1552,486,167.3722793027791,41.02
2023-01-10,AVGO.US,buy,89.6991,77.76,signal,0.0,0,0.0,0.0
2024-05-13,AVGO.US,sell,131.761,77.76,target_rebalance,3270.7289,489,172.64346500985965,46.89
2023-01-10,MU.US,buy,77.1807,80.36,signal,0.0,0,0.0,0.0
2024-05-13,MU.US,sell,121.9329,80.36,target_rebalance,3596.284,489,157.93657392290726,57.98
2023-01-10,TSM.US,buy,101.3581,1.79,signal,0.0,0,0.0,0.0
2024-05-13,TSM.US,sell,143.7111,1.79,target_rebalance,75.8119,489,168.3722793027791,41.79
2023-01-10,AMD.US,buy,137.7242,12.9,signal,0.0,0,0.0,0.0
2024-05-14,AMD.US,sell,150.2796,12.9,target_rebalance,161.9643,490,126.2243210928155,9.12
2023-01-10,MU.US,buy,77.1807,54.23,signal,0.0,0,0.0,0.0
2024-05-14,MU.US,sell,121.9924,54.23,target_rebalance,2430.1367,490,158.93657392290726,58.06
2023-01-10,TSM.US,buy,101.3581,2.54,signal,0.0,0,0.0,0.0
2024-05-14,TSM.US,sell,142.2257,2.54,target_rebalance,103.8036,490,169.3722793027791,40.32
2023-01-10,AMAT.US,buy,141.9716,0.84,signal,0.0,0,0.0,0.0
2024-05-15,AMAT.US,sell,208.1665,0.84,target_rebalance,55.6037,491,185.4518481757645,46.63
2023-01-10,AMD.US,buy,137.7242,15.87,signal,0.0,0,0.0,0.0
2024-05-15,AMD.US,sell,155.4344,15.87,target_rebalance,281.0612,491,127.2243210928155,12.86
2023-01-10,AVGO.US,buy,89.6991,21.59,signal,0.0,0,0.0,0.0
2024-05-15,AVGO.US,sell,134.8888,21.59,target_rebalance,975.6457,491,174.64346500985968,50.38
2023-01-10,NVDA.US,buy,49.6902,8.15,signal,0.0,0,0.0,0.0
2024-05-15,NVDA.US,sell,92.2199,8.15,target_rebalance,346.6175,491,163.92589249005007,85.59
2023-01-10,TSM.US,buy,101.3581,64.91,signal,0.0,0,0.0,0.0
2024-05-15,TSM.US,sell,148.8957,64.91,target_rebalance,3085.6657,491,170.3722793027791,46.9
2023-01-10,AMAT.US,buy,141.9716,10.62,signal,0.0,0,0.0,0.0
2024-05-16,AMAT.US,sell,213.7699,10.62,target_rebalance,762.498,492,186.4518481757645,50.57
2023-01-10,AMD.US,buy,137.7242,40.99,signal,0.0,0,0.0,0.0
2024-05-16,AMD.US,sell,160.7591,40.99,target_rebalance,944.2001,492,128.2243210928155,16.73
2023-01-10,AVGO.US,buy,89.6991,43.38,signal,0.0,0,0.0,0.0
2024-05-16,AVGO.US,sell,139.3851,43.38,target_rebalance,2155.3789,492,175.64346500985965,55.39
2023-01-10,LRCX.US,buy,63.9166,16.64,signal,0.0,0,0.0,0.0
2024-05-16,LRCX.US,sell,93.1247,16.64,target_rebalance,486.0237,492,192.6422017709234,45.7
2023-01-10,NVDA.US,buy,49.6902,20.54,signal,0.0,0,0.0,0.0
2024-05-16,NVDA.US,sell,94.6513,20.54,target_rebalance,923.501,492,164.92589249005007,90.48
2023-01-10,AMD.US,buy,137.7242,161.91,signal,0.0,0,0.0,0.0
2024-05-17,AMD.US,sell,168.2616,161.91,target_rebalance,4944.3063,493,129.2243210928155,22.17
2023-01-10,LRCX.US,buy,63.9166,6.95,signal,0.0,0,0.0,0.0
2024-05-17,LRCX.US,sell,93.3581,6.95,target_rebalance,204.6181,493,193.64220177092344,46.06
2023-01-10,ASML.US,buy,725.7906,11.65,signal,0.0,0,0.0,0.0
2024-05-20,ASML.US,sell,907.9269,11.65,target_rebalance,2121.8876,496,174.30302834084517,25.09
2023-01-10,AVGO.US,buy,90.1347,2.39,signal,0.0,0,0.0,0.0
2024-05-20,AVGO.US,sell,136.4528,2.39,target_rebalance,110.7003,496,176.06155178504673,51.39
2023-01-10,MU.US,buy,77.7231,21.46,signal,0.0,0,0.0,0.0
2024-05-20,MU.US,sell,126.0988,21.46,target_rebalance,1038.144,496,161.18303014453681,62.24
2023-01-10,NVDA.US,buy,49.9191,36.1,signal,0.0,0,0.0,0.0
2024-05-20,NVDA.US,sell,93.4945,36.1,target_rebalance,1573.0714,496,166.07459928916398,87.29
2023-01-10,AMAT.US,buy,142.8857,51.46,signal,0.0,0,0.0,0.0
2024-05-21,AMAT.US,sell,213.5544,51.46,target_rebalance,3636.613,497,186.95193899492773,49.46
2023-01-10,LRCX.US,buy,64.5437,333.78,signal,0.0,0,0.0,0.0
2024-05-21,LRCX.US,sell,95.243,333.78,target_rebalance,10246.826,497,190.92835727127098,47.56
2023-01-10,AMD.US,buy,138.1824,16.17,signal,0.0,0,0.0,0.0
2024-05-22,AMD.US,sell,167.2426,16.17,target_rebalance,469.9036,498,129.95883713733528,21.03
2023-01-10,MU.US,buy,78.9999,59.57,signal,0.0,0,0.0,0.0
2024-05-22,MU.US,sell,126.7535,59.57,target_rebalance,2844.6781,498,158.6531365742212,60.45
2023-01-10,NVDA.US,buy,50.207,22.62,signal,0.0,0,0.0,0.0
2024-05-22,NVDA.US,sell,95.1988,22.62,target_rebalance,1017.7145,498,166.97158647026367,89.61
2023-01-10,TSM.US,buy,102.4038,28.57,signal,0.0,0,0.0,0.0
2024-05-22,TSM.US,sell,151.3423,28.57,target_rebalance,1398.1722,498,171.641990032478,47.79
2023-01-10,ASML.US,buy,728.1896,4.59,signal,0.0,0,0.0,0.0
2024-05-23,ASML.US,sell,948.9208,4.59,target_rebalance,1013.1561,499,174.98314594754035,30.31
2023-01-10,MU.US,buy,78.9999,6.22,signal,0.0,0,0.0,0.0
2024-05-23,MU.US,sell,130.7012,6.22,target_rebalance,321.5818,499,159.6531365742212,65.44
2023-01-10,NVDA.US,buy,50.207,232.81,signal,0.0,0,0.0,0.0
2024-05-23,NVDA.US,sell,101.7499,232.81,target_rebalance,11999.7045,499,167.97158647026367,102.66
2023-01-10,NVDA.US,buy,50.207,268.2,signal,0.0,0,0.0,0.0
2024-05-24,NVDA.US,sell,104.1643,268.2,target_rebalance,14471.3488,500,168.97158647026367,107.47
2023-01-10,TSM.US,buy,102.7395,26.78,signal,0.0,0,0.0,0.0
2024-05-24,TSM.US,sell,152.6239,26.78,target_rebalance,1335.9054,500,172.53725641194004,48.55
2023-01-10,AMD.US,buy,139.2527,75.31,signal,0.0,0,0.0,0.0
2024-05-28,AMD.US,sell,169.2506,75.31,target_rebalance,2259.1372,504,127.45349561211833,21.54
2023-01-10,ASML.US,buy,729.6578,5.16,signal,0.0,0,0.0,0.0
2024-05-28,ASML.US,sell,954.04,5.16,target_rebalance,1157.8122,504,175.65006076318426,30.75
2023-01-10,MU.US,buy,79.3476,9.64,signal,0.0,0,0.0,0.0
2024-05-28,MU.US,sell,130.6913,9.64,target_rebalance,494.953,504,160.4903989559553,64.71
2023-01-10,NVDA.US,buy,50.207,160.23,signal,0.0,0,0.0,0.0
2024-05-28,NVDA.US,sell,109.9435,160.23,target_rebalance,9571.5813,504,169.97158647026367,118.98
2023-01-10,NVDA.US,buy,50.207,194.09,signal,0.0,0,0.0,0.0
2024-05-29,NVDA.US,sell,112.7419,194.09,target_rebalance,12137.3905,505,170.9715864702637,124.55
2023-01-10,AMAT.US,buy,145.6269,7.99,signal,0.0,0,0.0,0.0
2024-05-30,AMAT.US,sell,213.9143,7.99,target_rebalance,545.6167,506,185.95565970059056,46.89
2023-01-10,AMD.US,buy,139.2594,13.46,signal,0.0,0,0.0,0.0
2024-05-30,AMD.US,sell,167.7321,13.46,target_rebalance,383.2427,506,129.4234118544846,20.45
2023-01-10,MU.US,buy,79.4495,15.92,signal,0.0,0,0.0,0.0
2024-05-30,MU.US,sell,129.2431,15.92,target_rebalance,792.7143,506,162.16034871646704,62.67
2023-01-10,NVDA.US,buy,50.207,93.41,signal,0.0,0,0.0,0.0
2024-05-30,NVDA.US,sell,114.3375,93.41,target_rebalance,5990.43,506,171.9715864702637,127.73
2023-01-10,AMAT.US,buy,145.6269,11.3,signal,0.0,0,0.0,0.0
2024-05-31,AMAT.US,sell,212.717,11.3,target_rebalance,758.1188,507,186.95565970059056,46.07
2023-01-10,AMD.US,buy,139.2594,7.55,signal,0.0,0,0.0,0.0
2024-05-31,AMD.US,sell,166.4833,7.55,target_rebalance,205.5409,507,130.4234118544846,19.55
2023-01-10,ASML.US,buy,730.0739,14.93,signal,0.0,0,0.0,0.0
2024-05-31,ASML.US,sell,953.0692,14.93,target_rebalance,3329.32,507,178.30045600222914,30.54
2023-01-10,LRCX.US,buy,66.1877,27.0,signal,0.0,0,0.0,0.0
2024-05-31,LRCX.US,sell,92.9954,27.0,target_rebalance,723.8069,507,187.59229203675517,40.5
2023-01-10,AMD.US,buy,139.2594,59.23,signal,0.0,0,0.0,0.0
2024-06-03,AMD.US,sell,170.6492,59.23,target_rebalance,1859.218,510,131.4234118544846,22.54
2023-01-10,MU.US,buy,80.3297,16.82,signal,0.0,0,0.0,0.0
2024-06-03,MU.US,sell,127.0907,16.82,target_rebalance,786.5198,510,161.04676692265815,58.21
2023-01-10,TSM.US,buy,104.6156,54.7,signal,0.0,0,0.0,0.0
2024-06-03,TSM.US,sell,150.6044,54.7,target_rebalance,2515.5902,510,170.76006088708786,43.96
2023-01-10,ASML.US,buy,732.0898,3.1,signal,0.0,0,0.0,0.0
2024-06-04,ASML.US,sell,943.6838,3.1,target_rebalance,655.9413,511,178.67578398525384,28.9
2023-01-10,MU.US,buy,80.3297,38.93,signal,0.0,0,0.0,0.0
2024-06-04,MU.US,sell,126.317,38.93,target_rebalance,1790.2857,511,162.04676692265815,57.25
2023-01-10,NVDA.US,buy,50.6558,169.99,signal,0.0,0,0.0,0.0
2024-06-04,NVDA.US,sell,115.4006,169.99,target_rebalance,11005.9736,511,173.72424919908624,127.81
2023-01-10,TSM.US,buy,104.6156,12.2,signal,0.0,0,0.0,0.0
2024-06-04,TSM.US,sell,148.9345,12.2,target_rebalance,540.6913,511,171.76006088708786,42.36
2023-01-10,AMAT.US,buy,146.0221,5.38,signal,0.0,0,0.0,0.0
2024-06-05,AMAT.US,sell,215.514,5.38,target_rebalance,373.8665,512,188.79999341802963,47.59
2023-01-10,ASML.US,buy,732.0898,22.12,signal,0.0,0,0.0,0.0
2024-06-05,ASML.US,sell,999.6924,22.12,target_rebalance,5919.3693,512,179.67578398525382,36.55
2023-01-10,TSM.US,buy,104.6156,42.31,signal,0.0,0,0.0,0.0
2024-06-05,TSM.US,sell,153.9734,42.31,target_rebalance,2088.3311,512,172.76006088708783,47.18
2023-01-10,AVGO.US,buy,93.8201,103.28,signal,0.0,0,0.0,0.0
2024-06-06,AVGO.US,sell,138.9814,103.28,target_rebalance,4664.2641,513,173.11517768417195,48.14
2023-01-10,MU.US,buy,80.785,27.03,signal,0.0,0,0.0,0.0
2024-06-06,MU.US,sell,132.7544,27.03,target_rebalance,1404.7329,513,162.49000446709786,64.33
2023-01-10,NVDA.US,buy,50.6558,82.95,signal,0.0,0,0.0,0.0
2024-06-06,NVDA.US,sell,123.7099,82.95,target_rebalance,6059.8384,513,175.72424919908624,144.22
2023-01-10,TSM.US,buy,104.6156,23.79,signal,0.0,0,0.0,0.0
2024-06-06,TSM.US,sell,159.7308,23.79,target_rebalance,1311.1919,513,173.76006088708786,52.68
2023-01-10,AMAT.US,buy,147.4085,47.98,signal,0.0,0,0.0,0.0
2024-06-07,AMAT.US,sell,220.0382,47.98,target_rebalance,3484.7721,514,187.1429780840485,49.27
2023-01-10,AMD.US,buy,140.8596,45.53,signal,0.0,0,0.0,0.0
2024-06-07,AMD.US,sell,166.4234,45.53,target_rebalance,1163.9208,514,126.48298016569953,18.15
2023-01-10,LRCX.US,buy,67.0628,105.28,signal,0.0,0,0.0,0.0
2024-06-07,LRCX.US,sell,95.3018,105.28,target_rebalance,2972.9952,514,186.5402475502841,42.11
2023-01-10,TSM.US,buy,104.6156,4.67,signal,0.0,0,0.0,0.0
2024-06-07,TSM.US,sell,158.8085,4.67,target_rebalance,253.0809,514,174.76006088708783,51.8
2023-01-10,AVGO.US,buy,93.8646,43.59,signal,0.0,0,0.0,0.0
2024-06-10,AVGO.US,sell,137.8016,43.59,target_rebalance,1915.215,517,174.9391081344863,46.81
2023-01-10,MU.US,buy,81.6786,20.46,signal,0.0,0,0.0,0.0
2024-06-10,MU.US,sell,128.6579,20.46,target_rebalance,961.1968,517,161.48560206106507,57.52
2023-01-10,NVDA.US,buy,52.4372,69.08,signal,0.0,0,0.0,0.0
2024-06-10,NVDA.US,sell,120.0419,69.08,target_rebalance,4670.131,517,173.1633146586396,128.92
2023-01-10,TSM.US,buy,104.6156,50.58,signal,0.0,0,0.0,0.0
2024-06-10,TSM.US,sell,159.226,50.58,target_rebalance,2762.1936,517,175.76006088708786,52.2
2023-01-10,AMAT.US,buy,147.9749,28.71,signal,0.0,0,0.0,0.0
2024-06-11,AMAT.US,sell,223.0413,28.71,target_rebalance,2155.1549,518,187.5906242514451,50.73
2023-01-10,LRCX.US,buy,67.2139,139.33,signal,0.0,0,0.0,0.0
2024-06-11,LRCX.US,sell,97.9268,139.33,target_rebalance,4279.2234,518,187.4814282563715,45.69
2023-01-10,MU.US,buy,81.6786,99.29,signal,0.0,0,0.0,0.0
2024-06-11,MU.US,sell,134.2224,99.29,target_rebalance,5217.073,518,162.4856020610651,64.33
2023-01-10,TSM.US,buy,104.6156,12.59,signal,0.0,0,0.0,0.0
2024-06-11,TSM.US,sell,163.2843,12.59,target_rebalance,738.639,518,176.76006088708783,56.08
2023-01-10,ASML.US,buy,739.0789,4.96,signal,0.0,0,0.0,0.0
2024-06-12,ASML.US,sell,1038.7246,4.96,target_rebalance,1486.243,519,179.98949180243198,40.54
2023-01-10,AVGO.US,buy,93.8674,88.81,signal,0.0,0,0.0,0.0
2024-06-12,AVGO.US,sell,146.6183,88.81,target_rebalance,4684.8083,519,176.92879138868787,56.2
2023-01-10,MU.US,buy,81.6786,13.04,signal,0.0,0,0.0,0.0
2024-06-12,MU.US,sell,137.3865,13.04,target_rebalance,726.4314,519,163.48560206106507,68.2
2023-01-10,TSM.US,buy,104.6156,38.5,signal,0.0,0,0.0,0.0
2024-06-12,TSM.US,sell,168.3135,38.5,target_rebalance,2452.3691,519,177.76006088708783,60.89
2023-01-10,AVGO.US,buy,93.8674,439.69,signal,0.0,0,0.0,0.0
2024-06-13,AVGO.US,sell,167.1448,439.69,target_rebalance,32219.3741,520,177.92879138868787,78.06
2023-01-10,MU.US,buy,81.6786,8.9,signal,0.0,0,0.0,0.0
2024-06-13,MU.US,sell,141.6318,8.9,target_rebalance,533.5833,520,164.48560206106507,73.4
2023-01-10,NVDA.US,buy,53.7139,104.35,signal,0.0,0,0.0,0.0
2024-06-13,NVDA.US,sell,129.0479,104.35,target_rebalance,7861.1094,520,172.97520767713172,140.25
2023-01-10,AMAT.US,buy,150.2412,47.66,signal,0.0,0,0.0,0.0
2024-06-14,AMAT.US,sell,229.7245,47.66,target_rebalance,3788.1766,521,185.1961825463582,52.9
2023-01-10,LRCX.US,buy,67.8516,18.38,signal,0.0,0,0.0,0.0
2024-06-14,LRCX.US,sell,100.4714,18.38,target_rebalance,599.5523,521,186.84479548606652,48.08
2023-01-10,NVDA.US,buy,53.7139,58.99,signal,0.0,0,0.0,0.0
2024-06-14,NVDA.US,sell,129.6164,58.99,target_rebalance,4477.492,521,173.97520767713172,141.31
2023-01-10,AVGO.US,buy,94.2078,161.24,signal,0.0,0,0.0,0.0
2024-06-17,AVGO.US,sell,175.9419,161.24,target_rebalance,13178.8185,524,179.075116403952,86.76
2023-01-10,MU.US,buy,81.6786,16.51,signal,0.0,0,0.0,0.0
2024-06-17,MU.US,sell,144.3992,16.51,target_rebalance,1035.5167,524,166.48560206106507,76.79
2023-01-10,NVDA.US,buy,53.7139,1.54,signal,0.0,0,0.0,0.0
2024-06-17,NVDA.US,sell,132.6384,1.54,target_rebalance,121.5438,524,174.97520767713172,146.94
2023-01-10,TSM.US,buy,106.2501,40.05,signal,0.0,0,0.0,0.0
2024-06-17,TSM.US,sell,173.2078,40.05,target_rebalance,2681.656,524,176.20653887512427,63.02
2023-01-10,AMAT.US,buy,151.0413,25.25,signal,0.0,0,0.0,0.0
2024-06-18,AMAT.US,sell,238.2627,25.25,target_rebalance,2202.3396,525,185.3901179506186,57.75
2023-01-10,AVGO.US,buy,94.2078,26.63,signal,0.0,0,0.0,0.0
2024-06-18,AVGO.US,sell,179.8117,26.63,target_rebalance,2279.6323,525,180.075116403952,90.87
2023-01-10,LRCX.US,buy,68.3766,161.91,signal,0.0,0,0.0,0.0
2024-06-18,LRCX.US,sell,105.1776,161.91,target_rebalance,5958.4566,525,185.88429246008513,53.82
2023-01-10,MU.US,buy,81.6786,125.27,signal,0.0,0,0.0,0.0
2024-06-18,MU.US,sell,150.5092,125.27,target_rebalance,8622.4104,525,167.48560206106507,84.27
2023-01-10,AMAT.US,buy,151.0413,0.16,signal,0.0,0,0.0,0.0
2024-06-20,AMAT.US,sell,242.4042,0.16,target_rebalance,14.6181,527,186.39011795061856,60.49
2023-01-10,LRCX.US,buy,68.3766,14.4,signal,0.0,0,0.0,0.0
2024-06-20,LRCX.US,sell,107.2311,14.4,target_rebalance,559.5047,527,186.8842924600851,56.82
2023-01-10,MU.US,buy,81.6786,78.52,signal,0.0,0,0.0,0.0
2024-06-20,MU.US,sell,155.7365,78.52,target_rebalance,5815.0241,527,168.48560206106507,90.67
2023-01-10,NVDA.US,buy,55.7721,234.74,signal,0.0,0,0.0,0.0
2024-06-20,NVDA.US,sell,139.4304,234.74,target_rebalance,19637.9559,527,172.29212832349052,150.0
2023-01-10,AMAT.US,buy,151.0413,33.84,signal,0.0,0,0.0,0.0
2024-06-21,AMAT.US,sell,233.8857,33.84,target_rebalance,2803.453,528,187.39011795061856,54.85
2023-01-10,AMD.US,buy,143.7818,363.61,signal,0.0,0,0.0,0.0
2024-06-21,AMD.US,sell,161.5882,363.61,target_rebalance,6474.6079,528,114.53413178903577,12.38
2023-01-10,ASML.US,buy,759.7012,17.76,signal,0.0,0,0.0,0.0
2024-06-21,ASML.US,sell,1018.1594,17.76,target_rebalance,4590.2167,528,172.7444566765157,34.02
2023-01-10,LRCX.US,buy,68.3766,116.42,signal,0.0,0,0.0,0.0
2024-06-21,LRCX.US,sell,104.0935,116.42,target_rebalance,4158.1585,528,187.8842924600851,52.24
2023-01-10,ASML.US,buy,759.7012,4.14,signal,0.0,0,0.0,0.0
2024-06-24,ASML.US,sell,1013.2459,4.14,target_rebalance,1049.6751,531,173.7444566765157,33.37
2023-01-10,MU.US,buy,86.0329,210.89,signal,0.0,0,0.0,0.0
2024-06-24,MU.US,sell,141.2847,210.89,target_rebalance,11652.0347,531,157.09868915740424,64.22
2023-01-10,AMAT.US,buy,151.7831,10.74,signal,0.0,0,0.0,0.0
2024-06-25,AMAT.US,sell,226.7411,10.74,target_rebalance,805.0487,532,187.6003158106596,49.38
2023-01-10,AMD.US,buy,143.7818,78.61,signal,0.0,0,0.0,0.0
2024-06-25,AMD.US,sell,160.5693,78.61,target_rebalance,1319.6637,532,116.53413178903577,11.68
2023-01-10,TSM.US,buy,107.1677,37.45,signal,0.0,0,0.0,0.0
2024-06-25,TSM.US,sell,165.5233,37.45,target_rebalance,2185.4175,532,178.65436930243587,54.45
2023-01-10,AMAT.US,buy,151.7831,4.37,signal,0.0,0,0.0,0.0
2024-06-26,AMAT.US,sell,230.6274,4.37,target_rebalance,344.5496,533,188.6003158106596,51.95
2023-01-10,LRCX.US,buy,68.5924,67.39,signal,0.0,0,0.0,0.0
2024-06-26,LRCX.US,sell,103.4679,67.39,target_rebalance,2350.263,533,189.62206032844713,50.84
2023-01-10,MU.US,buy,86.069,16.6,signal,0.0,0,0.0,0.0
2024-06-26,MU.US,sell,141.8798,16.6,target_rebalance,926.4589,533,158.99143448126435,64.84
2023-01-10,NVDA.US,buy,60.3868,121.44,signal,0.0,0,0.0,0.0
2024-06-26,NVDA.US,sell,125.7965,121.44,target_rebalance,7943.3557,533,164.82268950138916,108.32
2023-01-10,AMAT.US,buy,151.7831,43.24,signal,0.0,0,0.0,0.0
2024-06-27,AMAT.US,sell,233.0809,43.24,target_rebalance,3515.3151,534,189.6003158106596,53.56
2023-01-10,ASML.US,buy,763.8585,11.7,signal,0.0,0,0.0,0.0
2024-06-27,ASML.US,sell,1009.5878,11.7,target_rebalance,2875.0333,534,173.59698448161265,32.17
2023-01-10,LRCX.US,buy,68.5924,164.73,signal,0.0,0,0.0,0.0
2024-06-27,LRCX.US,sell,105.6922,164.73,target_rebalance,6111.461,534,190.62206032844713,54.09
2023-01-10,TSM.US,buy,107.217,47.76,signal,0.0,0,0.0,0.0
2024-06-27,TSM.US,sell,169.2633,47.76,target_rebalance,2963.3316,534,180.50867980317443,57.87
2023-01-10,AMD.US,buy,144.2505,84.82,signal,0.0,0,0.0,0.0
2024-06-28,AMD.US,sell,160.0698,84.82,target_rebalance,1341.7928,535,115.86782114147137,10.97
2023-01-10,ASML.US,buy,763.8585,0.95,signal,0.0,0,0.0,0.0
2024-06-28,ASML.US,sell,1008.1756,0.95,target_rebalance,232.1013,535,174.59698448161268,31.98
2023-01-10,AVGO.US,buy,100.7959,17.32,signal,0.0,0,0.0,0.0
2024-06-28,AVGO.US,sell,156.4854,17.32,target_rebalance,964.5421,535,170.3355884107302,55.25
2023-01-10,NVDA.US,buy,61.0156,25.36,signal,0.0,0,0.0,0.0
2024-06-28,NVDA.US,sell,124.2506,25.36,target_rebalance,1603.6406,535,165.1841513686682,103.64
2023-01-10,AMAT.US,buy,152.1221,10.18,signal,0.0,0,0.0,0.0
2024-07-01,AMAT.US,sell,232.4528,10.18,target_rebalance,817.7666,538,190.78909105455307,52.81
2023-01-10,AMD.US,buy,144.2505,22.85,signal,0.0,0,0.0,0.0
2024-07-01,AMD.US,sell,161.0888,22.85,target_rebalance,384.7547,538,116.86782114147137,11.67
2023-01-10,ASML.US,buy,763.8585,4.27,signal,0.0,0,0.0,0.0
2024-07-01,ASML.US,sell,1015.5802,4.27,target_rebalance,1074.8517,538,175.59698448161265,32.95
2023-01-10,AVGO.US,buy,100.7959,29.09,signal,0.0,0,0.0,0.0
2024-07-01,AVGO.US,sell,157.6935,29.09,target_rebalance,1655.1494,538,171.33558841073022,56.45
2023-01-10,TSM.US,buy,107.2678,21.28,signal,0.0,0,0.0,0.0
2024-07-01,TSM.US,sell,169.7016,21.28,target_rebalance,1328.5902,538,182.3584703834346,58.2
2023-01-10,AMAT.US,buy,152.1221,4.77,signal,0.0,0,0.0,0.0
2024-07-02,AMAT.US,sell,230.6471,4.77,target_rebalance,374.5639,539,191.7890910545531,51.62
2023-01-10,ASML.US,buy,763.8585,0.62,signal,0.0,0,0.0,0.0
2024-07-02,ASML.US,sell,1006.9693,0.62,target_rebalance,150.7287,539,176.59698448161265,31.83
2023-01-10,AVGO.US,buy,100.7959,123.79,signal,0.0,0,0.0,0.0
2024-07-02,AVGO.US,sell,160.8901,123.79,target_rebalance,7439.0573,539,172.3355884107302,59.62
2023-01-10,MU.US,buy,89.8339,15.1,signal,0.0,0,0.0,0.0
2024-07-02,MU.US,sell,128.8563,15.1,target_rebalance,589.2383,539,150.11889983288316,43.44
2023-01-10,AMAT.US,buy,152.1221,6.81,signal,0.0,0,0.0,0.0
2024-07-03,AMAT.US,sell,237.1439,6.81,target_rebalance,578.9982,540,192.78909105455307,55.89
2023-01-10,AMD.US,buy,144.4433,71.99,signal,0.0,0,0.0,0.0
2024-07-03,AMD.US,sell,164.0358,71.99,target_rebalance,1410.4668,540,117.112618725268,13.56
2023-01-10,ASML.US,buy,763.8585,3.24,signal,0.0,0,0.0,0.0
2024-07-03,ASML.US,sell,1037.9796,3.24,target_rebalance,888.1524,540,177.59698448161265,35.89
2023-01-10,TSM.US,buy,107.6583,47.04,signal,0.0,0,0.0,0.0
2024-07-03,TSM.US,sell,173.3539,47.04,target_rebalance,3090.3181,540,183.15981415840093,61.02
2023-01-10,AVGO.US,buy,101.1602,83.52,signal,0.0,0,0.0,0.0
2024-07-05,AVGO.US,sell,172.143,83.52,target_rebalance,5928.4808,542,173.33783187187345,70.17
2023-01-10,MU.US,buy,89.9374,6.29,signal,0.0,0,0.0,0.0
2024-07-05,MU.US,sell,135.7102,6.29,target_rebalance,287.9112,542,151.7466138189546,50.89
2023-01-10,NVDA.US,buy,63.3149,90.59,signal,0.0,0,0.0,0.0
2024-07-05,NVDA.US,sell,127.0432,90.59,target_rebalance,5773.1509,542,162.84794032692787,100.65
2023-01-10,TSM.US,buy,107.6583,24.74,signal,0.0,0,0.0,0.0
2024-07-05,TSM.US,sell,179.3437,24.74,target_rebalance,1773.4952,542,184.15981415840093,66.59
2023-01-10,AMD.US,buy,144.7649,201.04,signal,0.0,0,0.0,0.0
2024-07-08,AMD.US,sell,174.7251,201.04,target_rebalance,6023.1962,545,117.36131743558583,20.7
2023-01-10,TSM.US,buy,107.6583,114.54,signal,0.0,0,0.0,0.0
2024-07-08,TSM.US,sell,185.051,114.54,target_rebalance,8864.5597,545,185.15981415840093,71.89
2023-01-10,AMAT.US,buy,153.9644,17.64,signal,0.0,0,0.0,0.0
2024-07-09,AMAT.US,sell,243.3855,17.64,target_rebalance,1577.3889,546,191.7195491583856,58.08
2023-01-10,AMD.US,buy,144.7649,22.08,signal,0.0,0,0.0,0.0
2024-07-09,AMD.US,sell,177.792,22.08,target_rebalance,729.2389,546,118.36131743558583,22.81
2023-01-10,AVGO.US,buy,103.0446,66.11,signal,0.0,0,0.0,0.0
2024-07-09,AVGO.US,sell,172.241,66.11,target_rebalance,4574.576,546,170.38723646002146,67.15
2023-01-10,LRCX.US,buy,69.6901,14.74,signal,0.0,0,0.0,0.0
2024-07-09,LRCX.US,sell,108.6236,14.74,target_rebalance,573.8798,546,191.87394620300137,55.87
2023-01-10,NVDA.US,buy,63.3149,52.55,signal,0.0,0,0.0,0.0
2024-07-09,NVDA.US,sell,130.0054,52.55,target_rebalance,3504.5863,546,164.84794032692784,105.33
2023-01-10,AMAT.US,buy,153.9644,34.94,signal,0.0,0,0.0,0.0
2024-07-10,AMAT.US,sell,248.2925,34.94,target_rebalance,3295.8259,547,192.71954915838563,61.27
2023-01-10,AMD.US,buy,144.7649,13.43,signal,0.0,0,0.0,0.0
2024-07-10,AMD.US,sell,179.81,13.43,target_rebalance,470.6558,547,119.36131743558583,24.21
2023-01-10,LRCX.US,buy,69.6901,6.89,signal,0.0,0,0.0,0.0
2024-07-10,LRCX.US,sell,109.6027,6.89,target_rebalance,274.9978,547,192.87394620300142,57.27
2023-01-10,MU.US,buy,91.861,1.49,signal,0.0,0,0.0,0.0
2024-07-10,MU.US,sell,132.1359,1.49,target_rebalance,60.0096,547,147.52679670822164,43.84
2023-01-10,NVDA.US,buy,63.3149,107.8,signal,0.0,0,0.0,0.0
2024-07-10,NVDA.US,sell,133.6757,107.8,target_rebalance,7584.8909,547,165.84794032692787,111.13
2023-01-10,AMD.US,buy,144.7649,12.74,signal,0.0,0,0.0,0.0
2024-07-11,AMD.US,sell,183.8859,12.74,target_rebalance,498.4019,548,120.36131743558583,27.02
2023-01-10,ASML.US,buy,774.4455,10.97,signal,0.0,0,0.0,0.0
2024-07-11,ASML.US,sell,1088.5748,10.97,target_rebalance,3445.9982,548,176.04579459224243,40.56
2023-01-10,MU.US,buy,91.861,26.95,signal,0.0,0,0.0,0.0
2024-07-11,MU.US,sell,135.3723,26.95,target_rebalance,1172.6294,548,148.52679670822164,47.37
2023-01-10,TSM.US,buy,109.6744,15.61,signal,0.0,0,0.0,0.0
2024-07-11,TSM.US,sell,188.0606,15.61,target_rebalance,1223.6078,548,183.21117265380863,71.47
2023-01-10,AMD.US,buy,144.7649,121.7,signal,0.0,0,0.0,0.0
2024-07-12,AMD.US,sell,181.838,121.7,target_rebalance,4511.7937,549,121.36131743558583,25.61
2023-01-10,ASML.US,buy,774.4455,5.5,signal,0.0,0,0.0,0.0
2024-07-12,ASML.US,sell,1052.0726,5.5,target_rebalance,1526.9493,549,177.04579459224246,35.85
2023-01-10,AVGO.US,buy,104.4523,39.7,signal,0.0,0,0.0,0.0
2024-07-12,AVGO.US,sell,167.7766,39.7,target_rebalance,2513.9727,549,169.89595359203364,60.63
2023-01-10,MU.US,buy,91.861,42.67,signal,0.0,0,0.0,0.0
2024-07-12,MU.US,sell,130.7957,42.67,target_rebalance,1661.343,549,149.52679670822164,42.38
2023-01-10,ASML.US,buy,774.4455,5.39,signal,0.0,0,0.0,0.0
2024-07-15,ASML.US,sell,1076.2765,5.39,target_rebalance,1626.8691,552,178.04579459224246,38.97
2023-01-10,MU.US,buy,91.861,8.83,signal,0.0,0,0.0,0.0
2024-07-15,MU.US,sell,132.94,8.83,target_rebalance,362.7278,552,150.52679670822164,44.72
2023-01-10,NVDA.US,buy,64.561,6.36,signal,0.0,0,0.0,0.0
2024-07-15,NVDA.US,sell,130.2148,6.36,target_rebalance,417.5582,552,165.71260923695357,101.69
2023-01-10,TSM.US,buy,110.2893,52.81,signal,0.0,0,0.0,0.0
2024-07-15,TSM.US,sell,183.7654,52.81,target_rebalance,3880.2756,552,183.56928555507693,66.62
2023-01-10,AMAT.US,buy,156.0164,45.73,signal,0.0,0,0.0,0.0
2024-07-16,AMAT.US,sell,242.3649,45.73,target_rebalance,3948.7157,553,192.18593451668775,55.35
2023-01-10,AVGO.US,buy,105.6348,82.9,signal,0.0,0,0.0,0.0
2024-07-16,AVGO.US,sell,169.0483,82.9,target_rebalance,5256.9831,553,168.66663964074402,60.03
2023-01-10,LRCX.US,buy,70.8027,74.33,signal,0.0,0,0.0,0.0
2024-07-16,LRCX.US,sell,105.6304,74.33,target_rebalance,2588.7412,553,190.77493197775422,49.19
2023-01-10,TSM.US,buy,110.2893,21.19,signal,0.0,0,0.0,0.0
2024-07-16,TSM.US,sell,183.3661,21.19,target_rebalance,1548.4978,553,184.56928555507693,66.26
2023-01-10,AMD.US,buy,145.3848,22.46,signal,0.0,0,0.0,0.0
2024-07-17,AMD.US,sell,169.6302,22.46,target_rebalance,544.5508,554,122.18280256474162,16.68
2023-01-10,AVGO.US,buy,105.6348,16.87,signal,0.0,0,0.0,0.0
2024-07-17,AVGO.US,sell,159.1545,16.87,target_rebalance,902.8776,554,169.66663964074402,50.66
2023-01-10,LRCX.US,buy,70.8027,69.25,signal,0.0,0,0.0,0.0
2024-07-17,LRCX.US,sell,100.0848,69.25,target_rebalance,2027.7855,554,191.77493197775422,41.36
2023-01-10,MU.US,buy,92.4895,2.0,signal,0.0,0,0.0,0.0
2024-07-17,MU.US,sell,121.6921,2.0,target_rebalance,58.4052,554,150.01226787021068,31.57
2023-01-10,NVDA.US,buy,64.9868,30.55,signal,0.0,0,0.0,0.0
2024-07-17,NVDA.US,sell,121.0292,30.55,target_rebalance,1712.0938,554,166.59989002535013,86.24
2023-01-10,MU.US,buy,92.4895,22.02,signal,0.0,0,0.0,0.0
2024-07-18,MU.US,sell,119.6271,22.02,target_rebalance,597.5717,555,151.0122678702107,29.34
2023-01-10,NVDA.US,buy,64.9868,136.33,signal,0.0,0,0.0,0.0
2024-07-18,NVDA.US,sell,121.5278,136.33,target_rebalance,7708.2378,555,167.59989002535013,87.0
2023-01-10,TSM.US,buy,110.6205,79.44,signal,0.0,0,0.0,0.0
2024-07-18,TSM.US,sell,170.9287,79.44,target_rebalance,4790.8864,555,185.5568624121862,54.52
2023-01-10,AMAT.US,buy,157.1506,5.6,signal,0.0,0,0.0,0.0
2024-07-19,AMAT.US,sell,213.4531,5.6,target_rebalance,315.2936,556,191.65840513789814,35.83
2023-01-10,AVGO.US,buy,105.6348,176.01,signal,0.0,0,0.0,0.0
2024-07-19,AVGO.US,sell,158.6936,176.01,target_rebalance,9338.8865,556,171.66663964074402,50.23
2023-01-10,NVDA.US,buy,64.9868,66.96,signal,0.0,0,0.0,0.0
2024-07-19,NVDA.US,sell,120.0318,66.96,target_rebalance,3685.8132,556,168.59989002535013,84.7
2023-01-10,AMAT.US,buy,157.1506,1.25,signal,0.0,0,0.0,0.0
2024-07-22,AMAT.US,sell,212.2067,1.25,target_rebalance,68.8201,559,192.65840513789814,35.03
2023-01-10,AMD.US,buy,145.9235,0.83,signal,0.0,0,0.0,0.0
2024-07-22,AMD.US,sell,154.0758,0.83,target_rebalance,6.7664,559,119.86687442858346,5.59
2023-01-10,ASML.US,buy,785.497,12.75,signal,0.0,0,0.0,0.0
2024-07-22,ASML.US,sell,910.2903,12.75,target_rebalance,1591.115,559,172.314185199504,15.89
2023-01-10,NVDA.US,buy,64.9868,32.91,signal,0.0,0,0.0,0.0
2024-07-22,NVDA.US,sell,120.0318,32.91,target_rebalance,1811.531,559,169.5998900253501,84.7
2023-01-10,AMAT.US,buy,157.1506,23.88,signal,0.0,0,0.0,0.0
2024-07-23,AMAT.US,sell,216.3482,23.88,target_rebalance,1413.6375,560,193.65840513789814,37.67
2023-01-10,LRCX.US,buy,71.3747,64.78,signal,0.0,0,0.0,0.0
2024-07-23,LRCX.US,sell,94.6452,64.78,target_rebalance,1507.4646,560,191.13885789378796,32.6
2023-01-10,NVDA.US,buy,64.9868,45.64,signal,0.0,0,0.0,0.0
2024-07-23,NVDA.US,sell,122.4554,45.64,target_rebalance,2622.8651,560,170.59989002535016,88.43
2023-01-10,TSM.US,buy,111.605,13.52,signal,0.0,0,0.0,0.0
2024-07-23,TSM.US,sell,165.0071,13.52,target_rebalance,721.9967,560,185.09997039080122,47.85
2023-01-10,AMAT.US,buy,157.1506,12.98,signal,0.0,0,0.0,0.0
2024-07-24,AMAT.US,sell,213.3255,12.98,target_rebalance,729.1495,561,194.65840513789814,35.75
2023-01-10,AMD.US,buy,145.9652,8.22,signal,0.0,0,0.0,0.0
2024-07-24,AMD.US,sell,152.5673,8.22,target_rebalance,54.2689,561,121.31774568152818,4.52
2023-01-10,AVGO.US,buy,106.2475,64.63,signal,0.0,0,0.0,0.0
2024-07-24,AVGO.US,sell,157.2326,64.63,target_rebalance,3295.1649,561,172.61944102154982,47.99
2023-01-10,LRCX.US,buy,71.3747,27.6,signal,0.0,0,0.0,0.0
2024-07-24,LRCX.US,sell,93.2939,27.6,target_rebalance,604.9709,561,192.13885789378796,30.71
2023-01-10,AMAT.US,buy,157.1506,2.32,signal,0.0,0,0.0,0.0
2024-07-25,AMAT.US,sell,203.2956,2.32,target_rebalance,107.0564,562,195.65840513789814,29.36
2023-01-10,LRCX.US,buy,71.3747,46.17,signal,0.0,0,0.0,0.0
2024-07-25,LRCX.US,sell,89.4561,46.17,target_rebalance,834.8198,562,193.13885789378796,25.33
2023-01-10,MU.US,buy,93.2545,23.27,signal,0.0,0,0.0,0.0
2024-07-25,MU.US,sell,106.0264,23.27,target_rebalance,297.2024,562,150.37905593743272,13.7
2023-01-10,TSM.US,buy,111.8706,15.69,signal,0.0,0,0.0,0.0
2024-07-25,TSM.US,sell,154.0404,15.69,target_rebalance,661.6433,562,186.10125898330952,37.7
2023-01-10,ASML.US,buy,785.8116,5.99,signal,0.0,0,0.0,0.0
2024-07-26,ASML.US,sell,876.6812,5.99,target_rebalance,544.3088,563,175.78428495642154,11.56
2023-01-10,MU.US,buy,93.2545,91.74,signal,0.0,0,0.0,0.0
2024-07-26,MU.US,sell,109.2032,91.74,target_rebalance,1463.1347,563,151.3790559374327,17.1
2023-01-10,NVDA.US,buy,65.6722,65.23,signal,0.0,0,0.0,0.0
2024-07-26,NVDA.US,sell,115.8828,65.23,target_rebalance,3275.2368,563,171.34747930609737,76.46
2023-01-10,TSM.US,buy,111.8706,95.41,signal,0.0,0,0.0,0.0
2024-07-26,TSM.US,sell,160.0205,95.41,target_rebalance,4593.9735,563,187.10125898330952,43.04
2023-01-10,AMAT.US,buy,157.6924,23.03,signal,0.0,0,0.0,0.0
2024-07-29,AMAT.US,sell,204.4242,23.03,target_rebalance,1076.2349,566,195.3620968147533,29.63
2023-01-10,AMD.US,buy,145.7405,32.83,signal,0.0,0,0.0,0.0
2024-07-29,AMD.US,sell,141.0488,32.83,target_rebalance,-154.0279,566,118.69811413517034,-3.22
2023-01-10,LRCX.US,buy,71.626,18.32,signal,0.0,0,0.0,0.0
2024-07-29,LRCX.US,sell,89.2862,18.32,target_rebalance,323.5354,566,192.42581348716868,24.66
2023-01-10,MU.US,buy,93.2545,46.14,signal,0.0,0,0.0,0.0
2024-07-29,MU.US,sell,109.7393,46.14,target_rebalance,760.6097,566,152.37905593743272,17.68
2023-01-10,AMAT.US,buy,157.6924,18.25,signal,0.0,0,0.0,0.0
2024-07-30,AMAT.US,sell,204.385,18.25,target_rebalance,852.1406,567,196.3620968147533,29.61
2023-01-10,ASML.US,buy,785.8474,7.25,signal,0.0,0,0.0,0.0
2024-07-30,ASML.US,sell,876.9105,7.25,target_rebalance,660.2079,567,177.71203120534457,11.59
2023-01-10,AVGO.US,buy,106.7494,50.55,signal,0.0,0,0.0,0.0
2024-07-30,AVGO.US,sell,150.3001,50.55,target_rebalance,2201.486,567,174.56761311141526,40.8
2023-01-10,AMD.US,buy,145.7355,236.17,signal,0.0,0,0.0,0.0
2024-07-31,AMD.US,sell,150.5793,236.17,target_rebalance,1143.9534,568,120.59350312768366,3.32
2023-01-10,ASML.US,buy,785.8474,14.0,signal,0.0,0,0.0,0.0
2024-07-31,ASML.US,sell,909.3537,14.0,target_rebalance,1729.0885,568,178.71203120534457,15.72
2023-01-10,TSM.US,buy,112.4044,11.67,signal,0.0,0,0.0,0.0
2024-07-31,TSM.US,sell,159.5043,11.67,target_rebalance,549.6558,568,187.88793582231193,41.9
2023-01-10,ASML.US,buy,785.8474,1.44,signal,0.0,0,0.0,0.0
2024-08-01,ASML.US,sell,906.917,1.44,target_rebalance,174.3403,569,179.71203120534457,15.41
2023-01-10,AVGO.US,buy,107.8022,166.39,signal,0.0,0,0.0,0.0
2024-08-01,AVGO.US,sell,154.438,166.39,target_rebalance,7759.7329,569,172.17432165687796,43.26
2023-01-10,NVDA.US,buy,67.162,225.4,signal,0.0,0,0.0,0.0
2024-08-01,NVDA.US,sell,117.2193,225.4,target_rebalance,11282.912,569,169.86517414314093,74.53
2023-01-10,TSM.US,buy,112.4044,11.63,signal,0.0,0,0.0,0.0
2024-08-01,TSM.US,sell,159.2218,11.63,target_rebalance,544.4869,569,188.88793582231196,41.65
2023-01-10,AMAT.US,buy,158.9533,22.63,signal,0.0,0,0.0,0.0
2024-08-02,AMAT.US,sell,184.3744,22.63,target_rebalance,575.279,570,193.78412206884911,15.99
2023-01-10,AMD.US,buy,145.717,32.85,signal,0.0,0,0.0,0.0
2024-08-02,AMD.US,sell,133.3665,32.85,target_rebalance,-405.7123,570,118.77489477889853,-8.48
2023-01-10,LRCX.US,buy,72.4883,172.18,signal,0.0,0,0.0,0.0
2024-08-02,LRCX.US,sell,78.5633,172.18,target_rebalance,1045.9994,570,184.3511975676342,8.38
2023-01-10,TSM.US,buy,112.4044,55.59,signal,0.0,0,0.0,0.0
2024-08-02,TSM.US,sell,147.3104,55.59,target_rebalance,1940.4251,570,189.88793582231196,31.05
2023-01-10,AMAT.US,buy,158.9533,60.11,signal,0.0,0,0.0,0.0
2024-08-05,AMAT.US,sell,171.9009,60.11,target_rebalance,778.2784,573,194.78412206884917,8.15
2023-01-10,AMD.US,buy,145.717,7.08,signal,0.0,0,0.0,0.0
2024-08-05,AMD.US,sell,122.0378,7.08,target_rebalance,-167.6481,573,119.77489477889851,-16.25
2023-01-10,ASML.US,buy,786.3203,17.94,signal,0.0,0,0.0,0.0
2024-08-05,ASML.US,sell,761.4628,17.94,target_rebalance,-445.9444,573,178.37022293198422,-3.16
2023-01-10,LRCX.US,buy,72.4883,93.15,signal,0.0,0,0.0,0.0
2024-08-05,LRCX.US,sell,72.7379,93.15,target_rebalance,23.2478,573,185.3511975676342,0.34
2023-01-10,AMD.US,buy,145.717,97.47,signal,0.0,0,0.0,0.0
2024-08-06,AMD.US,sell,135.0148,97.47,target_rebalance,-1043.1343,574,120.77489477889853,-7.34
2023-01-10,ASML.US,buy,786.3203,2.61,signal,0.0,0,0.0,0.0
2024-08-06,ASML.US,sell,825.6811,2.61,target_rebalance,102.7316,574,179.37022293198422,5.01
2023-01-10,AVGO.US,buy,108.1071,40.67,signal,0.0,0,0.0,0.0
2024-08-06,AVGO.US,sell,138.9746,40.67,target_rebalance,1255.3815,574,173.48552993985854,28.55
2023-01-10,NVDA.US,buy,68.9245,220.63,signal,0.0,0,0.0,0.0
2024-08-06,NVDA.US,sell,103.5655,220.63,target_rebalance,7642.8314,574,163.02174687283397,50.26
2023-01-10,TSM.US,buy,112.9369,141.99,signal,0.0,0,0.0,0.0
2024-08-06,TSM.US,sell,146.5215,141.99,target_rebalance,4768.6789,574,186.31216023890818,29.74
2023-01-10,ASML.US,buy,786.3203,3.75,signal,0.0,0,0.0,0.0
2024-08-07,ASML.US,sell,861.6812,3.75,target_rebalance,282.6032,575,180.37022293198422,9.58
2023-01-10,AVGO.US,buy,108.1071,31.11,signal,0.0,0,0.0,0.0
2024-08-07,AVGO.US,sell,145.3678,31.11,target_rebalance,1159.1822,575,174.4855299398585,34.47
2023-01-10,MU.US,buy,93.3686,41.61,signal,0.0,0,0.0,0.0
2024-08-07,MU.US,sell,92.7036,41.61,target_rebalance,-27.6715,575,142.9321005632661,-0.71
2023-01-10,NVDA.US,buy,68.9245,3.03,signal,0.0,0,0.0,0.0
2024-08-07,NVDA.US,sell,107.525,3.03,target_rebalance,116.9594,575,164.02174687283397,56.0
2023-01-10,TSM.US,buy,112.9369,124.36,signal,0.0,0,0.0,0.0
2024-08-07,TSM.US,sell,157.3421,124.36,target_rebalance,5522.2359,575,187.31216023890818,39.32
2023-01-10,AMAT.US,buy,159.6032,3000.39,signal,0.0,0,0.0,0.0
2024-08-08,AMAT.US,sell,181.8129,3000.39,signal,66637.8529,576,191.8828091337089,13.92
2023-01-10,AMD.US,buy,145.1923,4187.12,signal,0.0,0,0.0,0.0
2024-08-08,AMD.US,sell,131.838,4187.12,signal,-55915.8667,576,117.37559664182518,-9.2
2023-01-10,ASML.US,buy,786.3203,650.57,signal,0.0,0,0.0,0.0
2024-08-08,ASML.US,sell,845.9312,650.57,signal,38781.0092,576,181.37022293198422,7.58
2023-01-10,AVGO.US,buy,108.1071,3856.34,signal,0.0,0,0.0,0.0
2024-08-08,AVGO.US,sell,138.4549,3856.34,signal,117031.5297,576,175.4855299398585,28.07
2023-01-10,LRCX.US,buy,72.6444,7139.16,signal,0.0,0,0.0,0.0
2024-08-08,LRCX.US,sell,76.6189,7139.16,signal,28374.7886,576,181.50300186469798,5.47
2023-01-10,MU.US,buy,93.3686,6047.09,signal,0.0,0,0.0,0.0
2024-08-08,MU.US,sell,87.8391,6047.09,signal,-33437.4172,576,143.9321005632661,-5.92
2023-01-10,NVDA.US,buy,68.9245,5213.55,signal,0.0,0,0.0,0.0
2024-08-08,NVDA.US,sell,101.7303,5213.55,signal,171034.7135,576,165.02174687283397,47.6
2023-01-10,TSM.US,buy,112.9369,3562.86,signal,0.0,0,0.0,0.0
2024-08-08,TSM.US,sell,155.1215,3562.86,signal,150297.8875,576,188.31216023890818,37.35
2024-08-09,AVGO.US,buy,141.6796,69.54,signal,0.0,0,0.0,0.0
2024-08-12,AVGO.US,sell,145.2012,69.54,target_rebalance,244.8854,3,1.0,2.49
2024-08-09,MU.US,buy,91.3076,35.18,signal,0.0,0,0.0,0.0
2024-08-12,MU.US,sell,92.4256,35.18,target_rebalance,39.3336,3,1.0,1.22
2024-08-09,AMAT.US,buy,186.8479,4.45,signal,0.0,0,0.0,0.0
2024-08-13,AMAT.US,sell,192.7849,4.45,target_rebalance,26.4197,4,2.0,3.18
2024-08-09,AMD.US,buy,134.8227,6.07,signal,0.0,0,0.0,0.0
2024-08-13,AMD.US,sell,137.9819,6.07,target_rebalance,19.1763,4,1.9919398742206536,2.34
2024-08-09,MU.US,buy,91.3076,79.86,signal,0.0,0,0.0,0.0
2024-08-13,MU.US,sell,95.9201,79.86,target_rebalance,368.3606,4,2.0,5.05
2024-08-09,NVDA.US,buy,105.5716,155.17,signal,0.0,0,0.0,0.0
2024-08-13,NVDA.US,sell,112.1427,155.17,target_rebalance,1019.6371,4,2.0,6.22
2024-08-09,AVGO.US,buy,141.6796,16.58,signal,0.0,0,0.0,0.0
2024-08-14,AVGO.US,sell,154.9479,16.58,target_rebalance,219.9877,5,3.0,9.36
2024-08-09,LRCX.US,buy,79.5172,10.74,signal,0.0,0,0.0,0.0
2024-08-14,LRCX.US,sell,83.3518,10.74,target_rebalance,41.1837,5,2.965014790460118,4.82
2024-08-09,MU.US,buy,91.3076,42.34,signal,0.0,0,0.0,0.0
2024-08-14,MU.US,sell,100.2684,42.34,target_rebalance,379.4021,5,3.0,9.81
2024-08-09,NVDA.US,buy,105.5716,77.69,signal,0.0,0,0.0,0.0
2024-08-14,NVDA.US,sell,118.2166,77.69,target_rebalance,982.3891,5,3.0,11.98
2024-08-09,AMAT.US,buy,186.8942,21.75,signal,0.0,0,0.0,0.0
2024-08-15,AMAT.US,sell,203.4527,21.75,target_rebalance,360.1458,6,3.988852945418581,8.86
2024-08-09,AVGO.US,buy,141.6796,25.7,signal,0.0,0,0.0,0.0
2024-08-15,AVGO.US,sell,158.0661,25.7,target_rebalance,421.1313,6,4.0,11.57
2024-08-09,LRCX.US,buy,79.5172,38.43,signal,0.0,0,0.0,0.0
2024-08-15,LRCX.US,sell,84.9142,38.43,target_rebalance,207.408,6,3.9650147904601174,6.79
2024-08-09,MU.US,buy,91.3076,66.25,signal,0.0,0,0.0,0.0
2024-08-15,MU.US,sell,102.7602,66.25,target_rebalance,758.7391,6,4.0,12.54
2024-08-09,AMD.US,buy,134.9331,9.26,signal,0.0,0,0.0,0.0
2024-08-16,AMD.US,sell,145.5543,9.26,target_rebalance,98.3521,7,4.939271151051859,7.87
2024-08-09,ASML.US,buy,842.3022,1.46,signal,0.0,0,0.0,0.0
2024-08-16,ASML.US,sell,900.1571,1.46,target_rebalance,84.4681,7,4.935171105523856,6.87
2024-08-09,AVGO.US,buy,141.6796,20.9,signal,0.0,0,0.0,0.0
2024-08-16,AVGO.US,sell,161.2725,20.9,target_rebalance,409.4905,7,5.0,13.83
2024-08-09,MU.US,buy,91.3076,97.14,signal,0.0,0,0.0,0.0
2024-08-16,MU.US,sell,106.0562,97.14,target_rebalance,1432.6806,7,5.0,16.15
2024-08-09,NVDA.US,buy,105.6904,49.18,signal,0.0,0,0.0,0.0
2024-08-16,NVDA.US,sell,121.6176,49.18,target_rebalance,783.3,7,4.963766785008588,15.07
2024-08-09,AMAT.US,buy,187.24,3.22,signal,0.0,0,0.0,0.0
2024-08-19,AMAT.US,sell,203.1484,3.22,target_rebalance,51.225,10,5.871047031190233,8.5
2024-08-09,AMD.US,buy,134.9331,47.67,signal,0.0,0,0.0,0.0
2024-08-19,AMD.US,sell,148.2816,47.67,target_rebalance,636.3202,10,5.939271151051859,9.89
2024-08-09,NVDA.US,buy,105.6904,59.21,signal,0.0,0,0.0,0.0
2024-08-19,NVDA.US,sell,123.9514,59.21,target_rebalance,1081.2348,10,5.9637667850085885,17.28
2024-08-09,AMD.US,buy,134.9331,130.6,signal,0.0,0,0.0,0.0
2024-08-20,AMD.US,sell,156.3335,130.6,target_rebalance,2794.8914,11,6.939271151051858,15.86
2024-08-09,NVDA.US,buy,105.6904,60.21,signal,0.0,0,0.0,0.0
2024-08-20,NVDA.US,sell,128.0605,60.21,target_rebalance,1346.9044,11,6.963766785008588,21.17
2024-08-09,AMAT.US,buy,187.3715,3.62,signal,0.0,0,0.0,0.0
2024-08-21,AMAT.US,sell,204.1789,3.62,target_rebalance,60.8426,12,7.822386728340064,8.97
2024-08-09,AMD.US,buy,134.9331,26.53,signal,0.0,0,0.0,0.0
2024-08-21,AMD.US,sell,155.9639,26.53,target_rebalance,557.9459,12,7.939271151051859,15.59
2024-08-09,ASML.US,buy,842.5319,3.29,signal,0.0,0,0.0,0.0
2024-08-21,ASML.US,sell,917.4103,3.29,target_rebalance,246.3502,12,7.912689058857208,8.89
2024-08-09,MU.US,buy,91.4871,31.7,signal,0.0,0,0.0,0.0
2024-08-21,MU.US,sell,107.3765,31.7,target_rebalance,503.6964,12,7.924130776872291,17.37
2024-08-09,NVDA.US,buy,105.6904,3.41,signal,0.0,0,0.0,0.0
2024-08-21,NVDA.US,sell,126.9834,3.41,target_rebalance,72.6091,12,7.963766785008588,20.15
2024-08-09,AMD.US,buy,134.9331,14.69,signal,0.0,0,0.0,0.0
2024-08-22,AMD.US,sell,158.7111,14.69,target_rebalance,349.2989,13,8.939271151051859,17.62
2024-08-09,AVGO.US,buy,141.9346,68.15,signal,0.0,0,0.0,0.0
2024-08-22,AVGO.US,sell,167.5187,68.15,target_rebalance,1743.5517,13,8.91739327883742,18.03
2024-08-09,NVDA.US,buy,105.6904,34.8,signal,0.0,0,0.0,0.0
2024-08-22,NVDA.US,sell,129.6763,34.8,target_rebalance,834.7074,13,8.963766785008588,22.69
2024-08-09,LRCX.US,buy,79.7089,21.82,signal,0.0,0,0.0,0.0
2024-08-23,LRCX.US,sell,83.5718,21.82,target_rebalance,84.2873,14,9.749745859875492,4.85
2024-08-09,NVDA.US,buy,105.6904,1.6,signal,0.0,0,0.0,0.0
2024-08-23,NVDA.US,sell,125.5272,1.6,target_rebalance,31.7389,14,9.963766785008588,18.77
2024-08-09,TSM.US,buy,162.747,48.32,signal,0.0,0,0.0,0.0
2024-08-23,TSM.US,sell,164.598,48.32,target_rebalance,89.4418,14,9.55201915002672,1.14
2024-08-09,AMD.US,buy,134.9331,28.01,signal,0.0,0,0.0,0.0
2024-08-26,AMD.US,sell,154.5453,28.01,target_rebalance,549.337,17,10.939271151051859,14.53
2024-08-09,NVDA.US,buy,105.6904,140.46,signal,0.0,0,0.0,0.0
2024-08-26,NVDA.US,sell,129.2274,140.46,target_rebalance,3306.0109,17,10.963766785008588,22.27
2024-08-09,TSM.US,buy,162.747,32.87,signal,0.0,0,0.0,0.0
2024-08-26,TSM.US,sell,165.9421,32.87,target_rebalance,105.0235,17,10.552019150026718,1.96
2024-08-09,AMAT.US,buy,187.5495,2.5,signal,0.0,0,0.0,0.0
2024-08-27,AMAT.US,sell,191.5221,2.5,target_rebalance,9.9314,18,11.706746823359062,2.12
2024-08-09,AMD.US,buy,134.9331,10.14,signal,0.0,0,0.0,0.0
2024-08-27,AMD.US,sell,149.9799,10.14,target_rebalance,152.5741,18,11.939271151051859,11.15
2024-08-09,ASML.US,buy,843.1004,2.82,signal,0.0,0,0.0,0.0
2024-08-27,ASML.US,sell,864.6287,2.82,target_rebalance,60.7096,18,11.800283823076558,2.55
2024-08-09,TSM.US,buy,162.747,32.51,signal,0.0,0,0.0,0.0
2024-08-27,TSM.US,sell,162.0853,32.51,target_rebalance,-21.5129,18,11.552019150026718,-0.41
2024-08-09,ASML.US,buy,843.1004,0.61,signal,0.0,0,0.0,0.0
2024-08-28,ASML.US,sell,875.1419,0.61,target_rebalance,19.5453,19,12.800283823076557,3.8
2024-08-09,AVGO.US,buy,142.0912,9.13,signal,0.0,0,0.0,0.0
2024-08-28,AVGO.US,sell,156.9679,9.13,target_rebalance,135.8243,19,12.772892851242144,10.47
2024-08-09,NVDA.US,buy,105.7075,50.87,signal,0.0,0,0.0,0.0
2024-08-28,NVDA.US,sell,127.7813,50.87,target_rebalance,1122.8938,19,12.953177956803591,20.88
2024-08-09,TSM.US,buy,162.747,62.92,signal,0.0,0,0.0,0.0
2024-08-28,TSM.US,sell,166.8576,62.92,target_rebalance,258.6408,19,12.552019150026718,2.53
2024-08-09,AMAT.US,buy,187.5905,54.46,signal,0.0,0,0.0,0.0
2024-08-29,AMAT.US,sell,193.3805,54.46,target_rebalance,315.3232,20,13.584454326940804,3.09
2024-08-09,ASML.US,buy,843.1004,17.75,signal,0.0,0,0.0,0.0
2024-08-29,ASML.US,sell,890.2336,17.75,target_rebalance,836.6134,20,13.800283823076558,5.59
2024-08-09,LRCX.US,buy,79.7358,45.06,signal,0.0,0,0.0,0.0
2024-08-29,LRCX.US,sell,80.3703,45.06,target_rebalance,28.5881,20,13.607451804086649,0.8
2024-08-09,AMAT.US,buy,187.5905,4.19,signal,0.0,0,0.0,0.0
2024-08-30,AMAT.US,sell,194.2262,4.19,target_rebalance,27.8034,21,14.584454326940802,3.54
2024-08-09,AMD.US,buy,135.2414,5.36,signal,0.0,0,0.0,0.0
2024-08-30,AMD.US,sell,147.3725,5.36,target_rebalance,65.0226,21,14.634878435004692,8.97
2024-08-09,AVGO.US,buy,142.0912,49.56,signal,0.0,0,0.0,0.0
2024-08-30,AVGO.US,sell,157.9876,49.56,target_rebalance,787.8279,21,14.772892851242146,11.19
2024-08-09,LRCX.US,buy,79.7358,24.09,signal,0.0,0,0.0,0.0
2024-08-30,LRCX.US,sell,80.88,24.09,target_rebalance,27.5621,21,14.607451804086649,1.43
2024-08-09,MU.US,buy,92.0495,2.63,signal,0.0,0,0.0,0.0
2024-08-30,MU.US,sell,96.218,2.63,target_rebalance,10.9631,21,14.281799208043402,4.53
2024-08-09,TSM.US,buy,162.7539,11.78,signal,0.0,0,0.0,0.0
2024-08-30,TSM.US,sell,165.6304,11.78,target_rebalance,33.8851,21,14.500858149894075,1.77
2024-08-09,AMD.US,buy,135.2414,38.98,signal,0.0,0,0.0,0.0
2024-09-03,AMD.US,sell,146.2636,38.98,target_rebalance,429.6451,25,15.63487843500469,8.15
2024-08-09,ASML.US,buy,843.4265,4.7,signal,0.0,0,0.0,0.0
2024-09-03,ASML.US,sell,877.0086,4.7,target_rebalance,157.8363,25,15.688067720199633,3.98
2024-08-09,AVGO.US,buy,142.0912,47.03,signal,0.0,0,0.0,0.0
2024-09-03,AVGO.US,sell,157.262,47.03,target_rebalance,713.4847,25,15.772892851242148,10.68
2024-08-09,TSM.US,buy,162.7539,18.62,signal,0.0,0,0.0,0.0
2024-09-03,TSM.US,sell,163.6241,18.62,target_rebalance,16.2024,25,15.500858149894075,0.53
2024-08-09,AMD.US,buy,135.2414,104.61,signal,0.0,0,0.0,0.0
2024-09-04,AMD.US,sell,140.3695,104.61,target_rebalance,536.4489,26,16.63487843500469,3.79
2024-08-09,AVGO.US,buy,142.0912,12.66,signal,0.0,0,0.0,0.0
2024-09-04,AVGO.US,sell,147.378,12.66,target_rebalance,66.9308,26,16.772892851242144,3.72
2024-08-09,MU.US,buy,92.0657,51.59,signal,0.0,0,0.0,0.0
2024-09-04,MU.US,sell,87.72,51.59,target_rebalance,-224.1957,26,16.054222395937913,-4.72
2024-08-09,TSM.US,buy,162.7539,52.56,signal,0.0,0,0.0,0.0
2024-09-04,TSM.US,sell,155.1507,52.56,target_rebalance,-399.6253,26,16.500858149894075,-4.67
2024-08-09,AVGO.US,buy,142.0912,18.68,signal,0.0,0,0.0,0.0
2024-09-05,AVGO.US,sell,147.6427,18.68,target_rebalance,103.703,27,17.772892851242144,3.91
2024-08-09,MU.US,buy,92.0657,2.78,signal,0.0,0,0.0,0.0
2024-09-05,MU.US,sell,87.4618,2.78,target_rebalance,-12.7987,27,17.054222395937913,-5.0
2024-08-09,TSM.US,buy,162.7539,58.92,signal,0.0,0,0.0,0.0
2024-09-05,TSM.US,sell,157.3323,58.92,target_rebalance,-319.4401,27,17.500858149894075,-3.33
2024-08-09,AMAT.US,buy,187.5597,2999.17,signal,0.0,0,0.0,0.0
2024-09-06,AMAT.US,sell,176.4977,2999.17,signal,-33176.9232,28,18.471398928272368,-5.9
2024-08-09,AMD.US,buy,135.2758,3824.31,signal,0.0,0,0.0,0.0
2024-09-06,AMD.US,sell,138.5613,3824.31,signal,12564.762,28,18.438992213459105,2.43
2024-08-09,ASML.US,buy,841.3012,675.36,signal,0.0,0,0.0,0.0
2024-09-06,ASML.US,sell,778.9519,675.36,signal,-42108.2325,28,18.00777063125532,-7.41
2024-08-09,AVGO.US,buy,142.0912,3583.3,signal,0.0,0,0.0,0.0
2024-09-06,AVGO.US,sell,140.465,3583.3,signal,-5826.9441,28,18.772892851242144,-1.14
2024-08-09,LRCX.US,buy,79.7346,7171.21,signal,0.0,0,0.0,0.0
2024-09-06,LRCX.US,sell,73.9006,7171.21,signal,-41837.0426,28,18.566861865129876,-7.32
2024-08-09,MU.US,buy,92.0657,6048.9,signal,0.0,0,0.0,0.0
2024-09-06,MU.US,sell,88.7226,6048.9,signal,-20221.7203,28,18.054222395937913,-3.63
2024-08-09,NVDA.US,buy,106.6649,5042.29,signal,0.0,0,0.0,0.0
2024-09-06,NVDA.US,sell,107.7544,5042.29,signal,5493.5,28,17.491011528303897,1.02
2024-08-09,TSM.US,buy,162.7539,3362.61,signal,0.0,0,0.0,0.0
2024-09-06,TSM.US,sell,160.5951,3362.61,signal,-7259.4377,28,18.50085814989408,-1.33
2024-09-12,AMD.US,buy,148.5784,37.18,signal,0.0,0,0.0,0.0
2024-09-13,AMD.US,sell,152.1677,37.18,target_rebalance,133.4489,1,1.0,2.42
2024-09-12,AVGO.US,buy,155.3367,126.61,signal,0.0,0,0.0,0.0
2024-09-13,AVGO.US,sell,163.4984,126.61,target_rebalance,1033.3476,1,1.0,5.25
2024-09-12,NVDA.US,buy,116.7744,16.31,signal,0.0,0,0.0,0.0
2024-09-13,NVDA.US,sell,118.7753,16.31,target_rebalance,32.6355,1,1.0,1.71
2024-09-12,AMAT.US,buy,181.647,10.23,signal,0.0,0,0.0,0.0
2024-09-16,AMAT.US,sell,181.9057,10.23,target_rebalance,2.6466,4,1.991729159726141,0.14
2024-09-12,AMD.US,buy,148.5784,10.67,signal,0.0,0,0.0,0.0
2024-09-16,AMD.US,sell,151.5483,10.67,target_rebalance,31.6886,4,2.0,2.0
2024-09-12,ASML.US,buy,788.995,7.49,signal,0.0,0,0.0,0.0
2024-09-16,ASML.US,sell,794.8296,7.49,target_rebalance,43.7016,4,1.9900645655827118,0.74
2024-09-12,AMAT.US,buy,181.647,38.76,signal,0.0,0,0.0,0.0
2024-09-17,AMAT.US,sell,186.3305,38.76,target_rebalance,181.5314,5,2.991729159726141,2.58
2024-09-12,AMD.US,buy,148.5784,4.91,signal,0.0,0,0.0,0.0
2024-09-17,AMD.US,sell,153.3965,4.91,target_rebalance,23.6565,5,2.9999999999999996,3.24
2024-09-12,LRCX.US,buy,75.286,138.48,signal,0.0,0,0.0,0.0
2024-09-17,LRCX.US,sell,76.0994,138.48,target_rebalance,112.6385,5,2.974388019769485,1.08
2024-09-12,AMAT.US,buy,181.647,36.1,signal,0.0,0,0.0,0.0
2024-09-18,AMAT.US,sell,187.5694,36.1,target_rebalance,213.798,6,3.991729159726141,3.26
2024-09-12,LRCX.US,buy,75.286,106.37,signal,0.0,0,0.0,0.0
2024-09-18,LRCX.US,sell,76.8027,106.37,target_rebalance,161.3319,6,3.9743880197694854,2.01
2024-09-12,MU.US,buy,86.6459,19.28,signal,0.0,0,0.0,0.0
2024-09-18,MU.US,sell,87.3526,19.28,target_rebalance,13.6255,6,3.9886496053202536,0.82
2024-09-12,ASML.US,buy,789.0531,9.84,signal,0.0,0,0.0,0.0
2024-09-19,ASML.US,sell,818.1254,9.84,target_rebalance,286.0717,7,4.94430392579428,3.68
2024-09-12,AVGO.US,buy,155.4276,5.11,signal,0.0,0,0.0,0.0
2024-09-19,AVGO.US,sell,164.9609,5.11,target_rebalance,48.7154,7,4.955022538282045,6.13
2024-09-12,TSM.US,buy,167.0881,31.88,signal,0.0,0,0.0,0.0
2024-09-19,TSM.US,sell,170.4648,31.88,target_rebalance,107.6474,7,4.941670693162549,2.02
2024-09-12,AMAT.US,buy,181.6637,9.94,signal,0.0,0,0.0,0.0
2024-09-20,AMAT.US,sell,191.0993,9.94,target_rebalance,93.7902,8,5.9834076921298776,5.19
2024-09-12,AMD.US,buy,148.6244,65.82,signal,0.0,0,0.0,0.0
2024-09-20,AMD.US,sell,155.844,65.82,target_rebalance,475.1912,8,5.9412620078264915,4.86
2024-09-12,AVGO.US,buy,155.4276,11.7,signal,0.0,0,0.0,0.0
2024-09-20,AVGO.US,sell,164.469,11.7,target_rebalance,105.7848,8,5.955022538282044,5.82
2024-09-12,NVDA.US,buy,116.7677,9.51,signal,0.0,0,0.0,0.0
2024-09-20,NVDA.US,sell,116.7605,9.51,target_rebalance,-0.0682,8,5.876860700592131,-0.01
2024-09-12,TSM.US,buy,167.0881,29.83,signal,0.0,0,0.0,0.0
2024-09-20,TSM.US,sell,170.9438,29.83,target_rebalance,115.0137,8,5.941670693162548,2.31
2024-09-12,AVGO.US,buy,155.4276,63.18,signal,0.0,0,0.0,0.0
2024-09-23,AVGO.US,sell,169.2108,63.18,target_rebalance,870.8274,11,6.955022538282046,8.87
2024-09-12,MU.US,buy,86.6646,219.77,signal,0.0,0,0.0,0.0
2024-09-23,MU.US,sell,92.0087,219.77,target_rebalance,1174.4661,11,6.93393767146276,6.17
2024-09-12,LRCX.US,buy,75.3243,72.76,signal,0.0,0,0.0,0.0
2024-09-24,LRCX.US,sell,78.4083,72.76,target_rebalance,224.3888,12,7.805297903430462,4.09
2024-09-12,MU.US,buy,86.6646,59.06,signal,0.0,0,0.0,0.0
2024-09-24,MU.US,sell,94.0438,59.06,target_rebalance,435.8166,12,7.933937671462761,8.51
2024-09-12,TSM.US,buy,167.1186,39.43,signal,0.0,0,0.0,0.0
2024-09-24,TSM.US,sell,175.4698,39.43,target_rebalance,329.288,12,7.890911936645906,5.0
2024-09-12,AVGO.US,buy,155.5057,2.72,signal,0.0,0,0.0,0.0
2024-09-25,AVGO.US,sell,171.8179,2.72,target_rebalance,44.3691,13,8.913360457165059,10.49
2024-09-12,NVDA.US,buy,116.7607,170.65,signal,0.0,0,0.0,0.0
2024-09-25,NVDA.US,sell,121.7078,170.65,target_rebalance,844.2287,13,8.703404539245682,4.24
2024-09-12,TSM.US,buy,167.1186,10.86,signal,0.0,0,0.0,0.0
2024-09-25,TSM.US,sell,177.4444,10.86,target_rebalance,112.1386,13,8.890911936645907,6.18
2024-09-12,AMAT.US,buy,181.8938,14.77,signal,0.0,0,0.0,0.0
2024-09-26,AMAT.US,sell,207.2939,14.77,target_rebalance,375.1591,14,9.802097000428525,13.96
2024-09-12,LRCX.US,buy,75.3613,126.54,signal,0.0,0,0.0,0.0
2024-09-26,LRCX.US,sell,84.9666,126.54,target_rebalance,1215.4606,14,9.677732907985487,12.75
2024-09-12,MU.US,buy,86.7467,633.6,signal,0.0,0,0.0,0.0
2024-09-26,MU.US,sell,112.2807,633.6,target_rebalance,16178.3769,14,9.829185683073808,29.44
2024-09-12,AMAT.US,buy,181.8938,31.22,signal,0.0,0,0.0,0.0
2024-09-27,AMAT.US,sell,207.5495,31.22,target_rebalance,800.9724,15,10.802097000428525,14.1
2024-09-12,AMD.US,buy,149.0286,36.13,signal,0.0,0,0.0,0.0
2024-09-27,AMD.US,sell,167.3125,36.13,target_rebalance,660.5978,15,10.693022982763855,12.27
2024-09-12,AVGO.US,buy,156.418,19.55,signal,0.0,0,0.0,0.0
2024-09-27,AVGO.US,sell,175.2808,19.55,target_rebalance,368.7682,15,10.471151522439584,12.06
2024-09-12,AMD.US,buy,149.0286,46.24,signal,0.0,0,0.0,0.0
2024-09-30,AMD.US,sell,162.9369,46.24,target_rebalance,643.1199,18,11.693022982763855,9.33
2024-09-12,ASML.US,buy,790.2847,13.46,signal,0.0,0,0.0,0.0
2024-09-30,ASML.US,sell,821.9377,13.46,target_rebalance,426.0495,18,11.519332862459807,4.01
2024-09-12,AVGO.US,buy,156.418,12.14,signal,0.0,0,0.0,0.0
2024-09-30,AVGO.US,sell,169.0829,12.14,target_rebalance,153.7527,18,11.471151522439586,8.1
2024-09-12,LRCX.US,buy,75.3613,3.4,signal,0.0,0,0.0,0.0
2024-09-30,LRCX.US,sell,80.929,3.4,target_rebalance,18.9302,18,11.677732907985488,7.39
2024-09-12,AMAT.US,buy,182.012,17.62,signal,0.0,0,0.0,0.0
2024-10-01,AMAT.US,sell,200.0078,17.62,target_rebalance,317.0864,19,12.715648064041462,9.89
2024-09-12,AMD.US,buy,149.0286,16.21,signal,0.0,0,0.0,0.0
2024-10-01,AMD.US,sell,164.3155,16.21,target_rebalance,247.8008,19,12.693022982763857,10.26
2024-09-12,NVDA.US,buy,117.142,110.18,signal,0.0,0,0.0,0.0
2024-10-01,NVDA.US,sell,121.4584,110.18,target_rebalance,475.5845,19,12.2109806731885,3.68
2024-09-12,TSM.US,buy,167.771,0.5,signal,0.0,0,0.0,0.0
2024-10-01,TSM.US,sell,171.3739,0.5,target_rebalance,1.8015,19,12.270680272542936,2.15
2024-09-12,ASML.US,buy,790.2847,2.37,signal,0.0,0,0.0,0.0
2024-10-02,ASML.US,sell,806.4628,2.37,target_rebalance,38.3421,20,13.519332862459805,2.05
2024-09-12,LRCX.US,buy,75.3973,53.62,signal,0.0,0,0.0,0.0
2024-10-02,LRCX.US,sell,79.1963,53.62,target_rebalance,203.706,20,13.592073272321574,5.04
2024-09-12,TSM.US,buy,167.771,42.39,signal,0.0,0,0.0,0.0
2024-10-02,TSM.US,sell,169.0767,42.39,target_rebalance,55.3485,20,13.270680272542938,0.78
2024-09-12,AVGO.US,buy,156.4276,10.44,signal,0.0,0,0.0,0.0
2024-10-03,AVGO.US,sell,166.8694,10.44,target_rebalance,109.013,21,14.457312518436728,6.68
2024-09-12,NVDA.US,buy,117.1294,135.41,signal,0.0,0,0.0,0.0
2024-10-03,NVDA.US,sell,120.6106,135.41,target_rebalance,471.3877,21,13.994318952892154,2.97
2024-09-12,TSM.US,buy,167.771,29.97,signal,0.0,0,0.0,0.0
2024-10-03,TSM.US,sell,171.8529,29.97,target_rebalance,122.3349,21,14.270680272542938,2.43
2024-09-12,AMAT.US,buy,182.1061,0.37,signal,0.0,0,0.0,0.0
2024-10-04,AMAT.US,sell,201.1975,0.37,target_rebalance,7.0638,22,15.607283240746211,10.48
2024-09-12,AMD.US,buy,149.1178,26.66,signal,0.0,0,0.0,0.0
2024-10-04,AMD.US,sell,166.3635,26.66,target_rebalance,459.7696,22,15.573825696403269,11.57
2024-09-12,AVGO.US,buy,156.4276,21.55,signal,0.0,0,0.0,0.0
2024-10-04,AVGO.US,sell,173.4411,21.55,target_rebalance,366.6424,22,15.457312518436728,10.88
2024-09-12,LRCX.US,buy,75.4357,22.13,signal,0.0,0,0.0,0.0
2024-10-04,LRCX.US,sell,81.7278,22.13,target_rebalance,139.2458,22,15.431638233208542,8.34
2024-09-12,MU.US,buy,87.7216,39.39,signal,0.0,0,0.0,0.0
2024-10-04,MU.US,sell,102.8992,39.39,target_rebalance,597.8442,22,15.043190920399633,17.3
2024-09-12,NVDA.US,buy,117.1294,2.23,signal,0.0,0,0.0,0.0
2024-10-04,NVDA.US,sell,124.6203,2.23,target_rebalance,16.7047,22,14.994318952892153,6.4
2024-09-12,AMD.US,buy,149.1178,121.29,signal,0.0,0,0.0,0.0
2024-10-07,AMD.US,sell,170.9089,121.29,target_rebalance,2643.0455,25,16.57382569640327,14.61
2024-09-12,NVDA.US,buy,117.1294,40.57,signal,0.0,0,0.0,0.0
2024-10-07,NVDA.US,sell,124.6702,40.57,target_rebalance,305.9292,25,15.99431895289215,6.44
2024-09-12,TSM.US,buy,167.839,55.22,signal,0.0,0,0.0,0.0
2024-10-07,TSM.US,sell,177.5227,55.22,target_rebalance,534.7333,25,16.144725093902622,5.77
2024-09-12,ASML.US,buy,791.075,0.38,signal,0.0,0,0.0,0.0
2024-10-08,ASML.US,sell,808.1332,0.38,target_rebalance,6.4821,26,16.886540835436683,2.16
2024-09-12,NVDA.US,buy,117.1294,139.69,signal,0.0,0,0.0,0.0
2024-10-08,NVDA.US,sell,129.9267,139.69,target_rebalance,1787.6532,26,16.99431895289215,10.93
2024-09-12,TSM.US,buy,167.839,24.83,signal,0.0,0,0.0,0.0
2024-10-08,TSM.US,sell,180.8072,24.83,target_rebalance,322.0017,26,17.144725093902622,7.73
2024-09-12,AVGO.US,buy,156.5156,25.71,signal,0.0,0,0.0,0.0
2024-10-09,AVGO.US,sell,176.3334,25.71,target_rebalance,509.5171,27,18.364142427562996,12.66
2024-09-12,NVDA.US,buy,117.1294,76.74,signal,0.0,0,0.0,0.0
2024-10-09,NVDA.US,sell,133.7669,76.74,target_rebalance,1276.758,27,17.994318952892158,14.2
2024-09-12,TSM.US,buy,167.839,10.77,signal,0.0,0,0.0,0.0
2024-10-09,TSM.US,sell,183.5835,10.77,target_rebalance,169.5681,27,18.144725093902622,9.38
2024-09-12,AMAT.US,buy,182.5194,0.98,signal,0.0,0,0.0,0.0
2024-10-10,AMAT.US,sell,197.6578,0.98,target_rebalance,14.8355,28,19.129043108453416,8.29
2024-09-12,AVGO.US,buy,156.5156,92.57,signal,0.0,0,0.0,0.0
2024-10-10,AVGO.US,sell,180.5834,92.57,target_rebalance,2227.9552,28,19.364142427562996,15.38
2024-09-12,LRCX.US,buy,75.5964,87.11,signal,0.0,0,0.0,0.0
2024-10-10,LRCX.US,sell,80.3193,87.11,target_rebalance,411.4119,28,18.76812701038568,6.25
2024-09-12,AMAT.US,buy,182.5194,5.74,signal,0.0,0,0.0,0.0
2024-10-11,AMAT.US,sell,198.759,5.74,target_rebalance,93.2152,29,20.129043108453416,8.9
2024-09-12,ASML.US,buy,791.1356,0.23,signal,0.0,0,0.0,0.0
2024-10-11,ASML.US,sell,815.4235,0.23,target_rebalance,5.5862,29,19.837736596375265,3.07
2024-09-12,MU.US,buy,88.1219,171.8,signal,0.0,0,0.0,0.0
2024-10-11,MU.US,sell,104.3965,171.8,target_rebalance,2795.9765,29,19.53667125426195,18.47
2024-09-12,NVDA.US,buy,117.2805,45.13,signal,0.0,0,0.0,0.0
2024-10-11,NVDA.US,sell,133.6671,45.13,target_rebalance,739.5289,29,19.799192695536345,13.97
2024-09-12,TSM.US,buy,167.8981,21.65,signal,0.0,0,0.0,0.0
2024-10-11,TSM.US,sell,183.9451,21.65,target_rebalance,347.4193,29,20.065123588640684,9.56
2024-09-12,AMAT.US,buy,182.5194,7.99,signal,0.0,0,0.0,0.0
2024-10-14,AMAT.US,sell,203.4984,7.99,target_rebalance,167.6221,32,21.129043108453416,11.49
2024-09-12,ASML.US,buy,791.1356,4.33,signal,0.0,0,0.0,0.0
2024-10-14,ASML.US,sell,837.6288,4.33,target_rebalance,201.3154,32,20.83773659637527,5.88
2024-09-12,LRCX.US,buy,75.6072,34.58,signal,0.0,0,0.0,0.0
2024-10-14,LRCX.US,sell,82.5159,34.58,target_rebalance,238.9024,32,20.723916573584084,9.14
2024-09-12,MU.US,buy,88.1219,29.09,signal,0.0,0,0.0,0.0
2024-10-14,MU.US,sell,107.1496,29.09,target_rebalance,553.5137,32,20.53667125426195,21.59
2024-09-12,AMAT.US,buy,182.5194,73.19,signal,0.0,0,0.0,0.0
2024-10-15,AMAT.US,sell,210.106,73.19,target_rebalance,2019.0603,33,22.129043108453416,15.11
2024-09-12,ASML.US,buy,791.1356,7.28,signal,0.0,0,0.0,0.0
2024-10-15,ASML.US,sell,852.072,7.28,target_rebalance,443.6172,33,21.83773659637527,7.7
2024-09-12,LRCX.US,buy,75.6072,123.23,signal,0.0,0,0.0,0.0
2024-10-15,LRCX.US,sell,84.5155,123.23,target_rebalance,1097.7711,33,21.72391657358408,11.78
2024-09-12,NVDA.US,buy,117.2935,5.66,signal,0.0,0,0.0,0.0
2024-10-15,NVDA.US,sell,137.5173,5.66,target_rebalance,114.4663,33,21.7850226726505,17.24
2024-09-12,TSM.US,buy,168.0103,10.72,signal,0.0,0,0.0,0.0
2024-10-15,TSM.US,sell,188.6276,10.72,target_rebalance,221.0176,33,21.939422830708455,12.27
2024-09-12,AMD.US,buy,150.5964,101.26,signal,0.0,0,0.0,0.0
2024-10-16,AMD.US,sell,157.9119,101.26,target_rebalance,740.7666,34,21.676275027050764,4.86
2024-09-12,AVGO.US,buy,157.4894,156.17,signal,0.0,0,0.0,0.0
2024-10-16,AVGO.US,sell,175.6153,156.17,target_rebalance,2830.7212,34,22.425529439061197,11.51
2024-09-12,MU.US,buy,88.2079,234.71,signal,0.0,0,0.0,0.0
2024-10-16,MU.US,sell,105.3705,234.71,target_rebalance,4028.2494,34,22.440751930335832,19.46
2024-09-12,NVDA.US,buy,117.2935,143.32,signal,0.0,0,0.0,0.0
2024-10-16,NVDA.US,sell,133.6372,143.32,target_rebalance,2342.3738,34,22.785022672650506,13.93
2024-09-12,TSM.US,buy,168.0103,141.62,signal,0.0,0,0.0,0.0
2024-10-16,TSM.US,sell,185.519,141.62,target_rebalance,2479.5879,34,22.939422830708455,10.42
2024-09-12,MU.US,buy,88.2079,170.43,signal,0.0,0,0.0,0.0
2024-10-17,MU.US,sell,110.6579,170.43,target_rebalance,3826.1676,35,23.440751930335832,25.45
2024-09-12,NVDA.US,buy,117.2935,93.94,signal,0.0,0,0.0,0.0
2024-10-17,NVDA.US,sell,138.9835,93.94,target_rebalance,2037.5549,35,23.785022672650502,18.49
2024-09-12,TSM.US,buy,168.0103,156.08,signal,0.0,0,0.0,0.0
2024-10-17,TSM.US,sell,198.7843,156.08,target_rebalance,4803.2148,35,23.939422830708452,18.32
2024-09-12,ASML.US,buy,775.4962,29.27,signal,0.0,0,0.0,0.0
2024-10-18,ASML.US,sell,705.1343,29.27,target_rebalance,-2059.4918,36,21.06927900415126,-9.07
2024-09-12,AVGO.US,buy,157.4894,18.25,signal,0.0,0,0.0,0.0
2024-10-18,AVGO.US,sell,179.3635,18.25,target_rebalance,399.2032,36,24.425529439061197,13.89
2024-09-12,MU.US,buy,88.2079,27.05,signal,0.0,0,0.0,0.0
2024-10-18,MU.US,sell,111.0654,27.05,target_rebalance,618.2973,36,24.440751930335836,25.91
2024-09-12,TSM.US,buy,168.0103,41.16,signal,0.0,0,0.0,0.0
2024-10-18,TSM.US,sell,201.326,41.16,target_rebalance,1371.2731,36,24.939422830708452,19.83
2024-09-12,AMAT.US,buy,182.961,20.98,signal,0.0,0,0.0,0.0
2024-10-21,AMAT.US,sell,183.0463,20.98,target_rebalance,1.7898,39,24.089196997668388,0.05
2024-09-12,ASML.US,buy,775.4962,14.73,signal,0.0,0,0.0,0.0
2024-10-21,ASML.US,sell,711.3536,14.73,target_rebalance,-944.8195,39,22.06927900415126,-8.27
2024-09-12,MU.US,buy,88.2079,18.12,signal,0.0,0,0.0,0.0
2024-10-21,MU.US,sell,110.4194,18.12,target_rebalance,402.4732,39,25.440751930335832,25.18
2024-09-12,NVDA.US,buy,117.3218,14.24,signal,0.0,0,0.0,0.0
2024-10-21,NVDA.US,sell,137.7766,14.24,target_rebalance,291.277,39,25.75217983060235,17.43
2024-09-12,AMD.US,buy,150.7321,15.84,signal,0.0,0,0.0,0.0
2024-10-22,AMD.US,sell,156.4434,15.84,target_rebalance,90.4667,40,25.23477876587384,3.79
2024-09-12,NVDA.US,buy,117.3218,143.13,signal,0.0,0,0.0,0.0
2024-10-22,NVDA.US,sell,142.5443,143.13,target_rebalance,3610.11,40,26.752179830602355,21.5
2024-09-12,AVGO.US,buy,157.6418,11.84,signal,0.0,0,0.0,0.0
2024-10-23,AVGO.US,sell,174.7102,11.84,target_rebalance,202.0896,41,27.219138267403014,10.83
2024-09-12,LRCX.US,buy,75.5114,56.96,signal,0.0,0,0.0,0.0
2024-10-23,LRCX.US,sell,71.2865,56.96,target_rebalance,-240.648,41,25.254030598392735,-5.59
2024-09-12,NVDA.US,buy,117.3218,21.96,signal,0.0,0,0.0,0.0
2024-10-23,NVDA.US,sell,141.6666,21.96,target_rebalance,534.6134,41,27.752179830602355,20.75
2024-09-12,AMAT.US,buy,182.9447,44.52,signal,0.0,0,0.0,0.0
2024-10-24,AMAT.US,sell,183.7542,44.52,target_rebalance,36.0401,42,26.879312757962886,0.44
2024-09-12,LRCX.US,buy,75.5114,317.53,signal,0.0,0,0.0,0.0
2024-10-24,LRCX.US,sell,75.0395,317.53,target_rebalance,-149.8462,42,26.25403059839273,-0.62
2024-09-12,LRCX.US,buy,75.5114,94.68,signal,0.0,0,0.0,0.0
2024-10-25,LRCX.US,sell,76.3102,94.68,target_rebalance,75.6286,43,27.254030598392735,1.06
2024-09-12,MU.US,buy,88.8745,43.95,signal,0.0,0,0.0,0.0
2024-10-25,MU.US,sell,107.6763,43.95,target_rebalance,826.3407,43,28.4943588518265,21.16
2024-09-12,TSM.US,buy,168.6239,3.29,signal,0.0,0,0.0,0.0
2024-10-25,TSM.US,sell,195.7539,3.29,target_rebalance,89.2578,43,29.362416052802413,16.09
2024-09-12,AMD.US,buy,150.7553,70.32,signal,0.0,0,0.0,0.0
2024-10-28,AMD.US,sell,158.3415,70.32,target_rebalance,533.464,46,28.984009054083113,5.03
2024-09-12,NVDA.US,buy,117.8007,54.04,signal,0.0,0,0.0,0.0
2024-10-28,NVDA.US,sell,142.6341,54.04,target_rebalance,1341.9989,46,30.161142909416345,21.08
2024-09-12,AMD.US,buy,150.7553,82.5,signal,0.0,0,0.0,0.0
2024-10-29,AMD.US,sell,160.9389,82.5,target_rebalance,840.1503,47,29.98400905408311,6.76
2024-09-12,ASML.US,buy,773.937,5.03,signal,0.0,0,0.0,0.0
2024-10-29,ASML.US,sell,696.9916,5.03,target_rebalance,-387.0353,47,27.510343842261072,-9.94
2024-09-12,AVGO.US,buy,158.1653,4.95,signal,0.0,0,0.0,0.0
2024-10-29,AVGO.US,sell,169.6437,4.95,target_rebalance,56.8179,47,30.141343945936168,7.26
2024-09-12,MU.US,buy,89.0788,15.82,signal,0.0,0,0.0,0.0
2024-10-29,MU.US,sell,105.9371,15.82,target_rebalance,266.6972,47,30.149267985264544,18.93
2024-09-12,AMAT.US,buy,182.9482,36.05,signal,0.0,0,0.0,0.0
2024-10-30,AMAT.US,sell,183.8723,36.05,target_rebalance,33.3124,48,30.75680741904654,0.51
2024-09-12,AVGO.US,buy,158.1653,106.52,signal,0.0,0,0.0,0.0
2024-10-30,AVGO.US,sell,174.5921,106.52,target_rebalance,1749.7856,48,31.141343945936168,10.39
2024-09-12,LRCX.US,buy,75.5054,110.79,signal,0.0,0,0.0,0.0
2024-10-30,LRCX.US,sell,75.7093,110.79,target_rebalance,22.5969,48,29.91528008624014,0.27
2024-09-12,MU.US,buy,89.0788,1.62,signal,0.0,0,0.0,0.0
2024-10-30,MU.US,sell,105.6091,1.62,target_rebalance,26.779,48,31.149267985264554,18.56
2024-09-12,TSM.US,buy,169.071,4.04,signal,0.0,0,0.0,0.0
2024-10-30,TSM.US,sell,190.0157,4.04,target_rebalance,84.6168,48,31.735851693320722,12.39
2024-09-12,AMAT.US,buy,182.9482,26.49,signal,0.0,0,0.0,0.0
2024-10-31,AMAT.US,sell,182.1122,26.49,target_rebalance,-22.1458,49,31.756807419046545,-0.46
2024-09-12,ASML.US,buy,772.6168,0.71,signal,0.0,0,0.0,0.0
2024-10-31,ASML.US,sell,672.6077,0.71,target_rebalance,-71.0065,49,29.090040563752456,-12.94
2024-09-12,AVGO.US,buy,158.1653,3.42,signal,0.0,0,0.0,0.0
2024-10-31,AVGO.US,sell,171.6211,3.42,target_rebalance,46.0188,49,32.141343945936164,8.51
2024-09-12,LRCX.US,buy,75.5054,61.95,signal,0.0,0,0.0,0.0
2024-10-31,LRCX.US,sell,74.9607,61.95,target_rebalance,-33.7425,49,30.915280086240138,-0.72
2024-09-12,NVDA.US,buy,118.0749,9.01,signal,0.0,0,0.0,0.0
2024-10-31,NVDA.US,sell,137.248,9.01,target_rebalance,172.749,49,32.775810282065436,16.24
2024-09-12,TSM.US,buy,169.071,30.88,signal,0.0,0,0.0,0.0
2024-10-31,TSM.US,sell,188.5299,30.88,target_rebalance,600.89,49,32.73585169332072,11.51
2024-09-12,AMAT.US,buy,182.9482,3068.91,signal,0.0,0,0.0,0.0
2024-11-01,AMAT.US,sell,178.7887,3068.91,signal,-12765.0598,50,32.756807419046545,-2.27
2024-09-12,AMD.US,buy,150.8163,3777.59,signal,0.0,0,0.0,0.0
2024-11-01,AMD.US,sell,144.2956,3777.59,signal,-24632.5277,50,31.088947092904615,-4.32
2024-09-12,ASML.US,buy,772.6168,830.92,signal,0.0,0,0.0,0.0
2024-11-01,ASML.US,sell,668.2449,830.92,signal,-86724.7544,50,30.09004056375246,-13.51
2024-09-12,AVGO.US,buy,158.1653,3256.51,signal,0.0,0,0.0,0.0
2024-11-01,AVGO.US,sell,165.5315,3256.51,signal,23988.003,50,33.141343945936164,4.66
2024-09-12,LRCX.US,buy,75.5054,7455.72,signal,0.0,0,0.0,0.0
2024-11-01,LRCX.US,sell,73.2467,7455.72,signal,-16839.5965,50,31.91528008624014,-2.99
2024-09-12,MU.US,buy,89.3146,5491.26,signal,0.0,0,0.0,0.0
2024-11-01,MU.US,sell,99.3874,5491.26,signal,55312.2756,50,32.55227187572732,11.28
2024-09-12,NVDA.US,buy,118.0749,4072.09,signal,0.0,0,0.0,0.0
2024-11-01,NVDA.US,sell,134.3553,4072.09,signal,66295.2914,50,33.77581028206543,13.79
2024-09-12,TSM.US,buy,169.071,2964.44,signal,0.0,0,0.0,0.0
2024-11-01,TSM.US,sell,189.8398,2964.44,signal,61567.7942,50,33.73585169332072,12.28
2024-11-06,MU.US,buy,107.9317,102.77,signal,0.0,0,0.0,0.0
2024-11-07,MU.US,sell,111.8705,102.77,target_rebalance,404.7854,1,1.0,3.65
2024-11-06,NVDA.US,buy,142.8797,24.09,signal,0.0,0,0.0,0.0
2024-11-07,NVDA.US,sell,146.0155,24.09,target_rebalance,75.5409,1,1.0,2.19
2024-11-06,TSM.US,buy,188.1041,13.31,signal,0.0,0,0.0,0.0
2024-11-07,TSM.US,sell,191.9024,13.31,target_rebalance,50.5554,1,1.0,2.02
2024-11-06,AMD.US,buy,145.1011,21.74,signal,0.0,0,0.0,0.0
2024-11-08,AMD.US,sell,149.2406,21.74,target_rebalance,89.9932,2,1.996454994241013,2.85
2024-11-06,NVDA.US,buy,142.8797,21.17,signal,0.0,0,0.0,0.0
2024-11-08,NVDA.US,sell,148.3893,21.17,target_rebalance,116.639,2,2.0,3.86
2024-11-06,TSM.US,buy,188.1041,78.25,signal,0.0,0,0.0,0.0
2024-11-08,TSM.US,sell,199.3122,78.25,target_rebalance,877.0353,2,2.0,5.96
2024-11-06,AMAT.US,buy,186.1929,18.91,signal,0.0,0,0.0,0.0
2024-11-11,AMAT.US,sell,189.0934,18.91,target_rebalance,54.8486,5,2.98791243921727,1.56
2024-11-06,ASML.US,buy,659.777,7.56,signal,0.0,0,0.0,0.0
2024-11-11,ASML.US,sell,661.5681,7.56,target_rebalance,13.5405,5,2.95993094782333,0.27
2024-11-06,AVGO.US,buy,177.0931,26.47,signal,0.0,0,0.0,0.0
2024-11-11,AVGO.US,sell,180.426,26.47,target_rebalance,88.2197,5,2.9875138574715,1.88
2024-11-06,NVDA.US,buy,142.8797,29.01,signal,0.0,0,0.0,0.0
2024-11-11,NVDA.US,sell,148.2996,29.01,target_rebalance,157.2307,5,3.0,3.79
2024-11-06,AMD.US,buy,145.109,50.79,signal,0.0,0,0.0,0.0
2024-11-12,AMD.US,sell,146.853,50.79,target_rebalance,88.5776,6,3.9866770951375545,1.2
2024-11-06,ASML.US,buy,659.777,16.2,signal,0.0,0,0.0,0.0
2024-11-12,ASML.US,sell,662.4247,16.2,target_rebalance,42.8926,6,3.95993094782333,0.4
2024-11-06,LRCX.US,buy,76.6726,21.61,signal,0.0,0,0.0,0.0
2024-11-12,LRCX.US,sell,75.2759,21.61,target_rebalance,-30.1825,6,3.9593699356138585,-1.82
2024-11-06,NVDA.US,buy,142.8797,19.64,signal,0.0,0,0.0,0.0
2024-11-12,NVDA.US,sell,146.4045,19.64,target_rebalance,69.2263,6,4.0,2.47
2024-11-06,ASML.US,buy,659.777,3.06,signal,0.0,0,0.0,0.0
2024-11-13,ASML.US,sell,654.5265,3.06,target_rebalance,-16.0664,7,4.95993094782333,-0.8
2024-11-06,NVDA.US,buy,142.8797,114.96,signal,0.0,0,0.0,0.0
2024-11-13,NVDA.US,sell,148.6886,114.96,target_rebalance,667.7895,7,5.000000000000001,4.07
2024-11-06,TSM.US,buy,188.2195,18.7,signal,0.0,0,0.0,0.0
2024-11-13,TSM.US,sell,188.1193,18.7,target_rebalance,-1.8738,7,4.9310626599218175,-0.05
2024-11-06,AMAT.US,buy,186.1543,2976.47,signal,0.0,0,0.0,0.0
2024-11-14,AMAT.US,sell,183.6559,2976.47,signal,-7436.3663,8,5.948146151573643,-1.34
2024-11-06,AMD.US,buy,145.0862,3774.71,signal,0.0,0,0.0,0.0
2024-11-14,AMD.US,sell,140.1997,3774.71,signal,-18445.3884,8,5.932750791123865,-3.37
2024-11-06,ASML.US,buy,659.777,824.71,signal,0.0,0,0.0,0.0
2024-11-14,ASML.US,sell,694.9629,824.71,signal,29018.2049,8,5.95993094782333,5.33
2024-11-06,AVGO.US,buy,177.0508,3134.31,signal,0.0,0,0.0,0.0
2024-11-14,AVGO.US,sell,171.9359,3134.31,signal,-16031.6517,8,5.929008460615807,-2.89
2024-11-06,LRCX.US,buy,76.6483,7340.99,signal,0.0,0,0.0,0.0
2024-11-14,LRCX.US,sell,74.3204,7340.99,signal,-17089.2392,8,5.921078494275484,-3.04
2024-11-06,MU.US,buy,107.8293,5272.73,signal,0.0,0,0.0,0.0
2024-11-14,MU.US,sell,100.6695,5272.73,signal,-37751.5149,8,5.797823897677295,-6.64
2024-11-06,NVDA.US,buy,142.8797,3630.37,signal,0.0,0,0.0,0.0
2024-11-14,NVDA.US,sell,147.2623,3630.37,signal,15910.2908,8,6.000000000000001,3.07
2024-11-06,TSM.US,buy,188.2195,2869.43,signal,0.0,0,0.0,0.0
2024-11-14,TSM.US,sell,184.17,2869.43,signal,-11619.7504,8,5.931062659921819,-2.15
2024-12-04,AMD.US,buy,143.103,20.54,signal,0.0,0,0.0,0.0
2024-12-05,AMD.US,sell,143.5363,20.54,target_rebalance,8.9009,1,1.0,0.3
2024-12-04,ASML.US,buy,714.225,5.89,signal,0.0,0,0.0,0.0
2024-12-05,ASML.US,sell,718.0766,5.89,target_rebalance,22.686,1,1.0,0.54
2024-12-04,MU.US,buy,100.3532,163.63,signal,0.0,0,0.0,0.0
2024-12-05,MU.US,sell,103.2437,163.63,target_rebalance,472.9633,1,1.0,2.88
2024-12-04,NVDA.US,buy,141.9202,83.54,signal,0.0,0,0.0,0.0
2024-12-05,NVDA.US,sell,144.7487,83.54,target_rebalance,236.2918,1,1.0,1.99
2024-12-04,TSM.US,buy,195.754,20.39,signal,0.0,0,0.0,0.0
2024-12-05,TSM.US,sell,196.7315,20.39,target_rebalance,19.9305,1,1.0,0.5
2024-12-04,AMAT.US,buy,182.6418,3095.77,signal,0.0,0,0.0,0.0
2024-12-06,AMAT.US,sell,169.6786,3095.77,signal,-40131.0952,2,1.954831915807699,-7.1
2024-12-04,AMD.US,buy,143.103,3760.22,signal,0.0,0,0.0,0.0
2024-12-06,AMD.US,sell,141.3385,3760.22,signal,-6634.7239,2,2.0,-1.23
2024-12-04,ASML.US,buy,714.225,751.63,signal,0.0,0,0.0,0.0
2024-12-06,ASML.US,sell,700.9309,751.63,signal,-9992.2412,2,2.0,-1.86
2024-12-04,AVGO.US,buy,170.9343,3206.61,signal,0.0,0,0.0,0.0
2024-12-06,AVGO.US,sell,167.3417,3206.61,signal,-11520.1609,2,1.986880225534131,-2.1
2024-12-04,LRCX.US,buy,78.4757,7021.53,signal,0.0,0,0.0,0.0
2024-12-06,LRCX.US,sell,74.0151,7021.53,signal,-31320.8725,2,1.9815054553637172,-5.68
2024-12-04,MU.US,buy,100.3532,5227.71,signal,0.0,0,0.0,0.0
2024-12-06,MU.US,sell,100.262,5227.71,signal,-476.7063,2,2.0,-0.09
2024-12-04,NVDA.US,buy,141.9202,3728.73,signal,0.0,0,0.0,0.0
2024-12-06,NVDA.US,sell,144.24,3728.73,signal,8649.7048,2,2.0,1.63
2024-12-04,TSM.US,buy,195.754,2743.48,signal,0.0,0,0.0,0.0
2024-12-06,TSM.US,sell,197.4646,2743.48,signal,4693.0523,2,2.0,0.87
2024-12-09,AMAT.US,buy,169.8306,3123.1,signal,0.0,0,0.0,0.0
2024-12-10,AMAT.US,sell,170.9993,3123.1,signal,3649.7786,1,1.0,0.69
2024-12-09,AMD.US,buy,135.8457,3904.42,signal,0.0,0,0.0,0.0
2024-12-10,AMD.US,sell,131.4284,3904.42,signal,-17246.9131,1,1.0,-3.25
2024-12-09,ASML.US,buy,703.8242,753.6,signal,0.0,0,0.0,0.0
2024-12-10,ASML.US,sell,705.7368,753.6,signal,1441.3228,1,1.0,0.27
2024-12-09,AVGO.US,buy,176.4006,3006.79,signal,0.0,0,0.0,0.0
2024-12-10,AVGO.US,sell,174.9266,3006.79,signal,-4431.9476,1,1.0,-0.84
2024-12-09,LRCX.US,buy,75.476,7027.39,signal,0.0,0,0.0,0.0
2024-12-10,LRCX.US,sell,76.9702,7027.39,signal,10500.3082,1,1.0,1.98
2024-12-09,MU.US,buy,100.2337,5291.62,signal,0.0,0,0.0,0.0
2024-12-10,MU.US,sell,104.317,5291.62,signal,21607.3711,1,1.0,4.07
2024-12-09,NVDA.US,buy,138.9015,3818.52,signal,0.0,0,0.0,0.0
2024-12-10,NVDA.US,sell,138.6639,3818.52,signal,-907.4325,1,1.0,-0.17
2024-12-09,TSM.US,buy,196.8119,2694.95,signal,0.0,0,0.0,0.0
2024-12-10,TSM.US,sell,194.6297,2694.95,signal,-5880.8481,1,1.0,-1.11
2024-12-16,ASML.US,buy,710.5344,14.1,signal,0.0,0,0.0,0.0
2024-12-17,ASML.US,sell,728.7618,14.1,target_rebalance,257.0057,1,1.0,2.57
2024-12-16,AVGO.US,buy,228.4878,66.96,signal,0.0,0,0.0,0.0
2024-12-17,AVGO.US,sell,236.7476,66.96,target_rebalance,553.0792,1,1.0,3.62
2024-12-16,LRCX.US,buy,75.5097,88.96,signal,0.0,0,0.0,0.0
2024-12-17,LRCX.US,sell,76.9595,88.96,target_rebalance,128.9727,1,1.0,1.92
2024-12-16,MU.US,buy,105.1732,150.1,signal,0.0,0,0.0,0.0
2024-12-17,MU.US,sell,109.0777,150.1,target_rebalance,586.0677,1,1.0,3.71
2024-12-16,ASML.US,buy,710.5344,1.27,signal,0.0,0,0.0,0.0
2024-12-18,ASML.US,sell,737.1425,1.27,target_rebalance,33.7923,2,2.0,3.74
2024-12-16,NVDA.US,buy,133.8902,100.62,signal,0.0,0,0.0,0.0
2024-12-18,NVDA.US,sell,133.5267,100.62,target_rebalance,-36.5707,2,1.9560260350575849,-0.27
2024-12-16,AMAT.US,buy,167.912,3204.59,signal,0.0,0,0.0,0.0
2024-12-19,AMAT.US,sell,160.4436,3204.59,signal,-23932.925,3,2.9876427249663764,-4.45
2024-12-16,AMD.US,buy,126.106,4301.34,signal,0.0,0,0.0,0.0
2024-12-19,AMD.US,sell,122.0378,4301.34,signal,-17498.3781,3,2.9777232211357387,-3.23
2024-12-16,ASML.US,buy,710.5344,732.63,signal,0.0,0,0.0,0.0
2024-12-19,ASML.US,sell,706.8497,732.63,signal,-2699.5246,3,3.0,-0.52
2024-12-16,AVGO.US,buy,228.5838,2288.38,signal,0.0,0,0.0,0.0
2024-12-19,AVGO.US,sell,224.2142,2288.38,signal,-9999.3892,3,2.97441858432603,-1.91
2024-12-16,LRCX.US,buy,75.5198,6989.93,signal,0.0,0,0.0,0.0
2024-12-19,LRCX.US,sell,71.8809,6989.93,signal,-25435.8107,3,2.9884605425233164,-4.82
2024-12-16,MU.US,buy,105.1878,4918.81,signal,0.0,0,0.0,0.0
2024-12-19,MU.US,sell,89.5282,4918.81,signal,-77026.607,3,2.9936813985496493,-14.89
2024-12-16,NVDA.US,buy,133.8902,4044.56,signal,0.0,0,0.0,0.0
2024-12-19,NVDA.US,sell,131.4319,4044.56,signal,-9942.4622,3,2.956026035057585,-1.84
2024-12-16,TSM.US,buy,199.6306,2707.96,signal,0.0,0,0.0,0.0
2024-12-19,TSM.US,sell,194.5613,2707.96,signal,-13727.2756,3,2.9829613435944404,-2.54
2024-12-24,AMAT.US,buy,165.3471,13.33,signal,0.0,0,0.0,0.0
2024-12-26,AMAT.US,sell,164.9379,13.33,target_rebalance,-5.4547,2,1.0,-0.25
2024-12-24,ASML.US,buy,706.9227,1.27,signal,0.0,0,0.0,0.0
2024-12-26,ASML.US,sell,703.3634,1.27,target_rebalance,-4.5203,2,1.0,-0.5
2024-12-24,AVGO.US,buy,237.3333,9.24,signal,0.0,0,0.0,0.0
2024-12-26,AVGO.US,sell,236.7408,9.24,target_rebalance,-5.475,2,1.0,-0.25
2024-12-24,NVDA.US,buy,139.931,9.7,signal,0.0,0,0.0,0.0
2024-12-26,NVDA.US,sell,139.3522,9.7,target_rebalance,-5.6148,2,1.0,-0.41
2024-12-24,TSM.US,buy,202.3401,6.97,signal,0.0,0,0.0,0.0
2024-12-26,TSM.US,sell,201.524,6.97,target_rebalance,-5.6885,2,1.0,-0.4
2024-12-24,ASML.US,buy,706.9227,2.85,signal,0.0,0,0.0,0.0
2024-12-27,ASML.US,sell,706.5937,2.85,target_rebalance,-0.9378,3,2.0,-0.05
2024-12-24,AVGO.US,buy,237.3333,47.78,signal,0.0,0,0.0,0.0
2024-12-27,AVGO.US,sell,242.3042,47.78,target_rebalance,237.5082,3,2.0,2.09
2024-12-24,MU.US,buy,89.2038,17.31,signal,0.0,0,0.0,0.0
2024-12-27,MU.US,sell,88.4548,17.31,target_rebalance,-12.9651,3,1.9946987355709094,-0.84
2024-12-24,AMAT.US,buy,165.3398,3085.1,signal,0.0,0,0.0,0.0
2024-12-30,AMAT.US,sell,161.6362,3085.1,signal,-11425.9125,6,2.9884088036044214,-2.24
2024-12-24,AMD.US,buy,127.5893,4066.14,signal,0.0,0,0.0,0.0
2024-12-30,AMD.US,sell,123.4364,4066.14,signal,-16886.1065,6,2.9716709213160395,-3.25
2024-12-24,ASML.US,buy,706.9227,716.41,signal,0.0,0,0.0,0.0
2024-12-30,ASML.US,sell,689.3692,716.41,signal,-12575.5151,6,3.0,-2.48
2024-12-24,AVGO.US,buy,237.3333,2089.16,signal,0.0,0,0.0,0.0
2024-12-30,AVGO.US,sell,231.5128,2089.16,signal,-12160.0605,6,3.0,-2.45
2024-12-24,LRCX.US,buy,73.3281,6976.04,signal,0.0,0,0.0,0.0
2024-12-30,LRCX.US,sell,71.1399,6976.04,signal,-15265.5833,6,2.995690965074741,-2.98
2024-12-24,MU.US,buy,89.2038,5722.83,signal,0.0,0,0.0,0.0
2024-12-30,MU.US,sell,86.5694,5722.83,signal,-15075.9354,6,2.9946987355709096,-2.95
2024-12-24,NVDA.US,buy,139.9211,3655.44,signal,0.0,0,0.0,0.0
2024-12-30,NVDA.US,sell,134.4943,3655.44,signal,-19837.2864,6,2.986288928282231,-3.88
2024-12-24,TSM.US,buy,202.3353,2519.16,signal,0.0,0,0.0,0.0
2024-12-30,TSM.US,sell,195.9735,2519.16,signal,-16026.3284,6,2.993029422505915,-3.14
2025-01-06,ASML.US,buy,741.1346,1.55,signal,0.0,0,0.0,0.0
2025-01-07,ASML.US,sell,763.2303,1.55,target_rebalance,34.2483,1,1.0,2.98
2025-01-06,MU.US,buy,95.2984,252.12,signal,0.0,0,0.0,0.0
2025-01-07,MU.US,sell,102.9101,252.12,target_rebalance,1919.0628,1,1.0,7.99
2025-01-06,NVDA.US,buy,148.5168,1.32,signal,0.0,0,0.0,0.0
2025-01-07,NVDA.US,sell,152.649,1.32,target_rebalance,5.4545,1,1.0,2.78
2025-01-06,AMAT.US,buy,172.8032,58.98,signal,0.0,0,0.0,0.0
2025-01-08,AMAT.US,sell,175.188,58.98,target_rebalance,140.6573,2,2.0,1.38
2025-01-06,ASML.US,buy,741.1346,3.56,signal,0.0,0,0.0,0.0
2025-01-08,ASML.US,sell,741.5643,3.56,target_rebalance,1.5296,2,2.0,0.06
2025-01-06,LRCX.US,buy,76.4198,88.79,signal,0.0,0,0.0,0.0
2025-01-08,LRCX.US,sell,76.4951,88.79,target_rebalance,6.6871,2,1.9944999823323455,0.1
2025-01-06,MU.US,buy,95.2984,138.48,signal,0.0,0,0.0,0.0
2025-01-08,MU.US,sell,102.3229,138.48,target_rebalance,972.7592,2,2.0,7.37
2025-01-06,AMAT.US,buy,172.8032,19.21,signal,0.0,0,0.0,0.0
2025-01-10,AMAT.US,sell,172.2017,19.21,target_rebalance,-11.555,4,3.0,-0.35
2025-01-06,ASML.US,buy,741.1346,14.03,signal,0.0,0,0.0,0.0
2025-01-10,ASML.US,sell,739.5947,14.03,target_rebalance,-21.6051,4,3.0,-0.21
2025-01-06,AVGO.US,buy,233.7466,24.88,signal,0.0,0,0.0,0.0
2025-01-10,AVGO.US,sell,224.2132,24.88,target_rebalance,-237.1894,4,2.9705944896449705,-4.08
2025-01-06,LRCX.US,buy,76.4198,37.26,signal,0.0,0,0.0,0.0
2025-01-10,LRCX.US,sell,75.1118,37.26,target_rebalance,-48.7348,4,2.9944999823323455,-1.71
2025-01-06,TSM.US,buy,214.8489,25.37,signal,0.0,0,0.0,0.0
2025-01-10,TSM.US,sell,203.5833,25.37,target_rebalance,-285.8065,4,2.94867626177333,-5.24
2025-01-06,AMAT.US,buy,172.8032,6.38,signal,0.0,0,0.0,0.0
2025-01-13,AMAT.US,sell,166.6627,6.38,target_rebalance,-39.1763,7,4.0,-3.55
2025-01-06,AMD.US,buy,128.862,32.86,signal,0.0,0,0.0,0.0
2025-01-13,AMD.US,sell,115.1647,32.86,target_rebalance,-450.0915,7,3.876737374809083,-10.63
2025-01-06,AVGO.US,buy,233.7466,4.91,signal,0.0,0,0.0,0.0
2025-01-13,AVGO.US,sell,217.0025,4.91,target_rebalance,-82.2132,7,3.97059448964497,-7.16
2025-01-06,MU.US,buy,95.3505,46.22,signal,0.0,0,0.0,0.0
2025-01-13,MU.US,sell,95.3767,46.22,target_rebalance,1.2085,7,3.9384778957550632,0.03
2025-01-06,TSM.US,buy,214.8489,0.68,signal,0.0,0,0.0,0.0
2025-01-13,TSM.US,sell,196.6403,0.68,target_rebalance,-12.3818,7,3.94867626177333,-8.48
2025-01-06,AMAT.US,buy,172.8032,2777.8,signal,0.0,0,0.0,0.0
2025-01-14,AMAT.US,sell,169.3829,2777.8,signal,-9500.8793,8,5.0,-1.98
2025-01-06,AMD.US,buy,128.862,4019.95,signal,0.0,0,0.0,0.0
2025-01-14,AMD.US,sell,117.882,4019.95,signal,-44138.903,8,4.876737374809083,-8.52
2025-01-06,ASML.US,buy,741.0318,650.52,signal,0.0,0,0.0,0.0
2025-01-14,ASML.US,sell,726.3392,650.52,signal,-9557.8546,8,4.986041935682223,-1.98
2025-01-06,AVGO.US,buy,233.7466,2133.41,signal,0.0,0,0.0,0.0
2025-01-14,AVGO.US,sell,223.4932,2133.41,signal,-21874.6828,8,4.97059448964497,-4.39
2025-01-06,LRCX.US,buy,76.4149,6390.83,signal,0.0,0,0.0,0.0
2025-01-14,LRCX.US,sell,74.1435,6390.83,signal,-14515.9917,8,4.989618449751755,-2.97
2025-01-06,MU.US,buy,95.3505,4853.97,signal,0.0,0,0.0,0.0
2025-01-14,MU.US,sell,96.5808,4853.97,signal,5971.8979,8,4.938477895755063,1.29
2025-01-06,NVDA.US,buy,147.8002,3563.23,signal,0.0,0,0.0,0.0
2025-01-14,NVDA.US,sell,135.7113,3563.23,signal,-43075.5671,8,4.815164892527286,-8.18
2025-01-06,TSM.US,buy,214.8489,2354.33,signal,0.0,0,0.0,0.0
2025-01-14,TSM.US,sell,201.22,2354.33,signal,-32086.9159,8,4.94867626177333,-6.34
2025-01-16,AMAT.US,buy,183.4886,73.18,signal,0.0,0,0.0,0.0
2025-01-17,AMAT.US,sell,190.2182,73.18,target_rebalance,492.472,1,1.0,3.67
2025-01-16,ASML.US,buy,748.7723,1.67,signal,0.0,0,0.0,0.0
2025-01-17,ASML.US,sell,756.2479,1.67,target_rebalance,12.4842,1,1.0,1.0
2025-01-16,LRCX.US,buy,78.1036,133.02,signal,0.0,0,0.0,0.0
2025-01-17,LRCX.US,sell,80.4374,133.02,target_rebalance,310.4465,1,1.0,2.99
2025-01-16,AMAT.US,buy,183.4886,7.18,signal,0.0,0,0.0,0.0
2025-01-21,AMAT.US,sell,191.9331,7.18,target_rebalance,60.6317,5,2.0,4.6
2025-01-16,AMD.US,buy,120.3617,20.22,signal,0.0,0,0.0,0.0
2025-01-21,AMD.US,sell,122.2676,20.22,target_rebalance,38.5365,5,1.9972043626124014,1.58
2025-01-16,AVGO.US,buy,232.4902,22.22,signal,0.0,0,0.0,0.0
2025-01-21,AVGO.US,sell,238.2204,22.22,target_rebalance,127.3249,5,2.0,2.46
2025-01-16,NVDA.US,buy,138.5303,34.08,signal,0.0,0,0.0,0.0
2025-01-21,NVDA.US,sell,138.8135,34.08,target_rebalance,9.6507,5,1.9787814272387527,0.2
2025-01-16,MU.US,buy,104.0249,51.71,signal,0.0,0,0.0,0.0
2025-01-22,MU.US,sell,108.6422,51.71,target_rebalance,238.764,6,2.995790789565704,4.44
2025-01-16,NVDA.US,buy,138.5303,54.44,signal,0.0,0,0.0,0.0
2025-01-22,NVDA.US,sell,144.2998,54.44,target_rebalance,314.0914,6,2.978781427238753,4.16
2025-01-16,TSM.US,buy,214.9565,21.37,signal,0.0,0,0.0,0.0
2025-01-22,TSM.US,sell,217.6557,21.37,target_rebalance,57.6822,6,2.9573678438254003,1.26
2025-01-16,AMD.US,buy,120.4048,35.92,signal,0.0,0,0.0,0.0
2025-01-23,AMD.US,sell,121.3086,35.92,target_rebalance,32.4618,7,3.9517425432501883,0.75
2025-01-16,LRCX.US,buy,78.1363,11.73,signal,0.0,0,0.0,0.0
2025-01-23,LRCX.US,sell,79.7853,11.73,target_rebalance,19.3429,7,3.967905887822535,2.11
2025-01-16,NVDA.US,buy,138.5303,91.5,signal,0.0,0,0.0,0.0
2025-01-23,NVDA.US,sell,144.6889,91.5,target_rebalance,563.5072,7,3.9787814272387525,4.45
2025-01-16,TSM.US,buy,214.9565,36.22,signal,0.0,0,0.0,0.0
2025-01-23,TSM.US,sell,215.8415,36.22,target_rebalance,32.0548,7,3.9573678438254003,0.41
2025-01-16,AMD.US,buy,120.4048,33.27,signal,0.0,0,0.0,0.0
2025-01-24,AMD.US,sell,124.4255,33.27,target_rebalance,133.7656,8,4.951742543250187,3.34
2025-01-16,AVGO.US,buy,232.5192,14.44,signal,0.0,0,0.0,0.0
2025-01-24,AVGO.US,sell,241.3769,14.44,target_rebalance,127.9056,8,4.963207366388396,3.81
2025-01-16,NVDA.US,buy,138.5303,18.89,signal,0.0,0,0.0,0.0
2025-01-24,NVDA.US,sell,148.0006,18.89,target_rebalance,178.8933,8,4.9787814272387525,6.84
2025-01-16,TSM.US,buy,214.9565,23.23,signal,0.0,0,0.0,0.0
2025-01-24,TSM.US,sell,221.8431,23.23,target_rebalance,159.9754,8,4.957367843825399,3.2
2025-01-16,AMAT.US,buy,183.7039,101.46,signal,0.0,0,0.0,0.0
2025-01-27,AMAT.US,sell,176.962,101.46,target_rebalance,-684.0257,11,5.866301045845604,-3.67
2025-01-16,AMD.US,buy,120.4048,181.96,signal,0.0,0,0.0,0.0
2025-01-27,AMD.US,sell,117.6822,181.96,target_rebalance,-495.4122,11,5.951742543250189,-2.26
2025-01-16,LRCX.US,buy,78.1451,232.22,signal,0.0,0,0.0,0.0
2025-01-27,LRCX.US,sell,75.8726,232.22,target_rebalance,-527.721,11,5.951923622646388,-2.91
2025-01-16,AMAT.US,buy,183.7039,2485.92,signal,0.0,0,0.0,0.0
2025-01-28,AMAT.US,sell,171.2457,2485.92,signal,-30970.1088,12,6.866301045845604,-6.78
2025-01-16,AMD.US,buy,120.4048,3738.15,signal,0.0,0,0.0,0.0
2025-01-28,AMD.US,sell,115.0648,3738.15,signal,-19961.8192,12,6.951742543250188,-4.44
2025-01-16,ASML.US,buy,748.0002,662.62,signal,0.0,0,0.0,0.0
2025-01-28,ASML.US,sell,668.4912,662.62,signal,-52684.2327,12,6.821496483655792,-10.63
2025-01-16,AVGO.US,buy,231.8471,2085.66,signal,0.0,0,0.0,0.0
2025-01-28,AVGO.US,sell,205.1852,2085.66,signal,-55607.7105,12,6.777620170895234,-11.5
2025-01-16,LRCX.US,buy,78.1451,5798.05,signal,0.0,0,0.0,0.0
2025-01-28,LRCX.US,sell,74.2127,5798.05,signal,-22800.5225,12,6.951923622646388,-5.03
2025-01-16,MU.US,buy,104.0145,4650.72,signal,0.0,0,0.0,0.0
2025-01-28,MU.US,sell,92.1623,4650.72,signal,-55121.2659,12,6.870696936876776,-11.39
2025-01-16,NVDA.US,buy,137.6269,3526.69,signal,0.0,0,0.0,0.0
2025-01-28,NVDA.US,sell,121.5067,3526.69,signal,-56850.8358,12,6.587134277837842,-11.71
2025-01-16,TSM.US,buy,214.2668,2272.11,signal,0.0,0,0.0,0.0
2025-01-28,TSM.US,sell,191.8645,2272.11,signal,-50900.2831,12,6.764837763515864,-10.46
2025-01-31,AMAT.US,buy,180.3185,2392.67,signal,0.0,0,0.0,0.0
2025-02-03,AMAT.US,sell,172.793,2392.67,signal,-18005.9492,3,1.0,-4.17
2025-01-31,AMD.US,buy,119.2591,3617.69,signal,0.0,0,0.0,0.0
2025-02-03,AMD.US,sell,113.7661,3617.69,signal,-19872.0512,3,1.0,-4.61
2025-01-31,ASML.US,buy,738.2038,584.45,signal,0.0,0,0.0,0.0
2025-02-03,ASML.US,sell,708.2088,584.45,signal,-17530.6101,3,1.0,-4.06
2025-01-31,AVGO.US,buy,217.1108,1987.2,signal,0.0,0,0.0,0.0
2025-02-03,AVGO.US,sell,212.534,1987.2,signal,-9094.9286,3,1.0,-2.11
2025-01-31,LRCX.US,buy,80.2817,5374.11,signal,0.0,0,0.0,0.0
2025-02-03,LRCX.US,sell,78.0266,5374.11,signal,-12119.0495,3,1.0,-2.81
2025-01-31,MU.US,buy,91.3895,4720.92,signal,0.0,0,0.0,0.0
2025-02-03,MU.US,sell,88.2214,4720.92,signal,-14956.3887,3,1.0,-3.47
2025-01-31,NVDA.US,buy,123.719,3487.28,signal,0.0,0,0.0,0.0
2025-02-03,NVDA.US,sell,114.4643,3487.28,signal,-32273.715,3,1.0,-7.48
2025-01-31,TSM.US,buy,206.2804,2091.54,signal,0.0,0,0.0,0.0
2025-02-03,TSM.US,sell,195.7676,2091.54,signal,-21988.0457,3,1.0,-5.1
2025-02-06,AMAT.US,buy,177.3756,23.3,signal,0.0,0,0.0,0.0
2025-02-07,AMAT.US,sell,180.5003,23.3,target_rebalance,72.8061,1,1.0,1.76
2025-02-06,LRCX.US,buy,80.3411,78.7,signal,0.0,0,0.0,0.0
2025-02-07,LRCX.US,sell,82.1962,78.7,target_rebalance,145.9964,1,1.0,2.31
2025-02-06,NVDA.US,buy,127.3572,14.94,signal,0.0,0,0.0,0.0
2025-02-07,NVDA.US,sell,128.8983,14.94,target_rebalance,23.0235,1,1.0,1.21
2025-02-06,TSM.US,buy,206.4081,9.05,signal,0.0,0,0.0,0.0
2025-02-07,TSM.US,sell,208.8886,9.05,target_rebalance,22.4485,1,1.0,1.2
2025-02-06,AMAT.US,buy,177.3756,2307.32,signal,0.0,0,0.0,0.0
2025-02-10,AMAT.US,sell,180.2243,2307.32,signal,6572.991,4,2.0,1.61
2025-02-06,AMD.US,buy,110.9986,3812.47,signal,0.0,0,0.0,0.0
2025-02-10,AMD.US,sell,108.3316,3812.47,signal,-10168.0142,4,1.9765086676091876,-2.4
2025-02-06,ASML.US,buy,727.9488,571.07,signal,0.0,0,0.0,0.0
2025-02-10,ASML.US,sell,725.5315,571.07,signal,-1380.4221,4,1.9944490167580156,-0.33
2025-02-06,AVGO.US,buy,231.7812,1793.03,signal,0.0,0,0.0,0.0
2025-02-10,AVGO.US,sell,224.3414,1793.03,signal,-13339.6214,4,1.9947295918082797,-3.21
2025-02-06,LRCX.US,buy,80.3411,5066.8,signal,0.0,0,0.0,0.0
2025-02-10,LRCX.US,sell,82.5519,5066.8,signal,11201.747,4,2.0,2.75
2025-02-06,MU.US,buy,94.6103,4369.45,signal,0.0,0,0.0,0.0
2025-02-10,MU.US,sell,92.7395,4369.45,signal,-8174.6013,4,2.0,-1.98
2025-02-06,NVDA.US,buy,127.3572,3231.01,signal,0.0,0,0.0,0.0
2025-02-10,NVDA.US,sell,129.7661,3231.01,signal,7783.1937,4,2.0,1.89
2025-02-06,TSM.US,buy,206.4081,1993.75,signal,0.0,0,0.0,0.0
2025-02-10,TSM.US,sell,203.9756,1993.75,signal,-4849.8656,4,2.0,-1.18
2025-02-11,AMAT.US,buy,179.5383,0.89,signal,0.0,0,0.0,0.0
2025-02-12,AMAT.US,sell,176.8339,0.89,target_rebalance,-2.4069,1,1.0,-1.51
2025-02-11,AMD.US,buy,109.089,69.25,signal,0.0,0,0.0,0.0
2025-02-12,AMD.US,sell,109.4105,69.25,target_rebalance,22.2634,1,1.0,0.29
2025-02-11,ASML.US,buy,736.3828,2.81,signal,0.0,0,0.0,0.0
2025-02-12,ASML.US,sell,728.6743,2.81,target_rebalance,-21.661,1,1.0,-1.05
2025-02-11,AVGO.US,buy,229.782,7.88,signal,0.0,0,0.0,0.0
2025-02-12,AVGO.US,sell,227.2317,7.88,target_rebalance,-20.0963,1,1.0,-1.11
2025-02-11,TSM.US,buy,201.5639,25.28,signal,0.0,0,0.0,0.0
2025-02-12,TSM.US,sell,200.9356,25.28,target_rebalance,-15.8833,1,1.0,-0.31
2025-02-11,AMD.US,buy,109.089,35.98,signal,0.0,0,0.0,0.0
2025-02-13,AMD.US,sell,111.888,35.98,target_rebalance,100.7086,2,2.0,2.57
2025-02-11,ASML.US,buy,736.3828,5.18,signal,0.0,0,0.0,0.0
2025-02-13,ASML.US,sell,744.8792,5.18,target_rebalance,44.0111,2,2.0,1.15
2025-02-11,AVGO.US,buy,229.782,20.94,signal,0.0,0,0.0,0.0
2025-02-13,AVGO.US,sell,232.8543,20.94,target_rebalance,64.3339,2,2.0,1.34
2025-02-11,MU.US,buy,93.8225,56.15,signal,0.0,0,0.0,0.0
2025-02-13,MU.US,sell,91.6149,56.15,target_rebalance,-123.9563,2,1.9655781695446994,-2.35
2025-02-11,ASML.US,buy,736.3828,9.33,signal,0.0,0,0.0,0.0
2025-02-14,ASML.US,sell,768.0219,9.33,target_rebalance,295.1923,3,3.0,4.3
2025-02-11,MU.US,buy,93.8225,232.1,signal,0.0,0,0.0,0.0
2025-02-14,MU.US,sell,97.9342,232.1,target_rebalance,954.327,3,2.9655781695447,4.38
2025-02-11,NVDA.US,buy,132.5038,65.44,signal,0.0,0,0.0,0.0
2025-02-14,NVDA.US,sell,136.1402,65.44,target_rebalance,237.9659,3,2.9943584587898537,2.74
2025-02-11,AMD.US,buy,109.11,2.49,signal,0.0,0,0.0,0.0
2025-02-18,AMD.US,sell,113.936,2.49,target_rebalance,12.0165,7,3.982796776596465,4.42
2025-02-11,LRCX.US,buy,82.2081,77.26,signal,0.0,0,0.0,0.0
2025-02-18,LRCX.US,sell,83.8956,77.26,target_rebalance,130.3758,7,3.974639903135515,2.05
2025-02-11,MU.US,buy,93.8225,135.56,signal,0.0,0,0.0,0.0
2025-02-18,MU.US,sell,102.1438,135.56,target_rebalance,1128.0295,7,3.9655781695447003,8.87
2025-02-11,NVDA.US,buy,132.5038,74.96,signal,0.0,0,0.0,0.0
2025-02-18,NVDA.US,sell,140.9183,74.96,target_rebalance,630.7504,7,3.994358458789854,6.35
2025-02-11,TSM.US,buy,201.3703,25.16,signal,0.0,0,0.0,0.0
2025-02-18,TSM.US,sell,200.7983,25.16,target_rebalance,-14.3919,7,3.882615057823932,-0.28
2025-02-11,AMAT.US,buy,178.9745,3.16,signal,0.0,0,0.0,0.0
2025-02-19,AMAT.US,sell,169.8264,3.16,target_rebalance,-28.908,8,4.755194459243474,-5.11
2025-02-11,AMD.US,buy,109.11,7.39,signal,0.0,0,0.0,0.0
2025-02-19,AMD.US,sell,114.1358,7.39,target_rebalance,37.1399,8,4.982796776596466,4.61
2025-02-11,LRCX.US,buy,82.2081,81.95,signal,0.0,0,0.0,0.0
2025-02-19,LRCX.US,sell,85.269,81.95,target_rebalance,250.8386,8,4.9746399031355155,3.72
2025-02-11,MU.US,buy,93.8225,122.41,signal,0.0,0,0.0,0.0
2025-02-19,MU.US,sell,105.2487,122.41,target_rebalance,1398.6795,8,4.965578169544699,12.18
2025-02-11,AMAT.US,buy,178.9745,27.61,signal,0.0,0,0.0,0.0
2025-02-20,AMAT.US,sell,173.0132,27.61,target_rebalance,-164.5905,9,5.755194459243474,-3.33
2025-02-11,ASML.US,buy,736.7941,0.3,signal,0.0,0,0.0,0.0
2025-02-20,ASML.US,sell,741.504,0.3,target_rebalance,1.413,9,5.77803648331641,0.64
2025-02-11,LRCX.US,buy,82.2081,166.59,signal,0.0,0,0.0,0.0
2025-02-20,LRCX.US,sell,88.9051,166.59,target_rebalance,1115.6399,9,5.9746399031355155,8.15
2025-02-11,AMAT.US,buy,178.9745,19.85,signal,0.0,0,0.0,0.0
2025-02-21,AMAT.US,sell,173.9912,19.85,target_rebalance,-98.9184,10,6.755194459243474,-2.78
2025-02-11,AMD.US,buy,109.11,1.4,signal,0.0,0,0.0,0.0
2025-02-21,AMD.US,sell,114.7351,1.4,target_rebalance,7.8751,10,6.982796776596465,5.16
2025-02-11,NVDA.US,buy,132.6017,1.76,signal,0.0,0,0.0,0.0
2025-02-21,NVDA.US,sell,139.6913,1.76,target_rebalance,12.4778,10,6.9216130050106965,5.35
2025-02-11,TSM.US,buy,201.2662,12.31,signal,0.0,0,0.0,0.0
2025-02-21,TSM.US,sell,197.4346,12.31,target_rebalance,-47.1663,10,6.735578997715236,-1.9
2025-02-11,AMAT.US,buy,178.9745,23.91,signal,0.0,0,0.0,0.0
2025-02-24,AMAT.US,sell,171.6598,23.91,target_rebalance,-174.8933,13,7.755194459243473,-4.09
2025-02-11,ASML.US,buy,736.7894,13.63,signal,0.0,0,0.0,0.0
2025-02-24,ASML.US,sell,736.3524,13.63,target_rebalance,-5.9558,13,7.743428751511726,-0.06
2025-02-11,TSM.US,buy,201.2662,2.22,signal,0.0,0,0.0,0.0
2025-02-24,TSM.US,sell,193.0708,2.22,target_rebalance,-18.1939,13,7.735578997715235,-4.07
2025-02-11,AMAT.US,buy,178.9745,2403.11,signal,0.0,0,0.0,0.0
2025-02-25,AMAT.US,sell,166.0785,2403.11,signal,-30990.5537,14,8.755194459243475,-7.21
2025-02-11,AMD.US,buy,109.1207,3696.34,signal,0.0,0,0.0,0.0
2025-02-25,AMD.US,sell,107.7821,3696.34,signal,-4948.0579,14,8.948523147859772,-1.23
2025-02-11,ASML.US,buy,736.7894,560.22,signal,0.0,0,0.0,0.0
2025-02-25,ASML.US,sell,722.595,560.22,signal,-7951.9408,14,8.743428751511725,-1.93
2025-02-11,AVGO.US,buy,229.5093,1909.24,signal,0.0,0,0.0,0.0
2025-02-25,AVGO.US,sell,204.1889,1909.24,signal,-48342.7488,14,8.630193165867047,-11.03
2025-02-11,LRCX.US,buy,82.2489,4819.78,signal,0.0,0,0.0,0.0
2025-02-25,LRCX.US,sell,82.0677,4819.78,signal,-873.0649,14,8.878575851918232,-0.22
2025-02-11,MU.US,buy,94.1071,4127.84,signal,0.0,0,0.0,0.0
2025-02-25,MU.US,sell,95.0383,4127.84,signal,3843.9878,14,8.749380279330424,0.99
2025-02-11,NVDA.US,buy,132.6017,3022.95,signal,0.0,0,0.0,0.0
2025-02-25,NVDA.US,sell,129.6564,3022.95,signal,-8903.4568,14,8.921613005010697,-2.22
2025-02-11,TSM.US,buy,201.2662,2136.61,signal,0.0,0,0.0,0.0
2025-02-25,TSM.US,sell,186.9613,2136.61,signal,-30563.973,14,8.735578997715237,-7.11
2025-05-13,AMD.US,buy,109.7096,156.08,signal,0.0,0,0.0,0.0
2025-05-14,AMD.US,sell,119.7102,156.08,target_rebalance,1560.8895,1,1.0,9.12
2025-05-13,NVDA.US,buy,124.9299,58.48,signal,0.0,0,0.0,0.0
2025-05-14,NVDA.US,sell,132.8806,58.48,target_rebalance,464.9554,1,1.0,6.36
2025-05-13,ASML.US,buy,739.5779,2.89,signal,0.0,0,0.0,0.0
2025-05-15,ASML.US,sell,755.9966,2.89,target_rebalance,47.45,2,1.9831797277241332,2.22
2025-05-13,AVGO.US,buy,220.1421,12.2,signal,0.0,0,0.0,0.0
2025-05-15,AVGO.US,sell,227.7214,12.2,target_rebalance,92.4671,2,1.9933148891142365,3.44
2025-05-13,NVDA.US,buy,124.9299,53.15,signal,0.0,0,0.0,0.0
2025-05-15,NVDA.US,sell,133.9679,53.15,target_rebalance,480.3713,2,2.0,7.23
2025-05-13,AMD.US,buy,109.8032,11.79,signal,0.0,0,0.0,0.0
2025-05-16,AMD.US,sell,117.9519,11.79,target_rebalance,96.0739,3,2.9748040665117843,7.42
2025-05-13,AVGO.US,buy,220.1421,10.39,signal,0.0,0,0.0,0.0
2025-05-16,AVGO.US,sell,229.8585,10.39,target_rebalance,100.953,3,2.9933148891142363,4.41
2025-05-13,MU.US,buy,92.4413,62.26,signal,0.0,0,0.0,0.0
2025-05-16,MU.US,sell,95.5606,62.26,target_rebalance,194.2076,3,2.9668605329302014,3.37
2025-05-13,NVDA.US,buy,124.9299,32.63,signal,0.0,0,0.0,0.0
2025-05-16,NVDA.US,sell,135.8933,32.63,target_rebalance,357.7362,3,3.0000000000000004,8.78
2025-05-13,TSM.US,buy,185.2137,3.91,signal,0.0,0,0.0,0.0
2025-05-16,TSM.US,sell,191.5095,3.91,target_rebalance,24.6167,3,2.9920450009746498,3.4
2025-05-13,ASML.US,buy,739.6912,3.15,signal,0.0,0,0.0,0.0
2025-05-19,ASML.US,sell,732.2972,3.15,target_rebalance,-23.2911,6,3.9364458416501256,-1.0
2025-05-13,LRCX.US,buy,81.8183,14.13,signal,0.0,0,0.0,0.0
2025-05-19,LRCX.US,sell,81.9586,14.13,target_rebalance,1.9833,6,3.982508587988213,0.17
2025-05-13,MU.US,buy,92.4413,99.54,signal,0.0,0,0.0,0.0
2025-05-19,MU.US,sell,95.3713,99.54,target_rebalance,291.6496,6,3.9668605329302014,3.17
2025-05-13,AMAT.US,buy,167.1528,2.34,signal,0.0,0,0.0,0.0
2025-05-20,AMAT.US,sell,163.0457,2.34,target_rebalance,-9.6106,7,4.87423827819823,-2.46
2025-05-13,AVGO.US,buy,220.1384,11.49,signal,0.0,0,0.0,0.0
2025-05-20,AVGO.US,sell,224.0903,11.49,target_rebalance,45.4077,7,4.919062468044796,1.8
2025-05-13,MU.US,buy,92.4413,43.74,signal,0.0,0,0.0,0.0
2025-05-20,MU.US,sell,97.5735,43.74,target_rebalance,224.48,7,4.966860532930201,5.55
2025-05-13,TSM.US,buy,185.2155,0.69,signal,0.0,0,0.0,0.0
2025-05-20,TSM.US,sell,188.8219,0.69,target_rebalance,2.4884,7,4.9860771260190395,1.95
2025-05-13,ASML.US,buy,739.691,2.38,signal,0.0,0,0.0,0.0
2025-05-21,ASML.US,sell,741.4839,2.38,target_rebalance,4.2671,8,5.924322939288509,0.24
2025-05-13,AVGO.US,buy,220.1384,18.35,signal,0.0,0,0.0,0.0
2025-05-21,AVGO.US,sell,225.9701,18.35,target_rebalance,107.0134,8,5.919062468044796,2.65
2025-05-13,TSM.US,buy,185.2155,18.37,signal,0.0,0,0.0,0.0
2025-05-21,TSM.US,sell,190.1017,18.37,target_rebalance,89.7597,8,5.9860771260190395,2.64
2025-05-13,AVGO.US,buy,220.1384,19.42,signal,0.0,0,0.0,0.0
2025-05-22,AVGO.US,sell,225.9207,19.42,target_rebalance,112.2925,9,6.919062468044795,2.63
2025-05-13,LRCX.US,buy,81.8204,10.89,signal,0.0,0,0.0,0.0
2025-05-22,LRCX.US,sell,81.8992,10.89,target_rebalance,0.8582,9,6.968400884769531,0.1
2025-05-13,NVDA.US,buy,124.9831,8.64,signal,0.0,0,0.0,0.0
2025-05-22,NVDA.US,sell,131.9129,8.64,target_rebalance,59.8736,9,6.96225870940255,5.54
2025-05-13,TSM.US,buy,185.2155,4.13,signal,0.0,0,0.0,0.0
2025-05-22,TSM.US,sell,188.369,4.13,target_rebalance,13.024,9,6.986077126019041,1.7
2025-05-13,ASML.US,buy,739.6539,0.94,signal,0.0,0,0.0,0.0
2025-05-23,ASML.US,sell,717.3191,0.94,target_rebalance,-20.9947,10,7.896727963150643,-3.02
2025-05-13,AVGO.US,buy,220.1384,24.01,signal,0.0,0,0.0,0.0
2025-05-23,AVGO.US,sell,224.5355,24.01,target_rebalance,105.5755,10,7.919062468044796,2.0
2025-05-13,NVDA.US,buy,124.9831,8.36,signal,0.0,0,0.0,0.0
2025-05-23,NVDA.US,sell,129.6883,8.36,target_rebalance,39.3353,10,7.96225870940255,3.76
2025-05-13,TSM.US,buy,185.2155,49.08,signal,0.0,0,0.0,0.0
2025-05-23,TSM.US,sell,189.0385,49.08,target_rebalance,187.6324,10,7.98607712601904,2.06
2025-05-13,AMD.US,buy,109.8803,50.5,signal,0.0,0,0.0,0.0
2025-05-27,AMD.US,sell,113.0668,50.5,target_rebalance,160.9192,14,8.717459055217896,2.9
2025-05-13,ASML.US,buy,739.6539,3.42,signal,0.0,0,0.0,0.0
2025-05-27,ASML.US,sell,743.8202,3.42,target_rebalance,14.2488,14,8.896727963150642,0.56
2025-05-13,LRCX.US,buy,81.7996,18.58,signal,0.0,0,0.0,0.0
2025-05-27,LRCX.US,sell,82.2956,18.58,target_rebalance,9.2146,14,8.895355558659013,0.61
2025-05-13,NVDA.US,buy,124.9831,4.22,signal,0.0,0,0.0,0.0
2025-05-27,NVDA.US,sell,133.8283,4.22,target_rebalance,37.3268,14,8.96225870940255,7.08
2025-05-13,AMD.US,buy,109.8803,13.1,signal,0.0,0,0.0,0.0
2025-05-28,AMD.US,sell,114.8051,13.1,target_rebalance,64.5146,15,9.717459055217896,4.48
2025-05-13,AVGO.US,buy,220.1623,8.09,signal,0.0,0,0.0,0.0
2025-05-28,AVGO.US,sell,234.6373,8.09,target_rebalance,117.1029,15,9.899157586790286,6.57
2025-05-13,MU.US,buy,92.4743,14.39,signal,0.0,0,0.0,0.0
2025-05-28,MU.US,sell,96.3578,14.39,target_rebalance,55.8834,15,9.785838366908452,4.2
2025-05-13,NVDA.US,buy,124.9831,7.02,signal,0.0,0,0.0,0.0
2025-05-28,NVDA.US,sell,135.7038,7.02,target_rebalance,75.2594,15,9.96225870940255,8.58
2025-05-13,AVGO.US,buy,220.1623,25.52,signal,0.0,0,0.0,0.0
2025-05-29,AVGO.US,sell,243.3045,25.52,target_rebalance,590.5896,16,10.899157586790286,10.51
2025-05-13,LRCX.US,buy,81.7996,0.57,signal,0.0,0,0.0,0.0
2025-05-29,LRCX.US,sell,85.0804,0.57,target_rebalance,1.87,16,10.895355558659013,4.01
2025-05-13,NVDA.US,buy,124.9831,69.17,signal,0.0,0,0.0,0.0
2025-05-29,NVDA.US,sell,141.9089,69.17,target_rebalance,1170.7574,16,10.96225870940255,13.54
2025-05-13,ASML.US,buy,739.8761,3.57,signal,0.0,0,0.0,0.0
2025-05-30,ASML.US,sell,737.5241,3.57,target_rebalance,-8.3967,17,11.661482647713285,-0.32
2025-05-13,AVGO.US,buy,220.1623,10.68,signal,0.0,0,0.0,0.0
2025-05-30,AVGO.US,sell,238.6642,10.68,target_rebalance,197.6004,17,11.899157586790285,8.4
2025-05-13,NVDA.US,buy,124.9831,1.01,signal,0.0,0,0.0,0.0
2025-05-30,NVDA.US,sell,138.3873,1.01,target_rebalance,13.5383,17,11.962258709402551,10.72
2025-05-13,TSM.US,buy,185.3854,10.2,signal,0.0,0,0.0,0.0
2025-05-30,TSM.US,sell,192.7303,10.2,target_rebalance,74.9176,17,11.769736073630728,3.96
2025-05-13,AMD.US,buy,109.9788,31.05,signal,0.0,0,0.0,0.0
2025-06-02,AMD.US,sell,110.9489,31.05,target_rebalance,30.1223,20,12.458686148519943,0.88
2025-05-13,AVGO.US,buy,220.1623,39.89,signal,0.0,0,0.0,0.0
2025-06-02,AVGO.US,sell,240.6727,39.89,target_rebalance,818.1604,20,12.899157586790285,9.32
2025-05-13,TSM.US,buy,185.3854,2.44,signal,0.0,0,0.0,0.0
2025-06-02,TSM.US,sell,190.0426,2.44,target_rebalance,11.3636,20,12.769736073630728,2.51
2025-05-13,AMD.US,buy,109.9788,41.52,signal,0.0,0,0.0,0.0
2025-06-03,AMD.US,sell,114.3855,41.52,target_rebalance,182.9655,21,13.458686148519941,4.01
2025-05-13,AVGO.US,buy,220.1623,14.48,signal,0.0,0,0.0,0.0
2025-06-03,AVGO.US,sell,247.4304,14.48,target_rebalance,394.8415,21,13.899157586790283,12.39
2025-05-13,MU.US,buy,92.4783,76.84,signal,0.0,0,0.0,0.0
2025-06-03,MU.US,sell,98.0119,76.84,target_rebalance,425.2038,21,13.773340639406133,5.98
2025-05-13,NVDA.US,buy,125.0494,8.9,signal,0.0,0,0.0,0.0
2025-06-03,NVDA.US,sell,138.4472,8.9,target_rebalance,119.2403,21,13.879994379663295,10.71
2025-05-13,AMAT.US,buy,166.6496,7.69,signal,0.0,0,0.0,0.0
2025-06-04,AMAT.US,sell,160.9832,7.69,target_rebalance,-43.5747,22,14.307474549387457,-3.4
2025-05-13,AVGO.US,buy,220.1623,2.42,signal,0.0,0,0.0,0.0
2025-06-04,AVGO.US,sell,255.3258,2.42,target_rebalance,85.0956,22,14.899157586790285,15.97
2025-05-13,MU.US,buy,92.4783,42.08,signal,0.0,0,0.0,0.0
2025-06-04,MU.US,sell,102.0177,42.08,target_rebalance,401.4182,22,14.77334063940613,10.32
2025-05-13,TSM.US,buy,185.4498,7.65,signal,0.0,0,0.0,0.0
2025-06-04,TSM.US,sell,198.2531,7.65,target_rebalance,97.9453,22,14.629568730044637,6.9
2025-05-13,AVGO.US,buy,220.1623,8.41,signal,0.0,0,0.0,0.0
2025-06-05,AVGO.US,sell,260.164,8.41,target_rebalance,336.4146,23,15.899157586790285,18.17
2025-05-13,MU.US,buy,92.4783,97.83,signal,0.0,0,0.0,0.0
2025-06-05,MU.US,sell,105.9238,97.83,target_rebalance,1315.376,23,15.77334063940613,14.54
2025-05-13,TSM.US,buy,185.4498,7.56,signal,0.0,0,0.0,0.0
2025-06-05,TSM.US,sell,201.6988,7.56,target_rebalance,122.8421,23,15.629568730044635,8.76
2025-05-13,AMAT.US,buy,166.6161,36.01,signal,0.0,0,0.0,0.0
2025-06-06,AMAT.US,sell,163.8957,36.01,target_rebalance,-97.9611,24,16.196807088651603,-1.63
2025-05-13,ASML.US,buy,739.7438,1.58,signal,0.0,0,0.0,0.0
2025-06-06,ASML.US,sell,748.4631,1.58,target_rebalance,13.7764,24,16.190198653337934,1.18
2025-05-13,LRCX.US,buy,81.7708,53.17,signal,0.0,0,0.0,0.0
2025-06-06,LRCX.US,sell,85.4867,53.17,target_rebalance,197.5756,24,16.560769532371737,4.54
2025-05-13,MU.US,buy,92.4783,75.37,signal,0.0,0,0.0,0.0
2025-06-06,MU.US,sell,107.6975,75.37,target_rebalance,1147.0733,24,16.773340639406133,16.46
2025-05-13,NVDA.US,buy,125.3455,7.8,signal,0.0,0,0.0,0.0
2025-06-06,NVDA.US,sell,142.1682,7.8,target_rebalance,131.2177,24,16.60816497669813,13.42
2025-05-13,AMAT.US,buy,166.6161,22.33,signal,0.0,0,0.0,0.0
2025-06-09,AMAT.US,sell,166.2436,22.33,target_rebalance,-8.3184,27,17.196807088651603,-0.22
2025-05-13,AMD.US,buy,110.0718,17.93,signal,0.0,0,0.0,0.0
2025-06-09,AMD.US,sell,119.0608,17.93,target_rebalance,161.1726,27,17.269472558785928,8.17
2025-05-13,LRCX.US,buy,81.7708,20.29,signal,0.0,0,0.0,0.0
2025-06-09,LRCX.US,sell,86.3192,20.29,target_rebalance,92.2869,27,17.560769532371733,5.56
2025-05-13,MU.US,buy,92.4783,29.74,signal,0.0,0,0.0,0.0
2025-06-09,MU.US,sell,109.1225,29.74,target_rebalance,494.9978,27,17.77334063940613,18.0
2025-05-13,TSM.US,buy,185.483,13.01,signal,0.0,0,0.0,0.0
2025-06-09,TSM.US,sell,203.1952,13.01,target_rebalance,230.4349,27,17.593638407426045,9.55
2025-05-13,AMAT.US,buy,166.6161,4.83,signal,0.0,0,0.0,0.0
2025-06-10,AMAT.US,sell,168.9877,4.83,target_rebalance,11.455,28,18.1968070886516,1.42
2025-05-13,AMD.US,buy,110.0718,5.64,signal,0.0,0,0.0,0.0
2025-06-10,AMD.US,sell,120.9889,5.64,target_rebalance,61.5722,28,18.269472558785925,9.92
2025-05-13,ASML.US,buy,739.7697,6.94,signal,0.0,0,0.0,0.0
2025-06-10,ASML.US,sell,771.2814,6.94,target_rebalance,218.6918,28,18.150567071428217,4.26
2025-05-13,LRCX.US,buy,81.7708,23.43,signal,0.0,0,0.0,0.0
2025-06-10,LRCX.US,sell,87.994,23.43,target_rebalance,145.8106,28,18.560769532371737,7.61
2025-05-13,MU.US,buy,92.4783,14.84,signal,0.0,0,0.0,0.0
2025-06-10,MU.US,sell,111.1353,14.84,target_rebalance,276.87,28,18.77334063940613,20.17
2025-05-13,TSM.US,buy,185.483,21.95,signal,0.0,0,0.0,0.0
2025-06-10,TSM.US,sell,208.3243,21.95,target_rebalance,501.3649,28,18.593638407426038,12.31
2025-05-13,AMAT.US,buy,166.6161,1.96,signal,0.0,0,0.0,0.0
2025-06-11,AMAT.US,sell,172.6136,1.96,target_rebalance,11.755,29,19.196807088651603,3.6
2025-05-13,AMD.US,buy,110.0718,23.91,signal,0.0,0,0.0,0.0
2025-06-11,AMD.US,sell,124.3156,23.91,target_rebalance,340.5677,29,19.269472558785925,12.94
2025-05-13,LRCX.US,buy,81.7708,41.42,signal,0.0,0,0.0,0.0
2025-06-11,LRCX.US,sell,90.5707,41.42,target_rebalance,364.4931,29,19.560769532371737,10.76
2025-05-13,MU.US,buy,92.4783,59.88,signal,0.0,0,0.0,0.0
2025-06-11,MU.US,sell,115.1909,59.88,target_rebalance,1360.0305,29,19.773340639406126,24.56
2025-05-13,ASML.US,buy,739.9675,0.96,signal,0.0,0,0.0,0.0
2025-06-12,ASML.US,sell,777.5479,0.96,target_rebalance,36.0771,30,20.06428048167013,5.08
2025-05-13,AVGO.US,buy,222.5955,41.41,signal,0.0,0,0.0,0.0
2025-06-12,AVGO.US,sell,247.5392,41.41,target_rebalance,1032.9193,30,19.168013770895186,11.21
2025-05-13,LRCX.US,buy,81.7708,5.32,signal,0.0,0,0.0,0.0
2025-06-12,LRCX.US,sell,89.8076,5.32,target_rebalance,42.756,30,20.560769532371733,9.83
2025-05-13,TSM.US,buy,185.5516,3.09,signal,0.0,0,0.0,0.0
2025-06-12,TSM.US,sell,210.3804,3.09,target_rebalance,76.721,30,20.54314847964263,13.38
2025-05-13,AMAT.US,buy,166.6161,9.45,signal,0.0,0,0.0,0.0
2025-06-13,AMAT.US,sell,169.4633,9.45,target_rebalance,26.9056,31,21.196807088651603,1.71
2025-05-13,AVGO.US,buy,222.5955,25.5,signal,0.0,0,0.0,0.0
2025-06-13,AVGO.US,sell,248.0042,25.5,target_rebalance,647.9224,31,20.16801377089519,11.41
2025-05-13,MU.US,buy,92.509,30.17,signal,0.0,0,0.0,0.0
2025-06-13,MU.US,sell,113.3973,30.17,target_rebalance,630.2009,31,21.74366420850227,22.58
2025-05-13,NVDA.US,buy,125.9101,43.6,signal,0.0,0,0.0,0.0
2025-06-13,NVDA.US,sell,142.1482,43.6,target_rebalance,707.9794,31,20.983414273907297,12.9
2025-05-13,AMD.US,buy,110.4308,23.83,signal,0.0,0,0.0,0.0
2025-06-16,AMD.US,sell,118.5214,23.83,target_rebalance,192.7978,34,21.337964092448832,7.33
2025-05-13,LRCX.US,buy,81.8095,42.14,signal,0.0,0,0.0,0.0
2025-06-16,LRCX.US,sell,90.1347,42.14,target_rebalance,350.8233,34,22.43003049706805,10.18
2025-05-13,MU.US,buy,92.509,79.56,signal,0.0,0,0.0,0.0
2025-06-16,MU.US,sell,117.3931,79.56,target_rebalance,1979.7825,34,22.74366420850227,26.9
2025-05-13,AMD.US,buy,110.4308,204.82,signal,0.0,0,0.0,0.0
2025-06-17,AMD.US,sell,127.8021,204.82,target_rebalance,3557.982,35,22.337964092448832,15.73
2025-05-13,LRCX.US,buy,81.8095,34.64,signal,0.0,0,0.0,0.0
2025-06-17,LRCX.US,sell,92.5032,34.64,target_rebalance,370.4322,35,23.430030497068053,13.07
2025-05-13,AMD.US,buy,110.4308,2.71,signal,0.0,0,0.0,0.0
2025-06-18,AMD.US,sell,127.882,2.71,target_rebalance,47.2927,36,23.337964092448832,15.8
2025-05-13,MU.US,buy,92.5563,19.95,signal,0.0,0,0.0,0.0
2025-06-18,MU.US,sell,120.0337,19.95,target_rebalance,548.1745,36,24.701884504398265,29.69
2025-05-13,TSM.US,buy,185.9017,4.08,signal,0.0,0,0.0,0.0
2025-06-18,TSM.US,sell,212.1391,4.08,target_rebalance,107.0489,36,24.22868581163356,14.11
2025-05-13,AMD.US,buy,110.4308,4.92,signal,0.0,0,0.0,0.0
2025-06-20,AMD.US,sell,128.871,4.92,target_rebalance,90.7257,38,24.337964092448836,16.7
2025-05-13,AVGO.US,buy,223.3486,5.87,signal,0.0,0,0.0,0.0
2025-06-20,AVGO.US,sell,251.1169,5.87,target_rebalance,162.9994,38,23.536733976907726,12.43
2025-05-13,MU.US,buy,92.5563,47.27,signal,0.0,0,0.0,0.0
2025-06-20,MU.US,sell,122.3355,47.27,target_rebalance,1407.6644,38,25.70188450439826,32.17
2025-05-13,NVDA.US,buy,126.2641,5.14,signal,0.0,0,0.0,0.0
2025-06-20,NVDA.US,sell,145.1113,5.14,target_rebalance,96.8746,38,24.53711151460531,14.93
2025-05-13,AMD.US,buy,110.4308,86.42,signal,0.0,0,0.0,0.0
2025-06-23,AMD.US,sell,130.3395,86.42,target_rebalance,1720.5119,41,25.337964092448836,18.03
2025-05-13,ASML.US,buy,740.8901,1.35,signal,0.0,0,0.0,0.0
2025-06-23,ASML.US,sell,753.6108,1.35,target_rebalance,17.1729,41,25.050708820027467,1.72
2025-05-13,MU.US,buy,92.5563,76.47,signal,0.0,0,0.0,0.0
2025-06-23,MU.US,sell,123.2324,76.47,target_rebalance,2345.7985,41,26.70188450439826,33.14
2025-05-13,ASML.US,buy,740.8901,3.6,signal,0.0,0,0.0,0.0
2025-06-24,ASML.US,sell,778.2112,3.6,target_rebalance,134.3558,42,26.050708820027467,5.04
2025-05-13,AVGO.US,buy,223.3668,17.96,signal,0.0,0,0.0,0.0
2025-06-24,AVGO.US,sell,256.6309,17.96,target_rebalance,597.4239,42,25.518374062226915,14.89
2025-05-13,TSM.US,buy,186.4523,19.18,signal,0.0,0,0.0,0.0
2025-06-24,TSM.US,sell,211.8329,19.18,target_rebalance,486.7983,42,26.479961129632386,13.61
2025-05-13,AMAT.US,buy,166.7554,6.27,signal,0.0,0,0.0,0.0
2025-06-25,AMAT.US,sell,179.4194,6.27,target_rebalance,79.4031,43,27.50167902098056,7.59
2025-05-13,AMD.US,buy,110.468,72.66,signal,0.0,0,0.0,0.0
2025-06-25,AMD.US,sell,140.7991,72.66,target_rebalance,2203.854,43,27.29560331945103,27.46
2025-05-13,ASML.US,buy,740.8901,4.03,signal,0.0,0,0.0,0.0
2025-06-25,ASML.US,sell,808.5432,4.03,target_rebalance,272.6422,43,27.050708820027467,9.13
2025-05-13,AMD.US,buy,110.468,71.59,signal,0.0,0,0.0,0.0
2025-06-26,AMD.US,sell,145.824,71.59,target_rebalance,2531.1373,44,28.29560331945103,32.01
2025-05-13,MU.US,buy,93.6014,27.11,signal,0.0,0,0.0,0.0
2025-06-26,MU.US,sell,129.0716,27.11,target_rebalance,961.599,44,28.81270867181322,37.9
2025-05-13,NVDA.US,buy,126.5757,88.89,signal,0.0,0,0.0,0.0
2025-06-26,NVDA.US,sell,155.6168,88.89,target_rebalance,2581.4572,44,28.11719947678289,22.94
2025-05-13,TSM.US,buy,186.4523,7.19,signal,0.0,0,0.0,0.0
2025-06-26,TSM.US,sell,222.2965,7.19,target_rebalance,257.7197,44,28.47996112963239,19.22
2025-05-13,AMAT.US,buy,166.757,15.32,signal,0.0,0,0.0,0.0
2025-06-27,AMAT.US,sell,182.6589,15.32,target_rebalance,243.6166,45,29.49865219451375,9.54
2025-05-13,ASML.US,buy,742.5684,2.0,signal,0.0,0,0.0,0.0
2025-06-27,ASML.US,sell,794.872,2.0,target_rebalance,104.6072,45,28.152599720041476,7.04
2025-05-13,AVGO.US,buy,224.1141,34.0,signal,0.0,0,0.0,0.0
2025-06-27,AVGO.US,sell,268.0655,34.0,target_rebalance,1494.3504,45,28.007763331573894,19.61
2025-05-13,LRCX.US,buy,82.1424,35.97,signal,0.0,0,0.0,0.0
2025-06-27,LRCX.US,sell,96.4094,35.97,target_rebalance,513.1832,45,29.660909418675363,17.37
2025-05-13,NVDA.US,buy,126.5757,5.35,signal,0.0,0,0.0,0.0
2025-06-27,NVDA.US,sell,155.6766,5.35,target_rebalance,155.6897,45,29.11719947678289,22.99
2025-05-13,AVGO.US,buy,224.1141,20.89,signal,0.0,0,0.0,0.0
2025-06-30,AVGO.US,sell,272.4589,20.89,target_rebalance,1009.9244,48,29.007763331573894,21.57
2025-05-13,LRCX.US,buy,82.1424,3.74,signal,0.0,0,0.0,0.0
2025-06-30,LRCX.US,sell,96.9161,3.74,target_rebalance,55.2535,48,30.66090941867536,17.99
2025-05-13,NVDA.US,buy,126.5757,32.19,signal,0.0,0,0.0,0.0
2025-06-30,NVDA.US,sell,158.0311,32.19,target_rebalance,1012.5491,48,30.117199476782886,24.85
2025-05-13,TSM.US,buy,186.4523,16.63,signal,0.0,0,0.0,0.0
2025-06-30,TSM.US,sell,224.7272,16.63,target_rebalance,636.511,48,30.479961129632393,20.53
2025-05-13,AMAT.US,buy,166.8453,7.68,signal,0.0,0,0.0,0.0
2025-07-01,AMAT.US,sell,180.737,7.68,target_rebalance,106.6889,49,31.327189255026823,8.33
2025-05-13,AVGO.US,buy,224.1141,19.56,signal,0.0,0,0.0,0.0
2025-07-01,AVGO.US,sell,272.1317,19.56,target_rebalance,939.2243,49,30.007763331573894,21.43
2025-05-13,LRCX.US,buy,82.1424,12.17,signal,0.0,0,0.0,0.0
2025-07-01,LRCX.US,sell,95.9623,12.17,target_rebalance,168.1881,49,31.660909418675367,16.82
2025-05-13,TSM.US,buy,186.4523,26.16,signal,0.0,0,0.0,0.0
2025-07-01,TSM.US,sell,224.7173,26.16,target_rebalance,1001.0115,49,31.479961129632386,20.52
2025-05-13,AMAT.US,buy,166.8453,45.71,signal,0.0,0,0.0,0.0
2025-07-02,AMAT.US,sell,180.9253,45.71,target_rebalance,643.5965,50,32.32718925502682,8.44
2025-05-13,ASML.US,buy,743.0669,0.67,signal,0.0,0,0.0,0.0
2025-07-02,ASML.US,sell,768.4403,0.67,target_rebalance,17.0002,50,30.846587215382648,3.41
2025-05-13,LRCX.US,buy,82.1424,43.42,signal,0.0,0,0.0,0.0
2025-07-02,LRCX.US,sell,95.2271,43.42,target_rebalance,568.1377,50,32.66090941867536,15.93
2025-05-13,TSM.US,buy,186.4523,7.28,signal,0.0,0,0.0,0.0
2025-07-02,TSM.US,sell,221.8025,7.28,target_rebalance,257.3491,50,32.47996112963239,18.96
2025-05-13,AMAT.US,buy,166.8453,22.02,signal,0.0,0,0.0,0.0
2025-07-03,AMAT.US,sell,187.5825,22.02,target_rebalance,456.6349,51,33.32718925502682,12.43
2025-05-13,LRCX.US,buy,82.1424,14.93,signal,0.0,0,0.0,0.0
2025-07-03,LRCX.US,sell,98.1877,14.93,target_rebalance,239.5569,51,33.66090941867536,19.53
2025-05-13,NVDA.US,buy,126.6801,15.41,signal,0.0,0,0.0,0.0
2025-07-03,NVDA.US,sell,158.0012,15.41,target_rebalance,482.6583,51,32.99001263811901,24.72
2025-05-13,TSM.US,buy,186.4523,28.06,signal,0.0,0,0.0,0.0
2025-07-03,TSM.US,sell,231.0805,28.06,target_rebalance,1252.2663,51,33.479961129632386,23.94
2025-05-13,AMAT.US,buy,166.8453,5.19,signal,0.0,0,0.0,0.0
2025-07-07,AMAT.US,sell,187.2754,5.19,target_rebalance,106.0325,55,34.32718925502683,12.24
2025-05-13,AVGO.US,buy,224.9814,31.48,signal,0.0,0,0.0,0.0
2025-07-07,AVGO.US,sell,272.8556,31.48,target_rebalance,1507.0825,55,32.314545511131875,21.28
2025-05-13,NVDA.US,buy,126.6801,7.87,signal,0.0,0,0.0,0.0
2025-07-07,NVDA.US,sell,157.8316,7.87,target_rebalance,245.1623,55,33.99001263811902,24.59
2025-05-13,AMAT.US,buy,166.8453,29.65,signal,0.0,0,0.0,0.0
2025-07-08,AMAT.US,sell,190.3465,29.65,target_rebalance,696.8111,56,35.32718925502682,14.09
2025-05-13,MU.US,buy,95.4085,15.11,signal,0.0,0,0.0,0.0
2025-07-08,MU.US,sell,122.1315,15.11,target_rebalance,403.7842,56,33.93259709114718,28.01
2025-05-13,NVDA.US,buy,126.6801,7.64,signal,0.0,0,0.0,0.0
2025-07-08,NVDA.US,sell,158.959,7.64,target_rebalance,246.6106,56,34.99001263811902,25.48
2025-05-13,AMAT.US,buy,166.8453,24.58,signal,0.0,0,0.0,0.0
2025-07-09,AMAT.US,sell,193.9723,24.58,target_rebalance,666.7833,57,36.32718925502682,16.26
2025-05-13,ASML.US,buy,743.7193,1.19,signal,0.0,0,0.0,0.0
2025-07-09,ASML.US,sell,784.9428,1.19,target_rebalance,49.056,57,34.25733138582874,5.54
2025-05-13,MU.US,buy,95.4085,39.48,signal,0.0,0,0.0,0.0
2025-07-09,MU.US,sell,124.4954,39.48,target_rebalance,1148.3475,57,34.93259709114718,30.49
2025-05-13,NVDA.US,buy,126.6801,8.16,signal,0.0,0,0.0,0.0
2025-07-09,NVDA.US,sell,160.8446,8.16,target_rebalance,278.7821,57,35.99001263811901,26.97
2025-05-13,AMD.US,buy,112.2197,52.8,signal,0.0,0,0.0,0.0
2025-07-10,AMD.US,sell,142.857,52.8,target_rebalance,1617.6505,58,35.358109888173104,27.3
2025-05-13,ASML.US,buy,743.7193,2.96,signal,0.0,0,0.0,0.0
2025-07-10,ASML.US,sell,800.8018,2.96,target_rebalance,168.964,58,35.25733138582874,7.68
2025-05-13,AVGO.US,buy,225.8796,13.39,signal,0.0,0,0.0,0.0
2025-07-10,AVGO.US,sell,277.4771,13.39,target_rebalance,690.8902,58,34.6482790448344,22.84
2025-05-13,NVDA.US,buy,126.6801,11.58,signal,0.0,0,0.0,0.0
2025-07-10,NVDA.US,sell,163.9373,11.58,target_rebalance,431.439,58,36.99001263811901,29.41
2025-05-13,AMAT.US,buy,166.9053,4.68,signal,0.0,0,0.0,0.0
2025-07-11,AMAT.US,sell,195.0125,4.68,target_rebalance,131.5416,59,38.25168060109476,16.84
2025-05-13,AMD.US,buy,112.2197,23.69,signal,0.0,0,0.0,0.0
2025-07-11,AMD.US,sell,142.4574,23.69,target_rebalance,716.3317,59,36.3581098881731,26.95
2025-05-13,LRCX.US,buy,82.1844,8.98,signal,0.0,0,0.0,0.0
2025-07-11,LRCX.US,sell,99.678,8.98,target_rebalance,157.0928,59,38.57465397325209,21.29
2025-05-13,NVDA.US,buy,126.6801,18.08,signal,0.0,0,0.0,0.0
2025-07-11,NVDA.US,sell,163.3387,18.08,target_rebalance,662.7881,59,37.99001263811901,28.94
2025-05-13,TSM.US,buy,187.6077,0.05,signal,0.0,0,0.0,0.0
2025-07-11,TSM.US,sell,228.2447,0.05,target_rebalance,2.0318,59,37.49140387008369,21.66
2025-05-13,AMD.US,buy,112.2197,57.64,signal,0.0,0,0.0,0.0
2025-07-14,AMD.US,sell,144.9449,57.64,target_rebalance,1886.282,62,37.358109888173104,29.16
2025-05-13,LRCX.US,buy,82.1844,10.03,signal,0.0,0,0.0,0.0
2025-07-14,LRCX.US,sell,99.9164,10.03,target_rebalance,177.8526,62,39.57465397325208,21.58
2025-05-13,NVDA.US,buy,126.6801,28.81,signal,0.0,0,0.0,0.0
2025-07-14,NVDA.US,sell,164.9849,28.81,target_rebalance,1103.5608,62,38.99001263811901,30.24
2025-05-13,AMD.US,buy,112.2197,108.3,signal,0.0,0,0.0,0.0
2025-07-15,AMD.US,sell,153.5962,108.3,target_rebalance,4481.0824,63,38.3581098881731,36.87
2025-05-13,ASML.US,buy,743.8631,2.69,signal,0.0,0,0.0,0.0
2025-07-15,ASML.US,sell,814.7107,2.69,target_rebalance,190.58,63,38.146272999171345,9.52
2025-05-13,NVDA.US,buy,126.6801,27.41,signal,0.0,0,0.0,0.0
2025-07-15,NVDA.US,sell,170.7913,27.41,target_rebalance,1209.0894,63,39.99001263811901,34.82
2025-05-13,AMD.US,buy,112.2197,92.03,signal,0.0,0,0.0,0.0
2025-07-16,AMD.US,sell,155.1547,92.03,target_rebalance,3951.3087,64,39.358109888173104,38.26
2025-05-13,AVGO.US,buy,226.5463,31.44,signal,0.0,0,0.0,0.0
2025-07-16,AVGO.US,sell,277.7944,31.44,target_rebalance,1611.2407,64,38.14824576444794,22.62
2025-05-13,MU.US,buy,96.9642,2.62,signal,0.0,0,0.0,0.0
2025-07-16,MU.US,sell,118.7204,2.62,target_rebalance,57.0012,64,37.71900989276755,22.44
2025-05-13,NVDA.US,buy,126.6801,51.68,signal,0.0,0,0.0,0.0
2025-07-16,NVDA.US,sell,170.6616,51.68,target_rebalance,2272.9668,64,40.99001263811902,34.72
2025-05-13,TSM.US,buy,187.9673,52.8,signal,0.0,0,0.0,0.0
2025-07-16,TSM.US,sell,233.5803,52.8,target_rebalance,2408.3694,64,40.153000506412674,24.27
2025-05-13,AMD.US,buy,112.2197,108.93,signal,0.0,0,0.0,0.0
2025-07-17,AMD.US,sell,161.6482,108.93,target_rebalance,5384.2472,65,40.358109888173104,44.05
2025-05-13,LRCX.US,buy,82.7319,48.54,signal,0.0,0,0.0,0.0
2025-07-17,LRCX.US,sell,98.8137,48.54,target_rebalance,780.6065,65,41.2193560879748,19.44
2025-05-13,TSM.US,buy,187.9673,68.19,signal,0.0,0,0.0,0.0
2025-07-17,TSM.US,sell,242.8583,68.19,target_rebalance,3743.0217,65,41.153000506412674,29.2
2025-05-13,AVGO.US,buy,226.5633,23.71,signal,0.0,0,0.0,0.0
2025-07-18,AVGO.US,sell,284.7366,23.71,target_rebalance,1379.2879,66,40.13563285898567,25.68
2025-05-13,LRCX.US,buy,82.7319,60.73,signal,0.0,0,0.0,0.0
2025-07-18,LRCX.US,sell,100.5821,60.73,target_rebalance,1084.0395,66,42.2193560879748,21.58
2025-05-13,NVDA.US,buy,126.6801,9.93,signal,0.0,0,0.0,0.0
2025-07-18,NVDA.US,sell,173.2356,9.93,target_rebalance,462.2966,66,42.99001263811902,36.75
2025-05-13,AVGO.US,buy,226.5633,2.19,signal,0.0,0,0.0,0.0
2025-07-21,AVGO.US,sell,281.6126,2.19,target_rebalance,120.558,69,41.135632858985666,24.3
2025-05-13,LRCX.US,buy,82.7319,42.92,signal,0.0,0,0.0,0.0
2025-07-21,LRCX.US,sell,100.2244,42.92,target_rebalance,750.7776,69,43.2193560879748,21.14
2025-05-13,MU.US,buy,97.7986,19.89,signal,0.0,0,0.0,0.0
2025-07-21,MU.US,sell,113.2946,19.89,target_rebalance,308.2142,69,38.80619119892042,15.84
2025-05-13,NVDA.US,buy,126.6801,20.43,signal,0.0,0,0.0,0.0
2025-07-21,NVDA.US,sell,172.3477,20.43,target_rebalance,932.9898,69,43.99001263811902,36.05
2025-05-13,AMAT.US,buy,167.8155,25.11,signal,0.0,0,0.0,0.0
2025-07-22,AMAT.US,sell,190.4753,25.11,target_rebalance,568.9854,70,43.784391957600945,13.5
2025-05-13,AVGO.US,buy,226.5633,28.44,signal,0.0,0,0.0,0.0
2025-07-22,AVGO.US,sell,285.2721,28.44,target_rebalance,1669.6782,70,42.13563285898567,25.91
2025-05-13,LRCX.US,buy,82.7319,23.12,signal,0.0,0,0.0,0.0
2025-07-22,LRCX.US,sell,100.3436,23.12,target_rebalance,407.1826,70,44.21935608797481,21.29
2025-05-13,AMD.US,buy,113.2806,46.7,signal,0.0,0,0.0,0.0
2025-07-23,AMD.US,sell,156.1637,46.7,target_rebalance,2002.641,71,43.40739060014114,37.86
2025-05-13,ASML.US,buy,743.3834,6.79,signal,0.0,0,0.0,0.0
2025-07-23,ASML.US,sell,708.0236,6.79,target_rebalance,-240.0931,71,39.91396558881238,-4.76
2025-05-13,NVDA.US,buy,126.7983,10.41,signal,0.0,0,0.0,0.0
2025-07-23,NVDA.US,sell,169.1352,10.41,target_rebalance,440.7271,71,45.87076640531208,33.39
2025-05-13,TSM.US,buy,188.9966,35.36,signal,0.0,0,0.0,0.0
2025-07-23,TSM.US,sell,235.6751,35.36,target_rebalance,1650.5509,71,44.271881275640894,24.7
2025-05-13,AMD.US,buy,113.2806,12.9,signal,0.0,0,0.0,0.0
2025-07-24,AMD.US,sell,158.9609,12.9,target_rebalance,589.2758,72,44.40739060014114,40.32
2025-05-13,AVGO.US,buy,227.5352,52.36,signal,0.0,0,0.0,0.0
2025-07-24,AVGO.US,sell,287.3944,52.36,target_rebalance,3134.2313,72,43.270908756916306,26.31
2025-05-13,NVDA.US,buy,126.7983,9.83,signal,0.0,0,0.0,0.0
2025-07-24,NVDA.US,sell,172.0384,9.83,target_rebalance,444.7105,72,46.87076640531209,35.68
2025-05-13,AMD.US,buy,113.2806,85.42,signal,0.0,0,0.0,0.0
2025-07-25,AMD.US,sell,163.3465,85.42,target_rebalance,4276.6293,73,45.407390600141134,44.2
2025-05-13,NVDA.US,buy,126.7983,21.96,signal,0.0,0,0.0,0.0
2025-07-25,NVDA.US,sell,173.2057,21.96,target_rebalance,1019.1064,73,47.87076640531208,36.6
2025-05-13,TSM.US,buy,189.2158,7.42,signal,0.0,0,0.0,0.0
2025-07-25,TSM.US,sell,238.4417,7.42,target_rebalance,365.256,73,46.06863084713559,26.02
2025-05-13,AMD.US,buy,113.2806,47.39,signal,0.0,0,0.0,0.0
2025-07-28,AMD.US,sell,168.9109,47.39,target_rebalance,2636.3218,76,46.40739060014114,49.11
2025-05-13,ASML.US,buy,742.6379,11.36,signal,0.0,0,0.0,0.0
2025-07-28,ASML.US,sell,727.7632,11.36,target_rebalance,-168.9772,76,42.12280157599967,-2.0
2025-05-13,LRCX.US,buy,83.2651,19.28,signal,0.0,0,0.0,0.0
2025-07-28,LRCX.US,sell,98.3368,19.28,target_rebalance,290.582,76,46.506591572952736,18.1
2025-05-13,AMAT.US,buy,168.3259,6.1,signal,0.0,0,0.0,0.0
2025-07-29,AMAT.US,sell,189.8314,6.1,target_rebalance,131.1832,77,47.475043758981414,12.78
2025-05-13,AMD.US,buy,113.2806,75.95,signal,0.0,0,0.0,0.0
2025-07-29,AMD.US,sell,175.0348,75.95,target_rebalance,4690.2325,77,47.40739060014115,54.51
2025-05-13,AVGO.US,buy,227.8562,9.67,signal,0.0,0,0.0,0.0
2025-07-29,AVGO.US,sell,295.0407,9.67,target_rebalance,649.6743,77,46.03429872985945,29.49
2025-05-13,NVDA.US,buy,127.4135,31.14,signal,0.0,0,0.0,0.0
2025-07-29,NVDA.US,sell,177.5456,31.14,target_rebalance,1561.1121,77,49.23328063599428,39.35
2025-05-13,AMD.US,buy,113.2806,12.28,signal,0.0,0,0.0,0.0
2025-07-30,AMD.US,sell,175.4344,12.28,target_rebalance,763.2488,78,48.40739060014114,54.87
2025-05-13,AVGO.US,buy,227.8562,1.43,signal,0.0,0,0.0,0.0
2025-07-30,AVGO.US,sell,294.6936,1.43,target_rebalance,95.5775,78,47.03429872985945,29.33
2025-05-13,LRCX.US,buy,83.3163,6.72,signal,0.0,0,0.0,0.0
2025-07-30,LRCX.US,sell,98.8733,6.72,target_rebalance,104.5427,78,48.35140232857935,18.67
2025-05-13,MU.US,buy,98.1961,21.93,signal,0.0,0,0.0,0.0
2025-07-30,MU.US,sell,112.3071,21.93,target_rebalance,309.4552,78,44.49678226464155,14.37
2025-05-13,TSM.US,buy,190.4183,5.41,signal,0.0,0,0.0,0.0
2025-07-30,TSM.US,sell,239.2321,5.41,target_rebalance,264.0824,78,47.93014328660564,25.64
2025-05-13,AMD.US,buy,113.2806,120.19,signal,0.0,0,0.0,0.0
2025-07-31,AMD.US,sell,181.838,120.19,target_rebalance,8239.9141,79,49.40739060014114,60.52
2025-05-13,AVGO.US,buy,227.8562,43.68,signal,0.0,0,0.0,0.0
2025-07-31,AVGO.US,sell,300.2969,43.68,target_rebalance,3164.2089,79,48.03429872985945,31.79
2025-05-13,MU.US,buy,98.1961,16.06,signal,0.0,0,0.0,0.0
2025-07-31,MU.US,sell,111.8982,16.06,target_rebalance,220.0559,79,45.49678226464156,13.95
2025-05-13,NVDA.US,buy,127.617,113.27,signal,0.0,0,0.0,0.0
2025-07-31,NVDA.US,sell,182.4741,113.27,target_rebalance,6213.6594,79,51.024837162034494,42.99
2025-05-13,TSM.US,buy,190.4183,47.65,signal,0.0,0,0.0,0.0
2025-07-31,TSM.US,sell,243.0461,47.65,target_rebalance,2507.7102,79,48.93014328660565,27.64
2025-05-13,AMAT.US,buy,168.8956,72.65,signal,0.0,0,0.0,0.0
2025-08-01,AMAT.US,sell,174.9515,72.65,target_rebalance,439.9631,80,47.45422619994646,3.59
2025-05-13,ASML.US,buy,741.6483,6.98,signal,0.0,0,0.0,0.0
2025-08-01,ASML.US,sell,684.7995,6.98,target_rebalance,-396.8045,80,44.59893573621981,-7.67
2025-05-13,LRCX.US,buy,83.8771,276.46,signal,0.0,0,0.0,0.0
2025-08-01,LRCX.US,sell,92.1075,276.46,target_rebalance,2275.3701,80,46.55639576381777,9.81
2025-05-13,AMAT.US,buy,168.8956,29.86,signal,0.0,0,0.0,0.0
2025-08-04,AMAT.US,sell,180.3011,29.86,target_rebalance,340.5688,83,48.45422619994646,6.75
2025-05-13,AMD.US,buy,114.9642,13.09,signal,0.0,0,0.0,0.0
2025-08-04,AMD.US,sell,174.4354,13.09,target_rebalance,778.4784,83,49.91983063575978,51.73
2025-05-13,LRCX.US,buy,83.8771,156.2,signal,0.0,0,0.0,0.0
2025-08-04,LRCX.US,sell,96.7968,156.2,target_rebalance,2018.0577,83,47.55639576381777,15.4
2025-05-13,AMD.US,buy,114.9642,9.02,signal,0.0,0,0.0,0.0
2025-08-05,AMD.US,sell,177.3924,9.02,target_rebalance,563.1031,84,50.91983063575977,54.3
2025-05-13,AVGO.US,buy,228.8583,6.46,signal,0.0,0,0.0,0.0
2025-08-05,AVGO.US,sell,295.3481,6.46,target_rebalance,429.5245,84,50.17051259045523,29.05
2025-05-13,LRCX.US,buy,83.8771,0.91,signal,0.0,0,0.0,0.0
2025-08-05,LRCX.US,sell,98.1381,0.91,target_rebalance,12.9775,84,48.556395763817775,17.0
2025-05-13,MU.US,buy,98.4751,68.07,signal,0.0,0,0.0,0.0
2025-08-05,MU.US,sell,109.0157,68.07,target_rebalance,717.4974,84,46.73601503032003,10.7
2025-05-13,NVDA.US,buy,128.7751,26.53,signal,0.0,0,0.0,0.0
2025-08-05,NVDA.US,sell,179.2017,26.53,target_rebalance,1337.8176,84,52.72934128409563,39.16
2025-05-13,AMAT.US,buy,168.9935,7.41,signal,0.0,0,0.0,0.0
2025-08-06,AMAT.US,sell,177.2103,7.41,target_rebalance,60.8863,85,50.064858527085924,4.86
2025-05-13,ASML.US,buy,740.4559,9.57,signal,0.0,0,0.0,0.0
2025-08-06,ASML.US,sell,682.4672,9.57,target_rebalance,-554.9517,85,46.50675911323173,-7.83
2025-05-13,AVGO.US,buy,228.8583,15.11,signal,0.0,0,0.0,0.0
2025-08-06,AVGO.US,sell,290.4787,15.11,target_rebalance,931.0849,85,51.170512590455225,26.93
2025-05-13,LRCX.US,buy,83.8771,1.31,signal,0.0,0,0.0,0.0
2025-08-06,LRCX.US,sell,95.6742,1.31,target_rebalance,15.4541,85,49.556395763817775,14.06
2025-05-13,MU.US,buy,98.4751,57.69,signal,0.0,0,0.0,0.0
2025-08-06,MU.US,sell,107.6194,57.69,target_rebalance,527.5298,85,47.736015030320026,9.29
2025-05-13,NVDA.US,buy,128.7751,19.8,signal,0.0,0,0.0,0.0
2025-08-06,NVDA.US,sell,175.9194,19.8,target_rebalance,933.4559,85,53.72934128409564,36.61
2025-05-13,ASML.US,buy,740.4559,1.28,signal,0.0,0,0.0,0.0
2025-08-07,ASML.US,sell,708.6385,1.28,target_rebalance,-40.7263,86,47.50675911323174,-4.3
2025-05-13,AVGO.US,buy,228.8583,14.02,signal,0.0,0,0.0,0.0
2025-08-07,AVGO.US,sell,303.639,14.02,target_rebalance,1048.4264,86,52.17051259045523,32.68
2025-05-13,MU.US,buy,98.4751,90.45,signal,0.0,0,0.0,0.0
2025-08-07,MU.US,sell,113.8431,90.45,target_rebalance,1390.0349,86,48.73601503032003,15.61
2025-05-13,TSM.US,buy,191.8091,39.1,signal,0.0,0,0.0,0.0
2025-08-07,TSM.US,sell,241.5541,39.1,target_rebalance,1945.027,86,52.29333178446658,25.93
2025-05-13,AMD.US,buy,118.4276,114.43,signal,0.0,0,0.0,0.0
2025-08-08,AMD.US,sell,173.866,114.43,target_rebalance,6343.8147,87,50.36244641762852,46.81
2025-05-13,LRCX.US,buy,84.0224,11.73,signal,0.0,0,0.0,0.0
2025-08-08,LRCX.US,sell,98.5057,11.73,target_rebalance,169.8893,87,51.04222455229493,17.24
2025-05-13,LRCX.US,buy,84.0224,125.23,signal,0.0,0,0.0,0.0
2025-08-11,LRCX.US,sell,103.2248,125.23,target_rebalance,2404.7232,90,52.04222455229493,22.85
2025-05-13,MU.US,buy,98.7004,360.54,signal,0.0,0,0.0,0.0
2025-08-11,MU.US,sell,124.645,360.54,target_rebalance,9354.0681,90,49.91400857153506,26.29
2025-05-13,AMD.US,buy,120.6112,44.94,signal,0.0,0,0.0,0.0
2025-08-12,AMD.US,sell,173.1467,44.94,target_rebalance,2360.9464,91,50.196560122909254,43.56
2025-05-13,AVGO.US,buy,230.6683,1.91,signal,0.0,0,0.0,0.0
2025-08-12,AVGO.US,sell,304.0953,1.91,target_rebalance,140.2455,91,53.85209232576498,31.83
2025-05-13,NVDA.US,buy,130.0856,2.67,signal,0.0,0,0.0,0.0
2025-08-12,NVDA.US,sell,182.5339,2.67,target_rebalance,140.0371,91,56.33955016554838,40.32
2025-05-13,TSM.US,buy,193.2776,6.14,signal,0.0,0,0.0,0.0
2025-08-12,TSM.US,sell,240.813,6.14,target_rebalance,291.8674,91,53.63633441836306,24.59
2025-05-13,AMD.US,buy,120.6112,38.79,signal,0.0,0,0.0,0.0
2025-08-13,AMD.US,sell,179.7301,38.79,target_rebalance,2293.2233,92,51.196560122909254,49.02
2025-05-13,ASML.US,buy,740.2915,5.63,signal,0.0,0,0.0,0.0
2025-08-13,ASML.US,sell,744.9726,5.63,target_rebalance,26.3542,92,51.15280876552794,0.63
2025-05-13,AVGO.US,buy,230.6683,14.0,signal,0.0,0,0.0,0.0
2025-08-13,AVGO.US,sell,314.1315,14.0,target_rebalance,1168.4854,92,54.85209232576497,36.18
2025-05-13,LRCX.US,buy,84.2416,53.35,signal,0.0,0,0.0,0.0
2025-08-13,LRCX.US,sell,105.8079,53.35,target_rebalance,1150.5645,92,53.402106457763274,25.6
2025-05-13,AMAT.US,buy,169.3409,12.05,signal,0.0,0,0.0,0.0
2025-08-14,AMAT.US,sell,186.1065,12.05,target_rebalance,202.0245,93,54.81617687419758,9.9
2025-05-13,AMD.US,buy,120.6112,46.83,signal,0.0,0,0.0,0.0
2025-08-14,AMD.US,sell,179.6502,46.83,target_rebalance,2764.7968,93,52.196560122909254,48.95
2025-05-13,ASML.US,buy,740.2915,8.5,signal,0.0,0,0.0,0.0
2025-08-14,ASML.US,sell,741.6478,8.5,target_rebalance,11.5283,93,52.15280876552795,0.18
2025-05-13,LRCX.US,buy,84.2416,67.94,signal,0.0,0,0.0,0.0
2025-08-14,LRCX.US,sell,105.5099,67.94,target_rebalance,1444.9676,93,54.40210645776327,25.25
2025-05-13,AMD.US,buy,120.6112,47.85,signal,0.0,0,0.0,0.0
2025-08-15,AMD.US,sell,179.8799,47.85,target_rebalance,2836.0108,94,53.19656012290925,49.14
2025-05-13,ASML.US,buy,740.2915,2.56,signal,0.0,0,0.0,0.0
2025-08-15,ASML.US,sell,732.9339,2.56,target_rebalance,-18.8356,94,53.15280876552795,-0.99
2025-05-13,AVGO.US,buy,231.6018,44.3,signal,0.0,0,0.0,0.0
2025-08-15,AVGO.US,sell,308.4589,44.3,target_rebalance,3404.7702,94,56.15147018333141,33.19
2025-05-13,LRCX.US,buy,84.2416,5.35,signal,0.0,0,0.0,0.0
2025-08-15,LRCX.US,sell,103.9997,5.35,target_rebalance,105.7062,94,55.402106457763274,23.45
2025-05-13,MU.US,buy,99.2363,55.27,signal,0.0,0,0.0,0.0
2025-08-15,MU.US,sell,122.8497,55.27,target_rebalance,1305.1115,94,52.77763484298538,23.8
2025-05-13,NVDA.US,buy,131.3292,73.96,signal,0.0,0,0.0,0.0
2025-08-15,NVDA.US,sell,181.4565,73.96,target_rebalance,3707.4133,94,57.980637123476406,38.17
2025-05-13,TSM.US,buy,194.5941,50.64,signal,0.0,0,0.0,0.0
2025-08-15,TSM.US,sell,237.4634,50.64,target_rebalance,2170.9029,94,55.03555207344967,22.03
2025-05-13,AMAT.US,buy,168.4112,26.13,signal,0.0,0,0.0,0.0
2025-08-18,AMAT.US,sell,160.2996,26.13,target_rebalance,-211.9567,97,50.19468197993536,-4.82
2025-05-13,ASML.US,buy,740.2915,11.97,signal,0.0,0,0.0,0.0
2025-08-18,ASML.US,sell,734.0951,11.97,target_rebalance,-74.172,97,54.15280876552794,-0.84
2025-05-13,MU.US,buy,99.2363,3.86,signal,0.0,0,0.0,0.0
2025-08-18,MU.US,sell,121.0344,3.86,target_rebalance,84.1407,97,53.777634842985385,21.97
2025-05-13,NVDA.US,buy,131.3292,24.43,signal,0.0,0,0.0,0.0
2025-08-18,NVDA.US,sell,180.1794,24.43,target_rebalance,1193.4114,97,58.98063712347641,37.2
2025-05-13,TSM.US,buy,194.5941,30.62,signal,0.0,0,0.0,0.0
2025-08-18,TSM.US,sell,237.1275,30.62,target_rebalance,1302.3722,97,56.03555207344967,21.86
2025-05-13,AMAT.US,buy,168.4112,34.36,signal,0.0,0,0.0,0.0
2025-08-19,AMAT.US,sell,162.7069,34.36,target_rebalance,-196.0003,98,51.19468197993537,-3.39
2025-05-13,ASML.US,buy,740.2915,8.19,signal,0.0,0,0.0,0.0
2025-08-19,ASML.US,sell,745.8756,8.19,target_rebalance,45.7336,98,55.15280876552795,0.75
2025-05-13,MU.US,buy,99.2363,37.78,signal,0.0,0,0.0,0.0
2025-08-19,MU.US,sell,122.6203,37.78,target_rebalance,883.4468,98,54.777634842985385,23.56
2025-05-13,NVDA.US,buy,131.3292,17.29,signal,0.0,0,0.0,0.0
2025-08-19,NVDA.US,sell,182.0052,17.29,target_rebalance,876.1877,98,59.98063712347642,38.59
2025-05-13,AMAT.US,buy,168.4112,28.23,signal,0.0,0,0.0,0.0
2025-08-20,AMAT.US,sell,160.2897,28.23,target_rebalance,-229.2711,99,52.19468197993536,-4.82
2025-05-13,ASML.US,buy,740.2915,15.42,signal,0.0,0,0.0,0.0
2025-08-20,ASML.US,sell,745.1412,15.42,target_rebalance,74.7822,99,56.15280876552794,0.66
2025-05-13,LRCX.US,buy,84.8502,218.67,signal,0.0,0,0.0,0.0
2025-08-20,LRCX.US,sell,100.3337,218.67,target_rebalance,3385.784,99,55.99441463760956,18.25
2025-05-13,AMD.US,buy,123.156,51.33,signal,0.0,0,0.0,0.0
2025-08-21,AMD.US,sell,165.6941,51.33,target_rebalance,2183.4829,100,54.2314310301991,34.54
2025-05-13,NVDA.US,buy,131.9576,13.55,signal,0.0,0,0.0,0.0
2025-08-21,NVDA.US,sell,174.4428,13.55,target_rebalance,575.6747,100,61.105381577804096,32.2
2025-05-13,TSM.US,buy,195.4871,14.55,signal,0.0,0,0.0,0.0
2025-08-21,TSM.US,sell,225.4287,14.55,target_rebalance,435.6506,100,57.416610655443655,15.32
2025-05-13,AMAT.US,buy,168.4112,19.2,signal,0.0,0,0.0,0.0
2025-08-22,AMAT.US,sell,159.6363,19.2,target_rebalance,-168.478,101,54.19468197993536,-5.21
2025-05-13,ASML.US,buy,740.2681,1.87,signal,0.0,0,0.0,0.0
2025-08-22,ASML.US,sell,736.0899,1.87,target_rebalance,-7.8132,101,57.88654749526259,-0.56
2025-05-13,AVGO.US,buy,233.0619,9.27,signal,0.0,0,0.0,0.0
2025-08-22,AVGO.US,sell,289.3382,9.27,target_rebalance,521.6817,101,59.82122668096721,24.15
2025-05-13,LRCX.US,buy,85.0061,13.01,signal,0.0,0,0.0,0.0
2025-08-22,LRCX.US,sell,98.4063,13.01,target_rebalance,174.3367,101,57.33435894049098,15.76
2025-05-13,MU.US,buy,99.5093,21.74,signal,0.0,0,0.0,0.0
2025-08-22,MU.US,sell,117.344,21.74,target_rebalance,387.7264,101,56.95855353907388,17.92
2025-05-13,TSM.US,buy,195.4871,2.25,signal,0.0,0,0.0,0.0
2025-08-22,TSM.US,sell,225.2805,2.25,target_rebalance,67.0352,101,58.41661065544365,15.24
2025-05-13,AMD.US,buy,123.8854,10.6,signal,0.0,0,0.0,0.0
2025-08-25,AMD.US,sell,165.3845,10.6,target_rebalance,439.8896,104,55.20305313830258,33.5
2025-05-13,ASML.US,buy,740.2681,1.58,signal,0.0,0,0.0,0.0
2025-08-25,ASML.US,sell,749.0615,1.58,target_rebalance,13.8936,104,58.88654749526259,1.19
2025-05-13,NVDA.US,buy,132.329,43.64,signal,0.0,0,0.0,0.0
2025-08-25,NVDA.US,sell,177.9347,43.64,target_rebalance,1990.231,104,62.537171518387424,34.46
2025-05-13,TSM.US,buy,195.4871,26.08,signal,0.0,0,0.0,0.0
2025-08-25,TSM.US,sell,231.5054,26.08,target_rebalance,939.3565,104,59.416610655443655,18.42
2025-05-13,AMD.US,buy,123.8854,38.27,signal,0.0,0,0.0,0.0
2025-08-26,AMD.US,sell,168.4813,38.27,target_rebalance,1706.6855,105,56.20305313830257,36.0
2025-05-13,LRCX.US,buy,85.0602,27.13,signal,0.0,0,0.0,0.0
2025-08-26,LRCX.US,sell,100.6417,27.13,target_rebalance,422.7269,105,59.11715340575691,18.32
2025-05-13,NVDA.US,buy,132.329,10.83,signal,0.0,0,0.0,0.0
2025-08-26,NVDA.US,sell,179.6407,10.83,target_rebalance,512.3854,105,63.53717151838743,35.75
2025-05-13,TSM.US,buy,195.4871,6.74,signal,0.0,0,0.0,0.0
2025-08-26,TSM.US,sell,233.5507,6.74,target_rebalance,256.5486,105,60.416610655443655,19.47
2025-05-13,AMAT.US,buy,168.338,1.4,signal,0.0,0,0.0,0.0
2025-08-27,AMAT.US,sell,162.1996,1.4,target_rebalance,-8.5937,106,56.61332910230769,-3.65
2025-05-13,AVGO.US,buy,233.6283,5.94,signal,0.0,0,0.0,0.0
2025-08-27,AVGO.US,sell,295.0705,5.94,target_rebalance,364.9664,106,62.22654674474988,26.3
2025-05-13,LRCX.US,buy,85.0602,63.87,signal,0.0,0,0.0,0.0
2025-08-27,LRCX.US,sell,102.4995,63.87,target_rebalance,1113.8521,106,60.117153405756916,20.5
2025-05-13,NVDA.US,buy,132.329,14.79,signal,0.0,0,0.0,0.0
2025-08-27,NVDA.US,sell,181.5562,14.79,target_rebalance,728.0702,106,64.53717151838744,37.2
2025-05-13,AMAT.US,buy,168.338,0.22,signal,0.0,0,0.0,0.0
2025-08-28,AMAT.US,sell,163.6501,0.22,target_rebalance,-1.0313,107,57.613329102307674,-2.78
2025-05-13,AMD.US,buy,124.6748,11.6,signal,0.0,0,0.0,0.0
2025-08-28,AMD.US,sell,168.3315,11.6,target_rebalance,506.4175,107,57.136069207780075,35.02
2025-05-13,ASML.US,buy,740.298,1.48,signal,0.0,0,0.0,0.0
2025-08-28,ASML.US,sell,764.1966,1.48,target_rebalance,35.3699,107,61.76919854798516,3.23
2025-05-13,AVGO.US,buy,233.6283,15.38,signal,0.0,0,0.0,0.0
2025-08-28,AVGO.US,sell,300.4258,15.38,target_rebalance,1027.3453,107,63.22654674474987,28.59
2025-05-13,MU.US,buy,100.0499,32.7,signal,0.0,0,0.0,0.0
2025-08-28,MU.US,sell,118.5708,32.7,target_rebalance,605.6345,107,59.111620585488,18.51
2025-05-13,AVGO.US,buy,233.6283,29.51,signal,0.0,0,0.0,0.0
2025-08-29,AVGO.US,sell,304.4721,29.51,target_rebalance,2090.6,108,64.22654674474988,30.32
2025-05-13,MU.US,buy,100.0499,146.7,signal,0.0,0,0.0,0.0
2025-08-29,MU.US,sell,122.2811,146.7,target_rebalance,3261.3246,108,60.111620585488005,22.22
2025-05-13,TSM.US,buy,195.96,1.01,signal,0.0,0,0.0,0.0
2025-08-29,TSM.US,sell,233.027,1.01,target_rebalance,37.4377,108,62.651315269882936,18.92
2025-05-13,AMAT.US,buy,168.3078,29.55,signal,0.0,0,0.0,0.0
2025-09-02,AMAT.US,sell,155.7021,29.55,target_rebalance,-372.4992,112,59.328352006619085,-7.49
2025-05-13,NVDA.US,buy,133.4444,4.25,signal,0.0,0,0.0,0.0
2025-09-02,NVDA.US,sell,169.6041,4.25,target_rebalance,153.6789,112,65.97827920199411,27.1
2025-05-13,TSM.US,buy,195.96,17.45,signal,0.0,0,0.0,0.0
2025-09-02,TSM.US,sell,223.4526,17.45,target_rebalance,479.746,112,63.65131526988292,14.03
2025-05-13,AVGO.US,buy,234.013,34.56,signal,0.0,0,0.0,0.0
2025-09-03,AVGO.US,sell,299.7911,34.56,target_rebalance,2273.2923,113,65.7610088725945,28.11
2025-05-13,MU.US,buy,100.1194,29.01,signal,0.0,0,0.0,0.0
2025-09-03,MU.US,sell,119.0496,29.01,target_rebalance,549.1637,113,61.841672567520284,18.91
2025-05-13,TSM.US,buy,195.96,5.94,signal,0.0,0,0.0,0.0
2025-09-03,TSM.US,sell,228.7585,5.94,target_rebalance,194.8234,113,64.65131526988294,16.74
2025-05-13,ASML.US,buy,740.4325,4.88,signal,0.0,0,0.0,0.0
2025-09-04,ASML.US,sell,731.4949,4.88,target_rebalance,-43.6154,114,64.77879831939869,-1.21
2025-05-13,AVGO.US,buy,234.013,16.81,signal,0.0,0,0.0,0.0
2025-09-04,AVGO.US,sell,302.5382,16.81,target_rebalance,1151.9086,114,66.7610088725945,29.28
2025-05-13,LRCX.US,buy,85.504,28.99,signal,0.0,0,0.0,0.0
2025-09-04,LRCX.US,sell,97.0254,28.99,target_rebalance,334.0055,114,62.994028544491684,13.47
2025-05-13,TSM.US,buy,195.96,1.21,signal,0.0,0,0.0,0.0
2025-09-04,TSM.US,sell,228.5906,1.21,target_rebalance,39.483,114,65.65131526988293,16.65
2025-05-13,ASML.US,buy,740.4325,3.67,signal,0.0,0,0.0,0.0
2025-09-05,ASML.US,sell,769.0398,3.67,target_rebalance,104.9888,115,65.77879831939869,3.86
2025-05-13,AVGO.US,buy,234.013,166.0,signal,0.0,0,0.0,0.0
2025-09-05,AVGO.US,sell,352.8389,166.0,target_rebalance,19725.1034,115,67.7610088725945,50.78
2025-05-13,MU.US,buy,100.1375,104.25,signal,0.0,0,0.0,0.0
2025-09-05,MU.US,sell,127.4377,104.25,target_rebalance,2846.0384,115,63.780582203352246,27.26
2025-05-13,AMAT.US,buy,167.8951,51.42,signal,0.0,0,0.0,0.0
2025-09-08,AMAT.US,sell,162.746,51.42,target_rebalance,-264.7674,118,60.94375799818341,-3.07
2025-05-13,ASML.US,buy,740.4325,10.0,signal,0.0,0,0.0,0.0
2025-09-08,ASML.US,sell,783.6985,10.0,target_rebalance,432.66,118,66.7787983193987,5.84
2025-05-13,LRCX.US,buy,85.535,130.64,signal,0.0,0,0.0,0.0
2025-09-08,LRCX.US,sell,104.3276,130.64,target_rebalance,2455.0647,118,64.86781035261549,21.97
2025-05-13,MU.US,buy,100.1375,70.69,signal,0.0,0,0.0,0.0
2025-09-08,MU.US,sell,130.2105,70.69,target_rebalance,2125.8541,118,64.78058220335225,30.03
2025-05-13,TSM.US,buy,196.1606,3.53,signal,0.0,0,0.0,0.0
2025-09-08,TSM.US,sell,239.1037,3.53,target_rebalance,151.5891,118,67.33215818455574,21.89
2025-05-13,ASML.US,buy,740.4325,0.19,signal,0.0,0,0.0,0.0
2025-09-09,ASML.US,sell,789.2067,0.19,target_rebalance,9.2671,119,67.77879831939869,6.59
2025-05-13,AVGO.US,buy,238.0806,16.26,signal,0.0,0,0.0,0.0
2025-09-09,AVGO.US,sell,346.6604,16.26,target_rebalance,1765.5075,119,67.1368484721528,45.61
2025-05-13,MU.US,buy,100.1375,9.86,signal,0.0,0,0.0,0.0
2025-09-09,MU.US,sell,131.4173,9.86,target_rebalance,308.4184,119,65.78058220335225,31.24
2025-05-13,NVDA.US,buy,136.1346,1.36,signal,0.0,0,0.0,0.0
2025-09-09,NVDA.US,sell,168.6962,1.36,target_rebalance,44.2838,119,65.69361512704978,23.92
2025-05-13,TSM.US,buy,196.1606,28.56,signal,0.0,0,0.0,0.0
2025-09-09,TSM.US,sell,243.9847,28.56,target_rebalance,1365.8577,119,68.33215818455574,24.38
2025-05-13,AMD.US,buy,128.216,121.48,signal,0.0,0,0.0,0.0
2025-09-10,AMD.US,sell,163.3765,121.48,target_rebalance,4271.2932,120,58.04544248455434,27.42
2025-05-13,MU.US,buy,100.1375,101.19,signal,0.0,0,0.0,0.0
2025-09-10,MU.US,sell,139.6558,101.19,target_rebalance,3998.8548,120,66.78058220335225,39.46
2025-05-13,NVDA.US,buy,136.1346,27.74,signal,0.0,0,0.0,0.0
2025-09-10,NVDA.US,sell,176.2287,27.74,target_rebalance,1112.2095,120,66.69361512704978,29.45
2025-05-13,TSM.US,buy,196.1606,26.53,signal,0.0,0,0.0,0.0
2025-09-10,TSM.US,sell,255.7823,26.53,target_rebalance,1581.7649,120,69.33215818455574,30.39
2025-05-13,AVGO.US,buy,241.0314,58.21,signal,0.0,0,0.0,0.0
2025-09-11,AVGO.US,sell,368.1116,58.21,target_rebalance,7397.3404,121,67.32929551672773,52.72
2025-05-13,LRCX.US,buy,86.0003,0.08,signal,0.0,0,0.0,0.0
2025-09-11,LRCX.US,sell,107.6459,0.08,target_rebalance,1.7316,121,66.33709145575226,25.17
2025-05-13,MU.US,buy,100.1375,149.66,signal,0.0,0,0.0,0.0
2025-09-11,MU.US,sell,147.3358,149.66,target_rebalance,7063.6903,121,67.78058220335225,47.13
2025-05-13,NVDA.US,buy,136.1346,11.39,signal,0.0,0,0.0,0.0
2025-09-11,NVDA.US,sell,179.2717,11.39,target_rebalance,491.3313,121,67.69361512704978,31.69
2025-05-13,AMAT.US,buy,167.6365,29.2,signal,0.0,0,0.0,0.0
2025-09-12,AMAT.US,sell,166.8194,29.2,target_rebalance,-23.8591,122,61.7918961576154,-0.49
2025-05-13,LRCX.US,buy,86.0003,266.65,signal,0.0,0,0.0,0.0
2025-09-12,LRCX.US,sell,115.1667,266.65,target_rebalance,7777.2118,122,67.33709145575224,33.91
2025-05-13,MU.US,buy,100.1375,93.82,signal,0.0,0,0.0,0.0
2025-09-12,MU.US,sell,153.1506,93.82,target_rebalance,4973.6887,122,68.78058220335225,52.94
2025-05-13,AMD.US,buy,130.0968,27.25,signal,0.0,0,0.0,0.0
2025-09-15,AMD.US,sell,159.85,27.25,target_rebalance,810.7744,125,57.318178650264905,22.87
2025-05-13,ASML.US,buy,742.8184,14.1,signal,0.0,0,0.0,0.0
2025-09-15,ASML.US,sell,828.6371,14.1,target_rebalance,1210.0443,125,68.93338837383357,11.55
2025-05-13,LRCX.US,buy,86.0003,32.96,signal,0.0,0,0.0,0.0
2025-09-15,LRCX.US,sell,117.0345,32.96,target_rebalance,1022.8853,125,68.33709145575226,36.09
2025-05-13,MU.US,buy,100.1375,45.47,signal,0.0,0,0.0,0.0
2025-09-15,MU.US,sell,156.5518,45.47,target_rebalance,2565.1549,125,69.78058220335225,56.34
2025-05-13,ASML.US,buy,742.8184,21.75,signal,0.0,0,0.0,0.0
2025-09-16,ASML.US,sell,873.3079,21.75,target_rebalance,2838.1485,126,69.93338837383357,17.57
2025-05-13,TSM.US,buy,197.9053,9.63,signal,0.0,0,0.0,0.0
2025-09-16,TSM.US,sell,263.5771,9.63,target_rebalance,632.4197,126,71.30607305056839,33.18
2025-05-13,AMAT.US,buy,167.6365,53.15,signal,0.0,0,0.0,0.0
2025-09-17,AMAT.US,sell,173.1182,53.15,target_rebalance,291.3536,127,64.7918961576154,3.27
2025-05-13,LRCX.US,buy,86.0003,64.16,signal,0.0,0,0.0,0.0
2025-09-17,LRCX.US,sell,120.0348,64.16,target_rebalance,2183.6546,127,70.33709145575226,39.57
2025-05-13,MU.US,buy,100.7501,7.0,signal,0.0,0,0.0,0.0
2025-09-17,MU.US,sell,157.0006,7.0,target_rebalance,393.7535,127,71.02976505668326,55.83
2025-05-13,TSM.US,buy,197.9053,3.46,signal,0.0,0,0.0,0.0
2025-09-17,TSM.US,sell,262.0111,3.46,target_rebalance,221.806,127,72.30607305056839,32.39
2025-05-13,AMAT.US,buy,167.6365,183.84,signal,0.0,0,0.0,0.0
2025-09-18,AMAT.US,sell,186.7789,183.84,target_rebalance,3519.1457,128,65.79189615761541,11.42
2025-05-13,ASML.US,buy,743.2755,30.36,signal,0.0,0,0.0,0.0
2025-09-18,ASML.US,sell,921.6707,30.36,target_rebalance,5416.0755,128,71.66447168883464,24.0
2025-05-13,LRCX.US,buy,86.0003,133.94,signal,0.0,0,0.0,0.0
2025-09-18,LRCX.US,sell,125.7276,133.94,target_rebalance,5321.0731,128,71.33709145575226,46.19
2025-05-13,MU.US,buy,100.7501,62.65,signal,0.0,0,0.0,0.0
2025-09-18,MU.US,sell,162.5661,62.65,target_rebalance,3872.7711,128,72.02976505668326,61.36
2025-05-13,AMAT.US,buy,167.6365,15.64,signal,0.0,0,0.0,0.0
2025-09-19,AMAT.US,sell,189.5806,15.64,target_rebalance,343.2058,129,66.79189615761541,13.09
2025-05-13,AMD.US,buy,131.9298,110.33,signal,0.0,0,0.0,0.0
2025-09-19,AMD.US,sell,157.2226,110.33,target_rebalance,2790.5545,129,56.43819499734315,19.17
2025-05-13,TSM.US,buy,200.1505,44.15,signal,0.0,0,0.0,0.0
2025-09-19,TSM.US,sell,264.0231,44.15,target_rebalance,2819.9766,129,71.48457636590683,31.91
2025-05-13,AMAT.US,buy,167.6365,7.27,signal,0.0,0,0.0,0.0
2025-09-22,AMAT.US,sell,191.9352,7.27,target_rebalance,176.6516,132,67.79189615761541,14.49
2025-05-13,ASML.US,buy,745.1331,15.31,signal,0.0,0,0.0,0.0
2025-09-22,ASML.US,sell,953.6775,15.31,target_rebalance,3192.8149,132,72.9046798818483,27.99
2025-05-13,LRCX.US,buy,86.3651,67.26,signal,0.0,0,0.0,0.0
2025-09-22,LRCX.US,sell,128.9565,67.26,target_rebalance,2864.6998,132,72.67401008668915,49.32
2025-05-13,AMAT.US,buy,167.6365,61.67,signal,0.0,0,0.0,0.0
2025-09-23,AMAT.US,sell,199.923,61.67,target_rebalance,1991.1068,133,68.7918961576154,19.26
2025-05-13,NVDA.US,buy,139.6115,50.0,signal,0.0,0,0.0,0.0
2025-09-23,NVDA.US,sell,181.5565,50.0,target_rebalance,2097.2503,133,69.41855256497335,30.04
2025-05-13,TSM.US,buy,200.6193,76.52,signal,0.0,0,0.0,0.0
2025-09-23,TSM.US,sell,279.912,76.52,target_rebalance,6067.4708,133,72.95828615187635,39.52
2025-05-13,AMD.US,buy,132.1409,62.06,signal,0.0,0,0.0,0.0
2025-09-24,AMD.US,sell,162.817,62.06,target_rebalance,1903.7628,134,58.968739604094445,23.21
2025-05-13,AVGO.US,buy,258.202,0.83,signal,0.0,0,0.0,0.0
2025-09-24,AVGO.US,sell,337.5287,0.83,target_rebalance,65.8412,134,64.86898457403352,30.72
2025-05-13,LRCX.US,buy,87.146,26.28,signal,0.0,0,0.0,0.0
2025-09-24,LRCX.US,sell,129.4102,26.28,target_rebalance,1110.705,134,73.32980762984761,48.5
2025-05-13,AMAT.US,buy,167.7844,65.77,signal,0.0,0,0.0,0.0
2025-09-25,AMAT.US,sell,197.7472,65.77,target_rebalance,1970.6553,135,70.45401634841824,17.86
2025-05-13,ASML.US,buy,750.4266,6.47,signal,0.0,0,0.0,0.0
2025-09-25,ASML.US,sell,931.1288,6.47,target_rebalance,1169.1434,135,74.0071045774877,24.08
2025-05-13,AVGO.US,buy,258.202,7.92,signal,0.0,0,0.0,0.0
2025-09-25,AVGO.US,sell,330.8031,7.92,target_rebalance,575.0011,135,65.86898457403352,28.12
2025-05-13,AMD.US,buy,132.386,29.2,signal,0.0,0,0.0,0.0
2025-09-26,AMD.US,sell,160.3595,29.2,target_rebalance,816.8271,136,60.384450053305784,21.13
2025-05-13,AVGO.US,buy,258.202,3.51,signal,0.0,0,0.0,0.0
2025-09-26,AVGO.US,sell,335.214,3.51,target_rebalance,270.312,136,66.86898457403352,29.83
2025-05-13,NVDA.US,buy,140.0405,25.18,signal,0.0,0,0.0,0.0
2025-09-26,NVDA.US,sell,177.7651,25.18,target_rebalance,949.9062,136,71.61236419424208,26.94
2025-05-13,AMAT.US,buy,167.9219,43.42,signal,0.0,0,0.0,0.0
2025-09-29,AMAT.US,sell,204.9998,43.42,target_rebalance,1609.9212,139,72.14017133908516,22.08
2025-05-13,ASML.US,buy,750.5569,1.34,signal,0.0,0,0.0,0.0
2025-09-29,ASML.US,sell,956.4664,1.34,target_rebalance,275.9187,139,75.95581349327644,27.43
2025-05-13,LRCX.US,buy,87.1874,106.73,signal,0.0,0,0.0,0.0
2025-09-29,LRCX.US,sell,132.4763,106.73,target_rebalance,4833.6779,139,76.25074558134803,51.94
2025-05-13,AMD.US,buy,132.7911,8.38,signal,0.0,0,0.0,0.0
2025-09-30,AMD.US,sell,160.6292,8.38,target_rebalance,233.2832,140,61.49285728536749,20.96
2025-05-13,ASML.US,buy,750.5569,2.8,signal,0.0,0,0.0,0.0
2025-09-30,ASML.US,sell,960.7439,2.8,target_rebalance,588.5235,140,76.95581349327644,28.0
2025-05-13,MU.US,buy,103.8257,85.07,signal,0.0,0,0.0,0.0
2025-09-30,MU.US,sell,163.6832,85.07,target_rebalance,5092.0737,140,76.10335159382583,57.65
2025-05-13,NVDA.US,buy,140.0405,24.91,signal,0.0,0,0.0,0.0
2025-09-30,NVDA.US,sell,181.6662,24.91,target_rebalance,1036.8972,140,73.61236419424208,29.72
2025-05-13,LRCX.US,buy,87.6655,4.91,signal,0.0,0,0.0,0.0
2025-10-01,LRCX.US,sell,131.8093,4.91,target_rebalance,216.746,141,77.40805475849966,50.35
2025-05-13,MU.US,buy,103.8257,14.64,signal,0.0,0,0.0,0.0
2025-10-01,MU.US,sell,165.1693,14.64,target_rebalance,898.07,141,77.10335159382583,59.08
2025-05-13,NVDA.US,buy,140.0405,39.33,signal,0.0,0,0.0,0.0
2025-10-01,NVDA.US,sell,184.8191,39.33,target_rebalance,1761.1415,141,74.61236419424208,31.98
2025-05-13,TSM.US,buy,202.0619,9.26,signal,0.0,0,0.0,0.0
2025-10-01,TSM.US,sell,275.9868,9.26,target_rebalance,684.5443,141,77.44324656899808,36.59
2025-05-13,AMAT.US,buy,168.2978,60.05,signal,0.0,0,0.0,0.0
2025-10-02,AMAT.US,sell,223.5386,60.05,target_rebalance,3317.2087,142,74.3654234847896,32.82
2025-05-13,LRCX.US,buy,87.6655,144.89,signal,0.0,0,0.0,0.0
2025-10-02,LRCX.US,sell,146.3032,144.89,target_rebalance,8496.0195,142,78.40805475849966,66.89
2025-05-13,MU.US,buy,103.8257,137.09,signal,0.0,0,0.0,0.0
2025-10-02,MU.US,sell,184.479,137.09,target_rebalance,11056.7528,142,78.10335159382583,77.68
2025-05-13,AMD.US,buy,133.7149,62.47,signal,0.0,0,0.0,0.0
2025-10-03,AMD.US,sell,170.5093,62.47,target_rebalance,2298.5469,143,62.84062802248734,27.52
2025-05-13,MU.US,buy,103.8257,30.74,signal,0.0,0,0.0,0.0
2025-10-03,MU.US,sell,184.844,30.74,target_rebalance,2490.5018,143,79.10335159382582,78.03
2025-05-13,NVDA.US,buy,142.271,9.55,signal,0.0,0,0.0,0.0
2025-10-03,NVDA.US,sell,188.7601,9.55,target_rebalance,443.9706,143,73.20571602138295,32.68
2025-05-13,AMD.US,buy,133.7149,764.1,signal,0.0,0,0.0,0.0
2025-10-06,AMD.US,sell,226.2235,764.1,target_rebalance,70685.856,146,63.840628022487344,69.18
2025-05-13,MU.US,buy,103.8257,4.34,signal,0.0,0,0.0,0.0
2025-10-06,MU.US,sell,194.6246,4.34,target_rebalance,394.0672,146,80.10335159382585,87.45
2025-05-13,AMAT.US,buy,171.0112,21.79,signal,0.0,0,0.0,0.0
2025-10-07,AMAT.US,sell,222.4557,21.79,target_rebalance,1120.9754,147,73.42593744921182,30.08
2025-05-13,ASML.US,buy,762.7852,1.65,signal,0.0,0,0.0,0.0
2025-10-07,ASML.US,sell,1034.9701,1.65,target_rebalance,449.1051,147,78.37644081344,35.68
2025-05-13,AVGO.US,buy,267.9294,7.08,signal,0.0,0,0.0,0.0
2025-10-07,AVGO.US,sell,334.8166,7.08,target_rebalance,473.5617,147,64.79894082462599,24.96
2025-05-13,MU.US,buy,103.8257,4.99,signal,0.0,0,0.0,0.0
2025-10-07,MU.US,sell,194.4649,4.99,target_rebalance,452.2897,147,81.10335159382582,87.3
2025-05-13,NVDA.US,buy,145.1087,14.99,signal,0.0,0,0.0,0.0
2025-10-07,NVDA.US,sell,185.8068,14.99,target_rebalance,610.0643,147,70.3288213474077,28.05
2025-05-13,TSM.US,buy,205.5794,48.42,signal,0.0,0,0.0,0.0
2025-10-07,TSM.US,sell,303.9185,48.42,target_rebalance,4761.5826,147,78.46111266224707,47.84
2025-05-13,AMD.US,buy,137.5502,75.69,signal,0.0,0,0.0,0.0
2025-10-08,AMD.US,sell,212.737,75.69,target_rebalance,5690.8932,148,62.78368083960008,54.66
2025-05-13,AVGO.US,buy,267.9294,51.14,signal,0.0,0,0.0,0.0
2025-10-08,AVGO.US,sell,331.6277,51.14,target_rebalance,3257.5315,148,65.79894082462599,23.77
2025-05-13,MU.US,buy,103.8257,18.11,signal,0.0,0,0.0,0.0
2025-10-08,MU.US,sell,188.6165,18.11,target_rebalance,1535.5614,148,82.10335159382583,81.67
2025-05-13,NVDA.US,buy,145.1087,131.29,signal,0.0,0,0.0,0.0
2025-10-08,NVDA.US,sell,186.146,131.29,target_rebalance,5387.7897,148,71.32882134740768,28.28
2025-05-13,AMD.US,buy,137.5502,198.6,signal,0.0,0,0.0,0.0
2025-10-09,AMD.US,sell,236.0637,198.6,target_rebalance,19564.7837,149,63.78368083960007,71.62
2025-05-13,AMAT.US,buy,172.1063,53.75,signal,0.0,0,0.0,0.0
2025-10-10,AMAT.US,sell,219.2665,53.75,target_rebalance,2534.865,150,74.31508821916545,27.4
2025-05-13,AVGO.US,buy,267.9294,3.19,signal,0.0,0,0.0,0.0
2025-10-10,AVGO.US,sell,343.1217,3.19,target_rebalance,239.8636,150,67.79894082462599,28.06
2025-05-13,MU.US,buy,104.9282,2.82,signal,0.0,0,0.0,0.0
2025-10-10,MU.US,sell,192.5787,2.82,target_rebalance,247.1742,150,83.07559270638633,83.53
2025-05-13,NVDA.US,buy,145.2683,25.66,signal,0.0,0,0.0,0.0
2025-10-10,NVDA.US,sell,193.0702,25.66,target_rebalance,1226.5981,150,73.08358882404842,32.91
2025-05-13,AMAT.US,buy,172.1063,31.11,signal,0.0,0,0.0,0.0
2025-10-13,AMAT.US,sell,218.9188,31.11,target_rebalance,1456.3385,153,75.31508821916545,27.2
2025-05-13,ASML.US,buy,776.3322,7.51,signal,0.0,0,0.0,0.0
2025-10-13,ASML.US,sell,964.4061,7.51,target_rebalance,1412.4349,153,77.24078027510663,24.23
2025-05-13,AVGO.US,buy,267.9294,62.45,signal,0.0,0,0.0,0.0
2025-10-13,AVGO.US,sell,350.4532,62.45,target_rebalance,5153.6161,153,68.79894082462597,30.8
2025-05-13,MU.US,buy,104.9282,2.45,signal,0.0,0,0.0,0.0
2025-10-13,MU.US,sell,190.4129,2.45,target_rebalance,209.4375,153,84.07559270638635,81.47
2025-05-13,TSM.US,buy,207.109,9.41,signal,0.0,0,0.0,0.0
2025-10-13,TSM.US,sell,295.6124,9.41,target_rebalance,832.8167,153,81.14258809524765,42.73
2025-05-13,AMD.US,buy,142.0016,24.86,signal,0.0,0,0.0,0.0
2025-10-14,AMD.US,sell,218.9808,24.86,target_rebalance,1913.702,154,63.356536075726076,54.21
2025-05-13,ASML.US,buy,776.3322,7.11,signal,0.0,0,0.0,0.0
2025-10-14,ASML.US,sell,960.1683,7.11,target_rebalance,1307.0749,154,78.24078027510663,23.68
2025-05-13,AVGO.US,buy,267.9294,13.88,signal,0.0,0,0.0,0.0
2025-10-14,AVGO.US,sell,347.8306,13.88,target_rebalance,1109.0289,154,69.79894082462599,29.82
2025-05-13,TSM.US,buy,207.109,13.66,signal,0.0,0,0.0,0.0
2025-10-14,TSM.US,sell,293.0254,13.66,target_rebalance,1173.6175,154,82.14258809524765,41.48
2025-05-13,AMAT.US,buy,172.6205,29.66,signal,0.0,0,0.0,0.0
2025-10-15,AMAT.US,sell,222.5054,29.66,target_rebalance,1479.5841,155,76.35385648354686,28.9
2025-05-13,ASML.US,buy,776.3322,18.86,signal,0.0,0,0.0,0.0
2025-10-15,ASML.US,sell,1022.3659,18.86,target_rebalance,4640.1959,155,79.24078027510663,31.69
2025-05-13,LRCX.US,buy,92.6643,165.29,signal,0.0,0,0.0,0.0
2025-10-15,LRCX.US,sell,143.3467,165.29,target_rebalance,8377.3012,155,79.51085424139646,54.69
2025-05-13,TSM.US,buy,207.109,3.04,signal,0.0,0,0.0,0.0
2025-10-15,TSM.US,sell,303.5915,3.04,target_rebalance,293.3067,155,83.14258809524765,46.59
2025-05-13,AMAT.US,buy,172.6205,25.28,signal,0.0,0,0.0,0.0
2025-10-16,AMAT.US,sell,229.1022,25.28,target_rebalance,1427.8576,156,77.35385648354686,32.72
2025-05-13,AMD.US,buy,143.2975,106.36,signal,0.0,0,0.0,0.0
2025-10-16,AMD.US,sell,236.0537,106.36,target_rebalance,9865.5477,156,64.32604702516565,64.73
2025-05-13,LRCX.US,buy,92.6643,17.86,signal,0.0,0,0.0,0.0
2025-10-16,LRCX.US,sell,146.9105,17.86,target_rebalance,968.8372,156,80.51085424139644,58.54
2025-05-13,MU.US,buy,105.6232,52.67,signal,0.0,0,0.0,0.0
2025-10-16,MU.US,sell,199.5648,52.67,target_rebalance,4947.9049,156,86.37808435217033,88.94
2025-05-13,AMAT.US,buy,172.6205,4.92,signal,0.0,0,0.0,0.0
2025-10-17,AMAT.US,sell,224.999,4.92,target_rebalance,257.7023,157,78.35385648354686,30.34
2025-05-13,AMD.US,buy,143.2975,19.49,signal,0.0,0,0.0,0.0
2025-10-17,AMD.US,sell,233.0267,19.49,target_rebalance,1748.8224,157,65.32604702516564,62.62
2025-05-13,ASML.US,buy,779.3406,1.06,signal,0.0,0,0.0,0.0
2025-10-17,ASML.US,sell,1012.8979,1.06,target_rebalance,247.5707,157,80.2944347959844,29.97
2025-05-13,MU.US,buy,105.6232,54.82,signal,0.0,0,0.0,0.0
2025-10-17,MU.US,sell,198.8862,54.82,target_rebalance,5112.6745,157,87.37808435217035,88.3
2025-05-13,NVDA.US,buy,148.4674,23.75,signal,0.0,0,0.0,0.0
2025-10-17,NVDA.US,sell,179.7705,23.75,target_rebalance,743.45,157,71.83026906370176,21.08
2025-05-13,MU.US,buy,105.6232,116.95,signal,0.0,0,0.0,0.0
2025-10-20,MU.US,sell,209.2457,116.95,target_rebalance,12118.644,160,88.37808435217033,98.11
2025-05-13,NVDA.US,buy,148.4674,4.55,signal,0.0,0,0.0,0.0
2025-10-20,NVDA.US,sell,182.7138,4.55,target_rebalance,155.8215,160,72.83026906370178,23.07
2025-05-13,AMD.US,buy,143.2975,40.22,signal,0.0,0,0.0,0.0
2025-10-21,AMD.US,sell,239.1506,40.22,target_rebalance,3855.2113,161,67.32604702516565,66.89
2025-05-13,ASML.US,buy,779.8642,3.75,signal,0.0,0,0.0,0.0
2025-10-21,ASML.US,sell,1028.4994,3.75,target_rebalance,932.3823,161,82.12189312710407,31.88
2025-05-13,LRCX.US,buy,93.7128,22.17,signal,0.0,0,0.0,0.0
2025-10-21,LRCX.US,sell,143.3268,22.17,target_rebalance,1099.9426,161,81.78150189118449,52.94
2025-05-13,NVDA.US,buy,148.4674,5.39,signal,0.0,0,0.0,0.0
2025-10-21,NVDA.US,sell,182.3746,5.39,target_rebalance,182.76,161,73.83026906370178,22.84
2025-05-13,AMAT.US,buy,173.2621,17.34,signal,0.0,0,0.0,0.0
2025-10-22,AMAT.US,sell,224.5321,17.34,target_rebalance,889.0215,162,80.39641896006165,29.59
2025-05-13,LRCX.US,buy,93.7128,64.29,signal,0.0,0,0.0,0.0
2025-10-22,LRCX.US,sell,144.2426,64.29,target_rebalance,3248.5626,162,82.78150189118449,53.92
2025-05-13,ASML.US,buy,779.8827,0.38,signal,0.0,0,0.0,0.0
2025-10-23,ASML.US,sell,996.949,0.38,target_rebalance,82.4852,163,84.11551101587058,27.83
2025-05-13,AVGO.US,buy,271.6803,4.07,signal,0.0,0,0.0,0.0
2025-10-23,AVGO.US,sell,338.1645,4.07,target_rebalance,270.5904,163,73.60976891631364,24.47
2025-05-13,NVDA.US,buy,148.4674,67.76,signal,0.0,0,0.0,0.0
2025-10-23,NVDA.US,sell,180.01,67.76,target_rebalance,2137.3272,163,75.83026906370178,21.25
2025-05-13,TSM.US,buy,211.2386,25.46,signal,0.0,0,0.0,0.0
2025-10-23,TSM.US,sell,287.2467,25.46,target_rebalance,1935.1658,163,85.14971688239352,35.98
2025-05-13,AMD.US,buy,143.7955,22.09,signal,0.0,0,0.0,0.0
2025-10-24,AMD.US,sell,243.1166,22.09,target_rebalance,2194.0029,164,69.93705454740292,69.07
2025-05-13,LRCX.US,buy,94.6947,161.63,signal,0.0,0,0.0,0.0
2025-10-24,LRCX.US,sell,149.2299,161.63,target_rebalance,8814.5319,164,82.90920019248719,57.59
2025-05-13,MU.US,buy,108.2006,93.81,signal,0.0,0,0.0,0.0
2025-10-24,MU.US,sell,211.9703,93.81,target_rebalance,9734.637,164,90.00410665895667,95.9
2025-05-13,AMD.US,buy,143.7955,73.06,signal,0.0,0,0.0,0.0
2025-10-27,AMD.US,sell,257.6221,73.06,target_rebalance,8316.1697,167,70.93705454740292,79.16
2025-05-13,LRCX.US,buy,94.6947,41.96,signal,0.0,0,0.0,0.0
2025-10-27,LRCX.US,sell,155.4316,41.96,target_rebalance,2548.5237,167,83.90920019248718,64.14
2025-05-13,MU.US,buy,108.2006,80.3,signal,0.0,0,0.0,0.0
2025-10-27,MU.US,sell,224.3657,80.3,target_rebalance,9328.0621,167,91.00410665895667,107.36
2025-05-13,AMD.US,buy,143.7955,18.32,signal,0.0,0,0.0,0.0
2025-10-28,AMD.US,sell,258.8809,18.32,target_rebalance,2108.3632,168,71.93705454740292,80.03
2025-05-13,ASML.US,buy,787.8341,4.23,signal,0.0,0,0.0,0.0
2025-10-28,ASML.US,sell,1048.8349,4.23,target_rebalance,1104.0337,168,84.49301125247118,33.13
2025-05-13,AVGO.US,buy,272.9222,5.56,signal,0.0,0,0.0,0.0
2025-10-28,AVGO.US,sell,360.2386,5.56,target_rebalance,485.4787,168,75.48595195600868,31.99
2025-05-13,NVDA.US,buy,149.3434,63.41,signal,0.0,0,0.0,0.0
2025-10-28,NVDA.US,sell,192.6113,63.41,target_rebalance,2743.6169,168,76.92475932514492,28.97
2025-05-13,MU.US,buy,110.6779,42.88,signal,0.0,0,0.0,0.0
2025-10-29,MU.US,sell,228.6073,42.88,target_rebalance,5056.813,169,90.94578483724,106.55
2025-05-13,NVDA.US,buy,149.3434,159.05,signal,0.0,0,0.0,0.0
2025-10-29,NVDA.US,sell,207.5074,159.05,target_rebalance,9250.9763,169,77.92475932514492,38.95
2025-05-13,AMAT.US,buy,175.9106,45.43,signal,0.0,0,0.0,0.0
2025-10-30,AMAT.US,sell,236.2356,45.43,target_rebalance,2740.5658,170,82.38591308066445,34.29
2025-05-13,AVGO.US,buy,272.9222,56.99,signal,0.0,0,0.0,0.0
2025-10-30,AVGO.US,sell,383.8624,56.99,target_rebalance,6322.4788,170,77.48595195600868,40.65
2025-05-13,LRCX.US,buy,95.474,89.01,signal,0.0,0,0.0,0.0
2025-10-30,LRCX.US,sell,161.6334,89.01,target_rebalance,5888.8485,170,85.84881906750566,69.3
2025-05-13,LRCX.US,buy,95.474,13.84,signal,0.0,0,0.0,0.0
2025-10-31,LRCX.US,sell,161.8126,13.84,target_rebalance,918.1262,171,86.84881906750569,69.48
2025-05-13,MU.US,buy,112.3988,23.14,signal,0.0,0,0.0,0.0
2025-10-31,MU.US,sell,227.2999,23.14,target_rebalance,2658.8118,171,91.57498173786982,102.23
2025-05-13,NVDA.US,buy,150.2128,22.18,signal,0.0,0,0.0,0.0
2025-10-31,NVDA.US,sell,205.9808,22.18,target_rebalance,1236.9341,171,78.69393290255344,37.13
2025-05-13,TSM.US,buy,216.4189,22.83,signal,0.0,0,0.0,0.0
2025-10-31,TSM.US,sell,303.2941,22.83,target_rebalance,1983.3602,171,85.85362145235035,40.14
2025-05-13,AMAT.US,buy,176.6523,22.89,signal,0.0,0,0.0,0.0
2025-11-03,AMAT.US,sell,234.1393,22.89,target_rebalance,1315.8782,174,83.29660520991983,32.54
2025-05-13,MU.US,buy,112.3988,86.94,signal,0.0,0,0.0,0.0
2025-11-03,MU.US,sell,233.4178,86.94,target_rebalance,10521.3937,174,92.57498173786982,107.67
2025-05-13,NVDA.US,buy,150.2128,31.57,signal,0.0,0,0.0,0.0
2025-11-03,NVDA.US,sell,207.6071,31.57,target_rebalance,1811.9377,174,79.69393290255344,38.21
2025-05-13,AMAT.US,buy,176.6523,29.62,signal,0.0,0,0.0,0.0
2025-11-04,AMAT.US,sell,229.9169,29.62,target_rebalance,1577.6982,175,84.29660520991983,30.15
2025-05-13,ASML.US,buy,793.5676,9.13,signal,0.0,0,0.0,0.0
2025-11-04,ASML.US,sell,1043.8853,9.13,target_rebalance,2285.3999,175,87.70253155548868,31.54
2025-05-13,NVDA.US,buy,150.2128,10.9,signal,0.0,0,0.0,0.0
2025-11-04,NVDA.US,sell,202.5387,10.9,target_rebalance,570.3516,175,80.69393290255344,34.83
2025-05-13,TSM.US,buy,217.0885,16.29,signal,0.0,0,0.0,0.0
2025-11-04,TSM.US,sell,294.2644,16.29,target_rebalance,1257.1954,175,87.1622108206834,35.55
2025-05-13,AMAT.US,buy,176.6523,14.03,signal,0.0,0,0.0,0.0
2025-11-05,AMAT.US,sell,228.6949,14.03,target_rebalance,730.158,176,85.29660520991983,29.46
2025-05-13,LRCX.US,buy,96.2827,91.96,signal,0.0,0,0.0,0.0
2025-11-05,LRCX.US,sell,156.8552,91.96,target_rebalance,5570.2418,176,88.74057960206453,62.91
2025-05-13,MU.US,buy,114.7485,73.97,signal,0.0,0,0.0,0.0
2025-11-05,MU.US,sell,225.224,73.97,target_rebalance,8171.8773,176,92.57153679541138,96.28
2025-05-13,AMAT.US,buy,176.6523,59.12,signal,0.0,0,0.0,0.0
2025-11-06,AMAT.US,sell,239.2062,59.12,target_rebalance,3698.1868,177,86.29660520991983,35.41
2025-05-13,AMD.US,buy,149.5859,39.43,signal,0.0,0,0.0,0.0
2025-11-06,AMD.US,sell,253.2165,39.43,target_rebalance,4086.1546,177,74.95748796225814,69.28
2025-05-13,LRCX.US,buy,96.2827,48.41,signal,0.0,0,0.0,0.0
2025-11-06,LRCX.US,sell,162.6488,48.41,target_rebalance,3212.7799,177,89.74057960206453,68.93
2025-05-13,MU.US,buy,114.7485,82.9,signal,0.0,0,0.0,0.0
2025-11-06,MU.US,sell,237.37,82.9,target_rebalance,10165.3233,177,93.57153679541138,106.86
2025-05-13,ASML.US,buy,799.023,16.49,signal,0.0,0,0.0,0.0
2025-11-07,ASML.US,sell,1025.1441,16.49,target_rebalance,3728.738,178,88.66996028115202,28.3
2025-05-13,AVGO.US,buy,277.7313,33.19,signal,0.0,0,0.0,0.0
2025-11-07,AVGO.US,sell,351.8639,33.19,target_rebalance,2460.4618,178,79.33408226877891,26.69
2025-05-13,LRCX.US,buy,96.2827,55.36,signal,0.0,0,0.0,0.0
2025-11-07,LRCX.US,sell,159.1049,55.36,target_rebalance,3477.8365,178,90.74057960206453,65.25
2025-05-13,MU.US,buy,114.7485,55.31,signal,0.0,0,0.0,0.0
2025-11-07,MU.US,sell,233.5675,55.31,target_rebalance,6571.8802,178,94.57153679541138,103.55
2025-05-13,TSM.US,buy,218.7721,5.0,signal,0.0,0,0.0,0.0
2025-11-07,TSM.US,sell,282.6972,5.0,target_rebalance,319.6253,178,88.15891846857123,29.22
2025-05-13,AMD.US,buy,154.0553,41.24,signal,0.0,0,0.0,0.0
2025-11-10,AMD.US,sell,241.8979,41.24,target_rebalance,3622.6252,181,72.79636014511716,57.02
2025-05-13,MU.US,buy,114.7485,76.8,signal,0.0,0,0.0,0.0
2025-11-10,MU.US,sell,247.47,76.8,target_rebalance,10193.0114,181,95.57153679541139,115.66
2025-05-13,NVDA.US,buy,153.1465,74.96,signal,0.0,0,0.0,0.0
2025-11-10,NVDA.US,sell,194.6666,74.96,target_rebalance,3112.3495,181,78.93326095003245,27.11
2025-05-13,TSM.US,buy,218.7721,0.42,signal,0.0,0,0.0,0.0
2025-11-10,TSM.US,sell,291.7665,0.42,target_rebalance,30.6577,181,89.15891846857123,33.37
2025-05-13,AMD.US,buy,154.0553,4.29,signal,0.0,0,0.0,0.0
2025-11-11,AMD.US,sell,241.4183,4.29,target_rebalance,374.7873,182,73.79636014511715,56.71
2025-05-13,AVGO.US,buy,279.208,8.82,signal,0.0,0,0.0,0.0
2025-11-11,AVGO.US,sell,356.6125,8.82,target_rebalance,682.7078,182,79.82344006430064,27.72
2025-05-13,MU.US,buy,114.7485,14.25,signal,0.0,0,0.0,0.0
2025-11-11,MU.US,sell,247.8492,14.25,target_rebalance,1896.6856,182,96.57153679541139,115.99
2025-05-13,NVDA.US,buy,153.1465,13.49,signal,0.0,0,0.0,0.0
2025-11-11,NVDA.US,sell,194.7165,13.49,target_rebalance,560.7795,182,79.93326095003245,27.14
2025-05-13,AMD.US,buy,154.0553,127.71,signal,0.0,0,0.0,0.0
2025-11-12,AMD.US,sell,252.8769,127.71,target_rebalance,12620.4972,183,74.79636014511715,64.15
2025-05-13,NVDA.US,buy,153.1465,3.77,signal,0.0,0,0.0,0.0
2025-11-12,NVDA.US,sell,195.2752,3.77,target_rebalance,158.8253,183,80.93326095003245,27.51
2025-05-13,TSM.US,buy,218.9428,4.32,signal,0.0,0,0.0,0.0
2025-11-12,TSM.US,sell,291.1124,4.32,target_rebalance,311.7728,183,90.94308935026446,32.96
2025-05-13,AMD.US,buy,154.0553,17.23,signal,0.0,0,0.0,0.0
2025-11-13,AMD.US,sell,251.6481,17.23,target_rebalance,1681.523,184,75.79636014511715,63.35
2025-05-13,ASML.US,buy,805.6078,13.34,signal,0.0,0,0.0,0.0
2025-11-13,ASML.US,sell,1034.9771,13.34,target_rebalance,3059.7863,184,90.12536492815948,28.47
2025-05-13,MU.US,buy,116.529,10.72,signal,0.0,0,0.0,0.0
2025-11-13,MU.US,sell,243.1186,10.72,target_rebalance,1357.0401,184,97.23674118374237,108.63
2025-05-13,AMD.US,buy,154.0553,32.37,signal,0.0,0,0.0,0.0
2025-11-14,AMD.US,sell,239.8699,32.37,target_rebalance,2777.8167,185,76.79636014511715,55.7
2025-05-13,ASML.US,buy,805.6078,5.86,signal,0.0,0,0.0,0.0
2025-11-14,ASML.US,sell,983.5856,5.86,target_rebalance,1042.9499,185,91.12536492815948,22.09
2025-05-13,MU.US,buy,116.529,24.3,signal,0.0,0,0.0,0.0
2025-11-14,MU.US,sell,230.9926,24.3,target_rebalance,2781.4645,185,98.23674118374238,98.23
2025-05-13,NVDA.US,buy,153.5648,50.35,signal,0.0,0,0.0,0.0
2025-11-14,NVDA.US,sell,182.4444,50.35,target_rebalance,1454.0901,185,82.02777184446857,18.81
2025-05-13,TSM.US,buy,219.1139,25.95,signal,0.0,0,0.0,0.0
2025-11-14,TSM.US,sell,273.4791,25.95,target_rebalance,1410.7778,185,92.71260646088164,24.81
2025-05-13,AMAT.US,buy,179.9461,197.7,signal,0.0,0,0.0,0.0
2025-11-17,AMAT.US,sell,222.7438,197.7,target_rebalance,8461.0953,188,85.51397726212325,23.78
2025-05-13,MU.US,buy,116.529,94.72,signal,0.0,0,0.0,0.0
2025-11-17,MU.US,sell,246.432,94.72,target_rebalance,12304.4119,188,99.23674118374238,111.48
2025-05-13,AMAT.US,buy,179.9461,63.17,signal,0.0,0,0.0,0.0
2025-11-18,AMAT.US,sell,225.009,63.17,target_rebalance,2846.6194,189,86.51397726212325,25.04
2025-05-13,ASML.US,buy,808.2358,10.17,signal,0.0,0,0.0,0.0
2025-11-18,ASML.US,sell,1005.2399,10.17,target_rebalance,2003.5308,189,91.88574929431162,24.37
2025-05-13,AVGO.US,buy,280.2144,37.21,signal,0.0,0,0.0,0.0
2025-11-18,AVGO.US,sell,340.9461,37.21,target_rebalance,2259.8268,189,83.5959989616364,21.67
2025-05-13,AMAT.US,buy,179.9461,31.75,signal,0.0,0,0.0,0.0
2025-11-19,AMAT.US,sell,225.8137,31.75,target_rebalance,1456.2957,190,87.51397726212325,25.49
2025-05-13,ASML.US,buy,808.2358,1.22,signal,0.0,0,0.0,0.0
2025-11-19,ASML.US,sell,999.9605,1.22,target_rebalance,233.9041,190,92.88574929431162,23.72
2025-05-13,LRCX.US,buy,100.1357,71.54,signal,0.0,0,0.0,0.0
2025-11-19,LRCX.US,sell,146.1041,71.54,target_rebalance,3288.5817,190,91.99673193893085,45.91
2025-05-13,NVDA.US,buy,154.0518,46.57,signal,0.0,0,0.0,0.0
2025-11-19,NVDA.US,sell,184.37,46.57,target_rebalance,1411.9207,190,83.75298252711175,19.68
2025-05-13,TSM.US,buy,219.8427,6.87,signal,0.0,0,0.0,0.0
2025-11-19,TSM.US,sell,274.4803,6.87,target_rebalance,375.3601,190,94.55978620013744,24.85
2025-05-13,AMAT.US,buy,179.9461,26.38,signal,0.0,0,0.0,0.0
2025-11-20,AMAT.US,sell,237.7041,26.38,target_rebalance,1523.6535,191,88.51397726212325,32.1
2025-05-13,AVGO.US,buy,280.2144,56.57,signal,0.0,0,0.0,0.0
2025-11-20,AVGO.US,sell,363.5964,56.57,target_rebalance,4716.9177,191,85.5959989616364,29.76
2025-05-13,LRCX.US,buy,100.1357,10.06,signal,0.0,0,0.0,0.0
2025-11-20,LRCX.US,sell,152.7638,10.06,target_rebalance,529.4386,191,92.99673193893085,52.56
2025-05-13,NVDA.US,buy,154.0518,58.56,signal,0.0,0,0.0,0.0
2025-11-20,NVDA.US,sell,195.5047,58.56,target_rebalance,2427.4812,191,84.75298252711175,26.91
2025-05-13,TSM.US,buy,219.8427,27.56,signal,0.0,0,0.0,0.0
2025-11-20,TSM.US,sell,289.6355,27.56,target_rebalance,1923.4901,191,95.55978620013744,31.75
2025-05-13,ASML.US,buy,809.3304,3.0,signal,0.0,0,0.0,0.0
2025-11-21,ASML.US,sell,957.7855,3.0,target_rebalance,445.3652,192,94.43904654995902,18.34
2025-05-13,AVGO.US,buy,280.2144,50.29,signal,0.0,0,0.0,0.0
2025-11-21,AVGO.US,sell,342.8933,50.29,target_rebalance,3152.1201,192,86.5959989616364,22.37
2025-05-13,NVDA.US,buy,154.0518,25.36,signal,0.0,0,0.0,0.0
2025-11-21,NVDA.US,sell,180.8281,25.36,target_rebalance,679.0473,192,85.75298252711175,17.38
2025-05-13,TSM.US,buy,219.8427,39.37,signal,0.0,0,0.0,0.0
2025-11-21,TSM.US,sell,270.4064,39.37,target_rebalance,1990.6946,192,96.55978620013744,23.0
2025-05-13,AMAT.US,buy,179.9461,8.51,signal,0.0,0,0.0,0.0
2025-11-24,AMAT.US,sell,221.8465,8.51,target_rebalance,356.5721,195,90.51397726212326,23.28
2025-05-13,ASML.US,buy,809.3304,0.99,signal,0.0,0,0.0,0.0
2025-11-24,ASML.US,sell,971.9731,0.99,target_rebalance,161.0163,195,95.43904654995902,20.1
2025-05-13,LRCX.US,buy,100.3735,115.49,signal,0.0,0,0.0,0.0
2025-11-24,LRCX.US,sell,144.9395,115.49,target_rebalance,5146.9234,195,94.42812749737426,44.4
2025-05-13,MU.US,buy,129.1944,84.39,signal,0.0,0,0.0,0.0
2025-11-24,MU.US,sell,212.9883,84.39,target_rebalance,7071.3614,195,92.21477889762433,64.86
2025-05-13,AMAT.US,buy,179.9461,104.37,signal,0.0,0,0.0,0.0
2025-11-25,AMAT.US,sell,236.4697,104.37,target_rebalance,5899.3627,196,91.51397726212325,31.41
2025-05-13,AVGO.US,buy,280.4644,130.56,signal,0.0,0,0.0,0.0
2025-11-25,AVGO.US,sell,382.402,130.56,target_rebalance,13308.9743,196,88.2637894395328,36.35
2025-05-13,TSM.US,buy,220.3461,11.4,signal,0.0,0,0.0,0.0
2025-11-25,TSM.US,sell,280.2391,11.4,target_rebalance,682.7796,196,97.60578971875422,27.18
2025-05-13,AMD.US,buy,164.811,32.46,signal,0.0,0,0.0,0.0
2025-11-26,AMD.US,sell,209.84,32.46,target_rebalance,1461.6404,197,71.04401354605893,27.32
2025-05-13,ASML.US,buy,810.9698,9.55,signal,0.0,0,0.0,0.0
2025-11-26,ASML.US,sell,1034.659,9.55,target_rebalance,2136.2313,197,96.56426410930368,27.58
2025-05-13,MU.US,buy,129.1944,47.98,signal,0.0,0,0.0,0.0
2025-11-26,MU.US,sell,229.1662,47.98,target_rebalance,4796.6459,197,94.21477889762434,77.38
2025-05-13,NVDA.US,buy,155.6323,22.46,signal,0.0,0,0.0,0.0
2025-11-26,NVDA.US,sell,181.2172,22.46,target_rebalance,574.6379,197,82.48691778268399,16.44
2025-05-13,AMAT.US,buy,180.3075,36.45,signal,0.0,0,0.0,0.0
2025-11-28,AMAT.US,sell,249.6595,36.45,target_rebalance,2527.8789,199,92.97705939118566,38.46
2025-05-13,AMD.US,buy,164.811,36.52,signal,0.0,0,0.0,0.0
2025-11-28,AMD.US,sell,215.9239,36.52,target_rebalance,1866.6423,199,72.04401354605893,31.01
2025-05-13,AVGO.US,buy,283.1356,28.08,signal,0.0,0,0.0,0.0
2025-11-28,AVGO.US,sell,396.7273,28.08,target_rebalance,3189.6559,199,87.9560070203575,40.12
2025-05-13,LRCX.US,buy,100.6848,6.81,signal,0.0,0,0.0,0.0
2025-11-28,LRCX.US,sell,155.4914,6.81,target_rebalance,373.2329,199,96.85323938458407,54.43
2025-05-13,MU.US,buy,129.1944,25.15,signal,0.0,0,0.0,0.0
2025-11-28,MU.US,sell,235.1544,25.15,target_rebalance,2664.8925,199,95.21477889762431,82.02
2025-05-13,AMAT.US,buy,180.3075,19.57,signal,0.0,0,0.0,0.0
2025-12-01,AMAT.US,sell,249.092,19.57,target_rebalance,1346.1135,202,93.97705939118566,38.15
2025-05-13,ASML.US,buy,814.4709,14.83,signal,0.0,0,0.0,0.0
2025-12-01,ASML.US,sell,1049.9302,14.83,target_rebalance,3491.8617,202,97.04945699519301,28.91
2025-05-13,LRCX.US,buy,100.6848,2.69,signal,0.0,0,0.0,0.0
2025-12-01,LRCX.US,sell,154.1475,2.69,target_rebalance,143.8148,202,97.85323938458409,53.1
2025-05-13,AMAT.US,buy,180.3075,2.91,signal,0.0,0,0.0,0.0
2025-12-02,AMAT.US,sell,254.4675,2.91,target_rebalance,215.8056,203,94.97705939118565,41.13
2025-05-13,AMD.US,buy,164.811,47.57,signal,0.0,0,0.0,0.0
2025-12-02,AMD.US,sell,221.5682,47.57,target_rebalance,2699.941,203,74.04401354605893,34.44
2025-05-13,ASML.US,buy,814.4709,7.23,signal,0.0,0,0.0,0.0
2025-12-02,ASML.US,sell,1083.3162,7.23,target_rebalance,1943.7518,203,98.04945699519301,33.01
2025-05-13,MU.US,buy,129.4985,15.27,signal,0.0,0,0.0,0.0
2025-12-02,MU.US,sell,238.2782,15.27,target_rebalance,1661.0648,203,96.93096994390014,84.0
2025-05-13,NVDA.US,buy,156.5891,66.82,signal,0.0,0,0.0,0.0
2025-12-02,NVDA.US,sell,181.3469,66.82,target_rebalance,1654.317,203,81.82529701162058,15.81
2025-05-13,AMAT.US,buy,180.3075,99.53,signal,0.0,0,0.0,0.0
2025-12-03,AMAT.US,sell,264.0935,99.53,target_rebalance,8339.218,204,95.97705939118565,46.47
2025-05-13,ASML.US,buy,814.4709,11.69,signal,0.0,0,0.0,0.0
2025-12-03,ASML.US,sell,1103.827,11.69,target_rebalance,3382.5735,204,99.049456995193,35.53
2025-05-13,LRCX.US,buy,101.3309,25.4,signal,0.0,0,0.0,0.0
2025-12-03,LRCX.US,sell,156.4353,25.4,target_rebalance,1399.6541,204,98.68707853319378,54.38
2025-05-13,AMAT.US,buy,180.3075,26.63,signal,0.0,0,0.0,0.0
2025-12-04,AMAT.US,sell,267.1197,26.63,target_rebalance,2311.808,205,96.97705939118565,48.15
2025-05-13,ASML.US,buy,814.4709,6.13,signal,0.0,0,0.0,0.0
2025-12-04,ASML.US,sell,1116.0461,6.13,target_rebalance,1848.6561,205,100.04945699519301,37.03
2025-05-13,TSM.US,buy,221.9384,6.64,signal,0.0,0,0.0,0.0
2025-12-04,TSM.US,sell,291.3899,6.64,target_rebalance,461.1582,205,101.22949773197175,31.29
2025-05-13,AVGO.US,buy,288.9159,12.9,signal,0.0,0,0.0,0.0
2025-12-05,AVGO.US,sell,383.6339,12.9,target_rebalance,1221.8619,206,87.74634192771046,32.78
2025-05-13,LRCX.US,buy,101.3309,28.1,signal,0.0,0,0.0,0.0
2025-12-05,LRCX.US,sell,158.5492,28.1,target_rebalance,1607.836,206,100.68707853319377,56.47
2025-05-13,NVDA.US,buy,156.649,24.4,signal,0.0,0,0.0,0.0
2025-12-05,NVDA.US,sell,183.4823,24.4,target_rebalance,654.734,206,84.62256406442758,17.13
2025-05-13,TSM.US,buy,221.9384,3.01,signal,0.0,0,0.0,0.0
2025-12-05,TSM.US,sell,293.4417,3.01,target_rebalance,215.2249,206,102.22949773197175,32.22
2025-05-13,AVGO.US,buy,288.9159,44.46,signal,0.0,0,0.0,0.0
2025-12-08,AVGO.US,sell,399.8368,44.46,target_rebalance,4931.5417,209,88.74634192771047,38.39
2025-05-13,LRCX.US,buy,101.3309,5.99,signal,0.0,0,0.0,0.0
2025-12-08,LRCX.US,sell,161.5106,5.99,target_rebalance,360.4767,209,101.68707853319377,59.39
2025-05-13,MU.US,buy,134.2398,129.4,signal,0.0,0,0.0,0.0
2025-12-08,MU.US,sell,243.0088,129.4,target_rebalance,14074.714,209,96.30837063571455,81.03
2025-05-13,TSM.US,buy,221.9384,0.18,signal,0.0,0,0.0,0.0
2025-12-08,TSM.US,sell,298.5463,0.18,target_rebalance,13.7894,209,103.22949773197175,34.52
2025-05-13,AMD.US,buy,166.6305,28.55,signal,0.0,0,0.0,0.0
2025-12-09,AMD.US,sell,220.819,28.55,target_rebalance,1547.0795,210,76.4083930507027,32.52
2025-05-13,MU.US,buy,134.2398,17.57,signal,0.0,0,0.0,0.0
2025-12-09,MU.US,sell,244.0068,17.57,target_rebalance,1928.6071,210,97.30837063571455,81.77
2025-05-13,NVDA.US,buy,157.2135,61.78,signal,0.0,0,0.0,0.0
2025-12-09,NVDA.US,sell,185.1486,61.78,target_rebalance,1725.833,210,84.75998677052165,17.77
2025-05-13,LRCX.US,buy,101.5571,54.16,signal,0.0,0,0.0,0.0
2025-12-10,LRCX.US,sell,164.6116,54.16,target_rebalance,3415.0334,211,103.29520218303654,62.09
2025-05-13,MU.US,buy,134.2398,87.87,signal,0.0,0,0.0,0.0
2025-12-10,MU.US,sell,254.6258,87.87,target_rebalance,10578.3189,211,98.30837063571454,89.68
2025-05-13,TSM.US,buy,221.9559,7.8,signal,0.0,0,0.0,0.0
2025-12-10,TSM.US,sell,302.6796,7.8,target_rebalance,629.6449,211,105.20550107081553,36.37
2025-05-13,AMAT.US,buy,183.5084,34.82,signal,0.0,0,0.0,0.0
2025-12-11,AMAT.US,sell,269.9866,34.82,target_rebalance,3011.1718,212,98.29523325730487,47.12
2025-05-13,ASML.US,buy,827.066,0.65,signal,0.0,0,0.0,0.0
2025-12-11,ASML.US,sell,1108.311,0.65,target_rebalance,182.8092,212,100.6802341601692,34.01
2025-05-13,AVGO.US,buy,289.9465,4.91,signal,0.0,0,0.0,0.0
2025-12-11,AVGO.US,sell,402.1713,4.91,target_rebalance,551.0239,212,90.89733217240376,38.71
2025-05-13,LRCX.US,buy,101.5571,7.18,signal,0.0,0,0.0,0.0
2025-12-11,LRCX.US,sell,165.1799,7.18,target_rebalance,456.8123,212,104.29520218303652,62.65
2025-05-13,MU.US,buy,134.2398,65.36,signal,0.0,0,0.0,0.0
2025-12-11,MU.US,sell,261.0132,65.36,target_rebalance,8285.9084,212,99.30837063571454,94.44
2025-05-13,TSM.US,buy,221.9559,1.69,signal,0.0,0,0.0,0.0
2025-12-11,TSM.US,sell,303.447,1.69,target_rebalance,137.72,212,106.20550107081554,36.72
2025-05-13,AMD.US,buy,168.0313,40.52,signal,0.0,0,0.0,0.0
2025-12-12,AMD.US,sell,218.1516,40.52,target_rebalance,2030.8745,213,77.31644785764408,29.83
2025-05-13,ASML.US,buy,827.066,4.43,signal,0.0,0,0.0,0.0
2025-12-12,ASML.US,sell,1102.9819,4.43,target_rebalance,1222.3074,213,101.6802341601692,33.36
2025-05-13,LRCX.US,buy,101.5571,82.1,signal,0.0,0,0.0,0.0
2025-12-12,LRCX.US,sell,166.3565,82.1,target_rebalance,5320.036,213,105.29520218303654,63.81
2025-05-13,NVDA.US,buy,158.2067,57.17,signal,0.0,0,0.0,0.0
2025-12-12,NVDA.US,sell,180.7085,57.17,target_rebalance,1286.4262,213,84.26571003138092,14.22
2025-05-13,TSM.US,buy,221.9559,19.56,signal,0.0,0,0.0,0.0
2025-12-12,TSM.US,sell,302.4134,19.56,target_rebalance,1573.7489,213,107.20550107081554,36.25
2025-05-13,AMAT.US,buy,183.6071,26.71,signal,0.0,0,0.0,0.0
2025-12-15,AMAT.US,sell,262.232,26.71,target_rebalance,2100.072,216,100.17723232722749,42.82
2025-05-13,ASML.US,buy,827.066,5.28,signal,0.0,0,0.0,0.0
2025-12-15,ASML.US,sell,1083.0577,5.28,target_rebalance,1351.6363,216,102.6802341601692,30.95
2025-05-13,LRCX.US,buy,101.5571,23.72,signal,0.0,0,0.0,0.0
2025-12-15,LRCX.US,sell,162.9265,23.72,target_rebalance,1455.6828,216,106.29520218303655,60.43
2025-05-13,NVDA.US,buy,158.2067,34.52,signal,0.0,0,0.0,0.0
2025-12-15,NVDA.US,sell,177.5455,34.52,target_rebalance,667.575,216,85.26571003138092,12.22
2025-05-13,AMAT.US,buy,183.6071,27.51,signal,0.0,0,0.0,0.0
2025-12-16,AMAT.US,sell,258.6085,27.51,target_rebalance,2063.2907,217,101.1772323272275,40.85
2025-05-13,ASML.US,buy,827.066,10.99,signal,0.0,0,0.0,0.0
2025-12-16,ASML.US,sell,1075.2829,10.99,target_rebalance,2727.9044,217,103.6802341601692,30.01
2025-05-13,LRCX.US,buy,101.5571,132.06,signal,0.0,0,0.0,0.0
2025-12-16,LRCX.US,sell,164.0233,132.06,target_rebalance,8249.2911,217,107.29520218303654,61.51
2025-05-13,NVDA.US,buy,158.2067,58.06,signal,0.0,0,0.0,0.0
2025-12-16,NVDA.US,sell,175.8692,58.06,target_rebalance,1025.4853,217,86.26571003138092,11.16
2025-05-13,AMD.US,buy,168.087,33.3,signal,0.0,0,0.0,0.0
2025-12-17,AMD.US,sell,209.83,33.3,target_rebalance,1390.0397,218,80.20352977156058,24.83
2025-05-13,AVGO.US,buy,297.598,53.22,signal,0.0,0,0.0,0.0
2025-12-17,AVGO.US,sell,344.3337,53.22,target_rebalance,2487.2729,218,84.19632526194957,15.7
2025-05-13,AMAT.US,buy,184.1391,7.51,signal,0.0,0,0.0,0.0
2025-12-18,AMAT.US,sell,257.9117,7.51,target_rebalance,554.0323,219,102.44152436620071,40.06
2025-05-13,MU.US,buy,138.4451,226.74,signal,0.0,0,0.0,0.0
2025-12-18,MU.US,sell,256.023,226.74,target_rebalance,26659.6248,219,100.36041300887936,84.93
2025-05-13,AMD.US,buy,169.0394,8.83,signal,0.0,0,0.0,0.0
2025-12-19,AMD.US,sell,204.3954,8.83,target_rebalance,312.1934,220,80.05147923248595,20.92
2025-05-13,LRCX.US,buy,102.0337,68.82,signal,0.0,0,0.0,0.0
2025-12-19,LRCX.US,sell,165.5987,68.82,target_rebalance,4374.5468,220,109.45850037739767,62.3
2025-05-13,NVDA.US,buy,158.3651,43.29,signal,0.0,0,0.0,0.0
2025-12-19,NVDA.US,sell,176.2783,43.29,target_rebalance,775.4633,220,88.42452749930194,11.31
2025-05-13,TSM.US,buy,222.8905,8.8,signal,0.0,0,0.0,0.0
2025-12-19,TSM.US,sell,284.6232,8.8,target_rebalance,543.248,220,110.58871227142716,27.7
2025-05-13,AMD.US,buy,169.0394,83.33,signal,0.0,0,0.0,0.0
2025-12-22,AMD.US,sell,219.78,83.33,target_rebalance,4228.2129,223,81.05147923248593,30.02
2025-05-13,LRCX.US,buy,102.0337,35.58,signal,0.0,0,0.0,0.0
2025-12-22,LRCX.US,sell,175.1709,35.58,target_rebalance,2602.2225,223,110.45850037739767,71.68
2025-05-13,MU.US,buy,140.2461,124.79,signal,0.0,0,0.0,0.0
2025-12-22,MU.US,sell,276.6023,124.79,target_rebalance,17015.8894,223,100.74935090679502,97.23
2025-05-13,ASML.US,buy,840.5883,1.04,signal,0.0,0,0.0,0.0
2025-12-23,ASML.US,sell,1051.829,1.04,target_rebalance,219.6903,224,102.38586088150595,25.13
2025-05-13,LRCX.US,buy,102.0337,35.96,signal,0.0,0,0.0,0.0
2025-12-23,LRCX.US,sell,174.7521,35.96,target_rebalance,2614.9551,224,111.45850037739766,71.27
2025-05-13,MU.US,buy,140.2461,17.43,signal,0.0,0,0.0,0.0
2025-12-23,MU.US,sell,275.3747,17.43,target_rebalance,2355.2921,224,101.749350906795,96.35
2025-05-13,NVDA.US,buy,158.5031,15.5,signal,0.0,0,0.0,0.0
2025-12-23,NVDA.US,sell,182.5644,15.5,target_rebalance,372.9504,224,89.941053658212,15.18
2025-05-13,TSM.US,buy,224.0866,11.82,signal,0.0,0,0.0,0.0
2025-12-23,TSM.US,sell,291.6001,11.82,target_rebalance,798.0096,224,110.6969650346917,30.13
2025-05-13,AVGO.US,buy,299.4,30.38,signal,0.0,0,0.0,0.0
2025-12-24,AVGO.US,sell,349.0535,30.38,target_rebalance,1508.4745,225,85.20805388078576,16.58
2025-05-13,NVDA.US,buy,158.5031,57.44,signal,0.0,0,0.0,0.0
2025-12-24,NVDA.US,sell,187.5233,57.44,target_rebalance,1666.9252,225,90.941053658212,18.31
2025-05-13,TSM.US,buy,224.0866,6.41,signal,0.0,0,0.0,0.0
2025-12-24,TSM.US,sell,295.9135,6.41,target_rebalance,460.4102,225,111.6969650346917,32.05
2025-05-13,LRCX.US,buy,102.7663,16.36,signal,0.0,0,0.0,0.0
2025-12-26,LRCX.US,sell,177.9129,16.36,target_rebalance,1229.399,227,112.33093510851907,73.12
2025-05-13,MU.US,buy,140.5994,80.18,signal,0.0,0,0.0,0.0
2025-12-26,MU.US,sell,290.2652,80.18,target_rebalance,12000.2032,227,103.48578915844395,106.45
2025-05-13,AMAT.US,buy,187.6204,12.07,signal,0.0,0,0.0,0.0
2025-12-29,AMAT.US,sell,259.6339,12.07,target_rebalance,869.203,230,103.60108359004826,38.38
2025-05-13,ASML.US,buy,843.6654,4.57,signal,0.0,0,0.0,0.0
2025-12-29,ASML.US,sell,1058.4308,4.57,target_rebalance,981.4782,230,103.91999420402915,25.46
2025-05-13,AVGO.US,buy,299.8504,3.18,signal,0.0,0,0.0,0.0
2025-12-29,AVGO.US,sell,347.0927,3.18,target_rebalance,150.2305,230,86.44248292520838,15.76
2025-05-13,TSM.US,buy,224.2912,35.3,signal,0.0,0,0.0,0.0
2025-12-29,TSM.US,sell,299.9287,35.3,target_rebalance,2670.0048,230,113.38781975556687,33.72
2025-05-13,AMD.US,buy,170.7755,14.89,signal,0.0,0,0.0,0.0
2025-12-30,AMD.US,sell,215.6541,14.89,target_rebalance,668.2423,231,82.80792521321854,26.28
2025-05-13,ASML.US,buy,843.6654,3.35,signal,0.0,0,0.0,0.0
2025-12-30,ASML.US,sell,1078.3154,3.35,target_rebalance,786.0775,231,104.91999420402915,27.81
2025-05-13,MU.US,buy,143.9433,87.36,signal,0.0,0,0.0,0.0
2025-12-30,MU.US,sell,294.2364,87.36,target_rebalance,13129.6031,231,102.98747252103645,104.41
2025-05-13,AMD.US,buy,170.7755,7.52,signal,0.0,0,0.0,0.0
2025-12-31,AMD.US,sell,215.6042,7.52,target_rebalance,337.1115,232,83.80792521321854,26.25
2025-05-13,NVDA.US,buy,158.8541,29.18,signal,0.0,0,0.0,0.0
2025-12-31,NVDA.US,sell,189.1497,29.18,target_rebalance,884.0271,232,93.82995674362185,19.07
2025-05-13,TSM.US,buy,225.0411,14.27,signal,0.0,0,0.0,0.0
2025-12-31,TSM.US,sell,302.1351,14.27,target_rebalance,1100.132,232,114.27115985128657,34.26
2025-05-13,AMAT.US,buy,188.1169,3.19,signal,0.0,0,0.0,0.0
2026-01-02,AMAT.US,sell,265.8654,3.19,target_rebalance,248.0178,234,105.88457807414795,41.33
2025-05-13,ASML.US,buy,843.6654,19.34,signal,0.0,0,0.0,0.0
2026-01-02,ASML.US,sell,1127.2112,19.34,target_rebalance,5483.7772,234,106.91999420402917,33.61
2025-05-13,TSM.US,buy,225.0411,18.96,signal,0.0,0,0.0,0.0
2026-01-02,TSM.US,sell,310.0662,18.96,target_rebalance,1612.0756,234,115.27115985128655,37.78
2025-05-13,AMD.US,buy,170.8686,1.1,signal,0.0,0,0.0,0.0
2026-01-05,AMD.US,sell,230.0197,1.1,target_rebalance,65.0663,237,85.64470234129544,34.62
2025-05-13,ASML.US,buy,843.6654,11.76,signal,0.0,0,0.0,0.0
2026-01-05,ASML.US,sell,1204.2237,11.76,target_rebalance,4240.1664,237,107.91999420402917,42.74
2025-05-13,LRCX.US,buy,104.3078,73.05,signal,0.0,0,0.0,0.0
2026-01-05,LRCX.US,sell,189.5691,73.05,target_rebalance,6228.3354,237,114.8983524338296,81.74
2025-05-13,MU.US,buy,145.7769,115.47,signal,0.0,0,0.0,0.0
2026-01-05,MU.US,sell,324.6186,115.47,target_rebalance,20650.8514,237,104.7150132623647,122.68
2025-05-13,TSM.US,buy,225.0411,21.97,signal,0.0,0,0.0,0.0
2026-01-05,TSM.US,sell,328.3731,21.97,target_rebalance,2270.2053,237,116.27115985128657,45.92
2025-05-13,AMAT.US,buy,189.2393,90.58,signal,0.0,0,0.0,0.0
2026-01-06,AMAT.US,sell,284.132,90.58,target_rebalance,8595.3785,238,106.51034083052271,50.14
2025-05-13,ASML.US,buy,843.6654,6.9,signal,0.0,0,0.0,0.0
2026-01-06,ASML.US,sell,1215.7567,6.9,target_rebalance,2567.4305,238,108.91999420402917,44.1
2025-05-13,LRCX.US,buy,104.3078,165.15,signal,0.0,0,0.0,0.0
2026-01-06,LRCX.US,sell,197.2168,165.15,target_rebalance,15343.9248,238,115.8983524338296,89.07
2025-05-13,TSM.US,buy,225.0411,1.3,signal,0.0,0,0.0,0.0
2026-01-06,TSM.US,sell,328.1942,1.3,target_rebalance,134.0991,238,117.27115985128655,45.84
2025-05-13,AMAT.US,buy,189.2393,48.39,signal,0.0,0,0.0,0.0
2026-01-07,AMAT.US,sell,290.6721,48.39,target_rebalance,4908.3314,239,107.51034083052271,53.6
2025-05-13,LRCX.US,buy,104.3078,74.29,signal,0.0,0,0.0,0.0
2026-01-07,LRCX.US,sell,201.993,74.29,target_rebalance,7257.0307,239,116.8983524338296,93.65
2025-05-13,MU.US,buy,148.8919,145.96,signal,0.0,0,0.0,0.0
2026-01-07,MU.US,sell,340.174,145.96,target_rebalance,27919.5479,239,104.80755053923413,128.47
2025-05-13,AVGO.US,buy,304.4617,4.31,signal,0.0,0,0.0,0.0
2026-01-08,AVGO.US,sell,341.1804,4.31,target_rebalance,158.2574,240,84.81652046709254,12.06
2025-05-13,LRCX.US,buy,104.3078,8.35,signal,0.0,0,0.0,0.0
2026-01-08,LRCX.US,sell,202.2821,8.35,target_rebalance,818.0855,240,117.8983524338296,93.93
2025-05-13,MU.US,buy,148.8919,16.45,signal,0.0,0,0.0,0.0
2026-01-08,MU.US,sell,342.3606,16.45,target_rebalance,3182.5606,240,105.80755053923413,129.94
2025-05-13,NVDA.US,buy,161.105,6.56,signal,0.0,0,0.0,0.0
2026-01-08,NVDA.US,sell,188.6907,6.56,target_rebalance,180.9622,240,92.0060867688603,17.12
2025-05-13,AMAT.US,buy,189.4159,3.43,signal,0.0,0,0.0,0.0
2026-01-09,AMAT.US,sell,287.0885,3.43,target_rebalance,335.0168,241,109.3200648885025,51.57
2025-05-13,ASML.US,buy,846.2182,14.1,signal,0.0,0,0.0,0.0
2026-01-09,ASML.US,sell,1225.7288,14.1,target_rebalance,5351.1003,241,111.1525942164546,44.85
2025-05-13,LRCX.US,buy,104.3078,77.17,signal,0.0,0,0.0,0.0
2026-01-09,LRCX.US,sell,204.0669,77.17,target_rebalance,7698.4119,241,118.8983524338296,95.64
2025-05-13,AMAT.US,buy,189.4159,78.67,signal,0.0,0,0.0,0.0
2026-01-12,AMAT.US,sell,300.3479,78.67,target_rebalance,8727.0192,244,110.32006488850251,58.57
2025-05-13,ASML.US,buy,846.2182,1.84,signal,0.0,0,0.0,0.0
2026-01-12,ASML.US,sell,1248.8047,1.84,target_rebalance,740.7592,244,112.15259421645459,47.57
2025-05-13,LRCX.US,buy,104.3078,145.15,signal,0.0,0,0.0,0.0
2026-01-12,LRCX.US,sell,215.4937,145.15,target_rebalance,16138.6348,244,119.8983524338296,106.59
2025-05-13,MU.US,buy,151.9648,12.63,signal,0.0,0,0.0,0.0
2026-01-12,MU.US,sell,340.0143,12.63,target_rebalance,2375.0648,244,106.02377021895953,123.75
2025-05-13,AMD.US,buy,176.0993,147.88,signal,0.0,0,0.0,0.0
2026-01-13,AMD.US,sell,214.8849,147.88,target_rebalance,5735.6105,245,80.01528178751794,22.02
2025-05-13,AVGO.US,buy,304.739,13.48,signal,0.0,0,0.0,0.0
2026-01-13,AVGO.US,sell,351.2333,13.48,target_rebalance,626.7432,245,87.13317162107911,15.26
2025-05-13,TSM.US,buy,228.0855,10.59,signal,0.0,0,0.0,0.0
2026-01-13,TSM.US,sell,330.828,10.59,target_rebalance,1088.0425,245,118.53192476306121,45.05
2025-05-13,AMD.US,buy,176.0993,94.97,signal,0.0,0,0.0,0.0
2026-01-14,AMD.US,sell,217.3225,94.97,target_rebalance,3914.9597,246,81.01528178751792,23.41
2025-05-13,ASML.US,buy,847.8972,0.12,signal,0.0,0,0.0,0.0
2026-01-14,ASML.US,sell,1259.8009,0.12,target_rebalance,49.4284,246,113.71204217529596,48.58
2025-05-13,AVGO.US,buy,304.739,6.88,signal,0.0,0,0.0,0.0
2026-01-14,AVGO.US,sell,347.3416,6.88,target_rebalance,293.1056,246,88.13317162107911,13.98
2025-05-13,NVDA.US,buy,162.25,36.96,signal,0.0,0,0.0,0.0
2026-01-14,NVDA.US,sell,183.9114,36.96,target_rebalance,800.6052,246,91.31169782794207,13.35
2025-05-13,TSM.US,buy,228.0855,12.36,signal,0.0,0,0.0,0.0
2026-01-14,TSM.US,sell,327.8364,12.36,target_rebalance,1232.9214,246,119.53192476306121,43.73
2025-05-13,AMAT.US,buy,190.7057,99.78,signal,0.0,0,0.0,0.0
2026-01-15,AMAT.US,sell,326.588,99.78,target_rebalance,13558.3275,247,112.06456710504219,71.25
2025-05-13,AMD.US,buy,176.0993,7.56,signal,0.0,0,0.0,0.0
2026-01-15,AMD.US,sell,227.6721,7.56,target_rebalance,389.8901,247,82.01528178751795,29.29
2025-05-13,ASML.US,buy,847.8972,13.6,signal,0.0,0,0.0,0.0
2026-01-15,ASML.US,sell,1345.8211,13.6,target_rebalance,6771.7653,247,114.71204217529595,58.72
2025-05-13,LRCX.US,buy,107.931,116.3,signal,0.0,0,0.0,0.0
2026-01-15,LRCX.US,sell,227.4888,116.3,target_rebalance,13904.5716,247,118.85232905689946,110.77
2025-05-13,AMD.US,buy,176.0993,85.66,signal,0.0,0,0.0,0.0
2026-01-16,AMD.US,sell,234.0657,85.66,target_rebalance,4965.3992,248,83.01528178751794,32.92
2025-05-13,MU.US,buy,159.5484,38.74,signal,0.0,0,0.0,0.0
2026-01-16,MU.US,sell,352.5446,38.74,target_rebalance,7476.6705,248,105.67721472184196,120.96
2025-05-13,NVDA.US,buy,162.9823,33.93,signal,0.0,0,0.0,0.0
2026-01-16,NVDA.US,sell,188.6608,33.93,target_rebalance,871.2718,248,90.5192736883525,15.76
2025-05-13,TSM.US,buy,228.5342,11.19,signal,0.0,0,0.0,0.0
2026-01-16,TSM.US,sell,344.3843,11.19,target_rebalance,1296.3627,248,121.05460266246473,50.69
2025-05-13,AVGO.US,buy,307.0049,21.18,signal,0.0,0,0.0,0.0
2026-01-20,AVGO.US,sell,342.4943,21.18,target_rebalance,751.6655,252,86.40073191358483,11.56
2025-05-13,MU.US,buy,159.5484,114.87,signal,0.0,0,0.0,0.0
2026-01-20,MU.US,sell,364.1064,114.87,target_rebalance,23497.5684,252,106.67721472184195,128.21
2025-05-13,TSM.US,buy,228.5342,0.89,signal,0.0,0,0.0,0.0
2026-01-20,TSM.US,sell,338.6994,0.89,target_rebalance,98.047,252,122.05460266246475,48.21
2025-05-13,AMAT.US,buy,193.5493,7.62,signal,0.0,0,0.0,0.0
2026-01-21,AMAT.US,sell,318.0271,7.62,target_rebalance,948.5206,253,112.5513970646599,64.31
2025-05-13,AMD.US,buy,176.9311,126.46,signal,0.0,0,0.0,0.0
2026-01-21,AMD.US,sell,235.754,126.46,target_rebalance,7438.7471,253,83.62343054790028,33.25
2025-05-13,ASML.US,buy,853.0255,1.26,signal,0.0,0,0.0,0.0
2026-01-21,ASML.US,sell,1324.3061,1.26,target_rebalance,593.8136,253,116.4347064758442,55.25
2025-05-13,LRCX.US,buy,111.2873,54.49,signal,0.0,0,0.0,0.0
2026-01-21,LRCX.US,sell,222.4036,54.49,target_rebalance,6054.7298,253,118.31661831380616,99.85
2025-05-13,MU.US,buy,159.5484,37.05,signal,0.0,0,0.0,0.0
2026-01-21,MU.US,sell,372.2635,37.05,target_rebalance,7881.0929,253,107.67721472184195,133.32
2025-05-13,AMAT.US,buy,193.5493,10.9,signal,0.0,0,0.0,0.0
2026-01-22,AMAT.US,sell,331.4757,10.9,target_rebalance,1503.397,254,113.5513970646599,71.26
2025-05-13,AMD.US,buy,176.9311,95.48,signal,0.0,0,0.0,0.0
2026-01-22,AMD.US,sell,251.4983,95.48,target_rebalance,7119.6724,254,84.62343054790028,42.14
2025-05-13,ASML.US,buy,853.0255,5.0,signal,0.0,0,0.0,0.0
2026-01-22,ASML.US,sell,1385.6001,5.0,target_rebalance,2662.873,254,117.43470647584418,62.43
2025-05-13,LRCX.US,buy,111.2873,64.3,signal,0.0,0,0.0,0.0
2026-01-22,LRCX.US,sell,234.8774,64.3,target_rebalance,7946.8424,254,119.31661831380616,111.05
2025-05-13,MU.US,buy,159.5484,54.38,signal,0.0,0,0.0,0.0
2026-01-22,MU.US,sell,396.0161,54.38,target_rebalance,12859.1091,254,108.67721472184196,148.21
2025-05-13,AMD.US,buy,176.9311,176.61,signal,0.0,0,0.0,0.0
2026-01-23,AMD.US,sell,260.9188,176.61,target_rebalance,14833.0716,255,85.6234305479003,47.47
2025-05-13,ASML.US,buy,853.0255,2.16,signal,0.0,0,0.0,0.0
2026-01-23,ASML.US,sell,1368.37,2.16,target_rebalance,1113.1443,255,118.43470647584417,60.41
2025-05-13,MU.US,buy,159.5484,37.41,signal,0.0,0,0.0,0.0
2026-01-23,MU.US,sell,396.5353,37.41,target_rebalance,8865.6769,255,109.67721472184195,148.54
2025-05-13,NVDA.US,buy,163.808,132.64,signal,0.0,0,0.0,0.0
2026-01-23,NVDA.US,sell,187.0843,132.64,target_rebalance,3087.3718,255,90.27240434272102,14.21
2025-05-13,TSM.US,buy,234.8386,25.69,signal,0.0,0,0.0,0.0
2026-01-23,TSM.US,sell,330.0329,25.69,target_rebalance,2445.5426,255,117.52313388060853,40.54
2025-05-13,AMAT.US,buy,196.6271,19.11,signal,0.0,0,0.0,0.0
2026-01-26,AMAT.US,sell,320.5357,19.11,target_rebalance,2367.8934,258,112.72224821982786,63.02
2025-05-13,ASML.US,buy,853.0255,4.13,signal,0.0,0,0.0,0.0
2026-01-26,ASML.US,sell,1377.8649,4.13,target_rebalance,2167.587,258,119.43470647584418,61.53
2025-05-13,LRCX.US,buy,117.4918,11.06,signal,0.0,0,0.0,0.0
2026-01-26,LRCX.US,sell,218.3454,11.06,target_rebalance,1115.4411,258,114.29968811770316,85.84
2025-05-13,TSM.US,buy,234.8386,4.94,signal,0.0,0,0.0,0.0
2026-01-26,TSM.US,sell,330.7485,4.94,target_rebalance,473.7951,258,118.52313388060851,40.84
2025-05-13,ASML.US,buy,853.0255,4.0,signal,0.0,0,0.0,0.0
2026-01-27,ASML.US,sell,1409.4415,4.0,target_rebalance,2225.6642,259,120.43470647584418,65.23
2025-05-13,AVGO.US,buy,309.0956,36.67,signal,0.0,0,0.0,0.0
2026-01-27,AVGO.US,sell,328.2212,36.67,target_rebalance,701.3337,259,82.99810136148037,6.19
2025-05-13,LRCX.US,buy,117.4918,136.57,signal,0.0,0,0.0,0.0
2026-01-27,LRCX.US,sell,229.9617,136.57,target_rebalance,15360.0109,259,115.29968811770316,95.73
2025-05-13,MU.US,buy,160.1237,9.89,signal,0.0,0,0.0,0.0
2026-01-27,MU.US,sell,403.9735,9.89,target_rebalance,2411.6745,259,111.40756023325795,152.29
2025-05-13,AMAT.US,buy,197.4601,45.54,signal,0.0,0,0.0,0.0
2026-01-28,AMAT.US,sell,340.375,45.54,target_rebalance,6508.3449,260,113.97625927698574,72.38
2025-05-13,ASML.US,buy,853.0255,11.26,signal,0.0,0,0.0,0.0
2026-01-28,ASML.US,sell,1484.3762,11.26,target_rebalance,7109.0097,260,121.43470647584417,74.01
2025-05-13,LRCX.US,buy,117.4918,44.18,signal,0.0,0,0.0,0.0
2026-01-28,LRCX.US,sell,240.5708,44.18,target_rebalance,5437.6324,260,116.29968811770314,104.76
2025-05-13,MU.US,buy,160.1237,20.96,signal,0.0,0,0.0,0.0
2026-01-28,MU.US,sell,421.7755,20.96,target_rebalance,5484.2215,260,112.40756023325797,163.41
2025-05-13,LRCX.US,buy,117.4918,62.76,signal,0.0,0,0.0,0.0
2026-01-29,LRCX.US,sell,244.8983,62.76,target_rebalance,7996.0294,261,117.29968811770316,108.44
2025-05-13,MU.US,buy,160.1237,80.06,signal,0.0,0,0.0,0.0
2026-01-29,MU.US,sell,438.6789,80.06,target_rebalance,22301.1242,261,113.40756023325798,173.96
2025-05-13,AVGO.US,buy,309.6479,30.14,signal,0.0,0,0.0,0.0
2026-01-30,AVGO.US,sell,330.8887,30.14,target_rebalance,640.1965,262,84.01728273307049,6.86
2025-05-13,LRCX.US,buy,117.4918,29.41,signal,0.0,0,0.0,0.0
2026-01-30,LRCX.US,sell,243.5522,29.41,target_rebalance,3707.4356,262,118.29968811770317,107.29
2025-05-13,MU.US,buy,160.1237,59.54,signal,0.0,0,0.0,0.0
2026-01-30,MU.US,sell,445.7677,59.54,target_rebalance,17007.2402,262,114.40756023325798,178.39
2025-05-13,NVDA.US,buy,164.5086,50.76,signal,0.0,0,0.0,0.0
2026-01-30,NVDA.US,sell,190.7861,50.76,target_rebalance,1333.8443,262,92.69210116390097,15.97
2025-05-13,AMD.US,buy,185.5484,88.9,signal,0.0,0,0.0,0.0
2026-02-02,AMD.US,sell,235.5342,88.9,target_rebalance,4443.7442,265,80.58412785566608,26.94
2025-05-13,AVGO.US,buy,309.6479,31.45,signal,0.0,0,0.0,0.0
2026-02-02,AVGO.US,sell,324.5882,31.45,target_rebalance,469.871,265,85.0172827330705,4.82
2025-05-13,NVDA.US,buy,164.5086,45.54,signal,0.0,0,0.0,0.0
2026-02-02,NVDA.US,sell,186.785,45.54,target_rebalance,1014.4645,265,93.69210116390097,13.54
2025-05-13,TSM.US,buy,237.672,41.22,signal,0.0,0,0.0,0.0
2026-02-02,TSM.US,sell,328.7309,41.22,target_rebalance,3753.4503,265,120.25846153442986,38.31
2025-05-13,AMAT.US,buy,199.8676,17.79,signal,0.0,0,0.0,0.0
2026-02-03,AMAT.US,sell,335.4077,17.79,target_rebalance,2411.2582,266,115.84256708607103,67.81
2025-05-13,AMD.US,buy,185.5484,85.26,signal,0.0,0,0.0,0.0
2026-02-03,AMD.US,sell,251.2985,85.26,target_rebalance,5605.853,266,81.58412785566608,35.44
2025-05-13,LRCX.US,buy,118.9506,19.47,signal,0.0,0,0.0,0.0
2026-02-03,LRCX.US,sell,244.1803,19.47,target_rebalance,2438.2239,266,118.79460096699177,105.28
2025-05-13,MU.US,buy,171.6633,55.63,signal,0.0,0,0.0,0.0
2026-02-03,MU.US,sell,441.4645,55.63,target_rebalance,15009.0402,266,111.12768659768284,157.17
2025-05-13,TSM.US,buy,237.672,3.43,signal,0.0,0,0.0,0.0
2026-02-03,TSM.US,sell,342.9532,3.43,target_rebalance,361.1144,266,121.25846153442984,44.3
2025-05-13,AMAT.US,buy,199.8676,51.08,signal,0.0,0,0.0,0.0
2026-02-04,AMAT.US,sell,322.5166,51.08,target_rebalance,6264.9081,267,116.84256708607101,61.37
2025-05-13,ASML.US,buy,872.8571,17.3,signal,0.0,0,0.0,0.0
2026-02-04,ASML.US,sell,1387.698,17.3,target_rebalance,8906.7473,267,122.29750982599762,58.98
2025-05-13,AVGO.US,buy,309.8297,10.79,signal,0.0,0,0.0,0.0
2026-02-04,AVGO.US,sell,318.019,10.79,target_rebalance,88.3629,267,86.4204490137823,2.64
2025-05-13,NVDA.US,buy,165.4461,92.52,signal,0.0,0,0.0,0.0
2026-02-04,NVDA.US,sell,179.0622,92.52,target_rebalance,1259.7615,267,91.59966147523508,8.23
2025-05-13,TSM.US,buy,237.672,78.76,signal,0.0,0,0.0,0.0
2026-02-04,TSM.US,sell,333.5413,78.76,target_rebalance,7550.6641,267,122.25846153442984,40.34
2025-05-13,ASML.US,buy,872.8571,5.58,signal,0.0,0,0.0,0.0
2026-02-05,ASML.US,sell,1321.4427,5.58,target_rebalance,2503.108,268,123.29750982599764,51.39
2025-05-13,AVGO.US,buy,309.8297,108.4,signal,0.0,0,0.0,0.0
2026-02-05,AVGO.US,sell,312.8731,108.4,target_rebalance,329.9128,268,87.4204490137823,0.98
2025-05-13,NVDA.US,buy,165.4461,150.66,signal,0.0,0,0.0,0.0
2026-02-05,NVDA.US,sell,174.5422,150.66,target_rebalance,1370.4216,268,92.59966147523505,5.5
2025-05-13,TSM.US,buy,237.672,48.32,signal,0.0,0,0.0,0.0
2026-02-05,TSM.US,sell,320.8396,48.32,target_rebalance,4018.6612,268,123.25846153442986,34.99
2025-05-13,AMAT.US,buy,201.4966,12.15,signal,0.0,0,0.0,0.0
2026-02-06,AMAT.US,sell,308.0029,12.15,target_rebalance,1294.0521,269,116.91209198217469,52.86
2025-05-13,ASML.US,buy,872.8571,4.76,signal,0.0,0,0.0,0.0
2026-02-06,ASML.US,sell,1364.443,4.76,target_rebalance,2339.949,269,124.29750982599764,56.32
2025-05-13,LRCX.US,buy,122.8268,121.81,signal,0.0,0,0.0,0.0
2026-02-06,LRCX.US,sell,220.0305,121.81,target_rebalance,11840.3884,269,116.61207404593905,79.14
2025-05-13,TSM.US,buy,237.672,49.97,signal,0.0,0,0.0,0.0
2026-02-06,TSM.US,sell,335.4296,49.97,target_rebalance,4884.9481,269,124.25846153442986,41.13
2025-05-13,AMD.US,buy,188.7612,59.15,signal,0.0,0,0.0,0.0
2026-02-09,AMD.US,sell,206.6931,59.15,target_rebalance,1060.6709,272,74.04971726765459,9.5
2025-05-13,LRCX.US,buy,122.8268,19.13,signal,0.0,0,0.0,0.0
2026-02-09,LRCX.US,sell,228.3464,19.13,target_rebalance,2018.5894,272,117.61207404593905,85.91
2025-05-13,NVDA.US,buy,165.5802,36.86,signal,0.0,0,0.0,0.0
2026-02-09,NVDA.US,sell,183.8515,36.86,target_rebalance,673.4799,272,93.47914241219965,11.03
2025-05-13,TSM.US,buy,237.672,2.21,signal,0.0,0,0.0,0.0
2026-02-09,TSM.US,sell,346.6205,2.21,target_rebalance,240.7763,272,125.25846153442987,45.84
2025-05-13,AMAT.US,buy,201.9456,24.39,signal,0.0,0,0.0,0.0
2026-02-10,AMAT.US,sell,328.3599,24.39,target_rebalance,3083.2444,273,118.45267167339479,62.6
2025-05-13,AMD.US,buy,188.7612,49.63,signal,0.0,0,0.0,0.0
2026-02-10,AMD.US,sell,214.9249,49.63,target_rebalance,1298.5019,273,75.04971726765459,13.86
2025-05-13,AVGO.US,buy,309.8663,53.87,signal,0.0,0,0.0,0.0
2026-02-10,AVGO.US,sell,345.8485,53.87,target_rebalance,1938.3637,273,90.07655601048762,11.61
2025-05-13,NVDA.US,buy,165.5802,50.65,signal,0.0,0,0.0,0.0
2026-02-10,NVDA.US,sell,190.9557,50.65,target_rebalance,1285.2703,273,94.47914241219962,15.33
2025-05-13,TSM.US,buy,237.672,40.62,signal,0.0,0,0.0,0.0
2026-02-10,TSM.US,sell,362.095,40.62,target_rebalance,5054.0622,273,126.25846153442986,52.35
2025-05-13,AMAT.US,buy,201.9456,19.35,signal,0.0,0,0.0,0.0
2026-02-11,AMAT.US,sell,336.3733,19.35,target_rebalance,2601.1752,274,119.45267167339478,66.57
2025-05-13,LRCX.US,buy,125.3021,30.98,signal,0.0,0,0.0,0.0
2026-02-11,LRCX.US,sell,234.8674,30.98,target_rebalance,3394.3334,274,116.84866736777424,87.44
2025-05-13,MU.US,buy,196.1341,71.27,signal,0.0,0,0.0,0.0
2026-02-11,MU.US,sell,394.768,71.27,target_rebalance,14156.6418,274,103.57847543600568,101.27
2025-05-13,MU.US,buy,196.1341,119.94,signal,0.0,0,0.0,0.0
2026-02-12,MU.US,sell,421.5858,119.94,target_rebalance,27040.676,275,104.57847543600566,114.95
2025-05-13,TSM.US,buy,237.672,29.78,signal,0.0,0,0.0,0.0
2026-02-12,TSM.US,sell,376.675,29.78,target_rebalance,4139.5094,275,128.25846153442987,58.49
2025-05-13,AMAT.US,buy,202.269,214.22,signal,0.0,0,0.0,0.0
2026-02-13,AMAT.US,sell,363.2904,214.22,target_rebalance,34493.9973,276,121.1685035836284,79.61
2025-05-13,ASML.US,buy,893.5025,0.09,signal,0.0,0,0.0,0.0
2026-02-13,ASML.US,sell,1408.533,0.09,target_rebalance,46.3528,276,124.61357603562959,57.64
2025-05-13,LRCX.US,buy,125.8401,51.38,signal,0.0,0,0.0,0.0
2026-02-13,LRCX.US,sell,235.4956,51.38,target_rebalance,5634.099,276,118.2765467827306,87.14
2025-05-13,AMD.US,buy,189.9314,45.28,signal,0.0,0,0.0,0.0
2026-02-17,AMD.US,sell,201.9478,45.28,target_rebalance,544.1045,280,74.41553517031313,6.33
2025-05-13,ASML.US,buy,893.5025,3.7,signal,0.0,0,0.0,0.0
2026-02-17,ASML.US,sell,1386.3524,3.7,target_rebalance,1823.5447,280,125.6135760356296,55.16
2025-05-13,LRCX.US,buy,125.8401,6.12,signal,0.0,0,0.0,0.0
2026-02-17,LRCX.US,sell,230.7793,6.12,target_rebalance,642.2279,280,119.27654678273062,83.39
2025-05-13,MU.US,buy,200.8522,20.03,signal,0.0,0,0.0,0.0
2026-02-17,MU.US,sell,400.3193,20.03,target_rebalance,3995.3251,280,104.19766385827646,99.31
2025-05-13,AMAT.US,buy,204.4829,27.07,signal,0.0,0,0.0,0.0
2026-02-18,AMAT.US,sell,359.9855,27.07,target_rebalance,4209.4549,281,121.33897086047045,76.05
2025-05-13,ASML.US,buy,893.5025,8.78,signal,0.0,0,0.0,0.0
2026-02-18,ASML.US,sell,1430.0563,8.78,target_rebalance,4710.9431,281,126.61357603562959,60.05
2025-05-13,AVGO.US,buy,311.576,30.99,signal,0.0,0,0.0,0.0
2026-02-18,AVGO.US,sell,327.9823,30.99,target_rebalance,508.4294,281,88.8310212590515,5.27
2025-05-13,LRCX.US,buy,125.8401,16.31,signal,0.0,0,0.0,0.0
2026-02-18,LRCX.US,sell,235.695,16.31,target_rebalance,1791.7339,281,120.27654678273062,87.3
2025-05-13,NVDA.US,buy,166.4296,88.89,signal,0.0,0,0.0,0.0
2026-02-18,NVDA.US,sell,188.3315,88.89,target_rebalance,1946.8611,281,95.84233613012455,13.16
2025-05-13,AMD.US,buy,190.2158,9.99,signal,0.0,0,0.0,0.0
2026-02-19,AMD.US,sell,199.9099,9.99,target_rebalance,96.8441,282,73.94387547451718,5.1
2025-05-13,AVGO.US,buy,311.576,16.58,signal,0.0,0,0.0,0.0
2026-02-19,AVGO.US,sell,331.456,16.58,target_rebalance,329.6103,282,89.8310212590515,6.38
2025-05-13,MU.US,buy,204.4519,71.97,signal,0.0,0,0.0,0.0
2026-02-19,MU.US,sell,415.1559,71.97,target_rebalance,15164.3665,282,104.293018777601,103.06
2025-05-13,AMAT.US,buy,204.4829,15.3,signal,0.0,0,0.0,0.0
2026-02-20,AMAT.US,sell,365.059,15.3,target_rebalance,2456.8153,283,123.33897086047045,78.53
2025-05-13,ASML.US,buy,893.7439,1.09,signal,0.0,0,0.0,0.0
2026-02-20,ASML.US,sell,1442.9487,1.09,target_rebalance,598.6332,283,128.55671756349372,61.45
2025-05-13,LRCX.US,buy,127.1349,34.73,signal,0.0,0,0.0,0.0
2026-02-20,LRCX.US,sell,236.8616,34.73,target_rebalance,3810.8068,283,120.82274885680019,86.31
2025-05-13,AMAT.US,buy,204.4829,5.19,signal,0.0,0,0.0,0.0
2026-02-23,AMAT.US,sell,371.1688,5.19,target_rebalance,865.0998,286,124.33897086047045,81.52
2025-05-13,ASML.US,buy,893.7439,0.38,signal,0.0,0,0.0,0.0
2026-02-23,ASML.US,sell,1464.8305,0.38,target_rebalance,217.0129,286,129.55671756349372,63.9
2025-05-13,LRCX.US,buy,127.1349,65.31,signal,0.0,0,0.0,0.0
2026-02-23,LRCX.US,sell,244.639,65.31,target_rebalance,7674.19,286,121.82274885680019,92.42
2025-05-13,MU.US,buy,205.0611,1.27,signal,0.0,0,0.0,0.0
2026-02-23,MU.US,sell,421.6457,1.27,target_rebalance,275.0624,286,105.98887602393559,105.62
2025-05-13,NVDA.US,buy,166.7785,42.55,signal,0.0,0,0.0,0.0
2026-02-23,NVDA.US,sell,190.9757,42.55,target_rebalance,1029.59,286,97.18173126413843,14.51
2025-05-13,TSM.US,buy,242.0424,8.45,signal,0.0,0,0.0,0.0
2026-02-23,TSM.US,sell,364.7586,8.45,target_rebalance,1036.9519,286,129.61221417275237,50.7
2025-05-13,AMD.US,buy,190.4252,218.97,signal,0.0,0,0.0,0.0
2026-02-24,AMD.US,sell,211.4184,218.97,target_rebalance,4596.8796,287,74.99989233252022,11.02
2025-05-13,ASML.US,buy,893.7439,3.27,signal,0.0,0,0.0,0.0
2026-02-24,ASML.US,sell,1493.3228,3.27,target_rebalance,1960.6229,287,130.55671756349372,67.09
2025-05-13,MU.US,buy,205.0611,5.01,signal,0.0,0,0.0,0.0
2026-02-24,MU.US,sell,428.5448,5.01,target_rebalance,1119.6534,287,106.98887602393559,108.98
2025-05-13,TSM.US,buy,242.0424,46.54,signal,0.0,0,0.0,0.0
2026-02-24,TSM.US,sell,377.0725,46.54,target_rebalance,6284.3042,287,130.61221417275237,55.79
2025-05-13,AMAT.US,buy,204.595,6.47,signal,0.0,0,0.0,0.0
2026-02-25,AMAT.US,sell,383.7271,6.47,target_rebalance,1158.9846,288,126.2570674652087,87.55
2025-05-13,AVGO.US,buy,312.3459,15.95,signal,0.0,0,0.0,0.0
2026-02-25,AVGO.US,sell,329.1966,15.95,target_rebalance,268.768,288,88.30641048138152,5.39
2025-05-13,LRCX.US,buy,129.3903,24.78,signal,0.0,0,0.0,0.0
2026-02-25,LRCX.US,sell,249.1659,24.78,target_rebalance,2968.0394,288,121.43675893958171,92.57
2025-05-13,TSM.US,buy,242.0424,25.39,signal,0.0,0,0.0,0.0
2026-02-25,TSM.US,sell,387.8162,25.39,target_rebalance,3701.1977,288,131.6122141727524,60.23
2025-05-13,AMAT.US,buy,204.595,58.72,signal,0.0,0,0.0,0.0
2026-02-26,AMAT.US,sell,390.5046,58.72,target_rebalance,10916.6122,289,127.2570674652087,90.87
2025-05-13,MU.US,buy,209.8254,3.35,signal,0.0,0,0.0,0.0
2026-02-26,MU.US,sell,424.1717,3.35,target_rebalance,718.06,289,106.66736433710147,102.15
2025-05-13,NVDA.US,buy,167.1131,21.28,signal,0.0,0,0.0,0.0
2026-02-26,NVDA.US,sell,193.8393,21.28,target_rebalance,568.7344,289,98.87203624908913,15.99
2025-05-13,AMD.US,buy,190.8206,40.8,signal,0.0,0,0.0,0.0
2026-02-27,AMD.US,sell,199.9099,40.8,target_rebalance,370.8444,290,76.37211633199806,4.76
2025-05-13,AVGO.US,buy,312.3915,6.55,signal,0.0,0,0.0,0.0
2026-02-27,AVGO.US,sell,309.2501,6.55,target_rebalance,-20.5761,290,89.99982637628094,-1.01
2025-05-13,TSM.US,buy,242.1729,22.38,signal,0.0,0,0.0,0.0
2026-02-27,TSM.US,sell,367.8694,22.38,target_rebalance,2813.0858,290,133.4907321834343,51.9
2025-05-13,AMAT.US,buy,206.5657,31.07,signal,0.0,0,0.0,0.0
2026-03-02,AMAT.US,sell,365.368,31.07,target_rebalance,4933.9878,293,127.68585128473552,76.88
2025-05-13,ASML.US,buy,894.6014,1.63,signal,0.0,0,0.0,0.0
2026-03-02,ASML.US,sell,1411.42,1.63,target_rebalance,842.4144,293,134.35601241372825,57.77
2025-05-13,AVGO.US,buy,312.3915,25.54,signal,0.0,0,0.0,0.0
2026-03-02,AVGO.US,sell,307.9163,25.54,target_rebalance,-114.2962,293,90.99982637628092,-1.43
2025-05-13,MU.US,buy,209.8254,23.25,signal,0.0,0,0.0,0.0
2026-03-02,MU.US,sell,400.8385,23.25,target_rebalance,4441.0528,293,108.66736433710149,91.03
2025-05-13,TSM.US,buy,242.1729,1.3,signal,0.0,0,0.0,0.0
2026-03-02,TSM.US,sell,363.1187,1.3,target_rebalance,157.2294,293,134.49073218343426,49.94
2025-05-13,AMD.US,buy,190.8724,30.16,signal,0.0,0,0.0,0.0
2026-03-03,AMD.US,sell,191.2685,30.16,target_rebalance,11.9463,294,77.12671022695814,0.21
2025-05-13,AVGO.US,buy,312.3915,89.44,signal,0.0,0,0.0,0.0
2026-03-03,AVGO.US,sell,311.5394,89.44,target_rebalance,-76.2138,294,91.99982637628092,-0.27
2025-05-13,NVDA.US,buy,167.4639,185.4,signal,0.0,0,0.0,0.0
2026-03-03,NVDA.US,sell,178.0943,185.4,target_rebalance,1970.8754,294,98.4261319754643,6.35
2025-05-13,AMAT.US,buy,209.468,20.38,signal,0.0,0,0.0,0.0
2026-03-04,AMAT.US,sell,358.0324,20.38,target_rebalance,3027.7424,295,127.08996925291481,70.92
2025-05-13,ASML.US,buy,903.7161,5.87,signal,0.0,0,0.0,0.0
2026-03-04,ASML.US,sell,1384.9189,5.87,target_rebalance,2824.6603,295,133.67177994192113,53.25
2025-05-13,MU.US,buy,212.3788,7.26,signal,0.0,0,0.0,0.0
2026-03-04,MU.US,sell,393.0208,7.26,target_rebalance,1311.4609,295,109.08435301890968,85.06
2025-05-13,TSM.US,buy,244.3639,17.82,signal,0.0,0,0.0,0.0
2026-03-04,TSM.US,sell,355.2373,17.82,target_rebalance,1975.7638,295,133.6882832437806,45.37
2025-05-13,AMD.US,buy,190.883,95.34,signal,0.0,0,0.0,0.0
2026-03-05,AMD.US,sell,197.5722,95.34,target_rebalance,637.7527,296,78.55478232451614,3.5
2025-05-13,AVGO.US,buy,312.3971,99.48,signal,0.0,0,0.0,0.0
2026-03-05,AVGO.US,sell,328.6392,99.48,target_rebalance,1615.7677,296,93.78973640705739,5.2
2025-05-13,MU.US,buy,212.3788,16.18,signal,0.0,0,0.0,0.0
2026-03-05,MU.US,sell,397.973,16.18,target_rebalance,3002.9145,296,110.0843530189097,87.39
2025-05-13,AMD.US,buy,190.883,99.55,signal,0.0,0,0.0,0.0
2026-03-06,AMD.US,sell,195.0747,99.55,target_rebalance,417.2883,297,79.55478232451614,2.2
2025-05-13,AVGO.US,buy,312.3971,77.24,signal,0.0,0,0.0,0.0
2026-03-06,AVGO.US,sell,326.7481,77.24,target_rebalance,1108.4733,297,94.78973640705739,4.59
2025-05-13,NVDA.US,buy,167.475,123.83,signal,0.0,0,0.0,0.0
2026-03-06,NVDA.US,sell,179.4413,123.83,target_rebalance,1481.7905,297,101.34471568561953,7.15
2025-05-13,TSM.US,buy,245.4525,3.91,signal,0.0,0,0.0,0.0
2026-03-06,TSM.US,sell,341.3928,3.91,target_rebalance,375.1265,297,134.34396504354865,39.09
2025-05-13,ASML.US,buy,919.4216,10.13,signal,0.0,0,0.0,0.0
2026-03-09,ASML.US,sell,1279.0537,10.13,target_rebalance,3643.0734,300,131.47427663749292,39.12
2025-05-13,AVGO.US,buy,312.3971,54.39,signal,0.0,0,0.0,0.0
2026-03-09,AVGO.US,sell,325.7229,54.39,target_rebalance,724.7912,300,95.7897364070574,4.27
2025-05-13,NVDA.US,buy,167.475,37.64,signal,0.0,0,0.0,0.0
2026-03-09,NVDA.US,sell,176.438,37.64,target_rebalance,337.3674,300,102.34471568561955,5.35
2025-05-13,TSM.US,buy,245.4525,4.62,signal,0.0,0,0.0,0.0
2026-03-09,TSM.US,sell,333.5413,4.62,target_rebalance,406.97,300,135.34396504354868,35.89
2025-05-13,AMD.US,buy,190.8783,21.48,signal,0.0,0,0.0,0.0
2026-03-10,AMD.US,sell,202.3075,21.48,target_rebalance,245.4991,301,81.27099926499754,5.99
2025-05-13,ASML.US,buy,919.4216,4.67,signal,0.0,0,0.0,0.0
2026-03-10,ASML.US,sell,1368.4527,4.67,target_rebalance,2096.9754,301,132.47427663749292,48.84
2025-05-13,AVGO.US,buy,312.3971,8.69,signal,0.0,0,0.0,0.0
2026-03-10,AVGO.US,sell,347.1026,8.69,target_rebalance,301.5915,301,96.78973640705739,11.11
2025-05-13,LRCX.US,buy,137.5713,68.06,signal,0.0,0,0.0,0.0
2026-03-10,LRCX.US,sell,210.6406,68.06,target_rebalance,4973.1011,301,117.7481037994871,53.11
2025-05-13,MU.US,buy,216.6278,37.47,signal,0.0,0,0.0,0.0
2026-03-10,MU.US,sell,393.3902,37.47,target_rebalance,6623.2861,301,110.0613201187929,81.6
2025-05-13,AMAT.US,buy,216.6048,17.29,signal,0.0,0,0.0,0.0
2026-03-11,AMAT.US,sell,346.8495,17.29,target_rebalance,2251.93,302,124.97336311550413,60.13
2025-05-13,LRCX.US,buy,137.5713,6.02,signal,0.0,0,0.0,0.0
2026-03-11,LRCX.US,sell,214.0847,6.02,target_rebalance,460.6112,302,118.74810379948707,55.62
2025-05-13,MU.US,buy,216.6278,56.99,signal,0.0,0,0.0,0.0
2026-03-11,MU.US,sell,410.1238,56.99,target_rebalance,11027.3361,302,111.0613201187929,89.32
2025-05-13,NVDA.US,buy,167.8713,11.08,signal,0.0,0,0.0,0.0
2026-03-11,NVDA.US,sell,185.5079,11.08,target_rebalance,195.4132,302,101.59295381237082,10.51
2025-05-13,LRCX.US,buy,137.5713,26.44,signal,0.0,0,0.0,0.0
2026-03-12,LRCX.US,sell,213.3061,26.44,target_rebalance,2002.4287,303,119.74810379948708,55.05
2025-05-13,MU.US,buy,216.6278,17.46,signal,0.0,0,0.0,0.0
2026-03-12,MU.US,sell,409.355,17.46,target_rebalance,3365.0166,303,112.06132011879292,88.97
2025-05-13,NVDA.US,buy,167.8713,1.05,signal,0.0,0,0.0,0.0
2026-03-12,NVDA.US,sell,183.6519,1.05,target_rebalance,16.5696,303,102.59295381237082,9.4
2025-05-13,ASML.US,buy,922.1442,0.06,signal,0.0,0,0.0,0.0
2026-03-13,ASML.US,sell,1361.4342,0.06,target_rebalance,26.3574,304,134.68620802452415,47.64
2025-05-13,AVGO.US,buy,313.3693,3.95,signal,0.0,0,0.0,0.0
2026-03-13,AVGO.US,sell,336.1042,3.95,target_rebalance,89.8028,304,96.47405147703759,7.25
2025-05-13,MU.US,buy,216.6278,26.43,signal,0.0,0,0.0,0.0
2026-03-13,MU.US,sell,413.0992,26.43,target_rebalance,5192.7373,304,113.06132011879292,90.7
2025-05-13,NVDA.US,buy,167.8713,38.88,signal,0.0,0,0.0,0.0
2026-03-13,NVDA.US,sell,184.52,38.88,target_rebalance,647.3016,304,103.59295381237084,9.92
2025-05-13,AMAT.US,buy,216.6048,14.16,signal,0.0,0,0.0,0.0
2026-03-16,AMAT.US,sell,346.5505,14.16,target_rebalance,1840.0305,307,127.97336311550414,59.99
2025-05-13,ASML.US,buy,922.1442,0.81,signal,0.0,0,0.0,0.0
2026-03-16,ASML.US,sell,1373.3607,0.81,target_rebalance,365.4854,307,135.68620802452412,48.93
2025-05-13,LRCX.US,buy,137.6082,65.66,signal,0.0,0,0.0,0.0
2026-03-16,LRCX.US,sell,217.5788,65.66,target_rebalance,5250.8696,307,121.68853364080023,58.11
2025-05-13,MU.US,buy,216.6278,134.29,signal,0.0,0,0.0,0.0
2026-03-16,MU.US,sell,445.4582,134.29,target_rebalance,30729.6264,307,114.0613201187929,105.63
2025-05-13,AMD.US,buy,191.1296,4.46,signal,0.0,0,0.0,0.0
2026-03-17,AMD.US,sell,196.4833,4.46,target_rebalance,23.8775,308,82.62213998422529,2.8
2025-05-13,LRCX.US,buy,137.6082,23.8,signal,0.0,0,0.0,0.0
2026-03-17,LRCX.US,sell,220.1544,23.8,target_rebalance,1964.5998,308,122.68853364080023,59.99
2025-05-13,MU.US,buy,216.6278,16.23,signal,0.0,0,0.0,0.0
2026-03-17,MU.US,sell,451.8281,16.23,target_rebalance,3817.3005,308,115.06132011879292,108.57
2025-05-13,NVDA.US,buy,168.1107,17.17,signal,0.0,0,0.0,0.0
2026-03-17,NVDA.US,sell,184.6597,17.17,target_rebalance,284.1464,308,103.93124056510594,9.84
2025-05-13,AMAT.US,buy,217.6386,30.89,signal,0.0,0,0.0,0.0
2026-03-18,AMAT.US,sell,352.2217,30.89,target_rebalance,4157.2692,309,128.94071253918904,61.84
2025-05-13,LRCX.US,buy,137.6082,83.46,signal,0.0,0,0.0,0.0
2026-03-18,LRCX.US,sell,226.3538,83.46,target_rebalance,7406.7108,309,123.68853364080024,64.49
2025-05-13,MU.US,buy,216.6278,38.59,signal,0.0,0,0.0,0.0
2026-03-18,MU.US,sell,464.0289,38.59,target_rebalance,9547.2075,309,116.0613201187929,114.21
2025-05-13,TSM.US,buy,250.6278,17.66,signal,0.0,0,0.0,0.0
2026-03-18,TSM.US,sell,344.6272,17.66,target_rebalance,1660.0279,309,135.04439912631744,37.51
2025-05-13,AMAT.US,buy,217.6386,4.6,signal,0.0,0,0.0,0.0
2026-03-19,AMAT.US,sell,339.6134,4.6,target_rebalance,561.084,310,129.94071253918904,56.04
2025-05-13,AMD.US,buy,191.1675,135.43,signal,0.0,0,0.0,0.0
2026-03-19,AMD.US,sell,194.835,135.43,target_rebalance,496.6837,310,83.99670204283672,1.92
2025-05-13,AVGO.US,buy,314.0348,29.93,signal,0.0,0,0.0,0.0
2026-03-19,AVGO.US,sell,311.0119,29.93,target_rebalance,-90.4767,310,93.87438187451089,-0.96
2025-05-13,NVDA.US,buy,168.3677,54.09,signal,0.0,0,0.0,0.0
2026-03-19,NVDA.US,sell,177.625,54.09,target_rebalance,500.7255,310,104.05069175277902,5.5
2025-05-13,AMAT.US,buy,217.6386,42.08,signal,0.0,0,0.0,0.0
2026-03-20,AMAT.US,sell,358.5805,42.08,target_rebalance,5930.8336,311,130.940712539189,64.76
2025-05-13,AMD.US,buy,191.1675,52.3,signal,0.0,0,0.0,0.0
2026-03-20,AMD.US,sell,204.6851,52.3,target_rebalance,706.9704,311,84.99670204283673,7.07
2025-05-13,LRCX.US,buy,137.6082,128.09,signal,0.0,0,0.0,0.0
2026-03-20,LRCX.US,sell,233.9209,128.09,target_rebalance,12336.698,311,125.68853364080023,69.99
2025-05-13,MU.US,buy,226.6318,9.11,signal,0.0,0,0.0,0.0
2026-03-20,MU.US,sell,443.2217,9.11,target_rebalance,1973.1339,311,112.44525783332553,95.57
2025-05-13,AMAT.US,buy,217.6386,67.1,signal,0.0,0,0.0,0.0
2026-03-23,AMAT.US,sell,366.6039,67.1,target_rebalance,9995.5711,314,131.94071253918904,68.45
2025-05-13,AMD.US,buy,191.1675,56.81,signal,0.0,0,0.0,0.0
2026-03-23,AMD.US,sell,206.1936,56.81,target_rebalance,853.6317,314,85.99670204283673,7.86
2025-05-13,ASML.US,buy,932.6377,3.86,signal,0.0,0,0.0,0.0
2026-03-23,ASML.US,sell,1353.659,3.86,target_rebalance,1625.1425,314,137.33030136873776,45.14
2025-05-13,NVDA.US,buy,168.6979,0.58,signal,0.0,0,0.0,0.0
2026-03-23,NVDA.US,sell,176.8766,0.58,target_rebalance,4.7436,314,102.43853691281555,4.85
2025-05-13,ASML.US,buy,932.6377,3.83,signal,0.0,0,0.0,0.0
2026-03-24,ASML.US,sell,1343.0965,3.83,target_rebalance,1572.0573,315,138.33030136873776,44.01
2025-05-13,AVGO.US,buy,314.0907,53.1,signal,0.0,0,0.0,0.0
2026-03-24,AVGO.US,sell,319.1748,53.1,target_rebalance,269.9673,315,95.86016914281765,1.62
2025-05-13,LRCX.US,buy,138.4056,40.24,signal,0.0,0,0.0,0.0
2026-03-24,LRCX.US,sell,229.768,40.24,target_rebalance,3676.4214,315,126.6004427438286,66.01
2025-05-13,NVDA.US,buy,168.6979,0.58,signal,0.0,0,0.0,0.0
2026-03-24,NVDA.US,sell,174.4518,0.58,target_rebalance,3.3373,315,103.43853691281555,3.41
2025-05-13,TSM.US,buy,253.3428,64.57,signal,0.0,0,0.0,0.0
2026-03-24,TSM.US,sell,334.4512,64.57,target_rebalance,5237.1713,315,134.5022773021378,32.02
2025-05-13,AMAT.US,buy,219.1277,34.08,signal,0.0,0,0.0,0.0
2026-03-25,AMAT.US,sell,369.7734,34.08,target_rebalance,5134.006,316,132.52729100510447,68.75
2025-05-13,AMD.US,buy,191.2573,116.89,signal,0.0,0,0.0,0.0
2026-03-25,AMD.US,sell,211.2985,116.89,target_rebalance,2342.616,316,87.24747406883111,10.48
2025-05-13,ASML.US,buy,932.6377,8.81,signal,0.0,0,0.0,0.0
2026-03-25,ASML.US,sell,1387.8657,8.81,target_rebalance,4010.5588,316,139.33030136873776,48.81
2025-05-13,LRCX.US,buy,138.4056,25.76,signal,0.0,0,0.0,0.0
2026-03-25,LRCX.US,sell,235.7478,25.76,target_rebalance,2507.5335,316,127.60044274382861,70.33
2025-05-13,TSM.US,buy,253.3428,29.96,signal,0.0,0,0.0,0.0
2026-03-25,TSM.US,sell,344.8464,29.96,target_rebalance,2741.4498,316,135.5022773021378,36.12
2025-05-13,AMD.US,buy,191.2573,197.75,signal,0.0,0,0.0,0.0
2026-03-26,AMD.US,sell,217.762,197.75,target_rebalance,5241.3108,317,88.24747406883111,13.86
2025-05-13,NVDA.US,buy,168.7291,57.71,signal,0.0,0,0.0,0.0
2026-03-26,NVDA.US,sell,175.6892,57.71,target_rebalance,401.6665,317,105.04930274009367,4.13
2025-05-13,TSM.US,buy,253.3428,4.46,signal,0.0,0,0.0,0.0
2026-03-26,TSM.US,sell,338.687,4.46,target_rebalance,380.6354,317,136.5022773021378,33.69
2025-05-13,ASML.US,buy,934.8597,9.18,signal,0.0,0,0.0,0.0
2026-03-27,ASML.US,sell,1312.5435,9.18,target_rebalance,3467.1377,318,140.5893309917364,40.4
2025-05-13,AVGO.US,buy,314.1594,56.09,signal,0.0,0,0.0,0.0
2026-03-27,AVGO.US,sell,306.2682,56.09,target_rebalance,-442.6173,318,97.34609753591764,-2.51
2025-05-13,MU.US,buy,251.3936,35.44,signal,0.0,0,0.0,0.0
2026-03-27,MU.US,sell,359.2939,35.44,target_rebalance,3823.9888,318,100.58874978554796,42.92
2025-05-13,NVDA.US,buy,168.7291,49.93,signal,0.0,0,0.0,0.0
2026-03-27,NVDA.US,sell,169.6323,49.93,target_rebalance,45.0965,318,106.04930274009365,0.54
2025-05-13,TSM.US,buy,253.3428,1.14,signal,0.0,0,0.0,0.0
2026-03-27,TSM.US,sell,323.747,1.14,target_rebalance,80.2608,318,137.50227730213777,27.79
2025-05-13,AMAT.US,buy,222.5167,26.05,signal,0.0,0,0.0,0.0
2026-03-30,AMAT.US,sell,342.8627,26.05,target_rebalance,3135.0128,321,131.97442149275008,54.08
2025-05-13,AMD.US,buy,191.5709,31.46,signal,0.0,0,0.0,0.0
2026-03-30,AMD.US,sell,204.745,31.46,target_rebalance,414.46,321,87.63552363521302,6.88
2025-05-13,LRCX.US,buy,142.3479,58.37,signal,0.0,0,0.0,0.0
2026-03-30,LRCX.US,sell,214.1946,58.37,target_rebalance,4193.6886,321,124.11248807321617,50.47
2025-05-13,MU.US,buy,251.3936,5.53,signal,0.0,0,0.0,0.0
2026-03-30,MU.US,sell,362.2416,5.53,target_rebalance,612.9897,321,101.58874978554798,44.09
2025-05-13,TSM.US,buy,253.3428,3.9,signal,0.0,0,0.0,0.0
2026-03-30,TSM.US,sell,326.1091,3.9,target_rebalance,283.7887,321,138.50227730213777,28.72
2025-05-13,AMD.US,buy,191.5709,7.89,signal,0.0,0,0.0,0.0
2026-03-31,AMD.US,sell,197.852,7.89,target_rebalance,49.5578,322,88.63552363521302,3.28
2025-05-13,ASML.US,buy,936.1675,4.76,signal,0.0,0,0.0,0.0
2026-03-31,ASML.US,sell,1278.5956,4.76,target_rebalance,1629.9578,322,142.1028568687758,36.58
2025-05-13,AVGO.US,buy,313.8393,77.62,signal,0.0,0,0.0,0.0
2026-03-31,AVGO.US,sell,298.618,77.62,target_rebalance,-1181.4745,322,97.00780076119068,-4.85
2025-05-13,NVDA.US,buy,168.7293,111.04,signal,0.0,0,0.0,0.0
2026-03-31,NVDA.US,sell,166.6089,111.04,target_rebalance,-235.4589,322,106.88878579724141,-1.26
2025-05-13,TSM.US,buy,253.3428,51.94,signal,0.0,0,0.0,0.0
2026-03-31,TSM.US,sell,321.2354,51.94,target_rebalance,3526.3435,322,139.50227730213777,26.8
2025-05-13,MU.US,buy,256.9277,61.58,signal,0.0,0,0.0,0.0
2026-04-01,MU.US,sell,348.5075,61.58,target_rebalance,5639.4843,323,95.54127667142794,35.64
2025-05-13,TSM.US,buy,253.3428,27.32,signal,0.0,0,0.0,0.0
2026-04-01,TSM.US,sell,342.7534,27.32,target_rebalance,2442.699,323,140.5022773021378,35.29
2025-05-13,AMAT.US,buy,223.806,10.14,signal,0.0,0,0.0,0.0
2026-04-02,AMAT.US,sell,336.8825,10.14,target_rebalance,1146.5962,324,133.4467671114378,50.52
2025-05-13,AMD.US,buy,191.6432,33.1,signal,0.0,0,0.0,0.0
2026-04-02,AMD.US,sell,203.846,33.1,target_rebalance,403.9118,324,90.23601452098619,6.37
2025-05-13,MU.US,buy,256.9277,13.33,signal,0.0,0,0.0,0.0
2026-04-02,MU.US,sell,340.9462,13.33,target_rebalance,1119.967,324,96.54127667142795,32.7
2025-05-13,NVDA.US,buy,168.7293,22.47,signal,0.0,0,0.0,0.0
2026-04-02,NVDA.US,sell,171.8076,22.47,target_rebalance,69.1677,324,108.88878579724141,1.82
2025-05-13,AMD.US,buy,191.6432,104.03,signal,0.0,0,0.0,0.0
2026-04-06,AMD.US,sell,219.0607,104.03,target_rebalance,2852.2464,328,91.23601452098619,14.31
2025-05-13,LRCX.US,buy,143.3677,21.17,signal,0.0,0,0.0,0.0
2026-04-06,LRCX.US,sell,219.7551,21.17,target_rebalance,1617.1203,328,126.27347665725017,53.28
2025-05-13,MU.US,buy,256.9277,104.85,signal,0.0,0,0.0,0.0
2026-04-06,MU.US,sell,373.3687,104.85,target_rebalance,12208.8464,328,97.54127667142794,45.32
2025-05-13,AVGO.US,buy,313.8361,93.38,signal,0.0,0,0.0,0.0
2026-04-07,AVGO.US,sell,325.8875,93.38,target_rebalance,1125.3615,329,99.23679943610439,3.84
2025-05-13,MU.US,buy,256.9277,5.13,signal,0.0,0,0.0,0.0
2026-04-07,MU.US,sell,373.6984,5.13,target_rebalance,599.0337,329,98.54127667142792,45.45
2025-05-13,AMAT.US,buy,225.3114,1.1,signal,0.0,0,0.0,0.0
2026-04-08,AMAT.US,sell,377.6374,1.1,target_rebalance,167.5586,330,134.82261510630926,67.61
2025-05-13,ASML.US,buy,958.743,7.89,signal,0.0,0,0.0,0.0
2026-04-08,ASML.US,sell,1414.6555,7.89,target_rebalance,3597.1494,330,138.25758890036406,47.55
2025-05-13,LRCX.US,buy,143.7573,84.32,signal,0.0,0,0.0,0.0
2026-04-08,LRCX.US,sell,242.3365,84.32,target_rebalance,8312.2047,330,127.61186733143528,68.57
2025-05-13,MU.US,buy,256.9277,48.28,signal,0.0,0,0.0,0.0
2026-04-08,MU.US,sell,414.6511,48.28,target_rebalance,7614.8862,330,99.54127667142794,61.39
2025-05-13,TSM.US,buy,255.4167,8.21,signal,0.0,0,0.0,0.0
2026-04-08,TSM.US,sell,369.0554,8.21,target_rebalance,932.9741,330,140.6376632266704,44.49
2025-05-13,AMAT.US,buy,225.3114,43.33,signal,0.0,0,0.0,0.0
2026-04-09,AMAT.US,sell,383.9763,43.33,target_rebalance,6874.9509,331,135.82261510630926,70.42
2025-05-13,AMD.US,buy,192.5054,13.2,signal,0.0,0,0.0,0.0
2026-04-09,AMD.US,sell,232.777,13.2,target_rebalance,531.5847,331,92.22354016631533,20.92
2025-05-13,AVGO.US,buy,314.0754,2.89,signal,0.0,0,0.0,0.0
2026-04-09,AVGO.US,sell,351.3915,2.89,target_rebalance,107.8437,331,100.60067015110825,11.88
2025-05-13,LRCX.US,buy,143.7573,89.79,signal,0.0,0,0.0,0.0
2026-04-09,LRCX.US,sell,247.907,89.79,target_rebalance,9351.6071,331,128.6118673314353,72.45
2025-05-13,AMAT.US,buy,225.3114,22.0,signal,0.0,0,0.0,0.0
2026-04-10,AMAT.US,sell,401.1693,22.0,target_rebalance,3868.8736,332,136.82261510630929,78.05
2025-05-13,ASML.US,buy,959.961,7.73,signal,0.0,0,0.0,0.0
2026-04-10,ASML.US,sell,1475.7316,7.73,target_rebalance,3986.9068,332,139.88059632998315,53.73
2025-05-13,LRCX.US,buy,143.7573,85.5,signal,0.0,0,0.0,0.0
2026-04-10,LRCX.US,sell,262.7417,85.5,target_rebalance,10173.1707,332,129.6118673314353,82.77
2025-05-13,AMD.US,buy,192.8335,83.12,signal,0.0,0,0.0,0.0
2026-04-13,AMD.US,sell,244.785,83.12,target_rebalance,4318.2047,335,93.56904760706752,26.94
2025-05-13,AVGO.US,buy,314.4561,52.46,signal,0.0,0,0.0,0.0
2026-04-13,AVGO.US,sell,368.7068,52.46,target_rebalance,2845.9903,335,101.77152595598645,17.25
2025-05-13,NVDA.US,buy,169.8735,29.51,signal,0.0,0,0.0,0.0
2026-04-13,NVDA.US,sell,185.6276,29.51,target_rebalance,464.9044,335,105.37784184180049,9.27
2025-05-13,ASML.US,buy,965.5148,8.14,signal,0.0,0,0.0,0.0
2026-04-14,ASML.US,sell,1519.575,8.14,target_rebalance,4510.0501,336,140.32066821700397,57.38
2025-05-13,LRCX.US,buy,143.7573,16.9,signal,0.0,0,0.0,0.0
2026-04-14,LRCX.US,sell,271.3969,16.9,target_rebalance,2157.1103,336,131.6118673314353,88.79
2025-05-13,MU.US,buy,261.402,30.95,signal,0.0,0,0.0,0.0
2026-04-14,MU.US,sell,433.8489,30.95,target_rebalance,5337.234,336,100.63171572407096,65.97
2025-05-13,AMD.US,buy,193.1162,41.29,signal,0.0,0,0.0,0.0
2026-04-15,AMD.US,sell,254.705,41.29,target_rebalance,2543.003,337,95.1017151250958,31.89
2025-05-13,AVGO.US,buy,314.5917,54.25,signal,0.0,0,0.0,0.0
2026-04-15,AVGO.US,sell,388.8747,54.25,target_rebalance,4029.8498,337,103.55113923384185,23.61
2025-05-13,MU.US,buy,261.402,96.65,signal,0.0,0,0.0,0.0
2026-04-15,MU.US,sell,457.1021,96.65,target_rebalance,18914.4154,337,101.63171572407096,74.87
2025-05-13,NVDA.US,buy,169.8735,105.32,signal,0.0,0,0.0,0.0
2026-04-15,NVDA.US,sell,196.1149,105.32,target_rebalance,2763.7439,337,107.37784184180049,15.45
2025-05-13,AMD.US,buy,193.1162,150.62,signal,0.0,0,0.0,0.0
2026-04-16,AMD.US,sell,264.725,150.62,target_rebalance,10785.7156,338,96.10171512509578,37.08
2025-05-13,AVGO.US,buy,314.5917,36.63,signal,0.0,0,0.0,0.0
2026-04-16,AVGO.US,sell,393.9815,36.63,target_rebalance,2908.0468,338,104.55113923384185,25.24
2025-05-13,NVDA.US,buy,169.8735,30.85,signal,0.0,0,0.0,0.0
2026-04-16,NVDA.US,sell,197.003,30.85,target_rebalance,836.9439,338,108.3778418418005,15.97
2025-05-13,AMD.US,buy,193.1162,132.85,signal,0.0,0,0.0,0.0
2026-04-17,AMD.US,sell,280.719,132.85,target_rebalance,11638.0303,339,97.10171512509578,45.36
2025-05-13,MU.US,buy,262.6509,13.86,signal,0.0,0,0.0,0.0
2026-04-17,MU.US,sell,466.3114,13.86,target_rebalance,2822.7357,339,102.96392617976073,77.54
2025-05-13,AMAT.US,buy,236.1961,5.64,signal,0.0,0,0.0,0.0
2026-04-20,AMAT.US,sell,396.2855,5.64,target_rebalance,902.9044,342,133.80891437550747,67.78
2025-05-13,AMD.US,buy,193.1162,5.21,signal,0.0,0,0.0,0.0
2026-04-20,AMD.US,sell,280.3194,5.21,target_rebalance,454.3286,342,98.1017151250958,45.16
2025-05-13,AVGO.US,buy,315.0103,31.45,signal,0.0,0,0.0,0.0
2026-04-20,AVGO.US,sell,404.6539,31.45,target_rebalance,2819.2913,342,106.03788655533123,28.46
2025-05-13,NVDA.US,buy,170.0907,6.45,signal,0.0,0,0.0,0.0
2026-04-20,NVDA.US,sell,199.5474,6.45,target_rebalance,189.9962,342,109.58588216845753,17.32
2025-05-13,ASML.US,buy,998.0852,10.31,signal,0.0,0,0.0,0.0
2026-04-21,ASML.US,sell,1469.4996,10.31,target_rebalance,4860.2816,343,136.04633235473418,47.23
2025-05-13,NVDA.US,buy,170.0907,82.05,signal,0.0,0,0.0,0.0
2026-04-21,NVDA.US,sell,201.6928,82.05,target_rebalance,2592.9563,343,110.58588216845754,18.58
2025-05-13,TSM.US,buy,264.783,2.5,signal,0.0,0,0.0,0.0
2026-04-21,TSM.US,sell,366.8528,2.5,target_rebalance,255.1744,343,137.62895064654165,38.55
2025-05-13,AMAT.US,buy,236.7591,4.78,signal,0.0,0,0.0,0.0
2026-04-22,AMAT.US,sell,398.548,4.78,target_rebalance,773.3507,344,135.32326313640866,68.33
2025-05-13,AMD.US,buy,193.428,116.34,signal,0.0,0,0.0,0.0
2026-04-22,AMD.US,sell,290.9288,116.34,target_rebalance,11343.2366,344,99.73596925903738,50.41
2025-05-13,AVGO.US,buy,315.6476,8.24,signal,0.0,0,0.0,0.0
2026-04-22,AVGO.US,sell,405.9306,8.24,target_rebalance,743.9319,344,107.2274089628542,28.6
2025-05-13,MU.US,buy,267.0244,21.58,signal,0.0,0,0.0,0.0
2026-04-22,MU.US,sell,462.396,21.58,target_rebalance,4216.1179,344,103.6010220231014,73.17
2025-05-13,AMD.US,buy,193.428,56.75,signal,0.0,0,0.0,0.0
2026-04-23,AMD.US,sell,301.708,56.75,target_rebalance,6144.8879,345,100.73596925903738,55.98
2025-05-13,AVGO.US,buy,315.6476,42.57,signal,0.0,0,0.0,0.0
2026-04-23,AVGO.US,sell,421.3008,42.57,target_rebalance,4497.6602,345,108.2274089628542,33.47
2025-05-13,MU.US,buy,267.0244,45.35,signal,0.0,0,0.0,0.0
2026-04-23,MU.US,sell,481.7236,45.35,target_rebalance,9736.6099,345,104.6010220231014,80.4
2025-05-13,TSM.US,buy,264.9337,30.23,signal,0.0,0,0.0,0.0
2026-04-23,TSM.US,sell,382.9689,30.23,target_rebalance,3568.2048,345,139.43287302104562,44.55
2025-05-13,AMD.US,buy,193.428,269.68,signal,0.0,0,0.0,0.0
2026-04-24,AMD.US,sell,336.4232,269.68,target_rebalance,38562.9491,346,101.73596925903738,73.93
2025-05-13,MU.US,buy,267.0244,5.4,signal,0.0,0,0.0,0.0
2026-04-24,MU.US,sell,495.3479,5.4,target_rebalance,1232.9469,346,105.6010220231014,85.51
2025-05-13,TSM.US,buy,264.9337,13.62,signal,0.0,0,0.0,0.0
2026-04-24,TSM.US,sell,394.8193,13.62,target_rebalance,1769.0418,346,140.43287302104562,49.03
2025-05-13,AMD.US,buy,193.428,29.34,signal,0.0,0,0.0,0.0
2026-04-27,AMD.US,sell,345.9737,29.34,target_rebalance,4475.6894,349,102.73596925903738,78.86
2025-05-13,MU.US,buy,267.0244,22.22,signal,0.0,0,0.0,0.0
2026-04-27,MU.US,sell,509.971,22.22,target_rebalance,5398.2727,349,106.6010220231014,90.98
2025-05-13,NVDA.US,buy,172.0753,137.95,signal,0.0,0,0.0,0.0
2026-04-27,NVDA.US,sell,209.1965,137.95,target_rebalance,5120.8719,349,107.25010565172215,21.57
2025-05-13,TSM.US,buy,264.9337,65.15,signal,0.0,0,0.0,0.0
2026-04-27,TSM.US,sell,412.3705,65.15,target_rebalance,9605.5117,349,141.43287302104562,55.65
2025-05-13,MU.US,buy,267.0244,73.29,signal,0.0,0,0.0,0.0
2026-04-28,MU.US,sell,502.9591,73.29,target_rebalance,17291.6543,350,107.6010220231014,88.36
2025-05-13,NVDA.US,buy,172.0753,242.2,signal,0.0,0,0.0,0.0
2026-04-28,NVDA.US,sell,209.0369,242.2,target_rebalance,8952.0955,350,108.25010565172215,21.48
2025-05-13,AMD.US,buy,199.5654,95.85,signal,0.0,0,0.0,0.0
2026-04-29,AMD.US,sell,326.2534,95.85,target_rebalance,12143.0471,351,99.37431252571189,63.48
2025-05-13,MU.US,buy,267.0244,58.55,signal,0.0,0,0.0,0.0
2026-04-29,MU.US,sell,525.3932,58.55,target_rebalance,15127.493,351,108.6010220231014,96.76
2025-05-13,NVDA.US,buy,172.0753,5.79,signal,0.0,0,0.0,0.0
2026-04-29,NVDA.US,sell,212.2399,5.79,target_rebalance,232.5532,351,109.25010565172215,23.34
2025-05-13,AMD.US,buy,199.5654,97.64,signal,0.0,0,0.0,0.0
2026-04-30,AMD.US,sell,341.0186,97.64,target_rebalance,13811.4946,352,100.37431252571187,70.88
2025-05-13,ASML.US,buy,1039.7348,3.76,signal,0.0,0,0.0,0.0
2026-04-30,ASML.US,sell,1411.1006,3.76,target_rebalance,1396.3356,352,129.89280231721185,35.72
2025-05-13,AVGO.US,buy,320.9087,37.09,signal,0.0,0,0.0,0.0
2026-04-30,AVGO.US,sell,414.4485,37.09,target_rebalance,3469.3916,352,107.66840936753188,29.15
2025-05-13,AMAT.US,buy,248.0006,30.08,signal,0.0,0,0.0,0.0
2026-05-01,AMAT.US,sell,388.1624,30.08,target_rebalance,4216.0662,353,132.27799566728498,56.52
2025-05-13,AMD.US,buy,199.5654,100.0,signal,0.0,0,0.0,0.0
2026-05-01,AMD.US,sell,351.5181,100.0,target_rebalance,15195.2742,353,101.37431252571189,76.14
2025-05-13,ASML.US,buy,1039.7348,9.46,signal,0.0,0,0.0,0.0
2026-05-01,ASML.US,sell,1425.0188,9.46,target_rebalance,3644.7869,353,130.89280231721185,37.06
2025-05-13,AVGO.US,buy,320.9087,5.28,signal,0.0,0,0.0,0.0
2026-05-01,AVGO.US,sell,414.0196,5.28,target_rebalance,491.6256,353,108.66840936753188,29.01
2025-05-13,LRCX.US,buy,159.7206,48.89,signal,0.0,0,0.0,0.0
2026-05-01,LRCX.US,sell,254.7054,48.89,target_rebalance,4643.8073,353,125.95735274709894,59.47
2025-05-13,AMD.US,buy,199.5654,23.5,signal,0.0,0,0.0,0.0
2026-05-04,AMD.US,sell,359.9497,23.5,target_rebalance,3769.0312,356,102.37431252571189,80.37
2025-05-13,MU.US,buy,275.4906,142.75,signal,0.0,0,0.0,0.0
2026-05-04,MU.US,sell,559.9533,142.75,target_rebalance,40607.053,356,107.81324379356349,103.26
2025-05-13,TSM.US,buy,267.7193,26.42,signal,0.0,0,0.0,0.0
2026-05-04,TSM.US,sell,403.1713,26.42,target_rebalance,3578.6415,356,143.28811284992724,50.59
2025-05-13,AMAT.US,buy,250.6871,53.82,signal,0.0,0,0.0,0.0
2026-05-05,AMAT.US,sell,403.053,53.82,target_rebalance,8200.3309,357,131.69561627728905,60.78
2025-05-13,LRCX.US,buy,160.4564,58.92,signal,0.0,0,0.0,0.0
2026-05-05,LRCX.US,sell,266.1859,58.92,target_rebalance,6229.5808,357,126.9948058753389,65.89
2025-05-13,MU.US,buy,275.4906,113.65,signal,0.0,0,0.0,0.0
2026-05-05,MU.US,sell,609.0766,113.65,target_rebalance,37912.0505,357,108.81324379356349,121.09
2025-05-13,AMD.US,buy,206.154,281.76,signal,0.0,0,0.0,0.0
2026-05-06,AMD.US,sell,409.0805,281.76,target_rebalance,57176.5784,358,99.90216391428648,98.43
2025-05-13,LRCX.US,buy,160.4564,79.66,signal,0.0,0,0.0,0.0
2026-05-06,LRCX.US,sell,286.5112,79.66,target_rebalance,10041.524,358,127.9948058753389,78.56
2025-05-13,MU.US,buy,275.4906,45.33,signal,0.0,0,0.0,0.0
2026-05-06,MU.US,sell,659.6082,45.33,target_rebalance,17412.053,358,109.81324379356349,139.43
2025-05-13,AMD.US,buy,206.154,6.59,signal,0.0,0,0.0,0.0
2026-05-07,AMD.US,sell,416.6529,6.59,target_rebalance,1387.1882,359,100.90216391428648,102.11
2025-05-13,ASML.US,buy,1053.6615,8.95,signal,0.0,0,0.0,0.0
2026-05-07,ASML.US,sell,1545.1929,8.95,target_rebalance,4399.2059,359,129.99870647892902,46.65
2025-05-13,LRCX.US,buy,160.4564,71.93,signal,0.0,0,0.0,0.0
2026-05-07,LRCX.US,sell,296.5241,71.93,target_rebalance,9787.3503,359,128.9948058753389,84.8
2025-05-13,NVDA.US,buy,176.4236,131.11,signal,0.0,0,0.0,0.0
2026-05-07,NVDA.US,sell,207.8894,131.11,target_rebalance,4125.48,359,98.5750938432648,17.84
2025-05-13,TSM.US,buy,277.8679,56.52,signal,0.0,0,0.0,0.0
2026-05-07,TSM.US,sell,416.6961,56.52,target_rebalance,7846.5667,359,135.35713672462956,49.96
2025-05-13,MU.US,buy,286.5861,57.53,signal,0.0,0,0.0,0.0
2026-05-08,MU.US,sell,675.6696,57.53,target_rebalance,22383.9771,360,108.53353161715626,135.76
2025-05-13,NVDA.US,buy,176.4236,94.37,signal,0.0,0,0.0,0.0
2026-05-08,NVDA.US,sell,212.5692,94.37,target_rebalance,3411.0654,360,99.5750938432648,20.49
2025-05-13,AMD.US,buy,206.154,150.75,signal,0.0,0,0.0,0.0
2026-05-11,AMD.US,sell,460.0894,150.75,target_rebalance,38280.7714,363,102.90216391428648,123.18
2025-05-13,MU.US,buy,286.5861,194.8,signal,0.0,0,0.0,0.0
2026-05-11,MU.US,sell,792.0652,194.8,target_rebalance,98467.33,363,109.53353161715624,176.38
2025-05-13,AMAT.US,buy,255.3951,14.51,signal,0.0,0,0.0,0.0
2026-05-12,AMAT.US,sell,435.3558,14.51,target_rebalance,2611.2307,364,133.02678521711331,70.46
2025-05-13,AVGO.US,buy,332.4432,3.0,signal,0.0,0,0.0,0.0
2026-05-12,AVGO.US,sell,422.3381,3.0,target_rebalance,269.6848,364,103.14728492436116,27.04
2025-05-13,NVDA.US,buy,177.5771,175.23,signal,0.0,0,0.0,0.0
2026-05-12,NVDA.US,sell,218.0773,175.23,target_rebalance,7096.8437,364,98.4879389830297,22.81
2025-05-13,AMD.US,buy,208.5593,3.11,signal,0.0,0,0.0,0.0
2026-05-13,AMD.US,sell,456.583,3.11,target_rebalance,771.3536,365,103.87598919328538,118.92
2025-05-13,LRCX.US,buy,168.3464,47.66,signal,0.0,0,0.0,0.0
2026-05-13,LRCX.US,sell,294.7671,47.66,target_rebalance,6025.2088,365,125.16937652724855,75.1
2025-05-13,MU.US,buy,290.6771,48.75,signal,0.0,0,0.0,0.0
2026-05-13,MU.US,sell,812.2219,48.75,target_rebalance,25425.3068,365,110.60835279652616,179.42
2025-05-13,NVDA.US,buy,177.5771,79.58,signal,0.0,0,0.0,0.0
2026-05-13,NVDA.US,sell,224.4435,79.58,target_rebalance,3729.6248,365,99.48793898302966,26.39
2025-05-13,AMAT.US,buy,257.9046,36.81,signal,0.0,0,0.0,0.0
2026-05-14,AMAT.US,sell,441.8743,36.81,target_rebalance,6771.9233,366,133.15762733135494,71.33
2025-05-13,ASML.US,buy,1076.8019,14.38,signal,0.0,0,0.0,0.0
2026-05-14,ASML.US,sell,1570.1356,14.38,target_rebalance,7094.1377,366,128.7908504845651,45.81
2025-05-13,LRCX.US,buy,168.3464,8.63,signal,0.0,0,0.0,0.0
2026-05-14,LRCX.US,sell,295.8253,8.63,target_rebalance,1100.1427,366,126.16937652724853,75.72
2025-05-13,NVDA.US,buy,177.5771,106.82,signal,0.0,0,0.0,0.0
2026-05-14,NVDA.US,sell,229.3529,106.82,target_rebalance,5530.6835,366,100.48793898302966,29.16
2025-05-13,TSM.US,buy,288.8471,26.64,signal,0.0,0,0.0,0.0
2026-05-14,TSM.US,sell,401.8657,26.64,target_rebalance,3010.8143,366,128.43048070464116,39.13
2025-05-13,AVGO.US,buy,334.9134,150.87,signal,0.0,0,0.0,0.0
2026-05-15,AVGO.US,sell,431.694,150.87,target_rebalance,14601.2841,367,103.05237348222599,28.9
2025-05-13,NVDA.US,buy,177.5771,86.51,signal,0.0,0,0.0,0.0
2026-05-15,NVDA.US,sell,229.263,86.51,target_rebalance,4471.3484,367,101.48793898302966,29.11
2025-05-13,TSM.US,buy,288.8471,74.33,signal,0.0,0,0.0,0.0
2026-05-15,TSM.US,sell,405.1447,74.33,target_rebalance,8644.4012,367,129.43048070464113,40.26
2025-05-13,AMAT.US,buy,260.4687,62.64,signal,0.0,0,0.0,0.0
2026-05-18,AMAT.US,sell,439.851,62.64,target_rebalance,11236.5036,370,133.1335741111615,68.87
2025-05-13,LRCX.US,buy,168.8899,18.85,signal,0.0,0,0.0,0.0
2026-05-18,LRCX.US,sell,292.2414,18.85,target_rebalance,2325.1756,370,127.59903343924685,73.04
2025-05-13,MU.US,buy,329.0796,27.84,signal,0.0,0,0.0,0.0
2026-05-18,MU.US,sell,749.5943,27.84,target_rebalance,11707.1289,370,104.27491384305011,127.79
2025-05-13,AMD.US,buy,219.5947,53.23,signal,0.0,0,0.0,0.0
2026-05-19,AMD.US,sell,412.1874,53.23,target_rebalance,10251.7102,371,102.80585710565953,87.7
2025-05-13,ASML.US,buy,1085.9016,10.22,signal,0.0,0,0.0,0.0
2026-05-19,ASML.US,sell,1446.6093,10.22,target_rebalance,3686.4325,371,129.07263060662163,33.22
2025-05-13,AVGO.US,buy,337.4121,88.01,signal,0.0,0,0.0,0.0
2026-05-19,AVGO.US,sell,408.7632,88.01,target_rebalance,6279.6113,371,102.03792961277455,21.15
2025-05-13,NVDA.US,buy,177.6934,71.75,signal,0.0,0,0.0,0.0
2026-05-19,NVDA.US,sell,219.145,71.75,target_rebalance,2974.1483,371,103.25984421249535,23.33
2025-05-13,TSM.US,buy,289.0553,46.31,signal,0.0,0,0.0,0.0
2026-05-19,TSM.US,sell,388.2114,46.31,target_rebalance,4591.9148,371,131.19931277313648,34.3
2025-05-13,AMD.US,buy,219.5947,2.84,signal,0.0,0,0.0,0.0
2026-05-20,AMD.US,sell,427.612,2.84,target_rebalance,590.7691,372,103.80585710565954,94.73
2025-05-13,LRCX.US,buy,171.3264,19.95,signal,0.0,0,0.0,0.0
2026-05-20,LRCX.US,sell,279.1038,19.95,target_rebalance,2150.1591,372,126.43847756619363,62.91
2025-05-13,MU.US,buy,347.5728,99.94,signal,0.0,0,0.0,0.0
2026-05-20,MU.US,sell,734.1122,99.94,target_rebalance,38630.7476,372,100.49894931078505,111.21
2025-05-13,AMAT.US,buy,264.7908,2.67,signal,0.0,0,0.0,0.0
2026-05-21,AMAT.US,sell,423.3132,2.67,target_rebalance,423.2546,373,132.15404953588765,59.87
2025-05-13,AMD.US,buy,219.5947,41.29,signal,0.0,0,0.0,0.0
2026-05-21,AMD.US,sell,441.548,41.29,target_rebalance,9164.4521,373,104.80585710565954,101.07
2025-05-13,ASML.US,buy,1085.9016,10.35,signal,0.0,0,0.0,0.0
2026-05-21,ASML.US,sell,1545.1331,10.35,target_rebalance,4753.0456,373,131.0726306066216,42.29
2025-05-13,LRCX.US,buy,171.3264,118.76,signal,0.0,0,0.0,0.0
2026-05-21,LRCX.US,sell,292.1715,118.76,target_rebalance,14351.5649,373,127.43847756619363,70.54
2025-05-13,AMD.US,buy,219.5947,85.51,signal,0.0,0,0.0,0.0
2026-05-22,AMD.US,sell,469.3702,85.51,target_rebalance,21358.3,374,105.80585710565953,113.74
2025-05-13,ASML.US,buy,1085.9016,12.5,signal,0.0,0,0.0,0.0
2026-05-22,ASML.US,sell,1616.3196,12.5,target_rebalance,6630.2249,374,132.07263060662163,48.85
2025-05-13,LRCX.US,buy,171.3264,60.61,signal,0.0,0,0.0,0.0
2026-05-22,LRCX.US,sell,305.2093,60.61,target_rebalance,8114.6415,374,128.43847756619363,78.14
2025-05-13,AMAT.US,buy,265.2688,0.82,signal,0.0,0,0.0,0.0
2026-05-26,AMAT.US,sell,443.8207,0.82,target_rebalance,146.4125,378,133.77860306443665,67.31
2025-05-13,AMD.US,buy,219.5947,25.34,signal,0.0,0,0.0,0.0
2026-05-26,AMD.US,sell,484.2553,25.34,target_rebalance,6706.4986,378,106.80585710565956,120.52
2025-05-13,LRCX.US,buy,171.3264,30.79,signal,0.0,0,0.0,0.0
2026-05-26,LRCX.US,sell,314.2339,30.79,target_rebalance,4400.1205,378,129.43847756619363,83.41
2025-05-13,MU.US,buy,352.9621,89.22,signal,0.0,0,0.0,0.0
2026-05-26,MU.US,sell,819.5535,89.22,target_rebalance,41629.2818,378,102.09892813088514,132.19
2025-05-13,AMD.US,buy,219.5947,14.7,signal,0.0,0,0.0,0.0
2026-05-27,AMD.US,sell,507.492,14.7,target_rebalance,4232.0904,379,107.80585710565953,131.1
2025-05-13,LRCX.US,buy,171.3264,43.85,signal,0.0,0,0.0,0.0
2026-05-27,LRCX.US,sell,331.1051,43.85,target_rebalance,7006.2951,379,130.43847756619365,93.26
2025-05-13,MU.US,buy,352.9621,159.09,signal,0.0,0,0.0,0.0
2026-05-27,MU.US,sell,954.5575,159.09,target_rebalance,95707.8147,379,103.09892813088514,170.44
2025-05-13,AMD.US,buy,219.5947,7.54,signal,0.0,0,0.0,0.0
2026-05-28,AMD.US,sell,498.501,7.54,target_rebalance,2102.9536,380,108.80585710565954,127.01
2025-05-13,ASML.US,buy,1112.6953,5.02,signal,0.0,0,0.0,0.0
2026-05-28,ASML.US,sell,1613.3862,5.02,target_rebalance,2513.4684,380,128.56456745318167,45.0
2025-05-13,AVGO.US,buy,345.3959,28.86,signal,0.0,0,0.0,0.0
2026-05-28,AVGO.US,sell,420.0541,28.86,target_rebalance,2154.6357,380,97.5823758456297,21.62
2025-05-13,NVDA.US,buy,183.8677,33.0,signal,0.0,0,0.0,0.0
2026-05-28,NVDA.US,sell,210.823,33.0,target_rebalance,889.5249,380,92.85344383686088,14.66
2025-05-13,TSM.US,buy,294.7394,22.71,signal,0.0,0,0.0,0.0
2026-05-28,TSM.US,sell,420.8123,22.71,target_rebalance,2863.1161,380,130.7435538014165,42.77
2025-05-13,AMD.US,buy,219.5947,55.73,signal,0.0,0,0.0,0.0
2026-05-29,AMD.US,sell,520.2792,55.73,target_rebalance,16757.147,381,109.80585710565956,136.93
2025-05-13,AVGO.US,buy,345.3959,21.42,signal,0.0,0,0.0,0.0
2026-05-29,AVGO.US,sell,431.8336,21.42,target_rebalance,1851.4968,381,98.58237584562968,25.03
2025-05-13,MU.US,buy,355.5858,8.51,signal,0.0,0,0.0,0.0
2026-05-29,MU.US,sell,955.896,8.51,target_rebalance,5108.6397,381,104.62610705665952,168.82
2025-05-13,AVGO.US,buy,345.3959,122.93,signal,0.0,0,0.0,0.0
2026-06-01,AVGO.US,sell,448.9294,122.93,target_rebalance,12727.3771,384,99.58237584562968,29.98
2025-05-13,MU.US,buy,355.5858,74.52,signal,0.0,0,0.0,0.0
2026-06-01,MU.US,sell,1008.5552,74.52,target_rebalance,48659.2773,384,105.62610705665952,183.63
2025-05-13,NVDA.US,buy,183.9597,39.49,signal,0.0,0,0.0,0.0
2026-06-01,NVDA.US,sell,215.2634,39.49,target_rebalance,1236.1818,384,94.5719457131533,17.02
2025-05-13,AVGO.US,buy,345.3959,107.64,signal,0.0,0,0.0,0.0
2026-06-02,AVGO.US,sell,487.5296,107.64,target_rebalance,15299.2785,385,100.58237584562968,41.15
2025-05-13,LRCX.US,buy,180.1656,7.05,signal,0.0,0,0.0,0.0
2026-06-02,LRCX.US,sell,323.8674,7.05,target_rebalance,1013.0983,385,126.17078193970168,79.76
2025-05-13,NVDA.US,buy,183.9597,45.1,signal,0.0,0,0.0,0.0
2026-06-02,NVDA.US,sell,226.6886,45.1,target_rebalance,1927.0729,385,95.57194571315331,23.23
2025-05-13,AMAT.US,buy,271.7068,63.67,signal,0.0,0,0.0,0.0
2026-06-03,AMAT.US,sell,486.9414,63.67,target_rebalance,13703.9816,386,134.95140757550104,79.22
2025-05-13,AMD.US,buy,238.0307,68.06,signal,0.0,0,0.0,0.0
2026-06-03,AMD.US,sell,533.2162,68.06,target_rebalance,20090.3311,386,105.58246317490867,124.01
2025-05-13,ASML.US,buy,1129.0762,2.18,signal,0.0,0,0.0,0.0
2026-06-03,ASML.US,sell,1705.3951,2.18,target_rebalance,1256.3752,386,128.2829146140412,51.04
2025-05-13,LRCX.US,buy,180.1656,30.88,signal,0.0,0,0.0,0.0
2026-06-03,LRCX.US,sell,334.4793,30.88,target_rebalance,4765.2091,386,127.17078193970168,85.65
2025-05-13,MU.US,buy,357.6766,0.63,signal,0.0,0,0.0,0.0
2026-06-03,MU.US,sell,1077.7652,0.63,target_rebalance,453.6559,386,107.30548479164027,201.32
2025-05-13,AMAT.US,buy,271.7068,123.86,signal,0.0,0,0.0,0.0
2026-06-04,AMAT.US,sell,484.6561,123.86,target_rebalance,26375.895,387,135.95140757550104,78.37
2025-05-13,AMD.US,buy,238.0307,34.06,signal,0.0,0,0.0,0.0
2026-06-04,AMD.US,sell,514.2352,34.06,target_rebalance,9407.5283,387,106.58246317490867,116.04
2025-05-13,ASML.US,buy,1129.0762,25.5,signal,0.0,0,0.0,0.0
2026-06-04,ASML.US,sell,1675.9527,25.5,target_rebalance,13945.3501,387,129.2829146140412,48.44
2025-05-13,LRCX.US,buy,180.1656,135.86,signal,0.0,0,0.0,0.0
2026-06-04,LRCX.US,sell,329.1884,135.86,target_rebalance,20246.2366,387,128.1707819397017,82.71
2025-05-13,NVDA.US,buy,185.6949,79.18,signal,0.0,0,0.0,0.0
2026-06-04,NVDA.US,sell,213.6961,79.18,target_rebalance,2217.1377,387,93.12999414359318,15.08
2025-05-13,TSM.US,buy,297.5883,10.88,signal,0.0,0,0.0,0.0
2026-06-04,TSM.US,sell,429.1943,10.88,target_rebalance,1431.873,387,133.0504221164507,44.22
2025-05-13,AMAT.US,buy,271.7068,11.16,signal,0.0,0,0.0,0.0
2026-06-05,AMAT.US,sell,478.7184,11.16,target_rebalance,2310.2488,388,136.95140757550104,76.19
2025-05-13,ASML.US,buy,1129.0762,15.29,signal,0.0,0,0.0,0.0
2026-06-05,ASML.US,sell,1681.5,15.29,target_rebalance,8446.5589,388,130.28291461404123,48.93
2025-05-13,AVGO.US,buy,355.0846,35.32,signal,0.0,0,0.0,0.0
2026-06-05,AVGO.US,sell,406.5589,35.32,target_rebalance,1818.0734,388,89.17326267004321,14.5
2025-05-13,NVDA.US,buy,185.6949,117.47,signal,0.0,0,0.0,0.0
2026-06-05,NVDA.US,sell,214.3155,117.47,target_rebalance,3362.063,388,94.12999414359318,15.41
2025-05-13,TSM.US,buy,297.5883,43.81,signal,0.0,0,0.0,0.0
2026-06-05,TSM.US,sell,428.3371,43.81,target_rebalance,5728.1053,388,134.0504221164507,43.94
2025-05-13,AMAT.US,buy,271.7068,1.67,signal,0.0,0,0.0,0.0
2026-06-08,AMAT.US,sell,475.0161,1.67,target_rebalance,339.5264,391,137.95140757550104,74.83
2025-05-13,ASML.US,buy,1129.0762,27.18,signal,0.0,0,0.0,0.0
2026-06-08,ASML.US,sell,1728.8213,27.18,target_rebalance,16301.0712,391,131.28291461404123,53.12
2025-05-13,LRCX.US,buy,181.6159,2.76,signal,0.0,0,0.0,0.0
2026-06-08,LRCX.US,sell,318.0074,2.76,target_rebalance,376.4407,391,128.8355222833178,75.1
2025-05-13,AMAT.US,buy,271.7068,62.46,signal,0.0,0,0.0,0.0
2026-06-09,AMAT.US,sell,500.6829,62.46,target_rebalance,14301.8443,392,138.95140757550104,84.27
2025-05-13,AMD.US,buy,246.1509,12.67,signal,0.0,0,0.0,0.0
2026-06-09,AMD.US,sell,502.2473,12.67,target_rebalance,3244.7409,392,106.10230976508606,104.04
2025-05-13,LRCX.US,buy,181.6159,90.23,signal,0.0,0,0.0,0.0
2026-06-09,LRCX.US,sell,334.9286,90.23,target_rebalance,13833.4071,392,129.8355222833178,84.42
2025-05-13,MU.US,buy,395.8171,30.42,signal,0.0,0,0.0,0.0
2026-06-09,MU.US,sell,987.04,30.42,target_rebalance,17985.0022,392,104.4184085933793,149.37
2025-05-13,AMAT.US,buy,271.7068,110.45,signal,0.0,0,0.0,0.0
2026-06-10,AMAT.US,sell,501.7507,110.45,target_rebalance,25408.3431,393,139.95140757550104,84.67
2025-05-13,ASML.US,buy,1130.4572,15.91,signal,0.0,0,0.0,0.0
2026-06-10,ASML.US,sell,1742.4599,15.91,target_rebalance,9736.9626,393,133.00057191675893,54.14
2025-05-13,LRCX.US,buy,181.6159,14.77,signal,0.0,0,0.0,0.0
2026-06-10,LRCX.US,sell,322.7394,14.77,target_rebalance,2084.3942,393,130.8355222833178,77.7
2025-05-13,NVDA.US,buy,186.6067,55.95,signal,0.0,0,0.0,0.0
2026-06-10,NVDA.US,sell,204.2256,55.95,target_rebalance,985.7765,393,93.63610587795172,9.44
2025-05-13,AMAT.US,buy,271.7068,80.26,signal,0.0,0,0.0,0.0
2026-06-11,AMAT.US,sell,521.4099,80.26,target_rebalance,20041.1695,394,140.95140757550104,91.9
2025-05-13,ASML.US,buy,1130.4572,9.36,signal,0.0,0,0.0,0.0
2026-06-11,ASML.US,sell,1775.9231,9.36,target_rebalance,6041.5608,394,134.00057191675893,57.1
2025-05-13,LRCX.US,buy,181.6159,132.45,signal,0.0,0,0.0,0.0
2026-06-11,LRCX.US,sell,336.0666,132.45,target_rebalance,20457.0066,394,131.8355222833178,85.04
2025-05-13,AMAT.US,buy,271.7068,8.4,signal,0.0,0,0.0,0.0
2026-06-12,AMAT.US,sell,547.486,8.4,target_rebalance,2316.5446,395,141.95140757550104,101.5
2025-05-13,AMD.US,buy,256.5631,86.4,signal,0.0,0,0.0,0.0
2026-06-12,AMD.US,sell,499.1903,86.4,target_rebalance,20962.9906,395,104.00600918976478,94.57
2025-05-13,LRCX.US,buy,181.6159,75.01,signal,0.0,0,0.0,0.0
2026-06-12,LRCX.US,sell,358.7779,75.01,target_rebalance,13288.9243,395,132.83552228331777,97.55
2025-05-13,MU.US,buy,421.5587,34.06,signal,0.0,0,0.0,0.0
2026-06-12,MU.US,sell,970.6889,34.06,target_rebalance,18703.3751,395,102.09046847725973,130.26
2025-05-13,AMAT.US,buy,271.7068,50.49,signal,0.0,0,0.0,0.0
2026-06-15,AMAT.US,sell,588.7604,50.49,target_rebalance,16008.0344,398,142.95140757550107,116.69
2025-05-13,AMD.US,buy,256.5631,47.54,signal,0.0,0,0.0,0.0
2026-06-15,AMD.US,sell,535.2142,47.54,target_rebalance,13247.0754,398,105.00600918976478,108.61
2025-05-13,LRCX.US,buy,181.6159,72.4,signal,0.0,0,0.0,0.0
2026-06-15,LRCX.US,sell,385.3326,72.4,target_rebalance,14749.0895,398,133.8355222833178,112.17
2025-05-13,MU.US,buy,421.5587,42.21,signal,0.0,0,0.0,0.0
2026-06-15,MU.US,sell,1054.6719,42.21,target_rebalance,26723.7072,398,103.09046847725972,150.18
2025-05-13,AMD.US,buy,256.5631,45.04,signal,0.0,0,0.0,0.0
2026-06-16,AMD.US,sell,546.3431,45.04,target_rebalance,13051.692,399,106.0060091897648,112.95
2025-05-13,MU.US,buy,421.5587,48.77,signal,0.0,0,0.0,0.0
2026-06-16,MU.US,sell,1098.4313,48.77,target_rebalance,33011.0772,399,104.09046847725972,160.56
2025-05-13,NVDA.US,buy,188.0835,37.1,signal,0.0,0,0.0,0.0
2026-06-16,NVDA.US,sell,210.9688,37.1,target_rebalance,849.0438,399,90.33231170529955,12.17
2025-05-13,AMAT.US,buy,276.2746,54.55,signal,0.0,0,0.0,0.0
2026-06-17,AMAT.US,sell,590.7962,54.55,target_rebalance,17157.1562,400,142.83199994694627,113.84
2025-05-13,ASML.US,buy,1165.4788,14.23,signal,0.0,0,0.0,0.0
2026-06-17,ASML.US,sell,1892.8547,14.23,target_rebalance,10350.5582,400,131.64454048022435,62.41
2025-05-13,AVGO.US,buy,359.0664,6.97,signal,0.0,0,0.0,0.0
2026-06-17,AVGO.US,sell,387.7077,6.97,target_rebalance,199.6297,400,85.96562029886583,7.98
2025-05-13,TSM.US,buy,305.9839,9.23,signal,0.0,0,0.0,0.0
2026-06-17,TSM.US,sell,434.3152,9.23,target_rebalance,1184.4987,400,133.02433364290977,41.94
2025-05-13,AMAT.US,buy,276.2746,57.05,signal,0.0,0,0.0,0.0
2026-06-18,AMAT.US,sell,621.2332,57.05,target_rebalance,19679.8897,401,143.8319999469463,124.86
2025-05-13,AVGO.US,buy,359.0664,94.16,signal,0.0,0,0.0,0.0
2026-06-18,AVGO.US,sell,408.5239,94.16,target_rebalance,4656.9148,401,86.96562029886583,13.77
2025-05-13,LRCX.US,buy,182.3073,42.16,signal,0.0,0,0.0,0.0
2026-06-18,LRCX.US,sell,396.8228,42.16,target_rebalance,9043.974,401,136.37771377921854,117.67
2025-05-13,MU.US,buy,437.849,20.02,signal,0.0,0,0.0,0.0
2026-06-18,MU.US,sell,1106.7916,20.02,target_rebalance,13392.2302,401,103.41820142795007,152.78
2025-05-13,MU.US,buy,437.849,58.76,signal,0.0,0,0.0,0.0
2026-06-22,MU.US,sell,1194.84,58.76,target_rebalance,44480.7888,405,104.41820142795008,172.89
2025-05-13,TSM.US,buy,307.8748,156.82,signal,0.0,0,0.0,0.0
2026-06-22,TSM.US,sell,475.6139,156.82,target_rebalance,26304.8479,405,133.12362700886746,54.48
2025-05-13,AMAT.US,buy,283.9034,5.63,signal,0.0,0,0.0,0.0
2026-06-23,AMAT.US,sell,580.7271,5.63,target_rebalance,1671.1173,406,142.67425301738132,104.55
2025-05-13,AMD.US,buy,269.6138,17.87,signal,0.0,0,0.0,0.0
2026-06-23,AMD.US,sell,508.5709,17.87,target_rebalance,4270.164,406,104.91420261326823,88.63
2025-05-13,LRCX.US,buy,187.6578,3.82,signal,0.0,0,0.0,0.0
2026-06-23,LRCX.US,sell,369.3403,3.82,target_rebalance,694.0271,406,134.98229996271866,96.82
2025-05-13,NVDA.US,buy,188.9793,211.79,signal,0.0,0,0.0,0.0
2026-06-23,NVDA.US,sell,201.9678,211.79,target_rebalance,2750.8402,406,90.28960170267209,6.87
2025-05-13,AMAT.US,buy,283.9034,10.71,signal,0.0,0,0.0,0.0
2026-06-24,AMAT.US,sell,584.0302,10.71,target_rebalance,3214.3578,407,143.67425301738132,105.71
2025-05-13,AMD.US,buy,269.6138,57.51,signal,0.0,0,0.0,0.0
2026-06-24,AMD.US,sell,520.2992,57.51,target_rebalance,14416.9182,407,105.91420261326824,92.98
2025-05-13,AVGO.US,buy,360.1968,70.59,signal,0.0,0,0.0,0.0
2026-06-24,AVGO.US,sell,386.2334,70.59,target_rebalance,1837.9186,407,87.41950465461055,7.23
2025-05-13,AMAT.US,buy,283.9034,62.65,signal,0.0,0,0.0,0.0
2026-06-25,AMAT.US,sell,636.4217,62.65,target_rebalance,22085.2691,408,144.6742530173813,124.17
2025-05-13,LRCX.US,buy,188.8763,165.27,signal,0.0,0,0.0,0.0
2026-06-25,LRCX.US,sell,407.582,165.27,target_rebalance,36145.4829,408,136.0595767890284,115.79
2025-05-13,MU.US,buy,452.1303,86.01,signal,0.0,0,0.0,0.0
2026-06-25,MU.US,sell,1231.5776,86.01,target_rebalance,67040.2597,408,105.07706169853498,172.39
2025-05-13,AMAT.US,buy,283.9034,114.27,signal,0.0,0,0.0,0.0
2026-06-26,AMAT.US,sell,641.4314,114.27,target_rebalance,40854.7183,409,145.6742530173813,125.93
2025-05-13,ASML.US,buy,1203.3657,0.89,signal,0.0,0,0.0,0.0
2026-06-26,ASML.US,sell,1777.5794,0.89,target_rebalance,511.0502,409,130.07351268289946,47.72
2025-05-13,NVDA.US,buy,189.7247,45.64,signal,0.0,0,0.0,0.0
2026-06-26,NVDA.US,sell,192.9269,45.64,target_rebalance,146.1492,409,87.21408653753778,1.69
2025-05-13,AMD.US,buy,273.6458,0.66,signal,0.0,0,0.0,0.0
2026-06-29,AMD.US,sell,522.3172,0.66,target_rebalance,164.1231,412,107.32893789312989,90.87
2025-05-13,ASML.US,buy,1203.3657,4.71,signal,0.0,0,0.0,0.0
2026-06-29,ASML.US,sell,1794.8298,4.71,target_rebalance,2785.7959,412,131.07351268289943,49.15
2025-05-13,AVGO.US,buy,361.6753,15.16,signal,0.0,0,0.0,0.0
2026-06-29,AVGO.US,sell,373.2464,15.16,target_rebalance,175.4172,412,85.53615875030401,3.2
2025-05-13,NVDA.US,buy,189.7247,1.36,signal,0.0,0,0.0,0.0
2026-06-29,NVDA.US,sell,193.6562,1.36,target_rebalance,5.3468,412,88.21408653753777,2.07
2025-05-13,TSM.US,buy,314.1493,71.64,signal,0.0,0,0.0,0.0
2026-06-29,TSM.US,sell,436.563,71.64,target_rebalance,8769.7147,412,131.5014080002683,38.97
2025-05-13,AMAT.US,buy,288.4621,99.17,signal,0.0,0,0.0,0.0
2026-06-30,AMAT.US,sell,696.0582,99.17,target_rebalance,40421.3093,413,145.77192760541266,141.3
2025-05-13,ASML.US,buy,1203.3657,13.8,signal,0.0,0,0.0,0.0
2026-06-30,ASML.US,sell,1911.1129,13.8,target_rebalance,9766.9115,413,132.07351268289946,58.81
2025-05-13,LRCX.US,buy,192.9489,130.0,signal,0.0,0,0.0,0.0
2026-06-30,LRCX.US,sell,415.8737,130.0,target_rebalance,28980.2316,413,136.19894544145532,115.54
2025-05-13,AMD.US,buy,273.7092,80.34,signal,0.0,0,0.0,0.0
2026-07-01,AMD.US,sell,556.9725,80.34,target_rebalance,22757.3696,414,109.30369398517917,103.49
2025-05-13,ASML.US,buy,1203.3657,8.61,signal,0.0,0,0.0,0.0
2026-07-01,ASML.US,sell,1911.8911,8.61,target_rebalance,6100.4041,414,133.07351268289943,58.88
2025-05-13,AVGO.US,buy,362.1999,4.46,signal,0.0,0,0.0,0.0
2026-07-01,AVGO.US,sell,371.4981,4.46,target_rebalance,41.4703,414,84.1711926371872,2.57
2025-05-13,NVDA.US,buy,189.9185,27.09,signal,0.0,0,0.0,0.0
2026-07-01,NVDA.US,sell,196.0038,27.09,target_rebalance,164.8516,414,87.97223904133409,3.2
2025-05-13,TSM.US,buy,314.303,109.88,signal,0.0,0,0.0,0.0
2026-07-01,TSM.US,sell,467.2023,109.88,target_rebalance,16800.5779,414,133.35792403872463,48.65
2025-05-13,AMAT.US,buy,299.5522,14.33,signal,0.0,0,0.0,0.0
2026-07-02,AMAT.US,sell,655.3325,14.33,target_rebalance,5098.3317,415,143.48732833194342,118.77
2025-05-13,AVGO.US,buy,362.1999,37.45,signal,0.0,0,0.0,0.0
2026-07-02,AVGO.US,sell,365.3643,37.45,target_rebalance,118.5076,415,85.1711926371872,0.87
2025-05-13,NVDA.US,buy,189.9185,224.91,signal,0.0,0,0.0,0.0
2026-07-02,NVDA.US,sell,196.9429,224.91,target_rebalance,1579.8561,415,88.97223904133409,3.7
2025-05-13,AMD.US,buy,275.5541,31.01,signal,0.0,0,0.0,0.0
2026-07-06,AMD.US,sell,534.8146,31.01,target_rebalance,8039.668,419,110.5357474713562,94.09
2025-05-13,ASML.US,buy,1209.7892,7.28,signal,0.0,0,0.0,0.0
2026-07-06,ASML.US,sell,1825.8087,7.28,target_rebalance,4484.622,419,133.72801002697463,50.92
2025-05-13,AVGO.US,buy,362.1999,152.27,signal,0.0,0,0.0,0.0
2026-07-06,AVGO.US,sell,373.2364,152.27,target_rebalance,1680.5305,419,86.17119263718719,3.05
2025-05-13,NVDA.US,buy,189.9185,37.9,signal,0.0,0,0.0,0.0
2026-07-06,NVDA.US,sell,194.2256,37.9,target_rebalance,163.2395,419,89.97223904133409,2.27
2025-05-13,TSM.US,buy,315.5194,34.25,signal,0.0,0,0.0,0.0
2026-07-06,TSM.US,sell,447.3322,34.25,target_rebalance,4514.5884,419,134.16225379609267,41.78
2025-05-13,AMD.US,buy,275.5541,58.35,signal,0.0,0,0.0,0.0
2026-07-07,AMD.US,sell,515.3941,58.35,target_rebalance,13994.6601,420,111.53574747135622,87.04
2025-05-13,ASML.US,buy,1209.7892,5.91,signal,0.0,0,0.0,0.0
2026-07-07,ASML.US,sell,1733.1514,5.91,target_rebalance,3093.0706,420,134.72801002697463,43.26
2025-05-13,AVGO.US,buy,362.1999,147.53,signal,0.0,0,0.0,0.0
2026-07-07,AVGO.US,sell,366.1934,147.53,target_rebalance,589.1728,420,87.1711926371872,1.1
2025-05-13,NVDA.US,buy,189.9185,340.6,signal,0.0,0,0.0,0.0
2026-07-07,NVDA.US,sell,192.1776,340.6,target_rebalance,769.4692,420,90.97223904133409,1.19
2025-05-13,TSM.US,buy,315.5194,114.27,signal,0.0,0,0.0,0.0
2026-07-07,TSM.US,sell,437.582,114.27,target_rebalance,13948.0876,420,135.16225379609264,38.69
2025-05-13,AMAT.US,buy,325.7416,5.58,signal,0.0,0,0.0,0.0
2026-07-08,AMAT.US,sell,545.9691,5.58,target_rebalance,1228.8693,421,132.0642356575599,67.61
2025-05-13,AVGO.US,buy,362.1999,106.45,signal,0.0,0,0.0,0.0
2026-07-08,AVGO.US,sell,377.1425,106.45,target_rebalance,1590.641,421,88.17119263718719,4.13
2025-05-13,LRCX.US,buy,213.0641,34.29,signal,0.0,0,0.0,0.0
2026-07-08,LRCX.US,sell,325.1445,34.29,target_rebalance,3843.2367,421,123.34927636186022,52.6
2025-05-13,NVDA.US,buy,189.9185,104.49,signal,0.0,0,0.0,0.0
2026-07-08,NVDA.US,sell,194.9848,104.49,target_rebalance,529.3825,421,91.97223904133409,2.67
2025-05-13,AMAT.US,buy,325.7416,130.94,signal,0.0,0,0.0,0.0
2026-07-09,AMAT.US,sell,626.0133,130.94,target_rebalance,39317.5735,422,133.06423565755986,92.18
2025-05-13,LRCX.US,buy,213.0641,137.06,signal,0.0,0,0.0,0.0
2026-07-09,LRCX.US,sell,364.7649,137.06,target_rebalance,20792.1029,422,124.34927636186022,71.2
2025-05-13,MU.US,buy,559.1424,51.84,signal,0.0,0,0.0,0.0
2026-07-09,MU.US,sell,1015.4935,51.84,target_rebalance,23657.242,422,94.5381223313123,81.62
2025-05-13,AMD.US,buy,284.2779,106.48,signal,0.0,0,0.0,0.0
2026-07-10,AMD.US,sell,543.466,106.48,target_rebalance,27598.3515,423,110.52239022978671,91.17
2025-05-13,ASML.US,buy,1223.1864,0.63,signal,0.0,0,0.0,0.0
2026-07-10,ASML.US,sell,1779.7943,0.63,target_rebalance,350.663,423,134.7978038707142,45.5
2025-05-13,AVGO.US,buy,362.7841,69.18,signal,0.0,0,0.0,0.0
2026-07-10,AVGO.US,sell,398.1015,69.18,target_rebalance,2443.2608,423,88.88150064946183,9.74
2025-05-13,NVDA.US,buy,190.3746,116.71,signal,0.0,0,0.0,0.0
2026-07-10,NVDA.US,sell,201.798,116.71,target_rebalance,1333.2268,423,91.09645562380094,6.0
2025-05-13,TSM.US,buy,322.5191,34.59,signal,0.0,0,0.0,0.0
2026-07-10,TSM.US,sell,438.2313,34.59,target_rebalance,4002.4862,423,130.57561395442124,35.88
2025-05-13,AMAT.US,buy,337.6044,27.46,signal,0.0,0,0.0,0.0
2026-07-13,AMAT.US,sell,580.8069,27.46,target_rebalance,6678.341,426,128.76467270170616,72.04
2025-05-13,ASML.US,buy,1223.1864,1.11,signal,0.0,0,0.0,0.0
2026-07-13,ASML.US,sell,1769.4781,1.11,target_rebalance,606.3838,426,135.7978038707142,44.66
2025-05-13,NVDA.US,buy,190.3746,257.9,signal,0.0,0,0.0,0.0
2026-07-13,NVDA.US,sell,208.3315,257.9,target_rebalance,4631.0763,426,92.09645562380095,9.43
2025-05-13,AMAT.US,buy,337.6044,55.79,signal,0.0,0,0.0,0.0
2026-07-14,AMAT.US,sell,612.631,55.79,target_rebalance,15343.736,427,129.76467270170613,81.46
2025-05-13,AMD.US,buy,284.9778,56.5,signal,0.0,0,0.0,0.0
2026-07-14,AMD.US,sell,566.6528,56.5,target_rebalance,15914.6373,427,112.21480743170473,98.84
2025-05-13,LRCX.US,buy,218.7153,103.23,signal,0.0,0,0.0,0.0
2026-07-14,LRCX.US,sell,354.3053,103.23,target_rebalance,13996.9563,427,121.7599319979994,61.99
2025-05-13,MU.US,buy,577.6693,44.16,signal,0.0,0,0.0,0.0
2026-07-14,MU.US,sell,987.3916,44.16,target_rebalance,18093.3386,427,92.90084862892911,70.93
2025-05-13,ASML.US,buy,1233.8807,14.74,signal,0.0,0,0.0,0.0
2026-07-15,ASML.US,sell,1820.8801,14.74,target_rebalance,8652.371,428,135.20269967564806,47.57
2025-05-13,LRCX.US,buy,218.7153,29.8,signal,0.0,0,0.0,0.0
2026-07-15,LRCX.US,sell,356.8927,29.8,target_rebalance,4117.6869,428,122.75993199799942,63.18
2025-05-13,NVDA.US,buy,190.8832,107.31,signal,0.0,0,0.0,0.0
2026-07-15,NVDA.US,sell,211.748,107.31,target_rebalance,2239.0084,428,91.47087070632651,10.93
2025-05-13,ASML.US,buy,1233.8807,32.58,signal,0.0,0,0.0,0.0
2026-07-16,ASML.US,sell,1792.7945,32.58,target_rebalance,18209.4102,429,136.20269967564806,45.3
2025-05-13,AVGO.US,buy,363.6548,100.08,signal,0.0,0,0.0,0.0
2026-07-16,AVGO.US,sell,384.1555,100.08,target_rebalance,2051.7084,429,90.49042936080667,5.64
2025-05-13,NVDA.US,buy,190.8832,324.2,signal,0.0,0,0.0,0.0
2026-07-16,NVDA.US,sell,209.9598,324.2,target_rebalance,6184.648,429,92.4708707063265,9.99
2025-05-13,TSM.US,buy,327.69,26.1,signal,0.0,0,0.0,0.0
2026-07-16,TSM.US,sell,404.8847,26.1,target_rebalance,2014.782,429,128.19832183688445,23.56
2025-05-13,ASML.US,buy,1233.8807,9.45,signal,0.0,0,0.0,0.0
2026-07-17,ASML.US,sell,1729.8091,9.45,target_rebalance,4686.5233,430,137.20269967564806,40.19
2025-05-13,NVDA.US,buy,190.8832,76.33,signal,0.0,0,0.0,0.0
2026-07-17,NVDA.US,sell,202.4374,76.33,target_rebalance,881.9302,430,93.4708707063265,6.05
2025-05-13,TSM.US,buy,327.69,50.55,signal,0.0,0,0.0,0.0
2026-07-17,TSM.US,sell,391.7279,50.55,target_rebalance,3237.1143,430,129.19832183688442,19.54
2025-05-13,AMD.US,buy,298.9289,90.43,signal,0.0,0,0.0,0.0
2026-07-20,AMD.US,sell,516.483,90.43,target_rebalance,19673.4202,433,109.24552616048007,72.78
2025-05-13,LRCX.US,buy,223.7103,40.69,signal,0.0,0,0.0,0.0
2026-07-20,LRCX.US,sell,320.8288,40.69,target_rebalance,3951.7553,433,119.49218364711129,43.41
2025-05-13,MU.US,buy,599.0314,42.29,signal,0.0,0,0.0,0.0
2026-07-20,MU.US,sell,884.6844,42.29,target_rebalance,12080.2687,433,90.21232781038182,47.69
2025-05-13,AMAT.US,buy,348.3981,20.54,signal,0.0,0,0.0,0.0
2026-07-21,AMAT.US,sell,563.7822,20.54,target_rebalance,4423.9891,434,128.19768456852995,61.82
2025-05-13,AVGO.US,buy,363.7742,12.49,signal,0.0,0,0.0,0.0
2026-07-21,AVGO.US,sell,389.8198,12.49,target_rebalance,325.3093,434,92.77710709345776,7.16
2025-05-13,MU.US,buy,599.0314,28.79,signal,0.0,0,0.0,0.0
2026-07-21,MU.US,sell,924.4246,28.79,target_rebalance,9368.0722,434,91.21232781038182,54.32
2025-05-13,TSM.US,buy,327.8864,1.8,signal,0.0,0,0.0,0.0
2026-07-21,TSM.US,sell,418.3213,1.8,target_rebalance,162.7826,434,130.88031675055797,27.58
2025-05-13,AMD.US,buy,300.0344,41.79,signal,0.0,0,0.0,0.0
2026-07-22,AMD.US,sell,526.3531,41.79,target_rebalance,9457.8592,435,110.71001472114504,75.43
2025-05-13,MU.US,buy,599.0314,43.72,signal,0.0,0,0.0,0.0
2026-07-22,MU.US,sell,937.3117,43.72,target_rebalance,14789.6187,435,92.21232781038182,56.47
2025-05-13,NVDA.US,buy,191.5299,42.37,signal,0.0,0,0.0,0.0
2026-07-22,NVDA.US,sell,205.6042,42.37,target_rebalance,596.3291,435,92.59927545559415,7.35
2025-05-13,TSM.US,buy,327.8864,24.77,signal,0.0,0,0.0,0.0
2026-07-22,TSM.US,sell,414.4951,24.77,target_rebalance,2145.2962,435,131.88031675055797,26.41
2025-05-13,AMD.US,buy,300.0344,34.68,signal,0.0,0,0.0,0.0
2026-07-23,AMD.US,sell,544.1953,34.68,target_rebalance,8467.498,436,111.71001472114504,81.38
2025-05-13,AVGO.US,buy,363.8911,33.41,signal,0.0,0,0.0,0.0
2026-07-23,AVGO.US,sell,391.7978,33.41,target_rebalance,932.3645,436,94.12504318664739,7.67
2025-05-13,MU.US,buy,599.0314,26.63,signal,0.0,0,0.0,0.0
2026-07-23,MU.US,sell,974.1549,26.63,target_rebalance,9989.5392,436,93.21232781038182,62.62
2025-05-13,AMAT.US,buy,354.0401,37.54,signal,0.0,0,0.0,0.0
2026-07-24,AMAT.US,sell,555.0603,37.54,target_rebalance,7546.2983,437,127.49846636445643,56.78
2025-05-13,AMD.US,buy,300.0344,20.66,signal,0.0,0,0.0,0.0
2026-07-24,AMD.US,sell,546.3731,20.66,target_rebalance,5089.3566,437,112.71001472114504,82.1
2025-05-13,ASML.US,buy,1255.6646,5.08,signal,0.0,0,0.0,0.0
2026-07-24,ASML.US,sell,1785.7806,5.08,target_rebalance,2692.9892,437,136.69281778341193,42.22
2025-05-13,AVGO.US,buy,364.0139,73.31,signal,0.0,0,0.0,0.0
2026-07-27,AVGO.US,sell,389.4302,73.31,target_rebalance,1863.2707,440,95.6418685407255,6.98
2025-05-13,NVDA.US,buy,191.6082,125.13,signal,0.0,0,0.0,0.0
2026-07-27,NVDA.US,sell,207.9918,125.13,target_rebalance,2050.0831,440,95.13995147892997,8.55
2025-05-13,TSM.US,buy,329.7306,10.52,signal,0.0,0,0.0,0.0
2026-07-27,TSM.US,sell,405.6739,10.52,target_rebalance,798.9239,440,132.0579788745618,23.03
2025-05-13,AVGO.US,buy,364.0139,142.46,signal,0.0,0,0.0,0.0
2026-07-28,AVGO.US,sell,373.9856,142.46,target_rebalance,1420.5772,441,96.6418685407255,2.74
2025-05-13,NVDA.US,buy,191.6082,114.67,signal,0.0,0,0.0,0.0
2026-07-28,NVDA.US,sell,194.805,114.67,target_rebalance,366.5804,441,96.13995147892997,1.67
2025-05-13,TSM.US,buy,329.7306,97.01,signal,0.0,0,0.0,0.0
2026-07-28,TSM.US,sell,384.615,97.01,target_rebalance,5324.3386,441,133.0579788745618,16.65
2025-05-13,ASML.US,buy,1263.123,3.63,signal,0.0,0,0.0,0.0
2026-07-29,ASML.US,sell,1567.8206,3.63,target_rebalance,1106.0525,442,137.0935997881707,24.12
2025-05-13,AVGO.US,buy,364.0139,96.23,signal,0.0,0,0.0,0.0
2026-07-29,AVGO.US,sell,380.2594,96.23,target_rebalance,1563.3055,442,97.64186854072548,4.46
2025-05-13,MU.US,buy,610.808,5.62,signal,0.0,0,0.0,0.0
2026-07-29,MU.US,sell,832.167,5.62,target_rebalance,1244.0376,442,93.37479790680122,36.24
2025-05-13,NVDA.US,buy,191.6082,110.98,signal,0.0,0,0.0,0.0
2026-07-29,NVDA.US,sell,195.6542,110.98,target_rebalance,449.0234,442,97.13995147892997,2.11
2025-05-13,TSM.US,buy,329.7306,67.26,signal,0.0,0,0.0,0.0
2026-07-29,TSM.US,sell,387.6919,67.26,target_rebalance,3898.4795,442,134.05797887456177,17.58
2025-05-13,AMAT.US,buy,361.8825,17.2,signal,0.0,0,0.0,0.0
2026-07-30,AMAT.US,sell,481.4827,17.2,target_rebalance,2057.1226,443,123.37411802175953,33.05
2025-05-13,ASML.US,buy,1263.123,11.64,signal,0.0,0,0.0,0.0
2026-07-30,ASML.US,sell,1643.4249,11.64,target_rebalance,4426.7144,443,138.09359978817074,30.11
2025-05-13,LRCX.US,buy,229.9088,627.62,signal,0.0,0,0.0,0.0
2026-07-30,LRCX.US,sell,317.9717,627.62,target_rebalance,55270.0395,443,115.92137128747866,38.3
2025-05-13,AMAT.US,buy,361.8825,87.4,signal,0.0,0,0.0,0.0
2026-07-31,AMAT.US,sell,530.591,87.4,target_rebalance,14745.1176,444,124.37411802175954,46.62
2025-05-13,AMD.US,buy,314.4721,103.16,signal,0.0,0,0.0,0.0
2026-07-31,AMD.US,sell,509.7697,103.16,target_rebalance,20146.9038,444,108.15879956961116,62.1
2025-05-13,MU.US,buy,624.6459,123.75,signal,0.0,0,0.0,0.0
2026-07-31,MU.US,sell,918.7304,123.75,target_rebalance,36392.9589,444,88.24336202706112,47.08
2025-05-13,TSM.US,buy,330.8719,7.89,signal,0.0,0,0.0,0.0
2026-07-31,TSM.US,sell,419.0805,7.89,target_rebalance,695.9662,444,133.61721134138537,26.66
2025-05-13,AMAT.US,buy,361.8825,7.68,signal,0.0,0,0.0,0.0
2026-08-03,AMAT.US,sell,497.8288,7.68,target_rebalance,1044.0674,447,125.37411802175953,37.57
2025-05-13,ASML.US,buy,1278.4482,15.34,signal,0.0,0,0.0,0.0
2026-08-03,ASML.US,sell,1608.0803,15.34,target_rebalance,5056.5555,447,135.0415948197582,25.78
2025-05-13,AVGO.US,buy,365.2605,122.86,signal,0.0,0,0.0,0.0
2026-08-03,AVGO.US,sell,384.0256,122.86,target_rebalance,2305.4823,447,95.34362118789964,5.14
2025-05-13,NVDA.US,buy,191.9409,387.17,signal,0.0,0,0.0,0.0
2026-08-03,NVDA.US,sell,197.4923,387.17,target_rebalance,2149.3452,447,92.70293603391652,2.89
2025-05-13,TSM.US,buy,330.8719,63.61,signal,0.0,0,0.0,0.0
2026-08-03,TSM.US,sell,400.1894,63.61,target_rebalance,4409.2897,447,134.61721134138537,20.95
2025-05-13,AMAT.US,buy,361.8825,41.4,signal,0.0,0,0.0,0.0
2026-08-04,AMAT.US,sell,543.5242,41.4,target_rebalance,7519.9656,448,126.37411802175956,50.19
2025-05-13,AMD.US,buy,318.9782,38.51,signal,0.0,0,0.0,0.0
2026-08-04,AMD.US,sell,503.496,38.51,target_rebalance,7105.7786,448,106.83028290711765,57.85
2025-05-13,LRCX.US,buy,237.537,57.18,signal,0.0,0,0.0,0.0
2026-08-04,LRCX.US,sell,308.5212,57.18,target_rebalance,4058.8757,448,106.76133120897633,29.88
2025-05-13,MU.US,buy,638.2899,37.66,signal,0.0,0,0.0,0.0
2026-08-04,MU.US,sell,865.9532,37.66,target_rebalance,8573.8,448,82.75022340446435,35.67
2025-05-13,AVGO.US,buy,366.0726,102.89,signal,0.0,0,0.0,0.0
2026-08-05,AVGO.US,sell,421.2783,102.89,target_rebalance,5680.1156,449,95.29067183683874,15.08
2025-05-13,LRCX.US,buy,237.537,83.22,signal,0.0,0,0.0,0.0
2026-08-05,LRCX.US,sell,318.2215,83.22,target_rebalance,6714.5638,449,107.76133120897633,33.97
2025-05-13,MU.US,buy,638.2899,15.03,signal,0.0,0,0.0,0.0
2026-08-05,MU.US,sell,884.4147,15.03,target_rebalance,3699.2558,449,83.75022340446435,38.56
2025-05-13,NVDA.US,buy,191.9822,79.07,signal,0.0,0,0.0,0.0
2026-08-05,NVDA.US,sell,216.6431,79.07,target_rebalance,1949.9431,449,94.50528775090227,12.85
2025-05-13,ASML.US,buy,1288.8627,12.99,signal,0.0,0,0.0,0.0
2026-08-06,ASML.US,sell,1693.6946,12.99,target_rebalance,5258.7668,450,134.68503983646858,31.41
2025-05-13,AVGO.US,buy,366.0726,59.34,signal,0.0,0,0.0,0.0
2026-08-06,AVGO.US,sell,420.1294,59.34,target_rebalance,3207.7327,450,96.29067183683874,14.77
2025-05-13,NVDA.US,buy,191.9822,257.04,signal,0.0,0,0.0,0.0
2026-08-06,NVDA.US,sell,221.3085,257.04,target_rebalance,7538.0324,450,95.50528775090228,15.28
2025-05-13,AMD.US,buy,327.5315,46.18,signal,0.0,0,0.0,0.0
2026-08-07,AMD.US,sell,497.4421,46.18,target_rebalance,7846.4684,451,104.23019137584072,51.88
2025-05-13,ASML.US,buy,1288.8627,1.73,signal,0.0,0,0.0,0.0
2026-08-07,ASML.US,sell,1757.9503,1.73,target_rebalance,811.5215,451,135.68503983646858,36.4
2025-05-13,LRCX.US,buy,239.7606,7.9,signal,0.0,0,0.0,0.0
2026-08-07,LRCX.US,sell,311.5581,7.9,target_rebalance,567.2003,451,105.90799440222966,29.95
2025-05-13,MU.US,buy,643.3547,48.57,signal,0.0,0,0.0,0.0
2026-08-07,MU.US,sell,902.6964,48.57,target_rebalance,12596.2228,451,83.66308026661355,40.31
2025-05-13,AMAT.US,buy,367.2322,69.72,signal,0.0,0,0.0,0.0
2026-08-10,AMAT.US,sell,553.8527,69.72,target_rebalance,13011.1817,454,126.4004224655869,50.82
2025-05-13,ASML.US,buy,1288.8627,15.91,signal,0.0,0,0.0,0.0
2026-08-10,ASML.US,sell,1791.217,15.91,target_rebalance,7992.457,454,136.68503983646858,38.98
2025-05-13,LRCX.US,buy,239.7606,112.46,signal,0.0,0,0.0,0.0
2026-08-10,LRCX.US,sell,319.1805,112.46,target_rebalance,8931.5596,454,106.90799440222966,33.12
2025-05-13,NVDA.US,buy,192.9464,52.71,signal,0.0,0,0.0,0.0
2026-08-10,NVDA.US,sell,223.1766,52.71,target_rebalance,1593.4336,454,94.38052661645831,15.67
2025-05-13,ASML.US,buy,1288.8627,3.57,signal,0.0,0,0.0,0.0
2026-08-11,ASML.US,sell,1792.1361,3.57,target_rebalance,1796.6862,455,137.68503983646858,39.05
2025-05-13,AVGO.US,buy,367.0257,0.46,signal,0.0,0,0.0,0.0
2026-08-11,AVGO.US,sell,425.6439,0.46,target_rebalance,26.9644,455,97.81030802999919,15.97
2025-05-13,MU.US,buy,652.1878,17.87,signal,0.0,0,0.0,0.0
2026-08-11,MU.US,sell,870.9282,17.87,target_rebalance,3908.8902,455,82.28194575625822,33.54
2025-05-13,TSM.US,buy,334.5043,36.01,signal,0.0,0,0.0,0.0
2026-08-11,TSM.US,sell,423.7758,36.01,target_rebalance,3214.6682,455,134.97044442759582,26.69
2025-05-13,AMD.US,buy,333.2609,16.63,signal,0.0,0,0.0,0.0
2026-08-12,AMD.US,sell,487.8317,16.63,target_rebalance,2570.5117,456,103.21015828610665,46.38
2025-05-13,ASML.US,buy,1288.8627,0.85,signal,0.0,0,0.0,0.0
2026-08-12,ASML.US,sell,1830.7974,0.85,target_rebalance,460.6445,456,138.68503983646858,42.05
2025-05-13,LRCX.US,buy,240.3465,60.92,signal,0.0,0,0.0,0.0
2026-08-12,LRCX.US,sell,326.5132,60.92,target_rebalance,5249.2716,456,108.07153812611756,35.85
2025-05-13,MU.US,buy,652.1878,38.93,signal,0.0,0,0.0,0.0
2026-08-12,MU.US,sell,912.0271,38.93,target_rebalance,10115.5414,456,83.28194575625822,39.84
2025-05-13,AMAT.US,buy,371.8072,7.57,signal,0.0,0,0.0,0.0
2026-08-13,AMAT.US,sell,547.6755,7.57,target_rebalance,1331.3236,457,126.0526960989113,47.3
2025-05-13,LRCX.US,buy,240.3465,24.7,signal,0.0,0,0.0,0.0
2026-08-13,LRCX.US,sell,327.2924,24.7,target_rebalance,2147.5627,457,109.07153812611755,36.18
2025-05-13,MU.US,buy,652.1878,5.24,signal,0.0,0,0.0,0.0
2026-08-13,MU.US,sell,911.9771,5.24,target_rebalance,1361.2959,457,84.28194575625824,39.83
2025-05-13,NVDA.US,buy,193.6321,118.76,signal,0.0,0,0.0,0.0
2026-08-13,NVDA.US,sell,224.8349,118.76,target_rebalance,3705.6472,457,95.04640756209487,16.11
2025-05-13,AMD.US,buy,334.0634,15.23,signal,0.0,0,0.0,0.0
2026-08-14,AMD.US,sell,487.1124,15.23,target_rebalance,2330.9357,458,104.65345053122188,45.81
2025-05-13,ASML.US,buy,1289.8332,5.16,signal,0.0,0,0.0,0.0
2026-08-14,ASML.US,sell,1837.3508,5.16,target_rebalance,2825.1906,458,140.43023312388837,42.45
2025-05-13,LRCX.US,buy,240.3465,50.6,signal,0.0,0,0.0,0.0
2026-08-14,LRCX.US,sell,332.0276,50.6,target_rebalance,4639.064,458,110.07153812611755,38.15
2025-05-13,MU.US,buy,652.1878,97.48,signal,0.0,0,0.0,0.0
2026-08-14,MU.US,sell,978.3407,97.48,target_rebalance,31793.3807,458,85.28194575625824,50.01
2025-05-13,NVDA.US,buy,193.6321,33.29,signal,0.0,0,0.0,0.0
2026-08-14,NVDA.US,sell,226.5432,33.29,target_rebalance,1095.6111,458,96.04640756209487,17.0
2025-05-13,AMAT.US,buy,383.2911,56.59,signal,0.0,0,0.0,0.0
2026-08-17,AMAT.US,sell,516.9293,56.59,target_rebalance,7562.5812,461,116.61423679649783,34.87
2025-05-13,AMD.US,buy,334.0634,107.69,signal,0.0,0,0.0,0.0
2026-08-17,AMD.US,sell,513.6458,107.69,target_rebalance,19339.2254,461,105.65345053122186,53.76
2025-05-13,ASML.US,buy,1289.8332,3.0,signal,0.0,0,0.0,0.0
2026-08-17,ASML.US,sell,1869.8084,3.0,target_rebalance,1739.9256,461,141.43023312388837,44.97
2025-05-13,LRCX.US,buy,240.3465,12.29,signal,0.0,0,0.0,0.0
2026-08-17,LRCX.US,sell,337.5321,12.29,target_rebalance,1194.4111,461,111.07153812611755,40.44
2025-05-13,MU.US,buy,652.1878,9.67,signal,0.0,0,0.0,0.0
2026-08-17,MU.US,sell,998.5504,9.67,target_rebalance,3349.3264,461,86.28194575625822,53.11
2025-05-13,AMAT.US,buy,383.2911,36.92,signal,0.0,0,0.0,0.0
2026-08-18,AMAT.US,sell,506.3212,36.92,target_rebalance,4542.2705,462,117.61423679649785,32.1
2025-05-13,ASML.US,buy,1289.8332,0.52,signal,0.0,0,0.0,0.0
2026-08-18,ASML.US,sell,1807.191,0.52,target_rebalance,269.0261,462,142.43023312388837,40.11
2025-05-13,NVDA.US,buy,194.1141,48.21,signal,0.0,0,0.0,0.0
2026-08-18,NVDA.US,sell,220.2295,48.21,target_rebalance,1259.0279,462,96.61058296592117,13.45
2025-05-13,TSM.US,buy,336.0708,6.83,signal,0.0,0,0.0,0.0
2026-08-18,TSM.US,sell,416.583,6.83,target_rebalance,549.8984,462,137.7024540256532,23.96
2025-05-13,AMAT.US,buy,383.2911,9.96,signal,0.0,0,0.0,0.0
2026-08-19,AMAT.US,sell,507.3591,9.96,target_rebalance,1235.7165,463,118.61423679649785,32.37
2025-05-13,LRCX.US,buy,240.7317,52.91,signal,0.0,0,0.0,0.0
2026-08-19,LRCX.US,sell,328.1915,52.91,target_rebalance,4627.499,463,112.55866394503636,36.33
2025-05-13,MU.US,buy,654.2076,2.94,signal,0.0,0,0.0,0.0
2026-08-19,MU.US,sell,958.4006,2.94,target_rebalance,894.3276,463,87.70559971471093,46.5
2025-05-13,NVDA.US,buy,194.1141,43.62,signal,0.0,0,0.0,0.0
2026-08-19,NVDA.US,sell,221.4483,43.62,target_rebalance,1192.3211,463,97.61058296592118,14.08
2025-05-13,TSM.US,buy,336.0708,14.18,signal,0.0,0,0.0,0.0
2026-08-19,TSM.US,sell,417.7119,14.18,target_rebalance,1157.6706,463,138.7024540256532,24.29
2025-05-13,ASML.US,buy,1291.0914,0.51,signal,0.0,0,0.0,0.0
2026-08-20,ASML.US,sell,1742.0162,0.51,target_rebalance,229.9717,464,144.07615685281056,34.93
2025-05-13,AVGO.US,buy,370.9871,33.21,signal,0.0,0,0.0,0.0
2026-08-20,AVGO.US,sell,364.0256,33.21,target_rebalance,-231.1907,464,92.60975913445704,-1.88
2025-05-13,MU.US,buy,654.2076,10.24,signal,0.0,0,0.0,0.0
2026-08-20,MU.US,sell,934.075,10.24,target_rebalance,2865.8425,464,88.70559971471093,42.78
2025-05-13,NVDA.US,buy,194.1141,107.03,signal,0.0,0,0.0,0.0
2026-08-20,NVDA.US,sell,218.1416,107.03,target_rebalance,2571.6727,464,98.61058296592117,12.38
2025-05-13,TSM.US,buy,336.0708,31.79,signal,0.0,0,0.0,0.0
2026-08-20,TSM.US,sell,408.1914,31.79,target_rebalance,2292.7144,464,139.7024540256532,21.46
2025-05-13,LRCX.US,buy,243.1706,51.2,signal,0.0,0,0.0,0.0
2026-08-21,LRCX.US,sell,317.5421,51.2,target_rebalance,3807.8245,465,110.2848484817073,30.58
2025-05-13,MU.US,buy,654.2076,41.19,signal,0.0,0,0.0,0.0
2026-08-21,MU.US,sell,988.6903,41.19,target_rebalance,13777.3444,465,89.70559971471091,51.13
2025-05-13,TSM.US,buy,336.0708,26.37,signal,0.0,0,0.0,0.0
2026-08-21,TSM.US,sell,422.597,26.37,target_rebalance,2281.6953,465,140.70245402565317,25.75
2025-05-13,AMD.US,buy,338.4493,15.96,signal,0.0,0,0.0,0.0
2026-08-24,AMD.US,sell,468.0715,15.96,target_rebalance,2068.7706,468,107.41318752260838,38.3
2025-05-13,ASML.US,buy,1297.1925,15.83,signal,0.0,0,0.0,0.0
2026-08-24,ASML.US,sell,1759.7985,15.83,target_rebalance,7323.0537,468,144.209540532019,35.66
2025-05-13,AVGO.US,buy,370.9876,25.06,signal,0.0,0,0.0,0.0
2026-08-24,AVGO.US,sell,364.605,25.06,target_rebalance,-159.9477,468,93.94992873884523,-1.72
2025-05-13,NVDA.US,buy,194.6942,55.78,signal,0.0,0,0.0,0.0
2026-08-24,NVDA.US,sell,215.3145,55.78,target_rebalance,1150.1999,468,98.25429723712422,10.59
2025-05-13,TSM.US,buy,336.0708,8.68,signal,0.0,0,0.0,0.0
2026-08-24,TSM.US,sell,413.4561,8.68,target_rebalance,671.7047,468,141.7024540256532,23.03
2025-05-13,AMAT.US,buy,385.1571,33.07,signal,0.0,0,0.0,0.0
2026-08-25,AMAT.US,sell,489.5699,33.07,target_rebalance,3452.9328,469,120.34060613880894,27.11
2025-05-13,AMD.US,buy,338.4493,26.45,signal,0.0,0,0.0,0.0
2026-08-25,AMD.US,sell,473.7258,26.45,target_rebalance,3578.0651,469,108.41318752260838,39.97
2025-05-13,LRCX.US,buy,243.4974,91.03,signal,0.0,0,0.0,0.0
2026-08-25,LRCX.US,sell,315.8838,91.03,target_rebalance,6589.3329,469,111.72588704275277,29.73
2025-05-13,AMD.US,buy,338.4493,14.71,signal,0.0,0,0.0,0.0
2026-08-26,AMD.US,sell,474.5949,14.71,target_rebalance,2002.7031,470,109.41318752260838,40.23
2025-05-13,NVDA.US,buy,195.0441,55.67,signal,0.0,0,0.0,0.0
2026-08-26,NVDA.US,sell,212.4274,55.67,target_rebalance,967.7254,470,98.15525387304129,8.91
2025-05-13,TSM.US,buy,336.0708,37.95,signal,0.0,0,0.0,0.0
2026-08-26,TSM.US,sell,418.0316,37.95,target_rebalance,3110.4113,470,143.7024540256532,24.39
2025-05-13,MU.US,buy,664.8992,32.21,signal,0.0,0,0.0,0.0
2026-08-27,MU.US,sell,966.043,32.21,target_rebalance,9699.8434,471,90.2363051936542,45.29
2025-05-13,NVDA.US,buy,195.0441,170.93,signal,0.0,0,0.0,0.0
2026-08-27,NVDA.US,sell,222.6371,170.93,target_rebalance,4716.4764,471,99.15525387304129,14.15
2025-05-13,AMAT.US,buy,388.0,2697.02,signal,0.0,0,0.0,0.0
2026-08-27,AMAT.US,sell,481.8776,2697.02,end_of_backtest,253189.849,471,118.72973263592931,24.2
2025-05-13,AMD.US,buy,338.8282,2697.02,signal,0.0,0,0.0,0.0
2026-08-27,AMD.US,sell,476.1933,2697.02,end_of_backtest,370476.624,471,110.12170214424228,40.54
2025-05-13,ASML.US,buy,1307.6042,743.54,signal,0.0,0,0.0,0.0
2026-08-27,ASML.US,sell,1733.275,743.54,end_of_backtest,316503.2517,471,143.82489487837094,32.55
2025-05-13,AVGO.US,buy,370.7405,3589.42,signal,0.0,0,0.0,0.0
2026-08-27,AVGO.US,sell,371.1685,3589.42,end_of_backtest,1536.3369,471,94.72752886354985,0.12
2025-05-13,LRCX.US,buy,243.8015,4072.42,signal,0.0,0,0.0,0.0
2026-08-27,LRCX.US,sell,318.2614,4072.42,end_of_backtest,303231.8612,471,113.26901974713505,30.54
2025-05-13,MU.US,buy,664.8992,1345.61,signal,0.0,0,0.0,0.0
2026-08-27,MU.US,sell,934.4546,1345.61,end_of_backtest,362716.5409,471,90.2363051936542,40.54
2025-05-13,NVDA.US,buy,195.0441,5838.71,signal,0.0,0,0.0,0.0
2026-08-27,NVDA.US,sell,227.752,5838.71,end_of_backtest,190971.9666,471,99.15525387304127,16.77
2025-05-13,TSM.US,buy,336.5262,3069.87,signal,0.0,0,0.0,0.0
2026-08-27,TSM.US,sell,426.8727,3069.87,end_of_backtest,277352.0673,471,143.9482724920995,26.85
