timestamp,ret,equity,drawdown,benchmark_equity,active_ret
2017-06-01,0.0,1000000.0,0.0,1000000.0,0.0
2017-06-02,0.0,1000000.0,0.0,1017340.2017160138,-0.017340201716013873
2017-06-05,0.0,1000000.0,0.0,1024690.2383419401,-0.007224757867160259
2017-06-06,0.0,1000000.0,0.0,1035213.901569656,-0.010270092203419762
2017-06-07,0.0,1000000.0,0.0,1048965.3641742212,-0.013283691982607981
2017-06-08,0.0,1000000.0,0.0,1069088.0659775278,-0.01918338058678211
2017-06-09,0.0,1000000.0,0.0,1018215.1319595174,0.04758535394508817
2017-06-12,0.0,1000000.0,0.0,1012044.2568670232,0.006060482602157483
2017-06-13,0.0,1000000.0,0.0,1019306.0107491079,-0.0071753323363197286
2017-06-14,0.0,1000000.0,0.0,1008538.5947870129,0.010563477354736395
2017-06-15,0.0,1000000.0,0.0,994245.341953327,0.014172241803700608
2017-06-16,0.0,1000000.0,0.0,992364.8332435777,0.001891393029868002
2017-06-19,0.0,1000000.0,0.0,1019128.582040441,-0.02696966669947895
2017-06-20,0.0,1000000.0,0.0,1017824.4484417367,0.0012796556015466226
2017-06-21,0.0,1000000.0,0.0,1046241.7990052453,-0.027919697357451784
2017-06-22,0.0,1000000.0,0.0,1046001.9587277896,0.000229239815962054
2017-06-23,0.0,1000000.0,0.0,1048838.140005633,-0.002711449299094032
2017-06-26,0.0,1000000.0,0.0,1044728.5708348933,0.003918211031797333
2017-06-27,0.0,1000000.0,0.0,1013201.6563645685,0.03017713437771695
2017-06-28,0.0,1000000.0,0.0,1030135.6338911187,-0.016713333836534033
2017-06-29,0.0,1000000.0,0.0,997229.4268609787,0.03194356737844686
2017-06-30,0.0,1000000.0,0.0,987359.4146892076,0.009897433735824815
2017-07-03,0.0,1000000.0,0.0,971259.9621521808,0.016305564415055804
2017-07-05,0.0,1000000.0,0.0,999174.9650092982,-0.028741020885141397
2017-07-06,0.0,1000000.0,0.0,997879.2759461234,0.0012967589346704056
2017-07-07,0.0,1000000.0,0.0,1016801.8747332777,-0.01896281368225952
2017-07-10,0.0,1000000.0,0.0,1036971.7206735802,-0.019836554634198977
2017-07-11,0.0,1000000.0,0.0,1051129.0826896399,-0.01365260183456439
2017-07-12,0.0,1000000.0,0.0,1066571.7617605336,-0.01469151536686518
2017-07-13,0.0,1000000.0,0.0,1058966.7215269695,0.00713035963094584
2017-07-14,0.0,1000000.0,0.0,1078491.937382052,-0.018437988142751244
2017-07-17,0.0,1000000.0,0.0,1074614.7677636386,0.003594991751004417
2017-07-18,0.0,1000000.0,0.0,1080812.9002564575,-0.0057677715575392835
2017-07-19,0.0,1000000.0,0.0,1097125.5222811734,-0.015092919432073124
2017-07-20,0.0,1000000.0,0.0,1104318.461681558,-0.006556168145126065
2017-07-21,0.0,1000000.0,0.0,1102598.5742613133,0.0015574197841678877
2017-07-24,0.0,1000000.0,0.0,1103612.6706429282,-0.0009197330790076813
2017-07-25,0.0,1000000.0,0.0,1093245.5548462379,0.009393799176527037
2017-07-26,0.0,1000000.0,0.0,1110545.7349140856,-0.015824605909585412
2017-07-27,0.0,1000000.0,0.0,1090284.9809699885,0.01824396178124499
2017-07-28,0.0,1000000.0,0.0,1079446.3322415692,0.009941115320855454
2017-07-31,0.0,1000000.0,0.0,1061109.7863130877,0.0169869917390002
2017-08-01,0.0,1000000.0,0.0,1063454.1982931078,-0.00220939624745721
2017-08-02,0.0,1000000.0,0.0,1055919.0205972574,0.007085568619640284
2017-08-03,0.0,1000000.0,0.0,1048606.1048592662,0.006925640693407245
2017-08-04,0.0,1000000.0,0.0,1050753.0889970034,-0.002047464846702679
2017-08-07,0.0,1000000.0,0.0,1075376.0043547587,-0.023433588362094915
2017-08-08,0.0,1000000.0,0.0,1069461.77103083,0.00549968876000477
2017-08-09,0.0,1000000.0,0.0,1064412.572183104,0.004721252301388382
2017-08-10,0.0,1000000.0,0.0,1024400.7111169095,0.03759055662423286
2017-08-11,0.0,1000000.0,0.0,1034089.9341612371,-0.009458430611360397
2017-08-14,0.0,1000000.0,0.0,1065833.7427103852,-0.03069733830732624
2017-08-15,0.0,1000000.0,0.0,1073841.5442450522,-0.007513180727702684
2017-08-16,0.0,1000000.0,0.0,1077841.28343738,-0.0037247014829732417
2017-08-17,0.0,1000000.0,0.0,1050931.7870087845,0.02496610293379893
2017-08-18,0.0,1000000.0,0.0,1062872.0482984446,-0.011361594955315912
2017-08-21,0.0,1000000.0,0.0,1049209.8466143564,0.012854041750331127
2017-08-22,0.0,1000000.0,0.0,1072927.4690603625,-0.022605222894675786
2017-08-23,0.0,1000000.0,0.0,1076287.0696757515,-0.0031312467172929515
2017-08-24,0.0,1000000.0,0.0,1071662.6417764202,0.004296649127936175
2017-08-25,0.0,1000000.0,0.0,1063814.0564359874,0.007323746330676326
2017-08-28,0.0,1000000.0,0.0,1067791.8727305925,-0.00373920260833141
2017-08-29,0.0,1000000.0,0.0,1071439.1799851612,-0.0034157473452591097
2017-08-30,0.0,1000000.0,0.0,1087400.8419650036,-0.014897403677232884
2017-08-31,0.0,1000000.0,0.0,1100149.9139227623,-0.011724353583100186
2017-09-01,0.0,1000000.0,0.0,1108509.157063713,-0.007598276412297961
2017-09-05,0.0,1000000.0,0.0,1089953.3537839025,0.01673942263946851
2017-09-06,0.0,1000000.0,0.0,1094727.6162469038,-0.004380244756738233
2017-09-07,0.0,1000000.0,0.0,1102943.7724059692,-0.007505205895173547
2017-09-08,0.0,1000000.0,0.0,1087510.8569568545,0.013992477073830528
2017-09-11,0.0,1000000.0,0.0,1112478.342847322,-0.02295837851249896
2017-09-12,0.0,1000000.0,0.0,1114245.6669240813,-0.0015886368378512372
2017-09-13,0.0,1000000.0,0.0,1113668.4202272324,0.0005180605264925586
2017-09-14,0.0,1000000.0,0.0,1117986.5781890799,-0.003877417984938805
2017-09-15,0.0,1000000.0,0.0,1134562.8071759068,-0.014826858667370796
2017-09-18,0.0,1000000.0,0.0,1161982.4642930557,-0.024167597372066446
2017-09-19,0.0,1000000.0,0.0,1166856.0665761982,-0.004194213280238876
2017-09-20,0.0,1000000.0,0.0,1157801.0894648994,0.007760149148359083
2017-09-21,0.0,1000000.0,0.0,1149718.585793959,0.006980908676356326
2017-09-22,0.0,1000000.0,0.0,1151099.5244601825,-0.0012011101527681367
2017-09-25,0.0,1000000.0,0.0,1114403.9838434707,0.0318786862794688
2017-09-26,0.0,1000000.0,0.0,1110866.8197856657,0.003174041109944445
2017-09-27,0.0,1000000.0,0.0,1151778.5017495605,-0.03682861098667836
2017-09-28,0.0,1000000.0,0.0,1166013.073234939,-0.012358775114968773
2017-09-29,0.0,1000000.0,0.0,1183099.037239141,-0.014653321130267655
2017-10-02,0.0,1000000.0,0.0,1186671.3022120788,-0.0030194133039563587
2017-10-03,0.0,1000000.0,0.0,1195452.8510903146,-0.007400152731313364
2017-10-04,0.0,1000000.0,0.0,1193447.5985989484,0.0016773998987389127
2017-10-05,0.0,1000000.0,0.0,1190162.9982029365,0.0027521949014501362
2017-10-06,0.0,1000000.0,0.0,1197023.6214930124,-0.005764440081261951
2017-10-09,0.0,1000000.0,0.0,1210907.7811112604,-0.01159890195059897
2017-10-10,0.0,1000000.0,0.0,1221503.2845517644,-0.008750049843416194
2017-10-11,0.0,1000000.0,0.0,1236381.7316636504,-0.012180439709047322
2017-10-12,0.0,1000000.0,0.0,1237051.5052833445,-0.0005417207344151909
2017-10-13,0.0,1000000.0,0.0,1247062.8953370184,-0.00809294520956963
2017-10-16,0.0,1000000.0,0.0,1259293.6697522015,-0.009807664441718197
2017-10-17,0.0,1000000.0,0.0,1254501.3748162957,0.0038055419883503555
2017-10-18,0.0,1000000.0,0.0,1261389.726284987,-0.005490907867438874
2017-10-19,0.0,1000000.0,0.0,1261782.7932009338,-0.00031161417265085367
2017-10-20,0.0,1000000.0,0.0,1265238.6598538866,-0.002738876034428836
2017-10-23,0.0,1000000.0,0.0,1272714.6670480282,-0.005908772337864798
2017-10-24,0.0,1000000.0,0.0,1279183.6315592586,-0.005082808172734127
2017-10-25,0.0,1000000.0,0.0,1243530.3621303798,0.02787189309592665
2017-10-26,0.0,1000000.0,0.0,1243246.5524666584,0.00022822897804845865
2017-10-27,0.0,1000000.0,0.0,1260312.5945904593,-0.013726997344123568
2017-10-30,0.0,1000000.0,0.0,1252977.975234636,0.005819682662305231
2017-10-31,0.0,1000000.0,0.0,1274818.655676647,-0.01743101704395164
2017-11-01,0.0,1000000.0,0.0,1263183.6870797276,0.009126763673491758
2017-11-02,0.0,1000000.0,0.0,1268461.000142758,-0.004177787535580527
2017-11-03,0.0,1000000.0,0.0,1284091.1388019356,-0.012322127883646769
2017-11-06,0.0,1000000.0,0.0,1297373.138966091,-0.010343502702267401
2017-11-07,0.0,1000000.0,0.0,1301321.0868342316,-0.0030430319154649416
2017-11-08,0.0,1000000.0,0.0,1296497.826896406,0.003706433398047271
2017-11-09,0.0,1000000.0,0.0,1265126.6688978618,0.024196845800845995
2017-11-10,0.0,1000000.0,0.0,1284767.9149764671,-0.015525122156911209
2017-11-13,0.0,1000000.0,0.0,1286485.9824879444,-0.0013372590422362357
2017-11-14,0.0,1000000.0,0.0,1286328.655254134,0.00012229222545130647
2017-11-15,0.0,1000000.0,0.0,1276487.856544689,0.007650298910196321
2017-11-16,0.0,1000000.0,0.0,1302784.1062419182,-0.020600469924101
2017-11-17,0.0,1000000.0,0.0,1296928.2260067484,0.004494896895896314
2017-11-20,0.0,1000000.0,0.0,1313870.9199898173,-0.013063709805465257
2017-11-21,0.0,1000000.0,0.0,1334526.3639992843,-0.01572106033797227
2017-11-22,0.0,1000000.0,0.0,1323176.6684618643,0.008504661911217279
2017-11-24,0.0,1000000.0,0.0,1338155.6413185054,-0.011320463256092095
2017-11-27,0.0,1000000.0,0.0,1318092.324158348,0.014993261277431627
2017-11-28,0.0,1000000.0,0.0,1307271.1217475038,0.008209745411994596
2017-11-29,0.0,1000000.0,0.0,1230096.7345341165,0.05903472197123412
2017-11-30,0.0,1000000.0,0.0,1234464.4136237032,-0.003550679362823453
2017-12-01,0.0,1000000.0,0.0,1216401.571553549,0.014632128614491063
2017-12-04,0.0,1000000.0,0.0,1170073.3477485823,0.03808629065301013
2017-12-05,0.0,1000000.0,0.0,1174335.6312149474,-0.0036427489563507776
2017-12-06,0.0,1000000.0,0.0,1183365.5611653,-0.00768939450556419
2017-12-07,0.0,1000000.0,0.0,1202115.386972634,-0.015844491696099777
2017-12-08,0.0,1000000.0,0.0,1193146.9067622896,0.007460581827282431
2017-12-11,0.0,1000000.0,0.0,1202227.270806575,-0.007610432540051407
2017-12-12,0.0,1000000.0,0.0,1181296.710010203,0.01740982034314502
2017-12-13,0.0,1000000.0,0.0,1185022.929328699,-0.003154346648831144
2017-12-14,0.0,1000000.0,0.0,1186121.546843541,-0.0009270854492787056
2017-12-15,0.0,1000000.0,0.0,1205721.7587530669,-0.016524623434828467
2017-12-18,0.0,1000000.0,0.0,1232245.351391968,-0.02199810399567756
2017-12-19,0.0,1000000.0,0.0,1227641.9539337999,0.0037357799345462267
2017-12-20,0.0,1000000.0,0.0,1237883.9480544997,-0.008342818594526374
2017-12-21,0.0,1000000.0,0.0,1220947.9782673845,0.013681387349543064
2017-12-22,0.0,1000000.0,0.0,1218521.7606688142,0.0019871588648791433
2017-12-26,0.0,1000000.0,0.0,1200773.1289593675,0.014565707632258243
2017-12-27,0.0,1000000.0,0.0,1207022.8553805249,-0.00520475206384205
2017-12-28,0.0,1000000.0,0.0,1208804.776067804,-0.00147629407292163
2017-12-29,0.0,1000000.0,0.0,1193794.4631439408,0.012417483137923485
2018-01-02,0.0,1000000.0,0.0,1241934.7550654477,-0.04032544412605679
2018-01-03,0.0,1000000.0,0.0,1275748.2357204969,-0.02722645494631265
2018-01-04,0.0,1000000.0,0.0,1293538.8680020634,-0.013945253290135962
2018-01-05,0.0,1000000.0,0.0,1298065.3744005018,-0.0034993199743813264
2018-01-08,0.0,1000000.0,0.0,1313923.6762425008,-0.012216874554044063
2018-01-09,0.0,1000000.0,0.0,1290888.833949043,0.017531339688871342
2018-01-10,0.0,1000000.0,0.0,1277272.8605847198,0.010547750515952331
2018-01-11,0.0,1000000.0,0.0,1273194.2995158774,0.0031931791512233715
2018-01-12,0.0,1000000.0,0.0,1274202.8861190642,-0.0007921702159446459
2018-01-16,0.0,1000000.0,0.0,1284068.6977556555,-0.007742732137925312
2018-01-17,0.0,1000000.0,0.0,1332833.8120969825,-0.037977029131354645
2018-01-18,0.0,1000000.0,0.0,1347611.214935694,-0.011087205850113871
2018-01-19,0.0,1000000.0,0.0,1350482.9692596055,-0.002130996159785223
2018-01-22,0.0,1000000.0,0.0,1359720.4562682766,-0.0068401358765269316
2018-01-23,0.0,1000000.0,0.0,1377463.0058212054,-0.01304867443240712
2018-01-24,0.0,1000000.0,0.0,1351610.6425525236,0.018768099875952224
2018-01-25,0.0,1000000.0,0.0,1327635.1722358034,0.017738444461670097
2018-01-26,0.0,1000000.0,0.0,1358440.617491431,-0.023203245816205142
2018-01-29,0.0,1000000.0,0.0,1346579.418967765,0.008731481060666069
2018-01-30,0.0,1000000.0,0.0,1313511.7043662583,0.024556824599959545
2018-01-31,0.0,1000000.0,0.0,1344533.8728547858,-0.023617732819133846
2018-02-01,0.0,1000000.0,0.0,1319959.318206978,0.018277378609755535
2018-02-02,0.0,1000000.0,0.0,1270593.072744019,0.037399823450633016
2018-02-05,0.0,1000000.0,0.0,1208224.2920508075,0.049086353476268926
2018-02-06,0.0,1000000.0,0.0,1264378.1026249628,-0.04647631316768294
2018-02-07,0.0,1000000.0,0.0,1234528.0275159506,0.023608503696039007
2018-02-08,0.0,1000000.0,0.0,1180055.858162448,0.04412388227678278
2018-02-09,0.0,1000000.0,0.0,1214404.9672675559,-0.029108036596331377
2018-02-12,0.0,1000000.0,0.0,1246194.9846258208,-0.02617744345182732
2018-02-13,0.0,1000000.0,0.0,1251563.2762520541,-0.004307746133198731
2018-02-14,0.0,1000000.0,0.0,1291915.5790331026,-0.032241520302423804
2018-02-15,0.0,1000000.0,0.0,1311545.5709989532,-0.01519448506112292
2018-02-16,0.0,1000000.0,0.0,1308265.7449515176,0.002500733577208078
2018-02-20,0.0,1000000.0,0.0,1331318.832518192,-0.017621104623150308
2018-02-21,0.0,1000000.0,0.0,1310749.4764469955,0.015450360626454496
2018-02-22,0.0,1000000.0,0.0,1308595.1879268934,0.0016435547439177939
2018-02-23,0.0,1000000.0,0.0,1341287.3439275355,-0.024982635044252077
2018-02-26,0.0,1000000.0,0.0,1366608.3179113036,-0.018878112954994183
2018-02-27,0.0,1000000.0,0.0,1355528.1402840214,0.008107793200188396
2018-02-28,0.0,1000000.0,0.0,1339889.8789626649,0.011536655607960994
2018-03-01,0.0,1000000.0,0.0,1315511.1418215965,0.01819458264730095
2018-03-02,0.0,1000000.0,0.0,1336734.456301325,-0.016133131681682525
2018-03-05,0.0,1000000.0,0.0,1353285.6474464159,-0.012381809316778639
2018-03-06,0.0,1000000.0,0.0,1383377.7461411965,-0.02223632442386643
2018-03-07,0.0,1000000.0,0.0,1395128.0455974275,-0.008493919675235079
2018-03-08,0.0,1000000.0,0.0,1393000.6426858357,0.0015248800411584995
2018-03-09,0.0,1000000.0,0.0,1418331.0333030245,-0.018184048047780857
2018-03-12,0.0,1000000.0,0.0,1445837.4893685654,-0.019393537488553145
2018-03-13,0.0,1000000.0,0.0,1434087.276308268,0.008126925153551345
2018-03-14,0.0,1000000.0,0.0,1435363.4415222264,-0.0008898797409622877
2018-03-15,0.0,1000000.0,0.0,1443098.6956804527,-0.005389056133422998
2018-03-16,0.0,1000000.0,0.0,1435606.3976369104,0.0051918126362172495
2018-03-19,0.0,1000000.0,0.0,1410978.8957999104,0.017154772977842916
2018-03-20,0.0,1000000.0,0.0,1417659.9240408747,-0.004735030595320738
2018-03-21,0.0,1000000.0,0.0,1433623.5807313877,-0.011260568504335211
2018-03-22,0.0,1000000.0,0.0,1390608.239563855,0.030004627257587124
2018-03-23,0.0,1000000.0,0.0,1335493.393205935,0.039633625625004235
2018-03-26,0.0,1000000.0,0.0,1381619.3798788488,-0.03453853602539032
2018-03-27,0.0,1000000.0,0.0,1320134.738334272,0.04450186675144059
2018-03-28,0.0,1000000.0,0.0,1289528.7989663105,0.023183951212873796
2018-03-29,0.0,1000000.0,0.0,1319973.3334931282,-0.023609038085246614
2018-04-02,0.0,1000000.0,0.0,1266819.7240176566,0.04026869947047172
2018-04-03,0.0,1000000.0,0.0,1296771.8470596857,-0.02364355596472495
2018-04-04,0.0,1000000.0,0.0,1315613.7983646155,-0.01452988923815117
2018-04-05,0.0,1000000.0,0.0,1293728.7054467215,0.016634891595921603
2018-04-06,0.0,1000000.0,0.0,1256245.600652764,0.028972925031461372
2018-04-09,0.0,1000000.0,0.0,1267823.1163527519,-0.009215965169527315
2018-04-10,0.0,1000000.0,0.0,1314798.1022350208,-0.03705168747625129
2018-04-11,0.0,1000000.0,0.0,1311611.8087037755,0.0024234089825874716
2018-04-12,0.0,1000000.0,0.0,1339211.1302105808,-0.021042294163301778
2018-04-13,0.0,1000000.0,0.0,1330632.3238012968,0.00640586552468024
2018-04-16,0.0,1000000.0,0.0,1337020.1192092516,-0.00480057134769328
2018-04-17,0.0,1000000.0,0.0,1364858.997186967,-0.020821584939335017
2018-04-18,0.0,1000000.0,0.0,1342882.5919144524,0.016101593877322698
2018-04-19,0.0,1000000.0,0.0,1280472.397150392,0.046474796188315154
2018-04-20,0.0,1000000.0,0.0,1268979.1279200632,0.008975803973522878
2018-04-23,0.0,1000000.0,0.0,1253876.133593054,0.011901688526401638
2018-04-24,0.0,1000000.0,0.0,1236018.2723795974,0.014242125466001024
2018-04-25,0.0,1000000.0,0.0,1226871.4917397483,0.007400198560365515
2018-04-26,0.0,1000000.0,0.0,1273565.1593907243,-0.03805913493414259
2018-04-27,0.0,1000000.0,0.0,1260793.2501114814,0.010028469438778498
2018-04-30,0.0,1000000.0,0.0,1246606.401099696,0.011252319926784854
2018-05-01,0.0,1000000.0,0.0,1267931.8397971531,-0.017106793835363593
2018-05-02,0.0,1000000.0,0.0,1253275.4562701378,0.011559283446466742
2018-05-03,0.0,1000000.0,0.0,1261349.9924289018,-0.006442746579267161
2018-05-04,0.0,1000000.0,0.0,1292506.8601211836,-0.024701207340783377
2018-05-07,0.0,1000000.0,0.0,1307664.999952698,-0.011727705514919362
2018-05-08,0.0,1000000.0,0.0,1317470.9808448683,-0.007498847864342184
2018-05-09,0.0,1000000.0,0.0,1343936.608242731,-0.020088205192110492
2018-05-10,0.0,1000000.0,0.0,1371005.3499808428,-0.020141382839109906
2018-05-11,0.0,1000000.0,0.0,1356420.329186962,0.010638193931252524
2018-05-14,0.0,1000000.0,0.0,1372001.231198071,-0.01148678007535342
2018-05-15,0.0,1000000.0,0.0,1359869.3517869608,0.008842469769882122
2018-05-16,0.0,1000000.0,0.0,1384306.2057362776,-0.017970001248432566
2018-05-17,0.0,1000000.0,0.0,1368401.5430383377,0.011489266342976923
2018-05-18,0.0,1000000.0,0.0,1335680.536575988,0.023911845633919543
2018-05-21,0.0,1000000.0,0.0,1357429.06480699,-0.016282732012217874
2018-05-22,0.0,1000000.0,0.0,1370932.8916744853,-0.0099480902668128
2018-05-23,0.0,1000000.0,0.0,1379593.9761434598,-0.006317657502837776
2018-05-24,0.0,1000000.0,0.0,1391541.3209221447,-0.008660044176245982
2018-05-25,0.0,1000000.0,0.0,1397240.0005604723,-0.004095228472663026
2018-05-29,0.0,1000000.0,0.0,1390475.409557965,0.004841395178919808
2018-05-30,0.0,1000000.0,0.0,1401256.8500201474,-0.007753780029529672
2018-05-31,0.0,1000000.0,0.0,1382823.5396675796,0.013154840493591669
2018-06-01,0.0,1000000.0,0.0,1417331.0948848296,-0.024954416979006216
2018-06-04,0.0,1000000.0,0.0,1437190.1070804417,-0.014011554722311304
2018-06-05,0.0,1000000.0,0.0,1442398.525173241,-0.0036240286285992296
2018-06-06,0.0,1000000.0,0.0,1455901.2496947814,-0.009361299450801067
2018-06-07,0.0,1000000.0,0.0,1427141.3880304527,0.019753992017218197
2018-06-08,0.0,1000000.0,0.0,1427914.6371039029,-0.000541816725333169
2018-06-11,0.0,1000000.0,0.0,1427957.832714625,-3.0250835448872304e-05
2018-06-12,0.0,1000000.0,0.0,1436024.9752381265,-0.005649426291647011
2018-06-13,0.0,1000000.0,0.0,1442489.681307567,-0.00450180615303622
2018-06-14,0.0,1000000.0,0.0,1437365.4913988404,0.0035523234412892096
2018-06-15,0.0,1000000.0,0.0,1430967.5484380524,0.004451159429576718
2018-06-18,0.0,1000000.0,0.0,1423221.1528290543,0.005413397122424959
2018-06-19,0.0,1000000.0,0.0,1410576.4396059453,0.008884573699578735
2018-06-20,0.0,1000000.0,0.0,1413966.6878164131,-0.002403448771209557
2018-06-21,0.0,1000000.0,0.0,1400134.591842561,0.00978247655552146
2018-06-22,0.0,1000000.0,0.0,1389898.9080148842,0.007310499924301328
2018-06-25,0.0,1000000.0,0.0,1339623.8108332343,0.03617176536490348
2018-06-26,0.0,1000000.0,0.0,1353487.0149754311,-0.010348579974533312
2018-06-27,0.0,1000000.0,0.0,1316065.9186052778,0.02764791679278321
2018-06-28,0.0,1000000.0,0.0,1327590.9328349773,-0.0087571709492434
2018-06-29,0.0,1000000.0,0.0,1329523.3061525412,-0.0014555487460564537
2018-07-02,0.0,1000000.0,0.0,1337198.2666392063,-0.005772716018702689
2018-07-03,0.0,1000000.0,0.0,1307853.508952524,0.021944956420288292
2018-07-05,0.0,1000000.0,0.0,1337421.978950162,-0.022608395967312733
2018-07-06,0.0,1000000.0,0.0,1361417.7185847163,-0.017941786520803443
2018-07-09,0.0,1000000.0,0.0,1377252.8822510792,-0.011631377680925564
2018-07-10,0.0,1000000.0,0.0,1387047.5577786814,-0.0071117480702548586
2018-07-11,0.0,1000000.0,0.0,1348222.9961986619,0.027990793367024924
2018-07-12,0.0,1000000.0,0.0,1344920.2840721826,0.002449677935913705
2018-07-13,0.0,1000000.0,0.0,1341478.0786730438,0.002559412211939005
2018-07-16,0.0,1000000.0,0.0,1345471.2891525442,-0.0029767243632117524
2018-07-17,0.0,1000000.0,0.0,1372370.7043405664,-0.019992559785474928
2018-07-18,0.0,1000000.0,0.0,1393240.070847797,-0.015206799767165213
2018-07-19,0.0,1000000.0,0.0,1385081.4702894965,0.00585584690607982
2018-07-20,0.0,1000000.0,0.0,1385980.5009345596,-0.0006490814182036342
2018-07-23,0.0,1000000.0,0.0,1386293.8970610609,-0.00022611871255763527
2018-07-24,0.0,1000000.0,0.0,1367416.1721021752,0.013617404649119938
2018-07-25,0.0,1000000.0,0.0,1381539.7073580248,-0.010328629676901638
2018-07-26,0.0,1000000.0,0.0,1414266.247107336,-0.023688453958297884
2018-07-27,0.0,1000000.0,0.0,1433920.275699128,-0.013896979180540489
2018-07-30,0.0,1000000.0,0.0,1429000.5647163833,0.003430951543206162
2018-07-31,0.0,1000000.0,0.0,1421507.0795036769,0.005243864416662233
2018-08-01,0.0,1000000.0,0.0,1414079.606190455,0.0052250695197487845
2018-08-02,0.0,1000000.0,0.0,1425591.0451210132,-0.008140587616258868
2018-08-03,0.0,1000000.0,0.0,1425658.3806634557,-4.7233421304748724e-05
2018-08-06,0.0,1000000.0,0.0,1434558.0413056782,-0.0062424917237754035
2018-08-07,0.0,1000000.0,0.0,1440847.9937716762,-0.004384592525983416
2018-08-08,0.0,1000000.0,0.0,1451249.4750294916,-0.007218999715985136
2018-08-09,0.0,1000000.0,0.0,1426415.8676522449,0.017111880351751332
2018-08-10,0.0,1000000.0,0.0,1400399.6202689263,0.01823889370085266
2018-08-13,0.0,1000000.0,0.0,1406231.6995755136,-0.0041645821822397094
2018-08-14,0.0,1000000.0,0.0,1407524.8984627344,-0.0009196200651793579
2018-08-15,0.0,1000000.0,0.0,1375407.5046398723,0.022818348618869763
2018-08-16,0.0,1000000.0,0.0,1373054.8975288195,0.0017104800599941905
2018-08-17,0.0,1000000.0,0.0,1349889.8797934572,0.016871151894257044
2018-08-20,0.0,1000000.0,0.0,1357267.6472313036,-0.005465458737252862
2018-08-21,0.0,1000000.0,0.0,1382465.67799781,-0.018565262951568934
2018-08-22,0.0,1000000.0,0.0,1388540.5601914166,-0.004394237260490028
2018-08-23,0.0,1000000.0,0.0,1396092.8854330478,-0.005439038266617208
2018-08-24,0.0,1000000.0,0.0,1424101.5658570942,-0.020062189784283965
2018-08-27,0.0,1000000.0,0.0,1458493.207694928,-0.02414971141270761
2018-08-28,0.0,1000000.0,0.0,1456507.192562383,0.0013616896685339358
2018-08-29,0.0,1000000.0,0.0,1464046.2952554068,-0.005176152051649355
2018-08-30,0.0,1000000.0,0.0,1461843.826332876,0.001504371091043108
2018-08-31,0.0,1000000.0,0.0,1467566.9440775046,-0.003914999428485819
2018-09-04,0.0,1000000.0,0.0,1483137.3744793634,-0.010609690048344889
2018-09-05,0.0,1000000.0,0.0,1471783.6120656915,0.00765523316250967
2018-09-06,0.0,1000000.0,0.0,1407763.308269075,0.04349844859786314
2018-09-07,0.0,1000000.0,0.0,1416210.5070678452,-0.0060004396684815164
2018-09-10,0.0,1000000.0,0.0,1443006.3869706157,-0.018920831168135643
2018-09-11,0.0,1000000.0,0.0,1423939.7054720775,0.013213165007928962
2018-09-12,0.0,1000000.0,0.0,1404233.5543494401,0.013839175245207558
2018-09-13,0.0,1000000.0,0.0,1419084.170943405,-0.010575603002767567
2018-09-14,0.0,1000000.0,0.0,1446551.3179200285,-0.019355544610411224
2018-09-17,0.0,1000000.0,0.0,1431884.7085325571,0.010139017680036486
2018-09-18,0.0,1000000.0,0.0,1446191.8826032456,-0.009991847797125294
2018-09-19,0.0,1000000.0,0.0,1446311.3039016891,-8.257638552676416e-05
2018-09-20,0.0,1000000.0,0.0,1455745.3940343466,-0.006522862752442959
2018-09-21,0.0,1000000.0,0.0,1448234.5281289904,0.00515946396680067
2018-09-24,0.0,1000000.0,0.0,1464560.876883531,-0.011273276832884968
2018-09-25,0.0,1000000.0,0.0,1452117.0722816049,0.008496611372280777
2018-09-26,0.0,1000000.0,0.0,1440769.7720513882,0.007814315007251868
2018-09-27,0.0,1000000.0,0.0,1451168.8246456704,-0.007217705976351782
2018-09-28,0.0,1000000.0,0.0,1451776.5453007075,-0.0004187801203526381
2018-10-01,0.0,1000000.0,0.0,1462840.3299026259,-0.00762085917266736
2018-10-02,0.0,1000000.0,0.0,1448002.2659964631,0.010143324327919243
2018-10-03,0.0,1000000.0,0.0,1447410.7686931584,0.0004084919735244108
2018-10-04,0.0,1000000.0,0.0,1414760.316918684,0.022557833947825304
2018-10-05,0.0,1000000.0,0.0,1389773.9580444116,0.01766119573433632
2018-10-08,0.0,1000000.0,0.0,1367460.298520995,0.016055603426915963
2018-10-09,0.0,1000000.0,0.0,1366530.685111975,0.0006798101634289677
2018-10-10,0.0,1000000.0,0.0,1299577.825713389,0.048994772036970266
2018-10-11,0.0,1000000.0,0.0,1281824.3178362036,0.013660980916967977
2018-10-12,0.0,1000000.0,0.0,1317596.334605961,-0.02790711353498329
2018-10-15,0.0,1000000.0,0.0,1301606.7390574315,0.012135428073508883
2018-10-16,0.0,1000000.0,0.0,1350933.5487404887,-0.037896861012549354
2018-10-17,0.0,1000000.0,0.0,1343973.6821036867,0.005151894142603017
2018-10-18,0.0,1000000.0,0.0,1307164.791448352,0.027388103759382165
2018-10-19,0.0,1000000.0,0.0,1279647.3591474057,0.02105123430570406
2018-10-22,0.0,1000000.0,0.0,1284922.0674369496,-0.0041220014653553655
2018-10-23,0.0,1000000.0,0.0,1270435.714226002,0.011274110374525345
2018-10-24,0.0,1000000.0,0.0,1184098.9693611064,0.06795837357067319
2018-10-25,0.0,1000000.0,0.0,1196712.9842116933,-0.010652838298974912
2018-10-26,0.0,1000000.0,0.0,1155078.6486286267,0.034790577299946585
2018-10-29,0.0,1000000.0,0.0,1122544.4926990496,0.028166182422472666
2018-10-30,0.0,1000000.0,0.0,1170053.0633975272,-0.04232221618605761
2018-10-31,0.0,1000000.0,0.0,1201904.202582283,-0.0272219612777804
2018-11-01,0.0,1000000.0,0.0,1266228.8024341208,-0.05351890750829966
2018-11-02,0.0,1000000.0,0.0,1256033.822354,0.008051451728568082
2018-11-05,0.0,1000000.0,0.0,1237734.4181876532,0.014569196975962692
2018-11-06,0.0,1000000.0,0.0,1260800.7373755695,-0.01863591966820395
2018-11-07,0.0,1000000.0,0.0,1283546.4205249334,-0.018040664535706213
2018-11-08,0.0,1000000.0,0.0,1269489.97230531,0.010951258166319103
2018-11-09,0.0,1000000.0,0.0,1252794.549795074,0.013151283487429444
2018-11-12,0.0,1000000.0,0.0,1186098.3326111317,0.05323795285895205
2018-11-13,0.0,1000000.0,0.0,1208730.1259153562,-0.019080874394622943
2018-11-14,0.0,1000000.0,0.0,1220548.3436560107,-0.009777383294475805
2018-11-15,0.0,1000000.0,0.0,1260720.9458328108,-0.032913569040999735
2018-11-16,0.0,1000000.0,0.0,1213797.0784389053,0.037219868162742545
2018-11-19,0.0,1000000.0,0.0,1151962.865496106,0.05094279269672136
2018-11-20,0.0,1000000.0,0.0,1155136.9293744739,-0.0027553526015794555
2018-11-21,0.0,1000000.0,0.0,1153778.7146385913,0.0011758040984959223
2018-11-23,0.0,1000000.0,0.0,1156879.4940121344,-0.0026874992008449616
2018-11-26,0.0,1000000.0,0.0,1187913.5316385608,-0.02682564414621824
2018-11-27,0.0,1000000.0,0.0,1197630.7001993435,-0.008180030197466923
2018-11-28,0.0,1000000.0,0.0,1235254.1512182304,-0.0314149019498452
2018-11-29,0.0,1000000.0,0.0,1224357.6102584328,0.008821294750599465
2018-11-30,0.0,1000000.0,0.0,1238808.7921089125,-0.011803072672067996
2018-12-03,0.0,1000000.0,0.0,1290342.36187082,-0.041599292877295385
2018-12-04,0.0,1000000.0,0.0,1205869.734656721,0.06546528247869443
2018-12-06,0.0,1000000.0,0.0,1196002.8612026847,0.00818237092321164
2018-12-07,0.0,1000000.0,0.0,1144571.1526374945,0.043002997930515985
2018-12-10,0.0,1000000.0,0.0,1160582.2142937558,-0.013988699277774172
2018-12-11,0.0,1000000.0,0.0,1164302.1605483934,-0.003205241480373197
2018-12-12,0.0,1000000.0,0.0,1183845.4870550337,-0.016785442103306875
2018-12-13,0.0,1000000.0,0.0,1174135.2412725242,0.00820229150568022
2018-12-14,0.0,1000000.0,0.0,1152534.4650873956,0.018397178984013718
2018-12-17,0.0,1000000.0,0.0,1139032.0353988172,0.011715423787829707
2018-12-18,0.0,1000000.0,0.0,1156269.3596528124,-0.015133309440203621
2018-12-19,0.0,1000000.0,0.0,1098704.325373015,0.04978514201663384
2018-12-20,0.0,1000000.0,0.0,1083879.694385499,0.013492830277593515
2018-12-21,0.0,1000000.0,0.0,1060042.8505722985,0.02199214907030314
2018-12-24,0.0,1000000.0,0.0,1029170.0770333189,0.029124080712691874
2018-12-26,0.0,1000000.0,0.0,1088689.8465090813,-0.05783278274795314
2018-12-27,0.0,1000000.0,0.0,1097629.2481311536,-0.008211155501024359
2018-12-28,0.0,1000000.0,0.0,1110541.281087099,-0.011763564954131778
2018-12-31,0.0,1000000.0,0.0,1118379.266386447,-0.007057806344375736
2019-01-02,0.0,1000000.0,0.0,1132580.5492647223,-0.01269809205615971
2019-01-03,-0.045725017324224626,954274.9826757754,-0.04572501732422458,1059273.710381682,0.019000479622223412
2019-01-04,0.04543858299873893,997635.8856797088,-0.0023641143202912064,1115078.9450828922,-0.007243961799906162
2019-01-07,0.03308874187549593,1030646.4019866965,0.0,1150299.9410940472,0.0015026410290338577
2019-01-08,-0.0033883659304214664,1027154.1948318933,-0.003388365930421487,1135219.777010297,0.009721400961687957
2019-01-09,0.018982430430337427,1046652.077876519,0.0,1169396.5082537076,-0.011123397476764399
2019-01-10,0.0029895993216038086,1049781.148218494,0.0,1178302.7491854755,-0.004626500836817399
2019-01-11,0.008193703476050862,1058382.7436617445,0.0,1186788.385563411,0.0009921278336265937
2019-01-14,-0.01105449442362949,1046682.8575238701,-0.011054494423629503,1168551.925479603,0.004311732871517704
2019-01-15,0.010173628831251946,1057331.4204203521,-0.000993329915560663,1170207.9047553279,0.00875650800023274
2019-01-16,-0.015530886179556891,1040910.1264757344,-0.01650878880126026,1156466.8632349388,-0.00378849282829867
2019-01-17,0.012241769801520919,1053652.7086281225,-0.004469115791946208,1174695.5334019484,-0.0035206102082437074
2019-01-18,0.02350336100614281,1078417.0886141094,0.0,1212819.8352056793,-0.008951262953583922
2019-01-22,-0.022509833505622745,1054142.0994997874,-0.022509833505622735,1169903.9001351418,0.012875418140809503
2019-01-23,0.004616631545853345,1059008.6851701501,-0.017997121567223447,1173619.844287031,0.0014403500141308007
2019-01-24,0.03711374312148541,1098312.4614749772,0.0,1252098.9586955076,-0.02975553724259361
2019-01-25,0.031569153989420506,1132985.2566997802,0.0,1294345.8514641307,-0.002171703692178256
2019-01-28,-0.028607593918919427,1100573.2745599903,-0.028607593918919396,1248486.195568448,0.006823165057754016
2019-01-29,-0.019284395937875898,1079349.3837747308,-0.04734030968883286,1223223.3506747463,0.000950385178145316
2019-01-30,0.06218409726873064,1146467.7508423233,0.0,1284298.4014942958,0.012254498732323038
2019-01-31,0.010366896568744233,1158353.0634347065,0.0,1294997.8118275043,0.0020359585867614632
2019-02-01,0.0041263545751479835,1163132.838897647,0.0,1308648.9633488613,-0.006415092983047058
2019-02-04,0.005092488598387623,1169056.0796181436,0.0,1315189.522787973,9.454062128132212e-05
2019-02-05,-0.0054194578149439065,1162720.4295113494,-0.005419457814943878,1313407.1043940645,-0.004064201889447935
2019-02-06,0.015491321340662445,1180732.5053142628,0.0,1344076.6585647957,-0.007859819419978126
2019-02-07,-0.024284570872081135,1152058.9231079887,-0.024284570872081152,1310018.8381032962,0.0010546240648105637
2019-02-08,0.006531445408110681,1159583.5330711952,-0.01791173881288089,1310884.2373538255,0.005870844792792651
2019-02-11,0.0002844370889913961,1159913.3616357844,-0.017632396486736195,1310269.1438491766,0.0007536573962631382
2019-02-12,0.010003225709441343,1171516.236795624,-0.007805551619150014,1336213.1458366262,-0.0097972878791132
2019-02-13,-0.0019372928757929175,1169246.6667362042,-0.009727722855399478,1344421.5286234503,-0.008080311908646956
2019-02-14,0.005483508355273337,1175658.2406026276,-0.004297556549681526,1351894.2618906382,-7.481774118496543e-05
2019-02-15,0.00654498557134886,1183352.9068242093,0.0,1351546.3863118093,0.006802310118567773
2019-02-19,0.002448015175482876,1186249.7726980667,0.0,1352465.924707284,0.0017676549564127758
2019-02-20,0.006925649695181724,1194465.3230747625,0.0,1361601.674214983,0.00017076638107811626
2019-02-21,-0.004390222785517484,1189221.354196889,-0.004390222785517533,1348955.2383175618,0.004897688750513884
2019-02-22,0.006425386817132672,1196862.5614087984,0.0,1364253.1175944319,-0.0049151520253198355
2019-02-25,0.009465812993381117,1208191.8385938732,0.0,1372299.759260286,0.0035676101144001132
2019-02-26,-0.010227115712882928,1195835.5208572128,-0.010227115712882968,1362988.1532782328,-0.0034417133842601227
2019-02-27,-0.013211733816025362,1180036.4602678993,-0.023303731598404,1340813.0218507333,0.003057763005472683
2019-02-28,-0.00011553377447193203,1179900.12620163,-0.023416573004805066,1334916.8077884119,0.004281957871441977
2019-03-01,0.0044360145390851535,1185134.180316129,-0.01908443472402473,1344704.9882567541,-0.0028964127786579724
2019-03-04,-0.002083989531973307,1182664.3730903664,-0.021128652493809585,1344787.7494579437,-0.002145535523036257
2019-03-05,0.0009355738623360033,1183770.8429657458,-0.02021284604649307,1336133.5868727947,0.007370911028842242
2019-03-06,-0.027461440091622102,1151262.790879433,-0.047119212277328196,1299690.300330197,-0.0001862582530360729
2019-03-07,-0.016937442557313442,1131763.3434905403,-0.06325857588334853,1282374.7268969542,-0.003614596777173823
2019-03-08,0.0023384358613851575,1134409.8994795596,-0.061068066144349245,1287760.6632214,-0.0018615348737511528
2019-03-11,0.023014043397196815,1160517.2581363919,-0.03945944587158138,1320673.8563347482,-0.002544427251389453
2019-03-12,0.0082497182948571,1170091.198592337,-0.031535256889235974,1330489.3845828099,0.000817506169978166
2019-03-13,-0.002047584012611181,1167695.3385608024,-0.033518269814007136,1334423.7392990591,-0.005004657373615912
2019-03-14,0.001211549706629178,1169110.059505668,-0.032347329157337824,1330198.0510166588,0.0043782261962277275
2019-03-15,0.046477799489739624,1223447.72243281,0.0,1380424.3390677255,0.00871929577468808
2019-03-18,-0.0031919381509717404,1219542.5529718574,-0.0031919381509717213,1376860.0615861514,-0.0006099223311250568
2019-03-19,0.034264779027833425,1261329.9090644778,0.0,1412206.4496727067,0.008593042972219953
2019-03-20,-0.011723400763891667,1246542.8330450319,-0.011723400763891662,1398107.49241988,-0.0017397632751278563
2019-03-21,0.04139273627862017,1298140.651793269,0.0,1466785.884555889,-0.007729661325542925
2019-03-22,-0.03132384397414345,1257477.8965600037,-0.031323843974143444,1418111.080020152,0.0018608253414292703
2019-03-25,-0.006538534084982395,1249255.8344722341,-0.03765756603762828,1400875.0270531294,0.00561569925390229
2019-03-26,0.004178135002520733,1254475.3940013458,-0.033636769429879074,1408995.0499291043,-0.0016182584795275123
2019-03-27,-0.016188795194288952,1234166.9487715831,-0.049281025852870176,1388374.381640395,-0.0015537769309196398
2019-03-28,0.0017092860880123517,1236276.4931674032,-0.047655975136751044,1389550.7379083398,0.0008619957004186996
2019-03-29,0.0157525874644715,1255751.0467562927,-0.032654092588825956,1419520.7389850558,-0.0058155354252543145
2019-04-01,0.02606144661951837,1288477.7356287362,-0.007443658860220029,1453169.579995326,0.0023570793030334436
2019-04-02,0.0025802371648140365,1291802.3137682409,-0.0048826281006393675,1455557.2057514554,0.0009371902768264412
2019-04-03,0.03657074413685901,1339044.4856604617,0.0,1503067.6031008763,0.003930050138925306
2019-04-04,-0.0016266355216870698,1336866.3483349672,-0.0016266355216871078,1499554.0319618692,0.0007109646845567669
2019-04-05,0.005855662056192035,1344694.5858851122,0.0,1514398.9357964739,-0.00404388375422661
2019-04-08,-5.882219385278109e-05,1344615.4879995084,-5.882219385282898e-05,1511287.6201321986,0.001995666614037883
2019-04-09,-0.015520598090508209,1323746.2514239955,-0.015578507328731431,1484719.7074098515,0.002059055423773243
2019-04-10,0.007322522379830332,1333439.4129752642,-0.008370058917460045,1496150.8600225868,-0.0003766767051453235
2019-04-11,-0.00271479821014442,1329819.394043583,-0.011062134106636555,1495819.8267056916,-0.00249354156702071
2019-04-12,0.015604385275491017,1350570.408215059,0.0,1509907.927948094,0.006186070989987039
2019-04-15,-0.00858193634284321,1338979.8989452296,-0.008581936342843188,1494776.3137736134,0.0014396112590981808
2019-04-16,0.0140548215577867,1357799.022494368,0.0,1519329.7843419386,-0.0023713623080381663
2019-04-17,0.005334424084566747,1365042.0983019632,0.0,1526571.4447496368,0.0005680721823465157
2019-04-18,0.008943146481569464,1377249.8697405865,0.0,1532367.7615904908,0.005146195568600825
2019-04-22,-0.0002499302037829443,1376905.6533999823,-0.0002499302037829007,1534201.0108611214,-0.0014462809210072508
2019-04-23,-0.00013575786447017624,1376718.7276288997,-0.0003856541382623625,1533300.7849685017,0.00045101393808151535
2019-04-24,0.003372408690378137,1381361.5858301618,0.0,1541005.0515305242,-0.0016522196392688565
2019-04-25,-0.01300663963495996,1363394.713477692,-0.01300663963495995,1534769.336355693,-0.008960114824000956
2019-04-26,0.001903183913664952,1365989.5043643587,-0.011128209748619057,1526438.1731762888,0.007331467488307167
2019-04-29,-0.0014157422775286088,1364055.6152723697,-0.012528197349133378,1524682.5786696717,-0.0002656174067884737
2019-04-30,0.006791577927144132,1373319.7052804506,-0.005821705650572452,1531940.3021236495,0.0020314242036652552
2019-05-01,-0.009470890567351176,1360313.1446377526,-0.0152374594807917,1516838.8193479048,0.0003868582984567076
2019-05-02,0.013903738692806256,1379226.5831411856,-0.0015455784429484894,1537481.8127555354,0.000294518553974929
2019-05-03,0.00433069308789924,1385199.590171442,0.0,1546152.5234733766,-0.001308860268703485
2019-05-06,-0.01961833915260547,1358024.2748174085,-0.019618339152605416,1515341.5493147084,0.0003091736191955935
2019-05-07,-0.015704685342303737,1336696.930894191,-0.035014924651578884,1478929.883600407,0.008324000290165154
2019-05-08,0.0014457881656817495,1338629.511497981,-0.033619760649580575,1476237.7860659827,0.00326608915782238
2019-05-09,-0.003932990351292465,1333364.694545304,-0.037420524806625534,1463303.1855091017,0.004828877607222823
2019-05-10,0.00403570752588811,1338745.7644778339,-0.03353583557432224,1461971.4664718476,0.00494578484304424
2019-05-13,-0.044849589587440564,1278703.5663790787,-0.07688135669978256,1393814.982860569,0.0017699821171698188
2019-05-14,0.033250322130653265,1321220.871870798,-0.04618736444523882,1434368.8123189146,0.004154760698879989
2019-05-15,0.0075431089018291875,1331186.9847906893,-0.03899265186330846,1446148.9217241316,-0.000669638966114175
2019-05-16,-0.0026387693364278153,1327674.289394172,-0.041528528585653326,1439495.7384215419,0.0019618518047597733
2019-05-17,-0.01940913928041521,1301905.274192294,-0.060131634870638904,1419432.6293508632,-0.005471543957848671
2019-05-20,-0.04513999724859996,1243137.2736973162,-0.1025572902866244,1355236.5505323901,8.65795476733544e-05
2019-05-21,0.017047720554360213,1264329.9305500172,-0.08725793775788301,1382443.2689841322,-0.00302753379223622
2019-05-22,-0.010286760795531813,1251324.0709878178,-0.09664709702018805,1365499.8222427145,0.0019693998163018978
2019-05-23,-0.024326862493204482,1220883.2823784603,-0.11862283887381507,1334878.6287232847,-0.001901965015637025
2019-05-24,-0.0034314600999764133,1216693.8701082503,-0.1216472494352501,1325972.455997212,0.0032404369058141314
2019-05-28,0.020673177795241804,1241846.7988073789,-0.10348890685588545,1328024.1812298545,0.019125841556571974
2019-05-29,-0.01133494804851276,1227770.5298586853,-0.11365081352158937,1318975.9491187846,-0.004521644315827356
2019-05-30,0.005929368706525828,1235050.434017224,-0.1083953223922297,1324368.018859532,0.0018412958767294596
2019-05-31,-0.010671625065139745,1221870.438848854,-0.11791019321798464,1301236.4015622805,0.006794530087996006
2019-06-03,0.004920036769753278,1227882.0863358648,-0.11357027893439266,1301037.9481215696,0.005072548212310957
2019-06-04,0.03592202571637415,1271990.098217897,-0.08172792769851558,1359423.337048177,-0.008953981944204742
2019-06-05,-0.0029175126196084866,1268279.0510543291,-0.08440699805768918,1349271.7581600365,0.004550049994244715
2019-06-06,0.030452661391206615,1306901.5235456475,-0.056524754397381596,1380012.6331607113,0.0076693526805913514
2019-06-07,0.011625185940130178,1322094.496762305,-0.045556679237341205,1396877.4565209788,-0.0005955886781725817
2019-06-10,0.02225958064615785,1351523.765834827,-0.02431117116663814,1429194.7640873762,-0.0008758113780545362
2019-06-11,-0.0012521001898442297,1349831.5226710462,-0.025532831334449287,1434728.4012876898,-0.005123956804045607
2019-06-12,-0.021227115146203235,1321178.4935113331,-0.04621795812990753,1392105.2703069972,0.008481037938685668
2019-06-13,-0.004050978164831909,1315826.4282822732,-0.050081708355532044,1395538.2244209729,-0.006516994339900897
2019-06-14,-0.036388868426506016,1267944.9935113902,-0.084648160086114,1354710.5641185343,-0.007133016033513809
2019-06-17,-0.01664148518349462,1246844.5056883842,-0.0998809741677255,1337518.4259560895,-0.00395084954677373
2019-06-18,0.04335081174728672,1300896.22713262,-0.06086008372871947,1397424.681290315,-0.0014382948337333945
2019-06-19,0.0024517265516819098,1304085.668953664,-0.058557569460252853,1400438.2820504808,0.0002951875979093077
2019-06-20,0.007837910935233339,1314306.9762788368,-0.05117862753903277,1415299.9110888527,-0.002774216160158452
2019-06-21,-0.010827863798259618,1300075.8393505872,-0.06145233612891784,1399704.779460574,0.00019109515601654914
2019-06-24,0.008277055849858383,1310836.6396819437,-0.053683924697302675,1404207.121949309,0.005060418631208416
2019-06-25,-0.01977971947062218,1284908.6586772217,-0.07240179119733024,1381425.8883256405,-0.0035561629399846056
2019-06-26,0.02218458446734939,1313413.8233484752,-0.05182341038238543,1440048.7120310017,-0.02025187499151812
2019-06-27,0.020373893805573307,1340173.177108149,-0.03250536123658546,1469483.9902211325,-6.658014798902046e-05
2019-06-28,-0.0014367631150885574,1338247.665719449,-0.03389542184760663,1475567.1205758746,-0.005576400154500283
2019-07-01,0.03601892242523097,1386449.9045767444,0.0,1521305.3609104021,0.0050218639405736065
2019-07-02,-0.012643409124067695,1368920.451203156,-0.01264340912406769,1499921.4473135858,0.0014128836796462874
2019-07-03,-0.015011306025869864,1348371.1673850736,-0.02746492106636589,1488579.6545065274,-0.007449714832296256
2019-07-05,-0.0035567070239759246,1343575.4061831085,-0.030923943412672163,1475794.3256030648,0.0050322380585100385
2019-07-08,-0.009216104694399041,1331192.8745749053,-0.03985504980701631,1466283.3543849944,-0.0027714592224199613
2019-07-09,0.013634212591926431,1349342.6412277173,-0.026764229437020483,1481664.555847521,0.0031442882423604185
2019-07-10,0.011823765435475142,1365296.9521096782,-0.015256917972469992,1505249.4785668747,-0.004094090347923282
2019-07-11,-0.0019081050921817555,1362691.8220430175,-0.01713591126177747,1516588.6819817047,-0.009441210784153595
2019-07-12,0.020024262898358014,1389978.7213370495,0.0,1542544.4052037445,0.002909719231762767
2019-07-15,0.01693602411993922,1413519.4344878162,0.0,1552533.7253019768,0.010460152135616713
2019-07-16,-0.011575847964960695,1397156.748418668,-0.011575847964960658,1534599.3428202257,-2.416171849108084e-05
2019-07-17,0.000655838860244895,1398073.0581081344,-0.010927600995651461,1552243.1094104375,-0.010841472586394202
2019-07-18,0.017310837230146703,1422274.8732528978,0.0,1588380.794327259,-0.0059701067777460926
2019-07-19,0.0005287987987891984,1423026.970497422,0.0,1586375.7105277274,0.00179114332391353
2019-07-22,0.02302484117503445,1455791.9404809156,0.0,1631300.694742396,-0.005294417570879978
2019-07-23,0.010701548037993724,1471371.1678652964,0.0,1647693.9333396798,0.0006523654132829793
2019-07-24,0.016239120772845173,1495264.9419619432,0.0,1677204.2807316897,-0.0016709696844253719
2019-07-25,-0.018224170383778993,1468014.9788907373,-0.01822417038377901,1645760.7628277026,0.0005234075142869221
2019-07-26,0.002105273894317472,1471105.5525022629,-0.01615726335961617,1648698.7133130166,0.00032011134112462647
2019-07-29,-0.00043510640487365304,1470465.465054124,-0.016585339635716855,1644954.6133681445,0.0018358360751798836
2019-07-30,-0.0030264091452711916,1466015.2349228787,-0.019561554757437056,1643921.6332254827,-0.002398440364693874
2019-07-31,-0.03929953999271263,1408401.510568101,-0.05809233464664018,1582189.13242674,-0.0017475669843524666
2019-08-01,-0.016569400026387404,1385065.1425417298,-0.07369917954180062,1553998.7765532602,0.0012479109990281984
2019-08-02,-0.01267516497978538,1367509.2133522634,-0.08544019526201886,1536749.140148155,-0.0015750041139162424
2019-08-05,-0.04721922868333983,1302936.4830804088,-0.12862500382653222,1464683.8414586328,-0.0003245880378442423
2019-08-06,0.011032898734987029,1317311.6493563552,-0.11901121173355055,1487608.171618672,-0.004618485892298671
2019-08-07,0.009555384836754666,1329899.069115895,-0.11059302482479852,1494269.2388552963,0.005077682062793548
2019-08-08,0.05150364591641732,1398393.7198762132,-0.06478532289978312,1550590.676008574,0.013812020010751686
2019-08-09,-0.005898634559660776,1390145.1063521388,-0.07030181251482845,1530860.5875621582,0.006825605790605982
2019-08-12,-0.013313802012773657,1371636.9896371402,-0.08267963011464059,1515096.4952973789,-0.003016265847260974
2019-08-13,0.02210430309715461,1401956.0693953482,-0.06240290262150066,1557523.304052833,-0.0058984075467813785
2019-08-14,-0.045440506757312704,1338250.4751505333,-0.10500778986056518,1492861.2431332876,-0.003924555919666811
2019-08-15,-0.00540179639667826,1331021.518556012,-0.10984235555635154,1491814.3893424335,-0.00470055654892336
2019-08-16,0.02841304566305025,1368839.8937412465,-0.08455026575746089,1533638.5347172471,0.0003772888868678187
2019-08-19,0.01378197213597443,1387705.2070153987,-0.07193356302824498,1567236.7149488172,-0.008125523972790483
2019-08-20,-0.00723880611590666,1377659.87807578,-0.07865165602816379,1553979.7945695359,0.0012199801368861368
2019-08-21,0.01838263487226066,1402984.8965926103,-0.061714845830767535,1576272.235813865,0.004037248064638677
2019-08-22,0.0025861667378539455,1406613.2494658895,-0.05928828397443292,1580098.54688268,0.00015872369731892433
2019-08-23,-0.049016930408765313,1337665.3857047728,-0.10539908469356833,1509037.6319727066,-0.004044472804670254
2019-08-26,0.01602335857438475,1359099.277832463,-0.09106457344664065,1530716.7978545304,0.0016571390563973054
2019-08-27,-0.003972147796620806,1353700.7346306317,-0.0946749992984952,1518695.984159456,0.0038809140577489437
2019-08-28,0.011479652115601757,1369240.7481328258,-0.08428218323888508,1533191.3920702878,0.001935011145964713
2019-08-29,0.02185361592362689,1399163.6095495,-0.06427043777696559,1572519.7048098415,-0.0037976582375513768
2019-08-30,0.00597237202262435,1407519.9351462475,-0.05868191271880226,1585096.0651623583,-0.0020252131993920147
2019-09-03,-0.011887254557441662,1390788.3873824903,-0.0698716004418379,1564493.6710873535,0.001110313557078052
2019-09-04,0.02822421664534991,1430042.3001358106,-0.04361945498471572,1613494.7557752838,-0.003096513884594504
2019-09-05,0.02133404007223927,1460550.8798719053,-0.023215994113049556,1667376.3697279487,-0.012060313246730708
2019-09-06,-0.006572599223057862,1450951.2642936227,-0.029636003911237514,1659120.51243391,-0.0016211932634150744
2019-09-09,0.005499020131279897,1458930.0745054793,-0.02429995276207622,1669628.4022094181,-0.0008343894654063017
2019-09-10,-0.0012242680157606989,1457143.9530780308,-0.025494471122885838,1674286.7117036309,-0.004014295717762059
2019-09-11,0.008115805076989835,1468969.8493703266,-0.017585574204070257,1690744.6009028782,-0.0017139863704385278
2019-09-12,0.00522749607784867,1476648.8834963879,-0.01245000664640014,1695686.0056562475,0.002304875623682784
2019-09-13,-0.0033629371598616897,1471683.0060940096,-0.015771075216270105,1695504.3164661874,-0.0032557892625185714
2019-09-16,-0.003015079258249065,1467245.7651876179,-0.01873860343275436,1686413.1256523794,0.002346859797592485
2019-09-17,0.004773287803178761,1474249.3515028534,-0.014054760376789871,1698470.9926665816,-0.002376720003797933
2019-09-18,-0.00029017787806395745,1473821.5569542972,-0.014340859874310958,1696467.801298856,0.0008892307644002284
2019-09-19,-0.0013127561997972048,1471886.7885680108,-0.015634790021397692,1689672.5541233388,0.002692770560165217
2019-09-20,-0.01024272368070167,1456810.6589034332,-0.025717370868104425,1665006.9928046227,0.004355111419669891
2019-09-23,0.012869965379329829,1475559.7616477592,-0.013178387161494396,1683511.168847388,0.0017563928101265447
2019-09-24,-0.017152894184861767,1450249.6411927755,-0.030105233865847854,1660018.9979135357,-0.0031986232726372854
2019-09-25,0.004154951723361,1456275.358438753,-0.026075367935819938,1679633.2843123227,-0.0076607482315432796
2019-09-26,0.002740864864225978,1460266.812401336,-0.02340597213139102,1684417.445349542,-0.00010747178276901415
2019-09-27,-0.03474715213174706,1409526.6993178853,-0.05733983338869722,1616958.3731137803,0.005301751672952548
2019-09-30,0.008772265969111626,1421891.4424148658,-0.04907056768869581,1633376.7301781084,-0.0013815866824636036
2019-10-01,-0.003237862886186549,1417287.5528852844,-0.05214954680495907,1628635.1555831283,-0.0003349351614461288
2019-10-02,-0.013504805196935088,1398147.360575528,-0.06495008253118469,1607345.3410245941,-0.00043262356954563985
2019-10-03,0.008822098625601793,1410481.95448365,-0.056700979939414045,1637980.9009934263,-0.010237626243046388
2019-10-04,0.01876162180457497,1436944.8834758499,-0.03900316047641117,1663002.7162531745,0.0034856101950545837
2019-10-07,-0.0056614491157362945,1428809.6931359337,-0.04444379518375737,1660896.4872924848,-0.0043949274557866375
2019-10-08,-0.021791900400379705,1397673.2146120183,-0.06526718082607778,1622072.208487588,0.0015835953646731737
2019-10-09,0.020442390583406578,1426244.9963730827,-0.046159007445395646,1649071.755188449,0.0037972951557281587
2019-10-10,0.00881119488529114,1438811.9189902972,-0.037754528570417556,1661477.146504583,0.0012885438683763323
2019-10-11,0.020398180141596667,1468161.0637037377,-0.01812647210376134,1702790.3820111093,-0.004467184749783831
2019-10-14,0.002280424062750308,1471509.0935214008,-0.015887384084169197,1711931.755282903,-0.0030880425250143922
2019-10-15,0.023858976575341195,1506617.7945141294,0.0,1754869.6767551186,-0.0012225848477191714
2019-10-16,-0.027451316738376086,1465259.1522332483,-0.027451316738376138,1721519.7304861657,-0.008447087130500519
2019-10-17,0.004314665835735587,1471581.255837888,-0.023255094161117602,1727659.3630734028,0.0007482631518097721
2019-10-18,-0.006370344262849548,1462206.7766274442,-0.029477295468295833,1705027.908760567,0.0067291444422478836
2019-10-21,0.017931431630707095,1488426.2374724958,-0.01207443394593667,1745638.1961369999,-0.005886528865877122
2019-10-22,-0.013480510488009578,1468361.4919676192,-0.02539217490050126,1729860.2148364927,-0.004441993036098435
2019-10-23,-0.012628855770406289,1449817.7664667415,-0.03770035655639223,1715261.3701790718,-0.0041895353373382765
2019-10-24,0.0647626108324002,1543711.7502543267,0.0,1791394.8195668666,0.020376693495588405
2019-10-25,0.012668962091037406,1563268.9758977878,0.0,1823855.1692637524,-0.005451191736768363
2019-10-28,0.019559581103983925,1593845.8622192026,0.0,1855153.9147750542,0.0023988185397412487
2019-10-29,-0.015117160276518327,1569751.4388639694,-0.01511716027651828,1830126.173488387,-0.001626235837668133
2019-10-30,0.002353786404437397,1573446.2984591133,-0.012798956438413528,1833938.0351205617,0.0002709455121567145
2019-10-31,-0.01128722467242893,1555686.4565784037,-0.023941716413949425,1823977.3524251722,-0.0058559164686407955
2019-11-01,0.02351844732915276,1592273.7865681192,-0.0009863410812476457,1859802.5634931573,0.0038771886148648016
2019-11-04,0.014488898841644504,1615344.080389907,0.0,1901091.918047413,-0.007712035475116827
2019-11-05,-0.001697408235267317,1612602.1820450628,-0.0016974082352673016,1901387.930951368,-0.0018531150167990507
2019-11-06,-0.006733814724368292,1601743.2177270593,-0.008419792927067703,1887530.1238122957,0.0005544439804919671
2019-11-07,0.0006775406636343462,1602828.4638897697,-0.007747957015520903,1891611.6496874176,-0.0014848226404693965
2019-11-08,-0.001149971002721073,1600985.2576339606,-0.008889018092343782,1881524.6769667645,0.004182504467241374
2019-11-11,0.0007904818926918189,1602250.8074905868,-0.00810556280749777,1876576.9905370292,0.0034200973796975342
2019-11-12,0.0016784425015941018,1604940.0933440924,-0.006440725027019156,1883075.6290364666,-0.0017845854115733362
2019-11-13,0.012945428338406728,1625716.730309914,0.0,1893103.353753842,0.0076202440692510615
2019-11-14,0.006999606357526389,1637096.1074709285,0.0,1898396.7472318374,0.004203460300577638
2019-11-15,0.03570398287632526,1695546.9588589694,0.0,1937931.5915909845,0.014878597236155325
2019-11-18,0.007354572959905159,1708016.982674843,0.0,1954520.2714838022,-0.001205419541790334
2019-11-19,-0.0037768417171354374,1701566.0728811007,-0.003776841717135491,1946274.186200101,0.0004421399961834216
2019-11-20,-0.011074583626783707,1682721.937110481,-0.01480959839447761,1928070.1935391403,-0.0017213317622547797
2019-11-21,-0.03300221045340501,1627188.3936073997,-0.04732305936493765,1895049.710454026,-0.015876027394425063
2019-11-22,-0.007036852787911885,1615738.1084233855,-0.054026906750624874,1889658.294035585,-0.004191852792028189
2019-11-25,0.025615737148756645,1657126.4311099884,-0.02979510864415255,1942033.8101903235,-0.0021011872920556895
2019-11-26,-0.007202282090395973,1645191.339093683,-0.03678279795717937,1923140.5236321767,0.0025263263710062628
2019-11-27,0.0070326727799174815,1656761.4314418833,-0.030008806559224468,1941752.301162196,-0.0026451314685561056
2019-11-29,-0.007814592490654748,1643814.5160009312,-0.037588892455488,1923829.259184803,0.001415751650905156
2019-12-02,-0.015980623452993448,1617545.3351941556,-0.05296882197213524,1889636.8928408835,0.0017924539553458435
2019-12-03,-0.01026174171143135,1600946.5027578624,-0.06268701131372978,1867973.9018399182,0.0012023607746273063
2019-12-04,0.017774392430261132,1629402.3541577347,-0.0460268424228392,1896483.282916316,0.002512197895146645
2019-12-05,0.004026132963529383,1635962.5446866613,-0.04218601964679568,1907784.8431991632,-0.0019330866007308545
2019-12-06,0.0138037876978927,1658545.0243352205,-0.02896455880792639,1937783.054057908,-0.0019203181758287446
2019-12-09,-0.008326047191789754,1644735.9001928973,-0.037049445716191995,1918754.98749948,0.0014934558318234342
2019-12-10,0.006728809077074294,1655803.0140475053,-0.03056993528575332,1933305.5784549727,-0.000854541090241856
2019-12-11,0.0210062012178045,1690585.1453376345,-0.010205892279776568,1976497.1076934296,-0.0013345656634323189
2019-12-12,0.03620102970450656,1751786.0684019998,0.0,2047125.027256985,0.00046714510197462533
2019-12-13,-0.010592839866737758,1733229.6790986352,-0.01059283986673779,2026112.1412059725,-0.0003282562329924438
2019-12-16,0.01222835061237637,1754424.2193064298,0.0,2056005.541298338,-0.002525719255924569
2019-12-17,0.012965171255777674,1777170.6297650218,0.0,2076904.0948401743,0.0028005325317793373
2019-12-18,-0.008819347745310235,1761497.1439783722,-0.008819347745310187,2071593.9353252647,-0.006262580907543364
2019-12-19,0.008524916726309506,1776513.7604444197,-0.0003696152241099144,2088644.4371170562,0.0002942970565747577
2019-12-20,0.017262311638359007,1807180.4946070442,0.0,2112079.9526555664,0.006041868789379762
2019-12-23,0.0040849959196549435,1814562.8195535939,0.0,2119244.9871028317,0.0006925890942141855
2019-12-24,0.0066099355324718,1826556.9628104635,0.0,2124889.503303412,0.003946479332300773
2019-12-26,0.0012869855598558466,1828907.7152458546,0.0,2125562.8012196566,0.0009701230052628074
2019-12-27,-0.0037021241319915577,1822136.8718580573,-0.0037021241319915685,2113551.218546605,0.0019488887038369568
2019-12-30,-0.006969203608847008,1809438.0289948909,-0.010645526883977557,2091706.5739550279,0.003366313410985866
2019-12-31,0.003085547640700792,1815021.1362362502,-0.007592826523637731,2104357.2781860405,-0.002962482416924858
2020-01-02,0.03257043079224986,1874137.1565405037,0.0,2166116.866779041,0.0032219977893533924
2020-01-03,-0.013116759413364876,1849554.5503505142,-0.01311675941336485,2127424.082542713,0.004745981433976282
2020-01-06,-0.012997713145721512,1825514.5708576944,-0.025943984682829976,2106428.9027448306,-0.003128886347075685
2020-01-07,0.015234299470515245,1853325.0065179295,-0.011104923644431487,2152200.5340853445,-0.00649519317026169
2020-01-08,0.0034070829403016756,1859639.4385304712,-0.00773567610003213,2151532.3285936816,0.00371755841927314
2020-01-09,0.005318170276235712,1869529.3177169794,-0.002458645466498289,2159371.03620717,0.0016748563881230777
2020-01-10,-0.013283219538849367,1844695.9493554295,-0.015709206277847967,2135412.6565222787,-0.002188146351717421
2020-01-13,0.011230491423980027,1865412.7913945164,-0.00465513696024884,2166760.919473081,-0.00344969830658734
2020-01-14,0.0032159080997207212,1871411.7874996846,-0.001454199353183902,2173022.2092094263,0.0003262077732684304
2020-01-15,-0.003956985668428614,1864006.63787682,-0.005405430775612891,2147318.2102087643,0.007871701075648926
2020-01-16,0.01845985281568452,1898415.9260594852,0.0,2183357.3130100667,0.0016765448597583221
2020-01-17,0.00517601308832516,1908242.151739854,0.0,2190095.91754437,0.002089663229715405
2020-01-21,0.0011574649628312006,1910450.8751710902,0.0,2193894.32287211,-0.0005768907324201072
2020-01-22,0.004895282523812217,1919803.071952917,0.0,2207527.017470571,-0.0013186423933249647
2020-01-23,0.0005987274384147145,1920952.510728448,0.0,2213138.146346175,-0.0019430891876998785
2020-01-24,-0.017217965256709933,1887877.6171389357,-0.017217965256709974,2189526.394855134,-0.006549064388491135
2020-01-27,-0.03705425286102304,1817923.722542804,-0.05363421927935857,2101786.247124591,0.0030184075721701453
2020-01-28,0.02295597602859467,1859655.9359393104,-0.031909469102853145,2156263.3375632674,-0.002963448705107896
2020-01-29,-0.014136659169097454,1833366.6138011473,-0.045595034982976755,2132502.2449976103,-0.003117090199145467
2020-01-30,0.018241492798833914,1866809.9576844235,-0.028185263686447352,2141911.7891892623,0.013829049991927272
2020-01-31,-0.04000719824660681,1792124.1216186031,-0.06706484850111759,2061542.6044830617,-0.00248502524590577
2020-02-03,0.02790191724517288,1842127.8205530837,-0.04103416910888286,2102173.3915943946,0.008192992955673967
2020-02-04,0.039664382563429745,1915194.6831582382,-0.002997381527160351,2183534.8358459943,0.0009608937946508633
2020-02-05,0.009713357971332881,1933797.6547005475,0.0,2212977.093900384,-0.0037704012850117985
2020-02-06,-0.0010795424385798835,1931710.038064672,-0.001079542438579912,2224226.635059465,-0.006162984644144692
2020-02-07,-0.015591465326694642,1901591.8479849587,-0.0166541761167747,2184897.032529695,0.0020909065637575164
2020-02-10,0.02351259505626424,1946303.2070689222,0.0,2229807.3400603863,0.0029577099234424226
2020-02-11,0.024004974421302006,1993024.16577071,0.0,2273714.837213932,0.004313812604444314
2020-02-12,0.012446624946277351,2017830.5900709252,0.0,2311036.011369751,-0.003967559253509972
2020-02-13,0.006701408938856845,2031352.8980243255,0.0,2325464.581286216,0.0004580748473584223
2020-02-14,-0.0036182830165287783,2024002.8883328275,-0.0036182830165288164,2329760.599092489,-0.0054656634672329285
2020-02-18,-0.01734254031467719,1988901.5366448923,-0.020898073112121968,2299661.878509267,-0.004423307070305665
2020-02-19,0.028247785716282392,2045083.601062822,0.0,2375659.1686371965,-0.004799372580394673
2020-02-20,-0.01885774844065835,2006517.9289738636,-0.018857748440658316,2331950.947268256,-0.0004593931774268256
2020-02-21,-0.03586818121635116,1934547.7802835715,-0.05404953651860757,2252165.8031875286,-0.0016542779718636408
2020-02-24,-0.050773709476401474,1836323.613319236,-0.10207895053047909,2138284.8790329625,-0.00020863829319250904
2020-02-25,-0.02054689193137038,1798592.870485342,-0.12052843729683205,2072875.1790547108,0.01004290488178064
2020-02-26,0.010221015975516501,1816976.316948023,-0.11153934440443047,2097521.8271669997,-0.001669062289364101
2020-02-27,-0.042928409064168505,1738976.4143541718,-0.14967954686525645,2005243.0248438742,0.0010657945374031308
2020-02-28,0.01746357346681049,1769345.1567232965,-0.1348299131616063,2053369.9081873856,-0.0065369505331465405
2020-03-02,0.036465039013420686,1833864.3968914186,-0.10328145219179966,2127375.497586909,0.000423997842786239
2020-03-03,-0.018620724082816342,1799716.513951603,-0.11997900085047991,2064262.984836407,0.011046117911975531
2020-03-04,0.05527100215156722,1899188.6492664332,-0.07133935831306246,2178965.62282348,-0.0002949014322553567
2020-03-05,-0.029011928751363825,1844089.5234885165,-0.09828159468387974,2107646.02129618,0.0037190151333244825
2020-03-06,-0.007059669294088633,1831070.861303994,-0.10464742842180455,2074462.6503412968,0.008684611585902474
2020-03-09,-0.09461310257822808,1657827.5660754347,-0.18935951312021268,1891055.3027162729,-0.0062011238931218154
2020-03-10,0.06506888223851659,1765700.552744164,-0.13661204274165797,2004521.232569723,0.005067501162844268
2020-03-11,-0.037822144884829045,1698917.9706150515,-0.16926722715289955,1904083.886959375,0.012283258828750518
2020-03-12,-0.12783746573018817,1481732.602768149,-0.2754659995326849,1682996.6061504208,-0.011725312099180069
2020-03-13,0.10400205516052097,1635835.8386543845,-0.20011297445041024,1848302.0805944584,0.005781135498569456
2020-03-16,-0.15180916638546071,1387500.9636448014,-0.32154315700163916,1539721.5039281147,0.015144374329646049
2020-03-17,0.07429327205727843,1490582.9502166007,-0.2711383781856397,1662328.47222201,-0.005336042712374506
2020-03-18,-0.12907243252454004,1298189.7829525387,-0.3652143206870005,1474835.516727309,-0.016283077936826124
2020-03-19,0.03288848209644146,1340885.2743869564,-0.3443371832378375,1546314.6028527408,-0.015577319896207475
2020-03-20,-0.02159810698864917,1311924.6907712426,-0.35849825890274584,1525864.9024078029,-0.00837330758029399
2020-03-23,0.05301088907244633,1381470.9850251204,-0.3244916812656581,1588772.570832485,0.011783341125433139
2020-03-24,0.13687082479544288,1570554.0581764816,-0.2320343005243058,1794355.8582825097,0.007473268956281615
2020-03-25,-0.00573562926397464,1561545.9423597504,-0.23643906706394738,1787486.347573757,-0.0019072299656726632
2020-03-26,0.08194177914372203,1689501.7950913685,-0.1738715257345269,1914494.3406854842,0.010887813733512719
2020-03-27,-0.06481347331657772,1579999.315576904,-0.2274157815573972,1814223.8623928383,-0.012439080683615406
2020-03-30,0.048716043406075826,1656970.6308161186,-0.18977853523689817,1889475.7787067252,0.00723719513724394
2020-03-31,-0.040828309852898315,1589319.3204840056,-0.22285850824971526,1832626.1235848125,-0.010740781998572466
2020-04-01,-0.052665736324854384,1505616.6482153982,-0.2637872371413398,1735080.5450304619,0.0005614753245906656
2020-04-02,-0.00043225557057879893,1504965.8370320508,-0.2641054692092167,1772884.05802621,-0.022220012400671396
2020-04-03,-0.025054754619287523,1467259.287274802,-0.2825431261038555,1736804.495800786,-0.004703980939483571
2020-04-06,0.1173940337258792,1639506.7735297498,-0.1983179696528276,1916982.9021601048,0.013652704868802518
2020-04-07,-0.0016234220773243546,1636845.1620376788,-0.19961943795988743,1923125.4872929165,-0.004827720418165024
2020-04-08,0.02956732482040536,1685242.2946243559,-0.17595432590210883,1990697.0259546288,-0.005568987972593503
2020-04-09,-0.015194804834987363,1659635.3668578726,-0.18847553909514184,1939138.6025563437,0.010704878906972595
2020-04-13,0.01760076295461599,1688846.2155410352,-0.17419208942688288,1965512.361697396,0.0040000027478500205
2020-04-14,0.05880282311888552,1788155.140828494,-0.1256322529312754,2061158.565790776,0.010140598470865153
2020-04-15,-0.016637900753203705,1758403.9930640585,-0.14017989672880715,2012208.360689774,0.007110978112029001
2020-04-16,0.037146603592972616,1823722.7291507092,-0.10824050019132339,2069092.2391264418,0.008877225755198143
2020-04-17,0.006724568120788366,1835986.4768763133,-0.10224380268749973,2095964.4352631045,-0.006262864545823046
2020-04-20,-0.017233723680513457,1804345.5932526675,-0.11771548492445193,2039108.1199474637,0.009892841235891583
2020-04-21,-0.06289855765727326,1690854.8579218176,-0.17320990836605069,1934499.1622748296,-0.011597228095930931
2020-04-22,0.0698034321012384,1808882.3301898125,-0.11549712234270354,2055996.204903984,0.006998006801243711
2020-04-23,-0.013818815043868171,1783885.7198327982,-0.12771990401481884,2032414.7580434326,-0.0023492185512752617
2020-04-24,0.012084114138501523,1805442.3984813008,-0.11717917177419081,2057386.092641166,-0.00020242063443670633
2020-04-27,0.004895230161586106,1814280.4545653528,-0.11285756062858343,2072781.478276304,-0.0025877530714608354
2020-04-28,-0.011019511048936392,1794287.9710504005,-0.12263343654121714,2051105.0626811648,-0.0005618647305386665
2020-04-29,0.025055337280909917,1839244.461344148,-0.10065072137476438,2142184.9708487275,-0.019349949325181526
2020-04-30,-0.04552400925673472,1755514.679460519,-0.1415927062599373,2048906.8818837292,-0.0019805756903785304
2020-05-01,-0.04760919101006944,1671936.0457651024,-0.1824607830720447,1949122.803887962,0.00109193781040072
2020-05-04,0.023892183564568237,1711882.2486787406,-0.1629279860299686,1980373.1444683224,0.007859155518298064
2020-05-05,0.008390072079441646,1726245.0641366718,-0.15590489149707668,2006254.4401326433,-0.004678826444361253
2020-05-06,0.008395073920366869,1740737.0190547677,-0.14881865066537453,2028017.3033243357,-0.0024524351275150846
2020-05-07,0.012338546968317488,1762215.184523864,-0.13831630960805336,2053853.3455761708,-0.0004010101397432242
2020-05-08,0.018817152264534398,1795375.0559739242,-0.12210187640208212,2120748.8522935966,-0.013753579653356718
2020-05-11,0.017466013065784214,1826733.1001595478,-0.10676849630489349,2137379.4744066093,0.009624149992263437
2020-05-12,-0.029287736026493927,1773232.223331216,-0.132929224795664,2070403.964845811,0.0020476025798583514
2020-05-13,-0.010880532844363633,1753938.5118845769,-0.14236341684366258,2029671.6055160032,0.008793096080917842
2020-05-14,0.031820871766797154,1809750.3643581031,-0.11507267310853064,2114130.6431405596,-0.009791297115608943
2020-05-15,-0.006584638768068918,1797833.811948424,-0.12089959989210378,2065138.0887873163,0.01658921499172722
2020-05-18,0.030201423205120426,1852130.9517555533,-0.09434951666865449,2135575.189131453,-0.003906271929929428
2020-05-19,0.0015383303564941997,1854980.1410228414,-0.09295632703777218,2140902.057059691,-0.0009560177495089028
2020-05-20,0.029359422741394914,1909441.2871600236,-0.06632604839836648,2205968.059681339,-0.0010324405421643368
2020-05-21,-0.023278753033045496,1864991.8750051248,-0.08806081373108861,2148145.545275755,0.002933101736028898
2020-05-22,0.005024543662266678,1874362.6081108607,-0.08347873547234852,2151189.3842536714,0.003607582421157801
2020-05-26,-0.012030471183322344,1851813.1427668862,-0.09450491813415055,2157725.377779068,-0.015068787369353617
2020-05-27,-0.0041120300327167625,1844198.4315088491,-0.09822834110526021,2196107.1106162183,-0.02190008278142029
2020-05-28,-0.011637398372294383,1822736.7596838202,-0.10872261714066307,2144717.896629977,0.011762741692741926
2020-05-29,0.028823374792349643,1875274.1844559798,-0.08303299509056392,2206216.1869831462,0.00014907200884489713
2020-06-01,-0.0014269135433297997,1872598.330324723,-0.08434142772865573,2189326.713397357,0.00622848926145346
2020-06-02,0.010913918843188375,1893035.716527777,-0.07434800438281652,2212850.9256911334,0.00016896600000491924
2020-06-03,0.008189748663570473,1908539.2032573014,-0.06676714718877946,2270852.565725464,-0.018021524477757248
2020-06-04,0.010131811676265867,1927876.163041475,-0.05731180767399175,2301683.253377774,-0.003444889919269098
2020-06-05,0.013722675041996535,1954331.7811481045,-0.04437560394477472,2362277.501070282,-0.012603383334448132
2020-06-08,-0.0076828516209555,1939316.940055426,-0.051717524385032194,2344917.685256183,-0.0003340893327680311
2020-06-09,0.02741551930850883,1992484.3210708336,-0.025719867864889574,2376515.586060251,0.013940461739221213
2020-06-10,0.016542184824920758,2025444.3649707441,-0.00960314584786234,2391585.0033458765,0.010201213457420769
2020-06-11,-0.05644954049976669,1911108.9612603039,-0.06551059317716497,2239777.229561558,0.007026260515851063
2020-06-12,0.018791306859859747,1947021.196193974,-0.04795031597626878,2276117.2832944226,0.0025664550070802483
2020-06-15,0.01719007028775188,1980490.6274082912,-0.03158451499046885,2311922.1322304034,0.0014594006958242867
2020-06-16,-0.0033310390656084987,1973893.5357593228,-0.03481034480277575,2347725.071841907,-0.018817261162960355
2020-06-17,0.015878395938215384,2005235.7988599932,-0.019484681302084642,2383990.46028132,0.00043136218014402927
2020-06-18,-0.00533740382303971,1994533.0456410618,-0.02471808751265188,2382621.3778535197,-0.004763121983154067
2020-06-19,-0.00043906590699882564,1993657.3141803383,-0.025146300550137703,2375417.4228570694,0.0025844757532124674
2020-06-22,0.015095721308432841,2023753.0093797236,-0.010430180786747751,2404727.88675501,0.0027566420308687
2020-06-23,-0.0005673217923072293,2022604.8901952552,-0.010991585310196932,2395684.6956977244,0.003193266300464001
2020-06-24,-0.017146010135923095,1987925.2862469996,-0.027949133612981562,2347502.9308215445,0.0029658872947807557
2020-06-25,0.010012317218108358,2007829.0248188034,-0.018216651986577688,2373291.4162057154,-0.0009731793474467981
2020-06-26,-0.023781543651332115,1960079.7512206635,-0.04156497553350983,2321711.0652343216,-0.0020478658487732143
2020-06-29,0.004444990696581774,1968792.2874793976,-0.03730474076647821,2342202.354165401,-0.0043809520479394515
2020-06-30,0.023258571517795756,2014583.583701422,-0.014913824229752374,2410557.67770269,-0.005925637701243408
2020-07-01,0.0006112602202719142,2015815.0185065516,-0.014311680236964166,2388511.3379312158,0.00975700270774675
2020-07-02,0.012598429339304884,2041211.1215783162,-0.0018935555898512931,2419606.135536733,-0.0004200550663206737
2020-07-06,0.03105034106405391,2104591.423087063,0.0,2492130.018771304,0.00107691598076734
2020-07-07,-0.008813816865460788,2086041.939707354,-0.00881381686546077,2452152.4026155043,0.00722772826046722
2020-07-08,0.021836656346363448,2131594.120668845,0.0,2501799.1573980795,0.0015904617258247489
2020-07-09,0.028171739915491045,2191644.835841717,0.0,2555363.872944716,0.006761262024713832
2020-07-10,-0.0028317697111648332,2185438.6023779497,-0.002831769711164857,2545131.4947077096,0.0011725047271424621
2020-07-13,-0.026780753643595112,2126910.909564463,-0.02953668642774992,2495373.70974572,-0.007230571240267686
2020-07-14,0.024958183759203667,2179994.742884828,-0.005315684716048035,2546507.4346993514,0.0044667740942195
2020-07-15,-0.0162731801341629,2144519.295742335,-0.021502361755290286,2523033.867135656,-0.007055234314002096
2020-07-16,0.0034503153363234507,2151918.5635574763,-0.018126236347498232,2526274.054055325,0.0021660729954357943
2020-07-17,0.002092455308815966,2156421.3569799317,-0.016071709378156458,2525295.420580517,0.0024798374589184297
2020-07-20,0.02879990174206437,2218526.0801754426,0.0,2587194.514999294,0.004288276720169737
2020-07-21,-0.008851779979648366,2198888.175434618,-0.008851779979648403,2579625.968343321,-0.005926392417138243
2020-07-22,0.03263621009984652,2270651.5519141704,0.0,2627758.536458767,0.013977470923655755
2020-07-23,-0.02633944602701943,2210843.847916359,-0.026339446027019476,2586147.195876576,-0.01050414761399715
2020-07-24,0.023634146410691947,2263095.255109192,-0.003327809940106626,2615244.4829444597,0.012382935685224541
2020-07-27,0.0219729007635876,2312822.022568252,0.0,2716597.7392459605,-0.016781891364828924
2020-07-28,-0.019612276948672847,2267462.3165286537,-0.019612276948672836,2644383.4450133303,0.006970346304438865
2020-07-29,0.037827867858141406,2353235.581411615,0.0,2728236.8825886124,0.006117853286158728
2020-07-30,0.021316412075870206,2403398.120776585,0.0,2758465.934841152,0.01023634331591071
2020-07-31,-0.009436997815486459,2380717.257961072,-0.009436997815486426,2740821.398162088,-0.0030404944343127016
2020-08-03,0.021737392125568356,2432467.8425374795,0.0,2781980.0497424467,0.006720488212033859
2020-08-04,0.03314286318089743,2513086.791434632,0.0,2847249.0650294456,0.009681510432145324
2020-08-05,-0.00013258957374417957,2512753.582328174,-0.00013258957374414186,2853135.6562863523,-0.002200055791999375
2020-08-06,0.001969427757458231,2517702.2689808635,0.0,2827356.1549737463,0.011004925686133968
2020-08-07,-0.013923186645073415,2482647.830373118,-0.013923186645073393,2802008.5290394337,-0.004958052949510447
2020-08-10,-0.006573473014731213,2466328.2118550795,-0.020405135968114135,2805558.146711868,-0.007840284887588395
2020-08-11,-0.030282715271765737,2391641.096848749,-0.050069928317275775,2736420.109233004,-0.0056394771482237566
2020-08-12,0.04945326598324762,2509915.560147676,-0.0030927838168646215,2837388.3135751463,0.012555348152040652
2020-08-13,-0.0051886511213238284,2496892.483962088,-0.00826538756196902,2795835.3631733153,0.009456136905406781
2020-08-14,-0.0036541018128348757,2487768.584609988,-0.011889286807129964,2799077.6900957874,-0.004813800615267719
2020-08-17,0.02844364096705898,2558529.7810397632,0.0,2843543.3364132657,0.01255782026447011
2020-08-18,-0.007592607877519364,2539103.867669373,-0.007592607877519373,2818210.191034203,0.0013163983805026952
2020-08-19,-0.007259992694700679,2520669.992139007,-0.014797478294495523,2800036.6439273693,-0.0008113796123086769
2020-08-20,-0.00582919432666007,2505976.516921448,-0.020540415244632414,2764312.09981332,0.006929404455083457
2020-08-21,0.010681559679591501,2532744.2546425993,-0.010078259236320077,2776417.3734940314,0.006302432705640598
2020-08-24,0.0007572334593797247,2534662.1333362665,-0.009328657372046358,2801306.39470526,-0.008207204470176602
2020-08-25,0.013196227983584885,2568110.1127091316,0.0,2839743.650500779,-0.0005249614829328231
2020-08-26,0.002367522569642455,2574190.1713622976,0.0,2851669.233554635,-0.0018320054587953466
2020-08-27,-0.022690519031308587,2515780.460288794,-0.02269051903130863,2801045.427063011,-0.004938177386649811
2020-08-28,0.02423004649232574,2576737.937806076,0.0,2854788.2767755957,0.005043335276101096
2020-08-31,0.0058751097528872975,2591876.555995115,0.0,2850669.7352521424,0.007317788201919168
2020-09-01,0.023514544621074274,2652823.3529233783,0.0,2911290.2420834037,0.002249188595571966
2020-09-02,0.028304623892171588,2727910.520180244,0.0,3005592.2118100217,-0.004087189319530865
2020-09-03,-0.06143895697002544,2560310.5431128102,-0.06143895697002545,2835604.881472669,-0.004881939797365412
2020-09-04,-0.022016169720501355,2503942.3116584495,-0.0821024761864242,2804948.1553455265,-0.011204816443658117
2020-09-08,-0.05150653181810727,2374972.9273123085,-0.12938019420249003,2659249.7422256726,0.00043682151703007543
2020-09-09,0.03198692013826854,2450940.996668797,-0.10153174800365025,2721003.063373008,0.00876483604185338
2020-09-10,-0.020972573111605053,2399538.4574239305,-0.12037493910709968,2684432.2943436597,-0.007532393818306449
2020-09-11,-0.01442572135430309,2364923.3842581986,-0.13306416513180258,2677843.3278253307,-0.011971211127983467
2020-09-14,0.03467326959501227,2446923.0103321318,-0.10300466520784057,2764987.1407938725,0.0021307335687125173
2020-09-15,0.024903652300051426,2507860.3301864383,-0.08066620527540842,2811022.8114712117,0.008254146051670963
2020-09-16,-0.025878755936370235,2442960.0247790385,-0.10445742017314325,2770727.075616519,-0.01154385417383226
2020-09-17,-0.004289742168475663,2432480.3561448436,-0.10829906694149195,2772320.127764948,-0.0048647003310637316
2020-09-18,-0.014680561371834044,2396770.1789906784,-0.1213897372145791,2742708.648771476,-0.003999443164412225
2020-09-21,0.024042406533451244,2454394.302001225,-0.10026583209222964,2764301.8832483804,0.016169446900434203
2020-09-22,0.004208262515784211,2464723.0375412907,-0.09647951451925314,2789038.296189239,-0.004740258299095176
2020-09-23,-0.028725678099004504,2393922.196961679,-0.12243375314102936,2729403.338598946,-0.007343771055356704
2020-09-24,0.017550663711916492,2435937.1203930457,-0.10703188305747889,2757628.474018643,0.007209526137802805
2020-09-25,0.02167814823532721,2488743.7263808623,-0.0876739878489779,2792770.5863881144,0.00893454890693049
2020-09-28,0.015170908532895933,2526500.229815605,-0.07383317336645298,2845548.097201437,-0.0037269956023590622
2020-09-29,0.014815655637401726,2563931.9871883695,-0.06011140460026518,2875541.420523656,0.004275217627684957
2020-09-30,0.003721372019666269,2573473.33194582,-0.05661372947974112,2848675.0343171037,0.013064442515816524
2020-10-01,0.020420453079118106,2626024.8233711813,-0.037349354407097905,2909014.548752062,-0.0007611537058143936
2020-10-02,-0.033570634737998706,2537867.5032128696,-0.06966614761059592,2813901.7890220447,-0.0008747653512952841
2020-10-05,0.043716452352193125,2648814.0669932542,-0.028995252080982314,2922005.2324933363,0.005298820332113818
2020-10-06,-0.015001184158957237,2609078.719371452,-0.04356147312373732,2893032.722507941,-0.005085900755897474
2020-10-07,0.0256829584327416,2676087.5796688194,-0.01899730219450175,2951037.3919120324,0.005633178507055747
2020-10-08,0.0032278449899054706,2684725.575555402,-0.015830777551306463,2992913.918463548,-0.010962597552872058
2020-10-09,-0.003118451825767643,2676353.388182626,-0.018899861859915885,3003332.67170818,-0.006599592121971226
2020-10-12,0.024232769489169748,2741208.842910014,0.0,3067611.014100019,0.002830431014531204
2020-10-13,0.0035766231444633867,2751013.113901374,0.0,3085425.0252998136,-0.002230505307584091
2020-10-14,-0.01298795088745841,2715283.090687269,-0.012987950887458402,3058171.0713390666,-0.004154822959451465
2020-10-15,-0.013761703673427883,2677916.169403761,-0.02657091822944809,3037315.74476543,-0.006942161506839933
2020-10-16,-0.006567904457937757,2660327.8718567505,-0.03296430743509521,3009882.483303111,0.0024641698364777226
2020-10-19,-0.007717309335407707,2639797.298736025,-0.040427221012998775,2995696.642491025,-0.003004221402314086
2020-10-20,0.0031169844872920294,2648025.5059657805,-0.037436247546468675,3009326.2307576505,-0.0014327379623388231
2020-10-21,-0.012343589905330798,2615339.3650612826,-0.04931773976449147,2986329.78139511,-0.004701862954128555
2020-10-22,-0.005594244774051349,2600708.516485918,-0.05463608903059727,2975550.896386578,-0.0019848359687398426
2020-10-23,0.014425904006532209,2638226.0878937147,-0.040998359999712734,2977398.0592430485,0.013805123881845474
2020-10-26,-0.01901536191223907,2588059.264026105,-0.059234123258749036,2918713.11883466,0.0006947807158879382
2020-10-27,-0.006208761612096603,2571990.6210177885,-0.06507511432023057,2896873.498067187,0.00127385825435751
2020-10-28,-0.0325870976558984,2488176.911480627,-0.09554160287080689,2808647.650091511,-0.0021315572139216366
2020-10-29,0.021453773338133697,2541557.6949647097,-0.07613755742502556,2878710.759412759,-0.0034917228756632945
2020-10-30,-0.02741566416696939,2471879.2027385803,-0.10146585988713713,2819422.6510151275,-0.0068202958397513
2020-11-02,0.008127742961328899,2491970.001529894,-0.09416280535432119,2843898.2424189555,-0.0005533220769390057
2020-11-03,0.025213762289623576,2554801.9407813414,-0.07132324165542558,2921131.4298269646,-0.001943745055757562
2020-11-04,0.04244750443140988,2663246.907484032,-0.03190323084024681,3028740.118122812,0.00560948776530551
2020-11-05,0.024155725750800716,2727579.569387885,-0.008518150784187512,3150564.0806129184,-0.016066927147399046
2020-11-06,0.023314001193714295,2791170.362724545,0.0,3204397.9901541034,0.006226931017153478
2020-11-09,-0.030266456706159017,2706691.525781628,-0.030266456706159066,3167117.0912737274,-0.01863216564901639
2020-11-10,-0.03907912533886915,2600916.388391953,-0.06816279538984478,3069166.262908181,-0.008151683901535492
2020-11-11,0.043676930682160275,2714516.433197843,-0.027463006397029036,3181973.6412402024,0.0069218745304837626
2020-11-12,-0.0036233808070706974,2704680.706453316,-0.030986878273816253,3156524.950251169,0.004374388457640918
2020-11-13,0.009219494630267278,2729616.4957030495,-0.022053067001403276,3211086.1141976053,-0.008065705013757418
2020-11-16,0.03138371258318795,2815281.9952665227,0.0,3318194.5249625253,-0.00197210752121435
2020-11-17,-0.01173576244217489,2782242.514562343,-0.011735762442174861,3291685.3110732706,-0.0037467148773537295
2020-11-18,-0.0007677443421036934,2780106.4636134272,-0.012494496719063284,3289362.457864127,-6.207141482564293e-05
2020-11-19,0.008092527781529801,2802604.5524058295,-0.004503080999348711,3329637.840757369,-0.004151602626462317
2020-11-20,-0.012266313807194784,2768226.925488547,-0.016714158601906268,3298379.8613721263,-0.0028785122263079166
2020-11-23,0.012273102001421288,2802201.6569081484,-0.004646191173874217,3376150.087099981,-0.01130520886526648
2020-11-24,-0.00954378453636584,2775458.0480671697,-0.01414563346276183,3374728.192705127,-0.009122626010183363
2020-11-25,0.011764643958754872,2808110.323825141,-0.002547407845267328,3380983.9514431404,0.009910936524913025
2020-11-27,0.013372503974409478,2845661.790291073,0.0,3430784.052103192,-0.0013569657229532683
2020-11-30,0.013755566094442173,2884805.4791298504,0.0,3456400.491570033,0.006288923170316124
2020-12-01,0.015697039382682076,2930088.3843471287,0.0,3531407.769564252,-0.006003940633134308
2020-12-02,0.0036689006432941706,2940838.5875053685,0.0,3566449.510068771,-0.006253980765794059
2020-12-03,-0.005556122146653575,2924498.9290995966,-0.0055561221466535575,3566092.3230188526,-0.005455970147050293
2020-12-04,0.02441010109955788,2995886.2436244665,0.0,3674124.7090702388,-0.005884231258032946
2020-12-07,0.010182553019808749,3026392.0141414884,0.0,3708217.865232393,0.0009032936419251236
2020-12-08,-0.010003402987301402,2996117.7952264803,-0.010003402987301381,3702952.254712152,-0.008583418857023961
2020-12-09,-0.027187493258864492,2914660.8628659965,-0.036918928794882885,3606988.179844865,-0.0012719350052659423
2020-12-10,0.00803885972841023,2938091.4126984635,-0.029176855156377846,3611172.558501545,0.006878784217195247
2020-12-11,-0.00252914971381768,2930660.539642867,-0.031632212235326626,3600724.0396252894,0.000364237048234739
2020-12-14,0.013120620358043178,2969112.623981819,-0.01892662612510827,3638892.964616809,0.002520273158014133
2020-12-15,0.019558876660897617,3027185.1315865936,0.0,3695186.1366429226,0.004089014652455147
2020-12-16,-0.0014450293305788842,3022810.7602823586,-0.0014450293305788937,3697581.6133916248,-0.0020932989062159846
2020-12-17,0.0028208213036140517,3031337.569271757,0.0,3687428.952380185,0.00556657841541644
2020-12-18,-0.002761507842555355,3022966.50680078,-0.0027615078425553834,3677915.8761212253,-0.00018164084530268576
2020-12-21,-0.00704635985337676,3001665.5969691565,-0.009788409117935559,3662662.0809803894,-0.002898957994658072
2020-12-22,-0.001249009247497046,2997916.4888806483,-0.011025192551926029,3648254.111385475,0.0026847332808494634
2020-12-23,-0.010542621259531093,2966310.5907706763,-0.021451579382068788,3603495.6552116876,0.0017258377916365697
2020-12-24,0.010087315865410229,2996232.702654692,-0.01158065237369735,3648053.9316482926,-0.0022779762564661826
2020-12-28,-0.003380098473437787,2986105.1410703845,-0.014921607101725338,3636282.2742958902,-0.0001532664218941021
2020-12-29,-0.001239701077859423,2982403.263308398,-0.016142809847177374,3622138.308325094,0.0026499765939695386
2020-12-30,0.01926953726836067,3039872.79414,0.0,3699853.7550742174,-0.0021861444681711417
2020-12-31,-0.00405761341082489,3027538.1655232958,-0.004057613410824872,3701213.8391868235,-0.004425218241351267
2021-01-04,0.014390179337705034,3071104.982676923,0.0,3717587.7025201544,0.00996626220004293
2021-01-05,0.017682481573999098,3125409.7399449246,0.0,3793672.5993411364,-0.002783719336178214
2021-01-06,-0.014091163877853807,3081369.07911392,-0.014091163877853807,3755504.867218599,-0.004030271398844001
2021-01-07,0.049003522819278,3232367.019096897,0.0,3910348.5796640813,0.007772392007254242
2021-01-08,-0.014298846210250127,3186147.9001957458,-0.014298846210250148,3886020.119714404,-0.008077288348069242
2021-01-11,0.028928264792815295,3278317.630321681,0.0,3962147.3213337883,0.009338247429503344
2021-01-12,0.003083789790162328,3288427.272758976,0.0,3993507.9036400532,-0.004831257219171936
2021-01-13,-0.02050721626099561,3220990.7835179516,-0.020507216260995657,3947149.293852324,-0.008898722949770746
2021-01-14,0.02042850066821633,3286790.7958913664,-0.0004976472738704239,4066821.46131729,-0.009890131477609837
2021-01-15,-0.020331950326010984,3219963.928697313,-0.020819479460229162,3985588.4042999977,-0.00035736875414625613
2021-01-19,0.03334015587457473,3327318.0279905894,0.0,4147367.6846086667,-0.007250909709148712
2021-01-20,-0.0039476867498214885,3314182.818699049,-0.003947686749821469,4123200.5357198888,0.001879418712388975
2021-01-21,0.024187699072303337,3394345.2753883395,0.0,4209162.890938315,0.0033392454320495535
2021-01-22,-0.008603784446102658,3365141.0603032513,-0.008603784446102668,4162413.894985065,0.0025026985208294883
2021-01-25,0.006841189403476777,3388162.627666203,-0.001821455161608258,4177344.6060835007,0.0032541575812871787
2021-01-26,-0.016347023299478902,3332776.25424932,-0.018138703091121353,4100821.4271669975,0.0019715944188346685
2021-01-27,-0.05138030413183525,3161537.196702631,-0.06858703514157771,3888347.4485915573,0.00043223692831655114
2021-01-28,0.003486871547964565,3172561.0708016455,-0.06533931777500748,3957866.1925363597,-0.014391866107021534
2021-01-29,-0.026448202535525933,3088652.5330447587,-0.09005941280048689,3869367.0608455976,-0.0040878883193325305
2021-02-01,0.029910214029764903,3181034.791371703,-0.06284289508297944,3999693.7686806377,-0.0037714465068706127
2021-02-02,0.02009392584116898,3244954.2685677046,-0.04401172971525221,4069430.5057273353,0.0026584067539911077
2021-02-03,-0.0073335824352309675,3221157.128940609,-0.051022548502499245,3991486.351456278,0.011819995482209342
2021-02-04,0.009261709584371003,3250990.5507944827,-0.04223339494461298,4061398.0325982827,-0.008253490265053079
2021-02-05,-0.003054497580279092,3241060.4080235707,-0.045158890722226806,4027244.6714387275,0.005354764670164672
2021-02-08,0.0397154344651498,3369780.5302560227,-0.007236961222074392,4183487.5818278017,0.000918956193752235
2021-02-09,-0.0036876118528541557,3357354.0876311334,-0.010897885970947393,4165071.4840923185,0.0007144802713053566
2021-02-10,0.015099352234192454,3408047.959575182,0.0,4192591.210189457,0.008492088420775229
2021-02-11,0.029804161379973992,3509621.9709530515,0.0,4365728.081663817,-0.011491749142754054
2021-02-12,-0.0010342052326363094,3505992.3015461164,-0.0010342052326363389,4413444.302224036,-0.011963933256841294
2021-02-16,0.005660207023975294,3525836.943797331,0.0,4440757.50737668,-0.0005284300771840611
2021-02-17,-0.02404123491317567,3441071.4695659457,-0.024041234913175717,4350731.412640596,-0.0037685461688479333
2021-02-18,-0.009981567731096042,3406724.181624931,-0.033782833429646754,4327140.486496956,-0.004559278027093883
2021-02-19,0.013043465272335464,3451159.6701803813,-0.02118001337195192,4426016.757570861,-0.009806791469374743
2021-02-22,-0.033275992213433137,3336318.9078681446,-0.05375121962533954,4259839.371190377,0.00426959233416975
2021-02-23,-0.014892270150168918,3286633.5453850557,-0.06784301209194682,4234349.473280412,-0.00890850041407179
2021-02-24,0.02693345505145306,3375153.9422502816,-0.04273680375722749,4391461.545820315,-0.010170726719870293
2021-02-25,-0.05972409844132909,3173575.9159486857,-0.09990848512389218,4120995.614748164,0.0018649484511740338
2021-02-26,0.016953992713130805,3227380.6989022475,-0.0846483401395317,4228199.624436043,-0.009060111573760216
2021-03-01,0.021309133991743723,3296153.386657523,-0.06514298896999994,4362030.435610231,-0.010342827377520819
2021-03-02,-0.028910202922297512,3200860.9233862357,-0.0921698948622098,4222745.921206958,0.0030209164174943015
2021-03-03,-0.03542153321532937,3087481.5218708604,-0.12432662908522399,4086933.0525287413,-0.0032593166831544618
2021-03-04,-0.047716704707934654,2940157.077800544,-0.16611087674576605,3886970.9207585063,0.0012104808368618436
2021-03-05,0.02327739565201381,3008596.277379576,-0.1467001096938663,4007428.517200359,-0.007712698922284406
2021-03-08,-0.05735445499154357,2836039.8776008836,-0.19564065984671852,3761776.407459833,0.0039447319274888565
2021-03-09,0.05874140122096039,3002632.8339296808,-0.14839146512094759,3998379.988676245,-0.0041553676426041575
2021-03-10,-0.017050604966874716,2951436.1276177783,-0.16291190583558926,3905830.73392798,0.0060960831944237015
2021-03-11,0.04693610331154274,3089965.038621066,-0.123622252567026,4073880.132119461,0.003910839381971787
2021-03-12,-0.010881401158195914,3056341.88947103,-0.13315847040296033,4017136.530048192,0.003047236953634902
2021-03-15,0.01694228374022755,3108123.300969591,-0.11847219525071452,4093454.05849299,-0.0020557084549450155
2021-03-16,0.004209921079246559,3121208.25477124,-0.11476103276355859,4152336.5769486567,-0.010174634754108514
2021-03-17,0.004883542497372995,3136450.807926567,-0.11043793064672885,4198982.690384793,-0.006350159918536005
2021-03-18,-0.042899719301881856,3001897.9486623565,-0.14859989372358537,4021848.110792314,-0.0007146014641501303
2021-03-19,0.007270053072289562,3023721.906066729,-0.1424101697652028,4061146.28424615,-0.002501119873894675
2021-03-22,0.031095907238124276,3117747.2819716646,-0.11574263595586276,4166457.5860335836,0.005164484330273611
2021-03-23,-0.020279120775454018,3054522.1082932176,-0.13367459783789848,4050540.271311775,0.007542430825209417
2021-03-24,-0.01832690678431448,2998542.1663439,-0.1495516627282071,4019795.3691047365,-0.010736585457356881
2021-03-25,0.0027502337307230285,3006788.858152774,-0.14721273102480492,4027103.5093538645,0.0009321958511593204
2021-03-26,0.041213977183268025,3130710.585547587,-0.11206597597907983,4227216.091016167,-0.00847746511452624
2021-03-29,-0.010491881713532658,3097863.540404717,-0.12138207472852842,4161722.169766256,0.005001511536247186
2021-03-30,-0.006425464327124097,3077958.328735548,-0.12702760286453205,4136309.8478273745,-0.00031926095691943435
2021-03-31,0.030821239795967514,3172824.820467502,-0.1001215112771592,4267558.066060333,-0.0009095112989720711
2021-04-01,0.038362627115849035,3294542.7159590074,-0.06559980836471106,4460792.296319102,-0.006917185664099351
2021-04-05,0.005003977314099517,3311028.5329699977,-0.06092409100347794,4519397.61493635,-0.00813389477772744
2021-04-06,-0.020578230856609814,3242893.423445719,-0.08024861185068913,4466141.998188266,-0.008794444324511597
2021-04-07,-0.0040629216277037195,3229717.801619263,-0.08398548965771152,4474772.26702131,-0.005995298349389749
2021-04-08,0.016399936453619146,3282684.968328941,-0.06896290989750499,4537957.334735434,0.002279649667229544
2021-04-09,-0.006419843581772167,3261610.6443040348,-0.07494002238479129,4522124.235919419,-0.002930807073028091
2021-04-12,-0.01671776102358058,3207083.817000593,-0.09040495402304119,4487256.960352276,-0.009007385600855525
2021-04-13,-0.0015910359757059789,3201981.2312706406,-0.09185215246451449,4493824.258353351,-0.0030545799757712155
2021-04-14,-0.003622295010569432,3190382.710632672,-0.09514173188150163,4441736.861831779,0.007968589173374549
2021-04-15,0.003272598095501955,3200823.551015411,-0.09218049443655779,4512524.631959625,-0.012664359074593012
2021-04-16,-0.0010791390726319072,3197369.41725691,-0.09316015793590869,4497455.764550559,0.0022602038978952466
2021-04-19,-0.026836916089812313,3111561.882497854,-0.11749694268428137,4376240.705712982,0.00011500187967784792
2021-04-20,-0.013958958690837298,3068127.7187160826,-0.1298157664058891,4314846.727858529,6.997207028515418e-05
2021-04-21,0.04453016499226514,3204751.952247852,-0.0910663189102755,4449995.516148651,0.013208359882122461
2021-04-22,-0.02393312054960639,3128052.237443118,-0.11281993827139332,4325018.856313654,0.004151550408255628
2021-04-23,0.027301687728011226,3213453.3428266966,-0.08859842526756122,4446562.5810483955,-0.0008007850640579794
2021-04-26,0.016485362090816302,3266428.284745139,-0.0735736402979567,4527670.105074595,-0.0017551377442441424
2021-04-27,0.0001052715060829712,3266772.146570186,-0.07347611399979592,4526863.794868324,0.00028335652278224654
2021-04-28,-0.010626575760969037,3232057.5448608347,-0.0833218902687245,4460429.629339093,0.004048963097642244
2021-04-29,-0.0016423985986868672,3226749.21807828,-0.0848274411115941,4479529.641701639,-0.005924500088846638
2021-04-30,-0.023078474048705555,3152280.7699871794,-0.1059482272619876,4375699.873044891,0.00010024714785866751
2021-05-03,0.00041860090467538136,3153600.3175692866,-0.10557397638109292,4335832.336797279,0.00952972310325291
2021-05-04,-0.02301166075438399,3081030.7369064647,-0.1261562046065038,4257645.001564671,-0.004978828956657758
2021-05-05,0.010004966241199842,3111856.345417313,-0.11741342693350998,4281772.957374728,0.004337994053243824
2021-05-06,0.00976146755068541,3142232.6301554986,-0.10879808673985074,4309224.709690128,0.003350162563549558
2021-05-07,0.012641795401103773,3181956.0921685966,-0.0975316944913437,4366143.803350014,-0.0005668668280649908
2021-05-10,-0.054034121588790174,3010021.889794167,-0.14629577664122784,4154909.923608491,-0.005654157653692982
2021-05-11,0.00289043677440759,3018722.1677562,-0.14382819855956464,4171621.0741015775,-0.0011315879626710018
2021-05-12,-0.05338874177380315,2857556.389455009,-0.1895381337806799,3978329.131857795,-0.007053770593466485
2021-05-13,0.03267303341535244,2950921.424853926,-0.16305788614382719,4042788.094382404,0.016470512108497357
2021-05-14,0.036111691534603585,3057484.189091104,-0.13283449069593395,4177610.432657217,0.0027628404132319095
2021-05-17,-0.017580513905714468,3003732.045788286,-0.14807970599081005,4140639.4486818183,-0.008730721764640445
2021-05-18,-0.005442889374238646,2987383.0645532045,-0.152716613906771,4105322.9669491313,0.0030863443758599313
2021-05-19,0.01632803913068348,3036161.1721295705,-0.1388821376238627,4169681.395822917,0.0006512143371366214
2021-05-20,0.029999459899340497,3127244.3674608064,-0.1130490668429039,4289127.8862241795,0.0013530288984202887
2021-05-21,-0.014916981239340599,3080595.32190056,-0.1262796972730239,4257545.531950366,-0.0075536302011843665
2021-05-24,0.031253979182675806,3176876.183961489,-0.09897246112011376,4372358.964514256,0.004286931689634815
2021-05-25,0.014037392654552727,3221471.2423706534,-0.08632438376429148,4396965.356880811,0.008409677143027205
2021-05-26,-0.00020816742918372544,3220800.63698394,-0.0865145812684311,4409659.264794559,-0.003095137619631816
2021-05-27,0.003913556745718028,3233405.4230434215,-0.08293960424583907,4431378.875272792,-0.0010119055573753338
2021-05-28,0.009428114529214104,3263890.3396912566,-0.07429345380446249,4498112.382901365,-0.005631195339537626
2021-06-01,0.0009430178667597655,3266968.24659673,-0.07342049599202369,4501290.974168475,0.00023636783302734277
2021-06-02,0.0031793579951648887,3277355.108211497,-0.07047456803780006,4542143.161011344,-0.00589630209375358
2021-06-03,-0.017164765983611163,3221100.074733854,-0.0864296545532463,4471292.902686368,-0.0015663456314879004
2021-06-04,0.02607491471530765,3305089.98447201,-0.06260838570928814,4583310.085040924,0.0010223885685063938
2021-06-07,-0.0068677464940350985,3282391.4643186815,-0.06904615368187113,4555499.563530453,-0.0007999655683586238
2021-06-08,-0.015369524528449752,3231942.6681958614,-0.08335447165771226,4487542.462830934,-0.0004519288286155415
2021-06-09,-0.00027319271151349245,3231059.7250148808,-0.08360489253509683,4464854.032060563,0.004782677167890076
2021-06-10,0.0158308750628271,3282210.2278421237,-0.06909755608063396,4524027.152130579,0.0025777833278869955
2021-06-11,-0.0011076899305827448,3278574.5566226873,-0.07012870734411832,4535638.45532687,-0.0036742755866441684
2021-06-14,0.01723672481430638,3335086.444038379,-0.054100771759885556,4597341.360772032,0.0036327071985073345
2021-06-15,-0.008570787585069795,3306502.1265486805,-0.06220787312201298,4568427.6685775,-0.0022815673759191413
2021-06-16,-0.00870739576567603,3277711.103932772,-0.07037360031667464,4528672.401928483,-5.218663812131541e-06
2021-06-17,0.004199878196816886,3291477.0913336435,-0.06646928266945931,4604297.755523385,-0.012499354355905934
2021-06-18,-0.03821045586498972,3165708.2512046145,-0.10213991694263015,4479762.363644308,-0.01116281505381915
2021-06-21,0.005810790446280967,3184103.518466427,-0.09692264014990339,4479616.795788204,0.005843284994939427
2021-06-22,0.004291045608542321,3197766.6518864864,-0.09304749401074466,4514073.439791089,-0.0034008275077655747
2021-06-23,0.006999495093163333,3220149.4038754473,-0.08669928439534065,4549335.938203724,-0.0008121851736663105
2021-06-24,0.016693677916494565,3273905.540866736,-0.07145293640813252,4622988.267278872,0.0005039899981674478
2021-06-25,-0.010112874435449282,3240796.945218429,-0.08084321626964219,4591624.2477211915,-0.0033285138131926573
2021-06-28,0.028188012752814018,3332148.570839527,-0.05493401312801526,4718202.294138168,0.0006208514199160797
2021-06-29,0.004615711335729467,3347528.806770286,-0.05057186133939781,4749193.660544671,-0.0019527578553875102
2021-06-30,-0.004245669045691347,3333316.3073358214,-0.054602818998817464,4781845.43863771,-0.011120894700164544
2021-07-01,-0.022170610575429572,3259414.64956115,-0.0755628517379036,4687375.186775294,-0.002414586865610635
2021-07-02,0.0037711701042777435,3271706.45664502,-0.07207664200109383,4712756.61833473,-0.0016436794753005857
2021-07-06,-0.0044415090585808725,3257175.1427808134,-0.07619802200131477,4718769.837239982,-0.005717454199023059
2021-07-07,-0.008938983896664698,3228059.306630879,-0.08445587300635202,4638197.577053303,0.0081358603881342
2021-07-08,-0.014081148604001448,3182604.52383168,-0.09734778591207033,4579767.435515572,-0.001483552109448602
2021-07-09,0.0193433303920858,3244166.694643503,-0.07988748590581973,4660048.7524788715,0.0018137684451784986
2021-07-12,0.01869153804806456,3304805.159850696,-0.06268916784012797,4729738.204232595,0.0037368765294159695
2021-07-13,0.0008563487906607659,3307635.2257527034,-0.061886502842534725,4710273.824235161,0.004971667473630301
2021-07-14,0.0006566617412433473,3309807.2232594443,-0.06127047960000731,4689432.795325846,0.005081251412035859
2021-07-15,-0.02544109418955376,3225602.1059432356,-0.08515278574701812,4572750.8659960935,-0.0005592088054504479
2021-07-16,-0.02794736992223268,3135455.0106665073,-0.11072035926607023,4451855.8505161805,-0.0015092325684326335
2021-07-19,8.648188382021083e-05,3135726.170722463,-0.11064345268749662,4469383.9622973595,-0.0038507776254129433
2021-07-20,0.01522925169338274,3183480.9338179226,-0.09709921798331672,4511766.947594763,0.005746292597691882
2021-07-21,0.040119131452080126,3311199.4238769547,-0.060875622821403436,4668229.705758444,0.0054403104976661065
2021-07-22,-0.0017272152047861367,3305480.2698859554,-0.0624976927248516,4665740.545931512,-0.0011940024059683974
2021-07-23,0.010597977442409645,3340511.6752225365,-0.05256206442014268,4707199.5340728,0.0017121451220849654
2021-07-26,-0.0002822082050807362,3339568.9554186207,-0.052829439179368075,4698090.184918434,0.0016529868272156661
2021-07-27,-0.020595588719149016,3270788.566713581,-0.0723369744969155,4617200.782600073,-0.0033780813630689688
2021-07-28,0.01723331546584328,3327155.097905829,-0.0563502649324223,4723137.786526216,-0.005710673525358173
2021-07-29,-0.0011866706693014484,3323206.8605389274,-0.0574700663951211,4775200.33225339,-0.012209543191821132
2021-07-30,0.01287522414320752,3365993.893742611,-0.04533478223827574,4825497.4571186155,0.002342236757212457
2021-08-02,0.006823020385766432,3388960.1386979823,-0.03882108199590536,4863241.019856269,-0.000998673247492754
2021-08-03,0.008151074279053594,3416583.804517261,-0.03098644123979365,4935125.651612288,-0.006630144965997009
2021-08-04,0.010815800703927625,3453536.8940351866,-0.02050578370883963,5014290.27264277,-0.005225254097710186
2021-08-05,0.0017919494946203596,3459725.4577271054,-0.01875057954297323,4983552.086533117,0.00792206650786055
2021-08-06,-0.005288782059819641,3441427.723794377,-0.023940193874094774,4953603.836306328,0.0007206364647136115
2021-08-09,-0.0031543681269111667,3430572.1938713714,-0.02701904581649744,4917115.462752718,0.004211657651367079
2021-08-10,-0.020079524602243604,3361687.9351047585,-0.04655604082353952,4815302.032258296,0.0006264017209556827
2021-08-11,-0.012247170084261128,3320516.771193322,-0.05823303115738499,4785032.927052921,-0.005961145863433492
2021-08-12,-0.020476282884768215,3252524.93046275,-0.07751691802293707,4690406.321375827,-0.0007007437986927129
2021-08-13,0.006005770161327639,3272058.847639098,-0.0719766966548696,4733809.831978513,-0.003247908012539727
2021-08-16,0.0035758422772811382,3283759.2140002376,-0.06865823169246596,4724008.870732292,0.005646259466415435
2021-08-17,-0.019093952434697803,3221059.2717611166,-0.08644122711697731,4648113.887707209,-0.0030281521574603842
2021-08-18,-0.013422595442099894,3177824.296261242,-0.09870355693796737,4577775.840807102,0.0017100042745570032
2021-08-19,0.01955959041045796,3239981.237892514,-0.0810745676732713,4627765.776531944,0.008639454199500976
2021-08-20,0.006197741996712747,3260061.8056791616,-0.0753793049294926,4636627.005859805,0.004282945579660344
2021-08-23,0.03726095688276465,3381534.828055721,-0.04092705307755851,4783359.696587668,0.005614527152182275
2021-08-24,-0.003286464325360283,3370421.5344783524,-0.04407901210303725,4776298.09458466,-0.0018101793602038063
2021-08-25,0.009879457926158963,3403719.472221651,-0.034635030922376984,4849452.306885805,-0.005436632245031797
2021-08-26,-0.0027383017102982077,3394399.0613694913,-0.03727849146826421,4835072.440236844,0.00022695410395989768
2021-08-27,0.030896120663780335,3499272.8243505857,-0.007534131575051101,4958731.269535362,0.005320737703755796
2021-08-30,0.0009898169689208647,3502736.4639710113,-0.006551772017409362,4960043.742534802,0.0007251377741631926
2021-08-31,-0.008152111417395691,3474181.766050945,-0.01465047265933776,4938860.095240487,-0.003881252450436204
2021-09-01,-0.0017979649081141247,3467935.3091511754,-0.016422096531723124,4932986.727580867,-0.0006087496749716537
2021-09-02,0.011404147080324556,3507484.153481786,-0.005205229455613657,4950644.716532922,0.007824573502044463
2021-09-03,0.004545287060278458,3523426.6758187385,-0.0006836016574256121,5002057.004758755,-0.005839681195298152
2021-09-07,-0.00546062349383003,3504186.569333975,-0.006140492259984704,4981362.854238172,-0.0013234954081455669
2021-09-08,-0.015038157004185093,3451490.061532374,-0.021086307577481204,4900873.714814258,0.0011198988891802514
2021-09-09,0.007695506574034061,3478051.0259911097,-0.013553070822031742,4918240.45501489,0.004151905736465913
2021-09-10,0.008932515828115273,3509118.771831768,-0.004741618013553754,4950563.625214093,0.0023604154001572453
2021-09-13,0.015542266070378119,3563658.429456136,0.0,4982369.126026434,0.009117643902035732
2021-09-14,0.0009932858503864939,3567198.160949725,0.0,4993950.381042311,-0.0013311615606615285
2021-09-15,0.006683226460123537,3591038.5540874884,0.0,5014505.856447629,0.002567151241725546
2021-09-16,0.008925319433423118,3623089.720280457,0.0,5033972.48514929,0.005043256223419848
2021-09-17,-0.017188219969580865,3560815.257198749,-0.017188219969580868,4949280.860325873,-0.00036420571974830895
2021-09-20,-0.02895707537697012,3457704.4613925796,-0.04564757476529591,4811129.732063056,-0.0010437012602866197
2021-09-21,0.0011519289772787822,3461687.4913565237,-0.044548228552131815,4826301.686946991,-0.002001582927175574
2021-09-22,0.02078530569266701,3533639.724076851,-0.024688871407987614,4922474.817764074,0.0008584264681070763
2021-09-23,0.014663091982521248,3585453.808384081,-0.01038779461786627,4990766.253661978,0.0007896973129422613
2021-09-24,-0.0016667036565143345,3579477.919411384,-0.012037184899107847,4971208.022216876,0.002252179827710435
2021-09-27,-0.0020956721033088543,3571976.5073912637,-0.014107631009821228,4970768.702511255,-0.0020072992764913894
2021-09-28,-0.05253203778109217,3384333.302551812,-0.06589856618570382,4733282.976924199,-0.0047555790882791715
2021-09-29,-0.03058755999703977,3280814.804610029,-0.09447044983581944,4644338.584368474,-0.011796291232981426
2021-09-30,-0.0020847416407686614,3273975.153371208,-0.09635824499599326,4654588.564979581,-0.00429172556859983
2021-10-01,-4.366331051719463e-05,3273832.200777461,-0.09639770098653826,4655114.391449593,-0.00015663279485975123
2021-10-04,-0.03676928245475486,3153455.7398776026,-0.12962250914573012,4524539.707395362,-0.008719556266700776
2021-10-05,0.024224889833242003,3229847.857770142,-0.10853771031645182,4599666.955009618,0.007620494143784004
2021-10-06,-0.0019602889779292143,3223516.422614167,-0.11028523401715803,4605274.25736306,-0.0031793560121922693
2021-10-07,0.013824306745300774,3268079.3024389,-0.09798554417638773,4671856.60960937,-0.0006335406108814168
2021-10-08,-0.014095598950361943,3222013.7672537426,-0.11069997819310633,4622096.574450523,-0.0034445795983344407
2021-10-11,-0.000930014516004829,3219017.247679429,-0.11152704012247015,4610999.618510811,0.001470834484219849
2021-10-12,-0.0031888630869920664,3208752.2424019133,-0.11436025874801423,4570963.289988472,0.005493924125050564
2021-10-13,0.01155993398034516,3245845.2064833636,-0.10412232180877137,4620957.144512947,0.0006226651044447806
2021-10-14,0.03894966114933629,3372269.777419088,-0.06922818981196893,4767720.376222769,0.00718930780260732
2021-10-15,0.002436938030532687,3380487.7898888965,-0.06695995658997396,4792191.637109511,-0.002695758301404616
2021-10-18,0.008707155193190541,3409922.2217041445,-0.05883583213054172,4835286.687460567,-0.0002856092065758181
2021-10-19,0.008137951163816215,3437672.0022167843,-0.05117668409528641,4874352.092201992,5.871879012168957e-05
2021-10-20,-0.015902563739489173,3383004.2040860746,-0.06626540735397456,4833739.117036216,-0.007570589684773518
2021-10-21,0.00729739261649387,3407691.3139865403,-0.05945157943183447,4879657.225096396,-0.002202108069909517
2021-10-22,0.009958688469413612,3441627.4501824593,-0.05008495072099701,4887407.124990321,0.0083704826720747
2021-10-25,-0.0015560057538447358,3436272.2580673853,-0.05156302400333888,4912681.521982202,-0.006727336143459328
2021-10-26,0.00910548871519512,3467561.196335556,-0.04292704182132748,4956855.607083064,0.00011364080012044031
2021-10-27,0.002632843135408569,3476690.7410279373,-0.04040721885330156,4939483.105294684,0.006137585489322528
2021-10-28,0.02145596927211213,3551286.5107360696,-0.019818225627277322,5019398.890488173,0.005276991939883638
2021-10-29,0.006186472426593204,3573256.4468136705,-0.01375435810707135,5016025.3961792765,0.0068585637232798785
2021-11-01,0.01007208713663399,3609246.5971075166,-0.0038208060638003326,5080200.63337062,-0.0027219543848116673
2021-11-02,0.011202327600536632,3649678.559879437,0.0,5132440.267969638,0.0009193410869985097
2021-11-03,0.01313129512550959,3697603.566162459,0.0,5191233.7516103685,0.0016760261752508526
2021-11-04,0.05577877108878093,3903851.349056495,0.0,5410927.766750435,0.013458577922384612
2021-11-05,0.008892414746276556,3938566.0143601163,0.0,5448294.250599386,0.0019866703971162802
2021-11-08,0.008314374346724218,3971312.7265927917,0.0,5573735.05523103,-0.014709493099099719
2021-11-09,0.01022303442802408,4011911.5933212,0.0,5607815.089059903,0.004108636543810301
2021-11-10,-0.03443629225587641,3873756.233188852,-0.03443629225587645,5414502.056266861,3.578460881366319e-05
2021-11-11,0.021599825153141072,3957428.690511622,-0.013580284994384722,5521691.272981518,0.0018031355220800155
2021-11-12,0.01444473896748888,4014592.714928514,0.0,5608935.735809714,-0.0013555762828577067
2021-11-15,-4.4365921521460905e-05,4014414.6038231826,-4.436592152147899e-05,5597257.221466022,0.0020377606874771165
2021-11-16,0.006677533656055168,4041220.9924495714,0.0,5648304.279684599,-0.002442479271491993
2021-11-17,-0.012359978669891136,3991271.587182578,-0.012359978669891192,5602329.953040532,-0.00422048682108557
2021-11-18,0.03230651063136203,4120215.6451465455,0.0,5757584.352074114,0.004594040938404931
2021-11-19,-0.006568609432543782,4093151.5577957216,-0.006568609432543747,5795157.287098106,-0.013094425248070085
2021-11-22,-0.01995401762542026,4011476.739467949,-0.026391556909572577,5713466.049450915,-0.005857551628015517
2021-11-23,0.0008459832342160301,4014870.381533987,-0.025567900490026836,5699740.831785496,0.003248240908738681
2021-11-24,0.006131345222845974,4039486.9378681513,-0.019593320891708527,5762026.029581026,-0.004796379323537936
2021-11-26,-0.03158250033610499,3911909.840295239,-0.050557015164165685,5595571.419440111,-0.0026942916944966283
2021-11-29,0.053668298414220494,4121855.384973729,0.0,5838064.479002025,0.010331694985400958
2021-11-30,-0.0191595528459243,4042882.478902067,-0.019159552845924337,5720627.846371613,0.000956126426341436
2021-12-01,0.006952464751085685,4070990.4768294157,-0.012340294210646491,5731607.465877167,0.005033161520669002
2021-12-02,-0.007099677662688486,4042087.756676052,-0.019352359762176665,5668606.846298993,0.003892111281904198
2021-12-03,-0.028808265079112938,3925642.2211086918,-0.04760311693135441,5569057.923477613,-0.011246820879401973
2021-12-06,-0.015984495402644572,3862892.8110729526,-0.06282670053025817,5544935.367942885,-0.011652962876643178
2021-12-07,0.0622308779262577,4103284.0220410516,-0.00450558333520858,5837305.784894987,0.009503407261334751
2021-12-08,-0.0040242776631701505,4086771.267805509,-0.008511729280003315,5830096.800876445,-0.002789292845825797
2021-12-09,-0.039438206679088705,3925596.3378956337,-0.047614248620550824,5669495.125487805,-0.01189120688236213
2021-12-10,0.0015657347794235665,3931742.7806118545,-0.046123065126188606,5742029.961019372,-0.011228144380199936
2021-12-13,-0.03979320084957516,3775286.1504540998,-0.08408088158139933,5567563.692641694,-0.009409125955841244
2021-12-14,0.002695287483695852,3785461.631962789,-0.08161221624544789,5553662.385624434,0.005192125918724935
2021-12-15,0.06081738620787025,4015683.5140089453,-0.025758271712257173,5815085.14422157,0.013745248860482173
2021-12-16,-0.052829998116768806,3803534.9615263133,-0.07722746038297618,5565227.246343662,-0.009862803023126684
2021-12-17,-0.009273143791174943,3768264.234913319,-0.08578446282939249,5554000.830028877,-0.007255900681801361
2021-12-20,-0.005170837965793207,3748779.1511422885,-0.09051172323791229,5525763.874800761,-8.67632433973059e-05
2021-12-21,0.04844919199291797,3930404.4719750294,-0.04644775110175774,5777293.109341377,0.002929832092711332
2021-12-22,0.0064354470921408335,3955698.3820051383,-0.040311216054381226,5835836.748917596,-0.0036979559511564064
2021-12-23,0.013994533372100548,4011056.535022073,-0.026880819340623776,5924807.24912292,-0.0012510096465292858
2021-12-27,0.0393744586497784,4168989.7147022234,0.0,6091962.9178028405,0.011161613631965439
2021-12-28,-0.013631972009746085,4112158.1636024835,-0.013631972009746071,6020364.196146966,-0.0018789914644053024
2021-12-29,-0.009314493378224431,4073855.493617397,-0.02281949047495353,6029475.803486439,-0.010827957853563885
2021-12-30,-0.013759028923468808,4017803.198050683,-0.036264545368958595,5946357.16480806,2.635497844802326e-05
2021-12-31,-0.005827102939327977,3994391.0452256803,-0.041880331069373736,5924319.147794911,-0.0021209654836811392
2022-01-03,0.02129096380011597,4079435.480373088,-0.02148103988199265,6065273.101853418,-0.002501467117616049
2022-01-04,-0.02446459767697129,3979633.732596598,-0.045420112560568014,6016515.531185252,-0.01642578889632995
2022-01-05,-0.04626452763545286,3795517.8577959025,-0.08958330014325706,5772355.247290365,-0.005682851642207873
2022-01-06,0.015267974955147867,3853467.729390547,-0.07568308077109587,5838267.174277781,0.003849424958878092
2022-01-07,-0.02690424846237449,3749793.0761572816,-0.10055113282400688,5667181.197357022,0.002399990588988002
2022-01-10,-0.010280494449621314,3711243.3492506184,-0.10979791191072782,5639792.057778028,-0.005447555705441462
2022-01-11,0.019191645095463228,3782468.2144723344,-0.09271346937287826,5730551.825098055,0.0030988944425631715
2022-01-12,0.017828054427792672,3849902.263671343,-0.07653831572325467,5819996.53573353,0.0022196604431620193
2022-01-13,-0.028750881710530418,3739214.179091425,-0.10308865337210256,5748959.862129973,-0.0165452604240902
2022-01-14,0.03159848515826935,3857367.6828330355,-0.07474761349739767,5905142.684042724,0.004431340899432104
2022-01-18,-0.04982867207924868,3665160.1734760567,-0.12085171125497814,5611955.742844672,-0.0001792466741147858
2022-01-19,-0.035673851625468656,3534409.793263895,-0.1522143168644527,5420266.561076336,-0.001516564834185108
2022-01-20,-0.025622288449442365,3443850.1260423535,-0.17393652618105923,5255820.206217914,0.0047168753177666695
2022-01-21,-0.02549143850616742,3356061.432329888,-0.19499407242610578,5112090.872765068,0.0018552605462101301
2022-01-24,0.00037777684868722794,3357329.2746417946,-0.1946899598236123,5155271.471468064,-0.00806898197812532
2022-01-25,-0.047757585982699635,3196991.3331358545,-0.23314962331006744,4952158.69782345,-0.008358540797835004
2022-01-26,0.010648612751615216,3231034.8558126884,-0.22498373061026608,5026905.348253577,-0.00444513827518013
2022-01-27,-0.04392209087387022,3089121.0492590414,-0.2590240656231298,4795579.327681709,0.002095489435700204
2022-01-28,0.024877140452287172,3165969.5474755755,-0.24059070323187168,4892303.524630499,0.004707690561120664
2022-01-31,0.06207906453579559,3362509.9753316753,-0.1934472844887199,5154505.423754087,0.008484291071001099
2022-02-01,0.00948300248068179,3394396.6657690625,-0.18579874308672586,5181665.369186273,0.0042138363436124565
2022-02-02,0.025378645997747418,3480541.85712555,-0.1651354176166028,5312097.893226053,0.00020671482376216632
2022-02-03,-0.0404024946647521,3339919.2833125885,-0.19886602945213852,5111213.766873188,-0.0025861497120300003
2022-02-04,0.011983269911895356,3379942.4375684676,-0.189265824847475,5142026.392055475,0.005954833891083797
2022-02-07,0.0042580024267762084,3394334.2406699983,-0.18581371676220507,5146291.442171473,0.003428553141453919
2022-02-08,0.019014769804067688,3458876.724894403,-0.170332152008809,5248219.277566097,-0.0007913054133933117
2022-02-09,0.04454315473984116,3612946.0060774097,-0.1333761286730663,5454763.027583247,0.005188139430165273
2022-02-10,-0.03746723807913477,3477578.8979006484,-0.16584613158513395,5333088.181968646,-0.015161072806817152
2022-02-11,-0.06642774028485376,3246571.190050816,-0.22125708811380276,5065847.544088427,-0.016317817335563478
2022-02-14,0.004186032299937192,3260161.441916414,-0.21799724513130006,5074957.984376028,0.002387628339234976
2022-02-15,0.06454582612038484,3470591.255470734,-0.16752223128988303,5375802.406195586,0.005265646314808137
2022-02-16,-0.0028263266126372644,3460782.231043811,-0.16987508536201734,5354903.468161311,0.001061267546364708
2022-02-17,-0.04275567794779889,3312814.140525837,-0.20536763886872292,5169453.72447345,-0.008123915715203836
2022-02-18,-0.012205135951381951,3272380.7935590586,-0.2150662348676978,5104343.711396716,0.0003900078582022709
2022-02-22,-0.006638614521630615,3250656.718902632,-0.22027710755942334,5057906.932929921,0.002458887741611057
2022-02-23,-0.03104531720730297,3149739.0499322494,-0.24448385208903678,4917285.8877815055,-0.003243096444225893
2022-02-24,0.05136755491110723,3311533.443535303,-0.20567483487499208,5072881.80059904,0.01972491375327662
2022-02-25,0.02182853290846709,3383819.360285003,-0.18833588186803724,5154621.890098551,0.0057153860399832696
2022-02-28,0.004066886690923255,3397580.970205835,-0.1850349358685063,5117775.042524616,0.011215199090851669
2022-03-01,-0.04884155821303415,3231637.8214660296,-0.2248390994898738,4936704.070873885,-0.013460758911350068
2022-03-02,0.03258823835183344,3336951.205058764,-0.19957797130302798,5109627.9530801615,-0.002439966645608277
2022-03-03,-0.03234496329944769,3229017.6407990907,-0.225467592445301,4973201.241336775,-0.005645032698601199
2022-03-04,-0.03377628777174735,3119953.411743412,-0.2516284219314129,4800142.838605515,0.0010219024347568745
2022-03-07,-0.04829310281690413,2969281.1808461365,-0.2877696074963279,4531493.944688406,0.007673751285119601
2022-03-08,0.009812959793463971,2998418.6176892687,-0.2807805192910064,4593726.999067636,-0.003920492162744926
2022-03-09,0.05998527512499274,3178279.5834112596,-0.23763794086542303,4830815.812928947,0.008373846341908547
2022-03-10,-0.026392946174717546,3094395.4214380826,-0.2577589216578087,4691713.364339397,0.0024018690234241385
2022-03-11,-0.021138102936384184,3028985.7724938486,-0.27344848997541876,4582331.547323602,0.0021757290310970984
2022-03-14,-0.021213224589071378,2964731.217024835,-0.2888609903330991,4460962.358257868,0.005273114911312993
2022-03-15,0.05540394277841321,3128989.015726254,-0.24946108533401676,4671410.389190659,0.008228464925922135
2022-03-16,0.05818801188729439,3311058.665768547,-0.20578871804555543,4949556.641799608,-0.001354231126199451
2022-03-17,-0.005715153843051435,3292135.456110311,-0.21032775770581216,4968076.075266598,-0.009456788661529922
2022-03-18,0.03372096509775058,3403149.440922874,-0.18369924758474745,5081868.080972024,0.010816322740936218
2022-03-21,0.007031625528183483,3427079.113407891,-0.17795932637538894,5079197.6314097615,0.007557111337675906
2022-03-22,0.001834905630117012,3433367.4801679393,-0.17645095931516996,5108714.534968141,-0.003976426336146213
2022-03-23,-0.023398978950987748,3353030.186768484,-0.19572116598326048,4972686.492753163,0.0032276883415166546
2022-03-24,0.059049397035720874,3551024.5975397336,-0.14822898578597932,5220982.603535296,0.00911741134871194
2022-03-25,-0.006057632010586955,3529513.7972672954,-0.15338870114737224,5188282.838794836,0.00020551177355794537
2022-03-28,0.010165232533868362,3565392.1257480145,-0.14478270042873487,5232831.542343359,0.0015788264082392256
2022-03-29,0.018458182430507897,3631202.7840413675,-0.1289969434955222,5349075.414873987,-0.0037561525026919562
2022-03-30,-0.028971094094097483,3526002.866510156,-0.15423085500175998,5181206.293003353,0.0024117354326364526
2022-03-31,-0.03085575971850485,3417205.3692943593,-0.18032770451715097,5043521.027656175,-0.0042817810809225865
2022-04-01,-0.009023720195829754,3386369.46419016,-0.1877241979638617,4962748.07689065,0.006991470446304354
2022-04-04,0.019332243146042982,3451835.582054219,-0.17202108465725205,5057182.249278335,0.00030363824316190224
2022-04-05,-0.04179897998217763,3307552.3756581666,-0.20662975876532869,4836256.851447253,0.001886492864407771
2022-04-06,-0.03356595716195432,3196531.214305904,-0.23325999029618105,4721286.509134485,-0.009793369012844222
2022-04-07,-0.0027461803561878995,3187752.963077236,-0.23536559664913298,4728232.950701228,-0.004217483051608434
2022-04-08,-0.02990789138646044,3092413.9936906546,-0.25823419933490166,4615681.928813466,-0.00610385654696062
2022-04-11,-0.029747166196033237,3000423.4406733997,-0.28029962988582,4498809.034856578,-0.004426336953596455
2022-04-12,-0.010053598156795074,2970258.389100641,-0.28753520820024464,4456125.368301459,-0.0005658278992872467
2022-04-13,0.025866384689488653,3047088.235220299,-0.2691063198178357,4558732.68833745,0.002840255136247999
2022-04-14,-0.03617109830232157,2936871.707128298,-0.29554354697225044,4403128.773361544,-0.0020379464783540774
2022-04-18,0.01698367653614219,2986750.586230313,-0.283579286440229,4475854.882812245,0.00046676022638414416
2022-04-19,0.02216921309941866,3052964.496451266,-0.26769680297248494,4563141.187421006,0.002667619125952342
2022-04-20,-0.008673877132643448,3026483.457518725,-0.27404871092734356,4551101.632285412,-0.006035441318125556
2022-04-21,-0.03345691106555426,2925226.66963915,-0.2983367986437719,4424018.326984168,-0.005533275082626882
2022-04-22,-0.02028561419708741,2865886.6499798195,-0.31257046764277757,4334449.936143448,-3.9678439000476184e-05
2022-04-25,0.009318802715000407,2892593.282274535,-0.30616444745027566,4387064.094711866,-0.0028197983401618137
2022-04-26,-0.05689385819360415,2728022.4902610355,-0.3456394289867206,4168741.1498646494,-0.007128698593957011
2022-04-27,-0.00743386191744333,2707742.747760755,-0.35050385511585275,4133207.1070223153,0.001090064506601568
2022-04-28,0.055613583355260676,2858330.02476795,-0.3143830471234178,4365685.841285816,-0.0006329894014055759
2022-04-29,-0.04856545400446011,2719513.929420515,-0.34768034571302353,4188585.939144791,-0.007999112636922781
2022-05-02,0.03862783364464506,2824562.861080466,-0.3224826506240938,4321260.612745483,0.006952543814545242
2022-05-03,0.007996662083849637,2847149.935815118,-0.3170647733251892,4353873.623004682,0.00044955646309444153
2022-05-04,0.05111769892118101,2992689.689017575,-0.2821546960253577,4544428.402416663,0.007350976248032742
2022-05-05,-0.05355574642383576,2832413.9589073216,-0.32059943709656497,4327674.513202982,-0.005859123214101633
2022-05-06,-0.004146932011889537,2820668.130790206,-0.32341686503976497,4300485.745359927,0.002135603275851397
2022-05-09,-0.07077325098979348,2621040.277210879,-0.37130085306576704,4035790.5682806596,-0.009223186008212092
2022-05-10,0.029416890998926748,2698143.1333493884,-0.35280647878928445,4132310.821964858,0.005500820020714808
2022-05-11,-0.022946489043514373,2636230.221502153,-0.3676572978327796,4035039.4113040464,0.0005927399379494769
2022-05-12,-0.006716003795430692,2618525.2893289155,-0.37190411382054755,4054849.062091793,-0.011625410809461542
2022-05-13,0.06583936446571403,2790927.330215731,-0.330550679850963,4299014.655213935,0.00562365991463426
2022-05-16,-0.016794583128997287,2744054.8691614326,-0.34179380210885674,4231400.428104201,-0.001066740231851132
2022-05-17,0.0578903014868164,2902909.0328335543,-0.30369004687244733,4465313.326350355,0.002610045642310127
2022-05-18,-0.06180142072844952,2723505.130358991,-0.3467229912430902,4219360.040264268,-0.006720563437946123
2022-05-19,-0.007985174702470066,2701757.466090001,-0.3519395222871212,4179610.0365348333,0.0014356861271606902
2022-05-20,-0.012521425861113156,2667927.6102836463,-0.3600541635123206,4134810.846226148,-0.0018029162592395759
2022-05-23,0.009856159666656872,2694223.130789684,-0.35374675516988574,4191037.2985214675,-0.003742153384746094
2022-05-24,-0.025974288015312652,2624242.6032130355,-0.3705327230819335,4068991.3858804447,0.00314640549034495
2022-05-25,0.020896850902163866,2679081.0096234847,-0.3573788392483856,4159593.768931761,-0.0013696948972964917
2022-05-26,0.04357614251668185,2795825.0255125733,-0.32937588796323775,4329350.656882654,0.0027652130411122133
2022-05-27,0.046983700112375404,2927183.2300779303,-0.2978674857951745,4513512.018000853,0.00444582879778771
2022-05-31,-0.007127141065954246,2906320.7822712692,-0.3028716832709054,4488421.467220865,-0.001568154919485254
2022-06-01,-0.014403378669595623,2864459.9435089007,-0.31291268639805236,4421385.382184486,0.0005319578459137275
2022-06-02,0.0440659113524251,2990684.9814521363,-0.2826355577454931,4575498.156033264,0.00920969310242617
2022-06-03,-0.03424508287436556,2888268.7264111876,-0.3072017625216217,4429832.324144961,-0.002409023297720983
2022-06-06,0.0002790796723992628,2889074.783501155,-0.3070084166164675,4437031.78427831,-0.001346142143358403
2022-06-07,0.0072349433348684045,2909977.0758499834,-0.3019946617791469,4473739.431565223,-0.001038075446962189
2022-06-08,-0.02240780988120672,2844770.862775667,-0.31763543269406713,4384089.173644513,-0.002368587818301557
2022-06-09,-0.028817647134308455,2762791.259874236,-0.33729957401164457,4235355.841620353,0.005108061521046467
2022-06-10,-0.044102489173431514,2640945.288247181,-0.3665263123740245,4061115.52249671,-0.0029630133798266983
2022-06-13,-0.06546087700549852,2468066.6935549816,-0.40799405552592805,3824614.523814203,-0.007225400232577339
2022-06-14,0.003647109748115218,2477068.0036520446,-0.40583494487489447,3844421.899915081,-0.0015318111542517582
2022-06-15,0.02226154851437223,2532211.373188744,-0.39260791067468226,3920292.08081115,0.00252641463176026
2022-06-16,-0.06505705280730134,2367473.1641639546,-0.43212304990465655,3654995.750095818,0.0026155402665390265
2022-06-17,0.007042705255705606,2384146.579859954,-0.42812365992362605,3678150.324400761,0.00070765704003109
2022-06-21,0.026707764419242386,2447821.805055796,-0.4128501213559277,3800917.116272154,-0.00666955326594329
2022-06-22,-0.008950879845341597,2425911.6461959346,-0.41810562937087764,3749777.970609187,0.004503542889643622
2022-06-23,-0.006237152292087211,2410780.8658114625,-0.42173499317839974,3728616.549068964,-0.0005937724157087931
2022-06-24,0.04371115653367208,2516158.8856053287,-0.3964583609472759,3898560.430172887,-0.0018671105977008384
2022-06-27,-0.006572244336732425,2499622.07461909,-0.4004249840665223,3879348.2543950235,-0.00164422638703704
2022-06-28,-0.03596229272744267,2409729.933863661,-0.42198707630158316,3758310.4188468973,-0.00476173335229535
2022-06-29,-0.027215900977068608,2344146.962602149,-0.4377182187964252,3669999.1039382983,-0.0037182903311405308
2022-06-30,-0.016476559929165302,2305523.484690064,-0.4469826882615037,3614940.0763275474,-0.001474096426744717
2022-07-01,-0.030777588152185786,2234565.032403081,-0.4640032273232201,3451105.2687770096,0.014543995080524341
2022-07-05,0.026235642283312766,2293190.2812520075,-0.449941007730262,3466866.8626097925,0.021668527517100994
2022-07-06,0.00923679648180098,2314372.0131739764,-0.4448602247656819,3482585.760722019,0.004702760784683541
2022-07-07,0.03948372231445263,2405752.0350744785,-0.42294124003462236,3651488.2625830886,-0.009015442807629642
2022-07-08,0.0015982149428563908,2409596.9439257416,-0.42201897610153954,3662889.8023143965,-0.0015242214204587018
2022-07-11,-0.03164352258770764,2333348.808603356,-0.4403083316865369,3549934.4755938463,-0.0008057598329616333
2022-07-12,0.0020455663239209443,2338121.828348196,-0.43916344525805573,3553319.8873363445,0.0010919116112007299
2022-07-13,0.003971696109904332,2347408.137718329,-0.43693597289529496,3593980.420566573,-0.007471273991137686
2022-07-14,0.010463437197994141,2371970.0953454054,-0.4310443878092352,3656980.2084675324,-0.0070658146422337975
2022-07-15,0.02840471055962035,2439345.2193597667,-0.41488336832368494,3761152.436704822,-8.114998621577829e-05
2022-07-18,0.00022069990109718773,2439883.5826084213,-0.4147542331409436,3737264.842818088,0.006571836763729133
2022-07-19,0.044242429026948304,2547829.9588459907,-0.3888615388373599,3911476.7279078625,-0.0023723795073084253
2022-07-20,0.027057773471107938,2616768.5647153477,-0.37232549279573973,4022710.7714612284,-0.0013800906122255485
2022-07-21,0.012209376832336138,2648717.6782049686,-0.3646619782092321,4101626.5011457894,-0.007408173165148607
2022-07-22,-0.029709306978354055,2570026.111604184,-0.3835374305336342,4000045.859055138,-0.004943365451919479
2022-07-25,-0.00997997429809494,2544377.3170649414,-0.38968971113264605,3973575.5967813153,-0.0033624845975954443
2022-07-26,-0.016662928964334633,2501980.538572224,-0.39985926812224537,3894420.7404347765,0.003257380695976364
2022-07-27,0.04931262230899636,2625359.7598952954,-0.37026475487891297,4075212.9145601187,0.0028892422544934127
2022-07-28,0.011275697791302441,2654962.5231413213,-0.3631640505663958,4144799.7986932555,-0.00579994600745784
2022-07-29,0.010079848794404711,2681724.1439293968,-0.3567448404892639,4198445.718673111,-0.0028630972066948923
2022-08-01,0.01302622887387428,2716656.8964048154,-0.34836565155717664,4220951.394307728,0.007665750939261182
2022-08-02,0.004932641233061252,2730057.1902281023,-0.3451513731011685,4211209.065043458,0.007240729707476912
2022-08-03,0.015994718404382713,2773723.686213661,-0.33467725371642504,4308709.155741559,-0.007157798887487965
2022-08-04,0.023986461612131915,2840255.502935686,-0.31871851520301586,4395757.430329739,0.0037835954074858236
2022-08-05,-0.01654905235563653,2793251.9659142187,-0.32999307816384693,4337812.200582853,-0.0033669715276369583
2022-08-08,-0.0274458283344321,2716588.851962922,-0.3483819731234432,4242142.81422758,-0.005391073095738705
2022-08-09,-0.03605889927507078,2618631.648178211,-0.37187860192040534,4037142.513891914,0.012265805788634843
2022-08-10,0.041309950910922044,2726807.19301824,-0.3459309377996375,4219930.175734399,-0.003966543840875414
2022-08-11,-0.0029888340422746795,2718657.2188530276,-0.34788584167874065,4220340.209377575,-0.003086000020407084
2022-08-12,0.034017297083912545,2811138.5891360743,-0.32570268062250085,4360127.270466216,0.0008950713500642526
2022-08-15,0.003730691668060171,2821626.0804483267,-0.3231870852313039,4367337.944556048,0.0020769156100365754
2022-08-16,-0.010424348281603213,2792212.467465278,-0.3302424187763398,4313114.908156083,0.0019912323508859547
2022-08-17,-0.026450876308412696,2718356.0008615465,-0.3479580937139085,4216185.444548474,-0.00397768334424739
2022-08-18,0.02594626977947878,2788887.1990165655,-0.33104003850588387,4292901.040173642,0.007750771352254243
2022-08-19,-0.037409426009757385,2684556.529695396,-0.3560654466888882,4137896.3878837763,-0.0013022223171242492
2022-08-22,-0.03717040782231773,2584770.468664552,-0.38000075664634414,3984891.4037616635,-0.0001938937244469613
2022-08-23,-0.00021383987660439363,2584217.7416664823,-0.3801333372080377,4006996.238863174,-0.005761001106805927
2022-08-24,0.0036362598501193943,2593614.62888447,-0.3778793409496998,4009384.4994468135,0.0030402371834455655
2022-08-25,0.04315121833254909,2705532.260005957,-0.35103407656183105,4155823.8343581753,0.006627074805888977
2022-08-26,-0.06574031954157866,2527669.704703116,-0.39369730374025197,3914700.127413368,-0.007719643845144425
2022-08-29,-0.020096817600170236,2476871.587694221,-0.40588205843747555,3833682.113311495,0.0005990240901113941
2022-08-30,-0.01636838461892265,2436329.2008951604,-0.41560680941397354,3783005.8136894335,-0.0031496830875407528
2022-08-31,-0.01437652835248271,2401303.2450625096,-0.4240083546874314,3748344.6479728953,-0.0052141935786076815
2022-09-01,-0.026632818767580724,2337349.7709307563,-0.43934863578868166,3651910.8564519137,-0.0009057844157281669
2022-09-02,-0.007499288710201335,2319821.3101818236,-0.44355312223467064,3619078.008475071,0.0014913053287622519
2022-09-06,-0.012494664045978099,2290835.922264401,-0.45050573903178187,3583254.865878107,-0.002596247235654117
2022-09-07,0.00824444010652936,2309722.5818193955,-0.4459754665083478,3620782.9267608556,-0.0022287364570785367
2022-09-08,0.01902388032150215,2353662.4677917985,-0.4354357700880266,3681229.5565879336,0.0023295269040899125
2022-09-09,0.028767347168089374,2421371.0931192674,-0.41919475488746377,3785884.645222448,0.0003379631740314526
2022-09-12,0.0010353141183243597,2423877.972797676,-0.418593439017202,3798060.3128719036,-0.0021807552526271617
2022-09-13,-0.0665894812447253,2262473.1959885624,-0.45730900030532623,3545217.7734840596,-1.7989862415704327e-05
2022-09-14,0.003265202695503344,2269860.6295666085,-0.45553700419029775,3563503.894309201,-0.0018927655855736775
2022-09-15,-0.014491869414193781,2236966.1057345094,-0.4634272908264327,3503665.2045627753,0.002300223851646563
2022-09-16,-0.0011044622694227346,2234495.461072748,-0.46401991513851687,3511599.71681213,-0.0033690942436826743
2022-09-19,-0.0030104732517994837,2227768.572255921,-0.46563346884748963,3522145.920404935,-0.00601372090053183
2022-09-20,-0.01892322425559989,2185612.0079735448,-0.47574540655117553,3464848.9256793107,-0.002655586281351194
2022-09-21,-0.012185312085804312,2158979.6435579057,-0.48213361238476593,3428842.1892043864,-0.00179330445509214
2022-09-22,-0.02841554391071288,2097631.062694051,-0.49684906746192886,3325504.4224403803,0.0017222580241098157
2022-09-23,-0.011808084391196516,2072862.0580841643,-0.5027903161348476,3286019.538151582,6.526751967624034e-05
2022-09-26,-0.021408833318726228,2028484.4997899286,-0.5134349953811732,3224681.959468059,-0.0027426087356471895
2022-09-27,0.016671877003903823,2062303.1438747516,-0.5053230434697643,3266279.3315753494,0.0037721949173789016
2022-09-28,0.01030491728664562,2083555.0071923702,-0.5002254383491106,3305381.1637159735,-0.0016664507964892772
2022-09-29,-0.03567809863922289,2009217.7261255141,-0.5180564444570653,3192550.699243114,-0.0015427118610114449
2022-09-30,-0.008775134133882645,1991586.571074588,-0.5222855638019149,3147930.744072631,0.00520113730984452
2022-10-03,0.04186229820624532,2074958.9620164658,-0.5022873396163624,3266778.5437562787,0.00410803696417994
2022-10-04,0.03689760010141163,2151519.9680237896,-0.4839229369081173,3416580.9959862316,-0.008958722946952463
2022-10-05,0.005797511907465136,2163993.4306575567,-0.4809309739896724,3440644.5420143288,-0.001245653776698899
2022-10-06,-0.004968524030965482,2153241.5772944833,-0.4835099809191345,3416846.191411675,0.0019483051596259626
2022-10-07,-0.06602807386871912,2011067.183371686,-0.5176128220514621,3190490.798773116,0.0002188040877743741
2022-10-10,-0.037711125610068064,1935227.5762092704,-0.5358041855117657,3074826.762270801,-0.0014583846378035115
2022-10-11,-0.010182501148233936,1915522.1191924256,-0.5405308599257974,2999149.340591148,0.014429429061377022
2022-10-12,-0.00603991895340894,1903952.5208390413,-0.5433060162934381,2988733.120519637,-0.0025668607997067633
2022-10-13,0.03200155777162328,1964881.9674290998,-0.5286910973898998,3089274.7821699055,-0.0016386695741986423
2022-10-14,-0.04719519971929065,1872148.9705514507,-0.5509346151780632,2929173.704001666,0.0046296101332613665
2022-10-17,0.017776136400006637,1905428.5460131054,-0.5429519676449468,2993197.658092401,-0.004081206509793947
2022-10-18,0.00028343385169016244,1905968.6089650225,-0.5428224247607291,2999971.80660726,-0.001979747297254225
2022-10-19,0.005749606335599289,1916927.178154581,-0.5401938336776394,3044654.8183402587,-0.009144870884015527
2022-10-20,0.021808556108200428,1958732.5920746997,-0.5301661251005017,3101245.394678711,0.003221694964676197
2022-10-21,0.03575980286653335,2028776.4834355447,-0.5133649583540761,3207720.4825998787,0.0014267932621131463
2022-10-24,0.007210385698324995,2043404.7443768063,-0.5098561320094885,3229767.336071028,0.00033732628097818407
2022-10-25,0.01591524741517847,2075926.0364529127,-0.5020553710813871,3299337.8408690686,-0.0056251601618802355
2022-10-26,-0.004735067982389873,2066096.385543895,-0.5044131727507826,3279659.850729033,0.0012291560798698142
2022-10-27,-0.01995252084440491,2024872.5543447807,-0.5143013792516851,3240546.204473648,-0.008026391905548616
2022-10-28,0.043090624060342586,2112125.576354157,-0.4933723225783926,3365806.6918954607,0.004436496170147158
2022-10-31,-0.009511530347067088,2092036.0298378482,-0.4981911271068523,3315239.598606273,0.0055122359942823
2022-11-01,0.005500216445998962,2103542.6808147845,-0.49543106969141726,3335714.1756750965,-0.0006756801852522559
2022-11-02,-0.017352350314669418,2067041.2713154275,-0.5041865265280298,3237794.011287487,0.01200273205469811
2022-11-03,-0.011728581360849533,2042797.8095885706,-0.5100017151914512,3228753.865405221,-0.008936511868241181
2022-11-04,0.056143123025412134,2157486.8583283443,-0.4824916812052039,3397532.4006856596,0.0038695393717209925
2022-11-07,0.02515659503999723,2211761.881527426,-0.46947293399945345,3466285.1427033073,0.004920513699382734
2022-11-08,0.019600015575952145,2255112.448855661,-0.4590745952423786,3548693.572539138,-0.00417426335470783
2022-11-09,-0.027580908866581377,2192914.3979198798,-0.47399380953461717,3434253.2443291773,0.0046676710320986
2022-11-10,0.09588569605541597,2403183.5213543708,-0.42355733983238625,3824652.4932418237,-0.017792364686695816
2022-11-11,0.036237468370639236,2490268.8081982913,-0.4026685171670752,3973003.4801824493,-0.002550627332895322
2022-11-14,-0.02179832270972548,2435985.1250832216,-0.4156893415945461,3930633.4065628215,-0.011133828245783559
2022-11-15,0.022385898378343372,2490516.8405444906,-0.4026090225740987,4073697.4941586046,-0.014011311129141002
2022-11-16,-0.05436281440906954,2355125.335759308,-0.43508487740955565,3890119.457321617,-0.009298585388572492
2022-11-17,0.0033965452383242223,2363124.6255041384,-0.4331661176398637,3920378.0485665803,-0.004381774059304039
2022-11-18,-0.0006364774177696209,2361620.5500446297,-0.4335268946056126,3916016.9031832353,0.00047595238601925993
2022-11-21,-0.007398081755158659,2344149.088140737,-0.43771770895141887,3866502.413117355,0.005246013326665591
2022-11-22,0.01983016810870808,2390633.958630442,-0.42656755659537604,3975634.06847725,-0.008394734839667017
2022-11-23,0.008178277634287578,2410185.226866078,-0.42187786686870504,4017509.490719479,-0.0023547396205593346
2022-11-25,-0.01254364149600351,2379952.727441306,-0.4291296236476088,3962737.104910259,0.001089776405247156
2022-11-28,-0.025845879481819045,2318440.7560754316,-0.44388427059455343,3864308.3104120856,-0.0010072914321072185
2022-11-29,-0.004358990119683215,2308334.695726628,-0.4463083735644322,3848288.342621068,-0.00021336650371731047
2022-11-30,0.05781853372635193,2441799.2231832063,-0.4142947355873687,4074204.561511933,-0.0008871033717749721
2022-12-01,-0.020063881024676822,2392807.25408311,-0.4260462563280706,4039051.9271460683,-0.01143578348192116
2022-12-02,-0.01554832238226378,2355603.1154980063,-0.434970274167189,3979470.4956834107,-0.0007969815880996267
2022-12-05,-0.012301946870746372,2326624.6111225854,-0.4419212398347766,3937316.0822163816,-0.0017089763957160164
2022-12-06,-0.012280062670581793,2298053.515087082,-0.4487744819847261,3851654.0217100815,0.009476397496080605
2022-12-07,0.0012950976183465635,2301029.718721304,-0.44806059112917274,3861854.1573898825,-0.001353150542653156
2022-12-08,0.02061296142840452,2348460.7555589187,-0.436683485383302,3956600.788069737,-0.003921012879908287
2022-12-09,-0.0013938404742305233,2345187.3759056786,-0.43746865874117724,3929149.2548339735,0.00554432051449924
2022-12-12,0.020517762469572487,2393305.3734311513,-0.4259267742995387,4007692.337367026,0.0005279179920632121
2022-12-13,0.020422077505880765,2442181.641262603,-0.41420300639023294,4083390.806695931,0.0015337839552243965
2022-12-14,-0.010339902449090554,2416929.7213289877,-0.42026009015912846,4018184.033099973,0.005628878567174728
2022-12-15,-0.04221592412542419,2314896.7995968806,-0.44473434620545094,3858835.4124592827,-0.0025590494457059104
2022-12-16,-0.007028487519303517,2298626.5763324383,-0.44863702392304383,3818785.4841754707,0.003350272910462568
2022-12-19,-0.0077985727578245845,2280700.5697338404,-0.4529368682079507,3784012.719704768,0.001307140201124199
2022-12-20,-0.010616948947204774,2256486.4882211154,-0.45874500954908487,3756944.348019065,-0.0034635978115840627
2022-12-21,0.024088014229624033,2310840.76685834,-0.4457072516372482,3854116.606726409,-0.0017766911548408038
2022-12-22,-0.04422556394701305,2208642.5307522817,-0.47022116102533074,3657639.84931448,0.006752851461858347
2022-12-23,0.0033478988387156683,2216036.842516125,-0.4684475150655513,3660425.952410935,0.0025861772884167855
2022-12-27,-0.010788270892457485,2192129.636751395,-0.47418204726658303,3586691.753633391,0.009355340735303683
2022-12-28,-0.012513192727963807,2164699.0961220437,-0.4807617086489597,3543574.122256296,-0.0004916323768641706
2022-12-29,0.03376252551067105,2237784.8045777907,-0.46323091259110294,3669305.993736159,-0.0017191286447120202
2022-12-30,-0.004620658602480954,2227444.764970017,-0.46571113929238467,3652811.4131989907,-0.0001253724188466504
2023-01-03,-0.002633125126805913,2221579.624190802,-0.4671179887164864,3627394.632786845,0.004325016845786858
2023-01-04,0.036594661927100036,2302877.5794821987,-0.4476173516665331,3738280.5866164123,0.006025626833067066
2023-01-05,-0.010074678871162646,2279676.8273893152,-0.45318242946249515,3685514.4588486613,0.004040400654077278
2023-01-06,0.05192593914777177,2398051.187604918,-0.4247884135698323,3861973.7086866554,0.004046802650470083
2023-01-09,0.0179381107181793,2441067.6953160367,-0.41447020444606836,3951295.0196328596,-0.005190299178888677
2023-01-10,0.010558579934292878,2466841.9037020514,-0.4082878412958019,4001323.195595287,-0.0021026300522688363
2023-01-11,0.012012163931852893,2496474.0130432844,-0.4011800978449766,4049473.964474794,-2.154754951705362e-05
2023-01-12,0.020564643135331906,2547813.1102181496,-0.38886558025482415,4120199.345349227,0.0030993176399978783
2023-01-13,0.0003927217146528772,2548813.69175141,-0.38862557449761836,4135443.285859166,-0.0033070848316363033
2023-01-17,0.00452016433960023,2560334.748509149,-0.385862061621319,4170099.9588376908,-0.0038602366435373514
2023-01-18,-0.0022976799887304278,2554451.9185930486,-0.3872731540726518,4140222.712740221,0.00486695548581037
2023-01-19,-0.024056408471599067,2493000.9798183143,-0.40201316135979465,4035167.481115141,0.0013178863222066822
2023-01-20,0.026120533068222596,2558119.49435077,-0.38639342636673124,4177780.1399890995,-0.009221905514908285
2023-01-23,0.03785204764184047,2654949.555324456,-0.36316716110821823,4395625.060508539,-0.014291653850313307
2023-01-24,-0.006108522782726333,2638731.7354787677,-0.367057269013377,4362267.46789729,0.0014802938592894666
2023-01-25,0.0010290748200068034,2641447.187864502,-0.3664059235864122,4371157.763094004,-0.0010089238268295858
2023-01-26,0.012565510112364286,2674638.31921489,-0.35844449081210317,4436073.034630778,-0.002285308607760439
2023-01-27,-0.016145033297722544,2631456.194491801,-0.36880242587027906,4410407.259316081,-0.010359336102402625
2023-01-30,-0.02023277353459807,2578214.537242433,-0.38157330344323337,4287689.86372281,0.007591730729505045
2023-01-31,0.011898467608773444,2608891.3394022807,-0.37421497342585197,4355902.91176952,-0.004010576705239521
2023-02-01,0.03617531751492442,2703268.811967095,-0.3515770013934467,4597065.373013841,-0.01918919958501078
2023-02-02,0.023702198214116788,2767342.225174379,-0.3362079509538822,4714987.471703187,-0.0019494053896918218
2023-02-03,-0.022440533178142097,2705241.59015508,-0.35110379845388845,4609013.833145995,3.537777457796043e-05
2023-02-06,-0.01301537196712288,2670031.8645982808,-0.3595494238850642,4522701.403841623,0.005711503765740228
2023-02-07,0.023467451122576533,2732690.706876463,-0.344519681293661,4657436.033857514,-0.006323290733926845
2023-02-08,-0.027444830322971958,2657692.474101076,-0.36250922742060404,4566182.386600721,-0.007851722313882925
2023-02-09,-0.0013162903095867984,2654194.179251555,-0.3633483503470013,4570506.224898687,-0.002263216632690662
2023-02-10,-0.013279830155895955,2618946.9313503266,-0.3718029761228641,4489322.171536825,0.004482765356959184
2023-02-13,0.014340047116016885,2656502.753740238,-0.36279460120232443,4554177.50019392,-0.00010652770730321115
2023-02-14,0.010670081839529333,2684847.855529581,-0.35599556744856337,4658322.127416216,-0.012197851441037993
2023-02-15,0.006038719138114823,2701060.8976576943,-0.3521066055566842,4629033.323804352,0.01232613396490101
2023-02-16,-0.027908886435353164,2625677.2958099926,-0.3701885887244182,4481009.984525212,0.004068273572967643
2023-02-17,-0.0063693608349546516,2608953.4096768307,-0.37420008486080436,4425764.018059469,0.0059595486422682475
2023-02-21,-0.03184805828895865,2525863.3094122657,-0.39413059703538283,4295119.320427048,-0.0023289295917842956
2023-02-22,-0.006382300792339812,2509742.490011262,-0.39799743780597835,4271997.923690989,-0.0009991216508204448
2023-02-23,0.01861267174987269,2556455.5031545497,-0.3867925617232787,4445479.19577912,-0.021996259992829198
2023-02-24,-0.01717918120654116,2512537.6908193985,-0.39732696342263335,4368944.212376218,3.718176183588329e-05
2023-02-27,0.012595385715999052,2544184.0721612545,-0.389736064066309,4398877.7274262775,0.005743955806396583
2023-02-28,0.00878213227204494,2566527.433207405,-0.3843766454600805,4408271.255578433,0.006646694841359269
2023-03-01,0.0034303614151971473,2575331.5498853247,-0.3822648348583725,4405597.641478917,0.004036860866911504
2023-03-02,0.007855998283841759,2595563.3501215475,-0.3774119084611511,4448229.758001262,-0.0018208083589079382
2023-03-03,0.021102061225531932,2650335.0868505593,-0.3642740164352112,4525366.026314178,0.0037611700150079475
2023-03-06,-0.010452855662323124,2622631.51673092,-0.3709191683822023,4490271.7803509,-0.0026978484962263405
2023-03-07,-0.015131768261996359,2582946.4643831397,-0.3804382737443067,4439162.723144181,-0.0037495937062447943
2023-03-08,0.018931233690137272,2631844.827509491,-0.36870920591909534,4550572.515430074,-0.006165794563646326
2023-03-09,-0.01459341289853111,2593437.2292567813,-0.3779218931361596,4465467.999431377,0.004108523112844362
2023-03-10,-0.015905887711976208,2552186.3079001643,-0.38781659765201454,4392413.892851141,0.0004538995688952857
2023-03-13,0.004328136685897821,2563232.519088633,-0.38516698420981454,4390440.206044716,0.004777476582950357
2023-03-14,0.032134656708474374,2645601.1161535443,-0.3654095363143609,4537757.773765333,-0.0014195111669453864
2023-03-15,-0.015187818883299231,2605420.20556395,-0.37504758134188726,4503267.25313257,-0.007587034012813729
2023-03-16,0.037268913846245644,2702521.3867383804,-0.3517562834929152,4707224.690222581,-0.008022077255411514
2023-03-17,-0.004685362992856712,2689859.0930455527,-0.3547935406125894,4709978.991433588,-0.005270485096062941
2023-03-20,0.015292609806635715,2730994.0585903293,-0.34492664998445677,4757975.995594697,0.005102117609450771
2023-03-21,-0.012661750015968587,2696414.894525363,-0.35322102498447666,4755515.004174296,-0.01214451507769225
2023-03-22,-0.006629781997701922,2678538.2515993034,-0.3575090285895267,4752032.967049568,-0.005897571685743855
2023-03-23,0.029060000710452893,2756376.5750937546,-0.33883824050387873,4899466.164322012,-0.001965288527803921
2023-03-24,-0.02419389532382754,2689689.088762886,-0.3548343189052456,4802844.074233692,-0.0044729529093410075
2023-03-27,-0.009446967477034773,2664279.6834180076,-0.3609291781118467,4738974.247153284,0.003851367029191838
2023-03-28,-0.012989661290644938,2629671.592746861,-0.3692304916289079,4688534.067665349,-0.002345969880370863
2023-03-29,0.030724235105452857,2710466.2410125462,-0.34985058095636357,4838414.056930384,-0.0012431105727383762
2023-03-30,0.022033607647169218,2770187.5907079144,-0.335525443745121,4906249.213953813,0.00801348530433997
2023-03-31,0.005382239154518631,2785097.402823984,-0.3319490827712646,4906179.212954018,0.005396506876507959
2023-04-03,-0.007132670952435638,2765232.2194791576,-0.33671407014333,4874978.8663598625,-0.0007732728872823502
2023-04-04,-0.017676719447756506,2716351.9853275274,-0.3484387894390507,4787622.1191624,0.00024269099323495635
2023-04-05,-0.01494574974486429,2675754.068335857,-0.3581768602355555,4702937.18516666,0.002742558122373173
2023-04-06,-0.010882534076206873,2646635.0835076426,-0.36516152242494015,4697166.236690641,-0.009655439550211448
2023-04-10,0.014900503059166903,2686071.2776659466,-0.3557021097477561,4802624.40715737,-0.007550942163906088
2023-04-11,-0.0032382310640678424,2677373.1582143083,-0.35778849519048433,4781088.0174377505,0.0012460649986273803
2023-04-12,-0.01580297708494094,2635062.6915472117,-0.36793734888467455,4686309.117329965,0.004020732447722955
2023-04-13,0.008406611999050684,2657214.6411882234,-0.36262384341765663,4715019.503758367,0.0022801731087454674
2023-04-14,-0.001586480429560888,2652999.0221628356,-0.36363502821634325,4713213.958943407,-0.0012035456795517485
2023-04-17,-0.013484177279290965,2617225.5130262063,-0.3722158863102051,4679008.435923836,-0.006226810370524874
2023-04-18,0.00381727442561286,2627216.1810431425,-0.36981946206821104,4697166.086767312,-6.338770443746478e-05
2023-04-19,-0.011009394544264639,2598292.1215529623,-0.376757368244419,4659571.768353599,-0.0030057775293964584
2023-04-20,0.030208707772007903,2676783.168959266,-0.35793001371065764,4736402.810684024,0.013719844384981944
2023-04-21,-0.0061245930282303185,2660388.961424574,-0.36186243107232124,4681945.47741868,0.005373021393943578
2023-04-24,-0.003101880693233472,2652136.7522686394,-0.363841857677005,4646648.749156267,0.004437021336414368
2023-04-25,-0.02701863887141498,2580479.627121486,-0.3810299847895402,4511573.300948724,0.0020507949290353433
2023-04-26,-0.002806394351174246,2573237.7836726117,-0.3827670587437731,4562677.999311116,-0.01413386150141302
2023-04-27,0.02279453431152567,2631893.540624251,-0.36869752128610417,4649054.496572658,0.0038634378645304446
2023-04-28,0.011693546250358677,2662669.709467561,-0.36131535655329716,4727992.396768134,-0.00528579874412799
2023-05-01,0.004309815435018072,2674145.324479779,-0.3585627436188616,4744420.160935288,0.0008352404381582051
2023-05-02,-0.013161997571278006,2638948.230213732,-0.3670053392294773,4688794.953697226,-0.0014376550064963411
2023-05-03,-0.00038053147514871544,2637944.0273508476,-0.3672462136215016,4614201.037211516,0.015528442413097518
2023-05-04,-0.0040585302729944095,2627237.8516573794,-0.3698142640188706,4636762.682976412,-0.008948140756574352
2023-05-05,0.032424671777878666,2712425.176679789,-0.34938069837058155,4770386.160237899,0.003606402136415693
2023-05-08,0.004794178704056629,2725429.027698174,-0.34626151317026166,4813530.615743771,-0.004250048336825324
2023-05-09,-0.017641066556044027,2677349.552826776,-0.3577941573266726,4755327.657458316,-0.005549534802804526
2023-05-10,0.014670615508336926,2716627.9186977157,-0.34837260233160466,4805795.947007263,0.004057616113901527
2023-05-11,-0.004591650097060196,2704154.113851151,-0.35136464733535583,4801182.215386354,-0.0036316152408606
2023-05-12,-0.0003450193791921796,2703221.12827755,-0.3515884391020543,4781786.207208246,0.003694820666026055
2023-05-15,0.022550000268134696,2764178.7654450363,-0.33696675822994393,4930751.170379211,-0.008602576763939579
2023-05-16,0.0010867025164558175,2767182.605465379,-0.3362462383376186,4959633.913557789,-0.004770973561803282
2023-05-17,0.031133671286206255,2853335.159092846,-0.31558114690703915,5116030.327047102,-0.00040019113492612
2023-05-18,0.037696986529695,2960897.296149874,-0.2897806186213245,5305172.472221981,0.0007264970908553992
2023-05-19,-0.008032440622613657,2937114.064428893,-0.29548541363127806,5265242.7610880835,-0.0005058783208280598
2023-05-22,-0.0012081098767590115,2933565.7079184884,-0.296336544661391,5246452.852738821,0.002360559072017099
2023-05-23,-0.011105474115143177,2900987.069884128,-0.3041510609504261,5193653.857989758,-0.001041723190268462
2023-05-24,-0.013893572964816636,2860681.994358703,-0.3138188889576016,5152328.96299709,-0.005936767193269868
2023-05-25,0.11363940989416865,3185768.2080924995,-0.2358416724182185,5662709.576469497,0.014581174843990297
2023-05-26,0.05493454135629494,3360776.9234715267,-0.1938629851689199,5949787.630445715,0.00423830661222005
2023-05-30,0.0029135776039481698,3370568.8078476195,-0.19151424241679435,5918801.594377586,0.008121500641330257
2023-05-31,-0.02045259750693551,3301631.920651281,-0.20804987620673346,5740046.174415313,0.009748688532467728
2023-06-01,0.010940632641621706,3337753.8626129786,-0.19938544083182444,5795322.105195043,0.0013107570099399057
2023-06-02,0.003122626060716227,3348176.4198086304,-0.196885420944777,5788860.713762961,0.004237558296542945
2023-06-05,-0.006402361165077863,3326740.185124618,-0.20202725053682805,5739833.685139129,0.0020668404702750692
2023-06-06,-0.007091537722978547,3303148.4816072583,-0.20768610439155502,5771610.497610915,-0.012627728179865363
2023-06-07,-0.009458743192832908,3271904.8483919394,-0.21518039805822828,5710808.241066982,0.0010759691840853125
2023-06-08,0.015350261626640105,3322129.443832228,-0.20313321183870653,5760015.1175987385,0.00673381462743862
2023-06-09,-0.0028203646413870187,3312759.827414733,-0.20538066675193226,5796160.876803599,-0.00909565358888001
2023-06-12,0.03365327644308991,3424245.0496762837,-0.17863912266311127,5992511.706557076,-0.00022273803043487694
2023-06-13,0.010608873672738994,3460572.4328328012,-0.16992540887571414,6010331.2524532275,0.007635238114104451
2023-06-14,0.024816413037436424,3546451.427671946,-0.14932593497049274,6117574.069956589,0.006973333679774221
2023-06-15,-0.006654143458719064,3522852.831102838,-0.15498644223581082,6056194.450372483,0.003379183295024804
2023-06-16,-0.013065999298341846,3476823.2384834867,-0.16602738878864703,5967478.511945819,0.0015827936282471755
2023-06-20,0.006582963568389388,3499711.039196153,-0.1605373774720081,5965442.350968867,0.006924173171888703
2023-06-21,-0.016751432930423915,3441085.8644471946,-0.17459957929088354,5833209.71569445,0.005415009639076651
2023-06-22,0.007659714063303014,3467443.598236134,-0.16827724808052175,5874238.35760334,0.0006260835393564201
2023-06-23,-0.021845201381693102,3391696.594553003,-0.18644639908993868,5770417.909808986,-0.004171344538622557
2023-06-26,-0.003870391683836738,3378569.4002593476,-0.18959517018125643,5751669.651988368,-0.0006213622177476119
2023-06-27,0.035951269084802284,3500033.2578897504,-0.1604600880768194,5938865.400553991,0.003404937342521286
2023-06-28,-0.007584361126224737,3473487.7417081175,-0.16682746194872375,5896545.615887867,-0.0004584571341633148
2023-06-29,0.0015200694889354605,3478767.684444479,-0.16556098179461315,5877056.605382186,0.004825226741203448
2023-06-30,0.011731215648173254,3519577.858340594,-0.1557719977267957,5919443.392244275,0.004518968139229765
2023-07-03,0.00948610580450926,3552964.946292021,-0.14776356157410264,5990529.144498654,-0.0025227517086001405
2023-07-05,-0.01936295546294553,3484169.044275562,-0.1642653777752426,5866162.973710902,0.0013975095624123995
2023-07-06,-0.013869059814334839,3435846.89539725,-0.17585623123978833,5791064.118160427,-0.001067019385688428
2023-07-07,-0.00017074823680351958,3435260.230597934,-0.17599695233517673,5784874.078630807,0.0008981467716644431
2023-07-10,0.01573720192867678,3489321.6145244064,-0.16302944998423038,5857103.7561701555,0.003251246909160732
2023-07-11,-0.002415746974704591,3480892.2963903476,-0.16505135905834784,5843905.932655007,-0.0001624449905549552
2023-07-12,0.01919645585414753,3547713.0916910474,-0.14902330433203087,5950246.8432054855,0.000999566346351094
2023-07-13,0.02687659044494506,3643063.5234725974,-0.12615195220437025,6080472.774115142,0.0049907873276576475
2023-07-14,-0.0019170198755118495,3636079.698290348,-0.12782713628017173,6066400.249651183,0.0003973601055755893
2023-07-17,0.019951978647839264,3708626.6827924787,-0.11042556192600894,6168023.339147322,0.003200184286433247
2023-07-18,0.0028155124328099745,3719068.367326532,-0.10792095403570161,6154619.034212793,0.0049887053987725805
2023-07-19,-0.0222853162630674,3636187.7525566905,-0.12780121770667144,6060870.248708434,-0.007053051685321721
2023-07-20,-0.03495677116009921,3509078.3693954106,-0.15829047094541657,5830843.618231167,0.0029959684693765115
2023-07-21,0.005263452475964714,3527548.236627159,-0.1538601728406711,5870263.648772456,-0.0014971525277494707
2023-07-24,0.005897108355321423,3548350.570807173,-0.14887039459615953,5901851.303182312,0.0005161482656564215
2023-07-25,0.015758912700586825,3604268.7176836003,-0.13545751744771556,5991751.328931448,0.0005263998616643062
2023-07-26,-0.011990456877939981,3561051.889047707,-0.14582377680390593,5943122.053614597,-0.0038744199052367506
2023-07-27,0.03399201527519713,3682099.219255986,-0.11678860557731412,6130671.893170836,0.002434554757930432
2023-07-28,0.016700334281251505,3743591.5070742965,-0.10203868004944495,6238646.4608531,-0.0009118572637795974
2023-07-31,-0.0020492244719414465,3735920.0477450476,-0.10387880436114448,6229241.152442607,-0.0005416364928005207
2023-08-01,0.001686711526133422,3742221.467150292,-0.10236730641164801,6248943.06467081,-0.0014760994400911942
2023-08-02,-0.038669639646156884,3597511.1115394775,-0.13707843920731877,5994864.85399208,0.0019897499576935623
2023-08-03,0.0013069068144522245,3602212.723326216,-0.13595068113918107,6032751.547240361,-0.00501295095899712
2023-08-04,-0.002118304051978659,3594582.141518305,-0.13778100031243332,6050418.106913053,-0.005046745499360086
2023-08-07,0.021886288288260003,3673254.202543406,-0.11891022671765605,6136321.495656923,0.007688362256384848
2023-08-08,-0.016822671847779858,3611460.25248054,-0.13373251084201965,6016467.505598188,0.0027092236279645104
2023-08-09,-0.028069278816009402,3510089.167720728,-0.15804801452443937,5887523.054654725,-0.006637358702839463
2023-08-10,-0.0020230096229445493,3502988.2235570354,-0.15975129149311373,5872197.3632252645,0.0005800700231458206
2023-08-11,-0.028572521009394114,3402899.0189437917,-0.18375931537004306,5699228.180718613,0.000883093611101074
2023-08-14,0.03205993179429223,3511995.7293939935,-0.15759069469308026,5888981.189675858,-0.0012345780832398456
2023-08-15,-0.010707687575955638,3474390.376355552,-0.16661095034538462,5796873.632785371,0.004932973163794069
2023-08-16,-0.0105849240840179,3437614.2179835862,-0.17543231016843053,5716742.815811485,0.0032381850692832642
2023-08-17,-0.004534543592282336,3422026.20645869,-0.17917134830275933,5679366.332529212,0.002003529657907621
2023-08-18,0.01268405662128802,3465431.380620944,-0.16875991120825595,5723627.368766575,0.004890751233703916
2023-08-21,0.0458628862582815,3624366.065866241,-0.1306368415626765,5909057.946557853,0.013465498055974717
2023-08-22,-0.009146466851526092,3591215.921787,-0.13858844287326144,5852603.857987939,0.00040735527722778053
2023-08-23,0.01816480405323251,3656449.6553191096,-0.1229410707288643,5981131.978743428,-0.0037960400213354617
2023-08-24,-0.025581044392997132,3562913.8543656324,-0.14537715413382374,5795801.521420926,0.005404805439635715
2023-08-25,-0.0023638997537618334,3554491.483182623,-0.147397396868726,5801695.619091324,-0.0033808596425042026
2023-08-28,0.011913692940017206,3596838.6032711673,-0.1372397512551606,5870974.3655707985,-2.7427557842740757e-05
2023-08-29,0.02954849150999661,3703119.758202753,-0.11174648736996126,6026289.756820885,0.003093701967582102
2023-08-30,0.005460255923265489,3723339.739797041,-0.10689639586626178,6063261.366283906,-0.0006747974769089199
2023-08-31,0.00853134330155969,3755104.8293455895,-0.09927702241553654,6111779.058008552,0.0005294300087500675
2023-09-01,-0.01527932521714137,3697729.36143356,-0.11303946172060152,6093728.624518613,-0.012325940724898218
2023-09-05,-0.00010062105109787112,3697357.292018537,-0.11312870862224556,6111758.986558407,-0.0030594600724560828
2023-09-06,-0.00810729760315454,3667381.716106949,-0.12031883811713905,6056348.435771983,0.0009589222704183692
2023-09-07,-0.023508587809839887,3581166.751001647,-0.1409988999559243,5909535.212808675,0.0007326236264359604
2023-09-08,-0.007482560243088909,3554370.4550467306,-0.14742642743588372,5872219.26008987,-0.0011680276487277402
2023-09-11,-0.004971169193325298,3536701.078138937,-0.1516647149148577,5850048.712607812,-0.0011956719749672273
2023-09-12,-0.013878851735202424,3487615.728243716,-0.16343863455829502,5808694.693454447,-0.006809847495247809
2023-09-13,0.0091806584791434,3519634.3371512103,-0.15575845036532895,5861592.675713787,7.396841348238092e-05
2023-09-14,0.005115823067714631,3537640.163683129,-0.15143945997098474,5890634.939909397,0.00016115190539717217
2023-09-15,-0.03810604933883888,3402834.673062762,-0.1837747497763221,5674213.72704701,-0.001366170689065374
2023-09-18,0.008511415216933882,3431797.6118797786,-0.1768275177611226,5708895.67359785,0.0023992121489523482
2023-09-19,-0.011342414226923725,3392872.7418228704,-0.18616428103488097,5662971.406820637,-0.003298079665057352
2023-09-20,-0.01522623033355397,3341212.0799634387,-0.19855593114551737,5588589.0182849625,-0.0020913611646779656
2023-09-21,-0.020263871273784706,3273506.188476645,-0.2147962905899229,5459129.085712658,0.0029011766745851847
2023-09-22,0.015260495303637711,3323461.5142923216,-0.20281369307007152,5519745.027847509,0.004156903286828384
2023-09-25,0.006420288529511264,3344799.096130805,-0.1976955269678058,5546825.871479847,0.0015141119768420919
2023-09-26,-0.017441699679774603,3286460.11480691,-0.21168908063817313,5449826.463727337,4.567237768482446e-05
2023-09-27,0.008520535765213388,3314462.5157560697,-0.20497224925564242,5502424.844702456,-0.0011308506275828911
2023-09-28,0.019500027119621066,3379094.6247002804,-0.18946918655527614,5574279.103656003,0.006441373711074061
2023-09-29,0.0020567553660373328,3386044.5957019804,-0.18780212295538515,5624260.748224568,-0.0069097214893790865
2023-10-02,0.012098356579523406,3427010.1706149513,-0.17797586342576746,5659370.211639632,0.005855853789063933
2023-10-03,-0.022882785212733014,3348590.632958918,-0.1967860651826779,5538517.948045128,-0.0015284190774435685
2023-10-04,0.01608734933290834,3402460.580244233,-0.1838644820242117,5648785.64409882,-0.003821893010995364
2023-10-05,0.0010522689743623914,3406040.8839493147,-0.18300568793977068,5645635.717220515,0.0016098980077096092
2023-10-06,0.015073896553127852,3457383.191889691,-0.17069040019528084,5766137.913028217,-0.00627041289994959
2023-10-09,1.3993350861607468e-05,3457431.5722657586,-0.1706787953750778,5749881.786622672,0.002833233308479524
2023-10-10,0.008438510706359592,3486607.1456048293,-0.16368055951083926,5810063.356951768,-0.0020280645316062412
2023-10-11,0.014358644136957643,3536670.0968539426,-0.15167214628003592,5875469.678302774,0.0031012244957849683
2023-10-12,0.019503702310023963,3605648.2575917454,-0.1351266123597802,5948027.0587772885,0.007154497149037736
2023-10-13,-0.024262090976827633,3518167.6915356144,-0.15611024917414434,5807837.51958508,-0.000693008690065583
2023-10-16,0.010823292211290747,3556245.8485094267,-0.14697658380684273,5858562.420902839,0.00208942161888781
2023-10-17,-0.014044396437410178,3506300.5219840663,-0.15895678283425332,5811804.52561319,-0.006063275484798777
2023-10-18,-0.014270106841136054,3456265.2389182225,-0.17095855940122134,5709561.559068588,0.0033221858958284584
2023-10-19,-0.03383235046136379,3339331.662067712,-0.19900697996655317,5629148.693950495,-0.019748455527194758
2023-10-20,-0.009480868954033994,3307671.8961855914,-0.2066010898225862,5573672.613918567,0.00037427665467003324
2023-10-23,0.011840715081286035,3346837.096690702,-0.19720667938137265,5598961.68503871,0.007303478527960081
2023-10-24,0.012451162982940689,3388509.11085895,-0.18721096890473396,5677747.4687911235,-0.0016203360171222203
2023-10-25,-0.036742662248064994,3264006.2650741683,-0.21707500175319933,5465190.804642836,0.0006941320645825061
2023-10-26,-0.013152214893528136,3221077.3532620906,-0.2273721995756564,5395940.617875566,-0.0004810769145137256
2023-10-27,0.004894485959438644,3236842.871141898,-0.22359058365460743,5431798.599188784,-0.0017508765181300096
2023-10-30,0.004112311978310634,3250153.778852804,-0.2203977459116971,5445067.431899288,0.0016695055177608775
2023-10-31,0.0022461512915821213,3257454.1159610148,-0.21864664130175637,5489340.336416721,-0.005884676300756911
2023-11-01,0.026052268286134384,3342318.184519804,-0.19829061397467748,5678414.42765571,-0.008391595575731797
2023-11-02,0.02496383442245831,3425755.262265328,-0.17827687360701064,5807740.796557729,0.0021887498368461933
2023-11-03,0.023137656167288245,3505019.2096369015,-0.15926412644382046,5936308.546148539,0.0010003476863359728
2023-11-06,0.003554507522558037,3517477.8267842666,-0.15627572445678053,5957086.759082763,5.4316659381520305e-05
2023-11-07,0.012057445550333279,3559889.624155223,-0.1461025649449237,5991920.712512701,0.0062099642497081275
2023-11-08,0.011649495559637568,3601360.542524619,-0.13615509056686367,6029411.275145701,0.005392643302779346
2023-11-09,3.6049083321332276e-05,3601490.3682708866,-0.13612394974974684,6037027.621070064,-0.0012271498554803362
2023-11-10,0.043917281380780215,3759658.0341644087,-0.09818486217278947,6310247.888727192,-0.001340134156553402
2023-11-13,-0.0066089199758783135,3734810.7550799483,-0.10414488625172513,6253176.973813087,0.002435243727430092
2023-11-14,0.025794928764799163,3831149.932457241,-0.08103636740900737,6429614.154906523,-0.002420677771256957
2023-11-15,-0.005009939893341531,3811956.101573251,-0.08564031997245498,6418646.961921233,-0.0033042087684153343
2023-11-16,0.0019092573730226103,3819234.1068658186,-0.08389457201176775,6424192.26260236,0.0010453212952131197
2023-11-17,-0.0037707173925389803,3804832.8543928815,-0.08734894668248237,6433321.295657779,-0.005191757218598242
2023-11-20,0.018619196560359264,3875675.7851881357,-0.07035611732974452,6539131.75238348,0.00217194453252742
2023-11-21,-0.016079641086571117,3813356.3095943956,-0.0853044573014087,6428388.232078961,0.0008558672497082087
2023-11-22,-0.0006111733690364884,3811025.687771324,-0.08586349485788249,6444607.125078927,-0.0031341841789670616
2023-11-24,-0.002037506500278341,3803260.698159762,-0.0877260539292513,6436527.363443378,-0.0007837820328694817
2023-11-27,-0.003390675057145409,3790365.0769746904,-0.09081927844347701,6429486.158009578,-0.0022967302890719576
2023-11-28,-0.008952139895332611,3756433.1985512297,-0.09895839145299049,6364405.779452696,0.0011700342500781113
2023-11-29,0.006089547667233797,3779308.1775725866,-0.09347145562758254,6415026.286271236,-0.0018641417379839098
2023-11-30,-0.015727619761570888,3719868.6555939293,-0.1077289918764823,6343160.033669195,-0.004524820366057655
2023-12-01,0.004586209859623214,3736928.7538987175,-0.1036368497815703,6382553.471041073,-0.0016241706388632343
2023-12-04,-0.01942420708258019,3664341.8759301403,-0.12104799323260705,6274815.7754390575,-0.002544176842200055
2023-12-05,-0.0007164086071865805,3661716.70987055,-0.12167768201555909,6252993.526097521,0.0027613427918189992
2023-12-06,-0.01227567486686354,3616766.6660856176,-0.13245968121944604,6207116.0234781625,-0.004938788553470699
2023-12-07,0.03993658545326517,3761207.977110267,-0.09781308314431347,6378355.266187144,0.012349016272783203
2023-12-08,0.010208473269921692,3799604.1682072137,-0.08860313211911909,6426346.709805327,0.0026843637439763757
2023-12-11,0.039435862969926294,3949444.837524594,-0.05266141012614874,6646393.0855093105,0.005194576957729596
2023-12-12,0.021084699531281004,4032717.695239169,-0.03268706060427108,6749116.9749054145,0.005629115115116101
2023-12-13,0.008442664884664053,4066764.5793145285,-0.024520361618353505,6815857.797735835,-0.001446158064852987
2023-12-14,0.015761336773649326,4130862.2254282534,-0.009145498521982641,6958135.293213686,-0.005113144428865346
2023-12-15,0.012097478589714106,4180835.2427574303,0.0,6984863.253925875,0.008256225209910206
2023-12-18,0.008190748380776602,4215079.41225234,0.0,6997508.749664502,0.006380334163788151
2023-12-19,0.0029302587085395793,4227430.685407278,0.0,7036465.752524916,-0.0026370087653714153
2023-12-20,-0.030325236464397443,4099232.850235453,-0.030325236464397394,6811872.024854149,0.0015933055380524253
2023-12-21,0.023621328362467997,4196062.17542508,-0.007420230470124522,7042144.58443546,-0.010183264375200368
2023-12-22,-0.001537882192112594,4189609.126128496,-0.008946701221935752,7052608.39703187,-0.0030237665659632457
2023-12-26,0.016195048908729248,4257460.0508346055,0.0,7151271.236662672,0.0022054958134057057
2023-12-27,0.003782708783390376,4273564.782363831,0.0,7163767.242367159,0.002035326354316455
2023-12-28,0.0026211685305046473,4284766.515884436,0.0,7153666.26680529,0.004031177429471955
2023-12-29,-0.005592988646778263,4260801.865406998,-0.005592988646778263,7114879.209829591,-0.0001710056342801719
2024-01-02,-0.039156744799832444,4093962.7341206064,-0.04453073021750048,6832494.548865992,0.0005325672229873762
2024-01-03,-0.019050065679802497,4015972.475144945,-0.06273248256189003,6722027.994337572,-0.002882243848645119
2024-01-04,-0.0007058433058839686,4013137.8278567498,-0.0633940465648962,6699944.163020725,0.0025794496645484
2024-01-05,0.010847351399323024,4056669.744089428,-0.05323435266528764,6750129.759886931,0.0033569013828592537
2024-01-08,0.043886503754573036,4234702.796044472,-0.011684118528831952,6972663.759009468,0.010919137638893212
2024-01-09,0.009539100677647516,4275098.052355856,-0.0022564738341604423,6977536.382824278,0.008840282552578085
2024-01-10,0.0032237786931674783,4288880.022368242,0.0,6964861.489192571,0.0050403071834966146
2024-01-11,0.009244817673566219,4328529.936198837,0.0,7024853.860737333,0.0006312405567989732
2024-01-12,-0.0013607551947076857,4322639.866602707,-0.0013607551947077102,6999041.973592482,0.0023136112272212905
2024-01-16,0.029983394395731944,4452247.28255377,0.0,7139494.69289694,0.009915973763824151
2024-01-17,-0.004359797395766085,4432836.386445985,-0.004359797395766067,7125860.283793998,-0.002450081135803431
2024-01-18,0.028407586819490183,4558762.570950544,0.0,7412242.354324982,-0.011781535493543271
2024-01-19,0.05524210444345168,4810598.209027893,0.0,7718672.345584525,0.01390103967365991
2024-01-22,-0.003911579909766538,4791781.1697195005,-0.003911579909766548,7726175.884191372,-0.004883708051873728
2024-01-23,0.001551540246472305,4799215.811056608,-0.0023661086369515544,7730517.921414127,0.0009895497756575583
2024-01-24,0.03151725616676071,4950473.925173247,0.0,8006453.932084238,-0.0041771194850630244
2024-01-25,0.004215856126804418,4971344.411001274,0.0,8053696.09251129,-0.0016846537403338024
2024-01-26,-0.019214751976761923,4875821.261152823,-0.01921475197676189,7933589.026257836,-0.00430146683739166
2024-01-29,0.011314863202454006,4930990.511722385,-0.00811730106439392,8014236.737256281,0.0011495129767838813
2024-01-30,-0.011686641388280794,4873363.79392287,-0.019709078466094397,7896440.324954361,0.0030117530020811745
2024-01-31,-0.020015053234669677,4775823.158155592,-0.03932965344605896,7775669.449062166,-0.0047207090843651295
2024-02-01,0.01646844840827133,4854473.555442705,-0.02350890340647927,7881372.140865794,0.0028744173738917272
2024-02-02,0.029661141380509015,4998462.781898634,0.0,8037281.080293224,0.009879187598752448
2024-02-05,0.0146599312914657,5071739.902844216,0.0,8156804.169388021,-0.00021115358173340315
2024-02-06,-0.021829336006139566,4961027.188369283,-0.021829336006139618,8036688.021145511,-0.007103452467915411
2024-02-07,0.022405522889670237,5072181.596594567,0.0,8213894.439315819,0.0003558405200105863
2024-02-08,0.004152146043652216,5093242.035343553,0.0,8318376.042952922,-0.0085679594323812
2024-02-09,0.028598049712853957,5238898.824269906,0.0,8543687.359601561,0.0015120757817383007
2024-02-12,-0.004959410187472035,5212916.976069686,-0.004959410187472082,8478153.02841422,0.002711087155070971
2024-02-13,-0.00778471494840427,5172335.903361286,-0.01270551754125465,8310336.515446816,0.012009279380899962
2024-02-14,0.02493261499771493,5301295.763078651,0.0,8490876.871279208,0.0032078201597665335
2024-02-15,-0.006858000462045766,5264939.474286017,-0.0068580004620457154,8471702.430958508,-0.004599760163501249
2024-02-16,-0.004693703281011596,5240227.410601233,-0.011519514323787453,8470877.14989815,-0.00459628708077503
2024-02-20,-0.033026153321096485,5067162.856701304,-0.044165222398642,8256944.489151275,-0.007771075604682334
2024-02-21,-0.008524210971680213,5023969.291482921,-0.05231295969698496,8238031.936290458,-0.006233708366792157
2024-02-22,0.09371390430572579,5494785.068899856,0.0,8817302.379659476,0.02339729861047546
2024-02-23,-0.012085834671856976,5428376.004999744,-0.012085834671857025,8732503.358688932,-0.0024684917114788513
2024-02-26,0.005323391697142021,5457273.376753724,-0.006826780606660237,8861384.830434192,-0.009435431340357556
2024-02-27,-0.0029826856961601145,5440996.045512846,-0.009789104161953988,8849227.981114252,-0.0016107952351808313
2024-02-28,-0.008733271121909136,5393478.351874147,-0.01843688438317617,8742787.962418512,0.0032948988973176413
2024-02-29,0.033302204412945846,5573093.070445058,0.0,8948769.226408575,0.0097420694908264
2024-03-01,0.05326342507952031,5869935.095663902,0.0,9384304.537524734,0.004593568913058926
2024-03-04,0.011647921096174407,5938307.636497861,0.0,9490023.805436166,0.0003823800548862083
2024-03-05,-0.012202962493223057,5865842.691136457,-0.012202962493223106,9340099.07288756,0.0035951783357518474
2024-03-06,0.020682928281951174,5987165.49483044,0.0,9577363.48288277,-0.0047198440166788536
2024-03-07,0.025468723847951624,6139650.959450261,0.0,9862924.614951616,-0.004347533264897618
2024-03-08,-0.04495064241551483,5863669.704615939,-0.04495064241551485,9494465.356668532,-0.007592630196246411
2024-03-11,-0.02525346143779761,5715591.747846439,-0.06906894453846804,9214074.12813624,0.004278609932114333
2024-03-12,0.028570898523714305,5878891.339677138,-0.04247140782030233,9473905.544533577,0.00037149261662340616
2024-03-13,-0.025308147974896,5730107.487724255,-0.06670468312137993,9250799.347510256,-0.0017585995891139794
2024-03-14,-0.01735534048313625,5630659.521269832,-0.08290234111712494,9106540.242724936,-0.0017611091776929544
2024-03-15,-0.0044229451910046125,5605755.422818047,-0.08695861379716255,9052201.751925707,0.001544029022131646
2024-03-18,0.0056948699507868294,5637679.470926914,-0.08175896184305118,9099627.677903391,0.0004557107630682039
2024-03-19,-0.007744743738938853,5594017.088142309,-0.08887050337415386,9068649.808086755,-0.004340442935307137
2024-03-20,0.013875936874000905,5671639.316129454,-0.0762277279949334,9218671.042655732,-0.002666904424733482
2024-03-21,0.024173806358276595,5808744.426691556,-0.05389663597233767,9572591.59750663,-0.014217904682639462
2024-03-22,0.008983427931730459,5860926.863622581,-0.045397384585627455,9612677.58003457,0.004795849038426017
2024-03-25,-0.0013585917045606521,5852964.257004626,-0.04669429978008136,9666653.701985719,-0.006973689215295509
2024-03-26,-0.012163533709009022,5781771.528966925,-0.05828986579969684,9592700.879388785,-0.004513231455836958
2024-03-27,-0.006557059726914782,5743860.107724113,-0.06446471539508919,9557968.724978423,-0.002936374077788767
2024-03-28,0.004295492340806506,5768532.814823506,-0.060446130745514554,9546122.211662449,0.005534930725346665
2024-04-01,0.011174026436061801,5832990.552993634,-0.049947530972360855,9754450.077138554,-0.01064927111418243
2024-04-02,-0.014505120542196659,5748382.321900967,-0.06372815655701836,9609511.461718442,0.00035359668675331857
2024-04-03,0.008834516057415698,5799166.497827965,-0.0554566479220152,9743490.11458467,-0.005107779906323967
2024-04-04,-0.04402416500749984,5543863.035021622,-0.09703938031063339,9412655.71877509,-0.01006976140889948
2024-04-05,0.021395850625550716,5662478.700407457,-0.07771976977100499,9582112.190426746,0.003392804863062246
2024-04-08,-0.004111374677625235,5639198.128866009,-0.0815116093552428,9578670.59421522,-0.0037522058280927417
2024-04-09,-0.002583242503652161,5624630.712573007,-0.08388428760506746,9601433.238505183,-0.004959631175344051
2024-04-10,-0.0055794834826310424,5593248.178416306,-0.08899574009055379,9552073.446088007,-0.00043860594997024993
2024-04-11,0.03197684343184082,5772102.599692954,-0.05986469950568932,9809216.069360217,0.00505675904141778
2024-04-12,-0.030571138647506824,5595642.850830106,-0.08860570612451635,9503459.864969032,0.0005991610206017295
2024-04-15,-0.019549147563342806,5486252.803027464,-0.1064226876638768,9357379.29191395,-0.004177843308820428
2024-04-16,0.016861645159763405,5578760.05104887,-0.09135550410045008,9486703.057313811,0.0030411339497911083
2024-04-17,-0.045601314007624016,5324361.262187802,-0.13279088707926465,9070263.816997131,-0.0017041626157478368
2024-04-18,-0.0074035901189751785,5284941.873757214,-0.13921134789876988,8883928.594978437,0.013139938247808777
2024-04-19,-0.05433688661616198,4997774.586389862,-0.1859839232884733,8488790.251066664,-0.009859002796258162
2024-04-22,0.01735222647930068,5084497.102905392,-0.17185893196758315,8618302.70311497,0.0020953467334464543
2024-04-23,0.02563657071547687,5214846.172436663,-0.15062823491457958,8851228.410568394,-0.0013902947216395678
2024-04-24,-0.008288376469023584,5171623.564131461,-0.15766814786576663,8808410.623909,-0.003450879946137686
2024-04-25,0.0249509146118434,5300660.302084702,-0.1366511977483295,8966055.71371376,0.007053805072370342
2024-04-26,0.037270895883148025,5498220.6603156375,-0.10447341442876687,9237543.617474752,0.0069913713709651715
2024-04-29,0.004342252055770768,5522095.320280974,-0.1005848122715729,9253941.814971263,0.0025670834421696737
2024-04-30,-0.022897793362201657,5395651.522710799,-0.12117943538700425,9038432.649866616,0.0003905706035184364
2024-05-01,-0.050027982580894026,5125717.962320049,-0.1651450552851946,8706440.507463163,-0.013296819638793422
2024-05-02,0.015097761500323381,5203104.82963308,-0.1525406144425249,8853596.71309022,-0.0018042325466024467
2024-05-03,0.030967090992557678,5364229.850336145,-0.1262972625374695,9133068.071185755,-0.0005987649134753803
2024-05-06,0.028444350279982267,5516811.8831814425,-0.10144535583250594,9374632.051520502,0.0019949711171500795
2024-05-07,-0.009409822892287312,5464899.660430639,-0.10990059589316432,9282816.539983882,0.00038421606647148776
2024-05-08,0.0027707960710710022,5480041.782938558,-0.10743431196140243,9318587.602167733,-0.0010826746971785706
2024-05-09,-0.013364519819906495,5406803.6559165595,-0.11936302378976275,9238723.12071409,-0.0047940706420650375
2024-05-10,0.014729273424557876,5486441.945317454,-0.1063918809793863,9410056.312262256,-0.0038158425302669413
2024-05-13,0.003737838963607354,5506949.381792231,-0.1030517177339151,9356286.798790539,0.009451886965812173
2024-05-14,0.018399340976933187,5608273.621210538,-0.08654846044982693,9514069.581173988,0.0015355160668369533
2024-05-15,0.0354127723590274,5806878.138285605,-0.054200609018733484,9831075.582903331,0.002093066314768438
2024-05-16,-0.0001933585561865181,5805755.328712835,-0.05438348742341576,9754720.81177288,0.007573316665315813
2024-05-17,-0.009960332584300513,5747928.07473578,-0.06380214238588491,9656785.055833109,7.949918839073034e-05
2024-05-20,0.01957489294117054,5860443.151432281,-0.04547616955133544,9870650.152551463,-0.0025717216393383036
2024-05-21,-0.006320756196446453,5823400.7190689435,-0.05150948196729965,9849138.22983017,-0.004141373644251364
2024-05-22,-0.0034558434345894895,5803275.957926965,-0.05478731669681336,9843239.689308424,-0.002856954436983375
2024-05-23,0.015244593971780906,5891744.54361176,-0.04037793312287867,9933349.498153863,0.006090107066081013
2024-05-24,0.02435282763252511,6035225.182937208,-0.01700842233585267,10140886.478795419,0.0034598770039253324
2024-05-28,0.03189394075289487,6227712.2973521855,0.0,10350582.22319896,0.011215694838002277
2024-05-29,-0.013190608488725775,6145564.98265739,-0.013190608488725795,10158981.41466449,0.005320505611216372
2024-05-30,-0.021750741700268028,6011894.386117397,-0.03465444467088615,10029831.249353215,-0.009037836730794682
2024-05-31,-0.010725366201214337,5947414.617263263,-0.04500812926250552,9919901.960449176,0.00023486694439597833
2024-06-03,0.012050208922463224,6019082.205949797,-0.03350027770086468,10018904.798140202,0.002069985520482931
2024-06-04,-0.0035796128726827137,5997536.221803644,-0.036959972548250966,9932820.302311046,0.005012593317871725
2024-06-05,0.051450702543874405,6306113.673947776,0.0,10525329.426844334,-0.008200947893759358
2024-06-06,-0.013117712739078025,6223391.886272957,-0.013117712739078066,10452772.835868428,-0.0062241906426717675
2024-06-07,0.002453153215234094,6238658.820088428,-0.010696739283026429,10463149.7780771,0.0014604078096263212
2024-06-10,0.022343468436055502,6378052.096518394,0.0,10624092.97319705,0.006961561597909255
2024-06-11,0.004197975922346275,6404827.005651048,0.0,10604117.861421727,0.006078146947366261
2024-06-12,0.03333660454270215,6618342.1907028565,0.0,10943515.936828088,0.001330351892388948
2024-06-13,0.043428392050250064,6905766.150083411,0.0,11163517.175471125,0.023325050499600097
2024-06-14,0.008809475489234275,6966602.327716954,0.0,11172275.683626775,0.008024910193370982
2024-06-17,0.029077460782861886,7169173.433690938,0.0,11445600.554416243,0.004612895234230363
2024-06-18,0.01964569284037254,7310016.812888589,0.0,11583329.539193546,0.007612336956381013
2024-06-20,-0.040477730210110474,7014123.924505113,-0.040477730210110495,11324437.780710783,-0.018127355250408858
2024-06-21,-0.0311211442571363,6795836.362013158,-0.07033916118617646,11094296.377286594,-0.010798598636708803
2024-06-24,-0.032456871805731535,6575264.772398569,-0.10051304385436553,10774248.637158234,-0.003608918835627431
2024-06-25,0.02324014679188613,6728074.890904629,-0.07960883495615421,11006537.635262312,0.0016804997179397652
2024-06-26,0.002242050105178306,6743159.57192143,-0.07754527184776237,10986617.93700953,0.004051856141634613
2024-06-27,-0.022937861926514702,6588485.90871224,-0.09870441103557905,10889051.384497752,-0.014057371763740015
2024-06-28,0.004389473802478561,6617405.895006531,-0.09474819765953031,10958659.469564214,-0.002003010042859868
2024-07-01,0.008446536187000975,6673300.053362777,-0.08710195555271365,10964466.314896116,0.007916649721596045
2024-07-02,0.004906541199819925,6706042.875013363,-0.08262278368639797,11110681.034977576,-0.008428783647027899
2024-07-03,0.03250894214657252,6924049.234869607,-0.05279982083467535,11386964.606717618,0.007642458186653808
2024-07-05,-0.018643452417863582,6794961.05242037,-0.07045890230513598,11371840.16689841,-0.017315228405444652
2024-07-08,0.013157499302241638,6884365.747726351,-0.058228465960810785,11545649.426280674,-0.0021266813432264248
2024-07-09,0.001647104077192596,6895705.014618317,-0.05667727022731084,11568235.585261157,-0.00030914438892411245
2024-07-10,0.02693394740408106,7081433.570796105,-0.03126986543853897,11874132.979443237,0.000491073559791555
2024-07-11,-0.03898853325616225,6805338.862519817,-0.06903923250613501,11406599.576854428,0.00038557543861256205
2024-07-12,0.012934497528791278,6893362.501219667,-0.05699772275958408,11535047.395958703,0.0016736639877497628
2024-07-15,-0.007318798937535176,6842911.367069695,-0.0638993668243445,11461175.139390022,-0.0009146417604644075
2024-07-16,-0.012269589368932299,6758951.654507751,-0.07538493720140735,11389155.460848508,-0.005985794062987257
2024-07-17,-0.07125187371523511,6277363.684773385,-0.1412654928911369,10360186.11066752,0.019094539916415243
2024-07-18,0.010384274274751304,6342549.550998434,-0.13234815824012516,10339614.218805408,0.01236994245120715
2024-07-19,-0.026755787216650173,6172849.64480086,-0.15556286629638696,10032337.92196157,0.0029625649714781627
2024-07-22,0.025134948959585124,6328003.905558123,-0.13433798204116829,10420365.375646435,-0.013542720862066593
2024-07-23,0.0007189586533333792,6332553.478724352,-0.1337156068424947,10351500.416295584,0.007327648163568484
2024-07-24,-0.058806581028517324,5960157.659460329,-0.18465883020245147,9737453.257568317,0.0005130474342917579
2024-07-25,-0.01337608980425975,5880434.055359841,-0.1955649069107737,9545681.392711565,0.006318162869836538
2024-07-26,0.012726569618681571,5955271.808753444,-0.18532720769486313,9695750.71794348,-0.002994605126004468
2024-07-29,-0.011979889060594884,5883928.313158889,-0.19508689736736373,9604384.04006763,-0.0025565158186690584
2024-07-30,-0.04901982749390088,5595499.162261361,-0.23454359880599612,9238883.077222977,-0.010964189431131241
2024-07-31,0.09669427334397485,6136551.887753043,-0.16052834831604787,10024277.545672089,0.011684596104376471
2024-08-01,-0.06758855026421184,5721791.242038703,-0.21726702024126962,9289740.710025448,0.005687237671625017
2024-08-02,-0.044263538564182636,5468524.51474052,-0.2519135516762777,8804039.981715493,0.00802002278277611
2024-08-05,-0.028115461267542163,5314774.425555728,-0.2729463472388965,8725033.75896972,-0.01914160120899469
2024-08-06,0.021355016464406518,5428271.520918078,-0.25742010451367625,8818926.32606746,0.010593732360351965
2024-08-07,-0.03249642158062371,5251872.12112023,-0.28155129385469535,8592109.718767453,-0.006777122097468849
2024-08-08,0.062472939006882555,5579972.007814921,-0.23666769165610602,9125021.523292862,0.0004495452225380392
2024-08-09,0.010420824776323556,5638119.918365151,-0.22871313942474777,9150868.71650978,0.007588262337874532
2024-08-12,0.015464544637350919,5725310.875513446,-0.21678553934117956,9249672.37861393,0.004667355303196258
2024-08-13,0.04301842121497934,5971604.710342985,-0.18309288977089563,9598696.438529259,0.005284753942363024
2024-08-14,0.010603267996620147,6034923.235456631,-0.1744310047527919,9672739.394695142,0.0028894126163545447
2024-08-15,0.04518177093110465,6307591.754667833,-0.13713033552171028,10142419.267277794,-0.00337529790094096
2024-08-16,0.006078069255082363,6345929.734185491,-0.13188575394290158,10120293.987195937,0.008259529072390193
2024-08-19,0.016496719601924337,6450616.757623863,-0.11756471664326162,10315014.190099305,-0.0027438482264139363
2024-08-20,-0.014168579304053797,6359220.682533411,-0.13006757093619675,10185052.507733664,-0.0015693060533797792
2024-08-21,0.002116025273011468,6372676.954214309,-0.12822677193048548,10264987.88219881,-0.005732277365040811
2024-08-22,-0.030775489136324996,6176554.703840578,-0.15505601944027783,9899070.929609861,0.004871601419282057
2024-08-23,0.021140806735787,6307132.053127488,-0.1371932220446981,10063916.23472206,0.004488203043543748
2024-08-26,-0.02819009313177756,6129333.413155405,-0.161515825469987,9764291.641626911,0.0015820736974133803
2024-08-27,0.005853797541683026,6165213.290021489,-0.1566075088703831,9805960.530105004,0.0015863206977457384
2024-08-28,-0.01965637395356845,6044027.552089317,-0.17318554706565856,9631538.18365862,-0.0018689939298680153
2024-08-29,-0.016179315414063367,5946239.3239527745,-0.1865628388885895,9534996.426258057,-0.0061558118407337575
2024-08-30,0.018457783011006645,6055993.71912581,-0.17154859227570576,9732789.932514815,-0.0022861687866114477
2024-09-03,-0.07470817927979656,5603561.454640037,-0.23344068856857214,9024232.720751315,-0.0019071410701475555
2024-09-04,0.0006862018186506447,5607406.628701132,-0.23291467417496434,9006217.778216813,0.002682487053303026
2024-09-05,0.004819972412576368,5634434.1739575695,-0.22921734406639546,8969171.572408056,0.008933375699176918
2024-09-06,-0.05912034579566705,5301324.477230274,-0.27478628121849286,8554269.758976495,-0.01286169079257539
2024-09-09,0.02407095573444229,5428932.4240556,-0.2573296938956929,8705070.191896211,0.006442281730858146
2024-09-10,0.016806438783249167,5520173.444498886,-0.24484805086001396,8822001.923392015,0.003373838135794685
2024-09-11,0.06484355926086938,5878121.138377528,-0.1958813106949942,9315750.36193757,0.008875713999313278
2024-09-12,0.01725544155965819,5979550.714161393,-0.18200588764466266,9313749.092634024,0.0174702679800528
2024-09-13,0.011198755088109857,6046514.238146219,-0.17284537191687938,9499331.260292482,-0.008726858734279822
2024-09-16,-0.01915763253809355,5930677.340235463,-0.18869169633387925,9329953.44870721,-0.001327134059397675
2024-09-17,-0.006561973505222252,5891760.392660816,-0.19401547992710316,9331538.374954218,-0.006731848548620925
2024-09-18,-0.011598046844883636,5823427.479627906,-0.20336332614715963,9208714.282407826,0.0015642086816060607
2024-09-19,0.04539289144787273,6087769.691065215,-0.1672016840875633,9626248.633152867,5.167030230066039e-05
2024-09-20,-0.011399289284480418,6018373.44325947,-0.17669499300627728,9535353.888393115,-0.0019569043821509313
2024-09-23,0.006706465249204152,6058735.455613423,-0.17117352658737808,9637392.006051645,-0.003994565761583663
2024-09-24,0.025971653139804207,6216090.831332448,-0.1496475329068184,9809175.736697018,0.008146941792843837
2024-09-25,0.008169998324829786,6266876.283011423,-0.1427001546751523,9924298.513102112,-0.0035662351258981817
2024-09-26,0.02108937562640323,6399040.790948049,-0.12462023621263915,10399720.637923583,-0.026815483764294906
2024-09-27,-0.027693442698166426,6221829.3214807,-0.1488625155402189,10141490.260799425,-0.0028629317532380683
2024-09-30,-0.00851860209811206,6168828.033168639,-0.15611301710111983,10015945.166759288,0.003860751508863655
2024-10-01,-0.0218300448267279,6034162.240676192,-0.17453510776649458,9772925.443879629,0.002433239250164518
2024-10-02,0.016969764636574958,6136560.553679375,-0.16052716282953622,9901306.817392396,0.0038333323318380103
2024-10-03,0.015340582642813239,6230698.967995721,-0.14764916039452583,10012171.014726015,0.004143656885611552
2024-10-04,0.013492808671994538,6314768.597063681,-0.13614855359431527,10169154.508932574,-0.0021864574907252965
2024-10-07,0.003235619220452346,6335200.783709049,-0.13335345925070946,10169979.678152919,0.003154474891332318
2024-10-08,0.022215825810156797,6475942.5007922985,-0.11410019066244825,10304086.270427853,0.009029310544740848
2024-10-09,0.014711599522174268,6571213.9733925825,-0.10106718745070364,10412718.968600139,0.004168918170208466
2024-10-10,-0.0017079423458774556,6559990.718783604,-0.10260251286735526,10383736.594782392,0.0010754203766875775
2024-10-11,0.0029420042711654215,6579290.23949707,-0.099962365627278,10464378.683992097,-0.004824187453134135
2024-10-14,0.018222162361376748,6699179.134463808,-0.08356173372238876,10658453.187426005,-0.0003240417941354906
2024-10-15,-0.06711374411106463,6249572.14027922,-0.14506733701893204,9891240.342781333,0.00486788691488646
2024-10-16,-0.005844871398146156,6213044.194825851,-0.15006430848813102,9835479.471104084,-0.00020747206855198375
2024-10-17,0.03918191211055344,6456483.1464065015,-0.11676220292369058,10037305.455723312,0.01866171426842718
2024-10-18,0.001498165445808386,6466156.026357892,-0.11543896657567893,10049403.571257161,0.0002928503752233358
2024-10-21,0.008683094701548377,6522302.271489746,-0.10775823935315595,10072831.559798239,0.006351813210566604
2024-10-22,-0.003024597522658823,6502574.932197366,-0.11045691157202117,10005760.044736395,0.0036340579570509207
2024-10-23,-0.016319959844441123,6396453.170418436,-0.12497421905506588,9877245.859574353,-0.0034759395413911237
2024-10-24,-0.004520094595319213,6367540.597013615,-0.12892941835828003,9950599.591610411,-0.011946631615753323
2024-10-25,0.01156619237286538,6441188.796500704,-0.11885444844066821,10080507.926817747,-0.0014891349982476543
2024-10-28,-0.014999600996616125,6344573.53460932,-0.13207128013400143,9972498.966277942,-0.004284966245676425
2024-10-29,0.017387063732054342,6454887.0390082775,-0.11698054816681093,10209819.311165122,-0.006410416286713128
2024-10-30,-0.020878650536706345,6320117.708266908,-0.13541680271875012,9855704.989846226,0.013805050567743907
2024-10-31,-0.030444988741733958,6127701.795792289,-0.16173902842627008,9555768.210749302,-1.2180596001790112e-05
2024-11-01,0.007650372057581789,6174580.994388012,-0.15532602011238106,9594226.002908185,0.0036258089548872746
2024-11-04,-0.00243470991179906,6159547.68083977,-0.1573825562234522,9576397.732299881,-0.0005764807432451502
2024-11-05,0.020165540196476206,6283758.287189855,-0.14039072029072427,9803050.339895915,-0.0035022954481905844
2024-11-06,0.020980205738265756,6415592.82886463,-0.12235594074790129,9965991.390679838,0.004358741486389497
2024-11-07,0.029659438313773823,6605875.708618631,-0.0963255109110636,10245826.620548414,0.0015804224990224325
2024-11-08,-0.00532829943883395,6570677.624787391,-0.10114055918416473,10156352.597643277,0.003404429136300402
2024-11-11,-0.020132222781834463,6438395.279017556,-0.11923659769622429,9963728.295637215,-0.0011663292532106684
2024-11-12,-0.007799686079518975,6388177.816985362,-0.12610627574452285,9848230.98241254,0.0037920905925974413
2024-11-13,-0.021070065944324257,6253578.489117411,-0.14451927414291693,9646171.976834705,-0.0005527765002930063
2024-11-14,-0.0021377955763791645,6240209.616686836,-0.14634811705433182,9698484.62450478,-0.007560946624868073
2024-11-15,-0.026396561820888453,6075489.537764659,-0.168881591756025,9285972.129832024,0.01613714428310206
2024-11-18,0.007429626084168195,6120628.153308527,-0.1627066927511032,9367765.493899724,-0.0013786454596295683
2024-11-19,0.01534999300130191,6214579.752625383,-0.14985424634479574,9421236.460018966,0.009642018548476267
2024-11-20,-0.00989778305562583,6153069.190452012,-0.15826880458013654,9381323.499665342,-0.005661294509456474
2024-11-21,0.005992427806138956,6189941.013361974,-0.15322479115940796,9576910.740672324,-0.014856148731484928
2024-11-22,-0.007455595019499106,6143791.319971759,-0.1595380041890752,9526667.56373617,-0.0022093127582712008
2024-11-25,-0.011002788533055363,6076192.483286888,-0.1687854297990525,9530955.779402466,-0.011452916097348442
2024-11-26,-0.006143972205643,6038860.525553437,-0.17389238901529258,9423474.973468404,0.005133050626247707
2024-11-27,-0.016736026818758853,5937793.99384303,-0.1877181481479135,9268789.07008529,-0.00032107333093940593
2024-11-29,0.015531766420717963,6030018.423209742,-0.17510197615715872,9426614.550158858,-0.0014958602606296029
2024-12-02,0.02927392824615871,6206540.749853799,-0.15095397059678523,9747587.030805163,-0.004775674497054627
2024-12-03,0.010971769793191255,6274637.486173256,-0.14163843301834997,9825235.786924649,0.003005823362131524
2024-12-04,0.018010600171106006,6387647.473155357,-0.12617882603319938,9943919.572852435,0.0059311154135259225
2024-12-05,-0.004012615583178114,6362016.299364725,-0.1296851344927696,9788632.292942762,0.011603689312691845
2024-12-06,0.0077888078826708895,6411568.822066898,-0.12290641920790114,9828717.224259857,0.0036937586339628736
2024-12-09,-0.007689308981176479,6362268.288339948,-0.12965066275601808,9722967.618728422,0.003069938957141999
2024-12-10,-0.03666070754136297,6129023.03132143,-0.16155828526753876,9448163.353512492,-0.00839729291406316
2024-12-11,0.03759507924237604,6359444.137862307,-0.13003700256205816,9738488.601007666,0.0068668586737462844
2024-12-12,-0.019413771283897763,6235983.343877124,-0.14692626521977253,9589119.945915086,-0.004075800351003328
2024-12-13,0.07653283938647615,6713240.855550813,-0.08163811009101596,9954693.2922562,0.03840907532856104
2024-12-16,0.03895325461653565,6974743.435899213,-0.045864925563268426,10181351.106051583,0.01618431466620092
2024-12-17,-0.014052520094737342,6876730.713610602,-0.05927292786988434,10122723.170423018,-0.008294155117645335
2024-12-18,-0.036970641097004986,6622493.570476953,-0.09405221082384319,9791624.129634561,-0.004262146039481773
2024-12-19,-0.04368458086909188,6333192.714542411,-0.13362816028328403,9439826.576351287,-0.007756164027747717
2024-12-20,0.02242377353626246,6475206.793734818,-0.1142008343512813,9567100.938166799,0.00894107226139354
2024-12-23,0.03410102476606691,6696017.980973373,-0.08399417506573298,9875327.272416929,0.0018837066628890897
2024-12-24,0.006365958980691033,6738644.556774219,-0.07816291955812749,9928621.058218943,0.0009692987656043095
2024-12-26,0.0029176148679277425,6758305.326322744,-0.07547335398642313,9921221.683403062,0.0036628719154565698
2024-12-27,-0.013845343154183842,6664734.269939057,-0.0882737426556678,9834071.102515815,-0.005061084151783024
2024-12-30,-0.015936506638873582,6558521.687999845,-0.10280347420867111,9653450.224378461,0.0024303402401516377
2024-12-31,-0.016608518495715874,6449594.359240145,-0.11770457930156843,9544786.546189249,-0.005352058301328871
2025-01-02,0.022076917189610024,6591981.519815666,-0.09822621636203706,9674492.173511531,0.008487757631707962
2025-01-03,0.0274599448665378,6772996.968911041,-0.07346355798124932,9970510.238742597,-0.0031378436191002723
2025-01-06,0.05190359254042276,7124539.843862917,-0.02537298802085509,10470342.401118726,0.0017725410287437737
2025-01-07,-0.026488235232762447,6935823.3565534875,-0.051189137578363096,10283546.566687103,-0.008647764761456511
2025-01-08,-0.010520077946903794,6862857.954216589,-0.06117070180790768,10136900.440977039,0.0037401896328741885
2025-01-10,-0.011504447765714021,6783904.563358789,-0.07197141442988059,9931719.738938635,0.008736522660412374
2025-01-13,-0.02284485092406563,6628927.274925769,-0.09317208912050143,9802577.790284196,-0.009841871374801844
2025-01-14,0.002691677228895628,6646770.207523692,-0.09073120108226006,9848203.931398973,-0.0019628271362721744
2025-01-15,0.033456042102048,6869144.831429243,-0.060310665863589574,10090290.462634478,0.008874246992823909
2025-01-16,0.004705899703844274,6901470.338057129,-0.05588858210437151,10248676.607119085,-0.010990986829911259
2025-01-17,0.01999867985006354,7039490.633842642,-0.03700760011508737,10451658.984684156,0.00019296391752343656
2025-01-21,0.025551541248656218,7219360.469142802,-0.012401660087285545,10631814.071420884,0.00831455647899182
2025-01-22,0.016218412551682215,7336447.035590665,0.0,10788706.48297029,0.0014615318824512946
2025-01-23,-0.008881389459506117,7271289.192218546,-0.008881389459506084,10631291.004335487,0.005709375326177782
2025-01-24,-0.010168166164194026,7197353.51548416,-0.018959248179906886,10497131.039588727,0.002451182200181534
2025-01-27,-0.14725086145059707,6137537.010164634,-0.16341834400355695,9406386.943004876,-0.04334207985396521
2025-01-28,0.03353659294744715,6343369.090574417,-0.13536224553910303,9517372.162982745,0.021737671570902742
2025-01-29,-0.009853386770241612,6280865.421498592,-0.1438818557499594,9583710.612955919,-0.016823635367978887
2025-01-30,0.030148870364082425,6470226.418865601,-0.11807086080262616,9917686.502012907,-0.0046994157063979525
2025-01-31,-0.004862801507452996,6438762.992082379,-0.12235950715018187,9863585.424704997,0.0005922083173614118
2025-02-03,-0.025774192513082217,6272809.075178338,-0.14497998217016944,9679629.7634764,-0.007124213493500828
2025-02-04,0.016872192362223037,6378645.116546245,-0.1305539199557932,9812190.41097631,0.0031773868026040014
2025-02-05,0.037338622352105943,6616814.93767107,-0.09809000111750375,9983314.210496983,0.019898704010402377
2025-02-06,0.011734831452671513,6694462.145718159,-0.0875062392951385,10044280.901250567,0.005627972601181058
2025-02-07,-0.015676215035673402,6589518.317573706,-0.10181068770665823,9888646.978948813,-0.00018143508757603732
2025-02-10,0.030138989923317316,6788119.743746575,-0.07474016907421782,10147180.300937736,0.0039945312790463094
2025-02-11,-0.005260986767875675,6752407.535595968,-0.07960794880156528,10134932.72373306,-0.004053993609042836
2025-02-12,-0.010731473433138405,6679944.2535179965,-0.08948511164707307,10050264.51916797,-0.002377377074232981
2025-02-13,0.012458364882115047,6763165.436420511,-0.07814158493737404,10199658.141638746,-0.0024062809374901517
2025-02-14,0.016349756442386898,6873741.544085557,-0.06306942437673523,10143084.39390873,0.021896388196549446
2025-02-18,0.012720667182970491,6961180.122569626,-0.051151042350682775,10289502.933259515,-0.0017146400337095108
2025-02-19,-0.008014038218742137,6905392.959019805,-0.05875515416109802,10285501.831509,-0.007625185445535684
2025-02-20,-0.004438299293228254,6874744.758330325,-0.0629326804951395,10291031.118074285,-0.004975879924281806
2025-02-21,-0.0315725253601008,6657691.705103721,-0.09251826220432838,10006471.232418485,-0.003921274247272871
2025-02-24,-0.03664285772707376,6413734.855162886,-0.1257709864122928,9724793.307378095,-0.008493281468080038
2025-02-25,-0.021967492647172904,6272841.181891179,-0.14497560584022598,9494330.564252501,0.001730979478784117
2025-02-26,0.04050520980671313,6526923.930047871,-0.11034266336492664,9761248.413355766,0.01239181652459509
2025-02-27,-0.07052389224338051,6066619.850124433,-0.1730847615073115,9108386.391801251,-0.0036408467651769943
2025-02-28,0.016085385639524885,6164203.7699420815,-0.1597835110049568,9223381.56944634,0.003460188079987908
2025-03-03,-0.05520519869177798,5823907.676045822,-0.20616782922403626,8875543.853726204,-0.01749259696310261
2025-03-04,0.016522663277945604,5920134.141538969,-0.1930516075671045,9004919.828143535,0.0019459819444389848
2025-03-05,0.022571573575334902,6053760.884890568,-0.17483751255580712,9228145.901802937,-0.0022177724621214034
2025-03-06,-0.054434380226803136,5724228.163080287,-0.21975472114623898,8837608.331470998,-0.01211411627696285
2025-03-07,0.037975039409992695,5941605.953165051,-0.19012487593230673,9117833.204179259,0.006266814492355999
2025-03-10,-0.05058904062041447,5641025.808249887,-0.23109568148123052,8650120.630970435,0.0007074201433605043
2025-03-11,0.01769918841286322,5740867.386871926,-0.21748669907630266,8712136.543321425,0.010529818759340587
2025-03-12,0.048578171336601805,6019748.226412099,-0.17947363387086154,9055340.700601019,0.009184372172298172
2025-03-13,-0.013767951823480451,5936868.622841375,-0.19077060134962304,8935280.639255123,-0.0005094709650047963
2025-03-14,0.03748537500450855,6159414.369521084,-0.1604363338765407,9261579.063371288,0.0009673922695683512
2025-03-17,0.003549084542644465,6181274.651851693,-0.15745665144653606,9336910.946037669,-0.004584720951098117
2025-03-18,-0.022730238400893943,6040772.805393701,-0.1766078626222438,9190428.871711837,-0.007041744082760398
2025-03-19,0.015216187222300004,6132690.335367951,-0.16407897370253408,9312996.416021105,0.0018797536325106667
2025-03-20,0.003909737589691931,6156667.545298079,-0.160810741844005,9334415.956303652,0.00160977532988682
2025-03-21,-0.021544744226156154,6024023.717749155,-0.17889085976831368,9155651.785710292,-0.002393661669926106
2025-03-24,0.019255445011215233,6140018.97519253,-0.16308003787037625,9396765.041307883,-0.007079463877948736
2025-03-25,-0.012758027157926732,6061684.446356839,-0.17375748547623698,9329686.84223925,-0.005619591880066804
2025-03-26,-0.04163125976240223,5809328.886572843,-0.20815500222511618,9007906.511842245,-0.00714132072820281
2025-03-27,-0.02519148891325762,5662983.242333276,-0.2281027567075807,8790728.01112249,-0.0010817248482950792
2025-03-28,-0.019863161031722365,5550498.494270865,-0.24343507595104064,8590033.648558822,0.0029670712664149057
2025-03-31,-0.008239876279639291,5504763.073387749,-0.24966907732271879,8531862.503837408,-0.0014679418377793324
2025-04-01,0.014772818331121984,5586083.938226774,-0.23858457491378418,8609393.52532776,0.005685585449031055
2025-04-02,0.008105385978799173,5631361.304656073,-0.2324130090032489,8678719.644762859,5.3004677938742195e-05
2025-04-03,-0.10413171599910775,5044957.988591262,-0.3123431595543323,7836120.748899301,-0.0070437893978583105
2025-04-04,-0.07919597925738531,4645417.6003724085,-0.36680281642646645,7256680.086872811,-0.005251143465022007
2025-04-07,0.035112594892721116,4808530.2666818015,-0.34456962023243703,7467535.512824799,0.006055860486939374
2025-04-08,-0.01877337570717863,4718257.9213860445,-0.3568742610017122,7248657.567568572,0.01053722413936041
2025-04-09,0.16774857811727917,5509738.978889143,-0.24899083273412498,8534188.350956734,-0.009598850893547728
2025-04-10,-0.060137377557513916,5178397.725672335,-0.29415455457514705,7938468.288395466,0.00966657310107262
2025-04-11,0.03532728148869757,5361336.439787594,-0.2692189538371081,8202747.80268365,0.0020362857087549008
2025-04-14,-0.005860359931502246,5329917.07853656,-0.27350159379874234,8215289.503982651,-0.007389323347261362
2025-04-15,0.008624824524313901,5375886.678068081,-0.26723567252806285,8282217.93914437,0.00047801057098043054
2025-04-16,-0.04392303230967942,5139761.433814121,-0.2994209037589933,7873070.912102385,0.0054776270364392254
2025-04-17,-0.017339974681809922,5050638.100681242,-0.3115689275504176,7790596.296729798,-0.006864441526658396
2025-04-21,-0.029725552829069524,4900505.09099893,-0.33203292176369065,7585859.09379698,-0.003445510180888553
2025-04-22,0.02034610283949334,5000211.271545855,-0.3184423948964987,7761202.718344627,-0.0027684346676728477
2025-04-23,0.04342166660876101,5217328.7783522885,-0.28884802779302887,8081729.31348917,0.0021230938518690123
2025-04-24,0.05031000057177315,5479812.5921743205,-0.2530699716646786,8466699.990600245,0.00267530975522684
2025-04-25,0.019302479266422923,5585586.561118648,-0.2386523702792674,8619304.825972006,0.0012783570533786426
2025-04-28,-0.006955602050750853,5546735.443779485,-0.2439480014138872,8560603.950502602,-0.00014520647307909862
2025-04-29,-0.0017121814835490134,5537238.426058501,-0.24524249964646655,8507361.797164535,0.0045072574305642515
2025-04-30,0.007508247947450197,5578813.385105497,-0.2395755931936145,8566097.845806299,0.0006041042138030667
2025-05-01,0.021476306863439598,5698625.693297887,-0.22324448528659152,8648309.434304265,0.011878986125594682
2025-05-02,0.033374307695573924,5888813.380627914,-0.1973208077343123,8941871.939280726,-0.0005701883017620035
2025-05-05,-0.010997524812641157,5824051.009357446,-0.2061482920678449,8893380.991462639,-0.0055746169307834825
2025-05-06,-0.009665234603422168,5767760.1900097085,-0.21382105506533658,8812542.29389386,-0.0005754747419722955
2025-05-07,0.023216746169931524,5901668.8143102005,-0.19556853805664384,9017101.740586996,4.438090017627738e-06
2025-05-08,0.004703771602180495,5929428.916484427,-0.19178467619005418,9101599.295269022,-0.004667039231825279
2025-05-09,0.002403035330300174,5943677.543659242,-0.18984250621244894,9128873.662265357,-0.0005936212035149713
2025-05-12,0.06663059378779512,6339708.30767644,-0.13586123133975256,9742180.401245318,-0.0005525836413216023
2025-05-13,0.04433487613391218,6620778.490222408,-0.09754974606868919,10129319.9424909,0.0045963858472721775
2025-05-14,0.010085059118054573,6687549.432703846,-0.08844848190668847,10235890.214899965,-0.00043591099781850606
2025-05-15,-0.001587517920749848,6676932.828133528,-0.08989558627734837,10186676.59678386,0.003220429124683094
2025-05-16,-0.004303990511142497,6648195.372597706,-0.09381266703815956,10138634.684866536,0.0004121611660876934
2025-05-19,-0.00015705091861117904,6647151.267407333,-0.09395498459123502,10124269.575957604,0.001259817264870719
2025-05-20,0.00026123588242610296,6648887.741834294,-0.09371829312211687,10102842.936104754,0.0023775999017852795
2025-05-21,-0.013408212532723729,6559738.0418855585,-0.10586991086245513,9943018.910419427,0.0024114955134303118
2025-05-22,0.0078076285740587,6610954.040059724,-0.0988888752295792,9950596.781499967,0.007045498767325881
2025-05-23,-0.014590844161498695,6514494.639902382,-0.11203684722329724,9816366.278222928,-0.0011011504049795867
2025-05-27,0.031607730535325285,6720403.031054238,-0.0839703471650333,10134112.313931148,-0.0007612771710316102
2025-05-28,0.0009400473274567833,6726720.527963013,-0.08310923593801454,10098505.424883883,0.004453614963599417
2025-05-29,0.012394223362490742,6810093.004683639,-0.07174508700922547,10156317.02027297,0.006669455888817635
2025-05-30,-0.021834700649663086,6661396.662530007,-0.09201325516095811,9948553.717507385,-0.001378141214695705
2025-06-02,0.01804561536803484,6781605.664515935,-0.07562807560431868,10152534.855159396,-0.002457981782277241
2025-06-03,0.022063810428396113,6931233.726297951,-0.055232908699120724,10385313.396993136,-0.0008643100020837569
2025-06-04,0.014574163426297693,7032250.659370884,-0.041463718710713755,10482326.994413573,0.0052327411974291554
2025-06-05,-0.002904726582692141,7011823.893944455,-0.04424800452744962,10500703.552701736,-0.004657825708292526
2025-06-06,-0.0030241507125524647,6990619.08171929,-0.04713834260558142,10548739.09399386,-0.007598657654019472
2025-06-09,0.006743476684639038,7037760.158508057,-0.040712742235255714,10730632.412737006,-0.010499657032329274
2025-06-10,0.016787114332487585,7155903.842933558,-0.024609077361460396,10933824.10952223,-0.0021485540391212865
2025-06-11,0.008194233064732215,7214540.986811368,-0.0166164968121361,10969351.193594798,0.004944950497471304
2025-06-12,0.011199912364597386,7295343.213614451,-0.0056026877556412885,11024717.509679036,0.006152547656594634
2025-06-13,-0.023003859157120776,7127522.165825607,-0.028477663472729942,10783374.382651977,-0.0011127651844023423
2025-06-16,0.024238566336809653,7300283.084659052,-0.004929354871121445,11155890.109147925,-0.010306810024716062
2025-06-17,-0.007677946667815516,7244231.900475084,-0.012569454215129793,11079164.145211894,-0.0008003274742456878
2025-06-18,0.0032438544804371805,7267731.134582765,-0.00936637321506508,11104246.908579253,0.0009798963840859792
2025-06-20,-0.012765987022782532,7174951.373233609,-0.0220127892389336,11032354.948708199,-0.006291710967599673
2025-06-23,0.008331401100479585,7234728.771000454,-0.013864785514943988,11138742.128345076,-0.0013117965786644953
2025-06-24,0.038508703674644984,7513328.79740934,0.0,11643621.124132652,-0.006817688656747201
2025-06-25,0.015513611567967267,7629887.661954771,0.0,11806469.870595545,0.0015275204089746641
2025-06-26,0.009894820600561127,7705384.031572248,0.0,11826026.557134742,0.00823838249894826
2025-06-27,0.009531580783225913,7778828.521934957,0.0,11863488.435899636,0.006363832209019343
2025-06-30,0.004181832233083993,7811358.277783618,0.0,11860429.11052592,0.0044397096179902285
2025-07-01,-0.020485306623607036,7651340.20831637,-0.020485306623607036,11634325.248821942,-0.0014215898223898932
2025-07-02,0.02615641597152729,7851471.845544766,0.0,11890441.617527338,0.004142559282130448
2025-07-03,0.009331927282355323,7924741.20986685,0.0,11945449.696774298,0.004705683698107532
2025-07-07,-0.010225660780440293,7843705.494481975,-0.010225660780440304,11802759.242139772,0.001719511503283755
2025-07-08,0.003452171195242437,7870783.308653991,-0.006808790316796422,11961237.982615681,-0.009975090788556115
2025-07-09,0.014246502838665576,7982914.445403251,0.0,12041582.50683041,0.007529428541548533
2025-07-10,0.0004814715667129654,7986757.991728215,0.0,12142496.167898595,-0.007898960242058592
2025-07-11,0.0035609374591669685,8015198.337438261,0.0,12198981.90666671,-0.0010909675517191408
2025-07-14,-0.013969477489862991,7903230.2046866305,-0.013969477489862936,12083193.35926508,-0.00447782086740732
2025-07-15,0.026876111952284898,8115638.304452468,0.0,12413326.315754525,-0.0004455526668044607
2025-07-16,-0.006113848785786247,8066020.51905891,-0.0061138487857863005,12244819.497890355,0.007460821981573551
2025-07-17,0.009123852884686201,8139613.703639664,0.0,12272462.149018114,0.006866355243947506
2025-07-18,-0.006348012671039127,8087943.332711595,-0.006348012671039169,12160867.884453172,0.0027450497649996047
2025-07-21,-0.0013585298798673984,8076955.620027432,-0.007697918586015169,12155592.039944181,-0.0009246920519164759
2025-07-22,-0.02770502299590838,7853183.37883764,-0.035189670570477415,11829777.653990656,-0.0009013605430326505
2025-07-23,0.017597724848114504,7991381.539120211,-0.01821120386255798,11986025.433213966,0.004389718426235312
2025-07-24,0.014309843036573566,8105736.954590393,-0.00416196029476465,12141529.008919299,0.0013361031949723212
2025-07-25,0.0039698889364689904,8137915.830048349,-0.00020859387842395882,12145345.607816769,0.0036555464105263863
2025-07-28,0.005192089582934267,8180168.618056338,0.0,12346593.999620913,-0.011377911658909445
2025-07-29,0.001027966703857519,8188577.559027641,0.0,12356003.985731697,0.00026581431502273323
2025-07-30,0.01738684558122583,8330951.092576345,0.0,12499314.20659744,0.005788417721277417
2025-07-31,-0.02271957131761615,8141675.455084985,-0.022719571317616132,12126762.029010696,0.007086238139522166
2025-08-01,-0.02627944433313978,7927716.748184589,-0.04840195794104182,11939458.453853913,-0.010833971361154535
2025-08-04,0.027540847368859422,8146052.785129891,-0.02219414150819062,12225384.832909139,0.0035928282723204363
2025-08-05,-0.01022500870254539,8062759.324510544,-0.032192214920669225,12062409.952465683,0.003105850216901379
2025-08-06,0.007144073846009791,8120360.272527452,-0.025278124635319234,11992275.187736023,0.012958398264267881
2025-08-07,0.02252392327594044,8303262.644278854,-0.0033235638992244578,12355080.765335618,-0.007729349928682017
2025-08-08,0.01833098104393449,8455469.59441394,0.0,12547756.010975456,0.0027361622564747168
2025-08-11,0.009167961794031454,8532989.016606122,0.0,12595310.757416524,0.005378061321032912
2025-08-12,0.01905431851075723,8695579.307177328,0.0,12871162.547354456,-0.0028468314688494534
2025-08-13,-0.014686721518281876,8567869.75545268,-0.014686721518281903,12928317.340450477,-0.019127252269543996
2025-08-14,0.0038647428858193944,8600982.369136693,-0.010878739034966231,12916942.800606376,0.004744558839014812
2025-08-15,-0.01696860563104441,8455035.691275246,-0.027662747633563245,12402419.451780906,0.02286460852558367
2025-08-18,0.009773304141280192,8537669.32661146,-0.018159799938289273,12470123.064872928,0.004314400468876212
2025-08-19,-0.02936235893404715,8286983.215383289,-0.046988944308377835,12202379.719653541,-0.00789157281377284
2025-08-20,-0.017752431337759056,8139869.114855036,-0.06390720763866858,12063501.212302847,-0.006371167146560927
2025-08-21,-0.006300148450105514,8088586.73106702,-0.06980473119361877,11965708.893962175,0.0018063138960778408
2025-08-22,0.018289046413139554,8236519.26920821,-0.05279234674913608,12202638.88794255,-0.0015117022161312554
2025-08-25,0.002847831829816183,8259975.490949955,-0.050094858644762805,12192839.762834296,0.0036508651079651677
2025-08-26,0.009346299756047394,8337175.697865978,-0.04121676045384619,12357474.356051171,-0.0041562637500118516
2025-08-27,0.0048700971159303386,8377778.55318716,-0.03654739296413008,12405862.90646481,0.0009543657116451026
2025-08-28,0.01278511001242566,8484889.373649398,-0.02422954539141818,12501263.78763223,0.0050951265032812415
2025-08-29,-0.030944469263003094,8222328.975226522,-0.054424244231800006,12105871.556324394,0.0006837115373258817
2025-09-02,-0.007859644697809975,8157704.390892734,-0.061856133707001215,11943438.002272239,0.0055581049698953805
2025-09-03,0.006975925160838781,8214611.926207847,-0.055311712305641365,12004680.927732473,0.0018481784057936823
2025-09-04,0.02008627730580459,8379612.899317227,-0.03633644139146678,12217340.72351741,0.002371537775021776
2025-09-05,0.0409193943752757,8722501.584256537,0.0,12499746.84078266,0.017804207228072674
2025-09-08,0.013501762165245124,8840270.726133144,0.0,12644680.362756329,0.0019068455785510169
2025-09-09,0.008082828842312928,8911725.121332187,0.0,12781251.361355947,-0.0027178394768225395
2025-09-10,0.05269842987229967,9381359.042679923,0.0,13156351.928519683,0.02335071136190013
2025-09-11,0.010524823011462292,9480096.186211111,0.0,13401828.17039492,-0.008133559130406823
2025-09-12,0.004355895187687642,9521390.491567444,0.0,13534209.108130936,-0.0055219316321227785
2025-09-15,0.009529381152091343,9612123.45065949,0.0,13775363.982597833,-0.008288791490299638
2025-09-16,-0.0027511047512409625,9585679.492164865,-0.0027511047512409756,13808695.309619157,-0.005170737877700032
2025-09-17,-0.012409318093991484,9466727.74619954,-0.015126283511264396,13754679.123269686,-0.008497566466606266
2025-09-18,0.02290015170580917,9683517.247745104,0.0,14215255.329126684,-0.010584904668774694
2025-09-19,-0.0020699969872780555,9663472.396216016,-0.002069996987278099,14141725.236390956,0.003102621515399681
2025-09-22,0.023261655828187955,9888260.765201988,0.0,14500974.558592293,-0.0021418445365964656
2025-09-23,0.0016953129056811456,9905024.461291974,0.0,14560226.339595182,-0.0023907421910627363
2025-09-24,-0.009889090785762944,9807072.775159055,-0.009889090785762946,14410374.387314199,0.0004027789136437365
2025-09-25,-0.00531733696956227,9754925.264528515,-0.015153844127294685,14310526.094699252,0.0016115803459272604
2025-09-26,-0.0030218936626149606,9725446.917692354,-0.01812994448437708,14316027.32123923,-0.0034063118526641567
2025-09-29,0.005411369171079761,9778074.901317727,-0.012816683135953483,14481611.228216108,-0.006154961575664392
2025-09-30,0.018741219293323397,9961327.947309865,0.0,14669789.402034536,0.005746934965915135
2025-10-01,0.028084995450416317,10241091.797390167,0.0,15248396.100400187,-0.011357063498664888
2025-10-02,0.012813715423445782,10372318.23330731,0.0,15531796.914816655,-0.005771899256974813
2025-10-03,-0.00011272192378009027,10371149.045641992,-0.0001127219237800421,15469457.451902984,0.003900945216961424
2025-10-06,0.009499707336527274,10469671.926319096,0.0,16111555.571255244,-0.032007767721899755
2025-10-07,-0.02141245330655228,10245490.565061867,-0.02141245330655229,15768390.73668335,-0.00011315461039547448
2025-10-08,0.024990515475612485,10501530.655583289,0.0,16332308.679893434,-0.010772039665679772
2025-10-09,-0.002362003005319857,10476726.008614343,-0.002362003005319812,16257951.978446603,0.002190733714527479
2025-10-10,-0.05640600762852266,9885775.7214505,-0.05863477947430582,15311736.442780001,0.001794160321352753
2025-10-13,0.06606606336996879,10538890.006725147,0.0,16117396.073608624,0.013448933115710798
2025-10-14,-0.03258634069810473,10195466.14638615,-0.032586340698104746,15859793.371048065,-0.01660344238226763
2025-10-15,0.018697677327675244,10386097.682596514,-0.014497952254092462,16427728.735030893,-0.01711208076284236
2025-10-16,0.014369269272093366,10535338.31688401,-0.0003370079618320118,16499497.731969247,0.010000497538889097
2025-10-17,-0.005596968667085034,10476372.35842727,-0.005932090405914077,16422537.700984897,-0.000932582378814592
2025-10-20,0.006762544021631678,10547219.287688138,0.0,16635330.60286164,-0.006194826255190994
2025-10-21,-0.014662467301542859,10392571.029760208,-0.014662467301542905,16450793.065852199,-0.0035693582185352263
2025-10-22,-0.012327913403361035,10264452.314067045,-0.026809623077730934,16150899.956893988,0.005901791861165989
2025-10-23,0.017420050921154617,10443259.596055856,-0.009856597155767402,16545991.568650948,-0.007042462797055643
2025-10-24,0.03101737206691313,10767182.064538082,0.0,17016689.488469373,0.0025695200378912236
2025-10-27,0.016530366843960254,10945167.533940606,0.0,17367508.262260597,-0.004085792017546747
2025-10-28,0.024554036389577316,11213915.575859003,0.0,17501291.95755216,0.016850933948435787
2025-10-29,0.024435397072231302,11487932.055689598,0.0,17959993.519505914,-0.001774185801209971
2025-10-30,-0.015385489188906143,11311184.601243896,-0.015385489188906183,17723308.195539173,-0.0022070142796761366
2025-10-31,-0.007540059781649289,11225897.593149247,-0.022809541462301193,17590039.161220748,-2.063773876183339e-05
2025-11-03,0.01630756439760961,11408964.641070498,-0.006873945130968055,17877740.346993726,-4.8350625436330286e-05
2025-11-04,-0.04354778427276418,10912129.510105565,-0.050122384324066065,17180078.98635277,-0.00452376070491585
2025-11-05,0.022010338853256428,11152309.178233609,-0.0292152561339154,17684123.952768337,-0.007328581347050098
2025-11-06,-0.014238287431296626,10993519.394631231,-0.043037568350998374,17259795.15621549,0.009756613174815867
2025-11-07,-0.011241183500605989,10869939.225798711,-0.05379495864835087,17065914.3754935,-8.096493071513278e-06
2025-11-10,0.044365337312881836,11352187.746121798,-0.01181625282163556,17728984.304353137,0.0055118710250279535
2025-11-11,-0.0336923679897837,10969705.65909035,-0.045110503273092344,17236422.837580923,-0.0059095317981317785
2025-11-12,0.031763813880738345,11318145.347972177,-0.014779571022386986,17568311.870486997,0.01250871460442872
2025-11-13,-0.04156077727062513,10847754.430048544,-0.05572609783359525,16949264.545250274,-0.006324191661243789
2025-11-14,0.0027254755662706742,10877319.719696546,-0.05315250238537363,17030138.18729903,-0.0020460377836358096
2025-11-17,-0.012340835644392478,10743084.504784262,-0.06483739173374002,16915484.89776808,-0.005608459883844855
2025-11-18,-0.032910303407912456,10389526.33419497,-0.09561387690751737,16477882.45286761,-0.007040371357770012
2025-11-19,0.009678990044350133,10490086.456149155,-0.08686033262585688,16814095.193602394,-0.010724890229493647
2025-11-20,-0.06699177775486032,9787336.91564954,-0.14803318228173257,15896022.237334443,-0.0123903885217799
2025-11-21,0.005099316179901114,9837245.641141655,-0.14368873410340302,15907219.164761974,0.004394930688967971
2025-11-24,0.07432331360666411,10568382.333954016,-0.0800448433432507,16719435.249919651,0.023263723822616933
2025-11-25,-0.001846030074222016,10548872.78232966,-0.08174310822937468,16782243.197561003,-0.005602613158668626
2025-11-26,0.029454247832519265,10859581.895614114,-0.054696542165243965,17242565.370353915,0.00202512722128817
2025-11-28,0.015161875707923045,11024233.526555426,-0.0403639686312835,17406656.510014612,0.00564524427076879
2025-12-01,-0.005609534363842816,10962392.709753186,-0.04574707992602807,17443885.884830922,-0.007748335390616243
2025-12-02,-0.0035799730780264882,10923147.638981516,-0.04916327968952103,17596978.951256134,-0.012356289744850146
2025-12-03,-0.000685524932723669,10915659.548931172,-0.049815101968243056,17685709.713288803,-0.005727911030840388
2025-12-04,-0.013671986710539152,10766420.796641415,-0.06280601726668827,17538809.9871007,-0.00536586111142226
2025-12-05,0.022335867579891033,11006898.145864584,-0.041872976571686246,17705842.107415196,0.01281229554522366
2025-12-08,0.026949465299918485,11303528.165506298,-0.01605196560089077,18079975.291264314,0.005818971670788542
2025-12-09,0.013996437819165708,11461737.294611994,-0.002280198120133372,18186621.356524136,0.00809786420157077
2025-12-10,0.01858027806722773,11674699.560679398,0.0,18477297.674029563,0.002597302900641793
2025-12-11,-0.008169527834646306,11579322.777657295,-0.008169527834646348,18296557.705905207,0.0016122038510639064
2025-12-12,-0.0688877052171164,10781649.803536197,-0.07649445302652663,17312273.889983263,-0.01509158510845418
2025-12-15,-0.015580875059331034,10613662.265013838,-0.09088347757051952,17191737.43960748,-0.00861838988021621
2025-12-16,-0.0036682218682574375,10574728.996991016,-0.09421831867888947,17126562.807982296,0.00012282204770128202
2025-12-17,-0.044193073072072875,10107399.225709625,-0.1342475947088583,16380931.444317078,-0.0006565285812135113
2025-12-18,0.04786692692615668,10591209.36586016,-0.09280668758864277,16953834.98275001,0.012893119705219669
2025-12-19,0.051699075293613506,11138765.096316189,-0.04590563222442545,17576835.422612928,0.014952201179479402
2025-12-22,0.017340496206800005,11331916.810217295,-0.029361162459083934,17820004.97764135,0.0035058354626036625
2025-12-23,0.005232635164905242,11391212.596604219,-0.024282163545344588,17982526.301283315,-0.0038875263527756027
2025-12-24,0.013156500348875166,11541081.089105552,-0.011445131489625298,18121745.706184085,0.005414573404448203
2025-12-26,0.0007773113516360564,11550052.102446266,-0.010676716568617139,18206877.006614815,-0.003920431449250639
2025-12-29,0.004208857174750058,11598664.622106383,-0.00651279616899975,18198772.842147972,0.00465397274640468
2025-12-30,-0.004409752039398529,11547517.38713475,-0.010893828392209846,18126557.29115397,-0.00044159706431408374
2025-12-31,-0.013826844573169073,11387851.65901687,-0.024570045693393043,17989291.772357877,-0.006254225206386008
2026-01-02,0.057680112441892195,12044704.223180551,0.0,18961702.388945196,0.00362514302494657
2026-01-05,0.004881112753852612,12103495.7825807,0.0,19285174.788911507,-0.012178136111634194
2026-01-06,0.03280067568609302,12500498.622413125,0.0,19760887.54831081,0.008133398121524388
2026-01-07,-0.012715012999861663,12341554.619924389,-0.012715012999861693,19534418.48743653,-0.0012545429010053233
2026-01-08,-0.02593385627965017,12021490.516143817,-0.03831911995977954,19064587.691080265,-0.0018824212876932117
2026-01-09,0.04245657439057915,12531881.82252812,0.0,19838429.456236318,0.0018660419492134706
2026-01-12,0.013529902658731663,12701436.963717654,0.0,20102064.3191507,0.0002408031614170303
2026-01-13,0.004984760757720252,12764750.588261051,0.0,20121476.657858923,0.0040190719408891434
2026-01-14,-0.01732370751590029,12543617.7825566,-0.01732370751590026,19841252.18587052,-0.0033970719735254284
2026-01-15,0.02001341130297507,12794658.364466218,0.0,20477079.792332422,-0.012032328578033685
2026-01-16,0.035872999876509715,13253641.1423947,0.0,20958991.896585584,0.012338779707400716
2026-01-20,-0.01227768256274775,13090917.143647803,-0.012277682562747794,20463029.141989943,0.011385800730856599
2026-01-21,0.039161245954676405,13603573.769682486,0.0,21057989.11173078,0.010086373138315799
2026-01-22,-0.001445921996869437,13583904.063132865,-0.0014459219968694563,21088847.100305274,-0.0029113035397491244
2026-01-23,0.00026898468392300146,13587557.925273728,-0.0011773262438177525,21206541.5647568,-0.005311901928405124
2026-01-26,-0.005317905999327688,13515300.569466703,-0.006488971332850229,21139111.826093633,-0.002138239081114504
2026-01-27,0.03745192063537073,14021474.53375755,0.0,21800201.47719662,0.006178627010661714
2026-01-28,0.017206860389202605,14262740.088510677,0.0,22039708.274439212,0.006220411594538219
2026-01-29,0.006703883184514314,14358355.831955142,0.0,22206938.434163716,-0.0008837925524850798
2026-01-30,-0.04072299512205346,13773640.577449726,-0.04072299512205341,21434512.116668716,-0.005939888041129535
2026-02-02,0.027666252073912823,14154705.589640925,-0.014183395696392005,21830656.07492429,0.009184657713409122
2026-02-03,-0.03038853531612562,13724564.81894076,-0.04414091839149525,21206918.050972376,-0.00181687801864433
2026-02-04,-0.0983209653578413,12375152.356826238,-0.13812190604130306,19706687.671436787,-0.027578466333245746
2026-02-05,-0.0004503846050157856,12369578.778719999,-0.13851008266622242,19774095.055139598,-0.003870918021218042
2026-02-06,0.06620370817718468,13188490.762461074,-0.08147625558147008,21034079.988983177,0.0024847399852072627
2026-02-09,0.008192217934876123,13296533.753019257,-0.07395150888883495,21333712.46596808,-0.006052877507465151
2026-02-10,-0.014568717993851621,13102820.30247579,-0.08744284820446531,21163740.826481026,-0.006601438986121505
2026-02-11,0.037465618810330836,13593725.573268611,-0.053253329812652614,21782434.41480702,0.008231959534374278
2026-02-12,-0.015482893283649823,13383255.370890472,-0.0679117074738141,21337954.33483025,0.004922543111220062
2026-02-13,0.004915018745933253,13449034.32192001,-0.06333047604318306,21484888.783757832,-0.001971041961757708
2026-02-17,-0.009956220883201694,13315132.765545214,-0.07265616471826047,21486876.172290992,-0.010048722573722996
2026-02-18,0.022730922566704947,13617798.017404217,-0.0515767838057601,21847249.739079215,0.005959123637042527
2026-02-19,-0.0025801506223785964,13582662.047374185,-0.05402385855730202,21815332.303975064,-0.0011192145555813798
2026-02-20,0.012081956785262804,13746767.183259388,-0.04259461569650175,22083922.41917242,-0.0002300314739493714
2026-02-23,-0.00847269395612904,13630295.032029474,-0.050706418509655356,21978285.38921055,-0.0036892579361689076
2026-02-24,0.02370722181024587,13953431.45969289,-0.028201305010221,22371325.232369304,0.005824123279197457
2026-02-25,0.012966465630636081,14134358.149144435,-0.01560051063173894,22757535.627435677,-0.004297169449308205
2026-02-26,-0.03669211371202041,13615738.672689606,-0.05172020863369399,21871328.88250656,0.0022491301659298274
2026-02-27,-0.013683793048632653,13429423.722488256,-0.0646962730509511,21546606.935790826,0.0011631304492558114
2026-03-02,-0.009413023515970509,13303012.241182541,-0.0735003090272974,21477785.095401585,-0.00621893172256982
2026-03-03,-0.05501534893527216,12571142.380843688,-0.12447201281458241,20537462.82027234,-0.011234192221372077
2026-03-04,0.04201079434365518,13099266.05807012,-0.08769038660282148,21124002.87808823,0.013451275431858811
2026-03-05,-0.020255851456172147,12833929.270612974,-0.10616999461383254,20930069.948724933,-0.011075161106784998
2026-03-06,-0.05663887380976573,12107029.970171267,-0.15679551949628187,19958222.746106587,-0.010205813385256612
2026-03-09,0.0530586954382366,12749413.186020186,-0.11205618977307866,20856231.67609214,0.00806426174494923
2026-03-10,0.018914428002191785,12990561.04379736,-0.09526124050454964,21103621.047620244,0.007052775553648374
2026-03-11,0.016288016268772854,13202151.51341922,-0.08052484087089828,21383924.97827191,0.0030057492104721834
2026-03-12,-0.03503263344956031,12739645.378704047,-0.11273647708664424,20699033.75531164,-0.0030043120045410987
2026-03-13,0.013493898601068866,12911552.861657854,-0.10076383307602431,20694742.947084896,0.013701193698872377
2026-03-16,0.025286526603528037,13238041.186587024,-0.07802527381824659,21092418.05974798,0.0060702882728607965
2026-03-17,0.023186129878611572,13544980.12887764,-0.05664824807219917,21370608.992153395,0.009996986195919683
2026-03-18,-8.162718256987667e-06,13544869.565021051,-0.0566559483867674,21188235.69790286,0.008525674306111439
2026-03-19,0.013532095762327057,13728160.037063146,-0.04389052634351548,21354877.953922328,0.005667247627002561
2026-03-20,-0.022744489439609272,13415920.046074897,-0.06563674817020579,20773178.236181926,0.0044951753805567984
2026-03-23,-0.00046798879145470984,13409641.54586628,-0.06607401969920935,21093459.957847774,-0.01588603017271964
2026-03-24,0.012106143972830719,13571980.597044589,-0.054767777321721,21276005.530597262,0.003452012639503621
2026-03-25,0.0006509335807991512,13580815.054973159,-0.054152493926326345,21367030.524322525,-0.0036273598044117283
2026-03-26,-0.07936961483691063,12502910.994888622,-0.1292240461778463,20028936.25600021,-0.016745364508858024
2026-03-27,-0.00207449114644076,12476973.81672499,-0.13103046318458383,19835602.239353698,0.007578243985141397
2026-03-30,-0.055491002159813285,11784614.03571317,-0.17925045362882,19014912.030574232,-0.014116397099866146
2026-03-31,0.05313822737628038,12410827.5358846,-0.13563727761476935,20074634.621235467,-0.002592905587011779
2026-04-01,0.048541955582360075,13013273.374871843,-0.0936794207376976,20719344.803963237,0.016426293459883612
2026-04-02,-0.0003410004430961511,13008835.84288488,-0.09398847645681323,20650500.07158874,0.0029817268451394763
2026-04-06,0.016326071062954695,13221219.02130213,-0.07919686793959133,20817813.61275017,0.008223916607546719
2026-04-07,0.006735413152058722,13310269.393784458,-0.07299487841345474,21089063.74739122,-0.006294299750881291
2026-04-08,0.07705376770062,14335875.799685799,-0.0015656411174400238,22487626.416979164,0.010736804257377969
2026-04-09,0.03421110404046113,14826321.93817998,0.0,22990239.34261453,0.011860460343540172
2026-04-10,0.013973410267333009,15033496.217377728,0.0,23460003.04337491,-0.0064597698209502286
2026-04-13,0.00645838552643796,15130588.3317598,0.0,23646780.992365077,-0.001503162843561473
2026-04-14,0.03557109017638904,15668799.853730647,0.0,24310648.996355534,0.007496740259383336
2026-04-15,-0.009577673115343077,15518729.210621879,-0.009577673115343131,24246246.032528948,-0.006928506331015702
2026-04-16,0.012935645680748786,15719473.99310597,0.0,24173251.921736374,0.01594617814398651
2026-04-17,0.009555456442887467,15869680.742152197,0.0,24568099.247514356,-0.006778602667419489
2026-04-20,-0.014126642090028008,15645495.442224802,-0.014126642090028051,24346570.668786447,-0.005109722364326316
2026-04-21,0.006288594920597301,15743883.625393005,-0.007926883899123226,24390012.54714266,0.0045042829143111945
2026-04-22,0.05002923845458129,16531538.13348897,0.0,25330835.702446073,0.011455123189780606
2026-04-23,-0.007737390682101664,16403627.164374104,-0.0077373906821016775,25072156.38263905,0.0024746419111239815
2026-04-24,0.05889315604396694,17369688.538652644,0.0,26226294.14663288,0.01286050746041717
2026-04-27,-0.010834029225982977,17181504.82537866,-0.010834029225982929,26154996.905348137,-0.00811548878385579
2026-04-28,-0.04010877267704638,16492375.754087972,-0.050508262287627906,25214617.631336223,-0.004154676508920874
2026-04-29,0.016197291539314485,16759507.572352856,-0.03512906779773027,25439839.324708197,0.007265104001714373
2026-04-30,0.028949694862161257,17244690.202612553,-0.007196348729105468,25878483.33871097,0.011707289813763663
2026-05-01,0.011702738598344586,17446500.30426316,0.0,26029637.786565304,0.005861807123499513
2026-05-04,0.0059013071947318085,17549457.4620316,0.0,26009081.834986996,0.006691020511023799
2026-05-05,0.06615878463388247,18710508.23870363,0.0,27004412.444931958,0.02789020536377297
2026-05-06,0.08543066076529837,20308959.32079064,0.0,28812102.308416344,0.01849012402262086
2026-05-07,-0.03409311151515426,19616563.705910195,-0.034093111515154234,28156626.329499766,-0.01134308890659562
2026-05-08,0.0880138460421862,21343092.92379891,0.0,29774007.50287414,0.0305715532601194
2026-05-11,0.025240361923650756,21881800.313765705,0.0,30074390.452320676,0.015151597439476541
2026-05-12,-0.0272202222333503,21286172.84635921,-0.027220222233350282,29428389.25894986,-0.005740112955824758
2026-05-13,0.01881177498555653,21686603.54024858,-0.008920507943504415,29940407.20655969,0.0014129991604708292
2026-05-14,-0.000751892484612493,21670297.546029896,-0.009665693165235313,30473363.49105388,-0.018552461488811678
2026-05-15,-0.04462923545937936,20703168.734373316,-0.053863556128465294,29171094.449680727,-0.0018945684523894724
2026-05-18,-0.03539010872163795,19970481.34198143,-0.08734742774258278,28414154.98474219,-0.009441837694500577
2026-05-19,-0.005881452428066369,19853025.90600298,-0.09271515042966715,28159617.77509972,0.0030766605187781543
2026-05-20,0.06116606338662334,21067357.34698583,-0.037220107811125204,29427987.91407127,0.0161238987840516
2026-05-21,0.020341480444653337,21495898.584480066,-0.017635739461659854,29789354.259204168,0.008061798048830962
2026-05-22,0.011461529127223313,21742274.452221923,-0.006376342875956472,29960520.906469896,0.005715629240425846
2026-05-26,0.09324890372539674,23769717.70938832,0.0,31517169.302280426,0.04129225047927865
2026-05-27,-0.0010690741116869962,23744306.119543105,-0.0010690741116869567,31465809.946519125,0.0005604934192264682
2026-05-28,0.009989885773057594,23981509.025437854,0.0,31738954.5595488,0.0013092062197925802
2026-05-29,0.011861299465054875,24265960.88561249,0.0,32020883.939655583,0.0029785437467520354
2026-06-01,0.01745442525099028,24689509.28603387,0.0,32871696.74309033,-0.00911613429502775
2026-06-02,0.04310422321114982,25753731.40527283,0.0,34049864.79333612,0.007262810476851289
2026-06-03,0.02581748410850393,26418627.95656314,0.0,34276702.366179146,0.019155561242736555
2026-06-04,-0.03284894348623124,25550803.93983423,-0.03284894348623125,33411167.124773975,-0.00759752833670399
2026-06-05,-0.10813007398439456,22787993.619459193,-0.13742705878115047,30443470.172924366,-0.019306569532522327
2026-06-08,0.0756330378863157,24511518.804232873,-0.07218804683823438,32137275.158380162,0.019995327210276415
2026-06-09,-0.005298685951904414,24381639.963885043,-0.07710423100046164,32073101.333666854,-0.003301820181641088
2026-06-10,-0.028609946964843758,23684082.537602376,-0.10350823000561715,30973787.921810273,0.005665298213976544
2026-06-11,0.10781578164342265,26237600.408901315,-0.0068522690867772185,33378201.782153532,0.03018840631519612
2026-06-12,0.01734925454672842,26692803.217090692,0.0,33593683.31608375,0.010893498321854864
2026-06-15,0.06686814391087315,28477701.42399573,0.0,35249688.58533353,0.017573005486533233
2026-06-16,-0.05307249983930429,26966318.61974696,-0.05307249983930429,33642428.94474053,-0.00747607884675823
2026-06-17,0.022104750175865107,27562402.355999246,-0.032140904013595664,34354937.405529976,0.0009258851789357009
2026-06-18,0.053529265290318095,29037797.503752016,0.0,36051456.623867445,0.004147157609214025
2026-06-22,0.045943106491052044,30371884.126732502,0.0,36690240.130499735,0.02822444637429561
2026-06-23,-0.09112447461369422,27604262.142656002,-0.09112447461369427,34010244.04072958,-0.018080632975210648
2026-06-24,0.002870172946050964,27683491.149053555,-0.08851584466940256,34063433.86588871,0.0013062375301384765
2026-06-25,0.09557959542688366,30329468.033083808,-0.0013965578648892898,35745126.131521165,0.046210166840985445
2026-06-26,-0.05096007079261189,28783876.195015598,-0.05228545996984042,34448606.80795373,-0.014688851080111781
2026-06-29,0.058565379404243556,30469614.82510146,0.0,36054042.21212187,0.011961596176718048
2026-06-30,0.04449091963727536,31825236.009663787,0.0,37524872.88874424,0.0036957525387061874
2026-07-01,-0.09183576852159114,28902541.002335295,-0.09183576852159119,34946851.64146988,-0.023134103497493202
2026-07-02,-0.06751133765652961,26951291.797594946,-0.15314715060051273,33314701.6678937,-0.020807560437314188
2026-07-06,0.013664323676548573,27319562.972218394,-0.14157547915991062,34015832.413777605,-0.007381362185306203
2026-07-07,-0.060558534062398195,25665130.287395474,-0.19356040974520305,32604310.282070253,-0.01906250025857345
2026-07-08,0.015916082316865587,26073618.61372274,-0.1807250508431283,33302215.172974315,-0.0054892130218878454
2026-07-09,0.04866130474380537,27342394.91485886,-0.14085806287324013,34297931.80007639,0.0187618934905225
2026-07-10,0.005900272246914362,27503722.488739174,-0.13578889154545085,34514825.220332086,-0.00042353239296798184
2026-07-13,-0.0465835490139872,26222501.48411789,-0.1760469120745755,33081951.511251118,-0.005068817302789491
2026-07-14,0.03942529122192351,27256331.24169656,-0.14356232162991256,34070251.227248766,0.009551004160547022
2026-07-15,-0.04302265381725412,26083691.53835664,-0.1804085433824817,33490057.65693606,-0.025993323260140866
2026-07-16,-0.04573500209407888,24890753.85122859,-0.21789256036717303,32237915.001170818,-0.008346512991077429
2026-07-17,-0.02357515083238726,24303950.574854054,-0.23633086122364913,31531200.457690142,-0.0016533068342561852
2026-07-20,0.0016994881161271902,24345254.85003096,-0.2350330145976457,31664818.86877221,-0.002538168844043287
2026-07-21,0.0808523664434504,26313626.31632485,-0.17318362357675302,33484089.398863964,0.02339836559691713
2026-07-22,-0.006037803921751572,26154749.800156638,-0.17817577873688967,33557159.75462156,-0.008220045012055019
2026-07-23,0.00648455062886133,26324351.599420957,-0.17284661796608441,33504627.028234743,0.008050020614132763
2026-07-24,-0.048488287313242506,25047928.87573342,-0.21295386880626513,32305251.560814895,-0.012690978887480261
2026-07-27,-0.03835253086221346,24087277.410492327,-0.2431390798428585,31214453.401249297,-0.004587179816667078
2026-07-28,-0.08008676094245637,22158205.382763598,-0.3037536194221711,29706143.787838727,-0.03176588874835269
2026-07-29,-0.0745303187983003,20506747.271588013,-0.3556450841287994,28105151.672222868,-0.020636009020156554
2026-07-30,0.16446959999022503,23879483.792446733,-0.24966828886372794,31120092.795212694,0.057195988442005685
2026-07-31,-0.020582072232347093,23387994.532159433,-0.26511167034055527,30885285.750045437,-0.013036881197332678
2026-08-03,0.013114322239082155,23694712.228980064,-0.2554741079756604,31277908.16059176,0.0004020419084477811
2026-08-04,0.0691986352360574,25334353.977536604,-0.2039539323496679,33001106.41056128,0.014105492781580908
2026-08-05,-0.030875798769837703,24552135.562162347,-0.22853249054596014,32515914.067287654,-0.016173493421725124
2026-08-06,-0.004008694375199906,24453713.55443516,-0.23162506801175808,32572852.644981503,-0.005759793162581919
2026-08-07,0.005878541055911013,24597465.713534392,-0.22710814442773244,32937290.409460083,-0.005309848504274767
2026-08-10,-0.02283705434599881,24035732.052260567,-0.24475871773701613,32343997.93512799,-0.004824264983043336
2026-08-11,0.010258272485855091,24282297.141049657,-0.2370112468709958,32640388.685169823,0.0010945707494060958
2026-08-12,0.03891577386329259,25227261.525472023,-0.2073189490939919,33499040.345538113,0.012609357335893384
2026-08-13,0.012624655233098192,25545747.004706312,-0.1973116241164935,33853832.695125006,0.002033535430045405
2026-08-14,0.006412106404502849,25709549.052683,-0.19216470084067086,33647474.51196168,0.01250766979378616
2026-08-17,0.028064441364135995,26431073.1845704,-0.16949325445553465,34256782.397013895,0.009955864304790854
2026-08-18,-0.049180161806003375,25131188.728646908,-0.21033771058238876,32814727.337160427,-0.00708470044185705
2026-08-19,-0.034688859243328096,24259416.46022136,-0.23773019458976052,31882756.114276476,-0.00628785461792751
2026-08-20,0.014411151777478315,24609022.592862666,-0.22674500872860473,32153816.75583409,0.005909357246727517
2026-08-21,0.0008932355226869415,24631004.24602122,-0.22605430990230607,32237233.370251324,-0.0017010634698920862
2026-08-24,-0.030140309451501368,23888618.155944895,-0.24938127250050635,31384166.775654964,-0.0036781566731064336
2026-08-25,0.01953652062775646,24355318.63731711,-0.23471679424713218,31839831.543438498,0.005017582749278146
2026-08-26,0.0007911720221707164,24374587.884014007,-0.23411132358570344,31782583.67115195,0.002589167473511275
2026-08-27,0.001990503253334275,24423105.58049582,-0.23258681968360886,32421112.90595958,-0.018100035685046742
