trade_date,open,high,low,close,volume
2017-06-01,41.66183849007054,41.92465798227299,41.50776855321095,41.68902587890625,7176800.0
2017-06-02,41.88841992485698,42.46844074868244,41.59840951294426,42.4140625,9523900.0
2017-06-05,42.25998329972887,42.81281656191612,42.151226834999854,42.34154891967773,6807600.0
2017-06-06,42.20560836791992,42.78562906305022,42.12404274159248,42.20560836791992,7806200.0
2017-06-07,42.32342389401728,42.9034445582032,42.25091958239611,42.83094024658203,8026500.0
2017-06-08,42.95781704042886,43.021256576005726,42.53186290967382,42.98500442504883,7936100.0
2017-06-09,43.157204613720886,43.37471410085976,39.341753207011394,40.54711151123047,20477200.0
2017-06-12,40.00333208991172,40.32959453140694,38.35389726430396,40.18458938598633,20623500.0
2017-06-13,40.70118687221245,41.2358942101484,40.13022736897992,40.64680862426758,12330600.0
2017-06-14,40.85525106372218,41.045569718797566,39.30550406000416,39.85833740234375,10697300.0
2017-06-15,39.14236454033262,39.577379998976056,38.81610553924671,39.115177154541016,11523000.0
2017-06-16,39.142374676431686,39.78583845009052,39.024560336029126,39.06987380981445,10775100.0
2017-06-19,39.60457125679119,40.22990533691687,39.54113171781593,40.139278411865234,9649900.0
2017-06-20,40.11207735508928,40.41115235456,39.24204665022033,39.296424865722656,9083700.0
2017-06-21,39.341740138541,39.71331598536032,39.05172989015494,39.53205871582031,9713600.0
2017-06-22,39.59550271837317,39.80394739189339,39.04267299670403,39.27830505371094,7632100.0
2017-06-23,39.37800242514075,40.14834169758228,39.34175027045754,39.95802307128906,13947700.0
2017-06-26,40.30241731438258,40.46554857628444,38.88861419696521,39.19675064086914,10911400.0
2017-06-27,38.97017779093965,39.06080472850528,37.90982810119843,37.964202880859375,12734900.0
2017-06-28,37.97327071079034,38.77079750582287,37.538251695249976,38.689231872558594,14308300.0
2017-06-29,38.381095047129925,38.4807867598398,36.967295360542806,37.55637741088867,12362500.0
2017-06-30,37.89170594972552,38.08202461265751,37.23918086859136,37.43856430053711,10044100.0
2017-07-03,37.456689396099655,38.027645369877085,37.13948817569365,37.16667556762695,6519500.0
2017-07-05,37.41136010215599,38.272329619855576,37.38417271920812,38.172637939453125,10942500.0
2017-07-06,37.810147110192574,38.59861275347616,37.66514189467839,38.1635971069336,11934200.0
2017-07-07,38.39016108408999,39.69520778955951,38.39016108408999,39.45957565307617,10748700.0
2017-07-10,39.51394677623888,40.329603052310105,39.43238114863176,40.06678009033203,10357900.0
2017-07-11,40.06678060526788,41.23588679692989,39.91271411624999,41.14525985717773,13527400.0
2017-07-12,41.39901750674145,41.67090177959842,40.63773946842429,41.036502838134766,10395800.0
2017-07-13,41.03649657376355,41.38088511064812,40.77367710919996,41.05462265014648,9036100.0
2017-07-14,41.12714648341747,41.80685911313434,41.09995562733469,41.797794342041016,8085700.0
2017-07-17,41.87028753186655,42.09685834810263,41.39901981923195,41.824974060058594,7679900.0
2017-07-18,41.70715083675905,42.25998410954003,41.3990144285137,42.250919342041016,6594200.0
2017-07-19,42.50467994167631,42.78562549779655,42.35967477997677,42.75843811035156,9533900.0
2017-07-20,42.69500885506298,42.90345360915375,42.02435765986943,42.8218879699707,8782300.0
2017-07-21,42.39593536843607,42.5953188181431,41.89748020136523,42.423126220703125,7539500.0
2017-07-24,42.3052966845953,42.613433086352,42.19654367726816,42.39592361450195,8495500.0
2017-07-25,42.25999275572845,42.29624146155327,41.5530894055979,42.05154800415039,7271900.0
2017-07-26,42.24185770532269,43.02126175881445,42.160292084441096,43.00313568115234,9161300.0
2017-07-27,43.04844557718009,43.13001119129836,41.05462214321896,41.72527313232422,17026600.0
2017-07-28,41.59840096352308,41.6890279021711,40.70117905924485,41.009315490722656,9584300.0
2017-07-31,41.17243414633404,41.21774760179109,39.885510576744565,40.15739822387695,11121300.0
2017-08-01,40.22990590372142,40.59242052342665,39.894582127671256,39.96708297729492,9452300.0
2017-08-02,40.19365688148525,40.275222504413286,38.526095723886726,38.72547912597656,15632000.0
2017-08-03,38.69829177856445,39.07892904783624,38.34484189789897,38.69829177856445,11475800.0
2017-08-04,38.83423618902123,39.09705916334229,38.39015932901308,38.80704879760742,7510900.0
2017-08-07,38.84330351006254,39.92177941243224,38.83423874086477,39.840213775634766,7758400.0
2017-08-08,39.91270671171184,40.34772216477192,39.6317577190875,39.78582763671875,9798300.0
2017-08-09,39.323628656196256,39.90364936817468,39.02455698910569,39.70426940917969,5634700.0
2017-08-10,39.30551108091029,39.495833227178046,38.00952550966165,38.09109115600586,11299300.0
2017-08-11,38.09108250410085,39.09705742811942,38.0457690346902,39.04268264770508,10761600.0
2017-08-14,39.604577387245605,40.093971155547855,39.50488567994002,39.67707824707031,9764800.0
2017-08-15,39.91271299856757,40.193658578249575,39.51394617755406,39.76770782470703,6250200.0
2017-08-16,40.19365851463098,40.43835539335758,39.658951288642335,40.29335021972656,8490600.0
2017-08-17,40.17553518053209,40.23897472679592,38.97017688712733,39.07892990112305,14283400.0
2017-08-18,40.574300166890986,41.00931569754841,39.5683252397224,40.148345947265625,20996200.0
2017-08-21,39.97616672086594,40.11210717488939,38.98831754329424,39.25114059448242,14374500.0
2017-08-22,39.62356389474439,40.45019016666263,39.61448161272211,40.37752151489258,8664500.0
2017-08-23,40.15042437834025,40.15042437834025,39.81432451684065,39.986915588378906,8480900.0
2017-08-24,40.24125632994727,40.25034207565447,39.28745747729505,39.71439743041992,9253000.0
2017-08-25,39.7779908473756,39.92333161770848,39.16937398928352,39.34196853637695,6385800.0
2017-08-28,39.38738148722332,39.71439904201931,39.38738148722332,39.63264465332031,5545100.0
2017-08-29,39.07853496201464,40.14133863156623,38.996780567033966,39.986915588378906,6768800.0
2017-08-30,39.96875992056168,41.32224899710425,39.95967763617602,41.304080963134766,8797200.0
2017-08-31,41.26772898087726,41.30406503480375,40.7317843136504,40.98612976074219,9213400.0
2017-09-01,41.04971474365608,41.14963715599913,40.65911084005874,40.967960357666016,5307500.0
2017-09-05,40.54101306742498,40.84077675940768,39.850642110696434,40.40475463867188,9198600.0
2017-09-06,40.6046085198976,40.84078592216822,40.15950055594577,40.6318588256836,12116700.0
2017-09-07,40.82262023907666,41.24047792122015,40.50468843600781,41.07696914672852,8291500.0
2017-09-08,41.05879612943979,41.104214457900966,40.077743601735975,40.28667068481445,8128900.0
2017-09-11,40.77720307590811,41.59474697183996,40.74086702160073,41.40398788452149,8893000.0
2017-09-12,41.64015847569739,41.803667228058735,41.21321857062096,41.467567443847656,7233800.0
2017-09-13,41.876336522658384,42.16701798363781,41.35855995371401,41.89450454711914,7500500.0
2017-09-14,41.76734041907212,43.02090664274522,41.58566360234895,42.73930740356445,12338900.0
2017-09-15,42.66663714465935,43.32066880888693,42.57579700712987,42.82106018066406,13880400.0
2017-09-18,43.4205832708306,44.0837005598946,43.366082663496975,43.64767837524414,11215500.0
2017-09-19,43.629528035274674,44.05646811348511,43.22075945380256,43.83845520019531,9385000.0
2017-09-20,43.9383695714383,43.9383695714383,42.49404424859861,42.94823455810547,11021300.0
2017-09-21,42.97548371968582,43.1753250780823,42.475871660702886,42.83014297485352,8533600.0
2017-09-22,42.59398015519461,43.52961138011058,42.54856180290515,43.39335632324219,5867700.0
2017-09-25,43.16624929315164,43.27525400187957,41.75825996599204,42.08527755737305,11445900.0
2017-09-26,42.29419987025875,42.56671334360333,41.40398734256149,41.712833404541016,11086600.0
2017-09-27,42.44862696097135,45.1556008567858,42.40320862193631,44.36531066894531,20364400.0
2017-09-28,44.43798322094815,46.21841206817597,44.192723475580586,45.98223114013672,22109100.0
2017-09-29,45.95497220358501,47.49013408696633,45.92772189592398,47.31754302978516,21008700.0
2017-10-02,47.42654338675744,47.8080649850919,46.89059877220898,47.30845642089844,15636000.0
2017-10-03,47.426550137498495,47.56280861312664,46.563587877313175,47.090450286865234,11304600.0
2017-10-04,47.035941476984405,47.23578629710431,46.46366425332644,46.87243270874024,8294700.0
2017-10-05,46.91785093895864,46.99960531686484,46.11847518445324,46.7180061340332,9337000.0
2017-10-06,46.50909031556351,47.608230078510985,46.463671975768456,47.59914779663086,8509500.0
2017-10-09,47.86258316040039,48.18051851989018,47.42656079171514,47.86258316040039,8763000.0
2017-10-10,48.18959808770809,48.20776611852926,47.0450398675554,47.77174377441406,8217200.0
2017-10-11,47.59006372067382,48.48936212706239,47.50830932009304,48.35310363769531,7746000.0
2017-10-12,48.280440461944906,49.170653221932064,48.18051802043246,48.42578125,12611400.0
2017-10-13,48.68920113213059,49.09797311496842,48.362187011057486,48.99805068969727,10208300.0
2017-10-16,49.30688996143277,50.04267937704903,49.30688996143277,49.99726104736328,9921100.0
2017-10-17,49.9336807022535,50.21527645931287,49.30689589548914,50.07902145385742,10241700.0
2017-10-18,50.22435706012615,50.51503853355455,49.6611586733117,50.269775390625,9459400.0
2017-10-19,49.68841570671655,50.2697786917504,49.18880710802788,50.26069641113281,7969200.0
2017-10-20,50.72397752192145,51.08733118151981,50.62405509227203,50.95107269287109,10575300.0
2017-10-23,51.314414340445374,51.53242371301344,50.68762959762007,51.20540618896485,11003900.0
2017-10-24,51.42341989391778,51.46883822520234,50.74213452905972,51.21449279785156,7763900.0
2017-10-25,51.132754140828375,51.21450854836196,49.570338114718886,50.23345565795898,13694600.0
2017-10-26,50.56955180501054,51.25992307614639,50.49688315105787,50.80573272705078,8210500.0
2017-10-27,51.105486038249424,51.61418037202032,50.4151183743858,51.496089935302734,10523600.0
2017-10-30,51.32349983110241,51.41433649782213,50.48779140865145,50.77847290039063,7336200.0
2017-10-31,50.91473639908099,51.4870171974903,50.58771879998995,51.25992202758789,7661500.0
2017-11-01,51.77769640761099,52.08654596338708,50.14261195093639,50.60588455200195,10479900.0
2017-11-02,50.614976298074176,51.214507452087936,50.06086348834072,51.105499267578125,6545500.0
2017-11-03,51.13273815725631,51.36891555786133,50.79663488401536,51.36891555786133,5566400.0
2017-11-06,51.49610827544308,51.52336205682064,50.59681318953504,51.16909408569336,7887700.0
2017-11-07,51.214502620971366,51.96845676745644,51.15091625193758,51.29625701904297,8177400.0
2017-11-08,51.314420443467895,51.89578345972183,51.06915727126135,51.705020904541016,7468200.0
2017-11-09,51.30535356958947,51.39619374004233,49.779273357963305,50.39697265625,10275700.0
2017-11-10,50.55138163165974,51.33258603466246,50.2425320899342,51.19633102416992,7373100.0
2017-11-13,51.2326582722795,51.85943952926765,50.96014136774898,51.804935455322266,9414500.0
2017-11-14,51.62326713283216,51.68685349265438,50.68763283151116,51.25082778930664,9640800.0
2017-11-15,51.07823936508676,51.35983859107591,50.37878590584679,50.66038513183594,9612500.0
2017-11-16,51.19633048327066,52.68607409284369,51.10549034537173,52.54073333740234,16712300.0
2017-11-17,54.92068721978804,55.31129113349266,50.95106518665624,51.31441879272461,27436500.0
2017-11-20,51.468848187582765,52.88592326824927,51.468848187582765,52.34089279174805,14360200.0
2017-11-21,52.686069419576285,53.46727721022906,52.686069419576285,53.41277313232422,10199400.0
2017-11-22,53.6311613600748,53.68575829607368,52.32086613600401,52.48465347290039,8302400.0
2017-11-24,52.63933464871074,52.89411685504663,52.47554732717335,52.69393157958984,3703300.0
2017-11-27,51.79311464750458,52.16618856459253,51.20166336396934,51.81131362915039,7962100.0
2017-11-28,51.865901717751534,52.439157392855805,51.64751744639269,52.16617965698242,7878900.0
2017-11-29,51.73851546077756,51.92050178604022,46.9431936662739,48.1442985534668,25319800.0
2017-11-30,48.87223791132007,48.91773362255932,47.61653961983548,48.01690673828125,14549700.0
2017-12-01,47.31627250210264,47.97142200134564,45.8330883729169,47.23437881469727,16271800.0
2017-12-04,47.37086492939409,47.62564372318168,44.83216433323664,45.28712844848633,19956100.0
2017-12-05,44.99594672920499,47.22527134224635,43.90403227882755,45.5692024230957,21045700.0
2017-12-06,45.37811447260586,46.65201523185649,44.67746940212805,46.41543197631836,19296300.0
2017-12-07,47.03418430705536,47.85312102149641,46.70661309237933,47.58924102783203,14690100.0
2017-12-08,48.22617868804381,48.94502256192946,46.57920793985631,46.79759216308594,15131800.0
2017-12-11,46.92499760028493,47.4982533455715,46.37904206169817,46.97049331665039,9740800.0
2017-12-12,46.86129320426097,47.07967745715703,45.86947151992873,45.92406845092773,9547500.0
2017-12-13,46.23344549898855,46.479126489174085,46.015061239568055,46.18794631958008,13858300.0
2017-12-14,46.40634033745238,47.14338346299643,46.01507091574266,46.688419342041016,8940300.0
2017-12-15,46.92499716369129,48.11700435953935,46.54282898445641,47.8076286315918,14575400.0
2017-12-18,48.37177230804135,48.7175459197126,48.00779971985058,48.59015655517578,13304300.0
2017-12-19,48.08970759754885,48.617467659360784,47.6165479525393,48.18980026245117,10922600.0
2017-12-20,49.23621887044679,49.36360827190136,48.15340201588118,48.49007797241211,9950800.0
2017-12-21,48.38997941410937,48.50827104580942,47.14337881744101,47.21617126464844,9530900.0
2017-12-22,47.088770699549954,47.53463691558314,46.6793024340296,47.370849609375,8087600.0
2017-12-26,46.60651375481096,46.79759780373161,45.87856857037058,46.45182418823242,7393600.0
2017-12-27,46.715698381234034,47.16156457814715,46.379026031176856,47.02507400512695,5962100.0
2017-12-28,47.216163756288026,47.45274698206643,46.8612923887203,47.06147766113281,5634400.0
2017-12-29,47.15247621382915,47.26166661936184,46.46093235065496,46.51552581787109,6971500.0
2018-01-02,47.02508198082084,48.28078366384193,46.606515910180505,48.2625846862793,9819500.0
2018-01-03,48.71756036244731,49.39090533778927,48.39908338559022,49.11792755126953,10898900.0
2018-01-04,49.59109326874932,49.99146047857036,49.11793012745114,49.40000915527344,9462800.0
2018-01-05,49.727563230203685,49.96414296694289,49.33629393893917,49.68206405639648,10902200.0
2018-01-08,50.05513675686084,51.36543527229614,50.0187422756208,50.88317108154297,12658000.0
2018-01-09,51.11065896767071,51.119760192354505,49.17251464204548,49.91865539550781,13564900.0
2018-01-10,49.218012448220975,49.23621142726341,47.82582352692748,48.499168395996094,14537200.0
2018-01-11,48.65385742975142,48.70845089515839,47.88041644918308,48.40817642211914,10694200.0
2018-01-12,48.44457039405914,49.13611417742032,48.29898204645153,48.63565444946289,9072300.0
2018-01-16,49.88224490473438,50.41000472857465,49.14520209005723,49.591068267822266,14385000.0
2018-01-17,50.69209392603821,52.33906504664444,50.47371312452704,52.17527770996094,17924200.0
2018-01-18,51.63842278288671,53.349088685752136,51.57472808974123,52.22987747192383,17677700.0
2018-01-19,52.50285522413309,52.52105420376044,51.15616197161365,52.22987747192383,11458700.0
2018-01-22,52.29357082962366,52.34816429601107,51.74761186804709,52.28446960449219,11479800.0
2018-01-23,52.66663716412335,52.93961488831495,52.029686826942886,52.58474349975586,8813500.0
2018-01-24,52.15707715724468,52.24806857661154,51.283547035362176,51.75671005249024,11787300.0
2018-01-25,52.93961866017835,53.44007843536993,50.46461304615409,50.73759078979492,15271900.0
2018-01-26,51.33813592009429,51.9750862121582,50.89227314541944,51.9750862121582,11253500.0
2018-01-29,51.62021830426139,51.7931033856534,49.882255852646814,50.34632110595703,12350600.0
2018-01-30,49.39090137242416,49.4364005591086,48.41727848030752,48.57196807861328,14603700.0
2018-01-31,48.84494181779146,49.26350792042872,48.14429674802023,48.79944610595703,13166800.0
2018-02-01,48.37179329873094,49.29992067738362,48.16251018458887,48.48098373413086,9706000.0
2018-02-02,47.844022923054354,48.03510699801527,45.96956971854632,46.11515808105469,16813100.0
2018-02-05,45.478203986328126,46.83399832194072,43.95862579345703,43.95862579345703,17999700.0
2018-02-06,43.139688777718206,45.73298233574944,42.22066297309487,45.72388458251953,21455700.0
2018-02-07,45.37810910291228,46.02416063112511,44.28619479149189,44.30439376831055,14763400.0
2018-02-08,44.5682788323153,44.72296841744883,41.62011367187942,41.62921142578125,19922900.0
2018-02-09,42.6210315225032,44.13151200058648,41.065055334515634,43.74934387207031,22648200.0
2018-02-12,44.55007706998996,45.38721269176776,44.049617330250015,45.04143905639648,16326100.0
2018-02-13,44.82305317455181,45.1779280215327,44.13150939989922,45.08693313598633,12878600.0
2018-02-14,44.950451450777706,47.42545362827475,44.72296941604928,47.27986526489258,22166600.0
2018-02-15,47.4618589985709,49.13612717447099,46.024174119549606,49.12702941894531,26888200.0
2018-02-16,48.9541265130084,51.037862500432105,48.83583489914988,50.07333755493164,27810900.0
2018-02-20,49.90014224297659,52.28849290736697,49.544621330018295,51.65038299560547,22000700.0
2018-02-21,51.960313828674906,52.27025268183744,51.121657800952015,51.167236328125,16464300.0
2018-02-22,51.495408486216135,51.94208293129415,50.87553076546318,51.11254119873047,14924600.0
2018-02-23,51.586572781714494,52.07882930152243,51.33133020585228,51.96943664550781,13532400.0
2018-02-26,52.4343455818065,53.78349034607885,52.27026007882832,53.61029052734375,14822200.0
2018-02-27,53.45531621835389,53.69233014322273,52.53461737422848,52.543731689453125,13102700.0
2018-02-28,52.78074614519586,53.57382371963906,52.48903937120712,52.49815368652344,13152700.0
2018-03-01,52.452581486986816,53.27300558383659,51.15812947840863,52.02413558959961,17330200.0
2018-03-02,50.957577453521566,52.99952488684883,50.2465391438177,52.89925003051758,15719300.0
2018-03-05,52.24291539457453,53.254771393423646,52.06059777658951,52.53462219238281,13326700.0
2018-03-06,53.16361455910253,54.859162502275815,52.96306483068696,54.68596267700195,23269600.0
2018-03-07,53.87464075164182,54.77711090643,53.418848516932776,54.16634750366211,17284000.0
2018-03-08,54.47629073062343,54.613029802968285,53.78348800837653,54.12077331542969,12223400.0
2018-03-09,54.43070784341298,56.29945531054665,54.211929518070825,56.1627197265625,18066500.0
2018-03-12,56.43619959974945,56.88287756127945,55.49726862189182,55.57931137084961,16207800.0
2018-03-13,55.95306732889679,56.73703069182494,54.23017288021117,54.4124870300293,15676500.0
2018-03-14,54.6859610258708,55.34229956532608,54.13900818600229,54.90473937988281,11896400.0
2018-03-15,55.05971385847197,55.8254450981102,54.32132904536458,54.950321197509766,11944200.0
2018-03-16,55.04148116738243,55.1691024597386,53.99315744745208,54.18458938598633,15070200.0
2018-03-19,53.61939686922153,53.85641077268495,52.38875925731566,53.32769012451172,13747300.0
2018-03-20,53.25476787913372,54.25751297317033,53.163610814866345,53.9931526184082,8527300.0
2018-03-21,54.32132821361229,56.1262653628187,54.20282123809417,55.40611267089844,17171400.0
2018-03-22,54.39424873569752,55.26025475855885,53.692331688373,53.74702453613281,14876400.0
2018-03-23,53.48266949643255,53.6285263780737,50.474440860972855,50.48355865478516,19399900.0
2018-03-26,52.15176289689378,53.3459401754776,51.60481343593226,53.30036163330078,14489000.0
2018-03-27,53.78349652104968,53.98404626491939,49.99130436306906,50.53825378417969,17542500.0
2018-03-28,50.13715798004517,50.52913967517364,48.97944500576104,49.280269622802734,16677800.0
2018-03-29,49.77251212750721,51.60479891317927,49.39876262296707,50.69321441650391,12580200.0
2018-04-02,50.38328318971626,50.62029366473279,47.78526489372212,48.21371078491211,21063600.0
2018-04-03,48.788015907590285,49.62667220276128,48.32310574087694,49.20734405517578,10802200.0
2018-04-04,47.666765431719256,50.82996201815572,47.666765431719256,50.647647857666016,11991900.0
2018-04-05,50.93024284864194,51.24018182610618,49.097958893064,49.48994064331055,12344400.0
2018-04-06,48.550997527776616,49.10706472752242,47.329473942613234,47.71234130859375,15088600.0
2018-04-09,48.29575394987967,50.11892323516355,48.13166843601056,48.332218170166016,11143500.0
2018-04-10,49.781630365629184,50.374158207323,49.04324566483902,49.95483016967773,10495400.0
2018-04-11,49.67224753145308,50.96669602419254,49.54462276347286,50.091575622558594,9364800.0
2018-04-12,50.41062802584017,51.65949796261872,50.283006737363145,51.44071960449219,9133700.0
2018-04-13,51.85092587482646,52.01501135840335,50.76613812479939,51.11254119873047,6786400.0
2018-04-16,51.44984185855539,52.179112437945925,51.21283135444735,51.84182357788086,7982800.0
2018-04-17,52.14264365696536,53.23654595303978,52.115293752305305,52.74428939819336,9833000.0
2018-04-18,51.04874232434183,51.413377589054974,49.74517594750882,49.89102935791016,18705500.0
2018-04-19,48.93385601914166,49.38964826710131,46.30849169721678,46.66400909423828,24443500.0
2018-04-20,46.56374258722872,47.43886296019205,46.19910735978439,46.57285690307617,16258000.0
2018-04-23,46.97394274823184,47.16537811396551,45.51540910761357,45.74330520629883,12427900.0
2018-04-24,46.22645849536053,46.53639742704616,43.92015035740021,44.41240692138672,16358900.0
2018-04-25,44.44886208759763,45.09608977490995,43.51904888665153,44.79526519775391,13284600.0
2018-04-26,45.58835707730544,46.18088862413818,45.16902887850517,46.02592086791992,12701500.0
2018-04-27,46.5272702511959,46.84632341147875,44.88641896882093,45.03227233886719,11514300.0
2018-04-30,45.14167243902313,45.53365411805161,44.82261572398488,45.27840805053711,12695000.0
2018-05-01,45.34221548265495,46.4452319155178,45.13254798326016,46.40876770019531,10935500.0
2018-05-02,46.180869626999566,46.74605103103607,45.91650929316583,46.06236267089844,10285000.0
2018-05-03,45.82535592210692,46.4087694799646,45.4698385026261,46.2264518737793,11661500.0
2018-05-04,45.93475085069978,48.031394891002726,45.74331890505645,47.91289138793945,12523300.0
2018-05-07,48.07698952374242,48.22284296976105,47.53915428953241,47.94025039672852,10071100.0
2018-05-08,48.04050517901983,48.76065778859078,47.94934464003801,48.72419357299805,13492900.0
2018-05-09,48.7971251876707,49.38053880711554,48.550996914951256,49.34407806396485,9581400.0
2018-05-10,49.708700554673946,50.70232777643196,49.51726864855826,50.62028503417969,9880400.0
2018-05-11,50.52913371865466,50.94846179229365,49.72693831186154,49.99129867553711,10897300.0
2018-05-14,50.89378257616638,51.9056388134135,50.3468295933467,50.37417602539063,12333800.0
2018-05-15,49.9092552355468,50.01864441033091,48.75154241370592,49.30760955810547,12837300.0
2018-05-16,49.68136186010647,50.55648226196072,49.644897640674365,50.29212188720703,10166700.0
2018-05-17,49.84544417082493,50.11891884417412,48.7333098914632,49.18910217285156,20101000.0
2018-05-18,45.8435875955234,45.99855529898823,44.23919684921746,45.13254928588867,51042200.0
2018-05-21,46.22645551154972,46.82810122511408,45.0049319746258,45.57923126220703,20898900.0
2018-05-22,46.135296096356896,46.791638105965234,45.57922894681864,45.807125091552734,15094000.0
2018-05-23,45.58748227754239,46.49355553241281,45.51426240292234,46.07255172729492,15595400.0
2018-05-24,46.30133855664414,46.59421094572084,45.633223200855774,46.46607971191406,10442000.0
2018-05-25,46.4294727311991,46.97861111398492,46.12744958828422,46.53929901123047,12202900.0
2018-05-29,46.76811552973725,47.82062836393854,46.71320412395246,47.61012649536133,16094900.0
2018-05-30,47.9396176326594,48.04029321670063,47.08845577471277,47.21658706665039,13439600.0
2018-05-31,46.96030390931231,47.23487134193488,46.32879497383464,46.4752311706543,16462700.0
2018-06-01,46.951161729189984,47.83893336404496,46.77726979188771,47.81147766113281,11341200.0
2018-06-04,47.91215017586013,48.0219799711484,47.491146434534194,47.85723876953125,9911300.0
2018-06-05,48.241632634780416,48.71755127429984,47.88469452796966,48.42467880249024,13547100.0
2018-06-06,48.44298519901431,48.44298519901431,47.69249903142437,48.0768928527832,10027100.0
2018-06-07,47.2348855520008,47.42708246352537,46.12746126218926,46.90540313720703,16869000.0
2018-06-08,46.13660737745611,46.87794273646914,45.97186618656433,46.81387710571289,9954400.0
2018-06-11,46.85965109490303,46.87795606479714,45.35867847674622,45.66070175170898,18725500.0
2018-06-12,45.82543525096168,46.566770695562745,45.60578263195684,46.548465728759766,17236800.0
2018-06-13,46.03593973648815,47.21658397720369,45.990179062549736,46.658294677734375,17174100.0
2018-06-14,46.667444224937725,46.71320489428475,45.41358023867455,45.47764587402344,16482500.0
2018-06-15,44.992582037441686,45.48680570643213,44.62648965493416,45.12986755371094,23243800.0
2018-06-18,44.7363101158366,44.84613641111195,44.0681946249962,44.22378158569336,13780900.0
2018-06-19,43.52821488558098,44.67224909575516,43.19873247444036,44.43428802490234,13586400.0
2018-06-20,44.61732170491991,44.82782352169821,44.05903260805318,44.46173477172852,9735900.0
2018-06-21,45.38611765864334,45.56916379961245,44.53495607075455,44.83698272705078,13209300.0
2018-06-22,45.212228042361865,45.212228042361865,43.68379670261604,43.8942985534668,13200500.0
2018-06-25,43.01569146473108,43.31771820829373,42.17368386082748,42.750274658203125,14442800.0
2018-06-26,43.16212415719901,43.29025543492355,42.61298911228943,42.713661193847656,14748300.0
2018-06-27,42.94246768519457,43.18957950073122,41.36827894034268,41.414039611816406,14900200.0
2018-06-28,41.1486263343517,41.63369926897358,40.791688178612034,41.45065307617188,13760400.0
2018-06-29,41.85334547779792,42.850943409435295,41.81673554659842,42.27434921264648,15112200.0
2018-07-02,41.276741819066935,41.83503092227838,41.112000657748325,41.80757522583008,11042900.0
2018-07-03,41.88080326618458,41.99063306525253,40.9472744133146,41.0021858215332,7538500.0
2018-07-05,41.560473069192085,41.80758486816286,41.17607926500324,41.587928771972656,8950700.0
2018-07-06,41.60622877509984,42.30180342064288,41.08454953659994,42.21943283081055,11467600.0
2018-07-09,42.3384130028363,42.69535457951447,41.66114676171525,42.57637405395508,9727700.0
2018-07-10,42.58552103720008,42.9424590911026,42.33840927111802,42.7777214050293,8802000.0
2018-07-11,42.14622427063483,42.30181475592819,41.166931157611735,41.368282318115234,13333000.0
2018-07-12,41.49639786459654,41.99977208359698,41.49639786459654,41.80757522583008,9735400.0
2018-07-13,41.725209291816505,42.31095415670657,41.64283870198416,42.21943283081055,6349000.0
2018-07-16,42.137062575465215,42.7045024814175,42.063842721115336,42.38417434692383,7228500.0
2018-07-17,42.05469716731307,43.43668892097692,42.05469716731307,43.29025268554688,9692800.0
2018-07-18,44.81868486253312,44.98342606636675,43.78447696986981,44.18717575073242,15309300.0
2018-07-19,43.66549853025205,43.93091531486171,42.61298911228943,42.713661193847656,11481100.0
2018-07-20,42.71365753838837,43.10720556704251,42.292653807233066,42.79602813720703,7792500.0
2018-07-23,42.37502657480928,42.59468268000612,41.578779739687015,42.4940071105957,7364300.0
2018-07-24,42.65875303793525,43.26280302993579,41.9448767268389,42.01809310913086,10903300.0
2018-07-25,41.908259620310055,42.16452215146376,41.304209731651234,42.063846588134766,9276400.0
2018-07-26,42.10045423770264,43.2994032130845,42.07299853694231,43.171268463134766,11637500.0
2018-07-27,44.50751303987039,45.28545499627349,43.82109243434445,44.20548629760742,17601100.0
2018-07-30,44.18716670613026,44.32445217832931,43.57396617728759,43.84853363037109,9305400.0
2018-07-31,44.260395519005606,44.90105536681946,44.07734934944232,44.50750732421875,10816400.0
2018-08-01,44.74546125036241,44.81868110874051,43.72040767227405,43.9034538269043,8326600.0
2018-08-02,43.37262468176066,44.69055433435262,43.11636213434128,44.03158950805664,9371700.0
2018-08-03,44.10480028787594,44.71800436596568,43.793622880632256,44.69969940185547,7032700.0
2018-08-06,44.91936112740311,45.56917172409655,44.75461992101387,45.28544998168945,8555000.0
2018-08-07,45.56918484782446,45.73392610165845,44.91937406398832,45.42274856567383,7530600.0
2018-08-08,45.39526068564221,46.11829089946311,45.25797872171447,45.92609405517578,8458800.0
2018-08-09,44.80952283163703,45.37696620884607,44.07734177059355,44.99256896972656,9514900.0
2018-08-10,44.09565309383128,44.53496179382265,43.84854129546453,44.04989242553711,8088800.0
2018-08-13,43.98582942804522,44.48004956308564,43.61973707711896,44.15972137451172,6436600.0
2018-08-14,44.31530822415936,44.74546621153716,44.14141627820353,44.27870178222656,6879800.0
2018-08-15,43.79362600734151,44.02243283808272,43.17127114842021,43.48244857788086,10296200.0
2018-08-16,43.92175780171625,44.14141038927063,43.15296676264602,43.40922927856445,13733100.0
2018-08-17,40.9747250988287,41.02048576384455,39.00698508131272,40.05949783325195,52584200.0
2018-08-20,40.08695554304809,40.40728719684307,39.37307935734147,39.83984375,15056100.0
2018-08-21,39.665941237969854,40.48049276928811,39.21747843879725,40.05033493041992,15570800.0
2018-08-22,40.0135721460163,40.04115390858666,39.50788662393699,39.526275634765625,11214300.0
2018-08-23,39.36076571405226,39.81128406251117,39.21365718085326,39.342376708984375,9504400.0
2018-08-24,39.388365450991685,39.59064109174458,39.09414825026694,39.287227630615234,8294700.0
2018-08-27,39.498694038259394,40.63878826424812,39.30561466761998,40.22504425048828,12581300.0
2018-08-28,39.74694297041942,40.12390898303869,39.48950379321965,39.90324783325195,13190500.0
2018-08-29,39.82049375335493,39.8848535391342,39.40674976809877,39.62741088867188,14226400.0
2018-08-30,39.44351968041364,39.995175875762186,39.43432342299591,39.664180755615234,10122300.0
2018-08-31,39.64579361573988,39.811291183609534,39.37916176292296,39.55385208129883,9982200.0
2018-09-04,39.38835652754448,39.535465094579344,38.6620064433464,39.18608093261719,15147400.0
2018-09-05,38.89186946059721,39.14931212089655,38.54248524777016,39.07575607299805,15022100.0
2018-09-06,38.59764452316706,38.79992010687255,36.99783938383455,37.025421142578125,22590500.0
2018-09-07,36.77718663529138,37.14495990458263,36.436998640971765,36.6392707824707,11910100.0
2018-09-10,36.86912720457577,37.034624820558754,36.22552926169276,36.4094123840332,15560700.0
2018-09-11,35.98648017713502,36.28069741919064,35.40723844737406,36.02325820922852,14716700.0
2018-09-12,35.05784776179232,35.63708582059067,34.37746838963296,35.296897888183594,17214800.0
2018-09-13,35.65547306934378,35.99566449228374,35.50836449713961,35.75661087036133,13402900.0
2018-09-14,35.77500522760008,36.391024877081264,35.74742346223447,35.9496955871582,10359200.0
2018-09-17,35.81177798761851,36.0140500828024,35.52675359381367,35.5819206237793,10794500.0
2018-09-18,35.71983023934919,36.25310096669775,35.64627771229632,36.03243637084961,9846200.0
2018-09-19,36.216314800934896,36.289870818782646,35.71982220249452,35.89451599121094,8213400.0
2018-09-20,36.11517464425987,36.63005621314856,36.02323313536791,36.21631240844727,12464200.0
2018-09-21,36.16116449235568,36.74040256125888,35.99566689914184,36.43699264526367,20729500.0
2018-09-24,36.078418676004,36.31746882631224,35.72903444954222,35.9496955871582,10678400.0
2018-09-25,35.99565487300679,36.06920738578061,35.407217234095896,35.471580505371094,9222500.0
2018-09-26,35.03025579800153,35.738216797484526,35.01187029800752,35.177364349365234,10927600.0
2018-09-27,35.22334968765683,35.618704701284294,35.00268503761183,35.26012420654297,7146400.0
2018-09-28,35.1865693105608,36.17035864878574,35.04865347507882,35.53595352172852,11751200.0
2018-10-01,35.39802022784508,35.64626650486965,34.98427643280413,35.250911712646484,10337000.0
2018-10-02,35.241733583474286,36.18874482368443,35.09462149990871,35.76580810546875,9626500.0
2018-10-03,35.9956629834067,36.45537769069238,35.57272278712177,35.7841911315918,7441700.0
2018-10-04,35.46239727732147,35.59111685247256,34.47860794455772,34.83718490600586,12199100.0
2018-10-05,34.772822633162846,34.98429099256072,34.00050173010991,34.23955535888672,9790200.0
2018-10-08,34.018895626901546,34.294723808893785,33.38449045758484,33.641929626464844,10259500.0
2018-10-09,33.586745867969256,33.632720131537106,32.81442523843739,32.842010498046875,13392700.0
2018-10-10,32.18003465247477,32.81443978726491,31.34335389180424,31.65596008300781,23974600.0
2018-10-11,31.591590218424724,31.99613783381307,30.138890291056192,30.14808654785156,31702100.0
2018-10-12,31.122686886461704,31.57320888055933,30.644586637312813,30.97557830810547,16781800.0
2018-10-15,30.74572114835393,31.122687102214105,30.387144205333904,30.736528396606445,10151000.0
2018-10-16,31.16866133133019,31.99614577369455,31.00316374138828,31.959367752075195,11705500.0
2018-10-17,33.11784589377616,33.17301291789647,32.07888973725073,32.14324951171875,15149200.0
2018-10-18,31.996139099096204,32.07888787680524,31.049128037694075,31.18704032897949,12345600.0
2018-10-19,31.41689907694431,32.005336804697066,31.1594599823519,31.527233123779297,14616500.0
2018-10-22,31.619172341776636,31.75708813655627,30.47908199999648,30.828462600708008,13210100.0
2018-10-23,29.52287954684811,31.2054335792661,29.52287954684811,30.81927490234375,16111600.0
2018-10-24,30.43311038574205,30.90202132303412,29.21946566589146,29.247047424316406,14457700.0
2018-10-25,29.61482265602479,30.28600575434191,29.50449210067892,30.010177612304688,12494800.0
2018-10-26,29.15511024832573,30.331982459725943,29.02639067223791,29.75274085998535,13317000.0
2018-10-29,30.01937383438397,30.111315379168577,28.07018257104782,28.612646102905277,14150400.0
2018-10-30,28.68620166283871,29.84468131227749,28.59425836030492,29.80790328979492,15142300.0
2018-10-31,30.249231600999508,30.58022327097857,29.624019267686005,30.23084259033203,12942900.0
2018-11-01,30.322773469538173,32.59376463158914,30.25841370851473,32.5018196105957,14184200.0
2018-11-02,32.92476491743761,33.117844231148446,31.922586827305093,32.42827224731445,11959700.0
2018-11-05,32.47424857639259,32.53860835865857,31.030744590121223,31.554819107055664,7785300.0
2018-11-06,31.40770708873826,32.10647186559044,31.35254006398229,32.06050109863281,6816400.0
2018-11-07,32.41909342011188,32.42828968228692,31.747910082535093,32.4099006652832,11028800.0
2018-11-08,31.99615071210334,32.75008273493894,31.950179931656432,32.12487030029297,9029900.0
2018-11-09,31.72031530009695,31.83984210792201,31.104299266200343,31.51803970336914,11136200.0
2018-11-12,31.01234826619972,31.07670803328771,29.84467269463377,29.99178123474121,10618000.0
2018-11-13,30.295201883170822,31.315769160937517,30.06534451456914,30.79169464111328,11847500.0
2018-11-14,31.07671131139608,31.61917476789076,30.5250551046381,30.874439239501957,9513500.0
2018-11-15,30.635386998867745,32.63974334995991,30.56183447147585,32.19841766357422,15175700.0
2018-11-16,29.55965643901698,32.93396063363798,29.48610040392425,32.54780197143555,28075300.0
2018-11-19,32.40069438627413,32.79604581112035,31.51803947525158,31.646759033203125,15053300.0
2018-11-20,30.65377539053398,33.94533071716044,30.469888814738464,32.88798904418945,25487100.0
2018-11-21,33.44274683714675,33.54445329968889,32.48116648007921,32.53664016723633,11659600.0
2018-11-23,32.23152728892474,32.92497665907521,32.17605006956898,32.40719985961914,5203200.0
2018-11-26,32.887981388007034,33.33178842052768,32.481159156629296,33.294803619384766,11741200.0
2018-11-27,32.96195995693496,33.84032629710014,32.703069805573456,33.28556823730469,11117800.0
2018-11-28,33.61842130230322,34.33036297880297,32.86949481809989,34.31187057495117,12038400.0
2018-11-29,34.01600852474846,34.293387604697394,33.544460914475536,33.78485870361328,7934200.0
2018-11-30,33.7201283899538,34.469051361083984,33.590685087638235,34.469051361083984,13387000.0
2018-12-03,35.41215001074792,35.726513891869594,34.931357985087345,35.44913482666016,14371100.0
2018-12-04,35.13476831124657,35.19948997070727,32.49966209872944,32.758548736572266,21733000.0
2018-12-06,32.01885951662685,32.25000923167918,31.41786884666489,32.07433319091797,17391700.0
2018-12-07,31.85242659890704,32.20377509996913,31.057271135639027,31.103500366210938,15636700.0
2018-12-10,31.103513331349745,31.722996565843207,30.927840771123726,31.593549728393555,10337700.0
2018-12-11,32.139063970617684,32.71231796649072,31.399385377468658,31.45486259460449,13436900.0
2018-12-12,31.98189294028404,32.35173410594394,31.390149896881592,31.621299743652344,11895500.0
2018-12-13,31.852438736667143,31.889423546043872,31.001805756330253,31.16823387145996,9675800.0
2018-12-14,30.687450436074087,30.983321938960337,30.16967706955641,30.18816947937012,10822900.0
2018-12-17,30.067965833855087,31.214466844834455,30.067965833855087,30.206653594970703,12262100.0
2018-12-18,30.57648593735505,31.732234584902685,30.410057849942994,30.77065086364746,13636700.0
2018-12-19,30.2621286605152,31.21446462187177,28.99542885845855,29.152610778808597,14660000.0
2018-12-20,29.49471134105052,29.818321383187023,28.45916132245312,28.570112228393555,16178300.0
2018-12-21,28.56086261131132,29.42998616709798,27.96911981428176,28.02459526062012,24879500.0
2018-12-24,27.737973982553846,28.03384542286916,26.77639003799619,26.804128646850582,10464900.0
2018-12-26,27.16471699869267,28.35745051807104,26.61920522811876,28.3297119140625,13325600.0
2018-12-27,27.9413838959319,29.18959302152347,27.84892539765556,29.17110061645508,10920200.0
2018-12-28,29.27280793782859,30.56724811398892,29.27280793782859,29.938520431518555,13042900.0
2018-12-31,30.24363528511713,30.51176986680602,29.772091302720813,30.27137565612793,9697100.0
2019-01-02,29.624165525201786,31.24221446988765,29.58718070282722,30.95558738708496,11106300.0
2019-01-03,30.26212732810548,30.74291927077601,29.106378483339466,29.16185569763184,21580700.0
2019-01-04,29.82756587795754,31.29767861090277,29.781336627651733,31.15899085998535,15631800.0
2019-01-07,31.25144561540032,32.17604461897468,31.103509915911037,31.7137451171875,13868800.0
2019-01-08,32.102076057382995,32.102076057382995,30.20664542455931,30.428550720214844,12485300.0
2019-01-09,30.807638516932464,32.21302942561333,30.779901675486126,31.7137451171875,11757100.0
2019-01-10,31.51034435400666,32.194545828648586,31.334668237952076,32.139068603515625,7573600.0
2019-01-11,31.82470217110595,32.65684284624634,31.612044782362517,32.15755844116211,6449600.0
2019-01-14,31.612042602428605,31.71374906982841,30.890856418416508,31.30692672729492,9552400.0
2019-01-15,31.519590806546702,31.741496194176445,30.881618548594243,31.20522689819336,6593600.0
2019-01-16,31.362386879065003,31.685998547196792,31.02953430270872,31.103500366210938,6778900.0
2019-01-17,30.974062378581856,32.09282617322314,30.742912659338707,31.935646057128903,10260700.0
2019-01-18,32.323980103732524,33.5814353045707,32.01886426865385,33.01742935180664,11332700.0
2019-01-22,32.656851063927725,32.70308032927609,31.5473310602326,31.843202590942383,10047400.0
2019-01-23,32.092842922366934,32.305500351808035,31.16824356284913,31.723005294799805,9560200.0
2019-01-24,33.45199603859189,35.06079651274916,33.29481235602153,34.96833801269531,21529900.0
2019-01-25,35.624799720092206,36.503169509499976,35.421390330624234,36.23503494262695,17553400.0
2019-01-28,34.78342492198271,36.01314369258536,34.69096640216186,35.7819938659668,12459600.0
2019-01-29,36.30900373873897,36.38296982585775,34.98682686525334,35.31968307495117,8754600.0
2019-01-30,35.698773130529496,36.98396536254749,35.58782222202027,36.6141242980957,12546200.0
2019-01-31,36.31825594912471,36.75281870778991,35.80048264729323,36.133338928222656,11588900.0
2019-02-01,36.133331873126416,36.95622444749401,36.133331873126416,36.34598922729492,11091000.0
2019-02-04,36.20730556286038,36.345996857639626,35.550840958646354,35.96691131591797,12458400.0
2019-02-05,35.9484016123225,36.32748697165518,35.689511555098505,36.17030334472656,13240200.0
2019-02-06,36.32750382874066,37.64043301472037,36.24428975870912,37.24285507202149,21058100.0
2019-02-07,36.73432346558769,37.28908506668249,36.57714330453695,36.90999603271485,13395500.0
2019-02-08,36.33675229283528,36.79905194930155,35.809730966629054,36.78055953979492,9891300.0
2019-02-11,36.956231672510754,37.159641100967136,36.36448874051749,36.891510009765625,9969500.0
2019-02-12,37.33529818663011,37.806841993105095,37.24283619619874,37.62192153930664,8911900.0
2019-02-13,37.87157722051632,38.13046735961336,37.64967541793663,37.76987075805664,10134200.0
2019-02-14,37.6311821971125,38.11197412836241,37.45550611955907,37.64042663574219,13938400.0
2019-02-15,36.98396949022569,37.16889004309006,35.68028470677788,36.15182876586914,22396300.0
2019-02-19,36.05936338816564,36.71582787514679,36.05936338816564,36.33674240112305,12353100.0
2019-02-20,36.38322091689752,36.57837909786628,36.13230173632007,36.24382019042969,9575900.0
2019-02-21,36.24380718361592,36.48543100499318,35.80702170619981,36.08582305908203,7178800.0
2019-02-22,36.14158672027288,36.65271671344019,36.057947009019536,36.64342498779297,8149300.0
2019-02-25,37.09879780753559,37.24749379404189,36.81999992305117,36.85717391967773,8064800.0
2019-02-26,36.7363523968111,37.05232421077888,36.689886683455455,36.78282165527344,6159300.0
2019-02-27,36.522615183806565,36.541202182192905,35.59328653513409,36.039363861083984,14038500.0
2019-02-28,35.760556611922595,35.88137029724612,35.240131428696,35.63045120239258,9785100.0
2019-03-01,35.92783896186853,36.18804980231869,35.3702432908734,35.83490753173828,7852900.0
2019-03-04,36.215934304221065,37.340420985739286,35.69550904607131,36.31816101074219,20810700.0
2019-03-05,36.41109650393249,36.47614922531172,36.020776630549726,36.17876434326172,12449100.0
2019-03-06,36.132285243791706,36.18804267284225,34.99850358501573,35.3795280456543,12557800.0
2019-03-07,35.268017035966416,35.268017035966416,34.4316199738064,34.91487121582031,9831700.0
2019-03-08,34.23646733606628,35.16579597869011,34.199293339535544,35.0728645324707,8174400.0
2019-03-11,35.26800771039263,36.14157498702114,35.13790232292732,35.788429260253906,7199500.0
2019-03-12,35.96501247437184,36.27168902581466,35.611866663374165,35.97430419921875,6267600.0
2019-03-13,36.18804976718012,36.33674218230823,35.83490749694261,35.87207794189453,6404400.0
2019-03-14,35.965019180857496,37.01516153971948,35.965019180857496,36.17876434326172,9491100.0
2019-03-15,36.569080852105216,38.13035326313056,36.52261512876312,37.53558349609375,23021500.0
2019-03-18,37.55415062266111,37.83294836029527,37.08948654490232,37.173126220703125,7670800.0
2019-03-19,37.35901791371304,37.86085630907959,37.331135639454025,37.51700210571289,7134500.0
2019-03-20,37.5262864260777,37.74932328440442,36.57837091542175,36.773529052734375,7772400.0
2019-03-21,36.97798608066563,39.022509722726745,36.96869080934628,38.40915298461914,13135700.0
2019-03-22,38.13964148452857,38.29762562370892,36.99656788510087,37.04303359985352,9468300.0
2019-03-25,36.88503824363668,37.29394495666543,36.30885570131242,36.615535736083984,6710200.0
2019-03-26,37.01515488681751,37.61921626892637,36.42038168451137,36.829288482666016,8138100.0
2019-03-27,36.86646555358705,37.089505987678265,35.84420546467861,36.17876434326172,7737600.0
2019-03-28,36.16945370001916,36.42966802005572,35.53751375305989,35.788429260253906,8298300.0
2019-03-29,36.29957815070888,37.033745085992805,36.24381715576902,36.85717391967773,9221500.0
2019-04-01,37.45193003507288,38.26044466892856,37.368290345701176,38.22327423095703,11731000.0
2019-04-02,38.10247715206757,38.30693060292775,37.74003952198464,38.09318542480469,8688600.0
2019-04-03,38.715828314596415,39.97042047351324,38.67865432074967,39.43141174316406,13204800.0
2019-04-04,39.09684886587595,39.80314049586141,39.0503831509022,39.60797882080078,8472800.0
2019-04-05,39.961136088435744,40.32357373225314,39.67304290086169,39.99831008911133,8502800.0
2019-04-08,39.89606360918562,39.97040802862463,39.134014698129,39.88676834106445,6314200.0
2019-04-09,39.54292633709253,39.589392052332165,38.71582455246376,39.04108810424805,7412500.0
2019-04-10,38.948149756174985,39.34776121745304,38.78087037493737,39.18977355957031,5442400.0
2019-04-11,39.43141197395325,39.90536799039823,39.3013065398353,39.46858596801758,6577500.0
2019-04-12,39.961127357909184,40.295686200680905,39.74738221838438,39.95183563232422,4923500.0
2019-04-15,39.72880531914039,40.08195124794075,39.33848893344626,39.69163131713867,5739300.0
2019-04-16,40.05405895713072,41.02985676755355,40.00759323880275,40.63024520874024,9881100.0
2019-04-17,41.21572504756039,41.38300449157055,40.490849820254766,40.78823471069336,8290900.0
2019-04-18,40.89974394994197,41.14137133471424,40.695294099488585,40.84398651123047,6122100.0
2019-04-22,40.760349954800986,40.87186838594006,40.21204597946559,40.69529724121094,4672200.0
2019-04-23,40.70458919929009,40.88116389013528,40.33285991166653,40.73247146606445,6703900.0
2019-04-24,40.80682115052181,42.41455930027913,40.778942425271175,41.31795120239258,10613300.0
2019-04-25,41.96847332965857,42.51677726570915,41.16925028269264,41.30865097045898,9547000.0
2019-04-26,40.51871394293028,41.55026896085094,40.26779841245262,41.50380325317383,7203900.0
2019-04-29,41.4201675949689,41.73613940109258,41.07631707054527,41.11349105834961,5847300.0
2019-04-30,41.02985335031197,41.42946487584295,40.63024182478098,40.95550537109375,10447200.0
2019-05-01,40.92761504969457,41.51308926709325,40.31425857543945,40.31425857543945,9388100.0
2019-05-02,40.1284124818056,41.12279388073686,39.831027589327526,40.611663818359375,12709000.0
2019-05-03,40.91833564450678,41.02985762495288,40.52801934826688,40.8532829284668,7375400.0
2019-05-06,39.41282379598262,40.10052848513797,38.83664108567867,40.0633544921875,11824300.0
2019-05-07,39.27342429509182,39.42211672633037,38.28833826755165,39.07826614379883,9898300.0
2019-05-08,38.7530017416869,39.217666022654114,38.3440949055672,38.641483306884766,7709200.0
2019-05-09,37.8887230114683,38.27903927611928,37.03373895611254,38.04670715332031,11580600.0
2019-05-10,37.93519390084792,38.27904449685699,36.9779865588004,37.91660690307617,9025500.0
2019-05-13,36.485437767095455,36.838583613119184,35.93713377396931,36.32745361328125,10724700.0
2019-05-14,36.73634549237149,37.53556837426218,36.61553536937389,37.18242263793945,8370100.0
2019-05-15,37.55415916602031,38.90168600709666,37.27536136496122,38.5671272277832,12051000.0
2019-05-16,38.38127287244175,39.20837481097521,38.06530098686753,38.7158317565918,11932500.0
2019-05-17,40.28638866252956,41.225012423599736,39.561513574060726,39.68232727050781,20218200.0
2019-05-20,38.84594441416899,39.73809924081344,37.37760670512185,37.498416900634766,21371800.0
2019-05-21,38.26974622218536,38.43702562840059,37.93518740975488,38.35338592529297,8949900.0
2019-05-22,38.06381677827961,38.18524835711934,37.503369367575495,37.82095718383789,5897500.0
2019-05-23,37.03634327089287,37.437998713420015,36.56930239011611,37.30722427368164,8459800.0
2019-05-24,37.61546049166774,37.736892078108674,36.84951398624888,36.896217346191406,8541800.0
2019-05-28,37.18578659069476,37.3912821020747,36.42917927679556,36.43851852416992,10715500.0
2019-05-29,36.16762580657096,36.94291136259931,35.86872010265195,36.77477645874024,10137000.0
2019-05-30,36.849521701831854,37.73689997949163,36.70006878078043,37.12974548339844,7491700.0
2019-05-31,36.61598996405481,37.32589022865551,36.13026723007008,36.13960647583008,8394900.0
2019-06-03,36.4011678503817,37.04568299127483,35.99951240275233,36.22369003295898,7795300.0
2019-06-04,36.91491323315618,37.970426666852326,36.69073203290841,37.75558471679688,14138900.0
2019-06-05,38.110531601616,38.45614082342574,37.51271990013792,37.91437530517578,10143400.0
2019-06-06,37.867665542374304,38.755043695891146,37.82096217918673,38.65229415893555,8101700.0
2019-06-07,38.857794907356805,39.11934019029042,38.372075588848695,38.77372741699219,6391200.0
2019-06-10,39.231434874433326,40.67926092500861,39.03527855523857,40.29628753662109,9651700.0
2019-06-11,41.01551504912088,41.613326588377824,40.76331263788976,40.86606216430664,10536500.0
2019-06-12,39.82923372546267,39.87593708680143,38.63361057164765,38.764381408691406,10059800.0
2019-06-13,38.86713112471552,39.25010439067879,38.43745449719344,38.90449523925781,6979500.0
2019-06-14,38.259977892434485,38.75504351700467,37.886347425420254,38.51218032836914,7695100.0
2019-06-17,38.40008964188638,38.48415711636577,37.58743976407762,37.830299377441406,12453300.0
2019-06-18,38.23195872226123,39.79187322471227,38.14789123892182,39.520992279052734,11291800.0
2019-06-19,39.87594676595304,40.016060447217406,39.4556128486378,39.72649383544922,9333000.0
2019-06-20,40.85673333536388,41.09025375013033,40.16551133983012,40.36166763305664,8633300.0
2019-06-21,40.07211593441202,40.3523397987509,39.80123132148054,40.12815856933594,12096400.0
2019-06-24,40.08143828575398,40.10012034393138,39.45560537138334,39.5396728515625,10997100.0
2019-06-25,39.46494429024413,39.88528168763993,39.13801718295751,39.21274185180664,9637900.0
2019-06-26,40.16550262091925,40.91276707331201,40.10011720403725,40.70727157592773,10023900.0
2019-06-27,40.996830470541504,41.91222977910806,40.9034237594942,41.74409484863281,8894400.0
2019-06-28,42.15510312431344,42.397962769715136,41.73476569646581,41.94960403442383,15599700.0
2019-07-01,43.55622822288704,44.41558162827696,42.2391732423734,42.66884994506836,11452200.0
2019-07-02,42.13641324707631,42.239162772957286,41.211671077385375,41.7160758972168,13869000.0
2019-07-03,41.58529660079877,41.82815615168592,41.43584374719812,41.72540664672852,5559100.0
2019-07-05,41.323765274128405,41.4918966584073,40.68858959756199,41.080902099609375,6618200.0
2019-07-08,40.31496521922973,40.86607355368324,40.22155847640256,40.58584976196289,9733000.0
2019-07-09,40.38034560977651,41.15563501874332,40.05341848746424,41.07156753540039,12432400.0
2019-07-10,41.5666299726693,42.43532612007854,41.519926606696,41.77212905883789,7184700.0
2019-07-11,42.09905931705988,42.37928309699337,41.44520145505596,42.29521560668945,8128500.0
2019-07-12,42.36994949451057,43.481505513773286,42.36994949451057,43.44414138793945,9030900.0
2019-07-15,43.76171617021892,44.30348514216121,42.89302010364806,43.22929000854492,6723200.0
2019-07-16,42.96775349476775,43.18259183465297,42.50071269591157,42.97709274291992,6671000.0
2019-07-17,43.21060502514732,43.406764831879165,42.61279348502971,43.17324447631836,8459900.0
2019-07-18,43.40677314360423,45.433728507648446,43.3227056569752,44.99470901489258,14577100.0
2019-07-19,45.12548426004886,45.29361923639155,44.51832978289596,44.65844345092773,9415200.0
2019-07-22,46.06889357228575,47.45133359297115,45.96614404993114,47.38594818115234,21604000.0
2019-07-23,47.301892213488095,47.93706799406164,46.81616934815312,47.66618347167969,10063900.0
2019-07-24,47.62881520354585,48.96454841289546,47.41397333214008,48.703006744384766,11289800.0
2019-07-25,48.31070281184241,48.37608824056933,47.32991425446137,47.470027923583984,8301000.0
2019-07-26,47.53541574648572,47.73157204254611,47.1337603422256,47.39530563354492,5737600.0
2019-07-29,47.13376160639337,47.42332821541952,46.76013106529136,47.32991790771485,4485700.0
2019-07-30,46.7601153642473,47.68485393896337,46.620001731356886,47.38594818115234,4666300.0
2019-07-31,47.19912322175658,47.25516937809643,45.48041362294239,46.1155891418457,8334800.0
2019-08-01,46.1809778485508,47.684849300574506,44.75183461032976,45.27492141723633,11076800.0
2019-08-02,44.83590664284413,45.20954062349625,44.07929943548056,44.41556930541992,8093900.0
2019-08-05,43.1545742125344,43.1545742125344,42.00565417681439,42.46335220336914,12069900.0
2019-08-06,43.36006871950981,43.87381648040726,42.66885029014755,43.276004791259766,7428200.0
2019-08-07,43.00511652434851,43.77106313000881,42.73423201269736,43.60292816162109,7591400.0
2019-08-08,43.985888503096014,44.78919899018336,43.799071530688224,44.70513153076172,6122900.0
2019-08-09,44.406233798464754,44.406233798464754,43.49083438834987,44.04194259643555,5293200.0
2019-08-12,43.88314942367435,43.98589896109001,43.18258828300923,43.39742660522461,7105200.0
2019-08-13,43.36940623447853,45.06943435407041,43.03313630959428,44.89196014404297,9013700.0
2019-08-14,43.85513208082799,44.13535584976609,43.33204509910192,43.630950927734375,7212300.0
2019-08-15,43.90183568959915,44.19140227159431,43.43479488439065,44.05128860473633,8256800.0
2019-08-16,42.93038831510773,43.89249475998527,41.67871886256554,43.55622482299805,17658200.0
2019-08-19,44.462268463816415,44.77051700323352,43.71500413631075,43.9952278137207,8860000.0
2019-08-20,43.83644469656015,44.03260095466695,43.44412861710845,43.64962768554688,7753800.0
2019-08-21,44.28767915457433,44.58793431527052,43.84667782134761,43.94050979614258,5198200.0
2019-08-22,44.23136810957576,44.36272925974191,43.574558779422105,44.12815475463867,4280700.0
2019-08-23,43.64024771962802,43.94988784379225,42.05452504972921,42.33601379394531,11614800.0
2019-08-26,43.16171589613853,43.321224867244645,42.636267631455176,42.795780181884766,5715200.0
2019-08-27,43.16171777224018,43.38691091812818,42.32663293586036,42.70195007324219,5926900.0
2019-08-28,42.59873727932763,43.199247520346525,42.2703307804856,43.06788635253906,4811500.0
2019-08-29,43.78100048954588,44.49410565448181,43.75285268467282,44.39089584350586,6786700.0
2019-08-30,44.61607802244127,45.12275990185084,44.46595045587438,45.05707931518555,7819300.0
2019-09-03,44.700522523973866,44.82250228358504,44.25013984924414,44.6723747253418,7145800.0
2019-09-04,45.57314768500325,46.502064567536735,45.41363869368756,46.45514678955078,10227700.0
2019-09-05,47.3465109180358,48.53814967408803,47.168235606559286,47.2432975769043,10415400.0
2019-09-06,47.35590854767811,47.38405634665899,46.72724692895943,47.00873565673828,6913400.0
2019-09-09,47.18700661986287,47.66553701827605,46.87736656611341,47.534175872802734,6653800.0
2019-09-10,47.27146437378136,47.37467774859446,46.55835573652185,47.09318542480469,7304000.0
2019-09-11,47.318380286708425,48.388039702127145,46.92429316668254,48.37865829467773,8100400.0
2019-09-12,48.463100689035706,48.660142440724805,47.890738247090205,48.0877799987793,6251800.0
2019-09-13,48.547549404224384,48.77273896298524,47.89073996241215,48.18161010742188,6052700.0
2019-09-16,47.59986945873419,48.30359314129263,47.17763453333438,47.77814483642578,5164300.0
2019-09-17,47.43096784544243,48.09715863187526,47.3183730765875,48.040863037109375,5435500.0
2019-09-18,48.09715693774235,48.88532745061136,47.88134881365385,48.87594604492188,7880200.0
2019-09-19,49.251264131921374,49.37324029613893,48.20036778335032,48.491241455078125,5951300.0
2019-09-20,48.69768416778385,48.81027896380677,47.731234465671335,47.81568145751953,11287300.0
2019-09-23,47.71245970548824,48.76335621522024,47.66554551364671,48.56631088256836,4511200.0
2019-09-24,48.81026328348645,49.33571146166633,47.73121913199446,48.003326416015625,7074000.0
2019-09-25,47.52480198102223,48.90409780586737,47.38405582900871,48.72582244873047,5381400.0
2019-09-26,48.95102905478989,49.22313646786519,48.61324461503128,48.93226623535156,4848600.0
2019-09-27,47.96579598551383,48.2848174701544,46.11735123506742,46.38007354736328,11206000.0
2019-09-30,46.680340705968185,47.12134205500623,46.22057296129831,46.82108688354492,6674800.0
2019-10-01,47.29961725306663,47.85321339433087,46.708488320690655,46.93368148803711,7727000.0
2019-10-02,46.32378284358736,46.802316947691786,46.17365526921265,46.40822982788086,6426000.0
2019-10-03,46.37069878453629,46.69910532662501,45.77018846443831,46.577125549316406,6519300.0
2019-10-04,46.92429379212233,47.75938223919923,46.81169900461006,47.74061584472656,4596700.0
2019-10-07,47.68430447549581,47.95641175682637,47.45911495801889,47.52479553222656,5257200.0
2019-10-08,47.05564946182224,47.177625633341975,46.05167081711725,46.26747894287109,5706200.0
2019-10-09,47.02750339418299,48.01271575924834,46.91490861571585,47.70307922363281,6279400.0
2019-10-10,47.54356167219703,48.416179167008494,47.51541387537185,47.86258316040039,5330200.0
2019-10-11,48.94162880553631,49.15743693924995,48.51939394421694,48.55692672729492,6801000.0
2019-10-14,48.61323041665722,48.913485550519646,48.59446402337538,48.73520660400391,3395600.0
2019-10-15,48.85718087731202,49.861159539403154,48.67890553016458,49.64535140991211,8052200.0
2019-10-16,48.67891344359093,49.54214610188544,48.18161294500293,48.37865829467773,8383000.0
2019-10-17,49.22313346864334,49.96439006765198,48.64138945973784,48.92287826538086,5150400.0
2019-10-18,48.99792323964029,49.17619857302793,47.89073130122201,48.491241455078125,6419100.0
2019-10-21,48.9697786706588,49.45769413330257,48.7821219059925,49.39201354980469,5738200.0
2019-10-22,49.4014010579654,49.45769665851029,48.73520662382144,48.77273941040039,4442600.0
2019-10-23,48.12530947431977,48.2754370242341,47.14009720429931,47.412200927734375,8493800.0
2019-10-24,49.6735195170252,51.719010459891166,49.49524409698627,51.672096252441406,18652600.0
2019-10-25,51.51257810221369,52.39457721566535,51.16540515409717,52.281982421875,8567800.0
2019-10-28,52.572841011019705,53.75509861274691,52.54469321361012,53.43607711791992,8755200.0
2019-10-29,53.1827286207447,53.56743064089402,51.98170837819516,52.09430313110352,6353600.0
2019-10-30,51.91603844930593,52.01924823935665,51.29675823306127,51.80344009399414,4246700.0
2019-10-31,51.78466965372103,51.78466965372103,50.25524636317808,50.912052154541016,6741600.0
2019-11-01,51.54072037271515,52.04740225936321,51.05280487957149,52.03801727294922,5899000.0
2019-11-04,52.56346545294116,52.92001977019818,51.92542239230168,52.300743103027344,4150500.0
2019-11-05,52.62914395800803,52.81680430594557,52.14122848509977,52.43210220336914,3857900.0
2019-11-06,52.16938195272841,52.43210790011551,51.521957440290805,52.37580871582031,3965900.0
2019-11-07,52.83557241332961,53.00446637402213,52.19752935722976,52.488399505615234,4486900.0
2019-11-08,52.2632127155423,52.676062652836,51.728383004764034,52.57284927368164,3313900.0
2019-11-11,52.32888157658925,53.22964682659223,52.1224548645508,53.09828567504883,5651000.0
2019-11-12,53.48299640220352,53.71757094782722,52.73235857207238,52.93878173828125,5115400.0
2019-11-13,52.64791288607664,53.8489334437965,52.55408091792753,53.5955924987793,5703000.0
2019-11-14,53.61434374472871,53.67064290971195,53.0232150400337,53.44544982910156,8236000.0
2019-11-15,56.607526266659576,59.03771491704723,56.50431290264772,58.23078155517578,28389000.0
2019-11-18,58.071263866412,59.17845581600137,57.57396706135544,58.50288009643555,10413100.0
2019-11-19,58.44659436685342,58.8031450973817,57.09544269976186,57.17988967895508,9886800.0
2019-11-20,56.52080471230745,56.897423212866606,55.63575590520371,56.16302108764648,12037600.0
2019-11-21,53.32898387029786,55.0331776393941,52.39685850522867,53.14067459106445,13935300.0
2019-11-22,53.25365420806073,53.79974708384777,52.19912384154057,52.66989517211914,8627700.0
2019-11-25,53.31014715748297,55.00492331469369,53.25365689365287,54.87310791015625,11193700.0
2019-11-26,54.86369333760194,55.00492258700922,53.743258822156,54.2046127319336,10254000.0
2019-11-27,54.50590029333032,54.97667159120562,54.36467105898771,54.88251876831055,5701700.0
2019-11-29,54.69422311291498,54.89194624511477,54.34585327165335,54.51533126831055,2905800.0
2019-12-02,54.741299350345855,54.741299350345855,53.17833840224351,53.38547897338867,6159400.0
2019-12-03,51.9543223482872,52.64164803371114,51.73776797548515,52.1049690246582,7671700.0
2019-12-04,53.11242390226831,53.23482545972552,52.34035917067742,52.81113052368164,6564400.0
2019-12-05,53.03710598145481,53.225411662177166,52.39685661023702,52.57574844360352,5291000.0
2019-12-06,53.43254983201178,54.12929303131485,53.17833286436203,53.291316986083984,6033500.0
2019-12-09,53.78091963581308,53.88448991060007,53.24424056800821,53.291316986083984,4729500.0
2019-12-10,53.82798253991976,53.82798253991976,53.15948823265367,53.31013488769531,6329100.0
2019-12-11,53.49844704173631,55.67341161053417,53.385462942176616,55.58867263793945,8839700.0
2019-12-12,55.56984521150471,56.94449655857043,55.56042777406315,56.83151245117188,9280400.0
2019-12-13,56.50197072585412,57.25520769094822,56.28541635548457,56.370155334472656,6172600.0
2019-12-16,57.43410409390314,57.83896773796668,56.426653702870695,56.45489883422852,6430100.0
2019-12-17,56.91626445617616,57.33995944551759,56.70912388545349,57.23638916015625,7848000.0
2019-12-18,57.26461923768429,57.820129501703526,56.8409243597544,56.850341796875,6525100.0
2019-12-19,57.029241178921225,57.15164273587046,56.37957800748367,57.12339401245117,6002700.0
2019-12-20,57.63181913612697,58.35680733707972,57.15163401170363,58.19674682617188,15663100.0
2019-12-23,58.32856720723731,58.37564362084959,57.46234611163096,57.50942611694336,5840900.0
2019-12-24,57.78247515091529,57.92370799420273,57.37761149797172,57.904876708984375,1624100.0
2019-12-26,58.00844475002268,58.07435244990098,57.4717657128992,57.725982666015625,2960600.0
2019-12-27,57.98961944846889,58.074358441583776,57.27404852237702,57.59416961669922,3314500.0
2019-12-30,57.7636407733926,57.79188949555806,56.671451431099975,57.368194580078125,3566400.0
2019-12-31,57.132811477947776,57.50942999564712,56.58671498645376,57.47176742553711,3878200.0
2020-01-02,58.37565175665888,58.98765599401377,58.09318964391839,58.563961029052734,6647900.0
2020-01-03,57.14221432195709,58.12141940607026,57.0198163802177,57.63181686401367,5415200.0
2020-01-06,56.35133355132341,56.92567521776966,55.83348574429341,56.38899612426758,8586000.0
2020-01-07,56.74677919892614,58.46980047949642,56.62437764173469,58.017860412597656,7970400.0
2020-01-08,58.09318584055038,58.56395719486327,57.66949090332871,57.980201721191406,4364400.0
2020-01-09,58.56395504932945,59.17595563249488,57.63182622159099,58.3474006652832,5713500.0
2020-01-10,58.87466568429955,59.04414366282471,57.62241572264194,57.87663269042969,4456100.0
2020-01-13,57.886036057892206,58.328562209672405,57.75422067439167,58.19674682617188,4111100.0
2020-01-14,58.46038541892397,59.83503687616012,58.45097157242796,58.70518493652344,7998000.0
2020-01-15,58.65810794330795,58.7240156432322,57.7636416835784,58.30973815917969,6314100.0
2020-01-16,58.93115997580444,59.533746752028144,58.81817585318762,59.514915466308594,5733800.0
2020-01-17,60.06100915480204,60.07984043963671,58.874663352120166,59.17595672607422,6327800.0
2020-01-21,59.072388216087546,60.155160122768095,58.98764923280818,59.505496978759766,5777400.0
2020-01-22,59.97626718709701,60.82365341232623,59.90094205150322,60.15515899658203,5598700.0
2020-01-23,60.3811272199631,60.50353236115309,59.43958816694179,60.15515899658203,6540700.0
2020-01-24,61.01197098150677,61.13436894878584,58.00844741329709,58.37564849853516,8007500.0
2020-01-27,56.44548092219279,56.9162522333175,55.38153675337493,55.59809112548828,9350600.0
2020-01-28,56.26659551124125,56.822105900626106,55.47569942451875,56.67145919799805,6228100.0
2020-01-29,56.55847146726019,57.11398182126968,56.012378551896894,56.32308578491211,6515300.0
2020-01-30,57.942538170697055,58.40389207876732,55.94646507615119,56.72794723510742,9656100.0
2020-01-31,56.32309248545408,56.35133762135191,54.166958516630594,54.60007095336914,10132200.0
2020-02-03,55.24972990119058,56.72795175928315,55.23089861483073,56.22893524169922,7847300.0
2020-02-04,57.82013979597125,59.92919712399563,57.62241668163474,59.32660675048828,12322100.0
2020-02-05,60.23990874930416,60.6730211730096,59.19479565212277,60.070430755615234,8252100.0
2020-02-06,60.27756474909621,60.40938734513199,59.36427070797093,59.49608612060547,4870600.0
2020-02-07,59.16654825614392,59.29836367026473,58.02728235787048,58.10260391235352,6093200.0
2020-02-10,57.50943188389159,59.279529636776296,57.50943188389159,59.24186706542969,5121100.0
2020-02-11,59.88211656383829,60.917812136601015,59.63731703286364,60.68242645263672,6203800.0
2020-02-12,61.13437911494434,61.84053627066136,60.84250312260329,61.54866027832031,11592200.0
2020-02-13,62.8479693575126,65.38072128274307,62.09473239447452,63.43172836303711,21742700.0
2020-02-14,63.51644574484034,63.93072667541347,62.65964594607995,62.94210433959961,8104000.0
2020-02-18,60.66586377122889,62.33764284038268,60.30694545816272,61.54425811767578,10208500.0
2020-02-19,62.80989201708006,63.98108197083607,62.59265162591368,63.66939926147461,8502600.0
2020-02-20,63.28216625622287,63.61274329545802,61.60093970865065,62.71546173095703,7535900.0
2020-02-21,62.25264264253028,62.46042873966949,60.0991579084738,60.70363998413086,9658100.0
2020-02-24,57.73787951948452,58.417924059905616,57.048387864283086,57.69065475463867,11223700.0
2020-02-25,58.48404294359784,58.82406703562182,55.23493064773757,55.59384536743164,9942500.0
2020-02-26,56.273890213368624,57.38840835564128,56.01887215947805,56.49112701416016,10851500.0
2020-02-27,54.025957874994845,55.2538198169909,53.27035080322948,53.83705520629883,15746200.0
2020-02-28,51.182967296179655,54.951561697287694,51.07907428017423,54.89488983154297,14943900.0
2020-03-02,55.44272525399611,56.85004281986182,53.83705789443548,56.82170867919922,10795200.0
2020-03-03,56.64223968353705,57.97399802412711,54.36597177932232,54.8193359375,14036600.0
2020-03-04,56.14165943879302,57.28451899893146,55.03658473720271,57.1617317199707,7925800.0
2020-03-05,55.310491433097816,57.08616714247116,55.02713562990411,55.84886169433594,9842500.0
2020-03-06,53.83705783936448,55.23493189125238,53.12867549937285,54.58322143554688,8958500.0
2020-03-09,49.879560896988224,52.2597258851496,49.11450670696605,49.18062210083008,10305900.0
2020-03-10,51.381329213970176,53.05310821533203,49.65287473040075,53.05310821533203,10107400.0
2020-03-11,51.26798592750003,51.938590560177566,48.55724406749968,49.57731628417969,12974200.0
2020-03-12,46.07319163444009,47.56551900152983,42.5973949243524,42.606842041015625,18043700.0
2020-03-13,45.9692846073233,48.38723069631744,42.83351274355977,48.06609725952149,15539300.0
2020-03-16,41.60565392118553,44.10860620917491,38.16763899491909,38.28097915649414,13763000.0
2020-03-17,39.44273314610349,43.513572247129005,37.56316040049099,42.3707160949707,16361200.0
2020-03-18,38.31876568349075,39.44273114771418,34.60684155327465,37.005897521972656,18870000.0
2020-03-19,36.53364199542256,39.73552987259366,34.81463432329518,37.9598503112793,13066600.0
2020-03-20,39.1877116615208,40.85949077177195,35.702468329289644,35.881927490234375,13967100.0
2020-03-23,36.4958536365498,39.23493316310387,35.815805510670224,37.94095230102539,15138400.0
2020-03-24,41.78511709950127,43.6741367882071,40.64225744953972,42.63517379760742,16338500.0
2020-03-25,42.43681599844931,45.54425340193582,41.34118502252015,42.2479133605957,11550700.0
2020-03-26,43.66468770102187,46.64933853032733,42.82407455397664,46.46988296508789,11864900.0
2020-03-27,45.05310745498815,45.45924686054165,42.35180949359247,42.55015563964844,10624200.0
2020-03-30,42.880741953801135,44.87365440042792,42.81462656283818,44.67530822753906,7839200.0
2020-03-31,44.55252199002576,44.656418636238286,42.64461551655798,43.277435302734375,11068000.0
2020-04-01,41.39786280486763,43.61745920822403,40.45335308377663,40.89727020263672,10665900.0
2020-04-02,40.14166407957155,41.992902311222586,39.79219648348876,40.84060287475586,8764600.0
2020-04-03,41.04839404812208,41.19951546833763,39.27271826134418,39.93387222290039,9488600.0
2020-04-06,42.35182121854116,43.87248263199605,42.162918530611655,43.58913040161133,12046500.0
2020-04-07,45.33646615470907,46.25264172788477,43.7307989244594,44.92088317871094,11962600.0
2020-04-08,45.9314978520458,48.75557923063736,45.8276012308837,48.60445785522461,14429000.0
2020-04-09,49.11451007294696,49.81344891700571,45.97873779499263,46.83824157714844,11654400.0
2020-04-13,46.56433465980247,47.19715812982013,45.6859402152977,47.112152099609375,5750000.0
2020-04-14,48.55724430824665,49.907893489055446,48.24555797583926,49.55842590332031,8025500.0
2020-04-15,48.46280034129956,48.46280034129956,46.989363719539696,47.57495880126953,7206700.0
2020-04-16,48.99171347519461,49.65287093647357,47.9810884598324,49.33173751831055,8878100.0
2020-04-17,50.66350014963604,50.909074691353126,49.36952285880221,50.24791717529297,9367600.0
2020-04-20,49.20896075396036,49.57732261458688,47.80164312345909,47.820533752441406,7041200.0
2020-04-21,47.1310390814468,47.27271338548791,45.5348152602441,45.64815902709961,9359600.0
2020-04-22,47.31992894258159,49.52063801323246,47.046023900210734,49.2183952331543,7785000.0
2020-04-23,48.87837808670079,49.32229880876337,47.782746953902254,48.07554626464844,9048300.0
2020-04-24,48.37778914324653,49.00116541602514,47.16881424829812,48.868934631347656,7663900.0
2020-04-27,49.58676429341608,49.79455760151646,47.83942261190328,48.198333740234375,6587400.0
2020-04-28,49.029498155834624,49.22784432719167,47.47105571684399,47.62217712402344,7759500.0
2020-04-29,48.95394330785901,51.61746058186169,48.56669084168428,51.32466125488281,8946300.0
2020-04-30,50.4840466516164,50.890186130696726,46.88546322174839,46.92324447631836,14457000.0
2020-05-01,45.41203199450422,45.67649358018659,43.79691753089281,44.288063049316406,13583100.0
2020-05-04,43.97637322668846,44.99644183602192,43.6552397823945,44.93977355957031,7798000.0
2020-05-05,46.12041427511024,47.93387132279961,45.83705845876727,46.13930130004883,8220600.0
2020-05-06,47.21604407410625,48.32111875417655,46.79101396522584,47.6977424621582,8594600.0
2020-05-07,48.6044664650917,48.92559989510706,48.0849868702776,48.40612030029297,6645600.0
2020-05-08,49.50175119532996,50.89962506142962,49.34118628238791,50.824066162109375,8082200.0
2020-05-11,51.1263060884385,51.3907676257052,50.408476768688615,51.012962341308594,8211500.0
2020-05-12,51.38133591600992,51.5607914856549,49.40731023783884,49.42620086669922,7479000.0
2020-05-13,49.5867619488961,49.92678603588581,47.60329291214776,48.632808685302734,8696600.0
2020-05-14,47.93387166609968,51.61746127475136,46.90435585466762,51.40966796875,15839000.0
2020-05-15,50.21014809395679,50.50294747143892,48.33057173447897,49.15229797363281,20755900.0
2020-05-18,50.55961055422458,51.6174641686123,49.50176054285596,51.34355545043945,11293300.0
2020-05-19,51.4757769823634,53.83705115586631,51.03185628477895,52.39195251464844,10535600.0
2020-05-20,53.577282089949726,55.15141094117224,53.40659311425628,53.937625885009766,9824100.0
2020-05-21,53.89969934659644,53.97555911117093,52.01263932054717,52.17384719848633,7467200.0
2020-05-22,52.17384655372518,52.3160849670565,50.94109555136153,51.57643508911133,7121000.0
2020-05-26,53.397114190725794,53.77642022764815,52.11694682052987,52.287635803222656,7757600.0
2020-05-27,52.714374620258326,53.52040336406975,50.5617994414446,53.48247528076172,9071600.0
2020-05-28,53.21693857410946,53.747971347649184,51.538499382560616,51.84194564819336,7234100.0
2020-05-29,52.15487854147923,53.46349287047308,51.64281159308621,53.27383804321289,10819600.0
2020-06-01,52.75229492142284,53.548842376618815,52.33505353890357,52.80918884277344,5374800.0
2020-06-02,53.10315819184857,53.31177889944496,51.91781983935195,52.90402221679688,6998700.0
2020-06-03,53.75746469821225,55.23676829294446,53.491950059683006,54.81953048706055,8026700.0
2020-06-04,54.20315445042084,56.13762759595103,54.14625690471734,55.12297821044922,7456900.0
2020-06-05,56.62124269845195,57.94882312703056,56.53589819065238,57.07641220092773,8349700.0
2020-06-08,56.82986145224395,57.34192848139852,56.03331394601424,56.801414489746094,5528700.0
2020-06-09,55.9669478392413,57.14280170613552,55.88160331524363,56.69711685180664,6184300.0
2020-06-10,57.08588946635633,57.43674856703007,56.38416764764367,56.76347732543945,5319800.0
2020-06-11,55.24625228820082,55.55918337195056,52.48678455115258,52.54368209838867,9386800.0
2020-06-12,54.53504913304023,55.00918450710283,52.126444182000206,53.62471008300781,8534200.0
2020-06-15,52.0790176758269,54.26952398248648,51.69971162037445,54.09883499145508,7221000.0
2020-06-16,55.91003646164852,57.01951499932517,54.90487189125349,55.51176452636719,9718000.0
2020-06-17,55.691939782616345,57.30400075414655,55.511769645379296,56.896244049072266,8338100.0
2020-06-18,56.48848362118713,57.57899634053829,56.48848362118713,57.25658416748047,5674000.0
2020-06-19,58.22382260693091,59.10571465004632,57.28503301938799,57.79710006713867,10092800.0
2020-06-22,57.38934474634043,58.214339264734846,56.497971566544486,58.100547790527344,5379900.0
2020-06-23,58.72640233578245,58.77381514536796,57.31347745899508,57.69278717041016,7264900.0
2020-06-24,57.209172061642576,57.74020132919348,56.09021236592377,56.867794036865234,7937300.0
2020-06-25,56.51693348766104,56.962621883796345,55.57814750021032,56.87727737426758,6298900.0
2020-06-26,56.48847557899185,57.0289894954945,55.009172239562766,55.36003494262695,12786500.0
2020-06-29,55.41693712875556,56.014348668851575,54.58246153648796,56.00486755371094,5035900.0
2020-06-30,56.061758234623206,57.787610479578085,56.01434542693298,57.32295989990234,6067600.0
2020-07-01,57.30399935898153,57.63589266090762,56.46003900491316,56.5927963256836,5305200.0
2020-07-02,57.3703775874904,58.46089034395094,57.21865441955695,57.844512939453125,5596100.0
2020-07-06,59.16260818187287,60.414325211990906,59.06778255915948,60.1772575378418,7776900.0
2020-07-07,60.101403761334055,60.52812634086299,58.82123602274727,58.963478088378906,5078200.0
2020-07-08,59.646233061482185,59.9117477203332,58.81175376847995,59.52295684814453,4045700.0
2020-07-09,59.81691292274705,60.40483969897123,59.02036545090301,60.20570373535156,6155900.0
2020-07-10,60.006558327432856,60.20569788908045,58.84018600287985,59.35225296020508,5899000.0
2020-07-13,59.7505309484224,60.48069976936306,58.233299383718,58.328125,6178600.0
2020-07-14,57.65485889213176,59.390196041239626,56.96262170254145,59.30485153198242,6297500.0
2020-07-15,59.50397725199522,59.58932174653332,58.12898422548805,58.88759994506836,5226400.0
2020-07-16,58.42295527352712,59.38070703753794,58.31864492334105,59.11519241333008,3934300.0
2020-07-17,59.59879948592205,59.59879948592205,58.74535820622831,59.07725143432617,4585200.0
2020-07-20,59.371222702921365,60.59449264216624,58.678985600659175,60.43328475952149,5017000.0
2020-07-21,60.80311666239458,61.485865452994815,59.98759970752035,60.50915145874024,5833900.0
2020-07-22,60.29103762917856,61.26775504616775,60.2341400992838,60.89793014526367,5027800.0
2020-07-23,61.0022414420033,61.95051191776373,59.93069479153189,60.33845138549805,5351800.0
2020-07-24,57.24709753161858,58.17640232485942,56.53589455152316,57.48416519165039,11041000.0
2020-07-27,58.44192312147644,59.80743160076636,57.94882193294702,59.75053405761719,7194700.0
2020-07-28,59.29535321527118,59.6936287063535,58.69794540469503,59.07725143432617,4565700.0
2020-07-29,59.42812018054482,60.36690972013061,58.953984853299886,59.978118896484375,4621400.0
2020-07-30,59.9591523158262,61.09707781076682,59.73156938725733,61.08759307861328,5525000.0
2020-07-31,61.43845428806473,61.43845428806473,59.85484047292104,61.00225067138672,5900600.0
2020-08-03,61.438454957017214,62.19706711982253,61.334144608987735,61.64707565307617,5540600.0
2020-08-04,61.63758810421483,61.8272393275664,60.86000651290472,61.49534606933594,5190200.0
2020-08-05,61.51433181762695,61.8746721312825,61.08760560002008,61.51433181762695,4572700.0
2020-08-06,60.56605259080004,60.85053309608996,59.36174828828571,60.31950378417969,7395900.0
2020-08-07,60.39535808819854,61.64707870924118,59.53243191721865,60.28156661987305,7124200.0
2020-08-10,60.35743768905082,61.90311648399159,60.32898710532577,61.86518478393555,7387000.0
2020-08-11,61.941028185201766,62.69964747192391,60.90741682264079,61.12551498413086,7608600.0
2020-08-12,61.62811059457875,63.22120565550377,61.35311122418161,63.060001373291016,6170100.0
2020-08-13,62.92724188842673,63.15482482223061,61.26776822519761,61.70397186279297,10684400.0
2020-08-14,63.90394965121479,66.28411067793756,63.059989468682986,64.12205505371094,23421900.0
2020-08-17,64.57722009839958,64.70049989457226,63.31601858739028,63.47723007202149,6883000.0
2020-08-18,63.90396468444936,63.90396468444936,62.65224759518511,62.99362564086914,6166700.0
2020-08-19,63.3361083543309,63.488339229002776,62.49886031993851,62.67011642456055,4979500.0
2020-08-20,61.56648339181165,61.67114033580972,60.20595037860665,60.69117736816406,8307800.0
2020-08-21,60.03469210774209,60.20594825927686,58.9120145051852,59.24501419067383,11150600.0
2020-08-24,60.28207069847427,60.70069487882457,59.63510374650595,60.64361190795898,8366500.0
2020-08-25,60.99563200806416,61.509400481218805,60.34866510765867,60.93854904174805,5156900.0
2020-08-26,60.93856021440052,61.13835789190827,60.40576277832756,60.66264343261719,5964900.0
2020-08-27,61.16689655546935,61.16689655546935,58.31263170785307,59.01668167114258,8917800.0
2020-08-28,59.04522275196366,60.03469840650878,58.95959466721228,60.00615692138672,5206000.0
2020-08-31,59.40675722493631,59.568500767411216,58.43630685824186,58.60756301879883,6454200.0
2020-09-01,58.96910815803944,59.083277729601626,58.25554198435157,58.88348007202149,7919800.0
2020-09-02,59.45432504444479,62.12782049228616,59.340151862977706,61.91850662231445,10802500.0
2020-09-03,61.07173720258341,61.24299333151276,58.084271192029554,58.4743537902832,11013000.0
2020-09-04,58.23650878540082,58.82639272492626,55.70572775615757,57.998653411865234,14688100.0
2020-09-08,54.2976235976492,54.98264822496021,52.632636006901,52.92757797241211,20934800.0
2020-09-09,53.85998675311543,54.212011790301815,51.86199886691522,52.51848220825195,16267600.0
2020-09-10,52.89904187724191,53.51746739669122,52.27110373829615,52.442359924316406,10670500.0
2020-09-11,52.90854991306022,53.57454568537942,52.023727632436206,52.32818222045898,9203300.0
2020-09-14,53.49842813889454,54.34519265567179,53.39377119783041,53.71725463867188,8495700.0
2020-09-15,54.44985572504638,55.06828119400076,53.73628955135375,54.42131423950195,7209800.0
2020-09-16,54.697214889368816,55.37272317534617,53.64113661246609,53.72676467895508,8339400.0
2020-09-17,52.15692723845866,53.8790014897134,52.033241425099405,53.60308837890625,7098700.0
2020-09-18,54.03122281264689,54.04073542982956,52.5184626236762,53.42231369018555,11913000.0
2020-09-21,52.527987887037234,54.57354586532456,51.51948327118114,54.53548812866211,8494300.0
2020-09-22,55.14439615900565,55.28711085359125,53.95511913541053,55.07779693603516,7629300.0
2020-09-23,55.277590376837885,56.01970165078025,54.24054074641007,54.4688835144043,8831800.0
2020-09-24,54.17394404219048,55.9626176480862,54.00268786559486,54.9826545715332,6318500.0
2020-09-25,54.69722196399324,55.54398649247042,53.89802778318845,55.40127182006836,6542600.0
2020-09-28,55.4488499489589,56.942581577675824,55.420308462227176,56.47638702392578,8616000.0
2020-09-29,56.495415993247,57.32315177442573,56.2765894593439,56.75230026245117,5402200.0
2020-09-30,56.54297903886189,57.25654515128631,56.12435489281814,56.562007904052734,9074400.0
2020-10-01,57.43731198907811,58.055737384072856,56.61908896039637,57.703712463378906,7542800.0
2020-10-02,56.21949603826479,56.76180599768655,55.363215244764646,55.38224411010742,7103900.0
2020-10-05,56.0672635584788,57.68468066914815,55.90552003271955,57.65613555908203,6694600.0
2020-10-06,57.39926305694508,59.1403625819996,57.24703212684816,57.46586227416992,6947900.0
2020-10-07,58.51242391747821,58.78833703139354,57.96059768964755,58.15088272094727,5335400.0
2020-10-08,58.70271321944967,59.654134815779855,58.38874235055573,59.558990478515625,5411500.0
2020-10-09,60.2154655456543,60.71020514425194,59.9966390436681,60.2154655456543,6366800.0
2020-10-12,60.94806461062149,61.95657642996728,60.87195277085419,61.53794860839844,7021900.0
2020-10-13,62.07074765548071,62.24200384625812,61.043217769587535,61.54747009277344,7189900.0
2020-10-14,61.7472579253961,62.01365478884064,60.34866713354212,60.8719482421875,5823900.0
2020-10-15,59.36871066231725,60.596041796318055,59.00716942974295,60.42478561401367,6397300.0
2020-10-16,60.66262716303015,60.82437068909925,59.37820971851761,59.93954849243164,6841000.0
2020-10-19,60.101300553752615,60.52944099837492,58.80737023022853,59.03570938110352,5757500.0
2020-10-20,59.62559068082521,59.94907417407461,59.00716881066798,59.23550796508789,4479700.0
2020-10-21,59.36871712654241,59.80637024924625,58.90251888408945,59.092803955078125,6188900.0
2020-10-22,58.73124686597741,59.13084577037453,57.90351120389141,58.70270538330078,6013400.0
2020-10-23,58.702709523908176,59.14987517805068,57.71323025496349,57.98914337158203,6519800.0
2020-10-26,57.39925225695407,57.56099214567208,55.80086408553341,56.619083404541016,6715400.0
2020-10-27,56.87598511580236,57.07578642077662,55.91505084555272,55.97213745117188,4626200.0
2020-10-28,54.97314121212364,55.39176905663948,54.10734766467342,54.53548812866211,8976600.0
2020-10-29,54.4498536866036,57.30411827451884,54.18345681980141,56.60958099365234,6314400.0
2020-10-30,55.88650852505237,56.40027345043041,55.42982294567219,56.35270309448242,7336200.0
2020-11-02,57.03772786570532,57.5419801719268,56.6381288908731,57.39926910400391,7475100.0
2020-11-03,58.027198921718,59.40675719415596,58.027198921718,58.826393127441406,9967600.0
2020-11-04,60.35818506661228,62.02317649790631,59.11182509199017,61.709205627441406,9808300.0
2020-11-05,62.79382833763394,66.65659787923316,62.708203874110914,66.55194091796875,13118100.0
2020-11-06,65.55293782219134,67.41772294948527,65.02965313343334,67.10375213623047,8639700.0
2020-11-09,69.64405219334459,72.24143613056967,67.79829938493813,67.83635711669922,10154600.0
2020-11-10,67.5033652779468,68.01713385608866,65.74323662208032,66.01914978027344,8206100.0
2020-11-11,66.78978451558255,68.21691672539218,66.48532993450729,67.70315551757812,8071900.0
2020-11-12,67.4177299593126,67.69364307309431,66.05719688584841,66.40922546386719,8542700.0
2020-11-13,68.75923410242847,70.34811365098561,68.03615893099624,69.27300262451172,10179400.0
2020-11-16,69.42522145042888,70.90943652725105,69.05416768122333,70.86186981201172,8104400.0
2020-11-17,70.17684972924944,70.94749879790736,69.51085034432711,70.75721740722656,5460100.0
2020-11-18,71.27250085113093,73.16190026957345,71.17707060792632,72.2458267211914,10667700.0
2020-11-19,71.81642611114637,73.9634757279878,71.10074290553256,73.71537017822266,8990100.0
2020-11-20,73.66765843982364,74.97497577643557,73.17145459778264,73.20962524414062,7609100.0
2020-11-23,73.44817716237563,76.89299930321336,73.44817716237563,76.81665802001953,8809800.0
2020-11-24,77.2937978308789,79.33588030225779,76.1677891268217,79.15457153320312,9542000.0
2020-11-25,79.10685546194478,79.22136012077192,77.36058661176693,77.42738342285156,5518500.0
2020-11-27,78.06672464727129,79.70802602481297,77.9426755079199,78.87783813476562,3098200.0
2020-11-30,78.2480370821119,78.81103775681406,77.01706099096384,78.7060775756836,7543100.0
2020-12-01,79.24999730347182,80.7481606630051,79.08777022863822,80.41416931152344,7041400.0
2020-12-02,79.86069255687174,81.67375055664066,79.78435128016645,81.38748168945312,5272800.0
2020-12-03,81.8169099830742,83.04788609006548,81.76920213291118,82.16043853759766,4825000.0
2020-12-04,82.94291519949827,84.85140385450914,82.68527243440666,84.77506256103516,6876900.0
2020-12-07,85.18540475701427,85.36671354478904,83.80175312066082,85.06135559082031,5524100.0
2020-12-08,85.14722874574882,86.13009928670144,84.96591998488333,85.6434326171875,4703000.0
2020-12-09,85.47166246504945,85.9774107839653,83.19101914898712,83.8017349243164,7017800.0
2020-12-10,83.01926853993231,84.55560271257865,82.50397565466824,83.86854553222656,5731200.0
2020-12-11,83.06696789847335,84.53649769029884,82.62800912082497,84.25977325439453,5776400.0
2020-12-14,84.45060729980469,86.37817728003661,84.27884306154203,84.45060729980469,6425500.0
2020-12-15,85.78657450662912,86.46408716876427,83.92579352611328,84.42200469970703,6179500.0
2020-12-16,84.2693053064341,85.16629720897717,83.29597939880887,84.49832916259766,5808100.0
2020-12-17,85.05179939324968,85.15676685799845,83.14331062371842,83.49638366699219,5559400.0
2020-12-18,83.64905704369994,84.11663470221497,81.43520332594952,82.15088653564453,14603100.0
2020-12-21,80.5286904003572,82.57077298777682,79.96568965648984,82.45626831054688,5226600.0
2020-12-22,82.58984713135943,82.64709945969904,81.62605834924076,81.72148132324219,3901200.0
2020-12-23,82.3512810241218,82.54212696046298,80.11834571133986,80.18514251708984,4585900.0
2020-12-24,80.86267404691661,81.48293440615858,80.34738116140672,81.4256820678711,1409200.0
2020-12-28,82.41809145359701,82.77115722222061,80.69090413889005,80.98672485351562,3018300.0
2020-12-29,81.12985258417258,81.22528284477119,79.7080305209955,80.41416931152344,4518000.0
2020-12-30,81.47336373746133,83.56316077698368,81.26343613777547,83.00016021728516,6294300.0
2020-12-31,83.0097114728974,83.07650828417734,81.27298709931235,82.35128784179688,5715900.0
2021-01-04,83.24828368219835,85.21403219750945,82.20816072746179,82.89521789550781,8449900.0
2021-01-05,82.44671099436285,85.51937888043098,82.44671099436285,85.50028991699219,6987200.0
2021-01-06,84.25022984282434,87.69505233688965,84.24068536137007,86.67401123046875,9818000.0
2021-01-07,87.91452349492104,90.71045954559692,87.78092987723464,90.23333740234376,8784100.0
2021-01-08,91.88418547289392,93.3250964193128,90.53869750140277,91.18758392333984,9059700.0
2021-01-11,90.29058083415944,93.80219947059206,89.8707110936203,93.47775268554688,8357500.0
2021-01-12,94.02169044146692,96.2546259064993,93.70678807275743,95.43397521972656,7186100.0
2021-01-13,95.89200306826751,95.89200306826751,93.4777662699352,93.56365203857422,5310000.0
2021-01-14,98.1249462142248,101.72244413546844,98.00088979191216,100.95905303955078,11663000.0
2021-01-15,100.3483309824256,100.59642925094045,96.52180941915488,98.4207534790039,8981200.0
2021-01-19,100.2910828609716,104.56610088581289,99.61357022495008,104.22257232666016,9362200.0
2021-01-20,105.07183150770648,105.80659635280054,100.3483255370738,102.90569305419922,9926000.0
2021-01-21,104.11761565011471,104.2798354642148,101.4075575449318,103.02977752685548,7271400.0
2021-01-22,103.10609933136564,104.72831172616324,101.38845668250426,101.4647979736328,6207600.0
2021-01-25,102.59080772778977,105.06229699424446,102.10414109157776,103.1728973388672,8437500.0
2021-01-26,103.86949944069796,103.91721457188214,100.45330280862504,100.70140838623048,6029800.0
2021-01-27,97.4283413261741,99.29865927578106,93.59228245326412,94.06940460205078,9782700.0
2021-01-28,96.55999071702824,98.62115478299944,95.3958114137016,96.52182006835938,7433000.0
2021-01-29,95.64391023378076,95.86338234774011,91.67425041630992,92.25634002685548,7943400.0
2021-02-01,94.70876793154606,97.4760784757838,93.2106043370906,96.57908630371094,9083600.0
2021-02-02,98.277613595565,99.1841500042607,97.1134344418478,98.85015869140624,5108600.0
2021-02-03,99.5467689074248,99.63265468348207,95.2526693925296,95.30038452148438,5399200.0
2021-02-04,95.62482280967744,98.9837669062605,95.62482280967744,98.51618194580078,6356300.0
2021-02-05,100.06207521564586,100.3865148393063,96.08287754254457,96.10195922851562,6349300.0
2021-02-08,97.18980506884876,101.3884825063498,97.1039265546854,101.33123016357422,6621400.0
2021-02-09,101.35030561257214,102.4476882235074,99.9857357113864,100.55828094482422,5769200.0
2021-02-10,102.04691217047204,103.24925503412416,100.22430162715035,101.03540802001952,5001700.0
2021-02-11,102.51447193538596,109.07013331265377,102.38087830734617,107.8296127319336,12147100.0
2021-02-12,107.82961221100643,112.42906971498932,106.57955443454158,111.36031341552734,8157500.0
2021-02-16,113.08750467944265,115.58762032144952,112.30502457097909,112.93482208251952,9260100.0
2021-02-17,111.1312868403874,111.70383194647984,106.96123675845811,110.41560363769533,7225200.0
2021-02-18,108.7838634842166,110.33927926224705,107.29524452413088,108.2399444580078,8239600.0
2021-02-19,116.04563740535956,118.80340255287744,113.45963650455208,113.99401092529295,21054100.0
2021-02-22,112.5722002578098,114.38526586811896,109.37548333664448,109.95757293701172,7850600.0
2021-02-23,107.69602255539624,112.4099921768407,105.62531397410932,110.82594299316406,9387900.0
2021-02-24,109.99417752287916,117.613932991675,109.39185794806626,117.41316223144533,10098100.0
2021-02-25,115.84522426746042,115.89302995230383,108.60788560604686,108.9233856201172,11352800.0
2021-02-26,111.40911485989729,114.96564148495294,108.45490769838584,112.99617004394533,11626500.0
2021-03-01,115.8547829491932,117.0976577718982,114.21036664621356,116.87776184082033,7003000.0
2021-03-02,116.48579455816208,116.55272544318848,112.0879408702948,112.33651733398438,6505000.0
2021-03-03,113.08222086100568,114.5832274054266,110.04196468448217,110.36702728271484,7257100.0
2021-03-04,110.27142860541944,111.37089379688328,102.42221448509112,103.48343658447266,12433400.0
2021-03-05,106.68621398815066,109.3153662248713,101.00725011683804,108.4644775390625,9962700.0
2021-03-08,107.84306777421727,109.1050607946036,100.86385941815472,101.03594970703124,12091500.0
2021-03-09,105.41467442458809,109.89856945980112,104.6020287627445,109.20065307617188,12040800.0
2021-03-10,110.71122042289852,111.38045629845855,107.63272080707442,107.72832489013672,8820300.0
2021-03-11,112.10707710090846,112.67114638059611,110.55826446653924,112.04015350341795,7715500.0
2021-03-12,109.51616223080812,111.33266187516789,108.34977333470364,109.26758575439452,7426000.0
2021-03-15,109.59262829995454,110.35747554056206,108.12986469935726,109.8316421508789,7061200.0
2021-03-16,111.88716932808202,115.94084243653812,111.78200264394142,113.29257202148438,10383000.0
2021-03-17,111.08407047294745,115.81654141094148,109.85075822921227,114.63103485107422,8342600.0
2021-03-18,112.68067523885183,113.56024434082384,109.09546795938928,109.25799560546876,9040500.0
2021-03-19,109.47789735372427,111.9158340570162,107.21204360664572,109.81251525878906,13044700.0
2021-03-22,112.4321185921546,116.14161837772228,111.82980628919476,114.08609771728516,11318700.0
2021-03-23,114.63102753505729,114.91783973759,110.48174389915388,111.26570892333984,8263800.0
2021-03-24,117.26021699142828,120.27179349246856,115.1282098632386,115.77832794189452,20252500.0
2021-03-25,113.54113397887735,115.185550327234,111.11275254515576,114.45894622802734,10381600.0
2021-03-26,114.41113649055268,123.31200903756503,113.9331088385048,122.98695373535156,14037000.0
2021-03-29,121.4572777719453,122.21256240627946,118.04416031716552,120.18572235107422,10539600.0
2021-03-30,119.40175662622072,122.2794853816937,118.41702074526992,121.18958282470705,7970900.0
2021-03-31,124.25849596125438,129.54548006934982,123.33112124683488,127.7289810180664,18589500.0
2021-04-01,132.06949243373057,136.1040473906618,131.17079802319407,135.30096435546875,15929200.0
2021-04-05,139.10606580852647,139.58409352608157,135.51130262428168,136.76373291015625,14377400.0
2021-04-06,137.55726608179577,138.91486310245455,130.93179407002413,133.40797424316406,18004800.0
2021-04-07,134.0867960150807,135.6356013970682,130.80753235553914,133.02557373046875,13702700.0
2021-04-08,134.4309428440994,135.4539144788839,132.13641584798242,133.226318359375,10238000.0
2021-04-09,132.24157966268658,134.0198285638997,131.44805199170895,132.80564880371094,9637200.0
2021-04-12,131.76357307630695,132.63357247485158,128.59901718769257,129.06748962402344,11147500.0
2021-04-13,130.62586491377624,130.97004547014083,127.34658703115704,129.16310119628906,8034300.0
2021-04-14,128.75197796639125,131.11343595309123,127.38482575737946,128.24526977539062,8134200.0
2021-04-15,130.02355808931495,130.15740528617098,127.01198886592874,128.50343322753906,8269400.0
2021-04-16,127.63339046584092,128.8189043631353,127.1649180880176,127.85327911376952,7686300.0
2021-04-19,127.52823056619988,129.33517470770923,123.0443283588346,125.13809204101562,12826400.0
2021-04-20,123.69444748450444,125.8838078460842,122.67146124413838,122.93915557861328,7583300.0
2021-04-21,124.42105950513935,129.22046209641982,123.33115684215724,129.11529541015625,12108800.0
2021-04-22,128.84761918751803,129.77499430018707,124.71745193254846,125.9603271484375,11483500.0
2021-04-23,127.62381801083583,129.22998379621686,126.91633188827797,128.93360900878906,8079100.0
2021-04-26,128.9049752722018,132.57622518882923,128.3026555901026,131.2664337158203,7927200.0
2021-04-27,132.07907864627222,132.17469004399146,129.59334277633403,130.769287109375,5767400.0
2021-04-28,130.63540729135005,130.9031016322306,128.6563802292513,129.72715759277344,6172700.0
2021-04-29,131.2185862679463,131.5532114489188,127.24139282961136,129.44032287597656,6668400.0
2021-04-30,126.19935260241616,128.49388045079556,125.62571334619518,126.87815856933594,8691800.0
2021-05-03,128.3504037462766,129.65063933237573,125.91246019881032,127.01193237304688,7750200.0
2021-05-04,124.27764813102873,124.9373141105084,119.81286381800348,123.0634536743164,14199100.0
2021-05-05,125.94117525145302,126.69646719583248,123.10168951270563,124.564453125,7276600.0
2021-05-06,123.94302502605426,126.0941497377294,122.1456434484059,125.94117736816406,7270500.0
2021-05-07,126.72509725070962,128.20698546610413,125.85508367149995,127.10751342773438,7524800.0
2021-05-10,126.12281668438662,126.12281668438662,119.0384505212727,119.21054077148438,10471500.0
2021-05-11,114.7266441421998,118.8759209374967,112.45123499259734,118.12064361572266,15287800.0
2021-05-12,114.08609307380692,115.69226644378358,109.36317704542184,109.8316421508789,18648200.0
2021-05-13,113.28300976870138,116.13205825786076,112.7093779497253,114.6501693725586,14228000.0
2021-05-14,116.53359326095512,120.27177341265504,114.9752255696151,119.34439849853516,12422300.0
2021-05-17,116.63877882269745,118.18759146245765,115.0804108790661,118.13978576660156,9379000.0
2021-05-18,119.83198198537058,119.87978767367858,116.3423855626044,116.45710754394533,7536700.0
2021-05-19,113.21605962470916,119.58339101610494,112.61374745016738,119.3156967163086,10424200.0
2021-05-20,121.23740830518229,124.92778350481284,119.73640130490642,124.58360290527344,18239800.0
2021-05-21,124.14380418909114,124.94688725408164,121.4381582607328,123.00609588623048,14252400.0
2021-05-24,124.46887140933508,129.66981581096533,123.89523225776568,128.66595458984375,11405600.0
2021-05-25,130.45378032986414,133.0351274654811,129.96619723823937,131.4576416015625,12721000.0
2021-05-26,132.13758303657548,133.0953099472624,130.45198893471752,131.11280822753906,10577900.0
2021-05-27,130.1933957722493,132.34828127487256,130.09761723774278,131.99392700195312,10623400.0
2021-05-28,133.28690827042186,133.56465737463407,131.99398516735084,132.29087829589844,7186300.0
2021-06-01,133.12410613651477,136.11221089281602,131.457655230399,132.3675079345703,8839300.0
2021-06-02,132.214166045479,134.42651225355596,131.13193026202626,133.13357543945312,6401200.0
2021-06-03,131.59169347647867,132.1950662065401,129.37934628459382,130.6148223876953,8191900.0
2021-06-04,131.907749478443,134.89586796977443,131.80239891282304,133.93814086914062,6662800.0
2021-06-07,133.56462845633456,133.78490159857185,132.34831094147003,133.0953369140625,5943100.0
2021-06-08,134.40738787659382,134.8000594077465,129.52298951888082,130.1167755126953,8129200.0
2021-06-09,131.06495806560233,131.65874418479032,128.88134147027583,128.95794677734375,6887800.0
2021-06-10,130.1263708339768,132.32914599249636,129.5804740094825,131.36184692382812,6163000.0
2021-06-11,131.1415603134344,131.3522614373451,129.5134272217426,131.03622436523438,6077700.0
2021-06-14,131.0170891228927,133.6508390282318,130.01147259992075,133.15281677246094,6062900.0
2021-06-15,133.24855783304122,134.66598965488114,132.3578641529888,132.77926635742188,6059300.0
2021-06-16,133.61251704213316,134.35954309256095,130.2892024733357,131.18946838378906,8030400.0
2021-06-17,130.77763699162946,132.78885511129,129.34104635740525,131.5150909423828,7690300.0
2021-06-18,129.53259274194158,130.49989187041166,125.10789813207536,125.68252563476562,13258400.0
2021-06-21,125.64418747644976,127.93315405769292,124.81096979542774,127.4255599975586,5984000.0
2021-06-22,127.2053242691096,128.75683754145254,126.03689600280616,127.79911041259766,5680900.0
2021-06-23,128.6227186200917,130.45198040722778,128.60355999127952,129.77198791503906,6327400.0
2021-06-24,131.20861334728028,132.616473360326,130.93087891696268,132.41534423828125,6374100.0
2021-06-25,132.84629118555813,133.32515458673868,129.65705918004554,130.4328155517578,7276700.0
2021-06-28,132.91336962054154,135.44176865326074,132.0992957164485,135.0299530029297,6984400.0
2021-06-29,134.5127789205366,136.7538570046432,134.45531762818877,135.92063903808594,5340500.0
2021-06-30,135.98766833551647,136.61018506905856,134.14883416337537,136.3803253173828,5963400.0
2021-07-01,135.70991502489272,136.17920652292509,131.77365641095074,132.11843872070312,7693500.0
2021-07-02,134.01473107451966,134.57980110666838,131.7066201285553,132.31956481933594,5299600.0
2021-07-06,133.39224279660496,135.1448853203394,129.1207876827283,130.9979248046875,7432600.0
2021-07-07,132.65475027823732,132.8750379914904,128.35456576510208,129.1686248779297,5956800.0
2021-07-08,126.0751748702258,128.70892397764476,124.2363408834237,126.92755126953124,7770900.0
2021-07-09,127.7799254113615,129.6570766266282,126.50614683917216,129.19735717773438,5762900.0
2021-07-12,130.24131794621465,131.23734773347692,128.97711111732715,131.01707458496094,5459600.0
2021-07-13,130.25086059507376,131.17985687283004,129.05370194989845,130.52859497070312,4950600.0
2021-07-14,132.34828394762988,133.96684476270954,129.6858043086093,129.9156494140625,5982300.0
2021-07-15,129.2739742273798,130.1838118691815,126.03686720874568,127.56922149658205,7057900.0
2021-07-16,128.33543041501338,128.90048589237512,122.51244793805462,122.7614517211914,8190600.0
2021-07-19,119.89785679305092,123.27863225327886,118.6432293358697,123.18285369873048,8934000.0
2021-07-20,123.73834236640262,127.4926309651782,122.39753022889572,126.39125061035156,7417600.0
2021-07-21,127.20531683657453,132.42492646110358,126.92756780173184,132.1663360595703,6434100.0
2021-07-22,131.20858236298346,132.88460440046683,130.60520975308867,131.38096618652344,5564000.0
2021-07-23,132.11846580703553,133.1240823011265,130.7584949213512,132.5781707763672,4345600.0
2021-07-26,132.3866210667495,133.9668796469958,131.63002304136373,132.6260528564453,4638200.0
2021-07-27,131.81196222190084,131.81196222190084,126.01771136519486,129.19735717773438,6344100.0
2021-07-28,129.8965336629286,132.05141967796715,129.29316090231583,131.4097442626953,5041900.0
2021-07-29,129.68582345359027,132.0322518052533,127.86613328885286,131.68746948242188,5382600.0
2021-07-30,130.72971343179157,135.42256909409875,130.70098279574188,134.01470947265625,8556400.0
2021-08-02,135.07780906484558,139.1098461474323,134.93415586096953,136.00680541992188,10230600.0
2021-08-03,136.5144238222773,137.29976711306207,134.31166303131025,136.15049743652344,5589600.0
2021-08-04,136.9549879600283,138.5831212577807,135.81529026747447,136.72512817382812,5434600.0
2021-08-05,137.36682725706143,137.79781625701602,135.19279668716973,136.25587463378906,4282200.0
2021-08-06,135.72907187939086,137.10820110033794,135.60456269274155,136.6197509765625,3843300.0
2021-08-09,137.424241274874,137.61578373649013,135.47047017063144,135.99722290039062,4026600.0
2021-08-10,136.868767129799,136.95495905127157,129.58046417895392,132.22378540039062,6403900.0
2021-08-11,132.65477400271467,132.73139392358138,126.9946180060842,129.1207733154297,9630600.0
2021-08-12,126.41997992103028,126.43913855529428,122.2921783693855,123.75749969482422,12962600.0
2021-08-13,123.67129788056654,124.925917970132,123.14454508356256,124.4087371826172,8812400.0
2021-08-16,123.95858991259888,126.46784441418863,123.64255288483976,126.12306213378906,10412000.0
2021-08-17,124.55239090837377,125.30898875751215,121.35357914361542,123.35523223876952,8208400.0
2021-08-18,123.36483999174168,126.07520975869696,121.80374726473175,121.9857177734375,6768800.0
2021-08-19,120.88431952933335,124.49495490163255,119.98405368884572,123.73834228515624,9020200.0
2021-08-20,124.8684711884576,126.41041249309076,119.95532620520746,121.82289123535156,13707600.0
2021-08-23,122.8859318909558,125.94108293300629,122.39749645003717,125.93151092529295,7710700.0
2021-08-24,126.22841112135448,127.74162141031437,125.09828575532616,125.88362884521484,6356600.0
2021-08-25,126.20987210365313,128.76208997749626,126.11393297967108,127.43801879882812,6735100.0
2021-08-26,127.39964143981142,128.40709748390282,126.25785889920716,127.12139892578124,3958700.0
2021-08-27,127.62034167773749,131.59258555769196,127.476425633008,131.01690673828125,8413900.0
2021-08-30,131.9955677136182,132.30259346117597,129.89430580944196,130.5371551513672,4617700.0
2021-08-31,130.9209545939094,131.064885280941,128.1384703305476,129.65444946289062,5586000.0
2021-09-01,130.18210823209714,130.5275212697614,127.84099168847058,128.0520782470703,6260300.0
2021-09-02,129.27060608313892,130.4411716752391,128.455057688963,129.001953125,5142200.0
2021-09-03,128.41663599163974,130.90168251019242,127.94650076085014,130.3260040283203,4836000.0
2021-09-07,131.11279505881816,131.61172822127796,128.33031190913275,130.95928955078125,5550400.0
2021-09-08,130.2012791826518,130.431559381057,126.4113405902076,128.1479949951172,7440600.0
2021-09-09,127.63953342100054,130.3452721446718,127.53399010964118,129.5297088623047,6808600.0
2021-09-10,132.67674168604415,135.09463262368195,131.0744136730756,131.2950897216797,9054700.0
2021-09-13,133.09892311986422,135.57438060500593,131.98592400738428,133.7897491455078,8507600.0
2021-09-14,132.51363889983577,136.05411858196658,132.3217460371661,134.4613800048828,8073200.0
2021-09-15,134.3174727966238,135.61276068466597,131.87079837633806,135.50721740722656,6103200.0
2021-09-16,134.6724748943251,138.76945438051104,133.53069252600378,138.25132751464844,8467300.0
2021-09-17,137.2055321995663,137.2055321995663,133.73222201345763,135.0946807861328,10884400.0
2021-09-20,131.02645498616533,131.15119194596576,128.13842835457928,130.03819274902344,8822500.0
2021-09-21,131.573357792182,131.6789010660666,128.0424675171684,129.70236206054688,5782200.0
2021-09-22,130.67145039155193,133.1756912254135,130.05738440288988,132.50405883789062,6344300.0
2021-09-23,133.68420323321195,136.3899262464655,133.08933097195845,135.39207458496094,5620700.0
2021-09-24,133.760978589272,136.60102839378072,133.52110882548973,136.1692657470703,3729900.0
2021-09-27,133.9432759169748,137.46456213377715,133.8856948782512,136.95603942871094,5248600.0
2021-09-28,132.03391510057574,133.92409003530923,127.15975967947772,127.5051727294922,12873900.0
2021-09-29,127.418818928425,128.60856356333488,122.85168934645264,123.07238006591795,10730100.0
2021-09-30,124.13741073932847,125.54784618866258,123.30265396614776,123.51374053955078,7329800.0
2021-10-01,124.02225955525194,124.34849356644844,121.29734250494826,123.89753723144533,6459200.0
2021-10-04,122.48711040214693,122.6406232578642,118.17904379733083,120.12678527832033,9549500.0
2021-10-05,122.31438151017862,123.9646791786948,120.31866350887644,122.88047790527344,7330400.0
2021-10-06,121.18219318187724,122.9860036355078,120.62569363921368,121.39327239990234,7388700.0
2021-10-07,123.43696914190616,124.68429478665767,122.29519409442725,122.69817352294922,5761300.0
2021-10-08,123.10116402618888,123.5712993868926,120.76962966113936,121.1054458618164,6300500.0
2021-10-11,120.60649221781276,123.96466829586116,120.56811950444884,122.33355712890624,5472000.0
2021-10-12,123.54250869192047,123.609679248225,119.8773065866085,121.6235580444336,7637900.0
2021-10-13,123.56169640674231,124.23332873493156,122.33356453791436,123.01480102539062,4950600.0
2021-10-14,126.28660657699376,126.89108296150124,124.3964319960448,126.7183837890625,7947600.0
2021-10-15,126.9006768792966,127.52434696252554,125.93160843921568,126.25782775878906,4826600.0
2021-10-18,125.07769446371732,127.99450444863902,124.57876123875435,127.8793716430664,4208500.0
2021-10-19,127.92733164347408,129.85587908475728,127.2365056202261,129.1458740234375,3694300.0
2021-10-20,128.54140535343203,129.7215604475275,127.94653304657687,128.55099487304688,4619000.0
2021-10-21,126.32501008458622,128.10003747039917,125.22160043779544,127.93692779541016,5611000.0
2021-10-22,129.73115517847668,135.82383772232453,129.0595082015678,130.42196655273438,10744900.0
2021-10-25,130.7290306566124,132.33135903697598,129.81752841682933,130.25888061523438,4005600.0
2021-10-26,131.71726994692511,131.8324027367229,126.34418193556044,126.6512222290039,7864600.0
2021-10-27,127.87936802748284,128.8388470880975,126.08514686908978,126.80475616455078,7837600.0
2021-10-28,129.11708974494297,132.2641795398438,129.06911286919103,130.50833129882812,6391700.0
2021-10-29,129.32816153194577,131.6980757152419,129.09789595331745,131.11279296875,5715300.0
2021-11-01,131.42942250332604,134.01042322192572,130.8921166336745,133.85690307617188,5329000.0
2021-11-02,133.84732156451153,135.73749638078343,133.26203878423715,135.488037109375,4822900.0
2021-11-03,135.70872196813494,137.54133050507767,134.21193696180077,136.96563720703125,4117500.0
2021-11-04,137.4645440813666,144.39198280876002,136.7257412398922,144.04656982421875,9272800.0
2021-11-05,144.18090584214715,147.50069480877778,142.76086645572232,147.07852172851562,7706800.0
2021-11-08,148.5849368415722,148.61372004388127,145.10202295727998,146.76193237304688,5878500.0
2021-11-09,146.7811268592326,150.3311970423039,145.28434161970455,149.95700073242188,7274600.0
2021-11-10,147.0401545094492,148.71924273386378,144.18091123235396,144.30563354492188,7149500.0
2021-11-11,146.06147502665928,147.93245603271217,145.16916663934433,147.66380310058594,5061000.0
2021-11-12,148.40264139669156,151.0316195918218,147.8653354042247,150.4655303955078,5778600.0
2021-11-15,150.59984810661783,151.73202643318692,148.91115549683423,149.93780517578125,7304300.0
2021-11-16,149.08384468013054,152.5571538115123,147.32799643600754,151.46334838867188,6200700.0
2021-11-17,151.51134817424162,152.0870268498703,149.57319629316655,149.6595458984375,5759200.0
2021-11-18,152.07741326334195,152.5379590590618,148.4697776893105,152.3076934814453,9929500.0
2021-11-19,144.8525197400146,150.1104596146928,143.6723648816794,143.9506072998047,16028700.0
2021-11-22,144.88138310914653,146.7811481393191,141.38887883041332,141.57118225097656,9029100.0
2021-11-23,142.6841377128961,143.8738823795387,139.2204177144018,142.8856201171875,7254500.0
2021-11-24,142.6069413926581,143.3181073770772,140.12748744409348,143.20277404785156,6185900.0
2021-11-26,139.93529586475276,141.4441022878028,136.67741134045272,137.70570373535156,7334100.0
2021-11-29,141.0500587276152,145.65337558151194,139.82954927745266,145.32662963867188,9932300.0
2021-11-30,145.22090126873704,146.05699070363255,140.75212817751827,141.45367431640625,13505800.0
2021-12-01,145.3554642954694,150.47774456554316,144.00041148909438,145.75909423828125,14372000.0
2021-12-02,142.2321067033986,144.058053558943,138.13813377601898,140.7809600830078,9573200.0
2021-12-03,142.72223014761192,144.86533265245902,137.7441132923065,140.1466827392578,7768000.0
2021-12-06,140.09861086725363,142.57806398559913,135.5241244923904,141.63626098632812,8579700.0
2021-12-07,145.11524096175208,151.842437562628,144.27915121959174,150.77569580078125,10514900.0
2021-12-08,150.74682975884073,151.70785761280143,149.10346567635457,151.16006469726562,6582400.0
2021-12-09,149.76657844175267,152.16914809590344,146.44143025231602,146.70089721679688,5420000.0
2021-12-10,150.02603403861087,150.77563446750938,144.77881637220233,146.7777557373047,5291900.0
2021-12-13,148.08474608503457,148.44994128212554,141.00197704411997,141.36717224121094,6202500.0
2021-12-14,139.32976946427047,142.4242793344347,138.89731000154543,141.97259521484375,5691500.0
2021-12-15,142.184063966329,147.8925716007328,139.50280278320162,147.67153930664062,6883000.0
2021-12-16,148.3826677634096,149.29565578970195,140.55990304336476,140.98275756835938,7155900.0
2021-12-17,139.627693533986,143.17388772379266,138.59940162745818,140.4541778564453,9334700.0
2021-12-20,138.1958070971343,141.0596659703851,137.66723884935615,139.358642578125,4653400.0
2021-12-21,143.53909935059477,145.61492272356065,141.29029802860796,145.51881408691406,5986900.0
2021-12-22,144.12536744215177,146.4991077276673,143.116285129568,146.3837890625,4293700.0
2021-12-23,147.1045359844025,150.43928904101253,147.03725699797835,149.4302215576172,4625500.0
2021-12-27,150.10293797708815,156.46493747098404,150.10293797708815,156.37844848632812,6416500.0
2021-12-28,156.50342457422133,156.63796791531493,152.56320368428453,153.41851806640625,5834300.0
2021-12-29,153.6682957859672,156.66671164345144,153.33194494980245,154.70620727539062,4654400.0
2021-12-30,154.41790695006037,154.6485588519788,151.48678451614418,151.82313537597656,4171400.0
2021-12-31,151.97691056754604,153.44728168520822,150.9197742967545,151.22731018066406,3594300.0
2022-01-03,151.59253543887866,154.5140535947913,150.59305828208574,153.69717407226562,5363900.0
2022-01-04,153.7548652428874,155.53275813160076,148.48842157888973,152.18838500976562,6947000.0
2022-01-05,151.88080503664133,152.6976844138397,147.51774590951024,147.74839782714844,6840100.0
2022-01-06,147.3063427939877,151.26577271227626,145.9224603895822,150.24708557128906,6576000.0
2022-01-07,149.05541945259796,151.24656169003083,144.7692289604249,144.93260192871094,6335700.0
2022-01-10,141.96299964000818,144.05803278981688,137.68642971081158,143.76011657714844,9683900.0
2022-01-11,142.59732165986233,146.71051981696735,140.569552244607,146.50869750976562,6824400.0
2022-01-12,148.69985412359185,153.524218652944,148.59414046002018,153.33201599121094,10379800.0
2022-01-13,157.60852107980742,160.03991965260437,150.4008143231089,151.05430603027344,12553600.0
2022-01-14,149.70889115756555,160.54928223947678,149.53591321354932,160.4916229248047,11437300.0
2022-01-18,158.91554020899085,159.42488371413833,145.61492043148547,146.42218017578125,12417000.0
2022-01-19,148.41150861526535,149.74735126731437,137.35008447533642,137.49424743652344,12929000.0
2022-01-20,140.0121506522651,141.57863074967642,133.16001734816126,133.72702026367188,10573800.0
2022-01-21,132.1605521660563,136.36984411783422,129.4023923040199,129.79641723632812,12408200.0
2022-01-24,126.38476182910478,134.0057199765974,124.63569884280656,133.86155700683594,13204800.0
2022-01-25,129.54654870867304,131.09380403336186,126.25021577167496,127.80709075927734,11800000.0
2022-01-26,132.34312085565094,136.0622930765114,127.66290634447672,130.29612731933594,11852600.0
2022-01-27,129.0083735253248,130.17120891873603,124.26089398049264,125.0777587890625,13539100.0
2022-01-28,124.54918136683968,127.33615550854972,119.02326539950435,127.28810119628906,13292900.0
2022-01-31,127.73979941003586,132.9773974129255,126.50008013618022,132.7947998046875,8588900.0
2022-02-01,132.84282792682623,133.85190974002575,128.17223366537695,133.20802307128906,8151400.0
2022-02-02,135.2166174078708,135.88933397922906,131.86263955062688,135.27427673339844,8134100.0
2022-02-03,132.80442990914847,135.71634287970187,129.83485761864273,131.1898956298828,10040600.0
2022-02-04,129.10445493713394,131.42053516398272,126.79799437211553,130.28652954101562,8514400.0
2022-02-07,130.4691015891548,132.90050024201716,129.9309284798581,130.82469177246094,7242200.0
2022-02-08,129.58498342018743,133.77506516261514,128.2972097036001,133.3426055908203,6644100.0
2022-02-09,136.13921112474227,139.32981601704537,134.05378241356564,138.58021545410156,7652600.0
2022-02-10,134.34208597672182,139.50281585921545,133.59248537508535,134.3228759765625,8525700.0
2022-02-11,134.1114380697289,135.08207090951507,126.16373372312864,127.32658386230467,9473100.0
2022-02-14,127.2112646035826,129.16215016212223,124.63571674537916,126.7211456298828,9529300.0
2022-02-15,129.44083425035407,134.90908467393382,129.0564143392408,134.39012145996094,9065200.0
2022-02-16,133.0831320816547,136.18726258411698,131.56470632444123,135.46649169921875,7990700.0
2022-02-17,137.26359584124768,138.18617427303093,129.49848983049293,131.15145874023438,11879800.0
2022-02-18,131.65120146167428,131.6896361208367,125.8273607704539,128.15306091308594,8151300.0
2022-02-22,125.1011115717256,130.12672295271813,123.71473399206415,125.40918731689452,7667700.0
2022-02-23,127.04587251946064,129.2217057977412,122.86748844316062,123.09854888916016,8413800.0
2022-02-24,118.496595411428,128.65372430820423,118.1114896406214,128.4515380859375,8500900.0
2022-02-25,128.39373255775325,131.07020539928243,126.83406534967666,130.6658477783203,7784500.0
2022-02-28,128.83661462007805,131.95594917658903,127.11326513235905,129.20245361328125,7428100.0
2022-03-01,128.75961532594454,130.03045175182396,123.32000880926724,124.78340911865234,9212500.0
2022-03-02,125.15885731622198,129.4623976622629,124.82188528568568,128.22042846679688,7008700.0
2022-03-03,130.08824234750526,130.08824234750526,124.74493134152688,125.77507781982422,5449700.0
2022-03-04,123.5991972144398,124.73524754859122,119.49783544357436,121.05750274658205,7096100.0
2022-03-07,122.80973904362756,123.28149702337964,114.67441496088452,114.7803192138672,9207100.0
2022-03-08,115.32909647402808,123.1082041087392,113.76942161284748,119.5267333984375,10525000.0
2022-03-09,122.94452325879293,125.00483031456422,121.50038238725529,123.83026123046876,7623200.0
2022-03-10,121.03825539738844,121.30782717141344,118.11146249531122,120.3161849975586,5604400.0
2022-03-11,125.15888689329992,125.15888689329992,118.77578630604278,119.03572845458984,6016000.0
2022-03-14,119.1320074641555,120.07551618606162,114.66479838492272,115.65644073486328,6733200.0
2022-03-15,117.1872328451361,120.2969457732981,115.39649736673152,119.77706146240234,6875300.0
2022-03-16,122.57869733201323,125.8713446508419,120.43173764622831,125.62101745605467,9668900.0
2022-03-17,124.50424405598118,127.33474870317258,123.53184616519674,127.07481384277344,6781100.0
2022-03-18,125.73654096585032,130.69475220839757,124.9181885748772,130.1074676513672,11516500.0
2022-03-21,129.1061863795158,130.33851861996246,127.00736089182573,129.20245361328125,6206600.0
2022-03-22,129.00991765006532,132.2255344597876,128.86550943936783,130.43479919433594,4997800.0
2022-03-23,128.63442584956857,130.06894422581513,126.31416961160268,126.5259780883789,5457900.0
2022-03-24,128.05675049391797,133.48671834937068,126.43932013680994,133.428955078125,7617800.0
2022-03-25,133.4674888677305,133.8140832250999,129.78011449894368,131.95594787597656,6074200.0
2022-03-28,130.059328528163,132.62027530109117,128.72109185503396,132.53363037109375,5209600.0
2022-03-29,134.86349665553135,136.7216174248996,133.7370685995492,136.1728515625,6162600.0
2022-03-30,135.45078804215046,136.03807258223517,130.04970061303104,130.74288940429688,6387500.0
2022-03-31,131.0317348370701,132.23518569086184,126.74743804512174,126.89186096191406,8474800.0
2022-04-01,127.9316225685044,128.08565308684285,120.89383817416858,122.66532135009766,10138100.0
2022-04-04,122.43424253276967,124.87002525363226,122.17430044771665,124.61971282958984,8347800.0
2022-04-05,123.98429835688046,124.17684752240592,116.83098741293963,117.17758178710938,11653700.0
2022-04-06,114.5781397447105,116.70583976480236,112.71038185170518,114.88622283935548,11602000.0
2022-04-07,114.64552381384286,119.2860291992868,114.17376587320094,117.84188842773438,11817200.0
2022-04-08,116.74435912404776,117.83227602028866,115.01138700631093,115.49276733398438,6408100.0
2022-04-11,113.79828745788878,114.61663975404988,111.81500319064762,111.9112777709961,7785100.0
2022-04-12,113.70202722002529,114.81883305972552,109.91837770734791,110.29385375976562,9883800.0
2022-04-13,110.94851929668197,113.72127427098346,110.22644891300423,112.50819396972656,9351400.0
2022-04-14,113.03770183648524,113.15322838324792,109.03261505572434,109.13851928710938,7711200.0
2022-04-18,108.3105628755544,111.66097285242816,108.15651766039691,110.5923080444336,6822700.0
2022-04-19,109.87984112191192,112.87402653484676,109.31181601519098,112.7007293701172,6086600.0
2022-04-20,116.03188176632794,117.81299440696176,113.1436005267432,113.49982452392578,8856100.0
2022-04-21,114.77067322096352,116.57103792022156,111.0447876073124,111.38175964355467,7849400.0
2022-04-22,110.93889644826878,111.86314565351134,108.43571325396375,108.5993881225586,8489400.0
2022-04-25,107.26115422397024,110.44788922929398,107.0589680487279,110.20719909667967,8518300.0
2022-04-26,108.6379117078519,108.98450614060104,104.77724666601574,104.8638916015625,9461800.0
2022-04-27,104.334363071603,108.18540525771732,103.88186443948976,104.75797271728516,6891600.0
2022-04-28,107.2611464300942,111.67058375677412,105.50891534051507,110.3612289428711,7379100.0
2022-04-29,108.8208219994476,111.83426717230846,106.05770396742344,106.2406234741211,7998900.0
2022-05-02,106.96270413694484,108.9844999835737,104.15144487038354,108.76306915283205,9425100.0
2022-05-03,108.00248941790178,110.45753200003648,107.28041893436578,109.56216430664062,5463700.0
2022-05-04,109.91836614258564,114.68403509501051,107.86768889165457,114.38557434082033,6352100.0
2022-05-05,111.74760626826144,112.54669921271308,107.6847559529121,109.2444305419922,8172500.0
2022-05-06,107.7136327723662,110.76558887561164,105.79774159987768,108.310546875,6247000.0
2022-05-09,103.92036795540412,106.66423383834012,101.45569614619323,101.81192016601562,10088400.0
2022-05-10,105.15272285816498,105.48968762779236,101.26316882164063,103.18869018554688,8881000.0
2022-05-11,102.68804083605848,105.06605315614622,99.7516183048799,100.0500717163086,8311700.0
2022-05-12,99.19322434346424,102.89985121806562,99.15471303768088,102.7843246459961,9287100.0
2022-05-13,104.1610674756176,108.43571937292032,104.00702226007796,107.69439697265624,8321100.0
2022-05-16,105.52819454743212,108.12764534247812,104.57506356861931,106.36579895019533,7218200.0
2022-05-17,110.27460751313036,112.95108098810468,109.1096679892528,112.48895263671876,6646500.0
2022-05-18,109.74505740792392,112.69110926613747,106.664227024808,107.19374084472656,8522800.0
2022-05-19,107.26114394317918,109.2540577563971,106.09619734913773,106.6160888671875,10115800.0
2022-05-20,107.82916949890443,108.54161016927256,97.55651734611688,102.49547576904295,16285500.0
2022-05-23,103.10202926615668,107.20339148432048,102.99613235767308,105.83627319335938,7669100.0
2022-05-24,103.86260560807172,104.68095795272848,101.7734169750579,102.62064361572266,6785400.0
2022-05-25,101.40461530151916,105.60286335626029,101.40461530151916,104.74391174316406,7378200.0
2022-05-26,103.22868138067102,111.67343614705356,103.09356589346824,111.0557632446289,9173100.0
2022-05-27,112.55169868083212,115.52424688148052,112.33937223151965,115.31192779541016,8510500.0
2022-05-31,113.44925039715116,114.539827496453,111.5286665977082,113.19831848144533,9751200.0
2022-06-01,113.84493501076628,114.3660978592836,108.86494673033606,110.46703338623048,6852200.0
2022-06-02,110.6890132328548,113.31412653569568,109.5887830049349,113.2369155883789,6408500.0
2022-06-03,110.88201960175928,112.2814328743819,110.1581836269737,110.94957733154295,5080700.0
2022-06-06,113.05353455126853,113.76771736239569,110.38017009142987,110.98818969726562,3824600.0
2022-06-07,109.25097700351752,111.94364779927236,108.4788896903748,111.6348114013672,4725500.0
2022-06-08,111.24877429792278,111.63482167163028,107.31111170318177,108.53680419921876,5138300.0
2022-06-09,107.22423690225384,108.06388930447103,103.41203695303282,103.49889373779295,5947900.0
2022-06-10,101.7713490032208,102.601348290011,98.25833184839576,98.32588958740234,8391600.0
2022-06-13,94.83217913146402,95.40159331002448,92.3132289988258,92.95985412597656,10484200.0
2022-06-14,94.00216259215856,94.54262440662944,92.0622802034471,93.24937438964844,7058400.0
2022-06-15,94.43647638072736,95.83589717973896,92.25531499404664,94.02147674560548,9377200.0
2022-06-16,91.48323143114432,91.79206786807596,85.65393724122309,86.46463012695312,13359300.0
2022-06-17,85.13275503745146,87.76752104413379,84.56334097750417,86.69624328613281,14451300.0
2022-06-21,88.50100393118,92.34216319465196,87.97984853827606,91.8499526977539,12207400.0
2022-06-22,89.84253409446009,92.58346398270592,89.61090860185563,90.6628875732422,7652000.0
2022-06-23,91.32881296096352,91.99474454442368,88.89672684919356,90.02590942382812,8286300.0
2022-06-24,91.99472726101584,94.85146571402387,91.36740127188534,93.96356201171876,10582900.0
2022-06-27,94.5522987920355,95.42090359072776,93.17218432390268,94.2048568725586,4950100.0
2022-06-28,94.687416475624,95.45951128422978,91.43497685066754,91.70520782470705,6494200.0
2022-06-29,90.69184028121258,90.91381256509436,88.2211487127514,88.73265838623047,7570200.0
2022-06-30,87.10160012665901,90.25752189973257,86.15578449764612,87.80613708496094,8183600.0
2022-07-01,85.62496445894739,85.62496445894739,81.5135743948019,83.26042938232422,13121600.0
2022-07-05,80.33615885535255,83.22185758723293,79.78604367988314,82.9998779296875,9549900.0
2022-07-06,83.24115337040148,84.42824784090139,81.98650115691322,83.54033660888672,5732400.0
2022-07-07,85.5960408189788,87.97987574388942,85.57673439801832,87.58417510986328,7469600.0
2022-07-08,86.51288121866293,88.45276382960644,86.18474575464029,88.0088119506836,4890800.0
2022-07-11,86.37776353543825,86.92787860644158,84.75637058460096,85.5284652709961,5319300.0
2022-07-12,86.12682380504333,86.87961200585887,85.01694055576195,85.6346206665039,5492300.0
2022-07-13,83.51136688329082,86.9761321976774,83.4631155702391,85.972412109375,5786900.0
2022-07-14,85.3933503277641,88.86776171131598,83.39556322997872,88.47206115722656,8686500.0
2022-07-15,89.13799996430016,91.29020175910492,87.06300175435473,91.17439270019533,8051200.0
2022-07-18,92.41938845654906,93.03706129368754,89.32137106186478,89.89078521728516,5683400.0
2022-07-19,91.37704037692671,95.1988928808147,91.07785724070928,94.8031997680664,8203200.0
2022-07-20,94.18554195688723,99.27170065289006,94.1083383753779,98.66368103027344,8314000.0
2022-07-21,99.9279840254478,100.34298367047968,97.49589068513596,100.21751403808594,5463800.0
2022-07-22,100.0920419099087,100.3333205782953,97.41867750401104,98.12320709228516,5100400.0
2022-07-25,97.00367365117152,97.73715546940764,95.99030034303652,97.47657775878906,4367000.0
2022-07-26,97.07123527616224,97.45728261681188,95.13135272774718,95.4594955444336,5073900.0
2022-07-27,97.06157323086646,100.8544738331897,96.56936273227004,99.85075378417967,7275000.0
2022-07-28,99.76390655652897,101.6169249644413,97.23530345850396,101.49146270751952,6090500.0
2022-07-29,99.88939444364416,102.83299790153166,99.44544246303929,102.28288269042967,5817700.0
2022-08-01,100.84482935843344,103.59540468306162,100.05343562708003,102.68820190429688,4737500.0
2022-08-02,101.05715402509712,102.82331560015272,100.04378806147209,101.32738494873048,4137900.0
2022-08-03,102.05120939247676,106.741666645687,101.9933048763165,105.20713806152344,6088000.0
2022-08-04,105.60285839301048,107.31111569211146,105.22646421454584,107.1856460571289,5279600.0
2022-08-05,105.2553987225269,107.34004984839268,103.69191774136785,105.79586791992188,4784000.0
2022-08-08,105.3905082191762,106.51004465601108,102.24424001891238,104.06830596923828,6038600.0
2022-08-09,100.1306419891054,100.34296838397182,94.46541650965412,96.1833267211914,10355800.0
2022-08-10,99.18483949951064,101.46251089585644,97.41868510517804,101.38530731201172,8599800.0
2022-08-11,102.09947311426964,105.11063327859804,101.32737849882956,101.84854125976562,5555600.0
2022-08-12,102.49518551105186,107.43657577854664,102.0705400197434,106.52936553955078,6644700.0
2022-08-15,105.96960091275564,107.7550617009435,104.2323914434025,105.9502944946289,8342600.0
2022-08-16,104.65703280510957,105.76690873871694,103.27691859005353,104.70528411865234,4892400.0
2022-08-17,103.26727690786686,103.52785464715409,100.48774911475836,102.30216217041016,5495600.0
2022-08-18,102.95843685417783,105.51599229085926,101.81960120962584,104.4929656982422,10062400.0
2022-08-19,102.91017938062689,103.5568118355574,99.74460429443924,100.97994995117188,12380900.0
2022-08-22,99.21378871134765,99.81215508034218,96.84925340695568,97.29320526123048,6180100.0
2022-08-23,97.5827441494139,99.7059934623788,97.52483962588012,98.37413787841795,4882300.0
2022-08-24,97.96775270883718,98.78051866939816,96.89373527375984,98.19029998779295,4741200.0
2022-08-25,98.66441677822954,101.7703566010864,98.18062539058072,101.59619140625,7645200.0
2022-08-26,101.59618550362572,101.59618550362572,95.355279918374,95.59717559814452,7757100.0
2022-08-29,94.38769917126751,95.5100913101756,93.24595124361404,93.41043853759766,5609700.0
2022-08-30,94.73604544533504,95.09404639442492,90.52705391743848,91.4559326171875,11623200.0
2022-08-31,91.63977553647548,91.74621024599864,89.60785292370304,91.02052307128906,8729700.0
2022-09-01,88.57252665510354,88.9885875368052,86.14389186274873,88.83377075195312,9953700.0
2022-09-02,90.13034386515233,90.79797101118632,87.60495203857367,88.28225708007812,6795400.0
2022-09-06,88.16614786818451,88.63058348072506,86.32773906187333,87.36305236816406,5922500.0
2022-09-07,87.63398815855737,89.76266771206008,86.96635355567213,88.95957946777344,5567500.0
2022-09-08,88.06939443970762,90.78830747426898,87.33403673301576,90.74960327148438,5233000.0
2022-09-09,92.03647684491932,93.8652077116091,91.9784168582142,93.38141632080078,5094300.0
2022-09-12,93.75877083530892,94.50380631172156,92.15257991177296,93.17822265625,5329300.0
2022-09-13,89.43366253635477,90.3238367817714,87.08243645674001,87.45979309082031,8422200.0
2022-09-14,88.95956654740652,88.95956654740652,86.69541891719993,87.70170593261719,5828200.0
2022-09-15,87.12116344017541,87.87587690578292,85.23437239408513,86.03746795654297,7120300.0
2022-09-16,84.77961893343824,86.45353326737678,84.1216622461489,85.98909759521484,10893600.0
2022-09-19,85.00214108067458,87.3630452965432,84.86668008947592,86.8115234375,5260300.0
2022-09-20,85.16663303315654,86.13421581299372,84.51835434236263,85.26339721679688,4435700.0
2022-09-21,85.50528914311793,88.30160266303442,84.22808022530857,84.26677703857422,6953400.0
2022-09-22,83.83136448519946,83.97650336652306,81.84781699860734,82.28323364257812,8558400.0
2022-09-23,81.46080696785022,81.74140689557578,80.01910312725289,81.55756378173828,7384500.0
2022-09-26,81.55755519032077,82.8057378895845,80.15455569948746,80.2513198852539,7015800.0
2022-09-27,81.69301826248397,82.41870538169991,79.8546094173894,81.4220962524414,6220000.0
2022-09-28,80.30937904535338,83.59916231398698,80.15456224114872,83.21212768554688,7992500.0
2022-09-29,82.0026460904368,82.34129860967627,80.50288972828467,81.68334197998047,8542500.0
2022-09-30,79.28373337549516,81.72203867209177,78.88702090220836,79.27405548095703,9051000.0
2022-10-03,80.34807034916366,84.76992310599249,80.31904404855239,83.45401000976562,9631500.0
2022-10-04,86.23098912857591,87.34370353756952,85.60205877866329,86.51158905029297,7914900.0
2022-10-05,84.80863874274803,87.24694428997219,83.39596865987043,86.32774353027344,7608600.0
2022-10-06,86.0955189980225,88.23387605561416,85.03117203454501,85.26339721679688,6686700.0
2022-10-07,82.40902797435214,82.76703627949713,79.36114057918653,79.9223403930664,10029900.0
2022-10-10,79.3417999474353,79.4675830702939,74.85221576048765,76.62289428710938,14211900.0
2022-10-11,75.21989055154607,76.21649973055204,72.53968923889965,73.82657623291016,12441100.0
2022-10-12,74.06847035797024,74.5038796890387,73.02347910492038,73.54597473144531,7770200.0
2022-10-13,69.84013067320399,78.87735098309021,68.81449521057631,76.84542846679688,17560200.0
2022-10-14,76.980887022019,77.30986902045787,72.17199921142709,72.39454650878906,10453000.0
2022-10-17,74.70708416984864,75.3650409194493,71.75596038487284,71.99785614013672,10772300.0
2022-10-18,74.20392981578031,74.92961694043983,71.74626853441822,72.791259765625,10231000.0
2022-10-19,72.56870824558197,75.26826507816611,72.02686425294426,74.75544738769531,10579200.0
2022-10-20,75.81978387154267,79.45789703010577,74.70706224743685,76.11006164550781,13287900.0
2022-10-21,76.27454309900409,79.97070857652751,75.59723080563538,79.74816131591797,11569500.0
2022-10-24,80.14488499453857,82.3219462917907,79.24503269639152,82.18648529052734,12005000.0
2022-10-25,83.15408203570094,85.63109205374971,82.97023891083658,84.69253540039062,10349400.0
2022-10-26,83.66688389567926,87.3243456110553,83.0186052068842,85.28274536132812,8989100.0
2022-10-27,85.90198696289212,87.07276109004519,83.57011660211927,83.73460388183594,6822500.0
2022-10-28,83.81201846056206,87.01471492429799,83.65720168086624,86.8115234375,6388600.0
2022-10-31,85.9794088679013,86.50190446981735,84.81831245169072,85.42788696289062,6875400.0
2022-11-01,87.5662477679624,87.85652557527035,86.11487349556523,86.87926483154297,6105600.0
2022-11-02,87.42110551775656,90.26580134502052,84.69252228538515,84.91506958007812,10650300.0
2022-11-03,83.17341365087931,84.86668349079642,81.95425729915922,83.50239562988281,6849700.0
2022-11-04,87.1308274757497,88.82409724715572,85.96004588044133,88.72733306884766,8692700.0
2022-11-07,89.26918935103339,92.03647669243792,89.11437256283725,91.95906829833984,7684200.0
2022-11-08,93.83617781986956,95.58750022534142,91.70749135249704,94.30061340332033,10067000.0
2022-11-09,92.19128341154124,93.47817024314848,91.18499646380802,91.3204574584961,6864600.0
2022-11-10,96.91309953768902,101.48976217742144,96.2551429197612,101.39300537109376,11692800.0
2022-11-11,101.89614633479702,107.29526034397958,101.39300650701368,106.94692993164062,11160000.0
2022-11-14,105.33106820666812,106.6566593506556,103.96677286335932,104.12158966064452,7761700.0
2022-11-15,107.56617139691168,108.48537942883614,105.2439713453005,106.87918853759766,9438600.0
2022-11-16,101.96386860348764,103.65713843369078,99.65134639737585,100.84147644042967,12082500.0
2022-11-17,97.16466816877973,102.1767476344636,96.96147665582824,101.06402587890624,10682800.0
2022-11-18,106.42442971143862,106.43410760638268,100.28995832551932,101.30591583251952,10921100.0
2022-11-21,100.17384997673844,102.47670185431848,98.5386326192395,101.73165893554688,9282400.0
2022-11-22,102.48636536853527,103.81195642281524,100.48346932714628,103.57006072998048,8497200.0
2022-11-23,103.12389552928012,105.30625788449912,103.12389552928012,104.43331146240234,4077500.0
2022-11-25,103.70585484630998,104.2684211270062,102.60982666499142,102.63892364501952,3012500.0
2022-11-28,100.8736320990531,101.93086180653091,99.7194025945205,100.35956573486328,6382700.0
2022-11-29,100.93181955504522,101.76596743566915,99.82609002027304,100.14617156982422,3450400.0
2022-11-30,100.84455919459,106.34411155842672,99.57394147032986,106.30531311035156,11167000.0
2022-12-01,106.8387590601201,107.34312397424668,102.58072836953922,103.79315185546876,6976200.0
2022-12-02,101.184028563429,104.09384534427922,101.08703615074336,103.50218200683594,3903300.0
2022-12-05,103.1723892329559,104.4527081084404,102.04725671205212,103.23058319091795,4692500.0
2022-12-06,103.60885774661948,103.851342435916,100.65054157718365,101.56228637695312,4571700.0
2022-12-07,101.56228839553896,104.41391076635767,101.0094235889563,102.92020416259766,6383600.0
2022-12-08,103.82225099249612,106.15010561386156,103.29848314768545,105.34505462646484,5493200.0
2022-12-09,104.53999562606134,106.4410746577788,103.78344459711764,104.11322021484376,4705700.0
2022-12-12,103.60885988420311,106.13069922490672,102.4643318311086,106.08220672607422,4831400.0
2022-12-13,111.92126214880172,112.60021649806924,107.81842426671156,108.507080078125,9557300.0
2022-12-14,108.0123738055082,109.22479717581066,105.2868484370827,106.34407806396484,6429300.0
2022-12-15,104.51090868090274,104.77278890835208,100.8930335976921,101.41680145263672,6773500.0
2022-12-16,101.01912167964817,102.74561146016666,100.43715991318788,101.5816879272461,12925700.0
2022-12-19,101.67868984733984,101.90177163536028,99.5836184117532,100.86393737792967,6162500.0
2022-12-20,99.00164396309629,101.46528917772174,98.97254698576546,100.38865661621094,4761800.0
2022-12-21,101.48468823708431,103.30817781392447,101.0676142806842,102.71651458740234,4889100.0
2022-12-22,99.04045719720293,99.52542662529616,93.08503321222176,94.66603088378906,11326600.0
2022-12-23,93.78338084703252,94.46233501738269,92.46426354459902,94.29744720458984,4753500.0
2022-12-27,93.28871330976165,93.92886906445236,92.30907305783724,92.47396087646484,6121400.0
2022-12-28,91.82410691876989,92.90073960807162,90.86386955265206,91.3973388671875,4274000.0
2022-12-29,93.16261141421018,94.70481033425708,92.27026222143223,94.21984100341795,5071800.0
2022-12-30,92.72613936639,94.5496288805698,92.1732745966758,94.45262908935548,3407000.0
2023-01-03,96.7707733505366,97.01325800676231,93.2305032896768,93.8221664428711,5921500.0
2023-01-04,95.26740842359712,96.62532448450074,94.26837245166112,96.32463836669922,6289500.0
2023-01-05,94.89879778218751,96.25671342683157,94.43323135548069,94.97639465332033,4557100.0
2023-01-06,96.99387797226828,101.70778103372416,95.61656668107302,101.13551330566406,7241700.0
2023-01-09,102.37704277709052,105.49054542118166,101.02882844398066,103.28878021240234,6212300.0
2023-01-10,102.94931281686893,104.93769049413063,102.67773111266752,104.79219818115234,4638800.0
2023-01-11,103.4730668801126,106.87755398877914,103.32757458657127,106.75145721435548,5532600.0
2023-01-12,107.25582663196968,108.52644400135172,104.00653336367468,106.88724517822266,5330900.0
2023-01-13,104.29753122964514,106.88726637862652,104.21024027857794,106.6641845703125,5641600.0
2023-01-17,106.12100219726562,107.30432125631384,104.5399972986212,106.12100219726562,4848100.0
2023-01-18,107.4304074620234,109.0114048051012,106.2858795535242,106.40226745605467,5374100.0
2023-01-19,106.19861046773292,106.34410278600112,102.90081665385624,102.96871948242188,5325100.0
2023-01-20,103.58946619924416,106.47987966245536,103.28878014095687,106.35379028320312,5078500.0
2023-01-23,105.26745784341864,111.45567218596211,105.23836086313204,110.72821807861328,7669300.0
2023-01-24,110.058950010884,110.64091177487006,109.08901127089214,109.59337615966795,3504700.0
2023-01-25,107.65351783946856,110.99981152802894,106.12101998156744,110.5245361328125,5957600.0
2023-01-26,110.96100168978782,112.28011906750214,108.89502728202044,112.10552978515624,5813000.0
2023-01-27,109.23451360965458,110.46633266673112,107.37222543353629,109.1181182861328,8705700.0
2023-01-30,107.36251750799124,107.6340991610894,104.72428304924615,104.9473648071289,7351700.0
2023-01-31,105.68452955864429,108.20636892996856,105.34505246251238,108.1384735107422,6577100.0
2023-02-01,108.73983961376926,116.51874554474902,108.54585481351327,115.4324188232422,9886400.0
2023-02-02,116.69333447404604,121.16475292692492,116.68364041409444,120.52459716796876,11206500.0
2023-02-03,119.22487553845748,119.95232963857016,116.0143804779748,116.37326049804688,6156900.0
2023-02-06,114.65647219188158,115.8495002502728,113.39555610907831,114.15210723876952,5331000.0
2023-02-07,113.86112014848564,117.64388311488987,113.24035988118352,116.89702606201172,4935300.0
2023-02-08,115.56820985466976,115.78159757533192,111.99883476371409,112.4644012451172,6460500.0
2023-02-09,114.8019669803412,115.96589068191444,111.6205686226644,112.59050750732422,5512200.0
2023-02-10,111.34897437441708,111.51386219022189,109.5739846394484,111.3198699951172,4374400.0
2023-02-13,111.70785251780676,113.21126065413335,111.10649518331287,113.02696990966795,4198200.0
2023-02-14,111.41688090058304,115.43242723901707,110.42753910702896,114.87956237792967,4870700.0
2023-02-15,113.48284028067437,115.98528417569509,112.50320001478562,115.86888885498048,4980000.0
2023-02-16,113.36644082682535,114.53037179139932,111.67874943824548,111.92123413085938,9117600.0
2023-02-17,113.26945631212374,113.87082105567109,109.97166278307492,111.96974182128906,9287100.0
2023-02-21,110.22385558156692,111.37808523615828,107.59532206064628,107.93479919433594,7583900.0
2023-02-22,108.03201957501976,109.25699930740284,106.4375951528968,107.3417510986328,5089200.0
2023-02-23,109.41254971591114,110.7930865827346,106.8556392582838,109.77227020263672,7136100.0
2023-02-24,107.92506956523924,108.98477525237486,107.3125723172837,108.21672821044922,5808400.0
2023-02-27,110.3555974416082,110.72503469945252,108.39172840692623,108.9556121826172,5362700.0
2023-02-28,112.91250177244474,114.7888679169619,111.65834961619876,112.92222595214844,13010900.0
2023-03-01,114.42915606311048,116.0041395118596,113.6902815322294,114.00138854980467,6756800.0
2023-03-02,112.24167152770944,115.780516280015,110.76391519644883,115.1583023071289,6502200.0
2023-03-03,115.44996576841493,115.8291271678643,113.69998437297508,115.65412902832033,7232400.0
2023-03-06,116.51941231334555,118.12356092043169,114.93471206754924,115.24581909179688,5775700.0
2023-03-07,115.04165509621645,115.42081654789736,112.44585518320802,113.13612365722656,5225900.0
2023-03-08,113.37918197632864,115.79025966687011,113.37918197632864,115.35276794433594,4474900.0
2023-03-09,115.39164701000286,117.59856120633478,113.60277613695024,113.7874984741211,5701400.0
2023-03-10,115.05136359061724,115.3235887058021,110.7541958354889,111.2111358642578,7009600.0
2023-03-13,110.6278002489893,114.05970108995275,108.80976449321572,112.6208267211914,8221300.0
2023-03-14,115.47912775874047,117.8707639894332,114.60413708473698,116.99577331542967,8322400.0
2023-03-15,115.22635136371323,115.52774157403604,112.4847188554036,115.18746948242188,9517700.0
2023-03-16,114.92498110757518,119.9999201678668,113.6513879611547,119.41659545898438,6787700.0
2023-03-17,120.2137862687072,120.93321970127268,118.24020085529288,119.19296264648438,13761500.0
2023-03-20,119.58187215523812,121.2929644353004,119.02771255657964,120.5929718017578,4974700.0
2023-03-21,120.43740280335372,122.12905397470104,115.1194189795365,117.05411529541016,10090100.0
2023-03-22,116.92772793056476,120.30129881256325,115.39164131461624,115.55691528320312,8342500.0
2023-03-23,117.89994884416257,121.51657262384332,116.83051891575867,119.36798858642578,6182200.0
2023-03-24,118.25966208690248,118.72632630160466,114.76943061746452,116.2082977294922,6354500.0
2023-03-27,117.39439548233568,117.61800711832844,115.03192412127562,115.56664276123048,4628200.0
2023-03-28,115.5860770405486,115.75135100432468,112.36806345844948,113.16527557373048,5523800.0
2023-03-29,115.4208065949483,117.6471690448776,114.09860000968568,116.51940155029295,7865300.0
2023-03-30,118.60965478598771,119.95130230921325,117.96799243746082,118.7165985107422,6213800.0
2023-03-31,118.14299489518778,120.08741553637992,117.63744879212332,119.41659545898438,5016500.0
2023-04-03,118.24994122824664,119.03743664908944,117.24856576275802,118.92076873779295,5146800.0
2023-04-04,119.52353892939183,119.55270405216652,116.07218933178252,116.78190612792967,4772200.0
2023-04-05,116.26663722673284,116.36386419984068,112.4361333258122,114.05972290039062,6691700.0
2023-04-06,111.00697668723473,112.08613075578246,108.76117318006166,111.26947021484376,6275000.0
2023-04-10,109.34449809533643,113.46666785889325,109.3250497348113,113.26250457763672,4096500.0
2023-04-11,114.0694324515038,114.55553758519228,112.85416961728266,113.14582824707033,3373000.0
2023-04-12,114.45832848417392,114.52638291240402,109.7333855602668,110.01532745361328,5838900.0
2023-04-13,110.37504167418552,110.74448636041652,108.42089676150104,110.31671142578124,5299500.0
2023-04-14,110.20975856588764,111.8527963220654,108.2750621744636,109.76254272460938,5211600.0
2023-04-17,106.1848225491394,108.85840118626162,105.97093507138932,108.68340301513672,6952200.0
2023-04-18,109.37364774000348,110.43335329998877,107.45839245502071,108.17782592773438,5055000.0
2023-04-19,106.7973006673863,107.53618257706592,106.08759129749257,107.273681640625,6796800.0
2023-04-20,108.15839610904212,113.0972262238994,108.15839610904212,111.2111358642578,8699500.0
2023-04-21,110.31671575805652,110.92920564248408,109.0917285718246,110.30699157714844,4516800.0
2023-04-24,110.33614428918315,110.77364337230516,109.41254747599656,110.45281219482422,3218100.0
2023-04-25,109.37366316606143,110.50143071993656,107.35146388024307,107.53618621826172,6282600.0
2023-04-26,108.07089145561488,108.40143936958556,106.76812590570756,107.2445068359375,6245800.0
2023-04-27,108.20703209999344,109.06257467355672,106.11677803218691,108.57646942138672,9447000.0
2023-04-28,108.59587468950082,110.11252762180344,108.03199841944766,109.888916015625,8064400.0
2023-05-01,110.15142148048872,111.25974054381038,108.98476475984069,109.81114196777344,4171600.0
2023-05-02,109.78198053454562,110.23892054250813,108.10977770428951,109.04310607910156,4850200.0
2023-05-03,108.82922592155272,112.06668065968022,108.78061243845612,110.14170837402344,5624100.0
2023-05-04,109.9083671548358,110.25836342365828,108.61532579598472,109.32503509521484,3579600.0
2023-05-05,110.54029258893748,113.37915190268762,109.83058332353112,112.83470916748048,4874200.0
2023-05-08,113.6222186432216,114.32220381761036,111.73612831734204,112.53334045410156,3247600.0
2023-05-09,110.90975794246144,111.2305891364953,109.72366013473103,110.67642211914062,3173700.0
2023-05-10,112.3097179742458,113.00971049838112,110.96807058123656,112.2027816772461,4101000.0
2023-05-11,112.09584639401142,112.62083340922398,110.74447472058782,112.25139617919922,3630400.0
2023-05-12,113.46665699534034,113.816653277521,111.7944541843384,112.86388397216795,3838700.0
2023-05-15,113.44723926465328,117.89024070411634,112.795852628929,117.7444076538086,5859200.0
2023-05-16,117.47216650291432,119.64991539003944,117.09300509810964,117.55966186523438,5080700.0
2023-05-17,118.85270286633386,122.79015733928532,118.49298240417237,122.20682525634766,7349600.0
2023-05-18,122.31377768435776,128.39009216939064,122.26517161890314,126.30956268310548,10891200.0
2023-05-19,124.73459381924926,124.75404218043953,121.76934921473426,123.42210388183594,10257200.0
2023-05-22,123.69431402458196,124.01513777157132,122.15822004129711,123.03321075439452,4709100.0
2023-05-23,122.3915601433389,123.2082206928748,120.73880551832472,121.03046417236328,4604500.0
2023-05-24,118.83735159445952,119.519657133827,117.14134814124542,118.65216064453124,6315600.0
2023-05-25,123.95460794367608,127.42459385237832,122.94090260750082,127.17117309570312,9575700.0
2023-05-26,127.46357264865344,133.23388764470616,126.70329561399326,132.61981201171875,9083800.0
2023-05-30,134.51081064533156,135.29058643526403,132.0642787914922,133.11697387695312,7753800.0
2023-05-31,130.2220289028524,132.31766179610253,128.81843585660891,129.9296112060547,11368600.0
2023-06-01,130.34876592829255,132.74657382160328,128.3603518413649,131.42095947265625,5007000.0
2023-06-02,131.72309764751486,131.90829603626472,129.03288729105097,131.2259979248047,5327400.0
2023-06-05,131.4111757651431,131.73281885290714,129.67616816303837,130.34872436523438,3798300.0
2023-06-06,128.07766479453375,131.9278045425235,127.44410540138794,130.55345153808594,5468900.0
2023-06-07,131.84984071421593,133.57507736792735,130.2025682541868,131.59640502929688,4835700.0
2023-06-08,132.41514502095896,133.30212507969546,130.7581162920834,132.75628662109375,4507000.0
2023-06-09,134.3060724166493,134.49127078299117,132.38589613279402,132.6782989501953,3675200.0
2023-06-12,134.2573762716818,136.6844093955181,133.37038121432727,136.469970703125,5931900.0
2023-06-13,137.9222645425823,138.9262204727358,135.8851124025994,138.20492553710938,6859500.0
2023-06-14,134.91040642122408,137.78581482161903,134.73494985761317,137.60061645507812,6474600.0
2023-06-15,135.1833490695788,137.85406108760793,134.44255547498514,136.56744384765625,5524400.0
2023-06-16,137.32771646913704,137.38619704086744,134.63750605865286,135.41726684570312,8847400.0
2023-06-20,135.59273324655692,136.77214606274612,133.79925950977596,135.0176544189453,3840000.0
2023-06-21,135.02738862159518,135.64146438059777,132.43464083134407,133.21441650390625,4715300.0
2023-06-22,131.5866175189837,136.07031562067482,131.5866175189837,135.40750122070312,3763600.0
2023-06-23,133.09743702662269,133.33135928508375,131.43066657017846,132.62957763671875,6956900.0
2023-06-26,133.01945370056958,137.30819686141749,133.01945370056958,136.2652587890625,7256100.0
2023-06-27,136.60639981110174,142.98104883688404,136.4212163208566,142.84458923339844,7343900.0
2023-06-28,139.18939434987877,142.2305023432624,138.45835763047077,140.38829040527344,6645200.0
2023-06-29,141.0316277533842,141.57746620727727,139.88145540583898,140.583251953125,3916500.0
2023-06-30,141.62624599220194,141.869925006341,139.8132735320881,140.8854522705078,6142600.0
2023-07-03,140.37858088560938,142.2207932472448,139.75476333651017,141.7919158935547,2533600.0
2023-07-05,140.60276056346186,141.25581839449254,138.56560801805497,138.66307067871094,5198400.0
2023-07-06,137.10351613437464,137.75657387910965,135.25154735083007,136.83059692382812,5793500.0
2023-07-07,136.08978528225646,138.5265742459008,135.88510333817885,136.0410614013672,3459400.0
2023-07-10,136.2457805647484,138.29268980257137,136.1678015118521,137.0060577392578,6364400.0
2023-07-11,136.63564438332028,136.8890799927392,130.62165009236892,134.08189392089844,7706100.0
2023-07-12,135.6901509615348,136.16775203664054,134.3645372899136,135.37823486328125,5590100.0
2023-07-13,136.5771679414782,140.02767007109722,136.4797052889752,139.04319763183594,5410800.0
2023-07-14,140.9146827839471,141.7139420765488,138.78005261384033,139.13095092773438,6058800.0
2023-07-17,139.36489369291525,142.7958982801929,138.24397620851096,141.82118225097656,6306700.0
2023-07-18,140.16411560222392,141.4799728261914,138.3219035902849,140.8561553955078,6492700.0
2023-07-19,140.40783023408264,140.9926508580579,137.61038545030584,138.19522094726562,5379400.0
2023-07-20,134.3353334277156,134.69597350022033,130.14405267746002,130.65089416503906,9883200.0
2023-07-21,131.801075372839,133.8284860786193,131.7718350878552,132.95123291015625,15686100.0
2023-07-24,134.12090708128855,135.56348237670417,133.38987019285054,134.85194396972656,5276000.0
2023-07-25,135.18335124488812,137.82482301858172,134.9981528432596,136.51870727539062,5038500.0
2023-07-26,134.15012020127637,136.74285253710138,133.35084622607351,135.50497436523438,4050400.0
2023-07-27,140.58326592333648,146.62650134951753,140.563782314463,142.44497680664062,8928900.0
2023-07-28,145.7980038645252,149.4044496644647,144.9402491263617,148.0885772705078,7802000.0
2023-07-31,148.0885714492194,148.81960833424003,146.714233408848,147.75717163085938,4184400.0
2023-08-01,147.10411858601958,148.9950697698271,146.48030101875173,148.77088928222656,3088100.0
2023-08-02,146.81165074104504,146.81165074104504,143.1662241186581,143.60484313964844,5468300.0
2023-08-03,142.31823217658814,144.94021975562146,141.6846729289101,144.07272338867188,4338600.0
2023-08-04,143.79008386086022,145.30089637673575,141.4020330444032,141.97711181640625,3984500.0
2023-08-07,143.33199832958587,146.87996416167869,143.31249984412207,146.5778045654297,3896100.0
2023-08-08,144.40412928485875,144.5600873709957,142.21101889487147,144.26766967773438,3443700.0
2023-08-09,144.23843685744544,145.14493026615204,141.1388478182801,141.48974609375,4796600.0
2023-08-10,143.05903336737873,144.23843108426456,139.48182838525773,140.95364379882812,4018300.0
2023-08-11,138.62406397344031,138.8677428912852,135.02736076637277,135.3197784423828,5193200.0
2023-08-14,134.70571052730813,138.35115270138706,134.18911238171967,138.3024139404297,4850400.0
2023-08-15,137.69810694514473,138.2634439009426,136.2067929424125,136.53819274902344,3384900.0
2023-08-16,136.97682184860395,137.68836027876074,134.67649176979697,134.7544708251953,4613000.0
2023-08-17,135.67072714057096,136.25554783712928,133.11697589106433,134.11117553710938,7065700.0
2023-08-18,133.85774081005678,140.0179377701984,132.10324915676225,139.052978515625,11541800.0
2023-08-21,139.6572884156513,145.44710305284275,139.54032727081392,145.00848388671875,8121900.0
2023-08-22,146.94813628939073,147.32827482448627,143.22472998063222,144.11172485351562,4865900.0
2023-08-23,143.60377944786435,145.12764683738982,142.6660309522649,144.5708465576172,5300400.0
2023-08-24,146.07515525155316,146.47565913870883,138.534041178018,139.2178192138672,6771000.0
2023-08-25,140.26301920511986,141.60128647009438,137.6939663842283,141.0151824951172,4720600.0
2023-08-28,141.94317675693537,143.77962207982068,140.70259837997065,142.05062866210938,3565800.0
2023-08-29,140.52677891717116,147.03247096667786,140.52677891717116,146.50497436523438,5017200.0
2023-08-30,145.73329887469106,148.05815950364882,144.74669084042955,147.4525146484375,4000000.0
2023-08-31,145.9481788683476,149.83595822783263,145.9481788683476,149.22055053710938,6593800.0
2023-09-01,150.92023604302426,150.95930268498736,148.96657602952234,150.42205810546875,3693100.0
2023-09-05,150.40254753077224,151.2328591653237,148.79078365810878,150.05088806152344,4266700.0
2023-09-06,149.6991835880051,151.66260633965086,148.03857572337895,149.63079833984375,3109600.0
2023-09-07,145.76258410206057,146.02633239418324,141.76735269674018,144.79551696777344,6720300.0
2023-09-08,144.29730965495017,145.0592357614801,142.79298330752582,144.11170959472656,4473300.0
2023-09-11,146.5245095913201,146.5245095913201,140.7025958519177,143.3107452392578,4145000.0
2023-09-12,142.64649920110605,143.04700312186503,140.39002404085826,140.6342315673828,4470600.0
2023-09-13,140.86868015922047,143.7014815852554,140.46817622708772,141.2301025390625,4625200.0
2023-09-14,143.01766984284973,143.31072179514098,140.60489878719696,141.22030639648438,5629800.0
2023-09-15,137.5865169938984,137.94793933875198,133.54244122751206,135.0467529296875,13654600.0
2023-09-18,134.6853202193234,137.71348416487757,134.3336608360389,137.0199432373047,5607700.0
2023-09-19,136.47293193761345,136.80505057514966,133.50336025839522,134.51927185058594,6365400.0
2023-09-20,135.54492106284314,136.42407697763647,133.71825379143016,133.79640197753906,5806900.0
2023-09-21,131.89161887590276,134.32391655480228,131.81347067062242,132.05767822265625,5241000.0
2023-09-22,133.81594610324652,135.10535394324452,132.6046715460727,133.0149383544922,5301100.0
2023-09-25,132.74145378236676,133.86480253757924,131.59856424990616,133.42523193359375,5161300.0
2023-09-26,132.46790674737477,132.87817352731363,130.4458616477742,130.97335815429688,5343000.0
2023-09-27,132.08694517076736,132.917256578668,130.01607047561637,131.93064880371094,6296200.0
2023-09-28,131.55945432570752,136.56083395027417,131.1687282964763,135.01744079589844,5341600.0
2023-09-29,136.9711353960349,138.28008432079292,134.8709563735537,135.2421417236328,4448200.0
2023-10-02,135.64263897886343,138.13355891134398,134.0797047335141,136.27757263183594,4896900.0
2023-10-03,135.46680974738058,136.76599574771714,132.29211148569055,133.55223083496094,6173000.0
2023-10-04,134.38252160244318,136.37524841241202,133.79641759085246,136.0724334716797,5543600.0
2023-10-05,136.21891572645978,136.90269362096035,134.587611711994,136.0528564453125,4310400.0
2023-10-06,134.85138482114183,137.88932672501318,132.01856887085174,137.0394744873047,5234400.0
2023-10-09,136.23847275706862,137.66463612078334,134.5680870034115,136.9027099609375,3271500.0
2023-10-10,137.77211984144856,139.42296520427698,137.09811954835618,138.123779296875,3342900.0
2023-10-11,139.5108973114074,139.62811216656291,137.54745905607635,138.88571166992188,5136900.0
2023-10-12,139.68669033708244,144.96156638771424,139.46202361000832,141.64035034179688,8109900.0
2023-10-13,143.64285019931415,143.69169467890677,137.4595146949991,137.86978149414062,6600500.0
2023-10-16,138.4754176726763,139.35457363003428,136.5022317725531,137.7330322265625,6097400.0
2023-10-17,135.90637627521562,139.48156310514165,133.64012329382524,139.41319274902344,5915900.0
2023-10-18,136.65851786518448,139.1787411797207,134.90023570153733,138.172607421875,5357900.0
2023-10-19,139.5303578346103,139.73549864030065,130.67051975779586,131.31521606445312,9400300.0
2023-10-20,131.40319216375897,132.99541512679627,130.27006564516262,131.012451171875,6149500.0
2023-10-23,130.1137545859662,132.66328151288096,128.84387258962389,131.11988830566406,3820100.0
2023-10-24,132.1944282673917,132.4093320965166,130.41659020922097,131.77438354492188,5238800.0
2023-10-25,129.98676773448855,130.17235290334798,126.7436851675916,127.09534454345705,7118100.0
2023-10-26,128.07218945113578,131.29573162233982,127.4860854544646,127.80844116210938,5462700.0
2023-10-27,128.2284935301438,130.02585736673657,127.53493758931737,128.25779724121094,4397300.0
2023-10-30,128.90250883204544,129.87933894930626,126.81209297731708,127.99404907226562,4604600.0
2023-10-31,128.74621821355106,129.47884083437333,126.21623167357032,129.28347778320312,4108100.0
2023-11-01,129.94771886986064,132.68284638052256,129.7035113225738,132.1553497314453,5127800.0
2023-11-02,134.6169573660408,136.54131390792148,133.50337161789238,135.3007354736328,6088400.0
2023-11-03,136.25802297240094,138.48519419479868,135.84775615830063,136.51199340820312,5560300.0
2023-11-06,137.14694628613276,137.52790944616802,135.98453093491904,137.10787963867188,4823200.0
2023-11-07,136.75621237985752,138.6317243610091,136.45339743728405,138.45590209960938,4886800.0
2023-11-08,139.07129429995146,141.18125085881013,138.32890880194307,140.88819885253906,4305900.0
2023-11-09,141.54266445285074,143.7991543276963,139.5792414713674,139.85275268554688,4979900.0
2023-11-10,141.82591944235875,147.4915351993115,141.3179637786381,147.18870544433594,6699400.0
2023-11-13,145.5476635374975,146.7687009832819,144.1312630814361,146.27052307128906,4125200.0
2023-11-14,149.48431984643767,151.32076533723662,148.61494159062775,150.50999450683594,6505000.0
2023-11-15,151.37936972680586,153.13766698004886,150.49045071193785,151.7700958251953,4383300.0
2023-11-16,151.7993944298739,154.1047141053955,147.69671091384254,151.2230682373047,10513800.0
2023-11-17,138.74890215122932,145.59648878192246,138.65122811161544,145.1471405029297,18912700.0
2023-11-20,145.4304677479392,149.45500292634296,145.36208248750796,149.03497314453125,7087400.0
2023-11-21,148.0581382529208,148.2925679262297,144.73690713035532,145.79188537597656,6517900.0
2023-11-22,147.8476345715475,150.54947303121975,145.8799928067365,146.33029174804688,5071300.0
2023-11-24,146.183436964743,147.48541403866642,146.183436964743,147.17214965820312,1992000.0
2023-11-27,146.34985360425534,148.56222728466912,145.63523977243543,147.6322479248047,3429700.0
2023-11-28,146.2128112776127,146.82954122310156,143.42285812515874,144.94020080566406,5799600.0
2023-11-29,147.07430720047338,149.59994596514707,145.7135964059645,146.2128448486328,4975600.0
2023-11-30,147.2406923596387,147.30920961196654,143.9416919677987,146.62396240234375,7555600.0
2023-12-01,146.40860377664526,148.77760992027342,145.4982070702646,148.3958282470703,4929400.0
2023-12-04,146.87846031195588,147.48540628286915,142.5907626250328,145.14576721191406,5859600.0
2023-12-05,143.44246288187043,144.36265851712307,142.16006830233485,143.07046508789062,5206300.0
2023-12-06,145.54713359977194,145.58629911846802,141.64121706552288,141.6510009765625,4491100.0
2023-12-07,143.8633836090669,145.41007797459986,141.52374436498414,145.26324462890625,5753600.0
2023-12-08,144.31367921785554,145.67438962704205,142.91381822979557,144.60736083984375,4990200.0
2023-12-11,146.0659913637707,152.3800799379034,145.99745916918172,151.87103271484375,6945800.0
2023-12-12,151.87102223051934,154.84695938248063,151.38155780217073,153.90719604492188,5705200.0
2023-12-13,153.7211879330321,155.04274778505084,151.37176479307445,153.68203735351562,5561700.0
2023-12-14,154.4456211751448,159.62414863260864,154.38688782941958,158.33197021484375,7401200.0
2023-12-15,158.79209826834926,160.74995649775497,158.08726811078137,158.53756713867188,8577200.0
2023-12-18,157.49986442845326,157.95017827856896,154.40644563136385,156.9810333251953,4772300.0
2023-12-19,157.19638996485693,159.3010809296098,156.64819222169905,158.90951538085938,4958200.0
2023-12-20,157.4215426810796,158.58647037814123,153.52541012212586,153.61351013183594,5488700.0
2023-12-21,157.60755243406476,158.41028129958104,156.2174751926466,157.9893341064453,4257300.0
2023-12-22,158.19492197812423,159.565416513145,157.4509264271671,158.63543701171875,2770600.0
2023-12-26,158.88017573834782,161.4939143109085,158.6843929306684,160.81845092773438,2520500.0
2023-12-27,161.07292652430584,161.5134564022434,160.08421388526597,160.74989318847656,3319600.0
2023-12-28,161.52326768960674,161.53305160114058,159.4185765400742,159.68287658691406,2909700.0
2023-12-29,159.67310887868112,160.11362393871963,157.313886417164,158.655029296875,2980700.0
2024-01-02,156.62860717112696,156.73628993604785,150.19703781927393,151.1172332763672,8607300.0
2024-01-03,148.51330486878405,149.94253264861524,147.55394382504082,148.25877380371094,6100100.0
2024-01-04,146.64354464943648,148.7971851309838,145.61566636995948,146.1638641357422,6196100.0
2024-01-05,146.9176576492258,148.32731771798515,144.9304330886823,145.86041259765625,5400100.0
2024-01-08,146.67291233907844,149.57053338899763,146.56522956738942,148.366455078125,6515500.0
2024-01-09,146.71209494383254,148.49375302115791,145.79189922805105,147.84765625,5606700.0
2024-01-10,148.57202732209723,148.69927790803862,145.11640987253094,146.6533203125,5035700.0
2024-01-11,147.08406907577125,149.22792578371073,145.35136071853296,148.7482452392578,5995600.0
2024-01-12,148.99299840878786,149.1887812313154,147.20155645498065,148.06301879882812,4083700.0
2024-01-16,148.1119391994414,150.98999243185813,146.682696494396,150.5200958251953,6528000.0
2024-01-17,149.8837743198991,150.51028809235382,147.03508820910957,150.13829040527344,6630600.0
2024-01-18,155.31689311393663,157.35306741504604,153.47650164351086,156.96148681640625,8133700.0
2024-01-19,159.14447801228283,164.73415365128756,158.88016302756253,164.4013214111328,9159000.0
2024-01-22,164.63625677687466,168.2876723629696,164.10764173831336,164.7537384033203,7176400.0
2024-01-23,164.22507557728633,164.4600238459108,161.23935495132577,163.53004455566406,5053600.0
2024-01-24,167.77861821834694,172.25233031844428,167.07378823786215,170.47067260742188,9729000.0
2024-01-25,173.43683875614744,174.64091717163922,168.79671019647324,168.9925079345703,7234400.0
2024-01-26,165.50752876395714,165.9969932508385,163.10914082842183,163.38323974609375,6653700.0
2024-01-29,162.80567284996098,164.9593135732148,162.5805233717318,164.92994689941406,5370700.0
2024-01-30,163.80418105753742,165.60540671927708,162.32600373794727,162.73715209960938,5255300.0
2024-01-31,160.54431582256527,163.1091043807807,157.56837897971536,160.83799743652344,6049400.0
2024-02-01,161.97357451901695,164.20553110790036,161.35684456197032,163.45175170898438,4082600.0
2024-02-02,162.4238869724203,165.61518992054278,161.9735880275528,164.63626098632812,4740800.0
2024-02-05,165.04741620811598,168.64986733987678,164.73415179460494,167.4849395751953,5749100.0
2024-02-06,167.38706508921155,169.07082406362056,163.97059770586318,165.1453094482422,4550100.0
2024-02-07,166.89758545927677,169.2665914901261,165.27255997899593,167.29893493652344,5103400.0
2024-02-08,166.40813527149027,171.3125638653025,165.8109880228118,170.2259521484375,7327900.0
2024-02-09,175.26744355613934,182.2276294218044,174.8465112513017,181.92416381835935,9539900.0
2024-02-12,181.36614736011387,184.24420049192588,180.74941742122036,181.6304473876953,7085400.0
2024-02-13,174.8367058553153,178.35105698801152,173.21168031179573,176.5106658935547,9692500.0
2024-02-14,178.7915539517575,183.0401013235792,178.7915539517575,182.26675415039065,8437900.0
2024-02-15,185.01757175639344,185.4776695583883,182.45278268445884,183.705810546875,8622900.0
2024-02-16,197.7632257861949,202.4131381840657,193.1426800611185,195.36485290527344,15557900.0
2024-02-20,191.46870592357843,191.73302091723804,182.19824775714775,185.1546173095703,11216100.0
2024-02-21,184.27207921612845,186.67451661568543,182.28148694541684,186.6352996826172,6977500.0
2024-02-22,194.4309794306029,197.6375062479877,192.8522322171588,195.8528289794922,10225900.0
2024-02-23,195.4507913936983,197.43156821900988,192.7933915469985,193.3327178955078,5108100.0
2024-02-26,195.9214738063257,200.0301396773656,195.26448168068848,199.5986785888672,6466600.0
2024-02-27,199.77516477377176,200.47138875270412,197.3138945793964,198.92205810546875,5167100.0
2024-02-28,194.63690804921788,195.3135011677708,192.67573214451045,193.7053375244141,6207900.0
2024-02-29,196.02934915227328,198.07877446537475,193.43078199485456,197.7061462402344,9449600.0
2024-03-01,199.81440410435013,207.2766787537532,199.6084740581733,206.16860961914065,7647400.0
2024-03-04,207.88462523172436,209.22802580486496,204.98207859778248,205.42335510253903,7089800.0
2024-03-05,203.71716329038028,206.668727874988,200.804815643446,203.36415100097656,6100200.0
2024-03-06,205.8744544545767,209.36534545666512,205.07038004837875,208.0513610839844,5642400.0
2024-03-07,209.09073247532808,210.10073671266372,207.40412026175,208.48277282714844,6363100.0
2024-03-08,208.3553074101553,209.45357600428875,201.40294297010556,201.56964111328125,6940800.0
2024-03-11,199.33390978144104,199.33390978144104,193.7739781095771,197.4609832763672,6566600.0
2024-03-12,199.92226440812212,201.03031855262884,195.47038699496088,200.9616851806641,7211300.0
2024-03-13,199.0299226457396,199.92226120507192,196.05874257462943,196.6667022705078,5050300.0
2024-03-14,198.01012926991763,198.4710068306764,195.18604598148548,196.85304260253903,4934900.0
2024-03-15,195.56845027439735,197.3727283926628,193.1758134398097,194.7937774658203,9936400.0
2024-03-18,197.7649600514332,199.2260414057236,195.75476683095775,196.8334045410156,5062300.0
2024-03-19,195.3134908745747,197.63749437373357,193.4699957958612,197.4315643310547,4624500.0
2024-03-20,197.0981613553341,201.92265186762629,194.94087103948397,201.079345703125,4278000.0
2024-03-21,209.22805007614969,210.7381639268701,206.2764856771379,206.70794677734372,6145200.0
2024-03-22,204.46238125645192,207.610075054626,204.3839324275552,206.16860961914065,3829200.0
2024-03-25,203.5994556436525,207.20801167092117,203.3248922486465,204.4133453369141,3137600.0
2024-03-26,205.71752572538225,207.10997368857895,202.5600465025674,202.65809631347656,3607400.0
2024-03-27,204.00152772878377,204.44280431354463,199.94189387211983,203.9623107910156,3123900.0
2024-03-28,203.5308532132084,203.6191025466657,198.77501014944664,202.22666931152344,5750100.0
2024-04-01,202.91307152666565,207.65912890871812,201.96191491410968,204.638916015625,3189700.0
2024-04-02,202.56988638143872,202.56988638143872,199.45160852158665,202.1090087890625,4311400.0
2024-04-03,199.64771824098025,205.0899695470443,199.54965345817808,203.35433959960935,3375600.0
2024-04-04,207.502222074587,208.9044556973796,197.755175205018,199.44178771972656,6242800.0
2024-04-05,200.9224545333556,205.46258129405277,200.9224545333556,203.8152008056641,3330700.0
2024-04-08,208.7279546454878,208.8652363619641,204.0897777646262,204.9821014404297,4435500.0
2024-04-09,207.2472861481738,207.98272717075412,203.5994974791685,206.32553100585935,3659200.0
2024-04-10,204.83500655507947,207.55123923718483,204.0799496798924,205.18801879882807,4645300.0
2024-04-11,205.39396786427,209.1888386140849,204.3153150855339,208.8456268310547,4291600.0
2024-04-12,203.96227865267812,205.8744220225303,202.89344145652797,203.8249969482422,5854800.0
2024-04-15,207.78659069506628,210.29690853735704,200.30471444834467,201.6873321533203,4492500.0
2024-04-16,202.3345134047056,206.335314024208,201.7559701069623,205.4135589599609,3749200.0
2024-04-17,202.08937772687503,202.9817163996525,194.25448916750355,196.00973510742188,6350300.0
2024-04-18,193.63669752167405,194.56825305201352,189.76337823494623,190.5478515625,6219400.0
2024-04-19,190.4889807720114,190.9106413068432,184.50740416546168,186.08615112304688,6495200.0
2024-04-22,187.83163665740253,188.0571677105981,183.2326764879343,185.7822113037109,7149800.0
2024-04-23,186.55685203625944,190.72435070198404,186.28228861528905,189.4888153076172,4425900.0
2024-04-24,194.1466320593865,195.4900328905408,188.97892888220667,192.25408935546875,4609400.0
2024-04-25,192.4698039262379,194.5976780076252,189.8418353709121,193.66612243652344,4238300.0
2024-04-26,193.2052370300628,200.03013554914472,193.2052370300628,199.43197631835935,3933500.0
2024-04-29,199.55946835175124,201.3049138809698,197.86305521747195,201.27549743652344,2789200.0
2024-04-30,199.7163328404597,201.8344062641193,194.71534360205547,194.7937774658203,3898200.0
2024-05-01,192.27366818768783,196.7843633380654,188.9494759614794,190.2242431640625,5815500.0
2024-05-02,192.45018194707896,194.62708835085536,189.52803410229015,194.0681610107422,3523200.0
2024-05-03,198.07874878076973,201.28527528966487,196.0685406644878,200.128173828125,3818500.0
2024-05-06,201.32451275807492,205.11938339568988,200.3341242996705,204.80560302734372,3638500.0
2024-05-07,205.178228784262,205.40375982405143,203.19743692859691,203.2955017089844,3200900.0
2024-05-08,201.91285211758955,203.92306024574543,200.77536659615905,203.33470153808597,2932300.0
2024-05-09,203.33471139035635,204.20743403936817,201.72654780242723,202.32470703125,2758200.0
2024-05-10,204.7467518620036,208.4435723505594,204.47218845324664,205.65869140625,3502900.0
2024-05-13,204.3545110240519,204.4231593586384,201.4519792382865,202.61888122558597,3526900.0
2024-05-14,201.84421282633667,206.0215269201613,200.73615865697815,205.74696350097656,3442200.0
2024-05-15,208.37491252102564,213.38571689826983,206.75694859707195,213.2680511474609,5820900.0
2024-05-16,213.98391017041249,214.5036206027517,209.7673788643328,209.875244140625,7977900.0
2024-05-17,212.199236615536,215.1017836708744,206.14901046813725,207.96310424804688,8031800.0
2024-05-20,208.03172423194076,217.4453743842286,207.99250729811436,215.6803131103516,5954500.0
2024-05-21,213.76817234628453,215.98429571894036,211.62068234934276,215.53323364257807,3918200.0
2024-05-22,216.63349266770015,216.8397831695258,212.41909253775805,214.3052520751953,5047000.0
2024-05-23,221.03454731313337,221.10332081187693,212.51735122211767,214.1087951660156,5806600.0
2024-05-24,216.3191523051936,219.18768789735088,214.7866484262199,216.9969940185547,3795700.0
2024-05-28,218.23474642241976,219.28589557158347,216.00476447152585,217.4193878173828,5509400.0
2024-05-29,213.75511702557935,216.761184157542,213.33270268540437,215.18939208984372,4718800.0
2024-05-30,214.1284378934281,215.8181253389543,211.70196865444095,212.7236328125,4059200.0
2024-05-31,212.92994867575663,214.65892463889475,205.3361881519794,211.2893829345703,13548700.0
2024-06-03,214.48209077402572,214.5017424854069,205.2477500970256,210.4347076416016,3828100.0
2024-06-04,210.0319222102274,210.5722318291857,205.345986045608,208.47976684570312,4379600.0
2024-06-05,215.72969741276847,220.7594559131624,214.3445441571972,219.4332427978516,7887900.0
2024-06-06,217.76322027876776,219.32519404892412,215.1599306618404,217.84181213378903,3951200.0
2024-06-07,220.25847676100463,220.59248092337765,216.20126005673552,217.8221740722656,3627200.0
2024-06-10,215.83778288120496,224.79704493495703,215.75919102232905,224.13885498046875,4796900.0
2024-06-11,223.2645349547322,226.01518997946255,220.6808820042713,225.9169464111328,4768600.0
2024-06-12,227.3511854758957,234.1983448348612,226.712647310599,233.4615631103516,5573500.0
2024-06-13,227.39049644147232,234.1590641756547,227.34137466023572,233.36334228515625,3682400.0
2024-06-14,229.9544881892156,234.0608111081965,229.50258880599844,232.8524932861328,3306500.0
2024-06-17,232.49883497709712,238.9923383911107,232.10589072708623,238.57974243164065,4974600.0
2024-06-18,238.50118808743304,245.0241625964272,237.82334640819232,243.46218872070312,5256900.0
2024-06-20,242.64680930201803,243.4621829701162,234.45379917659423,235.76036071777344,7045000.0
2024-06-21,234.11979489826612,234.2769636252732,228.72654665830055,231.26107788085935,15289800.0
2024-06-24,228.89352572968863,231.2610546363053,225.38643747509107,225.78921508789065,5928700.0
2024-06-25,226.9680747591346,230.41622305397567,224.51213551317423,230.1411590576172,4594900.0
2024-06-26,230.85828043823489,232.7444399094148,226.7323056581625,228.07815551757807,4818700.0
2024-06-27,233.31420106166476,233.628568443492,227.71466323415717,228.43179321289065,4309600.0
2024-06-28,231.20212123170907,237.03742015286656,229.78749786056912,231.83084106445312,6387400.0
2024-07-01,232.68552041840957,234.15908404134385,228.9721412878042,233.225830078125,4239600.0
2024-07-02,230.8779351532636,236.7525374879609,230.8779351532636,236.6150054931641,3510600.0
2024-07-03,237.381269664662,240.4069886974049,235.62282371189465,239.02183532714844,2768800.0
2024-07-05,240.3775090974892,240.40697916889135,236.6248267804021,238.31451416015625,4076200.0
2024-07-08,238.82534763591437,242.8236087829725,238.82534763591437,241.9492950439453,3782100.0
2024-07-09,243.6291498390385,247.68636588109771,243.11831032769848,247.0379943847656,4889900.0
2024-07-10,248.5410825702941,251.3801480917594,246.24232674804173,250.4763641357422,4258100.0
2024-07-11,251.06577448626328,251.06577448626328,236.85079636215093,237.00796508789065,5623800.0
2024-07-12,237.3517685108994,244.38558138061956,236.3006194273293,239.11021423339844,5396300.0
2024-07-15,240.2105205184112,244.4249058540756,239.31655499604284,241.2223663330078,3674300.0
2024-07-16,242.6075036165877,243.1576315969421,237.6759735243593,241.5072326660156,4124800.0
2024-07-17,227.16455597520985,229.2078991734227,215.8868724587352,216.19142150878903,10538900.0
2024-07-18,218.23471571780735,218.41155110609105,209.49157958792503,213.81402587890625,7715800.0
2024-07-19,213.66672716673395,214.43297905807376,205.97472318994775,206.5543212890625,6517100.0
2024-07-22,212.41908882976225,220.1405622647248,209.59967542836247,219.531494140625,7515600.0
2024-07-23,216.5647427516222,218.03830645597415,214.76699323352895,215.77883911132807,3635300.0
2024-07-24,213.53900985103087,213.93196914103035,201.90768468460232,202.8900604248047,9263400.0
2024-07-25,203.4991342265284,205.522840898914,196.7993392874068,198.7542724609375,9961400.0
2024-07-26,203.34195529324867,204.68780523033809,199.23561699671245,202.83111572265625,5209000.0
2024-07-29,204.6288571169177,208.7843020456472,201.2789524509607,201.9469757080078,4199200.0
2024-07-30,204.5895877049448,205.4835533198091,191.897293609804,193.2726287841797,7652600.0
2024-07-31,202.467630951012,209.11830342345277,200.89582388797257,208.46011352539065,11123700.0
2024-08-01,200.53233472830428,205.3950909188939,188.9304813656888,192.84033203125,11268300.0
2024-08-02,184.55892264405395,186.22897336830997,176.46415626422214,178.60572814941406,12991600.0
2024-08-05,172.0729268179812,183.8712532775175,168.58549017401364,178.68431091308594,10079100.0
2024-08-06,180.08914853758947,185.18766662233676,177.1223692648531,180.07931518554688,5803900.0
2024-08-07,186.6513944854832,188.02671455416728,174.8039452128356,175.3638916015625,6652100.0
2024-08-08,181.9949202215579,187.46676016899607,177.99665884180317,187.1916961669922,8637100.0
2024-08-09,186.6612299638141,189.9129066205725,184.73578169109032,187.81060791015625,5050800.0
2024-08-12,188.12496153495408,192.9385968524352,186.995235385912,189.6869354248047,5568100.0
2024-08-13,192.9778737015888,198.27287781755277,190.30581075354647,197.2610321044922,6198900.0
2024-08-14,199.1177318530848,201.20036352800432,194.24514181437868,198.076416015625,5377900.0
2024-08-15,203.6563067481575,209.24602695582516,201.51473488806351,208.09664916992188,12073500.0
2024-08-16,201.33789557826995,205.2084582127564,197.63433501305528,204.23590087890625,11644600.0
2024-08-19,203.35177309817797,207.38933788827256,198.93108237865235,207.2223358154297,5285400.0
2024-08-20,205.60140660248325,206.87849802874896,200.74848316645569,202.52658081054688,4860300.0
2024-08-21,204.38326825705403,206.29889788227385,202.9293564119979,205.4344024658203,4460500.0
2024-08-22,205.34581292842637,207.0288862027663,196.30047679278857,197.0485076904297,6621900.0
2024-08-23,198.97767840651431,202.58990487161387,197.02883599386053,199.47964477539065,5296400.0
2024-08-26,197.51113142979185,198.09184028163577,192.07802085372484,193.1410217285156,7333900.0
2024-08-27,191.71382657677256,193.70203250757615,188.7708889128825,192.6882476806641,6632500.0
2024-08-28,191.61542315197653,193.54457627498823,187.7965106719936,189.8536071777344,6412500.0
2024-08-29,193.57408484678703,195.18826791464764,188.6527931742133,189.94216918945312,6730300.0
2024-08-30,194.42058493915965,194.72570267845984,189.5189816974948,194.1548309326172,7313800.0
2024-09-03,190.04061522270956,191.01503645334213,179.6271594636282,180.48345947265625,12163400.0
2024-09-04,177.15665647154458,181.41849670430375,174.6369426129378,179.509033203125,6378100.0
2024-09-05,176.22160321941485,180.84762934392552,175.08971215747124,177.40272521972656,6495000.0
2024-09-06,176.67438831247486,177.86534762181452,170.66056870009206,171.99916076660156,8887900.0
2024-09-09,174.31215268225327,175.73932422782093,171.82198035981452,174.75506591796875,7492500.0
2024-09-10,175.1684651689352,175.6999580861944,171.36922721968142,175.24720764160156,5367900.0
2024-09-11,177.40274567312198,183.47561841285648,172.64877563139444,183.0130157470703,8187100.0
2024-09-12,181.45786457190476,182.2157476839108,177.21571361343575,180.3259735107422,8011700.0
2024-09-13,182.3830916394141,185.82799617381735,182.03859517853695,185.5031890869141,4851300.0
2024-09-16,182.08777862765749,184.9519737770188,180.2570576580088,184.62716674804688,5915800.0
2024-09-17,186.5169708823236,187.50122930386615,183.05237703328797,185.6212921142578,4026100.0
2024-09-18,187.7571230324882,188.64296458503128,182.8259939587852,183.20985412597656,4266900.0
2024-09-19,191.4874627400562,195.20795805773295,189.8732796658186,193.61346435546875,7326100.0
2024-09-20,191.29062965801927,192.45204738301703,186.48744376941065,189.13510131835935,14306900.0
2024-09-23,191.35951188086293,192.5603083024581,189.6567490936204,190.9854888916016,4457900.0
2024-09-24,193.41658858932556,194.73550609451587,190.70987832781697,193.68234252929688,4849700.0
2024-09-25,192.21581906701596,197.13711113714743,192.21581906701596,194.2040252685547,5060100.0
2024-09-26,207.50135350423204,208.8104038993549,199.3123167858836,206.31039428710935,7849800.0
2024-09-27,207.75728017989687,208.00334479802464,200.7887283922864,201.6942443847656,4524800.0
2024-09-30,197.83594094618385,201.0938338891389,195.5623064158964,198.86941528320312,5746000.0
2024-10-01,200.20803150808348,200.84779354615696,190.5918214495841,194.0957794189453,6930100.0
2024-10-02,194.7158663000839,201.29070605494448,193.64302810955732,197.9835968017578,5536600.0
2024-10-03,194.59772463517152,199.93240308030445,194.59772463517152,196.4481201171875,3813300.0
2024-10-04,201.3989433522455,201.69422386768036,196.36938246859515,198.7906646728516,4131100.0
2024-10-07,196.24143574988497,198.4166383053991,195.1095296297652,196.9796295166016,3711100.0
2024-10-08,196.9796254623442,199.36152883169424,195.54260168453305,197.7178192138672,3616100.0
2024-10-09,198.2296268053451,202.3536717181784,197.4717586849377,201.8320159912109,4141600.0
2024-10-10,197.8556068207452,201.03475691087485,196.80244323534905,200.74932861328125,3796800.0
2024-10-11,198.95798339516315,203.96785482057757,198.95798339516315,201.8320159912109,2604100.0
2024-10-14,203.7021221088455,210.87735913228437,203.7021221088455,210.5230255126953,5239300.0
2024-10-15,210.31631342118743,212.3045194593805,186.58585942649216,188.01303100585935,16613200.0
2024-10-16,190.17842043422465,190.17842043422465,181.00512439780263,181.68426513671875,10972600.0
2024-10-17,187.00911172182904,187.79652151174477,180.11930234260376,180.35552978515625,9727100.0
2024-10-18,183.3476338769917,183.84960020043692,181.73345087494,183.42637634277344,5758600.0
2024-10-21,183.2295411513307,183.77088625673977,181.20197131888116,181.55630493164065,4918100.0
2024-10-22,181.69406653629983,182.3633548916226,179.69602362687897,180.11924743652344,6753600.0
2024-10-23,179.08581133331325,180.8476422645448,176.95980960316857,179.82400512695312,6015200.0
2024-10-24,183.93818550322737,184.84370128576495,180.34563390033028,180.85745239257807,6122100.0
2024-10-25,183.55435101351227,186.2216828175604,183.23938112243843,183.58387756347656,4794700.0
2024-10-28,183.5838722416229,184.6862367912433,181.50708651565495,182.4224395751953,4101000.0
2024-10-29,182.422443439224,188.51500517747647,181.74330275816516,187.127197265625,6007400.0
2024-10-30,184.0563234586544,185.22759337454772,181.79252610223608,182.38308715820312,5851300.0
2024-10-31,182.29449654589175,182.29449654589175,176.4578366908133,178.7216339111328,7307500.0
2024-11-01,178.96769794231815,182.550397742773,178.3672997468682,180.4933013916016,6318900.0
2024-11-04,180.3161522448448,180.9657664522768,177.61929359593046,178.9578857421875,3857600.0
2024-11-05,180.4145452568097,183.81023331022857,180.21769660504145,183.5444793701172,4053000.0
2024-11-06,185.98549567587563,186.39888245010735,181.84176071791168,184.5681610107422,6393300.0
2024-11-07,187.95399509329368,191.27094117336668,187.95399509329368,191.0347137451172,5274700.0
2024-11-08,189.26304289297505,191.044563229207,188.25911012899763,189.00714111328125,4767300.0
2024-11-11,189.28270432950524,190.1586935836413,183.5248024967869,185.59173583984372,5475200.0
2024-11-12,185.73940341625487,186.7630255118023,181.5661425251351,183.6724548339844,5478400.0
2024-11-13,181.172462304683,182.5602553219378,179.64685868490312,179.91259765625,8634600.0
2024-11-14,183.8397876316386,184.66656110512832,182.17638848849916,183.0720672607422,11747400.0
2024-11-15,165.69006489925863,171.32987666622893,164.6959692652677,166.22157287597656,16287500.0
2024-11-18,165.0404285419923,168.9676246610306,164.22350734951775,168.04241943359375,8324400.0
2024-11-19,165.69005878074336,167.28456763342388,164.85344813508814,166.64479064941406,8651100.0
2024-11-20,166.64478070322224,167.8455771051676,164.43019939090198,167.80621337890625,6197300.0
2024-11-21,168.9210383140351,174.6924966606305,168.75332270251192,173.3902130126953,8917400.0
2024-11-22,172.7686434746516,173.7157600935757,171.05201624284442,172.53187561035156,4242600.0
2024-11-25,174.337330752302,174.81088160246503,169.62149771117834,172.20632934570312,8926500.0
2024-11-26,172.98570097883862,173.13369595671128,168.63491056739625,170.8744354248047,6517100.0
2024-11-27,170.87444616049447,171.01256578284142,166.49405948904865,169.0196990966797,4348700.0
2024-11-29,174.01175668005743,176.03421935809268,171.92021160980565,172.3641815185547,5944400.0
2024-12-02,173.1238080492686,181.79579225905437,172.36415775608106,180.8092193603516,9100600.0
2024-12-03,178.77689977404347,180.7993623788834,178.3724012315118,180.70071411132807,5939900.0
2024-12-04,182.85145313476292,183.2066200497993,178.02711132029987,178.7275848388672,5819800.0
2024-12-05,174.16960832579474,177.01094366901543,168.26004509552143,169.7201690673828,8663800.0
2024-12-06,169.84841549334547,170.9928438145858,169.04929375220843,170.69686889648438,6058500.0
2024-12-09,169.6609680953332,172.15699669990732,167.92460495203687,169.5524444580078,7647100.0
2024-12-10,171.1704391876412,171.54534179677356,165.19180838890617,165.91200256347656,8230900.0
2024-12-11,167.451048753668,170.87445862940965,167.214280843173,168.83226013183594,6698600.0
2024-12-12,167.42145444902653,167.82595303873902,164.5702587514844,166.80978393554688,6108500.0
2024-12-13,166.829513346954,169.22687869825438,165.51736934803787,167.07615661621094,7051700.0
2024-12-16,167.75689156473345,169.43407796048783,166.5828821631816,167.13536071777344,6643000.0
2024-12-17,166.73083697962323,168.45733972941224,166.10929117244822,168.05284118652344,6817600.0
2024-12-18,168.64480733821534,172.0879378066975,162.34060586069424,163.228515625,9000700.0
2024-12-19,160.60423408518508,163.02135031000114,158.86787078632008,159.27236938476562,9252600.0
2024-12-20,157.83196407453067,162.51818641092098,156.8256703274271,161.39349365234375,15336700.0
2024-12-23,162.55766364487803,165.43845546306702,161.96571372783558,165.2115478515625,5040200.0
2024-12-24,165.18191763548273,166.454605293237,164.65903512614494,166.1092987060547,2595800.0
2024-12-26,165.10299663943488,166.58285613107998,164.51104682121317,165.30030822753906,2793700.0
2024-12-27,163.91911878449943,164.95502357708347,162.4195384725167,164.58999633789062,3599600.0
2024-12-30,161.79799224397726,162.75496937802586,159.7952500077092,161.4428253173828,4763100.0
2024-12-31,162.2221846419204,162.96211436217123,159.79522358968646,160.4463653564453,3565500.0
2025-01-02,162.26167337191575,164.47160245919864,160.6436941458064,161.6697235107422,4164600.0
2025-01-03,163.15944181763447,168.13176293899826,162.55763170664855,167.77659606933594,5719800.0
2025-01-06,172.63053713576917,177.95804030055638,172.51215319452135,175.0969696044922,8475500.0
2025-01-07,177.6522235344345,179.3984470648427,174.0314870468509,175.43243408203125,7332100.0
2025-01-08,175.36336127257556,175.7777201509698,172.49243005736878,174.6135711669922,4581700.0
2025-01-10,172.37403162446324,172.37403162446324,167.23397979419005,169.34524536132812,6325300.0
2025-01-13,166.8295090410378,169.30580198105582,165.47789372373623,168.5658721923828,5465800.0
2025-01-14,169.55243090336214,171.36772155176592,168.0331151561763,171.31838989257812,3842100.0
2025-01-15,174.37680525549703,177.09974174559474,173.51849142736103,175.98492431640625,5908600.0
2025-01-16,183.3052728163396,189.13592306302849,180.5527256199633,183.97613525390625,10825400.0
2025-01-17,190.40858531522133,190.56644060510476,186.2551064418792,189.47134399414065,8115100.0
2025-01-21,192.12523626565917,192.59878710246028,188.25787181497876,190.28033447265625,7959100.0
2025-01-22,194.18715595910984,197.85720854506064,192.70729653102995,192.88487243652344,7288600.0
2025-01-23,187.5771417714865,188.6327671235985,185.2685493571128,188.1394805908203,6307300.0
2025-01-24,188.32693515356175,188.71169805365653,183.1178304812431,184.24252319335935,6088400.0
2025-01-27,177.13918837398776,177.14904868475926,168.13177190334727,172.22605895996094,12150200.0
2025-01-28,171.4170846171108,172.48258542436568,167.71743530882782,170.5291748046875,7360500.0
2025-01-29,177.58312375132212,177.7903106860848,171.4466390484916,172.92649841308594,5679900.0
2025-01-30,176.99121812594748,180.80926647548853,175.0772788490138,179.2800750732422,6013800.0
2025-01-31,180.13835003696252,183.93666188881292,177.64232169565796,177.92843627929688,5898400.0
2025-02-03,172.96599153168333,177.82978936300273,171.900490848587,176.39926147460938,5321300.0
2025-02-04,173.11398356971233,176.89256036027854,173.09424789255934,176.16249084472656,4687100.0
2025-02-05,174.3570406286179,178.5795718292794,172.92651280126597,178.244140625,3958500.0
2025-02-06,177.19839519643836,180.62180505974655,176.1624904300524,180.34556579589844,4479100.0
2025-02-07,180.68099937410767,181.07562259787744,176.33020833135944,177.58316040039062,4992000.0
2025-02-10,180.40475402807272,181.55904272531296,178.98408638411223,181.1940155029297,5744100.0
2025-02-11,179.35897714038748,181.11507590280024,178.65850367600711,180.74017333984372,3913300.0
2025-02-12,177.01093332389607,179.09260304390483,175.896100969596,178.46119689941406,6640800.0
2025-02-13,177.88900112962122,182.0424806882656,177.20826325185118,181.79583740234372,10302000.0
2025-02-14,172.4924331733332,173.63686155561555,166.34608711859016,166.92816162109375,12452800.0
2025-02-18,169.48338004943054,171.42693018992188,166.82951115242065,169.69056701660156,10704900.0
2025-02-19,169.9963824707087,172.55160279623897,168.83223361651042,171.72288513183594,5797000.0
2025-02-20,173.18640113357108,176.38036788975896,172.55354061394584,174.04669189453125,6687300.0
2025-02-21,174.16534777447492,174.28400439592966,168.69703383654323,170.06163024902344,7365400.0
2025-02-24,171.83165951504142,173.27536526652716,166.46222145532832,166.68966674804688,7126200.0
2025-02-25,166.24470470850687,167.78730131216273,162.61564344514082,163.6934814453125,8570300.0
2025-02-26,165.51294032661508,168.35092166674772,164.56364214696276,166.6303253173828,5048500.0
2025-02-27,168.35094932482488,168.6673871328902,154.63566682785452,154.89276123046875,9543600.0
2025-02-28,155.53549513450596,158.26471824974658,152.23275493274224,156.3068084716797,9427600.0
2025-03-03,157.9482598660809,158.5316900763673,148.9893236171137,150.43304443359375,9259100.0
2025-03-04,151.35266268858487,154.48730055112725,147.88182103756134,151.16477966308594,8538600.0
2025-03-05,151.43180280997683,154.13134686334269,148.3268284708635,153.58749389648438,5860000.0
2025-03-06,149.84963989257812,152.331651745354,147.93129230388251,149.84963989257812,6967800.0
2025-03-07,149.77053705050557,154.60599065079407,148.51469911632242,153.94345092773438,5537800.0
2025-03-10,150.7198276030525,152.72718273837336,146.23047572255646,148.3169403076172,8008400.0
2025-03-11,147.30829719727134,148.83111244072003,143.74844780032464,145.3503875732422,7739900.0
2025-03-12,150.0276410103952,150.0276410103952,146.78422896573633,147.39730834960938,8482200.0
2025-03-13,147.22920049020502,151.3526842633007,146.71499662426532,148.27737426757812,5702200.0
2025-03-14,150.43306746407686,154.75431737653133,150.43306746407686,153.92369079589844,5138800.0
2025-03-17,151.24390987311293,155.45640118338602,151.135136269125,153.72592163085938,4764300.0
2025-03-18,152.59863065338587,153.21170997819323,150.11661902182675,151.7976531982422,4282300.0
2025-03-19,151.47135487255278,155.31797856654953,151.0857057096458,152.73709106445312,4426500.0
2025-03-20,150.5319473493481,153.88413301550432,149.9880793026238,152.65797424316406,5480300.0
2025-03-21,148.61358292907414,150.492398424299,147.34786190150055,150.4231719970703,15911300.0
2025-03-24,153.76548673568556,154.5269020523641,152.87553175464333,153.22161865234375,5855200.0
2025-03-25,153.11281997277672,153.22159357164003,150.8187064630008,151.92620849609375,5093700.0
2025-03-26,151.43180370075584,152.27232843580245,147.84228960229876,148.99923706054688,4850800.0
2025-03-27,148.15872651242876,148.2279378529701,145.30096355468137,146.03269958496094,6933800.0
2025-03-28,147.14021263094358,148.12905812565612,142.51240786962475,143.44192504882812,7715000.0
2025-03-31,141.17748840768922,144.05501759296718,139.58544641215553,143.5012664794922,7116300.0
2025-04-01,142.49263604888228,144.4802099808159,140.21828848549623,144.0352325439453,5869500.0
2025-04-02,142.42342209062096,147.64452534102145,142.23553902362104,146.1019287109375,4904800.0
2025-04-03,139.4272106412239,140.2875013678972,133.8896699987628,133.99844360351562,11779600.0
2025-04-04,127.66982996953132,130.98246808904847,122.55750107129168,125.53392028808594,15564000.0
2025-04-07,123.5760116547337,139.990851437714,122.3597284852765,131.3681182861328,18941900.0
2025-04-08,136.8660931172005,139.13054240587152,126.07778636465878,127.5215072631836,16423700.0
2025-04-09,128.13458609090742,149.27610513373412,127.1655218437654,148.059814453125,20667300.0
2025-04-10,140.6434816666121,142.20585926089143,132.00098224160027,136.697998046875,16290700.0
2025-04-11,137.024302367329,144.5988460032472,133.98854001163096,143.3232421875,10617200.0
2025-04-14,145.24162425959622,146.05246968105445,140.55449140324978,142.91783142089844,6835900.0
2025-04-15,143.35293406600064,145.39983641527309,142.63108107215913,143.82757568359375,5259900.0
2025-04-16,136.28267635238882,139.50630683181933,132.85138170595198,136.64854431152344,9279100.0
2025-04-17,137.43964447707194,138.09227105399367,135.41250814010445,135.9267120361328,6494800.0
2025-04-21,133.62271621480855,134.4928901181162,131.31870406205974,134.04791259765625,8395300.0
2025-04-22,135.64979195601362,137.52860709224495,134.7993994771309,136.75730895996094,5222700.0
2025-04-23,143.2342619526775,146.18101701426278,141.14779755910735,141.97842407226562,7994300.0
2025-04-24,145.9634918941858,148.72236433318992,143.7287063883566,148.49493408203125,7609200.0
2025-04-25,146.5469042911068,150.90771669260965,146.2205834561047,149.8595428466797,4805200.0
2025-04-28,149.10800170898438,150.17595662668924,145.8645897760664,149.10800170898438,7052500.0
2025-04-29,147.33796793746376,149.38488520435007,146.26013004830887,147.8818359375,5721300.0
2025-04-30,144.34175263675638,149.3551905654996,143.09581296484802,149.0288848876953,7273600.0
2025-05-01,149.94854561068212,150.58140618873392,147.08089941701317,147.29844665527344,6732000.0
2025-05-02,151.08570346824317,154.9520931521991,150.98682796736134,153.3699493408203,6083200.0
2025-05-05,152.39095331511427,154.8927307749557,152.13385896305078,152.8853759765625,4069300.0
2025-05-06,150.3045188869769,152.75685154927632,150.20562829964348,151.32302856445312,3471700.0
2025-05-07,151.63945488279322,154.4576553452279,149.81996779838985,154.07200622558594,5499000.0
2025-05-08,156.26722726178392,157.02864239540827,154.07198940848525,154.25987243652344,4824600.0
2025-05-09,155.17952056262862,156.2375925139465,152.92495397900785,153.87425231933594,3884200.0
2025-05-12,164.58345157980884,167.90597314704206,163.802255165524,166.1161651611328,11724100.0
2025-05-13,166.98632904891636,172.23709606026702,166.59079689786995,171.0999298095703,8980200.0
2025-05-14,171.51524972974568,173.32483881352582,171.11971756339824,172.1975555419922,7069700.0
2025-05-15,169.834229235997,174.41258912322476,169.29036114649057,172.80076599121094,12811600.0
2025-05-16,166.551227966399,167.5796356597112,160.11384967086494,163.72314453125,16540400.0
2025-05-19,160.72693612281765,164.1483480894422,160.55883420347666,164.08901977539062,7465700.0
2025-05-20,163.2089400114286,164.08901183396466,162.39807952240832,163.88134765625,5372400.0
2025-05-21,161.71578003707015,164.4351050545529,159.86664385352884,160.42039489746094,5658600.0
2025-05-22,159.3494118321519,161.93763795588188,158.94282871301866,159.1808319091797,6355700.0
2025-05-23,155.33317074006862,157.08840808005928,154.36135099885618,156.19590759277344,5733400.0
2025-05-27,159.28991842997965,161.12447537323376,157.84209210059123,160.4799041748047,8470400.0
2025-05-28,160.55921988936805,162.30453110322532,159.53781419021166,160.24188232421875,6727200.0
2025-05-29,164.07961146975074,164.1589307322166,157.12808462295223,158.1494903564453,6845600.0
2025-05-30,157.71316447576726,157.9015817768067,152.18964138831737,155.44227600097656,15273600.0
2025-06-02,154.49028308836867,156.30501775115678,154.1332858574679,155.95794677734375,5875300.0
2025-06-03,155.620771242654,160.5988950748254,155.0555344557791,160.39065551757812,6355400.0
2025-06-04,161.14430769778758,162.116127593548,158.8436555493874,160.5790557861328,5990600.0
2025-06-05,161.8583121177048,164.2382836792323,159.7560034006392,162.82022094726562,7386800.0
2025-06-06,164.05978051612027,168.1156551027017,164.05978051612027,165.34893798828125,5717500.0
2025-06-09,166.40999704604104,170.38655221534344,166.40999704604104,168.37347412109375,6320000.0
2025-06-10,169.15689298137286,172.93510462611565,168.5718188442134,172.32028198242188,5711600.0
2025-06-11,172.7863648258752,174.32342145941658,168.90898134370903,171.34844970703125,6133200.0
2025-06-12,171.05095444112752,173.8970057391881,170.84269977301892,173.54000854492188,4468500.0
2025-06-13,169.63288920676214,172.1318697495656,168.96848065547297,169.16680908203125,5297100.0
2025-06-16,171.57652362887447,175.40432081749626,171.34843159063544,175.0770721435547,6712900.0
2025-06-17,174.80933551727915,176.832324742698,172.60785525334668,172.63760375976562,6631400.0
2025-06-18,173.79783410266248,173.79783410266248,170.37661981498374,171.3980255126953,4946900.0
2025-06-20,173.01444691697466,173.90693241671352,164.52586301803095,168.04624938964844,18396600.0
2025-06-23,168.83956116260853,170.85262420804025,167.31241562629415,170.525390625,6838800.0
2025-06-24,173.60943452751766,179.01396328045692,173.54001125989942,178.67678833007812,7254500.0
2025-06-25,179.59902419199412,181.68151022654544,178.99411273483298,181.5426788330078,5431800.0
2025-06-26,181.66170391067425,182.9607725576605,180.5411263152634,181.98895263671875,5199700.0
2025-06-27,182.84175563918348,184.24990701860992,179.60894354913825,181.6815185546875,14202800.0
2025-06-30,182.2665843042049,183.2284929349609,181.007175506872,181.5426788330078,4070700.0
2025-07-01,180.9179641735904,183.3871812202188,179.39080342469336,182.22694396972656,6572300.0
2025-07-02,181.10636918191355,189.31729003641036,180.11471192768457,188.4247894287109,8800600.0
2025-07-03,187.77031659071235,190.4378620283864,187.69098219060277,189.4561309814453,3568500.0
2025-07-07,187.46288068128496,190.05110672007797,187.03647532508185,189.18836975097656,6577400.0
2025-07-08,190.5370215449862,194.6623192961699,189.92219889807976,193.36325073242188,8097100.0
2025-07-09,194.1665013352892,196.30848472347293,192.6195183765419,193.75991821289065,6170800.0
2025-07-10,196.34813540416644,197.7562868827005,195.00939206472432,196.3778839111328,5229100.0
2025-07-11,195.20772532494064,197.12161645245695,194.5135531816977,196.27870178222656,4424400.0
2025-07-14,193.97808314919,197.16130970871703,192.86743182619728,195.4556579589844,7264000.0
2025-07-15,198.4107981264425,199.432203954108,196.84397774723485,197.62738037109372,6007100.0
2025-07-16,192.38149824219624,193.53182423437684,188.16695511060172,193.1847381591797,9400000.0
2025-07-17,191.01302078503213,192.41126118397727,190.34861222198123,190.9138641357422,5704000.0
2025-07-18,191.4493487342998,191.9551036224786,188.55371134271505,188.8512115478516,4757100.0
2025-07-21,189.1982741326995,192.7781572981241,189.18836300784648,191.0030975341797,5061500.0
2025-07-22,190.66592615949887,190.8940030692067,183.58549465091875,185.57872009277344,7074500.0
2025-07-23,186.11422237363067,187.81987402625973,184.5870768914569,185.44981384277344,5419800.0
2025-07-24,186.5902271308068,188.4545324248268,185.50932438686343,186.5505523681641,4819900.0
2025-07-25,184.2598479205566,184.96393128979776,182.56412234282607,184.14085388183597,6608700.0
2025-07-28,187.4331346056009,188.91070938090317,187.0563151335188,188.68263244628903,4913000.0
2025-07-29,190.0213769088296,190.84445432659808,186.3819962435218,186.83816528320312,4605400.0
2025-07-30,188.147126876377,189.2776155425508,186.17373862179983,187.8099670410156,4018500.0
2025-07-31,176.3959796978691,179.95602525527266,173.05408479375103,178.5577850341797,11375400.0
2025-08-01,175.1266706987731,180.11470529329523,174.77958461998207,178.48838806152344,8393200.0
2025-08-04,180.4816183429967,181.4732755866396,178.99413247753247,181.29478454589844,4189300.0
2025-08-05,181.14603336725096,181.7311075303943,175.9199952692933,177.6553955078125,5292000.0
2025-08-06,177.38765567294556,177.74465289213128,174.0160119069717,176.65382385253906,5857800.0
2025-08-07,182.8120253757303,185.2415826821782,180.34279330450155,181.6220245361328,6616600.0
2025-08-08,181.62203070732764,183.83343740857757,181.09645354229255,183.3276824951172,4338400.0
2025-08-11,185.5886305235772,188.13719667528724,182.24675075298043,182.8417510986328,7816000.0
2025-08-12,184.18049865951912,188.1471276994445,182.74259865884397,186.8778076171875,5915400.0
2025-08-13,188.21654892399363,189.54536600636104,187.1554684042376,188.4446258544922,5923400.0
2025-08-14,186.2927515442012,188.44464619141343,185.22175978370788,186.66958618164065,10992400.0
2025-08-15,161.34263695182517,166.1025949375268,160.36090592560132,160.4104766845703,31803300.0
2025-08-18,160.4600738505133,163.17722044477557,160.4005768303782,162.1657257080078,10125800.0
2025-08-19,162.86979003898787,163.82177251279694,160.14273263745935,160.86663818359375,8921500.0
2025-08-20,160.45014543754846,160.61872535359868,156.62234786252728,159.61715698242188,9323300.0
2025-08-21,159.0602256565053,160.40279065036975,158.20495562362305,158.9607696533203,8294900.0
2025-08-22,159.79613498556225,164.09237910422112,159.09998853342432,161.59619140625,7448100.0
2025-08-25,161.41718514434783,161.7254775111921,159.86576860483768,161.0989532470703,4186800.0
2025-08-26,161.11885386114,163.9034554153847,160.79066721467132,163.6051025390625,6770200.0
2025-08-27,162.36195916439596,163.7443126602561,161.65587312056948,163.48574829101562,4633500.0
2025-08-28,163.8139384458668,165.24601997543377,162.83933330624444,164.3609161376953,7899500.0
2025-08-29,161.97411149203177,162.75977451144036,158.55303114769768,159.87571716308594,7202100.0
2025-09-02,155.85794702877897,157.42925790021715,155.15184577853617,156.70327758789062,7683400.0
2025-09-03,157.18063542754948,157.18063542754948,153.62032570422292,155.39053344726562,7335000.0
2025-09-04,155.0822466193149,158.7917253178583,154.54520841853906,157.36959838867188,6245100.0
2025-09-05,159.378458037466,161.9542228491911,157.94639174128594,161.85476684570312,7046800.0
2025-09-08,162.90892842292124,163.74430419561173,160.9597182866434,161.1586151123047,7933600.0
2025-09-09,161.02935125862336,163.35647636052045,160.8602881708641,162.6006622314453,5315400.0
2025-09-10,163.39626730203753,164.49020762313486,161.65589321520025,162.52110290527344,5690200.0
2025-09-11,163.09790035826543,169.72126995380444,163.09790035826543,169.2140655517578,8999900.0
2025-09-12,166.98639444009746,168.7367078849255,166.26039896722557,166.8769989013672,5170600.0
2025-09-15,168.17981067509962,170.11908166078206,167.60299914540929,169.9897918701172,5597600.0
2025-09-16,171.5113575423147,173.14233580241557,170.63619329426123,172.5854034423828,6447500.0
2025-09-17,173.2915146041675,178.56236428133147,173.01305599554956,177.15017700195312,9588300.0
2025-09-18,186.96590340822783,190.49637961925907,182.8188423716985,188.7162170410156,15473700.0
2025-09-19,189.7703773091525,190.7947104475693,187.6222550252497,189.0543365478516,18903500.0
2025-09-22,192.12734032712672,200.04354700430537,191.3715110758876,199.41702270507807,15475500.0
2025-09-23,200.12309604960743,202.97731944735867,197.7064699601568,199.76507568359372,12417900.0
2025-09-24,197.98495092249897,202.62926150006984,196.31418396742535,200.33197021484372,6360500.0
2025-09-25,197.94515803159487,199.61592494940115,195.1207833185956,198.5020904541016,6027600.0
2025-09-26,198.89987362412185,204.07126730337777,196.3042296663328,202.79830932617188,7363300.0
2025-09-29,205.2050006408442,209.34212174823807,203.5541280102702,203.82264709472656,9295400.0
2025-09-30,203.23588544420463,209.11338017732243,201.75407596673597,203.61380004882807,12253800.0
2025-10-01,203.61380560841613,217.2384438843412,202.49001646915468,216.54229736328125,12699200.0
2025-10-02,223.7623551561523,225.1646028904296,217.52683994350787,222.360107421875,11166000.0
2025-10-03,218.700363713054,219.28711470908556,214.4140737854929,216.3334503173828,9269800.0
2025-10-06,221.1169886736455,225.2441702086653,219.55563253679568,222.6783599853516,7891900.0
2025-10-07,222.67837555021453,223.59331322347305,210.1079031058924,210.39630126953125,10543300.0
2025-10-08,208.84486803858508,217.4472815330891,207.85036866697277,216.3135528564453,7875500.0
2025-10-09,215.80634512111132,219.64511297311705,214.3245357216177,219.08819580078125,6701400.0
2025-10-10,219.4860195506532,223.2352866231193,208.57635966985765,208.79515075683597,12829700.0
2025-10-13,219.13794511904632,219.9136534238157,215.83619988347917,218.2727203369141,7853000.0
2025-10-14,212.72341154490576,220.4307817483423,212.5344694093782,216.9898223876953,8260000.0
2025-10-15,222.7280878758466,226.8453147030526,219.30700757983848,226.3281707763672,8033600.0
2025-10-16,229.33157038796287,230.79348573702293,222.7977019697325,226.4674072265625,7742800.0
2025-10-17,225.2242656558022,226.10936945713237,221.4749989131541,223.75241088867188,5272800.0
2025-10-20,225.90053225166957,230.05754762744783,225.2839474806837,226.87515258789065,5494800.0
2025-10-21,224.67730468136787,226.9049888206852,223.9712185988314,224.75686645507807,4557500.0
2025-10-22,224.7568500590123,225.52261879711097,214.88147893105804,219.3467712402344,7498100.0
2025-10-23,217.18871663222487,229.2818326036418,216.9201975535816,227.21327209472656,7001900.0
2025-10-24,227.74036985303533,229.4509100895009,225.04526971626535,227.4917449951172,5346700.0
2025-10-27,231.71836838804776,234.4930151351564,229.8586593002868,230.05755615234372,7671700.0
2025-10-28,228.4166046495496,229.74924531858977,225.83091543059055,226.3878326416016,6118500.0
2025-10-29,231.61890247259743,236.08421020843545,230.7238590891768,234.45323181152344,7784500.0
2025-10-30,236.47207123136835,241.1661097148585,230.80342756376368,231.27084350585935,7317700.0
2025-10-31,232.45428905071037,236.60134961768415,229.1823776136117,231.81781005859372,6532600.0
2025-11-03,234.3736784882986,238.47101127767144,232.71286626372407,236.4024658203125,6160600.0
2025-11-04,230.1470428447981,235.6665173943104,228.5061249509581,228.9238128662109,6896400.0
2025-11-05,228.9238162618819,240.57935028847464,228.83431495904077,239.56495666503903,7230800.0
2025-11-06,239.4456185535796,239.4456185535796,231.64873192766143,232.2454376220703,9278400.0
2025-11-07,230.99238482756687,231.24100968288465,222.15128557946232,228.8044891357422,6892800.0
2025-11-10,234.9305792030434,235.238871576193,230.783518699195,233.7869110107422,7673700.0
2025-11-11,231.29072708012637,231.9669793716411,225.75135827379432,227.41217041015625,6237600.0
2025-11-12,229.95809565514116,230.5647409057435,227.6409101954585,229.4608459472656,5955400.0
2025-11-13,226.1392114815651,227.74035607669683,218.42190182156497,222.0020904541016,13465900.0
2025-11-14,202.62924914009383,224.915983939014,202.2811682863524,224.7667999267578,15254400.0
2025-11-17,222.96676330874843,230.4354635435886,222.03193144115008,227.45196533203125,8713600.0
2025-11-18,225.23421839055047,226.3679470921444,218.21305510042905,223.88169860839844,12167400.0
2025-11-19,226.0397676379652,234.6123630006202,225.25411976912912,233.83665466308597,8870500.0
2025-11-20,237.941993075374,239.9049983519533,218.18242751431245,219.44790649414065,9264000.0
2025-11-21,218.4215615159656,227.34974894700147,214.7347042062449,223.2144775390625,8596800.0
2025-11-24,222.06858044718143,232.37185740265036,222.06858044718143,230.08999633789065,8806600.0
2025-11-25,236.7064015369673,243.7512862315726,232.31205893872573,241.59896850585935,8330300.0
2025-11-26,241.9676621370629,251.76275559309383,241.9676621370629,249.08230590820312,8791100.0
2025-11-28,249.9093697657873,251.5833965030557,246.96984875631568,251.35421752929688,2916300.0
2025-12-01,249.3413839900356,254.8816369969153,247.64742403682888,253.8453369140625,6842400.0
2025-12-02,254.72222088135356,266.1016495624101,254.72222088135356,264.38775634765625,9196800.0
2025-12-03,264.35783411306807,268.1941677793995,258.7876893992359,267.676025390625,7999600.0
2025-12-04,267.38705458732306,271.79137145326706,265.05536815565955,268.483154296875,6348800.0
2025-12-05,268.8318999564908,272.6183928058921,266.41050653450134,267.0482482910156,5373400.0
2025-12-08,268.5429709936205,271.19352864214284,265.5934908471923,267.2077331542969,5338100.0
2025-12-09,265.1251073125564,267.75571601226096,263.78986973183663,266.1913146972656,4062600.0
2025-12-10,265.8226066568332,275.1194899837203,264.915834697875,274.1728515625,6244600.0
2025-12-11,270.2568307594552,271.024085348416,261.89661116389885,269.1507568359375,7061200.0
2025-12-12,266.3108895157472,268.752170587269,256.2168593108301,258.2894592285156,6739300.0
2025-12-15,262.494496110446,264.7464800952862,258.8674383461621,260.3421630859375,6406000.0
2025-12-16,258.86741479039296,260.65103605845246,254.39335467961288,257.9207763671875,5859700.0
2025-12-17,257.2432296079385,259.1763427408613,246.04313945897448,247.3883514404297,7855400.0
2025-12-18,258.16990691091667,259.89377422192126,251.3342677738749,252.59976196289065,8741200.0
2025-12-19,254.80192431946324,260.3920025855455,252.679483551794,255.4994354248047,25749700.0
2025-12-22,261.8965902472796,261.8965902472796,256.6851831712118,258.0901794433594,4182000.0
2025-12-23,257.24322140702003,259.52509763412274,256.9642169642148,259.3058776855469,3791500.0
2025-12-24,259.30590813989164,260.5514692646302,258.40907980271413,259.8539428710937,1279500.0
2025-12-26,260.9101251784254,262.00622483538893,259.27596511557164,260.96990966796875,1836000.0
2025-12-29,259.89375310515885,263.7101381855071,259.07665788592584,262.1158142089844,2601600.0
2025-12-30,263.2517983998894,264.06889367528515,258.85745575152265,259.0467834472656,2185100.0
2025-12-31,260.54146353910994,260.9001705032391,255.05103623884105,256.0773620605469,3025800.0
2026-01-02,266.13153973281777,270.2668266984115,264.1585905143005,267.9151916503906,7553200.0
2026-01-05,275.1394408377765,286.71817115654164,275.1394408377765,283.3103332519531,10398700.0
2026-01-06,284.4163859975942,297.1609752158585,284.4163859975942,294.9588317871094,7237900.0
2026-01-07,290.96302109389114,294.20147937661426,288.97012368913846,291.1623229980469,6148400.0
2026-01-08,289.6676544956032,290.8833231479704,278.4576064177424,280.63983154296875,5500700.0
2026-01-09,287.3758286324067,301.7047672814816,285.482581989015,300.1104431152344,9427600.0
2026-01-12,300.64853924116846,308.40090984580297,299.5225472088919,306.14892578125,6612800.0
2026-01-13,305.9695481749728,309.53685169919413,301.5154210834778,303.7873229980469,7146500.0
2026-01-14,300.39941026774244,300.8677424034529,295.945283073799,300.81793212890625,6545200.0
2026-01-15,326.914876694785,329.82452028398524,317.69772620346515,317.94683837890625,11262800.0
2026-01-16,324.5632969280611,329.01742417854217,319.03301837824654,325.8487243652344,11399300.0
2026-01-20,314.97747372805946,323.33766339946106,314.57890028741224,317.09991455078125,9387300.0
2026-01-21,318.34546716091154,327.52275190953486,315.78458649827,324.0849914550781,7914000.0
2026-01-22,331.8074834930878,331.84734996054345,316.3326345044371,317.6579284667969,6036100.0
2026-01-23,317.8472486246984,322.4907036738174,309.9653349811488,321.23516845703125,6201000.0
2026-01-26,320.8565195191279,320.8565195191279,315.4458097335207,318.3255310058594,4777200.0
2026-01-27,323.29782646167786,335.275130132524,322.1419422005047,331.5284729003906,8033000.0
2026-01-28,340.71573574296747,342.8182585537268,331.77758866317885,335.5541381835937,8470000.0
2026-01-29,339.5299627581736,343.37627103385853,327.71209429501295,340.1278381347656,7350500.0
2026-01-30,331.7476916933059,339.7392305313776,320.39815567383494,321.1753845214844,9814100.0
2026-02-02,319.4615063256379,329.26655932780886,318.71416969063216,327.2337951660156,7409600.0
2026-02-03,335.7434696899056,337.23814292812534,310.8422232721106,317.5383605957031,10697000.0
2026-02-04,322.8394183577576,322.8394183577576,286.46903925581734,296.54315185546875,14719400.0
2026-02-05,299.0043991532007,303.269198807094,291.2819209418628,302.91046142578125,8514300.0
2026-02-06,308.3112300779641,323.24798801505983,307.2051560856231,321.3647155761719,8344400.0
2026-02-09,316.43227900659065,331.2195755733812,314.977472270817,329.3960876464844,7458900.0
2026-02-10,328.6886009143787,333.42173292091564,320.3782212088479,327.90142822265625,6785800.0
2026-02-11,336.7099989073328,343.1171570363398,329.71493966816774,338.6730041503906,7160900.0
2026-02-12,338.67300219538186,339.858778627243,324.4038489581233,327.22381591796875,9764400.0
2026-02-13,363.6540129793528,374.98363132054993,352.00552371407724,353.649658203125,15706000.0
2026-02-17,349.7535115651193,361.3422154035328,346.425376386225,357.8546447753906,8791300.0
2026-02-18,360.345810096548,372.6718777657331,357.98423113767666,367.9885559082031,8784300.0
2026-02-19,361.36386638663055,369.215693465988,359.56800345359966,368.9762268066406,6640100.0
2026-02-20,365.4244724149288,376.2394451442549,365.4244724149288,374.5134582519531,8178700.0
2026-02-23,371.5403134371029,377.985392087367,368.82659130323447,372.6876525878906,6077400.0
2026-02-24,375.7206531432947,379.6316173742122,367.1504864740904,377.05755615234375,5711800.0
2026-02-25,384.1112264658444,395.0359605402826,383.1135349685305,394.0382690429688,9745000.0
2026-02-26,390.8955274641499,392.56168570826753,365.6938602371558,374.8526611328125,7717100.0
2026-02-27,365.0952481166272,377.7060534717625,364.7659928548482,371.4405517578125,9041400.0
2026-03-02,365.73375256661006,372.9470733860388,362.441382652388,371.3208312988281,5802100.0
2026-03-03,350.08995883777123,358.70004178660383,347.78529379282963,350.5090026855469,7982000.0
2026-03-04,358.3907642221469,361.5035570249374,349.8904430724398,356.93414306640625,5980400.0
2026-03-05,350.2296400060424,353.9410536815071,335.5236462845959,345.73004150390625,5899700.0
2026-03-06,328.7592900498336,340.6118698667743,320.9972514465727,323.9903259277344,8655200.0
2026-03-09,319.7401855380069,338.3770556055685,315.92899666902514,338.1575622558594,9504100.0
2026-03-10,339.0654943909626,354.4598683827322,338.2174504464347,345.0815734863281,6121100.0
2026-03-11,347.1966621296396,352.18511991885856,342.73697964819263,350.25958251953125,4517200.0
2026-03-12,343.3954636156852,344.6824942650633,333.2389707492217,336.4914245605469,5978200.0
2026-03-13,341.67944019680226,348.4437879621186,339.4944931779622,340.7416076660156,5332200.0
2026-03-16,346.8973700430836,349.9403171437422,342.77689899961496,345.380859375,4427000.0
2026-03-17,345.3808304879393,351.9955298957976,342.21816553529504,351.6463317871094,4833900.0
2026-03-18,352.574233336419,357.0338853592935,348.42383281278217,348.66326904296875,5170500.0
2026-03-19,339.95339557908005,358.2211247024128,337.3095191654133,356.3853759765625,6459700.0
2026-03-20,358.9394531617771,361.164316125394,345.85973246036554,356.2357177734375,17587900.0
2026-03-23,366.9709128060676,373.386062157875,360.6156225114208,360.954833984375,6490700.0
2026-03-24,357.33320432499494,379.1127971675235,357.173570025518,373.1266479492188,6406200.0
2026-03-25,370.1435372248107,374.8127260204977,359.8274110269713,368.48736572265625,5052000.0
2026-03-26,357.5427170251986,358.6501704816853,336.7508287115354,337.7684631347656,9261000.0
2026-03-27,336.850592170845,344.891983371992,333.56817855067897,336.39166259765625,5984800.0
2026-03-30,343.20588863086084,343.7446505858846,319.9497013457435,322.37408447265625,6568100.0
2026-03-31,328.07090253059164,341.27037284051863,324.70868684234443,341.0010070800781,8335600.0
2026-04-01,344.4929117604908,358.1712539067763,340.64180667984965,352.9832458496094,5974800.0
2026-04-02,337.2197266493062,353.4920725616134,336.4714580250844,347.6655578613281,4269400.0
2026-04-06,350.20968713984985,352.6839732170212,345.03166540847445,351.8059997558594,2505500.0
2026-04-07,347.34628226641854,355.17816646468617,344.7024059369356,353.4920654296875,4024800.0
2026-04-08,378.01536988386937,388.4013122327656,376.90791641946623,384.82958984375,7628500.0
2026-04-09,384.3606594960599,397.8195084073637,384.2409413847594,396.89166259765625,5373600.0
2026-04-10,401.5708407891288,406.349791742598,398.05897756480897,398.5677795410156,6399900.0
2026-04-13,396.9315990694811,399.57547565291446,388.690656919675,394.8164978027344,5246600.0
2026-04-14,399.0766049496418,400.1241688587832,390.1073679964798,394.7266845703125,5353200.0
2026-04-15,388.3114932622336,393.6990211766931,378.8034946547437,393.349853515625,5925100.0
2026-04-16,388.0521502369653,392.6016213827477,383.4128600559668,388.99993896484375,5113000.0
2026-04-17,396.8318093508614,399.5754610811314,389.508757113542,396.023681640625,6017900.0
2026-04-20,396.68217952827,397.570109204717,389.4788450804338,390.7159729003906,3747500.0
2026-04-21,392.0927918442305,396.5923906234892,390.15726773879646,393.4197082519531,5414900.0
2026-04-22,398.9469017777863,403.14717453649166,390.35679243649565,402.548583984375,5268100.0
2026-04-23,405.2323620692997,412.8646958064126,396.2232092174277,402.9775695800781,4420800.0
2026-04-24,411.5477727707896,419.52930533361695,409.362825795945,416.0773010253906,6159600.0
2026-04-27,415.0396829536639,416.0373744992256,397.08123513355343,403.9253845214844,5663400.0
2026-04-28,385.108920156064,389.1695318805644,376.92783765265375,380.2301940917969,10396200.0
2026-04-29,382.9838616304255,385.1189362245053,376.1995710708158,381.7068176269531,5116400.0
2026-04-30,384.64999441326233,395.0958257713354,383.6722457696423,393.5793151855469,7050000.0
2026-05-01,388.55096464137625,397.7197519099379,385.3084672848396,388.1817932128906,4586500.0
2026-05-04,386.2662421458197,400.0742887575109,384.7597182480658,390.47650146484375,5062300.0
2026-05-05,403.4564637739056,413.5431098111316,399.326006518469,409.8716125488281,6321100.0
2026-05-06,420.0281193618806,431.8108534811313,416.7856220033863,427.6305236816406,7241200.0
2026-05-07,425.3757597622063,426.7126932487688,405.0727608330907,409.6920776367188,7741800.0
2026-05-08,422.1332604925402,437.028818593362,416.93529600053466,434.434814453125,8165200.0
2026-05-11,438.2359793664792,447.4147530938142,436.260539289644,442.5958862304688,8324000.0
2026-05-12,435.7916379232536,436.04106079991465,415.59837157186,430.20458984375,9319400.0
2026-05-13,434.90371550091504,439.4831159384227,421.3251180386192,435.6020812988281,7839400.0
2026-05-14,442.3165806371618,447.4148004344058,436.9889112630895,439.5429992675781,14936200.0
2026-05-15,427.43100846466194,443.47387448693536,420.5868288999158,435.612060546875,12768700.0
2026-05-18,440.2912488461568,440.6903193707048,407.1479348377488,412.61529541015625,8265000.0
2026-05-19,403.4364972160011,414.5008920294696,396.4526568850844,405.97064208984375,8418700.0
2026-05-20,415.4886384846244,426.5131174107768,414.8900174935696,425.8646240234375,6888400.0
2026-05-21,423.7369065055144,430.5196623446708,421.1596452450189,426.9035034179688,5682900.0
2026-05-22,433.8860579799857,437.6620191782628,429.83039708128,431.6983947753906,4889300.0
2026-05-26,444.26493132962713,456.29207907183707,437.5321405656147,454.4041137695313,8044400.0
2026-05-27,460.7273258602551,461.9060580674632,440.6487905900205,447.7711791992188,5047600.0
2026-05-28,445.6534502883346,457.1911004225746,437.7818628006543,449.19964599609375,5675600.0
2026-05-29,452.2863508569121,459.9681390202159,445.223926031706,449.5792541503906,8546800.0
2026-06-01,444.0651575132187,463.3844951543944,437.7519011269146,457.68060302734375,6613700.0
2026-06-02,464.80295755471474,490.984982162644,460.9570944861487,489.5265197753906,10440700.0
2026-06-03,487.4287941308176,507.71709697152926,486.8393975297906,500.2350769042969,8964900.0
2026-06-04,485.1412480551474,510.20444462327976,479.597157972364,501.16412353515625,6729000.0
2026-06-05,479.1975849106027,484.3820436041942,452.4262237657789,452.526123046875,11909400.0
2026-06-08,475.4915461716242,497.1783474412626,470.6167540139487,491.644287109375,9726900.0
2026-06-09,501.1840864986732,525.4181523288704,466.0117047716056,498.6767578125,11731700.0
2026-06-10,502.2529508205413,533.8691376138418,494.35139626938167,496.4791259765625,11393800.0
2026-06-11,521.9318645665493,557.0243434530702,519.3446653569473,552.0496826171875,12427700.0
2026-06-12,548.0339983636952,569.3412322504515,543.4888705432007,566.6441040039062,8055800.0
2026-06-15,589.3497616432984,598.979478791973,579.8899067983571,585.154296875,11664400.0
2026-06-16,581.368296887857,600.2680690938965,567.0436493058121,567.6229858398438,10906100.0
2026-06-17,591.3876190628448,622.6841082106196,590.1988877914607,592.28662109375,11045500.0
2026-06-18,621.855060996017,638.2175692141243,611.8457445703723,616.4508056640625,16781200.0
2026-06-22,625.5510448561254,640.4950865888701,620.0269836859661,639.4961547851562,10737300.0
2026-06-23,581.3084183280791,591.8671355564264,572.8974290175842,585.2542114257812,12035100.0
2026-06-24,584.6148242891134,593.6352075144702,568.8816487778739,588.3408203125,10726700.0
2026-06-25,637.0587521649362,668.5051055106441,609.0487266273076,667.2864379882812,16477800.0
2026-06-26,642.073449260977,659.4848241876985,621.3356141835166,626.1704711914062,28138600.0
2026-06-29,634.7512355684455,708.2326574039321,631.4347746279255,693.8980102539062,14165300.0
2026-06-30,696.7549601827914,738.8798989117877,695.2565624189574,722.2277221679688,16461200.0
2026-07-01,667.6959668631298,693.038922313539,638.3773433930633,650.2146606445312,16089200.0
2026-07-02,655.9885286478141,656.2981950681802,581.2784409940324,602.3958129882812,15071700.0
2026-07-06,627.0894783995512,628.3281441590747,591.0479995771518,592.1567993164062,8622800.0
2026-07-07,544.7674639619504,557.6837065297274,527.0664207171061,553.90771484375,12552400.0
2026-07-08,546.5155951343639,577.5224790280582,545.5965948965757,569.890625,7535700.0
2026-07-09,626.6399288937963,629.307059829824,584.8246567854503,588.0311889648438,14418000.0
2026-07-10,577.6223486472957,608.5692381423538,572.7775535169973,601.8564453125,6279300.0
2026-07-13,581.3883143507304,589.3897679295872,567.5431340526876,574.775390625,7561700.0
2026-07-14,613.2442927340592,613.4840266250667,583.3762057568129,595.063720703125,6513900.0
2026-07-15,609.7279860046576,611.0665204494271,556.5648048596327,578.81103515625,8168200.0
2026-07-16,561.9390761215258,590.4586279549089,556.6747469641948,560.330810546875,8406100.0
2026-07-17,531.8313015250113,550.5912085596145,512.671736422373,529.0941772460938,10326500.0
2026-07-20,545.0471933385277,554.3971808756951,522.4014252399297,525.1384887695312,6558300.0
2026-07-21,564.3465575748833,571.8884808046024,551.4103779984987,563.9469604492188,7636400.0
2026-07-22,543.7285877495399,562.7382899428353,542.5997898919999,553.3283081054688,4963500.0
2026-07-23,548.3835479661813,575.8741699601605,546.8052796580068,562.1987915039062,5706400.0
2026-07-24,555.6158860078156,562.1988125164539,529.4438602967418,535.6771850585938,6262200.0
2026-07-27,538.9636600969685,547.9640456820096,493.11272547028847,516.337890625,8011400.0
2026-07-28,490.39562597375175,494.4712544149321,466.5111623295723,475.9510498046875,9891300.0
2026-07-29,462.92498696109465,474.4926037615108,435.863897742946,435.9837951660156,10166900.0
2026-07-30,481.964635913446,507.9967967268167,475.6114136804508,501.2340087890625,12166300.0
2026-07-31,531.1220786860339,535.9668737789481,502.3728212125944,507.1277465820313,7411500.0
2026-08-03,498.3271263282506,518.9450942734654,491.15480298654495,517.656494140625,5978900.0
2026-08-04,544.0682662981079,549.0828628159294,534.9779497172648,546.0361328125,7971700.0
2026-08-05,543.9283605515157,553.488145130258,530.0032489134359,533.6693115234375,5358100.0
2026-08-06,524.7788970700265,538.9237455671174,510.5041215818653,526.9165649414062,4173200.0
2026-08-07,539.0136794888218,545.3568725333388,527.4360321828723,538.5641479492188,4555000.0
2026-08-10,554.4071376484701,554.72680313432,521.0128555746157,521.562255859375,7019400.0
2026-08-11,539.4131669516975,539.4131669516975,522.1016619778696,525.0485229492188,6973800.0
2026-08-12,547.4146499957131,553.1585080932958,544.3179856702181,547.5645141601562,7495000.0
2026-08-13,548.2237707498291,563.1578136815444,531.2219316303414,533.968994140625,12963300.0
2026-08-14,498.8665561126408,522.441353695715,496.56902506858296,506.6382446289063,13132300.0
2026-08-17,517.4467118764579,539.233413657786,514.5697831953779,534.7382202148438,9624100.0
2026-08-18,506.8280519668714,516.2779692936889,497.1983647069724,513.7806396484375,8611900.0
2026-08-19,507.8669303726501,512.9314915325449,488.0281285710319,495.6400146484375,6571200.0
2026-08-20,489.5799865722656,499.8900146484375,487.4700012207031,496.2099914550781,6604500.0
2026-08-21,503.0,503.5,483.1300048828125,492.3200073242188,5526800.0
2026-08-24,481.8800048828125,489.739990234375,473.6700134277344,484.1900024414063,9264700.0
2026-08-25,490.05999755859375,492.2999877929688,475.8800048828125,480.0400085449219,5185200.0
2026-08-26,479.739990234375,480.6700134277344,472.3999938964844,479.760009765625,5193000.0
2026-08-27,481.5,484.9800109863281,471.0,482.3599853515625,6285600.0
