timestamp,code,side,price,qty,reason,pnl,holding_days,holding_bars,return_pct
2019-01-03,ASML.US,buy,140.4352,43.47,signal,0.0,0,0.0,0.0
2019-01-04,ASML.US,sell,139.6541,43.47,target_rebalance,-33.9575,1,1.0,-0.56
2019-01-03,TSM.US,buy,30.1027,27.38,signal,0.0,0,0.0,0.0
2019-01-04,TSM.US,sell,29.2944,27.38,target_rebalance,-22.1296,1,1.0,-2.68
2019-01-03,AMD.US,buy,18.423,815.4,signal,0.0,0,0.0,0.0
2019-01-07,AMD.US,sell,19.4206,815.4,target_rebalance,813.3869,4,1.9823272628809585,5.41
2019-01-03,AMD.US,buy,18.423,672.42,signal,0.0,0,0.0,0.0
2019-01-08,AMD.US,sell,21.1688,672.42,target_rebalance,1846.3181,5,2.9823272628809585,14.9
2019-01-03,ASML.US,buy,140.559,30.62,signal,0.0,0,0.0,0.0
2019-01-09,ASML.US,sell,150.0829,30.62,target_rebalance,291.6221,6,3.945305940611025,6.78
2019-01-03,TSM.US,buy,30.0913,22.98,signal,0.0,0,0.0,0.0
2019-01-09,TSM.US,sell,30.034,22.98,target_rebalance,-1.3166,6,3.8723278605597145,-0.19
2019-01-03,ASML.US,buy,140.559,3.84,signal,0.0,0,0.0,0.0
2019-01-10,ASML.US,sell,149.5175,3.84,target_rebalance,34.4004,7,4.945305940611024,6.37
2019-01-03,AVGO.US,buy,20.1555,432.49,signal,0.0,0,0.0,0.0
2019-01-10,AVGO.US,sell,20.2506,432.49,target_rebalance,41.153,7,4.858466666259698,0.47
2019-01-03,TSM.US,buy,30.0913,82.83,signal,0.0,0,0.0,0.0
2019-01-10,TSM.US,sell,30.1445,82.83,target_rebalance,4.4083,7,4.872327860559715,0.18
2019-01-03,AVGO.US,buy,20.1555,102.77,signal,0.0,0,0.0,0.0
2019-01-11,AVGO.US,sell,20.5689,102.77,target_rebalance,42.4924,8,5.858466666259699,2.05
2019-01-03,TSM.US,buy,30.0913,169.26,signal,0.0,0,0.0,0.0
2019-01-11,TSM.US,sell,30.9861,169.26,target_rebalance,151.457,8,5.8723278605597145,2.97
2019-01-03,AMD.US,buy,18.5425,292.24,signal,0.0,0,0.0,0.0
2019-01-14,AMD.US,sell,19.94,292.24,target_rebalance,408.4143,11,6.564034431838793,7.54
2019-01-03,AMD.US,buy,18.5425,201.51,signal,0.0,0,0.0,0.0
2019-01-15,AMD.US,sell,20.4196,201.51,target_rebalance,378.2448,12,7.564034431838791,10.12
2019-01-03,AVGO.US,buy,20.1568,106.28,signal,0.0,0,0.0,0.0
2019-01-15,AVGO.US,sell,20.8435,106.28,target_rebalance,72.9848,12,7.831867030270728,3.41
2019-01-03,AVGO.US,buy,20.1568,163.82,signal,0.0,0,0.0,0.0
2019-01-16,AVGO.US,sell,21.2097,163.82,target_rebalance,172.4805,13,8.831867030270727,5.22
2019-01-03,ASML.US,buy,140.7988,13.74,signal,0.0,0,0.0,0.0
2019-01-17,ASML.US,sell,144.4096,13.74,target_rebalance,49.6126,14,9.712566685268643,2.56
2019-01-03,AVGO.US,buy,20.1568,38.98,signal,0.0,0,0.0,0.0
2019-01-17,AVGO.US,sell,20.6209,38.98,target_rebalance,18.0898,14,9.831867030270727,2.3
2019-01-03,AMD.US,buy,18.564,101.87,signal,0.0,0,0.0,0.0
2019-01-18,AMD.US,sell,20.3496,101.87,target_rebalance,181.9019,15,10.39273329539224,9.62
2019-01-03,AVGO.US,buy,20.1568,16.34,signal,0.0,0,0.0,0.0
2019-01-18,AVGO.US,sell,21.3688,16.34,target_rebalance,19.8044,15,10.831867030270727,6.01
2019-01-03,TSM.US,buy,30.1011,6.85,signal,0.0,0,0.0,0.0
2019-01-18,TSM.US,sell,30.8076,6.85,target_rebalance,4.8396,15,10.695547534834725,2.35
2019-01-03,AMD.US,buy,18.564,8.97,signal,0.0,0,0.0,0.0
2019-01-22,AMD.US,sell,20.4595,8.97,target_rebalance,17.0028,19,11.39273329539224,10.21
2019-01-03,ASML.US,buy,140.874,7.19,signal,0.0,0,0.0,0.0
2019-01-22,ASML.US,sell,149.1559,7.19,target_rebalance,59.5471,19,11.598487108484386,5.88
2019-01-03,TSM.US,buy,30.1011,20.94,signal,0.0,0,0.0,0.0
2019-01-22,TSM.US,sell,31.0286,20.94,target_rebalance,19.4226,19,11.695547534834727,3.08
2019-01-03,ASML.US,buy,140.874,26.37,signal,0.0,0,0.0,0.0
2019-01-23,ASML.US,sell,151.4086,26.37,target_rebalance,277.7976,20,12.598487108484385,7.48
2019-01-03,AVGO.US,buy,20.165,49.14,signal,0.0,0,0.0,0.0
2019-01-23,AVGO.US,sell,21.4026,49.14,target_rebalance,60.8183,20,12.748616642197401,6.14
2019-01-03,TSM.US,buy,30.1011,7.2,signal,0.0,0,0.0,0.0
2019-01-23,TSM.US,sell,31.0541,7.2,target_rebalance,6.8619,20,12.695547534834724,3.17
2019-01-03,ASML.US,buy,140.874,25.71,signal,0.0,0,0.0,0.0
2019-01-24,ASML.US,sell,155.302,25.71,target_rebalance,370.9445,21,13.598487108484383,10.24
2019-01-03,AMD.US,buy,18.6071,165.79,signal,0.0,0,0.0,0.0
2019-01-25,AMD.US,sell,20.969,165.79,target_rebalance,391.5856,22,14.02682018798748,12.69
2019-01-03,ASML.US,buy,140.874,4.44,signal,0.0,0,0.0,0.0
2019-01-25,ASML.US,sell,160.5674,4.44,target_rebalance,87.4388,22,14.598487108484385,13.98
2019-01-03,ASML.US,buy,140.874,20.6,signal,0.0,0,0.0,0.0
2019-01-28,ASML.US,sell,159.2047,20.6,target_rebalance,377.6124,25,15.598487108484386,13.01
2019-01-03,AVGO.US,buy,20.195,61.56,signal,0.0,0,0.0,0.0
2019-01-28,AVGO.US,sell,21.5692,61.56,target_rebalance,84.5988,25,15.49056675754195,6.8
2019-01-03,ASML.US,buy,140.874,7.67,signal,0.0,0,0.0,0.0
2019-01-29,ASML.US,sell,161.7076,7.67,target_rebalance,159.794,26,16.598487108484385,14.79
2019-01-03,AVGO.US,buy,20.195,134.65,signal,0.0,0,0.0,0.0
2019-01-29,AVGO.US,sell,22.0467,134.65,target_rebalance,249.3328,26,16.49056675754195,9.17
2019-01-03,AMD.US,buy,18.6471,549.55,signal,0.0,0,0.0,0.0
2019-01-30,AMD.US,sell,21.4685,549.55,target_rebalance,1550.5315,27,16.659033655863702,15.13
2019-01-03,AMD.US,buy,18.6471,605.3,signal,0.0,0,0.0,0.0
2019-01-31,AMD.US,sell,22.997,605.3,target_rebalance,2633.011,28,17.659033655863702,23.33
2019-01-03,AMD.US,buy,18.6471,544.52,signal,0.0,0,0.0,0.0
2019-02-01,AMD.US,sell,24.5854,544.52,target_rebalance,3233.5435,29,18.6590336558637,31.85
2019-01-03,ASML.US,buy,141.7738,17.36,signal,0.0,0,0.0,0.0
2019-02-04,ASML.US,sell,165.4064,17.36,target_rebalance,410.2625,32,19.83512753699654,16.67
2019-01-03,ASML.US,buy,141.7738,15.8,signal,0.0,0,0.0,0.0
2019-02-05,ASML.US,sell,166.6857,15.8,target_rebalance,393.6083,33,20.835127536996534,17.57
2019-01-03,AVGO.US,buy,20.3004,206.03,signal,0.0,0,0.0,0.0
2019-02-05,AVGO.US,sell,22.4268,206.03,target_rebalance,438.1114,33,20.523828974149485,10.47
2019-01-03,TSM.US,buy,30.186,94.59,signal,0.0,0,0.0,0.0
2019-02-05,TSM.US,sell,32.2358,94.59,target_rebalance,193.8901,33,20.67549604658143,6.79
2019-01-03,ASML.US,buy,141.7738,18.65,signal,0.0,0,0.0,0.0
2019-02-06,ASML.US,sell,170.6162,18.65,target_rebalance,537.9113,34,21.835127536996538,20.34
2019-01-03,TSM.US,buy,30.186,6.03,signal,0.0,0,0.0,0.0
2019-02-06,TSM.US,sell,32.6608,6.03,target_rebalance,14.9233,34,21.67549604658143,8.2
2019-01-03,ASML.US,buy,141.7738,9.22,signal,0.0,0,0.0,0.0
2019-02-07,ASML.US,sell,170.1619,9.22,target_rebalance,261.7386,35,22.835127536996534,20.02
2019-01-03,AVGO.US,buy,20.3131,58.94,signal,0.0,0,0.0,0.0
2019-02-07,AVGO.US,sell,22.501,58.94,target_rebalance,128.9552,35,22.403264709145354,10.77
2019-01-03,TSM.US,buy,30.186,60.23,signal,0.0,0,0.0,0.0
2019-02-07,TSM.US,sell,32.6183,60.23,target_rebalance,146.4999,35,22.67549604658143,8.06
2019-01-03,AVGO.US,buy,20.3131,45.53,signal,0.0,0,0.0,0.0
2019-02-08,AVGO.US,sell,22.045,45.53,target_rebalance,78.8524,36,23.40326470914535,8.53
2019-01-03,TSM.US,buy,30.186,58.9,signal,0.0,0,0.0,0.0
2019-02-08,TSM.US,sell,32.0572,58.9,target_rebalance,110.2178,36,23.67549604658143,6.2
2019-01-03,AMD.US,buy,18.967,152.46,signal,0.0,0,0.0,0.0
2019-02-11,AMD.US,sell,23.0269,152.46,target_rebalance,618.9724,39,23.180910482780263,21.41
2019-01-03,AVGO.US,buy,20.3131,108.66,signal,0.0,0,0.0,0.0
2019-02-11,AVGO.US,sell,22.628,108.66,target_rebalance,251.5365,39,24.40326470914535,11.4
2019-01-03,AMD.US,buy,18.967,32.33,signal,0.0,0,0.0,0.0
2019-02-12,AMD.US,sell,23.4066,32.33,target_rebalance,143.5297,40,24.180910482780263,23.41
2019-01-03,AVGO.US,buy,20.3131,20.49,signal,0.0,0,0.0,0.0
2019-02-12,AVGO.US,sell,22.9785,20.49,target_rebalance,54.6134,40,25.403264709145347,13.12
2019-01-03,TSM.US,buy,30.207,27.1,signal,0.0,0,0.0,0.0
2019-02-12,TSM.US,sell,32.8478,27.1,target_rebalance,71.5661,40,25.429755575288315,8.74
2019-01-03,ASML.US,buy,142.3442,22.1,signal,0.0,0,0.0,0.0
2019-02-13,ASML.US,sell,169.2905,22.1,target_rebalance,595.5152,41,26.26354948032597,18.93
2019-01-03,AVGO.US,buy,20.3131,87.92,signal,0.0,0,0.0,0.0
2019-02-13,AVGO.US,sell,23.0898,87.92,target_rebalance,244.127,41,26.403264709145347,13.67
2019-01-03,ASML.US,buy,142.3442,12.41,signal,0.0,0,0.0,0.0
2019-02-14,ASML.US,sell,169.8097,12.41,target_rebalance,340.847,42,27.263549480325967,19.3
2019-01-03,AVGO.US,buy,20.3131,79.5,signal,0.0,0,0.0,0.0
2019-02-14,AVGO.US,sell,23.1393,79.5,target_rebalance,224.6799,42,27.403264709145354,13.91
2019-01-03,AMD.US,buy,19.0515,246.94,signal,0.0,0,0.0,0.0
2019-02-15,AMD.US,sell,23.5564,246.94,target_rebalance,1112.4335,43,26.6380523336668,23.65
2019-01-03,AMD.US,buy,19.0515,95.4,signal,0.0,0,0.0,0.0
2019-02-19,AMD.US,sell,23.6064,95.4,target_rebalance,434.5301,47,27.638052333666796,23.91
2019-01-03,TSM.US,buy,30.2603,105.78,signal,0.0,0,0.0,0.0
2019-02-19,TSM.US,sell,32.4908,105.78,target_rebalance,235.9363,47,28.731428523320574,7.37
2019-01-03,AMD.US,buy,19.0515,103.04,signal,0.0,0,0.0,0.0
2019-02-20,AMD.US,sell,24.1159,103.04,target_rebalance,521.8268,48,28.638052333666796,26.58
2019-01-03,TSM.US,buy,30.2603,48.61,signal,0.0,0,0.0,0.0
2019-02-20,TSM.US,sell,33.0944,48.61,target_rebalance,137.7614,48,29.731428523320574,9.37
2019-01-03,TSM.US,buy,30.2603,34.03,signal,0.0,0,0.0,0.0
2019-02-21,TSM.US,sell,33.2134,34.03,target_rebalance,100.4916,49,30.731428523320577,9.76
2019-01-03,ASML.US,buy,143.0517,18.62,signal,0.0,0,0.0,0.0
2019-02-22,ASML.US,sell,170.8572,18.62,target_rebalance,517.7375,50,31.470150026400514,19.44
2019-01-03,TSM.US,buy,30.2603,2.97,signal,0.0,0,0.0,0.0
2019-02-22,TSM.US,sell,33.2559,2.97,target_rebalance,8.8967,50,31.731428523320574,9.9
2019-01-03,AMD.US,buy,19.0638,210.5,signal,0.0,0,0.0,0.0
2019-02-25,AMD.US,sell,24.985,210.5,target_rebalance,1246.4087,53,31.565049326081258,31.06
2019-01-03,AVGO.US,buy,20.4266,1.22,signal,0.0,0,0.0,0.0
2019-02-26,AVGO.US,sell,22.9191,1.22,target_rebalance,3.0409,54,33.14407382412356,12.2
2019-01-03,ASML.US,buy,143.0556,10.86,signal,0.0,0,0.0,0.0
2019-02-27,ASML.US,sell,171.6174,10.86,target_rebalance,310.1804,55,34.46569879680823,19.97
2019-01-03,TSM.US,buy,30.2603,102.87,signal,0.0,0,0.0,0.0
2019-02-27,TSM.US,sell,33.5874,102.87,target_rebalance,342.2552,55,34.73142852332058,10.99
2019-01-03,ASML.US,buy,143.0556,12.62,signal,0.0,0,0.0,0.0
2019-02-28,ASML.US,sell,169.9395,12.62,target_rebalance,339.2745,56,35.46569879680824,18.79
2019-01-03,AVGO.US,buy,20.4391,42.1,signal,0.0,0,0.0,0.0
2019-02-28,AVGO.US,sell,22.2627,42.1,target_rebalance,76.7751,56,34.94586369052935,8.92
2019-01-03,TSM.US,buy,30.2603,63.64,signal,0.0,0,0.0,0.0
2019-02-28,TSM.US,sell,33.2559,63.64,target_rebalance,190.6353,56,35.731428523320574,9.9
2019-01-03,AMD.US,buy,19.2145,151.1,signal,0.0,0,0.0,0.0
2019-03-01,AMD.US,sell,23.946,151.1,target_rebalance,714.9364,57,34.42478926761644,24.62
2019-01-03,AVGO.US,buy,20.4391,133.46,signal,0.0,0,0.0,0.0
2019-03-01,AVGO.US,sell,22.9026,133.46,target_rebalance,328.7863,57,35.94586369052936,12.05
2019-01-03,ASML.US,buy,143.3397,9.16,signal,0.0,0,0.0,0.0
2019-03-04,ASML.US,sell,171.8306,9.16,target_rebalance,260.9761,60,37.09877764719026,19.88
2019-01-03,ASML.US,buy,143.3397,8.19,signal,0.0,0,0.0,0.0
2019-03-05,ASML.US,sell,171.1724,8.19,target_rebalance,227.9495,61,38.09877764719027,19.42
2019-01-03,AVGO.US,buy,20.452,109.02,signal,0.0,0,0.0,0.0
2019-03-05,AVGO.US,sell,22.7187,109.02,target_rebalance,247.1167,61,37.736284745003815,11.08
2019-01-03,AMD.US,buy,19.2714,11.43,signal,0.0,0,0.0,0.0
2019-03-06,AMD.US,sell,23.4465,11.43,target_rebalance,47.7216,62,36.92501752279991,21.66
2019-01-03,AVGO.US,buy,20.452,20.06,signal,0.0,0,0.0,0.0
2019-03-06,AVGO.US,sell,22.8144,20.06,target_rebalance,47.389,62,38.736284745003815,11.55
2019-01-03,TSM.US,buy,30.2926,8804.49,signal,0.0,0,0.0,0.0
2019-03-06,TSM.US,sell,33.2049,8804.49,signal,25641.2328,62,39.368848924393006,9.61
2019-01-03,ASML.US,buy,143.4102,11.33,signal,0.0,0,0.0,0.0
2019-03-07,ASML.US,sell,166.9823,11.33,target_rebalance,267.0718,63,39.99978934865884,16.44
2019-01-03,AVGO.US,buy,20.452,100.08,signal,0.0,0,0.0,0.0
2019-03-07,AVGO.US,sell,22.28,100.08,target_rebalance,182.9467,63,39.736284745003815,8.94
2019-03-06,LRCX.US,buy,15.8084,6.42,signal,0.0,0,0.0,0.0
2019-03-07,LRCX.US,sell,15.3231,6.42,target_rebalance,-3.1159,1,1.0,-3.07
2019-01-03,ASML.US,buy,143.4102,12.08,signal,0.0,0,0.0,0.0
2019-03-08,ASML.US,sell,163.1167,12.08,target_rebalance,238.0537,64,40.99978934865883,13.74
2019-03-06,LRCX.US,buy,15.8084,141.89,signal,0.0,0,0.0,0.0
2019-03-08,LRCX.US,sell,14.9767,141.89,target_rebalance,-118.024,2,2.0,-5.26
2019-01-03,AMD.US,buy,19.3502,152.01,signal,0.0,0,0.0,0.0
2019-03-11,AMD.US,sell,22.1278,152.01,target_rebalance,422.2229,67,38.768662737725094,14.35
2019-03-06,LRCX.US,buy,15.8084,120.6,signal,0.0,0,0.0,0.0
2019-03-11,LRCX.US,sell,15.425,120.6,target_rebalance,-46.2499,5,3.0,-2.43
2019-01-03,AMD.US,buy,19.3502,218.81,signal,0.0,0,0.0,0.0
2019-03-12,AMD.US,sell,23.0769,218.81,target_rebalance,815.4284,68,39.76866273772509,19.26
2019-01-03,AMD.US,buy,19.3502,180.95,signal,0.0,0,0.0,0.0
2019-03-13,AMD.US,sell,23.6363,180.95,target_rebalance,775.568,69,40.76866273772509,22.15
2019-01-03,ASML.US,buy,143.686,1.31,signal,0.0,0,0.0,0.0
2019-03-14,ASML.US,sell,169.8746,1.31,target_rebalance,34.3071,70,44.50260979469923,18.23
2019-01-03,AVGO.US,buy,20.4905,118.36,signal,0.0,0,0.0,0.0
2019-03-14,AVGO.US,sell,22.4375,118.36,target_rebalance,230.4519,70,43.76169958190801,9.5
2019-01-03,AVGO.US,buy,20.4905,266.21,signal,0.0,0,0.0,0.0
2019-03-15,AVGO.US,sell,23.6225,266.21,target_rebalance,833.7818,71,44.76169958190801,15.29
2019-03-06,LRCX.US,buy,15.8064,478.63,signal,0.0,0,0.0,0.0
2019-03-15,LRCX.US,sell,16.4898,478.63,target_rebalance,327.0949,9,6.904250296302191,4.32
2019-01-03,ASML.US,buy,143.8374,5.97,signal,0.0,0,0.0,0.0
2019-03-18,ASML.US,sell,176.6232,5.97,target_rebalance,195.7315,74,46.277495224664726,22.79
2019-01-03,AVGO.US,buy,20.4905,41.43,signal,0.0,0,0.0,0.0
2019-03-18,AVGO.US,sell,23.9334,41.43,target_rebalance,142.6407,74,45.76169958190801,16.8
2019-01-03,AMD.US,buy,19.5303,45.14,signal,0.0,0,0.0,0.0
2019-03-19,AMD.US,sell,23.5764,45.14,target_rebalance,182.6428,75,42.749110949321576,20.72
2019-01-03,AVGO.US,buy,20.4905,77.31,signal,0.0,0,0.0,0.0
2019-03-19,AVGO.US,sell,24.2575,77.31,target_rebalance,291.2276,75,46.76169958190802,18.38
2019-01-03,AMD.US,buy,19.5303,1028.82,signal,0.0,0,0.0,0.0
2019-03-20,AMD.US,sell,26.4635,1028.82,target_rebalance,7133.0664,76,43.74911094932159,35.5
2019-01-03,ASML.US,buy,145.0667,21.92,signal,0.0,0,0.0,0.0
2019-03-21,ASML.US,sell,176.0855,21.92,target_rebalance,679.9331,77,47.484621919779144,21.38
2019-01-03,AMD.US,buy,19.5796,390.57,signal,0.0,0,0.0,0.0
2019-03-22,AMD.US,sell,27.5125,390.57,target_rebalance,3098.3346,78,45.397224366333155,40.52
2019-03-06,LRCX.US,buy,15.8406,68.67,signal,0.0,0,0.0,0.0
2019-03-22,LRCX.US,sell,16.6798,68.67,target_rebalance,57.6243,16,11.390376589513036,5.3
2019-01-03,AVGO.US,buy,20.6104,141.14,signal,0.0,0,0.0,0.0
2019-03-25,AVGO.US,sell,24.3111,141.14,target_rebalance,522.3238,81,49.35772076258404,17.96
2019-03-06,LRCX.US,buy,15.8406,142.51,signal,0.0,0,0.0,0.0
2019-03-25,LRCX.US,sell,16.3797,142.51,target_rebalance,76.8208,19,12.390376589513034,3.4
2019-01-03,AMD.US,buy,19.705,79.05,signal,0.0,0,0.0,0.0
2019-03-26,AMD.US,sell,26.6633,79.05,target_rebalance,550.0509,82,46.53330195526623,35.31
2019-01-03,AVGO.US,buy,20.6104,13.13,signal,0.0,0,0.0,0.0
2019-03-26,AVGO.US,sell,24.4917,13.13,target_rebalance,50.9614,82,50.35772076258404,18.83
2019-01-03,ASML.US,buy,145.9792,13.86,signal,0.0,0,0.0,0.0
2019-03-27,ASML.US,sell,173.4714,13.86,target_rebalance,381.0417,83,50.05836631280866,18.83
2019-01-03,AVGO.US,buy,20.6104,195.78,signal,0.0,0,0.0,0.0
2019-03-27,AVGO.US,sell,24.7579,195.78,target_rebalance,812.004,83,51.35772076258404,20.12
2019-03-06,LRCX.US,buy,15.8409,95.61,signal,0.0,0,0.0,0.0
2019-03-27,LRCX.US,sell,16.484,95.61,target_rebalance,61.4869,21,14.384883416374656,4.06
2019-01-03,AVGO.US,buy,20.6104,158.32,signal,0.0,0,0.0,0.0
2019-03-28,AVGO.US,sell,24.7196,158.32,target_rebalance,650.5785,84,52.35772076258404,19.94
2019-03-06,LRCX.US,buy,15.8409,15.71,signal,0.0,0,0.0,0.0
2019-03-28,LRCX.US,sell,16.2644,15.71,target_rebalance,6.6534,22,15.384883416374656,2.67
2019-01-03,AMD.US,buy,19.9384,63.86,signal,0.0,0,0.0,0.0
2019-03-29,AMD.US,sell,25.5544,63.86,target_rebalance,358.637,85,47.637112514456504,28.17
2019-01-03,ASML.US,buy,146.0479,1.44,signal,0.0,0,0.0,0.0
2019-03-29,ASML.US,sell,172.6834,1.44,target_rebalance,38.3552,85,51.915632398717364,18.24
2019-01-03,AVGO.US,buy,20.6104,25.35,signal,0.0,0,0.0,0.0
2019-03-29,AVGO.US,sell,25.0616,25.35,target_rebalance,112.8383,85,53.35772076258404,21.6
2019-01-03,AMD.US,buy,19.9384,125.29,signal,0.0,0,0.0,0.0
2019-04-01,AMD.US,sell,26.3936,125.29,target_rebalance,808.7656,88,48.6371125144565,32.38
2019-01-03,ASML.US,buy,146.0479,7.8,signal,0.0,0,0.0,0.0
2019-04-01,ASML.US,sell,177.2814,7.8,target_rebalance,243.6218,88,52.915632398717364,21.39
2019-01-03,ASML.US,buy,146.0479,5.77,signal,0.0,0,0.0,0.0
2019-04-02,ASML.US,sell,179.8214,5.77,target_rebalance,194.8734,89,53.915632398717364,23.12
2019-03-06,LRCX.US,buy,15.8453,101.04,signal,0.0,0,0.0,0.0
2019-04-02,LRCX.US,sell,16.9323,101.04,target_rebalance,109.8311,27,18.226890232073824,6.86
2019-01-03,AMD.US,buy,19.9752,380.15,signal,0.0,0,0.0,0.0
2019-04-03,AMD.US,sell,27.992,380.15,target_rebalance,3047.5738,90,50.360398506929535,40.13
2019-01-03,AMD.US,buy,19.9752,230.64,signal,0.0,0,0.0,0.0
2019-04-04,AMD.US,sell,28.8511,230.64,target_rebalance,2047.1388,91,51.360398506929535,44.43
2019-03-06,LRCX.US,buy,15.8529,19018.55,signal,0.0,0,0.0,0.0
2019-04-04,LRCX.US,sell,17.3459,19018.55,signal,28393.0071,29,20.118596777438235,9.42
2019-01-03,AMD.US,buy,19.9752,160.75,signal,0.0,0,0.0,0.0
2019-04-05,AMD.US,sell,29.6104,160.75,target_rebalance,1548.8496,92,52.360398506929535,48.24
2019-04-04,TSM.US,buy,35.5457,6.21,signal,0.0,0,0.0,0.0
2019-04-05,TSM.US,sell,35.9932,6.21,target_rebalance,2.7792,1,1.0,1.26
2019-01-03,ASML.US,buy,146.3533,21.03,signal,0.0,0,0.0,0.0
2019-04-08,ASML.US,sell,187.256,21.03,target_rebalance,860.1833,95,57.46628830601196,27.95
2019-01-03,AVGO.US,buy,20.9133,67.64,signal,0.0,0,0.0,0.0
2019-04-08,AVGO.US,sell,25.3045,67.64,target_rebalance,297.0243,95,55.780991365637696,21.0
2019-04-04,TSM.US,buy,35.5457,40.0,signal,0.0,0,0.0,0.0
2019-04-08,TSM.US,sell,35.9082,40.0,target_rebalance,14.5013,4,2.0,1.02
2019-01-03,ASML.US,buy,146.3533,9.81,signal,0.0,0,0.0,0.0
2019-04-09,ASML.US,sell,187.3487,9.81,target_rebalance,402.1652,96,58.466288306011954,28.01
2019-04-04,TSM.US,buy,35.5457,46.6,signal,0.0,0,0.0,0.0
2019-04-09,TSM.US,sell,35.9082,46.6,target_rebalance,16.894,5,3.0,1.02
2019-01-03,AVGO.US,buy,20.9133,152.13,signal,0.0,0,0.0,0.0
2019-04-10,AVGO.US,sell,25.2596,152.13,target_rebalance,661.2062,97,57.780991365637696,20.78
2019-04-04,TSM.US,buy,35.5457,81.15,signal,0.0,0,0.0,0.0
2019-04-10,TSM.US,sell,35.9252,81.15,target_rebalance,30.7983,6,4.0,1.07
2019-01-03,AMD.US,buy,20.4085,91.96,signal,0.0,0,0.0,0.0
2019-04-11,AMD.US,sell,27.7822,91.96,target_rebalance,678.0811,98,53.491618103323695,36.13
2019-01-03,AVGO.US,buy,20.9133,154.17,signal,0.0,0,0.0,0.0
2019-04-11,AVGO.US,sell,25.6382,154.17,target_rebalance,728.4361,98,58.78099136563769,22.59
2019-01-03,AMD.US,buy,20.4085,10.33,signal,0.0,0,0.0,0.0
2019-04-12,AMD.US,sell,28.1818,10.33,target_rebalance,80.2977,99,54.491618103323695,38.09
2019-01-03,ASML.US,buy,146.8886,9.22,signal,0.0,0,0.0,0.0
2019-04-12,ASML.US,sell,187.0984,9.22,target_rebalance,370.7343,99,60.59852731691557,27.37
2019-01-03,AVGO.US,buy,20.9187,193.74,signal,0.0,0,0.0,0.0
2019-04-15,AVGO.US,sell,26.377,193.74,target_rebalance,1057.487,102,60.71663236286264,26.09
2019-01-03,AVGO.US,buy,20.9187,77.52,signal,0.0,0,0.0,0.0
2019-04-16,AVGO.US,sell,26.6241,77.52,target_rebalance,442.2813,103,61.71663236286264,27.27
2019-04-04,TSM.US,buy,35.5499,22.03,signal,0.0,0,0.0,0.0
2019-04-16,TSM.US,sell,36.4098,22.03,target_rebalance,18.9415,12,7.948936595259111,2.42
2019-01-03,ASML.US,buy,147.0598,23.13,signal,0.0,0,0.0,0.0
2019-04-17,ASML.US,sell,193.1703,23.13,target_rebalance,1066.5361,104,63.33306793260794,31.35
2019-04-04,TSM.US,buy,35.5499,50.62,signal,0.0,0,0.0,0.0
2019-04-17,TSM.US,sell,37.3194,50.62,target_rebalance,89.5675,13,8.948936595259111,4.98
2019-01-03,AVGO.US,buy,21.0127,90.65,signal,0.0,0,0.0,0.0
2019-04-18,AVGO.US,sell,26.7106,90.65,target_rebalance,516.5148,105,62.69635394208627,27.12
2019-04-04,TSM.US,buy,35.5499,93.32,signal,0.0,0,0.0,0.0
2019-04-18,TSM.US,sell,37.4554,93.32,target_rebalance,177.814,14,9.948936595259113,5.36
2019-04-04,TSM.US,buy,35.5499,150.18,signal,0.0,0,0.0,0.0
2019-04-22,TSM.US,sell,38.0759,150.18,target_rebalance,379.3543,18,10.948936595259113,7.11
2019-01-03,AMD.US,buy,20.6711,160.52,signal,0.0,0,0.0,0.0
2019-04-23,AMD.US,sell,28.1518,160.52,target_rebalance,1200.8014,110,58.45185808023051,36.19
2019-04-04,TSM.US,buy,35.5499,18.43,signal,0.0,0,0.0,0.0
2019-04-23,TSM.US,sell,38.382,18.43,target_rebalance,52.1944,19,11.948936595259111,7.97
2019-01-03,ASML.US,buy,147.8136,10.96,signal,0.0,0,0.0,0.0
2019-04-24,ASML.US,sell,190.5562,10.96,target_rebalance,468.4582,111,66.18122403409616,28.92
2019-01-03,AMD.US,buy,20.6711,166.02,signal,0.0,0,0.0,0.0
2019-04-25,AMD.US,sell,28.6413,166.02,target_rebalance,1323.2136,112,60.45185808023052,38.56
2019-01-03,ASML.US,buy,147.8136,3.28,signal,0.0,0,0.0,0.0
2019-04-25,ASML.US,sell,191.7613,3.28,target_rebalance,144.1483,112,67.18122403409618,29.73
2019-01-03,ASML.US,buy,147.8136,36.06,signal,0.0,0,0.0,0.0
2019-04-26,ASML.US,sell,192.1397,36.06,target_rebalance,1598.3992,113,68.18122403409616,29.99
2019-01-03,AVGO.US,buy,21.1819,55.51,signal,0.0,0,0.0,0.0
2019-04-26,AVGO.US,sell,25.7214,55.51,target_rebalance,251.9865,113,65.6074483773803,21.43
2019-01-03,AMD.US,buy,20.7784,5.58,signal,0.0,0,0.0,0.0
2019-04-29,AMD.US,sell,27.8721,5.58,target_rebalance,39.583,116,61.51263422090319,34.14
2019-01-03,AVGO.US,buy,21.1819,7.29,signal,0.0,0,0.0,0.0
2019-04-29,AVGO.US,sell,25.8953,7.29,target_rebalance,34.3605,116,66.60744837738028,22.25
2019-01-03,ASML.US,buy,147.8136,9.03,signal,0.0,0,0.0,0.0
2019-04-30,ASML.US,sell,193.7998,9.03,target_rebalance,415.2546,117,70.18122403409618,31.11
2019-01-03,AVGO.US,buy,21.1819,122.28,signal,0.0,0,0.0,0.0
2019-04-30,AVGO.US,sell,26.0683,122.28,target_rebalance,597.5117,117,67.60744837738028,23.07
2019-01-03,AMD.US,buy,20.8221,236.78,signal,0.0,0,0.0,0.0
2019-05-01,AMD.US,sell,28.9211,236.78,target_rebalance,1917.6752,118,63.113091076312664,38.9
2019-01-03,ASML.US,buy,148.2448,10.58,signal,0.0,0,0.0,0.0
2019-05-02,ASML.US,sell,193.706,10.58,target_rebalance,480.9795,119,71.56072079466267,30.67
2019-01-03,AVGO.US,buy,21.1921,264.65,signal,0.0,0,0.0,0.0
2019-05-02,AVGO.US,sell,26.6224,264.65,target_rebalance,1437.1319,119,69.48069304834554,25.62
2019-04-04,TSM.US,buy,35.6102,114.12,signal,0.0,0,0.0,0.0
2019-05-02,TSM.US,sell,37.2853,114.12,target_rebalance,191.164,28,18.447464581699048,4.7
2019-01-03,AMD.US,buy,21.0964,399.87,signal,0.0,0,0.0,0.0
2019-05-03,AMD.US,sell,28.2717,399.87,target_rebalance,2869.181,120,62.25075039623787,34.01
2019-04-04,TSM.US,buy,35.6102,84.03,signal,0.0,0,0.0,0.0
2019-05-03,TSM.US,sell,38.195,84.03,target_rebalance,217.1938,29,19.447464581699045,7.26
2019-01-03,ASML.US,buy,148.7789,19.3,signal,0.0,0,0.0,0.0
2019-05-06,ASML.US,sell,189.6732,19.3,target_rebalance,789.2585,123,72.71932253116903,27.49
2019-01-03,AVGO.US,buy,21.335,89.87,signal,0.0,0,0.0,0.0
2019-05-06,AVGO.US,sell,25.525,89.87,target_rebalance,376.5558,123,69.49203932794676,19.64
2019-01-03,AMD.US,buy,21.2099,74.86,signal,0.0,0,0.0,0.0
2019-05-07,AMD.US,sell,27.1728,74.86,target_rebalance,446.3843,124,62.980598915575435,28.11
2019-04-04,TSM.US,buy,35.6102,5.79,signal,0.0,0,0.0,0.0
2019-05-07,TSM.US,sell,37.2598,5.79,target_rebalance,9.5513,33,21.447464581699048,4.63
2019-01-03,ASML.US,buy,148.9456,8.46,signal,0.0,0,0.0,0.0
2019-05-08,ASML.US,sell,189.1573,8.46,target_rebalance,340.1909,125,74.42661172219736,27.0
2019-01-03,AVGO.US,buy,21.3424,5.26,signal,0.0,0,0.0,0.0
2019-05-08,AVGO.US,sell,25.4011,5.26,target_rebalance,21.3484,125,71.37329334144388,19.02
2019-04-04,TSM.US,buy,35.6102,55.57,signal,0.0,0,0.0,0.0
2019-05-08,TSM.US,sell,36.9963,55.57,target_rebalance,77.0245,34,22.447464581699045,3.89
2019-01-03,AMD.US,buy,21.2833,222.78,signal,0.0,0,0.0,0.0
2019-05-09,AMD.US,sell,26.6733,222.78,target_rebalance,1200.7745,126,64.08128137132712,25.32
2019-01-03,AMD.US,buy,21.2833,88.58,signal,0.0,0,0.0,0.0
2019-05-10,AMD.US,sell,27.003,88.58,target_rebalance,506.6445,127,65.08128137132714,26.87
2019-01-03,AVGO.US,buy,21.3658,48.06,signal,0.0,0,0.0,0.0
2019-05-10,AVGO.US,sell,25.2288,48.06,target_rebalance,185.6567,127,72.91177493297847,18.08
2019-01-03,AMD.US,buy,21.2833,252.95,signal,0.0,0,0.0,0.0
2019-05-13,AMD.US,sell,26.953,252.95,target_rebalance,1434.1444,130,66.08128137132712,26.64
2019-01-03,ASML.US,buy,149.4224,11.88,signal,0.0,0,0.0,0.0
2019-05-14,ASML.US,sell,183.2019,11.88,target_rebalance,401.3014,131,77.44423632550695,22.61
2019-01-03,AVGO.US,buy,21.3865,40.77,signal,0.0,0,0.0,0.0
2019-05-14,AVGO.US,sell,24.6015,40.77,target_rebalance,131.0751,131,74.42275429425979,15.03
2019-04-04,TSM.US,buy,35.6139,18.89,signal,0.0,0,0.0,0.0
2019-05-14,TSM.US,sell,35.3556,18.89,target_rebalance,-4.8785,40,25.913342884337105,-0.73
2019-01-03,AMD.US,buy,21.3673,51.26,signal,0.0,0,0.0,0.0
2019-05-15,AMD.US,sell,26.8431,51.26,target_rebalance,280.6921,132,67.01352099626774,25.63
2019-01-03,AVGO.US,buy,21.3865,115.45,signal,0.0,0,0.0,0.0
2019-05-15,AVGO.US,sell,24.9826,115.45,target_rebalance,415.1633,132,75.42275429425979,16.81
2019-01-03,AMD.US,buy,21.3673,84.1,signal,0.0,0,0.0,0.0
2019-05-16,AMD.US,sell,27.3426,84.1,target_rebalance,502.527,133,68.01352099626774,27.96
2019-01-03,ASML.US,buy,149.6089,24.27,signal,0.0,0,0.0,0.0
2019-05-16,ASML.US,sell,188.0788,24.27,target_rebalance,933.6653,133,79.01340011310687,25.71
2019-01-03,AMD.US,buy,21.3673,239.78,signal,0.0,0,0.0,0.0
2019-05-17,AMD.US,sell,27.6623,239.78,target_rebalance,1509.4225,134,69.01352099626773,29.46
2019-01-03,ASML.US,buy,149.6089,26.21,signal,0.0,0,0.0,0.0
2019-05-17,ASML.US,sell,189.3168,26.21,target_rebalance,1040.7445,134,80.01340011310684,26.54
2019-01-03,AMD.US,buy,21.3673,120.2,signal,0.0,0,0.0,0.0
2019-05-20,AMD.US,sell,26.953,120.2,target_rebalance,671.4059,137,70.01352099626773,26.14
2019-04-04,TSM.US,buy,35.5854,53.14,signal,0.0,0,0.0,0.0
2019-05-20,TSM.US,sell,33.3664,53.14,target_rebalance,-117.9199,46,28.895238451491718,-6.24
2019-01-03,AMD.US,buy,21.3673,71.62,signal,0.0,0,0.0,0.0
2019-05-21,AMD.US,sell,27.1528,71.62,target_rebalance,414.3604,138,71.01352099626773,27.08
2019-01-03,ASML.US,buy,149.677,0.09,signal,0.0,0,0.0,0.0
2019-05-21,ASML.US,sell,182.4141,0.09,target_rebalance,2.9463,138,81.84387353251006,21.87
2019-01-03,AMD.US,buy,21.3673,89.76,signal,0.0,0,0.0,0.0
2019-05-22,AMD.US,sell,27.0929,89.76,target_rebalance,513.93,139,72.01352099626773,26.8
2019-04-04,TSM.US,buy,35.5815,86.92,signal,0.0,0,0.0,0.0
2019-05-22,TSM.US,sell,33.3239,86.92,target_rebalance,-196.2344,48,30.84321387686082,-6.34
2019-01-03,AMD.US,buy,21.3673,137.57,signal,0.0,0,0.0,0.0
2019-05-23,AMD.US,sell,26.963,137.57,target_rebalance,769.8046,140,73.01352099626773,26.19
2019-01-03,ASML.US,buy,149.7864,8.39,signal,0.0,0,0.0,0.0
2019-05-23,ASML.US,sell,177.7905,8.39,target_rebalance,234.9543,140,83.54458625387463,18.7
2019-01-03,ASML.US,buy,149.7864,20.15,signal,0.0,0,0.0,0.0
2019-05-24,ASML.US,sell,180.0413,20.15,target_rebalance,609.6363,141,84.54458625387461,20.2
2019-04-04,TSM.US,buy,35.5407,82.23,signal,0.0,0,0.0,0.0
2019-05-24,TSM.US,sell,32.6608,82.23,target_rebalance,-236.8172,50,32.44110697888521,-8.1
2019-01-03,AMD.US,buy,21.435,262.22,signal,0.0,0,0.0,0.0
2019-05-28,AMD.US,sell,27.2427,262.22,target_rebalance,1522.9154,145,74.06297476646687,27.09
2019-01-03,ASML.US,buy,149.7864,6.86,signal,0.0,0,0.0,0.0
2019-05-28,ASML.US,sell,180.651,6.86,target_rebalance,211.731,145,85.54458625387463,20.61
2019-01-03,AMD.US,buy,21.435,641.36,signal,0.0,0,0.0,0.0
2019-05-29,AMD.US,sell,28.971,641.36,target_rebalance,4833.3191,146,75.06297476646687,35.16
2019-01-03,ASML.US,buy,150.376,0.68,signal,0.0,0,0.0,0.0
2019-05-30,ASML.US,sell,177.3965,0.68,target_rebalance,18.374,147,85.68301817443168,17.97
2019-01-03,AVGO.US,buy,21.5135,69.94,signal,0.0,0,0.0,0.0
2019-05-30,AVGO.US,sell,21.1878,69.94,target_rebalance,-22.7793,147,76.74464970827718,-1.51
2019-04-04,TSM.US,buy,35.4536,97.74,signal,0.0,0,0.0,0.0
2019-05-30,TSM.US,sell,32.2613,97.74,target_rebalance,-312.0143,56,34.593227828497504,-9.0
2019-01-03,ASML.US,buy,150.376,7.97,signal,0.0,0,0.0,0.0
2019-05-31,ASML.US,sell,176.8995,7.97,target_rebalance,211.3924,148,86.6830181744317,17.64
2019-01-03,AVGO.US,buy,21.5135,15.31,signal,0.0,0,0.0,0.0
2019-05-31,AVGO.US,sell,21.053,15.31,target_rebalance,-7.0499,148,77.74464970827718,-2.14
2019-04-04,TSM.US,buy,35.4536,148.87,signal,0.0,0,0.0,0.0
2019-05-31,TSM.US,sell,32.5333,148.87,target_rebalance,-434.7395,57,35.593227828497504,-8.24
2019-01-03,AMD.US,buy,21.7034,276.82,signal,0.0,0,0.0,0.0
2019-06-03,AMD.US,sell,28.7213,276.82,target_rebalance,1942.6907,151,74.923108481215,32.34
2019-04-04,TSM.US,buy,35.4536,32.27,signal,0.0,0,0.0,0.0
2019-06-03,TSM.US,sell,33.1199,32.27,target_rebalance,-75.3085,60,36.5932278284975,-6.58
2019-01-03,ASML.US,buy,150.7125,0.67,signal,0.0,0,0.0,0.0
2019-06-04,ASML.US,sell,177.2277,0.67,target_rebalance,17.7652,152,87.5837677781441,17.59
2019-01-03,AVGO.US,buy,21.5069,226.72,signal,0.0,0,0.0,0.0
2019-06-04,AVGO.US,sell,21.3791,226.72,target_rebalance,-28.9752,152,78.62347194315564,-0.59
2019-01-03,AMD.US,buy,21.772,200.91,signal,0.0,0,0.0,0.0
2019-06-05,AMD.US,sell,29.9001,200.91,target_rebalance,1633.0039,153,76.14671754358348,37.33
2019-01-03,ASML.US,buy,150.7125,1735.84,signal,0.0,0,0.0,0.0
2019-06-05,ASML.US,sell,179.9101,1735.84,signal,50682.3316,153,88.58376777814411,19.37
2019-01-03,AVGO.US,buy,21.5069,196.33,signal,0.0,0,0.0,0.0
2019-06-05,AVGO.US,sell,22.3817,196.33,target_rebalance,171.7432,153,79.62347194315564,4.07
2019-01-03,AMD.US,buy,21.772,62.63,signal,0.0,0,0.0,0.0
2019-06-06,AMD.US,sell,29.8401,62.63,target_rebalance,505.3049,154,77.14671754358349,37.06
2019-01-03,AVGO.US,buy,21.5069,7.01,signal,0.0,0,0.0,0.0
2019-06-06,AVGO.US,sell,22.2162,7.01,target_rebalance,4.9715,154,80.62347194315564,3.3
2019-06-05,LRCX.US,buy,16.6078,236.97,signal,0.0,0,0.0,0.0
2019-06-06,LRCX.US,sell,16.6835,236.97,target_rebalance,17.9371,1,1.0,0.46
2019-01-03,AMD.US,buy,21.772,364.06,signal,0.0,0,0.0,0.0
2019-06-07,AMD.US,sell,31.9081,364.06,target_rebalance,3690.122,155,78.14671754358348,46.56
2019-01-03,AMD.US,buy,21.772,268.55,signal,0.0,0,0.0,0.0
2019-06-10,AMD.US,sell,33.4965,268.55,target_rebalance,3148.5971,158,79.14671754358348,53.85
2019-01-03,AVGO.US,buy,21.5317,268.34,signal,0.0,0,0.0,0.0
2019-06-11,AVGO.US,sell,24.1689,268.34,target_rebalance,707.6513,159,82.30496575555719,12.25
2019-06-05,LRCX.US,buy,16.6182,223.42,signal,0.0,0,0.0,0.0
2019-06-11,LRCX.US,sell,17.9358,223.42,target_rebalance,294.3836,6,3.9500836510101633,7.93
2019-01-03,AVGO.US,buy,21.5317,77.22,signal,0.0,0,0.0,0.0
2019-06-12,AVGO.US,sell,23.435,77.22,target_rebalance,146.9744,160,83.30496575555719,8.84
2019-04-04,TSM.US,buy,35.302,221.89,signal,0.0,0,0.0,0.0
2019-06-12,TSM.US,sell,34.004,221.89,target_rebalance,-288.01,69,41.08213906108633,-3.68
2019-01-03,AMD.US,buy,22.1764,133.12,signal,0.0,0,0.0,0.0
2019-06-13,AMD.US,sell,32.3576,133.12,target_rebalance,1355.3213,161,79.2947982087025,45.91
2019-01-03,AVGO.US,buy,21.5317,33.3,signal,0.0,0,0.0,0.0
2019-06-13,AVGO.US,sell,23.4226,33.3,target_rebalance,62.965,161,84.30496575555719,8.78
2019-06-05,LRCX.US,buy,16.6252,384.04,signal,0.0,0,0.0,0.0
2019-06-14,LRCX.US,sell,16.2251,384.04,target_rebalance,-153.6534,9,6.775027565537104,-2.41
2019-04-04,TSM.US,buy,35.2948,189.82,signal,0.0,0,0.0,0.0
2019-06-14,TSM.US,sell,32.8393,189.82,target_rebalance,-466.0903,71,42.8872063592192,-6.96
2019-01-03,AVGO.US,buy,21.5312,357.55,signal,0.0,0,0.0,0.0
2019-06-17,AVGO.US,sell,22.0348,357.55,target_rebalance,180.0531,165,83.1375931172304,2.34
2019-06-05,LRCX.US,buy,16.6252,72.44,signal,0.0,0,0.0,0.0
2019-06-17,LRCX.US,sell,16.2684,72.44,target_rebalance,-25.8497,12,7.775027565537103,-2.15
2019-01-03,AVGO.US,buy,21.5312,192.09,signal,0.0,0,0.0,0.0
2019-06-18,AVGO.US,sell,22.3102,192.09,target_rebalance,149.6309,166,84.1375931172304,3.62
2019-04-04,TSM.US,buy,35.2488,80.82,signal,0.0,0,0.0,0.0
2019-06-18,TSM.US,sell,32.5333,80.82,target_rebalance,-219.4692,75,44.21394913058763,-7.7
2019-01-03,AVGO.US,buy,21.5312,27.27,signal,0.0,0,0.0,0.0
2019-06-19,AVGO.US,sell,23.1946,27.27,target_rebalance,45.3606,167,85.13759311723038,7.73
2019-04-04,TSM.US,buy,35.2488,55.47,signal,0.0,0,0.0,0.0
2019-06-19,TSM.US,sell,33.953,55.47,target_rebalance,-71.8813,76,45.21394913058763,-3.68
2019-01-03,AMD.US,buy,22.4936,8.56,signal,0.0,0,0.0,0.0
2019-06-20,AMD.US,sell,31.2088,8.56,target_rebalance,74.6018,168,81.06395304553442,38.75
2019-06-05,LRCX.US,buy,16.6217,30.65,signal,0.0,0,0.0,0.0
2019-06-20,LRCX.US,sell,17.0312,30.65,target_rebalance,12.551,15,10.712833010096197,2.46
2019-01-03,AVGO.US,buy,21.5318,67.48,signal,0.0,0,0.0,0.0
2019-06-21,AVGO.US,sell,23.2347,67.48,target_rebalance,114.9083,169,87.11053394275078,7.91
2019-06-05,LRCX.US,buy,16.6217,104.21,signal,0.0,0,0.0,0.0
2019-06-21,LRCX.US,sell,16.8113,104.21,target_rebalance,19.7533,16,11.7128330100962,1.14
2019-04-04,TSM.US,buy,35.2481,171.93,signal,0.0,0,0.0,0.0
2019-06-21,TSM.US,sell,34.446,171.93,target_rebalance,-137.9018,78,47.171616862216034,-2.28
2019-04-04,TSM.US,buy,35.2481,99.0,signal,0.0,0,0.0,0.0
2019-06-24,TSM.US,sell,34.7234,99.0,target_rebalance,-51.9462,81,48.171616862216034,-1.49
2019-01-03,AVGO.US,buy,21.5318,144.27,signal,0.0,0,0.0,0.0
2019-06-25,AVGO.US,sell,23.4489,144.27,target_rebalance,276.5726,173,89.11053394275076,8.9
2019-01-03,AMD.US,buy,22.7978,220.42,signal,0.0,0,0.0,0.0
2019-06-26,AMD.US,sell,29.95,220.42,target_rebalance,1576.4911,174,81.52727202892652,31.37
2019-01-03,AMD.US,buy,22.7978,8.87,signal,0.0,0,0.0,0.0
2019-06-27,AMD.US,sell,30.3796,8.87,target_rebalance,67.2504,175,82.52727202892652,33.26
2019-01-03,AVGO.US,buy,21.5361,1.0,signal,0.0,0,0.0,0.0
2019-06-27,AVGO.US,sell,23.7656,1.0,target_rebalance,2.2295,175,90.9099850225321,10.35
2019-06-05,LRCX.US,buy,16.6211,78.5,signal,0.0,0,0.0,0.0
2019-06-27,LRCX.US,sell,16.8297,78.5,target_rebalance,16.3731,22,15.465778815456261,1.25
2019-01-03,AMD.US,buy,22.7978,22.34,signal,0.0,0,0.0,0.0
2019-06-28,AMD.US,sell,31.0489,22.34,target_rebalance,184.3299,176,83.52727202892652,36.19
2019-06-05,LRCX.US,buy,16.6211,324.87,signal,0.0,0,0.0,0.0
2019-06-28,LRCX.US,sell,17.4554,324.87,target_rebalance,271.0428,23,16.465778815456257,5.02
2019-01-03,AVGO.US,buy,21.5373,142.24,signal,0.0,0,0.0,0.0
2019-07-01,AVGO.US,sell,25.3405,142.24,target_rebalance,540.9687,179,92.86865112040654,17.66
2019-04-04,TSM.US,buy,35.2361,76.37,signal,0.0,0,0.0,0.0
2019-07-01,TSM.US,sell,36.4613,76.37,target_rebalance,93.5684,88,51.63256361736319,3.48
2019-01-03,AVGO.US,buy,21.5373,84.89,signal,0.0,0,0.0,0.0
2019-07-02,AVGO.US,sell,25.1053,84.89,target_rebalance,302.8889,180,93.86865112040654,16.57
2019-04-04,TSM.US,buy,35.2361,67.16,signal,0.0,0,0.0,0.0
2019-07-02,TSM.US,sell,36.1541,67.16,target_rebalance,61.6517,89,52.63256361736318,2.61
2019-01-03,AMD.US,buy,22.9752,267.98,signal,0.0,0,0.0,0.0
2019-07-03,AMD.US,sell,31.0989,267.98,target_rebalance,2176.9709,181,84.76997768292426,35.36
2019-06-05,LRCX.US,buy,16.6336,4.2,signal,0.0,0,0.0,0.0
2019-07-03,LRCX.US,sell,17.2438,4.2,target_rebalance,2.5629,28,19.283967245325726,3.67
2019-04-04,TSM.US,buy,35.2361,5.07,signal,0.0,0,0.0,0.0
2019-07-03,TSM.US,sell,35.4168,5.07,target_rebalance,0.9161,90,53.63256361736318,0.51
2019-01-03,AMD.US,buy,22.9752,27.41,signal,0.0,0,0.0,0.0
2019-07-05,AMD.US,sell,30.8491,27.41,target_rebalance,215.8231,183,85.76997768292426,34.27
2019-01-03,AVGO.US,buy,21.6042,117.68,signal,0.0,0,0.0,0.0
2019-07-05,AVGO.US,sell,23.826,117.68,target_rebalance,261.4683,183,93.15856148016118,10.28
2019-01-03,AMD.US,buy,22.9752,342.0,signal,0.0,0,0.0,0.0
2019-07-08,AMD.US,sell,31.7682,342.0,target_rebalance,3007.1931,186,86.76997768292428,38.27
2019-01-03,AMD.US,buy,22.9752,32.49,signal,0.0,0,0.0,0.0
2019-07-09,AMD.US,sell,31.7282,32.49,target_rebalance,284.3851,187,87.76997768292426,38.1
2019-06-05,LRCX.US,buy,16.6341,146.14,signal,0.0,0,0.0,0.0
2019-07-09,LRCX.US,sell,16.572,146.14,target_rebalance,-9.0615,34,21.68498823557232,-0.37
2019-04-04,TSM.US,buy,35.2344,41.73,signal,0.0,0,0.0,0.0
2019-07-09,TSM.US,sell,34.8024,41.73,target_rebalance,-18.0298,96,56.41860847373657,-1.23
2019-01-03,AMD.US,buy,22.9752,235.53,signal,0.0,0,0.0,0.0
2019-07-10,AMD.US,sell,33.5264,235.53,target_rebalance,2485.1252,188,88.76997768292426,45.92
2019-01-03,AMD.US,buy,22.9752,77.98,signal,0.0,0,0.0,0.0
2019-07-11,AMD.US,sell,33.8761,77.98,target_rebalance,850.0485,189,89.76997768292426,47.45
2019-04-04,TSM.US,buy,35.235,27.6,signal,0.0,0,0.0,0.0
2019-07-11,TSM.US,sell,36.1102,27.6,target_rebalance,24.1564,98,58.37373579263478,2.48
2019-01-03,AVGO.US,buy,21.692,127.83,signal,0.0,0,0.0,0.0
2019-07-12,AVGO.US,sell,23.2154,127.83,target_rebalance,194.7291,190,92.99792915839177,7.02
2019-06-05,LRCX.US,buy,16.6349,168.75,signal,0.0,0,0.0,0.0
2019-07-12,LRCX.US,sell,17.1591,168.75,target_rebalance,88.4619,37,24.642450468261178,3.15
2019-04-04,TSM.US,buy,35.235,55.25,signal,0.0,0,0.0,0.0
2019-07-12,TSM.US,sell,36.0839,55.25,target_rebalance,46.9025,99,59.373735792634776,2.41
2019-01-03,AVGO.US,buy,21.692,331.76,signal,0.0,0,0.0,0.0
2019-07-15,AVGO.US,sell,24.4518,331.76,target_rebalance,915.5867,193,93.99792915839178,12.72
2019-06-05,LRCX.US,buy,16.6349,44.73,signal,0.0,0,0.0,0.0
2019-07-15,LRCX.US,sell,17.7011,44.73,target_rebalance,47.6921,40,25.642450468261178,6.41
2019-01-03,AMD.US,buy,23.3399,248.51,signal,0.0,0,0.0,0.0
2019-07-16,AMD.US,sell,34.2657,248.51,target_rebalance,2715.1736,194,89.44749821772635,46.81
2019-06-05,LRCX.US,buy,16.6417,226.21,signal,0.0,0,0.0,0.0
2019-07-18,LRCX.US,sell,17.7674,226.21,target_rebalance,254.6344,43,28.45737853590948,6.76
2019-04-04,TSM.US,buy,35.2533,170.17,signal,0.0,0,0.0,0.0
2019-07-18,TSM.US,sell,37.3215,170.17,target_rebalance,351.9404,105,62.62744026243958,5.87
2019-01-03,AVGO.US,buy,21.7277,4.26,signal,0.0,0,0.0,0.0
2019-07-19,AVGO.US,sell,24.5131,4.26,target_rebalance,11.866,197,96.62139839622107,12.82
2019-06-05,LRCX.US,buy,16.6417,369.12,signal,0.0,0,0.0,0.0
2019-07-19,LRCX.US,sell,18.4309,369.12,target_rebalance,660.4013,44,29.45737853590948,10.75
2019-06-05,LRCX.US,buy,16.6417,83.48,signal,0.0,0,0.0,0.0
2019-07-22,LRCX.US,sell,18.6692,83.48,target_rebalance,169.2523,47,30.45737853590948,12.18
2019-04-04,TSM.US,buy,35.26,140.57,signal,0.0,0,0.0,0.0
2019-07-22,TSM.US,sell,38.7961,140.57,target_rebalance,497.0748,109,64.46746472459108,10.03
2019-01-03,AVGO.US,buy,21.735,59.63,signal,0.0,0,0.0,0.0
2019-07-23,AVGO.US,sell,25.1574,59.63,target_rebalance,204.0796,201,98.3791347009281,15.75
2019-06-05,LRCX.US,buy,16.6417,136.82,signal,0.0,0,0.0,0.0
2019-07-23,LRCX.US,sell,19.1035,136.82,target_rebalance,336.8225,48,31.45737853590948,14.79
2019-01-03,AMD.US,buy,23.9995,49.55,signal,0.0,0,0.0,0.0
2019-07-24,AMD.US,sell,33.6064,49.55,target_rebalance,476.0189,202,89.17329844541716,40.03
2019-06-05,LRCX.US,buy,16.6417,75.25,signal,0.0,0,0.0,0.0
2019-07-24,LRCX.US,sell,19.3244,75.25,target_rebalance,201.8689,49,32.45737853590948,16.12
2019-01-03,AMD.US,buy,23.9995,60.92,signal,0.0,0,0.0,0.0
2019-07-25,AMD.US,sell,34.0159,60.92,target_rebalance,610.2009,203,90.17329844541715,41.74
2019-06-05,LRCX.US,buy,16.6417,204.44,signal,0.0,0,0.0,0.0
2019-07-25,LRCX.US,sell,19.663,204.44,target_rebalance,617.6715,50,33.457378535909484,18.15
2019-01-03,AMD.US,buy,23.9995,104.17,signal,0.0,0,0.0,0.0
2019-07-26,AMD.US,sell,34.1958,104.17,target_rebalance,1062.1434,204,91.17329844541716,42.49
2019-01-03,AVGO.US,buy,21.747,9.11,signal,0.0,0,0.0,0.0
2019-07-26,AVGO.US,sell,25.333,9.11,target_rebalance,32.668,204,101.05212247154769,16.49
2019-01-03,AMD.US,buy,23.9995,9.04,signal,0.0,0,0.0,0.0
2019-07-29,AMD.US,sell,34.1059,9.04,target_rebalance,91.3613,207,92.17329844541715,42.11
2019-01-03,AVGO.US,buy,21.747,32.95,signal,0.0,0,0.0,0.0
2019-07-29,AVGO.US,sell,25.3027,32.95,target_rebalance,117.1607,207,102.05212247154769,16.35
2019-01-03,AVGO.US,buy,21.747,58.94,signal,0.0,0,0.0,0.0
2019-07-30,AVGO.US,sell,25.123,58.94,target_rebalance,198.9787,208,103.05212247154769,15.52
2019-06-05,LRCX.US,buy,16.6586,22.72,signal,0.0,0,0.0,0.0
2019-07-30,LRCX.US,sell,19.1983,22.72,target_rebalance,57.7021,55,36.2493934655436,15.25
2019-04-04,TSM.US,buy,35.3863,61.4,signal,0.0,0,0.0,0.0
2019-07-30,TSM.US,sell,38.0939,61.4,target_rebalance,166.2473,117,68.13057794356384,7.65
2019-01-03,AVGO.US,buy,21.747,149.25,signal,0.0,0,0.0,0.0
2019-07-31,AVGO.US,sell,25.2019,149.25,target_rebalance,515.6456,209,104.0521224715477,15.89
2019-06-05,LRCX.US,buy,16.6586,320.01,signal,0.0,0,0.0,0.0
2019-07-31,LRCX.US,sell,19.3888,320.01,target_rebalance,873.6879,56,37.2493934655436,16.39
2019-06-05,LRCX.US,buy,16.6586,238.8,signal,0.0,0,0.0,0.0
2019-08-01,LRCX.US,sell,19.1302,238.8,target_rebalance,590.2211,57,38.2493934655436,14.84
2019-04-04,TSM.US,buy,35.3863,175.11,signal,0.0,0,0.0,0.0
2019-08-01,TSM.US,sell,37.5234,175.11,target_rebalance,374.223,119,70.13057794356385,6.04
2019-01-03,AVGO.US,buy,21.769,21.8,signal,0.0,0,0.0,0.0
2019-08-02,AVGO.US,sell,23.6933,21.8,target_rebalance,41.949,211,105.15738742901614,8.84
2019-06-05,LRCX.US,buy,16.6586,197.83,signal,0.0,0,0.0,0.0
2019-08-02,LRCX.US,sell,18.8017,197.83,target_rebalance,423.9677,58,39.249393465543584,12.86
2019-04-04,TSM.US,buy,35.3926,9358.72,signal,0.0,0,0.0,0.0
2019-08-05,TSM.US,sell,35.4695,9358.72,signal,719.0457,123,71.57080405722645,0.22
2019-01-03,AMD.US,buy,24.5606,201.1,signal,0.0,0,0.0,0.0
2019-08-06,AMD.US,sell,28.8311,201.1,target_rebalance,858.8007,215,90.72997852945225,17.39
2019-01-03,AMD.US,buy,24.5606,43.01,signal,0.0,0,0.0,0.0
2019-08-07,AMD.US,sell,28.4415,43.01,target_rebalance,166.9177,216,91.72997852945227,15.8
2019-08-05,ASML.US,buy,203.3369,9.73,signal,0.0,0,0.0,0.0
2019-08-07,ASML.US,sell,200.2992,9.73,target_rebalance,-29.5567,2,1.9947953281286617,-1.49
2019-01-03,AMD.US,buy,24.5606,615.54,signal,0.0,0,0.0,0.0
2019-08-08,AMD.US,sell,31.4985,615.54,target_rebalance,4270.5214,217,92.72997852945227,28.25
2019-01-03,AMD.US,buy,24.5606,492.85,signal,0.0,0,0.0,0.0
2019-08-09,AMD.US,sell,33.4166,492.85,target_rebalance,4364.6429,218,93.72997852945227,36.06
2019-01-03,AMD.US,buy,24.5606,195.94,signal,0.0,0,0.0,0.0
2019-08-12,AMD.US,sell,34.1258,195.94,target_rebalance,1874.2082,221,94.72997852945227,38.95
2019-01-03,AVGO.US,buy,21.8172,154.71,signal,0.0,0,0.0,0.0
2019-08-12,AVGO.US,sell,22.9634,154.71,target_rebalance,177.3297,221,105.44876803203115,5.25
2019-01-03,AVGO.US,buy,21.8172,292.41,signal,0.0,0,0.0,0.0
2019-08-13,AVGO.US,sell,23.1246,292.41,target_rebalance,382.3197,222,106.44876803203115,5.99
2019-06-05,LRCX.US,buy,16.7425,390.2,signal,0.0,0,0.0,0.0
2019-08-13,LRCX.US,sell,18.0646,390.2,target_rebalance,515.8998,69,43.66764229974799,7.9
2019-01-03,AVGO.US,buy,21.8172,264.83,signal,0.0,0,0.0,0.0
2019-08-14,AVGO.US,sell,23.4178,264.83,target_rebalance,423.8967,223,107.44876803203114,7.34
2019-06-05,LRCX.US,buy,16.7425,389.9,signal,0.0,0,0.0,0.0
2019-08-14,LRCX.US,sell,18.3444,389.9,target_rebalance,624.5763,70,44.66764229974799,9.57
2019-08-05,ASML.US,buy,203.3275,2.16,signal,0.0,0,0.0,0.0
2019-08-15,ASML.US,sell,196.332,2.16,target_rebalance,-15.1103,10,7.796982238094775,-3.44
2019-06-05,LRCX.US,buy,16.7425,222.97,signal,0.0,0,0.0,0.0
2019-08-15,LRCX.US,sell,18.3793,222.97,target_rebalance,364.9695,71,45.66764229974799,9.78
2019-08-05,ASML.US,buy,203.3275,5.55,signal,0.0,0,0.0,0.0
2019-08-16,ASML.US,sell,196.2851,5.55,target_rebalance,-39.0853,11,8.796982238094776,-3.46
2019-01-03,AVGO.US,buy,21.8304,29.98,signal,0.0,0,0.0,0.0
2019-08-16,AVGO.US,sell,22.8601,29.98,target_rebalance,30.8704,225,108.11929425407205,4.72
2019-01-03,AMD.US,buy,25.1344,108.84,signal,0.0,0,0.0,0.0
2019-08-19,AMD.US,sell,31.968,108.84,target_rebalance,743.7642,228,91.84167958101658,27.19
2019-06-05,LRCX.US,buy,16.7425,205.31,signal,0.0,0,0.0,0.0
2019-08-19,LRCX.US,sell,19.3244,205.31,target_rebalance,530.0921,75,47.66764229974799,15.42
2019-08-05,ASML.US,buy,203.3296,9.3,signal,0.0,0,0.0,0.0
2019-08-20,ASML.US,sell,202.2405,9.3,target_rebalance,-10.1283,15,10.748910629821673,-0.54
2019-01-03,AVGO.US,buy,21.8533,90.06,signal,0.0,0,0.0,0.0
2019-08-20,AVGO.US,sell,23.3649,90.06,target_rebalance,136.1365,229,108.64397499062565,6.92
2019-06-05,LRCX.US,buy,16.7425,78.36,signal,0.0,0,0.0,0.0
2019-08-20,LRCX.US,sell,19.1597,78.36,target_rebalance,189.411,76,48.66764229974798,14.44
2019-08-05,ASML.US,buy,203.3296,4.42,signal,0.0,0,0.0,0.0
2019-08-21,ASML.US,sell,205.026,4.42,target_rebalance,7.498,16,11.74891062982167,0.83
2019-01-03,AVGO.US,buy,21.8533,174.03,signal,0.0,0,0.0,0.0
2019-08-21,AVGO.US,sell,23.9092,174.03,target_rebalance,357.7941,230,109.64397499062565,9.41
2019-01-03,AMD.US,buy,25.2865,170.15,signal,0.0,0,0.0,0.0
2019-08-22,AMD.US,sell,31.7282,170.15,target_rebalance,1096.0569,231,92.42806602443692,25.47
2019-01-03,AVGO.US,buy,21.8533,113.72,signal,0.0,0,0.0,0.0
2019-08-22,AVGO.US,sell,24.2242,113.72,target_rebalance,269.6214,231,110.64397499062565,10.85
2019-06-05,LRCX.US,buy,16.7779,118.81,signal,0.0,0,0.0,0.0
2019-08-23,LRCX.US,sell,19.1081,118.81,target_rebalance,276.8495,79,50.9479972895319,13.89
2019-08-05,ASML.US,buy,203.3254,28.26,signal,0.0,0,0.0,0.0
2019-08-26,ASML.US,sell,200.5711,28.26,target_rebalance,-77.8359,21,14.556531738680576,-1.35
2019-06-05,LRCX.US,buy,16.7779,25.33,signal,0.0,0,0.0,0.0
2019-08-26,LRCX.US,sell,18.8017,25.33,target_rebalance,51.2618,82,51.9479972895319,12.06
2019-01-03,AMD.US,buy,25.3637,20.77,signal,0.0,0,0.0,0.0
2019-08-27,AMD.US,sell,30.5694,20.77,target_rebalance,108.1215,236,94.02087622219422,20.52
2019-08-05,ASML.US,buy,203.3254,3.52,signal,0.0,0,0.0,0.0
2019-08-27,ASML.US,sell,201.931,3.52,target_rebalance,-4.9083,22,15.556531738680574,-0.69
2019-01-03,AVGO.US,buy,21.8687,18.08,signal,0.0,0,0.0,0.0
2019-08-27,AVGO.US,sell,23.448,18.08,target_rebalance,28.5538,236,112.55145374153055,7.22
2019-08-05,ASML.US,buy,203.3254,11.75,signal,0.0,0,0.0,0.0
2019-08-28,ASML.US,sell,199.9334,11.75,target_rebalance,-39.8566,23,16.556531738680576,-1.67
2019-01-03,AMD.US,buy,25.3798,141.73,signal,0.0,0,0.0,0.0
2019-08-29,AMD.US,sell,31.4385,141.73,target_rebalance,858.7014,238,95.6879112688075,23.87
2019-06-05,LRCX.US,buy,16.7946,111.3,signal,0.0,0,0.0,0.0
2019-08-30,LRCX.US,sell,19.4514,111.3,target_rebalance,295.6969,86,55.4838172847212,15.82
2019-08-05,ASML.US,buy,203.3323,2.78,signal,0.0,0,0.0,0.0
2019-09-03,ASML.US,sell,206.9392,2.78,target_rebalance,10.0273,29,19.521868042752246,1.77
2019-06-05,LRCX.US,buy,16.7946,220.54,signal,0.0,0,0.0,0.0
2019-09-03,LRCX.US,sell,19.4164,220.54,target_rebalance,578.2074,90,56.4838172847212,15.61
2019-01-03,AMD.US,buy,25.4808,15.36,signal,0.0,0,0.0,0.0
2019-09-04,AMD.US,sell,31.2887,15.36,target_rebalance,89.2087,244,96.99028183800053,22.79
2019-08-05,ASML.US,buy,203.3323,1668.61,signal,0.0,0,0.0,0.0
2019-09-04,ASML.US,sell,210.775,1668.61,signal,12419.0901,30,20.521868042752246,3.66
2019-06-05,LRCX.US,buy,16.7946,136.17,signal,0.0,0,0.0,0.0
2019-09-04,LRCX.US,sell,19.8103,136.17,target_rebalance,410.6386,91,57.4838172847212,17.96
2019-09-04,AMAT.US,buy,45.6187,13.53,signal,0.0,0,0.0,0.0
2019-09-05,AMAT.US,sell,47.2992,13.53,target_rebalance,22.7364,1,1.0,3.68
2019-06-05,LRCX.US,buy,16.7946,338.22,signal,0.0,0,0.0,0.0
2019-09-05,LRCX.US,sell,20.9044,338.22,target_rebalance,1390.0012,92,58.4838172847212,24.47
2019-01-03,AVGO.US,buy,21.9189,138.31,signal,0.0,0,0.0,0.0
2019-09-06,AVGO.US,sell,24.5148,138.31,target_rebalance,359.0372,246,116.09005117457801,11.84
2019-01-03,AVGO.US,buy,21.9189,155.43,signal,0.0,0,0.0,0.0
2019-09-09,AVGO.US,sell,24.7794,155.43,target_rebalance,444.6043,249,117.090051174578,13.05
2019-06-05,LRCX.US,buy,16.7946,177.3,signal,0.0,0,0.0,0.0
2019-09-09,LRCX.US,sell,21.139,177.3,target_rebalance,770.2644,96,60.4838172847212,25.87
2019-09-04,AMAT.US,buy,45.6223,62.67,signal,0.0,0,0.0,0.0
2019-09-10,AMAT.US,sell,47.2242,62.67,target_rebalance,100.3882,6,3.993281876848755,3.51
2019-06-05,LRCX.US,buy,16.7946,138.47,signal,0.0,0,0.0,0.0
2019-09-10,LRCX.US,sell,21.1326,138.47,target_rebalance,600.6795,97,61.483817284721184,25.83
2019-01-03,AVGO.US,buy,21.9242,94.26,signal,0.0,0,0.0,0.0
2019-09-11,AVGO.US,sell,24.8903,94.26,target_rebalance,279.5819,251,118.85048538103419,13.53
2019-06-05,LRCX.US,buy,16.7946,42.4,signal,0.0,0,0.0,0.0
2019-09-11,LRCX.US,sell,21.3654,42.4,target_rebalance,193.8012,98,62.483817284721184,27.22
2019-09-04,AMAT.US,buy,45.6318,84.75,signal,0.0,0,0.0,0.0
2019-09-12,AMAT.US,sell,48.4146,84.75,target_rebalance,235.842,8,5.9660635919163685,6.1
2019-01-03,AVGO.US,buy,21.9242,91.94,signal,0.0,0,0.0,0.0
2019-09-12,AVGO.US,sell,25.3195,91.94,target_rebalance,312.1641,252,119.85048538103419,15.49
2019-06-05,LRCX.US,buy,16.7946,22.26,signal,0.0,0,0.0,0.0
2019-09-12,LRCX.US,sell,21.6249,22.26,target_rebalance,107.5222,99,63.483817284721184,28.76
2019-09-04,AMAT.US,buy,45.6318,8.66,signal,0.0,0,0.0,0.0
2019-09-13,AMAT.US,sell,48.499,8.66,target_rebalance,24.8296,9,6.966063591916368,6.28
2019-01-03,AMD.US,buy,25.9147,44.92,signal,0.0,0,0.0,0.0
2019-09-13,AMD.US,sell,30.2397,44.92,target_rebalance,194.2824,253,95.85087162940302,16.69
2019-06-05,LRCX.US,buy,16.7946,106.6,signal,0.0,0,0.0,0.0
2019-09-13,LRCX.US,sell,21.7749,106.6,target_rebalance,530.8972,100,64.48381728472118,29.65
2019-01-03,AMD.US,buy,25.9147,245.82,signal,0.0,0,0.0,0.0
2019-09-16,AMD.US,sell,30.3396,245.82,target_rebalance,1087.7474,256,96.85087162940304,17.08
2019-06-05,LRCX.US,buy,16.7946,14.17,signal,0.0,0,0.0,0.0
2019-09-16,LRCX.US,sell,21.4215,14.17,target_rebalance,65.5634,103,65.4838172847212,27.55
2019-01-03,AMD.US,buy,25.9147,181.95,signal,0.0,0,0.0,0.0
2019-09-17,AMD.US,sell,31.0389,181.95,target_rebalance,932.3616,257,97.85087162940303,19.77
2019-09-04,AMAT.US,buy,45.6529,74.24,signal,0.0,0,0.0,0.0
2019-09-18,AMAT.US,sell,48.0491,74.24,target_rebalance,177.8938,14,9.864919834683151,5.25
2019-09-04,AMAT.US,buy,45.6529,114.51,signal,0.0,0,0.0,0.0
2019-09-19,AMAT.US,sell,49.202,114.51,target_rebalance,406.4133,15,10.864919834683153,7.77
2019-06-05,LRCX.US,buy,16.7946,125.77,signal,0.0,0,0.0,0.0
2019-09-19,LRCX.US,sell,21.9746,125.77,target_rebalance,651.484,106,68.48381728472121,30.84
2019-01-03,AVGO.US,buy,22.0293,133.4,signal,0.0,0,0.0,0.0
2019-09-20,AVGO.US,sell,24.3861,133.4,target_rebalance,314.3867,260,120.67864375337278,10.7
2019-01-03,AMD.US,buy,26.0416,34.75,signal,0.0,0,0.0,0.0
2019-09-23,AMD.US,sell,30.0899,34.75,target_rebalance,140.678,263,99.18330264148297,15.55
2019-06-05,LRCX.US,buy,16.7951,24.57,signal,0.0,0,0.0,0.0
2019-09-23,LRCX.US,sell,21.6249,24.57,target_rebalance,118.6696,110,70.47802835137696,28.76
2019-09-04,AMAT.US,buy,45.6832,30.8,signal,0.0,0,0.0,0.0
2019-09-24,AMAT.US,sell,48.7615,30.8,target_rebalance,94.809,20,13.712176528371147,6.74
2019-06-05,LRCX.US,buy,16.7951,17.62,signal,0.0,0,0.0,0.0
2019-09-24,LRCX.US,sell,22.0114,17.62,target_rebalance,91.9121,111,71.47802835137696,31.06
2019-09-04,AMAT.US,buy,45.6832,66.38,signal,0.0,0,0.0,0.0
2019-09-25,AMAT.US,sell,47.4773,66.38,target_rebalance,119.0882,21,14.712176528371147,3.93
2019-06-05,LRCX.US,buy,16.7951,153.38,signal,0.0,0,0.0,0.0
2019-09-25,LRCX.US,sell,21.4399,153.38,target_rebalance,712.4332,112,72.47802835137696,27.66
2019-09-04,AMAT.US,buy,45.6832,60.55,signal,0.0,0,0.0,0.0
2019-09-26,AMAT.US,sell,48.9021,60.55,target_rebalance,194.9006,22,15.712176528371145,7.05
2019-06-05,LRCX.US,buy,16.7951,260.4,signal,0.0,0,0.0,0.0
2019-09-26,LRCX.US,sell,22.2553,260.4,target_rebalance,1421.8368,113,73.47802835137695,32.51
2019-01-03,AVGO.US,buy,22.0687,215.89,signal,0.0,0,0.0,0.0
2019-09-27,AVGO.US,sell,23.4502,215.89,target_rebalance,298.2468,267,121.80677005651124,6.26
2019-01-03,AMD.US,buy,26.1169,79.08,signal,0.0,0,0.0,0.0
2019-09-30,AMD.US,sell,28.8611,79.08,target_rebalance,217.0104,270,102.01207596281508,10.51
2019-01-03,AVGO.US,buy,22.0687,228.12,signal,0.0,0,0.0,0.0
2019-09-30,AVGO.US,sell,23.379,228.12,target_rebalance,298.8985,270,122.80677005651124,5.94
2019-09-04,AMAT.US,buy,45.7092,6.34,signal,0.0,0,0.0,0.0
2019-10-01,AMAT.US,sell,47.2523,6.34,target_rebalance,9.7831,27,18.43370117180859,3.38
2019-06-05,LRCX.US,buy,16.8627,29.61,signal,0.0,0,0.0,0.0
2019-10-01,LRCX.US,sell,21.5486,29.61,target_rebalance,138.7497,118,75.34241590581111,27.79
2019-01-03,AVGO.US,buy,22.0687,24.7,signal,0.0,0,0.0,0.0
2019-10-02,AVGO.US,sell,23.1815,24.7,target_rebalance,27.485,272,124.80677005651123,5.04
2019-09-04,AMAT.US,buy,45.7092,23.23,signal,0.0,0,0.0,0.0
2019-10-03,AMAT.US,sell,46.3243,23.23,target_rebalance,14.2883,29,20.433701171808593,1.35
2019-01-03,AMD.US,buy,26.1252,12187.27,signal,0.0,0,0.0,0.0
2019-10-03,AMD.US,sell,28.2517,12187.27,signal,25916.0467,273,104.72291824999769,8.14
2019-06-05,LRCX.US,buy,16.8745,161.59,signal,0.0,0,0.0,0.0
2019-10-03,LRCX.US,sell,21.2082,161.59,target_rebalance,700.2894,120,77.12675975597614,25.68
2019-01-03,AVGO.US,buy,22.0758,213.88,signal,0.0,0,0.0,0.0
2019-10-04,AVGO.US,sell,23.6079,213.88,target_rebalance,327.6706,274,125.77148725180501,6.94
2019-09-04,AMAT.US,buy,45.7103,19.32,signal,0.0,0,0.0,0.0
2019-10-07,AMAT.US,sell,47.6366,19.32,target_rebalance,37.2166,33,22.415942416005077,4.21
2019-09-04,AMAT.US,buy,45.7103,16.66,signal,0.0,0,0.0,0.0
2019-10-08,AMAT.US,sell,47.0086,16.66,target_rebalance,21.6297,34,23.41594241600508,2.84
2019-10-03,ASML.US,buy,226.3927,0.46,signal,0.0,0,0.0,0.0
2019-10-08,ASML.US,sell,228.8852,0.46,target_rebalance,1.1466,5,2.999973855183864,1.1
2019-06-05,LRCX.US,buy,16.9144,11.86,signal,0.0,0,0.0,0.0
2019-10-08,LRCX.US,sell,21.2591,11.86,target_rebalance,51.5281,125,79.4269855149781,25.69
2019-10-03,ASML.US,buy,226.3927,4.34,signal,0.0,0,0.0,0.0
2019-10-09,ASML.US,sell,230.3013,4.34,target_rebalance,16.9636,6,3.999973855183863,1.73
2019-06-05,LRCX.US,buy,16.9144,96.77,signal,0.0,0,0.0,0.0
2019-10-09,LRCX.US,sell,21.4561,96.77,target_rebalance,439.4999,126,80.4269855149781,26.85
2019-09-04,AMAT.US,buy,45.7129,8.92,signal,0.0,0,0.0,0.0
2019-10-10,AMAT.US,sell,47.496,8.92,target_rebalance,15.9052,36,25.368919458849856,3.9
2019-10-03,ASML.US,buy,226.3927,10.27,signal,0.0,0,0.0,0.0
2019-10-10,ASML.US,sell,233.6589,10.27,target_rebalance,74.6239,7,4.999973855183863,3.21
2019-09-04,AMAT.US,buy,45.7129,5.81,signal,0.0,0,0.0,0.0
2019-10-11,AMAT.US,sell,48.8927,5.81,target_rebalance,18.4744,37,26.368919458849856,6.96
2019-10-03,ASML.US,buy,226.3927,12.51,signal,0.0,0,0.0,0.0
2019-10-11,ASML.US,sell,242.3435,12.51,target_rebalance,199.5446,8,5.999973855183863,7.05
2019-06-05,LRCX.US,buy,16.9291,6.02,signal,0.0,0,0.0,0.0
2019-10-11,LRCX.US,sell,22.1784,6.02,target_rebalance,31.6006,128,82.1687076745535,31.01
2019-10-03,ASML.US,buy,226.3927,12.67,signal,0.0,0,0.0,0.0
2019-10-14,ASML.US,sell,243.6752,12.67,target_rebalance,218.9699,11,6.999973855183864,7.63
2019-01-03,AVGO.US,buy,22.1178,65.99,signal,0.0,0,0.0,0.0
2019-10-14,AVGO.US,sell,23.7715,65.99,target_rebalance,109.1279,284,127.99917719451948,7.48
2019-10-03,ASML.US,buy,226.3927,8.64,signal,0.0,0,0.0,0.0
2019-10-15,ASML.US,sell,247.0704,8.64,target_rebalance,178.6554,12,7.999973855183864,9.13
2019-01-03,AVGO.US,buy,22.1178,305.29,signal,0.0,0,0.0,0.0
2019-10-16,AVGO.US,sell,24.4988,305.29,target_rebalance,726.9074,286,129.9991771945195,10.77
2019-09-04,AMAT.US,buy,45.7443,62.4,signal,0.0,0,0.0,0.0
2019-10-17,AMAT.US,sell,49.1739,62.4,target_rebalance,214.0051,43,30.073361048935606,7.5
2019-01-03,AVGO.US,buy,22.1178,47.02,signal,0.0,0,0.0,0.0
2019-10-17,AVGO.US,sell,24.5954,47.02,target_rebalance,116.5006,287,130.99917719451946,11.2
2019-06-05,LRCX.US,buy,16.9915,15.67,signal,0.0,0,0.0,0.0
2019-10-17,LRCX.US,sell,22.0933,15.67,target_rebalance,79.9445,134,85.12891535847992,30.03
2019-09-04,AMAT.US,buy,45.7443,19.06,signal,0.0,0,0.0,0.0
2019-10-18,AMAT.US,sell,48.9489,19.06,target_rebalance,61.0794,44,31.073361048935606,7.01
2019-01-03,AVGO.US,buy,22.1178,73.46,signal,0.0,0,0.0,0.0
2019-10-18,AVGO.US,sell,24.5412,73.46,target_rebalance,178.025,288,131.9991771945195,10.96
2019-10-03,ASML.US,buy,226.8604,13.43,signal,0.0,0,0.0,0.0
2019-10-21,ASML.US,sell,241.762,13.43,target_rebalance,200.1285,18,11.71374182061315,6.57
2019-06-05,LRCX.US,buy,17.0124,59.0,signal,0.0,0,0.0,0.0
2019-10-22,LRCX.US,sell,22.158,59.0,target_rebalance,303.595,139,87.75939057356473,30.25
2019-10-03,ASML.US,buy,226.8746,8.99,signal,0.0,0,0.0,0.0
2019-10-23,ASML.US,sell,239.0141,8.99,target_rebalance,109.1341,20,13.702742539291124,5.35
2019-06-05,LRCX.US,buy,17.0321,747.36,signal,0.0,0,0.0,0.0
2019-10-24,LRCX.US,sell,23.3474,747.36,target_rebalance,4719.7696,141,89.3729898416974,37.08
2019-09-04,AMAT.US,buy,45.7649,84.03,signal,0.0,0,0.0,0.0
2019-10-25,AMAT.US,sell,51.4611,84.03,target_rebalance,478.6486,51,35.87295406349624,12.45
2019-06-05,LRCX.US,buy,17.0321,400.69,signal,0.0,0,0.0,0.0
2019-10-25,LRCX.US,sell,24.508,400.69,target_rebalance,2995.5254,142,90.3729898416974,43.89
2019-01-03,AVGO.US,buy,22.2419,33.29,signal,0.0,0,0.0,0.0
2019-10-28,AVGO.US,sell,24.6819,33.29,target_rebalance,81.2278,298,129.5006132775176,10.97
2019-06-05,LRCX.US,buy,17.0321,72.15,signal,0.0,0,0.0,0.0
2019-10-28,LRCX.US,sell,25.2054,72.15,target_rebalance,589.6994,145,91.3729898416974,47.99
2019-06-05,LRCX.US,buy,17.0321,250.96,signal,0.0,0,0.0,0.0
2019-10-29,LRCX.US,sell,25.9388,250.96,target_rebalance,2235.2088,146,92.3729898416974,52.29
2019-01-03,AVGO.US,buy,22.2586,111.04,signal,0.0,0,0.0,0.0
2019-10-30,AVGO.US,sell,24.5844,111.04,target_rebalance,258.2565,300,130.6564958930923,10.45
2019-06-05,LRCX.US,buy,17.0321,33.79,signal,0.0,0,0.0,0.0
2019-10-30,LRCX.US,sell,25.5633,33.79,target_rebalance,288.2676,147,93.37298984169739,50.09
2019-10-03,ASML.US,buy,227.7415,7.14,signal,0.0,0,0.0,0.0
2019-10-31,ASML.US,sell,248.8147,7.14,target_rebalance,150.4625,28,19.03161741072448,9.25
2019-10-03,ASML.US,buy,227.7415,10.12,signal,0.0,0,0.0,0.0
2019-11-01,ASML.US,sell,250.606,10.12,target_rebalance,231.3884,29,20.03161741072448,10.04
2019-01-03,AVGO.US,buy,22.2592,15796.84,signal,0.0,0,0.0,0.0
2019-11-01,AVGO.US,sell,24.837,15796.84,signal,40721.0274,302,132.62174162655077,11.58
2019-10-03,ASML.US,buy,227.7415,3.97,signal,0.0,0,0.0,0.0
2019-11-04,ASML.US,sell,256.7713,3.97,target_rebalance,115.2483,32,21.031617410724476,12.75
2019-11-01,AMD.US,buy,34.4044,325.74,signal,0.0,0,0.0,0.0
2019-11-05,AMD.US,sell,36.5234,325.74,target_rebalance,690.2667,4,2.0,6.16
2019-10-03,ASML.US,buy,228.0188,0.05,signal,0.0,0,0.0,0.0
2019-11-06,ASML.US,sell,253.8984,0.05,target_rebalance,1.294,34,22.819582570765277,11.35
2019-09-04,AMAT.US,buy,45.9435,37.01,signal,0.0,0,0.0,0.0
2019-11-07,AMAT.US,sell,52.7827,37.01,target_rebalance,253.1194,64,43.741877982741464,14.89
2019-11-01,AMD.US,buy,34.4067,35.34,signal,0.0,0,0.0,0.0
2019-11-07,AMD.US,sell,36.4835,35.34,target_rebalance,73.3948,6,3.995936082856634,6.04
2019-09-04,AMAT.US,buy,45.9435,31.98,signal,0.0,0,0.0,0.0
2019-11-08,AMAT.US,sell,52.2109,31.98,target_rebalance,200.4324,65,44.74187798274146,13.64
2019-11-01,AMD.US,buy,34.4067,26.78,signal,0.0,0,0.0,0.0
2019-11-08,AMD.US,sell,36.0239,26.78,target_rebalance,43.3108,7,4.995936082856634,4.7
2019-10-03,ASML.US,buy,228.2051,1.29,signal,0.0,0,0.0,0.0
2019-11-08,ASML.US,sell,250.3568,1.29,target_rebalance,28.5757,36,24.648539626538234,9.71
2019-09-04,AMAT.US,buy,45.9435,21.08,signal,0.0,0,0.0,0.0
2019-11-11,AMAT.US,sell,52.2766,21.08,target_rebalance,133.5003,68,45.74187798274146,13.78
2019-10-03,ASML.US,buy,228.2051,4.55,signal,0.0,0,0.0,0.0
2019-11-11,ASML.US,sell,250.6958,4.55,target_rebalance,102.3328,39,25.648539626538238,9.86
2019-09-04,AMAT.US,buy,45.9435,44.21,signal,0.0,0,0.0,0.0
2019-11-12,AMAT.US,sell,53.4295,44.21,target_rebalance,330.9558,69,46.741877982741464,16.29
2019-06-05,LRCX.US,buy,17.3277,60.74,signal,0.0,0,0.0,0.0
2019-11-12,LRCX.US,sell,25.4884,60.74,target_rebalance,495.6805,160,98.90973542787675,47.1
2019-11-01,AMD.US,buy,34.4111,137.72,signal,0.0,0,0.0,0.0
2019-11-13,AMD.US,sell,36.6134,137.72,target_rebalance,303.2893,12,7.980739084232173,6.4
2019-10-03,ASML.US,buy,228.3604,9.43,signal,0.0,0,0.0,0.0
2019-11-13,ASML.US,sell,252.4667,9.43,target_rebalance,227.322,41,27.482475670004433,10.56
2019-09-04,AMAT.US,buy,45.978,20.06,signal,0.0,0,0.0,0.0
2019-11-14,AMAT.US,sell,53.5607,20.06,target_rebalance,152.1097,71,48.49832256379993,16.49
2019-11-01,AMD.US,buy,34.4111,104.22,signal,0.0,0,0.0,0.0
2019-11-14,AMD.US,sell,37.4725,104.22,target_rebalance,319.0543,13,8.980739084232173,8.9
2019-09-04,AMAT.US,buy,45.978,140.37,signal,0.0,0,0.0,0.0
2019-11-15,AMAT.US,sell,56.5509,140.37,target_rebalance,1484.1218,72,49.49832256379993,23.0
2019-11-01,AMD.US,buy,34.4111,21.24,signal,0.0,0,0.0,0.0
2019-11-15,AMD.US,sell,38.9011,21.24,target_rebalance,95.366,14,9.980739084232173,13.05
2019-09-04,AMAT.US,buy,45.978,144.27,signal,0.0,0,0.0,0.0
2019-11-18,AMAT.US,sell,58.0132,144.27,target_rebalance,1736.3185,75,50.498322563799924,26.18
2019-06-05,LRCX.US,buy,17.4988,25.3,signal,0.0,0,0.0,0.0
2019-11-18,LRCX.US,sell,26.1505,25.3,target_rebalance,218.8882,166,100.72392037229113,49.44
2019-11-01,AMD.US,buy,34.4588,249.21,signal,0.0,0,0.0,0.0
2019-11-19,AMD.US,sell,40.0999,249.21,target_rebalance,1405.8094,18,11.858389037301157,16.37
2019-11-01,AMD.US,buy,34.4588,336.45,signal,0.0,0,0.0,0.0
2019-11-20,AMD.US,sell,40.919,336.45,target_rebalance,2173.5488,19,12.858389037301155,18.75
2019-10-03,ASML.US,buy,229.6874,6.68,signal,0.0,0,0.0,0.0
2019-11-20,ASML.US,sell,255.5468,6.68,target_rebalance,172.7409,48,31.10155768216809,11.26
2019-11-01,AMD.US,buy,34.4588,154.98,signal,0.0,0,0.0,0.0
2019-11-21,AMD.US,sell,40.3796,154.98,target_rebalance,917.6028,20,13.858389037301155,17.18
2019-10-03,ASML.US,buy,229.6874,35.15,signal,0.0,0,0.0,0.0
2019-11-21,ASML.US,sell,253.8043,35.15,target_rebalance,847.7085,49,32.10155768216809,10.5
2019-09-04,AMAT.US,buy,46.46,25.2,signal,0.0,0,0.0,0.0
2019-11-22,AMAT.US,sell,53.2004,25.2,target_rebalance,169.8578,79,51.66105199094829,14.51
2019-10-03,ASML.US,buy,229.6874,13.23,signal,0.0,0,0.0,0.0
2019-11-22,ASML.US,sell,254.1998,13.23,target_rebalance,324.2997,50,33.10155768216809,10.67
2019-06-05,LRCX.US,buy,17.7476,63.02,signal,0.0,0,0.0,0.0
2019-11-22,LRCX.US,sell,24.5524,63.02,target_rebalance,428.8386,170,101.48199584779556,38.34
2019-09-04,AMAT.US,buy,46.46,19.95,signal,0.0,0,0.0,0.0
2019-11-25,AMAT.US,sell,53.2568,19.95,target_rebalance,135.5967,82,52.66105199094829,14.63
2019-11-01,AMD.US,buy,34.5462,31.95,signal,0.0,0,0.0,0.0
2019-11-25,AMD.US,sell,39.4605,31.95,target_rebalance,157.0118,24,15.595521488793711,14.23
2019-09-04,AMAT.US,buy,46.46,93.42,signal,0.0,0,0.0,0.0
2019-11-26,AMAT.US,sell,54.8088,93.42,target_rebalance,779.9467,83,53.66105199094829,17.97
2019-10-03,ASML.US,buy,229.7355,2.32,signal,0.0,0,0.0,0.0
2019-11-26,ASML.US,sell,257.8263,2.32,target_rebalance,65.1707,54,35.03199979314995,12.23
2019-06-05,LRCX.US,buy,17.7594,63.99,signal,0.0,0,0.0,0.0
2019-11-26,LRCX.US,sell,24.9705,63.99,target_rebalance,461.434,174,103.30222173298375,40.6
2019-11-01,AMD.US,buy,34.6383,44.02,signal,0.0,0,0.0,0.0
2019-11-27,AMD.US,sell,39.4205,44.02,target_rebalance,210.5154,26,17.276741056839228,13.81
2019-06-05,LRCX.US,buy,17.7594,83.99,signal,0.0,0,0.0,0.0
2019-11-27,LRCX.US,sell,25.0444,83.99,target_rebalance,611.8687,175,104.30222173298375,41.02
2019-09-04,AMAT.US,buy,46.4792,6.2,signal,0.0,0,0.0,0.0
2019-11-29,AMAT.US,sell,54.6395,6.2,target_rebalance,50.5939,86,55.53136096400298,17.56
2019-10-03,ASML.US,buy,229.8685,8.88,signal,0.0,0,0.0,0.0
2019-11-29,ASML.US,sell,257.5531,8.88,target_rebalance,245.8391,57,36.849264373910586,12.04
2019-09-04,AMAT.US,buy,46.4792,46.57,signal,0.0,0,0.0,0.0
2019-12-02,AMAT.US,sell,54.6866,46.57,target_rebalance,382.2153,89,56.53136096400298,17.66
2019-11-01,AMD.US,buy,34.6732,93.57,signal,0.0,0,0.0,0.0
2019-12-02,AMD.US,sell,39.2807,93.57,target_rebalance,431.1231,31,19.134958539395353,13.29
2019-10-03,ASML.US,buy,229.9898,20.9,signal,0.0,0,0.0,0.0
2019-12-03,ASML.US,sell,247.8607,20.9,target_rebalance,373.5015,61,38.666175109515734,7.77
2019-06-05,LRCX.US,buy,17.8238,37.37,signal,0.0,0,0.0,0.0
2019-12-03,LRCX.US,sell,23.7487,37.37,target_rebalance,221.4139,181,106.31478986115894,33.24
2019-11-01,AMD.US,buy,34.6957,221.43,signal,0.0,0,0.0,0.0
2019-12-04,AMD.US,sell,39.3406,221.43,target_rebalance,1028.5253,33,20.96734290083215,13.39
2019-11-01,AMD.US,buy,34.6957,59.76,signal,0.0,0,0.0,0.0
2019-12-05,AMD.US,sell,39.9101,59.76,target_rebalance,311.6097,34,21.96734290083215,15.03
2019-10-03,ASML.US,buy,230.1304,5.85,signal,0.0,0,0.0,0.0
2019-12-05,ASML.US,sell,256.9691,5.85,target_rebalance,157.0063,63,40.43239460897743,11.66
2019-10-03,ASML.US,buy,230.1304,24.77,signal,0.0,0,0.0,0.0
2019-12-06,ASML.US,sell,264.4952,24.77,target_rebalance,851.2156,64,41.43239460897743,14.93
2019-09-04,AMAT.US,buy,46.6825,20.16,signal,0.0,0,0.0,0.0
2019-12-09,AMAT.US,sell,53.7271,20.16,target_rebalance,142.0196,96,59.66042447508657,15.09
2019-10-03,ASML.US,buy,230.1304,4.38,signal,0.0,0,0.0,0.0
2019-12-09,ASML.US,sell,265.7386,4.38,target_rebalance,155.9637,67,42.43239460897743,15.47
2019-06-05,LRCX.US,buy,17.8675,138.6,signal,0.0,0,0.0,0.0
2019-12-09,LRCX.US,sell,25.0916,138.6,target_rebalance,1001.2546,187,109.60130148371833,40.43
2019-09-04,AMAT.US,buy,46.6825,57.65,signal,0.0,0,0.0,0.0
2019-12-10,AMAT.US,sell,53.7742,57.65,target_rebalance,408.8329,97,60.66042447508657,15.19
2019-06-05,LRCX.US,buy,17.8675,9.12,signal,0.0,0,0.0,0.0
2019-12-10,LRCX.US,sell,24.9387,9.12,target_rebalance,64.4893,188,110.6013014837183,39.58
2019-11-01,AMD.US,buy,34.8202,35.91,signal,0.0,0,0.0,0.0
2019-12-11,AMD.US,sell,39.4006,35.91,target_rebalance,164.4796,40,25.376079873768774,13.15
2019-06-05,LRCX.US,buy,17.8675,3.57,signal,0.0,0,0.0,0.0
2019-12-11,LRCX.US,sell,24.9619,3.57,target_rebalance,25.327,189,111.6013014837183,39.71
2019-09-04,AMAT.US,buy,46.7158,141.53,signal,0.0,0,0.0,0.0
2019-12-12,AMAT.US,sell,55.5143,141.53,target_rebalance,1245.2508,99,62.361829899249116,18.83
2019-06-05,LRCX.US,buy,17.8675,60.06,signal,0.0,0,0.0,0.0
2019-12-12,LRCX.US,sell,25.4914,60.06,target_rebalance,457.887,190,112.60130148371833,42.67
2019-11-01,AMD.US,buy,34.8951,350.4,signal,0.0,0,0.0,0.0
2019-12-13,AMD.US,sell,42.3076,350.4,target_rebalance,2597.3633,42,26.948668728504014,21.24
2019-09-04,AMAT.US,buy,46.8901,73.48,signal,0.0,0,0.0,0.0
2019-12-16,AMAT.US,sell,57.3767,73.48,target_rebalance,770.5559,103,63.23990348672338,22.36
2019-10-03,ASML.US,buy,231.0149,4.14,signal,0.0,0,0.0,0.0
2019-12-16,ASML.US,sell,274.3196,4.14,target_rebalance,179.2812,74,46.38155265281766,18.75
2019-06-05,LRCX.US,buy,17.8734,19.99,signal,0.0,0,0.0,0.0
2019-12-16,LRCX.US,sell,26.5781,19.99,target_rebalance,174.0073,194,114.5239217429749,48.7
2019-11-01,AMD.US,buy,35.0141,92.93,signal,0.0,0,0.0,0.0
2019-12-17,AMD.US,sell,42.4675,92.93,target_rebalance,692.6461,46,28.46506220636571,21.29
2019-10-03,ASML.US,buy,231.0149,18.9,signal,0.0,0,0.0,0.0
2019-12-17,ASML.US,sell,279.7357,18.9,target_rebalance,920.822,75,47.38155265281765,21.09
2019-11-01,AMD.US,buy,35.0141,19.16,signal,0.0,0,0.0,0.0
2019-12-18,AMD.US,sell,42.7472,19.16,target_rebalance,148.167,47,29.465062206365715,22.09
2019-06-05,LRCX.US,buy,17.9113,112.1,signal,0.0,0,0.0,0.0
2019-12-18,LRCX.US,sell,26.9738,112.1,target_rebalance,1015.9028,196,116.02552802157402,50.6
2019-09-04,AMAT.US,buy,47.0362,4.43,signal,0.0,0,0.0,0.0
2019-12-19,AMAT.US,sell,56.9722,4.43,target_rebalance,44.0163,106,65.30858509366074,21.12
2019-11-01,AMD.US,buy,35.0141,15.95,signal,0.0,0,0.0,0.0
2019-12-19,AMD.US,sell,42.5874,15.95,target_rebalance,120.7941,48,30.465062206365715,21.63
2019-06-05,LRCX.US,buy,17.9113,97.33,signal,0.0,0,0.0,0.0
2019-12-19,LRCX.US,sell,26.9923,97.33,target_rebalance,883.8584,197,117.02552802157402,50.7
2019-11-01,AMD.US,buy,35.0141,38.03,signal,0.0,0,0.0,0.0
2019-12-20,AMD.US,sell,43.3966,38.03,target_rebalance,318.786,49,31.465062206365708,23.94
2019-06-05,LRCX.US,buy,17.9113,149.95,signal,0.0,0,0.0,0.0
2019-12-20,LRCX.US,sell,27.6592,149.95,target_rebalance,1461.7033,198,118.02552802157403,54.42
2019-11-01,AMD.US,buy,35.0141,139.1,signal,0.0,0,0.0,0.0
2019-12-23,AMD.US,sell,44.5354,139.1,target_rebalance,1324.4199,52,32.465062206365715,27.19
2019-11-01,AMD.US,buy,35.0141,307.21,signal,0.0,0,0.0,0.0
2019-12-24,AMD.US,sell,46.0539,307.21,target_rebalance,3391.5453,53,33.465062206365715,31.53
2019-11-01,AMD.US,buy,35.0141,127.65,signal,0.0,0,0.0,0.0
2019-12-26,AMD.US,sell,46.943,127.65,target_rebalance,1522.7292,55,34.465062206365715,34.07
2019-10-03,ASML.US,buy,232.8106,6.74,signal,0.0,0,0.0,0.0
2019-12-27,ASML.US,sell,280.1784,6.74,target_rebalance,319.2592,85,52.41225209745964,20.35
2019-09-04,AMAT.US,buy,47.243,19.97,signal,0.0,0,0.0,0.0
2019-12-30,AMAT.US,sell,57.7059,19.97,target_rebalance,208.9446,117,70.00456194571231,22.15
2019-10-03,ASML.US,buy,232.8106,8.07,signal,0.0,0,0.0,0.0
2019-12-30,ASML.US,sell,279.2082,8.07,target_rebalance,374.4293,88,53.41225209745963,19.93
2019-10-03,ASML.US,buy,232.8106,9.15,signal,0.0,0,0.0,0.0
2019-12-31,ASML.US,sell,277.8518,9.15,target_rebalance,412.1271,89,54.412252097459636,19.35
2019-06-05,LRCX.US,buy,18.1987,84.17,signal,0.0,0,0.0,0.0
2019-12-31,LRCX.US,sell,27.075,84.17,target_rebalance,747.122,209,120.44061434076454,48.77
2019-11-01,AMD.US,buy,35.2531,128.76,signal,0.0,0,0.0,0.0
2020-01-02,AMD.US,sell,46.8131,128.76,target_rebalance,1488.4766,62,37.637035372462755,32.79
2019-11-01,AMD.US,buy,35.2531,283.45,signal,0.0,0,0.0,0.0
2020-01-03,AMD.US,sell,47.982,283.45,target_rebalance,3608.0105,63,38.637035372462755,36.11
2019-11-01,AMD.US,buy,35.2531,87.48,signal,0.0,0,0.0,0.0
2020-01-06,AMD.US,sell,47.972,87.48,target_rebalance,1112.6516,66,39.637035372462755,36.08
2019-11-01,AMD.US,buy,35.2531,116.89,signal,0.0,0,0.0,0.0
2020-01-07,AMD.US,sell,49.3006,116.89,target_rebalance,1642.0232,67,40.63703537246276,39.85
2019-10-03,ASML.US,buy,233.4394,2.92,signal,0.0,0,0.0,0.0
2020-01-07,ASML.US,sell,281.3276,2.92,target_rebalance,139.8336,96,57.639764330575275,20.51
2019-09-04,AMAT.US,buy,47.5268,132.56,signal,0.0,0,0.0,0.0
2020-01-08,AMAT.US,sell,58.0351,132.56,target_rebalance,1392.9732,126,73.86208663962128,22.11
2019-10-03,ASML.US,buy,233.4394,2.94,signal,0.0,0,0.0,0.0
2020-01-08,ASML.US,sell,283.202,2.94,target_rebalance,146.3023,97,58.639764330575275,21.32
2019-06-05,LRCX.US,buy,18.3919,211.55,signal,0.0,0,0.0,0.0
2020-01-08,LRCX.US,sell,27.6304,211.55,target_rebalance,1954.415,217,122.83214051477563,50.23
2019-11-01,AMD.US,buy,35.6721,66.56,signal,0.0,0,0.0,0.0
2020-01-09,AMD.US,sell,48.8911,66.56,target_rebalance,879.8553,69,41.25726869490704,37.06
2019-06-05,LRCX.US,buy,18.3919,31.91,signal,0.0,0,0.0,0.0
2020-01-09,LRCX.US,sell,28.0614,31.91,target_rebalance,308.5543,218,123.83214051477562,52.57
2019-09-04,AMAT.US,buy,47.5654,43.28,signal,0.0,0,0.0,0.0
2020-01-10,AMAT.US,sell,58.8158,43.28,target_rebalance,486.9154,128,75.60172284919797,23.65
2019-11-01,AMD.US,buy,35.6721,82.4,signal,0.0,0,0.0,0.0
2020-01-10,AMD.US,sell,49.2107,82.4,target_rebalance,1115.5856,70,42.257268694907026,37.95
2019-11-01,AMD.US,buy,35.6721,0.41,signal,0.0,0,0.0,0.0
2020-01-13,AMD.US,sell,48.6113,0.41,target_rebalance,5.3051,73,43.25726869490703,36.27
2019-10-03,ASML.US,buy,234.0127,9.36,signal,0.0,0,0.0,0.0
2020-01-13,ASML.US,sell,281.337,9.36,target_rebalance,442.9553,102,60.954412628400604,20.22
2019-09-04,AMAT.US,buy,47.5927,2.57,signal,0.0,0,0.0,0.0
2020-01-14,AMAT.US,sell,58.4019,2.57,target_rebalance,27.7796,132,77.40016024899877,22.71
2019-06-05,LRCX.US,buy,18.4794,163.77,signal,0.0,0,0.0,0.0
2020-01-14,LRCX.US,sell,27.8775,163.77,target_rebalance,1539.1284,223,125.65097587331044,50.86
2019-09-04,AMAT.US,buy,47.5927,26.18,signal,0.0,0,0.0,0.0
2020-01-15,AMAT.US,sell,58.5994,26.18,target_rebalance,288.1555,133,78.40016024899879,23.13
2019-10-03,ASML.US,buy,234.2043,9.94,signal,0.0,0,0.0,0.0
2020-01-15,ASML.US,sell,284.0874,9.94,target_rebalance,495.8375,104,62.708776559246935,21.3
2019-11-01,AMD.US,buy,35.8558,80.99,signal,0.0,0,0.0,0.0
2020-01-16,AMD.US,sell,49.1208,80.99,target_rebalance,1074.3337,76,45.61221720501559,37.0
2019-09-04,AMAT.US,buy,47.6174,33.21,signal,0.0,0,0.0,0.0
2020-01-17,AMAT.US,sell,60.0009,33.21,target_rebalance,411.2581,135,80.22849367443227,26.01
2019-11-01,AMD.US,buy,35.8558,75.17,signal,0.0,0,0.0,0.0
2020-01-17,AMD.US,sell,50.1498,75.17,target_rebalance,1074.4792,77,46.61221720501559,39.87
2019-06-05,LRCX.US,buy,18.4916,39.78,signal,0.0,0,0.0,0.0
2020-01-17,LRCX.US,sell,28.5193,39.78,target_rebalance,398.9043,226,128.48742388985917,54.23
2019-11-01,AMD.US,buy,35.8558,156.3,signal,0.0,0,0.0,0.0
2020-01-21,AMD.US,sell,50.909,156.3,target_rebalance,2352.8195,81,47.61221720501558,41.98
2019-06-05,LRCX.US,buy,18.4916,89.44,signal,0.0,0,0.0,0.0
2020-01-21,LRCX.US,sell,28.6252,89.44,target_rebalance,906.3531,230,129.4874238898592,54.8
2019-09-04,AMAT.US,buy,47.7648,15.35,signal,0.0,0,0.0,0.0
2020-01-22,AMAT.US,sell,59.9163,15.35,target_rebalance,186.5252,140,81.18846365988111,25.44
2019-11-01,AMD.US,buy,35.8558,16.7,signal,0.0,0,0.0,0.0
2020-01-22,AMD.US,sell,51.5784,16.7,target_rebalance,262.5667,82,48.61221720501558,43.85
2019-09-04,AMAT.US,buy,47.7648,68.48,signal,0.0,0,0.0,0.0
2020-01-23,AMAT.US,sell,60.3207,68.48,target_rebalance,859.8305,141,82.18846365988112,26.29
2019-06-05,LRCX.US,buy,18.4934,51.39,signal,0.0,0,0.0,0.0
2020-01-23,LRCX.US,sell,28.9791,51.39,target_rebalance,538.8567,232,131.46381963248902,56.7
2019-09-04,AMAT.US,buy,47.7648,2.2,signal,0.0,0,0.0,0.0
2020-01-24,AMAT.US,sell,60.951,2.2,target_rebalance,29.0095,142,83.18846365988111,27.61
2019-11-01,AMD.US,buy,35.8825,55.67,signal,0.0,0,0.0,0.0
2020-01-24,AMD.US,sell,52.2277,55.67,target_rebalance,909.9382,84,50.52698057792236,45.55
2019-06-05,LRCX.US,buy,18.4934,37.35,signal,0.0,0,0.0,0.0
2020-01-24,LRCX.US,sell,29.3404,37.35,target_rebalance,405.1334,233,132.46381963248902,58.65
2019-10-03,ASML.US,buy,236.6869,44.24,signal,0.0,0,0.0,0.0
2020-01-27,ASML.US,sell,270.4859,44.24,target_rebalance,1495.2699,116,66.28272396546984,14.28
2019-11-01,AMD.US,buy,36.041,204.65,signal,0.0,0,0.0,0.0
2020-01-28,AMD.US,sell,49.98,204.65,target_rebalance,2852.6191,88,51.879816555460856,38.68
2019-09-04,AMAT.US,buy,47.9821,11.26,signal,0.0,0,0.0,0.0
2020-01-29,AMAT.US,sell,56.5019,11.26,target_rebalance,95.9328,147,84.06444003322216,17.76
2019-10-03,ASML.US,buy,236.9912,49.88,signal,0.0,0,0.0,0.0
2020-01-29,ASML.US,sell,278.8786,49.88,target_rebalance,2089.344,118,67.67083075859375,17.67
2019-06-05,LRCX.US,buy,18.4947,125.7,signal,0.0,0,0.0,0.0
2020-01-29,LRCX.US,sell,28.0716,125.7,target_rebalance,1203.8164,238,135.44535760056849,51.78
2019-09-04,AMAT.US,buy,47.9821,130.67,signal,0.0,0,0.0,0.0
2020-01-30,AMAT.US,sell,57.8846,130.67,target_rebalance,1293.9553,148,85.06444003322217,20.64
2019-06-05,LRCX.US,buy,18.4947,703.89,signal,0.0,0,0.0,0.0
2020-01-30,LRCX.US,sell,29.5735,703.89,target_rebalance,7798.2595,239,136.44535760056846,59.9
2019-11-01,AMD.US,buy,36.9147,440.24,signal,0.0,0,0.0,0.0
2020-01-31,AMD.US,sell,48.3516,440.24,target_rebalance,5034.9818,91,50.7277609075293,30.98
2019-09-04,AMAT.US,buy,48.1407,34.17,signal,0.0,0,0.0,0.0
2020-02-03,AMAT.US,sell,55.1945,34.17,target_rebalance,241.0289,152,85.43960853888207,14.65
2019-10-03,ASML.US,buy,237.9543,13.68,signal,0.0,0,0.0,0.0
2020-02-03,ASML.US,sell,267.1609,13.68,target_rebalance,399.5456,123,68.89159433224248,12.27
2019-09-04,AMAT.US,buy,48.1407,8067.32,signal,0.0,0,0.0,0.0
2020-02-04,AMAT.US,sell,57.7623,8067.32,signal,77620.98,153,86.43960853888208,19.99
2019-11-01,AMD.US,buy,37.0541,76.51,signal,0.0,0,0.0,0.0
2020-02-04,AMD.US,sell,49.1608,76.51,target_rebalance,926.2832,95,51.971278326387804,32.67
2019-06-05,LRCX.US,buy,18.7429,46.91,signal,0.0,0,0.0,0.0
2020-02-04,LRCX.US,sell,29.4026,46.91,target_rebalance,500.046,244,136.08153533180695,56.87
2019-10-03,ASML.US,buy,238.2676,13.13,signal,0.0,0,0.0,0.0
2020-02-05,ASML.US,sell,289.5035,13.13,target_rebalance,672.7274,125,70.34942486599584,21.5
2019-06-05,LRCX.US,buy,18.7429,218.33,signal,0.0,0,0.0,0.0
2020-02-05,LRCX.US,sell,30.7652,218.33,target_rebalance,2624.8215,245,137.08153533180695,64.14
2019-10-03,ASML.US,buy,238.2676,18.26,signal,0.0,0,0.0,0.0
2020-02-06,ASML.US,sell,289.6731,18.26,target_rebalance,938.6639,126,71.34942486599584,21.57
2020-02-04,TSM.US,buy,50.7851,105.11,signal,0.0,0,0.0,0.0
2020-02-06,TSM.US,sell,51.8741,105.11,target_rebalance,114.4554,2,1.9891047950502707,2.14
2019-11-01,AMD.US,buy,37.3843,106.38,signal,0.0,0,0.0,0.0
2020-02-07,AMD.US,sell,48.8611,106.38,target_rebalance,1220.9027,98,53.51971901759943,30.7
2019-10-03,ASML.US,buy,238.2676,2.22,signal,0.0,0,0.0,0.0
2020-02-07,ASML.US,sell,286.9793,2.22,target_rebalance,108.1398,127,72.34942486599584,20.44
2019-11-01,AMD.US,buy,37.3843,165.26,signal,0.0,0,0.0,0.0
2020-02-10,AMD.US,sell,49.4205,165.26,target_rebalance,1989.1103,101,54.51971901759943,32.2
2019-10-03,ASML.US,buy,238.2676,6.22,signal,0.0,0,0.0,0.0
2020-02-10,ASML.US,sell,286.3858,6.22,target_rebalance,299.2948,130,73.34942486599586,20.19
2019-11-01,AMD.US,buy,37.3843,318.75,signal,0.0,0,0.0,0.0
2020-02-11,AMD.US,sell,53.1668,318.75,target_rebalance,5030.6711,102,55.51971901759943,42.22
2019-11-01,AMD.US,buy,37.3843,62.85,signal,0.0,0,0.0,0.0
2020-02-12,AMD.US,sell,54.4755,62.85,target_rebalance,1074.181,103,56.519719017599435,45.72
2020-02-04,TSM.US,buy,50.7949,25.81,signal,0.0,0,0.0,0.0
2020-02-12,TSM.US,sell,52.7465,25.81,target_rebalance,50.3703,8,5.881345106281251,3.84
2019-06-05,LRCX.US,buy,19.1443,322.13,signal,0.0,0,0.0,0.0
2020-02-13,LRCX.US,sell,31.12,322.13,target_rebalance,3857.7268,253,137.96200777758816,62.55
2019-11-01,AMD.US,buy,37.666,148.95,signal,0.0,0,0.0,0.0
2020-02-14,AMD.US,sell,55.1348,148.95,target_rebalance,2601.9752,105,57.51309791270343,46.38
2019-06-05,LRCX.US,buy,19.1443,76.47,signal,0.0,0,0.0,0.0
2020-02-14,LRCX.US,sell,31.7182,76.47,target_rebalance,961.5222,254,138.96200777758816,65.68
2019-11-01,AMD.US,buy,37.666,273.85,signal,0.0,0,0.0,0.0
2020-02-18,AMD.US,sell,54.8851,273.85,target_rebalance,4715.4321,109,58.513097912703415,45.72
2019-10-03,ASML.US,buy,239.7314,1.78,signal,0.0,0,0.0,0.0
2020-02-18,ASML.US,sell,289.5506,1.78,target_rebalance,88.6783,138,76.48183944882197,20.78
2019-11-01,AMD.US,buy,37.666,231.82,signal,0.0,0,0.0,0.0
2020-02-19,AMD.US,sell,57.932,231.82,target_rebalance,4698.0608,110,59.513097912703415,53.8
2019-11-01,AMD.US,buy,37.666,24.65,signal,0.0,0,0.0,0.0
2020-02-20,AMD.US,sell,58.3816,24.65,target_rebalance,510.6379,111,60.51309791270342,55.0
2019-10-03,ASML.US,buy,240.4491,13.78,signal,0.0,0,0.0,0.0
2020-02-20,ASML.US,sell,297.51,13.78,target_rebalance,786.2991,140,77.45088451011318,23.73
2020-02-04,TSM.US,buy,50.8126,101.79,signal,0.0,0,0.0,0.0
2020-02-21,TSM.US,sell,50.4319,101.79,target_rebalance,-38.7575,17,11.446427632480594,-0.75
2019-10-03,ASML.US,buy,240.4491,35.12,signal,0.0,0,0.0,0.0
2020-02-24,ASML.US,sell,272.2661,35.12,target_rebalance,1117.4148,144,79.45088451011318,13.23
2019-06-05,LRCX.US,buy,19.4055,61.98,signal,0.0,0,0.0,0.0
2020-02-24,LRCX.US,sell,27.7902,61.98,target_rebalance,519.6861,264,140.66946321409569,43.21
2020-02-04,TSM.US,buy,50.8126,345.78,signal,0.0,0,0.0,0.0
2020-02-24,TSM.US,sell,47.6721,345.78,target_rebalance,-1085.9213,20,12.446427632480594,-6.18
2019-11-01,AMD.US,buy,38.5753,219.13,signal,0.0,0,0.0,0.0
2020-02-25,AMD.US,sell,51.0889,219.13,target_rebalance,2742.1039,116,58.63793751775816,32.44
2019-10-03,ASML.US,buy,240.8178,18.25,signal,0.0,0,0.0,0.0
2020-02-26,ASML.US,sell,272.643,18.25,target_rebalance,580.8087,146,80.68028401452402,13.22
2019-06-05,LRCX.US,buy,19.4954,0.34,signal,0.0,0,0.0,0.0
2020-02-26,LRCX.US,sell,27.5153,0.34,target_rebalance,2.7268,266,141.26245373245763,41.14
2020-02-04,TSM.US,buy,50.8126,162.73,signal,0.0,0,0.0,0.0
2020-02-26,TSM.US,sell,48.509,162.73,target_rebalance,-374.8758,22,14.446427632480592,-4.53
2020-02-04,TSM.US,buy,50.8126,242.26,signal,0.0,0,0.0,0.0
2020-02-27,TSM.US,sell,48.2508,242.26,target_rebalance,-620.6307,23,15.446427632480594,-5.04
2019-10-03,ASML.US,buy,240.8956,20.22,signal,0.0,0,0.0,0.0
2020-02-28,ASML.US,sell,252.2595,20.22,target_rebalance,229.7775,148,82.39632785868582,4.72
2019-06-05,LRCX.US,buy,19.5142,288.23,signal,0.0,0,0.0,0.0
2020-02-28,LRCX.US,sell,25.6186,288.23,target_rebalance,1759.4919,268,142.88606843822055,31.28
2020-02-04,TSM.US,buy,50.8126,6.27,signal,0.0,0,0.0,0.0
2020-02-28,TSM.US,sell,45.7136,6.27,target_rebalance,-31.9708,24,16.446427632480592,-10.03
2019-11-01,AMD.US,buy,39.087,556.21,signal,0.0,0,0.0,0.0
2020-03-02,AMD.US,sell,47.3726,556.21,target_rebalance,4608.5343,122,57.418170812260804,21.2
2019-11-01,AMD.US,buy,39.087,17.95,signal,0.0,0,0.0,0.0
2020-03-03,AMD.US,sell,48.981,17.95,target_rebalance,177.5972,123,58.41817081226081,25.31
2019-10-03,ASML.US,buy,241.6247,21.87,signal,0.0,0,0.0,0.0
2020-03-03,ASML.US,sell,275.9208,21.87,target_rebalance,750.0573,152,81.75458971471735,14.19
2020-02-04,TSM.US,buy,50.7709,12.89,signal,0.0,0,0.0,0.0
2020-03-03,TSM.US,sell,50.1203,12.89,target_rebalance,-8.3868,28,18.131938307149387,-1.28
2019-10-03,ASML.US,buy,241.6247,8.68,signal,0.0,0,0.0,0.0
2020-03-04,ASML.US,sell,275.4122,8.68,target_rebalance,293.2761,153,82.75458971471737,13.98
2019-06-05,LRCX.US,buy,19.695,4.74,signal,0.0,0,0.0,0.0
2020-03-04,LRCX.US,sell,27.7595,4.74,target_rebalance,38.2257,273,142.76647756660125,40.95
2020-02-04,TSM.US,buy,50.7709,10.85,signal,0.0,0,0.0,0.0
2020-03-04,TSM.US,sell,49.8265,10.85,target_rebalance,-10.2469,29,19.131938307149387,-1.86
2019-11-01,AMD.US,buy,39.151,57.01,signal,0.0,0,0.0,0.0
2020-03-05,AMD.US,sell,48.6313,57.01,target_rebalance,540.473,125,60.00517315000776,24.21
2020-02-04,TSM.US,buy,50.7709,9173.53,signal,0.0,0,0.0,0.0
2020-03-05,TSM.US,sell,49.9511,9173.53,signal,-7520.3097,30,20.131938307149383,-1.61
2019-11-01,AMD.US,buy,39.151,280.62,signal,0.0,0,0.0,0.0
2020-03-06,AMD.US,sell,49.3906,280.62,target_rebalance,2873.4245,126,61.00517315000776,26.15
2020-03-05,AMAT.US,buy,55.3479,59.57,signal,0.0,0,0.0,0.0
2020-03-09,AMAT.US,sell,49.8297,59.57,target_rebalance,-328.7207,4,1.9878671362950529,-9.97
2019-10-03,ASML.US,buy,241.9538,23.89,signal,0.0,0,0.0,0.0
2020-03-09,ASML.US,sell,250.0365,23.89,target_rebalance,193.0939,158,84.78622618166379,3.34
2019-06-05,LRCX.US,buy,19.7808,336.96,signal,0.0,0,0.0,0.0
2020-03-09,LRCX.US,sell,25.3567,336.96,target_rebalance,1878.8437,278,144.1115377755629,28.19
2019-11-01,AMD.US,buy,39.3474,163.77,signal,0.0,0,0.0,0.0
2020-03-10,AMD.US,sell,45.3646,163.77,target_rebalance,985.4403,130,59.900712909137354,15.29
2019-10-03,ASML.US,buy,241.9538,18.95,signal,0.0,0,0.0,0.0
2020-03-10,ASML.US,sell,261.8484,18.95,target_rebalance,377.0012,159,85.78622618166379,8.22
2020-03-05,AMAT.US,buy,55.3363,44.62,signal,0.0,0,0.0,0.0
2020-03-11,AMAT.US,sell,51.2167,44.62,target_rebalance,-183.8141,6,3.978981656796751,-7.44
2019-06-05,LRCX.US,buy,19.9137,296.23,signal,0.0,0,0.0,0.0
2020-03-11,LRCX.US,sell,25.8713,296.23,target_rebalance,1764.8081,280,142.83023660568867,29.92
2019-11-01,AMD.US,buy,39.4233,299.2,signal,0.0,0,0.0,0.0
2020-03-12,AMD.US,sell,41.958,299.2,target_rebalance,758.3908,132,60.95479768288195,6.43
2019-06-05,LRCX.US,buy,19.9137,70.44,signal,0.0,0,0.0,0.0
2020-03-12,LRCX.US,sell,23.8771,70.44,target_rebalance,279.1816,281,143.8302366056887,19.9
2019-10-03,ASML.US,buy,241.8715,57.91,signal,0.0,0,0.0,0.0
2020-03-13,ASML.US,sell,242.1337,57.91,target_rebalance,15.1829,162,86.32665744578497,0.11
2020-03-05,AMAT.US,buy,55.0457,90.0,signal,0.0,0,0.0,0.0
2020-03-16,AMAT.US,sell,41.564,90.0,target_rebalance,-1213.3444,11,6.811123612440784,-24.49
2019-11-01,AMD.US,buy,39.4305,307.01,signal,0.0,0,0.0,0.0
2020-03-16,AMD.US,sell,39.0409,307.01,target_rebalance,-119.6125,136,62.79534213426795,-0.99
2019-11-01,AMD.US,buy,39.4305,258.56,signal,0.0,0,0.0,0.0
2020-03-17,AMD.US,sell,40.1498,258.56,target_rebalance,185.9776,137,63.79534213426795,1.82
2019-10-03,ASML.US,buy,240.6045,78.08,signal,0.0,0,0.0,0.0
2020-03-17,ASML.US,sell,218.1049,78.08,target_rebalance,-1756.7694,166,85.03546735094349,-9.35
2020-03-05,AMAT.US,buy,54.2825,143.57,signal,0.0,0,0.0,0.0
2020-03-18,AMAT.US,sell,38.2804,143.57,target_rebalance,-2297.4173,13,8.428115168007174,-29.48
2019-11-01,AMD.US,buy,39.4305,266.03,signal,0.0,0,0.0,0.0
2020-03-18,AMD.US,sell,39.5005,266.03,target_rebalance,18.6046,138,64.79534213426794,0.18
2019-11-01,AMD.US,buy,39.4305,308.7,signal,0.0,0,0.0,0.0
2020-03-19,AMD.US,sell,39.5204,308.7,target_rebalance,27.7567,139,65.79534213426793,0.23
2020-03-05,AMAT.US,buy,54.1211,39.51,signal,0.0,0,0.0,0.0
2020-03-20,AMAT.US,sell,39.1485,39.51,target_rebalance,-591.5673,15,10.342204638169937,-27.66
2019-10-03,ASML.US,buy,239.3447,40.59,signal,0.0,0,0.0,0.0
2020-03-20,ASML.US,sell,212.0765,40.59,target_rebalance,-1106.8159,169,85.27270174111229,-11.39
2019-11-01,AMD.US,buy,39.459,87.19,signal,0.0,0,0.0,0.0
2020-03-23,AMD.US,sell,40.5794,87.19,target_rebalance,97.6827,143,66.89748876919761,2.84
2019-10-03,ASML.US,buy,239.3447,55.93,signal,0.0,0,0.0,0.0
2020-03-23,ASML.US,sell,212.2461,55.93,target_rebalance,-1515.6257,172,86.27270174111227,-11.32
2020-03-05,AMAT.US,buy,53.5176,223.75,signal,0.0,0,0.0,0.0
2020-03-24,AMAT.US,sell,41.7433,223.75,target_rebalance,-2634.4908,19,11.953017139934648,-22.0
2019-10-03,ASML.US,buy,239.3447,19.62,signal,0.0,0,0.0,0.0
2020-03-24,ASML.US,sell,239.5622,19.62,target_rebalance,4.2669,173,87.27270174111229,0.09
2019-11-01,AMD.US,buy,39.5761,67.49,signal,0.0,0,0.0,0.0
2020-03-25,AMD.US,sell,46.7432,67.49,target_rebalance,483.7086,145,67.17900218741802,18.11
2019-06-05,LRCX.US,buy,19.8691,900.11,signal,0.0,0,0.0,0.0
2020-03-25,LRCX.US,sell,21.661,900.11,target_rebalance,1612.905,294,132.62625039617242,9.02
2020-03-05,AMAT.US,buy,53.1588,125.75,signal,0.0,0,0.0,0.0
2020-03-26,AMAT.US,sell,43.621,125.75,target_rebalance,-1199.3771,21,13.53200508723068,-17.94
2019-06-05,LRCX.US,buy,19.8691,404.1,signal,0.0,0,0.0,0.0
2020-03-26,LRCX.US,sell,22.4422,404.1,target_rebalance,1039.7703,295,133.62625039617242,12.95
2020-03-05,AMAT.US,buy,53.1588,70.9,signal,0.0,0,0.0,0.0
2020-03-27,AMAT.US,sell,45.0081,70.9,target_rebalance,-577.8888,22,14.532005087230681,-15.33
2019-06-05,LRCX.US,buy,19.8691,519.33,signal,0.0,0,0.0,0.0
2020-03-27,LRCX.US,sell,23.6727,519.33,target_rebalance,1975.3426,296,134.62625039617242,19.14
2019-11-01,AMD.US,buy,39.8531,260.01,signal,0.0,0,0.0,0.0
2020-03-30,AMD.US,sell,47.1928,260.01,target_rebalance,1908.3914,150,67.21440622979097,18.42
2019-10-03,ASML.US,buy,239.7431,25.56,signal,0.0,0,0.0,0.0
2020-03-30,ASML.US,sell,248.2657,25.56,target_rebalance,217.8367,179,86.56148917191855,3.55
2020-03-05,AMAT.US,buy,52.8084,121.98,signal,0.0,0,0.0,0.0
2020-03-31,AMAT.US,sell,44.508,121.98,target_rebalance,-1012.4921,26,16.000318932621532,-15.72
2020-03-05,AMAT.US,buy,52.8084,27.19,signal,0.0,0,0.0,0.0
2020-04-01,AMAT.US,sell,41.3565,27.19,target_rebalance,-311.3794,27,17.000318932621536,-21.69
2019-10-03,ASML.US,buy,239.7954,27.03,signal,0.0,0,0.0,0.0
2020-04-01,ASML.US,sell,238.4319,27.03,target_rebalance,-36.857,181,88.21728175170519,-0.57
2020-03-05,AMAT.US,buy,52.8084,6.91,signal,0.0,0,0.0,0.0
2020-04-02,AMAT.US,sell,40.1015,6.91,target_rebalance,-87.8048,28,18.000318932621536,-24.06
2019-11-01,AMD.US,buy,39.928,100.09,signal,0.0,0,0.0,0.0
2020-04-02,AMD.US,sell,43.3566,100.09,target_rebalance,343.1733,153,69.4214496357297,8.59
2020-03-05,AMAT.US,buy,52.8084,9150.22,signal,0.0,0,0.0,0.0
2020-04-03,AMAT.US,sell,41.0073,9150.22,signal,-107982.6642,29,19.000318932621536,-22.35
2019-11-01,AMD.US,buy,39.928,32.1,signal,0.0,0,0.0,0.0
2020-04-03,AMD.US,sell,44.2557,32.1,target_rebalance,138.9206,154,70.4214496357297,10.84
2019-10-03,ASML.US,buy,239.7015,46.16,signal,0.0,0,0.0,0.0
2020-04-06,ASML.US,sell,244.9029,46.16,target_rebalance,240.0931,186,90.19056368256602,2.17
2019-06-05,LRCX.US,buy,19.9484,207.89,signal,0.0,0,0.0,0.0
2020-04-06,LRCX.US,sell,21.6423,207.89,target_rebalance,352.1502,306,134.64272718040226,8.49
2019-11-01,AMD.US,buy,40.0239,10.17,signal,0.0,0,0.0,0.0
2020-04-07,AMD.US,sell,48.911,10.17,target_rebalance,90.3827,158,70.8705839669218,22.2
2019-06-05,LRCX.US,buy,19.9484,602.15,signal,0.0,0,0.0,0.0
2020-04-07,LRCX.US,sell,24.6847,602.15,target_rebalance,2851.9595,307,135.6427271804023,23.74
2019-11-01,AMD.US,buy,40.0239,42.9,signal,0.0,0,0.0,0.0
2020-04-08,AMD.US,sell,48.0219,42.9,target_rebalance,343.1175,159,71.87058396692179,19.98
2019-10-03,ASML.US,buy,240.1742,19.98,signal,0.0,0,0.0,0.0
2020-04-08,ASML.US,sell,261.886,19.98,target_rebalance,433.8023,188,90.46660119722436,9.04
2019-06-05,LRCX.US,buy,19.9484,118.46,signal,0.0,0,0.0,0.0
2020-04-08,LRCX.US,sell,24.2838,118.46,target_rebalance,513.5767,308,136.64272718040226,21.73
2019-11-01,AMD.US,buy,40.0239,13.96,signal,0.0,0,0.0,0.0
2020-04-09,AMD.US,sell,49.6004,13.96,target_rebalance,133.6879,160,72.87058396692179,23.93
2019-06-05,LRCX.US,buy,19.9484,230.99,signal,0.0,0,0.0,0.0
2020-04-09,LRCX.US,sell,25.3873,230.99,target_rebalance,1256.3434,309,137.6427271804023,27.27
2019-11-01,AMD.US,buy,40.0239,115.04,signal,0.0,0,0.0,0.0
2020-04-13,AMD.US,sell,48.4215,115.04,target_rebalance,966.069,164,73.8705839669218,20.98
2019-10-03,ASML.US,buy,240.5319,14.48,signal,0.0,0,0.0,0.0
2020-04-13,ASML.US,sell,258.8906,14.48,target_rebalance,265.8334,193,91.21725364421177,7.63
2019-11-01,AMD.US,buy,40.0239,189.62,signal,0.0,0,0.0,0.0
2020-04-14,AMD.US,sell,52.1878,189.62,target_rebalance,2306.5205,165,74.8705839669218,30.39
2019-11-01,AMD.US,buy,40.0239,227.28,signal,0.0,0,0.0,0.0
2020-04-15,AMD.US,sell,53.6763,227.28,target_rebalance,3102.9213,166,75.8705839669218,34.11
2020-04-03,NVDA.US,buy,6.3387,476.68,signal,0.0,0,0.0,0.0
2020-04-15,NVDA.US,sell,6.888,476.68,target_rebalance,261.8603,12,6.852539909736494,8.67
2019-11-01,AMD.US,buy,40.0239,55.09,signal,0.0,0,0.0,0.0
2020-04-16,AMD.US,sell,55.904,55.09,target_rebalance,874.8395,167,76.8705839669218,39.68
2019-10-03,ASML.US,buy,241.4689,16.05,signal,0.0,0,0.0,0.0
2020-04-16,ASML.US,sell,273.0009,16.05,target_rebalance,506.0882,196,90.31509414947351,13.06
2020-04-03,NVDA.US,buy,6.3387,78.02,signal,0.0,0,0.0,0.0
2020-04-16,NVDA.US,sell,7.1335,78.02,target_rebalance,62.0138,13,7.852539909736494,12.54
2019-10-03,ASML.US,buy,241.4689,10.37,signal,0.0,0,0.0,0.0
2020-04-17,ASML.US,sell,283.7577,10.37,target_rebalance,438.5351,197,91.31509414947348,17.51
2020-04-03,NVDA.US,buy,6.3387,315.34,signal,0.0,0,0.0,0.0
2020-04-17,NVDA.US,sell,7.4049,315.34,target_rebalance,336.2123,14,8.852539909736494,16.82
2019-11-01,AMD.US,buy,40.1232,12.11,signal,0.0,0,0.0,0.0
2020-04-20,AMD.US,sell,55.924,12.11,target_rebalance,191.3479,171,78.42552642841612,39.38
2019-06-05,LRCX.US,buy,20.2084,124.51,signal,0.0,0,0.0,0.0
2020-04-20,LRCX.US,sell,25.5116,124.51,target_rebalance,660.3091,320,136.1040447701945,26.24
2019-11-01,AMD.US,buy,40.1232,243.69,signal,0.0,0,0.0,0.0
2020-04-21,AMD.US,sell,56.8431,243.69,target_rebalance,4074.4715,172,79.42552642841613,41.67
2019-10-03,ASML.US,buy,241.6926,45.18,signal,0.0,0,0.0,0.0
2020-04-22,ASML.US,sell,273.161,45.18,target_rebalance,1421.7451,202,93.63241851158547,13.02
2019-06-05,LRCX.US,buy,20.345,332.53,signal,0.0,0,0.0,0.0
2020-04-23,LRCX.US,sell,25.121,332.53,target_rebalance,1588.1648,323,134.58337135875965,23.48
2020-04-03,NVDA.US,buy,6.3472,312.26,signal,0.0,0,0.0,0.0
2020-04-23,NVDA.US,sell,7.1524,312.26,target_rebalance,251.4324,20,12.733866593240068,12.69
2019-10-03,ASML.US,buy,242.5157,15.97,signal,0.0,0,0.0,0.0
2020-04-24,ASML.US,sell,274.44,15.97,target_rebalance,509.8308,204,93.26493691951096,13.16
2019-06-05,LRCX.US,buy,20.345,163.57,signal,0.0,0,0.0,0.0
2020-04-24,LRCX.US,sell,25.0911,163.57,target_rebalance,776.3204,324,135.58337135875968,23.33
2019-11-01,AMD.US,buy,40.6206,116.34,signal,0.0,0,0.0,0.0
2020-04-27,AMD.US,sell,57.3826,116.34,target_rebalance,1950.082,178,80.71395354728176,41.26
2020-04-03,NVDA.US,buy,6.3489,771.9,signal,0.0,0,0.0,0.0
2020-04-27,NVDA.US,sell,7.3301,771.9,target_rebalance,757.3462,24,14.700734972828789,15.45
2019-10-03,ASML.US,buy,242.8617,3.5,signal,0.0,0,0.0,0.0
2020-04-28,ASML.US,sell,281.7296,3.5,target_rebalance,136.0376,208,94.36320431862208,16.0
2020-04-03,NVDA.US,buy,6.3489,1109.85,signal,0.0,0,0.0,0.0
2020-04-28,NVDA.US,sell,7.5291,1109.85,target_rebalance,1309.8246,25,15.700734972828787,18.59
2019-10-03,ASML.US,buy,242.8617,24.89,signal,0.0,0,0.0,0.0
2020-04-29,ASML.US,sell,280.5083,24.89,target_rebalance,937.0233,209,95.36320431862208,15.5
2019-06-05,LRCX.US,buy,20.4691,171.05,signal,0.0,0,0.0,0.0
2020-04-29,LRCX.US,sell,25.0416,171.05,target_rebalance,782.13,329,135.15416148652918,22.34
2019-10-03,ASML.US,buy,242.8617,18.52,signal,0.0,0,0.0,0.0
2020-04-30,ASML.US,sell,285.2987,18.52,target_rebalance,785.9327,210,96.3632043186221,17.47
2019-06-05,LRCX.US,buy,20.4691,363.45,signal,0.0,0,0.0,0.0
2020-04-30,LRCX.US,sell,25.6957,363.45,target_rebalance,1899.6041,330,136.15416148652918,25.53
2019-11-01,AMD.US,buy,41.4945,129.73,signal,0.0,0,0.0,0.0
2020-05-01,AMD.US,sell,51.0189,129.73,target_rebalance,1235.6038,182,79.52826251908434,22.95
2019-10-03,ASML.US,buy,242.8617,4.51,signal,0.0,0,0.0,0.0
2020-05-01,ASML.US,sell,268.7313,4.51,target_rebalance,116.6719,211,97.3632043186221,10.65
2020-04-03,NVDA.US,buy,6.355,1183.37,signal,0.0,0,0.0,0.0
2020-05-01,NVDA.US,sell,7.0657,1183.37,target_rebalance,841.0429,28,18.5967532448146,11.18
2019-11-01,AMD.US,buy,41.4945,9.59,signal,0.0,0,0.0,0.0
2020-05-04,AMD.US,sell,49.7702,9.59,target_rebalance,79.3637,185,80.52826251908435,19.94
2019-10-03,ASML.US,buy,242.8617,16.95,signal,0.0,0,0.0,0.0
2020-05-04,ASML.US,sell,264.6984,16.95,target_rebalance,370.1309,214,98.3632043186221,8.99
2020-04-03,NVDA.US,buy,6.355,813.18,signal,0.0,0,0.0,0.0
2020-05-04,NVDA.US,sell,6.9794,813.18,target_rebalance,507.8253,31,19.5967532448146,9.83
2019-11-01,AMD.US,buy,41.4945,235.5,signal,0.0,0,0.0,0.0
2020-05-05,AMD.US,sell,53.3766,235.5,target_rebalance,2798.2268,186,81.52826251908434,28.64
2019-06-05,LRCX.US,buy,20.6173,18840.8,signal,0.0,0,0.0,0.0
2020-05-05,LRCX.US,sell,22.4823,18840.8,signal,35138.6463,335,129.73740089772863,9.05
2020-04-03,NVDA.US,buy,6.355,558.73,signal,0.0,0,0.0,0.0
2020-05-05,NVDA.US,sell,7.342,558.73,target_rebalance,551.4854,32,20.596753244814597,15.53
2019-10-03,ASML.US,buy,243.4557,42.79,signal,0.0,0,0.0,0.0
2020-05-06,ASML.US,sell,278.2268,42.79,target_rebalance,1487.8551,216,98.16538034551506,14.28
2020-04-03,NVDA.US,buy,6.355,62.19,signal,0.0,0,0.0,0.0
2020-05-06,NVDA.US,sell,7.3783,62.19,target_rebalance,63.6399,33,21.5967532448146,16.1
2020-04-03,NVDA.US,buy,6.355,375.04,signal,0.0,0,0.0,0.0
2020-05-07,NVDA.US,sell,7.5385,375.04,target_rebalance,443.8912,34,22.5967532448146,18.62
2019-10-03,ASML.US,buy,243.4557,9.25,signal,0.0,0,0.0,0.0
2020-05-08,ASML.US,sell,284.2195,9.25,target_rebalance,377.0649,218,100.16538034551508,16.74
2020-04-03,NVDA.US,buy,6.355,809.93,signal,0.0,0,0.0,0.0
2020-05-08,NVDA.US,sell,7.6471,809.93,target_rebalance,1046.5682,35,23.596753244814597,20.33
2019-11-01,AMD.US,buy,41.9389,54.17,signal,0.0,0,0.0,0.0
2020-05-11,AMD.US,sell,52.8471,54.17,target_rebalance,590.8996,192,82.142253725243,26.01
2020-04-03,NVDA.US,buy,6.355,506.21,signal,0.0,0,0.0,0.0
2020-05-11,NVDA.US,sell,7.7602,506.21,target_rebalance,711.3434,38,24.5967532448146,22.11
2019-11-01,AMD.US,buy,41.9389,245.75,signal,0.0,0,0.0,0.0
2020-05-12,AMD.US,sell,56.1538,245.75,target_rebalance,3493.3196,193,83.142253725243,33.89
2020-04-03,NVDA.US,buy,6.355,502.29,signal,0.0,0,0.0,0.0
2020-05-12,NVDA.US,sell,8.0743,502.29,target_rebalance,863.5963,39,25.596753244814597,27.05
2019-10-03,ASML.US,buy,244.202,0.57,signal,0.0,0,0.0,0.0
2020-05-13,ASML.US,sell,282.5817,0.57,target_rebalance,21.8764,223,101.39584342147,15.72
2020-05-05,TSM.US,buy,47.0292,88.07,signal,0.0,0,0.0,0.0
2020-05-13,TSM.US,sell,46.6506,88.07,target_rebalance,-33.3473,8,5.806249263845183,-0.81
2020-04-03,NVDA.US,buy,6.355,1051.39,signal,0.0,0,0.0,0.0
2020-05-14,NVDA.US,sell,7.7942,1051.39,target_rebalance,1513.2406,41,27.5967532448146,22.65
2020-05-05,TSM.US,buy,47.0292,0.29,signal,0.0,0,0.0,0.0
2020-05-14,TSM.US,sell,45.3205,0.29,target_rebalance,-0.4955,9,6.806249263845183,-3.63
2019-11-01,AMD.US,buy,42.1623,62.69,signal,0.0,0,0.0,0.0
2020-05-15,AMD.US,sell,53.2667,62.69,target_rebalance,696.1338,196,84.48611387232133,26.34
2019-10-03,ASML.US,buy,244.5053,11.39,signal,0.0,0,0.0,0.0
2020-05-15,ASML.US,sell,277.1476,11.39,target_rebalance,371.7951,225,102.25634098921202,13.35
2020-04-03,NVDA.US,buy,6.3631,3365.61,signal,0.0,0,0.0,0.0
2020-05-18,NVDA.US,sell,8.7074,3365.61,target_rebalance,7890.0873,45,29.44198819153196,36.84
2019-10-03,ASML.US,buy,245.3104,21.04,signal,0.0,0,0.0,0.0
2020-05-19,ASML.US,sell,287.6277,21.04,target_rebalance,890.3549,229,102.06196333725305,17.25
2020-05-05,TSM.US,buy,46.979,7.85,signal,0.0,0,0.0,0.0
2020-05-19,TSM.US,sell,46.1473,7.85,target_rebalance,-6.5284,14,9.455374720109813,-1.77
2019-11-01,AMD.US,buy,42.4528,75.29,signal,0.0,0,0.0,0.0
2020-05-20,AMD.US,sell,56.4934,75.29,target_rebalance,1057.1226,201,85.4788995897177,33.07
2019-10-03,ASML.US,buy,245.3104,29.02,signal,0.0,0,0.0,0.0
2020-05-20,ASML.US,sell,301.2792,29.02,target_rebalance,1624.2132,230,103.06196333725303,22.82
2019-10-03,ASML.US,buy,245.3104,8.61,signal,0.0,0,0.0,0.0
2020-05-21,ASML.US,sell,305.4067,8.61,target_rebalance,517.4294,231,104.06196333725305,24.5
2019-10-03,ASML.US,buy,245.3104,7.99,signal,0.0,0,0.0,0.0
2020-05-22,ASML.US,sell,299.13,7.99,target_rebalance,430.0182,232,105.06196333725303,21.94
2020-05-05,TSM.US,buy,46.9677,14.22,signal,0.0,0,0.0,0.0
2020-05-22,TSM.US,sell,45.689,14.22,target_rebalance,-18.1828,17,12.233338155939357,-2.72
2020-04-03,NVDA.US,buy,6.3801,705.55,signal,0.0,0,0.0,0.0
2020-05-26,NVDA.US,sell,9.1013,705.55,target_rebalance,1919.9146,53,34.23518221375579,42.65
2019-10-03,ASML.US,buy,245.3104,28.24,signal,0.0,0,0.0,0.0
2020-05-27,ASML.US,sell,301.989,28.24,target_rebalance,1600.6044,237,107.06196333725305,23.1
2020-05-05,TSM.US,buy,46.9592,238.76,signal,0.0,0,0.0,0.0
2020-05-27,TSM.US,sell,45.8597,238.76,target_rebalance,-262.5138,22,14.088996751070702,-2.34
2019-10-03,ASML.US,buy,245.3104,21.24,signal,0.0,0,0.0,0.0
2020-05-28,ASML.US,sell,304.1382,21.24,target_rebalance,1249.5015,238,108.06196333725303,23.98
2020-05-05,TSM.US,buy,46.9592,152.64,signal,0.0,0,0.0,0.0
2020-05-28,TSM.US,sell,46.2462,152.64,target_rebalance,-108.8419,23,15.088996751070704,-1.52
2019-10-03,ASML.US,buy,245.3104,17.53,signal,0.0,0,0.0,0.0
2020-05-29,ASML.US,sell,308.1048,17.53,target_rebalance,1100.7864,239,109.06196333725303,25.6
2020-04-03,NVDA.US,buy,6.4732,733.24,signal,0.0,0,0.0,0.0
2020-05-29,NVDA.US,sell,8.5027,733.24,target_rebalance,1488.0559,56,35.67225072875758,31.35
2019-11-01,AMD.US,buy,42.9671,53.08,signal,0.0,0,0.0,0.0
2020-06-01,AMD.US,sell,53.2567,53.08,target_rebalance,546.1736,213,88.30388438057753,23.95
2020-04-03,NVDA.US,buy,6.4732,882.27,signal,0.0,0,0.0,0.0
2020-06-01,NVDA.US,sell,8.7797,882.27,target_rebalance,2034.9424,59,36.67225072875758,35.63
2019-10-03,ASML.US,buy,246.4316,20.42,signal,0.0,0,0.0,0.0
2020-06-02,ASML.US,sell,314.0122,20.42,target_rebalance,1379.9963,243,109.06908989746057,27.42
2020-05-05,TSM.US,buy,46.9206,4.01,signal,0.0,0,0.0,0.0
2020-06-02,TSM.US,sell,46.2372,4.01,target_rebalance,-2.7406,28,17.682397766949016,-1.46
2019-10-03,ASML.US,buy,246.4316,18.57,signal,0.0,0,0.0,0.0
2020-06-03,ASML.US,sell,322.3622,18.57,target_rebalance,1410.0302,244,110.06908989746056,30.81
2020-05-05,TSM.US,buy,46.9206,92.46,signal,0.0,0,0.0,0.0
2020-06-03,TSM.US,sell,47.3066,92.46,target_rebalance,35.6887,29,18.682397766949016,0.82
2019-10-03,ASML.US,buy,246.4316,30.73,signal,0.0,0,0.0,0.0
2020-06-04,ASML.US,sell,329.311,30.73,target_rebalance,2546.8828,245,111.06908989746056,33.63
2020-05-05,TSM.US,buy,46.9206,77.82,signal,0.0,0,0.0,0.0
2020-06-04,TSM.US,sell,47.6841,77.82,target_rebalance,59.4109,30,19.682397766949016,1.63
2019-10-03,ASML.US,buy,246.4316,12.46,signal,0.0,0,0.0,0.0
2020-06-05,ASML.US,sell,339.8667,12.46,target_rebalance,1164.2015,246,112.06908989746057,37.92
2020-05-05,TSM.US,buy,46.9206,216.77,signal,0.0,0,0.0,0.0
2020-06-05,TSM.US,sell,49.8768,216.77,target_rebalance,640.8199,31,20.682397766949013,6.3
2019-11-01,AMD.US,buy,43.447,41.3,signal,0.0,0,0.0,0.0
2020-06-08,AMD.US,sell,53.2467,41.3,target_rebalance,404.729,220,88.96115071300912,22.56
2020-04-03,NVDA.US,buy,6.5772,443.48,signal,0.0,0,0.0,0.0
2020-06-08,NVDA.US,sell,8.8275,443.48,target_rebalance,997.9602,66,39.878198862440534,34.21
2020-05-05,TSM.US,buy,46.9206,48.56,signal,0.0,0,0.0,0.0
2020-06-08,TSM.US,sell,50.0925,48.56,target_rebalance,154.0279,34,21.682397766949016,6.76
2019-11-01,AMD.US,buy,43.447,20.89,signal,0.0,0,0.0,0.0
2020-06-09,AMD.US,sell,52.8971,20.89,target_rebalance,197.4123,221,89.96115071300909,21.75
2020-04-03,NVDA.US,buy,6.5772,8.52,signal,0.0,0,0.0,0.0
2020-06-09,NVDA.US,sell,8.7507,8.52,target_rebalance,18.518,67,40.87819886244054,33.05
2020-05-05,TSM.US,buy,46.9206,7.61,signal,0.0,0,0.0,0.0
2020-06-09,TSM.US,sell,49.6881,7.61,target_rebalance,21.0607,35,22.68239776694902,5.9
2019-11-01,AMD.US,buy,43.447,335.2,signal,0.0,0,0.0,0.0
2020-06-10,AMD.US,sell,57.1428,335.2,target_rebalance,4590.8436,222,90.9611507130091,31.52
2020-04-03,NVDA.US,buy,6.5772,82.15,signal,0.0,0,0.0,0.0
2020-06-10,NVDA.US,sell,9.1164,82.15,target_rebalance,208.5923,68,41.878198862440534,38.61
2020-04-03,NVDA.US,buy,6.5772,813.21,signal,0.0,0,0.0,0.0
2020-06-11,NVDA.US,sell,9.0987,813.21,target_rebalance,2050.5181,69,42.87819886244054,38.34
2019-10-03,ASML.US,buy,251.4113,13.65,signal,0.0,0,0.0,0.0
2020-06-12,ASML.US,sell,327.8057,13.65,target_rebalance,1042.784,253,110.3378978276512,30.39
2020-05-05,TSM.US,buy,46.9643,68.86,signal,0.0,0,0.0,0.0
2020-06-12,TSM.US,sell,50.7755,68.86,target_rebalance,262.4378,38,25.43686293704896,8.12
2019-10-03,ASML.US,buy,251.4113,14.05,signal,0.0,0,0.0,0.0
2020-06-15,ASML.US,sell,319.5221,14.05,target_rebalance,956.957,256,111.3378978276512,27.09
2020-05-05,TSM.US,buy,46.9643,27.31,signal,0.0,0,0.0,0.0
2020-06-15,TSM.US,sell,49.1669,27.31,target_rebalance,60.1514,41,26.43686293704896,4.69
2019-11-01,AMD.US,buy,43.7993,108.48,signal,0.0,0,0.0,0.0
2020-06-16,AMD.US,sell,55.6643,108.48,target_rebalance,1287.1131,228,91.96248769348635,27.09
2019-10-03,ASML.US,buy,251.5726,41.52,signal,0.0,0,0.0,0.0
2020-06-17,ASML.US,sell,342.1199,41.52,target_rebalance,3759.5224,258,113.11625990872763,35.99
2020-04-03,NVDA.US,buy,6.6047,429.84,signal,0.0,0,0.0,0.0
2020-06-18,NVDA.US,sell,9.1753,429.84,target_rebalance,1104.9399,76,47.353766785018514,38.92
2020-05-05,TSM.US,buy,47.0174,10.47,signal,0.0,0,0.0,0.0
2020-06-18,TSM.US,sell,50.7386,10.47,target_rebalance,38.961,44,29.050270214901097,7.91
2019-10-03,ASML.US,buy,252.0556,10.53,signal,0.0,0,0.0,0.0
2020-06-19,ASML.US,sell,345.2914,10.53,target_rebalance,981.7726,260,114.50062226820002,36.99
2020-05-05,TSM.US,buy,47.0174,28.11,signal,0.0,0,0.0,0.0
2020-06-19,TSM.US,sell,51.137,28.11,target_rebalance,115.8011,45,30.050270214901094,8.76
2019-11-01,AMD.US,buy,44.0917,54.21,signal,0.0,0,0.0,0.0
2020-06-22,AMD.US,sell,54.6153,54.21,target_rebalance,570.4883,234,93.44314678194887,23.87
2020-04-03,NVDA.US,buy,6.608,397.63,signal,0.0,0,0.0,0.0
2020-06-22,NVDA.US,sell,9.2479,397.63,target_rebalance,1049.7055,80,49.293047607944295,39.95
2019-10-03,ASML.US,buy,252.1726,2.22,signal,0.0,0,0.0,0.0
2020-06-23,ASML.US,sell,350.858,2.22,target_rebalance,219.0816,264,116.35331434210764,39.13
2020-04-03,NVDA.US,buy,6.608,412.17,signal,0.0,0,0.0,0.0
2020-06-23,NVDA.US,sell,9.4975,412.17,target_rebalance,1190.9641,81,50.2930476079443,43.73
2020-04-03,NVDA.US,buy,6.608,115.46,signal,0.0,0,0.0,0.0
2020-06-24,NVDA.US,sell,9.4231,115.46,target_rebalance,325.0392,82,51.293047607944295,42.6
2020-05-05,TSM.US,buy,47.0582,104.64,signal,0.0,0,0.0,0.0
2020-06-24,TSM.US,sell,51.3453,104.64,target_rebalance,448.5931,50,32.67015096370813,9.11
2019-10-03,ASML.US,buy,252.3247,2.53,signal,0.0,0,0.0,0.0
2020-06-25,ASML.US,sell,343.1518,2.53,target_rebalance,229.7925,266,118.16461203459885,36.0
2020-05-05,TSM.US,buy,47.0582,93.82,signal,0.0,0,0.0,0.0
2020-06-25,TSM.US,sell,51.2095,93.82,target_rebalance,389.4661,51,33.67015096370813,8.82
2019-10-03,ASML.US,buy,252.3247,11.21,signal,0.0,0,0.0,0.0
2020-06-26,ASML.US,sell,347.8474,11.21,target_rebalance,1070.8092,267,119.16461203459886,37.86
2020-04-03,NVDA.US,buy,6.608,478.57,signal,0.0,0,0.0,0.0
2020-06-26,NVDA.US,sell,9.4467,478.57,target_rebalance,1358.5565,84,53.293047607944295,42.96
2020-05-05,TSM.US,buy,47.0582,19.06,signal,0.0,0,0.0,0.0
2020-06-26,TSM.US,sell,51.6078,19.06,target_rebalance,86.7151,52,34.67015096370813,9.67
2019-10-03,ASML.US,buy,252.3247,15.03,signal,0.0,0,0.0,0.0
2020-06-29,ASML.US,sell,343.5873,15.03,target_rebalance,1371.6763,270,120.16461203459885,36.17
2020-05-05,TSM.US,buy,47.0582,107.71,signal,0.0,0,0.0,0.0
2020-06-29,TSM.US,sell,51.0103,107.71,target_rebalance,425.6718,55,35.67015096370814,8.4
2019-11-01,AMD.US,buy,44.6164,96.23,signal,0.0,0,0.0,0.0
2020-06-30,AMD.US,sell,51.1088,96.23,target_rebalance,624.7714,242,93.47654249901333,14.55
2020-04-03,NVDA.US,buy,6.6343,300.25,signal,0.0,0,0.0,0.0
2020-06-30,NVDA.US,sell,9.2618,300.25,target_rebalance,788.889,88,54.726465610950555,39.6
2019-11-01,AMD.US,buy,44.6164,83.76,signal,0.0,0,0.0,0.0
2020-07-01,AMD.US,sell,52.5774,83.76,target_rebalance,666.8144,243,94.47654249901335,17.84
2020-04-03,NVDA.US,buy,6.6343,127.07,signal,0.0,0,0.0,0.0
2020-07-01,NVDA.US,sell,9.4674,127.07,target_rebalance,359.9931,89,55.726465610950555,42.7
2019-10-03,ASML.US,buy,253.3925,0.11,signal,0.0,0,0.0,0.0
2020-07-02,ASML.US,sell,353.6507,0.11,target_rebalance,11.0284,273,121.77013971497345,39.57
2020-05-05,TSM.US,buy,47.1194,21.39,signal,0.0,0,0.0,0.0
2020-07-02,TSM.US,sell,52.468,21.39,target_rebalance,114.4057,58,38.13995270724153,11.35
2019-10-03,ASML.US,buy,253.3925,16.54,signal,0.0,0,0.0,0.0
2020-07-06,ASML.US,sell,365.6929,16.54,target_rebalance,1857.4477,277,122.77013971497345,44.32
2020-05-05,TSM.US,buy,47.1194,9640.94,signal,0.0,0,0.0,0.0
2020-07-06,TSM.US,sell,54.9306,9640.94,signal,75307.748,62,39.13995270724152,16.58
2020-04-03,NVDA.US,buy,6.6641,599.8,signal,0.0,0,0.0,0.0
2020-07-07,NVDA.US,sell,9.8905,599.8,target_rebalance,1935.1575,95,58.16641085013452,48.41
2019-10-03,ASML.US,buy,254.2572,6.04,signal,0.0,0,0.0,0.0
2020-07-08,ASML.US,sell,368.107,6.04,target_rebalance,687.6529,279,123.81631095960745,44.78
2020-04-03,NVDA.US,buy,6.6641,113.15,signal,0.0,0,0.0,0.0
2020-07-08,NVDA.US,sell,9.9377,113.15,target_rebalance,370.4049,96,59.16641085013452,49.12
2020-04-03,NVDA.US,buy,6.6641,966.58,signal,0.0,0,0.0,0.0
2020-07-09,NVDA.US,sell,10.3221,966.58,target_rebalance,3535.6577,97,60.16641085013451,54.89
2019-11-01,AMD.US,buy,44.9936,452.21,signal,0.0,0,0.0,0.0
2020-07-10,AMD.US,sell,57.4825,452.21,target_rebalance,5647.6042,252,96.15537187367286,27.76
2020-07-06,LRCX.US,buy,31.0386,339.97,signal,0.0,0,0.0,0.0
2020-07-13,LRCX.US,sell,32.1766,339.97,target_rebalance,386.8901,7,4.860537369088627,3.67
2019-10-03,ASML.US,buy,256.6847,12.99,signal,0.0,0,0.0,0.0
2020-07-14,ASML.US,sell,366.0242,12.99,target_rebalance,1420.3205,285,125.34823438291832,42.6
2020-07-06,LRCX.US,buy,31.0386,323.42,signal,0.0,0,0.0,0.0
2020-07-14,LRCX.US,sell,31.5265,323.42,target_rebalance,157.7994,8,5.860537369088628,1.57
2019-11-01,AMD.US,buy,45.3402,44.15,signal,0.0,0,0.0,0.0
2020-07-15,AMD.US,sell,54.905,44.15,target_rebalance,422.2886,257,95.66149055347908,21.1
2020-07-06,LRCX.US,buy,31.0386,133.25,signal,0.0,0,0.0,0.0
2020-07-15,LRCX.US,sell,32.5584,133.25,target_rebalance,202.5158,9,6.860537369088628,4.9
2020-04-03,NVDA.US,buy,6.711,361.96,signal,0.0,0,0.0,0.0
2020-07-15,NVDA.US,sell,10.3559,361.96,target_rebalance,1319.2779,103,63.32068972512978,54.31
2019-11-01,AMD.US,buy,45.3402,185.83,signal,0.0,0,0.0,0.0
2020-07-16,AMD.US,sell,54.6253,185.83,target_rebalance,1725.4578,258,96.6614905534791,20.48
2020-07-06,LRCX.US,buy,31.0386,73.76,signal,0.0,0,0.0,0.0
2020-07-16,LRCX.US,sell,31.9205,73.76,target_rebalance,65.0503,10,7.860537369088626,2.84
2019-10-03,ASML.US,buy,259.9205,10.32,signal,0.0,0,0.0,0.0
2020-07-17,ASML.US,sell,364.8882,10.32,target_rebalance,1083.2663,288,124.49914433527334,40.38
2020-07-06,LRCX.US,buy,31.0386,20.13,signal,0.0,0,0.0,0.0
2020-07-17,LRCX.US,sell,32.6325,20.13,target_rebalance,32.0859,11,8.860537369088629,5.14
2020-04-03,NVDA.US,buy,6.7528,212.57,signal,0.0,0,0.0,0.0
2020-07-20,NVDA.US,sell,10.2166,212.57,target_rebalance,736.3063,108,65.49855782329688,51.29
2019-11-01,AMD.US,buy,45.4154,130.58,signal,0.0,0,0.0,0.0
2020-07-21,AMD.US,sell,57.7522,130.58,target_rebalance,1610.9357,263,98.9282532988129,27.16
2019-10-03,ASML.US,buy,260.9772,5.52,signal,0.0,0,0.0,0.0
2020-07-22,ASML.US,sell,371.6949,5.52,target_rebalance,611.1617,293,126.30114669714543,42.42
2020-07-06,LRCX.US,buy,31.0406,183.67,signal,0.0,0,0.0,0.0
2020-07-22,LRCX.US,sell,33.7686,183.67,target_rebalance,501.0545,16,11.847842823999294,8.79
2019-11-01,AMD.US,buy,45.4899,521.02,signal,0.0,0,0.0,0.0
2020-07-23,AMD.US,sell,61.5684,521.02,target_rebalance,8377.2213,265,100.2930211606056,35.35
2019-11-01,AMD.US,buy,45.4899,584.12,signal,0.0,0,0.0,0.0
2020-07-24,AMD.US,sell,64.1158,584.12,target_rebalance,10879.7909,266,101.29302116060562,40.95
2019-11-01,AMD.US,buy,45.4899,345.9,signal,0.0,0,0.0,0.0
2020-07-27,AMD.US,sell,69.2107,345.9,target_rebalance,8205.0421,269,102.2930211606056,52.15
2020-07-06,LRCX.US,buy,31.1533,208.18,signal,0.0,0,0.0,0.0
2020-07-28,LRCX.US,sell,33.2658,208.18,target_rebalance,439.7739,22,15.013871277228612,6.78
2020-04-03,NVDA.US,buy,6.936,334.51,signal,0.0,0,0.0,0.0
2020-07-28,NVDA.US,sell,10.3161,334.51,target_rebalance,1130.6816,116,67.72587400878149,48.73
2019-11-01,AMD.US,buy,45.9721,688.93,signal,0.0,0,0.0,0.0
2020-07-29,AMD.US,sell,75.4245,688.93,target_rebalance,20290.6188,271,102.09643861800052,64.07
2020-07-06,LRCX.US,buy,31.1918,643.42,signal,0.0,0,0.0,0.0
2020-07-30,LRCX.US,sell,34.5012,643.42,target_rebalance,2129.3503,24,16.696487311618295,10.61
2019-11-01,AMD.US,buy,46.0805,104.88,signal,0.0,0,0.0,0.0
2020-07-31,AMD.US,sell,78.5913,104.88,target_rebalance,3409.7386,273,103.71747424460351,70.55
2020-07-06,LRCX.US,buy,31.1918,74.23,signal,0.0,0,0.0,0.0
2020-07-31,LRCX.US,sell,35.6063,74.23,target_rebalance,327.6888,25,17.696487311618295,14.15
2020-07-06,LRCX.US,buy,31.1918,10.86,signal,0.0,0,0.0,0.0
2020-08-03,LRCX.US,sell,35.7226,10.86,target_rebalance,49.2048,28,18.696487311618295,14.53
2020-04-03,NVDA.US,buy,7.0249,634.46,signal,0.0,0,0.0,0.0
2020-08-03,NVDA.US,sell,10.6723,634.46,target_rebalance,2314.1625,122,69.94402592410276,51.92
2019-10-03,ASML.US,buy,274.4374,9.74,signal,0.0,0,0.0,0.0
2020-08-04,ASML.US,sell,348.7941,9.74,target_rebalance,724.2345,306,115.4363863553298,27.09
2020-04-03,NVDA.US,buy,7.0249,911.89,signal,0.0,0,0.0,0.0
2020-08-04,NVDA.US,sell,10.988,911.89,target_rebalance,3613.9759,123,70.94402592410277,56.42
2019-11-01,AMD.US,buy,46.7624,406.2,signal,0.0,0,0.0,0.0
2020-08-05,AMD.US,sell,84.875,406.2,target_rebalance,15481.3461,278,104.47658749909891,81.5
2019-11-01,AMD.US,buy,46.7624,67.32,signal,0.0,0,0.0,0.0
2020-08-06,AMD.US,sell,85.4045,67.32,target_rebalance,2601.3854,279,105.47658749909893,82.63
2020-04-03,NVDA.US,buy,7.0654,572.78,signal,0.0,0,0.0,0.0
2020-08-06,NVDA.US,sell,11.2861,572.78,target_rebalance,2417.527,125,72.24583819113401,59.74
2019-11-01,AMD.US,buy,46.7624,60.86,signal,0.0,0,0.0,0.0
2020-08-07,AMD.US,sell,86.5833,60.86,target_rebalance,2423.5005,280,106.47658749909893,85.16
2020-04-03,NVDA.US,buy,7.093,661.65,signal,0.0,0,0.0,0.0
2020-08-10,NVDA.US,sell,11.2707,661.65,target_rebalance,2764.1643,129,73.76531467639523,58.9
2019-10-03,ASML.US,buy,276.5011,26.12,signal,0.0,0,0.0,0.0
2020-08-11,ASML.US,sell,346.5315,26.12,target_rebalance,1829.1934,313,117.28413927057335,25.33
2020-07-06,LRCX.US,buy,31.4256,492.19,signal,0.0,0,0.0,0.0
2020-08-11,LRCX.US,sell,35.5406,492.19,target_rebalance,2025.4007,36,23.61873182307499,13.09
2019-10-03,ASML.US,buy,276.5011,25.16,signal,0.0,0,0.0,0.0
2020-08-12,ASML.US,sell,347.0522,25.16,target_rebalance,1775.0654,314,118.28413927057332,25.52
2020-04-03,NVDA.US,buy,7.1243,187.93,signal,0.0,0,0.0,0.0
2020-08-12,NVDA.US,sell,10.9291,187.93,target_rebalance,715.0358,131,75.17126956543945,53.41
2019-11-01,AMD.US,buy,48.7145,116.98,signal,0.0,0,0.0,0.0
2020-08-13,AMD.US,sell,82.7971,116.98,target_rebalance,3986.9889,286,104.19149833141061,69.96
2020-04-03,NVDA.US,buy,7.1243,628.88,signal,0.0,0,0.0,0.0
2020-08-13,NVDA.US,sell,11.4813,628.88,target_rebalance,2739.9893,132,76.17126956543945,61.16
2020-07-06,LRCX.US,buy,31.5077,55.62,signal,0.0,0,0.0,0.0
2020-08-14,LRCX.US,sell,35.5538,55.62,target_rebalance,225.0436,39,26.119347354447658,12.84
2020-04-03,NVDA.US,buy,7.1243,349.95,signal,0.0,0,0.0,0.0
2020-08-14,NVDA.US,sell,11.4654,349.95,target_rebalance,1519.142,133,77.17126956543945,60.93
2019-10-03,ASML.US,buy,277.7263,5.46,signal,0.0,0,0.0,0.0
2020-08-17,ASML.US,sell,356.5855,5.46,target_rebalance,430.5713,319,119.41411406403597,28.39
2020-04-03,NVDA.US,buy,7.1243,944.58,signal,0.0,0,0.0,0.0
2020-08-17,NVDA.US,sell,11.7848,944.58,target_rebalance,4402.1882,136,78.17126956543945,65.42
2020-04-03,NVDA.US,buy,7.1243,1400.27,signal,0.0,0,0.0,0.0
2020-08-18,NVDA.US,sell,12.3802,1400.27,target_rebalance,7359.6315,137,79.17126956543945,73.77
2019-10-03,ASML.US,buy,277.9173,5.21,signal,0.0,0,0.0,0.0
2020-08-19,ASML.US,sell,360.1168,5.21,target_rebalance,428.2592,321,121.14724063583537,29.58
2020-04-03,NVDA.US,buy,7.1243,51.52,signal,0.0,0,0.0,0.0
2020-08-19,NVDA.US,sell,12.2276,51.52,target_rebalance,262.9183,138,80.17126956543945,71.63
2019-11-01,AMD.US,buy,49.4982,23.88,signal,0.0,0,0.0,0.0
2020-08-20,AMD.US,sell,79.6603,23.88,target_rebalance,720.2691,293,106.72153846981865,60.94
2019-10-03,ASML.US,buy,277.9173,0.73,signal,0.0,0,0.0,0.0
2020-08-20,ASML.US,sell,349.845,0.73,target_rebalance,52.5072,322,122.14724063583537,25.88
2020-04-03,NVDA.US,buy,7.1243,147.32,signal,0.0,0,0.0,0.0
2020-08-20,NVDA.US,sell,11.9079,147.32,target_rebalance,704.7094,139,81.17126956543945,67.14
2019-11-01,AMD.US,buy,49.4982,249.66,signal,0.0,0,0.0,0.0
2020-08-21,AMD.US,sell,83.2067,249.66,target_rebalance,8415.6579,294,107.72153846981865,68.1
2020-04-03,NVDA.US,buy,7.1243,421.69,signal,0.0,0,0.0,0.0
2020-08-21,NVDA.US,sell,12.1333,421.69,target_rebalance,2112.2481,140,82.17126956543946,70.31
2019-10-03,ASML.US,buy,279.1375,11.89,signal,0.0,0,0.0,0.0
2020-08-24,ASML.US,sell,359.9842,11.89,target_rebalance,961.267,326,121.98244308458594,28.96
2020-04-03,NVDA.US,buy,7.1243,1273.39,signal,0.0,0,0.0,0.0
2020-08-24,NVDA.US,sell,12.8115,1273.39,target_rebalance,7242.0033,143,83.17126956543946,79.83
2019-10-03,ASML.US,buy,279.1375,19.24,signal,0.0,0,0.0,0.0
2020-08-25,ASML.US,sell,359.0848,19.24,target_rebalance,1538.1857,327,122.98244308458594,28.64
2019-11-01,AMD.US,buy,49.9446,195.62,signal,0.0,0,0.0,0.0
2020-08-26,AMD.US,sell,86.883,195.62,target_rebalance,7225.9015,299,109.33699827206136,73.96
2019-10-03,ASML.US,buy,279.9466,20.19,signal,0.0,0,0.0,0.0
2020-08-27,ASML.US,sell,366.1094,20.19,target_rebalance,1739.6264,329,123.7503159400587,30.78
2020-07-06,LRCX.US,buy,31.7524,13.97,signal,0.0,0,0.0,0.0
2020-08-27,LRCX.US,sell,33.2892,13.97,target_rebalance,21.4692,52,32.177638239479215,4.84
2020-04-03,NVDA.US,buy,7.1817,656.13,signal,0.0,0,0.0,0.0
2020-08-28,NVDA.US,sell,12.6039,656.13,target_rebalance,3557.6619,147,86.28917356258643,75.5
2020-04-03,NVDA.US,buy,7.1817,1135.16,signal,0.0,0,0.0,0.0
2020-08-31,NVDA.US,sell,13.1088,1135.16,target_rebalance,6728.1967,150,87.28917356258644,82.53
2019-11-01,AMD.US,buy,50.539,373.27,signal,0.0,0,0.0,0.0
2020-09-01,AMD.US,sell,91.8281,373.27,target_rebalance,15411.9741,305,111.49318210415404,81.7
2019-10-03,ASML.US,buy,281.6127,1785.07,signal,0.0,0,0.0,0.0
2020-09-02,ASML.US,sell,374.5728,1785.07,signal,165940.3793,335,125.05241636337833,33.01
2020-04-03,NVDA.US,buy,7.1817,2166.95,signal,0.0,0,0.0,0.0
2020-09-02,NVDA.US,sell,14.6257,2166.95,target_rebalance,16130.6386,152,89.28917356258644,103.65
2020-07-06,LRCX.US,buy,31.7799,1105.06,signal,0.0,0,0.0,0.0
2020-09-03,LRCX.US,sell,33.5181,1105.06,target_rebalance,1920.8234,59,34.481867548058574,5.47
2020-09-02,TSM.US,buy,73.8018,177.53,signal,0.0,0,0.0,0.0
2020-09-03,TSM.US,sell,73.4461,177.53,target_rebalance,-63.1514,1,1.0,-0.48
2020-07-06,LRCX.US,buy,31.7799,1.53,signal,0.0,0,0.0,0.0
2020-09-04,LRCX.US,sell,31.8014,1.53,target_rebalance,0.0329,60,35.48186754805858,0.07
2020-09-02,TSM.US,buy,73.8018,395.4,signal,0.0,0,0.0,0.0
2020-09-04,TSM.US,sell,72.8847,395.4,target_rebalance,-362.6012,2,2.0,-1.24
2019-11-01,AMD.US,buy,53.3986,121.34,signal,0.0,0,0.0,0.0
2020-09-08,AMD.US,sell,77.972,121.34,target_rebalance,2981.7353,312,106.62477417273034,46.02
2020-09-02,TSM.US,buy,73.8018,247.89,signal,0.0,0,0.0,0.0
2020-09-08,TSM.US,sell,70.6393,247.89,target_rebalance,-783.9388,6,3.0,-4.29
2019-11-01,AMD.US,buy,53.3986,118.78,signal,0.0,0,0.0,0.0
2020-09-09,AMD.US,sell,81.3186,118.78,target_rebalance,3316.3424,313,107.62477417273035,52.29
2020-04-03,NVDA.US,buy,7.6478,1341.44,signal,0.0,0,0.0,0.0
2020-09-09,NVDA.US,sell,12.3342,1341.44,target_rebalance,6286.4354,159,85.77696781405822,61.28
2019-11-01,AMD.US,buy,53.3986,19.98,signal,0.0,0,0.0,0.0
2020-09-10,AMD.US,sell,82.9869,19.98,target_rebalance,591.1756,314,108.62477417273034,55.41
2020-04-03,NVDA.US,buy,7.6478,1393.26,signal,0.0,0,0.0,0.0
2020-09-10,NVDA.US,sell,12.9203,1393.26,target_rebalance,7345.8994,160,86.77696781405824,68.94
2020-09-02,TSM.US,buy,73.7612,59.09,signal,0.0,0,0.0,0.0
2020-09-10,TSM.US,sell,73.102,59.09,target_rebalance,-38.949,8,4.934419351759427,-0.89
2020-07-06,LRCX.US,buy,31.5308,253.53,signal,0.0,0,0.0,0.0
2020-09-11,LRCX.US,sell,28.1935,253.53,target_rebalance,-846.1082,67,36.20286180711794,-10.58
2020-09-02,TSM.US,buy,73.7612,128.74,signal,0.0,0,0.0,0.0
2020-09-11,TSM.US,sell,72.4411,128.74,target_rebalance,-169.9474,9,5.934419351759427,-1.79
2020-04-03,NVDA.US,buy,7.7101,1877.71,signal,0.0,0,0.0,0.0
2020-09-14,NVDA.US,sell,13.0116,1877.71,target_rebalance,9954.5212,164,87.63672186722897,68.76
2020-09-02,TSM.US,buy,73.7612,9.63,signal,0.0,0,0.0,0.0
2020-09-14,TSM.US,sell,72.8847,9.63,target_rebalance,-8.4403,12,6.934419351759427,-1.19
2020-07-06,LRCX.US,buy,31.5308,235.91,signal,0.0,0,0.0,0.0
2020-09-15,LRCX.US,sell,29.1381,235.91,target_rebalance,-564.4488,71,38.20286180711794,-7.59
2019-11-01,AMD.US,buy,54.8687,35.36,signal,0.0,0,0.0,0.0
2020-09-16,AMD.US,sell,79.2706,35.36,target_rebalance,862.8541,320,105.90907020492665,44.47
2020-09-02,TSM.US,buy,73.7616,338.69,signal,0.0,0,0.0,0.0
2020-09-16,TSM.US,sell,78.3081,338.69,target_rebalance,1539.8466,14,8.920113785574937,6.16
2019-11-01,AMD.US,buy,54.8687,1.79,signal,0.0,0,0.0,0.0
2020-09-17,AMD.US,sell,74.8051,1.79,target_rebalance,35.6862,321,106.90907020492665,36.33
2020-07-06,LRCX.US,buy,31.5094,110.36,signal,0.0,0,0.0,0.0
2020-09-17,LRCX.US,sell,27.7835,110.36,target_rebalance,-411.1827,73,39.82691572595877,-11.82
2020-07-06,LRCX.US,buy,31.5094,205.7,signal,0.0,0,0.0,0.0
2020-09-18,LRCX.US,sell,28.9177,205.7,target_rebalance,-533.1067,74,40.82691572595877,-8.23
2020-04-03,NVDA.US,buy,7.9429,246.76,signal,0.0,0,0.0,0.0
2020-09-18,NVDA.US,sell,12.5269,246.76,target_rebalance,1131.1362,168,87.51247325857886,57.71
2020-07-06,LRCX.US,buy,31.5094,466.45,signal,0.0,0,0.0,0.0
2020-09-21,LRCX.US,sell,28.6194,466.45,target_rebalance,-1348.0327,77,41.82691572595878,-9.17
2019-11-01,AMD.US,buy,54.9492,92.6,signal,0.0,0,0.0,0.0
2020-09-22,AMD.US,sell,78.2816,92.6,target_rebalance,2160.5832,326,109.4631795990823,42.46
2020-07-06,LRCX.US,buy,31.5094,44.29,signal,0.0,0,0.0,0.0
2020-09-22,LRCX.US,sell,29.8624,44.29,target_rebalance,-72.9461,78,42.82691572595877,-5.23
2020-04-03,NVDA.US,buy,8.0199,526.56,signal,0.0,0,0.0,0.0
2020-09-22,NVDA.US,sell,12.5082,526.56,target_rebalance,2363.4062,172,87.78570141597854,55.97
2020-07-06,LRCX.US,buy,31.5094,325.23,signal,0.0,0,0.0,0.0
2020-09-23,LRCX.US,sell,30.2423,325.23,target_rebalance,-412.0942,79,43.82691572595878,-4.02
2020-04-03,NVDA.US,buy,8.0199,166.76,signal,0.0,0,0.0,0.0
2020-09-23,NVDA.US,sell,12.5087,166.76,target_rebalance,748.5664,173,88.78570141597852,55.97
2020-07-06,LRCX.US,buy,31.5094,174.81,signal,0.0,0,0.0,0.0
2020-09-24,LRCX.US,sell,29.458,174.81,target_rebalance,-358.5932,80,44.82691572595877,-6.51
2020-07-06,LRCX.US,buy,31.5094,146.75,signal,0.0,0,0.0,0.0
2020-09-25,LRCX.US,sell,30.4618,146.75,target_rebalance,-153.7308,81,45.82691572595877,-3.32
2020-04-03,NVDA.US,buy,8.0353,121.17,signal,0.0,0,0.0,0.0
2020-09-25,NVDA.US,sell,12.3814,121.17,target_rebalance,526.6241,175,90.44093312932608,54.09
2019-11-01,AMD.US,buy,55.2026,11.96,signal,0.0,0,0.0,0.0
2020-09-28,AMD.US,sell,79.0409,11.96,target_rebalance,285.1056,332,112.16709391648568,43.18
2020-04-03,NVDA.US,buy,8.0353,696.91,signal,0.0,0,0.0,0.0
2020-09-28,NVDA.US,sell,12.971,696.91,target_rebalance,3439.7818,178,91.44093312932608,61.43
2019-11-01,AMD.US,buy,55.2026,21.33,signal,0.0,0,0.0,0.0
2020-09-29,AMD.US,sell,79.2207,21.33,target_rebalance,512.3056,333,113.16709391648567,43.51
2020-07-06,LRCX.US,buy,31.5059,196.12,signal,0.0,0,0.0,0.0
2020-09-29,LRCX.US,sell,31.4472,196.12,target_rebalance,-11.5096,85,47.37493265705499,-0.19
2019-11-01,AMD.US,buy,55.2026,116.79,signal,0.0,0,0.0,0.0
2020-09-30,AMD.US,sell,81.6683,116.79,target_rebalance,3090.9203,334,114.16709391648567,47.94
2020-04-03,NVDA.US,buy,8.0618,1033.8,signal,0.0,0,0.0,0.0
2020-10-01,NVDA.US,sell,13.685,1033.8,target_rebalance,5813.2301,181,93.93618577285534,69.75
2019-11-01,AMD.US,buy,55.3281,113.49,signal,0.0,0,0.0,0.0
2020-10-02,AMD.US,sell,82.4974,113.49,target_rebalance,3083.4503,336,115.65004833489786,49.11
2020-07-06,LRCX.US,buy,31.5125,20219.65,signal,0.0,0,0.0,0.0
2020-10-02,LRCX.US,sell,31.0169,20219.65,signal,-10020.9067,88,49.388247982486476,-1.57
2020-09-02,TSM.US,buy,73.7316,33.64,signal,0.0,0,0.0,0.0
2020-10-02,TSM.US,sell,73.4522,33.64,target_rebalance,-9.3989,30,19.774376203930004,-0.38
2020-10-02,ASML.US,buy,353.2583,2.41,signal,0.0,0,0.0,0.0
2020-10-05,ASML.US,sell,355.156,2.41,target_rebalance,4.5733,3,1.0,0.54
2020-09-02,TSM.US,buy,73.7316,54.46,signal,0.0,0,0.0,0.0
2020-10-05,TSM.US,sell,74.2166,54.46,target_rebalance,26.4176,33,20.77437620393,0.66
2019-11-01,AMD.US,buy,55.3928,103.84,signal,0.0,0,0.0,0.0
2020-10-06,AMD.US,sell,86.1238,103.84,target_rebalance,3191.1042,340,117.37341929984716,55.48
2020-04-03,NVDA.US,buy,8.1542,674.99,signal,0.0,0,0.0,0.0
2020-10-06,NVDA.US,sell,13.7566,674.99,target_rebalance,3781.5625,186,95.22033436391492,68.71
2020-04-03,NVDA.US,buy,8.1542,301.42,signal,0.0,0,0.0,0.0
2020-10-07,NVDA.US,sell,13.9254,301.42,target_rebalance,1739.5684,187,96.22033436391492,70.78
2020-09-02,TSM.US,buy,73.7316,44.65,signal,0.0,0,0.0,0.0
2020-10-07,TSM.US,sell,77.1562,44.65,target_rebalance,152.9093,35,22.774376203930004,4.64
2019-11-01,AMD.US,buy,55.5497,5.48,signal,0.0,0,0.0,0.0
2020-10-08,AMD.US,sell,88.0219,5.48,target_rebalance,177.9477,342,118.77039319202221,58.46
2020-09-02,TSM.US,buy,73.7316,223.87,signal,0.0,0,0.0,0.0
2020-10-08,TSM.US,sell,80.8693,223.87,target_rebalance,1597.9238,36,23.774376203930004,9.68
2020-10-02,ASML.US,buy,353.3731,59.37,signal,0.0,0,0.0,0.0
2020-10-09,ASML.US,sell,365.2384,59.37,target_rebalance,704.4389,7,4.873723265880547,3.36
2020-09-02,TSM.US,buy,73.7316,38.13,signal,0.0,0,0.0,0.0
2020-10-09,TSM.US,sell,80.396,38.13,target_rebalance,254.1166,37,24.77437620393,9.04
2020-10-02,ASML.US,buy,353.3731,27.99,signal,0.0,0,0.0,0.0
2020-10-12,ASML.US,sell,374.3552,27.99,target_rebalance,587.2872,10,5.873723265880546,5.94
2020-04-03,NVDA.US,buy,8.2936,236.62,signal,0.0,0,0.0,0.0
2020-10-12,NVDA.US,sell,13.9152,236.62,target_rebalance,1330.1865,192,96.84213887988992,67.78
2020-04-03,NVDA.US,buy,8.2936,249.43,signal,0.0,0,0.0,0.0
2020-10-13,NVDA.US,sell,14.2206,249.43,target_rebalance,1478.3671,193,97.84213887988989,71.46
2019-11-01,AMD.US,buy,56.9746,68.1,signal,0.0,0,0.0,0.0
2020-10-14,AMD.US,sell,85.7741,68.1,target_rebalance,1961.2507,348,116.81862442784615,50.55
2020-10-02,ASML.US,buy,353.3731,0.68,signal,0.0,0,0.0,0.0
2020-10-14,ASML.US,sell,381.1809,0.68,target_rebalance,18.9093,12,7.873723265880546,7.87
2019-11-01,AMD.US,buy,56.9746,39.73,signal,0.0,0,0.0,0.0
2020-10-15,AMD.US,sell,83.3166,39.73,target_rebalance,1046.5689,349,117.81862442784613,46.23
2020-09-02,TSM.US,buy,73.8121,44.94,signal,0.0,0,0.0,0.0
2020-10-15,TSM.US,sell,79.4405,44.94,target_rebalance,252.937,43,28.495336699043534,7.63
2020-10-02,ASML.US,buy,353.499,6.38,signal,0.0,0,0.0,0.0
2020-10-16,ASML.US,sell,369.934,6.38,target_rebalance,104.8553,14,9.769296514718055,4.65
2020-04-03,NVDA.US,buy,8.2936,101.68,signal,0.0,0,0.0,0.0
2020-10-16,NVDA.US,sell,13.9622,101.68,target_rebalance,576.3845,196,100.84213887988989,68.35
2020-09-02,TSM.US,buy,73.8121,15.66,signal,0.0,0,0.0,0.0
2020-10-16,TSM.US,sell,80.5871,15.66,target_rebalance,106.0967,44,29.495336699043538,9.18
2019-11-01,AMD.US,buy,57.2071,6.12,signal,0.0,0,0.0,0.0
2020-10-19,AMD.US,sell,83.5364,6.12,target_rebalance,161.1354,353,118.78196246490566,46.02
2020-10-02,ASML.US,buy,353.499,9.82,signal,0.0,0,0.0,0.0
2020-10-19,ASML.US,sell,371.2878,9.82,target_rebalance,174.6856,17,10.769296514718055,5.03
2020-10-02,ASML.US,buy,353.499,2.28,signal,0.0,0,0.0,0.0
2020-10-20,ASML.US,sell,366.204,2.28,target_rebalance,28.9674,18,11.769296514718055,3.59
2020-09-02,TSM.US,buy,73.8121,67.98,signal,0.0,0,0.0,0.0
2020-10-20,TSM.US,sell,79.8955,67.98,target_rebalance,413.5458,48,31.495336699043538,8.24
2020-04-03,NVDA.US,buy,8.3681,86.18,signal,0.0,0,0.0,0.0
2020-10-21,NVDA.US,sell,13.5527,86.18,target_rebalance,446.8045,201,102.42261704496256,61.96
2020-09-02,TSM.US,buy,73.8121,25.56,signal,0.0,0,0.0,0.0
2020-10-21,TSM.US,sell,80.0866,25.56,target_rebalance,160.3756,49,32.49533669904354,8.5
2020-04-03,NVDA.US,buy,8.3681,111.29,signal,0.0,0,0.0,0.0
2020-10-22,NVDA.US,sell,13.4507,111.29,target_rebalance,565.6417,202,103.42261704496255,60.74
2020-09-02,TSM.US,buy,73.8121,120.56,signal,0.0,0,0.0,0.0
2020-10-22,TSM.US,sell,80.487,120.56,target_rebalance,804.7278,50,33.495336699043534,9.04
2019-11-01,AMD.US,buy,57.6859,107.55,signal,0.0,0,0.0,0.0
2020-10-23,AMD.US,sell,80.8491,107.55,target_rebalance,2491.2034,357,120.25724173740527,40.15
2019-11-01,AMD.US,buy,57.6859,182.33,signal,0.0,0,0.0,0.0
2020-10-26,AMD.US,sell,82.4675,182.33,target_rebalance,4518.428,360,121.25724173740527,42.96
2019-11-01,AMD.US,buy,57.6859,0.23,signal,0.0,0,0.0,0.0
2020-10-27,AMD.US,sell,81.918,0.23,target_rebalance,5.5734,361,122.25724173740525,42.01
2020-09-02,TSM.US,buy,73.8669,15.0,signal,0.0,0,0.0,0.0
2020-10-27,TSM.US,sell,79.1401,15.0,target_rebalance,79.0985,55,36.16058830413039,7.14
2020-04-03,NVDA.US,buy,8.3927,633.96,signal,0.0,0,0.0,0.0
2020-10-28,NVDA.US,sell,13.1279,633.96,target_rebalance,3001.9507,208,106.90867269382429,56.42
2020-09-02,TSM.US,buy,73.8669,18.5,signal,0.0,0,0.0,0.0
2020-10-28,TSM.US,sell,77.4929,18.5,target_rebalance,67.0811,56,37.1605883041304,4.91
2020-10-02,ASML.US,buy,353.5165,39.48,signal,0.0,0,0.0,0.0
2020-10-29,ASML.US,sell,343.9754,39.48,target_rebalance,-376.6829,27,18.337655441223035,-2.7
2020-09-02,TSM.US,buy,73.8669,20.78,signal,0.0,0,0.0,0.0
2020-10-29,TSM.US,sell,76.692,20.78,target_rebalance,58.7063,57,38.16058830413039,3.82
2019-11-01,AMD.US,buy,58.2423,2.64,signal,0.0,0,0.0,0.0
2020-10-30,AMD.US,sell,77.0129,2.64,target_rebalance,49.5544,364,121.85403528753191,32.23
2020-10-02,ASML.US,buy,353.5165,19.17,signal,0.0,0,0.0,0.0
2020-11-02,ASML.US,sell,346.3934,19.17,target_rebalance,-136.5497,31,20.337655441223035,-2.01
2020-09-02,TSM.US,buy,73.8669,61.21,signal,0.0,0,0.0,0.0
2020-11-02,TSM.US,sell,76.9924,61.21,target_rebalance,191.3106,61,40.1605883041304,4.23
2020-10-02,ASML.US,buy,353.5165,9.84,signal,0.0,0,0.0,0.0
2020-11-03,ASML.US,sell,350.1758,9.84,target_rebalance,-32.8725,32,21.33765544122303,-0.94
2020-09-02,TSM.US,buy,73.8669,105.91,signal,0.0,0,0.0,0.0
2020-11-03,TSM.US,sell,78.4394,105.91,target_rebalance,484.2738,62,41.16058830413039,6.19
2019-11-01,AMD.US,buy,58.6795,211.47,signal,0.0,0,0.0,0.0
2020-11-04,AMD.US,sell,80.1697,211.47,target_rebalance,4544.5359,369,121.68779177759257,36.62
2020-04-03,NVDA.US,buy,8.4973,461.75,signal,0.0,0,0.0,0.0
2020-11-04,NVDA.US,sell,13.3182,461.75,target_rebalance,2226.0158,215,109.27581720095527,56.73
2020-10-02,ASML.US,buy,353.5729,29.04,signal,0.0,0,0.0,0.0
2020-11-05,ASML.US,sell,377.4897,29.04,target_rebalance,694.5443,34,22.792531856916806,6.76
2020-04-03,NVDA.US,buy,8.4973,634.7,signal,0.0,0,0.0,0.0
2020-11-05,NVDA.US,sell,14.0873,634.7,target_rebalance,3547.9565,216,110.27581720095526,65.78
2020-10-02,ASML.US,buy,353.5729,19.68,signal,0.0,0,0.0,0.0
2020-11-06,ASML.US,sell,382.1466,19.68,target_rebalance,562.3294,35,23.792531856916803,8.08
2020-10-02,ASML.US,buy,353.5729,19.59,signal,0.0,0,0.0,0.0
2020-11-09,ASML.US,sell,396.3451,19.59,target_rebalance,837.9075,38,24.792531856916803,12.1
2020-04-03,NVDA.US,buy,8.5136,170.22,signal,0.0,0,0.0,0.0
2020-11-09,NVDA.US,sell,14.4752,170.22,target_rebalance,1014.7916,220,111.95086591029118,70.03
2019-11-01,AMD.US,buy,59.1586,71.44,signal,0.0,0,0.0,0.0
2020-11-10,AMD.US,sell,81.8481,71.44,target_rebalance,1620.9377,375,123.34781623649565,38.35
2020-10-02,ASML.US,buy,353.5729,33.54,signal,0.0,0,0.0,0.0
2020-11-10,ASML.US,sell,388.8182,33.54,target_rebalance,1182.1263,39,25.792531856916803,9.97
2020-10-02,ASML.US,buy,353.5729,19.81,signal,0.0,0,0.0,0.0
2020-11-11,ASML.US,sell,387.1836,19.81,target_rebalance,665.8269,40,26.792531856916806,9.51
2020-09-02,TSM.US,buy,74.216,213.99,signal,0.0,0,0.0,0.0
2020-11-11,TSM.US,sell,81.4517,213.99,target_rebalance,1548.3799,70,45.27962012088614,9.75
2020-10-02,ASML.US,buy,353.5729,5.86,signal,0.0,0,0.0,0.0
2020-11-12,ASML.US,sell,398.2079,5.86,target_rebalance,261.5611,41,27.792531856916806,12.62
2020-04-03,NVDA.US,buy,8.757,273.96,signal,0.0,0,0.0,0.0
2020-11-12,NVDA.US,sell,13.4074,273.96,target_rebalance,1274.0358,223,109.1669712497201,53.11
2019-11-01,AMD.US,buy,59.4473,50.21,signal,0.0,0,0.0,0.0
2020-11-13,AMD.US,sell,82.6473,50.21,target_rebalance,1164.8709,378,124.58662534257881,39.03
2020-04-03,NVDA.US,buy,8.757,92.26,signal,0.0,0,0.0,0.0
2020-11-13,NVDA.US,sell,13.5549,92.26,target_rebalance,442.655,224,110.16697124972012,54.79
2020-09-02,TSM.US,buy,74.2962,391.85,signal,0.0,0,0.0,0.0
2020-11-16,TSM.US,sell,87.7494,391.85,target_rebalance,5271.6559,75,47.85499008925364,18.11
2019-11-01,AMD.US,buy,59.8182,73.79,signal,0.0,0,0.0,0.0
2020-11-17,AMD.US,sell,83.8461,73.79,target_rebalance,1773.0173,382,124.45425496973094,40.17
2020-04-03,NVDA.US,buy,8.8969,225.22,signal,0.0,0,0.0,0.0
2020-11-17,NVDA.US,sell,13.4806,225.22,target_rebalance,1032.3333,228,108.60978760302653,51.52
2020-09-02,TSM.US,buy,74.3567,53.64,signal,0.0,0,0.0,0.0
2020-11-18,TSM.US,sell,89.6606,53.64,target_rebalance,820.9004,77,49.65853122779876,20.58
2019-11-01,AMD.US,buy,59.9481,45.52,signal,0.0,0,0.0,0.0
2020-11-19,AMD.US,sell,82.3076,45.52,target_rebalance,1017.8062,384,125.75418382330025,37.3
2019-11-01,AMD.US,buy,59.9481,145.46,signal,0.0,0,0.0,0.0
2020-11-20,AMD.US,sell,85.1947,145.46,target_rebalance,3672.3775,385,126.75418382330025,42.11
2019-11-01,AMD.US,buy,59.9481,30.42,signal,0.0,0,0.0,0.0
2020-11-23,AMD.US,sell,85.4345,30.42,target_rebalance,775.2965,388,127.75418382330022,42.51
2020-10-02,ASML.US,buy,354.3628,14.03,signal,0.0,0,0.0,0.0
2020-11-23,ASML.US,sell,406.7518,14.03,target_rebalance,735.0187,52,34.30869559577856,14.78
2020-09-02,TSM.US,buy,74.6143,32.14,signal,0.0,0,0.0,0.0
2020-11-23,TSM.US,sell,88.4229,32.14,target_rebalance,443.808,82,51.69462616142074,18.51
2019-11-01,AMD.US,buy,59.9481,3.27,signal,0.0,0,0.0,0.0
2020-11-24,AMD.US,sell,85.6343,3.27,target_rebalance,83.9939,389,128.75418382330025,42.85
2020-09-02,TSM.US,buy,74.6143,90.88,signal,0.0,0,0.0,0.0
2020-11-24,TSM.US,sell,89.6333,90.88,target_rebalance,1364.9249,83,52.69462616142074,20.13
2019-11-01,AMD.US,buy,59.9481,76.52,signal,0.0,0,0.0,0.0
2020-11-25,AMD.US,sell,85.6742,76.52,target_rebalance,1968.5667,390,129.75418382330025,42.91
2020-10-02,ASML.US,buy,354.6639,3.29,signal,0.0,0,0.0,0.0
2020-11-25,ASML.US,sell,402.2565,3.29,target_rebalance,156.5795,54,36.09918206293626,13.42
2019-11-01,AMD.US,buy,59.9481,27.38,signal,0.0,0,0.0,0.0
2020-11-27,AMD.US,sell,87.902,27.38,target_rebalance,765.3788,392,130.75418382330022,46.63
2020-04-03,NVDA.US,buy,9.0144,121.55,signal,0.0,0,0.0,0.0
2020-11-27,NVDA.US,sell,13.304,121.55,target_rebalance,521.4001,238,112.49754779342376,47.59
2020-10-02,ASML.US,buy,354.9888,40.28,signal,0.0,0,0.0,0.0
2020-11-30,ASML.US,sell,418.679,40.28,target_rebalance,2565.4409,59,37.87670984765429,17.94
2019-11-01,AMD.US,buy,60.1021,225.4,signal,0.0,0,0.0,0.0
2020-12-01,AMD.US,sell,92.1577,225.4,target_rebalance,7225.3406,396,132.01532973007622,53.34
2020-09-02,TSM.US,buy,75.0882,186.75,signal,0.0,0,0.0,0.0
2020-12-02,TSM.US,sell,92.8277,186.75,target_rebalance,3312.8535,91,55.8598190568157,23.62
2019-11-01,AMD.US,buy,60.1021,10.54,signal,0.0,0,0.0,0.0
2020-12-03,AMD.US,sell,93.9659,10.54,target_rebalance,356.9247,398,134.01532973007622,56.34
2020-10-02,ASML.US,buy,356.036,15.47,signal,0.0,0,0.0,0.0
2020-12-03,ASML.US,sell,434.3318,15.47,target_rebalance,1211.2355,62,40.294483814794035,21.99
2020-04-03,NVDA.US,buy,9.149,283.97,signal,0.0,0,0.0,0.0
2020-12-03,NVDA.US,sell,13.5194,283.97,target_rebalance,1241.0564,244,112.90883121974528,47.77
2020-10-02,ASML.US,buy,356.036,0.66,signal,0.0,0,0.0,0.0
2020-12-04,ASML.US,sell,431.4712,0.66,target_rebalance,49.7872,63,41.294483814794035,21.19
2020-09-02,TSM.US,buy,75.3916,74.85,signal,0.0,0,0.0,0.0
2020-12-04,TSM.US,sell,92.3817,74.85,target_rebalance,1271.716,93,56.84908377324126,22.54
2020-09-02,TSM.US,buy,75.3916,139.99,signal,0.0,0,0.0,0.0
2020-12-07,TSM.US,sell,96.4862,139.99,target_rebalance,2953.0335,96,57.84908377324126,27.98
2020-09-02,TSM.US,buy,75.3916,109.89,signal,0.0,0,0.0,0.0
2020-12-08,TSM.US,sell,98.0879,109.89,target_rebalance,2494.1001,97,58.84908377324126,30.1
2020-10-02,ASML.US,buy,356.0861,13.54,signal,0.0,0,0.0,0.0
2020-12-09,ASML.US,sell,440.7848,13.54,target_rebalance,1146.8211,68,44.26996889884637,23.79
2020-10-02,ASML.US,buy,356.0861,5.3,signal,0.0,0,0.0,0.0
2020-12-10,ASML.US,sell,428.753,5.3,target_rebalance,385.135,69,45.26996889884638,20.41
2020-09-02,TSM.US,buy,75.4063,0.24,signal,0.0,0,0.0,0.0
2020-12-10,TSM.US,sell,93.7377,0.24,target_rebalance,4.3996,99,60.8076845152909,24.31
2019-11-01,AMD.US,buy,60.8536,69.8,signal,0.0,0,0.0,0.0
2020-12-11,AMD.US,sell,91.4485,69.8,target_rebalance,2135.5206,406,136.87866289510217,50.28
2019-11-01,AMD.US,buy,60.8536,36.03,signal,0.0,0,0.0,0.0
2020-12-14,AMD.US,sell,92.1178,36.03,target_rebalance,1126.4484,409,137.87866289510217,51.38
2020-04-03,NVDA.US,buy,9.2816,253.59,signal,0.0,0,0.0,0.0
2020-12-14,NVDA.US,sell,13.0224,253.59,target_rebalance,948.6086,255,116.25289047094387,40.3
2019-11-01,AMD.US,buy,60.8536,94.75,signal,0.0,0,0.0,0.0
2020-12-15,AMD.US,sell,95.8341,94.75,target_rebalance,3314.3986,410,138.87866289510217,57.48
2019-11-01,AMD.US,buy,60.8536,55.84,signal,0.0,0,0.0,0.0
2020-12-16,AMD.US,sell,96.943,55.84,target_rebalance,2015.2293,411,139.87866289510217,59.31
2020-10-02,ASML.US,buy,356.8604,1.94,signal,0.0,0,0.0,0.0
2020-12-16,ASML.US,sell,444.7669,1.94,target_rebalance,170.5387,75,48.79181785449491,24.63
2019-11-01,AMD.US,buy,60.8536,0.14,signal,0.0,0,0.0,0.0
2020-12-17,AMD.US,sell,97.4525,0.14,target_rebalance,5.1238,412,140.87866289510217,60.14
2020-10-02,ASML.US,buy,356.8604,29.21,signal,0.0,0,0.0,0.0
2020-12-17,ASML.US,sell,454.9739,29.21,target_rebalance,2865.8957,76,49.7918178544949,27.49
2020-10-02,ASML.US,buy,356.8604,3.71,signal,0.0,0,0.0,0.0
2020-12-18,ASML.US,sell,454.7459,3.71,target_rebalance,363.1552,77,50.7918178544949,27.43
2020-04-03,NVDA.US,buy,9.3379,93.79,signal,0.0,0,0.0,0.0
2020-12-18,NVDA.US,sell,13.3119,93.79,target_rebalance,372.7242,259,118.607011552061,42.56
2020-04-03,NVDA.US,buy,9.3379,61.97,signal,0.0,0,0.0,0.0
2020-12-21,NVDA.US,sell,13.0092,61.97,target_rebalance,227.511,262,119.607011552061,39.32
2020-09-02,TSM.US,buy,76.0566,139.83,signal,0.0,0,0.0,0.0
2020-12-21,TSM.US,sell,94.645,139.83,target_rebalance,2599.2174,110,65.7430415044677,24.44
2020-10-02,ASML.US,buy,357.8913,22.3,signal,0.0,0,0.0,0.0
2020-12-22,ASML.US,sell,449.9845,22.3,target_rebalance,2053.6787,81,52.136162615724054,25.73
2020-04-03,NVDA.US,buy,9.3379,315.67,signal,0.0,0,0.0,0.0
2020-12-22,NVDA.US,sell,13.2525,315.67,target_rebalance,1235.7153,263,120.607011552061,41.92
2020-09-02,TSM.US,buy,76.0566,12.06,signal,0.0,0,0.0,0.0
2020-12-22,TSM.US,sell,96.0251,12.06,target_rebalance,240.8192,111,66.7430415044677,26.25
2020-10-02,ASML.US,buy,357.8913,18.87,signal,0.0,0,0.0,0.0
2020-12-23,ASML.US,sell,455.1735,18.87,target_rebalance,1835.7147,82,53.13616261572407,27.18
2020-10-02,ASML.US,buy,357.8913,11.91,signal,0.0,0,0.0,0.0
2020-12-24,ASML.US,sell,455.1831,11.91,target_rebalance,1158.745,83,54.13616261572406,27.18
2020-09-02,TSM.US,buy,76.0922,47.61,signal,0.0,0,0.0,0.0
2020-12-24,TSM.US,sell,95.7417,47.61,target_rebalance,935.5143,113,68.62127262074318,25.82
2020-10-02,ASML.US,buy,357.8913,4.19,signal,0.0,0,0.0,0.0
2020-12-28,ASML.US,sell,462.9667,4.19,target_rebalance,440.2657,87,55.13616261572406,29.36
2020-09-02,TSM.US,buy,76.0922,94.93,signal,0.0,0,0.0,0.0
2020-12-28,TSM.US,sell,98.3373,94.93,target_rebalance,2111.7236,117,69.62127262074318,29.23
2020-10-02,ASML.US,buy,357.8913,17.62,signal,0.0,0,0.0,0.0
2020-12-29,ASML.US,sell,465.162,17.62,target_rebalance,1890.1098,88,56.136162615724054,29.97
2020-09-02,TSM.US,buy,76.0922,4.75,signal,0.0,0,0.0,0.0
2020-12-29,TSM.US,sell,97.7889,4.75,target_rebalance,103.0593,118,70.62127262074318,28.51
2020-04-03,NVDA.US,buy,9.4425,185.42,signal,0.0,0,0.0,0.0
2020-12-30,NVDA.US,sell,12.9251,185.42,target_rebalance,645.7462,271,122.0975403098684,36.88
2020-09-02,TSM.US,buy,76.0922,50.83,signal,0.0,0,0.0,0.0
2020-12-30,TSM.US,sell,98.4287,50.83,target_rebalance,1135.3619,119,71.62127262074318,29.35
2019-11-01,AMD.US,buy,62.6054,5.49,signal,0.0,0,0.0,0.0
2020-12-31,AMD.US,sell,92.0079,5.49,target_rebalance,161.4195,426,141.85903114818535,46.96
2020-09-02,TSM.US,buy,76.0922,47.27,signal,0.0,0,0.0,0.0
2020-12-31,TSM.US,sell,100.2199,47.27,target_rebalance,1140.5168,120,72.62127262074318,31.71
2020-10-02,ASML.US,buy,358.8065,1614.14,signal,0.0,0,0.0,0.0
2021-01-04,ASML.US,sell,475.179,1614.14,signal,187841.5767,94,58.64685449401599,32.43
2020-09-02,TSM.US,buy,76.0922,58.85,signal,0.0,0,0.0,0.0
2021-01-04,TSM.US,sell,101.8741,58.85,target_rebalance,1517.2638,124,73.62127262074318,33.88
2020-09-02,TSM.US,buy,76.0922,46.48,signal,0.0,0,0.0,0.0
2021-01-05,TSM.US,sell,102.7332,46.48,target_rebalance,1238.2727,125,74.62127262074318,35.01
2021-01-04,LRCX.US,buy,45.2346,192.85,signal,0.0,0,0.0,0.0
2021-01-06,LRCX.US,sell,46.3131,192.85,target_rebalance,207.9843,2,2.0,2.38
2020-09-02,TSM.US,buy,76.0922,21.17,signal,0.0,0,0.0,0.0
2021-01-06,TSM.US,sell,104.0492,21.17,target_rebalance,591.85,126,75.6212726207432,36.74
2021-01-04,LRCX.US,buy,45.2346,310.98,signal,0.0,0,0.0,0.0
2021-01-07,LRCX.US,sell,47.8993,310.98,target_rebalance,828.6472,3,3.0,5.89
2020-09-02,TSM.US,buy,76.0922,235.07,signal,0.0,0,0.0,0.0
2021-01-07,TSM.US,sell,109.0666,235.07,target_rebalance,7751.2901,127,76.62127262074318,43.33
2019-11-01,AMD.US,buy,63.7926,96.21,signal,0.0,0,0.0,0.0
2021-01-08,AMD.US,sell,95.884,96.21,target_rebalance,3087.5187,434,140.94208385151964,50.31
2020-09-02,TSM.US,buy,76.0922,122.47,signal,0.0,0,0.0,0.0
2021-01-08,TSM.US,sell,115.071,122.47,target_rebalance,4773.737,128,77.62127262074318,51.23
2019-11-01,AMD.US,buy,63.7926,40.65,signal,0.0,0,0.0,0.0
2021-01-11,AMD.US,sell,93.936,40.65,target_rebalance,1225.3292,437,141.9420838515196,47.25
2020-04-03,NVDA.US,buy,9.627,1650.73,signal,0.0,0,0.0,0.0
2021-01-11,NVDA.US,sell,13.3515,1650.73,target_rebalance,6148.0794,283,122.54845177241886,38.69
2019-11-01,AMD.US,buy,63.7926,7.85,signal,0.0,0,0.0,0.0
2021-01-12,AMD.US,sell,97.7621,7.85,target_rebalance,266.6611,438,142.94208385151964,53.25
2021-01-04,LRCX.US,buy,45.3236,128.66,signal,0.0,0,0.0,0.0
2021-01-12,LRCX.US,sell,49.1172,128.66,target_rebalance,488.088,8,5.860808433763579,8.37
2020-09-02,TSM.US,buy,76.8516,23.57,signal,0.0,0,0.0,0.0
2021-01-12,TSM.US,sell,114.3856,23.57,target_rebalance,884.6754,132,77.84210035699137,48.84
2021-01-04,LRCX.US,buy,45.3236,630.39,signal,0.0,0,0.0,0.0
2021-01-13,LRCX.US,sell,50.44,630.39,target_rebalance,3225.3176,9,6.860808433763579,11.29
2020-09-02,TSM.US,buy,76.8516,41.58,signal,0.0,0,0.0,0.0
2021-01-13,TSM.US,sell,113.691,41.58,target_rebalance,1531.7824,133,78.84210035699137,47.94
2021-01-04,LRCX.US,buy,45.3236,239.65,signal,0.0,0,0.0,0.0
2021-01-14,LRCX.US,sell,51.2104,239.65,target_rebalance,1410.7712,10,7.860808433763579,12.99
2020-04-03,NVDA.US,buy,9.7051,249.56,signal,0.0,0,0.0,0.0
2021-01-14,NVDA.US,sell,13.5069,249.56,target_rebalance,948.7878,286,123.12066082001398,39.17
2021-01-04,LRCX.US,buy,45.3236,212.86,signal,0.0,0,0.0,0.0
2021-01-15,LRCX.US,sell,52.2093,212.86,target_rebalance,1465.6913,11,8.86080843376358,15.19
2020-09-02,TSM.US,buy,77.0609,226.38,signal,0.0,0,0.0,0.0
2021-01-15,TSM.US,sell,117.4107,226.38,target_rebalance,9134.3832,135,80.3805563622634,52.36
2021-01-04,LRCX.US,buy,45.3236,192.08,signal,0.0,0,0.0,0.0
2021-01-19,LRCX.US,sell,52.856,192.08,target_rebalance,1446.8307,15,9.86080843376358,16.62
2020-09-02,TSM.US,buy,77.0609,113.17,signal,0.0,0,0.0,0.0
2021-01-19,TSM.US,sell,119.3481,113.17,target_rebalance,4785.6484,139,81.3805563622634,54.88
2021-01-04,LRCX.US,buy,45.3236,277.17,signal,0.0,0,0.0,0.0
2021-01-20,LRCX.US,sell,55.104,277.17,target_rebalance,2710.8444,16,10.86080843376358,21.58
2020-09-02,TSM.US,buy,77.0609,75.41,signal,0.0,0,0.0,0.0
2021-01-20,TSM.US,sell,123.5521,75.41,target_rebalance,3505.9064,140,82.3805563622634,60.33
2020-04-03,NVDA.US,buy,9.9091,1780.68,signal,0.0,0,0.0,0.0
2021-01-21,NVDA.US,sell,13.3512,1780.68,target_rebalance,6129.2283,293,119.61653228510765,34.74
2019-11-01,AMD.US,buy,66.4151,383.08,signal,0.0,0,0.0,0.0
2021-01-22,AMD.US,sell,94.3256,383.08,target_rebalance,10691.9648,448,136.15956701124028,42.02
2020-04-03,NVDA.US,buy,9.9091,776.71,signal,0.0,0,0.0,0.0
2021-01-22,NVDA.US,sell,13.6711,776.71,target_rebalance,2921.9505,294,120.61653228510765,37.96
2021-01-04,LRCX.US,buy,45.6308,94.05,signal,0.0,0,0.0,0.0
2021-01-25,LRCX.US,sell,53.9437,94.05,target_rebalance,781.8268,21,13.392151011574972,18.22
2020-09-02,TSM.US,buy,78.7544,31.83,signal,0.0,0,0.0,0.0
2021-01-25,TSM.US,sell,120.4814,31.83,target_rebalance,1328.1703,145,82.01511199044536,52.98
2019-11-01,AMD.US,buy,66.6397,119.72,signal,0.0,0,0.0,0.0
2021-01-26,AMD.US,sell,94.8151,119.72,target_rebalance,3373.162,452,137.05211620158,42.28
2021-01-04,LRCX.US,buy,45.6308,84.58,signal,0.0,0,0.0,0.0
2021-01-26,LRCX.US,sell,53.8417,84.58,target_rebalance,694.4796,22,14.392151011574972,17.99
2020-04-03,NVDA.US,buy,9.9439,648.84,signal,0.0,0,0.0,0.0
2021-01-27,NVDA.US,sell,13.1636,648.84,target_rebalance,2089.1129,299,122.45910134671715,32.38
2020-09-02,TSM.US,buy,79.2247,31.15,signal,0.0,0,0.0,0.0
2021-01-27,TSM.US,sell,114.1937,31.15,target_rebalance,1089.283,147,83.02479735617067,44.14
2020-09-02,TSM.US,buy,79.2247,76.06,signal,0.0,0,0.0,0.0
2021-01-28,TSM.US,sell,113.7824,76.06,target_rebalance,2628.4594,148,84.02479735617065,43.62
2020-04-03,NVDA.US,buy,9.9481,1211.27,signal,0.0,0,0.0,0.0
2021-01-29,NVDA.US,sell,13.0094,1211.27,target_rebalance,3708.1572,301,124.28839016290551,30.77
2020-09-02,TSM.US,buy,79.2247,82.51,signal,0.0,0,0.0,0.0
2021-01-29,TSM.US,sell,113.3255,82.51,target_rebalance,2813.6528,149,85.02479735617065,43.04
2020-04-03,NVDA.US,buy,9.9481,396.27,signal,0.0,0,0.0,0.0
2021-02-01,NVDA.US,sell,12.9878,396.27,target_rebalance,1204.5567,304,125.2883901629055,30.56
2020-09-02,TSM.US,buy,79.2247,86.56,signal,0.0,0,0.0,0.0
2021-02-01,TSM.US,sell,113.819,86.56,target_rebalance,2994.4776,152,86.02479735617065,43.67
2021-01-04,LRCX.US,buy,45.816,155.68,signal,0.0,0,0.0,0.0
2021-02-02,LRCX.US,sell,48.3874,155.68,target_rebalance,400.3161,29,18.231900424219894,5.61
2020-09-02,TSM.US,buy,79.2247,50.48,signal,0.0,0,0.0,0.0
2021-02-02,TSM.US,sell,118.3245,50.48,target_rebalance,1973.7597,153,87.02479735617067,49.35
2021-01-04,LRCX.US,buy,45.816,16536.72,signal,0.0,0,0.0,0.0
2021-02-03,LRCX.US,sell,49.1049,16536.72,signal,54388.5201,30,19.231900424219898,7.18
2020-04-03,NVDA.US,buy,9.9592,484.87,signal,0.0,0,0.0,0.0
2021-02-03,NVDA.US,sell,13.5676,484.87,target_rebalance,1749.635,306,126.87729378398217,36.23
2019-11-01,AMD.US,buy,67.2443,18.38,signal,0.0,0,0.0,0.0
2021-02-04,AMD.US,sell,88.1318,18.38,target_rebalance,383.9126,461,140.10398288083107,31.06
2020-04-03,NVDA.US,buy,9.9592,35.19,signal,0.0,0,0.0,0.0
2021-02-04,NVDA.US,sell,13.4631,35.19,target_rebalance,123.3055,307,127.87729378398215,35.18
2021-02-03,ASML.US,buy,524.9822,5.41,signal,0.0,0,0.0,0.0
2021-02-05,ASML.US,sell,527.4214,5.41,target_rebalance,13.1959,2,2.0,0.46
2020-04-03,NVDA.US,buy,9.9592,284.73,signal,0.0,0,0.0,0.0
2021-02-05,NVDA.US,sell,13.6562,284.73,target_rebalance,1052.6517,308,128.87729378398214,37.12
2021-02-03,ASML.US,buy,524.9822,5.73,signal,0.0,0,0.0,0.0
2021-02-08,ASML.US,sell,530.2818,5.73,target_rebalance,30.367,5,3.0,1.01
2020-04-03,NVDA.US,buy,9.9592,538.63,signal,0.0,0,0.0,0.0
2021-02-09,NVDA.US,sell,14.2688,538.63,target_rebalance,2321.3222,312,130.87729378398214,43.27
2020-09-02,TSM.US,buy,79.7663,35.1,signal,0.0,0,0.0,0.0
2021-02-09,TSM.US,sell,122.4463,35.1,target_rebalance,1498.0696,160,90.77950444725954,53.51
2021-02-03,ASML.US,buy,525.2103,2.8,signal,0.0,0,0.0,0.0
2021-02-10,ASML.US,sell,543.0738,2.8,target_rebalance,50.0177,7,4.9371614161280535,3.4
2020-04-03,NVDA.US,buy,9.9592,217.27,signal,0.0,0,0.0,0.0
2021-02-10,NVDA.US,sell,14.3907,217.27,target_rebalance,962.8455,313,131.87729378398217,44.5
2020-04-03,NVDA.US,buy,9.9592,1090.61,signal,0.0,0,0.0,0.0
2021-02-11,NVDA.US,sell,14.9051,1090.61,target_rebalance,5394.1284,314,132.87729378398217,49.66
2021-02-03,ASML.US,buy,525.4002,20.45,signal,0.0,0,0.0,0.0
2021-02-12,ASML.US,sell,562.5947,20.45,target_rebalance,760.6264,9,6.885914330625976,7.08
2020-09-02,TSM.US,buy,80.1384,62.6,signal,0.0,0,0.0,0.0
2021-02-12,TSM.US,sell,126.9611,62.6,target_rebalance,2931.0973,163,92.996207676418,58.43
2021-02-03,ASML.US,buy,525.4002,13.86,signal,0.0,0,0.0,0.0
2021-02-16,ASML.US,sell,575.5293,13.86,target_rebalance,694.7895,13,7.885914330625976,9.54
2020-09-02,TSM.US,buy,80.1384,37.34,signal,0.0,0,0.0,0.0
2021-02-16,TSM.US,sell,129.4195,37.34,target_rebalance,1840.1539,167,93.99620767641798,61.49
2021-02-03,ASML.US,buy,525.4002,3.5,signal,0.0,0,0.0,0.0
2021-02-17,ASML.US,sell,568.6581,3.5,target_rebalance,151.4027,14,8.885914330625976,8.23
2020-04-03,NVDA.US,buy,10.0623,1121.1,signal,0.0,0,0.0,0.0
2021-02-17,NVDA.US,sell,15.0949,1121.1,target_rebalance,5642.0405,320,133.1317852524848,50.01
2019-11-01,AMD.US,buy,68.4307,63.98,signal,0.0,0,0.0,0.0
2021-02-18,AMD.US,sell,89.0009,63.98,target_rebalance,1316.0837,475,141.8494508681132,30.06
2021-02-03,ASML.US,buy,525.4002,2.17,signal,0.0,0,0.0,0.0
2021-02-18,ASML.US,sell,555.3623,2.17,target_rebalance,65.0177,15,9.885914330625976,5.7
2021-02-03,ASML.US,buy,525.4002,0.69,signal,0.0,0,0.0,0.0
2021-02-19,ASML.US,sell,562.471,0.69,target_rebalance,25.5788,16,10.885914330625978,7.06
2020-04-03,NVDA.US,buy,10.0738,320.49,signal,0.0,0,0.0,0.0
2021-02-19,NVDA.US,sell,14.9492,320.49,target_rebalance,1562.516,322,134.80007049055305,48.4
2021-02-03,ASML.US,buy,525.4002,11.95,signal,0.0,0,0.0,0.0
2021-02-22,ASML.US,sell,558.4606,11.95,target_rebalance,395.0717,19,11.885914330625976,6.29
2021-02-03,ASML.US,buy,525.4002,20.12,signal,0.0,0,0.0,0.0
2021-02-23,ASML.US,sell,543.3495,20.12,target_rebalance,361.1392,20,12.885914330625978,3.42
2020-09-02,TSM.US,buy,80.7478,32.15,signal,0.0,0,0.0,0.0
2021-02-23,TSM.US,sell,117.9864,32.15,target_rebalance,1197.2216,174,97.64098363177956,46.12
2019-11-01,AMD.US,buy,68.7655,38.93,signal,0.0,0,0.0,0.0
2021-02-24,AMD.US,sell,84.2457,38.93,target_rebalance,602.6446,481,142.9418054228017,22.51
2019-11-01,AMD.US,buy,68.7655,93.59,signal,0.0,0,0.0,0.0
2021-02-25,AMD.US,sell,86.0838,93.59,target_rebalance,1620.8259,482,143.94180542280168,25.18
2021-02-03,ASML.US,buy,525.4049,3.34,signal,0.0,0,0.0,0.0
2021-02-25,ASML.US,sell,553.7182,3.34,target_rebalance,94.5665,22,14.882739318774915,5.39
2020-09-02,TSM.US,buy,80.7478,11.55,signal,0.0,0,0.0,0.0
2021-02-25,TSM.US,sell,120.1981,11.55,target_rebalance,455.6512,176,99.64098363177958,48.86
2021-02-03,ASML.US,buy,525.4049,16.35,signal,0.0,0,0.0,0.0
2021-02-26,ASML.US,sell,543.9388,16.35,target_rebalance,303.0294,23,15.882739318774915,3.53
2020-04-03,NVDA.US,buy,10.1762,340.48,signal,0.0,0,0.0,0.0
2021-02-26,NVDA.US,sell,13.6835,340.48,target_rebalance,1194.1727,329,136.20891377928268,34.47
2019-11-01,AMD.US,buy,68.7655,36.96,signal,0.0,0,0.0,0.0
2021-03-01,AMD.US,sell,85.2846,36.96,target_rebalance,610.5485,486,145.9418054228017,24.02
2020-09-02,TSM.US,buy,81.3063,105.11,signal,0.0,0,0.0,0.0
2021-03-01,TSM.US,sell,118.4708,105.11,target_rebalance,3906.3545,180,99.99316391915151,45.71
2019-11-01,AMD.US,buy,68.7655,118.01,signal,0.0,0,0.0,0.0
2021-03-02,AMD.US,sell,86.8331,118.01,target_rebalance,2132.1594,487,146.9418054228017,26.27
2021-02-03,ASML.US,buy,525.6711,6.03,signal,0.0,0,0.0,0.0
2021-03-02,ASML.US,sell,550.2968,6.03,target_rebalance,148.4928,27,17.654034355735273,4.68
2021-02-03,ASML.US,buy,525.6711,0.75,signal,0.0,0,0.0,0.0
2021-03-03,ASML.US,sell,536.5734,0.75,target_rebalance,8.1767,28,18.654034355735273,2.07
2020-09-02,TSM.US,buy,81.7682,71.41,signal,0.0,0,0.0,0.0
2021-03-03,TSM.US,sell,115.8113,71.41,target_rebalance,2431.0206,182,100.70838447509954,41.63
2020-09-02,TSM.US,buy,81.7682,48.64,signal,0.0,0,0.0,0.0
2021-03-04,TSM.US,sell,111.4519,48.64,target_rebalance,1443.8185,183,101.70838447509952,36.3
2020-09-02,TSM.US,buy,81.7682,46.05,signal,0.0,0,0.0,0.0
2021-03-05,TSM.US,sell,110.4923,46.05,target_rebalance,1322.7478,184,102.70838447509952,35.13
2021-02-03,ASML.US,buy,525.5861,2.35,signal,0.0,0,0.0,0.0
2021-03-08,ASML.US,sell,500.3165,2.35,target_rebalance,-59.3837,33,21.56963119241505,-4.81
2020-09-02,TSM.US,buy,81.7682,23.66,signal,0.0,0,0.0,0.0
2021-03-08,TSM.US,sell,110.1633,23.66,target_rebalance,671.8285,187,103.7083844750995,34.73
2021-02-03,ASML.US,buy,525.5861,28.49,signal,0.0,0,0.0,0.0
2021-03-09,ASML.US,sell,501.4569,28.49,target_rebalance,-687.4398,34,22.569631192415056,-4.59
2019-11-01,AMD.US,buy,68.911,55.07,signal,0.0,0,0.0,0.0
2021-03-10,AMD.US,sell,79.6702,55.07,target_rebalance,592.5113,495,151.04830744185108,15.61
2020-04-03,NVDA.US,buy,10.27,1419.71,signal,0.0,0,0.0,0.0
2021-03-10,NVDA.US,sell,12.7805,1419.71,target_rebalance,3564.1293,341,139.50435667484894,24.44
2021-02-03,ASML.US,buy,525.5209,8.22,signal,0.0,0,0.0,0.0
2021-03-11,ASML.US,sell,519.8467,8.22,target_rebalance,-46.6425,36,24.433470557709747,-1.08
2020-04-03,NVDA.US,buy,10.27,200.45,signal,0.0,0,0.0,0.0
2021-03-11,NVDA.US,sell,12.8895,200.45,target_rebalance,525.0696,342,140.50435667484896,25.51
2019-11-01,AMD.US,buy,68.9898,105.87,signal,0.0,0,0.0,0.0
2021-03-12,AMD.US,sell,79.6503,105.87,target_rebalance,1128.6252,497,151.91488138423486,15.45
2020-09-02,TSM.US,buy,82.694,93.32,signal,0.0,0,0.0,0.0
2021-03-12,TSM.US,sell,108.7559,93.32,target_rebalance,2432.0987,191,103.94382579542308,31.52
2019-11-01,AMD.US,buy,68.9898,137.25,signal,0.0,0,0.0,0.0
2021-03-15,AMD.US,sell,81.8281,137.25,target_rebalance,1762.0569,500,152.91488138423486,18.61
2020-04-03,NVDA.US,buy,10.2993,158.97,signal,0.0,0,0.0,0.0
2021-03-15,NVDA.US,sell,12.8047,158.97,target_rebalance,398.2788,346,140.74000841339816,24.33
2019-11-01,AMD.US,buy,68.9898,7.65,signal,0.0,0,0.0,0.0
2021-03-16,AMD.US,sell,83.5763,7.65,target_rebalance,111.5871,501,153.91488138423486,21.14
2020-04-03,NVDA.US,buy,10.2993,1011.27,signal,0.0,0,0.0,0.0
2021-03-16,NVDA.US,sell,13.2941,1011.27,target_rebalance,3028.5753,347,141.74000841339816,29.08
2021-02-03,ASML.US,buy,525.2294,22.65,signal,0.0,0,0.0,0.0
2021-03-17,ASML.US,sell,521.0156,22.65,target_rebalance,-95.4428,42,27.84674822646131,-0.8
2020-04-03,NVDA.US,buy,10.321,306.87,signal,0.0,0,0.0,0.0
2021-03-18,NVDA.US,sell,13.0751,306.87,target_rebalance,845.1739,349,142.59644364902937,26.69
2020-09-02,TSM.US,buy,83.3353,7.7,signal,0.0,0,0.0,0.0
2021-03-18,TSM.US,sell,108.2483,7.7,target_rebalance,191.8299,197,105.38455282697255,29.89
2021-02-03,ASML.US,buy,525.2294,26.03,signal,0.0,0,0.0,0.0
2021-03-19,ASML.US,sell,517.6608,26.03,target_rebalance,-197.0107,44,29.846748226461308,-1.44
2021-02-03,ASML.US,buy,525.2294,31.71,signal,0.0,0,0.0,0.0
2021-03-22,ASML.US,sell,539.472,31.71,target_rebalance,451.6331,47,30.84674822646131,2.71
2020-04-03,NVDA.US,buy,10.345,794.88,signal,0.0,0,0.0,0.0
2021-03-23,NVDA.US,sell,13.1923,794.88,target_rebalance,2263.2497,354,144.20706190262175,27.52
2021-02-03,ASML.US,buy,525.3189,53.58,signal,0.0,0,0.0,0.0
2021-03-24,ASML.US,sell,558.0424,53.58,target_rebalance,1753.3233,49,32.680171391801096,6.23
2020-04-03,NVDA.US,buy,10.345,128.64,signal,0.0,0,0.0,0.0
2021-03-24,NVDA.US,sell,13.0898,128.64,target_rebalance,353.0867,355,145.20706190262177,26.53
2019-11-01,AMD.US,buy,69.5395,105.76,signal,0.0,0,0.0,0.0
2021-03-25,AMD.US,sell,75.7741,105.76,target_rebalance,659.3786,510,152.44420427921955,8.97
2021-02-03,ASML.US,buy,525.3189,9.39,signal,0.0,0,0.0,0.0
2021-03-25,ASML.US,sell,542.5796,9.39,target_rebalance,162.078,50,33.680171391801096,3.29
2021-02-03,ASML.US,buy,525.3189,14.02,signal,0.0,0,0.0,0.0
2021-03-26,ASML.US,sell,559.4775,14.02,target_rebalance,478.9038,51,34.680171391801096,6.5
2020-09-02,TSM.US,buy,84.2644,103.64,signal,0.0,0,0.0,0.0
2021-03-26,TSM.US,sell,102.7441,103.64,target_rebalance,1915.2439,205,106.44502868216792,21.93
2021-02-03,ASML.US,buy,525.3189,21.43,signal,0.0,0,0.0,0.0
2021-03-29,ASML.US,sell,584.2538,21.43,target_rebalance,1262.9752,54,35.680171391801096,11.22
2020-09-02,TSM.US,buy,84.2644,91.44,signal,0.0,0,0.0,0.0
2021-03-29,TSM.US,sell,106.9181,91.44,target_rebalance,2071.4595,208,107.4450286821679,26.88
2019-11-01,AMD.US,buy,69.7601,8.26,signal,0.0,0,0.0,0.0
2021-03-30,AMD.US,sell,76.3935,8.26,target_rebalance,54.7921,515,150.8829794859744,9.51
2020-04-03,NVDA.US,buy,10.4228,588.55,signal,0.0,0,0.0,0.0
2021-03-30,NVDA.US,sell,12.782,588.55,target_rebalance,1388.5224,361,144.01724247139902,22.64
2021-02-03,ASML.US,buy,525.8814,1.39,signal,0.0,0,0.0,0.0
2021-03-31,ASML.US,sell,576.0805,1.39,target_rebalance,69.7768,56,37.23135064008287,9.55
2020-04-03,NVDA.US,buy,10.4228,363.59,signal,0.0,0,0.0,0.0
2021-03-31,NVDA.US,sell,12.9547,363.59,target_rebalance,920.5789,362,145.01724247139902,24.29
2019-11-01,AMD.US,buy,69.7876,19.58,signal,0.0,0,0.0,0.0
2021-04-01,AMD.US,sell,80.0798,19.58,target_rebalance,201.5225,517,152.27683356410697,14.75
2020-04-03,NVDA.US,buy,10.4228,1.36,signal,0.0,0,0.0,0.0
2021-04-01,NVDA.US,sell,13.5088,1.36,target_rebalance,4.1971,363,146.01724247139902,29.61
2020-09-02,TSM.US,buy,84.3026,107.41,signal,0.0,0,0.0,0.0
2021-04-01,TSM.US,sell,112.6608,107.41,target_rebalance,3045.9574,211,110.25650320804587,33.64
2021-02-03,ASML.US,buy,527.0048,22.92,signal,0.0,0,0.0,0.0
2021-04-05,ASML.US,sell,619.3131,22.92,target_rebalance,2115.7082,61,38.56386295018873,17.52
2020-09-02,TSM.US,buy,84.3026,21.46,signal,0.0,0,0.0,0.0
2021-04-05,TSM.US,sell,116.5687,21.46,target_rebalance,692.4323,215,111.25650320804587,38.27
2019-11-01,AMD.US,buy,69.902,10096.82,signal,0.0,0,0.0,0.0
2021-04-06,AMD.US,sell,81.1288,10096.82,signal,113354.3643,522,152.81887877284626,16.06
2020-04-03,NVDA.US,buy,10.4484,59733.78,signal,0.0,0,0.0,0.0
2021-04-06,NVDA.US,sell,13.9343,59733.78,signal,208227.2664,368,146.91070807758175,33.36
2021-02-03,ASML.US,buy,528.0746,5.15,signal,0.0,0,0.0,0.0
2021-04-07,ASML.US,sell,596.0384,5.15,target_rebalance,350.0138,63,40.00825643110939,12.87
2021-04-06,LRCX.US,buy,62.5899,29.57,signal,0.0,0,0.0,0.0
2021-04-07,LRCX.US,sell,61.7531,29.57,target_rebalance,-24.7433,1,1.0,-1.34
2020-09-02,TSM.US,buy,84.6039,7.66,signal,0.0,0,0.0,0.0
2021-04-07,TSM.US,sell,112.3214,7.66,target_rebalance,212.3155,217,112.11651139980171,32.76
2021-02-03,ASML.US,buy,528.0746,8.71,signal,0.0,0,0.0,0.0
2021-04-08,ASML.US,sell,604.4017,8.71,target_rebalance,664.8094,64,41.00825643110939,14.45
2021-04-06,LRCX.US,buy,62.5899,188.36,signal,0.0,0,0.0,0.0
2021-04-08,LRCX.US,sell,63.1292,188.36,target_rebalance,101.5898,2,2.0,0.86
2021-02-03,ASML.US,buy,528.0746,0.03,signal,0.0,0,0.0,0.0
2021-04-09,ASML.US,sell,602.8622,0.03,target_rebalance,2.2436,65,42.00825643110939,14.16
2020-09-02,TSM.US,buy,84.9829,85.06,signal,0.0,0,0.0,0.0
2021-04-09,TSM.US,sell,112.6057,85.06,target_rebalance,2349.6013,219,112.52707449953236,32.5
2021-02-03,ASML.US,buy,528.0746,1.49,signal,0.0,0,0.0,0.0
2021-04-12,ASML.US,sell,600.22,1.49,target_rebalance,107.4967,68,43.00825643110938,13.66
2020-09-02,TSM.US,buy,84.9829,7.9,signal,0.0,0,0.0,0.0
2021-04-12,TSM.US,sell,112.1104,7.9,target_rebalance,214.3072,222,113.52707449953236,31.92
2021-02-03,ASML.US,buy,528.0746,10.33,signal,0.0,0,0.0,0.0
2021-04-13,ASML.US,sell,604.0882,10.33,target_rebalance,785.2205,69,44.00825643110939,14.39
2020-09-02,TSM.US,buy,84.9829,20.57,signal,0.0,0,0.0,0.0
2021-04-13,TSM.US,sell,112.2847,20.57,target_rebalance,561.5981,223,114.52707449953239,32.13
2021-02-03,ASML.US,buy,528.0746,13.2,signal,0.0,0,0.0,0.0
2021-04-14,ASML.US,sell,604.126,13.2,target_rebalance,1003.8796,70,45.00825643110939,14.4
2020-09-02,TSM.US,buy,84.9829,46.82,signal,0.0,0,0.0,0.0
2021-04-14,TSM.US,sell,111.9085,46.82,target_rebalance,1260.6598,224,115.52707449953236,31.68
2021-04-06,AMAT.US,buy,137.4971,24.54,signal,0.0,0,0.0,0.0
2021-04-15,AMAT.US,sell,129.8935,24.54,target_rebalance,-186.5927,9,6.885992596921879,-5.53
2021-04-06,LRCX.US,buy,62.5654,67.29,signal,0.0,0,0.0,0.0
2021-04-15,LRCX.US,sell,61.331,67.29,target_rebalance,-83.0654,9,6.897978762419789,-1.97
2021-02-03,ASML.US,buy,528.4369,18.68,signal,0.0,0,0.0,0.0
2021-04-16,ASML.US,sell,608.4886,18.68,target_rebalance,1495.3651,72,46.78734265126159,15.15
2021-04-06,LRCX.US,buy,62.5654,134.3,signal,0.0,0,0.0,0.0
2021-04-16,LRCX.US,sell,61.596,134.3,target_rebalance,-130.1971,10,7.897978762419788,-1.55
2021-04-06,AMAT.US,buy,137.3957,22.27,signal,0.0,0,0.0,0.0
2021-04-19,AMAT.US,sell,127.4007,22.27,target_rebalance,-222.5882,13,8.80380854814394,-7.27
2021-02-03,ASML.US,buy,528.4369,3.02,signal,0.0,0,0.0,0.0
2021-04-19,ASML.US,sell,605.9985,3.02,target_rebalance,234.2359,75,47.78734265126158,14.68
2021-02-03,ASML.US,buy,528.4369,10.85,signal,0.0,0,0.0,0.0
2021-04-20,ASML.US,sell,594.9645,10.85,target_rebalance,721.824,76,48.78734265126159,12.59
2020-09-02,TSM.US,buy,85.5374,58.55,signal,0.0,0,0.0,0.0
2021-04-20,TSM.US,sell,106.4594,58.55,target_rebalance,1224.9836,230,116.90229749409755,24.46
2021-02-03,ASML.US,buy,528.4369,18.68,signal,0.0,0,0.0,0.0
2021-04-21,ASML.US,sell,606.0744,18.68,target_rebalance,1450.2693,77,49.78734265126158,14.69
2021-04-06,AMAT.US,buy,137.3718,1.6,signal,0.0,0,0.0,0.0
2021-04-22,AMAT.US,sell,128.7188,1.6,target_rebalance,-13.8449,16,11.786587677219055,-6.3
2021-02-03,ASML.US,buy,528.4369,7.55,signal,0.0,0,0.0,0.0
2021-04-22,ASML.US,sell,631.2118,7.55,target_rebalance,775.9508,78,50.78734265126159,19.45
2021-04-06,LRCX.US,buy,62.4967,33.22,signal,0.0,0,0.0,0.0
2021-04-22,LRCX.US,sell,60.941,33.22,target_rebalance,-51.6787,16,11.718103696032765,-2.49
2021-04-06,AMAT.US,buy,137.3718,34.62,signal,0.0,0,0.0,0.0
2021-04-23,AMAT.US,sell,127.4962,34.62,target_rebalance,-341.8947,17,12.786587677219055,-7.19
2021-02-03,ASML.US,buy,528.4369,9.65,signal,0.0,0,0.0,0.0
2021-04-23,ASML.US,sell,626.5075,9.65,target_rebalance,946.3809,79,51.78734265126158,18.56
2020-09-02,TSM.US,buy,86.0317,38.92,signal,0.0,0,0.0,0.0
2021-04-23,TSM.US,sell,106.9457,38.92,target_rebalance,813.9712,233,117.08155886619265,24.31
2020-09-02,TSM.US,buy,86.0317,101.38,signal,0.0,0,0.0,0.0
2021-04-26,TSM.US,sell,110.083,101.38,target_rebalance,2438.3233,236,118.08155886619267,27.96
2021-04-06,AMAT.US,buy,137.3468,24.68,signal,0.0,0,0.0,0.0
2021-04-27,AMAT.US,sell,131.947,24.68,target_rebalance,-133.267,21,14.745187116873211,-3.93
2021-04-06,LRCX.US,buy,62.4117,156.44,signal,0.0,0,0.0,0.0
2021-04-27,LRCX.US,sell,61.2685,156.44,target_rebalance,-178.8443,21,14.404572604904779,-1.83
2021-04-06,LRCX.US,buy,62.4117,53.66,signal,0.0,0,0.0,0.0
2021-04-28,LRCX.US,sell,60.9505,53.66,target_rebalance,-78.4083,22,15.404572604904779,-2.34
2021-04-06,AMAT.US,buy,137.3468,1.5,signal,0.0,0,0.0,0.0
2021-04-29,AMAT.US,sell,131.0874,1.5,target_rebalance,-9.3891,23,16.74518711687321,-4.56
2020-09-02,TSM.US,buy,86.2076,10.89,signal,0.0,0,0.0,0.0
2021-04-29,TSM.US,sell,110.7435,10.89,target_rebalance,267.1964,239,120.2417004110831,28.46
2021-02-03,ASML.US,buy,530.0254,6.04,signal,0.0,0,0.0,0.0
2021-04-30,ASML.US,sell,621.8032,6.04,target_rebalance,554.3379,86,56.00917174183384,17.32
2021-04-06,LRCX.US,buy,62.4061,53.97,signal,0.0,0,0.0,0.0
2021-04-30,LRCX.US,sell,59.6652,53.97,target_rebalance,-147.926,24,17.344906898637138,-4.39
2020-09-02,TSM.US,buy,86.2076,11.18,signal,0.0,0,0.0,0.0
2021-04-30,TSM.US,sell,108.2575,11.18,target_rebalance,246.518,240,121.24170041108312,25.58
2021-04-06,AMAT.US,buy,137.2071,63.56,signal,0.0,0,0.0,0.0
2021-05-03,AMAT.US,sell,128.2221,63.56,target_rebalance,-571.0875,27,18.520210775780654,-6.55
2021-02-03,ASML.US,buy,530.0254,4.42,signal,0.0,0,0.0,0.0
2021-05-03,ASML.US,sell,626.8812,4.42,target_rebalance,428.1024,89,57.00917174183384,18.27
2020-09-02,TSM.US,buy,86.3642,49.37,signal,0.0,0,0.0,0.0
2021-05-04,TSM.US,sell,105.4962,49.37,target_rebalance,944.5452,244,122.36197997392463,22.15
2021-04-06,LRCX.US,buy,62.3764,14.41,signal,0.0,0,0.0,0.0
2021-05-05,LRCX.US,sell,58.4244,14.41,target_rebalance,-56.9483,29,20.191389309105794,-6.34
2021-02-03,ASML.US,buy,530.3147,3.06,signal,0.0,0,0.0,0.0
2021-05-06,ASML.US,sell,608.4098,3.06,target_rebalance,238.971,92,59.79703089699793,14.73
2020-09-02,TSM.US,buy,86.381,15.3,signal,0.0,0,0.0,0.0
2021-05-06,TSM.US,sell,105.7715,15.3,target_rebalance,296.6736,246,124.25984634910864,22.45
2021-04-06,LRCX.US,buy,62.3712,17.04,signal,0.0,0,0.0,0.0
2021-05-07,LRCX.US,sell,59.246,17.04,target_rebalance,-53.2545,31,22.167414947870764,-5.01
2020-09-02,TSM.US,buy,86.381,18.56,signal,0.0,0,0.0,0.0
2021-05-07,TSM.US,sell,108.6153,18.56,target_rebalance,412.6673,247,125.25984634910866,25.74
2021-04-06,AMAT.US,buy,137.1332,29.47,signal,0.0,0,0.0,0.0
2021-05-10,AMAT.US,sell,125.9967,29.47,target_rebalance,-328.1938,34,23.389766710560586,-8.12
2021-02-03,ASML.US,buy,530.4176,5.26,signal,0.0,0,0.0,0.0
2021-05-10,ASML.US,sell,617.9123,5.26,target_rebalance,460.2223,96,61.729149665208915,16.5
2021-04-06,LRCX.US,buy,62.3712,55.46,signal,0.0,0,0.0,0.0
2021-05-10,LRCX.US,sell,58.8125,55.46,target_rebalance,-197.3675,34,23.16741494787076,-5.71
2021-02-03,ASML.US,buy,530.4176,23.05,signal,0.0,0,0.0,0.0
2021-05-11,ASML.US,sell,587.2405,23.05,target_rebalance,1309.7696,97,62.72914966520891,10.71
2020-09-02,TSM.US,buy,86.6833,150.41,signal,0.0,0,0.0,0.0
2021-05-11,TSM.US,sell,100.6617,150.41,target_rebalance,2102.4994,251,125.2833039376559,16.13
2021-04-06,LRCX.US,buy,62.2248,122.75,signal,0.0,0,0.0,0.0
2021-05-12,LRCX.US,sell,54.4201,122.75,target_rebalance,-958.0241,36,24.74863955358716,-12.54
2021-02-03,ASML.US,buy,530.4176,10.76,signal,0.0,0,0.0,0.0
2021-05-13,ASML.US,sell,592.5018,10.76,target_rebalance,668.0265,99,64.72914966520892,11.7
2021-04-06,AMAT.US,buy,136.3285,21.13,signal,0.0,0,0.0,0.0
2021-05-14,AMAT.US,sell,116.4171,21.13,target_rebalance,-420.7281,38,26.50460592292943,-14.61
2021-04-06,LRCX.US,buy,62.212,191.37,signal,0.0,0,0.0,0.0
2021-05-14,LRCX.US,sell,56.4076,191.37,target_rebalance,-1110.7813,38,26.706885044678778,-9.33
2021-04-06,AMAT.US,buy,136.3285,36.78,signal,0.0,0,0.0,0.0
2021-05-17,AMAT.US,sell,116.5221,36.78,target_rebalance,-728.4768,41,27.504605922929432,-14.53
2021-02-03,ASML.US,buy,530.9439,6.96,signal,0.0,0,0.0,0.0
2021-05-17,ASML.US,sell,602.2715,6.96,target_rebalance,496.4397,103,66.24452600622075,13.43
2021-04-06,AMAT.US,buy,136.3285,29.66,signal,0.0,0,0.0,0.0
2021-05-18,AMAT.US,sell,119.7122,29.66,target_rebalance,-492.84,42,28.50460592292943,-12.19
2020-09-02,TSM.US,buy,86.999,81.15,signal,0.0,0,0.0,0.0
2021-05-18,TSM.US,sell,103.6615,81.15,target_rebalance,1352.1592,258,127.4495808385618,19.15
2020-09-02,TSM.US,buy,86.999,64.61,signal,0.0,0,0.0,0.0
2021-05-19,TSM.US,sell,99.5334,64.61,target_rebalance,809.8448,259,128.4495808385618,14.41
2021-04-06,AMAT.US,buy,136.2082,92.24,signal,0.0,0,0.0,0.0
2021-05-20,AMAT.US,sell,121.1162,92.24,target_rebalance,-1392.0864,44,30.350286023182694,-11.08
2021-04-06,LRCX.US,buy,62.1433,156.35,signal,0.0,0,0.0,0.0
2021-05-20,LRCX.US,sell,57.5055,156.35,target_rebalance,-725.1199,44,30.360892899272304,-7.46
2021-04-06,AMAT.US,buy,136.2082,17.66,signal,0.0,0,0.0,0.0
2021-05-21,AMAT.US,sell,124.0197,17.66,target_rebalance,-215.2492,45,31.350286023182694,-8.95
2021-04-06,LRCX.US,buy,62.1433,64.23,signal,0.0,0,0.0,0.0
2021-05-21,LRCX.US,sell,59.0056,64.23,target_rebalance,-201.5339,45,31.3608928992723,-5.05
2021-04-06,AMAT.US,buy,136.2082,27.12,signal,0.0,0,0.0,0.0
2021-05-24,AMAT.US,sell,124.3444,27.12,target_rebalance,-321.7455,48,32.3502860231827,-8.71
2021-02-03,ASML.US,buy,532.4629,2.85,signal,0.0,0,0.0,0.0
2021-05-24,ASML.US,sell,617.1497,2.85,target_rebalance,241.3574,110,69.78216608092325,15.9
2021-04-06,LRCX.US,buy,62.1433,62.57,signal,0.0,0,0.0,0.0
2021-05-24,LRCX.US,sell,59.1854,62.57,target_rebalance,-185.0739,48,32.3608928992723,-4.76
2021-04-06,AMAT.US,buy,136.2082,90.05,signal,0.0,0,0.0,0.0
2021-05-25,AMAT.US,sell,130.3233,90.05,target_rebalance,-529.9306,49,33.35028602318269,-4.32
2021-02-03,ASML.US,buy,532.4629,4.45,signal,0.0,0,0.0,0.0
2021-05-25,ASML.US,sell,639.7103,4.45,target_rebalance,477.2509,111,70.78216608092326,20.14
2021-04-06,AMAT.US,buy,136.2082,76.7,signal,0.0,0,0.0,0.0
2021-05-26,AMAT.US,sell,132.0054,76.7,target_rebalance,-322.3493,50,34.35028602318269,-3.09
2020-09-02,TSM.US,buy,87.8658,148.19,signal,0.0,0,0.0,0.0
2021-05-27,TSM.US,sell,106.4136,148.19,target_rebalance,2748.5933,267,127.79889566583122,21.11
2021-04-06,AMAT.US,buy,136.1582,30.65,signal,0.0,0,0.0,0.0
2021-05-28,AMAT.US,sell,133.1536,30.65,target_rebalance,-92.0895,52,36.04990620236237,-2.21
2021-04-06,LRCX.US,buy,62.125,127.49,signal,0.0,0,0.0,0.0
2021-05-28,LRCX.US,sell,61.8023,127.49,target_rebalance,-41.1483,52,35.980323825114574,-0.52
2021-02-03,ASML.US,buy,533.8488,9.33,signal,0.0,0,0.0,0.0
2021-06-01,ASML.US,sell,652.6442,9.33,target_rebalance,1108.3615,118,73.8034025967847,22.25
2020-09-02,TSM.US,buy,88.0901,98.27,signal,0.0,0,0.0,0.0
2021-06-01,TSM.US,sell,109.817,98.27,target_rebalance,2135.0979,272,128.28140125779058,24.66
2021-04-06,AMAT.US,buy,136.1207,17.57,signal,0.0,0,0.0,0.0
2021-06-02,AMAT.US,sell,132.082,17.57,target_rebalance,-70.9604,57,37.57100386505262,-2.97
2020-09-02,TSM.US,buy,88.0901,36.67,signal,0.0,0,0.0,0.0
2021-06-02,TSM.US,sell,109.0739,36.67,target_rebalance,769.4758,273,129.28140125779055,23.82
2021-04-06,AMAT.US,buy,136.1207,17.76,signal,0.0,0,0.0,0.0
2021-06-03,AMAT.US,sell,131.4601,17.76,target_rebalance,-82.7718,58,38.571003865052624,-3.42
2021-02-03,ASML.US,buy,534.6194,1.12,signal,0.0,0,0.0,0.0
2021-06-03,ASML.US,sell,636.0694,1.12,target_rebalance,113.6241,120,75.26227235590754,18.98
2020-09-02,TSM.US,buy,88.0901,3.34,signal,0.0,0,0.0,0.0
2021-06-03,TSM.US,sell,108.2942,3.34,target_rebalance,67.4815,274,130.28140125779055,22.94
2021-02-03,ASML.US,buy,534.6194,6.64,signal,0.0,0,0.0,0.0
2021-06-04,ASML.US,sell,643.1797,6.64,target_rebalance,720.8409,121,76.26227235590754,20.31
2021-04-06,LRCX.US,buy,62.1147,8.97,signal,0.0,0,0.0,0.0
2021-06-04,LRCX.US,sell,60.9514,8.97,target_rebalance,-10.434,59,39.4223938109948,-1.87
2021-04-06,AMAT.US,buy,136.1148,16.47,signal,0.0,0,0.0,0.0
2021-06-07,AMAT.US,sell,133.4311,16.47,target_rebalance,-44.2013,62,40.51414059971704,-1.97
2021-02-03,ASML.US,buy,534.6194,0.18,signal,0.0,0,0.0,0.0
2021-06-07,ASML.US,sell,648.298,0.18,target_rebalance,20.4622,124,77.26227235590754,21.26
2021-04-06,LRCX.US,buy,62.1147,52.36,signal,0.0,0,0.0,0.0
2021-06-07,LRCX.US,sell,61.6717,52.36,target_rebalance,-23.1942,62,40.4223938109948,-0.71
2021-02-03,ASML.US,buy,534.6194,10.93,signal,0.0,0,0.0,0.0
2021-06-08,ASML.US,sell,658.2962,10.93,target_rebalance,1351.7881,125,78.26227235590756,23.13
2021-04-06,LRCX.US,buy,62.1147,42.04,signal,0.0,0,0.0,0.0
2021-06-08,LRCX.US,sell,62.2755,42.04,target_rebalance,6.7625,63,41.4223938109948,0.26
2021-02-03,ASML.US,buy,534.6194,12.04,signal,0.0,0,0.0,0.0
2021-06-09,ASML.US,sell,652.892,12.04,target_rebalance,1424.0022,126,79.26227235590754,22.12
2020-09-02,TSM.US,buy,88.5386,20.41,signal,0.0,0,0.0,0.0
2021-06-09,TSM.US,sell,106.4136,20.41,target_rebalance,364.8296,280,131.34003757547123,20.19
2021-02-03,ASML.US,buy,534.6194,9.71,signal,0.0,0,0.0,0.0
2021-06-10,ASML.US,sell,657.0475,9.71,target_rebalance,1188.7775,127,80.26227235590754,22.9
2020-09-02,TSM.US,buy,88.5386,78.92,signal,0.0,0,0.0,0.0
2021-06-10,TSM.US,sell,107.3676,78.92,target_rebalance,1485.9897,281,132.34003757547123,21.27
2021-02-03,ASML.US,buy,534.6194,1.49,signal,0.0,0,0.0,0.0
2021-06-11,ASML.US,sell,665.4733,1.49,target_rebalance,194.9724,128,81.26227235590756,24.48
2021-04-06,LRCX.US,buy,62.0783,25.64,signal,0.0,0,0.0,0.0
2021-06-11,LRCX.US,sell,60.7262,25.64,target_rebalance,-34.6682,66,43.60753099835672,-2.18
2021-02-03,ASML.US,buy,534.6194,1.3,signal,0.0,0,0.0,0.0
2021-06-14,ASML.US,sell,666.7218,1.3,target_rebalance,171.7332,131,82.26227235590756,24.71
2020-09-02,TSM.US,buy,88.5386,3.66,signal,0.0,0,0.0,0.0
2021-06-14,TSM.US,sell,108.7528,3.66,target_rebalance,73.9843,285,134.34003757547123,22.83
2021-04-06,AMAT.US,buy,136.0289,10.11,signal,0.0,0,0.0,0.0
2021-06-15,AMAT.US,sell,133.1153,10.11,target_rebalance,-29.456,70,45.79637295910892,-2.14
2020-09-02,TSM.US,buy,88.5386,13.54,signal,0.0,0,0.0,0.0
2021-06-15,TSM.US,sell,110.4041,13.54,target_rebalance,296.0594,286,135.34003757547123,24.7
2021-04-06,AMAT.US,buy,136.0289,29.11,signal,0.0,0,0.0,0.0
2021-06-16,AMAT.US,sell,133.4789,29.11,target_rebalance,-74.2292,71,46.79637295910892,-1.87
2021-04-06,LRCX.US,buy,62.0772,9.21,signal,0.0,0,0.0,0.0
2021-06-17,LRCX.US,sell,60.3566,9.21,target_rebalance,-15.8466,72,47.523221547757174,-2.77
2020-09-02,TSM.US,buy,88.5957,22.98,signal,0.0,0,0.0,0.0
2021-06-17,TSM.US,sell,108.3688,22.98,target_rebalance,454.3873,288,136.97519854005867,22.32
2020-09-02,TSM.US,buy,88.5957,43.98,signal,0.0,0,0.0,0.0
2021-06-18,TSM.US,sell,108.2123,43.98,target_rebalance,862.7396,289,137.97519854005867,22.14
2021-02-03,ASML.US,buy,535.2802,10.61,signal,0.0,0,0.0,0.0
2021-06-21,ASML.US,sell,646.6969,10.61,target_rebalance,1182.1306,138,86.80717929701062,20.81
2020-09-02,TSM.US,buy,88.5957,18.12,signal,0.0,0,0.0,0.0
2021-06-21,TSM.US,sell,106.2508,18.12,target_rebalance,319.9113,292,138.97519854005867,19.93
2021-04-06,AMAT.US,buy,135.9033,58.17,signal,0.0,0,0.0,0.0
2021-06-22,AMAT.US,sell,127.0781,58.17,target_rebalance,-513.3602,77,50.09284171346038,-6.49
2021-02-03,ASML.US,buy,535.2802,2.35,signal,0.0,0,0.0,0.0
2021-06-22,ASML.US,sell,648.5933,2.35,target_rebalance,266.2858,139,87.80717929701062,21.17
2021-04-06,LRCX.US,buy,62.0595,26.79,signal,0.0,0,0.0,0.0
2021-06-22,LRCX.US,sell,58.5614,26.79,target_rebalance,-93.7136,77,50.27322815189555,-5.64
2020-09-02,TSM.US,buy,88.8425,58.1,signal,0.0,0,0.0,0.0
2021-06-23,TSM.US,sell,107.006,58.1,target_rebalance,1055.2958,294,138.83366656479245,20.44
2021-04-06,AMAT.US,buy,135.8986,40.46,signal,0.0,0,0.0,0.0
2021-06-24,AMAT.US,sell,131.0774,40.46,target_rebalance,-195.0646,79,52.0591717549075,-3.55
2021-04-06,LRCX.US,buy,62.0595,12.72,signal,0.0,0,0.0,0.0
2021-06-24,LRCX.US,sell,60.1062,12.72,target_rebalance,-24.8454,79,52.27322815189555,-3.15
2021-04-06,AMAT.US,buy,135.8986,39.93,signal,0.0,0,0.0,0.0
2021-06-25,AMAT.US,sell,132.7134,39.93,target_rebalance,-127.1823,80,53.0591717549075,-2.34
2021-02-03,ASML.US,buy,536.4471,3.58,signal,0.0,0,0.0,0.0
2021-06-28,ASML.US,sell,666.1691,3.58,target_rebalance,464.4048,145,90.96493890024529,24.18
2021-04-06,LRCX.US,buy,62.056,35.73,signal,0.0,0,0.0,0.0
2021-06-29,LRCX.US,sell,61.3476,35.73,target_rebalance,-25.3117,84,55.16601136274959,-1.14
2020-09-02,TSM.US,buy,88.9974,31.31,signal,0.0,0,0.0,0.0
2021-06-29,TSM.US,sell,109.9528,31.31,target_rebalance,656.1123,300,141.69120803095504,23.55
2021-04-06,AMAT.US,buy,135.8986,32.97,signal,0.0,0,0.0,0.0
2021-06-30,AMAT.US,sell,135.8517,32.97,target_rebalance,-1.5462,85,56.05917175490751,-0.03
2021-04-06,LRCX.US,buy,62.056,35.6,signal,0.0,0,0.0,0.0
2021-06-30,LRCX.US,sell,61.7611,35.6,target_rebalance,-10.5003,85,56.1660113627496,-0.48
2020-09-02,TSM.US,buy,88.9974,17.09,signal,0.0,0,0.0,0.0
2021-06-30,TSM.US,sell,110.6526,17.09,target_rebalance,370.0879,301,142.69120803095504,24.33
2021-04-06,AMAT.US,buy,135.8986,15.7,signal,0.0,0,0.0,0.0
2021-07-01,AMAT.US,sell,135.5742,15.7,target_rebalance,-5.0926,86,57.05917175490751,-0.24
2020-09-02,TSM.US,buy,88.9974,30.77,signal,0.0,0,0.0,0.0
2021-07-01,TSM.US,sell,110.5974,30.77,target_rebalance,664.6307,302,143.691208030955,24.27
2021-02-03,ASML.US,buy,539.6964,10.13,signal,0.0,0,0.0,0.0
2021-07-02,ASML.US,sell,656.2184,10.13,target_rebalance,1180.3675,149,92.58606028521196,21.59
2021-02-03,ASML.US,buy,539.6964,4.09,signal,0.0,0,0.0,0.0
2021-07-06,ASML.US,sell,657.1239,4.09,target_rebalance,480.2784,153,93.58606028521197,21.76
2020-09-02,TSM.US,buy,89.0178,67.65,signal,0.0,0,0.0,0.0
2021-07-06,TSM.US,sell,110.3672,67.65,target_rebalance,1444.2821,307,145.5476570611154,23.98
2021-02-03,ASML.US,buy,539.6964,6.99,signal,0.0,0,0.0,0.0
2021-07-07,ASML.US,sell,661.5084,6.99,target_rebalance,851.4659,154,94.58606028521197,22.57
2020-09-02,TSM.US,buy,89.0178,41.0,signal,0.0,0,0.0,0.0
2021-07-07,TSM.US,sell,111.0946,41.0,target_rebalance,905.1495,308,146.5476570611154,24.8
2021-02-03,ASML.US,buy,539.6964,10.5,signal,0.0,0,0.0,0.0
2021-07-08,ASML.US,sell,639.5292,10.5,target_rebalance,1048.2441,155,95.58606028521197,18.5
2020-09-02,TSM.US,buy,89.0178,14.8,signal,0.0,0,0.0,0.0
2021-07-08,TSM.US,sell,106.7021,14.8,target_rebalance,261.7266,309,147.5476570611154,19.87
2021-02-03,ASML.US,buy,539.6964,4.46,signal,0.0,0,0.0,0.0
2021-07-09,ASML.US,sell,651.9103,4.46,target_rebalance,500.4741,156,96.58606028521199,20.79
2020-09-02,TSM.US,buy,89.0178,19.7,signal,0.0,0,0.0,0.0
2021-07-09,TSM.US,sell,108.6635,19.7,target_rebalance,387.0203,310,148.5476570611154,22.07
2021-02-03,ASML.US,buy,539.6964,2.64,signal,0.0,0,0.0,0.0
2021-07-12,ASML.US,sell,667.189,2.64,target_rebalance,336.5804,159,97.58606028521197,23.62
2020-09-02,TSM.US,buy,89.0178,41.38,signal,0.0,0,0.0,0.0
2021-07-12,TSM.US,sell,111.6012,41.38,target_rebalance,934.4982,313,149.54765706111542,25.37
2021-02-03,ASML.US,buy,539.6964,0.63,signal,0.0,0,0.0,0.0
2021-07-13,ASML.US,sell,673.1459,0.63,target_rebalance,84.0732,160,98.58606028521197,24.73
2020-09-02,TSM.US,buy,89.0178,57.76,signal,0.0,0,0.0,0.0
2021-07-13,TSM.US,sell,113.4429,57.76,target_rebalance,1410.7917,314,150.54765706111542,27.44
2021-02-03,ASML.US,buy,539.6964,3.55,signal,0.0,0,0.0,0.0
2021-07-14,ASML.US,sell,686.2322,3.55,target_rebalance,520.2021,161,99.58606028521196,27.15
2021-02-03,ASML.US,buy,539.6964,18.0,signal,0.0,0,0.0,0.0
2021-07-15,ASML.US,sell,679.1698,18.0,target_rebalance,2510.5205,162,100.58606028521197,25.84
2021-04-06,AMAT.US,buy,135.7138,8.64,signal,0.0,0,0.0,0.0
2021-07-16,AMAT.US,sell,128.2071,8.64,target_rebalance,-64.8576,101,65.08213031990735,-5.53
2021-04-06,LRCX.US,buy,61.9555,49.83,signal,0.0,0,0.0,0.0
2021-07-16,LRCX.US,sell,58.1138,49.83,target_rebalance,-191.4348,101,65.0486958841982,-6.2
2021-02-03,ASML.US,buy,540.072,9.05,signal,0.0,0,0.0,0.0
2021-07-19,ASML.US,sell,642.2646,9.05,target_rebalance,924.8433,166,102.29608894214124,18.92
2020-09-02,TSM.US,buy,89.3792,65.3,signal,0.0,0,0.0,0.0
2021-07-19,TSM.US,sell,104.98,65.3,target_rebalance,1018.7339,320,151.9952150992964,17.45
2021-04-06,AMAT.US,buy,135.4921,56.59,signal,0.0,0,0.0,0.0
2021-07-20,AMAT.US,sell,123.6146,56.59,target_rebalance,-672.1472,105,66.14889341436907,-8.77
2021-04-06,LRCX.US,buy,61.9226,110.67,signal,0.0,0,0.0,0.0
2021-07-20,LRCX.US,sell,56.5149,110.67,target_rebalance,-598.4666,105,66.73913393468379,-8.73
2021-04-06,AMAT.US,buy,135.4921,28.23,signal,0.0,0,0.0,0.0
2021-07-21,AMAT.US,sell,127.0781,28.23,target_rebalance,-237.5268,106,67.14889341436908,-6.21
2021-02-03,ASML.US,buy,541.5624,20.19,signal,0.0,0,0.0,0.0
2021-07-21,ASML.US,sell,672.8505,20.19,target_rebalance,2650.707,168,102.84857091724575,24.24
2021-04-06,AMAT.US,buy,135.4921,3.22,signal,0.0,0,0.0,0.0
2021-07-22,AMAT.US,sell,131.0774,3.22,target_rebalance,-14.2154,107,68.14889341436908,-3.26
2021-02-03,ASML.US,buy,541.5624,8.41,signal,0.0,0,0.0,0.0
2021-07-22,ASML.US,sell,698.6421,8.41,target_rebalance,1321.0409,169,103.84857091724574,29.0
2021-04-06,LRCX.US,buy,61.9195,82.46,signal,0.0,0,0.0,0.0
2021-07-22,LRCX.US,sell,59.9412,82.46,target_rebalance,-163.126,107,68.68809808967544,-3.19
2021-02-03,ASML.US,buy,541.5624,12.21,signal,0.0,0,0.0,0.0
2021-07-23,ASML.US,sell,712.7387,12.21,target_rebalance,2090.0633,170,104.84857091724575,31.61
2021-04-06,LRCX.US,buy,61.9195,76.76,signal,0.0,0,0.0,0.0
2021-07-23,LRCX.US,sell,60.8564,76.76,target_rebalance,-81.6037,108,69.68809808967544,-1.72
2021-04-06,AMAT.US,buy,135.4901,1.15,signal,0.0,0,0.0,0.0
2021-07-26,AMAT.US,sell,132.2542,1.15,target_rebalance,-3.7212,111,70.10636811791674,-2.39
2021-02-03,ASML.US,buy,541.5624,16.12,signal,0.0,0,0.0,0.0
2021-07-26,ASML.US,sell,722.6609,16.12,target_rebalance,2919.3092,173,105.84857091724575,33.44
2021-04-06,AMAT.US,buy,135.4901,15.36,signal,0.0,0,0.0,0.0
2021-07-27,AMAT.US,sell,131.6802,15.36,target_rebalance,-58.5208,112,71.10636811791674,-2.81
2020-09-02,TSM.US,buy,90.554,5.74,signal,0.0,0,0.0,0.0
2021-07-27,TSM.US,sell,106.1956,5.74,target_rebalance,89.7828,328,148.07984855273293,17.27
2021-02-03,ASML.US,buy,541.6513,8.34,signal,0.0,0,0.0,0.0
2021-07-28,ASML.US,sell,714.8452,8.34,target_rebalance,1444.437,175,107.79449775382609,31.98
2021-02-03,ASML.US,buy,541.6513,14.96,signal,0.0,0,0.0,0.0
2021-07-29,ASML.US,sell,725.9301,14.96,target_rebalance,2756.8095,176,108.79449775382609,34.02
2020-09-02,TSM.US,buy,90.554,112.11,signal,0.0,0,0.0,0.0
2021-07-29,TSM.US,sell,106.8218,112.11,target_rebalance,1823.7837,330,150.0798485527329,17.96
2021-04-06,AMAT.US,buy,135.459,32.65,signal,0.0,0,0.0,0.0
2021-07-30,AMAT.US,sell,130.599,32.65,target_rebalance,-158.6811,115,73.70328392898641,-3.59
2021-04-06,AMAT.US,buy,135.459,19.55,signal,0.0,0,0.0,0.0
2021-08-02,AMAT.US,sell,134.9427,19.55,target_rebalance,-10.094,118,74.70328392898641,-0.38
2021-04-06,LRCX.US,buy,61.8059,339.04,signal,0.0,0,0.0,0.0
2021-08-02,LRCX.US,sell,61.2812,339.04,target_rebalance,-177.8794,118,73.36166114867169,-0.85
2021-04-06,AMAT.US,buy,135.459,54.09,signal,0.0,0,0.0,0.0
2021-08-03,AMAT.US,sell,136.3779,54.09,target_rebalance,49.7011,119,75.70328392898641,0.68
2021-02-03,ASML.US,buy,545.2402,16.16,signal,0.0,0,0.0,0.0
2021-08-04,ASML.US,sell,754.886,16.16,target_rebalance,3387.8768,182,110.74762100205513,38.45
2020-09-02,TSM.US,buy,90.8841,7776.55,signal,0.0,0,0.0,0.0
2021-08-04,TSM.US,sell,109.0595,7776.55,signal,141341.561,336,151.21563845673117,20.0
2021-02-03,ASML.US,buy,545.2402,5.7,signal,0.0,0,0.0,0.0
2021-08-05,ASML.US,sell,767.7533,5.7,target_rebalance,1268.3247,183,111.74762100205511,40.81
2021-08-04,NVDA.US,buy,19.941,482.11,signal,0.0,0,0.0,0.0
2021-08-05,NVDA.US,sell,20.4089,482.11,target_rebalance,225.5753,1,1.0,2.35
2021-08-04,NVDA.US,buy,19.941,581.16,signal,0.0,0,0.0,0.0
2021-08-06,NVDA.US,sell,20.4328,581.16,target_rebalance,285.8063,2,2.0,2.47
2021-04-06,AMAT.US,buy,135.4868,27.15,signal,0.0,0,0.0,0.0
2021-08-09,AMAT.US,sell,137.2868,27.15,target_rebalance,48.8709,125,78.56196721702482,1.33
2021-04-06,LRCX.US,buy,61.8043,37.29,signal,0.0,0,0.0,0.0
2021-08-09,LRCX.US,sell,61.6416,37.29,target_rebalance,-6.0682,125,77.16760742354137,-0.26
2021-04-06,AMAT.US,buy,135.4868,1.8,signal,0.0,0,0.0,0.0
2021-08-10,AMAT.US,sell,136.7319,1.8,target_rebalance,2.2412,126,79.56196721702482,0.92
2021-02-03,ASML.US,buy,547.6191,10.86,signal,0.0,0,0.0,0.0
2021-08-10,ASML.US,sell,758.2984,10.86,target_rebalance,2287.977,188,113.432710450321,38.47
2021-02-03,ASML.US,buy,547.6191,16.79,signal,0.0,0,0.0,0.0
2021-08-11,ASML.US,sell,754.0569,16.79,target_rebalance,3466.0898,189,114.432710450321,37.7
2021-08-04,NVDA.US,buy,19.9455,202.67,signal,0.0,0,0.0,0.0
2021-08-11,NVDA.US,sell,19.9539,202.67,target_rebalance,1.7163,7,4.967456703168785,0.04
2021-02-03,ASML.US,buy,547.6191,22.3,signal,0.0,0,0.0,0.0
2021-08-12,ASML.US,sell,751.7314,22.3,target_rebalance,4551.7036,190,115.43271045032101,37.27
2021-08-04,NVDA.US,buy,19.9455,613.56,signal,0.0,0,0.0,0.0
2021-08-12,NVDA.US,sell,19.7817,613.56,target_rebalance,-100.4816,8,5.967456703168784,-0.82
2021-02-03,ASML.US,buy,547.6191,2.29,signal,0.0,0,0.0,0.0
2021-08-13,ASML.US,sell,742.6194,2.29,target_rebalance,446.5507,191,116.43271045032101,35.61
2021-08-04,NVDA.US,buy,19.9455,657.15,signal,0.0,0,0.0,0.0
2021-08-13,NVDA.US,sell,19.8166,657.15,target_rebalance,-84.718,9,6.967456703168784,-0.65
2021-02-03,ASML.US,buy,547.6191,6.85,signal,0.0,0,0.0,0.0
2021-08-16,ASML.US,sell,750.9022,6.85,target_rebalance,1392.4892,194,117.432710450321,37.12
2021-08-04,NVDA.US,buy,19.9455,272.7,signal,0.0,0,0.0,0.0
2021-08-16,NVDA.US,sell,20.0455,272.7,target_rebalance,27.2853,12,7.967456703168785,0.5
2021-04-06,AMAT.US,buy,135.1316,53.08,signal,0.0,0,0.0,0.0
2021-08-17,AMAT.US,sell,124.4278,53.08,target_rebalance,-568.1535,133,81.09136428273986,-7.92
2021-04-06,LRCX.US,buy,61.5638,101.58,signal,0.0,0,0.0,0.0
2021-08-17,LRCX.US,sell,55.1863,101.58,target_rebalance,-647.8319,133,78.93425104234036,-10.36
2021-04-06,LRCX.US,buy,61.5638,20.02,signal,0.0,0,0.0,0.0
2021-08-18,LRCX.US,sell,54.8136,20.02,target_rebalance,-135.14,134,79.93425104234036,-10.96
2021-08-04,NVDA.US,buy,19.9402,523.32,signal,0.0,0,0.0,0.0
2021-08-19,NVDA.US,sell,19.4074,523.32,target_rebalance,-278.8296,15,10.819513042088332,-2.67
2021-04-06,AMAT.US,buy,135.067,6.15,signal,0.0,0,0.0,0.0
2021-08-20,AMAT.US,sell,124.7436,6.15,target_rebalance,-63.4888,136,83.71158331229861,-7.64
2021-04-06,LRCX.US,buy,61.5251,1.02,signal,0.0,0,0.0,0.0
2021-08-20,LRCX.US,sell,55.3333,1.02,target_rebalance,-6.3157,136,81.53446689910675,-10.06
2021-02-03,ASML.US,buy,548.1275,4.77,signal,0.0,0,0.0,0.0
2021-08-23,ASML.US,sell,757.7647,4.77,target_rebalance,999.9698,201,122.0974752661037,38.25
2021-08-04,NVDA.US,buy,19.9402,1557.46,signal,0.0,0,0.0,0.0
2021-08-23,NVDA.US,sell,20.8778,1557.46,target_rebalance,1460.3149,19,12.792337962199436,4.7
2021-08-04,NVDA.US,buy,19.9402,441.07,signal,0.0,0,0.0,0.0
2021-08-24,NVDA.US,sell,21.6563,441.07,target_rebalance,756.9424,20,13.792337962199438,8.61
2021-02-03,ASML.US,buy,550.2045,0.3,signal,0.0,0,0.0,0.0
2021-08-25,ASML.US,sell,770.5271,0.3,target_rebalance,66.0968,203,122.94433732450088,40.04
2021-04-06,AMAT.US,buy,134.82,2.44,signal,0.0,0,0.0,0.0
2021-08-26,AMAT.US,sell,127.2722,2.44,target_rebalance,-18.4164,142,85.97606001431252,-5.6
2021-08-04,NVDA.US,buy,19.9402,455.04,signal,0.0,0,0.0,0.0
2021-08-26,NVDA.US,sell,22.1014,455.04,target_rebalance,983.4154,22,15.792337962199438,10.84
2021-02-03,ASML.US,buy,551.542,3.02,signal,0.0,0,0.0,0.0
2021-08-27,ASML.US,sell,776.0836,3.02,target_rebalance,678.1158,205,124.19671275343289,40.71
2021-04-06,LRCX.US,buy,61.3182,101.94,signal,0.0,0,0.0,0.0
2021-08-30,LRCX.US,sell,58.3025,101.94,target_rebalance,-307.4153,146,84.98049751618048,-4.92
2021-02-03,ASML.US,buy,551.687,7.88,signal,0.0,0,0.0,0.0
2021-08-31,ASML.US,sell,804.2296,7.88,target_rebalance,1990.0353,209,126.12424963636522,45.78
2021-04-06,LRCX.US,buy,61.3079,30.56,signal,0.0,0,0.0,0.0
2021-09-01,LRCX.US,sell,57.6529,30.56,target_rebalance,-111.6964,148,86.72531511890583,-5.96
2021-02-03,ASML.US,buy,551.687,16.06,signal,0.0,0,0.0,0.0
2021-09-02,ASML.US,sell,812.2167,16.06,target_rebalance,4184.107,211,128.1242496363652,47.22
2021-08-04,NVDA.US,buy,19.9691,38523.16,signal,0.0,0,0.0,0.0
2021-09-02,NVDA.US,sell,22.4219,38523.16,signal,94490.8506,29,20.58978959619698,12.28
2021-09-02,MU.US,buy,71.4612,114.96,signal,0.0,0,0.0,0.0
2021-09-03,MU.US,sell,72.088,114.96,target_rebalance,72.0601,1,1.0,0.88
2021-04-06,AMAT.US,buy,134.7345,71.66,signal,0.0,0,0.0,0.0
2021-09-07,AMAT.US,sell,130.9817,71.66,target_rebalance,-268.9235,154,91.55933160978798,-2.79
2021-02-03,ASML.US,buy,552.068,10.1,signal,0.0,0,0.0,0.0
2021-09-07,ASML.US,sell,824.7313,10.1,target_rebalance,2753.8993,216,129.9340938611761,49.39
2021-04-06,AMAT.US,buy,134.7345,13.65,signal,0.0,0,0.0,0.0
2021-09-08,AMAT.US,sell,130.0711,13.65,target_rebalance,-63.6551,155,92.55933160978798,-3.46
2021-02-03,ASML.US,buy,552.068,0.12,signal,0.0,0,0.0,0.0
2021-09-08,ASML.US,sell,817.4113,0.12,target_rebalance,31.8412,217,130.93409386117614,48.06
2021-02-03,ASML.US,buy,552.068,13.43,signal,0.0,0,0.0,0.0
2021-09-09,ASML.US,sell,815.3812,13.43,target_rebalance,3536.297,218,131.9340938611761,47.7
2021-04-06,AMAT.US,buy,134.7164,43.47,signal,0.0,0,0.0,0.0
2021-09-10,AMAT.US,sell,132.5441,43.47,target_rebalance,-94.4331,157,94.31744213862686,-1.61
2021-04-06,LRCX.US,buy,61.1877,54.92,signal,0.0,0,0.0,0.0
2021-09-10,LRCX.US,sell,57.1019,54.92,target_rebalance,-224.3927,157,90.36414598027054,-6.68
2021-09-02,MU.US,buy,71.4588,65.45,signal,0.0,0,0.0,0.0
2021-09-13,MU.US,sell,72.6335,65.45,target_rebalance,76.8834,11,5.958130164168358,1.64
2021-02-03,ASML.US,buy,556.3553,15.86,signal,0.0,0,0.0,0.0
2021-09-14,ASML.US,sell,842.3928,15.86,target_rebalance,4536.5556,223,132.88722704572834,51.41
2021-04-06,AMAT.US,buy,134.7122,65.64,signal,0.0,0,0.0,0.0
2021-09-15,AMAT.US,sell,134.1832,65.64,target_rebalance,-34.7269,162,97.12052510883619,-0.39
2021-02-03,ASML.US,buy,556.3553,2.11,signal,0.0,0,0.0,0.0
2021-09-15,ASML.US,sell,845.414,2.11,target_rebalance,609.914,224,133.88722704572834,51.96
2021-04-06,AMAT.US,buy,134.7122,15.37,signal,0.0,0,0.0,0.0
2021-09-16,AMAT.US,sell,134.5378,15.37,target_rebalance,-2.6806,163,98.12052510883619,-0.13
2021-04-06,LRCX.US,buy,61.1698,39.81,signal,0.0,0,0.0,0.0
2021-09-16,LRCX.US,sell,57.266,39.81,target_rebalance,-155.4086,163,93.95872947961414,-6.38
2021-09-02,MU.US,buy,71.46,30.77,signal,0.0,0,0.0,0.0
2021-09-16,MU.US,sell,71.4061,30.77,target_rebalance,-1.6598,14,8.800961648650578,-0.08
2021-04-06,AMAT.US,buy,134.7122,41.27,signal,0.0,0,0.0,0.0
2021-09-17,AMAT.US,sell,137.0683,41.27,target_rebalance,97.2371,164,99.12052510883619,1.75
2021-04-06,LRCX.US,buy,61.1698,90.29,signal,0.0,0,0.0,0.0
2021-09-17,LRCX.US,sell,58.3177,90.29,target_rebalance,-257.5129,164,94.95872947961412,-4.66
2021-09-02,MU.US,buy,71.46,33.52,signal,0.0,0,0.0,0.0
2021-09-17,MU.US,sell,72.4874,33.52,target_rebalance,34.4382,15,9.800961648650578,1.44
2021-04-06,LRCX.US,buy,61.1698,45.78,signal,0.0,0,0.0,0.0
2021-09-20,LRCX.US,sell,56.4163,45.78,target_rebalance,-217.6135,167,95.95872947961414,-7.77
2021-09-02,MU.US,buy,71.46,140.82,signal,0.0,0,0.0,0.0
2021-09-20,MU.US,sell,70.7242,140.82,target_rebalance,-103.6225,18,10.80096164865058,-1.03
2021-02-03,ASML.US,buy,564.4787,16.61,signal,0.0,0,0.0,0.0
2021-09-21,ASML.US,sell,819.6891,16.61,target_rebalance,4239.0449,230,133.84540695234443,45.21
2021-04-06,LRCX.US,buy,61.1235,57.11,signal,0.0,0,0.0,0.0
2021-09-22,LRCX.US,sell,56.3309,57.11,target_rebalance,-273.7029,169,97.0396813220287,-7.84
2021-09-02,MU.US,buy,71.4598,31.79,signal,0.0,0,0.0,0.0
2021-09-22,MU.US,sell,71.1528,31.79,target_rebalance,-9.758,20,12.790773056040953,-0.43
2021-04-06,AMAT.US,buy,134.6598,20.77,signal,0.0,0,0.0,0.0
2021-09-23,AMAT.US,sell,133.5505,20.77,target_rebalance,-23.0399,170,101.62536273930178,-0.82
2021-02-03,ASML.US,buy,565.6149,10.47,signal,0.0,0,0.0,0.0
2021-09-23,ASML.US,sell,836.2642,10.47,target_rebalance,2833.6974,232,135.230220064184,47.85
2021-04-06,AMAT.US,buy,134.6598,17.39,signal,0.0,0,0.0,0.0
2021-09-24,AMAT.US,sell,133.6272,17.39,target_rebalance,-17.9568,171,102.62536273930176,-0.77
2021-04-06,LRCX.US,buy,61.1049,104.2,signal,0.0,0,0.0,0.0
2021-09-24,LRCX.US,sell,57.34,104.2,target_rebalance,-392.3021,171,98.58898127165617,-6.16
2021-04-06,AMAT.US,buy,134.6598,44.46,signal,0.0,0,0.0,0.0
2021-09-27,AMAT.US,sell,133.8093,44.46,target_rebalance,-37.8122,174,103.62536273930178,-0.63
2021-04-06,LRCX.US,buy,61.1049,78.41,signal,0.0,0,0.0,0.0
2021-09-27,LRCX.US,sell,57.3229,78.41,target_rebalance,-296.5407,174,99.58898127165615,-6.19
2021-09-02,MU.US,buy,71.463,100.09,signal,0.0,0,0.0,0.0
2021-09-27,MU.US,sell,71.747,100.09,target_rebalance,28.4274,25,15.651192663177888,0.4
2021-04-06,AMAT.US,buy,134.6598,22.97,signal,0.0,0,0.0,0.0
2021-09-28,AMAT.US,sell,131.9019,22.97,target_rebalance,-63.3496,175,104.62536273930176,-2.05
2021-04-06,LRCX.US,buy,61.1049,96.2,signal,0.0,0,0.0,0.0
2021-09-28,LRCX.US,sell,56.6651,96.2,target_rebalance,-427.1074,175,100.58898127165617,-7.27
2021-09-02,MU.US,buy,71.463,351.62,signal,0.0,0,0.0,0.0
2021-09-28,MU.US,sell,72.5751,351.62,target_rebalance,391.02,26,16.651192663177884,1.56
2021-02-03,ASML.US,buy,580.4268,14.45,signal,0.0,0,0.0,0.0
2021-09-29,ASML.US,sell,748.2048,14.45,target_rebalance,2424.3926,238,129.7393324310135,28.91
2021-04-06,LRCX.US,buy,61.1049,158.16,signal,0.0,0,0.0,0.0
2021-09-29,LRCX.US,sell,55.7192,158.16,target_rebalance,-851.8021,176,101.58898127165614,-8.81
2021-09-02,MU.US,buy,71.4302,373.17,signal,0.0,0,0.0,0.0
2021-09-30,MU.US,sell,70.4328,373.17,target_rebalance,-372.2011,28,18.36209055323904,-1.4
2021-04-06,AMAT.US,buy,134.5291,28.02,signal,0.0,0,0.0,0.0
2021-10-01,AMAT.US,sell,123.8982,28.02,target_rebalance,-297.8762,178,106.08369162908987,-7.9
2021-04-06,LRCX.US,buy,61.0891,20.93,signal,0.0,0,0.0,0.0
2021-10-01,LRCX.US,sell,54.2941,20.93,target_rebalance,-142.2201,178,103.34091782709129,-11.12
2021-04-06,AMAT.US,buy,134.5291,5.54,signal,0.0,0,0.0,0.0
2021-10-04,AMAT.US,sell,122.3646,5.54,target_rebalance,-67.3911,181,107.08369162908986,-9.04
2021-04-06,LRCX.US,buy,61.0891,63.37,signal,0.0,0,0.0,0.0
2021-10-04,LRCX.US,sell,53.8045,63.37,target_rebalance,-461.6258,181,104.34091782709129,-11.92
2021-09-02,MU.US,buy,71.4255,11656.08,signal,0.0,0,0.0,0.0
2021-10-04,MU.US,sell,68.872,11656.08,signal,-29764.1362,32,20.308087701175065,-3.58
2021-04-06,AMAT.US,buy,134.5291,75.45,signal,0.0,0,0.0,0.0
2021-10-05,AMAT.US,sell,122.1921,75.45,target_rebalance,-930.8276,182,108.08369162908987,-9.17
2021-02-03,ASML.US,buy,584.847,6.52,signal,0.0,0,0.0,0.0
2021-10-05,ASML.US,sell,691.0552,6.52,target_rebalance,692.4777,244,129.3520540777579,18.16
2021-02-03,ASML.US,buy,584.847,4.03,signal,0.0,0,0.0,0.0
2021-10-06,ASML.US,sell,691.3793,4.03,target_rebalance,429.3252,245,130.3520540777579,18.22
2021-10-04,NVDA.US,buy,20.4495,377.47,signal,0.0,0,0.0,0.0
2021-10-06,NVDA.US,sell,20.0341,377.47,target_rebalance,-156.7738,2,1.9857009215861128,-2.03
2021-10-04,NVDA.US,buy,20.4495,699.01,signal,0.0,0,0.0,0.0
2021-10-07,NVDA.US,sell,21.002,699.01,target_rebalance,386.2186,3,2.9857009215861128,2.7
2021-02-03,ASML.US,buy,584.8526,5.61,signal,0.0,0,0.0,0.0
2021-10-08,ASML.US,sell,714.2352,5.61,target_rebalance,725.8364,247,132.34630160100932,22.12
2021-10-04,NVDA.US,buy,20.4495,79.81,signal,0.0,0,0.0,0.0
2021-10-08,NVDA.US,sell,21.0109,79.81,target_rebalance,44.812,4,3.985700921586113,2.75
2021-04-06,AMAT.US,buy,134.3432,16.16,signal,0.0,0,0.0,0.0
2021-10-11,AMAT.US,sell,120.4859,16.16,target_rebalance,-223.9346,188,110.32011775081997,-10.31
2021-04-06,LRCX.US,buy,60.9071,60.45,signal,0.0,0,0.0,0.0
2021-10-11,LRCX.US,sell,52.1085,60.45,target_rebalance,-531.8707,188,106.93846914534245,-14.45
2021-04-06,AMAT.US,buy,134.3432,45.14,signal,0.0,0,0.0,0.0
2021-10-12,AMAT.US,sell,123.419,45.14,target_rebalance,-493.1211,189,111.32011775081999,-8.13
2021-04-06,LRCX.US,buy,60.9071,6.4,signal,0.0,0,0.0,0.0
2021-10-12,LRCX.US,sell,53.0326,6.4,target_rebalance,-50.3966,189,107.93846914534245,-12.93
2021-02-03,ASML.US,buy,586.0188,9.59,signal,0.0,0,0.0,0.0
2021-10-13,ASML.US,sell,708.3165,9.59,target_rebalance,1172.8352,252,133.89334730921448,20.87
2021-10-04,NVDA.US,buy,20.4505,11.6,signal,0.0,0,0.0,0.0
2021-10-13,NVDA.US,sell,20.8287,11.6,target_rebalance,4.387,9,6.966283314773171,1.85
2021-02-03,ASML.US,buy,586.0188,15.86,signal,0.0,0,0.0,0.0
2021-10-14,ASML.US,sell,733.5265,15.86,target_rebalance,2339.4719,253,134.8933473092145,25.17
2021-02-03,ASML.US,buy,586.0188,0.38,signal,0.0,0,0.0,0.0
2021-10-15,ASML.US,sell,744.3541,0.38,target_rebalance,60.1674,254,135.8933473092145,27.02
2021-10-04,NVDA.US,buy,20.4516,305.77,signal,0.0,0,0.0,0.0
2021-10-15,NVDA.US,sell,21.7169,305.77,target_rebalance,386.88,11,8.95500814786289,6.19
2021-02-03,ASML.US,buy,586.0188,0.53,signal,0.0,0,0.0,0.0
2021-10-18,ASML.US,sell,737.8061,0.53,target_rebalance,80.4473,257,136.8933473092145,25.9
2021-10-04,NVDA.US,buy,20.4516,249.64,signal,0.0,0,0.0,0.0
2021-10-18,NVDA.US,sell,21.6562,249.64,target_rebalance,300.6995,14,9.955008147862891,5.89
2021-04-06,AMAT.US,buy,134.2349,3.64,signal,0.0,0,0.0,0.0
2021-10-19,AMAT.US,sell,127.7994,3.64,target_rebalance,-23.4252,196,114.76901621699344,-4.79
2021-10-04,NVDA.US,buy,20.4516,151.29,signal,0.0,0,0.0,0.0
2021-10-19,NVDA.US,sell,22.1809,151.29,target_rebalance,261.6227,15,10.955008147862891,8.46
2021-04-06,AMAT.US,buy,134.2349,29.73,signal,0.0,0,0.0,0.0
2021-10-20,AMAT.US,sell,128.4129,29.73,target_rebalance,-173.0892,197,115.7690162169934,-4.34
2021-04-06,LRCX.US,buy,60.7099,4.38,signal,0.0,0,0.0,0.0
2021-10-20,LRCX.US,sell,54.2447,4.38,target_rebalance,-28.3177,197,111.11969727856273,-10.65
2021-10-04,NVDA.US,buy,20.4516,38.84,signal,0.0,0,0.0,0.0
2021-10-20,NVDA.US,sell,22.2098,38.84,target_rebalance,68.2866,16,11.955008147862891,8.6
2021-04-06,AMAT.US,buy,134.2349,40.87,signal,0.0,0,0.0,0.0
2021-10-21,AMAT.US,sell,126.1987,40.87,target_rebalance,-328.4402,198,116.7690162169934,-5.99
2021-10-04,NVDA.US,buy,20.4516,538.44,signal,0.0,0,0.0,0.0
2021-10-21,NVDA.US,sell,22.0027,538.44,target_rebalance,835.1458,17,12.955008147862888,7.58
2021-02-03,ASML.US,buy,587.2676,11.0,signal,0.0,0,0.0,0.0
2021-10-22,ASML.US,sell,760.7765,11.0,target_rebalance,1908.5976,261,139.81634054007054,29.55
2021-10-04,NVDA.US,buy,20.4516,10.71,signal,0.0,0,0.0,0.0
2021-10-22,NVDA.US,sell,22.7256,10.71,target_rebalance,24.3539,18,13.95500814786289,11.12
2021-04-06,AMAT.US,buy,134.2199,16.63,signal,0.0,0,0.0,0.0
2021-10-25,AMAT.US,sell,130.5983,16.63,target_rebalance,-60.2272,202,118.36517088680132,-2.7
2021-10-04,NVDA.US,buy,20.4516,128.21,signal,0.0,0,0.0,0.0
2021-10-25,NVDA.US,sell,22.8749,128.21,target_rebalance,310.6911,21,14.955008147862891,11.85
2021-10-04,NVDA.US,buy,20.4516,1178.55,signal,0.0,0,0.0,0.0
2021-10-26,NVDA.US,sell,23.8866,1178.55,target_rebalance,4048.2779,22,15.955008147862891,16.8
2021-02-03,ASML.US,buy,589.7794,6.49,signal,0.0,0,0.0,0.0
2021-10-27,ASML.US,sell,760.6526,6.49,target_rebalance,1108.9668,266,140.76110359699686,28.97
2021-10-04,NVDA.US,buy,20.4516,916.8,signal,0.0,0,0.0,0.0
2021-10-27,NVDA.US,sell,24.3695,916.8,target_rebalance,3591.9315,23,16.95500814786289,19.16
2021-02-03,ASML.US,buy,589.7794,1.75,signal,0.0,0,0.0,0.0
2021-10-28,ASML.US,sell,775.9597,1.75,target_rebalance,325.8156,267,141.76110359699683,31.57
2021-04-06,LRCX.US,buy,60.2671,129.67,signal,0.0,0,0.0,0.0
2021-10-28,LRCX.US,sell,53.5925,129.67,target_rebalance,-865.4958,205,110.96834115525213,-11.08
2021-04-06,AMAT.US,buy,134.0271,16.82,signal,0.0,0,0.0,0.0
2021-10-29,AMAT.US,sell,129.1988,16.82,target_rebalance,-81.2117,206,118.2920447884495,-3.6
2021-10-04,NVDA.US,buy,20.4517,203.4,signal,0.0,0,0.0,0.0
2021-10-29,NVDA.US,sell,24.8943,203.4,target_rebalance,903.6326,25,18.954967422615525,21.72
2021-04-06,AMAT.US,buy,134.0271,19.63,signal,0.0,0,0.0,0.0
2021-11-01,AMAT.US,sell,131.298,19.63,target_rebalance,-53.5727,209,119.29204478844949,-2.04
2021-10-04,NVDA.US,buy,20.4517,431.55,signal,0.0,0,0.0,0.0
2021-11-01,NVDA.US,sell,25.5395,431.55,target_rebalance,2195.6709,28,19.954967422615525,24.88
2021-04-06,AMAT.US,buy,134.0271,37.13,signal,0.0,0,0.0,0.0
2021-11-02,AMAT.US,sell,133.7135,37.13,target_rebalance,-11.6456,210,120.29204478844949,-0.23
2021-04-06,LRCX.US,buy,60.2248,39.2,signal,0.0,0,0.0,0.0
2021-11-02,LRCX.US,sell,54.6383,39.2,target_rebalance,-218.9912,210,113.28363827951421,-9.28
2021-04-06,AMAT.US,buy,134.0271,2.35,signal,0.0,0,0.0,0.0
2021-11-03,AMAT.US,sell,135.573,2.35,target_rebalance,3.6329,211,121.29204478844952,1.15
2021-10-04,NVDA.US,buy,20.4728,581.14,signal,0.0,0,0.0,0.0
2021-11-03,NVDA.US,sell,26.5562,581.14,target_rebalance,3535.3097,30,21.87168693569088,29.71
2021-10-04,NVDA.US,buy,20.4728,172.69,signal,0.0,0,0.0,0.0
2021-11-04,NVDA.US,sell,27.1128,172.69,target_rebalance,1146.665,31,22.87168693569088,32.43
2021-10-04,NVDA.US,buy,20.4728,1716.05,signal,0.0,0,0.0,0.0
2021-11-05,NVDA.US,sell,30.0582,1716.05,target_rebalance,16449.0203,32,23.871686935690885,46.82
2021-04-06,AMAT.US,buy,134.0678,95.0,signal,0.0,0,0.0,0.0
2021-11-08,AMAT.US,sell,148.4364,95.0,target_rebalance,1365.0171,216,123.74034689575706,10.72
2021-04-06,LRCX.US,buy,60.0957,123.55,signal,0.0,0,0.0,0.0
2021-11-08,LRCX.US,sell,58.4656,123.55,target_rebalance,-201.3961,216,113.42163889546843,-2.71
2021-10-04,NVDA.US,buy,20.5981,1750.8,signal,0.0,0,0.0,0.0
2021-11-09,NVDA.US,sell,32.1442,1750.8,target_rebalance,20215.0048,36,25.547328868366414,56.05
2021-04-06,AMAT.US,buy,134.3425,179.45,signal,0.0,0,0.0,0.0
2021-11-10,AMAT.US,sell,146.8931,179.45,target_rebalance,2252.2044,218,123.07516801606066,9.34
2021-04-06,LRCX.US,buy,60.0611,547.78,signal,0.0,0,0.0,0.0
2021-11-10,LRCX.US,sell,58.4219,547.78,target_rebalance,-897.9217,218,113.43144248151825,-2.73
2021-10-04,NVDA.US,buy,21.1527,875.74,signal,0.0,0,0.0,0.0
2021-11-11,NVDA.US,sell,30.338,875.74,target_rebalance,8043.9064,38,25.85319300520461,43.42
2021-04-06,AMAT.US,buy,134.4962,67.51,signal,0.0,0,0.0,0.0
2021-11-12,AMAT.US,sell,148.2542,67.51,target_rebalance,928.8045,220,123.46798681836997,10.23
2021-02-03,ASML.US,buy,606.5782,2.8,signal,0.0,0,0.0,0.0
2021-11-12,ASML.US,sell,802.6984,2.8,target_rebalance,549.1365,282,141.12480196512578,32.33
2021-04-06,LRCX.US,buy,60.0484,7.34,signal,0.0,0,0.0,0.0
2021-11-12,LRCX.US,sell,58.6938,7.34,target_rebalance,-9.9428,220,114.53025986039164,-2.26
2021-04-06,LRCX.US,buy,60.0484,85.53,signal,0.0,0,0.0,0.0
2021-11-15,LRCX.US,sell,60.0817,85.53,target_rebalance,2.8525,223,115.53025986039162,0.06
2021-02-03,ASML.US,buy,606.5782,7.88,signal,0.0,0,0.0,0.0
2021-11-16,ASML.US,sell,813.707,7.88,target_rebalance,1632.1745,286,143.12480196512576,34.15
2021-04-06,LRCX.US,buy,60.0484,109.37,signal,0.0,0,0.0,0.0
2021-11-16,LRCX.US,sell,59.8127,109.37,target_rebalance,-25.7768,224,116.53025986039164,-0.39
2021-04-06,AMAT.US,buy,134.5213,9.78,signal,0.0,0,0.0,0.0
2021-11-17,AMAT.US,sell,151.3598,9.78,target_rebalance,164.6809,225,126.27586224893858,12.52
2021-10-04,NVDA.US,buy,21.4297,207.65,signal,0.0,0,0.0,0.0
2021-11-17,NVDA.US,sell,30.2882,207.65,target_rebalance,1839.455,44,28.96522838150442,41.34
2021-10-04,NVDA.US,buy,21.4297,1273.34,signal,0.0,0,0.0,0.0
2021-11-18,NVDA.US,sell,32.2289,1273.34,target_rebalance,13750.9577,45,29.965228381504424,50.39
2021-02-03,ASML.US,buy,607.585,2.35,signal,0.0,0,0.0,0.0
2021-11-19,ASML.US,sell,828.3562,2.35,target_rebalance,518.8123,289,145.47309970999527,36.34
2021-04-06,LRCX.US,buy,60.0612,220.2,signal,0.0,0,0.0,0.0
2021-11-19,LRCX.US,sell,60.5,220.2,target_rebalance,96.619,227,116.93933846414977,0.73
2021-10-04,NVDA.US,buy,21.4297,385.95,signal,0.0,0,0.0,0.0
2021-11-19,NVDA.US,sell,32.1054,385.95,target_rebalance,4120.269,46,30.96522838150442,49.82
2021-04-06,LRCX.US,buy,60.0612,174.81,signal,0.0,0,0.0,0.0
2021-11-22,LRCX.US,sell,61.8804,174.81,target_rebalance,318.0057,230,117.93933846414976,3.03
2021-10-04,NVDA.US,buy,21.4297,828.65,signal,0.0,0,0.0,0.0
2021-11-22,NVDA.US,sell,33.374,828.65,target_rebalance,9897.5732,49,31.965228381504424,55.74
2021-04-06,AMAT.US,buy,135.2644,106.9,signal,0.0,0,0.0,0.0
2021-11-23,AMAT.US,sell,142.5415,106.9,target_rebalance,777.9194,231,122.62282453482572,5.38
2021-04-06,LRCX.US,buy,60.0612,456.92,signal,0.0,0,0.0,0.0
2021-11-23,LRCX.US,sell,61.6028,456.92,target_rebalance,704.3686,231,118.93933846414977,2.57
2021-04-06,AMAT.US,buy,135.2644,48.1,signal,0.0,0,0.0,0.0
2021-11-24,AMAT.US,sell,142.4643,48.1,target_rebalance,346.3179,232,123.62282453482571,5.32
2021-04-06,LRCX.US,buy,60.0612,265.95,signal,0.0,0,0.0,0.0
2021-11-24,LRCX.US,sell,62.1732,265.95,target_rebalance,561.6715,232,119.93933846414976,3.52
2021-10-04,NVDA.US,buy,21.6908,98.95,signal,0.0,0,0.0,0.0
2021-11-24,NVDA.US,sell,31.3267,98.95,target_rebalance,953.4718,51,33.1074099607734,44.42
2021-10-04,NVDA.US,buy,21.6908,944.99,signal,0.0,0,0.0,0.0
2021-11-26,NVDA.US,sell,32.4609,944.99,target_rebalance,10177.575,53,34.1074099607734,49.65
2021-04-06,AMAT.US,buy,135.3682,22.57,signal,0.0,0,0.0,0.0
2021-11-29,AMAT.US,sell,140.909,22.57,target_rebalance,125.0558,237,122.93308505104996,4.09
2021-02-03,ASML.US,buy,619.6098,8.96,signal,0.0,0,0.0,0.0
2021-11-29,ASML.US,sell,759.7063,8.96,target_rebalance,1255.2646,299,140.0934323298923,22.61
2021-04-06,AMAT.US,buy,135.3682,22.56,signal,0.0,0,0.0,0.0
2021-11-30,AMAT.US,sell,145.0757,22.56,target_rebalance,219.0005,238,123.93308505104994,7.17
2021-04-06,LRCX.US,buy,60.08,126.95,signal,0.0,0,0.0,0.0
2021-11-30,LRCX.US,sell,64.2009,126.95,target_rebalance,523.1477,238,121.79810993424014,6.86
2021-04-06,LRCX.US,buy,60.08,262.38,signal,0.0,0,0.0,0.0
2021-12-01,LRCX.US,sell,65.8523,262.38,target_rebalance,1514.5163,239,122.79810993424014,9.61
2021-04-06,AMAT.US,buy,135.426,63.91,signal,0.0,0,0.0,0.0
2021-12-02,AMAT.US,sell,142.0899,63.91,target_rebalance,425.8894,240,125.22077004646279,4.92
2021-04-06,LRCX.US,buy,60.08,15532.01,signal,0.0,0,0.0,0.0
2021-12-02,LRCX.US,sell,64.9168,15532.01,signal,75124.7888,240,123.79810993424012,8.05
2021-12-02,AMD.US,buy,147.8277,72.73,signal,0.0,0,0.0,0.0
2021-12-03,AMD.US,sell,151.4983,72.73,target_rebalance,266.9679,1,1.0,2.48
2021-10-04,NVDA.US,buy,22.1386,292.99,signal,0.0,0,0.0,0.0
2021-12-03,NVDA.US,sell,31.8673,292.99,target_rebalance,2850.4052,60,37.43550498336176,43.94
2021-04-06,AMAT.US,buy,135.4865,188.65,signal,0.0,0,0.0,0.0
2021-12-06,AMAT.US,sell,139.9585,188.65,target_rebalance,843.6476,244,126.19415971233147,3.3
2021-02-03,ASML.US,buy,623.0788,14.2,signal,0.0,0,0.0,0.0
2021-12-06,ASML.US,sell,725.1807,14.2,target_rebalance,1449.8471,306,141.60310089954012,16.39
2021-04-06,AMAT.US,buy,135.4865,24.43,signal,0.0,0,0.0,0.0
2021-12-07,AMAT.US,sell,144.9701,24.43,target_rebalance,231.6853,245,127.19415971233147,7.0
2021-02-03,ASML.US,buy,623.0788,7.96,signal,0.0,0,0.0,0.0
2021-12-07,ASML.US,sell,753.0076,7.96,target_rebalance,1034.2335,307,142.60310089954015,20.85
2021-10-04,NVDA.US,buy,22.2813,57.97,signal,0.0,0,0.0,0.0
2021-12-07,NVDA.US,sell,30.8286,57.97,target_rebalance,495.487,64,38.7210819302237,38.36
2021-04-06,AMAT.US,buy,135.4865,93.46,signal,0.0,0,0.0,0.0
2021-12-08,AMAT.US,sell,150.5961,93.46,target_rebalance,1412.1429,246,128.1941597123315,11.15
2021-10-04,NVDA.US,buy,22.2813,282.18,signal,0.0,0,0.0,0.0
2021-12-08,NVDA.US,sell,31.8663,282.18,target_rebalance,2704.6919,65,39.7210819302237,43.02
2021-04-06,AMAT.US,buy,135.4865,14.05,signal,0.0,0,0.0,0.0
2021-12-09,AMAT.US,sell,149.6168,14.05,target_rebalance,198.5311,247,129.19415971233147,10.43
2021-12-02,AMD.US,buy,147.5982,55.51,signal,0.0,0,0.0,0.0
2021-12-09,AMD.US,sell,145.0148,55.51,target_rebalance,-143.4001,7,4.854698463661705,-1.75
2021-10-04,NVDA.US,buy,22.2813,9.58,signal,0.0,0,0.0,0.0
2021-12-09,NVDA.US,sell,31.6024,9.58,target_rebalance,89.296,66,40.72108193022369,41.83
2021-04-06,AMAT.US,buy,135.4865,102.14,signal,0.0,0,0.0,0.0
2021-12-10,AMAT.US,sell,149.876,102.14,target_rebalance,1469.7457,248,130.19415971233147,10.62
2021-02-03,ASML.US,buy,625.1842,0.36,signal,0.0,0,0.0,0.0
2021-12-10,ASML.US,sell,742.7636,0.36,target_rebalance,42.3286,310,143.31471419845067,18.81
2021-04-06,AMAT.US,buy,135.4865,11.34,signal,0.0,0,0.0,0.0
2021-12-13,AMAT.US,sell,147.9367,11.34,target_rebalance,141.185,251,131.1941597123315,9.19
2021-02-03,ASML.US,buy,625.1842,25.02,signal,0.0,0,0.0,0.0
2021-12-13,ASML.US,sell,745.9076,25.02,target_rebalance,3020.4992,313,144.31471419845067,19.31
2021-12-02,AMD.US,buy,147.4645,44.99,signal,0.0,0,0.0,0.0
2021-12-14,AMD.US,sell,131.5383,44.99,target_rebalance,-716.517,12,7.74096077148676,-10.8
2021-02-03,ASML.US,buy,625.1842,29.84,signal,0.0,0,0.0,0.0
2021-12-14,ASML.US,sell,720.9188,29.84,target_rebalance,2856.7226,314,145.3147141984507,15.31
2021-12-02,AMD.US,buy,147.4645,34.19,signal,0.0,0,0.0,0.0
2021-12-15,AMD.US,sell,134.9749,34.19,target_rebalance,-427.0186,13,8.74096077148676,-8.47
2021-10-04,NVDA.US,buy,22.5802,69.86,signal,0.0,0,0.0,0.0
2021-12-15,NVDA.US,sell,28.2823,69.86,target_rebalance,398.3446,72,42.67300290289864,25.25
2021-12-02,AMD.US,buy,147.4645,129.83,signal,0.0,0,0.0,0.0
2021-12-16,AMD.US,sell,146.853,129.83,target_rebalance,-79.3869,14,9.74096077148676,-0.41
2021-10-04,NVDA.US,buy,22.5802,884.21,signal,0.0,0,0.0,0.0
2021-12-16,NVDA.US,sell,31.0228,884.21,target_rebalance,7465.056,73,43.67300290289864,37.39
2021-04-06,AMAT.US,buy,135.7922,84.56,signal,0.0,0,0.0,0.0
2021-12-17,AMAT.US,sell,139.4881,84.56,target_rebalance,312.5229,255,131.8540669584183,2.72
2021-02-03,ASML.US,buy,628.7334,15.22,signal,0.0,0,0.0,0.0
2021-12-17,ASML.US,sell,717.8035,15.22,target_rebalance,1355.6462,317,144.39435379324757,14.17
2021-04-06,AMAT.US,buy,135.7922,0.55,signal,0.0,0,0.0,0.0
2021-12-20,AMAT.US,sell,138.0576,0.55,target_rebalance,1.246,258,132.8540669584183,1.67
2021-12-02,AMD.US,buy,147.4645,53.09,signal,0.0,0,0.0,0.0
2021-12-20,AMD.US,sell,135.834,53.09,target_rebalance,-617.4599,18,11.74096077148676,-7.89
2021-02-03,ASML.US,buy,628.7334,7.29,signal,0.0,0,0.0,0.0
2021-12-20,ASML.US,sell,714.4017,7.29,target_rebalance,624.5215,320,145.39435379324757,13.63
2021-04-06,AMAT.US,buy,135.7922,38.83,signal,0.0,0,0.0,0.0
2021-12-21,AMAT.US,sell,143.3956,38.83,target_rebalance,295.2387,259,133.85406695841831,5.6
2021-02-03,ASML.US,buy,628.7334,6.22,signal,0.0,0,0.0,0.0
2021-12-21,ASML.US,sell,741.2825,6.22,target_rebalance,700.0552,321,146.39435379324757,17.9
2021-10-04,NVDA.US,buy,22.8008,145.22,signal,0.0,0,0.0,0.0
2021-12-21,NVDA.US,sell,28.2564,145.22,target_rebalance,792.2631,78,44.73543910165802,23.93
2021-12-02,AMD.US,buy,147.3383,107.14,signal,0.0,0,0.0,0.0
2021-12-22,AMD.US,sell,142.5073,107.14,target_rebalance,-517.5911,20,13.565046525505322,-3.28
2021-10-04,NVDA.US,buy,22.8008,134.25,signal,0.0,0,0.0,0.0
2021-12-22,NVDA.US,sell,28.7712,134.25,target_rebalance,801.534,79,45.735439101658024,26.19
2021-10-04,NVDA.US,buy,22.8008,321.9,signal,0.0,0,0.0,0.0
2021-12-23,NVDA.US,sell,29.6316,321.9,target_rebalance,2198.8605,80,46.73543910165802,29.96
2021-04-06,AMAT.US,buy,135.8596,56.46,signal,0.0,0,0.0,0.0
2021-12-27,AMAT.US,sell,149.9528,56.46,target_rebalance,795.703,265,135.78151243650763,10.37
2021-12-02,AMD.US,buy,147.3082,84.91,signal,0.0,0,0.0,0.0
2021-12-27,AMD.US,sell,147.3625,84.91,target_rebalance,4.6111,25,15.432175902973592,0.04
2021-12-02,AMD.US,buy,147.3082,71.71,signal,0.0,0,0.0,0.0
2021-12-28,AMD.US,sell,155.7241,71.71,target_rebalance,603.5075,26,16.43217590297359,5.71
2021-10-04,NVDA.US,buy,22.8787,257.55,signal,0.0,0,0.0,0.0
2021-12-28,NVDA.US,sell,31.1822,257.55,target_rebalance,2138.5598,85,48.18787787432926,36.29
2021-04-06,AMAT.US,buy,135.8752,22.35,signal,0.0,0,0.0,0.0
2021-12-29,AMAT.US,sell,153.5146,22.35,target_rebalance,394.2412,267,137.67905391149006,12.98
2021-12-02,AMD.US,buy,147.3082,25.51,signal,0.0,0,0.0,0.0
2021-12-29,AMD.US,sell,152.6672,25.51,target_rebalance,136.7083,27,17.432175902973594,3.64
2021-04-06,AMAT.US,buy,135.8752,94.16,signal,0.0,0,0.0,0.0
2021-12-30,AMAT.US,sell,154.2635,94.16,target_rebalance,1731.4414,268,138.6790539114901,13.53
2021-02-03,ASML.US,buy,633.4282,19.05,signal,0.0,0,0.0,0.0
2021-12-30,ASML.US,sell,768.0009,19.05,target_rebalance,2563.6111,330,147.31186957587224,21.25
2021-02-03,ASML.US,buy,633.4282,6.96,signal,0.0,0,0.0,0.0
2021-12-31,ASML.US,sell,765.9177,6.96,target_rebalance,922.1273,331,148.31186957587224,20.92
2021-10-04,NVDA.US,buy,22.9743,30.64,signal,0.0,0,0.0,0.0
2021-12-31,NVDA.US,sell,29.551,30.64,target_rebalance,201.5097,88,50.52506313509982,28.63
2021-10-04,NVDA.US,buy,22.9743,259.09,signal,0.0,0,0.0,0.0
2022-01-03,NVDA.US,sell,29.6914,259.09,target_rebalance,1740.3333,91,51.52506313509981,29.24
2021-12-02,AMD.US,buy,147.306,142.77,signal,0.0,0,0.0,0.0
2022-01-04,AMD.US,sell,150.859,142.77,target_rebalance,507.2528,33,20.8953166625458,2.41
2021-04-06,AMAT.US,buy,136.0059,145.2,signal,0.0,0,0.0,0.0
2022-01-05,AMAT.US,sell,151.7289,145.2,target_rebalance,2282.9763,274,141.5816734969491,11.56
2021-04-06,AMAT.US,buy,136.0059,56.56,signal,0.0,0,0.0,0.0
2022-01-06,AMAT.US,sell,147.159,56.56,target_rebalance,630.8187,275,142.5816734969491,8.2
2021-02-03,ASML.US,buy,636.1207,4.56,signal,0.0,0,0.0,0.0
2022-01-06,ASML.US,sell,706.6899,4.56,target_rebalance,321.7957,337,149.11948726703682,11.09
2021-02-03,ASML.US,buy,636.1207,15.01,signal,0.0,0,0.0,0.0
2022-01-07,ASML.US,sell,724.7125,15.01,target_rebalance,1329.7629,338,150.11948726703682,13.93
2021-10-04,NVDA.US,buy,23.0492,73.35,signal,0.0,0,0.0,0.0
2022-01-07,NVDA.US,sell,28.0243,73.35,target_rebalance,364.9252,95,54.75925787556763,21.58
2021-04-06,AMAT.US,buy,136.0059,18.5,signal,0.0,0,0.0,0.0
2022-01-10,AMAT.US,sell,141.821,18.5,target_rebalance,107.5792,279,144.58167349694907,4.28
2021-12-02,AMD.US,buy,146.993,126.31,signal,0.0,0,0.0,0.0
2022-01-11,AMD.US,sell,133.3165,126.31,target_rebalance,-1727.4784,40,25.021519112716764,-9.3
2021-10-04,NVDA.US,buy,23.054,422.67,signal,0.0,0,0.0,0.0
2022-01-11,NVDA.US,sell,27.2097,422.67,target_rebalance,1756.5109,99,56.68288835688443,18.03
2021-04-06,AMAT.US,buy,136.0499,15.69,signal,0.0,0,0.0,0.0
2022-01-12,AMAT.US,sell,148.5512,15.69,target_rebalance,196.1449,281,145.63182373527022,9.19
2021-12-02,AMD.US,buy,146.993,2.36,signal,0.0,0,0.0,0.0
2022-01-12,AMD.US,sell,138.4514,2.36,target_rebalance,-20.1583,41,26.02151911271676,-5.81
2021-02-03,ASML.US,buy,637.2392,7.06,signal,0.0,0,0.0,0.0
2022-01-12,ASML.US,sell,706.4797,7.06,target_rebalance,488.8376,343,148.99040179298873,10.87
2021-04-06,AMAT.US,buy,136.0499,178.72,signal,0.0,0,0.0,0.0
2022-01-13,AMAT.US,sell,157.4509,178.72,target_rebalance,3824.792,282,146.63182373527025,15.73
2021-02-03,ASML.US,buy,637.2392,18.7,signal,0.0,0,0.0,0.0
2022-01-13,ASML.US,sell,738.1099,18.7,target_rebalance,1886.2812,344,149.99040179298873,15.83
2021-04-06,AMAT.US,buy,136.0499,39.12,signal,0.0,0,0.0,0.0
2022-01-14,AMAT.US,sell,149.5592,39.12,target_rebalance,528.4838,283,147.63182373527025,9.93
2021-02-03,ASML.US,buy,637.2392,11.74,signal,0.0,0,0.0,0.0
2022-01-14,ASML.US,sell,702.9346,11.74,target_rebalance,771.2636,345,150.99040179298873,10.31
2021-04-06,AMAT.US,buy,136.0499,229.25,signal,0.0,0,0.0,0.0
2022-01-18,AMAT.US,sell,158.7566,229.25,target_rebalance,5205.5205,287,148.63182373527025,16.69
2021-12-02,AMD.US,buy,146.8337,85.8,signal,0.0,0,0.0,0.0
2022-01-19,AMD.US,sell,133.4165,85.8,target_rebalance,-1151.1984,48,29.441565190843722,-9.14
2021-02-03,ASML.US,buy,638.1288,18.31,signal,0.0,0,0.0,0.0
2022-01-19,ASML.US,sell,704.2148,18.31,target_rebalance,1210.0347,350,151.1204135103577,10.36
2021-10-04,NVDA.US,buy,23.3163,446.93,signal,0.0,0,0.0,0.0
2022-01-19,NVDA.US,sell,25.9709,446.93,target_rebalance,1186.3885,107,57.72192822285552,11.38
2021-02-03,ASML.US,buy,638.1288,30.6,signal,0.0,0,0.0,0.0
2022-01-20,ASML.US,sell,692.7001,30.6,target_rebalance,1669.8816,351,152.1204135103577,8.55
2021-10-04,NVDA.US,buy,23.3163,352.48,signal,0.0,0,0.0,0.0
2022-01-20,NVDA.US,sell,25.1991,352.48,target_rebalance,663.6282,108,58.72192822285551,8.07
2021-12-02,AMD.US,buy,146.5113,2.58,signal,0.0,0,0.0,0.0
2022-01-21,AMD.US,sell,120.0199,2.58,target_rebalance,-68.3479,50,30.966690817857337,-18.08
2021-02-03,ASML.US,buy,638.1288,32.45,signal,0.0,0,0.0,0.0
2022-01-21,ASML.US,sell,675.8817,32.45,target_rebalance,1225.082,352,153.1204135103577,5.92
2021-04-06,AMAT.US,buy,136.6312,12.04,signal,0.0,0,0.0,0.0
2022-01-24,AMAT.US,sell,126.2584,12.04,target_rebalance,-124.889,293,142.41994844009426,-7.59
2021-12-02,AMD.US,buy,146.5113,58.15,signal,0.0,0,0.0,0.0
2022-01-24,AMD.US,sell,115.2846,58.15,target_rebalance,-1815.8312,53,31.966690817857337,-21.31
2021-04-06,AMAT.US,buy,136.6312,149.91,signal,0.0,0,0.0,0.0
2022-01-25,AMAT.US,sell,129.417,149.91,target_rebalance,-1081.4833,294,143.41994844009426,-5.28
2021-10-04,NVDA.US,buy,23.3164,244.24,signal,0.0,0,0.0,0.0
2022-01-25,NVDA.US,sell,22.4525,244.24,target_rebalance,-210.9982,113,60.29467017784594,-3.71
2021-04-06,AMAT.US,buy,136.6312,25.78,signal,0.0,0,0.0,0.0
2022-01-26,AMAT.US,sell,132.2108,25.78,target_rebalance,-113.959,295,144.41994844009423,-3.24
2021-10-04,NVDA.US,buy,23.3164,465.96,signal,0.0,0,0.0,0.0
2022-01-26,NVDA.US,sell,23.1436,465.96,target_rebalance,-80.5069,114,61.29467017784593,-0.74
2021-02-03,ASML.US,buy,637.8334,12.78,signal,0.0,0,0.0,0.0
2022-01-27,ASML.US,sell,635.2784,12.78,target_rebalance,-32.6518,358,151.91643619575086,-0.4
2021-10-04,NVDA.US,buy,23.3164,739.83,signal,0.0,0,0.0,0.0
2022-01-27,NVDA.US,sell,23.4703,739.83,target_rebalance,113.8366,115,62.29467017784593,0.66
2021-04-06,AMAT.US,buy,136.5098,150.06,signal,0.0,0,0.0,0.0
2022-01-28,AMAT.US,sell,124.4246,150.06,target_rebalance,-1813.501,297,144.06386899741534,-8.85
2021-02-03,ASML.US,buy,637.8334,16.87,signal,0.0,0,0.0,0.0
2022-01-28,ASML.US,sell,605.4639,16.87,target_rebalance,-546.0719,359,152.91643619575083,-5.07
2021-12-02,AMD.US,buy,143.6956,134.38,signal,0.0,0,0.0,0.0
2022-01-31,AMD.US,sell,107.8221,134.38,target_rebalance,-4820.6861,60,34.4265141953328,-24.96
2021-10-04,NVDA.US,buy,23.3098,308.96,signal,0.0,0,0.0,0.0
2022-01-31,NVDA.US,sell,23.0859,308.96,target_rebalance,-69.1752,119,63.98395633391059,-0.96
2021-12-02,AMD.US,buy,143.6956,129.11,signal,0.0,0,0.0,0.0
2022-02-01,AMD.US,sell,116.6333,129.11,target_rebalance,-3494.0212,61,35.4265141953328,-18.83
2021-10-04,NVDA.US,buy,23.3098,640.07,signal,0.0,0,0.0,0.0
2022-02-01,NVDA.US,sell,24.9999,640.07,target_rebalance,1081.8037,120,64.98395633391058,7.25
2021-12-02,AMD.US,buy,143.6956,464.88,signal,0.0,0,0.0,0.0
2022-02-02,AMD.US,sell,129.7601,464.88,target_rebalance,-6478.3351,62,36.42651419533281,-9.7
2021-04-06,AMAT.US,buy,136.2986,172.62,signal,0.0,0,0.0,0.0
2022-02-03,AMAT.US,sell,132.6716,172.62,target_rebalance,-626.0891,303,139.85716314068944,-2.66
2021-02-03,ASML.US,buy,638.5241,2.8,signal,0.0,0,0.0,0.0
2022-02-03,ASML.US,sell,629.822,2.8,target_rebalance,-24.366,365,148.21983915875643,-1.36
2021-12-02,AMD.US,buy,143.0632,98.34,signal,0.0,0,0.0,0.0
2022-02-04,AMD.US,sell,120.2197,98.34,target_rebalance,-2246.4349,64,37.40874304852007,-15.97
2021-12-02,AMD.US,buy,143.0632,73.94,signal,0.0,0,0.0,0.0
2022-02-07,AMD.US,sell,123.4364,73.94,target_rebalance,-1451.2034,67,38.40874304852008,-13.72
2021-04-06,AMAT.US,buy,136.1986,12.66,signal,0.0,0,0.0,0.0
2022-02-08,AMAT.US,sell,129.4554,12.66,target_rebalance,-85.3692,308,140.7213820389404,-4.95
2021-12-02,AMD.US,buy,143.0632,8.0,signal,0.0,0,0.0,0.0
2022-02-08,AMD.US,sell,122.2576,8.0,target_rebalance,-166.4447,68,39.40874304852007,-14.54
2021-10-04,NVDA.US,buy,23.3456,316.45,signal,0.0,0,0.0,0.0
2022-02-08,NVDA.US,sell,24.258,316.45,target_rebalance,288.742,127,68.57659177744172,3.91
2021-12-02,AMD.US,buy,143.0632,37.34,signal,0.0,0,0.0,0.0
2022-02-09,AMD.US,sell,129.4704,37.34,target_rebalance,-507.5552,69,40.40874304852007,-9.5
2021-12-02,AMD.US,buy,143.0632,8.29,signal,0.0,0,0.0,0.0
2022-02-10,AMD.US,sell,128.7112,8.29,target_rebalance,-118.9785,70,41.40874304852008,-10.03
2021-10-04,NVDA.US,buy,23.3456,687.07,signal,0.0,0,0.0,0.0
2022-02-10,NVDA.US,sell,25.8872,687.07,target_rebalance,1746.297,129,70.5765917774417,10.89
2021-04-06,AMAT.US,buy,136.1881,10.05,signal,0.0,0,0.0,0.0
2022-02-11,AMAT.US,sell,133.9773,10.05,target_rebalance,-22.2178,311,142.77850282280693,-1.62
2021-02-03,ASML.US,buy,637.8155,10.71,signal,0.0,0,0.0,0.0
2022-02-11,ASML.US,sell,628.3408,10.71,target_rebalance,-101.4737,373,148.51370346907643,-1.49
2021-10-04,NVDA.US,buy,23.3456,74.77,signal,0.0,0,0.0,0.0
2022-02-11,NVDA.US,sell,25.8085,74.77,target_rebalance,184.1573,130,71.57659177744172,10.55
2021-04-06,AMAT.US,buy,136.1881,87.59,signal,0.0,0,0.0,0.0
2022-02-14,AMAT.US,sell,127.0841,87.59,target_rebalance,-797.4192,314,143.77850282280693,-6.68
2021-02-03,ASML.US,buy,637.8155,23.95,signal,0.0,0,0.0,0.0
2022-02-14,ASML.US,sell,598.345,23.95,target_rebalance,-945.3186,376,149.51370346907646,-6.19
2021-02-03,ASML.US,buy,637.8155,9.41,signal,0.0,0,0.0,0.0
2022-02-15,ASML.US,sell,618.7275,9.41,target_rebalance,-179.6175,377,150.51370346907646,-2.99
2021-10-04,NVDA.US,buy,23.3515,437.49,signal,0.0,0,0.0,0.0
2022-02-15,NVDA.US,sell,24.8456,437.49,target_rebalance,653.6542,134,72.78034296725536,6.4
2021-04-06,AMAT.US,buy,136.1411,5.34,signal,0.0,0,0.0,0.0
2022-02-16,AMAT.US,sell,132.95,5.34,target_rebalance,-17.0402,316,144.75144949010163,-2.34
2021-10-04,NVDA.US,buy,23.3515,863.9,signal,0.0,0,0.0,0.0
2022-02-16,NVDA.US,sell,26.1501,863.9,target_rebalance,2417.774,135,73.78034296725536,11.99
2021-04-06,AMAT.US,buy,136.1411,199.47,signal,0.0,0,0.0,0.0
2022-02-17,AMAT.US,sell,137.1263,199.47,target_rebalance,196.5232,317,145.7514494901016,0.72
2021-02-03,ASML.US,buy,637.5644,15.56,signal,0.0,0,0.0,0.0
2022-02-17,ASML.US,sell,630.0323,15.56,target_rebalance,-117.1987,379,149.88624676677293,-1.18
2021-12-02,AMD.US,buy,141.1711,36.51,signal,0.0,0,0.0,0.0
2022-02-18,AMD.US,sell,113.7861,36.51,target_rebalance,-999.8252,78,44.005388847524394,-19.4
2021-02-03,ASML.US,buy,637.5644,22.12,signal,0.0,0,0.0,0.0
2022-02-18,ASML.US,sell,623.1616,22.12,target_rebalance,-318.5905,380,150.8862467667729,-2.26
2021-12-02,AMD.US,buy,141.1711,307.48,signal,0.0,0,0.0,0.0
2022-02-22,AMD.US,sell,115.1547,307.48,target_rebalance,-7999.5051,82,45.00538884752439,-18.43
2021-02-03,ASML.US,buy,637.5644,13.51,signal,0.0,0,0.0,0.0
2022-02-22,ASML.US,sell,610.1464,13.51,target_rebalance,-370.4171,384,151.88624676677293,-4.3
2021-10-04,NVDA.US,buy,23.3961,328.13,signal,0.0,0,0.0,0.0
2022-02-23,NVDA.US,sell,23.7033,328.13,target_rebalance,100.8187,142,72.69037069857822,1.31
2021-04-06,AMAT.US,buy,135.8258,157.56,signal,0.0,0,0.0,0.0
2022-02-24,AMAT.US,sell,118.3781,157.56,target_rebalance,-2749.0563,324,144.2843749149342,-12.85
2021-02-03,ASML.US,buy,637.5644,17.59,signal,0.0,0,0.0,0.0
2022-02-24,ASML.US,sell,573.633,17.59,target_rebalance,-1124.5525,386,153.88624676677293,-10.03
2021-12-02,AMD.US,buy,140.4496,79.83,signal,0.0,0,0.0,0.0
2022-02-25,AMD.US,sell,117.0428,79.83,target_rebalance,-1868.564,85,47.06166817262655,-16.67
2021-10-04,NVDA.US,buy,23.3337,654.4,signal,0.0,0,0.0,0.0
2022-02-25,NVDA.US,sell,23.6227,654.4,target_rebalance,189.0875,144,72.79639676531039,1.24
2021-12-02,AMD.US,buy,140.4496,136.78,signal,0.0,0,0.0,0.0
2022-02-28,AMD.US,sell,120.1897,136.78,target_rebalance,-2771.1554,88,48.06166817262656,-14.43
2021-10-04,NVDA.US,buy,23.3337,157.23,signal,0.0,0,0.0,0.0
2022-02-28,NVDA.US,sell,23.8925,157.23,target_rebalance,87.8641,147,73.79639676531039,2.39
2021-12-02,AMD.US,buy,140.4496,33.16,signal,0.0,0,0.0,0.0
2022-03-01,AMD.US,sell,122.2077,33.16,target_rebalance,-604.9035,89,49.06166817262655,-12.99
2021-02-03,ASML.US,buy,637.1322,7.17,signal,0.0,0,0.0,0.0
2022-03-01,ASML.US,sell,630.8923,7.17,target_rebalance,-44.7402,391,152.38676159044,-0.98
2021-10-04,NVDA.US,buy,23.3337,19.8,signal,0.0,0,0.0,0.0
2022-03-01,NVDA.US,sell,24.1903,19.8,target_rebalance,16.9604,148,74.79639676531039,3.67
2021-04-06,AMAT.US,buy,135.5874,19.61,signal,0.0,0,0.0,0.0
2022-03-02,AMAT.US,sell,125.0337,19.61,target_rebalance,-206.959,330,143.3962803356174,-7.78
2021-02-03,ASML.US,buy,637.1322,8.37,signal,0.0,0,0.0,0.0
2022-03-02,ASML.US,sell,614.0548,8.37,target_rebalance,-193.1581,392,153.38676159044,-3.62
2021-10-04,NVDA.US,buy,23.3337,387.89,signal,0.0,0,0.0,0.0
2022-03-02,NVDA.US,sell,23.6615,387.89,target_rebalance,127.1628,149,75.79639676531039,1.4
2021-04-06,AMAT.US,buy,135.5874,93.47,signal,0.0,0,0.0,0.0
2022-03-03,AMAT.US,sell,129.9582,93.47,target_rebalance,-526.1701,331,144.3962803356174,-4.15
2021-04-06,AMAT.US,buy,135.5874,6370.78,signal,0.0,0,0.0,0.0
2022-03-04,AMAT.US,sell,123.4756,6370.78,signal,-77161.9329,332,145.3962803356174,-8.93
2021-10-04,NVDA.US,buy,23.3346,510.18,signal,0.0,0,0.0,0.0
2022-03-04,NVDA.US,sell,23.291,510.18,target_rebalance,-22.2207,151,77.72059426842425,-0.19
2021-02-03,ASML.US,buy,635.6891,36.45,signal,0.0,0,0.0,0.0
2022-03-07,ASML.US,sell,589.9738,36.45,target_rebalance,-1666.3214,397,151.71121463612468,-7.19
2022-03-04,AVGO.US,buy,54.7645,171.09,signal,0.0,0,0.0,0.0
2022-03-07,AVGO.US,sell,55.0507,171.09,target_rebalance,48.9517,3,1.0,0.52
2021-12-02,AMD.US,buy,139.1303,19.04,signal,0.0,0,0.0,0.0
2022-03-08,AMD.US,sell,102.7072,19.04,target_rebalance,-693.4968,96,51.65861279212541,-26.18
2022-03-04,AVGO.US,buy,54.7645,227.28,signal,0.0,0,0.0,0.0
2022-03-08,AVGO.US,sell,52.754,227.28,target_rebalance,-456.9632,4,2.0,-3.67
2021-12-02,AMD.US,buy,139.1303,41.9,signal,0.0,0,0.0,0.0
2022-03-09,AMD.US,sell,108.3016,41.9,target_rebalance,-1291.7245,97,52.6586127921254,-22.16
2021-02-03,ASML.US,buy,634.6691,13.48,signal,0.0,0,0.0,0.0
2022-03-09,ASML.US,sell,582.0997,13.48,target_rebalance,-708.6355,399,151.90022907480443,-8.28
2021-10-04,NVDA.US,buy,23.3062,6.46,signal,0.0,0,0.0,0.0
2022-03-09,NVDA.US,sell,22.298,6.46,target_rebalance,-6.5129,156,78.74322897127666,-4.33
2021-12-02,AMD.US,buy,139.1303,49.63,signal,0.0,0,0.0,0.0
2022-03-10,AMD.US,sell,108.7811,49.63,target_rebalance,-1506.2323,98,53.65861279212541,-21.81
2021-10-04,NVDA.US,buy,23.3062,309.38,signal,0.0,0,0.0,0.0
2022-03-10,NVDA.US,sell,22.4414,309.38,target_rebalance,-267.5376,157,79.74322897127668,-3.71
2021-02-03,ASML.US,buy,633.9871,12.74,signal,0.0,0,0.0,0.0
2022-03-11,ASML.US,sell,586.7342,12.74,target_rebalance,-602.001,401,152.1794116281688,-7.45
2021-10-04,NVDA.US,buy,23.3062,316.47,signal,0.0,0,0.0,0.0
2022-03-11,NVDA.US,sell,22.9305,316.47,target_rebalance,-118.9023,158,80.74322897127666,-1.61
2021-02-03,ASML.US,buy,633.9871,17.3,signal,0.0,0,0.0,0.0
2022-03-14,ASML.US,sell,572.926,17.3,target_rebalance,-1056.3554,404,153.1794116281688,-9.63
2022-03-04,AVGO.US,buy,54.7565,130.54,signal,0.0,0,0.0,0.0
2022-03-14,AVGO.US,sell,53.1956,130.54,target_rebalance,-203.7562,10,5.932743742483596,-2.85
2021-12-02,AMD.US,buy,138.1867,18.97,signal,0.0,0,0.0,0.0
2022-03-15,AMD.US,sell,102.5573,18.97,target_rebalance,-675.8889,103,55.08361646887266,-25.78
2022-03-04,AVGO.US,buy,54.7565,117.28,signal,0.0,0,0.0,0.0
2022-03-15,AVGO.US,sell,53.2242,117.28,target_rebalance,-179.706,11,6.932743742483597,-2.8
2021-12-02,AMD.US,buy,138.1867,147.34,signal,0.0,0,0.0,0.0
2022-03-16,AMD.US,sell,111.4884,147.34,target_rebalance,-3933.7278,104,56.08361646887266,-19.32
2021-10-04,NVDA.US,buy,23.2728,792.17,signal,0.0,0,0.0,0.0
2022-03-16,NVDA.US,sell,23.4066,792.17,target_rebalance,105.9586,163,82.0537340307421,0.57
2021-02-03,ASML.US,buy,633.2364,16.94,signal,0.0,0,0.0,0.0
2022-03-17,ASML.US,sell,614.5708,16.94,target_rebalance,-316.1949,407,153.52276396174864,-2.95
2021-10-04,NVDA.US,buy,23.2728,220.7,signal,0.0,0,0.0,0.0
2022-03-17,NVDA.US,sell,24.0241,220.7,target_rebalance,165.8098,164,83.0537340307421,3.23
2021-02-03,ASML.US,buy,633.2364,3.11,signal,0.0,0,0.0,0.0
2022-03-18,ASML.US,sell,620.4095,3.11,target_rebalance,-39.8917,408,154.5227639617486,-2.03
2021-10-04,NVDA.US,buy,23.2728,687.68,signal,0.0,0,0.0,0.0
2022-03-18,NVDA.US,sell,24.7004,687.68,target_rebalance,981.7237,165,84.0537340307421,6.13
2021-02-03,ASML.US,buy,633.2364,10.96,signal,0.0,0,0.0,0.0
2022-03-21,ASML.US,sell,648.1026,10.96,target_rebalance,162.9341,411,155.52276396174867,2.35
2021-10-04,NVDA.US,buy,23.2728,1015.78,signal,0.0,0,0.0,0.0
2022-03-21,NVDA.US,sell,26.4016,1015.78,target_rebalance,3178.1746,168,85.05373403074209,13.44
2021-12-02,AMD.US,buy,137.155,37.98,signal,0.0,0,0.0,0.0
2022-03-22,AMD.US,sell,115.3146,37.98,target_rebalance,-829.4999,110,57.752009693085576,-15.92
2021-02-03,ASML.US,buy,633.2364,8.59,signal,0.0,0,0.0,0.0
2022-03-22,ASML.US,sell,657.4483,8.59,target_rebalance,207.98,412,156.52276396174864,3.82
2021-10-04,NVDA.US,buy,23.2728,18.31,signal,0.0,0,0.0,0.0
2022-03-22,NVDA.US,sell,26.6207,18.31,target_rebalance,61.3005,169,86.0537340307421,14.39
2021-12-02,AMD.US,buy,137.155,18.46,signal,0.0,0,0.0,0.0
2022-03-23,AMD.US,sell,114.1757,18.46,target_rebalance,-424.1978,111,58.75200969308557,-16.75
2022-03-04,AVGO.US,buy,54.8371,312.52,signal,0.0,0,0.0,0.0
2022-03-23,AVGO.US,sell,56.4366,312.52,target_rebalance,499.861,19,12.152863949032838,2.92
2021-12-02,AMD.US,buy,137.155,40.61,signal,0.0,0,0.0,0.0
2022-03-24,AMD.US,sell,114.845,40.61,target_rebalance,-906.0079,112,59.752009693085576,-16.27
2021-10-04,NVDA.US,buy,23.296,622.51,signal,0.0,0,0.0,0.0
2022-03-25,NVDA.US,sell,27.7751,622.51,target_rebalance,2788.306,172,88.3334469465108,19.23
2022-03-04,AVGO.US,buy,54.8733,90.72,signal,0.0,0,0.0,0.0
2022-03-28,AVGO.US,sell,58.0962,90.72,target_rebalance,292.3815,24,15.002135813234629,5.87
2021-10-04,NVDA.US,buy,23.296,166.75,signal,0.0,0,0.0,0.0
2022-03-28,NVDA.US,sell,27.6456,166.75,target_rebalance,725.3043,175,89.33344694651082,18.67
2021-12-02,AMD.US,buy,137.0044,16.93,signal,0.0,0,0.0,0.0
2022-03-29,AMD.US,sell,122.1577,16.93,target_rebalance,-251.3551,117,62.27119239028808,-10.84
2021-02-03,ASML.US,buy,633.6537,9.47,signal,0.0,0,0.0,0.0
2022-03-29,ASML.US,sell,678.4714,9.47,target_rebalance,424.4238,419,156.71521428589045,7.07
2021-12-02,AMD.US,buy,137.0044,87.43,signal,0.0,0,0.0,0.0
2022-03-30,AMD.US,sell,122.917,87.43,target_rebalance,-1231.6686,118,63.27119239028807,-10.28
2022-03-04,AVGO.US,buy,54.9176,30.33,signal,0.0,0,0.0,0.0
2022-03-30,AVGO.US,sell,59.302,30.33,target_rebalance,132.9788,26,16.849835445574083,7.98
2021-02-03,ASML.US,buy,633.8872,3.73,signal,0.0,0,0.0,0.0
2022-03-31,ASML.US,sell,654.094,3.73,target_rebalance,75.3714,421,157.70895265130994,3.19
2022-03-04,AVGO.US,buy,54.9176,209.05,signal,0.0,0,0.0,0.0
2022-03-31,AVGO.US,sell,58.5232,209.05,target_rebalance,753.7526,27,17.84983544557408,6.57
2021-10-04,NVDA.US,buy,23.3283,207.76,signal,0.0,0,0.0,0.0
2022-03-31,NVDA.US,sell,27.6715,207.76,target_rebalance,902.3587,178,91.73812795058724,18.62
2021-02-03,ASML.US,buy,633.8872,7.33,signal,0.0,0,0.0,0.0
2022-04-01,ASML.US,sell,645.3025,7.33,target_rebalance,83.6744,422,158.70895265130994,1.8
2022-03-04,AVGO.US,buy,54.9176,308.02,signal,0.0,0,0.0,0.0
2022-04-01,AVGO.US,sell,58.6355,308.02,target_rebalance,1145.1976,28,18.84983544557408,6.77
2021-10-04,NVDA.US,buy,23.3283,134.97,signal,0.0,0,0.0,0.0
2022-04-01,NVDA.US,sell,27.2661,134.97,target_rebalance,531.4968,179,92.73812795058726,16.88
2021-12-02,AMD.US,buy,135.6322,27.14,signal,0.0,0,0.0,0.0
2022-04-04,AMD.US,sell,109.86,27.14,target_rebalance,-699.4553,123,62.533584090361686,-19.0
2021-02-03,ASML.US,buy,633.8872,7.9,signal,0.0,0,0.0,0.0
2022-04-04,ASML.US,sell,642.627,7.9,target_rebalance,69.0443,425,159.70895265130997,1.38
2022-03-04,AVGO.US,buy,54.9176,25.83,signal,0.0,0,0.0,0.0
2022-04-04,AVGO.US,sell,58.1464,25.83,target_rebalance,83.3986,31,19.84983544557408,5.88
2021-10-04,NVDA.US,buy,23.3674,360.56,signal,0.0,0,0.0,0.0
2022-04-05,NVDA.US,sell,27.1456,360.56,target_rebalance,1362.283,183,93.64217802988604,16.17
2021-12-02,AMD.US,buy,135.4632,94.39,signal,0.0,0,0.0,0.0
2022-04-06,AMD.US,sell,104.3455,94.39,target_rebalance,-2937.193,125,64.118000173423,-22.97
2022-03-04,AVGO.US,buy,54.9176,252.95,signal,0.0,0,0.0,0.0
2022-04-06,AVGO.US,sell,55.887,252.95,target_rebalance,245.2167,33,21.849835445574083,1.77
2021-12-02,AMD.US,buy,135.4632,20.16,signal,0.0,0,0.0,0.0
2022-04-07,AMD.US,sell,103.8161,20.16,target_rebalance,-638.0055,126,65.118000173423,-23.36
2021-02-03,ASML.US,buy,633.5472,4.29,signal,0.0,0,0.0,0.0
2022-04-07,ASML.US,sell,596.7967,4.29,target_rebalance,-157.6598,428,160.74029496588557,-5.8
2022-03-04,AVGO.US,buy,54.9176,56.71,signal,0.0,0,0.0,0.0
2022-04-07,AVGO.US,sell,55.6782,56.71,target_rebalance,43.1327,34,22.84983544557408,1.38
2021-02-03,ASML.US,buy,633.5472,7.89,signal,0.0,0,0.0,0.0
2022-04-08,ASML.US,sell,593.8248,7.89,target_rebalance,-313.4097,429,161.74029496588557,-6.27
2022-03-04,AVGO.US,buy,54.9176,97.28,signal,0.0,0,0.0,0.0
2022-04-08,AVGO.US,sell,55.4508,97.28,target_rebalance,51.8657,35,23.849835445574083,0.97
2021-02-03,ASML.US,buy,633.5472,21.25,signal,0.0,0,0.0,0.0
2022-04-11,ASML.US,sell,580.0833,21.25,target_rebalance,-1136.1074,432,162.74029496588557,-8.44
2022-03-04,AVGO.US,buy,54.9176,204.27,signal,0.0,0,0.0,0.0
2022-04-11,AVGO.US,sell,54.077,204.27,target_rebalance,-171.7139,38,24.849835445574087,-1.53
2021-02-03,ASML.US,buy,633.5472,0.85,signal,0.0,0,0.0,0.0
2022-04-12,ASML.US,sell,585.8455,0.85,target_rebalance,-40.5465,433,163.74029496588557,-7.53
2022-03-04,AVGO.US,buy,54.9176,26.64,signal,0.0,0,0.0,0.0
2022-04-12,AVGO.US,sell,54.6831,26.64,target_rebalance,-6.2468,39,25.849835445574087,-0.43
2021-10-04,NVDA.US,buy,23.3778,108.53,signal,0.0,0,0.0,0.0
2022-04-12,NVDA.US,sell,22.4474,108.53,target_rebalance,-100.9813,190,91.15994960050145,-3.98
2021-02-03,ASML.US,buy,633.5472,4.69,signal,0.0,0,0.0,0.0
2022-04-13,ASML.US,sell,574.7034,4.69,target_rebalance,-275.9773,434,164.74029496588557,-9.29
2022-03-04,AVGO.US,buy,54.9176,298.84,signal,0.0,0,0.0,0.0
2022-04-13,AVGO.US,sell,54.6265,298.84,target_rebalance,-86.9942,40,26.849835445574083,-0.53
2021-12-02,AMD.US,buy,134.6847,39.38,signal,0.0,0,0.0,0.0
2022-04-14,AMD.US,sell,98.2716,39.38,target_rebalance,-1433.9471,133,68.73623855149918,-27.04
2021-10-04,NVDA.US,buy,23.3581,289.61,signal,0.0,0,0.0,0.0
2022-04-14,NVDA.US,sell,22.4155,289.61,target_rebalance,-272.9844,192,92.0859048113749,-4.04
2021-02-03,ASML.US,buy,633.4996,21.55,signal,0.0,0,0.0,0.0
2022-04-18,ASML.US,sell,570.5371,21.55,target_rebalance,-1356.8426,439,166.56559893002233,-9.94
2022-03-04,AVGO.US,buy,54.9225,106.16,signal,0.0,0,0.0,0.0
2022-04-18,AVGO.US,sell,53.1738,106.16,target_rebalance,-185.6405,45,28.527147568506553,-3.18
2021-12-02,AMD.US,buy,133.9701,0.23,signal,0.0,0,0.0,0.0
2022-04-19,AMD.US,sell,93.2966,0.23,target_rebalance,-9.3549,138,69.56544343421564,-30.36
2021-10-04,NVDA.US,buy,23.3361,326.6,signal,0.0,0,0.0,0.0
2022-04-19,NVDA.US,sell,21.6336,326.6,target_rebalance,-556.0281,197,93.15531648876873,-7.3
2021-02-03,ASML.US,buy,632.8991,39.35,signal,0.0,0,0.0,0.0
2022-04-20,ASML.US,sell,621.8619,39.35,target_rebalance,-434.3107,441,166.92560688261432,-1.74
2021-02-03,ASML.US,buy,632.8991,10.68,signal,0.0,0,0.0,0.0
2022-04-21,ASML.US,sell,616.415,10.68,target_rebalance,-176.0497,442,167.92560688261432,-2.6
2022-03-04,AVGO.US,buy,54.9345,240.41,signal,0.0,0,0.0,0.0
2022-04-21,AVGO.US,sell,56.2082,240.41,target_rebalance,306.2018,48,31.23849047960232,2.32
2021-02-03,ASML.US,buy,632.8991,0.91,signal,0.0,0,0.0,0.0
2022-04-22,ASML.US,sell,587.7665,0.91,target_rebalance,-41.0707,443,168.92560688261432,-7.13
2022-03-04,AVGO.US,buy,54.9345,300.7,signal,0.0,0,0.0,0.0
2022-04-22,AVGO.US,sell,54.776,300.7,target_rebalance,-47.6895,49,32.23849047960231,-0.29
2021-12-02,AMD.US,buy,133.1381,182.26,signal,0.0,0,0.0,0.0
2022-04-25,AMD.US,sell,89.7701,182.26,target_rebalance,-7904.251,144,72.07347263393497,-32.57
2022-03-04,AVGO.US,buy,54.9345,159.44,signal,0.0,0,0.0,0.0
2022-04-25,AVGO.US,sell,53.9758,159.44,target_rebalance,-152.8607,52,33.23849047960232,-1.75
2021-10-04,NVDA.US,buy,23.1207,742.08,signal,0.0,0,0.0,0.0
2022-04-26,NVDA.US,sell,19.6396,742.08,target_rebalance,-2583.2896,204,90.71362146652696,-15.06
2022-03-04,AVGO.US,buy,54.9345,95.18,signal,0.0,0,0.0,0.0
2022-04-27,AVGO.US,sell,51.5902,95.18,target_rebalance,-318.3104,54,35.23849047960232,-6.09
2021-02-03,ASML.US,buy,630.9996,15.27,signal,0.0,0,0.0,0.0
2022-04-28,ASML.US,sell,549.4184,15.27,target_rebalance,-1245.746,449,168.43824297881912,-12.93
2021-12-02,AMD.US,buy,132.6744,20.67,signal,0.0,0,0.0,0.0
2022-04-29,AMD.US,sell,87.962,20.67,target_rebalance,-924.2059,148,75.34450552141325,-33.7
2021-10-04,NVDA.US,buy,23.0931,273.88,signal,0.0,0,0.0,0.0
2022-04-29,NVDA.US,sell,19.3249,273.88,target_rebalance,-1032.0571,207,93.10284826628344,-16.32
2021-12-02,AMD.US,buy,132.6744,39.47,signal,0.0,0,0.0,0.0
2022-05-02,AMD.US,sell,85.5743,39.47,target_rebalance,-1859.0385,151,76.34450552141325,-35.5
2022-03-04,AVGO.US,buy,54.9178,40.67,signal,0.0,0,0.0,0.0
2022-05-02,AVGO.US,sell,51.7156,40.67,target_rebalance,-130.2361,59,37.96021601190636,-5.83
2021-12-02,AMD.US,buy,132.6744,87.92,signal,0.0,0,0.0,0.0
2022-05-03,AMD.US,sell,89.7601,87.92,target_rebalance,-3773.0194,152,77.34450552141327,-32.35
2021-10-04,NVDA.US,buy,23.0435,245.68,signal,0.0,0,0.0,0.0
2022-05-03,NVDA.US,sell,19.3229,245.68,target_rebalance,-914.0988,211,94.08604087781565,-16.15
2021-12-02,AMD.US,buy,132.6744,392.32,signal,0.0,0,0.0,0.0
2022-05-04,AMD.US,sell,98.0818,392.32,target_rebalance,-13571.3538,153,78.34450552141325,-26.07
2022-03-04,AVGO.US,buy,54.8949,193.29,signal,0.0,0,0.0,0.0
2022-05-05,AVGO.US,sell,55.1584,193.29,target_rebalance,50.9318,62,39.854941084384215,0.48
2021-12-02,AMD.US,buy,132.3956,48.05,signal,0.0,0,0.0,0.0
2022-05-06,AMD.US,sell,94.2457,48.05,target_rebalance,-1833.1047,155,79.71118122956491,-28.82
2022-03-04,AVGO.US,buy,54.8949,130.7,signal,0.0,0,0.0,0.0
2022-05-06,AVGO.US,sell,53.3678,130.7,target_rebalance,-199.5885,63,40.854941084384215,-2.78
2021-12-02,AMD.US,buy,132.3956,71.68,signal,0.0,0,0.0,0.0
2022-05-09,AMD.US,sell,92.7771,71.68,target_rebalance,-2839.8516,158,80.71118122956493,-29.92
2022-03-04,AVGO.US,buy,54.8949,282.24,signal,0.0,0,0.0,0.0
2022-05-09,AVGO.US,sell,53.1766,282.24,target_rebalance,-484.968,66,41.85494108438422,-3.13
2021-02-03,ASML.US,buy,625.3507,10.5,signal,0.0,0,0.0,0.0
2022-05-10,ASML.US,sell,509.1755,10.5,target_rebalance,-1219.8393,461,165.994994313587,-18.58
2022-03-04,AVGO.US,buy,54.8949,315.75,signal,0.0,0,0.0,0.0
2022-05-10,AVGO.US,sell,53.883,315.75,target_rebalance,-319.5056,67,42.85494108438421,-1.84
2021-02-03,ASML.US,buy,625.3507,18.37,signal,0.0,0,0.0,0.0
2022-05-11,ASML.US,sell,511.1767,18.37,target_rebalance,-2097.3752,462,166.994994313587,-18.26
2021-12-02,AMD.US,buy,131.0418,123.18,signal,0.0,0,0.0,0.0
2022-05-12,AMD.US,sell,86.5134,123.18,target_rebalance,-5485.0088,161,81.1538903943276,-33.98
2021-02-03,ASML.US,buy,625.3507,1.23,signal,0.0,0,0.0,0.0
2022-05-12,ASML.US,sell,495.2241,1.23,target_rebalance,-160.0557,463,167.994994313587,-20.81
2022-03-04,AVGO.US,buy,54.8949,159.42,signal,0.0,0,0.0,0.0
2022-05-12,AVGO.US,sell,52.2966,159.42,target_rebalance,-414.2123,69,44.85494108438422,-4.73
2021-02-03,ASML.US,buy,625.3507,22.59,signal,0.0,0,0.0,0.0
2022-05-13,ASML.US,sell,520.1056,22.59,target_rebalance,-2377.4872,464,168.99499431358697,-16.83
2021-10-04,NVDA.US,buy,22.5505,40.1,signal,0.0,0,0.0,0.0
2022-05-13,NVDA.US,sell,16.7212,40.1,target_rebalance,-233.7536,221,93.0725237443047,-25.85
2021-12-02,AMD.US,buy,130.6161,246.64,signal,0.0,0,0.0,0.0
2022-05-16,AMD.US,sell,93.7661,246.64,target_rebalance,-9088.6691,165,82.33391636808022,-28.21
2021-10-04,NVDA.US,buy,22.5505,645.17,signal,0.0,0,0.0,0.0
2022-05-16,NVDA.US,sell,17.4394,645.17,target_rebalance,-3297.5539,224,94.0725237443047,-22.67
2021-12-02,AMD.US,buy,130.6161,59.72,signal,0.0,0,0.0,0.0
2022-05-17,AMD.US,sell,97.7821,59.72,target_rebalance,-1960.8443,166,83.33391636808021,-25.14
2021-02-03,ASML.US,buy,621.2804,10.29,signal,0.0,0,0.0,0.0
2022-05-17,ASML.US,sell,535.8754,10.29,target_rebalance,-878.817,468,164.77547739508663,-13.75
2021-12-02,AMD.US,buy,130.6161,167.79,signal,0.0,0,0.0,0.0
2022-05-18,AMD.US,sell,99.9,167.79,target_rebalance,-5153.8511,167,84.33391636808021,-23.52
2022-03-04,AVGO.US,buy,54.8886,98.29,signal,0.0,0,0.0,0.0
2022-05-18,AVGO.US,sell,55.694,98.29,target_rebalance,79.1584,75,47.30267202603488,1.47
2021-12-02,AMD.US,buy,130.6161,100.1,signal,0.0,0,0.0,0.0
2022-05-19,AMD.US,sell,96.5933,100.1,target_rebalance,-3405.679,168,85.33391636808021,-26.05
2021-02-03,ASML.US,buy,620.019,3.02,signal,0.0,0,0.0,0.0
2022-05-19,ASML.US,sell,503.9508,3.02,target_rebalance,-350.5259,470,164.54504053099126,-18.72
2021-10-04,NVDA.US,buy,22.4615,65.51,signal,0.0,0,0.0,0.0
2022-05-19,NVDA.US,sell,16.8697,65.51,target_rebalance,-366.3244,227,95.32108133152549,-24.9
2021-12-02,AMD.US,buy,130.6161,6.25,signal,0.0,0,0.0,0.0
2022-05-20,AMD.US,sell,98.2916,6.25,target_rebalance,-202.0279,169,86.33391636808021,-24.75
2021-02-03,ASML.US,buy,620.019,21.94,signal,0.0,0,0.0,0.0
2022-05-20,ASML.US,sell,520.9523,21.94,target_rebalance,-2173.5223,471,165.5450405309913,-15.98
2021-10-04,NVDA.US,buy,22.4615,258.23,signal,0.0,0,0.0,0.0
2022-05-20,NVDA.US,sell,17.2631,258.23,target_rebalance,-1342.3971,228,96.3210813315255,-23.14
2021-02-03,ASML.US,buy,620.019,72.49,signal,0.0,0,0.0,0.0
2022-05-23,ASML.US,sell,528.4571,72.49,target_rebalance,-6637.3203,474,166.5450405309913,-14.77
2021-02-03,ASML.US,buy,620.019,1.81,signal,0.0,0,0.0,0.0
2022-05-24,ASML.US,sell,534.5476,1.81,target_rebalance,-154.7032,475,167.5450405309913,-13.79
2021-10-04,NVDA.US,buy,22.3492,96.52,signal,0.0,0,0.0,0.0
2022-05-24,NVDA.US,sell,16.4444,96.52,target_rebalance,-569.9371,232,96.56347958916955,-26.42
2022-03-04,AVGO.US,buy,54.6399,179.53,signal,0.0,0,0.0,0.0
2022-05-25,AVGO.US,sell,48.6301,179.53,target_rebalance,-1078.937,82,49.238800926378126,-11.0
2021-12-02,AMD.US,buy,129.5063,9.75,signal,0.0,0,0.0,0.0
2022-05-26,AMD.US,sell,91.2487,9.75,target_rebalance,-373.0121,175,87.84061581227559,-29.54
2022-03-04,AVGO.US,buy,54.6399,103.56,signal,0.0,0,0.0,0.0
2022-05-26,AVGO.US,sell,49.3393,103.56,target_rebalance,-548.9321,83,50.23880092637813,-9.7
2021-12-02,AMD.US,buy,129.5063,73.46,signal,0.0,0,0.0,0.0
2022-05-27,AMD.US,sell,100.0399,73.46,target_rebalance,-2164.6051,176,88.84061581227557,-22.75
2021-10-04,NVDA.US,buy,22.2666,1677.71,signal,0.0,0,0.0,0.0
2022-05-27,NVDA.US,sell,18.1137,1677.71,target_rebalance,-6967.4213,235,98.28975956215145,-18.65
2022-03-04,AVGO.US,buy,54.5846,82.03,signal,0.0,0,0.0,0.0
2022-05-31,AVGO.US,sell,54.2552,82.03,target_rebalance,-27.0159,88,51.037354796584246,-0.6
2021-10-04,NVDA.US,buy,22.2666,454.25,signal,0.0,0,0.0,0.0
2022-05-31,NVDA.US,sell,18.9045,454.25,target_rebalance,-1527.2322,239,99.28975956215143,-15.1
2021-12-02,AMD.US,buy,129.3347,6.21,signal,0.0,0,0.0,0.0
2022-06-01,AMD.US,sell,102.0279,6.21,target_rebalance,-169.5754,181,90.26902810225252,-21.11
2022-03-04,AVGO.US,buy,54.5846,147.49,signal,0.0,0,0.0,0.0
2022-06-01,AVGO.US,sell,54.5411,147.49,target_rebalance,-6.4091,89,52.03735479658425,-0.08
2021-12-02,AMD.US,buy,129.3347,39.4,signal,0.0,0,0.0,0.0
2022-06-02,AMD.US,sell,100.6792,39.4,target_rebalance,-1129.0256,182,91.26902810225253,-22.16
2022-03-04,AVGO.US,buy,54.5846,26.63,signal,0.0,0,0.0,0.0
2022-06-02,AVGO.US,sell,53.6287,26.63,target_rebalance,-25.4557,90,53.03735479658424,-1.75
2021-12-02,AMD.US,buy,129.3347,197.35,signal,0.0,0,0.0,0.0
2022-06-03,AMD.US,sell,105.6942,197.35,target_rebalance,-4665.4502,183,92.26902810225252,-18.28
2021-02-03,ASML.US,buy,616.2093,1303.7,signal,0.0,0,0.0,0.0
2022-06-03,ASML.US,sell,545.6991,1303.7,signal,-91924.1142,485,165.22314436581712,-11.44
2021-10-04,NVDA.US,buy,22.2283,772.5,signal,0.0,0,0.0,0.0
2022-06-03,NVDA.US,sell,19.0061,772.5,target_rebalance,-2489.1081,242,101.26459146541448,-14.5
2021-12-02,AMD.US,buy,129.3347,130.23,signal,0.0,0,0.0,0.0
2022-06-06,AMD.US,sell,108.1617,130.23,target_rebalance,-2757.3551,186,93.26902810225252,-16.37
2022-03-04,AVGO.US,buy,54.5291,132.62,signal,0.0,0,0.0,0.0
2022-06-07,AVGO.US,sell,52.0312,132.62,target_rebalance,-331.2741,95,54.24708185684634,-4.58
2022-03-04,AVGO.US,buy,54.5291,74.93,signal,0.0,0,0.0,0.0
2022-06-08,AVGO.US,sell,53.0782,74.93,target_rebalance,-108.7145,96,55.24708185684634,-2.66
2022-06-03,MU.US,buy,70.23,12.47,signal,0.0,0,0.0,0.0
2022-06-08,MU.US,sell,68.2964,12.47,target_rebalance,-24.1116,5,2.9829273666710225,-2.75
2021-10-04,NVDA.US,buy,22.2131,52.79,signal,0.0,0,0.0,0.0
2022-06-08,NVDA.US,sell,18.7282,52.79,target_rebalance,-183.9698,247,103.85260864045168,-15.69
2022-03-04,AVGO.US,buy,54.5291,55.0,signal,0.0,0,0.0,0.0
2022-06-09,AVGO.US,sell,52.0887,55.0,target_rebalance,-134.2204,97,56.247081856846336,-4.48
2021-10-04,NVDA.US,buy,22.2131,222.64,signal,0.0,0,0.0,0.0
2022-06-09,NVDA.US,sell,18.4114,222.64,target_rebalance,-846.4192,248,104.85260864045168,-17.11
2021-12-02,AMD.US,buy,128.7542,40.07,signal,0.0,0,0.0,0.0
2022-06-10,AMD.US,sell,98.7212,40.07,target_rebalance,-1203.4223,190,95.1042786141288,-23.33
2022-03-04,AVGO.US,buy,54.5291,204.66,signal,0.0,0,0.0,0.0
2022-06-10,AVGO.US,sell,51.0612,204.66,target_rebalance,-709.7464,98,57.247081856846336,-6.36
2022-03-04,AVGO.US,buy,54.5291,385.62,signal,0.0,0,0.0,0.0
2022-06-13,AVGO.US,sell,48.8975,385.62,target_rebalance,-2171.6713,101,58.24708185684634,-10.33
2022-03-04,AVGO.US,buy,54.5291,189.71,signal,0.0,0,0.0,0.0
2022-06-14,AVGO.US,sell,48.7294,189.71,target_rebalance,-1100.2506,102,59.247081856846336,-10.64
2022-06-03,MU.US,buy,70.0954,56.2,signal,0.0,0,0.0,0.0
2022-06-14,MU.US,sell,58.048,56.2,target_rebalance,-677.0619,11,6.890327146696569,-17.19
2021-10-04,NVDA.US,buy,22.0228,520.78,signal,0.0,0,0.0,0.0
2022-06-15,NVDA.US,sell,16.0344,520.78,target_rebalance,-3118.6235,254,105.29755627544252,-27.19
2021-12-02,AMD.US,buy,127.4437,61.27,signal,0.0,0,0.0,0.0
2022-06-16,AMD.US,sell,86.5434,61.27,target_rebalance,-2505.9657,196,95.97622133419576,-32.09
2021-10-04,NVDA.US,buy,22.0228,407.05,signal,0.0,0,0.0,0.0
2022-06-16,NVDA.US,sell,15.8003,407.05,target_rebalance,-2532.8622,255,106.29755627544252,-28.25
2022-06-03,MU.US,buy,69.7991,85.56,signal,0.0,0,0.0,0.0
2022-06-17,MU.US,sell,54.6645,85.56,target_rebalance,-1294.9171,14,9.702301519974453,-21.68
2021-10-04,NVDA.US,buy,22.0228,606.71,signal,0.0,0,0.0,0.0
2022-06-17,NVDA.US,sell,15.5891,606.71,target_rebalance,-3903.3828,256,107.29755627544252,-29.21
2021-10-04,NVDA.US,buy,22.0228,828.48,signal,0.0,0,0.0,0.0
2022-06-21,NVDA.US,sell,16.413,828.48,target_rebalance,-4647.6096,260,108.29755627544252,-25.47
2021-12-02,AMD.US,buy,126.2642,81.63,signal,0.0,0,0.0,0.0
2022-06-22,AMD.US,sell,84.3156,81.63,target_rebalance,-3424.2655,202,96.41515796899883,-33.22
2021-10-04,NVDA.US,buy,22.008,226.44,signal,0.0,0,0.0,0.0
2022-06-23,NVDA.US,sell,16.4568,226.44,target_rebalance,-1257.012,262,110.0203384917482,-25.22
2022-03-04,AVGO.US,buy,54.3879,53.35,signal,0.0,0,0.0,0.0
2022-06-24,AVGO.US,sell,47.2644,53.35,target_rebalance,-380.0421,112,65.08569547354513,-13.1
2022-06-03,MU.US,buy,69.5775,85.32,signal,0.0,0,0.0,0.0
2022-06-24,MU.US,sell,55.8869,85.32,target_rebalance,-1168.0812,21,13.532701775549294,-19.68
2021-12-02,AMD.US,buy,125.4599,35.63,signal,0.0,0,0.0,0.0
2022-06-27,AMD.US,sell,87.2726,35.63,target_rebalance,-1360.6115,207,97.55138962064238,-30.44
2022-06-03,MU.US,buy,69.5775,44.34,signal,0.0,0,0.0,0.0
2022-06-27,MU.US,sell,58.2632,44.34,target_rebalance,-501.6755,24,14.532701775549295,-16.26
2021-10-04,NVDA.US,buy,22.0047,311.32,signal,0.0,0,0.0,0.0
2022-06-27,NVDA.US,sell,17.2468,311.32,target_rebalance,-1481.2191,266,111.95390980920149,-21.62
2022-03-04,AVGO.US,buy,54.2756,122.55,signal,0.0,0,0.0,0.0
2022-06-28,AVGO.US,sell,47.9766,122.55,target_rebalance,-771.9434,116,65.88936731939481,-11.61
2022-06-03,MU.US,buy,69.5775,39.08,signal,0.0,0,0.0,0.0
2022-06-28,MU.US,sell,57.6764,39.08,target_rebalance,-465.0921,25,15.532701775549294,-17.1
2022-03-04,AVGO.US,buy,54.2756,212.53,signal,0.0,0,0.0,0.0
2022-06-29,AVGO.US,sell,46.3734,212.53,target_rebalance,-1679.4682,117,66.88936731939482,-14.56
2022-06-03,MU.US,buy,69.5775,217.66,signal,0.0,0,0.0,0.0
2022-06-29,MU.US,sell,55.9651,217.66,target_rebalance,-2962.8649,26,16.53270177554929,-19.56
2021-12-02,AMD.US,buy,124.2432,10.25,signal,0.0,0,0.0,0.0
2022-06-30,AMD.US,sell,77.6523,10.25,target_rebalance,-477.5568,210,97.86836286681827,-37.5
2022-03-04,AVGO.US,buy,54.2756,143.99,signal,0.0,0,0.0,0.0
2022-06-30,AVGO.US,sell,45.6761,143.99,target_rebalance,-1238.2464,118,67.88936731939482,-15.84
2022-03-04,AVGO.US,buy,54.2756,126.75,signal,0.0,0,0.0,0.0
2022-07-01,AVGO.US,sell,44.8693,126.75,target_rebalance,-1192.2484,119,68.88936731939482,-17.33
2022-03-04,AVGO.US,buy,54.2756,203.66,signal,0.0,0,0.0,0.0
2022-07-05,AVGO.US,sell,44.1758,203.66,target_rebalance,-2056.9274,123,69.88936731939482,-18.61
2022-06-03,MU.US,buy,69.3403,96.04,signal,0.0,0,0.0,0.0
2022-07-05,MU.US,sell,51.0267,96.04,target_rebalance,-1758.8344,32,19.270732770793536,-26.41
2022-06-03,MU.US,buy,69.3403,363.5,signal,0.0,0,0.0,0.0
2022-07-06,MU.US,sell,55.5935,363.5,target_rebalance,-4996.9567,33,20.270732770793533,-19.83
2021-10-04,NVDA.US,buy,21.6951,167.65,signal,0.0,0,0.0,0.0
2022-07-06,NVDA.US,sell,14.9535,167.65,target_rebalance,-1130.2302,275,112.66037824774436,-31.07
2022-06-03,MU.US,buy,69.3403,117.12,signal,0.0,0,0.0,0.0
2022-07-07,MU.US,sell,57.7938,117.12,target_rebalance,-1352.3273,34,21.270732770793536,-16.65
2021-10-04,NVDA.US,buy,21.6951,74.76,signal,0.0,0,0.0,0.0
2022-07-07,NVDA.US,sell,15.3978,74.76,target_rebalance,-470.785,276,113.66037824774438,-29.03
2021-12-02,AMD.US,buy,123.0885,75.24,signal,0.0,0,0.0,0.0
2022-07-08,AMD.US,sell,78.2317,75.24,target_rebalance,-3375.0256,218,100.57982733814805,-36.44
2022-03-04,AVGO.US,buy,53.8997,70.45,signal,0.0,0,0.0,0.0
2022-07-08,AVGO.US,sell,46.1403,70.45,target_rebalance,-546.6498,126,69.92142710522684,-14.4
2021-10-04,NVDA.US,buy,21.6818,241.29,signal,0.0,0,0.0,0.0
2022-07-11,NVDA.US,sell,15.4675,241.29,target_rebalance,-1499.451,280,115.41917817703235,-28.66
2022-03-04,AVGO.US,buy,53.876,12.87,signal,0.0,0,0.0,0.0
2022-07-12,AVGO.US,sell,45.6565,12.87,target_rebalance,-105.7856,130,71.71097859178936,-15.26
2022-06-03,MU.US,buy,69.1773,102.23,signal,0.0,0,0.0,0.0
2022-07-12,MU.US,sell,57.2407,102.23,target_rebalance,-1220.2843,39,23.972779927252425,-17.26
2021-12-02,AMD.US,buy,122.7895,0.18,signal,0.0,0,0.0,0.0
2022-07-13,AMD.US,sell,74.8651,0.18,target_rebalance,-8.6264,223,102.91196414545823,-39.03
2022-03-04,AVGO.US,buy,53.876,28.11,signal,0.0,0,0.0,0.0
2022-07-13,AVGO.US,sell,44.4547,28.11,target_rebalance,-264.8321,131,72.71097859178936,-17.49
2022-06-03,MU.US,buy,69.1773,110.35,signal,0.0,0,0.0,0.0
2022-07-13,MU.US,sell,56.2217,110.35,target_rebalance,-1429.6558,40,24.972779927252425,-18.73
2021-12-02,AMD.US,buy,122.7895,129.72,signal,0.0,0,0.0,0.0
2022-07-14,AMD.US,sell,78.1518,129.72,target_rebalance,-5790.4087,224,103.91196414545823,-36.35
2021-10-04,NVDA.US,buy,21.5125,280.56,signal,0.0,0,0.0,0.0
2022-07-14,NVDA.US,sell,15.0511,280.56,target_rebalance,-1812.818,283,115.54315011049526,-30.04
2022-06-03,MU.US,buy,69.0074,259.59,signal,0.0,0,0.0,0.0
2022-07-15,MU.US,sell,60.2389,259.59,target_rebalance,-2276.2202,42,26.61380635967268,-12.71
2021-10-04,NVDA.US,buy,21.5125,166.0,signal,0.0,0,0.0,0.0
2022-07-15,NVDA.US,sell,15.6,166.0,target_rebalance,-981.4754,284,116.54315011049528,-27.48
2021-12-02,AMD.US,buy,122.1372,55.71,signal,0.0,0,0.0,0.0
2022-07-18,AMD.US,sell,82.1278,55.71,target_rebalance,-2228.9248,228,104.33329850693019,-32.76
2021-10-04,NVDA.US,buy,21.5125,547.69,signal,0.0,0,0.0,0.0
2022-07-18,NVDA.US,sell,16.2406,547.69,target_rebalance,-2887.3799,287,117.54315011049526,-24.51
2021-12-02,AMD.US,buy,122.1372,47.35,signal,0.0,0,0.0,0.0
2022-07-19,AMD.US,sell,82.6772,47.35,target_rebalance,-1868.4294,229,105.33329850693018,-32.31
2021-10-04,NVDA.US,buy,21.5125,410.23,signal,0.0,0,0.0,0.0
2022-07-19,NVDA.US,sell,16.4239,410.23,target_rebalance,-2087.5022,288,118.54315011049525,-23.65
2021-12-02,AMD.US,buy,122.1372,54.93,signal,0.0,0,0.0,0.0
2022-07-20,AMD.US,sell,85.3046,54.93,target_rebalance,-2023.2147,230,106.33329850693019,-30.16
2021-10-04,NVDA.US,buy,21.5125,138.72,signal,0.0,0,0.0,0.0
2022-07-20,NVDA.US,sell,16.8832,138.72,target_rebalance,-642.1839,289,119.54315011049526,-21.52
2021-12-02,AMD.US,buy,122.1372,143.41,signal,0.0,0,0.0,0.0
2022-07-21,AMD.US,sell,89.5104,143.41,target_rebalance,-4679.0108,231,107.33329850693019,-26.71
2021-10-04,NVDA.US,buy,21.5125,933.88,signal,0.0,0,0.0,0.0
2022-07-21,NVDA.US,sell,17.8176,933.88,target_rebalance,-3450.5808,290,120.54315011049525,-17.18
2021-12-02,AMD.US,buy,122.1372,51.01,signal,0.0,0,0.0,0.0
2022-07-22,AMD.US,sell,90.1098,51.01,target_rebalance,-1633.7183,232,108.33329850693019,-26.22
2022-03-04,AVGO.US,buy,53.4838,141.24,signal,0.0,0,0.0,0.0
2022-07-22,AVGO.US,sell,48.5569,141.24,target_rebalance,-695.8798,140,75.43772206920492,-9.21
2021-10-04,NVDA.US,buy,21.5125,31.01,signal,0.0,0,0.0,0.0
2022-07-22,NVDA.US,sell,17.8256,31.01,target_rebalance,-114.3311,291,121.54315011049526,-17.14
2022-03-04,AVGO.US,buy,53.4838,131.78,signal,0.0,0,0.0,0.0
2022-07-25,AVGO.US,sell,47.7754,131.78,target_rebalance,-752.2573,143,76.43772206920492,-10.67
2022-06-03,MU.US,buy,68.3847,266.95,signal,0.0,0,0.0,0.0
2022-07-25,MU.US,sell,60.1115,266.95,target_rebalance,-2208.524,52,30.331675087786923,-12.1
2021-12-02,AMD.US,buy,121.6821,42.15,signal,0.0,0,0.0,0.0
2022-07-26,AMD.US,sell,86.913,42.15,target_rebalance,-1465.518,236,108.93091494335555,-28.57
2022-03-04,AVGO.US,buy,53.4838,144.23,signal,0.0,0,0.0,0.0
2022-07-26,AVGO.US,sell,48.1657,144.23,target_rebalance,-767.037,144,77.43772206920492,-9.94
2022-03-04,AVGO.US,buy,53.4838,33.24,signal,0.0,0,0.0,0.0
2022-07-27,AVGO.US,sell,48.4998,33.24,target_rebalance,-165.6691,145,78.43772206920492,-9.32
2021-10-04,NVDA.US,buy,21.3926,77.07,signal,0.0,0,0.0,0.0
2022-07-27,NVDA.US,sell,16.9679,77.07,target_rebalance,-341.0169,296,121.30696450154963,-20.68
2021-12-02,AMD.US,buy,121.5766,15.2,signal,0.0,0,0.0,0.0
2022-07-28,AMD.US,sell,90.3296,15.2,target_rebalance,-474.954,238,110.59607211998154,-25.7
2021-10-04,NVDA.US,buy,21.3926,690.58,signal,0.0,0,0.0,0.0
2022-07-28,NVDA.US,sell,17.9073,690.58,target_rebalance,-2406.8893,297,122.30696450154961,-16.29
2021-12-02,AMD.US,buy,121.5766,47.34,signal,0.0,0,0.0,0.0
2022-07-29,AMD.US,sell,90.6093,47.34,target_rebalance,-1465.9899,239,111.59607211998154,-25.47
2022-03-04,AVGO.US,buy,53.4322,103.3,signal,0.0,0,0.0,0.0
2022-07-29,AVGO.US,sell,49.7895,103.3,target_rebalance,-376.284,147,79.38851323918881,-6.82
2021-12-02,AMD.US,buy,121.5766,211.92,signal,0.0,0,0.0,0.0
2022-08-01,AMD.US,sell,95.4944,211.92,target_rebalance,-5527.3284,242,112.59607211998154,-21.45
2021-12-02,AMD.US,buy,121.5766,27.24,signal,0.0,0,0.0,0.0
2022-08-02,AMD.US,sell,95.6143,27.24,target_rebalance,-707.212,243,113.59607211998154,-21.35
2022-03-04,AVGO.US,buy,53.3552,53.64,signal,0.0,0,0.0,0.0
2022-08-02,AVGO.US,sell,49.9056,53.64,target_rebalance,-185.0404,151,79.66852496800432,-6.47
2022-03-04,AVGO.US,buy,53.3552,17.96,signal,0.0,0,0.0,0.0
2022-08-03,AVGO.US,sell,50.0993,17.96,target_rebalance,-58.4766,152,80.66852496800435,-6.1
2022-06-03,MU.US,buy,68.0295,82.42,signal,0.0,0,0.0,0.0
2022-08-03,MU.US,sell,61.2383,82.42,target_rebalance,-559.7309,61,35.85510663536853,-9.98
2021-10-04,NVDA.US,buy,21.3708,245.51,signal,0.0,0,0.0,0.0
2022-08-04,NVDA.US,sell,18.778,245.51,target_rebalance,-636.5638,304,126.52666562116836,-12.13
2021-12-02,AMD.US,buy,121.3096,219.21,signal,0.0,0,0.0,0.0
2022-08-05,AMD.US,sell,100.949,219.21,target_rebalance,-4463.2679,246,115.44424714479028,-16.78
2021-12-02,AMD.US,buy,121.3096,77.22,signal,0.0,0,0.0,0.0
2022-08-08,AMD.US,sell,99.9599,77.22,target_rebalance,-1648.6246,249,116.44424714479027,-17.6
2022-03-04,AVGO.US,buy,53.3326,363.15,signal,0.0,0,0.0,0.0
2022-08-08,AVGO.US,sell,51.4152,363.15,target_rebalance,-696.309,157,82.81886093775812,-3.6
2022-06-03,MU.US,buy,67.8902,59.11,signal,0.0,0,0.0,0.0
2022-08-08,MU.US,sell,60.7386,59.11,target_rebalance,-422.7316,66,38.01696631314273,-10.53
2021-12-02,AMD.US,buy,121.3096,29.33,signal,0.0,0,0.0,0.0
2022-08-09,AMD.US,sell,97.852,29.33,target_rebalance,-688.0114,250,117.44424714479027,-19.34
2022-03-04,AVGO.US,buy,53.3326,88.99,signal,0.0,0,0.0,0.0
2022-08-09,AVGO.US,sell,50.455,88.99,target_rebalance,-256.0845,158,83.81886093775812,-5.4
2021-10-04,NVDA.US,buy,21.1724,356.01,signal,0.0,0,0.0,0.0
2022-08-09,NVDA.US,sell,17.187,356.01,target_rebalance,-1418.8423,309,122.90324670388138,-18.82
2021-10-04,NVDA.US,buy,21.1724,401.29,signal,0.0,0,0.0,0.0
2022-08-10,NVDA.US,sell,17.6314,401.29,target_rebalance,-1420.9976,310,123.9032467038814,-16.72
2022-06-03,MU.US,buy,67.6758,126.9,signal,0.0,0,0.0,0.0
2022-08-11,MU.US,sell,60.7484,126.9,target_rebalance,-879.0852,69,40.17742922125976,-10.24
2021-10-04,NVDA.US,buy,21.1724,105.39,signal,0.0,0,0.0,0.0
2022-08-11,NVDA.US,sell,18.0627,105.39,target_rebalance,-327.7321,311,124.9032467038814,-14.69
2022-06-03,MU.US,buy,67.6758,134.61,signal,0.0,0,0.0,0.0
2022-08-12,MU.US,sell,61.3951,134.61,target_rebalance,-845.4454,70,41.17742922125976,-9.28
2021-10-04,NVDA.US,buy,21.1724,117.14,signal,0.0,0,0.0,0.0
2022-08-12,NVDA.US,sell,18.0916,117.14,target_rebalance,-360.8871,312,125.90324670388138,-14.55
2022-06-03,MU.US,buy,67.6758,117.23,signal,0.0,0,0.0,0.0
2022-08-15,MU.US,sell,63.3939,117.23,target_rebalance,-501.966,73,42.17742922125976,-6.33
2021-10-04,NVDA.US,buy,21.1724,298.18,signal,0.0,0,0.0,0.0
2022-08-15,NVDA.US,sell,18.6306,298.18,target_rebalance,-757.929,315,126.90324670388138,-12.01
2022-03-04,AVGO.US,buy,53.2912,12.96,signal,0.0,0,0.0,0.0
2022-08-16,AVGO.US,sell,52.1799,12.96,target_rebalance,-14.4033,165,86.54849248999318,-2.09
2021-10-04,NVDA.US,buy,21.1724,322.07,signal,0.0,0,0.0,0.0
2022-08-16,NVDA.US,sell,18.8488,322.07,target_rebalance,-748.3868,316,127.9032467038814,-10.98
2021-12-02,AMD.US,buy,120.7038,18.68,signal,0.0,0,0.0,0.0
2022-08-17,AMD.US,sell,99.1607,18.68,target_rebalance,-402.4236,258,120.08934219015889,-17.85
2022-03-04,AVGO.US,buy,53.2874,101.95,signal,0.0,0,0.0,0.0
2022-08-18,AVGO.US,sell,50.8593,101.95,target_rebalance,-247.5508,167,88.40033486546587,-4.56
2022-03-04,AVGO.US,buy,53.2874,80.79,signal,0.0,0,0.0,0.0
2022-08-19,AVGO.US,sell,51.5566,80.79,target_rebalance,-139.8387,168,89.40033486546587,-3.25
2022-03-04,AVGO.US,buy,53.2874,278.24,signal,0.0,0,0.0,0.0
2022-08-22,AVGO.US,sell,50.7807,278.24,target_rebalance,-697.4884,171,90.40033486546587,-4.7
2022-03-04,AVGO.US,buy,53.2874,69.27,signal,0.0,0,0.0,0.0
2022-08-23,AVGO.US,sell,49.9645,69.27,target_rebalance,-230.1781,172,91.40033486546587,-6.24
2021-12-02,AMD.US,buy,120.5086,1.83,signal,0.0,0,0.0,0.0
2022-08-24,AMD.US,sell,92.1178,1.83,target_rebalance,-51.9551,265,124.14541873445529,-23.56
2021-10-04,NVDA.US,buy,21.0841,131.74,signal,0.0,0,0.0,0.0
2022-08-24,NVDA.US,sell,16.9479,131.74,target_rebalance,-544.8929,324,130.84493716977892,-19.62
2021-12-02,AMD.US,buy,120.5086,35.25,signal,0.0,0,0.0,0.0
2022-08-25,AMD.US,sell,93.0469,35.25,target_rebalance,-968.025,266,125.14541873445529,-22.79
2022-03-04,AVGO.US,buy,53.2805,5.0,signal,0.0,0,0.0,0.0
2022-08-25,AVGO.US,sell,49.9271,5.0,target_rebalance,-16.7669,174,93.22262101247757,-6.29
2022-06-03,MU.US,buy,67.5057,60.79,signal,0.0,0,0.0,0.0
2022-08-25,MU.US,sell,57.417,60.79,target_rebalance,-613.2909,83,49.02053174719625,-14.94
2022-06-03,MU.US,buy,67.5057,14.1,signal,0.0,0,0.0,0.0
2022-08-26,MU.US,sell,59.8372,14.1,target_rebalance,-108.1264,84,50.020531747196266,-11.36
2021-10-04,NVDA.US,buy,21.0295,619.05,signal,0.0,0,0.0,0.0
2022-08-26,NVDA.US,sell,17.7898,619.05,target_rebalance,-2005.5786,326,131.16100858246762,-15.41
2021-12-02,AMD.US,buy,120.394,22.91,signal,0.0,0,0.0,0.0
2022-08-29,AMD.US,sell,89.96,22.91,target_rebalance,-697.2437,270,126.54627262145907,-25.28
2022-03-04,AVGO.US,buy,53.2632,209.95,signal,0.0,0,0.0,0.0
2022-08-29,AVGO.US,sell,48.6683,209.95,target_rebalance,-964.7075,178,94.32430758032156,-8.63
2022-06-03,MU.US,buy,67.5057,97.32,signal,0.0,0,0.0,0.0
2022-08-29,MU.US,sell,56.1531,97.32,target_rebalance,-1104.8389,87,51.020531747196266,-16.82
2021-12-02,AMD.US,buy,120.394,12.38,signal,0.0,0,0.0,0.0
2022-08-30,AMD.US,sell,89.9699,12.38,target_rebalance,-376.6497,271,127.54627262145907,-25.27
2022-06-03,MU.US,buy,67.5057,51.22,signal,0.0,0,0.0,0.0
2022-08-30,MU.US,sell,56.3196,51.22,target_rebalance,-572.9508,88,52.020531747196266,-16.57
2022-03-04,AVGO.US,buy,53.2517,182.17,signal,0.0,0,0.0,0.0
2022-08-31,AVGO.US,sell,47.7473,182.17,target_rebalance,-1002.7268,180,96.09488659477883,-10.34
2022-06-03,MU.US,buy,67.5057,34.1,signal,0.0,0,0.0,0.0
2022-08-31,MU.US,sell,54.8597,34.1,target_rebalance,-431.2282,89,53.020531747196266,-18.73
2022-03-04,AVGO.US,buy,53.2517,76.18,signal,0.0,0,0.0,0.0
2022-09-01,AVGO.US,sell,45.9981,76.18,target_rebalance,-552.58,181,97.09488659477884,-13.62
2022-06-03,MU.US,buy,67.5057,326.8,signal,0.0,0,0.0,0.0
2022-09-01,MU.US,sell,54.1445,326.8,target_rebalance,-4366.459,90,54.02053174719626,-19.79
2022-03-04,AVGO.US,buy,53.2517,308.58,signal,0.0,0,0.0,0.0
2022-09-02,AVGO.US,sell,48.4811,308.58,target_rebalance,-1472.1085,182,98.09488659477886,-8.96
2022-06-03,MU.US,buy,67.5057,272.29,signal,0.0,0,0.0,0.0
2022-09-02,MU.US,sell,57.1231,272.29,target_rebalance,-2827.0851,91,55.020531747196266,-15.38
2021-10-04,NVDA.US,buy,20.5747,40596.64,signal,0.0,0,0.0,0.0
2022-09-02,NVDA.US,sell,14.0469,40596.64,signal,-265004.9535,333,125.90710478033421,-31.73
2022-09-02,LRCX.US,buy,41.9384,182.51,signal,0.0,0,0.0,0.0
2022-09-06,LRCX.US,sell,41.1785,182.51,target_rebalance,-138.689,4,1.0,-1.81
2022-03-04,AVGO.US,buy,53.2192,157.21,signal,0.0,0,0.0,0.0
2022-09-07,AVGO.US,sell,47.0688,157.21,target_rebalance,-966.9066,187,99.59953410218053,-11.56
2022-09-02,LRCX.US,buy,41.9384,73.1,signal,0.0,0,0.0,0.0
2022-09-07,LRCX.US,sell,41.142,73.1,target_rebalance,-58.2124,5,2.0,-1.9
2021-12-02,AMD.US,buy,118.8057,81.51,signal,0.0,0,0.0,0.0
2022-09-08,AMD.US,sell,79.95,81.51,target_rebalance,-3167.1345,280,128.0054545842591,-32.71
2022-03-04,AVGO.US,buy,53.2192,34.67,signal,0.0,0,0.0,0.0
2022-09-08,AVGO.US,sell,47.0398,34.67,target_rebalance,-214.2407,188,100.59953410218053,-11.61
2021-12-02,AMD.US,buy,118.8057,73.3,signal,0.0,0,0.0,0.0
2022-09-09,AMD.US,sell,83.946,73.3,target_rebalance,-2555.2218,281,129.0054545842591,-29.34
2022-09-02,LRCX.US,buy,41.9351,140.53,signal,0.0,0,0.0,0.0
2022-09-09,LRCX.US,sell,42.9066,140.53,target_rebalance,136.5318,7,3.9907572521653814,2.32
2022-03-04,AVGO.US,buy,53.1649,75.84,signal,0.0,0,0.0,0.0
2022-09-12,AVGO.US,sell,49.3,75.84,target_rebalance,-293.1143,192,101.47008016869623,-7.27
2022-06-03,MU.US,buy,67.0797,77.12,signal,0.0,0,0.0,0.0
2022-09-12,MU.US,sell,56.3001,77.12,target_rebalance,-831.3281,101,58.16018366059632,-16.07
2022-03-04,AVGO.US,buy,53.1649,121.92,signal,0.0,0,0.0,0.0
2022-09-13,AVGO.US,sell,48.0917,121.92,target_rebalance,-618.5228,193,102.47008016869624,-9.54
2022-06-03,MU.US,buy,67.0797,40.31,signal,0.0,0,0.0,0.0
2022-09-13,MU.US,sell,54.5756,40.31,target_rebalance,-504.042,102,59.16018366059632,-18.64
2022-03-04,AVGO.US,buy,53.1649,157.06,signal,0.0,0,0.0,0.0
2022-09-14,AVGO.US,sell,47.4637,157.06,target_rebalance,-895.4298,194,103.47008016869624,-10.72
2022-09-02,LRCX.US,buy,41.9456,174.87,signal,0.0,0,0.0,0.0
2022-09-14,LRCX.US,sell,40.8209,174.87,target_rebalance,-196.6782,12,6.914946511480008,-2.68
2021-12-02,AMD.US,buy,117.3768,9.13,signal,0.0,0,0.0,0.0
2022-09-15,AMD.US,sell,76.5634,9.13,target_rebalance,-372.6266,287,128.30919305368954,-34.77
2022-03-04,AVGO.US,buy,53.1649,150.61,signal,0.0,0,0.0,0.0
2022-09-15,AVGO.US,sell,47.6322,150.61,target_rebalance,-833.2842,195,104.47008016869623,-10.41
2021-12-02,AMD.US,buy,117.3768,39.83,signal,0.0,0,0.0,0.0
2022-09-16,AMD.US,sell,75.5444,39.83,target_rebalance,-1666.1847,288,129.30919305368954,-35.64
2022-06-03,MU.US,buy,66.8141,14.99,signal,0.0,0,0.0,0.0
2022-09-16,MU.US,sell,50.8425,14.99,target_rebalance,-239.4146,105,61.084155313185576,-23.9
2021-12-02,AMD.US,buy,117.3768,14.72,signal,0.0,0,0.0,0.0
2022-09-19,AMD.US,sell,75.3146,14.72,target_rebalance,-619.1553,291,130.30919305368954,-35.84
2022-06-03,MU.US,buy,66.8141,71.04,signal,0.0,0,0.0,0.0
2022-09-19,MU.US,sell,50.9209,71.04,target_rebalance,-1129.0553,108,62.08415531318558,-23.79
2021-12-02,AMD.US,buy,117.3768,57.72,signal,0.0,0,0.0,0.0
2022-09-20,AMD.US,sell,76.0039,57.72,target_rebalance,-2388.0418,292,131.30919305368954,-35.25
2022-03-04,AVGO.US,buy,53.1452,1.11,signal,0.0,0,0.0,0.0
2022-09-20,AVGO.US,sell,46.4221,1.11,target_rebalance,-7.4627,200,107.15634477909623,-12.65
2021-12-02,AMD.US,buy,117.3768,13.18,signal,0.0,0,0.0,0.0
2022-09-21,AMD.US,sell,75.3646,13.18,target_rebalance,-553.7211,293,132.30919305368954,-35.79
2022-03-04,AVGO.US,buy,53.1452,99.22,signal,0.0,0,0.0,0.0
2022-09-21,AVGO.US,sell,46.3385,99.22,target_rebalance,-675.367,201,108.15634477909624,-12.81
2022-09-02,LRCX.US,buy,41.9036,165.35,signal,0.0,0,0.0,0.0
2022-09-21,LRCX.US,sell,38.9811,165.35,target_rebalance,-483.2312,19,11.769998399861407,-6.97
2022-06-03,MU.US,buy,66.2492,162.8,signal,0.0,0,0.0,0.0
2022-09-22,MU.US,sell,48.7947,162.8,target_rebalance,-2841.5981,111,63.03196303262928,-26.35
2022-03-04,AVGO.US,buy,53.1452,192.55,signal,0.0,0,0.0,0.0
2022-09-23,AVGO.US,sell,44.8247,192.55,target_rebalance,-1602.1269,203,110.15634477909622,-15.66
2022-09-02,LRCX.US,buy,41.8709,18.19,signal,0.0,0,0.0,0.0
2022-09-23,LRCX.US,sell,36.8178,18.19,target_rebalance,-91.9158,21,13.661800323316813,-12.07
2022-06-03,MU.US,buy,66.2492,255.55,signal,0.0,0,0.0,0.0
2022-09-23,MU.US,sell,48.2852,255.55,target_rebalance,-4590.7083,112,64.03196303262926,-27.12
2022-06-03,MU.US,buy,66.2492,153.86,signal,0.0,0,0.0,0.0
2022-09-26,MU.US,sell,48.9221,153.86,target_rebalance,-2665.9564,115,65.03196303262926,-26.15
2022-06-03,MU.US,buy,66.2492,148.63,signal,0.0,0,0.0,0.0
2022-09-28,MU.US,sell,49.0984,148.63,target_rebalance,-2549.121,117,67.03196303262928,-25.89
2022-09-02,LRCX.US,buy,41.8163,27.26,signal,0.0,0,0.0,0.0
2022-09-29,LRCX.US,sell,36.1179,27.26,target_rebalance,-155.3374,27,17.5050108936871,-13.63
2022-03-04,AVGO.US,buy,52.9953,4.93,signal,0.0,0,0.0,0.0
2022-09-30,AVGO.US,sell,42.3812,4.93,target_rebalance,-52.3273,210,113.31278094510637,-20.03
2022-06-03,MU.US,buy,66.2474,369.12,signal,0.0,0,0.0,0.0
2022-09-30,MU.US,sell,49.5198,369.12,target_rebalance,-6174.495,119,69.02458636638892,-25.25
2022-09-02,LRCX.US,buy,41.7034,299.94,signal,0.0,0,0.0,0.0
2022-10-03,LRCX.US,sell,35.8426,299.94,target_rebalance,-1757.9027,31,19.217231120463357,-14.05
2022-09-02,LRCX.US,buy,41.7034,310.23,signal,0.0,0,0.0,0.0
2022-10-04,LRCX.US,sell,38.777,310.23,target_rebalance,-907.8647,32,20.217231120463353,-7.02
2022-03-04,AVGO.US,buy,52.7401,242.34,signal,0.0,0,0.0,0.0
2022-10-05,AVGO.US,sell,44.5982,242.34,target_rebalance,-1973.1272,215,113.24390596807216,-15.44
2022-03-04,AVGO.US,buy,52.7401,23.04,signal,0.0,0,0.0,0.0
2022-10-06,AVGO.US,sell,45.659,23.04,target_rebalance,-163.1504,216,114.24390596807216,-13.43
2022-06-03,MU.US,buy,66.0823,59.17,signal,0.0,0,0.0,0.0
2022-10-06,MU.US,sell,53.3018,59.17,target_rebalance,-756.2179,125,72.22152676616851,-19.34
2022-03-04,AVGO.US,buy,52.7401,82.26,signal,0.0,0,0.0,0.0
2022-10-07,AVGO.US,sell,44.5821,82.26,target_rebalance,-671.0795,217,115.24390596807217,-15.47
2022-06-03,MU.US,buy,66.0823,173.49,signal,0.0,0,0.0,0.0
2022-10-07,MU.US,sell,52.5895,173.49,target_rebalance,-2340.857,126,73.22152676616851,-20.42
2022-03-04,AVGO.US,buy,52.7401,227.98,signal,0.0,0,0.0,0.0
2022-10-10,AVGO.US,sell,43.4137,227.98,target_rebalance,-2126.2387,220,116.24390596807217,-17.68
2022-09-02,LRCX.US,buy,41.6443,10.87,signal,0.0,0,0.0,0.0
2022-10-10,LRCX.US,sell,35.6192,10.87,target_rebalance,-65.4925,38,23.87417492558347,-14.47
2022-06-03,MU.US,buy,66.0823,359.38,signal,0.0,0,0.0,0.0
2022-10-10,MU.US,sell,52.1084,359.38,target_rebalance,-5021.9289,129,74.22152676616852,-21.15
2021-12-02,AMD.US,buy,108.1841,328.1,signal,0.0,0,0.0,0.0
2022-10-11,AMD.US,sell,57.1528,328.1,target_rebalance,-16743.3763,313,122.48210905432191,-47.17
2021-12-02,AMD.US,buy,108.1841,18.5,signal,0.0,0,0.0,0.0
2022-10-12,AMD.US,sell,57.3926,18.5,target_rebalance,-939.6438,314,123.48210905432191,-46.95
2022-06-03,MU.US,buy,66.0451,489.31,signal,0.0,0,0.0,0.0
2022-10-12,MU.US,sell,52.6288,489.31,target_rebalance,-6564.7536,131,76.04970391654925,-20.31
2021-12-02,AMD.US,buy,108.1841,114.72,signal,0.0,0,0.0,0.0
2022-10-13,AMD.US,sell,55.4645,114.72,target_rebalance,-6047.9959,315,124.48210905432194,-48.73
2022-03-04,AVGO.US,buy,52.513,129.69,signal,0.0,0,0.0,0.0
2022-10-13,AVGO.US,sell,39.3951,129.69,target_rebalance,-1701.2535,223,116.96060146128735,-24.98
2022-06-03,MU.US,buy,66.0451,47.32,signal,0.0,0,0.0,0.0
2022-10-13,MU.US,sell,50.4196,47.32,target_rebalance,-739.4021,132,77.04970391654925,-23.66
2022-09-02,LRCX.US,buy,40.5515,556.52,signal,0.0,0,0.0,0.0
2022-10-14,LRCX.US,sell,32.7917,556.52,target_rebalance,-4318.4647,42,25.15058689078447,-19.14
2022-03-04,AVGO.US,buy,52.3232,162.88,signal,0.0,0,0.0,0.0
2022-10-17,AVGO.US,sell,41.4837,162.88,target_rebalance,-1765.5425,227,116.84778689258431,-20.72
2022-06-03,MU.US,buy,65.9849,97.11,signal,0.0,0,0.0,0.0
2022-10-17,MU.US,sell,53.6107,97.11,target_rebalance,-1201.6657,136,78.64811559211316,-18.75
2021-12-02,AMD.US,buy,107.1318,197.67,signal,0.0,0,0.0,0.0
2022-10-18,AMD.US,sell,59.8501,197.67,target_rebalance,-9346.1676,320,124.82783804841742,-44.13
2022-03-04,AVGO.US,buy,52.3232,21.46,signal,0.0,0,0.0,0.0
2022-10-18,AVGO.US,sell,42.301,21.46,target_rebalance,-215.0767,228,117.84778689258432,-19.15
2022-03-04,AVGO.US,buy,52.3232,25.95,signal,0.0,0,0.0,0.0
2022-10-19,AVGO.US,sell,40.8872,25.95,target_rebalance,-296.7639,229,118.84778689258432,-21.86
2022-09-02,LRCX.US,buy,40.27,304.33,signal,0.0,0,0.0,0.0
2022-10-19,LRCX.US,sell,31.0395,304.33,target_rebalance,-2809.1251,47,27.315861739116368,-22.92
2022-09-02,LRCX.US,buy,40.27,488.17,signal,0.0,0,0.0,0.0
2022-10-20,LRCX.US,sell,32.7926,488.17,target_rebalance,-3650.2372,48,28.315861739116368,-18.57
2022-06-03,MU.US,buy,65.6231,23.69,signal,0.0,0,0.0,0.0
2022-10-20,MU.US,sell,52.5306,23.69,target_rebalance,-310.1616,139,79.55041063805554,-19.95
2022-09-02,LRCX.US,buy,40.27,485.13,signal,0.0,0,0.0,0.0
2022-10-21,LRCX.US,sell,34.1742,485.13,target_rebalance,-2957.2851,49,29.315861739116368,-15.14
2022-03-04,AVGO.US,buy,51.9856,51.94,signal,0.0,0,0.0,0.0
2022-10-24,AVGO.US,sell,42.7276,51.94,target_rebalance,-480.8615,234,118.2569309326103,-17.81
2022-09-02,LRCX.US,buy,40.27,33.47,signal,0.0,0,0.0,0.0
2022-10-24,LRCX.US,sell,35.6626,33.47,target_rebalance,-154.2123,52,30.31586173911637,-11.44
2022-06-03,MU.US,buy,65.5489,70.4,signal,0.0,0,0.0,0.0
2022-10-24,MU.US,sell,55.2111,70.4,target_rebalance,-727.7766,143,81.09025036824251,-15.77
2022-03-04,AVGO.US,buy,51.9856,33.19,signal,0.0,0,0.0,0.0
2022-10-25,AVGO.US,sell,43.224,33.19,target_rebalance,-290.7968,235,119.2569309326103,-16.85
2022-09-02,LRCX.US,buy,40.27,50.5,signal,0.0,0,0.0,0.0
2022-10-25,LRCX.US,sell,36.1044,50.5,target_rebalance,-210.3623,53,31.315861739116368,-10.34
2021-12-02,AMD.US,buy,104.2828,109.71,signal,0.0,0,0.0,0.0
2022-10-26,AMD.US,sell,59.6303,109.71,target_rebalance,-4898.8227,328,123.43278406624381,-42.82
2021-12-02,AMD.US,buy,104.2828,108.4,signal,0.0,0,0.0,0.0
2022-10-27,AMD.US,sell,61.5384,108.4,target_rebalance,-4633.4911,329,124.43278406624378,-40.99
2022-09-02,LRCX.US,buy,40.2667,249.11,signal,0.0,0,0.0,0.0
2022-10-27,LRCX.US,sell,37.4465,249.11,target_rebalance,-702.5475,55,33.29023165481567,-7.0
2022-03-04,AVGO.US,buy,51.9856,99.2,signal,0.0,0,0.0,0.0
2022-10-28,AVGO.US,sell,43.1268,99.2,target_rebalance,-878.7923,238,122.2569309326103,-17.04
2022-09-02,LRCX.US,buy,40.2667,463.92,signal,0.0,0,0.0,0.0
2022-10-28,LRCX.US,sell,37.5957,463.92,target_rebalance,-1239.1318,56,34.29023165481568,-6.63
2022-09-02,LRCX.US,buy,40.2667,70.82,signal,0.0,0,0.0,0.0
2022-10-31,LRCX.US,sell,38.9782,70.82,target_rebalance,-91.2527,59,35.29023165481568,-3.2
2022-06-03,MU.US,buy,64.6071,64.3,signal,0.0,0,0.0,0.0
2022-10-31,MU.US,sell,52.9332,64.3,target_rebalance,-750.6322,150,79.79535914703969,-18.07
2022-09-02,LRCX.US,buy,40.2667,25.22,signal,0.0,0,0.0,0.0
2022-11-01,LRCX.US,sell,39.7609,25.22,target_rebalance,-12.7567,60,36.29023165481568,-1.26
2022-06-03,MU.US,buy,64.6071,35.85,signal,0.0,0,0.0,0.0
2022-11-01,MU.US,sell,54.0918,35.85,target_rebalance,-376.9736,151,80.7953591470397,-16.28
2021-12-02,AMD.US,buy,103.4794,8567.02,signal,0.0,0,0.0,0.0
2022-11-02,AMD.US,sell,62.937,8567.02,signal,-347327.1957,335,126.13070759169511,-39.18
2022-03-04,AVGO.US,buy,51.8433,31.62,signal,0.0,0,0.0,0.0
2022-11-03,AVGO.US,sell,42.5586,31.62,target_rebalance,-293.5799,244,123.93797759184709,-17.91
2022-06-03,MU.US,buy,64.552,67.11,signal,0.0,0,0.0,0.0
2022-11-03,MU.US,sell,51.7549,67.11,target_rebalance,-858.8155,153,82.37655929518183,-19.82
2022-11-02,AMAT.US,buy,87.4952,29.14,signal,0.0,0,0.0,0.0
2022-11-04,AMAT.US,sell,87.0437,29.14,target_rebalance,-13.1558,2,1.9968575551746197,-0.52
2022-09-02,LRCX.US,buy,40.2366,151.32,signal,0.0,0,0.0,0.0
2022-11-04,LRCX.US,sell,39.4577,151.32,target_rebalance,-117.8666,63,38.807846606672115,-1.94
2022-06-03,MU.US,buy,64.552,73.59,signal,0.0,0,0.0,0.0
2022-11-04,MU.US,sell,54.2587,73.59,target_rebalance,-757.4861,154,83.37655929518183,-15.95
2022-09-02,LRCX.US,buy,40.2366,107.67,signal,0.0,0,0.0,0.0
2022-11-07,LRCX.US,sell,40.7718,107.67,target_rebalance,57.6257,66,39.80784660667211,1.33
2022-11-02,AMAT.US,buy,87.4952,85.12,signal,0.0,0,0.0,0.0
2022-11-08,AMAT.US,sell,93.7423,85.12,target_rebalance,531.7597,6,3.99685755517462,7.14
2022-09-02,LRCX.US,buy,40.2366,127.67,signal,0.0,0,0.0,0.0
2022-11-08,LRCX.US,sell,42.6491,127.67,target_rebalance,308.0097,67,40.80784660667211,6.0
2022-03-04,AVGO.US,buy,51.5808,86.89,signal,0.0,0,0.0,0.0
2022-11-09,AVGO.US,sell,45.1597,86.89,target_rebalance,-557.931,250,123.93004713771317,-12.45
2022-11-02,AMAT.US,buy,87.4991,34.14,signal,0.0,0,0.0,0.0
2022-11-10,AMAT.US,sell,96.8162,34.14,target_rebalance,318.0856,8,5.992760832544184,10.65
2022-09-02,LRCX.US,buy,40.2366,123.75,signal,0.0,0,0.0,0.0
2022-11-10,LRCX.US,sell,44.2502,123.75,target_rebalance,496.6798,69,42.807846606672115,9.97
2022-11-02,AMAT.US,buy,87.4991,62.05,signal,0.0,0,0.0,0.0
2022-11-11,AMAT.US,sell,101.7943,62.05,target_rebalance,887.0146,9,6.992760832544183,16.34
2022-09-02,LRCX.US,buy,40.2366,101.45,signal,0.0,0,0.0,0.0
2022-11-11,LRCX.US,sell,46.4009,101.45,target_rebalance,625.3698,70,43.80784660667211,15.32
2022-11-02,AMAT.US,buy,87.4991,44.6,signal,0.0,0,0.0,0.0
2022-11-14,AMAT.US,sell,105.2257,44.6,target_rebalance,790.6084,12,7.992760832544182,20.26
2022-09-02,LRCX.US,buy,40.2366,31.95,signal,0.0,0,0.0,0.0
2022-11-14,LRCX.US,sell,47.7179,31.95,target_rebalance,239.0289,73,44.807846606672115,18.59
2022-11-02,AMAT.US,buy,87.4991,0.21,signal,0.0,0,0.0,0.0
2022-11-15,AMAT.US,sell,107.4586,0.21,target_rebalance,4.1915,13,8.992760832544183,22.81
2022-03-04,AVGO.US,buy,51.4499,61.4,signal,0.0,0,0.0,0.0
2022-11-15,AVGO.US,sell,50.0164,61.4,target_rebalance,-88.0203,256,124.0969494793188,-2.79
2022-06-03,MU.US,buy,64.2939,19.12,signal,0.0,0,0.0,0.0
2022-11-15,MU.US,sell,62.3494,19.12,target_rebalance,-37.1784,165,87.30475795657372,-3.02
2022-03-04,AVGO.US,buy,51.4499,338.36,signal,0.0,0,0.0,0.0
2022-11-16,AVGO.US,sell,48.7668,338.36,target_rebalance,-907.8598,257,125.09694947931881,-5.22
2022-06-03,MU.US,buy,64.2939,49.19,signal,0.0,0,0.0,0.0
2022-11-16,MU.US,sell,59.4332,49.19,target_rebalance,-239.0962,166,88.30475795657372,-7.56
2022-03-04,AVGO.US,buy,51.4499,181.6,signal,0.0,0,0.0,0.0
2022-11-17,AVGO.US,sell,47.6607,181.6,target_rebalance,-688.1227,258,126.09694947931882,-7.36
2022-09-02,LRCX.US,buy,40.4381,107.57,signal,0.0,0,0.0,0.0
2022-11-17,LRCX.US,sell,42.9688,107.57,target_rebalance,272.2198,76,45.844923811223886,6.26
2022-11-02,AMAT.US,buy,87.5849,216.47,signal,0.0,0,0.0,0.0
2022-11-18,AMAT.US,sell,106.318,216.47,target_rebalance,4055.1597,16,11.896163505090552,21.39
2022-09-02,LRCX.US,buy,40.4381,24.88,signal,0.0,0,0.0,0.0
2022-11-18,LRCX.US,sell,45.3169,24.88,target_rebalance,121.3829,77,46.84492381122389,12.06
2022-03-04,AVGO.US,buy,51.3837,292.0,signal,0.0,0,0.0,0.0
2022-11-21,AVGO.US,sell,48.4101,292.0,target_rebalance,-868.3013,262,124.82357079790768,-5.79
2022-06-03,MU.US,buy,64.1074,56.6,signal,0.0,0,0.0,0.0
2022-11-21,MU.US,sell,56.9687,56.6,target_rebalance,-404.0531,171,88.87482455470425,-11.14
2022-11-02,AMAT.US,buy,87.8954,66.58,signal,0.0,0,0.0,0.0
2022-11-22,AMAT.US,sell,102.3839,66.58,target_rebalance,964.64,20,13.580532586780333,16.48
2022-03-04,AVGO.US,buy,51.3837,120.67,signal,0.0,0,0.0,0.0
2022-11-22,AVGO.US,sell,49.3567,120.67,target_rebalance,-244.6014,263,125.82357079790769,-3.94
2022-03-04,AVGO.US,buy,51.3837,41.6,signal,0.0,0,0.0,0.0
2022-11-23,AVGO.US,sell,50.0532,41.6,target_rebalance,-55.3497,264,126.82357079790768,-2.59
2022-11-02,AMAT.US,buy,87.9305,3.75,signal,0.0,0,0.0,0.0
2022-11-25,AMAT.US,sell,103.6021,3.75,target_rebalance,58.7685,23,15.547150904826626,17.82
2022-06-03,MU.US,buy,63.9933,39.26,signal,0.0,0,0.0,0.0
2022-11-25,MU.US,sell,57.6069,39.26,target_rebalance,-250.7298,175,90.50478866430474,-9.98
2022-03-04,AVGO.US,buy,51.3833,98.65,signal,0.0,0,0.0,0.0
2022-11-28,AVGO.US,sell,49.5709,98.65,target_rebalance,-178.7935,269,128.7814478422487,-3.53
2022-11-02,AMAT.US,buy,87.9953,34.38,signal,0.0,0,0.0,0.0
2022-11-29,AMAT.US,sell,100.8309,34.38,target_rebalance,441.2889,27,17.46505741452598,14.59
2022-03-04,AVGO.US,buy,51.3833,36.83,signal,0.0,0,0.0,0.0
2022-11-29,AVGO.US,sell,49.3595,36.83,target_rebalance,-74.5366,270,129.7814478422487,-3.94
2022-09-02,LRCX.US,buy,40.5005,98.13,signal,0.0,0,0.0,0.0
2022-11-29,LRCX.US,sell,43.0381,98.13,target_rebalance,249.0083,88,51.88409895506877,6.27
2022-11-02,AMAT.US,buy,87.9953,44.71,signal,0.0,0,0.0,0.0
2022-11-30,AMAT.US,sell,100.7437,44.71,target_rebalance,569.9835,28,18.46505741452598,14.49
2022-03-04,AVGO.US,buy,51.3833,125.85,signal,0.0,0,0.0,0.0
2022-11-30,AVGO.US,sell,49.4643,125.85,target_rebalance,-241.5107,271,130.7814478422487,-3.73
2022-09-02,LRCX.US,buy,40.5005,141.11,signal,0.0,0,0.0,0.0
2022-11-30,LRCX.US,sell,43.1189,141.11,target_rebalance,369.4826,89,52.88409895506878,6.47
2022-09-02,LRCX.US,buy,40.5005,71.24,signal,0.0,0,0.0,0.0
2022-12-01,LRCX.US,sell,46.1458,71.24,target_rebalance,402.1667,90,53.88409895506878,13.94
2022-06-03,MU.US,buy,63.4673,127.95,signal,0.0,0,0.0,0.0
2022-12-01,MU.US,sell,56.7821,127.95,target_rebalance,-855.3695,181,89.79788592110567,-10.53
2022-11-02,AMAT.US,buy,88.0465,5682.89,signal,0.0,0,0.0,0.0
2022-12-02,AMAT.US,sell,101.0828,5682.89,signal,74084.0454,30,20.41241202943824,14.81
2022-03-04,AVGO.US,buy,51.3908,261.07,signal,0.0,0,0.0,0.0
2022-12-02,AVGO.US,sell,50.6855,261.07,target_rebalance,-184.1254,273,131.42309636846355,-1.37
2022-12-02,ASML.US,buy,581.8754,1.28,signal,0.0,0,0.0,0.0
2022-12-05,ASML.US,sell,585.3562,1.28,target_rebalance,4.4554,3,1.0,0.6
2022-09-02,LRCX.US,buy,40.5277,57.8,signal,0.0,0,0.0,0.0
2022-12-05,LRCX.US,sell,43.8756,57.8,target_rebalance,193.5137,94,55.384660088027466,8.26
2022-12-02,ASML.US,buy,581.8754,5.14,signal,0.0,0,0.0,0.0
2022-12-06,ASML.US,sell,583.8084,5.14,target_rebalance,9.9356,4,2.0,0.33
2022-09-02,LRCX.US,buy,40.5277,20.16,signal,0.0,0,0.0,0.0
2022-12-06,LRCX.US,sell,43.5993,20.16,target_rebalance,61.9251,95,56.384660088027466,7.58
2022-12-02,ASML.US,buy,581.8754,0.87,signal,0.0,0,0.0,0.0
2022-12-07,ASML.US,sell,572.8868,0.87,target_rebalance,-7.8202,5,3.0,-1.54
2022-06-03,MU.US,buy,63.3117,42.68,signal,0.0,0,0.0,0.0
2022-12-07,MU.US,sell,52.1575,42.68,target_rebalance,-476.0613,187,92.3837742061833,-17.62
2022-09-02,LRCX.US,buy,40.5365,29.05,signal,0.0,0,0.0,0.0
2022-12-08,LRCX.US,sell,43.118,29.05,target_rebalance,74.9918,97,58.1349055095586,6.37
2022-06-03,MU.US,buy,63.3117,170.95,signal,0.0,0,0.0,0.0
2022-12-08,MU.US,sell,53.5714,170.95,target_rebalance,-1665.1026,188,93.38377420618329,-15.38
2022-03-04,AVGO.US,buy,51.3625,388.3,signal,0.0,0,0.0,0.0
2022-12-09,AVGO.US,sell,51.9964,388.3,target_rebalance,246.1297,280,134.20881339562104,1.23
2022-09-02,LRCX.US,buy,40.5773,344.14,signal,0.0,0,0.0,0.0
2022-12-12,LRCX.US,sell,44.2887,344.14,target_rebalance,1277.218,101,59.28003443603378,9.15
2022-12-02,ASML.US,buy,581.7858,9.54,signal,0.0,0,0.0,0.0
2022-12-13,ASML.US,sell,622.0002,9.54,target_rebalance,383.6457,11,6.92254195685578,6.91
2022-06-03,MU.US,buy,62.9872,16.3,signal,0.0,0,0.0,0.0
2022-12-13,MU.US,sell,56.1537,16.3,target_rebalance,-111.3849,193,93.33539636346998,-10.85
2022-03-04,AVGO.US,buy,51.3859,118.65,signal,0.0,0,0.0,0.0
2022-12-14,AVGO.US,sell,53.6584,118.65,target_rebalance,269.6278,285,135.60146999658,4.42
2022-09-02,LRCX.US,buy,40.5976,12.63,signal,0.0,0,0.0,0.0
2022-12-14,LRCX.US,sell,45.8859,12.63,target_rebalance,66.7919,103,61.0904764556425,13.03
2022-03-04,AVGO.US,buy,51.3859,212.55,signal,0.0,0,0.0,0.0
2022-12-15,AVGO.US,sell,53.2082,212.55,target_rebalance,387.3248,286,136.60146999658,3.55
2022-03-04,AVGO.US,buy,51.3859,196.36,signal,0.0,0,0.0,0.0
2022-12-16,AVGO.US,sell,52.6108,196.36,target_rebalance,240.5143,287,137.60146999658,2.38
2022-03-04,AVGO.US,buy,51.3859,13.5,signal,0.0,0,0.0,0.0
2022-12-19,AVGO.US,sell,52.7234,13.5,target_rebalance,18.0553,290,138.60146999658,2.6
2022-06-03,MU.US,buy,62.8257,60.05,signal,0.0,0,0.0,0.0
2022-12-19,MU.US,sell,51.2247,60.05,target_rebalance,-696.6419,199,95.81659153078873,-18.47
2022-03-04,AVGO.US,buy,51.3859,22.03,signal,0.0,0,0.0,0.0
2022-12-20,AVGO.US,sell,51.8812,22.03,target_rebalance,10.9096,291,139.60146999658,0.96
2022-06-03,MU.US,buy,62.8257,23.4,signal,0.0,0,0.0,0.0
2022-12-20,MU.US,sell,50.4097,23.4,target_rebalance,-290.5343,200,96.81659153078871,-19.76
2022-12-02,ASML.US,buy,581.331,3.49,signal,0.0,0,0.0,0.0
2022-12-21,ASML.US,sell,550.4921,3.49,target_rebalance,-107.6279,19,12.604235504300473,-5.3
2022-09-02,LRCX.US,buy,40.6437,125.42,signal,0.0,0,0.0,0.0
2022-12-21,LRCX.US,sell,42.6458,125.42,target_rebalance,251.1065,110,65.14052527563295,4.93
2022-12-02,ASML.US,buy,581.331,12.53,signal,0.0,0,0.0,0.0
2022-12-22,ASML.US,sell,552.4173,12.53,target_rebalance,-362.2897,20,13.604235504300473,-4.97
2022-03-04,AVGO.US,buy,51.386,183.39,signal,0.0,0,0.0,0.0
2022-12-22,AVGO.US,sell,52.6596,183.39,target_rebalance,233.5657,293,141.59077161902496,2.48
2022-03-04,AVGO.US,buy,51.386,250.38,signal,0.0,0,0.0,0.0
2022-12-23,AVGO.US,sell,52.3408,250.38,target_rebalance,239.0615,294,142.59077161902496,1.86
2022-06-03,MU.US,buy,62.3941,202.54,signal,0.0,0,0.0,0.0
2022-12-23,MU.US,sell,48.1121,202.54,target_rebalance,-2892.6683,203,96.68789377860355,-22.89
2022-06-03,MU.US,buy,62.3941,84.54,signal,0.0,0,0.0,0.0
2022-12-27,MU.US,sell,48.7111,84.54,target_rebalance,-1156.7624,207,97.68789377860355,-21.93
2022-03-04,AVGO.US,buy,51.386,41.29,signal,0.0,0,0.0,0.0
2022-12-28,AVGO.US,sell,52.4969,41.29,target_rebalance,45.8669,299,144.5886892010467,2.16
2022-06-03,MU.US,buy,62.3941,116.24,signal,0.0,0,0.0,0.0
2022-12-28,MU.US,sell,48.9369,116.24,target_rebalance,-1564.2626,208,98.68789377860354,-21.57
2022-12-02,ASML.US,buy,579.7475,2.63,signal,0.0,0,0.0,0.0
2022-12-29,ASML.US,sell,523.5411,2.63,target_rebalance,-147.8226,27,17.15731417504613,-9.69
2022-09-02,LRCX.US,buy,40.6049,132.72,signal,0.0,0,0.0,0.0
2022-12-29,LRCX.US,sell,39.5913,132.72,target_rebalance,-134.5233,118,67.00040432875976,-2.5
2022-09-02,LRCX.US,buy,40.6049,63.06,signal,0.0,0,0.0,0.0
2022-12-30,LRCX.US,sell,39.8686,63.06,target_rebalance,-46.4281,119,68.00040432875974,-1.81
2022-12-02,ASML.US,buy,579.6924,4.6,signal,0.0,0,0.0,0.0
2023-01-03,ASML.US,sell,542.9661,4.6,target_rebalance,-168.9409,32,19.139296280887056,-6.34
2022-09-02,LRCX.US,buy,40.6049,137.04,signal,0.0,0,0.0,0.0
2023-01-03,LRCX.US,sell,41.5249,137.04,target_rebalance,126.0814,123,69.00040432875974,2.27
2022-12-02,ASML.US,buy,579.6924,6.23,signal,0.0,0,0.0,0.0
2023-01-04,ASML.US,sell,552.1753,6.23,target_rebalance,-171.4313,33,20.139296280887052,-4.75
2022-09-02,LRCX.US,buy,40.6049,13511.97,signal,0.0,0,0.0,0.0
2023-01-04,LRCX.US,sell,40.7441,13511.97,signal,1881.3482,124,70.00040432875976,0.34
2022-06-03,MU.US,buy,62.155,11253.97,signal,0.0,0,0.0,0.0
2023-01-04,MU.US,sell,52.2073,11253.97,signal,-111950.8591,215,100.87680895951418,-16.0
2023-01-04,TSM.US,buy,71.2725,122.87,signal,0.0,0,0.0,0.0
2023-01-05,TSM.US,sell,72.0881,122.87,target_rebalance,100.2123,1,1.0,1.14
2023-01-04,AMAT.US,buy,95.3627,32.73,signal,0.0,0,0.0,0.0
2023-01-06,AMAT.US,sell,96.8969,32.73,target_rebalance,50.2146,2,2.0,1.61
2022-12-02,ASML.US,buy,579.5861,0.85,signal,0.0,0,0.0,0.0
2023-01-06,ASML.US,sell,556.5576,0.85,target_rebalance,-19.5742,35,22.06832600616178,-3.97
2022-12-02,ASML.US,buy,579.5861,10.49,signal,0.0,0,0.0,0.0
2023-01-09,ASML.US,sell,593.9561,10.49,target_rebalance,150.7418,38,23.06832600616178,2.48
2023-01-04,AMAT.US,buy,95.3627,50.4,signal,0.0,0,0.0,0.0
2023-01-10,AMAT.US,sell,102.8464,50.4,target_rebalance,377.1779,6,4.0,7.85
2022-12-02,ASML.US,buy,579.5861,17.92,signal,0.0,0,0.0,0.0
2023-01-10,ASML.US,sell,602.3141,17.92,target_rebalance,407.286,39,24.06832600616178,3.92
2023-01-04,TSM.US,buy,71.2974,9.08,signal,0.0,0,0.0,0.0
2023-01-10,TSM.US,sell,76.3659,9.08,target_rebalance,46.0217,6,3.978689364285398,7.11
2022-12-02,ASML.US,buy,579.5861,10.47,signal,0.0,0,0.0,0.0
2023-01-11,ASML.US,sell,614.8126,10.47,target_rebalance,368.8216,40,25.068326006161783,6.08
2023-01-04,TSM.US,buy,71.2974,24.04,signal,0.0,0,0.0,0.0
2023-01-11,TSM.US,sell,77.3713,24.04,target_rebalance,146.0168,7,4.9786893642853975,8.52
2023-01-04,AMAT.US,buy,95.3869,44.61,signal,0.0,0,0.0,0.0
2023-01-12,AMAT.US,sell,107.1486,44.61,target_rebalance,524.6873,8,5.985242236447256,12.33
2023-01-04,TSM.US,buy,71.2974,112.78,signal,0.0,0,0.0,0.0
2023-01-12,TSM.US,sell,80.5869,112.78,target_rebalance,1047.6603,8,5.978689364285398,13.03
2022-12-02,ASML.US,buy,579.5861,0.83,signal,0.0,0,0.0,0.0
2023-01-13,ASML.US,sell,628.143,0.83,target_rebalance,40.3022,42,27.06832600616178,8.38
2022-03-04,AVGO.US,buy,51.6687,72.54,signal,0.0,0,0.0,0.0
2023-01-13,AVGO.US,sell,54.9245,72.54,target_rebalance,236.1789,315,141.03508008891959,6.3
2023-01-04,TSM.US,buy,71.2974,84.61,signal,0.0,0,0.0,0.0
2023-01-13,TSM.US,sell,81.0137,84.61,target_rebalance,822.0922,9,6.9786893642853975,13.63
2023-01-04,AMAT.US,buy,95.568,53.25,signal,0.0,0,0.0,0.0
2023-01-17,AMAT.US,sell,106.0149,53.25,target_rebalance,556.2973,13,7.844943549734431,10.93
2023-01-04,TSM.US,buy,71.2974,23.66,signal,0.0,0,0.0,0.0
2023-01-17,TSM.US,sell,81.782,23.66,target_rebalance,248.0653,13,7.978689364285398,14.71
2022-12-02,ASML.US,buy,579.6703,4.79,signal,0.0,0,0.0,0.0
2023-01-18,ASML.US,sell,651.5439,4.79,target_rebalance,344.2746,47,29.022472903152703,12.4
2023-01-04,TSM.US,buy,71.2974,160.64,signal,0.0,0,0.0,0.0
2023-01-18,TSM.US,sell,85.8227,160.64,target_rebalance,2333.3422,14,8.978689364285398,20.37
2023-01-04,AMAT.US,buy,95.7196,38.23,signal,0.0,0,0.0,0.0
2023-01-19,AMAT.US,sell,106.0924,38.23,target_rebalance,396.5515,15,9.73288730224023,10.84
2023-01-04,TSM.US,buy,71.2974,28.33,signal,0.0,0,0.0,0.0
2023-01-19,TSM.US,sell,84.4474,28.33,target_rebalance,372.537,15,9.978689364285398,18.44
2023-01-04,TSM.US,buy,71.2974,171.1,signal,0.0,0,0.0,0.0
2023-01-20,TSM.US,sell,85.3674,171.1,target_rebalance,2407.3764,16,10.9786893642854,19.73
2022-12-02,ASML.US,buy,580.5321,8.51,signal,0.0,0,0.0,0.0
2023-01-23,ASML.US,sell,636.5785,8.51,target_rebalance,476.9543,52,31.422653678874468,9.65
2023-01-04,AMAT.US,buy,95.8436,88.18,signal,0.0,0,0.0,0.0
2023-01-24,AMAT.US,sell,109.9489,88.18,target_rebalance,1243.8054,20,12.571363359695235,14.72
2023-01-04,TSM.US,buy,71.2974,103.25,signal,0.0,0,0.0,0.0
2023-01-24,TSM.US,sell,90.8594,103.25,target_rebalance,2019.772,20,12.978689364285398,27.44
2022-12-02,ASML.US,buy,581.3612,0.84,signal,0.0,0,0.0,0.0
2023-01-25,ASML.US,sell,635.5241,0.84,target_rebalance,45.4968,54,33.013673649188824,9.32
2022-03-04,AVGO.US,buy,51.8192,167.47,signal,0.0,0,0.0,0.0
2023-01-25,AVGO.US,sell,54.974,167.47,target_rebalance,528.3394,327,141.68101778162827,6.09
2023-01-04,AMAT.US,buy,95.8736,17.24,signal,0.0,0,0.0,0.0
2023-01-26,AMAT.US,sell,110.85,17.24,target_rebalance,258.1934,22,14.537162322777194,15.62
2022-12-02,ASML.US,buy,581.3612,11.95,signal,0.0,0,0.0,0.0
2023-01-26,ASML.US,sell,659.6502,11.95,target_rebalance,935.5538,55,34.01367364918883,13.47
2022-03-04,AVGO.US,buy,51.8261,160.0,signal,0.0,0,0.0,0.0
2023-01-27,AVGO.US,sell,56.4634,160.0,target_rebalance,741.9592,329,143.4605310646159,8.95
2023-01-04,TSM.US,buy,71.7494,97.39,signal,0.0,0,0.0,0.0
2023-01-30,TSM.US,sell,88.0707,97.39,target_rebalance,1589.5301,26,16.600671941047143,22.75
2022-12-02,ASML.US,buy,582.4766,8.77,signal,0.0,0,0.0,0.0
2023-01-31,ASML.US,sell,629.9713,8.77,target_rebalance,416.5279,60,36.30591324837119,8.15
2022-03-04,AVGO.US,buy,51.8283,59.62,signal,0.0,0,0.0,0.0
2023-01-31,AVGO.US,sell,55.3927,59.62,target_rebalance,212.5111,333,145.37553381101685,6.88
2023-01-04,AMAT.US,buy,96.0069,61.35,signal,0.0,0,0.0,0.0
2023-02-01,AMAT.US,sell,108.6311,61.35,target_rebalance,774.4923,28,18.33369265119174,13.15
2023-01-04,TSM.US,buy,71.8866,25.67,signal,0.0,0,0.0,0.0
2023-02-01,TSM.US,sell,88.213,25.67,target_rebalance,419.0992,28,18.43689421392438,22.71
2023-01-04,AMAT.US,buy,96.0069,117.73,signal,0.0,0,0.0,0.0
2023-02-02,AMAT.US,sell,116.5766,117.73,target_rebalance,2421.6712,29,19.33369265119174,21.43
2022-12-02,ASML.US,buy,582.5654,2.54,signal,0.0,0,0.0,0.0
2023-02-02,ASML.US,sell,674.1609,2.54,target_rebalance,232.6525,62,38.247614687521754,15.72
2023-01-04,AMAT.US,buy,96.0069,175.82,signal,0.0,0,0.0,0.0
2023-02-03,AMAT.US,sell,119.1057,175.82,target_rebalance,4061.2157,30,20.333692651191736,24.06
2023-01-04,TSM.US,buy,72.0972,7405.49,signal,0.0,0,0.0,0.0
2023-02-03,TSM.US,sell,90.148,7405.49,signal,133675.0563,30,20.23143582034529,25.04
2022-12-02,ASML.US,buy,583.7333,1.16,signal,0.0,0,0.0,0.0
2023-02-06,ASML.US,sell,645.59,1.16,target_rebalance,71.7538,66,39.636944697361976,10.6
2022-03-04,AVGO.US,buy,51.9688,115.1,signal,0.0,0,0.0,0.0
2023-02-06,AVGO.US,sell,56.4653,115.1,target_rebalance,517.5367,339,145.2106604285417,8.65
2023-02-03,LRCX.US,buy,51.2499,46.38,signal,0.0,0,0.0,0.0
2023-02-06,LRCX.US,sell,50.4325,46.38,target_rebalance,-37.9148,3,1.0,-1.6
2022-03-04,AVGO.US,buy,51.9688,155.95,signal,0.0,0,0.0,0.0
2023-02-07,AVGO.US,sell,57.1619,155.95,target_rebalance,809.8528,340,146.21066042854167,9.99
2023-02-03,LRCX.US,buy,51.2499,14.89,signal,0.0,0,0.0,0.0
2023-02-07,LRCX.US,sell,50.4315,14.89,target_rebalance,-12.1867,4,2.0,-1.6
2022-12-02,ASML.US,buy,584.1243,2.41,signal,0.0,0,0.0,0.0
2023-02-08,ASML.US,sell,650.9705,2.41,target_rebalance,161.0994,68,41.35654303511272,11.44
2022-12-02,ASML.US,buy,584.1243,1.59,signal,0.0,0,0.0,0.0
2023-02-09,ASML.US,sell,652.5703,1.59,target_rebalance,108.8291,69,42.35654303511272,11.72
2022-03-04,AVGO.US,buy,51.981,78.44,signal,0.0,0,0.0,0.0
2023-02-09,AVGO.US,sell,58.2981,78.44,target_rebalance,495.5139,342,147.90574708535905,12.15
2022-03-04,AVGO.US,buy,51.981,32.87,signal,0.0,0,0.0,0.0
2023-02-10,AVGO.US,sell,56.7479,32.87,target_rebalance,156.6872,343,148.90574708535905,9.17
2022-12-02,ASML.US,buy,584.1243,7.75,signal,0.0,0,0.0,0.0
2023-02-13,ASML.US,sell,639.0073,7.75,target_rebalance,425.343,73,44.35654303511272,9.4
2023-01-04,AMAT.US,buy,96.5684,0.03,signal,0.0,0,0.0,0.0
2023-02-14,AMAT.US,sell,111.3055,0.03,target_rebalance,0.4421,41,26.659820224253284,15.26
2022-12-02,ASML.US,buy,584.1243,6.63,signal,0.0,0,0.0,0.0
2023-02-14,ASML.US,sell,641.5084,6.63,target_rebalance,380.4569,74,45.35654303511272,9.82
2023-01-04,AMAT.US,buy,96.5684,57.78,signal,0.0,0,0.0,0.0
2023-02-15,AMAT.US,sell,113.3694,57.78,target_rebalance,970.76,42,27.659820224253277,17.4
2022-03-04,AVGO.US,buy,51.9878,20.23,signal,0.0,0,0.0,0.0
2023-02-16,AVGO.US,sell,57.1704,20.23,target_rebalance,104.8444,349,152.69172369295939,9.97
2023-02-03,LRCX.US,buy,51.2093,10.38,signal,0.0,0,0.0,0.0
2023-02-16,LRCX.US,sell,49.1038,10.38,target_rebalance,-21.8553,13,8.878952219657684,-4.11
2023-01-04,AMAT.US,buy,96.5684,34.23,signal,0.0,0,0.0,0.0
2023-02-17,AMAT.US,sell,113.1562,34.23,target_rebalance,567.8003,44,29.659820224253284,17.18
2022-03-04,AVGO.US,buy,51.9878,75.77,signal,0.0,0,0.0,0.0
2023-02-17,AVGO.US,sell,57.0991,75.77,target_rebalance,387.2788,350,153.6917236929594,9.83
2022-03-04,AVGO.US,buy,51.9878,52.44,signal,0.0,0,0.0,0.0
2023-02-21,AVGO.US,sell,56.1474,52.44,target_rebalance,218.129,354,154.6917236929594,8.0
2022-12-02,ASML.US,buy,584.9559,5.08,signal,0.0,0,0.0,0.0
2023-02-22,ASML.US,sell,613.2484,5.08,target_rebalance,143.7257,82,49.640024763847656,4.84
2022-03-04,AVGO.US,buy,51.9878,7.45,signal,0.0,0,0.0,0.0
2023-02-22,AVGO.US,sell,55.4099,7.45,target_rebalance,25.4944,355,155.6917236929594,6.58
2022-12-02,ASML.US,buy,584.9559,1.8,signal,0.0,0,0.0,0.0
2023-02-23,ASML.US,sell,622.5263,1.8,target_rebalance,67.6267,83,50.64002476384766,6.42
2023-02-03,LRCX.US,buy,51.18,61.29,signal,0.0,0,0.0,0.0
2023-02-23,LRCX.US,sell,47.4204,61.29,target_rebalance,-230.4267,20,12.7834454176288,-7.35
2023-01-04,AMAT.US,buy,96.6994,40.23,signal,0.0,0,0.0,0.0
2023-02-24,AMAT.US,sell,107.8171,40.23,target_rebalance,447.2674,51,33.329540211411604,11.5
2022-03-04,AVGO.US,buy,52.0081,73.87,signal,0.0,0,0.0,0.0
2023-02-24,AVGO.US,sell,54.9607,73.87,target_rebalance,218.1079,357,156.8694696986404,5.68
2023-01-04,AMAT.US,buy,96.6994,11.99,signal,0.0,0,0.0,0.0
2023-02-27,AMAT.US,sell,110.2452,11.99,target_rebalance,162.4148,54,34.32954021141161,14.01
2023-02-03,LRCX.US,buy,51.1642,48.38,signal,0.0,0,0.0,0.0
2023-02-27,LRCX.US,sell,47.3238,48.38,target_rebalance,-185.8012,24,14.739612247584104,-7.51
2023-01-04,AMAT.US,buy,96.6994,160.8,signal,0.0,0,0.0,0.0
2023-02-28,AMAT.US,sell,112.7996,160.8,target_rebalance,2588.9127,55,35.329540211411604,16.65
2022-03-04,AVGO.US,buy,52.0229,33.2,signal,0.0,0,0.0,0.0
2023-02-28,AVGO.US,sell,55.7249,33.2,target_rebalance,122.9044,361,158.26283490596992,7.12
2022-03-04,AVGO.US,buy,52.0229,2.95,signal,0.0,0,0.0,0.0
2023-03-01,AVGO.US,sell,56.5281,2.95,target_rebalance,13.2901,362,159.2628349059699,8.66
2022-03-04,AVGO.US,buy,52.0229,117.39,signal,0.0,0,0.0,0.0
2023-03-02,AVGO.US,sell,56.0894,117.39,target_rebalance,477.3571,363,160.2628349059699,7.82
2022-03-04,AVGO.US,buy,52.0229,172.89,signal,0.0,0,0.0,0.0
2023-03-03,AVGO.US,sell,58.7835,172.89,target_rebalance,1168.8305,364,161.26283490596992,13.0
2022-03-04,AVGO.US,buy,52.0229,161.36,signal,0.0,0,0.0,0.0
2023-03-06,AVGO.US,sell,60.4298,161.36,target_rebalance,1356.5385,367,162.2628349059699,16.16
2022-03-04,AVGO.US,buy,52.0229,109.95,signal,0.0,0,0.0,0.0
2023-03-07,AVGO.US,sell,60.4175,109.95,target_rebalance,922.9783,368,163.26283490596992,16.14
2022-03-04,AVGO.US,buy,52.0229,6.18,signal,0.0,0,0.0,0.0
2023-03-08,AVGO.US,sell,59.7427,6.18,target_rebalance,47.7084,369,164.2628349059699,14.84
2023-02-03,LRCX.US,buy,51.0496,1.99,signal,0.0,0,0.0,0.0
2023-03-08,LRCX.US,sell,46.5855,1.99,target_rebalance,-8.8835,33,21.229096478545166,-8.74
2023-01-04,AMAT.US,buy,96.9166,19.38,signal,0.0,0,0.0,0.0
2023-03-09,AMAT.US,sell,115.2763,19.38,target_rebalance,355.8096,64,41.865911082974485,18.94
2023-02-03,LRCX.US,buy,51.0496,97.04,signal,0.0,0,0.0,0.0
2023-03-09,LRCX.US,sell,47.49,97.04,target_rebalance,-345.4208,34,22.22909647854516,-6.97
2023-02-03,LRCX.US,buy,51.0496,98.49,signal,0.0,0,0.0,0.0
2023-03-10,LRCX.US,sell,47.7789,98.49,target_rebalance,-322.1262,35,23.229096478545163,-6.41
2022-12-02,ASML.US,buy,585.8097,3.26,signal,0.0,0,0.0,0.0
2023-03-13,ASML.US,sell,575.0126,3.26,target_rebalance,-35.1986,101,59.238484267793645,-1.84
2022-03-04,AVGO.US,buy,52.0896,38.82,signal,0.0,0,0.0,0.0
2023-03-13,AVGO.US,sell,57.7738,38.82,target_rebalance,220.66,374,165.88717328338356,10.91
2023-01-04,AMAT.US,buy,96.9166,29.61,signal,0.0,0,0.0,0.0
2023-03-14,AMAT.US,sell,115.3636,29.61,target_rebalance,546.2163,69,44.86591108297449,19.03
2022-12-02,ASML.US,buy,585.8097,4.17,signal,0.0,0,0.0,0.0
2023-03-14,ASML.US,sell,598.6385,4.17,target_rebalance,53.4962,102,60.238484267793645,2.19
2023-01-04,AMAT.US,buy,96.9166,15.74,signal,0.0,0,0.0,0.0
2023-03-15,AMAT.US,sell,115.1111,15.74,target_rebalance,286.3814,70,45.86591108297449,18.77
2022-03-04,AVGO.US,buy,52.1475,106.59,signal,0.0,0,0.0,0.0
2023-03-15,AVGO.US,sell,59.7323,106.59,target_rebalance,808.4571,376,166.57225193251514,14.54
2023-02-03,LRCX.US,buy,50.9884,85.86,signal,0.0,0,0.0,0.0
2023-03-15,LRCX.US,sell,47.1619,85.86,target_rebalance,-328.543,40,25.966000477007928,-7.5
2023-01-04,AMAT.US,buy,96.9166,11.4,signal,0.0,0,0.0,0.0
2023-03-16,AMAT.US,sell,114.8101,11.4,target_rebalance,203.9851,71,46.86591108297449,18.46
2022-12-02,ASML.US,buy,585.7638,2.98,signal,0.0,0,0.0,0.0
2023-03-16,ASML.US,sell,582.4096,2.98,target_rebalance,-9.9954,104,60.99451074111974,-0.57
2022-12-02,ASML.US,buy,585.7638,7.86,signal,0.0,0,0.0,0.0
2023-03-17,ASML.US,sell,614.3634,7.86,target_rebalance,224.7935,105,61.99451074111974,4.88
2023-02-03,LRCX.US,buy,50.9874,222.01,signal,0.0,0,0.0,0.0
2023-03-17,LRCX.US,sell,49.9647,222.01,target_rebalance,-227.0422,42,27.959203459681017,-2.01
2022-12-02,ASML.US,buy,585.7638,21.38,signal,0.0,0,0.0,0.0
2023-03-20,ASML.US,sell,626.569,21.38,target_rebalance,872.4163,108,62.99451074111974,6.97
2022-03-04,AVGO.US,buy,52.4063,95.99,signal,0.0,0,0.0,0.0
2023-03-21,AVGO.US,sell,61.6402,95.99,target_rebalance,886.3622,382,165.35300419757823,17.62
2022-12-02,ASML.US,buy,585.8766,2.53,signal,0.0,0,0.0,0.0
2023-03-22,ASML.US,sell,623.3697,2.53,target_rebalance,94.8574,110,64.8418375688563,6.4
2022-03-04,AVGO.US,buy,52.4063,89.38,signal,0.0,0,0.0,0.0
2023-03-22,AVGO.US,sell,61.0469,89.38,target_rebalance,772.2964,383,166.35300419757823,16.49
2022-12-02,ASML.US,buy,585.8766,11.31,signal,0.0,0,0.0,0.0
2023-03-23,ASML.US,sell,637.6597,11.31,target_rebalance,585.6663,111,65.84183756885632,8.84
2023-02-03,LRCX.US,buy,50.9748,6.06,signal,0.0,0,0.0,0.0
2023-03-23,LRCX.US,sell,49.8872,6.06,target_rebalance,-6.5912,48,31.700691401293437,-2.13
2023-01-04,AMAT.US,buy,97.4585,5.56,signal,0.0,0,0.0,0.0
2023-03-24,AMAT.US,sell,118.1414,5.56,target_rebalance,114.9972,79,51.59400514011234,21.22
2023-02-03,LRCX.US,buy,50.9748,15.04,signal,0.0,0,0.0,0.0
2023-03-24,LRCX.US,sell,49.9463,15.04,target_rebalance,-15.4688,49,32.70069140129343,-2.02
2022-12-02,ASML.US,buy,585.9091,2.01,signal,0.0,0,0.0,0.0
2023-03-27,ASML.US,sell,635.362,2.01,target_rebalance,99.4003,115,67.79958369938889,8.44
2022-03-04,AVGO.US,buy,52.4806,49.18,signal,0.0,0,0.0,0.0
2023-03-27,AVGO.US,sell,61.2482,49.18,target_rebalance,431.1904,388,167.9610370547756,16.71
2023-01-04,AMAT.US,buy,97.4663,13.36,signal,0.0,0,0.0,0.0
2023-03-28,AMAT.US,sell,115.4705,13.36,target_rebalance,240.5364,83,53.57349961505272,18.47
2022-12-02,ASML.US,buy,585.9091,2.66,signal,0.0,0,0.0,0.0
2023-03-28,ASML.US,sell,624.4361,2.66,target_rebalance,102.4817,116,68.79958369938889,6.58
2022-12-02,ASML.US,buy,585.9091,4.39,signal,0.0,0,0.0,0.0
2023-03-29,ASML.US,sell,629.7393,4.39,target_rebalance,192.4142,117,69.79958369938888,7.48
2022-03-04,AVGO.US,buy,52.4806,63.32,signal,0.0,0,0.0,0.0
2023-03-29,AVGO.US,sell,60.652,63.32,target_rebalance,517.4133,390,169.9610370547756,15.57
2022-12-02,ASML.US,buy,585.9091,8.43,signal,0.0,0,0.0,0.0
2023-03-30,ASML.US,sell,654.5867,8.43,target_rebalance,578.9517,118,70.79958369938888,11.72
2023-02-03,LRCX.US,buy,50.9314,332.95,signal,0.0,0,0.0,0.0
2023-03-30,LRCX.US,sell,50.7814,332.95,target_rebalance,-49.9568,55,36.08117011927837,-0.29
2023-02-03,LRCX.US,buy,50.9314,102.34,signal,0.0,0,0.0,0.0
2023-03-31,LRCX.US,sell,51.1722,102.34,target_rebalance,24.6426,56,37.08117011927837,0.47
2022-03-04,AVGO.US,buy,52.7426,107.27,signal,0.0,0,0.0,0.0
2023-04-03,AVGO.US,sell,61.2482,107.27,target_rebalance,912.3982,395,167.53862191623207,16.13
2023-01-04,AMAT.US,buy,97.7046,26.34,signal,0.0,0,0.0,0.0
2023-04-04,AMAT.US,sell,119.404,26.34,target_rebalance,571.563,90,57.912220636414936,22.21
2022-03-04,AVGO.US,buy,52.7426,26.0,signal,0.0,0,0.0,0.0
2023-04-04,AVGO.US,sell,61.646,26.0,target_rebalance,231.4884,396,168.53862191623207,16.88
2022-12-02,ASML.US,buy,586.1149,7.18,signal,0.0,0,0.0,0.0
2023-04-05,ASML.US,sell,643.3989,7.18,target_rebalance,411.2997,124,74.58465148875688,9.77
2022-03-04,AVGO.US,buy,52.7426,91.89,signal,0.0,0,0.0,0.0
2023-04-05,AVGO.US,sell,60.4948,91.89,target_rebalance,712.3535,397,169.53862191623207,14.7
2022-12-02,ASML.US,buy,586.1149,15.42,signal,0.0,0,0.0,0.0
2023-04-06,ASML.US,sell,638.2026,15.42,target_rebalance,803.1923,125,75.58465148875688,8.89
2022-03-04,AVGO.US,buy,52.7426,131.17,signal,0.0,0,0.0,0.0
2023-04-06,AVGO.US,sell,59.8258,131.17,target_rebalance,929.1038,398,170.53862191623205,13.43
2023-02-03,LRCX.US,buy,50.8703,104.81,signal,0.0,0,0.0,0.0
2023-04-10,LRCX.US,sell,47.1552,104.81,target_rebalance,-389.3821,66,40.68455422153652,-7.3
2023-01-04,AMAT.US,buy,98.0595,31.94,signal,0.0,0,0.0,0.0
2023-04-11,AMAT.US,sell,113.9554,31.94,target_rebalance,507.7137,97,60.27776699697284,16.21
2023-02-03,LRCX.US,buy,50.8703,183.3,signal,0.0,0,0.0,0.0
2023-04-11,LRCX.US,sell,49.4905,183.3,target_rebalance,-252.9128,67,41.68455422153652,-2.71
2023-01-04,AMAT.US,buy,98.0595,15.41,signal,0.0,0,0.0,0.0
2023-04-12,AMAT.US,sell,114.3439,15.41,target_rebalance,250.9421,98,61.277766996972844,16.61
2023-02-03,LRCX.US,buy,50.8703,69.67,signal,0.0,0,0.0,0.0
2023-04-12,LRCX.US,sell,49.7853,69.67,target_rebalance,-75.5881,68,42.68455422153653,-2.13
2022-12-02,ASML.US,buy,586.6144,9.69,signal,0.0,0,0.0,0.0
2023-04-13,ASML.US,sell,642.1097,9.69,target_rebalance,537.7494,132,78.94524107351609,9.46
2022-03-04,AVGO.US,buy,52.8906,68.91,signal,0.0,0,0.0,0.0
2023-04-13,AVGO.US,sell,59.3379,68.91,target_rebalance,444.2808,405,171.22800143283897,12.19
2022-12-02,ASML.US,buy,586.6144,4.58,signal,0.0,0,0.0,0.0
2023-04-14,ASML.US,sell,645.0956,4.58,target_rebalance,267.8439,133,79.94524107351609,9.97
2022-03-04,AVGO.US,buy,52.8906,23.47,signal,0.0,0,0.0,0.0
2023-04-14,AVGO.US,sell,59.473,23.47,target_rebalance,154.4891,406,172.22800143283897,12.45
2022-03-04,AVGO.US,buy,52.8906,223.82,signal,0.0,0,0.0,0.0
2023-04-17,AVGO.US,sell,59.2938,223.82,target_rebalance,1433.1589,409,173.22800143283897,12.11
2023-02-03,LRCX.US,buy,50.8486,96.49,signal,0.0,0,0.0,0.0
2023-04-17,LRCX.US,sell,47.5208,96.49,target_rebalance,-321.103,73,45.29541611202215,-6.54
2023-01-04,AMAT.US,buy,98.3475,62.38,signal,0.0,0,0.0,0.0
2023-04-18,AMAT.US,sell,109.2643,62.38,target_rebalance,680.9896,104,63.5184965194029,11.1
2022-03-04,AVGO.US,buy,52.8906,39.11,signal,0.0,0,0.0,0.0
2023-04-18,AVGO.US,sell,60.5408,39.11,target_rebalance,299.1984,410,174.22800143283897,14.46
2022-03-04,AVGO.US,buy,52.8906,131.54,signal,0.0,0,0.0,0.0
2023-04-19,AVGO.US,sell,60.0778,131.54,target_rebalance,945.4068,411,175.22800143283897,13.59
2023-02-03,LRCX.US,buy,50.8334,0.83,signal,0.0,0,0.0,0.0
2023-04-19,LRCX.US,sell,47.1319,0.83,target_rebalance,-3.0723,75,47.04147864112103,-7.28
2023-02-03,LRCX.US,buy,50.8334,449.59,signal,0.0,0,0.0,0.0
2023-04-20,LRCX.US,sell,49.5545,449.59,target_rebalance,-574.9883,76,48.04147864112104,-2.52
2023-01-04,AMAT.US,buy,98.4004,8.8,signal,0.0,0,0.0,0.0
2023-04-21,AMAT.US,sell,110.2064,8.8,target_rebalance,103.8925,107,66.15381076509425,12.0
2023-02-03,LRCX.US,buy,50.8334,120.99,signal,0.0,0,0.0,0.0
2023-04-21,LRCX.US,sell,50.8376,120.99,target_rebalance,0.5038,77,49.04147864112103,0.01
2023-01-04,AMAT.US,buy,98.4004,6.26,signal,0.0,0,0.0,0.0
2023-04-24,AMAT.US,sell,110.2258,6.26,target_rebalance,74.0268,110,67.15381076509425,12.02
2022-12-02,ASML.US,buy,587.9707,7.68,signal,0.0,0,0.0,0.0
2023-04-24,ASML.US,sell,621.2661,7.68,target_rebalance,255.7087,143,81.89164033828932,5.66
2022-03-04,AVGO.US,buy,53.0741,40.03,signal,0.0,0,0.0,0.0
2023-04-24,AVGO.US,sell,60.7344,40.03,target_rebalance,306.6435,416,173.9278027636702,14.43
2023-01-04,AMAT.US,buy,98.4004,4.17,signal,0.0,0,0.0,0.0
2023-04-25,AMAT.US,sell,109.2643,4.17,target_rebalance,45.3023,111,68.15381076509425,11.04
2022-03-04,AVGO.US,buy,53.0741,108.22,signal,0.0,0,0.0,0.0
2023-04-25,AVGO.US,sell,60.768,108.22,target_rebalance,832.6339,417,174.92780276367023,14.5
2023-02-03,LRCX.US,buy,50.8229,0.27,signal,0.0,0,0.0,0.0
2023-04-25,LRCX.US,sell,49.6117,0.27,target_rebalance,-0.327,81,50.34084392243931,-2.38
2023-01-04,AMAT.US,buy,98.4004,33.76,signal,0.0,0,0.0,0.0
2023-04-26,AMAT.US,sell,107.9628,33.76,target_rebalance,322.8261,112,69.15381076509425,9.72
2023-02-03,LRCX.US,buy,50.8229,16.89,signal,0.0,0,0.0,0.0
2023-04-26,LRCX.US,sell,48.8068,16.89,target_rebalance,-34.0526,82,51.340843922439305,-3.97
2022-12-02,ASML.US,buy,588.2233,9.47,signal,0.0,0,0.0,0.0
2023-04-27,ASML.US,sell,602.7782,9.47,target_rebalance,137.8348,146,83.72582381583304,2.47
2022-12-02,ASML.US,buy,588.2233,1.32,signal,0.0,0,0.0,0.0
2023-04-28,ASML.US,sell,611.6003,1.32,target_rebalance,30.8576,147,84.72582381583304,3.97
2023-02-03,LRCX.US,buy,50.8229,206.71,signal,0.0,0,0.0,0.0
2023-04-28,LRCX.US,sell,50.3595,206.71,target_rebalance,-95.8,84,53.34084392243932,-0.91
2023-01-04,AMAT.US,buy,98.489,7.36,signal,0.0,0,0.0,0.0
2023-05-01,AMAT.US,sell,110.0413,7.36,target_rebalance,85.0245,117,71.54202932612488,11.73
2022-12-02,ASML.US,buy,588.2483,5.89,signal,0.0,0,0.0,0.0
2023-05-03,ASML.US,sell,616.3845,5.89,target_rebalance,165.7226,152,87.64943487806421,4.78
2023-02-03,LRCX.US,buy,50.8229,42.05,signal,0.0,0,0.0,0.0
2023-05-03,LRCX.US,sell,50.6747,42.05,target_rebalance,-6.2346,89,56.33236851937745,-0.29
2023-01-04,AMAT.US,buy,98.5123,74.22,signal,0.0,0,0.0,0.0
2023-05-04,AMAT.US,sell,109.7985,74.22,target_rebalance,837.6617,120,74.37853591782623,11.46
2022-12-02,ASML.US,buy,588.2483,1.81,signal,0.0,0,0.0,0.0
2023-05-04,ASML.US,sell,614.6248,1.81,target_rebalance,47.7415,153,88.64943487806423,4.48
2022-03-04,AVGO.US,buy,53.272,2.57,signal,0.0,0,0.0,0.0
2023-05-05,AVGO.US,sell,59.0388,2.57,target_rebalance,14.8208,427,177.12087461446546,10.83
2023-02-03,LRCX.US,buy,50.8169,13010.36,signal,0.0,0,0.0,0.0
2023-05-05,LRCX.US,sell,50.3343,13010.36,signal,-6279.9581,91,57.88733887402007,-0.95
2023-01-04,AMAT.US,buy,98.5123,12.02,signal,0.0,0,0.0,0.0
2023-05-08,AMAT.US,sell,113.5086,12.02,target_rebalance,180.256,124,76.37853591782623,15.22
2023-05-05,NVDA.US,buy,27.7968,509.98,signal,0.0,0,0.0,0.0
2023-05-09,NVDA.US,sell,28.811,509.98,target_rebalance,517.2177,4,2.0,3.65
2023-01-04,AMAT.US,buy,98.6668,8.83,signal,0.0,0,0.0,0.0
2023-05-10,AMAT.US,sell,112.1974,8.83,target_rebalance,119.4757,126,77.42280060935971,13.71
2022-12-02,ASML.US,buy,588.4733,10.99,signal,0.0,0,0.0,0.0
2023-05-10,ASML.US,sell,636.2586,10.99,target_rebalance,525.1598,159,92.07265571820659,8.12
2022-03-04,AVGO.US,buy,53.3441,69.62,signal,0.0,0,0.0,0.0
2023-05-11,AVGO.US,sell,60.0577,69.62,target_rebalance,467.4017,433,179.11711329470853,12.59
2023-01-04,AMAT.US,buy,98.6668,66.49,signal,0.0,0,0.0,0.0
2023-05-12,AMAT.US,sell,113.3532,66.49,target_rebalance,976.501,128,79.42280060935971,14.88
2022-03-04,AVGO.US,buy,53.3441,31.45,signal,0.0,0,0.0,0.0
2023-05-12,AVGO.US,sell,60.2302,31.45,target_rebalance,216.5691,434,180.11711329470856,12.91
2022-03-04,AVGO.US,buy,53.3441,59.21,signal,0.0,0,0.0,0.0
2023-05-15,AVGO.US,sell,60.5648,59.21,target_rebalance,427.5352,437,181.11711329470856,13.54
2023-01-04,AMAT.US,buy,98.6668,101.71,signal,0.0,0,0.0,0.0
2023-05-16,AMAT.US,sell,117.3547,101.71,target_rebalance,1900.7501,132,81.4228006093597,18.94
2023-05-05,NVDA.US,buy,27.8188,235.68,signal,0.0,0,0.0,0.0
2023-05-17,NVDA.US,sell,29.4939,235.68,target_rebalance,394.7958,12,7.871486415066942,6.02
2023-01-04,AMAT.US,buy,98.6668,17.1,signal,0.0,0,0.0,0.0
2023-05-18,AMAT.US,sell,122.1915,17.1,target_rebalance,402.2725,134,83.4228006093597,23.84
2022-12-02,ASML.US,buy,589.5878,1.55,signal,0.0,0,0.0,0.0
2023-05-18,ASML.US,sell,656.5702,1.55,target_rebalance,103.8227,167,95.81462151803053,11.36
2023-05-05,NVDA.US,buy,27.8188,82.66,signal,0.0,0,0.0,0.0
2023-05-18,NVDA.US,sell,30.3174,82.66,target_rebalance,206.5358,13,8.871486415066942,8.98
2022-12-02,ASML.US,buy,589.5878,2.3,signal,0.0,0,0.0,0.0
2023-05-19,ASML.US,sell,678.6706,2.3,target_rebalance,204.8904,168,96.81462151803052,15.11
2022-03-04,AVGO.US,buy,53.4843,33.24,signal,0.0,0,0.0,0.0
2023-05-19,AVGO.US,sell,65.178,33.24,target_rebalance,388.6984,441,182.36119446565945,21.86
2023-05-05,NVDA.US,buy,27.8188,125.53,signal,0.0,0,0.0,0.0
2023-05-19,NVDA.US,sell,31.44,125.53,target_rebalance,454.5672,14,9.871486415066942,13.02
2022-03-04,AVGO.US,buy,53.4843,124.63,signal,0.0,0,0.0,0.0
2023-05-22,AVGO.US,sell,65.3122,124.63,target_rebalance,1474.1075,444,183.36119446565945,22.11
2022-03-04,AVGO.US,buy,53.4843,131.54,signal,0.0,0,0.0,0.0
2023-05-23,AVGO.US,sell,66.1979,131.54,target_rebalance,1672.3405,445,184.36119446565945,23.77
2022-03-04,AVGO.US,buy,53.4843,129.18,signal,0.0,0,0.0,0.0
2023-05-24,AVGO.US,sell,65.316,129.18,target_rebalance,1528.4197,446,185.36119446565942,22.12
2023-05-05,NVDA.US,buy,27.8468,3251.34,signal,0.0,0,0.0,0.0
2023-05-25,NVDA.US,sell,38.4057,3251.34,target_rebalance,34330.6341,20,13.771714550194293,37.92
2023-01-04,AMAT.US,buy,100.4917,5.58,signal,0.0,0,0.0,0.0
2023-05-26,AMAT.US,sell,127.3361,5.58,target_rebalance,149.7915,142,83.02733376285393,26.71
2022-03-04,AVGO.US,buy,54.3457,446.2,signal,0.0,0,0.0,0.0
2023-05-26,AVGO.US,sell,71.6412,446.2,target_rebalance,7717.2534,448,175.63412622388321,31.82
2022-03-04,AVGO.US,buy,54.3457,475.14,signal,0.0,0,0.0,0.0
2023-05-30,AVGO.US,sell,80.0463,475.14,target_rebalance,12211.3805,452,176.63412622388324,47.29
2022-12-02,ASML.US,buy,598.4769,10.08,signal,0.0,0,0.0,0.0
2023-05-31,ASML.US,sell,706.9356,10.08,target_rebalance,1093.2634,180,95.28912641868031,18.12
2023-05-05,NVDA.US,buy,28.2351,95.34,signal,0.0,0,0.0,0.0
2023-05-31,NVDA.US,sell,39.3677,95.34,target_rebalance,1061.3885,26,16.198311448548356,39.43
2023-01-04,AMAT.US,buy,100.8791,26.94,signal,0.0,0,0.0,0.0
2023-06-01,AMAT.US,sell,130.2184,26.94,target_rebalance,790.4005,148,85.07427970303036,29.08
2022-12-02,ASML.US,buy,598.4769,1.5,signal,0.0,0,0.0,0.0
2023-06-01,ASML.US,sell,704.1451,1.5,target_rebalance,158.5022,181,96.28912641868033,17.66
2022-03-04,AVGO.US,buy,54.6711,111.84,signal,0.0,0,0.0,0.0
2023-06-01,AVGO.US,sell,76.7395,111.84,target_rebalance,2468.1234,454,176.00641317559985,40.37
2023-05-05,NVDA.US,buy,28.4211,571.41,signal,0.0,0,0.0,0.0
2023-06-02,NVDA.US,sell,39.9749,571.41,target_rebalance,6601.9727,28,17.885131867157018,40.65
2023-01-04,AMAT.US,buy,100.8791,1.99,signal,0.0,0,0.0,0.0
2023-06-05,AMAT.US,sell,131.2798,1.99,target_rebalance,60.4973,152,87.07427970303034,30.14
2022-03-04,AVGO.US,buy,55.1401,271.39,signal,0.0,0,0.0,0.0
2023-06-05,AVGO.US,sell,77.5619,271.39,target_rebalance,6085.0418,458,174.10217334343037,40.66
2023-01-04,AMAT.US,buy,100.8791,6292.6,signal,0.0,0,0.0,0.0
2023-06-06,AMAT.US,sell,127.9496,6292.6,signal,170343.594,153,88.07427970303034,26.83
2022-03-04,AVGO.US,buy,55.1401,63.07,signal,0.0,0,0.0,0.0
2023-06-06,AVGO.US,sell,76.8717,63.07,target_rebalance,1370.6117,459,175.10217334343037,39.41
2023-05-05,NVDA.US,buy,28.67,229.26,signal,0.0,0,0.0,0.0
2023-06-06,NVDA.US,sell,38.7118,229.26,target_rebalance,2302.1709,32,19.435103790289435,35.03
2022-12-02,ASML.US,buy,599.8271,0.76,signal,0.0,0,0.0,0.0
2023-06-07,ASML.US,sell,693.6053,0.76,target_rebalance,71.2714,187,98.92573739384018,15.63
2023-06-06,LRCX.US,buy,57.9235,287.13,signal,0.0,0,0.0,0.0
2023-06-07,LRCX.US,sell,59.4429,287.13,target_rebalance,436.2637,1,1.0,2.62
2022-12-02,ASML.US,buy,599.8271,4.73,signal,0.0,0,0.0,0.0
2023-06-08,ASML.US,sell,691.4078,4.73,target_rebalance,433.1766,188,99.92573739384018,15.27
2022-03-04,AVGO.US,buy,55.5208,124.55,signal,0.0,0,0.0,0.0
2023-06-08,AVGO.US,sell,76.1922,124.55,target_rebalance,2574.6108,461,173.865657723791,37.23
2023-06-06,LRCX.US,buy,57.9235,76.73,signal,0.0,0,0.0,0.0
2023-06-08,LRCX.US,sell,59.3479,76.73,target_rebalance,109.2908,2,2.0,2.46
2023-05-05,NVDA.US,buy,28.8925,310.85,signal,0.0,0,0.0,0.0
2023-06-09,NVDA.US,sell,38.9221,310.85,target_rebalance,3117.7246,35,21.90995090014234,34.71
2022-03-04,AVGO.US,buy,55.5663,39.12,signal,0.0,0,0.0,0.0
2023-06-12,AVGO.US,sell,77.7459,39.12,target_rebalance,867.6666,465,175.50245704827606,39.92
2023-05-05,NVDA.US,buy,28.8925,69.04,signal,0.0,0,0.0,0.0
2023-06-12,NVDA.US,sell,39.0847,69.04,target_rebalance,703.6696,38,22.90995090014234,35.28
2022-03-04,AVGO.US,buy,55.5663,293.34,signal,0.0,0,0.0,0.0
2023-06-13,AVGO.US,sell,82.5393,293.34,target_rebalance,7912.2822,466,176.50245704827603,48.54
2023-05-05,NVDA.US,buy,28.9491,294.36,signal,0.0,0,0.0,0.0
2023-06-14,NVDA.US,sell,40.7039,294.36,target_rebalance,3460.1446,40,24.789674035196512,40.61
2022-03-04,AVGO.US,buy,55.6704,173.58,signal,0.0,0,0.0,0.0
2023-06-15,AVGO.US,sell,84.7707,173.58,target_rebalance,5051.2413,468,177.80878982179695,52.27
2023-05-05,NVDA.US,buy,28.9491,593.91,signal,0.0,0,0.0,0.0
2023-06-15,NVDA.US,sell,42.4767,593.91,target_rebalance,8034.1674,41,25.789674035196516,46.73
2023-05-05,NVDA.US,buy,28.9491,169.62,signal,0.0,0,0.0,0.0
2023-06-16,NVDA.US,sell,43.3222,169.62,target_rebalance,2437.9619,42,26.78967403519652,49.65
2022-12-02,ASML.US,buy,604.6344,2.5,signal,0.0,0,0.0,0.0
2023-06-20,ASML.US,sell,700.6642,2.5,target_rebalance,240.0746,200,102.29584140604238,15.88
2023-05-05,NVDA.US,buy,28.9491,169.67,signal,0.0,0,0.0,0.0
2023-06-20,NVDA.US,sell,42.8715,169.67,target_rebalance,2362.2153,46,27.789674035196516,48.09
2023-05-05,NVDA.US,buy,28.9491,189.45,signal,0.0,0,0.0,0.0
2023-06-21,NVDA.US,sell,43.373,189.45,target_rebalance,2732.6133,47,28.789674035196516,49.83
2022-03-04,AVGO.US,buy,56.0948,13.04,signal,0.0,0,0.0,0.0
2023-06-22,AVGO.US,sell,81.4335,13.04,target_rebalance,330.4159,475,179.06931324734364,45.17
2023-06-06,LRCX.US,buy,58.0494,74.2,signal,0.0,0,0.0,0.0
2023-06-22,LRCX.US,sell,58.4573,74.2,target_rebalance,30.2607,16,10.657746662320488,0.7
2023-06-06,LRCX.US,buy,58.0494,197.85,signal,0.0,0,0.0,0.0
2023-06-23,LRCX.US,sell,59.2742,197.85,target_rebalance,242.3135,17,11.657746662320488,2.11
2023-05-05,NVDA.US,buy,29.0343,57.96,signal,0.0,0,0.0,0.0
2023-06-23,NVDA.US,sell,42.3391,57.96,target_rebalance,771.1409,49,30.598169754151048,45.82
2022-12-02,ASML.US,buy,605.5513,5.14,signal,0.0,0,0.0,0.0
2023-06-26,ASML.US,sell,683.6099,5.14,target_rebalance,401.2213,206,105.12068488019945,12.89
2023-06-06,LRCX.US,buy,58.0494,94.29,signal,0.0,0,0.0,0.0
2023-06-26,LRCX.US,sell,59.7264,94.29,target_rebalance,158.1191,20,12.657746662320488,2.89
2022-12-02,ASML.US,buy,605.5513,10.83,signal,0.0,0,0.0,0.0
2023-06-27,ASML.US,sell,687.3242,10.83,target_rebalance,885.6013,207,106.12068488019943,13.5
2022-03-04,AVGO.US,buy,56.6424,61.67,signal,0.0,0,0.0,0.0
2023-06-27,AVGO.US,sell,79.8522,61.67,target_rebalance,1431.3489,480,177.9466427345487,40.98
2023-06-06,LRCX.US,buy,58.0494,264.48,signal,0.0,0,0.0,0.0
2023-06-27,LRCX.US,sell,60.659,264.48,target_rebalance,690.1819,21,13.657746662320488,4.5
2022-12-02,ASML.US,buy,605.5513,5.69,signal,0.0,0,0.0,0.0
2023-06-28,ASML.US,sell,699.5071,5.69,target_rebalance,534.6089,208,107.12068488019942,15.52
2023-06-06,LRCX.US,buy,58.0494,176.69,signal,0.0,0,0.0,0.0
2023-06-28,LRCX.US,sell,62.2393,176.69,target_rebalance,740.3131,22,14.657746662320488,7.22
2022-03-04,AVGO.US,buy,56.6424,20.8,signal,0.0,0,0.0,0.0
2023-06-29,AVGO.US,sell,82.3354,20.8,target_rebalance,534.4152,482,179.9466427345487,45.36
2023-05-05,NVDA.US,buy,29.6251,85.99,signal,0.0,0,0.0,0.0
2023-06-29,NVDA.US,sell,41.4357,85.99,target_rebalance,1015.5955,55,32.933450736815765,39.87
2022-03-04,AVGO.US,buy,56.6424,151.65,signal,0.0,0,0.0,0.0
2023-06-30,AVGO.US,sell,83.6912,151.65,target_rebalance,4101.9535,483,180.94664273454867,47.75
2023-05-05,NVDA.US,buy,29.6251,23.29,signal,0.0,0,0.0,0.0
2023-06-30,NVDA.US,sell,41.5574,23.29,target_rebalance,277.9025,56,33.933450736815765,40.28
2022-12-02,ASML.US,buy,606.6641,6.66,signal,0.0,0,0.0,0.0
2023-07-03,ASML.US,sell,713.6638,6.66,target_rebalance,712.6183,213,108.90184454563064,17.64
2023-05-05,NVDA.US,buy,29.6251,240.13,signal,0.0,0,0.0,0.0
2023-07-03,NVDA.US,sell,42.3919,240.13,target_rebalance,3065.6902,59,34.93345073681577,43.09
2022-03-04,AVGO.US,buy,56.8107,31.76,signal,0.0,0,0.0,0.0
2023-07-05,AVGO.US,sell,83.5833,31.76,target_rebalance,850.2956,488,181.82141023735747,47.13
2023-06-06,LRCX.US,buy,58.1396,88.22,signal,0.0,0,0.0,0.0
2023-07-05,LRCX.US,sell,62.6361,88.22,target_rebalance,396.6867,29,18.328962838911924,7.73
2023-05-05,NVDA.US,buy,29.6322,336.38,signal,0.0,0,0.0,0.0
2023-07-06,NVDA.US,sell,41.7209,336.38,target_rebalance,4066.3875,62,36.912942970481424,40.8
2022-03-04,AVGO.US,buy,56.8107,7.95,signal,0.0,0,0.0,0.0
2023-07-07,AVGO.US,sell,81.948,7.95,target_rebalance,199.8414,490,183.82141023735747,44.25
2023-06-06,LRCX.US,buy,58.1695,4.56,signal,0.0,0,0.0,0.0
2023-07-07,LRCX.US,sell,60.4772,4.56,target_rebalance,10.523,31,20.043520849966843,3.97
2023-05-05,NVDA.US,buy,29.6322,132.33,signal,0.0,0,0.0,0.0
2023-07-07,NVDA.US,sell,42.1975,132.33,target_rebalance,1662.7606,63,37.91294297048142,42.4
2022-12-02,ASML.US,buy,608.4294,4.56,signal,0.0,0,0.0,0.0
2023-07-10,ASML.US,sell,684.2225,4.56,target_rebalance,345.6162,220,110.54797817157909,12.46
2023-05-05,NVDA.US,buy,29.6322,105.6,signal,0.0,0,0.0,0.0
2023-07-10,NVDA.US,sell,42.5315,105.6,target_rebalance,1362.1636,66,38.912942970481424,43.53
2022-03-04,AVGO.US,buy,56.8902,229.79,signal,0.0,0,0.0,0.0
2023-07-11,AVGO.US,sell,84.9044,229.79,target_rebalance,6437.3724,494,185.23607025283894,49.24
2022-12-02,ASML.US,buy,608.7836,17.38,signal,0.0,0,0.0,0.0
2023-07-12,ASML.US,sell,709.3177,17.38,target_rebalance,1747.2831,222,112.06756289827528,16.51
2022-12-02,ASML.US,buy,608.7836,1.82,signal,0.0,0,0.0,0.0
2023-07-13,ASML.US,sell,720.6452,1.82,target_rebalance,203.588,223,113.06756289827528,18.37
2023-05-05,NVDA.US,buy,29.8333,359.52,signal,0.0,0,0.0,0.0
2023-07-13,NVDA.US,sell,44.387,359.52,target_rebalance,5232.3386,69,41.286209547180036,48.78
2022-12-02,ASML.US,buy,608.7836,7.03,signal,0.0,0,0.0,0.0
2023-07-14,ASML.US,sell,739.5858,7.03,target_rebalance,919.5391,224,114.06756289827527,21.49
2023-06-06,LRCX.US,buy,58.2649,23.19,signal,0.0,0,0.0,0.0
2023-07-14,LRCX.US,sell,62.4465,23.19,target_rebalance,96.9709,38,24.281266158871784,7.18
2023-05-05,NVDA.US,buy,29.8333,497.0,signal,0.0,0,0.0,0.0
2023-07-14,NVDA.US,sell,46.4459,497.0,target_rebalance,8256.4594,70,42.28620954718004,55.68
2022-03-04,AVGO.US,buy,58.0072,123.7,signal,0.0,0,0.0,0.0
2023-07-17,AVGO.US,sell,85.8583,123.7,target_rebalance,3445.184,500,181.93774872119738,48.01
2023-05-05,NVDA.US,buy,29.8333,37.83,signal,0.0,0,0.0,0.0
2023-07-17,NVDA.US,sell,46.1528,37.83,target_rebalance,617.3651,73,43.286209547180036,54.7
2022-03-04,AVGO.US,buy,58.0072,15.68,signal,0.0,0,0.0,0.0
2023-07-18,AVGO.US,sell,87.3009,15.68,target_rebalance,459.3244,501,182.93774872119735,50.5
2023-06-06,LRCX.US,buy,58.2681,183.42,signal,0.0,0,0.0,0.0
2023-07-18,LRCX.US,sell,63.6252,183.42,target_rebalance,982.5991,42,26.25897650173796,9.19
2023-05-05,NVDA.US,buy,29.9056,318.83,signal,0.0,0,0.0,0.0
2023-07-19,NVDA.US,sell,47.3243,318.83,target_rebalance,5553.6162,75,45.09599360074434,58.25
2022-03-04,AVGO.US,buy,58.1631,231.18,signal,0.0,0,0.0,0.0
2023-07-20,AVGO.US,sell,86.0058,231.18,target_rebalance,6436.6673,503,183.93605908554855,47.87
2023-05-05,NVDA.US,buy,29.9056,174.95,signal,0.0,0,0.0,0.0
2023-07-20,NVDA.US,sell,46.3702,174.95,target_rebalance,2880.4752,76,46.09599360074435,55.06
2022-12-02,ASML.US,buy,614.2854,0.93,signal,0.0,0,0.0,0.0
2023-07-21,ASML.US,sell,676.0552,0.93,target_rebalance,57.4459,231,112.18465860148947,10.06
2022-03-04,AVGO.US,buy,58.1631,188.15,signal,0.0,0,0.0,0.0
2023-07-21,AVGO.US,sell,87.1573,188.15,target_rebalance,5455.2502,504,184.93605908554855,49.85
2022-03-04,AVGO.US,buy,58.1631,23.78,signal,0.0,0,0.0,0.0
2023-07-24,AVGO.US,sell,86.8017,23.78,target_rebalance,681.0259,507,185.93605908554855,49.24
2023-06-06,LRCX.US,buy,58.3053,294.86,signal,0.0,0,0.0,0.0
2023-07-24,LRCX.US,sell,61.2182,294.86,target_rebalance,858.9109,48,29.807557377321576,5.0
2023-06-06,LRCX.US,buy,58.3053,145.52,signal,0.0,0,0.0,0.0
2023-07-25,LRCX.US,sell,62.146,145.52,target_rebalance,558.8999,49,30.807557377321576,6.59
2023-05-05,NVDA.US,buy,30.2863,275.87,signal,0.0,0,0.0,0.0
2023-07-26,NVDA.US,sell,45.8856,275.87,target_rebalance,4303.3688,82,48.89395909806376,51.51
2022-12-02,ASML.US,buy,615.5901,27.31,signal,0.0,0,0.0,0.0
2023-07-27,ASML.US,sell,695.1414,27.31,target_rebalance,2172.5464,237,113.21177517649771,12.92
2023-06-06,LRCX.US,buy,58.3091,287.61,signal,0.0,0,0.0,0.0
2023-07-27,LRCX.US,sell,65.6441,287.61,target_rebalance,2109.6165,51,32.77895642654135,12.58
2023-06-06,LRCX.US,buy,58.3091,543.89,signal,0.0,0,0.0,0.0
2023-07-28,LRCX.US,sell,69.076,543.89,target_rebalance,5856.0317,52,33.77895642654134,18.47
2022-12-02,ASML.US,buy,616.3669,1.82,signal,0.0,0,0.0,0.0
2023-07-31,ASML.US,sell,701.3155,1.82,target_rebalance,154.6065,241,114.10898842635368,13.78
2023-06-06,LRCX.US,buy,58.3091,125.01,signal,0.0,0,0.0,0.0
2023-07-31,LRCX.US,sell,70.1623,125.01,target_rebalance,1481.7737,55,34.77895642654135,20.33
2022-03-04,AVGO.US,buy,59.822,85.24,signal,0.0,0,0.0,0.0
2023-08-01,AVGO.US,sell,86.6263,85.24,target_rebalance,2284.8037,515,181.11342707081764,44.81
2023-05-05,NVDA.US,buy,30.7191,0.9,signal,0.0,0,0.0,0.0
2023-08-01,NVDA.US,sell,46.3233,0.9,target_rebalance,14.0438,88,51.550449506445354,50.8
2022-03-04,AVGO.US,buy,59.822,222.58,signal,0.0,0,0.0,0.0
2023-08-02,AVGO.US,sell,87.9099,222.58,target_rebalance,6251.8033,516,182.11342707081764,46.95
2022-12-02,ASML.US,buy,617.4559,1.16,signal,0.0,0,0.0,0.0
2023-08-03,ASML.US,sell,656.6007,1.16,target_rebalance,45.408,244,115.13020587824498,6.34
2022-03-04,AVGO.US,buy,59.822,63.76,signal,0.0,0,0.0,0.0
2023-08-03,AVGO.US,sell,85.4353,63.76,target_rebalance,1633.1066,517,183.11342707081764,42.82
2022-12-02,ASML.US,buy,617.4559,2.98,signal,0.0,0,0.0,0.0
2023-08-04,ASML.US,sell,667.8559,2.98,target_rebalance,150.192,245,116.13020587824496,8.16
2023-06-06,LRCX.US,buy,58.3872,30.89,signal,0.0,0,0.0,0.0
2023-08-04,LRCX.US,sell,67.4296,30.89,target_rebalance,279.32,59,38.51941315730661,15.49
2023-05-05,NVDA.US,buy,30.9333,198.9,signal,0.0,0,0.0,0.0
2023-08-04,NVDA.US,sell,44.8526,198.9,target_rebalance,2768.5625,91,53.718175552482826,45.0
2022-12-02,ASML.US,buy,617.4559,3.31,signal,0.0,0,0.0,0.0
2023-08-07,ASML.US,sell,672.8161,3.31,target_rebalance,183.2422,248,117.13020587824496,8.97
2023-06-06,LRCX.US,buy,58.3872,13277.49,signal,0.0,0,0.0,0.0
2023-08-07,LRCX.US,sell,67.8808,13277.49,signal,126051.9791,62,39.5194131573066,16.26
2023-08-07,AMAT.US,buy,143.4753,64.15,signal,0.0,0,0.0,0.0
2023-08-08,AMAT.US,sell,144.2597,64.15,target_rebalance,50.3189,1,1.0,0.55
2022-03-04,AVGO.US,buy,60.2421,58.01,signal,0.0,0,0.0,0.0
2023-08-08,AVGO.US,sell,85.7697,58.01,target_rebalance,1480.8546,522,183.09642386833167,42.37
2023-08-07,AMAT.US,buy,143.4753,17.17,signal,0.0,0,0.0,0.0
2023-08-09,AMAT.US,sell,144.0942,17.17,target_rebalance,10.626,2,2.0,0.43
2022-12-02,ASML.US,buy,618.0939,11.46,signal,0.0,0,0.0,0.0
2023-08-09,ASML.US,sell,662.3989,11.46,target_rebalance,507.7346,250,117.33289381296436,7.17
2023-08-07,AMAT.US,buy,143.4753,67.87,signal,0.0,0,0.0,0.0
2023-08-10,AMAT.US,sell,142.916,67.87,target_rebalance,-37.9635,3,3.0,-0.39
2022-12-02,ASML.US,buy,618.0939,41.85,signal,0.0,0,0.0,0.0
2023-08-10,ASML.US,sell,670.6234,41.85,target_rebalance,2198.3594,251,118.33289381296436,8.5
2023-05-05,NVDA.US,buy,31.391,245.04,signal,0.0,0,0.0,0.0
2023-08-11,NVDA.US,sell,41.6281,245.04,target_rebalance,2508.5113,98,56.476996860246324,32.61
2022-03-04,AVGO.US,buy,60.6277,170.74,signal,0.0,0,0.0,0.0
2023-08-14,AVGO.US,sell,80.0883,170.74,target_rebalance,3322.6894,528,183.92984943373585,32.1
2023-05-05,NVDA.US,buy,31.4637,1145.35,signal,0.0,0,0.0,0.0
2023-08-15,NVDA.US,sell,44.4289,1145.35,target_rebalance,14849.6631,102,58.01545672073148,41.21
2023-05-05,NVDA.US,buy,31.4637,37.76,signal,0.0,0,0.0,0.0
2023-08-16,NVDA.US,sell,44.389,37.76,target_rebalance,488.0588,103,59.01545672073147,41.08
2022-12-02,ASML.US,buy,619.0077,9.34,signal,0.0,0,0.0,0.0
2023-08-17,ASML.US,sell,639.0018,9.34,target_rebalance,186.7449,258,119.01658728264626,3.23
2023-08-07,AMAT.US,buy,143.2755,28.31,signal,0.0,0,0.0,0.0
2023-08-18,AMAT.US,sell,133.7239,28.31,target_rebalance,-270.4058,11,8.82537241893155,-6.67
2022-12-02,ASML.US,buy,619.0077,4.63,signal,0.0,0,0.0,0.0
2023-08-18,ASML.US,sell,628.5554,4.63,target_rebalance,44.206,259,120.01658728264626,1.54
2023-08-07,AMAT.US,buy,143.2755,85.54,signal,0.0,0,0.0,0.0
2023-08-21,AMAT.US,sell,139.5176,85.54,target_rebalance,-321.4467,14,9.825372418931552,-2.62
2023-05-05,NVDA.US,buy,31.6057,234.7,signal,0.0,0,0.0,0.0
2023-08-21,NVDA.US,sell,44.3631,234.7,target_rebalance,2994.1633,108,61.25159232086361,40.36
2023-05-05,NVDA.US,buy,31.6057,494.12,signal,0.0,0,0.0,0.0
2023-08-22,NVDA.US,sell,47.9934,494.12,target_rebalance,8097.4841,109,62.2515923208636,51.85
2023-08-07,AMAT.US,buy,143.276,19.17,signal,0.0,0,0.0,0.0
2023-08-23,AMAT.US,sell,143.4602,19.17,target_rebalance,3.531,16,11.823960065862385,0.13
2022-12-02,ASML.US,buy,619.9139,13.45,signal,0.0,0,0.0,0.0
2023-08-23,ASML.US,sell,651.1827,13.45,target_rebalance,420.5655,264,119.65070313370848,5.04
2022-03-04,AVGO.US,buy,61.3699,144.23,signal,0.0,0,0.0,0.0
2023-08-24,AVGO.US,sell,86.9511,144.23,target_rebalance,3689.572,538,185.37475925370921,41.68
2023-05-05,NVDA.US,buy,31.8617,821.23,signal,0.0,0,0.0,0.0
2023-08-24,NVDA.US,sell,50.0682,821.23,target_rebalance,14951.7913,111,63.11267593592678,57.14
2023-08-07,AMAT.US,buy,143.3523,59.21,signal,0.0,0,0.0,0.0
2023-08-25,AMAT.US,sell,140.1228,59.21,target_rebalance,-191.219,18,13.491829539152901,-2.25
2022-03-04,AVGO.US,buy,61.3699,4.53,signal,0.0,0,0.0,0.0
2023-08-25,AVGO.US,sell,82.583,4.53,target_rebalance,96.0955,539,186.37475925370921,34.57
2023-08-07,AMAT.US,buy,143.3523,42.59,signal,0.0,0,0.0,0.0
2023-08-28,AMAT.US,sell,141.8012,42.59,target_rebalance,-66.0583,21,14.491829539152905,-1.08
2022-12-02,ASML.US,buy,621.1088,18.76,signal,0.0,0,0.0,0.0
2023-08-28,ASML.US,sell,640.288,18.76,target_rebalance,359.8017,269,119.2272930574034,3.09
2022-03-04,AVGO.US,buy,61.4519,32.02,signal,0.0,0,0.0,0.0
2023-08-29,AVGO.US,sell,82.716,32.02,target_rebalance,680.8762,543,187.6538646168362,34.6
2023-05-05,NVDA.US,buy,32.2763,87.56,signal,0.0,0,0.0,0.0
2023-08-29,NVDA.US,sell,46.5287,87.56,target_rebalance,1247.9369,116,64.29975168600629,44.16
2022-03-04,AVGO.US,buy,61.4519,24.29,signal,0.0,0,0.0,0.0
2023-08-30,AVGO.US,sell,85.9913,24.29,target_rebalance,596.0617,544,188.65386461683616,39.93
2023-05-05,NVDA.US,buy,32.2763,248.15,signal,0.0,0,0.0,0.0
2023-08-30,NVDA.US,sell,48.8997,248.15,target_rebalance,4125.0875,117,65.29975168600629,51.5
2022-03-04,AVGO.US,buy,61.4519,57.46,signal,0.0,0,0.0,0.0
2023-08-31,AVGO.US,sell,86.5329,57.46,target_rebalance,1441.1517,545,189.65386461683616,40.81
2023-05-05,NVDA.US,buy,32.2763,111.29,signal,0.0,0,0.0,0.0
2023-08-31,NVDA.US,sell,49.2347,111.29,target_rebalance,1887.2983,118,66.29975168600629,52.54
2023-08-07,AMAT.US,buy,143.3383,97.22,signal,0.0,0,0.0,0.0
2023-09-01,AMAT.US,sell,150.7693,97.22,target_rebalance,722.4431,25,18.40575159037435,5.18
2022-12-02,ASML.US,buy,621.843,3.53,signal,0.0,0,0.0,0.0
2023-09-01,ASML.US,sell,656.7956,3.53,target_rebalance,123.3829,273,119.83199983165515,5.62
2023-08-07,AMAT.US,buy,143.3383,106.88,signal,0.0,0,0.0,0.0
2023-09-05,AMAT.US,sell,150.2521,106.88,target_rebalance,738.9515,29,19.405751590374347,4.82
2022-12-02,ASML.US,buy,621.843,10.76,signal,0.0,0,0.0,0.0
2023-09-05,ASML.US,sell,648.1519,10.76,target_rebalance,283.0845,277,120.83199983165517,4.23
2022-12-02,ASML.US,buy,621.843,1410.1,signal,0.0,0,0.0,0.0
2023-09-06,ASML.US,sell,649.1461,1410.1,signal,38500.196,278,121.83199983165515,4.39
2022-03-04,AVGO.US,buy,62.0587,2.57,signal,0.0,0,0.0,0.0
2023-09-06,AVGO.US,sell,84.0747,2.57,target_rebalance,56.581,551,187.76195381617256,35.48
2023-05-05,NVDA.US,buy,32.5604,26.47,signal,0.0,0,0.0,0.0
2023-09-06,NVDA.US,sell,48.3024,26.47,target_rebalance,416.6913,124,68.13050316219558,48.35
2023-08-07,AMAT.US,buy,143.3635,19.43,signal,0.0,0,0.0,0.0
2023-09-07,AMAT.US,sell,145.6168,19.43,target_rebalance,43.7813,31,21.32665473765795,1.57
2022-03-04,AVGO.US,buy,62.0587,181.58,signal,0.0,0,0.0,0.0
2023-09-07,AVGO.US,sell,82.822,181.58,target_rebalance,3770.1947,552,188.76195381617256,33.46
2023-09-06,LRCX.US,buy,67.9349,85.71,signal,0.0,0,0.0,0.0
2023-09-07,LRCX.US,sell,66.2276,85.71,target_rebalance,-146.3337,1,1.0,-2.51
2023-05-05,NVDA.US,buy,32.9204,220.73,signal,0.0,0,0.0,0.0
2023-09-08,NVDA.US,sell,45.8106,220.73,target_rebalance,2845.2442,126,68.20497881176384,39.16
2023-08-07,AMAT.US,buy,143.3677,26.86,signal,0.0,0,0.0,0.0
2023-09-11,AMAT.US,sell,146.378,26.86,target_rebalance,80.8573,35,23.24130043227932,2.1
2022-03-04,AVGO.US,buy,62.0587,64.97,signal,0.0,0,0.0,0.0
2023-09-11,AVGO.US,sell,83.7153,64.97,target_rebalance,1407.025,556,190.7619538161726,34.9
2022-03-04,AVGO.US,buy,62.0587,48.67,signal,0.0,0,0.0,0.0
2023-09-12,AVGO.US,sell,81.9297,48.67,target_rebalance,967.1203,557,191.7619538161726,32.02
2023-09-06,LRCX.US,buy,67.9036,88.61,signal,0.0,0,0.0,0.0
2023-09-13,LRCX.US,sell,64.1364,88.61,target_rebalance,-333.8071,7,4.964004003649866,-5.55
2023-05-05,NVDA.US,buy,33.0098,193.2,signal,0.0,0,0.0,0.0
2023-09-14,NVDA.US,sell,45.8186,193.2,target_rebalance,2474.6538,132,71.69514995636536,38.8
2022-03-04,AVGO.US,buy,62.1097,275.37,signal,0.0,0,0.0,0.0
2023-09-15,AVGO.US,sell,83.6565,275.37,target_rebalance,5933.3548,560,194.28952619488624,34.69
2023-05-05,NVDA.US,buy,33.0098,83.8,signal,0.0,0,0.0,0.0
2023-09-15,NVDA.US,sell,45.2113,83.8,target_rebalance,1022.4865,133,72.69514995636536,36.96
2023-08-07,AMAT.US,buy,143.232,87.89,signal,0.0,0,0.0,0.0
2023-09-18,AMAT.US,sell,134.5506,87.89,target_rebalance,-763.0074,42,27.4065105972923,-6.06
2022-03-04,AVGO.US,buy,62.1097,77.24,signal,0.0,0,0.0,0.0
2023-09-18,AVGO.US,sell,81.1916,77.24,target_rebalance,1473.8907,563,195.28952619488626,30.72
2023-09-06,LRCX.US,buy,67.8104,73.13,signal,0.0,0,0.0,0.0
2023-09-19,LRCX.US,sell,62.0041,73.13,target_rebalance,-424.6169,13,8.833247495471285,-8.56
2023-05-05,NVDA.US,buy,33.197,130.59,signal,0.0,0,0.0,0.0
2023-09-19,NVDA.US,sell,43.7076,130.59,target_rebalance,1372.5854,137,73.27317401286659,31.66
2022-03-04,AVGO.US,buy,62.3104,121.76,signal,0.0,0,0.0,0.0
2023-09-20,AVGO.US,sell,82.3517,121.76,target_rebalance,2440.2273,565,195.27630611040044,32.16
2023-08-07,AMAT.US,buy,143.2005,76.93,signal,0.0,0,0.0,0.0
2023-09-21,AMAT.US,sell,131.7597,76.93,target_rebalance,-880.1414,45,30.28085373147259,-7.99
2023-09-06,LRCX.US,buy,67.7637,162.44,signal,0.0,0,0.0,0.0
2023-09-21,LRCX.US,sell,59.5255,162.44,target_rebalance,-1338.2143,15,10.762318468622414,-12.16
2023-08-07,AMAT.US,buy,143.2005,12.64,signal,0.0,0,0.0,0.0
2023-09-22,AMAT.US,sell,133.6821,12.64,target_rebalance,-120.3126,46,31.28085373147258,-6.65
2022-03-04,AVGO.US,buy,62.6483,59.16,signal,0.0,0,0.0,0.0
2023-09-22,AVGO.US,sell,78.5974,59.16,target_rebalance,943.5465,567,192.81838690794828,25.46
2023-09-06,LRCX.US,buy,67.7637,46.07,signal,0.0,0,0.0,0.0
2023-09-22,LRCX.US,sell,60.4746,46.07,target_rebalance,-335.8083,16,11.76231846862241,-10.76
2022-03-04,AVGO.US,buy,62.6483,197.07,signal,0.0,0,0.0,0.0
2023-09-25,AVGO.US,sell,80.2212,197.07,target_rebalance,3463.0823,570,193.81838690794828,28.05
2022-03-04,AVGO.US,buy,62.6483,5.0,signal,0.0,0,0.0,0.0
2023-09-26,AVGO.US,sell,80.3345,5.0,target_rebalance,88.4311,571,194.81838690794828,28.23
2023-05-05,NVDA.US,buy,33.3529,135.52,signal,0.0,0,0.0,0.0
2023-09-26,NVDA.US,sell,41.8809,135.52,target_rebalance,1155.7165,144,76.85249406448291,25.57
2023-05-05,NVDA.US,buy,33.3529,185.79,signal,0.0,0,0.0,0.0
2023-09-27,NVDA.US,sell,42.2089,185.79,target_rebalance,1645.3695,145,77.85249406448291,26.55
2023-05-05,NVDA.US,buy,33.3529,66.62,signal,0.0,0,0.0,0.0
2023-09-28,NVDA.US,sell,42.3386,66.62,target_rebalance,598.6274,146,78.85249406448291,26.94
2023-08-07,AMAT.US,buy,143.0388,33.88,signal,0.0,0,0.0,0.0
2023-09-29,AMAT.US,sell,136.8342,33.88,target_rebalance,-210.2138,53,35.77748412822982,-4.34
2023-09-06,LRCX.US,buy,67.6607,90.12,signal,0.0,0,0.0,0.0
2023-09-29,LRCX.US,sell,62.087,90.12,target_rebalance,-502.2981,23,16.587033728001142,-8.24
2023-05-05,NVDA.US,buy,33.3529,202.76,signal,0.0,0,0.0,0.0
2023-10-02,NVDA.US,sell,43.9041,202.76,target_rebalance,2139.3622,150,80.85249406448293,31.64
2023-05-05,NVDA.US,buy,33.3529,246.88,signal,0.0,0,0.0,0.0
2023-10-03,NVDA.US,sell,44.6798,246.88,target_rebalance,2796.4069,151,81.85249406448294,33.96
2023-08-07,AMAT.US,buy,142.9907,13.32,signal,0.0,0,0.0,0.0
2023-10-04,AMAT.US,sell,134.2481,13.32,target_rebalance,-116.4503,58,38.53287387226205,-6.11
2022-03-04,AVGO.US,buy,63.1549,21.85,signal,0.0,0,0.0,0.0
2023-10-04,AVGO.US,sell,79.4781,21.85,target_rebalance,356.6625,579,195.19196543485478,25.85
2023-09-06,LRCX.US,buy,67.6252,15.36,signal,0.0,0,0.0,0.0
2023-10-04,LRCX.US,sell,60.9067,15.36,target_rebalance,-103.1951,28,19.48863387411506,-9.93
2023-08-07,AMAT.US,buy,142.9907,31.92,signal,0.0,0,0.0,0.0
2023-10-05,AMAT.US,sell,136.0827,31.92,target_rebalance,-220.502,59,39.532873872262044,-4.83
2023-09-06,LRCX.US,buy,67.6252,71.38,signal,0.0,0,0.0,0.0
2023-10-05,LRCX.US,sell,61.7437,71.38,target_rebalance,-419.8214,29,20.488633874115052,-8.7
2022-03-04,AVGO.US,buy,63.2647,40.92,signal,0.0,0,0.0,0.0
2023-10-06,AVGO.US,sell,79.388,40.92,target_rebalance,659.7662,581,195.8831900332991,25.49
2023-05-05,NVDA.US,buy,33.4697,152.09,signal,0.0,0,0.0,0.0
2023-10-06,NVDA.US,sell,44.0666,152.09,target_rebalance,1611.6816,154,83.91927490926152,31.66
2022-03-04,AVGO.US,buy,63.2647,132.76,signal,0.0,0,0.0,0.0
2023-10-09,AVGO.US,sell,81.4284,132.76,target_rebalance,2411.4151,584,196.88319003329912,28.71
2023-05-05,NVDA.US,buy,33.4697,35.81,signal,0.0,0,0.0,0.0
2023-10-09,NVDA.US,sell,44.7137,35.81,target_rebalance,402.6486,157,84.91927490926152,33.59
2022-03-04,AVGO.US,buy,63.2647,48.05,signal,0.0,0,0.0,0.0
2023-10-10,AVGO.US,sell,83.0454,48.05,target_rebalance,950.4653,585,197.88319003329912,31.27
2023-09-06,LRCX.US,buy,67.4698,34.09,signal,0.0,0,0.0,0.0
2023-10-10,LRCX.US,sell,61.7905,34.09,target_rebalance,-193.608,34,22.995323755101182,-8.42
2023-09-06,LRCX.US,buy,67.4698,2.79,signal,0.0,0,0.0,0.0
2023-10-11,LRCX.US,sell,62.5211,2.79,target_rebalance,-13.8069,35,23.995323755101182,-7.33
2023-05-05,NVDA.US,buy,33.5009,110.01,signal,0.0,0,0.0,0.0
2023-10-11,NVDA.US,sell,46.0639,110.01,target_rebalance,1382.049,159,86.6919566830522,37.5
2022-03-04,AVGO.US,buy,63.397,76.57,signal,0.0,0,0.0,0.0
2023-10-12,AVGO.US,sell,84.9134,76.57,target_rebalance,1647.5104,587,198.58025163354054,33.94
2023-05-05,NVDA.US,buy,33.5009,49.27,signal,0.0,0,0.0,0.0
2023-10-12,NVDA.US,sell,46.6432,49.27,target_rebalance,647.5201,160,87.6919566830522,39.23
2023-08-07,AMAT.US,buy,142.9206,18.96,signal,0.0,0,0.0,0.0
2023-10-13,AMAT.US,sell,143.4992,18.96,target_rebalance,10.9704,67,44.87783188186445,0.4
2022-03-04,AVGO.US,buy,63.397,139.51,signal,0.0,0,0.0,0.0
2023-10-13,AVGO.US,sell,88.0689,139.51,target_rebalance,3441.9838,588,199.58025163354054,38.92
2022-03-04,AVGO.US,buy,63.397,92.88,signal,0.0,0,0.0,0.0
2023-10-16,AVGO.US,sell,86.3221,92.88,target_rebalance,2129.2836,591,200.58025163354057,36.16
2023-09-06,LRCX.US,buy,67.4652,112.22,signal,0.0,0,0.0,0.0
2023-10-16,LRCX.US,sell,63.1912,112.22,target_rebalance,-479.6292,40,26.969253649966276,-6.34
2022-03-04,AVGO.US,buy,63.397,93.78,signal,0.0,0,0.0,0.0
2023-10-17,AVGO.US,sell,85.7582,93.78,target_rebalance,2097.0379,592,201.58025163354054,35.27
2023-09-06,LRCX.US,buy,67.4652,11.3,signal,0.0,0,0.0,0.0
2023-10-17,LRCX.US,sell,62.247,11.3,target_rebalance,-58.9659,41,27.969253649966273,-7.73
2023-08-07,AMAT.US,buy,142.8776,72.91,signal,0.0,0,0.0,0.0
2023-10-18,AMAT.US,sell,136.5219,72.91,target_rebalance,-463.3996,72,47.49529078357553,-4.45
2022-03-04,AVGO.US,buy,63.397,22.06,signal,0.0,0,0.0,0.0
2023-10-18,AVGO.US,sell,85.2544,22.06,target_rebalance,482.1751,593,202.58025163354054,34.48
2023-09-06,LRCX.US,buy,67.4652,108.27,signal,0.0,0,0.0,0.0
2023-10-18,LRCX.US,sell,62.2333,108.27,target_rebalance,-566.4559,42,28.969253649966276,-7.75
2023-08-07,AMAT.US,buy,142.8776,102.94,signal,0.0,0,0.0,0.0
2023-10-19,AMAT.US,sell,139.3908,102.94,target_rebalance,-358.932,73,48.495290783575534,-2.44
2022-03-04,AVGO.US,buy,63.397,38.29,signal,0.0,0,0.0,0.0
2023-10-19,AVGO.US,sell,85.9394,38.29,target_rebalance,863.1488,594,203.5802516335405,35.56
2022-03-04,AVGO.US,buy,63.397,188.28,signal,0.0,0,0.0,0.0
2023-10-20,AVGO.US,sell,84.7651,188.28,target_rebalance,4023.1964,595,204.5802516335405,33.71
2023-05-05,NVDA.US,buy,34.1509,201.07,signal,0.0,0,0.0,0.0
2023-10-20,NVDA.US,sell,41.7702,201.07,target_rebalance,1532.0016,168,88.30180020071467,22.31
2023-08-07,AMAT.US,buy,142.5958,15.2,signal,0.0,0,0.0,0.0
2023-10-23,AMAT.US,sell,129.9836,15.2,target_rebalance,-191.7053,77,49.26565664035864,-8.84
2023-05-05,NVDA.US,buy,34.1509,430.01,signal,0.0,0,0.0,0.0
2023-10-24,NVDA.US,sell,42.9538,430.01,target_rebalance,3785.3135,172,90.30180020071467,25.78
2022-03-04,AVGO.US,buy,63.7311,148.36,signal,0.0,0,0.0,0.0
2023-10-25,AVGO.US,sell,84.9754,148.36,target_rebalance,3151.7976,600,204.19393058838494,33.33
2023-05-05,NVDA.US,buy,34.1509,182.63,signal,0.0,0,0.0,0.0
2023-10-25,NVDA.US,sell,43.2739,182.63,target_rebalance,1666.1212,173,91.30180020071467,26.71
2023-08-07,AMAT.US,buy,142.388,46.51,signal,0.0,0,0.0,0.0
2023-10-26,AMAT.US,sell,127.9441,46.51,target_rebalance,-671.7851,80,51.39259801880213,-10.14
2023-09-06,LRCX.US,buy,67.1673,132.55,signal,0.0,0,0.0,0.0
2023-10-26,LRCX.US,sell,57.4634,132.55,target_rebalance,-1286.2429,50,33.72435985307948,-14.45
2023-08-07,AMAT.US,buy,142.388,78.78,signal,0.0,0,0.0,0.0
2023-10-27,AMAT.US,sell,128.1003,78.78,target_rebalance,-1125.588,81,52.39259801880213,-10.03
2023-09-06,LRCX.US,buy,67.1673,43.71,signal,0.0,0,0.0,0.0
2023-10-27,LRCX.US,sell,56.9952,43.71,target_rebalance,-444.6204,51,34.72435985307948,-15.14
2023-08-07,AMAT.US,buy,142.388,10.68,signal,0.0,0,0.0,0.0
2023-10-30,AMAT.US,sell,128.7736,10.68,target_rebalance,-145.4018,84,53.392598018802126,-9.56
2022-03-04,AVGO.US,buy,64.0403,76.86,signal,0.0,0,0.0,0.0
2023-10-30,AVGO.US,sell,81.4904,76.86,target_rebalance,1341.2111,605,203.57715460553968,27.25
2023-08-07,AMAT.US,buy,142.388,2.76,signal,0.0,0,0.0,0.0
2023-10-31,AMAT.US,sell,128.6175,2.76,target_rebalance,-38.0067,85,54.392598018802126,-9.67
2022-03-04,AVGO.US,buy,64.0403,48.93,signal,0.0,0,0.0,0.0
2023-10-31,AVGO.US,sell,81.7607,48.93,target_rebalance,867.0572,606,204.57715460553968,27.67
2023-09-06,LRCX.US,buy,67.1185,89.69,signal,0.0,0,0.0,0.0
2023-10-31,LRCX.US,sell,57.1932,89.69,target_rebalance,-890.1953,55,36.55418130449882,-14.79
2023-08-07,AMAT.US,buy,142.388,13.4,signal,0.0,0,0.0,0.0
2023-11-01,AMAT.US,sell,129.8178,13.4,target_rebalance,-168.4411,86,55.39259801880213,-8.83
2023-09-06,LRCX.US,buy,67.1185,55.41,signal,0.0,0,0.0,0.0
2023-11-01,LRCX.US,sell,57.8312,55.41,target_rebalance,-514.6094,56,37.55418130449882,-13.84
2023-05-05,NVDA.US,buy,34.3859,30.42,signal,0.0,0,0.0,0.0
2023-11-01,NVDA.US,sell,40.7671,30.42,target_rebalance,194.1153,180,93.0882814566379,18.56
2023-09-06,LRCX.US,buy,67.1185,106.84,signal,0.0,0,0.0,0.0
2023-11-02,LRCX.US,sell,60.7214,106.84,target_rebalance,-683.4622,57,38.55418130449882,-9.53
2023-05-05,NVDA.US,buy,34.3859,333.8,signal,0.0,0,0.0,0.0
2023-11-02,NVDA.US,sell,43.2041,333.8,target_rebalance,2943.51,181,94.08828145663792,25.64
2022-03-04,AVGO.US,buy,64.5116,18.61,signal,0.0,0,0.0,0.0
2023-11-03,AVGO.US,sell,85.017,18.61,target_rebalance,381.607,609,202.48103987674327,31.79
2023-09-06,LRCX.US,buy,67.1185,13890.56,signal,0.0,0,0.0,0.0
2023-11-03,LRCX.US,sell,61.375,13890.56,signal,-79780.6792,58,39.55418130449881,-8.56
2023-05-05,NVDA.US,buy,34.3859,36.49,signal,0.0,0,0.0,0.0
2023-11-03,NVDA.US,sell,43.8941,36.49,target_rebalance,346.9544,182,95.0882814566379,27.65
2023-11-03,AMD.US,buy,109.1591,99.29,signal,0.0,0,0.0,0.0
2023-11-06,AMD.US,sell,112.4874,99.29,target_rebalance,330.4714,3,1.0,3.05
2023-05-05,NVDA.US,buy,34.3859,214.13,signal,0.0,0,0.0,0.0
2023-11-06,NVDA.US,sell,45.1555,214.13,target_rebalance,2306.0917,185,96.08828145663792,31.32
2023-05-05,NVDA.US,buy,34.3859,178.3,signal,0.0,0,0.0,0.0
2023-11-07,NVDA.US,sell,45.5882,178.3,target_rebalance,1997.379,186,97.08828145663792,32.58
2022-03-04,AVGO.US,buy,64.7351,36.84,signal,0.0,0,0.0,0.0
2023-11-08,AVGO.US,sell,87.1969,36.84,target_rebalance,827.4938,614,203.32206171946325,34.7
2023-08-07,AMAT.US,buy,142.2769,8.48,signal,0.0,0,0.0,0.0
2023-11-09,AMAT.US,sell,141.4011,8.48,target_rebalance,-7.427,94,60.268994934745244,-0.62
2023-05-05,NVDA.US,buy,34.4387,209.52,signal,0.0,0,0.0,0.0
2023-11-09,NVDA.US,sell,47.3312,209.52,target_rebalance,2701.2546,188,98.64494869405519,37.44
2022-03-04,AVGO.US,buy,64.7457,44.25,signal,0.0,0,0.0,0.0
2023-11-10,AVGO.US,sell,89.3032,44.25,target_rebalance,1086.6702,616,205.2311504089431,37.93
2023-11-03,AMD.US,buy,109.2369,44.46,signal,0.0,0,0.0,0.0
2023-11-13,AMD.US,sell,118.2217,44.46,target_rebalance,399.4629,10,5.9382744273238535,8.23
2022-03-04,AVGO.US,buy,64.7457,36.42,signal,0.0,0,0.0,0.0
2023-11-13,AVGO.US,sell,92.0461,36.42,target_rebalance,994.2785,619,206.23115040894314,42.17
2023-08-07,AMAT.US,buy,142.2784,32.85,signal,0.0,0,0.0,0.0
2023-11-14,AMAT.US,sell,149.3348,32.85,target_rebalance,231.8031,99,63.24204018742348,4.96
2023-05-05,NVDA.US,buy,34.5827,119.54,signal,0.0,0,0.0,0.0
2023-11-14,NVDA.US,sell,49.5379,119.54,target_rebalance,1787.7392,193,100.59211955543294,43.24
2023-08-07,AMAT.US,buy,142.2784,13.26,signal,0.0,0,0.0,0.0
2023-11-15,AMAT.US,sell,151.228,13.26,target_rebalance,118.6712,100,64.24204018742348,6.29
2022-03-04,AVGO.US,buy,64.8787,52.26,signal,0.0,0,0.0,0.0
2023-11-15,AVGO.US,sell,94.9003,52.26,target_rebalance,1568.9284,621,207.26990455073147,46.27
2023-08-07,AMAT.US,buy,142.2784,120.02,signal,0.0,0,0.0,0.0
2023-11-16,AMAT.US,sell,151.6476,120.02,target_rebalance,1124.4878,101,65.24204018742348,6.59
2022-03-04,AVGO.US,buy,64.8787,4.85,signal,0.0,0,0.0,0.0
2023-11-16,AVGO.US,sell,93.3976,4.85,target_rebalance,138.3166,622,208.26990455073144,43.96
2023-11-03,AMD.US,buy,109.4332,252.27,signal,0.0,0,0.0,0.0
2023-11-17,AMD.US,sell,119.5204,252.27,target_rebalance,2544.6934,14,9.765838369789384,9.22
2022-03-04,AVGO.US,buy,64.8787,74.29,signal,0.0,0,0.0,0.0
2023-11-17,AVGO.US,sell,92.8367,74.29,target_rebalance,2076.9935,623,209.26990455073144,43.09
2023-05-05,NVDA.US,buy,34.7603,544.96,signal,0.0,0,0.0,0.0
2023-11-17,NVDA.US,sell,49.3824,544.96,target_rebalance,7968.4508,196,102.33020736283508,42.07
2023-08-07,AMAT.US,buy,142.0352,186.25,signal,0.0,0,0.0,0.0
2023-11-20,AMAT.US,sell,145.285,186.25,target_rebalance,605.2896,105,62.489629579593725,2.29
2023-08-07,AMAT.US,buy,142.0352,59.45,signal,0.0,0,0.0,0.0
2023-11-21,AMAT.US,sell,147.9101,59.45,target_rebalance,349.264,106,63.48962957959373,4.14
2023-05-05,NVDA.US,buy,35.0331,108.29,signal,0.0,0,0.0,0.0
2023-11-21,NVDA.US,sell,49.9826,108.29,target_rebalance,1618.8892,200,102.38747956244296,42.67
2022-03-04,AVGO.US,buy,65.0571,74.87,signal,0.0,0,0.0,0.0
2023-11-22,AVGO.US,sell,95.3053,74.87,target_rebalance,2264.6846,628,211.00452270942603,46.49
2023-11-03,AMD.US,buy,109.6516,175.49,signal,0.0,0,0.0,0.0
2023-11-24,AMD.US,sell,121.908,175.49,target_rebalance,2150.8647,21,13.53759352272507,11.18
2023-08-07,AMAT.US,buy,142.0456,12.25,signal,0.0,0,0.0,0.0
2023-11-27,AMAT.US,sell,146.2035,12.25,target_rebalance,50.9343,112,66.33045555221074,2.93
2023-11-03,AMD.US,buy,109.6516,23.87,signal,0.0,0,0.0,0.0
2023-11-27,AMD.US,sell,121.9479,23.87,target_rebalance,293.5126,24,14.53759352272507,11.21
2022-03-04,AVGO.US,buy,65.0571,27.48,signal,0.0,0,0.0,0.0
2023-11-27,AVGO.US,sell,94.5748,27.48,target_rebalance,811.1466,633,213.00452270942608,45.37
2023-08-07,AMAT.US,buy,142.0456,41.26,signal,0.0,0,0.0,0.0
2023-11-28,AMAT.US,sell,146.0666,41.26,target_rebalance,165.9065,113,67.33045555221074,2.83
2023-11-03,AMD.US,buy,109.6516,50.99,signal,0.0,0,0.0,0.0
2023-11-28,AMD.US,sell,121.858,50.99,target_rebalance,622.4039,25,15.537593522725071,11.13
2023-05-05,NVDA.US,buy,35.4829,282.28,signal,0.0,0,0.0,0.0
2023-11-28,NVDA.US,sell,48.098,282.28,target_rebalance,3560.9995,207,102.84547981001536,35.55
2023-11-03,AMD.US,buy,109.6516,59.78,signal,0.0,0,0.0,0.0
2023-11-29,AMD.US,sell,123.856,59.78,target_rebalance,849.1386,26,16.53759352272507,12.95
2023-08-07,AMAT.US,buy,142.0484,21.23,signal,0.0,0,0.0,0.0
2023-11-30,AMAT.US,sell,147.0935,21.23,target_rebalance,107.1064,115,69.29342633958154,3.55
2023-11-03,AMD.US,buy,109.6516,9.19,signal,0.0,0,0.0,0.0
2023-11-30,AMD.US,sell,123.4864,9.19,target_rebalance,127.1414,27,17.537593522725068,12.62
2023-08-07,AMAT.US,buy,142.0484,101.22,signal,0.0,0,0.0,0.0
2023-12-01,AMAT.US,sell,146.2622,101.22,target_rebalance,426.5201,116,70.29342633958154,2.97
2023-08-07,AMAT.US,buy,142.0484,34.71,signal,0.0,0,0.0,0.0
2023-12-04,AMAT.US,sell,146.7316,34.71,target_rebalance,162.5532,119,71.29342633958156,3.3
2022-03-04,AVGO.US,buy,65.8698,1.86,signal,0.0,0,0.0,0.0
2023-12-04,AVGO.US,sell,89.1967,1.86,target_rebalance,43.388,640,211.36049099448022,35.41
2023-08-07,AMAT.US,buy,142.0484,6227.62,signal,0.0,0,0.0,0.0
2023-12-05,AMAT.US,sell,143.299,6227.62,signal,7788.3724,120,72.29342633958154,0.88
2022-03-04,AVGO.US,buy,65.8698,66.9,signal,0.0,0,0.0,0.0
2023-12-05,AVGO.US,sell,88.3208,66.9,target_rebalance,1501.9746,641,212.36049099448022,34.08
2023-05-05,NVDA.US,buy,35.7509,22.97,signal,0.0,0,0.0,0.0
2023-12-05,NVDA.US,sell,45.3399,22.97,target_rebalance,220.2591,214,105.3428689408175,26.82
2023-11-03,AMD.US,buy,109.7378,21.89,signal,0.0,0,0.0,0.0
2023-12-06,AMD.US,sell,120.5693,21.89,target_rebalance,237.1007,33,21.37116403669032,9.87
2023-05-05,NVDA.US,buy,35.7509,299.68,signal,0.0,0,0.0,0.0
2023-12-06,NVDA.US,sell,47.0841,299.68,target_rebalance,3396.3166,215,106.34286894081751,31.7
2023-11-03,AMD.US,buy,109.7378,111.21,signal,0.0,0,0.0,0.0
2023-12-07,AMD.US,sell,120.6692,111.21,target_rebalance,1215.6767,34,22.37116403669032,9.96
2023-12-05,LRCX.US,buy,68.0656,47.76,signal,0.0,0,0.0,0.0
2023-12-07,LRCX.US,sell,68.5893,47.76,target_rebalance,25.0122,2,1.9954971998824178,0.77
2023-11-03,AMD.US,buy,109.7378,314.41,signal,0.0,0,0.0,0.0
2023-12-08,AMD.US,sell,129.4105,314.41,target_rebalance,6185.2634,35,23.371164036690324,17.93
2022-03-04,AVGO.US,buy,66.2455,111.63,signal,0.0,0,0.0,0.0
2023-12-11,AVGO.US,sell,92.7204,111.63,target_rebalance,2955.3969,647,212.92650284798205,39.96
2022-03-04,AVGO.US,buy,66.2455,490.67,signal,0.0,0,0.0,0.0
2023-12-12,AVGO.US,sell,99.5973,490.67,target_rebalance,16364.7634,648,213.92650284798202,50.35
2023-12-05,LRCX.US,buy,68.0784,134.08,signal,0.0,0,0.0,0.0
2023-12-12,LRCX.US,sell,71.695,134.08,target_rebalance,484.9151,7,4.894650563497341,5.31
2023-11-03,AMD.US,buy,110.1237,87.13,signal,0.0,0,0.0,0.0
2023-12-13,AMD.US,sell,137.832,87.13,target_rebalance,2414.2282,40,25.931570972882945,25.16
2022-03-04,AVGO.US,buy,66.2455,94.99,signal,0.0,0,0.0,0.0
2023-12-13,AVGO.US,sell,103.4737,94.99,target_rebalance,3536.3117,649,214.92650284798208,56.2
2023-05-05,NVDA.US,buy,36.509,71.95,signal,0.0,0,0.0,0.0
2023-12-13,NVDA.US,sell,47.497,71.95,target_rebalance,790.5804,222,103.2362800028693,30.1
2022-03-04,AVGO.US,buy,66.2455,84.27,signal,0.0,0,0.0,0.0
2023-12-14,AVGO.US,sell,105.8164,84.27,target_rebalance,3334.6432,650,215.92650284798205,59.73
2023-05-05,NVDA.US,buy,36.509,46.97,signal,0.0,0,0.0,0.0
2023-12-14,NVDA.US,sell,48.2558,46.97,target_rebalance,551.7467,223,104.2362800028693,32.18
2023-12-05,LRCX.US,buy,68.192,357.35,signal,0.0,0,0.0,0.0
2023-12-15,LRCX.US,sell,75.2485,357.35,target_rebalance,2521.6352,10,7.716858705152672,10.35
2022-03-04,AVGO.US,buy,66.471,75.31,signal,0.0,0,0.0,0.0
2023-12-18,AVGO.US,sell,108.5893,75.31,target_rebalance,3171.926,654,216.70566528567883,63.36
2023-05-05,NVDA.US,buy,36.6535,200.55,signal,0.0,0,0.0,0.0
2023-12-18,NVDA.US,sell,49.263,200.55,target_rebalance,2528.8406,227,104.93092115073829,34.4
2022-03-04,AVGO.US,buy,66.471,184.09,signal,0.0,0,0.0,0.0
2023-12-19,AVGO.US,sell,111.152,184.09,target_rebalance,8225.3252,655,217.70566528567883,67.22
2023-11-03,AMD.US,buy,111.1165,9.42,signal,0.0,0,0.0,0.0
2023-12-20,AMD.US,sell,138.861,9.42,target_rebalance,261.3535,47,29.950390634523096,24.97
2023-05-05,NVDA.US,buy,36.6708,59.34,signal,0.0,0,0.0,0.0
2023-12-20,NVDA.US,sell,49.5173,59.34,target_rebalance,762.3134,229,106.78721353705451,35.03
2022-03-04,AVGO.US,buy,66.735,15.56,signal,0.0,0,0.0,0.0
2023-12-21,AVGO.US,sell,110.242,15.56,target_rebalance,676.9687,657,218.39345173921834,65.19
2023-12-05,LRCX.US,buy,68.2777,136.99,signal,0.0,0,0.0,0.0
2023-12-21,LRCX.US,sell,76.1454,136.99,target_rebalance,1077.7875,16,11.609923994654322,11.52
2023-11-03,AMD.US,buy,111.1302,76.07,signal,0.0,0,0.0,0.0
2023-12-22,AMD.US,sell,140.3395,76.07,target_rebalance,2221.9493,49,31.93469334318777,26.28
2023-05-05,NVDA.US,buy,36.8085,26.4,signal,0.0,0,0.0,0.0
2023-12-22,NVDA.US,sell,49.0586,26.4,target_rebalance,323.4024,231,107.56062322514093,33.28
2023-12-05,LRCX.US,buy,68.314,89.79,signal,0.0,0,0.0,0.0
2023-12-26,LRCX.US,sell,76.5894,89.79,target_rebalance,743.0477,21,13.551750785880524,12.11
2023-11-03,AMD.US,buy,111.1355,90.28,signal,0.0,0,0.0,0.0
2023-12-27,AMD.US,sell,144.5753,90.28,target_rebalance,3018.9473,54,33.9287881481825,30.09
2023-12-05,LRCX.US,buy,68.314,23.94,signal,0.0,0,0.0,0.0
2023-12-27,LRCX.US,sell,78.1505,23.94,target_rebalance,235.4848,22,14.551750785880522,14.4
2023-11-03,AMD.US,buy,111.1355,82.86,signal,0.0,0,0.0,0.0
2023-12-28,AMD.US,sell,146.6532,82.86,target_rebalance,2943.0004,55,34.9287881481825,31.96
2023-11-03,AMD.US,buy,111.1355,131.02,signal,0.0,0,0.0,0.0
2023-12-29,AMD.US,sell,149.3505,131.02,target_rebalance,5006.9349,56,35.9287881481825,34.39
2023-05-05,NVDA.US,buy,36.9273,30.91,signal,0.0,0,0.0,0.0
2023-12-29,NVDA.US,sell,49.6749,30.91,target_rebalance,394.0287,238,110.5262528944939,34.52
2023-05-05,NVDA.US,buy,36.9273,268.85,signal,0.0,0,0.0,0.0
2024-01-02,NVDA.US,sell,49.1075,268.85,target_rebalance,3274.644,242,111.52625289449391,32.98
2022-03-04,AVGO.US,buy,68.2351,182.16,signal,0.0,0,0.0,0.0
2024-01-03,AVGO.US,sell,104.1636,182.16,target_rebalance,6544.7499,670,217.66970678234705,52.65
2023-05-05,NVDA.US,buy,36.9273,100.85,signal,0.0,0,0.0,0.0
2024-01-03,NVDA.US,sell,47.3533,100.85,target_rebalance,1051.4687,243,112.52625289449388,28.23
2023-05-05,NVDA.US,buy,36.9273,250.37,signal,0.0,0,0.0,0.0
2024-01-04,NVDA.US,sell,47.6346,250.37,target_rebalance,2680.7826,244,113.52625289449391,29.0
2023-11-03,AMD.US,buy,112.0302,48.92,signal,0.0,0,0.0,0.0
2024-01-05,AMD.US,sell,136.6432,48.92,target_rebalance,1204.067,63,38.67087757996377,21.97
2023-12-05,LRCX.US,buy,68.4836,5.72,signal,0.0,0,0.0,0.0
2024-01-05,LRCX.US,sell,71.8486,5.72,target_rebalance,19.2473,31,20.112456371392025,4.91
2023-05-05,NVDA.US,buy,36.9273,99.83,signal,0.0,0,0.0,0.0
2024-01-05,NVDA.US,sell,48.3276,99.83,target_rebalance,1138.098,245,114.52625289449391,30.87
2023-11-03,AMD.US,buy,112.0302,89.61,signal,0.0,0,0.0,0.0
2024-01-08,AMD.US,sell,140.2196,89.61,target_rebalance,2526.0524,66,39.670877579963765,25.16
2023-05-05,NVDA.US,buy,36.9273,163.29,signal,0.0,0,0.0,0.0
2024-01-08,NVDA.US,sell,49.3747,163.29,target_rebalance,2032.5433,248,115.5262528944939,33.71
2023-11-03,AMD.US,buy,112.0302,69.6,signal,0.0,0,0.0,0.0
2024-01-09,AMD.US,sell,145.804,69.6,target_rebalance,2350.6571,67,40.670877579963765,30.15
2023-05-05,NVDA.US,buy,36.9273,553.07,signal,0.0,0,0.0,0.0
2024-01-09,NVDA.US,sell,52.2557,553.07,target_rebalance,8477.7007,249,116.52625289449391,41.51
2023-11-03,AMD.US,buy,112.0302,66.92,signal,0.0,0,0.0,0.0
2024-01-10,AMD.US,sell,149.9199,66.92,target_rebalance,2535.5787,68,41.670877579963765,33.82
2023-05-05,NVDA.US,buy,36.9273,89.32,signal,0.0,0,0.0,0.0
2024-01-10,NVDA.US,sell,53.4674,89.32,target_rebalance,1477.3592,250,117.52625289449391,44.79
2023-05-05,NVDA.US,buy,36.9273,434.27,signal,0.0,0,0.0,0.0
2024-01-11,NVDA.US,sell,54.8465,434.27,target_rebalance,7781.7844,251,118.5262528944939,48.53
2022-03-04,AVGO.US,buy,70.068,161.43,signal,0.0,0,0.0,0.0
2024-01-12,AVGO.US,sell,108.2418,161.43,target_rebalance,6162.3896,679,213.18075528236218,54.48
2023-12-05,LRCX.US,buy,68.6775,76.18,signal,0.0,0,0.0,0.0
2024-01-12,LRCX.US,sell,74.4073,76.18,target_rebalance,436.4927,38,24.17719356800139,8.34
2023-11-03,AMD.US,buy,112.8381,71.62,signal,0.0,0,0.0,0.0
2024-01-16,AMD.US,sell,150.2096,71.62,target_rebalance,2676.5476,74,43.71336877697282,33.12
2023-05-05,NVDA.US,buy,37.1443,32.33,signal,0.0,0,0.0,0.0
2024-01-16,NVDA.US,sell,54.8655,32.33,target_rebalance,572.9239,256,119.05634505222878,47.71
2023-11-03,AMD.US,buy,112.8381,247.2,signal,0.0,0,0.0,0.0
2024-01-17,AMD.US,sell,158.2915,247.2,target_rebalance,11236.0846,75,44.71336877697282,40.28
2023-05-05,NVDA.US,buy,37.1443,127.9,signal,0.0,0,0.0,0.0
2024-01-17,NVDA.US,sell,56.1908,127.9,target_rebalance,2436.0396,257,120.05634505222876,51.28
2023-11-03,AMD.US,buy,112.8381,139.07,signal,0.0,0,0.0,0.0
2024-01-18,AMD.US,sell,166.0338,139.07,target_rebalance,7397.9214,76,45.713368776972814,47.14
2023-12-05,LRCX.US,buy,68.8268,10.66,signal,0.0,0,0.0,0.0
2024-01-18,LRCX.US,sell,75.8911,10.66,target_rebalance,75.3053,44,26.428942222590134,10.26
2022-03-04,AVGO.US,buy,71.3882,98.2,signal,0.0,0,0.0,0.0
2024-01-19,AVGO.US,sell,112.6422,98.2,target_rebalance,4051.1349,686,209.77609881890186,57.79
2023-12-05,LRCX.US,buy,68.8268,179.15,signal,0.0,0,0.0,0.0
2024-01-19,LRCX.US,sell,78.1192,179.15,target_rebalance,1664.7344,45,27.428942222590138,13.5
2023-11-03,AMD.US,buy,113.7445,39.88,signal,0.0,0,0.0,0.0
2024-01-22,AMD.US,sell,174.2156,39.88,target_rebalance,2411.5897,80,46.91646886712873,53.16
2022-03-04,AVGO.US,buy,71.3882,70.49,signal,0.0,0,0.0,0.0
2024-01-22,AVGO.US,sell,118.3788,70.49,target_rebalance,3312.3677,689,210.77609881890183,65.82
2022-03-04,AVGO.US,buy,71.3882,160.83,signal,0.0,0,0.0,0.0
2024-01-23,AVGO.US,sell,118.8412,160.83,target_rebalance,7631.8542,690,211.77609881890183,66.47
2023-12-05,LRCX.US,buy,68.8678,157.04,signal,0.0,0,0.0,0.0
2024-01-23,LRCX.US,sell,81.1444,157.04,target_rebalance,1927.9276,49,29.335193199143486,17.83
2023-05-05,NVDA.US,buy,37.593,42.63,signal,0.0,0,0.0,0.0
2024-01-23,NVDA.US,sell,59.4048,42.63,target_rebalance,929.8369,263,121.47927318390471,58.02
2023-11-03,AMD.US,buy,115.4188,81.1,signal,0.0,0,0.0,0.0
2024-01-24,AMD.US,sell,172.3775,81.1,target_rebalance,4619.3446,82,47.400464613373224,49.35
2023-12-05,LRCX.US,buy,68.8678,30.48,signal,0.0,0,0.0,0.0
2024-01-24,LRCX.US,sell,83.1388,30.48,target_rebalance,434.9805,50,30.33519319914349,20.72
2023-11-03,AMD.US,buy,115.4188,154.2,signal,0.0,0,0.0,0.0
2024-01-25,AMD.US,sell,183.2266,154.2,target_rebalance,10455.9576,83,48.40046461337322,58.75
2023-12-05,LRCX.US,buy,68.9617,86.99,signal,0.0,0,0.0,0.0
2024-01-26,LRCX.US,sell,83.4323,86.99,target_rebalance,1258.7902,52,32.162852339093114,20.98
2023-05-05,NVDA.US,buy,37.9048,223.95,signal,0.0,0,0.0,0.0
2024-01-26,NVDA.US,sell,60.791,223.95,target_rebalance,5125.3506,266,122.84855171643224,60.38
2023-11-03,AMD.US,buy,115.8712,120.8,signal,0.0,0,0.0,0.0
2024-01-29,AMD.US,sell,178.5912,120.8,target_rebalance,7576.5823,87,50.02831068835575,54.13
2023-05-05,NVDA.US,buy,37.9048,88.36,signal,0.0,0,0.0,0.0
2024-01-29,NVDA.US,sell,61.0622,88.36,target_rebalance,2046.186,269,123.84855171643221,61.09
2023-05-05,NVDA.US,buy,37.9048,428.6,signal,0.0,0,0.0,0.0
2024-01-30,NVDA.US,sell,62.7256,428.6,target_rebalance,10638.1812,270,124.84855171643223,65.48
2022-03-04,AVGO.US,buy,72.9263,74.81,signal,0.0,0,0.0,0.0
2024-01-31,AVGO.US,sell,115.7704,74.81,target_rebalance,3205.1671,698,211.06231738788566,58.75
2023-12-05,LRCX.US,buy,69.199,124.58,signal,0.0,0,0.0,0.0
2024-01-31,LRCX.US,sell,80.4001,124.58,target_rebalance,1395.4425,57,34.55500973466568,16.19
2023-05-05,NVDA.US,buy,37.9048,165.09,signal,0.0,0,0.0,0.0
2024-01-31,NVDA.US,sell,61.2696,165.09,target_rebalance,3857.2945,271,125.84855171643221,61.64
2023-11-03,AMD.US,buy,118.3332,61.45,signal,0.0,0,0.0,0.0
2024-02-01,AMD.US,sell,169.1007,61.45,target_rebalance,3119.6652,90,50.672037824777426,42.9
2023-12-05,LRCX.US,buy,69.199,22.28,signal,0.0,0,0.0,0.0
2024-02-01,LRCX.US,sell,81.3636,22.28,target_rebalance,271.0273,58,35.55500973466568,17.58
2023-05-05,NVDA.US,buy,37.9048,5.65,signal,0.0,0,0.0,0.0
2024-02-01,NVDA.US,sell,61.9278,5.65,target_rebalance,135.7298,272,126.84855171643221,63.38
2023-11-03,AMD.US,buy,118.3332,65.34,signal,0.0,0,0.0,0.0
2024-02-02,AMD.US,sell,173.6162,65.34,target_rebalance,3612.1917,91,51.67203782477742,46.72
2023-05-05,NVDA.US,buy,37.9048,242.69,signal,0.0,0,0.0,0.0
2024-02-02,NVDA.US,sell,63.7966,242.69,target_rebalance,6283.6743,273,127.84855171643223,68.31
2023-05-05,NVDA.US,buy,37.9048,628.52,signal,0.0,0,0.0,0.0
2024-02-05,NVDA.US,sell,68.0358,628.52,target_rebalance,18937.9399,276,128.8485517164322,79.49
2022-03-04,AVGO.US,buy,74.0452,196.86,signal,0.0,0,0.0,0.0
2024-02-06,AVGO.US,sell,122.9845,196.86,target_rebalance,9634.1894,704,209.7806561397649,66.09
2023-12-05,LRCX.US,buy,69.6543,95.59,signal,0.0,0,0.0,0.0
2024-02-06,LRCX.US,sell,83.4225,95.59,target_rebalance,1316.1018,63,37.19539424893402,19.77
2023-05-05,NVDA.US,buy,37.9048,219.31,signal,0.0,0,0.0,0.0
2024-02-06,NVDA.US,sell,69.437,219.31,target_rebalance,6915.3071,277,129.84855171643224,83.19
2023-12-05,LRCX.US,buy,69.6543,36.11,signal,0.0,0,0.0,0.0
2024-02-07,LRCX.US,sell,81.9377,36.11,target_rebalance,443.555,64,38.19539424893402,17.63
2023-05-05,NVDA.US,buy,37.9048,24.38,signal,0.0,0,0.0,0.0
2024-02-07,NVDA.US,sell,68.1296,24.38,target_rebalance,736.8792,278,130.84855171643224,79.74
2022-03-04,AVGO.US,buy,74.1067,62.48,signal,0.0,0,0.0,0.0
2024-02-08,AVGO.US,sell,123.3184,62.48,target_rebalance,3074.7462,706,211.50092205985007,66.41
2023-05-05,NVDA.US,buy,37.9048,127.88,signal,0.0,0,0.0,0.0
2024-02-08,NVDA.US,sell,69.8797,127.88,target_rebalance,4088.9454,279,131.84855171643224,84.36
2023-12-05,LRCX.US,buy,69.6543,345.56,signal,0.0,0,0.0,0.0
2024-02-09,LRCX.US,sell,86.0731,345.56,target_rebalance,5673.6992,66,40.195394248934015,23.57
2022-03-04,AVGO.US,buy,74.9463,39.65,signal,0.0,0,0.0,0.0
2024-02-12,AVGO.US,sell,125.558,39.65,target_rebalance,2006.752,710,209.78363733166677,67.53
2023-12-05,LRCX.US,buy,69.6543,66.24,signal,0.0,0,0.0,0.0
2024-02-12,LRCX.US,sell,88.5673,66.24,target_rebalance,1252.7983,69,41.19539424893402,27.15
2023-05-05,NVDA.US,buy,37.9048,64.58,signal,0.0,0,0.0,0.0
2024-02-12,NVDA.US,sell,72.3987,64.58,target_rebalance,2227.6141,283,133.84855171643224,91.0
2023-11-03,AMD.US,buy,122.1611,28.73,signal,0.0,0,0.0,0.0
2024-02-13,AMD.US,sell,167.7721,28.73,target_rebalance,1310.404,102,54.78706046114242,37.34
2023-05-05,NVDA.US,buy,37.9048,51.83,signal,0.0,0,0.0,0.0
2024-02-13,NVDA.US,sell,70.2048,51.83,target_rebalance,1674.1084,284,134.8485517164322,85.21
2023-12-05,LRCX.US,buy,69.6543,49.97,signal,0.0,0,0.0,0.0
2024-02-14,LRCX.US,sell,88.8734,49.97,target_rebalance,960.3815,71,43.19539424893402,27.59
2023-05-05,NVDA.US,buy,37.9048,95.02,signal,0.0,0,0.0,0.0
2024-02-14,NVDA.US,sell,72.9991,95.02,target_rebalance,3334.6537,285,135.84855171643224,92.59
2023-11-03,AMD.US,buy,122.1611,119.19,signal,0.0,0,0.0,0.0
2024-02-15,AMD.US,sell,178.9609,119.19,target_rebalance,6769.9679,104,56.78706046114242,46.5
2023-12-05,LRCX.US,buy,69.7113,317.36,signal,0.0,0,0.0,0.0
2024-02-16,LRCX.US,sell,91.9819,317.36,target_rebalance,7067.7715,73,45.07109882153495,31.95
2023-05-05,NVDA.US,buy,38.0387,11.21,signal,0.0,0,0.0,0.0
2024-02-16,NVDA.US,sell,73.8945,11.21,target_rebalance,401.9446,287,137.33858053458061,94.26
2022-03-04,AVGO.US,buy,76.7149,64.06,signal,0.0,0,0.0,0.0
2024-02-20,AVGO.US,sell,120.2875,64.06,target_rebalance,2791.2624,718,206.9288372601875,56.8
2023-12-05,LRCX.US,buy,69.7113,49.36,signal,0.0,0,0.0,0.0
2024-02-20,LRCX.US,sell,89.8799,49.36,target_rebalance,995.5207,77,46.07109882153495,28.93
2022-03-04,AVGO.US,buy,76.7149,230.24,signal,0.0,0,0.0,0.0
2024-02-21,AVGO.US,sell,118.5492,230.24,target_rebalance,9631.9277,719,207.92883726018752,54.53
2023-12-05,LRCX.US,buy,69.7113,142.27,signal,0.0,0,0.0,0.0
2024-02-21,LRCX.US,sell,87.5422,142.27,target_rebalance,2536.8022,78,47.07109882153495,25.58
2023-05-05,NVDA.US,buy,38.6607,611.84,signal,0.0,0,0.0,0.0
2024-02-22,NVDA.US,sell,74.817,611.84,target_rebalance,22121.868,293,137.45861224236816,93.52
2023-11-03,AMD.US,buy,123.6214,51.13,signal,0.0,0,0.0,0.0
2024-02-23,AMD.US,sell,181.6781,51.13,target_rebalance,2968.4421,112,59.95340529592144,46.96
2023-05-05,NVDA.US,buy,38.6607,584.69,signal,0.0,0,0.0,0.0
2024-02-23,NVDA.US,sell,80.566,584.69,target_rebalance,24501.6161,294,138.45861224236816,108.39
2022-03-04,AVGO.US,buy,78.1345,99.48,signal,0.0,0,0.0,0.0
2024-02-26,AVGO.US,sell,127.5036,99.48,target_rebalance,4911.237,724,204.98569930059682,63.18
2022-03-04,AVGO.US,buy,78.1345,36.78,signal,0.0,0,0.0,0.0
2024-02-27,AVGO.US,sell,127.4189,36.78,target_rebalance,1812.6807,725,205.9856993005968,63.08
2023-12-05,LRCX.US,buy,70.6891,90.73,signal,0.0,0,0.0,0.0
2024-02-27,LRCX.US,sell,91.9789,90.73,target_rebalance,1931.6232,84,48.93772468075308,30.12
2023-11-03,AMD.US,buy,124.5217,107.91,signal,0.0,0,0.0,0.0
2024-02-28,AMD.US,sell,176.0737,107.91,target_rebalance,5562.982,117,61.912165192739,41.4
2022-03-04,AVGO.US,buy,78.1345,19.94,signal,0.0,0,0.0,0.0
2024-02-28,AVGO.US,sell,125.849,19.94,target_rebalance,951.4262,726,206.98569930059682,61.07
2023-11-03,AMD.US,buy,124.5217,25.16,signal,0.0,0,0.0,0.0
2024-02-29,AMD.US,sell,179.6402,25.16,target_rebalance,1386.7812,118,62.912165192739,44.26
2023-12-05,LRCX.US,buy,70.8543,29.99,signal,0.0,0,0.0,0.0
2024-02-29,LRCX.US,sell,91.5965,29.99,target_rebalance,622.0578,86,50.5082497490252,29.27
2023-05-05,NVDA.US,buy,39.0345,1.51,signal,0.0,0,0.0,0.0
2024-02-29,NVDA.US,sell,78.8747,1.51,target_rebalance,60.1588,300,141.11392581356964,102.06
2023-11-03,AMD.US,buy,124.5217,454.55,signal,0.0,0,0.0,0.0
2024-03-01,AMD.US,sell,197.7121,454.55,target_rebalance,33268.6946,119,63.912165192738996,58.78
2022-03-04,AVGO.US,buy,79.2989,80.44,signal,0.0,0,0.0,0.0
2024-03-04,AVGO.US,sell,136.57,80.44,target_rebalance,4606.8913,731,205.17790805006572,72.22
2023-05-05,NVDA.US,buy,39.8581,20.63,signal,0.0,0,0.0,0.0
2024-03-04,NVDA.US,sell,83.8967,20.63,target_rebalance,908.5171,304,140.25230732922972,110.49
2022-03-04,AVGO.US,buy,79.2989,34.3,signal,0.0,0,0.0,0.0
2024-03-05,AVGO.US,sell,135.7767,34.3,target_rebalance,1937.1913,732,206.17790805006572,71.22
2023-05-05,NVDA.US,buy,39.8581,390.2,signal,0.0,0,0.0,0.0
2024-03-05,NVDA.US,sell,85.0376,390.2,target_rebalance,17629.0381,305,141.25230732922972,113.35
2023-11-03,AMD.US,buy,126.3063,180.87,signal,0.0,0,0.0,0.0
2024-03-06,AMD.US,sell,210.2196,180.87,target_rebalance,15177.3881,124,65.41344965718828,66.44
2023-05-05,NVDA.US,buy,39.8581,181.66,signal,0.0,0,0.0,0.0
2024-03-06,NVDA.US,sell,87.7821,181.66,target_rebalance,8705.87,306,142.25230732922972,120.24
2023-11-03,AMD.US,buy,126.3063,0.42,signal,0.0,0,0.0,0.0
2024-03-07,AMD.US,sell,212.3075,0.42,target_rebalance,36.1205,125,66.41344965718828,68.09
2023-12-05,LRCX.US,buy,71.9663,11.21,signal,0.0,0,0.0,0.0
2024-03-07,LRCX.US,sell,96.7354,11.21,target_rebalance,277.662,93,52.98246538727733,34.42
2023-05-05,NVDA.US,buy,39.8581,238.17,signal,0.0,0,0.0,0.0
2024-03-07,NVDA.US,sell,89.9123,238.17,target_rebalance,11921.4001,307,143.25230732922972,125.58
2023-05-05,NVDA.US,buy,39.8581,592.21,signal,0.0,0,0.0,0.0
2024-03-08,NVDA.US,sell,94.8787,592.21,target_rebalance,32583.7403,308,144.25230732922972,138.04
2023-11-03,AMD.US,buy,127.3048,128.91,signal,0.0,0,0.0,0.0
2024-03-11,AMD.US,sell,202.807,128.91,target_rebalance,9732.9806,129,67.6425345151178,59.31
2023-12-05,LRCX.US,buy,72.2668,262.87,signal,0.0,0,0.0,0.0
2024-03-11,LRCX.US,sell,92.2459,262.87,target_rebalance,5251.9111,97,54.341952148424966,27.65
2022-03-04,AVGO.US,buy,82.6036,173.79,signal,0.0,0,0.0,0.0
2024-03-12,AVGO.US,sell,127.2116,173.79,target_rebalance,7752.4325,739,198.22527075310967,54.0
2023-05-05,NVDA.US,buy,40.9552,186.9,signal,0.0,0,0.0,0.0
2024-03-12,NVDA.US,sell,87.809,186.9,target_rebalance,8756.9706,312,142.82574011680407,114.4
2023-05-05,NVDA.US,buy,40.9552,497.68,signal,0.0,0,0.0,0.0
2024-03-13,NVDA.US,sell,90.8068,497.68,target_rebalance,24810.1295,313,143.8257401168041,121.72
2023-12-05,LRCX.US,buy,72.4851,187.02,signal,0.0,0,0.0,0.0
2024-03-14,LRCX.US,sell,91.5466,187.02,target_rebalance,3564.8799,100,56.71971036274885,26.3
2022-03-04,AVGO.US,buy,83.4131,198.01,signal,0.0,0,0.0,0.0
2024-03-15,AVGO.US,sell,122.0005,198.01,target_rebalance,7640.6918,742,197.4312786007566,46.26
2023-11-03,AMD.US,buy,130.9974,133.69,signal,0.0,0,0.0,0.0
2024-03-18,AMD.US,sell,193.0967,133.69,target_rebalance,8302.0554,136,68.75243153151916,47.4
2023-05-05,NVDA.US,buy,41.0363,195.05,signal,0.0,0,0.0,0.0
2024-03-18,NVDA.US,sell,90.1416,195.05,target_rebalance,9577.9914,318,146.568223442396,119.66
2022-03-04,AVGO.US,buy,84.2672,14.26,signal,0.0,0,0.0,0.0
2024-03-19,AVGO.US,sell,118.447,14.26,target_rebalance,487.403,746,195.07247407499193,40.56
2023-12-05,LRCX.US,buy,72.64,339.57,signal,0.0,0,0.0,0.0
2024-03-19,LRCX.US,sell,89.5901,339.57,target_rebalance,5755.7499,105,59.21750094953046,23.33
2022-03-04,AVGO.US,buy,84.2672,71.62,signal,0.0,0,0.0,0.0
2024-03-20,AVGO.US,sell,121.1086,71.62,target_rebalance,2638.5828,747,196.07247407499196,43.72
2023-05-05,NVDA.US,buy,41.3293,267.27,signal,0.0,0,0.0,0.0
2024-03-20,NVDA.US,sell,89.5522,267.27,target_rebalance,12888.5402,320,147.62004233992076,116.68
2022-03-04,AVGO.US,buy,84.2672,285.51,signal,0.0,0,0.0,0.0
2024-03-21,AVGO.US,sell,129.8373,285.51,target_rebalance,13010.7205,748,197.07247407499196,54.08
2023-12-05,LRCX.US,buy,72.6571,204.3,signal,0.0,0,0.0,0.0
2024-03-21,LRCX.US,sell,96.3643,204.3,target_rebalance,4843.3886,107,61.161275753379535,32.63
2022-03-04,AVGO.US,buy,84.2672,292.64,signal,0.0,0,0.0,0.0
2024-03-22,AVGO.US,sell,131.9564,292.64,target_rebalance,13955.7713,749,198.07247407499196,56.59
2023-12-05,LRCX.US,buy,72.6571,180.1,signal,0.0,0,0.0,0.0
2024-03-22,LRCX.US,sell,96.5261,180.1,target_rebalance,4298.8001,108,62.16127575337953,32.85
2022-03-04,AVGO.US,buy,84.2672,14.42,signal,0.0,0,0.0,0.0
2024-03-25,AVGO.US,sell,131.4707,14.42,target_rebalance,680.6736,752,199.07247407499193,56.02
2023-05-05,NVDA.US,buy,42.1912,515.66,signal,0.0,0,0.0,0.0
2024-03-25,NVDA.US,sell,93.6849,515.66,target_rebalance,26553.2642,325,148.09370683182843,122.05
2023-11-03,AMD.US,buy,136.5943,107.56,signal,0.0,0,0.0,0.0
2024-03-26,AMD.US,sell,179.3605,107.56,target_rebalance,4599.926,144,66.53896523383216,31.31
2023-11-03,AMD.US,buy,136.5943,109.09,signal,0.0,0,0.0,0.0
2024-03-27,AMD.US,sell,179.78,109.09,target_rebalance,4711.1316,145,67.53896523383216,31.62
2023-12-05,LRCX.US,buy,73.0939,19.52,signal,0.0,0,0.0,0.0
2024-03-27,LRCX.US,sell,95.3567,19.52,target_rebalance,434.5693,113,63.91475304932262,30.46
2023-11-03,AMD.US,buy,136.5943,111.58,signal,0.0,0,0.0,0.0
2024-03-28,AMD.US,sell,179.2905,111.58,target_rebalance,4764.044,146,68.53896523383214,31.26
2023-12-05,LRCX.US,buy,73.0939,145.25,signal,0.0,0,0.0,0.0
2024-03-28,LRCX.US,sell,94.6843,145.25,target_rebalance,3135.9991,114,64.91475304932261,29.54
2023-12-05,LRCX.US,buy,73.0939,23.68,signal,0.0,0,0.0,0.0
2024-04-01,LRCX.US,sell,95.2792,23.68,target_rebalance,525.3487,118,65.91475304932263,30.35
2023-11-03,AMD.US,buy,136.5943,34.94,signal,0.0,0,0.0,0.0
2024-04-02,AMD.US,sell,179.2905,34.94,target_rebalance,1491.8058,151,70.53896523383216,31.26
2022-03-04,AVGO.US,buy,84.8767,9.0,signal,0.0,0,0.0,0.0
2024-04-02,AVGO.US,sell,128.6126,9.0,target_rebalance,393.6228,760,201.4598164665221,51.53
2023-12-05,LRCX.US,buy,73.0939,58.54,signal,0.0,0,0.0,0.0
2024-04-02,LRCX.US,sell,94.7862,58.54,target_rebalance,1269.8667,119,66.91475304932263,29.68
2022-03-04,AVGO.US,buy,84.8767,118.4,signal,0.0,0,0.0,0.0
2024-04-03,AVGO.US,sell,129.806,118.4,target_rebalance,5319.6347,761,202.45981646652208,52.93
2022-03-04,AVGO.US,buy,84.8767,121.96,signal,0.0,0,0.0,0.0
2024-04-04,AVGO.US,sell,135.4088,121.96,target_rebalance,6162.8994,762,203.4598164665221,59.54
2022-03-04,AVGO.US,buy,84.8767,46.73,signal,0.0,0,0.0,0.0
2024-04-05,AVGO.US,sell,129.6106,46.73,target_rebalance,2090.4139,763,204.45981646652214,52.7
2023-12-05,LRCX.US,buy,73.1313,286.25,signal,0.0,0,0.0,0.0
2024-04-05,LRCX.US,sell,94.6784,286.25,target_rebalance,6167.8615,122,69.79604948616492,29.46
2023-05-05,NVDA.US,buy,44.8333,99.22,signal,0.0,0,0.0,0.0
2024-04-05,NVDA.US,sell,86.6292,99.22,target_rebalance,4146.9888,336,147.82558888890267,93.23
2023-05-05,NVDA.US,buy,44.8333,191.54,signal,0.0,0,0.0,0.0
2024-04-08,NVDA.US,sell,88.4582,191.54,target_rebalance,8355.908,339,148.82558888890267,97.3
2023-11-03,AMD.US,buy,138.3108,37.27,signal,0.0,0,0.0,0.0
2024-04-09,AMD.US,sell,170.0398,37.27,target_rebalance,1182.54,158,71.75011410470162,22.94
2022-03-04,AVGO.US,buy,84.9275,109.23,signal,0.0,0,0.0,0.0
2024-04-09,AVGO.US,sell,132.6768,109.23,target_rebalance,5215.6551,767,206.231343137286,56.22
2023-12-05,LRCX.US,buy,73.1313,8.15,signal,0.0,0,0.0,0.0
2024-04-09,LRCX.US,sell,96.0909,8.15,target_rebalance,187.1206,126,71.79604948616493,31.4
2023-11-03,AMD.US,buy,138.3108,51.95,signal,0.0,0,0.0,0.0
2024-04-10,AMD.US,sell,166.5433,51.95,target_rebalance,1466.6787,159,72.75011410470164,20.41
2022-03-04,AVGO.US,buy,84.9275,15.1,signal,0.0,0,0.0,0.0
2024-04-10,AVGO.US,sell,129.3173,15.1,target_rebalance,670.2852,768,207.23134313728596,52.27
2023-12-05,LRCX.US,buy,73.1313,74.13,signal,0.0,0,0.0,0.0
2024-04-10,LRCX.US,sell,94.0001,74.13,target_rebalance,1547.0048,127,72.79604948616492,28.54
2023-05-05,NVDA.US,buy,46.1097,391.29,signal,0.0,0,0.0,0.0
2024-04-11,NVDA.US,sell,87.1817,391.29,target_rebalance,16071.0851,342,147.14542158136047,89.07
2022-03-04,AVGO.US,buy,85.1666,75.29,signal,0.0,0,0.0,0.0
2024-04-12,AVGO.US,sell,132.1529,75.29,target_rebalance,3537.5993,770,208.13963222990344,55.17
2023-05-05,NVDA.US,buy,46.1097,322.45,signal,0.0,0,0.0,0.0
2024-04-12,NVDA.US,sell,89.4545,322.45,target_rebalance,13976.5469,343,148.1454215813605,94.0
2022-03-04,AVGO.US,buy,85.1666,89.08,signal,0.0,0,0.0,0.0
2024-04-15,AVGO.US,sell,133.9114,89.08,target_rebalance,4342.1838,773,209.13963222990344,57.23
2023-12-05,LRCX.US,buy,73.4226,95.66,signal,0.0,0,0.0,0.0
2024-04-15,LRCX.US,sell,95.6566,95.66,target_rebalance,2126.9055,132,74.7900527275904,30.28
2023-11-03,AMD.US,buy,139.275,106.81,signal,0.0,0,0.0,0.0
2024-04-16,AMD.US,sell,162.1177,106.81,target_rebalance,2439.8345,165,74.08117454875779,16.4
2022-03-04,AVGO.US,buy,85.6411,57.19,signal,0.0,0,0.0,0.0
2024-04-17,AVGO.US,sell,131.283,57.19,target_rebalance,2610.2616,775,208.8562103130842,53.29
2023-05-05,NVDA.US,buy,46.6186,100.41,signal,0.0,0,0.0,0.0
2024-04-17,NVDA.US,sell,88.0992,100.41,target_rebalance,4165.0717,348,149.3504515894155,88.98
2022-03-04,AVGO.US,buy,85.6411,21.54,signal,0.0,0,0.0,0.0
2024-04-18,AVGO.US,sell,125.8962,21.54,target_rebalance,867.0964,776,209.85621031308418,47.0
2023-05-05,NVDA.US,buy,46.6186,79.11,signal,0.0,0,0.0,0.0
2024-04-18,NVDA.US,sell,84.7384,79.11,target_rebalance,3015.6597,349,150.3504515894155,81.77
2023-12-05,LRCX.US,buy,73.6317,51.4,signal,0.0,0,0.0,0.0
2024-04-19,LRCX.US,sell,87.7228,51.4,target_rebalance,724.2841,136,77.98256778864501,19.14
2023-11-03,AMD.US,buy,139.5019,69.27,signal,0.0,0,0.0,0.0
2024-04-22,AMD.US,sell,148.0018,69.27,target_rebalance,588.7879,171,76.98862328737663,6.09
2022-03-04,AVGO.US,buy,85.6411,39.56,signal,0.0,0,0.0,0.0
2024-04-22,AVGO.US,sell,119.6894,39.56,target_rebalance,1346.9512,780,211.85621031308418,39.76
2023-12-05,LRCX.US,buy,73.6317,178.65,signal,0.0,0,0.0,0.0
2024-04-22,LRCX.US,sell,85.9055,178.65,target_rebalance,2192.7143,139,78.982567788645,16.67
2023-11-03,AMD.US,buy,139.5019,67.53,signal,0.0,0,0.0,0.0
2024-04-23,AMD.US,sell,151.4983,67.53,target_rebalance,810.1167,172,77.98862328737661,8.6
2023-05-05,NVDA.US,buy,47.4843,258.33,signal,0.0,0,0.0,0.0
2024-04-23,NVDA.US,sell,80.5488,258.33,target_rebalance,8541.5747,354,149.15392317045124,69.63
2023-05-05,NVDA.US,buy,47.4843,93.76,signal,0.0,0,0.0,0.0
2024-04-24,NVDA.US,sell,83.7212,93.76,target_rebalance,3397.5727,355,150.15392317045126,76.31
2022-03-04,AVGO.US,buy,86.1492,309.65,signal,0.0,0,0.0,0.0
2024-04-25,AVGO.US,sell,124.3763,309.65,target_rebalance,11837.0045,783,211.816205071709,44.37
2023-12-05,LRCX.US,buy,73.7762,367.48,signal,0.0,0,0.0,0.0
2024-04-25,LRCX.US,sell,89.1333,367.48,target_rebalance,5643.454,142,81.06573790123231,20.82
2023-11-03,AMD.US,buy,139.7199,31.66,signal,0.0,0,0.0,0.0
2024-04-26,AMD.US,sell,154.0858,31.66,target_rebalance,454.8229,175,79.20905665882165,10.28
2022-03-04,AVGO.US,buy,86.1492,12.52,signal,0.0,0,0.0,0.0
2024-04-26,AVGO.US,sell,128.0466,12.52,target_rebalance,524.5554,784,212.816205071709,48.63
2023-05-05,NVDA.US,buy,48.581,497.45,signal,0.0,0,0.0,0.0
2024-04-26,NVDA.US,sell,83.5896,497.45,target_rebalance,17414.9869,357,146.86181146145088,72.06
2023-05-05,NVDA.US,buy,48.581,201.47,signal,0.0,0,0.0,0.0
2024-04-29,NVDA.US,sell,87.3562,201.47,target_rebalance,7812.0396,360,147.86181146145086,79.82
2023-11-03,AMD.US,buy,139.7199,86.32,signal,0.0,0,0.0,0.0
2024-04-30,AMD.US,sell,160.4694,86.32,target_rebalance,1791.0936,179,81.20905665882164,14.85
2023-12-05,LRCX.US,buy,74.4087,19.33,signal,0.0,0,0.0,0.0
2024-04-30,LRCX.US,sell,90.5576,19.33,target_rebalance,312.1577,147,80.54527653260341,21.7
2022-03-04,AVGO.US,buy,86.7732,63.48,signal,0.0,0,0.0,0.0
2024-05-01,AVGO.US,sell,124.951,63.48,target_rebalance,2423.5291,789,212.7991431421502,44.0
2023-12-05,LRCX.US,buy,74.4087,25.89,signal,0.0,0,0.0,0.0
2024-05-01,LRCX.US,sell,86.5603,25.89,target_rebalance,314.6045,148,81.54527653260341,16.33
2023-05-05,NVDA.US,buy,48.6308,305.59,signal,0.0,0,0.0,0.0
2024-05-01,NVDA.US,sell,84.8451,305.59,target_rebalance,11066.7331,362,149.6699250578834,74.47
2023-12-05,LRCX.US,buy,74.4087,131.16,signal,0.0,0,0.0,0.0
2024-05-02,LRCX.US,sell,86.3603,131.16,target_rebalance,1567.5732,149,82.54527653260342,16.06
2023-05-05,NVDA.US,buy,48.6308,56.27,signal,0.0,0,0.0,0.0
2024-05-02,NVDA.US,sell,84.2188,56.27,target_rebalance,2002.5379,363,150.6699250578834,73.18
2023-05-05,NVDA.US,buy,48.6308,276.39,signal,0.0,0,0.0,0.0
2024-05-03,NVDA.US,sell,87.5497,276.39,target_rebalance,10756.8,364,151.66992505788343,80.03
2023-11-03,AMD.US,buy,140.0285,60.03,signal,0.0,0,0.0,0.0
2024-05-06,AMD.US,sell,152.9469,60.03,target_rebalance,775.4926,185,82.06603888660756,9.23
2023-11-03,AMD.US,buy,140.0285,16.82,signal,0.0,0,0.0,0.0
2024-05-07,AMD.US,sell,156.1637,16.82,target_rebalance,271.394,186,83.06603888660756,11.52
2022-03-04,AVGO.US,buy,87.595,24.76,signal,0.0,0,0.0,0.0
2024-05-07,AVGO.US,sell,128.6761,24.76,target_rebalance,1017.1673,795,211.966816567666,46.9
2023-12-05,LRCX.US,buy,74.438,14904.48,signal,0.0,0,0.0,0.0
2024-05-07,LRCX.US,sell,90.9252,14904.48,signal,245733.3318,154,85.38565311188512,22.15
2022-03-04,AVGO.US,buy,87.595,2.21,signal,0.0,0,0.0,0.0
2024-05-08,AVGO.US,sell,126.4338,2.21,target_rebalance,85.8338,796,212.966816567666,44.34
2024-05-07,MU.US,buy,119.414,3.08,signal,0.0,0,0.0,0.0
2024-05-08,MU.US,sell,117.3405,3.08,target_rebalance,-6.3866,1,1.0,-1.74
2022-03-04,AVGO.US,buy,87.595,99.53,signal,0.0,0,0.0,0.0
2024-05-09,AVGO.US,sell,128.812,99.53,target_rebalance,4102.3222,797,213.96681656766603,47.05
2023-05-05,NVDA.US,buy,48.6921,6.2,signal,0.0,0,0.0,0.0
2024-05-09,NVDA.US,sell,90.2822,6.2,target_rebalance,257.859,370,155.4398845729324,85.41
2023-11-03,AMD.US,buy,140.1609,28.86,signal,0.0,0,0.0,0.0
2024-05-10,AMD.US,sell,154.1357,28.86,target_rebalance,403.3131,189,85.2163099055002,9.97
2024-05-07,MU.US,buy,119.414,35.62,signal,0.0,0,0.0,0.0
2024-05-10,MU.US,sell,119.0664,35.62,target_rebalance,-12.3847,3,3.0,-0.29
2022-03-04,AVGO.US,buy,87.685,155.06,signal,0.0,0,0.0,0.0
2024-05-13,AVGO.US,sell,131.761,155.06,target_rebalance,6834.4094,801,215.4973889702667,50.27
2024-05-07,MU.US,buy,119.414,181.69,signal,0.0,0,0.0,0.0
2024-05-13,MU.US,sell,121.9329,181.69,target_rebalance,457.6532,6,4.0,2.11
2024-05-07,MU.US,buy,119.414,79.04,signal,0.0,0,0.0,0.0
2024-05-14,MU.US,sell,121.9924,79.04,target_rebalance,203.7944,7,5.0,2.16
2023-11-03,AMD.US,buy,140.4438,12.51,signal,0.0,0,0.0,0.0
2024-05-15,AMD.US,sell,155.4344,12.51,target_rebalance,187.5331,194,86.0524590144933,10.67
2022-03-04,AVGO.US,buy,87.8175,19.3,signal,0.0,0,0.0,0.0
2024-05-15,AVGO.US,sell,134.8888,19.3,target_rebalance,908.4763,803,216.82749187510268,53.6
2023-11-03,AMD.US,buy,140.4438,66.81,signal,0.0,0,0.0,0.0
2024-05-16,AMD.US,sell,160.7591,66.81,target_rebalance,1357.2668,195,87.05245901449328,14.47
2022-03-04,AVGO.US,buy,87.8175,67.76,signal,0.0,0,0.0,0.0
2024-05-16,AVGO.US,sell,139.3851,67.76,target_rebalance,3494.2214,804,217.8274918751027,58.72
2023-11-03,AMD.US,buy,140.4438,325.37,signal,0.0,0,0.0,0.0
2024-05-17,AMD.US,sell,168.2616,325.37,target_rebalance,9051.0804,196,88.05245901449331,19.81
2023-05-05,NVDA.US,buy,49.8138,39.97,signal,0.0,0,0.0,0.0
2024-05-20,NVDA.US,sell,93.4945,39.97,target_rebalance,1745.9164,381,158.34527938077235,87.69
2022-03-04,AVGO.US,buy,88.6513,82.57,signal,0.0,0,0.0,0.0
2024-05-21,AVGO.US,sell,136.7147,82.57,target_rebalance,3968.5906,809,217.2114038604437,54.22
2023-05-05,NVDA.US,buy,49.8138,97.44,signal,0.0,0,0.0,0.0
2024-05-21,NVDA.US,sell,93.3439,97.44,target_rebalance,4241.5706,382,159.34527938077235,87.39
2023-11-03,AMD.US,buy,140.5799,17.22,signal,0.0,0,0.0,0.0
2024-05-22,AMD.US,sell,167.2426,17.22,target_rebalance,459.131,201,90.56337243830721,18.97
2024-05-07,MU.US,buy,119.6273,113.65,signal,0.0,0,0.0,0.0
2024-05-22,MU.US,sell,126.7535,113.65,target_rebalance,809.8893,15,10.71509058512921,5.96
2023-05-05,NVDA.US,buy,49.8138,46.97,signal,0.0,0,0.0,0.0
2024-05-22,NVDA.US,sell,95.1988,46.97,target_rebalance,2131.7339,383,160.34527938077235,91.11
2023-05-05,NVDA.US,buy,49.8138,486.77,signal,0.0,0,0.0,0.0
2024-05-23,NVDA.US,sell,101.7499,486.77,target_rebalance,25280.9432,384,161.34527938077235,104.26
2023-05-05,NVDA.US,buy,49.8138,617.86,signal,0.0,0,0.0,0.0
2024-05-24,NVDA.US,sell,104.1643,617.86,target_rebalance,33581.0069,385,162.34527938077233,109.11
2023-11-03,AMD.US,buy,141.7167,105.09,signal,0.0,0,0.0,0.0
2024-05-28,AMD.US,sell,169.2506,105.09,target_rebalance,2893.5353,207,89.14525856343288,19.43
2023-05-05,NVDA.US,buy,49.8138,268.03,signal,0.0,0,0.0,0.0
2024-05-28,NVDA.US,sell,109.9435,268.03,target_rebalance,16116.5688,389,163.34527938077235,120.71
2023-05-05,NVDA.US,buy,49.8138,367.47,signal,0.0,0,0.0,0.0
2024-05-29,NVDA.US,sell,112.7419,367.47,target_rebalance,23124.1761,390,164.34527938077235,126.33
2023-05-05,NVDA.US,buy,49.8138,172.49,signal,0.0,0,0.0,0.0
2024-05-30,NVDA.US,sell,114.3375,172.49,target_rebalance,11129.6944,391,165.34527938077233,129.53
2023-11-03,AMD.US,buy,141.9192,83.46,signal,0.0,0,0.0,0.0
2024-05-31,AMD.US,sell,166.4833,83.46,target_rebalance,2050.1272,210,91.44090229999449,17.31
2022-03-04,AVGO.US,buy,92.2831,26.91,signal,0.0,0,0.0,0.0
2024-05-31,AVGO.US,sell,133.0668,26.91,target_rebalance,1097.4916,819,207.7426899749236,44.19
2023-11-03,AMD.US,buy,141.9192,126.93,signal,0.0,0,0.0,0.0
2024-06-03,AMD.US,sell,170.6492,126.93,target_rebalance,3646.703,213,92.44090229999449,20.24
2024-05-07,MU.US,buy,119.9525,18.11,signal,0.0,0,0.0,0.0
2024-06-03,MU.US,sell,127.0907,18.11,target_rebalance,129.2727,27,17.131424815917327,5.95
2024-05-07,MU.US,buy,119.9525,99.75,signal,0.0,0,0.0,0.0
2024-06-04,MU.US,sell,126.317,99.75,target_rebalance,634.8601,28,18.131424815917324,5.31
2023-05-05,NVDA.US,buy,49.8274,403.38,signal,0.0,0,0.0,0.0
2024-06-04,NVDA.US,sell,115.4006,403.38,target_rebalance,26450.9119,396,168.3095323584881,131.6
2022-03-04,AVGO.US,buy,93.2248,59.27,signal,0.0,0,0.0,0.0
2024-06-05,AVGO.US,sell,131.5654,59.27,target_rebalance,2272.4494,824,205.68582651768617,41.13
2023-05-05,NVDA.US,buy,49.8274,136.54,signal,0.0,0,0.0,0.0
2024-06-05,NVDA.US,sell,118.0484,136.54,target_rebalance,9314.8895,397,169.30953235848813,136.91
2023-11-03,AMD.US,buy,142.896,9281.33,signal,0.0,0,0.0,0.0
2024-06-06,AMD.US,sell,165.2945,9281.33,signal,207887.9968,216,91.03800505207187,15.67
2022-03-04,AVGO.US,buy,93.2248,169.76,signal,0.0,0,0.0,0.0
2024-06-06,AVGO.US,sell,138.9814,169.76,target_rebalance,7767.64,825,206.68582651768617,49.08
2023-05-05,NVDA.US,buy,49.8274,88.38,signal,0.0,0,0.0,0.0
2024-06-06,NVDA.US,sell,123.7099,88.38,target_rebalance,6529.7324,398,170.30953235848813,148.28
2024-06-06,AMAT.US,buy,217.981,176.64,signal,0.0,0,0.0,0.0
2024-06-07,AMAT.US,sell,220.0382,176.64,target_rebalance,363.39,1,1.0,0.94
2022-03-04,AVGO.US,buy,93.2248,62.15,signal,0.0,0,0.0,0.0
2024-06-07,AVGO.US,sell,137.6042,62.15,target_rebalance,2758.1786,826,207.68582651768622,47.6
2022-03-04,AVGO.US,buy,93.2248,64.69,signal,0.0,0,0.0,0.0
2024-06-10,AVGO.US,sell,137.8016,64.69,target_rebalance,2883.6751,829,208.68582651768617,47.82
2023-05-05,NVDA.US,buy,51.0467,94.39,signal,0.0,0,0.0,0.0
2024-06-10,NVDA.US,sell,120.0419,94.39,target_rebalance,6512.4575,402,169.31941606225186,135.16
2024-06-06,AMAT.US,buy,217.9543,36.15,signal,0.0,0,0.0,0.0
2024-06-11,AMAT.US,sell,223.0413,36.15,target_rebalance,183.8926,5,2.972350360036004,2.33
2024-05-07,MU.US,buy,120.0683,167.08,signal,0.0,0,0.0,0.0
2024-06-11,MU.US,sell,134.2224,167.08,target_rebalance,2364.8597,35,22.874719982872488,11.79
2022-03-04,AVGO.US,buy,93.4523,185.92,signal,0.0,0,0.0,0.0
2024-06-12,AVGO.US,sell,146.6183,185.92,target_rebalance,9884.6157,831,209.68434711393064,56.89
2022-03-04,AVGO.US,buy,93.4523,820.45,signal,0.0,0,0.0,0.0
2024-06-13,AVGO.US,sell,167.1448,820.45,target_rebalance,60461.0367,832,210.68434711393064,78.86
2024-06-06,AMAT.US,buy,218.4865,77.77,signal,0.0,0,0.0,0.0
2024-06-14,AMAT.US,sell,229.7245,77.77,target_rebalance,873.9841,8,5.701506629776494,5.14
2023-05-05,NVDA.US,buy,53.1329,47.69,signal,0.0,0,0.0,0.0
2024-06-14,NVDA.US,sell,129.6164,47.69,target_rebalance,3647.4968,406,168.37297478588147,143.95
2022-03-04,AVGO.US,buy,94.1944,321.69,signal,0.0,0,0.0,0.0
2024-06-17,AVGO.US,sell,175.9419,321.69,target_rebalance,26297.3688,836,210.49533380768187,86.79
2024-06-06,AMAT.US,buy,218.7432,36.31,signal,0.0,0,0.0,0.0
2024-06-18,AMAT.US,sell,238.2627,36.31,target_rebalance,708.7516,12,7.5807167518757215,8.92
2022-03-04,AVGO.US,buy,94.1944,30.81,signal,0.0,0,0.0,0.0
2024-06-18,AVGO.US,sell,179.8117,30.81,target_rebalance,2637.8687,837,211.49533380768187,90.89
2024-05-07,MU.US,buy,120.761,249.56,signal,0.0,0,0.0,0.0
2024-06-18,MU.US,sell,150.5092,249.56,target_rebalance,7423.9635,42,27.079650062826843,24.63
2024-05-07,MU.US,buy,120.761,119.16,signal,0.0,0,0.0,0.0
2024-06-20,MU.US,sell,155.7365,119.16,target_rebalance,4167.6774,44,28.079650062826836,28.96
2023-05-05,NVDA.US,buy,56.1108,507.44,signal,0.0,0,0.0,0.0
2024-06-20,NVDA.US,sell,139.4304,507.44,target_rebalance,42279.7052,412,164.8919683887858,148.49
2024-06-06,AMAT.US,buy,218.8596,309.03,signal,0.0,0,0.0,0.0
2024-06-21,AMAT.US,sell,233.8857,309.03,target_rebalance,4643.5012,15,9.539353513724057,6.87
2022-03-04,AVGO.US,buy,97.5773,164.28,signal,0.0,0,0.0,0.0
2024-06-21,AVGO.US,sell,165.7431,164.28,target_rebalance,11198.2777,840,204.77536978168672,69.86
2024-05-07,MU.US,buy,121.5436,530.7,signal,0.0,0,0.0,0.0
2024-06-24,MU.US,sell,141.2847,530.7,target_rebalance,10476.6048,48,28.66145047712872,16.24
2024-06-06,AMAT.US,buy,218.9509,46.0,signal,0.0,0,0.0,0.0
2024-06-25,AMAT.US,sell,226.7411,46.0,target_rebalance,358.3497,19,11.445621032585592,3.56
2024-05-07,MU.US,buy,121.5436,23.51,signal,0.0,0,0.0,0.0
2024-06-26,MU.US,sell,141.8798,23.51,target_rebalance,478.105,50,30.66145047712872,16.73
2023-05-05,NVDA.US,buy,58.328,255.14,signal,0.0,0,0.0,0.0
2024-06-26,NVDA.US,sell,125.7965,255.14,target_rebalance,17213.9348,418,163.51316257549175,115.67
2024-06-06,AMAT.US,buy,218.9509,168.47,signal,0.0,0,0.0,0.0
2024-06-27,AMAT.US,sell,233.0809,168.47,target_rebalance,2380.4798,21,13.44562103258559,6.45
2022-03-04,AVGO.US,buy,100.2551,99.72,signal,0.0,0,0.0,0.0
2024-06-27,AVGO.US,sell,156.105,99.72,target_rebalance,5569.3478,846,199.6788957435091,55.71
2022-03-04,AVGO.US,buy,100.2551,90.18,signal,0.0,0,0.0,0.0
2024-06-28,AVGO.US,sell,156.4854,90.18,target_rebalance,5070.8496,847,200.67889574350914,56.09
2023-05-05,NVDA.US,buy,58.328,114.98,signal,0.0,0,0.0,0.0
2024-06-28,NVDA.US,sell,124.2506,114.98,target_rebalance,7579.7899,420,165.51316257549175,113.02
2024-06-06,AMAT.US,buy,218.963,52.55,signal,0.0,0,0.0,0.0
2024-07-01,AMAT.US,sell,232.4528,52.55,target_rebalance,708.8926,25,15.431650274760312,6.16
2022-03-04,AVGO.US,buy,100.2551,111.97,signal,0.0,0,0.0,0.0
2024-07-01,AVGO.US,sell,157.6935,111.97,target_rebalance,6431.3725,850,201.67889574350912,57.29
2022-03-04,AVGO.US,buy,100.2551,233.82,signal,0.0,0,0.0,0.0
2024-07-02,AVGO.US,sell,160.8901,233.82,target_rebalance,14177.6718,851,202.67889574350914,60.48
2024-06-06,AMAT.US,buy,219.0003,58.06,signal,0.0,0,0.0,0.0
2024-07-03,AMAT.US,sell,237.1439,58.06,target_rebalance,1053.4155,27,17.381115261723867,8.28
2022-03-04,AVGO.US,buy,100.2551,1.17,signal,0.0,0,0.0,0.0
2024-07-03,AVGO.US,sell,163.7533,1.17,target_rebalance,74.2929,852,203.67889574350912,63.34
2024-05-07,MU.US,buy,122.2865,17.98,signal,0.0,0,0.0,0.0
2024-07-03,MU.US,sell,131.584,17.98,target_rebalance,167.1696,57,33.54511302830828,7.6
2022-03-04,AVGO.US,buy,100.2551,154.63,signal,0.0,0,0.0,0.0
2024-07-05,AVGO.US,sell,172.143,154.63,target_rebalance,11116.0205,854,204.67889574350912,71.7
2023-05-05,NVDA.US,buy,60.4091,127.03,signal,0.0,0,0.0,0.0
2024-07-05,NVDA.US,sell,127.0432,127.03,target_rebalance,8464.531,427,163.98796636706206,110.3
2024-06-06,AMAT.US,buy,219.4296,71.15,signal,0.0,0,0.0,0.0
2024-07-08,AMAT.US,sell,238.5865,71.15,target_rebalance,1363.0125,32,19.016075397468203,8.73
2023-05-05,NVDA.US,buy,60.4091,259.36,signal,0.0,0,0.0,0.0
2024-07-08,NVDA.US,sell,127.1529,259.36,target_rebalance,17310.6735,430,164.98796636706206,110.49
2024-06-06,AMAT.US,buy,219.4296,7075.05,signal,0.0,0,0.0,0.0
2024-07-09,AMAT.US,sell,243.3855,7075.05,signal,169489.0869,33,20.0160753974682,10.92
2022-03-04,AVGO.US,buy,100.8403,91.27,signal,0.0,0,0.0,0.0
2024-07-09,AVGO.US,sell,172.241,91.27,target_rebalance,6516.7462,858,204.8895990842714,70.81
2023-05-05,NVDA.US,buy,60.4091,46.27,signal,0.0,0,0.0,0.0
2024-07-09,NVDA.US,sell,130.0054,46.27,target_rebalance,3220.2196,431,165.98796636706206,115.21
2024-05-07,MU.US,buy,122.6189,5.76,signal,0.0,0,0.0,0.0
2024-07-10,MU.US,sell,132.1359,5.76,target_rebalance,54.8181,64,36.178251557316194,7.76
2023-05-05,NVDA.US,buy,60.4091,263.05,signal,0.0,0,0.0,0.0
2024-07-10,NVDA.US,sell,133.6757,263.05,target_rebalance,19272.7614,432,166.98796636706209,121.28
2024-05-07,MU.US,buy,122.6189,80.61,signal,0.0,0,0.0,0.0
2024-07-11,MU.US,sell,135.3723,80.61,target_rebalance,1028.052,65,37.178251557316194,10.4
2024-07-09,TSM.US,buy,183.5588,48.86,signal,0.0,0,0.0,0.0
2024-07-11,TSM.US,sell,188.0606,48.86,target_rebalance,219.9573,2,1.9932768227421915,2.45
2022-03-04,AVGO.US,buy,102.1976,105.87,signal,0.0,0,0.0,0.0
2024-07-12,AVGO.US,sell,167.7766,105.87,target_rebalance,6942.8413,861,203.96919964634412,64.17
2024-05-07,MU.US,buy,122.6189,115.85,signal,0.0,0,0.0,0.0
2024-07-12,MU.US,sell,130.7957,115.85,target_rebalance,947.2817,66,38.178251557316194,6.67
2024-05-07,MU.US,buy,122.6189,24.53,signal,0.0,0,0.0,0.0
2024-07-15,MU.US,sell,132.94,24.53,target_rebalance,253.1776,69,39.178251557316194,8.42
2023-05-05,NVDA.US,buy,61.5569,18.6,signal,0.0,0,0.0,0.0
2024-07-15,NVDA.US,sell,130.2148,18.6,target_rebalance,1277.0373,437,167.1894124768134,111.54
2024-07-09,TSM.US,buy,183.5199,129.85,signal,0.0,0,0.0,0.0
2024-07-15,TSM.US,sell,183.7654,129.85,target_rebalance,31.8842,6,3.9695185981187553,0.13
2022-03-04,AVGO.US,buy,103.4069,199.05,signal,0.0,0,0.0,0.0
2024-07-16,AVGO.US,sell,169.0483,199.05,target_rebalance,13065.932,865,202.14608626704938,63.48
2024-07-09,TSM.US,buy,183.5199,50.14,signal,0.0,0,0.0,0.0
2024-07-16,TSM.US,sell,183.3661,50.14,target_rebalance,-7.711,7,4.969518598118755,-0.08
2022-03-04,AVGO.US,buy,103.4069,17.86,signal,0.0,0,0.0,0.0
2024-07-17,AVGO.US,sell,159.1545,17.86,target_rebalance,995.6525,866,203.14608626704938,53.91
2023-05-05,NVDA.US,buy,62.01,43.69,signal,0.0,0,0.0,0.0
2024-07-17,NVDA.US,sell,121.0292,43.69,target_rebalance,2578.5487,439,168.0486553967683,95.18
2023-05-05,NVDA.US,buy,62.01,159.53,signal,0.0,0,0.0,0.0
2024-07-18,NVDA.US,sell,121.5278,159.53,target_rebalance,9494.8862,440,169.04865539676828,95.98
2024-07-09,TSM.US,buy,183.4232,71.1,signal,0.0,0,0.0,0.0
2024-07-18,TSM.US,sell,170.9287,71.1,target_rebalance,-888.3583,9,6.923436002716734,-6.81
2022-03-04,AVGO.US,buy,103.9971,317.41,signal,0.0,0,0.0,0.0
2024-07-19,AVGO.US,sell,158.6936,317.41,target_rebalance,17361.2379,868,202.86014096230758,52.59
2023-05-05,NVDA.US,buy,62.01,38.49,signal,0.0,0,0.0,0.0
2024-07-19,NVDA.US,sell,120.0318,38.49,target_rebalance,2233.261,441,170.04865539676828,93.57
2023-05-05,NVDA.US,buy,62.01,117.67,signal,0.0,0,0.0,0.0
2024-07-22,NVDA.US,sell,120.0318,117.67,target_rebalance,6827.431,444,171.04865539676828,93.57
2023-05-05,NVDA.US,buy,62.01,142.26,signal,0.0,0,0.0,0.0
2024-07-23,NVDA.US,sell,122.4554,142.26,target_rebalance,8598.9641,445,172.04865539676828,97.48
2024-07-09,TSM.US,buy,182.9453,55.32,signal,0.0,0,0.0,0.0
2024-07-23,TSM.US,sell,165.0071,55.32,target_rebalance,-992.3408,14,9.717327376672792,-9.81
2022-03-04,AVGO.US,buy,104.3578,191.25,signal,0.0,0,0.0,0.0
2024-07-24,AVGO.US,sell,157.2326,191.25,target_rebalance,10112.3073,873,204.4813700345765,50.67
2024-05-07,MU.US,buy,122.3742,53.34,signal,0.0,0,0.0,0.0
2024-07-25,MU.US,sell,106.0264,53.34,target_rebalance,-871.9918,79,44.40529597294465,-13.36
2024-07-09,TSM.US,buy,182.8996,35.9,signal,0.0,0,0.0,0.0
2024-07-25,TSM.US,sell,154.0404,35.9,target_rebalance,-1036.0468,16,11.694921318156059,-15.78
2024-05-07,MU.US,buy,122.3742,31.65,signal,0.0,0,0.0,0.0
2024-07-26,MU.US,sell,109.2032,31.65,target_rebalance,-416.8622,80,45.40529597294464,-10.76
2024-07-09,TSM.US,buy,182.8996,102.18,signal,0.0,0,0.0,0.0
2024-07-26,TSM.US,sell,160.0205,102.18,target_rebalance,-2337.7945,17,12.694921318156055,-12.51
2024-05-07,MU.US,buy,122.3742,188.74,signal,0.0,0,0.0,0.0
2024-07-29,MU.US,sell,109.7393,188.74,target_rebalance,-2384.7091,83,46.40529597294464,-10.32
2022-03-04,AVGO.US,buy,105.3014,155.93,signal,0.0,0,0.0,0.0
2024-07-30,AVGO.US,sell,150.3001,155.93,target_rebalance,7016.6415,879,204.21606526597884,42.73
2023-05-05,NVDA.US,buy,63.6624,41.28,signal,0.0,0,0.0,0.0
2024-07-31,NVDA.US,sell,112.6015,41.28,target_rebalance,2020.2082,453,172.4571728658159,76.87
2024-07-09,TSM.US,buy,182.8152,106.13,signal,0.0,0,0.0,0.0
2024-07-31,TSM.US,sell,159.5043,106.13,target_rebalance,-2473.9876,22,15.647782933398005,-12.75
2022-03-04,AVGO.US,buy,106.0367,231.61,signal,0.0,0,0.0,0.0
2024-08-01,AVGO.US,sell,154.438,231.61,target_rebalance,11210.2392,881,202.74906344780067,45.65
2023-05-05,NVDA.US,buy,63.6624,346.49,signal,0.0,0,0.0,0.0
2024-08-01,NVDA.US,sell,117.2193,346.49,target_rebalance,18556.9297,454,173.45717286581592,84.13
2024-07-09,TSM.US,buy,182.5094,188.19,signal,0.0,0,0.0,0.0
2024-08-02,TSM.US,sell,147.3104,188.19,target_rebalance,-6624.1058,24,17.42907148739862,-19.29
2022-03-04,AVGO.US,buy,106.1067,144.14,signal,0.0,0,0.0,0.0
2024-08-05,AVGO.US,sell,127.0902,144.14,target_rebalance,3024.5573,885,204.32167148192897,19.78
2024-05-07,MU.US,buy,121.7621,60.9,signal,0.0,0,0.0,0.0
2024-08-05,MU.US,sell,86.9953,60.9,target_rebalance,-2117.3027,90,49.477587473400355,-28.55
2022-03-04,AVGO.US,buy,106.1067,32.0,signal,0.0,0,0.0,0.0
2024-08-06,AVGO.US,sell,138.9746,32.0,target_rebalance,1051.7708,886,205.32167148192897,30.98
2023-05-05,NVDA.US,buy,64.8825,421.48,signal,0.0,0,0.0,0.0
2024-08-06,NVDA.US,sell,103.5655,421.48,target_rebalance,16304.1131,459,170.52504247958015,59.62
2024-07-09,TSM.US,buy,181.8699,263.92,signal,0.0,0,0.0,0.0
2024-08-06,TSM.US,sell,146.5215,263.92,target_rebalance,-9329.1575,28,19.20188014248764,-19.44
2024-07-09,TSM.US,buy,181.8699,195.09,signal,0.0,0,0.0,0.0
2024-08-07,TSM.US,sell,157.3421,195.09,target_rebalance,-4785.1281,29,20.20188014248764,-13.49
2024-07-09,TSM.US,buy,181.8699,246.74,signal,0.0,0,0.0,0.0
2024-08-08,TSM.US,sell,155.1215,246.74,target_rebalance,-6599.9057,30,21.201880142487642,-14.71
2024-05-07,MU.US,buy,119.1863,15.53,signal,0.0,0,0.0,0.0
2024-08-09,MU.US,sell,91.1251,15.53,target_rebalance,-435.7903,94,49.50424551339607,-23.54
2024-07-09,TSM.US,buy,181.8699,82.39,signal,0.0,0,0.0,0.0
2024-08-09,TSM.US,sell,161.9879,82.39,target_rebalance,-1638.0812,31,22.201880142487642,-10.93
2022-03-04,AVGO.US,buy,106.8532,129.04,signal,0.0,0,0.0,0.0
2024-08-12,AVGO.US,sell,145.2012,129.04,target_rebalance,4948.4185,892,204.91183244103783,35.89
2024-05-07,MU.US,buy,119.1863,44.44,signal,0.0,0,0.0,0.0
2024-08-12,MU.US,sell,92.4256,44.44,target_rebalance,-1189.245,97,50.50424551339606,-22.45
2024-05-07,MU.US,buy,119.1863,79.17,signal,0.0,0,0.0,0.0
2024-08-13,MU.US,sell,95.9201,79.17,target_rebalance,-1841.9832,98,51.50424551339607,-19.52
2023-05-05,NVDA.US,buy,65.918,287.61,signal,0.0,0,0.0,0.0
2024-08-13,NVDA.US,sell,112.1427,287.61,target_rebalance,13294.7053,466,171.0391014645948,70.12
2024-05-07,MU.US,buy,119.1863,63.76,signal,0.0,0,0.0,0.0
2024-08-14,MU.US,sell,100.2684,63.76,target_rebalance,-1206.2062,99,52.50424551339607,-15.87
2023-05-05,NVDA.US,buy,65.918,161.87,signal,0.0,0,0.0,0.0
2024-08-14,NVDA.US,sell,118.2166,161.87,target_rebalance,8465.5838,467,172.0391014645948,79.34
2022-03-04,AVGO.US,buy,107.134,70.63,signal,0.0,0,0.0,0.0
2024-08-15,AVGO.US,sell,158.0661,70.63,target_rebalance,3597.333,895,206.5367923251064,47.54
2024-05-07,MU.US,buy,119.1863,181.95,signal,0.0,0,0.0,0.0
2024-08-15,MU.US,sell,102.7602,181.95,target_rebalance,-2988.7271,100,53.50424551339607,-13.78
2024-05-07,MU.US,buy,119.1863,159.37,signal,0.0,0,0.0,0.0
2024-08-16,MU.US,sell,106.0562,159.37,target_rebalance,-2092.5504,101,54.504245513396064,-11.02
2023-05-05,NVDA.US,buy,66.3588,47.08,signal,0.0,0,0.0,0.0
2024-08-16,NVDA.US,sell,121.6176,47.08,target_rebalance,2601.5838,469,172.59334917719195,83.27
2023-05-05,NVDA.US,buy,66.3588,136.89,signal,0.0,0,0.0,0.0
2024-08-19,NVDA.US,sell,123.9514,136.89,target_rebalance,7883.8509,472,173.59334917719195,86.79
2023-05-05,NVDA.US,buy,66.3588,223.25,signal,0.0,0,0.0,0.0
2024-08-20,NVDA.US,sell,128.0605,223.25,target_rebalance,13774.9029,473,174.59334917719193,92.98
2024-05-07,MU.US,buy,119.1034,131.36,signal,0.0,0,0.0,0.0
2024-08-21,MU.US,sell,107.3765,131.36,target_rebalance,-1540.4443,106,57.10884465723944,-9.85
2023-05-05,NVDA.US,buy,66.3588,50.44,signal,0.0,0,0.0,0.0
2024-08-21,NVDA.US,sell,126.9834,50.44,target_rebalance,3057.9039,474,175.59334917719195,91.36
2022-03-04,AVGO.US,buy,107.4711,145.12,signal,0.0,0,0.0,0.0
2024-08-22,AVGO.US,sell,167.5187,145.12,target_rebalance,8714.1096,902,210.26654898983523,55.87
2023-05-05,NVDA.US,buy,66.3588,38.68,signal,0.0,0,0.0,0.0
2024-08-22,NVDA.US,sell,129.6763,38.68,target_rebalance,2449.1181,475,176.59334917719195,95.42
2022-03-04,AVGO.US,buy,107.4711,0.76,signal,0.0,0,0.0,0.0
2024-08-23,AVGO.US,sell,161.8216,0.76,target_rebalance,41.3064,903,211.26654898983523,50.57
2023-05-05,NVDA.US,buy,66.3588,26.6,signal,0.0,0,0.0,0.0
2024-08-23,NVDA.US,sell,125.5272,26.6,target_rebalance,1573.8801,476,177.59334917719195,89.16
2024-07-09,TSM.US,buy,180.3244,142.46,signal,0.0,0,0.0,0.0
2024-08-23,TSM.US,sell,164.598,142.46,target_rebalance,-2240.3828,45,29.424216228832456,-8.72
2023-05-05,NVDA.US,buy,66.3588,309.85,signal,0.0,0,0.0,0.0
2024-08-26,NVDA.US,sell,129.2274,309.85,target_rebalance,19479.8387,479,178.59334917719193,94.74
2024-07-09,TSM.US,buy,180.3244,43.16,signal,0.0,0,0.0,0.0
2024-08-26,TSM.US,sell,165.9421,43.16,target_rebalance,-620.7407,48,30.424216228832456,-7.98
2024-07-09,TSM.US,buy,180.3244,105.05,signal,0.0,0,0.0,0.0
2024-08-27,TSM.US,sell,162.0853,105.05,target_rebalance,-1916.0239,49,31.424216228832456,-10.11
2023-05-05,NVDA.US,buy,66.3588,69.28,signal,0.0,0,0.0,0.0
2024-08-28,NVDA.US,sell,127.7813,69.28,target_rebalance,4255.3464,481,180.59334917719195,92.56
2024-07-09,TSM.US,buy,180.3244,103.04,signal,0.0,0,0.0,0.0
2024-08-28,TSM.US,sell,166.8576,103.04,target_rebalance,-1387.6193,50,32.42421622883246,-7.47
2022-03-04,AVGO.US,buy,108.1917,93.23,signal,0.0,0,0.0,0.0
2024-08-29,AVGO.US,sell,155.4088,93.23,target_rebalance,4402.0496,909,212.10833357939333,43.64
2024-05-07,MU.US,buy,117.8307,178.32,signal,0.0,0,0.0,0.0
2024-08-29,MU.US,sell,95.8606,178.32,target_rebalance,-3917.7102,114,58.89158224638481,-18.65
2024-07-09,TSM.US,buy,180.3244,54.15,signal,0.0,0,0.0,0.0
2024-08-29,TSM.US,sell,164.2571,54.15,target_rebalance,-870.0428,51,33.42421622883246,-8.91
2022-03-04,AVGO.US,buy,108.1917,124.73,signal,0.0,0,0.0,0.0
2024-08-30,AVGO.US,sell,157.9876,124.73,target_rebalance,6211.0465,910,213.10833357939333,46.03
2024-05-07,MU.US,buy,117.8307,5.65,signal,0.0,0,0.0,0.0
2024-08-30,MU.US,sell,96.218,5.65,target_rebalance,-122.1119,115,59.891582246384814,-18.34
2024-07-09,TSM.US,buy,180.3244,44.94,signal,0.0,0,0.0,0.0
2024-08-30,TSM.US,sell,165.6304,44.94,target_rebalance,-660.3481,52,34.42421622883246,-8.15
2022-03-04,AVGO.US,buy,108.1917,144.89,signal,0.0,0,0.0,0.0
2024-09-03,AVGO.US,sell,157.262,144.89,target_rebalance,7109.7997,914,214.10833357939333,45.35
2024-07-09,TSM.US,buy,180.3244,70.56,signal,0.0,0,0.0,0.0
2024-09-03,TSM.US,sell,163.6241,70.56,target_rebalance,-1178.3751,56,35.42421622883245,-9.26
2022-03-04,AVGO.US,buy,108.1917,20.57,signal,0.0,0,0.0,0.0
2024-09-04,AVGO.US,sell,147.378,20.57,target_rebalance,806.0617,915,215.10833357939333,36.22
2024-05-07,MU.US,buy,117.524,112.72,signal,0.0,0,0.0,0.0
2024-09-04,MU.US,sell,87.72,112.72,target_rebalance,-3359.5132,120,61.135375249884774,-25.36
2024-07-09,TSM.US,buy,180.3244,124.02,signal,0.0,0,0.0,0.0
2024-09-04,TSM.US,sell,155.1507,124.02,target_rebalance,-3122.0434,57,36.42421622883246,-13.96
2024-07-09,TSM.US,buy,180.3244,103.25,signal,0.0,0,0.0,0.0
2024-09-05,TSM.US,sell,157.3323,103.25,target_rebalance,-2373.932,58,37.42421622883246,-12.75
2024-05-07,MU.US,buy,117.4301,15664.12,signal,0.0,0,0.0,0.0
2024-09-06,MU.US,sell,88.7226,15664.12,signal,-449677.4746,122,62.940172339281,-24.45
2023-05-05,NVDA.US,buy,70.6462,294.98,signal,0.0,0,0.0,0.0
2024-09-06,NVDA.US,sell,107.7544,294.98,target_rebalance,10946.1655,490,170.18312274562223,52.53
2024-07-09,TSM.US,buy,180.3244,144.44,signal,0.0,0,0.0,0.0
2024-09-06,TSM.US,sell,160.5951,144.44,target_rebalance,-2849.7085,59,38.42421622883246,-10.94
2023-05-05,NVDA.US,buy,70.6462,10.87,signal,0.0,0,0.0,0.0
2024-09-09,NVDA.US,sell,104.6027,10.87,target_rebalance,369.1072,493,171.18312274562226,48.07
2024-07-09,TSM.US,buy,180.3244,44.24,signal,0.0,0,0.0,0.0
2024-09-09,TSM.US,sell,156.5727,44.24,target_rebalance,-1050.7776,62,39.42421622883246,-13.17
2022-03-04,AVGO.US,buy,109.8436,48.21,signal,0.0,0,0.0,0.0
2024-09-10,AVGO.US,sell,138.4745,48.21,target_rebalance,1380.2987,921,208.09199588053514,26.07
2023-05-05,NVDA.US,buy,70.6462,230.79,signal,0.0,0,0.0,0.0
2024-09-10,NVDA.US,sell,107.525,230.79,target_rebalance,8511.2479,494,172.18312274562223,52.2
2024-07-09,TSM.US,buy,180.3244,32.68,signal,0.0,0,0.0,0.0
2024-09-10,TSM.US,sell,158.6472,32.68,target_rebalance,-708.4125,63,40.42421622883246,-12.02
2024-09-06,ASML.US,buy,779.1692,1.01,signal,0.0,0,0.0,0.0
2024-09-11,ASML.US,sell,756.5797,1.01,target_rebalance,-22.8154,5,2.93851752537828,-2.9
2022-03-04,AVGO.US,buy,109.8436,246.25,signal,0.0,0,0.0,0.0
2024-09-11,AVGO.US,sell,145.5051,246.25,target_rebalance,8781.6656,922,209.09199588053514,32.47
2022-03-04,AVGO.US,buy,109.8436,98.67,signal,0.0,0,0.0,0.0
2024-09-12,AVGO.US,sell,155.0264,98.67,target_rebalance,4458.1866,923,210.0919958805351,41.13
2023-05-05,NVDA.US,buy,70.9304,138.68,signal,0.0,0,0.0,0.0
2024-09-12,NVDA.US,sell,116.5411,138.68,target_rebalance,6325.2841,496,172.91040048598242,64.3
2022-03-04,AVGO.US,buy,109.8436,295.4,signal,0.0,0,0.0,0.0
2024-09-13,AVGO.US,sell,163.4984,295.4,target_rebalance,15849.6333,924,211.0919958805351,48.85
2024-09-06,ASML.US,buy,779.4959,24.23,signal,0.0,0,0.0,0.0
2024-09-16,ASML.US,sell,794.8296,24.23,target_rebalance,371.5374,10,5.808632517660364,1.97
2023-05-05,NVDA.US,buy,71.4197,91.66,signal,0.0,0,0.0,0.0
2024-09-17,NVDA.US,sell,117.8677,91.66,target_rebalance,4257.4179,501,174.0441884152503,65.04
2024-07-09,TSM.US,buy,179.611,36.31,signal,0.0,0,0.0,0.0
2024-09-18,TSM.US,sell,164.6777,36.31,target_rebalance,-542.2295,71,44.45197611869061,-8.31
2024-09-06,ASML.US,buy,779.509,19.07,signal,0.0,0,0.0,0.0
2024-09-19,ASML.US,sell,818.1254,19.07,target_rebalance,736.4153,13,8.80327979031746,4.95
2024-07-09,TSM.US,buy,179.611,55.74,signal,0.0,0,0.0,0.0
2024-09-19,TSM.US,sell,170.4648,55.74,target_rebalance,-509.8112,72,45.45197611869061,-5.09
2022-03-04,AVGO.US,buy,109.8436,28.17,signal,0.0,0,0.0,0.0
2024-09-20,AVGO.US,sell,164.469,28.17,target_rebalance,1538.7984,931,216.0919958805351,49.73
2023-05-05,NVDA.US,buy,72.4022,39.57,signal,0.0,0,0.0,0.0
2024-09-20,NVDA.US,sell,116.7605,39.57,target_rebalance,1755.256,504,173.24522234797277,61.27
2024-07-09,TSM.US,buy,179.611,91.02,signal,0.0,0,0.0,0.0
2024-09-20,TSM.US,sell,170.9438,91.02,target_rebalance,-788.8924,73,46.45197611869061,-4.83
2022-03-04,AVGO.US,buy,109.8436,206.51,signal,0.0,0,0.0,0.0
2024-09-23,AVGO.US,sell,169.2108,206.51,target_rebalance,12259.9351,934,217.0919958805351,54.05
2024-07-09,TSM.US,buy,179.5812,139.6,signal,0.0,0,0.0,0.0
2024-09-24,TSM.US,sell,175.4698,139.6,target_rebalance,-573.9501,77,48.282677308243535,-2.29
2023-05-05,NVDA.US,buy,73.1133,322.57,signal,0.0,0,0.0,0.0
2024-09-25,NVDA.US,sell,121.7078,322.57,target_rebalance,15675.1158,509,173.42501758247374,66.46
2024-09-06,ASML.US,buy,780.299,25.16,signal,0.0,0,0.0,0.0
2024-09-26,ASML.US,sell,845.3023,25.16,target_rebalance,1635.4835,20,13.341190285113058,8.33
2023-05-05,NVDA.US,buy,73.1133,14.66,signal,0.0,0,0.0,0.0
2024-09-26,NVDA.US,sell,126.4756,14.66,target_rebalance,782.2906,510,174.42501758247369,72.99
2024-09-06,ASML.US,buy,780.299,4.96,signal,0.0,0,0.0,0.0
2024-09-27,ASML.US,sell,837.56,4.96,target_rebalance,284.0147,21,14.34119028511306,7.34
2022-03-04,AVGO.US,buy,111.4617,72.23,signal,0.0,0,0.0,0.0
2024-09-27,AVGO.US,sell,175.2808,72.23,target_rebalance,4609.6516,938,215.5843156371206,57.26
2024-09-06,ASML.US,buy,780.299,41.21,signal,0.0,0,0.0,0.0
2024-09-30,ASML.US,sell,821.9377,41.21,target_rebalance,1715.9302,24,15.34119028511306,5.34
2022-03-04,AVGO.US,buy,111.4617,44.05,signal,0.0,0,0.0,0.0
2024-09-30,AVGO.US,sell,169.0829,44.05,target_rebalance,2538.2148,941,216.58431563712062,51.7
2023-05-05,NVDA.US,buy,73.8158,214.4,signal,0.0,0,0.0,0.0
2024-10-01,NVDA.US,sell,121.4584,214.4,target_rebalance,10214.5803,515,174.87899119200898,64.54
2024-09-06,ASML.US,buy,780.4957,3.63,signal,0.0,0,0.0,0.0
2024-10-02,ASML.US,sell,806.4628,3.63,target_rebalance,94.2605,26,17.271863596195267,3.33
2024-07-09,TSM.US,buy,179.3396,99.5,signal,0.0,0,0.0,0.0
2024-10-02,TSM.US,sell,169.0767,99.5,target_rebalance,-1021.1642,85,52.492180433365455,-5.72
2023-05-05,NVDA.US,buy,74.4938,225.67,signal,0.0,0,0.0,0.0
2024-10-03,NVDA.US,sell,120.6106,225.67,target_rebalance,10407.1838,517,174.07717150020878,61.91
2022-03-04,AVGO.US,buy,112.1674,94.82,signal,0.0,0,0.0,0.0
2024-10-04,AVGO.US,sell,173.4411,94.82,target_rebalance,5809.9748,945,217.87542803932436,54.63
2023-05-05,NVDA.US,buy,74.4938,82.43,signal,0.0,0,0.0,0.0
2024-10-04,NVDA.US,sell,124.6203,82.43,target_rebalance,4131.9299,518,175.07717150020878,67.29
2023-05-05,NVDA.US,buy,74.4938,87.25,signal,0.0,0,0.0,0.0
2024-10-07,NVDA.US,sell,124.6702,87.25,target_rebalance,4377.8918,521,176.07717150020878,67.36
2024-07-09,TSM.US,buy,179.3266,132.95,signal,0.0,0,0.0,0.0
2024-10-07,TSM.US,sell,177.5227,132.95,target_rebalance,-239.8347,90,55.27889922688587,-1.01
2023-05-05,NVDA.US,buy,74.4938,274.58,signal,0.0,0,0.0,0.0
2024-10-08,NVDA.US,sell,129.9267,274.58,target_rebalance,15220.7724,522,177.0771715002088,74.41
2022-03-04,AVGO.US,buy,113.0948,9.26,signal,0.0,0,0.0,0.0
2024-10-09,AVGO.US,sell,176.3334,9.26,target_rebalance,585.59,950,217.51910788909183,55.92
2023-05-05,NVDA.US,buy,74.4938,128.22,signal,0.0,0,0.0,0.0
2024-10-09,NVDA.US,sell,133.7669,128.22,target_rebalance,7599.9952,523,178.0771715002088,79.57
2022-03-04,AVGO.US,buy,113.0948,233.46,signal,0.0,0,0.0,0.0
2024-10-10,AVGO.US,sell,180.5834,233.46,target_rebalance,15755.8869,951,218.51910788909183,59.67
2023-05-05,NVDA.US,buy,75.2031,104.36,signal,0.0,0,0.0,0.0
2024-10-11,NVDA.US,sell,133.6671,104.36,target_rebalance,6101.311,525,177.86214113976717,77.74
2024-07-09,TSM.US,buy,179.3579,45.41,signal,0.0,0,0.0,0.0
2024-10-11,TSM.US,sell,183.9451,45.41,target_rebalance,208.3054,94,58.68840144990399,2.56
2024-09-06,ASML.US,buy,782.4105,16.41,signal,0.0,0,0.0,0.0
2024-10-14,ASML.US,sell,837.6288,16.41,target_rebalance,906.132,38,23.975451672037405,7.06
2023-05-05,NVDA.US,buy,75.2031,10.88,signal,0.0,0,0.0,0.0
2024-10-14,NVDA.US,sell,136.1208,10.88,target_rebalance,662.7854,528,178.86214113976717,81.0
2024-09-06,ASML.US,buy,782.4105,20.77,signal,0.0,0,0.0,0.0
2024-10-15,ASML.US,sell,852.072,20.77,target_rebalance,1446.8702,39,24.9754516720374,8.9
2023-05-05,NVDA.US,buy,75.2031,45.23,signal,0.0,0,0.0,0.0
2024-10-15,NVDA.US,sell,137.5173,45.23,target_rebalance,2818.4705,529,179.86214113976717,82.86
2024-07-09,TSM.US,buy,179.3756,33.39,signal,0.0,0,0.0,0.0
2024-10-15,TSM.US,sell,188.6276,33.39,target_rebalance,308.9247,98,60.54498299156845,5.16
2022-03-04,AVGO.US,buy,115.8004,416.61,signal,0.0,0,0.0,0.0
2024-10-16,AVGO.US,sell,175.6153,416.61,target_rebalance,24919.4844,957,213.41597017678544,51.65
2023-05-05,NVDA.US,buy,75.2031,378.85,signal,0.0,0,0.0,0.0
2024-10-16,NVDA.US,sell,133.6372,378.85,target_rebalance,22137.7684,530,180.86214113976717,77.7
2024-07-09,TSM.US,buy,179.3756,377.48,signal,0.0,0,0.0,0.0
2024-10-16,TSM.US,sell,185.519,377.48,target_rebalance,2319.0268,99,61.54498299156846,3.42
2023-05-05,NVDA.US,buy,75.2031,166.22,signal,0.0,0,0.0,0.0
2024-10-17,NVDA.US,sell,138.9835,166.22,target_rebalance,10601.5819,531,181.86214113976717,84.81
2024-07-09,TSM.US,buy,179.3756,362.77,signal,0.0,0,0.0,0.0
2024-10-17,TSM.US,sell,198.7843,362.77,target_rebalance,7040.9153,100,62.54498299156847,10.82
2024-09-06,ASML.US,buy,767.45,49.52,signal,0.0,0,0.0,0.0
2024-10-18,ASML.US,sell,705.1343,49.52,target_rebalance,-3085.8764,42,23.495637116484964,-8.12
2024-07-09,TSM.US,buy,179.3756,4.82,signal,0.0,0,0.0,0.0
2024-10-18,TSM.US,sell,201.326,4.82,target_rebalance,105.8008,101,63.54498299156845,12.24
2024-09-06,ASML.US,buy,767.45,40.35,signal,0.0,0,0.0,0.0
2024-10-21,ASML.US,sell,711.3536,40.35,target_rebalance,-2263.4907,45,24.495637116484964,-7.31
2023-05-05,NVDA.US,buy,76.1421,36.03,signal,0.0,0,0.0,0.0
2024-10-21,NVDA.US,sell,137.7766,36.03,target_rebalance,2220.6924,535,181.15337352491386,80.95
2023-05-05,NVDA.US,buy,76.1421,331.36,signal,0.0,0,0.0,0.0
2024-10-22,NVDA.US,sell,142.5443,331.36,target_rebalance,22003.062,536,182.15337352491386,87.21
2022-03-04,AVGO.US,buy,117.6412,9.89,signal,0.0,0,0.0,0.0
2024-10-23,AVGO.US,sell,174.7102,9.89,target_rebalance,564.4118,964,211.99238480150763,48.51
2023-05-05,NVDA.US,buy,76.1421,32.83,signal,0.0,0,0.0,0.0
2024-10-23,NVDA.US,sell,141.6666,32.83,target_rebalance,2151.1714,537,183.1533735249139,86.06
2024-09-06,ASML.US,buy,766.9869,18.34,signal,0.0,0,0.0,0.0
2024-10-24,ASML.US,sell,707.4137,18.34,target_rebalance,-1092.5722,48,27.293667609340353,-7.77
2024-07-09,TSM.US,buy,179.8696,93.47,signal,0.0,0,0.0,0.0
2024-10-24,TSM.US,sell,194.4929,93.47,target_rebalance,1366.8435,107,65.55278082245734,8.13
2024-07-09,TSM.US,buy,179.8696,50.13,signal,0.0,0,0.0,0.0
2024-10-25,TSM.US,sell,195.7539,50.13,target_rebalance,796.2843,108,66.55278082245734,8.83
2023-05-05,NVDA.US,buy,76.4462,167.81,signal,0.0,0,0.0,0.0
2024-10-28,NVDA.US,sell,142.6341,167.81,target_rebalance,11106.9987,542,185.28643474135473,86.58
2024-09-06,ASML.US,buy,766.1412,24.16,signal,0.0,0,0.0,0.0
2024-10-29,ASML.US,sell,696.9916,24.16,target_rebalance,-1670.6541,53,29.929364495601693,-9.03
2022-03-04,AVGO.US,buy,118.747,55.9,signal,0.0,0,0.0,0.0
2024-10-29,AVGO.US,sell,169.6437,55.9,target_rebalance,2845.1256,970,211.60699902108263,42.86
2022-03-04,AVGO.US,buy,118.747,254.14,signal,0.0,0,0.0,0.0
2024-10-30,AVGO.US,sell,174.5921,254.14,target_rebalance,14192.4887,971,212.60699902108257,47.03
2024-07-09,TSM.US,buy,180.0365,29.74,signal,0.0,0,0.0,0.0
2024-10-31,TSM.US,sell,188.5299,29.74,target_rebalance,252.5935,114,69.49878982003692,4.72
2024-09-06,ASML.US,buy,764.4167,12.53,signal,0.0,0,0.0,0.0
2024-11-01,ASML.US,sell,668.2449,12.53,target_rebalance,-1205.0337,56,32.28257164140813,-12.58
2024-07-09,TSM.US,buy,180.0365,170.06,signal,0.0,0,0.0,0.0
2024-11-01,TSM.US,sell,189.8398,170.06,target_rebalance,1667.149,115,70.4987898200369,5.45
2023-05-05,NVDA.US,buy,77.6634,134.74,signal,0.0,0,0.0,0.0
2024-11-04,NVDA.US,sell,136.859,134.74,target_rebalance,7976.0147,549,186.56418276883846,76.22
2024-09-06,ASML.US,buy,763.813,2302.9,signal,0.0,0,0.0,0.0
2024-11-05,ASML.US,sell,663.2816,2302.9,signal,-231513.7444,60,34.076045978654335,-13.16
2022-03-04,AVGO.US,buy,119.8683,32.94,signal,0.0,0,0.0,0.0
2024-11-05,AVGO.US,sell,167.2925,32.94,target_rebalance,1562.1503,977,211.54733602694398,39.56
2023-05-05,NVDA.US,buy,77.6634,14.31,signal,0.0,0,0.0,0.0
2024-11-05,NVDA.US,sell,137.0983,14.31,target_rebalance,850.5144,550,187.56418276883846,76.53
2022-03-04,AVGO.US,buy,119.8683,258.03,signal,0.0,0,0.0,0.0
2024-11-06,AVGO.US,sell,176.7171,258.03,target_rebalance,14668.6863,978,212.54733602694398,47.43
2023-05-05,NVDA.US,buy,77.6634,144.63,signal,0.0,0,0.0,0.0
2024-11-06,NVDA.US,sell,142.5942,144.63,target_rebalance,9390.9527,551,188.56418276883846,83.61
2023-05-05,NVDA.US,buy,77.6634,68.79,signal,0.0,0,0.0,0.0
2024-11-07,NVDA.US,sell,146.0155,68.79,target_rebalance,4701.9429,552,189.56418276883846,88.01
2024-07-09,TSM.US,buy,180.3663,21.09,signal,0.0,0,0.0,0.0
2024-11-07,TSM.US,sell,191.9024,21.09,target_rebalance,243.2952,121,71.59183040364638,6.4
2024-07-09,TSM.US,buy,180.3663,153.85,signal,0.0,0,0.0,0.0
2024-11-08,TSM.US,sell,199.3122,153.85,target_rebalance,2914.8205,122,72.59183040364638,10.5
2022-03-04,AVGO.US,buy,120.8426,94.14,signal,0.0,0,0.0,0.0
2024-11-11,AVGO.US,sell,180.426,94.14,target_rebalance,5609.1737,983,212.0871225232115,49.31
2023-05-05,NVDA.US,buy,77.7487,83.18,signal,0.0,0,0.0,0.0
2024-11-11,NVDA.US,sell,148.2996,83.18,target_rebalance,5868.4234,556,191.3352133332208,90.74
2024-11-05,AMD.US,buy,142.1501,115.64,signal,0.0,0,0.0,0.0
2024-11-12,AMD.US,sell,146.853,115.64,target_rebalance,543.8444,7,4.967127722135943,3.31
2023-05-05,NVDA.US,buy,77.7487,25.14,signal,0.0,0,0.0,0.0
2024-11-12,NVDA.US,sell,146.4045,25.14,target_rebalance,1726.0061,557,192.33521333322076,88.3
2023-05-05,NVDA.US,buy,77.7487,282.17,signal,0.0,0,0.0,0.0
2024-11-13,NVDA.US,sell,148.6886,282.17,target_rebalance,20017.1114,558,193.33521333322076,91.24
2024-07-09,TSM.US,buy,180.6535,12.96,signal,0.0,0,0.0,0.0
2024-11-13,TSM.US,sell,188.1193,12.96,target_rebalance,96.7562,127,73.89496222987165,4.13
2022-03-04,AVGO.US,buy,121.9233,93.8,signal,0.0,0,0.0,0.0
2024-11-14,AVGO.US,sell,171.9359,93.8,target_rebalance,4691.1863,986,210.72175488928582,41.02
2023-05-05,NVDA.US,buy,77.7487,24.4,signal,0.0,0,0.0,0.0
2024-11-14,NVDA.US,sell,147.2623,24.4,target_rebalance,1696.131,559,194.33521333322076,89.41
2023-05-05,NVDA.US,buy,77.7487,18.94,signal,0.0,0,0.0,0.0
2024-11-15,NVDA.US,sell,144.4993,18.94,target_rebalance,1264.2571,560,195.33521333322076,85.85
2024-07-09,TSM.US,buy,180.6817,147.2,signal,0.0,0,0.0,0.0
2024-11-15,TSM.US,sell,183.9549,147.2,target_rebalance,481.8209,129,75.3518279170048,1.81
2024-11-05,AMD.US,buy,142.1184,279.73,signal,0.0,0,0.0,0.0
2024-11-18,AMD.US,sell,138.0518,279.73,target_rebalance,-1137.5334,13,8.782523765629419,-2.86
2023-05-05,NVDA.US,buy,78.9835,13.92,signal,0.0,0,0.0,0.0
2024-11-19,NVDA.US,sell,140.9584,13.92,target_rebalance,862.6912,564,193.40421243345816,78.47
2024-07-09,TSM.US,buy,180.6813,115.26,signal,0.0,0,0.0,0.0
2024-11-19,TSM.US,sell,184.8836,115.26,target_rebalance,484.3513,133,77.12186246637903,2.33
2023-05-05,NVDA.US,buy,78.9835,327.22,signal,0.0,0,0.0,0.0
2024-11-20,NVDA.US,sell,147.0329,327.22,target_rebalance,22267.1088,565,194.40421243345816,86.16
2023-05-05,NVDA.US,buy,78.9835,85.44,signal,0.0,0,0.0,0.0
2024-11-21,NVDA.US,sell,148.9679,85.44,target_rebalance,5979.4673,566,195.40421243345816,88.61
2024-07-09,TSM.US,buy,180.7369,190.9,signal,0.0,0,0.0,0.0
2024-11-22,TSM.US,sell,188.6178,190.9,target_rebalance,1504.4768,136,79.13008075757051,4.36
2024-11-05,AMD.US,buy,142.021,288.96,signal,0.0,0,0.0,0.0
2024-11-25,AMD.US,sell,140.3495,288.96,target_rebalance,-482.9874,20,13.533044913362827,-1.18
2022-03-04,AVGO.US,buy,123.6859,97.14,signal,0.0,0,0.0,0.0
2024-11-25,AVGO.US,sell,162.7179,97.14,target_rebalance,3791.5676,997,208.77804247355436,31.56
2024-11-05,AMD.US,buy,142.021,249.08,signal,0.0,0,0.0,0.0
2024-11-26,AMD.US,sell,142.4075,249.08,target_rebalance,96.2618,21,14.533044913362827,0.27
2022-03-04,AVGO.US,buy,123.6859,35.36,signal,0.0,0,0.0,0.0
2024-11-26,AVGO.US,sell,161.9308,35.36,target_rebalance,1352.3419,998,209.77804247355434,30.92
2022-03-04,AVGO.US,buy,123.6859,115.65,signal,0.0,0,0.0,0.0
2024-11-27,AVGO.US,sell,160.5535,115.65,target_rebalance,4263.7428,999,210.77804247355434,29.81
2024-07-09,TSM.US,buy,180.8034,4.11,signal,0.0,0,0.0,0.0
2024-11-27,TSM.US,sell,177.9137,4.11,target_rebalance,-11.8769,141,80.25133531841682,-1.6
2023-05-05,NVDA.US,buy,82.506,185.0,signal,0.0,0,0.0,0.0
2024-11-29,NVDA.US,sell,136.4301,185.0,target_rebalance,9975.9549,574,189.22262116020448,65.36
2024-07-09,TSM.US,buy,180.8034,16.5,signal,0.0,0,0.0,0.0
2024-11-29,TSM.US,sell,177.4347,16.5,target_rebalance,-55.5846,143,81.25133531841682,-1.86
2024-07-09,TSM.US,buy,180.8034,162.93,signal,0.0,0,0.0,0.0
2024-12-02,TSM.US,sell,185.0889,162.93,target_rebalance,698.2289,146,82.25133531841684,2.37
2024-11-05,AMD.US,buy,141.8978,175.96,signal,0.0,0,0.0,0.0
2024-12-03,AMD.US,sell,142.4374,175.96,target_rebalance,94.9494,28,18.08521982725046,0.38
2024-07-09,TSM.US,buy,180.8034,54.8,signal,0.0,0,0.0,0.0
2024-12-03,TSM.US,sell,189.1555,54.8,target_rebalance,457.6925,147,83.25133531841684,4.62
2022-03-04,AVGO.US,buy,124.4794,210.13,signal,0.0,0,0.0,0.0
2024-12-04,AVGO.US,sell,170.6275,210.13,target_rebalance,9697.1069,1006,209.96772438060484,37.07
2024-07-09,TSM.US,buy,180.8034,30.39,signal,0.0,0,0.0,0.0
2024-12-04,TSM.US,sell,195.3629,30.39,target_rebalance,442.462,148,84.25133531841682,8.05
2024-11-05,AMD.US,buy,141.9262,11001.78,signal,0.0,0,0.0,0.0
2024-12-05,AMD.US,sell,143.5363,11001.78,signal,17713.752,30,19.63517641793091,1.13
2023-05-05,NVDA.US,buy,83.9708,167.2,signal,0.0,0,0.0,0.0
2024-12-05,NVDA.US,sell,144.7487,167.2,target_rebalance,10162.0705,580,188.22942755875067,72.38
2024-07-09,TSM.US,buy,180.8034,19.59,signal,0.0,0,0.0,0.0
2024-12-05,TSM.US,sell,196.7315,19.59,target_rebalance,312.0303,149,85.25133531841684,8.81
2022-03-04,AVGO.US,buy,125.2691,25.86,signal,0.0,0,0.0,0.0
2024-12-06,AVGO.US,sell,167.3417,25.86,target_rebalance,1087.9972,1008,208.1672464588328,33.59
2023-05-05,NVDA.US,buy,83.9708,55.02,signal,0.0,0,0.0,0.0
2024-12-06,NVDA.US,sell,144.24,55.02,target_rebalance,3316.011,581,189.22942755875067,71.77
2024-07-09,TSM.US,buy,180.8034,98.19,signal,0.0,0,0.0,0.0
2024-12-06,TSM.US,sell,197.4646,98.19,target_rebalance,1635.9628,150,86.25133531841682,9.22
2022-03-04,AVGO.US,buy,125.2691,451.32,signal,0.0,0,0.0,0.0
2024-12-09,AVGO.US,sell,176.0481,451.32,target_rebalance,22917.6096,1011,209.16724645883278,40.54
2024-12-05,MU.US,buy,103.3776,510.77,signal,0.0,0,0.0,0.0
2024-12-10,MU.US,sell,104.317,510.77,target_rebalance,479.8511,5,2.9722872807983465,0.91
2022-03-04,AVGO.US,buy,125.8247,255.59,signal,0.0,0,0.0,0.0
2024-12-11,AVGO.US,sell,177.0909,255.59,target_rebalance,13103.1418,1013,208.83217134059925,40.74
2023-05-05,NVDA.US,buy,86.4178,51.2,signal,0.0,0,0.0,0.0
2024-12-11,NVDA.US,sell,137.018,51.2,target_rebalance,2590.7336,586,183.74977384947934,58.55
2024-12-05,MU.US,buy,103.2385,167.24,signal,0.0,0,0.0,0.0
2024-12-12,MU.US,sell,100.7788,167.24,target_rebalance,-411.3456,7,4.843452763916225,-2.38
2022-03-04,AVGO.US,buy,125.8247,958.12,signal,0.0,0,0.0,0.0
2024-12-13,AVGO.US,sell,210.4313,958.12,target_rebalance,81063.3354,1015,210.83217134059925,67.24
2022-03-04,AVGO.US,buy,125.8247,387.02,signal,0.0,0,0.0,0.0
2024-12-16,AVGO.US,sell,228.0313,387.02,target_rebalance,39555.985,1018,211.83217134059922,81.23
2024-12-05,MU.US,buy,103.0847,250.84,signal,0.0,0,0.0,0.0
2024-12-16,MU.US,sell,104.9631,250.84,target_rebalance,471.1707,11,6.532010634679456,1.82
2022-03-04,AVGO.US,buy,125.8247,222.46,signal,0.0,0,0.0,0.0
2024-12-17,AVGO.US,sell,236.7476,222.46,target_rebalance,24675.915,1019,212.83217134059925,88.16
2024-12-05,MU.US,buy,103.0847,497.97,signal,0.0,0,0.0,0.0
2024-12-17,MU.US,sell,109.0777,497.97,target_rebalance,2984.3455,12,7.532010634679456,5.81
2023-05-05,NVDA.US,buy,93.1418,299.35,signal,0.0,0,0.0,0.0
2024-12-18,NVDA.US,sell,133.5267,299.35,target_rebalance,12089.2153,593,162.19818252455306,43.36
2022-03-04,AVGO.US,buy,127.4127,128.15,signal,0.0,0,0.0,0.0
2024-12-19,AVGO.US,sell,224.2142,128.15,target_rebalance,12405.1128,1021,211.75006411296008,75.97
2023-05-05,NVDA.US,buy,93.1418,667.62,signal,0.0,0,0.0,0.0
2024-12-19,NVDA.US,sell,131.4319,667.62,target_rebalance,25563.2417,594,163.1981825245531,41.11
2024-07-09,TSM.US,buy,182.0106,371.96,signal,0.0,0,0.0,0.0
2024-12-19,TSM.US,sell,194.5613,371.96,target_rebalance,4668.3815,163,87.91019673332593,6.9
2023-05-05,NVDA.US,buy,93.1418,213.58,signal,0.0,0,0.0,0.0
2024-12-20,NVDA.US,sell,129.4868,213.58,target_rebalance,7762.5639,595,164.19818252455306,39.02
2024-07-09,TSM.US,buy,182.0106,23.51,signal,0.0,0,0.0,0.0
2024-12-20,TSM.US,sell,188.8736,23.51,target_rebalance,161.3488,164,88.91019673332592,3.77
2024-12-05,MU.US,buy,101.1095,129.04,signal,0.0,0,0.0,0.0
2024-12-23,MU.US,sell,89.4487,129.04,target_rebalance,-1504.7117,18,10.117278691768236,-11.53
2023-05-05,NVDA.US,buy,93.1418,64.37,signal,0.0,0,0.0,0.0
2024-12-23,NVDA.US,sell,135.9407,64.37,target_rebalance,2754.9622,598,165.19818252455306,45.95
2022-03-04,AVGO.US,buy,128.5127,211.53,signal,0.0,0,0.0,0.0
2024-12-24,AVGO.US,sell,236.8591,211.53,target_rebalance,22918.5247,1026,212.3173334268155,84.31
2023-05-05,NVDA.US,buy,93.1418,11.49,signal,0.0,0,0.0,0.0
2024-12-24,NVDA.US,sell,139.6514,11.49,target_rebalance,534.3955,599,166.19818252455306,49.93
2022-03-04,AVGO.US,buy,128.5127,25.76,signal,0.0,0,0.0,0.0
2024-12-26,AVGO.US,sell,236.7408,25.76,target_rebalance,2787.9561,1028,213.3173334268155,84.22
2023-05-05,NVDA.US,buy,93.1418,24.09,signal,0.0,0,0.0,0.0
2024-12-26,NVDA.US,sell,139.3522,24.09,target_rebalance,1113.2075,601,167.19818252455303,49.61
2024-07-09,TSM.US,buy,182.0181,1.0,signal,0.0,0,0.0,0.0
2024-12-26,TSM.US,sell,201.524,1.0,target_rebalance,19.5059,170,91.87668165664444,10.72
2022-03-04,AVGO.US,buy,128.5127,133.92,signal,0.0,0,0.0,0.0
2024-12-27,AVGO.US,sell,242.3042,133.92,target_rebalance,15238.9594,1029,214.3173334268155,88.54
2024-12-05,MU.US,buy,100.6731,134.09,signal,0.0,0,0.0,0.0
2024-12-30,MU.US,sell,86.5694,134.09,target_rebalance,-1891.1641,25,13.70966587843578,-14.01
2024-07-09,TSM.US,buy,182.1471,32.82,signal,0.0,0,0.0,0.0
2024-12-30,TSM.US,sell,195.9735,32.82,target_rebalance,453.7814,174,93.24345570978255,7.59
2023-05-05,NVDA.US,buy,93.6032,231.21,signal,0.0,0,0.0,0.0
2024-12-31,NVDA.US,sell,137.6863,231.21,target_rebalance,10192.4543,606,168.48648226524344,47.1
2024-07-09,TSM.US,buy,182.1471,7.2,signal,0.0,0,0.0,0.0
2024-12-31,TSM.US,sell,196.9051,7.2,target_rebalance,106.2576,175,94.24345570978254,8.1
2022-03-04,AVGO.US,buy,130.007,67.72,signal,0.0,0,0.0,0.0
2025-01-02,AVGO.US,sell,232.9529,67.72,target_rebalance,6971.5013,1035,214.2075582250863,79.18
2024-12-05,MU.US,buy,100.369,38.39,signal,0.0,0,0.0,0.0
2025-01-02,MU.US,sell,84.5692,38.39,target_rebalance,-606.5545,28,15.420557533531149,-15.74
2024-12-05,MU.US,buy,100.369,235.52,signal,0.0,0,0.0,0.0
2025-01-03,MU.US,sell,87.5248,235.52,target_rebalance,-3025.0573,29,16.420557533531152,-12.8
2023-05-05,NVDA.US,buy,93.7471,60.81,signal,0.0,0,0.0,0.0
2025-01-03,NVDA.US,sell,139.6614,60.81,target_rebalance,2792.0471,609,169.91034045167652,48.98
2024-07-09,TSM.US,buy,182.2341,95.11,signal,0.0,0,0.0,0.0
2025-01-03,TSM.US,sell,200.1511,95.11,target_rebalance,1704.0788,178,95.51812077501349,9.83
2024-12-05,MU.US,buy,100.369,504.34,signal,0.0,0,0.0,0.0
2025-01-06,MU.US,sell,95.108,504.34,target_rebalance,-2653.3396,32,17.420557533531152,-5.24
2023-05-05,NVDA.US,buy,93.7471,41.81,signal,0.0,0,0.0,0.0
2025-01-06,NVDA.US,sell,148.2201,41.81,target_rebalance,2277.5137,612,170.91034045167655,58.11
2024-07-09,TSM.US,buy,182.2341,110.23,signal,0.0,0,0.0,0.0
2025-01-06,TSM.US,sell,214.5372,110.23,target_rebalance,3560.7689,181,96.5181207750135,17.73
2024-12-05,MU.US,buy,100.369,819.2,signal,0.0,0,0.0,0.0
2025-01-07,MU.US,sell,102.9101,819.2,target_rebalance,2081.6665,33,18.420557533531152,2.53
2024-12-05,MU.US,buy,100.369,621.64,signal,0.0,0,0.0,0.0
2025-01-08,MU.US,sell,102.3229,621.64,target_rebalance,1214.6468,34,19.420557533531152,1.95
2022-03-04,AVGO.US,buy,139.3766,102.47,signal,0.0,0,0.0,0.0
2025-01-10,AVGO.US,sell,224.2132,102.47,target_rebalance,8693.2089,1043,199.6442534328539,60.87
2024-07-09,TSM.US,buy,183.1672,104.75,signal,0.0,0,0.0,0.0
2025-01-10,TSM.US,sell,203.5833,104.75,target_rebalance,2138.5947,185,96.60264118165342,11.15
2022-03-04,AVGO.US,buy,139.3766,26.63,signal,0.0,0,0.0,0.0
2025-01-13,AVGO.US,sell,217.0025,26.63,target_rebalance,2067.1784,1046,200.6442534328539,55.7
2024-12-05,MU.US,buy,100.3218,183.58,signal,0.0,0,0.0,0.0
2025-01-13,MU.US,sell,95.3767,183.58,target_rebalance,-907.8278,39,21.039421230589756,-4.93
2024-07-09,TSM.US,buy,183.1672,12.76,signal,0.0,0,0.0,0.0
2025-01-13,TSM.US,sell,196.6403,12.76,target_rebalance,171.9172,188,97.60264118165344,7.36
2022-03-04,AVGO.US,buy,139.3766,15.14,signal,0.0,0,0.0,0.0
2025-01-14,AVGO.US,sell,223.4932,15.14,target_rebalance,1273.5249,1047,201.6442534328539,60.35
2023-05-05,NVDA.US,buy,96.3393,199.69,signal,0.0,0,0.0,0.0
2025-01-14,NVDA.US,sell,135.7113,199.69,target_rebalance,7862.1937,620,165.67444272662382,40.87
2022-03-04,AVGO.US,buy,139.3766,60.04,signal,0.0,0,0.0,0.0
2025-01-15,AVGO.US,sell,225.4463,60.04,target_rebalance,5167.6229,1048,202.64425343285387,61.75
2024-12-05,MU.US,buy,100.2763,370.04,signal,0.0,0,0.0,0.0
2025-01-15,MU.US,sell,98.9593,370.04,target_rebalance,-487.3687,41,22.756951775317987,-1.31
2024-12-05,MU.US,buy,100.2763,7.14,signal,0.0,0,0.0,0.0
2025-01-16,MU.US,sell,103.8157,7.14,target_rebalance,25.271,42,23.75695177531799,3.53
2024-07-09,TSM.US,buy,183.4288,234.79,signal,0.0,0,0.0,0.0
2025-01-16,TSM.US,sell,214.6549,234.79,target_rebalance,7331.5604,191,98.99561867152018,17.02
2022-03-04,AVGO.US,buy,140.9204,81.42,signal,0.0,0,0.0,0.0
2025-01-17,AVGO.US,sell,233.8604,81.42,target_rebalance,7567.1785,1050,201.26796718445672,65.95
2024-12-05,MU.US,buy,100.2763,135.35,signal,0.0,0,0.0,0.0
2025-01-17,MU.US,sell,104.1341,135.35,target_rebalance,522.1514,43,24.756951775317987,3.85
2022-03-04,AVGO.US,buy,140.9204,62.21,signal,0.0,0,0.0,0.0
2025-01-21,AVGO.US,sell,238.2204,62.21,target_rebalance,6053.0357,1054,202.2679671844567,69.05
2023-05-05,NVDA.US,buy,97.752,74.06,signal,0.0,0,0.0,0.0
2025-01-21,NVDA.US,sell,138.8135,74.06,target_rebalance,3041.0116,627,163.68542832798,42.01
2024-12-05,MU.US,buy,100.279,13.41,signal,0.0,0,0.0,0.0
2025-01-22,MU.US,sell,108.6422,13.41,target_rebalance,112.1503,48,26.742541439124714,8.34
2023-05-05,NVDA.US,buy,97.752,84.66,signal,0.0,0,0.0,0.0
2025-01-22,NVDA.US,sell,144.2998,84.66,target_rebalance,3940.7349,628,164.68542832798,47.62
2024-07-09,TSM.US,buy,184.0707,2.27,signal,0.0,0,0.0,0.0
2025-01-22,TSM.US,sell,217.6557,2.27,target_rebalance,76.238,197,99.6570846760457,18.25
2023-05-05,NVDA.US,buy,97.752,281.09,signal,0.0,0,0.0,0.0
2025-01-23,NVDA.US,sell,144.6889,281.09,target_rebalance,13193.4738,629,165.68542832798002,48.02
2024-07-09,TSM.US,buy,184.0707,95.61,signal,0.0,0,0.0,0.0
2025-01-23,TSM.US,sell,215.8415,95.61,target_rebalance,3037.6077,198,100.6570846760457,17.26
2022-03-04,AVGO.US,buy,143.1471,26.49,signal,0.0,0,0.0,0.0
2025-01-24,AVGO.US,sell,241.3769,26.49,target_rebalance,2602.109,1057,200.6236692118053,68.62
2023-05-05,NVDA.US,buy,97.752,25.83,signal,0.0,0,0.0,0.0
2025-01-24,NVDA.US,sell,148.0006,25.83,target_rebalance,1297.92,630,166.68542832798,51.4
2024-07-09,TSM.US,buy,184.0707,56.69,signal,0.0,0,0.0,0.0
2025-01-24,TSM.US,sell,221.8431,56.69,target_rebalance,2141.3174,199,101.65708467604568,20.52
2022-03-04,AVGO.US,buy,143.1471,0.3,signal,0.0,0,0.0,0.0
2025-01-27,AVGO.US,sell,210.502,0.3,target_rebalance,20.2065,1060,201.6236692118053,47.05
2024-12-05,MU.US,buy,100.4248,486.98,signal,0.0,0,0.0,0.0
2025-01-27,MU.US,sell,94.4014,486.98,target_rebalance,-2933.2748,53,28.832866357498546,-6.0
2024-07-09,TSM.US,buy,184.0707,95.62,signal,0.0,0,0.0,0.0
2025-01-28,TSM.US,sell,191.8645,95.62,target_rebalance,745.2502,203,103.6570846760457,4.23
2023-05-05,NVDA.US,buy,98.7541,271.08,signal,0.0,0,0.0,0.0
2025-01-29,NVDA.US,sell,126.185,271.08,target_rebalance,7435.9808,635,163.37640383364203,27.78
2024-07-09,TSM.US,buy,184.0707,238.4,signal,0.0,0,0.0,0.0
2025-01-29,TSM.US,sell,200.5335,238.4,target_rebalance,3924.7384,204,104.65708467604571,8.94
2022-03-04,AVGO.US,buy,144.0167,255.8,signal,0.0,0,0.0,0.0
2025-01-30,AVGO.US,sell,215.6018,255.8,target_rebalance,18311.4749,1063,201.81921536876467,49.71
2024-07-09,TSM.US,buy,184.0707,5.22,signal,0.0,0,0.0,0.0
2025-01-30,TSM.US,sell,202.5733,5.22,target_rebalance,96.5835,205,105.65708467604571,10.05
2024-07-09,TSM.US,buy,184.0707,53.72,signal,0.0,0,0.0,0.0
2025-01-31,TSM.US,sell,205.8683,53.72,target_rebalance,1170.9664,206,106.6570846760457,11.84
2022-03-04,AVGO.US,buy,144.1843,165.81,signal,0.0,0,0.0,0.0
2025-02-03,AVGO.US,sell,212.534,165.81,target_rebalance,11333.0653,1067,203.3540575861925,47.4
2024-12-05,MU.US,buy,99.9344,180.18,signal,0.0,0,0.0,0.0
2025-02-03,MU.US,sell,88.2214,180.18,target_rebalance,-2110.4525,60,32.4175294053543,-11.72
2022-03-04,AVGO.US,buy,144.1843,15.76,signal,0.0,0,0.0,0.0
2025-02-04,AVGO.US,sell,216.3712,15.76,target_rebalance,1137.6655,1068,204.35405758619248,50.07
2023-05-05,NVDA.US,buy,100.1426,18.27,signal,0.0,0,0.0,0.0
2025-02-04,NVDA.US,sell,116.6688,18.27,target_rebalance,301.933,641,156.16232408108104,16.5
2024-07-09,TSM.US,buy,184.1229,33.51,signal,0.0,0,0.0,0.0
2025-02-04,TSM.US,sell,200.1216,33.51,target_rebalance,536.1191,210,108.19237427592299,8.69
2022-03-04,AVGO.US,buy,144.1843,228.67,signal,0.0,0,0.0,0.0
2025-02-05,AVGO.US,sell,230.7631,228.67,target_rebalance,19797.9604,1069,205.35405758619248,60.05
2023-05-05,NVDA.US,buy,100.1426,107.1,signal,0.0,0,0.0,0.0
2025-02-05,NVDA.US,sell,121.4568,107.1,target_rebalance,2282.7531,642,157.16232408108104,21.28
2024-12-05,MU.US,buy,99.6665,312.92,signal,0.0,0,0.0,0.0
2025-02-06,MU.US,sell,94.4213,312.92,target_rebalance,-1641.3319,63,34.52794360733613,-5.26
2023-05-05,NVDA.US,buy,100.1426,218.62,signal,0.0,0,0.0,0.0
2025-02-06,NVDA.US,sell,127.1027,218.62,target_rebalance,5894.0202,643,158.16232408108104,26.92
2023-05-05,NVDA.US,buy,100.1426,61.65,signal,0.0,0,0.0,0.0
2025-02-07,NVDA.US,sell,128.8983,61.65,target_rebalance,1772.7853,644,159.16232408108104,28.71
2024-07-09,TSM.US,buy,184.7019,21.3,signal,0.0,0,0.0,0.0
2025-02-07,TSM.US,sell,208.8886,21.3,target_rebalance,515.1767,213,107.94764519217011,13.09
2023-05-05,NVDA.US,buy,100.1426,323.47,signal,0.0,0,0.0,0.0
2025-02-10,NVDA.US,sell,129.7661,323.47,target_rebalance,9582.3066,647,160.16232408108104,29.58
2022-03-04,AVGO.US,buy,148.0133,75.56,signal,0.0,0,0.0,0.0
2025-02-11,AVGO.US,sell,229.3229,75.56,target_rebalance,6143.7485,1075,200.07383258650202,54.93
2023-05-05,NVDA.US,buy,100.1426,118.33,signal,0.0,0,0.0,0.0
2025-02-11,NVDA.US,sell,132.2499,118.33,target_rebalance,3799.2563,648,161.16232408108104,32.06
2022-03-04,AVGO.US,buy,148.0133,76.19,signal,0.0,0,0.0,0.0
2025-02-12,AVGO.US,sell,227.2317,76.19,target_rebalance,6035.6459,1076,201.073832586502,53.52
2023-05-05,NVDA.US,buy,100.1426,3.09,signal,0.0,0,0.0,0.0
2025-02-12,NVDA.US,sell,129.6963,3.09,target_rebalance,91.3208,649,162.16232408108104,29.51
2024-07-09,TSM.US,buy,185.1563,135.73,signal,0.0,0,0.0,0.0
2025-02-12,TSM.US,sell,200.9356,135.73,target_rebalance,2141.7174,218,108.04718572410475,8.52
2022-03-04,AVGO.US,buy,148.0133,87.74,signal,0.0,0,0.0,0.0
2025-02-13,AVGO.US,sell,232.8543,87.74,target_rebalance,7443.944,1077,202.07383258650202,57.32
2024-12-05,MU.US,buy,99.3262,234.7,signal,0.0,0,0.0,0.0
2025-02-13,MU.US,sell,91.6149,234.7,target_rebalance,-1809.8402,70,38.18334693656903,-7.76
2024-12-05,MU.US,buy,99.3262,783.18,signal,0.0,0,0.0,0.0
2025-02-14,MU.US,sell,97.9342,783.18,target_rebalance,-1090.1808,71,39.18334693656902,-1.4
2023-05-05,NVDA.US,buy,100.1426,177.1,signal,0.0,0,0.0,0.0
2025-02-14,NVDA.US,sell,136.1402,177.1,target_rebalance,6375.1667,651,164.16232408108104,35.95
2024-12-05,MU.US,buy,99.3262,369.73,signal,0.0,0,0.0,0.0
2025-02-18,MU.US,sell,102.1438,369.73,target_rebalance,1041.7355,75,40.18334693656902,2.84
2023-05-05,NVDA.US,buy,100.1426,173.77,signal,0.0,0,0.0,0.0
2025-02-18,NVDA.US,sell,140.9183,173.77,target_rebalance,7085.5842,655,165.16232408108107,40.72
2024-07-09,TSM.US,buy,185.8251,10.91,signal,0.0,0,0.0,0.0
2025-02-18,TSM.US,sell,200.7983,10.91,target_rebalance,163.3577,224,105.01788462651791,8.06
2024-12-05,MU.US,buy,99.3262,517.86,signal,0.0,0,0.0,0.0
2025-02-19,MU.US,sell,105.2487,517.86,target_rebalance,3067.0193,76,41.18334693656902,5.96
2022-03-04,AVGO.US,buy,153.8119,45.79,signal,0.0,0,0.0,0.0
2025-02-20,AVGO.US,sell,225.5449,45.79,target_rebalance,3284.6541,1084,191.42377640494735,46.64
2023-05-05,NVDA.US,buy,100.5032,76.59,signal,0.0,0,0.0,0.0
2025-02-20,NVDA.US,sell,139.6814,76.59,target_rebalance,3000.6589,657,165.63794120230725,38.98
2023-05-05,NVDA.US,buy,100.5032,34.53,signal,0.0,0,0.0,0.0
2025-02-21,NVDA.US,sell,139.6913,34.53,target_rebalance,1353.1677,658,166.63794120230727,38.99
2024-07-09,TSM.US,buy,185.9978,51.8,signal,0.0,0,0.0,0.0
2025-02-21,TSM.US,sell,197.4346,51.8,target_rebalance,592.427,227,106.51070974302533,6.15
2023-05-05,NVDA.US,buy,100.5032,33.4,signal,0.0,0,0.0,0.0
2025-02-24,NVDA.US,sell,136.22,33.4,target_rebalance,1192.9428,661,167.63794120230727,35.54
2024-07-09,TSM.US,buy,185.9978,47.81,signal,0.0,0,0.0,0.0
2025-02-24,TSM.US,sell,193.0708,47.81,target_rebalance,338.1568,230,107.51070974302532,3.8
2024-07-09,TSM.US,buy,185.9978,114.35,signal,0.0,0,0.0,0.0
2025-02-25,TSM.US,sell,186.9613,114.35,target_rebalance,110.1725,231,108.51070974302533,0.52
2024-12-05,MU.US,buy,99.3657,24.13,signal,0.0,0,0.0,0.0
2025-02-26,MU.US,sell,95.5359,24.13,target_rebalance,-92.4134,83,45.35758359300949,-3.85
2024-07-09,TSM.US,buy,185.9978,4.53,signal,0.0,0,0.0,0.0
2025-02-26,TSM.US,sell,187.3928,4.53,target_rebalance,6.3191,232,109.5107097430253,0.75
2022-03-04,AVGO.US,buy,155.1848,123.44,signal,0.0,0,0.0,0.0
2025-02-27,AVGO.US,sell,214.3293,123.44,target_rebalance,7300.7988,1091,191.93662159558062,38.11
2023-05-05,NVDA.US,buy,100.6061,60.42,signal,0.0,0,0.0,0.0
2025-02-27,NVDA.US,sell,134.6639,60.42,target_rebalance,2057.7703,664,170.04601815893642,33.85
2024-12-05,MU.US,buy,99.348,374.9,signal,0.0,0,0.0,0.0
2025-02-28,MU.US,sell,90.5601,374.9,target_rebalance,-3294.5925,85,46.90230557503695,-8.85
2024-07-09,TSM.US,buy,186.0516,108.72,signal,0.0,0,0.0,0.0
2025-02-28,TSM.US,sell,175.8407,108.72,target_rebalance,-1110.1334,234,110.39026438460871,-5.49
2022-03-04,AVGO.US,buy,155.3837,18.31,signal,0.0,0,0.0,0.0
2025-03-03,AVGO.US,sell,201.2297,18.31,target_rebalance,839.4402,1095,192.93481139659804,29.51
2024-12-05,MU.US,buy,99.348,238.62,signal,0.0,0,0.0,0.0
2025-03-03,MU.US,sell,95.3468,238.62,target_rebalance,-954.7608,88,47.90230557503695,-4.03
2023-05-05,NVDA.US,buy,101.2086,83.11,signal,0.0,0,0.0,0.0
2025-03-03,NVDA.US,sell,123.2025,83.11,target_rebalance,1827.9136,668,166.10851670718034,21.73
2024-12-05,MU.US,buy,99.348,137.63,signal,0.0,0,0.0,0.0
2025-03-04,MU.US,sell,89.7639,137.63,target_rebalance,-1319.0525,89,48.90230557503694,-9.65
2024-07-09,TSM.US,buy,185.8558,278.31,signal,0.0,0,0.0,0.0
2025-03-04,TSM.US,sell,171.6729,278.31,target_rebalance,-3947.2257,238,109.680029888652,-7.63
2023-05-05,NVDA.US,buy,101.5681,306.38,signal,0.0,0,0.0,0.0
2025-03-05,NVDA.US,sell,117.2872,306.38,target_rebalance,4816.0271,670,161.70795074944664,15.48
2024-07-09,TSM.US,buy,185.8558,78.89,signal,0.0,0,0.0,0.0
2025-03-05,TSM.US,sell,179.4593,78.89,target_rebalance,-504.6147,239,110.68002988865199,-3.44
2024-12-05,MU.US,buy,99.2627,272.06,signal,0.0,0,0.0,0.0
2025-03-06,MU.US,sell,90.4904,272.06,target_rebalance,-2386.5794,91,50.331568545887286,-8.84
2024-07-09,TSM.US,buy,185.8558,64.57,signal,0.0,0,0.0,0.0
2025-03-06,TSM.US,sell,175.1248,64.57,target_rebalance,-692.897,240,111.68002988865197,-5.77
2022-03-04,AVGO.US,buy,156.8079,282.79,signal,0.0,0,0.0,0.0
2025-03-07,AVGO.US,sell,185.1806,282.79,target_rebalance,8023.5052,1099,187.19688377437626,18.09
2022-03-04,AVGO.US,buy,156.8079,131.56,signal,0.0,0,0.0,0.0
2025-03-10,AVGO.US,sell,187.0252,131.56,target_rebalance,3975.3837,1102,188.19688377437626,19.27
2022-03-04,AVGO.US,buy,156.8079,59.14,signal,0.0,0,0.0,0.0
2025-03-11,AVGO.US,sell,185.4962,59.14,target_rebalance,1696.6265,1103,189.19688377437626,18.3
2024-07-09,TSM.US,buy,185.5035,28.39,signal,0.0,0,0.0,0.0
2025-03-11,TSM.US,sell,167.3482,28.39,target_rebalance,-515.4276,245,111.97471283080858,-9.79
2024-12-05,MU.US,buy,99.1879,39.55,signal,0.0,0,0.0,0.0
2025-03-12,MU.US,sell,92.023,39.55,target_rebalance,-283.3737,97,53.9520060569848,-7.22
2023-05-05,NVDA.US,buy,101.8531,213.78,signal,0.0,0,0.0,0.0
2025-03-12,NVDA.US,sell,113.8463,213.78,target_rebalance,2563.917,677,160.96969582444592,11.78
2024-12-05,MU.US,buy,99.1879,226.85,signal,0.0,0,0.0,0.0
2025-03-13,MU.US,sell,93.7943,226.85,target_rebalance,-1223.5302,98,54.95200605698479,-5.44
2023-05-05,NVDA.US,buy,101.8531,261.08,signal,0.0,0,0.0,0.0
2025-03-13,NVDA.US,sell,116.7494,261.08,target_rebalance,3889.1169,678,161.96969582444595,14.63
2024-12-05,MU.US,buy,99.1879,458.46,signal,0.0,0,0.0,0.0
2025-03-14,MU.US,sell,98.2726,458.46,target_rebalance,-419.6332,99,55.9520060569848,-0.92
2024-12-05,MU.US,buy,99.1879,260.6,signal,0.0,0,0.0,0.0
2025-03-17,MU.US,sell,100.5714,260.6,target_rebalance,360.5456,102,56.9520060569848,1.39
2023-05-05,NVDA.US,buy,101.8821,329.11,signal,0.0,0,0.0,0.0
2025-03-17,NVDA.US,sell,122.4457,329.11,target_rebalance,6767.6676,682,163.6865361367951,20.18
2022-03-04,AVGO.US,buy,158.9515,108.78,signal,0.0,0,0.0,0.0
2025-03-18,AVGO.US,sell,187.8538,108.78,target_rebalance,3143.9911,1110,180.79931948947504,18.18
2024-12-05,MU.US,buy,99.1879,166.07,signal,0.0,0,0.0,0.0
2025-03-18,MU.US,sell,101.4074,166.07,target_rebalance,368.5847,103,57.9520060569848,2.24
2024-07-09,TSM.US,buy,184.7229,76.94,signal,0.0,0,0.0,0.0
2025-03-18,TSM.US,sell,171.6724,76.94,target_rebalance,-1004.1057,252,110.91977774170785,-7.06
2022-03-04,AVGO.US,buy,158.9515,14.45,signal,0.0,0,0.0,0.0
2025-03-19,AVGO.US,sell,186.7687,14.45,target_rebalance,401.9587,1111,181.799319489475,17.5
2022-03-04,AVGO.US,buy,158.9515,63.06,signal,0.0,0,0.0,0.0
2025-03-20,AVGO.US,sell,189.4908,63.06,target_rebalance,1925.8076,1112,182.79931948947504,19.21
2024-07-09,TSM.US,buy,184.7229,32.52,signal,0.0,0,0.0,0.0
2025-03-20,TSM.US,sell,172.1351,32.52,target_rebalance,-409.3557,254,112.91977774170785,-6.81
2023-05-05,NVDA.US,buy,102.5871,167.47,signal,0.0,0,0.0,0.0
2025-03-21,NVDA.US,sell,116.6596,167.47,target_rebalance,2356.7215,686,160.27216463743898,13.72
2024-07-09,TSM.US,buy,184.7229,104.71,signal,0.0,0,0.0,0.0
2025-03-21,TSM.US,sell,172.1941,104.71,target_rebalance,-1311.8855,255,113.91977774170786,-6.78
2022-03-04,AVGO.US,buy,159.0551,109.9,signal,0.0,0,0.0,0.0
2025-03-24,AVGO.US,sell,192.2413,109.9,target_rebalance,3647.1633,1116,184.11021407162838,20.86
2023-05-05,NVDA.US,buy,102.5871,112.42,signal,0.0,0,0.0,0.0
2025-03-24,NVDA.US,sell,119.5925,112.42,target_rebalance,1911.7525,689,161.272164637439,16.58
2024-07-09,TSM.US,buy,184.7229,108.71,signal,0.0,0,0.0,0.0
2025-03-24,TSM.US,sell,177.1953,108.71,target_rebalance,-818.327,258,114.91977774170786,-4.08
2023-05-05,NVDA.US,buy,102.5871,62.37,signal,0.0,0,0.0,0.0
2025-03-25,NVDA.US,sell,120.2609,62.37,target_rebalance,1102.3178,690,162.272164637439,17.23
2024-07-09,TSM.US,buy,184.7229,110.83,signal,0.0,0,0.0,0.0
2025-03-25,TSM.US,sell,179.6367,110.83,target_rebalance,-563.6968,259,115.91977774170786,-2.75
2024-12-05,MU.US,buy,99.0395,165.32,signal,0.0,0,0.0,0.0
2025-03-26,MU.US,sell,95.5359,165.32,target_rebalance,-579.2238,111,60.37273461576629,-3.54
2022-03-04,AVGO.US,buy,159.7533,5.77,signal,0.0,0,0.0,0.0
2025-03-27,AVGO.US,sell,175.7776,5.77,target_rebalance,92.4604,1119,182.61077942016314,10.03
2024-07-09,TSM.US,buy,184.7092,45.56,signal,0.0,0,0.0,0.0
2025-03-27,TSM.US,sell,168.7288,45.56,target_rebalance,-728.068,261,117.71813540551149,-8.65
2024-12-05,MU.US,buy,99.0395,110.95,signal,0.0,0,0.0,0.0
2025-03-28,MU.US,sell,90.0326,110.95,target_rebalance,-999.3186,113,62.3727346157663,-9.09
2023-05-05,NVDA.US,buy,102.683,171.81,signal,0.0,0,0.0,0.0
2025-03-28,NVDA.US,sell,111.2226,171.81,target_rebalance,1467.1964,693,163.46467039861045,8.32
2022-03-04,AVGO.US,buy,159.928,24.85,signal,0.0,0,0.0,0.0
2025-03-31,AVGO.US,sell,162.7472,24.85,target_rebalance,70.0563,1123,181.61158100283527,1.76
2024-07-09,TSM.US,buy,184.6444,4.14,signal,0.0,0,0.0,0.0
2025-03-31,TSM.US,sell,157.87,4.14,target_rebalance,-110.8459,265,119.31219866180032,-14.5
2024-12-05,MU.US,buy,99.0395,28.84,signal,0.0,0,0.0,0.0
2025-04-01,MU.US,sell,88.2167,28.84,target_rebalance,-312.1305,117,64.3727346157663,-10.93
2023-05-05,NVDA.US,buy,102.7009,34.17,signal,0.0,0,0.0,0.0
2025-04-01,NVDA.US,sell,108.2598,34.17,target_rebalance,189.9468,697,164.241268955836,5.41
2024-07-09,TSM.US,buy,184.6444,82.88,signal,0.0,0,0.0,0.0
2025-04-01,TSM.US,sell,163.8064,82.88,target_rebalance,-1727.0543,266,120.31219866180034,-11.29
2022-03-04,AVGO.US,buy,159.996,22.82,signal,0.0,0,0.0,0.0
2025-04-02,AVGO.US,sell,164.3203,22.82,target_rebalance,98.6806,1125,181.13171631413826,2.7
2024-07-09,TSM.US,buy,184.6444,76.97,signal,0.0,0,0.0,0.0
2025-04-02,TSM.US,sell,164.2593,76.97,target_rebalance,-1569.045,267,121.31219866180035,-11.04
2022-03-04,AVGO.US,buy,159.996,48.37,signal,0.0,0,0.0,0.0
2025-04-03,AVGO.US,sell,158.839,48.37,target_rebalance,-55.9643,1126,182.13171631413826,-0.72
2023-05-05,NVDA.US,buy,102.714,24.35,signal,0.0,0,0.0,0.0
2025-04-03,NVDA.US,sell,103.2618,24.35,target_rebalance,13.3375,699,165.76294414862826,0.53
2022-03-04,AVGO.US,buy,159.996,33.91,signal,0.0,0,0.0,0.0
2025-04-04,AVGO.US,sell,146.6001,33.91,target_rebalance,-454.2564,1127,183.13171631413832,-8.37
2023-05-05,NVDA.US,buy,102.714,482.02,signal,0.0,0,0.0,0.0
2025-04-04,NVDA.US,sell,98.6728,482.02,target_rebalance,-1947.9556,700,166.76294414862826,-3.93
2024-07-09,TSM.US,buy,184.6444,192.67,signal,0.0,0,0.0,0.0
2025-04-04,TSM.US,sell,148.5471,192.67,target_rebalance,-6954.8734,269,123.31219866180032,-19.55
2022-03-04,AVGO.US,buy,159.996,507.22,signal,0.0,0,0.0,0.0
2025-04-07,AVGO.US,sell,142.9591,507.22,target_rebalance,-8641.4837,1130,184.1317163141383,-10.65
2022-03-04,AVGO.US,buy,159.996,82.75,signal,0.0,0,0.0,0.0
2025-04-08,AVGO.US,sell,165.844,82.75,target_rebalance,483.92,1131,185.1317163141383,3.66
2023-05-05,NVDA.US,buy,102.2336,392.18,signal,0.0,0,0.0,0.0
2025-04-08,NVDA.US,sell,103.5611,392.18,target_rebalance,520.6074,704,163.49098715385037,1.3
2022-03-04,AVGO.US,buy,159.996,139.82,signal,0.0,0,0.0,0.0
2025-04-09,AVGO.US,sell,158.7995,139.82,target_rebalance,-167.3038,1132,186.1317163141383,-0.75
2024-12-05,MU.US,buy,95.7783,17626.16,signal,0.0,0,0.0,0.0
2025-04-09,MU.US,sell,65.9657,17626.16,signal,-525481.4459,125,62.22945337252189,-31.13
2023-05-05,NVDA.US,buy,102.2336,162.26,signal,0.0,0,0.0,0.0
2025-04-09,NVDA.US,sell,98.6529,162.26,target_rebalance,-581.01,705,164.49098715385037,-3.5
2025-04-09,LRCX.US,buy,60.2664,225.8,signal,0.0,0,0.0,0.0
2025-04-10,LRCX.US,sell,67.3904,225.8,target_rebalance,1608.6115,1,1.0,11.82
2023-05-05,NVDA.US,buy,102.2336,6.67,signal,0.0,0,0.0,0.0
2025-04-10,NVDA.US,sell,109.1077,6.67,target_rebalance,45.8505,706,165.49098715385037,6.72
2024-07-09,TSM.US,buy,182.0786,12.01,signal,0.0,0,0.0,0.0
2025-04-10,TSM.US,sell,153.0855,12.01,target_rebalance,-348.2064,275,120.24797444547556,-15.92
2022-03-04,AVGO.US,buy,160.1328,3.07,signal,0.0,0,0.0,0.0
2025-04-11,AVGO.US,sell,171.7804,3.07,target_rebalance,35.7582,1134,186.27577630088584,7.27
2023-05-05,NVDA.US,buy,102.2336,48.52,signal,0.0,0,0.0,0.0
2025-04-11,NVDA.US,sell,108.2398,48.52,target_rebalance,291.4219,707,166.49098715385034,5.87
2024-07-09,TSM.US,buy,182.0786,129.41,signal,0.0,0,0.0,0.0
2025-04-11,TSM.US,sell,153.5778,129.41,target_rebalance,-3688.2883,276,121.24797444547558,-15.65
2022-03-04,AVGO.US,buy,160.1328,156.09,signal,0.0,0,0.0,0.0
2025-04-14,AVGO.US,sell,183.119,156.09,target_rebalance,3587.9134,1137,187.27577630088584,14.35
2023-05-05,NVDA.US,buy,102.2336,88.58,signal,0.0,0,0.0,0.0
2025-04-14,NVDA.US,sell,113.8364,88.58,target_rebalance,1027.7731,710,167.49098715385037,11.35
2025-04-09,LRCX.US,buy,60.3672,195.2,signal,0.0,0,0.0,0.0
2025-04-15,LRCX.US,sell,67.4796,195.2,target_rebalance,1388.3377,6,3.95937170937171,11.78
2024-07-09,TSM.US,buy,181.4047,47.27,signal,0.0,0,0.0,0.0
2025-04-15,TSM.US,sell,154.0601,47.27,target_rebalance,-1292.5776,280,120.07042201587647,-15.07
2025-04-09,LRCX.US,buy,60.3672,101.31,signal,0.0,0,0.0,0.0
2025-04-16,LRCX.US,sell,64.6551,101.31,target_rebalance,434.4105,7,4.959371709371709,7.1
2024-07-09,TSM.US,buy,181.4047,81.87,signal,0.0,0,0.0,0.0
2025-04-16,TSM.US,sell,148.2616,81.87,target_rebalance,-2713.4264,281,121.07042201587647,-18.27
2022-03-04,AVGO.US,buy,160.328,105.28,signal,0.0,0,0.0,0.0
2025-04-17,AVGO.US,sell,174.3826,105.28,target_rebalance,1479.6705,1140,187.73651489508023,8.77
2024-07-09,TSM.US,buy,181.4047,153.27,signal,0.0,0,0.0,0.0
2025-04-17,TSM.US,sell,153.627,153.27,target_rebalance,-4257.4942,282,122.07042201587646,-15.31
2024-07-09,TSM.US,buy,181.4047,74.33,signal,0.0,0,0.0,0.0
2025-04-21,TSM.US,sell,147.6611,74.33,target_rebalance,-2508.1646,286,123.07042201587646,-18.6
2022-03-04,AVGO.US,buy,160.3459,6.09,signal,0.0,0,0.0,0.0
2025-04-22,AVGO.US,sell,165.656,6.09,target_rebalance,32.3389,1145,189.08947603023637,3.31
2025-04-09,LRCX.US,buy,60.4294,192.77,signal,0.0,0,0.0,0.0
2025-04-22,LRCX.US,sell,62.4055,192.77,target_rebalance,380.9359,13,7.87734032281776,3.27
2024-07-09,TSM.US,buy,181.0116,84.94,signal,0.0,0,0.0,0.0
2025-04-23,TSM.US,sell,156.8954,84.94,target_rebalance,-2048.4282,288,123.69302600412253,-13.32
2022-03-04,AVGO.US,buy,160.3459,4.16,signal,0.0,0,0.0,0.0
2025-04-24,AVGO.US,sell,177.7861,4.16,target_rebalance,72.5514,1147,191.0894760302363,10.88
2025-04-09,LRCX.US,buy,60.4332,611.33,signal,0.0,0,0.0,0.0
2025-04-24,LRCX.US,sell,69.0454,611.33,target_rebalance,5264.9468,15,9.87167689009496,14.25
2022-03-04,AVGO.US,buy,160.3459,72.75,signal,0.0,0,0.0,0.0
2025-04-25,AVGO.US,sell,184.9395,72.75,target_rebalance,1789.189,1148,192.08947603023634,15.34
2023-05-05,NVDA.US,buy,102.3612,6.34,signal,0.0,0,0.0,0.0
2025-04-25,NVDA.US,sell,106.5938,6.34,target_rebalance,26.8344,721,164.26977717113203,4.13
2024-07-09,TSM.US,buy,180.6014,56.25,signal,0.0,0,0.0,0.0
2025-04-25,TSM.US,sell,161.3846,56.25,target_rebalance,-1080.9466,290,123.67719385328057,-10.64
2022-03-04,AVGO.US,buy,160.3459,29.8,signal,0.0,0,0.0,0.0
2025-04-28,AVGO.US,sell,188.5113,29.8,target_rebalance,839.3297,1151,193.08947603023634,17.57
2023-05-05,NVDA.US,buy,102.3612,141.13,signal,0.0,0,0.0,0.0
2025-04-28,NVDA.US,sell,109.427,141.13,target_rebalance,997.1859,724,165.26977717113203,6.9
2022-03-04,AVGO.US,buy,160.3459,75.3,signal,0.0,0,0.0,0.0
2025-04-29,AVGO.US,sell,189.6887,75.3,target_rebalance,2209.514,1152,194.08947603023634,18.3
2025-04-09,LRCX.US,buy,60.6636,25.75,signal,0.0,0,0.0,0.0
2025-04-29,LRCX.US,sell,70.2545,25.75,target_rebalance,246.9657,20,12.603516182219051,15.81
2024-07-09,TSM.US,buy,180.4852,139.51,signal,0.0,0,0.0,0.0
2025-04-30,TSM.US,sell,161.0007,139.51,target_rebalance,-2718.2852,295,125.86469009456368,-10.8
2022-03-04,AVGO.US,buy,160.4755,8.36,signal,0.0,0,0.0,0.0
2025-05-01,AVGO.US,sell,196.0407,8.36,target_rebalance,297.3249,1154,195.03372594533622,22.16
2023-05-05,NVDA.US,buy,102.4397,210.33,signal,0.0,0,0.0,0.0
2025-05-01,NVDA.US,sell,112.8088,210.33,target_rebalance,2180.9337,727,165.10294231914767,10.12
2022-03-04,AVGO.US,buy,160.4755,16.6,signal,0.0,0,0.0,0.0
2025-05-02,AVGO.US,sell,201.7396,16.6,target_rebalance,684.9847,1155,196.03372594533622,25.71
2024-07-09,TSM.US,buy,180.4498,93.94,signal,0.0,0,0.0,0.0
2025-05-02,TSM.US,sell,177.0082,93.94,target_rebalance,-323.3054,297,127.41733672671594,-1.91
2025-04-09,LRCX.US,buy,60.8408,88.75,signal,0.0,0,0.0,0.0
2025-05-05,LRCX.US,sell,73.2177,88.75,target_rebalance,1098.4505,26,16.35799124926548,20.34
2024-07-09,TSM.US,buy,180.4498,41.98,signal,0.0,0,0.0,0.0
2025-05-05,TSM.US,sell,176.2206,41.98,target_rebalance,-177.5421,300,128.41733672671592,-2.34
2022-03-04,AVGO.US,buy,160.7216,0.28,signal,0.0,0,0.0,0.0
2025-05-06,AVGO.US,sell,194.3587,0.28,target_rebalance,9.4184,1159,196.7592207865706,20.93
2025-04-09,LRCX.US,buy,60.8408,71.46,signal,0.0,0,0.0,0.0
2025-05-06,LRCX.US,sell,71.9393,71.46,target_rebalance,793.0958,27,17.357991249265478,18.24
2023-05-05,NVDA.US,buy,102.6266,82.85,signal,0.0,0,0.0,0.0
2025-05-06,NVDA.US,sell,111.2127,82.85,target_rebalance,711.3538,732,165.4174919346625,8.37
2022-03-04,AVGO.US,buy,160.7216,17.06,signal,0.0,0,0.0,0.0
2025-05-07,AVGO.US,sell,197.1785,17.06,target_rebalance,621.954,1160,197.7592207865706,22.68
2023-05-05,NVDA.US,buy,102.6266,24.49,signal,0.0,0,0.0,0.0
2025-05-07,NVDA.US,sell,112.7789,24.49,target_rebalance,248.6292,733,166.4174919346625,9.89
2022-03-04,AVGO.US,buy,160.7216,74.69,signal,0.0,0,0.0,0.0
2025-05-08,AVGO.US,sell,205.7962,74.69,target_rebalance,3366.6204,1161,198.7592207865706,28.05
2025-04-09,LRCX.US,buy,60.8408,53.83,signal,0.0,0,0.0,0.0
2025-05-08,LRCX.US,sell,75.4178,53.83,target_rebalance,784.6797,29,19.35799124926548,23.96
2023-05-05,NVDA.US,buy,102.6266,158.09,signal,0.0,0,0.0,0.0
2025-05-08,NVDA.US,sell,117.9664,158.09,target_rebalance,2425.0682,734,167.41749193466254,14.95
2022-03-04,AVGO.US,buy,160.7216,12.51,signal,0.0,0,0.0,0.0
2025-05-09,AVGO.US,sell,207.1121,12.51,target_rebalance,580.3452,1162,199.75922078657064,28.86
2024-07-09,TSM.US,buy,180.1043,156.4,signal,0.0,0,0.0,0.0
2025-05-09,TSM.US,sell,177.0082,156.4,target_rebalance,-484.2333,304,127.0552300968552,-1.72
2022-03-04,AVGO.US,buy,160.7216,1.45,signal,0.0,0,0.0,0.0
2025-05-12,AVGO.US,sell,217.1645,1.45,target_rebalance,81.8421,1165,200.7592207865706,35.12
2025-04-09,LRCX.US,buy,60.9554,284.68,signal,0.0,0,0.0,0.0
2025-05-12,LRCX.US,sell,79.9468,284.68,target_rebalance,5406.4913,33,21.195142831591337,31.16
2025-04-09,LRCX.US,buy,60.9554,119.1,signal,0.0,0,0.0,0.0
2025-05-13,LRCX.US,sell,81.6217,119.1,target_rebalance,2461.3588,34,22.195142831591337,33.9
2023-05-05,NVDA.US,buy,102.9401,98.94,signal,0.0,0,0.0,0.0
2025-05-13,NVDA.US,sell,124.6803,98.94,target_rebalance,2150.9739,739,167.26429122026104,21.12
2023-05-05,NVDA.US,buy,102.9401,261.23,signal,0.0,0,0.0,0.0
2025-05-14,NVDA.US,sell,132.8806,261.23,target_rebalance,7821.3489,740,168.26429122026104,29.09
2022-03-04,AVGO.US,buy,161.2273,8.39,signal,0.0,0,0.0,0.0
2025-05-15,AVGO.US,sell,227.7214,8.39,target_rebalance,557.8859,1168,202.2123497786639,41.24
2023-05-05,NVDA.US,buy,102.9401,143.16,signal,0.0,0,0.0,0.0
2025-05-15,NVDA.US,sell,133.9679,143.16,target_rebalance,4441.9435,741,169.26429122026107,30.14
2022-03-04,AVGO.US,buy,161.2273,8.18,signal,0.0,0,0.0,0.0
2025-05-16,AVGO.US,sell,229.8585,8.18,target_rebalance,561.4035,1169,203.21234977866388,42.57
2023-05-05,NVDA.US,buy,102.9401,74.09,signal,0.0,0,0.0,0.0
2025-05-16,NVDA.US,sell,135.8933,74.09,target_rebalance,2441.5033,742,170.26429122026104,32.01
2025-04-09,LRCX.US,buy,61.4346,160.66,signal,0.0,0,0.0,0.0
2025-05-19,LRCX.US,sell,81.9586,160.66,target_rebalance,3297.3945,40,25.693920901087132,33.41
2023-05-05,NVDA.US,buy,102.9401,25.76,signal,0.0,0,0.0,0.0
2025-05-19,NVDA.US,sell,132.0725,25.76,target_rebalance,750.4506,745,171.26429122026104,28.3
2022-03-04,AVGO.US,buy,162.0132,28.64,signal,0.0,0,0.0,0.0
2025-05-20,AVGO.US,sell,224.0903,28.64,target_rebalance,1777.8883,1173,202.47871711541228,38.32
2022-03-04,AVGO.US,buy,162.0132,56.58,signal,0.0,0,0.0,0.0
2025-05-21,AVGO.US,sell,225.9701,56.58,target_rebalance,3618.6848,1174,203.47871711541225,39.48
2024-07-09,TSM.US,buy,180.3169,51.17,signal,0.0,0,0.0,0.0
2025-05-21,TSM.US,sell,190.1017,51.17,target_rebalance,500.6886,316,131.39646422504708,5.43
2022-03-04,AVGO.US,buy,162.0132,38.49,signal,0.0,0,0.0,0.0
2025-05-22,AVGO.US,sell,225.9207,38.49,target_rebalance,2459.7989,1175,204.47871711541228,39.45
2022-03-04,AVGO.US,buy,162.0132,44.9,signal,0.0,0,0.0,0.0
2025-05-23,AVGO.US,sell,224.5355,44.9,target_rebalance,2807.2519,1176,205.47871711541228,38.59
2024-07-09,TSM.US,buy,180.3303,119.19,signal,0.0,0,0.0,0.0
2025-05-23,TSM.US,sell,189.0385,119.19,target_rebalance,1037.9334,318,133.18662363004754,4.83
2022-03-04,AVGO.US,buy,162.0132,0.55,signal,0.0,0,0.0,0.0
2025-05-27,AVGO.US,sell,230.4027,0.55,target_rebalance,37.6142,1180,206.47871711541228,42.21
2025-04-09,LRCX.US,buy,61.943,161.9,signal,0.0,0,0.0,0.0
2025-05-27,LRCX.US,sell,82.2956,161.9,target_rebalance,3295.0856,48,29.92082893341571,32.86
2023-05-05,NVDA.US,buy,103.3295,45.57,signal,0.0,0,0.0,0.0
2025-05-27,NVDA.US,sell,133.8283,45.57,target_rebalance,1389.8304,753,173.92678033787328,29.52
2022-03-04,AVGO.US,buy,162.0132,35.15,signal,0.0,0,0.0,0.0
2025-05-28,AVGO.US,sell,234.6373,35.15,target_rebalance,2552.7379,1181,207.47871711541228,44.83
2023-05-05,NVDA.US,buy,103.3295,7.94,signal,0.0,0,0.0,0.0
2025-05-28,NVDA.US,sell,135.7038,7.94,target_rebalance,257.0519,754,174.92678033787328,31.33
2022-03-04,AVGO.US,buy,162.0132,45.87,signal,0.0,0,0.0,0.0
2025-05-29,AVGO.US,sell,243.3045,45.87,target_rebalance,3728.8333,1182,208.47871711541228,50.18
2023-05-05,NVDA.US,buy,103.3295,181.7,signal,0.0,0,0.0,0.0
2025-05-29,NVDA.US,sell,141.9089,181.7,target_rebalance,7009.8724,755,175.9267803378733,37.34
2022-03-04,AVGO.US,buy,162.0132,19.14,signal,0.0,0,0.0,0.0
2025-05-30,AVGO.US,sell,238.6642,19.14,target_rebalance,1467.1005,1183,209.47871711541228,47.31
2024-07-09,TSM.US,buy,180.7189,11.35,signal,0.0,0,0.0,0.0
2025-05-30,TSM.US,sell,192.7303,11.35,target_rebalance,136.3286,325,133.35420972541482,6.65
2022-03-04,AVGO.US,buy,162.0132,171.99,signal,0.0,0,0.0,0.0
2025-06-02,AVGO.US,sell,240.6727,171.99,target_rebalance,13528.6506,1186,210.47871711541228,48.55
2024-07-09,TSM.US,buy,180.7189,20.43,signal,0.0,0,0.0,0.0
2025-06-02,TSM.US,sell,190.0426,20.43,target_rebalance,190.483,328,134.35420972541482,5.16
2022-03-04,AVGO.US,buy,162.0132,59.21,signal,0.0,0,0.0,0.0
2025-06-03,AVGO.US,sell,247.4304,59.21,target_rebalance,5057.5505,1187,211.47871711541228,52.72
2023-05-05,NVDA.US,buy,103.5991,36.19,signal,0.0,0,0.0,0.0
2025-06-03,NVDA.US,sell,138.4472,36.19,target_rebalance,1261.1509,760,177.45403047743963,33.64
2022-03-04,AVGO.US,buy,162.0132,16.68,signal,0.0,0,0.0,0.0
2025-06-04,AVGO.US,sell,255.3258,16.68,target_rebalance,1556.4538,1188,212.4787171154123,57.6
2024-07-09,TSM.US,buy,180.8311,40.07,signal,0.0,0,0.0,0.0
2025-06-04,TSM.US,sell,198.2531,40.07,target_rebalance,698.1012,330,134.97345838707037,9.63
2022-03-04,AVGO.US,buy,162.0132,41.25,signal,0.0,0,0.0,0.0
2025-06-05,AVGO.US,sell,260.164,41.25,target_rebalance,4048.7223,1189,213.47871711541228,60.58
2025-04-09,LRCX.US,buy,62.6568,11.03,signal,0.0,0,0.0,0.0
2025-06-05,LRCX.US,sell,84.7335,11.03,target_rebalance,243.5059,57,35.71121489677962,35.23
2024-07-09,TSM.US,buy,180.8311,39.74,signal,0.0,0,0.0,0.0
2025-06-05,TSM.US,sell,201.6988,39.74,target_rebalance,829.2821,331,135.9734583870704,11.54
2025-04-09,LRCX.US,buy,62.6568,385.6,signal,0.0,0,0.0,0.0
2025-06-06,LRCX.US,sell,85.4867,385.6,target_rebalance,8803.2025,58,36.71121489677963,36.44
2023-05-05,NVDA.US,buy,104.1912,127.04,signal,0.0,0,0.0,0.0
2025-06-06,NVDA.US,sell,142.1682,127.04,target_rebalance,4824.6008,763,177.69816290492182,36.45
2024-07-09,TSM.US,buy,180.8311,31.2,signal,0.0,0,0.0,0.0
2025-06-06,TSM.US,sell,200.419,31.2,target_rebalance,611.142,332,136.9734583870704,10.83
2025-04-09,LRCX.US,buy,62.6568,175.44,signal,0.0,0,0.0,0.0
2025-06-09,LRCX.US,sell,86.3192,175.44,target_rebalance,4151.3233,61,37.711214896779616,37.77
2023-05-05,NVDA.US,buy,104.1912,45.66,signal,0.0,0,0.0,0.0
2025-06-09,NVDA.US,sell,142.8466,45.66,target_rebalance,1765.0065,766,178.69816290492187,37.1
2024-07-09,TSM.US,buy,180.8311,109.67,signal,0.0,0,0.0,0.0
2025-06-09,TSM.US,sell,203.1952,109.67,target_rebalance,2452.6687,335,137.9734583870704,12.37
2025-04-09,LRCX.US,buy,62.6568,198.61,signal,0.0,0,0.0,0.0
2025-06-10,LRCX.US,sell,87.994,198.61,target_rebalance,5032.2216,62,38.71121489677962,40.44
2024-07-09,TSM.US,buy,180.8311,132.6,signal,0.0,0,0.0,0.0
2025-06-10,TSM.US,sell,208.3243,132.6,target_rebalance,3645.5939,336,138.9734583870704,15.2
2025-04-09,LRCX.US,buy,62.6568,243.24,signal,0.0,0,0.0,0.0
2025-06-11,LRCX.US,sell,90.5707,243.24,target_rebalance,6789.7747,63,39.71121489677962,44.55
2022-03-04,AVGO.US,buy,168.4358,128.08,signal,0.0,0,0.0,0.0
2025-06-12,AVGO.US,sell,247.5392,128.08,target_rebalance,10131.5612,1196,201.89388987006058,46.96
2022-03-04,AVGO.US,buy,168.4358,63.33,signal,0.0,0,0.0,0.0
2025-06-13,AVGO.US,sell,248.0042,63.33,target_rebalance,5039.0659,1197,202.89388987006058,47.24
2023-05-05,NVDA.US,buy,105.2525,106.84,signal,0.0,0,0.0,0.0
2025-06-13,NVDA.US,sell,142.1482,106.84,target_rebalance,3941.9336,770,177.68719655339683,35.05
2025-04-09,LRCX.US,buy,63.0611,231.64,signal,0.0,0,0.0,0.0
2025-06-16,LRCX.US,sell,90.1347,231.64,target_rebalance,6271.3226,68,42.05843549077771,42.93
2024-07-09,TSM.US,buy,181.0163,8.87,signal,0.0,0,0.0,0.0
2025-06-16,TSM.US,sell,210.4594,8.87,target_rebalance,261.1603,342,142.013745483543,16.27
2025-04-09,LRCX.US,buy,63.0611,311.72,signal,0.0,0,0.0,0.0
2025-06-17,LRCX.US,sell,92.5032,311.72,target_rebalance,9177.7092,69,43.05843549077771,46.69
2024-07-09,TSM.US,buy,181.1353,16.02,signal,0.0,0,0.0,0.0
2025-06-18,TSM.US,sell,212.1391,16.02,target_rebalance,496.6812,344,143.4602456986529,17.12
2022-03-04,AVGO.US,buy,169.8348,26.38,signal,0.0,0,0.0,0.0
2025-06-20,AVGO.US,sell,251.1169,26.38,target_rebalance,2144.2198,1204,203.32123311790755,47.86
2023-05-05,NVDA.US,buy,105.5554,25.54,signal,0.0,0,0.0,0.0
2025-06-20,NVDA.US,sell,145.1113,25.54,target_rebalance,1010.2557,777,180.27734522973378,37.47
2022-03-04,AVGO.US,buy,169.8348,52.46,signal,0.0,0,0.0,0.0
2025-06-23,AVGO.US,sell,247.0507,52.46,target_rebalance,4050.7465,1207,204.32123311790758,45.47
2025-04-09,LRCX.US,buy,63.1916,66.48,signal,0.0,0,0.0,0.0
2025-06-23,LRCX.US,sell,90.7762,66.48,target_rebalance,1833.8249,75,45.8595202692903,43.65
2023-05-05,NVDA.US,buy,105.5554,39.08,signal,0.0,0,0.0,0.0
2025-06-23,NVDA.US,sell,142.1681,39.08,target_rebalance,1430.8241,780,181.27734522973375,34.69
2022-03-04,AVGO.US,buy,169.8348,65.66,signal,0.0,0,0.0,0.0
2025-06-24,AVGO.US,sell,256.6309,65.66,target_rebalance,5699.0291,1208,205.32123311790758,51.11
2024-07-09,TSM.US,buy,181.5802,52.03,signal,0.0,0,0.0,0.0
2025-06-24,TSM.US,sell,211.8329,52.03,target_rebalance,1574.0478,350,143.78276859451537,16.66
2025-04-09,LRCX.US,buy,63.3887,32.29,signal,0.0,0,0.0,0.0
2025-06-25,LRCX.US,sell,95.6245,32.29,target_rebalance,1040.8943,77,47.54771272139426,50.85
2024-07-09,TSM.US,buy,181.5802,10.56,signal,0.0,0,0.0,0.0
2025-06-25,TSM.US,sell,218.1664,10.56,target_rebalance,386.3507,351,144.78276859451535,20.15
2023-05-05,NVDA.US,buy,105.9108,334.94,signal,0.0,0,0.0,0.0
2025-06-26,NVDA.US,sell,155.6168,334.94,target_rebalance,16648.5232,783,182.70506970668754,46.93
2024-07-09,TSM.US,buy,181.5802,32.9,signal,0.0,0,0.0,0.0
2025-06-26,TSM.US,sell,222.2965,32.9,target_rebalance,1339.5685,352,145.78276859451537,22.42
2022-03-04,AVGO.US,buy,171.417,81.54,signal,0.0,0,0.0,0.0
2025-06-27,AVGO.US,sell,268.0655,81.54,target_rebalance,7880.7204,1211,204.8159842066345,56.38
2022-03-04,AVGO.US,buy,171.417,26.89,signal,0.0,0,0.0,0.0
2025-06-30,AVGO.US,sell,272.4589,26.89,target_rebalance,2717.017,1214,205.81598420663454,58.95
2023-05-05,NVDA.US,buy,106.0982,6.52,signal,0.0,0,0.0,0.0
2025-06-30,NVDA.US,sell,158.0311,6.52,target_rebalance,338.6028,787,184.0175903335985,48.95
2022-03-04,AVGO.US,buy,171.417,34.46,signal,0.0,0,0.0,0.0
2025-07-01,AVGO.US,sell,272.1317,34.46,target_rebalance,3470.6265,1215,206.81598420663454,58.75
2024-07-09,TSM.US,buy,181.869,46.73,signal,0.0,0,0.0,0.0
2025-07-01,TSM.US,sell,224.7173,46.73,target_rebalance,2002.2996,357,147.73549535807558,23.56
2025-04-09,LRCX.US,buy,64.101,204.17,signal,0.0,0,0.0,0.0
2025-07-02,LRCX.US,sell,95.2271,204.17,target_rebalance,6355.0121,84,51.471968103891584,48.56
2024-07-09,TSM.US,buy,181.869,58.79,signal,0.0,0,0.0,0.0
2025-07-02,TSM.US,sell,221.8025,58.79,target_rebalance,2347.6875,358,148.73549535807558,21.96
2023-05-05,NVDA.US,buy,106.4335,1.0,signal,0.0,0,0.0,0.0
2025-07-03,NVDA.US,sell,158.0012,1.0,target_rebalance,51.5676,790,185.7607640960358,48.45
2024-07-09,TSM.US,buy,181.869,71.42,signal,0.0,0,0.0,0.0
2025-07-03,TSM.US,sell,231.0805,71.42,target_rebalance,3514.6831,359,149.73549535807558,27.06
2022-03-04,AVGO.US,buy,173.6278,100.15,signal,0.0,0,0.0,0.0
2025-07-07,AVGO.US,sell,272.8556,100.15,target_rebalance,9937.6647,1221,204.86702873008207,57.15
2022-03-04,AVGO.US,buy,173.6278,16.84,signal,0.0,0,0.0,0.0
2025-07-08,AVGO.US,sell,274.0655,16.84,target_rebalance,1691.3706,1222,205.86702873008204,57.85
2025-04-09,LRCX.US,buy,64.2662,14.0,signal,0.0,0,0.0,0.0
2025-07-08,LRCX.US,sell,98.1878,14.0,target_rebalance,474.9019,90,54.21080635535325,52.78
2023-05-05,NVDA.US,buy,106.4335,46.53,signal,0.0,0,0.0,0.0
2025-07-08,NVDA.US,sell,158.959,46.53,target_rebalance,2444.0074,795,187.76076409603579,49.35
2025-04-09,LRCX.US,buy,64.2662,133.29,signal,0.0,0,0.0,0.0
2025-07-09,LRCX.US,sell,99.1514,133.29,target_rebalance,4649.8562,91,55.21080635535324,54.28
2023-05-05,NVDA.US,buy,106.4335,107.03,signal,0.0,0,0.0,0.0
2025-07-09,NVDA.US,sell,160.8446,107.03,target_rebalance,5823.6104,796,188.76076409603579,51.12
2022-03-04,AVGO.US,buy,174.9259,47.66,signal,0.0,0,0.0,0.0
2025-07-10,AVGO.US,sell,277.4771,47.66,target_rebalance,4887.5908,1224,205.11622194632133,58.63
2023-05-05,NVDA.US,buy,106.4335,35.91,signal,0.0,0,0.0,0.0
2025-07-10,NVDA.US,sell,163.9373,35.91,target_rebalance,2064.961,797,189.7607640960358,54.03
2025-04-09,LRCX.US,buy,64.3722,19816.22,signal,0.0,0,0.0,0.0
2025-07-11,LRCX.US,sell,99.678,19816.22,signal,699626.9817,93,57.046141383480276,54.85
2023-05-05,NVDA.US,buy,106.4335,68.21,signal,0.0,0,0.0,0.0
2025-07-11,NVDA.US,sell,163.3387,68.21,target_rebalance,3881.5016,798,190.76076409603579,53.47
2022-03-04,AVGO.US,buy,175.8099,9.5,signal,0.0,0,0.0,0.0
2025-07-14,AVGO.US,sell,271.8639,9.5,target_rebalance,912.5131,1228,205.24733451012617,54.64
2023-05-05,NVDA.US,buy,106.4335,160.47,signal,0.0,0,0.0,0.0
2025-07-14,NVDA.US,sell,164.9849,160.47,target_rebalance,9395.7303,801,191.76076409603579,55.01
2022-03-04,AVGO.US,buy,175.8099,1.37,signal,0.0,0,0.0,0.0
2025-07-15,AVGO.US,sell,277.4969,1.37,target_rebalance,139.3112,1229,206.2473345101262,57.84
2023-05-05,NVDA.US,buy,106.4335,168.82,signal,0.0,0,0.0,0.0
2025-07-15,NVDA.US,sell,170.7913,168.82,target_rebalance,10864.8817,802,192.7607640960358,60.47
2022-03-04,AVGO.US,buy,175.8099,20.64,signal,0.0,0,0.0,0.0
2025-07-16,AVGO.US,sell,277.7944,20.64,target_rebalance,2104.9611,1230,207.24733451012617,58.01
2023-05-05,NVDA.US,buy,106.4335,12.06,signal,0.0,0,0.0,0.0
2025-07-16,NVDA.US,sell,170.6616,12.06,target_rebalance,774.5908,803,193.76076409603579,60.35
2024-07-09,TSM.US,buy,183.087,84.7,signal,0.0,0,0.0,0.0
2025-07-16,TSM.US,sell,233.5803,84.7,target_rebalance,4276.7814,372,153.7739832343598,27.58
2022-03-04,AVGO.US,buy,175.8099,15.34,signal,0.0,0,0.0,0.0
2025-07-17,AVGO.US,sell,278.8159,15.34,target_rebalance,1580.1127,1231,208.2473345101262,58.59
2023-05-05,NVDA.US,buy,106.4335,47.5,signal,0.0,0,0.0,0.0
2025-07-17,NVDA.US,sell,171.6194,47.5,target_rebalance,3096.3286,804,194.7607640960358,61.25
2024-07-09,TSM.US,buy,183.087,314.83,signal,0.0,0,0.0,0.0
2025-07-17,TSM.US,sell,242.8583,314.83,target_rebalance,18817.7969,373,154.77398323435978,32.65
2022-03-04,AVGO.US,buy,175.8099,94.91,signal,0.0,0,0.0,0.0
2025-07-18,AVGO.US,sell,284.7366,94.91,target_rebalance,10338.2347,1232,209.2473345101262,61.96
2023-05-05,NVDA.US,buy,106.4335,19.18,signal,0.0,0,0.0,0.0
2025-07-18,NVDA.US,sell,173.2356,19.18,target_rebalance,1281.2639,805,195.7607640960358,62.76
2025-07-11,MU.US,buy,121.5789,52.74,signal,0.0,0,0.0,0.0
2025-07-21,MU.US,sell,113.2946,52.74,target_rebalance,-436.9175,10,5.719231008207324,-6.81
2023-05-05,NVDA.US,buy,106.4335,64.59,signal,0.0,0,0.0,0.0
2025-07-21,NVDA.US,sell,172.3477,64.59,target_rebalance,4257.3964,808,196.7607640960358,61.93
2022-03-04,AVGO.US,buy,175.8099,108.0,signal,0.0,0,0.0,0.0
2025-07-22,AVGO.US,sell,285.2721,108.0,target_rebalance,11821.9237,1236,211.24733451012617,62.26
2023-05-05,NVDA.US,buy,106.6558,73.28,signal,0.0,0,0.0,0.0
2025-07-23,NVDA.US,sell,169.1352,73.28,target_rebalance,4578.4913,810,198.08304399377366,58.58
2024-07-09,TSM.US,buy,184.4701,166.31,signal,0.0,0,0.0,0.0
2025-07-23,TSM.US,sell,235.6751,166.31,target_rebalance,8515.8902,379,154.8732317724762,27.76
2022-03-04,AVGO.US,buy,177.5399,160.94,signal,0.0,0,0.0,0.0
2025-07-24,AVGO.US,sell,287.3944,160.94,target_rebalance,17679.9857,1238,209.54694526354712,61.88
2023-05-05,NVDA.US,buy,106.7893,41.42,signal,0.0,0,0.0,0.0
2025-07-25,NVDA.US,sell,173.2057,41.42,target_rebalance,2750.9672,812,199.67863437072248,62.19
2024-07-09,TSM.US,buy,185.1062,11.99,signal,0.0,0,0.0,0.0
2025-07-25,TSM.US,sell,238.4417,11.99,target_rebalance,639.4926,381,155.01498573325026,28.81
2022-03-04,AVGO.US,buy,178.0968,38.01,signal,0.0,0,0.0,0.0
2025-07-28,AVGO.US,sell,290.0424,38.01,target_rebalance,4255.0514,1242,210.46853966427693,62.86
2022-03-04,AVGO.US,buy,178.0968,55.8,signal,0.0,0,0.0,0.0
2025-07-29,AVGO.US,sell,295.0407,55.8,target_rebalance,6525.472,1243,211.4685396642769,65.66
2023-05-05,NVDA.US,buy,107.0115,130.95,signal,0.0,0,0.0,0.0
2025-07-29,NVDA.US,sell,177.5456,130.95,target_rebalance,9236.444,816,201.01496461963885,65.91
2025-07-11,MU.US,buy,121.2683,61.09,signal,0.0,0,0.0,0.0
2025-07-30,MU.US,sell,112.3071,61.09,target_rebalance,-547.437,19,12.463634849123153,-7.39
2024-07-09,TSM.US,buy,185.8542,8.81,signal,0.0,0,0.0,0.0
2025-07-30,TSM.US,sell,239.2321,8.81,target_rebalance,470.2591,386,155.83945021663877,28.72
2022-03-04,AVGO.US,buy,178.0968,10.78,signal,0.0,0,0.0,0.0
2025-07-31,AVGO.US,sell,300.2969,10.78,target_rebalance,1317.3171,1245,213.4685396642769,68.61
2023-05-05,NVDA.US,buy,107.4068,194.23,signal,0.0,0,0.0,0.0
2025-07-31,NVDA.US,sell,182.4741,194.23,target_rebalance,14580.3107,818,201.86472917254252,69.89
2023-05-05,NVDA.US,buy,107.4068,27.02,signal,0.0,0,0.0,0.0
2025-08-01,NVDA.US,sell,173.6846,27.02,target_rebalance,1790.8248,819,202.86472917254252,61.71
2024-07-09,TSM.US,buy,185.8542,67.53,signal,0.0,0,0.0,0.0
2025-08-01,TSM.US,sell,232.8096,67.53,target_rebalance,3170.8975,388,157.83945021663877,25.26
2022-03-04,AVGO.US,buy,178.2501,51.92,signal,0.0,0,0.0,0.0
2025-08-04,AVGO.US,sell,289.7845,51.92,target_rebalance,5790.8699,1249,215.16028437512426,62.57
2022-03-04,AVGO.US,buy,178.2501,0.43,signal,0.0,0,0.0,0.0
2025-08-05,AVGO.US,sell,295.3481,0.43,target_rebalance,50.3522,1250,216.16028437512426,65.69
2025-07-11,MU.US,buy,120.8754,177.22,signal,0.0,0,0.0,0.0
2025-08-05,MU.US,sell,109.0157,177.22,target_rebalance,-2101.7646,25,16.006575644447484,-9.81
2023-05-05,NVDA.US,buy,107.5336,47.35,signal,0.0,0,0.0,0.0
2025-08-05,NVDA.US,sell,179.2017,47.35,target_rebalance,3393.4872,823,204.48309283842295,66.65
2022-03-04,AVGO.US,buy,178.2501,20.1,signal,0.0,0,0.0,0.0
2025-08-06,AVGO.US,sell,290.4787,20.1,target_rebalance,2255.796,1251,217.16028437512423,62.96
2025-07-11,MU.US,buy,120.8754,123.33,signal,0.0,0,0.0,0.0
2025-08-06,MU.US,sell,107.6194,123.33,target_rebalance,-1634.8627,26,17.006575644447484,-10.97
2023-05-05,NVDA.US,buy,107.5336,12.17,signal,0.0,0,0.0,0.0
2025-08-06,NVDA.US,sell,175.9194,12.17,target_rebalance,832.2551,824,205.48309283842295,63.59
2025-07-11,MU.US,buy,120.8754,183.46,signal,0.0,0,0.0,0.0
2025-08-07,MU.US,sell,113.8431,183.46,target_rebalance,-1290.1321,27,18.006575644447484,-5.82
2024-07-09,TSM.US,buy,187.109,71.93,signal,0.0,0,0.0,0.0
2025-08-07,TSM.US,sell,241.5541,71.93,target_rebalance,3916.2347,394,157.5605119184833,29.1
2023-05-05,NVDA.US,buy,108.6294,60.08,signal,0.0,0,0.0,0.0
2025-08-08,NVDA.US,sell,181.1272,60.08,target_rebalance,4355.6708,826,204.42447196274978,66.74
2024-07-09,TSM.US,buy,187.109,17.21,signal,0.0,0,0.0,0.0
2025-08-08,TSM.US,sell,240.2597,17.21,target_rebalance,914.7234,395,158.5605119184833,28.41
2025-07-11,MU.US,buy,120.8052,1377.19,signal,0.0,0,0.0,0.0
2025-08-11,MU.US,sell,124.645,1377.19,target_rebalance,5288.1215,31,19.85452866529902,3.18
2024-07-09,TSM.US,buy,188.7011,11.19,signal,0.0,0,0.0,0.0
2025-08-12,TSM.US,sell,240.813,11.19,target_rebalance,583.1321,399,155.7237701848301,27.62
2022-03-04,AVGO.US,buy,181.2543,110.54,signal,0.0,0,0.0,0.0
2025-08-13,AVGO.US,sell,314.1315,110.54,target_rebalance,14688.2466,1258,216.8639786183416,73.31
2025-07-11,MU.US,buy,120.8197,81.48,signal,0.0,0,0.0,0.0
2025-08-13,MU.US,sell,127.2482,81.48,target_rebalance,523.7908,33,21.775135608747593,5.32
2023-05-05,NVDA.US,buy,111.5144,130.47,signal,0.0,0,0.0,0.0
2025-08-14,NVDA.US,sell,179.3314,130.47,target_rebalance,8848.0868,832,200.33917453188957,60.81
2022-03-04,AVGO.US,buy,181.2928,17.09,signal,0.0,0,0.0,0.0
2025-08-15,AVGO.US,sell,308.4589,17.09,target_rebalance,2173.2675,1260,218.7962344501624,70.14
2023-05-05,NVDA.US,buy,111.5144,38.07,signal,0.0,0,0.0,0.0
2025-08-15,NVDA.US,sell,181.4565,38.07,target_rebalance,2662.6951,833,201.33917453188954,62.72
2023-05-05,NVDA.US,buy,111.5144,62.85,signal,0.0,0,0.0,0.0
2025-08-18,NVDA.US,sell,180.1794,62.85,target_rebalance,4315.5984,836,202.3391745318895,61.58
2024-07-09,TSM.US,buy,189.1462,92.13,signal,0.0,0,0.0,0.0
2025-08-18,TSM.US,sell,237.1275,92.13,target_rebalance,4420.5164,405,158.3135209131645,25.37
2025-07-11,MU.US,buy,120.8498,94.39,signal,0.0,0,0.0,0.0
2025-08-19,MU.US,sell,122.6203,94.39,target_rebalance,167.1154,39,25.41795263371589,1.47
2023-05-05,NVDA.US,buy,111.5144,52.73,signal,0.0,0,0.0,0.0
2025-08-19,NVDA.US,sell,182.0052,52.73,target_rebalance,3716.9792,837,203.3391745318895,63.21
2022-03-04,AVGO.US,buy,183.5566,81.61,signal,0.0,0,0.0,0.0
2025-08-20,AVGO.US,sell,293.0176,81.61,target_rebalance,8933.1103,1265,217.6230194885162,59.63
2025-07-11,MU.US,buy,120.8498,32.83,signal,0.0,0,0.0,0.0
2025-08-20,MU.US,sell,118.3913,32.83,target_rebalance,-80.7127,40,26.41795263371589,-2.03
2023-05-05,NVDA.US,buy,111.6158,54.64,signal,0.0,0,0.0,0.0
2025-08-21,NVDA.US,sell,174.4428,54.64,target_rebalance,3432.8672,839,205.01323249117218,56.29
2024-07-09,TSM.US,buy,189.8102,59.06,signal,0.0,0,0.0,0.0
2025-08-21,TSM.US,sell,225.4287,59.06,target_rebalance,2103.6304,408,158.5904300665134,18.77
2022-03-04,AVGO.US,buy,184.3788,30.18,signal,0.0,0,0.0,0.0
2025-08-22,AVGO.US,sell,289.3382,30.18,target_rebalance,3167.6775,1267,217.90593946352718,56.93
2025-07-11,MU.US,buy,120.8347,69.78,signal,0.0,0,0.0,0.0
2025-08-22,MU.US,sell,117.344,69.78,target_rebalance,-243.577,42,28.3121978353943,-2.89
2023-05-05,NVDA.US,buy,112.2442,171.14,signal,0.0,0,0.0,0.0
2025-08-25,NVDA.US,sell,177.9347,171.14,target_rebalance,11242.2701,843,204.88889566580815,58.52
2024-07-09,TSM.US,buy,189.8102,99.53,signal,0.0,0,0.0,0.0
2025-08-25,TSM.US,sell,231.5054,99.53,target_rebalance,4149.9206,412,160.5904300665134,21.97
2022-03-04,AVGO.US,buy,185.4682,5.17,signal,0.0,0,0.0,0.0
2025-08-26,AVGO.US,sell,291.9167,5.17,target_rebalance,550.339,1271,217.66861862025655,57.39
2023-05-05,NVDA.US,buy,112.2442,80.38,signal,0.0,0,0.0,0.0
2025-08-26,NVDA.US,sell,179.6407,80.38,target_rebalance,5417.3303,844,205.88889566580818,60.04
2024-07-09,TSM.US,buy,189.8102,55.24,signal,0.0,0,0.0,0.0
2025-08-26,TSM.US,sell,233.5507,55.24,target_rebalance,2416.2245,413,161.5904300665134,23.04
2022-03-04,AVGO.US,buy,185.4682,23.22,signal,0.0,0,0.0,0.0
2025-08-27,AVGO.US,sell,295.0705,23.22,target_rebalance,2544.9657,1272,218.66861862025655,59.09
2023-05-05,NVDA.US,buy,112.2442,36.16,signal,0.0,0,0.0,0.0
2025-08-27,NVDA.US,sell,181.5562,36.16,target_rebalance,2506.3228,845,206.88889566580815,61.75
2022-03-04,AVGO.US,buy,185.4682,79.12,signal,0.0,0,0.0,0.0
2025-08-28,AVGO.US,sell,300.4258,79.12,target_rebalance,9095.4485,1273,219.66861862025655,61.98
2025-07-11,MU.US,buy,120.7111,151.64,signal,0.0,0,0.0,0.0
2025-08-28,MU.US,sell,118.5708,151.64,target_rebalance,-324.5602,48,31.40946862335019,-1.77
2022-03-04,AVGO.US,buy,185.4682,44.81,signal,0.0,0,0.0,0.0
2025-08-29,AVGO.US,sell,304.4721,44.81,target_rebalance,5332.5664,1274,220.66861862025652,64.16
2025-07-11,MU.US,buy,120.7111,413.92,signal,0.0,0,0.0,0.0
2025-08-29,MU.US,sell,122.2811,413.92,target_rebalance,649.8481,49,32.409468623350186,1.3
2023-05-05,NVDA.US,buy,114.4066,23.04,signal,0.0,0,0.0,0.0
2025-09-02,NVDA.US,sell,169.6041,23.04,target_rebalance,1271.7501,851,203.12735034931407,48.25
2024-07-09,TSM.US,buy,190.731,58.97,signal,0.0,0,0.0,0.0
2025-09-02,TSM.US,sell,223.4526,58.97,target_rebalance,1929.5909,420,162.1640293993315,17.16
2022-03-04,AVGO.US,buy,186.1506,110.69,signal,0.0,0,0.0,0.0
2025-09-03,AVGO.US,sell,299.7911,110.69,target_rebalance,12578.8712,1279,221.18638991645975,61.05
2025-07-11,MU.US,buy,120.6916,36.56,signal,0.0,0,0.0,0.0
2025-09-03,MU.US,sell,119.0496,36.56,target_rebalance,-60.0337,54,34.27691548704454,-1.36
2022-03-04,AVGO.US,buy,186.1506,59.59,signal,0.0,0,0.0,0.0
2025-09-04,AVGO.US,sell,302.5382,59.59,target_rebalance,6935.5375,1280,222.18638991645977,62.52
2022-03-04,AVGO.US,buy,186.1506,581.61,signal,0.0,0,0.0,0.0
2025-09-05,AVGO.US,sell,352.8389,581.61,target_rebalance,96947.5996,1281,223.18638991645977,89.54
2025-07-11,MU.US,buy,120.6867,117.39,signal,0.0,0,0.0,0.0
2025-09-05,MU.US,sell,127.4377,117.39,target_rebalance,792.5014,56,36.18550075713366,5.59
2025-07-11,MU.US,buy,120.6867,406.85,signal,0.0,0,0.0,0.0
2025-09-08,MU.US,sell,130.2105,406.85,target_rebalance,3874.7562,59,37.18550075713366,7.89
2024-07-09,TSM.US,buy,191.9761,71.84,signal,0.0,0,0.0,0.0
2025-09-08,TSM.US,sell,239.1037,71.84,target_rebalance,3385.6456,426,161.76495160602644,24.55
2022-03-04,AVGO.US,buy,191.1147,20.53,signal,0.0,0,0.0,0.0
2025-09-09,AVGO.US,sell,346.6604,20.53,target_rebalance,3193.3528,1285,217.9806947136092,81.39
2024-07-09,TSM.US,buy,191.9761,52.36,signal,0.0,0,0.0,0.0
2025-09-09,TSM.US,sell,243.9847,52.36,target_rebalance,2723.1728,427,162.76495160602644,27.09
2025-07-11,MU.US,buy,120.7216,16685.93,signal,0.0,0,0.0,0.0
2025-09-10,MU.US,sell,139.6558,16685.93,signal,315934.7104,61,39.06405085741688,15.68
2023-05-05,NVDA.US,buy,119.7866,33.07,signal,0.0,0,0.0,0.0
2025-09-10,NVDA.US,sell,176.2287,33.07,target_rebalance,1866.5394,859,188.68313075156618,47.12
2024-07-09,TSM.US,buy,191.9761,72.52,signal,0.0,0,0.0,0.0
2025-09-10,TSM.US,sell,255.7823,72.52,target_rebalance,4627.2288,428,163.76495160602644,33.24
2022-03-04,AVGO.US,buy,196.0226,192.31,signal,0.0,0,0.0,0.0
2025-09-11,AVGO.US,sell,368.1116,192.31,target_rebalance,33094.4437,1287,213.1871259408043,87.79
2025-09-10,LRCX.US,buy,106.2307,1179.86,signal,0.0,0,0.0,0.0
2025-09-12,LRCX.US,sell,115.1667,1179.86,target_rebalance,10543.268,2,1.99279241775455,8.41
2025-09-10,LRCX.US,buy,106.2307,363.42,signal,0.0,0,0.0,0.0
2025-09-15,LRCX.US,sell,117.0345,363.42,target_rebalance,3926.3196,5,2.99279241775455,10.17
2025-09-10,LRCX.US,buy,106.2307,35.77,signal,0.0,0,0.0,0.0
2025-09-16,LRCX.US,sell,119.2003,35.77,target_rebalance,463.9246,6,3.99279241775455,12.21
2024-07-09,TSM.US,buy,193.5365,64.78,signal,0.0,0,0.0,0.0
2025-09-16,TSM.US,sell,263.5771,64.78,target_rebalance,4537.2331,434,163.85430617543471,36.19
2025-09-10,LRCX.US,buy,106.2307,344.84,signal,0.0,0,0.0,0.0
2025-09-17,LRCX.US,sell,120.0348,344.84,target_rebalance,4760.2345,7,4.99279241775455,12.99
2024-07-09,TSM.US,buy,193.5365,39.7,signal,0.0,0,0.0,0.0
2025-09-17,TSM.US,sell,262.0111,39.7,target_rebalance,2718.4409,435,164.85430617543474,35.38
2025-09-10,LRCX.US,buy,106.2307,863.46,signal,0.0,0,0.0,0.0
2025-09-18,LRCX.US,sell,125.7276,863.46,target_rebalance,16834.8409,8,5.99279241775455,18.35
2023-05-05,NVDA.US,buy,122.9218,56.39,signal,0.0,0,0.0,0.0
2025-09-18,NVDA.US,sell,173.5846,56.39,target_rebalance,2856.8758,867,183.98205722607625,41.22
2023-05-05,NVDA.US,buy,122.9218,52.71,signal,0.0,0,0.0,0.0
2025-09-19,NVDA.US,sell,175.3706,52.71,target_rebalance,2764.5727,868,184.98205722607622,42.67
2024-07-09,TSM.US,buy,195.0169,215.64,signal,0.0,0,0.0,0.0
2025-09-19,TSM.US,sell,264.0231,215.64,target_rebalance,14880.5076,437,162.9384643470431,35.38
2025-09-10,LRCX.US,buy,106.3453,372.91,signal,0.0,0,0.0,0.0
2025-09-22,LRCX.US,sell,128.9565,372.91,target_rebalance,8431.9522,12,7.951818168884525,21.26
2023-05-05,NVDA.US,buy,123.2196,179.08,signal,0.0,0,0.0,0.0
2025-09-23,NVDA.US,sell,181.5565,179.08,target_rebalance,10446.9673,872,185.92373510810194,47.34
2024-07-09,TSM.US,buy,195.1834,299.81,signal,0.0,0,0.0,0.0
2025-09-23,TSM.US,sell,279.912,299.81,target_rebalance,25402.4809,441,164.54695720493729,43.41
2022-03-04,AVGO.US,buy,214.9041,6.03,signal,0.0,0,0.0,0.0
2025-09-24,AVGO.US,sell,337.5287,6.03,target_rebalance,739.4262,1300,195.12442298198394,57.06
2025-09-10,LRCX.US,buy,106.8099,116.38,signal,0.0,0,0.0,0.0
2025-09-24,LRCX.US,sell,129.4102,116.38,target_rebalance,2630.2261,14,9.769550183816385,21.16
2022-03-04,AVGO.US,buy,214.9041,40.03,signal,0.0,0,0.0,0.0
2025-09-25,AVGO.US,sell,330.8031,40.03,target_rebalance,4639.4372,1301,196.1244229819839,53.93
2022-03-04,AVGO.US,buy,214.9041,8.34,signal,0.0,0,0.0,0.0
2025-09-26,AVGO.US,sell,335.214,8.34,target_rebalance,1003.384,1302,197.12442298198394,55.98
2023-05-05,NVDA.US,buy,123.7662,93.12,signal,0.0,0,0.0,0.0
2025-09-26,NVDA.US,sell,177.7651,93.12,target_rebalance,5028.375,875,187.0377937220873,43.63
2025-09-10,LRCX.US,buy,106.8179,431.92,signal,0.0,0,0.0,0.0
2025-09-29,LRCX.US,sell,132.4763,431.92,target_rebalance,11082.3637,19,12.765050964102812,24.02
2023-05-05,NVDA.US,buy,123.7662,185.98,signal,0.0,0,0.0,0.0
2025-09-30,NVDA.US,sell,181.6662,185.98,target_rebalance,10768.2386,879,189.0377937220873,46.78
2024-07-09,TSM.US,buy,196.3915,1.09,signal,0.0,0,0.0,0.0
2025-09-30,TSM.US,sell,272.8943,1.09,target_rebalance,83.388,448,166.95310649474465,38.95
2023-05-05,NVDA.US,buy,123.7662,128.03,signal,0.0,0,0.0,0.0
2025-10-01,NVDA.US,sell,184.8191,128.03,target_rebalance,7816.5926,880,190.0377937220873,49.33
2024-07-09,TSM.US,buy,196.3915,32.69,signal,0.0,0,0.0,0.0
2025-10-01,TSM.US,sell,275.9868,32.69,target_rebalance,2601.9703,449,167.95310649474465,40.53
2025-09-10,LRCX.US,buy,106.9319,744.33,signal,0.0,0,0.0,0.0
2025-10-02,LRCX.US,sell,146.3032,744.33,target_rebalance,29305.2918,22,15.700209815383273,36.82
2024-07-09,TSM.US,buy,196.3915,9.66,signal,0.0,0,0.0,0.0
2025-10-02,TSM.US,sell,293.9075,9.66,target_rebalance,942.0047,450,168.95310649474465,49.65
2025-09-10,LRCX.US,buy,106.9319,37.21,signal,0.0,0,0.0,0.0
2025-10-03,LRCX.US,sell,145.1585,37.21,target_rebalance,1422.4117,23,16.700209815383275,35.75
2023-05-05,NVDA.US,buy,126.1277,79.25,signal,0.0,0,0.0,0.0
2025-10-03,NVDA.US,sell,188.7601,79.25,target_rebalance,4963.6107,882,185.17968250405457,49.66
2025-09-10,LRCX.US,buy,106.9319,412.93,signal,0.0,0,0.0,0.0
2025-10-06,LRCX.US,sell,149.2199,412.93,target_rebalance,17462.0137,26,17.700209815383275,39.55
2024-07-09,TSM.US,buy,196.4363,158.54,signal,0.0,0,0.0,0.0
2025-10-06,TSM.US,sell,297.3668,158.54,target_rebalance,16001.5286,454,170.8726197598583,51.38
2024-07-09,TSM.US,buy,196.4363,135.6,signal,0.0,0,0.0,0.0
2025-10-07,TSM.US,sell,303.9185,135.6,target_rebalance,14574.5978,455,171.87261975985834,54.72
2022-03-04,AVGO.US,buy,223.6616,145.78,signal,0.0,0,0.0,0.0
2025-10-08,AVGO.US,sell,331.6277,145.78,target_rebalance,15739.2871,1314,190.2910334128253,48.27
2023-05-05,NVDA.US,buy,127.5335,418.3,signal,0.0,0,0.0,0.0
2025-10-08,NVDA.US,sell,186.146,418.3,target_rebalance,24517.6104,887,183.7704690260102,45.96
2022-03-04,AVGO.US,buy,223.6616,46.97,signal,0.0,0,0.0,0.0
2025-10-09,AVGO.US,sell,343.4793,46.97,target_rebalance,5627.8364,1315,191.2910334128253,53.57
2025-09-10,LRCX.US,buy,108.7194,18374.7,signal,0.0,0,0.0,0.0
2025-10-09,LRCX.US,sell,141.1069,18374.7,signal,595111.6791,29,19.617718757858597,29.79
2023-05-05,NVDA.US,buy,127.5335,12.93,signal,0.0,0,0.0,0.0
2025-10-09,NVDA.US,sell,191.7931,12.93,target_rebalance,830.877,888,184.77046902601023,50.39
2023-05-05,NVDA.US,buy,127.5335,103.75,signal,0.0,0,0.0,0.0
2025-10-10,NVDA.US,sell,193.0702,103.75,target_rebalance,6799.4352,889,185.7704690260102,51.39
2022-03-04,AVGO.US,buy,223.6616,202.98,signal,0.0,0,0.0,0.0
2025-10-13,AVGO.US,sell,350.4532,202.98,target_rebalance,25736.1576,1319,193.29103341282533,56.69
2022-03-04,AVGO.US,buy,223.6616,42.49,signal,0.0,0,0.0,0.0
2025-10-14,AVGO.US,sell,347.8306,42.49,target_rebalance,5275.938,1320,194.29103341282533,55.52
2024-07-09,TSM.US,buy,198.1609,24.16,signal,0.0,0,0.0,0.0
2025-10-14,TSM.US,sell,293.0254,24.16,target_rebalance,2291.927,462,173.88367950200703,47.87
2025-10-09,MU.US,buy,192.9231,107.87,signal,0.0,0,0.0,0.0
2025-10-15,MU.US,sell,192.0996,107.87,target_rebalance,-88.8278,6,3.970594080680919,-0.43
2024-07-09,TSM.US,buy,198.1609,140.4,signal,0.0,0,0.0,0.0
2025-10-15,TSM.US,sell,303.5915,140.4,target_rebalance,14802.4611,463,174.88367950200703,53.2
2025-10-09,MU.US,buy,192.9231,355.56,signal,0.0,0,0.0,0.0
2025-10-16,MU.US,sell,199.5648,355.56,target_rebalance,2361.5501,7,4.970594080680919,3.44
2024-07-09,TSM.US,buy,198.1609,30.3,signal,0.0,0,0.0,0.0
2025-10-16,TSM.US,sell,308.1906,30.3,target_rebalance,3333.9005,464,175.883679502007,55.53
2025-10-09,MU.US,buy,192.9231,200.97,signal,0.0,0,0.0,0.0
2025-10-17,MU.US,sell,198.8862,200.97,target_rebalance,1198.4049,8,5.970594080680918,3.09
2023-05-05,NVDA.US,buy,131.3671,78.67,signal,0.0,0,0.0,0.0
2025-10-17,NVDA.US,sell,179.7705,78.67,target_rebalance,3807.8945,896,178.13395675483468,36.85
2025-10-09,MU.US,buy,192.9231,380.33,signal,0.0,0,0.0,0.0
2025-10-20,MU.US,sell,209.2457,380.33,target_rebalance,6207.9734,11,6.970594080680919,8.46
2023-05-05,NVDA.US,buy,131.5105,92.97,signal,0.0,0,0.0,0.0
2025-10-21,NVDA.US,sell,182.3746,92.97,target_rebalance,4728.8332,900,179.6372780565204,38.68
2024-07-09,TSM.US,buy,201.66,44.11,signal,0.0,0,0.0,0.0
2025-10-21,TSM.US,sell,296.3657,44.11,target_rebalance,4177.4673,469,172.60984916780893,46.96
2022-03-04,AVGO.US,buy,226.3307,14.4,signal,0.0,0,0.0,0.0
2025-10-22,AVGO.US,sell,345.0192,14.4,target_rebalance,1709.1141,1328,196.2126696906482,52.44
2023-05-05,NVDA.US,buy,131.5105,37.16,signal,0.0,0,0.0,0.0
2025-10-22,NVDA.US,sell,180.7283,37.16,target_rebalance,1828.9344,901,180.6372780565204,37.43
2023-05-05,NVDA.US,buy,131.5105,163.66,signal,0.0,0,0.0,0.0
2025-10-23,NVDA.US,sell,180.01,163.66,target_rebalance,7937.4215,902,181.6372780565204,36.88
2024-07-09,TSM.US,buy,202.2478,22.51,signal,0.0,0,0.0,0.0
2025-10-23,TSM.US,sell,287.2467,22.51,target_rebalance,1913.3247,471,173.46761333605446,42.03
2025-10-09,MU.US,buy,193.115,472.48,signal,0.0,0,0.0,0.0
2025-10-24,MU.US,sell,211.9703,472.48,target_rebalance,8908.7419,15,10.758152232590732,9.76
2025-10-09,MU.US,buy,193.115,314.97,signal,0.0,0,0.0,0.0
2025-10-27,MU.US,sell,224.3657,314.97,target_rebalance,9843.039,18,11.758152232590732,16.18
2022-03-04,AVGO.US,buy,227.7012,22.8,signal,0.0,0,0.0,0.0
2025-10-28,AVGO.US,sell,360.2386,22.8,target_rebalance,3021.8508,1334,198.0638466422501,58.21
2023-05-05,NVDA.US,buy,132.3739,252.36,signal,0.0,0,0.0,0.0
2025-10-28,NVDA.US,sell,192.6113,252.36,target_rebalance,15201.5055,907,181.62097583244812,45.51
2025-10-09,MU.US,buy,193.6885,1.93,signal,0.0,0,0.0,0.0
2025-10-29,MU.US,sell,228.6073,1.93,target_rebalance,67.3933,20,13.474760637336447,18.03
2023-05-05,NVDA.US,buy,132.3739,435.51,signal,0.0,0,0.0,0.0
2025-10-29,NVDA.US,sell,207.5074,435.51,target_rebalance,32721.365,908,182.62097583244815,56.76
2022-03-04,AVGO.US,buy,229.4651,246.11,signal,0.0,0,0.0,0.0
2025-10-30,AVGO.US,sell,383.8624,246.11,target_rebalance,37998.7112,1336,197.62174760947312,67.29
2025-10-09,MU.US,buy,194.0422,59.4,signal,0.0,0,0.0,0.0
2025-10-31,MU.US,sell,227.2999,59.4,target_rebalance,1975.5062,22,15.316821330692797,17.14
2023-05-05,NVDA.US,buy,133.2173,52.37,signal,0.0,0,0.0,0.0
2025-10-31,NVDA.US,sell,205.9808,52.37,target_rebalance,3810.6242,910,182.4913137481804,54.62
2024-07-09,TSM.US,buy,208.1052,65.99,signal,0.0,0,0.0,0.0
2025-10-31,TSM.US,sell,303.2941,65.99,target_rebalance,6281.5131,479,168.74331981742057,45.74
2025-10-09,MU.US,buy,194.0422,305.25,signal,0.0,0,0.0,0.0
2025-11-03,MU.US,sell,233.4178,305.25,target_rebalance,12019.3978,25,16.316821330692797,20.29
2023-05-05,NVDA.US,buy,133.2173,83.66,signal,0.0,0,0.0,0.0
2025-11-03,NVDA.US,sell,207.6071,83.66,target_rebalance,6223.4495,913,183.4913137481804,55.84
2023-05-05,NVDA.US,buy,133.2173,108.05,signal,0.0,0,0.0,0.0
2025-11-04,NVDA.US,sell,202.5387,108.05,target_rebalance,7490.1701,914,184.4913137481804,52.04
2024-07-09,TSM.US,buy,209.1105,108.93,signal,0.0,0,0.0,0.0
2025-11-04,TSM.US,sell,294.2644,108.93,target_rebalance,9275.8057,483,168.89690823960314,40.72
2025-10-09,MU.US,buy,194.5117,291.74,signal,0.0,0,0.0,0.0
2025-11-05,MU.US,sell,225.224,291.74,target_rebalance,8959.9994,27,18.027504119342503,15.79
2022-03-04,AVGO.US,buy,236.6808,46.01,signal,0.0,0,0.0,0.0
2025-11-06,AVGO.US,sell,357.745,46.01,target_rebalance,5570.1632,1343,192.13580655383248,51.15
2025-10-09,MU.US,buy,194.5117,409.58,signal,0.0,0,0.0,0.0
2025-11-06,MU.US,sell,237.37,409.58,target_rebalance,17553.8721,28,19.027504119342506,22.03
2022-03-04,AVGO.US,buy,236.6808,106.99,signal,0.0,0,0.0,0.0
2025-11-07,AVGO.US,sell,351.8639,106.99,target_rebalance,12323.4383,1344,193.13580655383248,48.67
2025-10-09,MU.US,buy,194.5117,166.16,signal,0.0,0,0.0,0.0
2025-11-07,MU.US,sell,233.5675,166.16,target_rebalance,6489.5015,29,20.027504119342503,20.08
2023-05-05,NVDA.US,buy,135.6439,14098.81,signal,0.0,0,0.0,0.0
2025-11-07,NVDA.US,sell,184.4798,14098.81,signal,688528.0563,917,180.39377441791532,36.0
2024-07-09,TSM.US,buy,210.3677,9478.25,signal,0.0,0,0.0,0.0
2025-11-07,TSM.US,sell,282.6972,9478.25,signal,685556.804,486,169.30319665272393,34.38
2025-11-07,AMD.US,buy,231.1709,119.25,signal,0.0,0,0.0,0.0
2025-11-10,AMD.US,sell,241.8979,119.25,target_rebalance,1279.1848,3,1.0,4.64
2025-10-09,MU.US,buy,194.5117,258.93,signal,0.0,0,0.0,0.0
2025-11-10,MU.US,sell,247.47,258.93,target_rebalance,13712.4712,32,21.027504119342503,27.23
2022-03-04,AVGO.US,buy,239.3554,7.48,signal,0.0,0,0.0,0.0
2025-11-11,AVGO.US,sell,356.6125,7.48,target_rebalance,877.0834,1348,190.79373062100538,48.99
2025-10-09,MU.US,buy,194.5117,16.9,signal,0.0,0,0.0,0.0
2025-11-11,MU.US,sell,247.8492,16.9,target_rebalance,901.4031,33,22.027504119342503,27.42
2025-11-07,AMD.US,buy,231.1711,462.12,signal,0.0,0,0.0,0.0
2025-11-12,AMD.US,sell,252.8769,462.12,target_rebalance,10030.6894,5,2.9999773858966274,9.39
2025-11-07,AMD.US,buy,231.1711,64.84,signal,0.0,0,0.0,0.0
2025-11-13,AMD.US,sell,251.6481,64.84,target_rebalance,1327.7306,6,3.9999773858966274,8.86
2025-10-09,MU.US,buy,195.2767,39.16,signal,0.0,0,0.0,0.0
2025-11-13,MU.US,sell,243.1186,39.16,target_rebalance,1873.487,35,23.677938073494865,24.5
2025-11-07,AMD.US,buy,231.1711,103.64,signal,0.0,0,0.0,0.0
2025-11-14,AMD.US,sell,239.8699,103.64,target_rebalance,901.5464,7,4.999977385896627,3.76
2025-10-09,MU.US,buy,195.2767,70.89,signal,0.0,0,0.0,0.0
2025-11-14,MU.US,sell,230.9926,70.89,target_rebalance,2531.8967,36,24.677938073494865,18.29
2025-10-09,MU.US,buy,195.2767,440.77,signal,0.0,0,0.0,0.0
2025-11-17,MU.US,sell,246.432,440.77,target_rebalance,22547.7161,39,25.677938073494865,26.2
2022-03-04,AVGO.US,buy,240.7641,207.91,signal,0.0,0,0.0,0.0
2025-11-18,AVGO.US,sell,340.9461,207.91,target_rebalance,20828.8332,1355,193.3332390819963,41.61
2025-11-07,LRCX.US,buy,158.9605,48.47,signal,0.0,0,0.0,0.0
2025-11-18,LRCX.US,sell,144.5911,48.47,target_rebalance,-696.4889,11,6.677387285042346,-9.04
2022-03-04,AVGO.US,buy,240.7641,60.22,signal,0.0,0,0.0,0.0
2025-11-19,AVGO.US,sell,338.4724,60.22,target_rebalance,5883.9939,1356,194.33323908199628,40.58
2025-11-07,LRCX.US,buy,158.9605,457.58,signal,0.0,0,0.0,0.0
2025-11-19,LRCX.US,sell,146.1041,457.58,target_rebalance,-5882.8273,12,7.677387285042346,-8.09
2022-03-04,AVGO.US,buy,240.7641,272.19,signal,0.0,0,0.0,0.0
2025-11-20,AVGO.US,sell,363.5964,272.19,target_rebalance,33433.7033,1357,195.3332390819963,51.02
2025-11-07,LRCX.US,buy,158.9605,163.47,signal,0.0,0,0.0,0.0
2025-11-20,LRCX.US,sell,152.7638,163.47,target_rebalance,-1012.9806,13,8.677387285042345,-3.9
2022-03-04,AVGO.US,buy,240.7641,251.57,signal,0.0,0,0.0,0.0
2025-11-21,AVGO.US,sell,342.8933,251.57,target_rebalance,25692.6243,1358,196.3332390819963,42.42
2025-11-07,LRCX.US,buy,158.9605,3.12,signal,0.0,0,0.0,0.0
2025-11-21,LRCX.US,sell,139.1658,3.12,target_rebalance,-61.7597,14,9.677387285042343,-12.45
2025-11-07,LRCX.US,buy,158.9605,346.44,signal,0.0,0,0.0,0.0
2025-11-24,LRCX.US,sell,144.9395,346.44,target_rebalance,-4857.4603,17,10.677387285042347,-8.82
2025-10-09,MU.US,buy,197.8498,233.97,signal,0.0,0,0.0,0.0
2025-11-24,MU.US,sell,212.9883,233.97,target_rebalance,3541.9507,46,28.141528948328588,7.65
2022-03-04,AVGO.US,buy,241.9433,466.21,signal,0.0,0,0.0,0.0
2025-11-25,AVGO.US,sell,382.402,466.21,target_rebalance,65483.2652,1362,196.12503675773644,58.05
2025-11-07,AMD.US,buy,228.6942,149.28,signal,0.0,0,0.0,0.0
2025-11-26,AMD.US,sell,209.84,149.28,target_rebalance,-2814.5685,19,11.483152404988441,-8.24
2025-10-09,MU.US,buy,197.9292,191.61,signal,0.0,0,0.0,0.0
2025-11-26,MU.US,sell,229.1662,191.61,target_rebalance,5985.3297,48,30.033296460705156,15.78
2025-11-07,AMD.US,buy,228.6942,15.67,signal,0.0,0,0.0,0.0
2025-11-28,AMD.US,sell,215.9239,15.67,target_rebalance,-200.1119,21,12.483152404988441,-5.58
2022-03-04,AVGO.US,buy,245.3437,40.04,signal,0.0,0,0.0,0.0
2025-11-28,AVGO.US,sell,396.7273,40.04,target_rebalance,6061.4026,1365,193.39935030508582,61.7
2025-11-07,AMD.US,buy,228.6942,7.14,signal,0.0,0,0.0,0.0
2025-12-01,AMD.US,sell,213.6661,7.14,target_rebalance,-107.3008,24,13.48315240498844,-6.57
2025-11-07,LRCX.US,buy,158.8702,6.96,signal,0.0,0,0.0,0.0
2025-12-01,LRCX.US,sell,154.1475,6.96,target_rebalance,-32.8696,24,14.479524750068341,-2.97
2025-11-07,AMD.US,buy,228.6942,284.32,signal,0.0,0,0.0,0.0
2025-12-02,AMD.US,sell,221.5682,284.32,target_rebalance,-2026.0757,25,14.483152404988441,-3.12
2025-10-09,MU.US,buy,198.0217,137.8,signal,0.0,0,0.0,0.0
2025-12-02,MU.US,sell,238.2782,137.8,target_rebalance,5547.3422,54,32.947045917981264,20.33
2025-11-07,LRCX.US,buy,158.8531,316.62,signal,0.0,0,0.0,0.0
2025-12-03,LRCX.US,sell,156.4353,316.62,target_rebalance,-765.5063,26,16.402206927431088,-1.52
2025-10-09,MU.US,buy,198.0217,22.96,signal,0.0,0,0.0,0.0
2025-12-03,MU.US,sell,235.9228,22.96,target_rebalance,870.2104,55,33.947045917981264,19.14
2025-11-07,AMD.US,buy,228.5569,72.94,signal,0.0,0,0.0,0.0
2025-12-04,AMD.US,sell,216.6631,72.94,target_rebalance,-867.5324,27,16.309112876519645,-5.2
2022-03-04,AVGO.US,buy,250.54,34.13,signal,0.0,0,0.0,0.0
2025-12-04,AVGO.US,sell,378.18,34.13,target_rebalance,4356.3521,1371,190.08780619351194,50.95
2025-11-07,LRCX.US,buy,158.8531,103.6,signal,0.0,0,0.0,0.0
2025-12-04,LRCX.US,sell,156.5949,103.6,target_rebalance,-233.9487,27,17.402206927431088,-1.42
2022-03-04,AVGO.US,buy,250.54,61.84,signal,0.0,0,0.0,0.0
2025-12-05,AVGO.US,sell,383.6339,61.84,target_rebalance,8230.5268,1372,191.08780619351194,53.12
2025-11-07,LRCX.US,buy,158.8531,116.86,signal,0.0,0,0.0,0.0
2025-12-05,LRCX.US,sell,158.5492,116.86,target_rebalance,-35.5107,28,18.402206927431088,-0.19
2022-03-04,AVGO.US,buy,250.54,62.37,signal,0.0,0,0.0,0.0
2025-12-08,AVGO.US,sell,399.8368,62.37,target_rebalance,9311.6408,1375,192.08780619351194,59.59
2025-10-09,MU.US,buy,198.9759,314.72,signal,0.0,0,0.0,0.0
2025-12-08,MU.US,sell,243.0088,314.72,target_rebalance,13858.046,60,35.88597600357303,22.13
2025-11-07,AMD.US,buy,228.3168,98.95,signal,0.0,0,0.0,0.0
2025-12-09,AMD.US,sell,220.819,98.95,target_rebalance,-741.9129,32,18.844111906634677,-3.28
2025-10-09,MU.US,buy,198.9759,57.89,signal,0.0,0,0.0,0.0
2025-12-09,MU.US,sell,244.0068,57.89,target_rebalance,2606.8417,61,36.88597600357302,22.63
2025-11-07,LRCX.US,buy,158.8998,72.23,signal,0.0,0,0.0,0.0
2025-12-10,LRCX.US,sell,164.6116,72.23,target_rebalance,412.5604,33,21.03835902845297,3.59
2025-10-09,MU.US,buy,198.9759,249.34,signal,0.0,0,0.0,0.0
2025-12-10,MU.US,sell,254.6258,249.34,target_rebalance,13875.748,62,37.88597600357301,27.97
2022-03-04,AVGO.US,buy,253.2174,3.67,signal,0.0,0,0.0,0.0
2025-12-11,AVGO.US,sell,402.1713,3.67,target_rebalance,546.661,1378,191.59778069142882,58.82
2025-10-09,MU.US,buy,198.9759,228.97,signal,0.0,0,0.0,0.0
2025-12-11,MU.US,sell,261.0132,228.97,target_rebalance,14204.676,63,38.88597600357302,31.18
2025-11-07,AMD.US,buy,227.9988,247.3,signal,0.0,0,0.0,0.0
2025-12-12,AMD.US,sell,218.1516,247.3,target_rebalance,-2435.2089,35,21.097160731620708,-4.32
2025-11-07,LRCX.US,buy,158.8998,426.96,signal,0.0,0,0.0,0.0
2025-12-12,LRCX.US,sell,166.3565,426.96,target_rebalance,3183.7097,35,23.038359028452973,4.69
2025-11-07,AMD.US,buy,227.9988,55.19,signal,0.0,0,0.0,0.0
2025-12-15,AMD.US,sell,212.0677,55.19,target_rebalance,-879.2369,38,22.097160731620708,-6.99
2025-11-07,LRCX.US,buy,158.8998,196.52,signal,0.0,0,0.0,0.0
2025-12-15,LRCX.US,sell,162.9265,196.52,target_rebalance,791.3179,38,24.038359028452973,2.53
2025-11-07,AMD.US,buy,227.9988,109.1,signal,0.0,0,0.0,0.0
2025-12-16,AMD.US,sell,206.7131,109.1,target_rebalance,-2322.2734,39,23.09716073162071,-9.34
2025-11-07,LRCX.US,buy,158.8998,664.9,signal,0.0,0,0.0,0.0
2025-12-16,LRCX.US,sell,164.0233,664.9,target_rebalance,3406.5915,39,25.038359028452973,3.22
2025-11-07,AMD.US,buy,227.9988,46.62,signal,0.0,0,0.0,0.0
2025-12-17,AMD.US,sell,209.83,46.62,target_rebalance,-847.0321,40,24.097160731620708,-7.97
2022-03-04,AVGO.US,buy,263.0054,137.55,signal,0.0,0,0.0,0.0
2025-12-17,AVGO.US,sell,344.3337,137.55,target_rebalance,11186.7039,1384,177.35447776479305,30.92
2025-10-09,MU.US,buy,199.9231,798.4,signal,0.0,0,0.0,0.0
2025-12-18,MU.US,sell,256.023,798.4,target_rebalance,44790.2225,70,42.8780161854486,28.06
2025-11-07,AMD.US,buy,227.221,40.39,signal,0.0,0,0.0,0.0
2025-12-19,AMD.US,sell,204.3954,40.39,target_rebalance,-921.9271,42,25.282979666279253,-10.05
2025-11-07,LRCX.US,buy,158.9994,272.13,signal,0.0,0,0.0,0.0
2025-12-19,LRCX.US,sell,165.5987,272.13,target_rebalance,1795.8713,42,27.458051566216454,4.15
2025-11-07,AMD.US,buy,227.221,90.07,signal,0.0,0,0.0,0.0
2025-12-22,AMD.US,sell,219.78,90.07,target_rebalance,-670.2139,45,26.282979666279257,-3.27
2025-10-09,MU.US,buy,200.7214,296.27,signal,0.0,0,0.0,0.0
2025-12-22,MU.US,sell,276.6023,296.27,target_rebalance,22481.2223,74,44.20217553876945,37.8
2025-11-07,LRCX.US,buy,159.1214,147.44,signal,0.0,0,0.0,0.0
2025-12-23,LRCX.US,sell,174.7521,147.44,target_rebalance,2304.5859,46,29.247861849318216,9.82
2025-10-09,MU.US,buy,200.7214,93.01,signal,0.0,0,0.0,0.0
2025-12-23,MU.US,sell,275.3747,93.01,target_rebalance,6943.5037,75,45.20217553876946,37.19
2022-03-04,AVGO.US,buy,268.013,123.67,signal,0.0,0,0.0,0.0
2025-12-24,AVGO.US,sell,349.0535,123.67,target_rebalance,10022.2759,1391,170.46102247995157,30.24
2025-10-09,MU.US,buy,200.8691,267.19,signal,0.0,0,0.0,0.0
2025-12-26,MU.US,sell,290.2652,267.19,target_rebalance,23885.7599,78,47.11389836153641,44.5
2022-03-04,AVGO.US,buy,269.1117,74.23,signal,0.0,0,0.0,0.0
2025-12-29,AVGO.US,sell,347.0927,74.23,target_rebalance,5788.5263,1396,170.16664066356765,28.98
2025-11-07,LRCX.US,buy,159.2713,101.33,signal,0.0,0,0.0,0.0
2025-12-29,LRCX.US,sell,175.9885,101.33,target_rebalance,1693.9543,52,31.96416373499856,10.5
2025-10-09,MU.US,buy,202.1816,293.04,signal,0.0,0,0.0,0.0
2025-12-30,MU.US,sell,294.2364,293.04,target_rebalance,26975.7502,82,48.32036784791878,45.53
2025-11-07,AMD.US,buy,226.7928,50.53,signal,0.0,0,0.0,0.0
2025-12-31,AMD.US,sell,215.6042,50.53,target_rebalance,-565.3603,54,31.3497118232163,-4.93
2022-03-04,AVGO.US,buy,270.1341,14.18,signal,0.0,0,0.0,0.0
2025-12-31,AVGO.US,sell,348.098,14.18,target_rebalance,1105.5277,1398,169.97709122733588,28.86
2025-11-07,AMD.US,buy,226.7928,28.31,signal,0.0,0,0.0,0.0
2026-01-02,AMD.US,sell,218.6811,28.31,target_rebalance,-229.6422,56,32.3497118232163,-3.58
2025-11-07,LRCX.US,buy,159.6538,82.53,signal,0.0,0,0.0,0.0
2026-01-02,LRCX.US,sell,177.3346,82.53,target_rebalance,1459.1954,56,34.19135438446747,11.07
2025-11-07,LRCX.US,buy,159.6538,191.84,signal,0.0,0,0.0,0.0
2026-01-05,LRCX.US,sell,189.5691,191.84,target_rebalance,5738.9348,59,35.19135438446747,18.74
2025-10-09,MU.US,buy,202.5689,383.97,signal,0.0,0,0.0,0.0
2026-01-05,MU.US,sell,324.6186,383.97,target_rebalance,46863.4052,88,51.11095319322312,60.25
2025-11-07,LRCX.US,buy,159.6538,798.83,signal,0.0,0,0.0,0.0
2026-01-06,LRCX.US,sell,197.2168,798.83,target_rebalance,30006.4281,60,36.19135438446747,23.53
2025-11-07,LRCX.US,buy,159.6538,208.83,signal,0.0,0,0.0,0.0
2026-01-07,LRCX.US,sell,201.993,208.83,target_rebalance,8841.6768,61,37.19135438446747,26.52
2025-10-09,MU.US,buy,203.5058,516.66,signal,0.0,0,0.0,0.0
2026-01-07,MU.US,sell,340.174,516.66,target_rebalance,70611.019,90,52.68951912156751,67.16
2025-11-07,LRCX.US,buy,159.6538,2.61,signal,0.0,0,0.0,0.0
2026-01-08,LRCX.US,sell,202.2821,2.61,target_rebalance,111.2598,62,38.19135438446748,26.7
2025-10-09,MU.US,buy,203.5058,46.18,signal,0.0,0,0.0,0.0
2026-01-08,MU.US,sell,342.3606,46.18,target_rebalance,6412.3144,91,53.689519121567514,68.23
2022-03-04,AVGO.US,buy,276.6919,4.15,signal,0.0,0,0.0,0.0
2026-01-09,AVGO.US,sell,336.3431,4.15,target_rebalance,247.5525,1407,161.56088230059402,21.56
2025-11-07,LRCX.US,buy,159.6538,353.58,signal,0.0,0,0.0,0.0
2026-01-09,LRCX.US,sell,204.0669,353.58,target_rebalance,15703.5761,63,39.19135438446747,27.82
2025-11-07,LRCX.US,buy,159.6538,554.16,signal,0.0,0,0.0,0.0
2026-01-12,LRCX.US,sell,215.4937,554.16,target_rebalance,30944.2165,66,40.19135438446747,34.98
2025-10-09,MU.US,buy,205.2028,44.15,signal,0.0,0,0.0,0.0
2026-01-12,MU.US,sell,340.0143,44.15,target_rebalance,5951.9292,95,54.97223897591003,65.7
2025-11-07,AMD.US,buy,224.6754,476.35,signal,0.0,0,0.0,0.0
2026-01-13,AMD.US,sell,214.8849,476.35,target_rebalance,-4663.7046,67,34.64388836186747,-4.36
2025-11-07,AMD.US,buy,224.6754,420.09,signal,0.0,0,0.0,0.0
2026-01-14,AMD.US,sell,217.3225,420.09,target_rebalance,-3088.9019,68,35.64388836186747,-3.27
2022-03-04,AVGO.US,buy,277.0306,51.52,signal,0.0,0,0.0,0.0
2026-01-14,AVGO.US,sell,347.3416,51.52,target_rebalance,3622.4179,1412,163.69167396347015,25.38
2025-11-07,AMD.US,buy,224.6754,110.25,signal,0.0,0,0.0,0.0
2026-01-15,AMD.US,sell,227.6721,110.25,target_rebalance,330.3848,69,36.64388836186748,1.33
2025-11-07,LRCX.US,buy,161.6394,532.53,signal,0.0,0,0.0,0.0
2026-01-15,LRCX.US,sell,227.4888,532.53,target_rebalance,35066.7984,69,41.67914552382329,40.74
2025-11-07,AMD.US,buy,224.6754,337.44,signal,0.0,0,0.0,0.0
2026-01-16,AMD.US,sell,234.0657,337.44,target_rebalance,3168.6618,70,37.64388836186747,4.18
2025-10-09,MU.US,buy,210.3336,153.99,signal,0.0,0,0.0,0.0
2026-01-16,MU.US,sell,352.5446,153.99,target_rebalance,21899.0653,99,56.83285000906704,67.61
2025-10-09,MU.US,buy,210.3336,348.54,signal,0.0,0,0.0,0.0
2026-01-20,MU.US,sell,364.1064,348.54,target_rebalance,53595.9499,103,57.83285000906704,73.11
2025-11-07,AMD.US,buy,224.7196,357.15,signal,0.0,0,0.0,0.0
2026-01-21,AMD.US,sell,235.754,357.15,target_rebalance,3940.9582,75,38.59768517149877,4.91
2025-11-07,LRCX.US,buy,163.9538,64.73,signal,0.0,0,0.0,0.0
2026-01-21,LRCX.US,sell,222.4036,64.73,target_rebalance,3783.4575,75,42.9967171468337,35.65
2025-10-09,MU.US,buy,210.3336,58.32,signal,0.0,0,0.0,0.0
2026-01-21,MU.US,sell,372.2635,58.32,target_rebalance,9443.7503,104,58.83285000906703,76.99
2025-11-07,AMD.US,buy,224.7196,269.65,signal,0.0,0,0.0,0.0
2026-01-22,AMD.US,sell,251.4983,269.65,target_rebalance,7220.8756,76,39.59768517149876,11.92
2025-11-07,LRCX.US,buy,163.9538,139.32,signal,0.0,0,0.0,0.0
2026-01-22,LRCX.US,sell,234.8774,139.32,target_rebalance,9881.0712,76,43.996717146833696,43.26
2025-10-09,MU.US,buy,210.3336,146.59,signal,0.0,0,0.0,0.0
2026-01-22,MU.US,sell,396.0161,146.59,target_rebalance,27219.1882,105,59.83285000906704,88.28
2025-11-07,AMD.US,buy,224.7196,767.03,signal,0.0,0,0.0,0.0
2026-01-23,AMD.US,sell,260.9188,767.03,target_rebalance,27765.918,77,40.59768517149877,16.11
2025-10-09,MU.US,buy,210.3336,191.86,signal,0.0,0,0.0,0.0
2026-01-23,MU.US,sell,396.5353,191.86,target_rebalance,35724.6455,106,60.83285000906704,88.53
2022-03-04,AVGO.US,buy,285.7616,33.74,signal,0.0,0,0.0,0.0
2026-01-26,AVGO.US,sell,318.3076,33.74,target_rebalance,1098.1025,1424,145.53788779788852,11.39
2025-11-07,LRCX.US,buy,166.8281,103.38,signal,0.0,0,0.0,0.0
2026-01-26,LRCX.US,sell,218.3454,103.38,target_rebalance,5325.8621,80,43.589164746957515,30.88
2022-03-04,AVGO.US,buy,285.7616,91.51,signal,0.0,0,0.0,0.0
2026-01-27,AVGO.US,sell,328.2212,91.51,target_rebalance,3885.4737,1425,146.53788779788854,14.86
2025-11-07,LRCX.US,buy,166.8281,451.75,signal,0.0,0,0.0,0.0
2026-01-27,LRCX.US,sell,229.9617,451.75,target_rebalance,28520.5967,81,44.58916474695751,37.84
2025-10-09,MU.US,buy,210.3336,2.45,signal,0.0,0,0.0,0.0
2026-01-27,MU.US,sell,403.9735,2.45,target_rebalance,474.4178,110,62.83285000906704,92.06
2025-11-07,LRCX.US,buy,166.8281,214.04,signal,0.0,0,0.0,0.0
2026-01-28,LRCX.US,sell,240.5708,214.04,target_rebalance,15783.8997,82,45.58916474695751,44.2
2025-10-09,MU.US,buy,210.3336,105.32,signal,0.0,0,0.0,0.0
2026-01-28,MU.US,sell,421.7755,105.32,target_rebalance,22269.0596,111,63.83285000906702,100.53
2025-11-07,LRCX.US,buy,166.8281,110.8,signal,0.0,0,0.0,0.0
2026-01-29,LRCX.US,sell,244.8983,110.8,target_rebalance,8650.1747,83,46.58916474695751,46.8
2025-10-09,MU.US,buy,210.3336,239.54,signal,0.0,0,0.0,0.0
2026-01-29,MU.US,sell,438.6789,239.54,target_rebalance,54697.818,112,64.83285000906703,108.56
2022-03-04,AVGO.US,buy,287.1452,132.76,signal,0.0,0,0.0,0.0
2026-01-30,AVGO.US,sell,330.8887,132.76,target_rebalance,5807.3861,1428,145.09079920306846,15.23
2025-11-07,LRCX.US,buy,166.8281,134.43,signal,0.0,0,0.0,0.0
2026-01-30,LRCX.US,sell,243.5522,134.43,target_rebalance,10314.0186,84,47.58916474695751,45.99
2025-10-09,MU.US,buy,210.3336,246.65,signal,0.0,0,0.0,0.0
2026-01-30,MU.US,sell,445.7677,246.65,target_rebalance,58069.8062,113,65.83285000906703,111.93
2025-11-07,AMD.US,buy,227.5897,435.27,signal,0.0,0,0.0,0.0
2026-02-02,AMD.US,sell,235.5342,435.27,target_rebalance,3458.0025,87,40.845854198620536,3.49
2022-03-04,AVGO.US,buy,287.1452,184.28,signal,0.0,0,0.0,0.0
2026-02-02,AVGO.US,sell,324.5882,184.28,target_rebalance,6899.994,1431,146.09079920306843,13.04
2025-11-07,AMD.US,buy,227.5897,162.53,signal,0.0,0,0.0,0.0
2026-02-03,AMD.US,sell,251.2985,162.53,target_rebalance,3853.3781,88,41.845854198620536,10.42
2025-10-09,MU.US,buy,218.4834,120.61,signal,0.0,0,0.0,0.0
2026-02-03,MU.US,sell,441.4645,120.61,target_rebalance,26893.7441,117,65.13673455656036,102.06
2022-03-04,AVGO.US,buy,288.0778,319.57,signal,0.0,0,0.0,0.0
2026-02-04,AVGO.US,sell,318.019,319.57,target_rebalance,9568.293,1433,145.27354218545375,10.39
2025-11-07,LRCX.US,buy,167.6839,285.28,signal,0.0,0,0.0,0.0
2026-02-04,LRCX.US,sell,229.2039,285.28,target_rebalance,17550.4044,89,49.99954469027185,36.69
2025-10-09,MU.US,buy,218.4834,88.14,signal,0.0,0,0.0,0.0
2026-02-04,MU.US,sell,409.9441,88.14,target_rebalance,16875.3473,118,66.13673455656036,87.63
2025-11-07,AMD.US,buy,226.7534,70.15,signal,0.0,0,0.0,0.0
2026-02-05,AMD.US,sell,201.6581,70.15,target_rebalance,-1760.4347,90,40.95027039603536,-11.07
2022-03-04,AVGO.US,buy,288.0778,536.07,signal,0.0,0,0.0,0.0
2026-02-05,AVGO.US,sell,312.8731,536.07,target_rebalance,13292.0102,1434,146.27354218545372,8.61
2025-11-07,LRCX.US,buy,168.7828,541.6,signal,0.0,0,0.0,0.0
2026-02-06,LRCX.US,sell,220.0305,541.6,target_rebalance,27755.7796,91,50.607502122630535,30.36
2025-10-09,MU.US,buy,223.4595,11.02,signal,0.0,0,0.0,0.0
2026-02-06,MU.US,sell,377.3754,11.02,target_rebalance,1696.1536,120,65.92859945242797,68.88
2025-11-07,AMD.US,buy,225.5793,238.88,signal,0.0,0,0.0,0.0
2026-02-09,AMD.US,sell,206.6931,238.88,target_rebalance,-4511.5479,94,41.27648736941482,-8.37
2022-03-04,AVGO.US,buy,288.0778,7.83,signal,0.0,0,0.0,0.0
2026-02-09,AVGO.US,sell,329.2264,7.83,target_rebalance,322.1935,1438,148.27354218545372,14.28
2025-11-07,LRCX.US,buy,168.7828,84.16,signal,0.0,0,0.0,0.0
2026-02-09,LRCX.US,sell,228.3464,84.16,target_rebalance,5012.87,94,51.607502122630535,35.29
2025-11-07,AMD.US,buy,225.5793,302.72,signal,0.0,0,0.0,0.0
2026-02-10,AMD.US,sell,214.9249,302.72,target_rebalance,-3225.3261,95,42.27648736941483,-4.72
2022-03-04,AVGO.US,buy,288.0778,9772.36,signal,0.0,0,0.0,0.0
2026-02-10,AVGO.US,sell,345.8485,9772.36,signal,564555.8504,1439,149.27354218545372,20.05
2025-11-07,LRCX.US,buy,169.7538,41.13,signal,0.0,0,0.0,0.0
2026-02-11,LRCX.US,sell,234.8674,41.13,target_rebalance,2678.1241,96,52.76025135556856,38.36
2025-10-09,MU.US,buy,231.5574,225.58,signal,0.0,0,0.0,0.0
2026-02-11,MU.US,sell,394.768,225.58,target_rebalance,36817.0621,125,65.39111681622624,70.48
2025-10-09,MU.US,buy,231.5574,425.68,signal,0.0,0,0.0,0.0
2026-02-12,MU.US,sell,421.5858,425.68,target_rebalance,80891.2922,126,66.39111681622624,82.07
2026-02-10,ASML.US,buy,1435.6643,26.72,signal,0.0,0,0.0,0.0
2026-02-13,ASML.US,sell,1408.533,26.72,target_rebalance,-724.9476,3,2.9437692527816584,-1.89
2025-11-07,LRCX.US,buy,170.3493,355.4,signal,0.0,0,0.0,0.0
2026-02-13,LRCX.US,sell,235.4956,355.4,target_rebalance,23152.995,98,54.27784917339189,38.24
2025-11-07,AMD.US,buy,224.7056,42.45,signal,0.0,0,0.0,0.0
2026-02-17,AMD.US,sell,201.9478,42.45,target_rebalance,-966.067,102,43.6816461949631,-10.13
2025-10-09,MU.US,buy,233.5673,10.7,signal,0.0,0,0.0,0.0
2026-02-17,MU.US,sell,400.3193,10.7,target_rebalance,1784.2466,131,67.61180498119444,71.39
2026-02-10,ASML.US,buy,1435.6623,49.95,signal,0.0,0,0.0,0.0
2026-02-18,ASML.US,sell,1430.0563,49.95,target_rebalance,-280.0191,8,4.943601408529606,-0.39
2025-11-07,LRCX.US,buy,170.6166,161.76,signal,0.0,0,0.0,0.0
2026-02-18,LRCX.US,sell,235.695,161.76,target_rebalance,10527.0829,103,56.03515941877782,38.14
2025-10-09,MU.US,buy,235.0841,225.98,signal,0.0,0,0.0,0.0
2026-02-19,MU.US,sell,415.1559,225.98,target_rebalance,40692.6364,133,68.9852687432273,76.6
2026-02-10,ASML.US,buy,1435.6612,0.27,signal,0.0,0,0.0,0.0
2026-02-20,ASML.US,sell,1442.9487,0.27,target_rebalance,1.9676,10,6.905825042649831,0.51
2025-11-07,LRCX.US,buy,171.744,108.8,signal,0.0,0,0.0,0.0
2026-02-20,LRCX.US,sell,236.8616,108.8,target_rebalance,7084.7974,105,57.01843087038059,37.92
2026-02-10,ASML.US,buy,1435.6612,3.5,signal,0.0,0,0.0,0.0
2026-02-23,ASML.US,sell,1464.8305,3.5,target_rebalance,102.0927,13,7.9058250426498295,2.03
2025-11-07,LRCX.US,buy,171.744,262.2,signal,0.0,0,0.0,0.0
2026-02-23,LRCX.US,sell,244.639,262.2,target_rebalance,19113.0752,108,58.01843087038059,42.44
2025-10-09,MU.US,buy,235.909,12.01,signal,0.0,0,0.0,0.0
2026-02-23,MU.US,sell,421.6457,12.01,target_rebalance,2230.6976,137,70.66500011060268,78.73
2025-11-07,AMD.US,buy,223.3222,678.41,signal,0.0,0,0.0,0.0
2026-02-24,AMD.US,sell,211.4184,678.41,target_rebalance,-8075.6804,109,46.22528329810203,-5.33
2025-11-07,AMD.US,buy,223.3222,43.53,signal,0.0,0,0.0,0.0
2026-02-25,AMD.US,sell,214.6052,43.53,target_rebalance,-379.452,110,47.22528329810203,-3.9
2026-02-10,ASML.US,buy,1435.8003,1.17,signal,0.0,0,0.0,0.0
2026-02-25,ASML.US,sell,1515.6028,1.17,target_rebalance,93.369,15,9.8854058942291,5.56
2025-11-07,LRCX.US,buy,173.8108,167.24,signal,0.0,0,0.0,0.0
2026-02-25,LRCX.US,sell,249.1659,167.24,target_rebalance,12602.3803,110,58.31209582557057,43.35
2026-02-10,ASML.US,buy,1435.8003,16.32,signal,0.0,0,0.0,0.0
2026-02-26,ASML.US,sell,1506.0655,16.32,target_rebalance,1146.7281,16,10.885405894229102,4.89
2025-10-09,MU.US,buy,240.446,61.34,signal,0.0,0,0.0,0.0
2026-02-26,MU.US,sell,424.1717,61.34,target_rebalance,11269.7366,140,71.94751526495021,76.41
2025-11-07,AMD.US,buy,223.1368,109.67,signal,0.0,0,0.0,0.0
2026-02-27,AMD.US,sell,199.9099,109.67,target_rebalance,-2547.2998,112,48.60073743429606,-10.41
2026-02-10,ASML.US,buy,1435.7741,8.81,signal,0.0,0,0.0,0.0
2026-03-02,ASML.US,sell,1411.42,8.81,target_rebalance,-214.5601,20,12.850912251517796,-1.7
2025-10-09,MU.US,buy,240.8621,96.2,signal,0.0,0,0.0,0.0
2026-03-02,MU.US,sell,400.8385,96.2,target_rebalance,15389.7216,144,73.75957491007676,66.42
2025-11-07,AMD.US,buy,222.7006,244.32,signal,0.0,0,0.0,0.0
2026-03-03,AMD.US,sell,191.2685,244.32,target_rebalance,-7679.4696,116,49.856918949549154,-14.11
2025-11-07,LRCX.US,buy,174.0872,39.78,signal,0.0,0,0.0,0.0
2026-03-03,LRCX.US,sell,223.1215,39.78,target_rebalance,1950.5882,116,62.01637986269382,28.17
2026-02-10,ASML.US,buy,1434.7831,29.92,signal,0.0,0,0.0,0.0
2026-03-04,ASML.US,sell,1384.9189,29.92,target_rebalance,-1491.9373,22,14.68258726179682,-3.48
2025-10-09,MU.US,buy,241.8406,54.5,signal,0.0,0,0.0,0.0
2026-03-04,MU.US,sell,393.0208,54.5,target_rebalance,8239.3197,146,75.25805160349393,62.51
2025-11-07,AMD.US,buy,222.5787,360.81,signal,0.0,0,0.0,0.0
2026-03-05,AMD.US,sell,197.5722,360.81,target_rebalance,-9022.5872,118,51.652997998017305,-11.23
2025-10-09,MU.US,buy,241.8406,61.32,signal,0.0,0,0.0,0.0
2026-03-05,MU.US,sell,397.973,61.32,target_rebalance,9574.0387,147,76.25805160349393,64.56
2025-11-07,AMD.US,buy,222.5787,528.34,signal,0.0,0,0.0,0.0
2026-03-06,AMD.US,sell,195.0747,528.34,target_rebalance,-14531.4516,119,52.65299799801731,-12.36
2025-11-07,AMD.US,buy,222.5787,33.67,signal,0.0,0,0.0,0.0
2026-03-09,AMD.US,sell,189.1706,33.67,target_rebalance,-1124.8498,122,53.652997998017305,-15.01
2026-02-10,ASML.US,buy,1431.4624,55.7,signal,0.0,0,0.0,0.0
2026-03-09,ASML.US,sell,1279.0537,55.7,target_rebalance,-8489.164,27,17.208493144115675,-10.65
2025-11-07,LRCX.US,buy,176.4939,65.58,signal,0.0,0,0.0,0.0
2026-03-10,LRCX.US,sell,210.6406,65.58,target_rebalance,2239.34,123,62.653173192816745,19.35
2025-10-09,MU.US,buy,243.0659,38.95,signal,0.0,0,0.0,0.0
2026-03-10,MU.US,sell,393.3902,38.95,target_rebalance,5855.1311,152,78.47381533811128,61.85
2025-10-09,MU.US,buy,243.0659,178.68,signal,0.0,0,0.0,0.0
2026-03-11,MU.US,sell,410.1238,178.68,target_rebalance,29849.9056,153,79.47381533811128,68.73
2026-02-10,ASML.US,buy,1430.6562,2343.39,signal,0.0,0,0.0,0.0
2026-03-12,ASML.US,sell,1366.4119,2343.39,signal,-150549.2661,30,19.91754521004728,-4.49
2025-11-07,LRCX.US,buy,176.5335,8.12,signal,0.0,0,0.0,0.0
2026-03-12,LRCX.US,sell,213.3061,8.12,target_rebalance,298.5936,125,64.58699323682723,20.83
2025-10-09,MU.US,buy,243.0659,33.89,signal,0.0,0,0.0,0.0
2026-03-12,MU.US,sell,409.355,33.89,target_rebalance,5635.5376,154,80.4738153381113,68.41
2025-11-07,LRCX.US,buy,176.5335,8.15,signal,0.0,0,0.0,0.0
2026-03-13,LRCX.US,sell,211.9783,8.15,target_rebalance,288.8758,126,65.58699323682723,20.08
2025-10-09,MU.US,buy,243.0659,123.82,signal,0.0,0,0.0,0.0
2026-03-13,MU.US,sell,413.0992,123.82,target_rebalance,21053.5168,155,81.47381533811128,69.95
2025-11-07,LRCX.US,buy,176.5335,8.8,signal,0.0,0,0.0,0.0
2026-03-16,LRCX.US,sell,217.5788,8.8,target_rebalance,361.1987,129,66.58699323682721,23.25
2025-10-09,MU.US,buy,243.0659,376.46,signal,0.0,0,0.0,0.0
2026-03-16,MU.US,sell,445.4582,376.46,target_rebalance,76192.5888,158,82.47381533811128,83.27
2025-11-07,LRCX.US,buy,176.5335,64.17,signal,0.0,0,0.0,0.0
2026-03-17,LRCX.US,sell,220.1544,64.17,target_rebalance,2799.1546,130,67.58699323682723,24.71
2025-10-09,MU.US,buy,243.0659,49.11,signal,0.0,0,0.0,0.0
2026-03-17,MU.US,sell,451.8281,49.11,target_rebalance,10252.3112,159,83.4738153381113,85.89
2026-03-12,AMAT.US,buy,343.7919,7.81,signal,0.0,0,0.0,0.0
2026-03-18,AMAT.US,sell,352.2217,7.81,target_rebalance,65.8368,6,3.9477279797712104,2.45
2025-11-07,LRCX.US,buy,176.5335,148.8,signal,0.0,0,0.0,0.0
2026-03-18,LRCX.US,sell,226.3538,148.8,target_rebalance,7413.2678,131,68.58699323682721,28.22
2025-10-09,MU.US,buy,243.0659,64.37,signal,0.0,0,0.0,0.0
2026-03-18,MU.US,sell,464.0289,64.37,target_rebalance,14223.3878,160,84.47381533811128,90.91
2026-03-12,AMAT.US,buy,343.7919,48.28,signal,0.0,0,0.0,0.0
2026-03-19,AMAT.US,sell,339.6134,48.28,target_rebalance,-201.7338,7,4.947727979771211,-1.22
2025-11-07,AMD.US,buy,220.3311,581.82,signal,0.0,0,0.0,0.0
2026-03-19,AMD.US,sell,194.835,581.82,target_rebalance,-14834.1454,132,56.45276358533374,-11.57
2025-11-07,LRCX.US,buy,176.5335,44.43,signal,0.0,0,0.0,0.0
2026-03-19,LRCX.US,sell,217.7984,44.43,target_rebalance,1833.4013,132,69.58699323682723,23.38
2026-03-12,AMAT.US,buy,343.7919,1.3,signal,0.0,0,0.0,0.0
2026-03-20,AMAT.US,sell,358.5805,1.3,target_rebalance,19.2253,8,5.94772797977121,4.3
2025-11-07,LRCX.US,buy,176.5335,252.43,signal,0.0,0,0.0,0.0
2026-03-20,LRCX.US,sell,233.9209,252.43,target_rebalance,14486.3129,133,70.58699323682721,32.51
2026-03-12,AMAT.US,buy,343.7919,269.82,signal,0.0,0,0.0,0.0
2026-03-23,AMAT.US,sell,366.6039,269.82,target_rebalance,6155.1573,11,6.947727979771211,6.64
2025-11-07,AMD.US,buy,220.2871,198.88,signal,0.0,0,0.0,0.0
2026-03-23,AMD.US,sell,206.1936,198.88,target_rebalance,-2802.9214,136,58.287029098768244,-6.4
2026-03-12,AMAT.US,buy,343.7919,9.03,signal,0.0,0,0.0,0.0
2026-03-24,AMAT.US,sell,356.9759,9.03,target_rebalance,119.0517,12,7.94772797977121,3.83
2025-11-07,AMD.US,buy,220.2871,49.46,signal,0.0,0,0.0,0.0
2026-03-24,AMD.US,sell,201.1886,49.46,target_rebalance,-944.6126,137,59.28702909876824,-8.67
2025-11-07,LRCX.US,buy,176.9737,356.32,signal,0.0,0,0.0,0.0
2026-03-24,LRCX.US,sell,229.768,356.32,target_rebalance,18811.6688,137,72.00257913659611,29.83
2026-03-12,AMAT.US,buy,343.7919,172.06,signal,0.0,0,0.0,0.0
2026-03-25,AMAT.US,sell,369.7734,172.06,target_rebalance,4470.3836,13,8.94772797977121,7.56
2025-11-07,AMD.US,buy,220.2871,525.18,signal,0.0,0,0.0,0.0
2026-03-25,AMD.US,sell,211.2985,525.18,target_rebalance,-4720.654,138,60.287029098768244,-4.08
2025-11-07,LRCX.US,buy,176.9737,132.85,signal,0.0,0,0.0,0.0
2026-03-25,LRCX.US,sell,235.7478,132.85,target_rebalance,7808.1377,138,73.00257913659613,33.21
2025-11-07,AMD.US,buy,220.2871,779.31,signal,0.0,0,0.0,0.0
2026-03-26,AMD.US,sell,217.762,779.31,target_rebalance,-1967.8426,139,61.287029098768244,-1.15
2025-10-09,MU.US,buy,272.3278,252.9,signal,0.0,0,0.0,0.0
2026-03-27,MU.US,sell,359.2939,252.9,target_rebalance,21993.7365,169,75.48964977981571,31.93
2026-03-12,AMAT.US,buy,343.9583,4.37,signal,0.0,0,0.0,0.0
2026-03-30,AMAT.US,sell,342.8627,4.37,target_rebalance,-4.788,18,11.81835494747466,-0.32
2025-11-07,LRCX.US,buy,178.5407,71.09,signal,0.0,0,0.0,0.0
2026-03-30,LRCX.US,sell,214.1946,71.09,target_rebalance,2534.6313,143,73.2502353278954,19.97
2026-03-12,AMAT.US,buy,343.9583,124.32,signal,0.0,0,0.0,0.0
2026-03-31,AMAT.US,sell,327.7428,124.32,target_rebalance,-2015.91,19,12.81835494747466,-4.71
2025-11-07,AMD.US,buy,219.9801,340.77,signal,0.0,0,0.0,0.0
2026-03-31,AMD.US,sell,197.852,340.77,target_rebalance,-7540.6249,144,63.23625603361577,-10.06
2025-11-07,LRCX.US,buy,178.5407,262.26,signal,0.0,0,0.0,0.0
2026-03-31,LRCX.US,sell,205.6491,262.26,target_rebalance,7109.4517,144,74.25023532789541,15.18
2025-10-09,MU.US,buy,275.7851,219.94,signal,0.0,0,0.0,0.0
2026-04-01,MU.US,sell,348.5075,219.94,target_rebalance,15994.5617,174,73.45870302456822,26.37
2025-11-07,AMD.US,buy,219.907,52.01,signal,0.0,0,0.0,0.0
2026-04-02,AMD.US,sell,203.846,52.01,target_rebalance,-835.3362,146,64.85068155224813,-7.3
2025-10-09,MU.US,buy,275.7851,6.53,signal,0.0,0,0.0,0.0
2026-04-02,MU.US,sell,340.9462,6.53,target_rebalance,425.502,175,74.45870302456822,23.63
2025-11-07,AMD.US,buy,219.907,135.15,signal,0.0,0,0.0,0.0
2026-04-06,AMD.US,sell,219.0607,135.15,target_rebalance,-114.378,150,65.85068155224813,-0.38
2025-10-09,MU.US,buy,275.7851,246.76,signal,0.0,0,0.0,0.0
2026-04-06,MU.US,sell,373.3687,246.76,target_rebalance,24079.7427,179,75.45870302456822,35.38
2025-11-07,AMD.US,buy,219.907,6.63,signal,0.0,0,0.0,0.0
2026-04-07,AMD.US,sell,218.0417,6.63,target_rebalance,-12.3669,151,66.85068155224812,-0.85
2025-10-09,MU.US,buy,275.7851,52.07,signal,0.0,0,0.0,0.0
2026-04-07,MU.US,sell,373.6984,52.07,target_rebalance,5098.3452,180,76.45870302456822,35.5
2025-11-07,LRCX.US,buy,179.6538,235.26,signal,0.0,0,0.0,0.0
2026-04-08,LRCX.US,sell,242.3365,235.26,target_rebalance,14746.7344,152,76.95021113486756,34.89
2025-10-09,MU.US,buy,275.7851,133.62,signal,0.0,0,0.0,0.0
2026-04-08,MU.US,sell,414.6511,133.62,target_rebalance,18555.2738,181,77.45870302456824,50.35
2026-03-12,AMAT.US,buy,344.2596,77.99,signal,0.0,0,0.0,0.0
2026-04-09,AMAT.US,sell,383.9763,77.99,target_rebalance,3097.5078,28,18.272191447182756,11.54
2025-11-07,LRCX.US,buy,179.6538,238.27,signal,0.0,0,0.0,0.0
2026-04-09,LRCX.US,sell,247.907,238.27,target_rebalance,16262.6886,153,77.95021113486754,37.99
2026-03-12,AMAT.US,buy,344.2596,42.79,signal,0.0,0,0.0,0.0
2026-04-10,AMAT.US,sell,401.1693,42.79,target_rebalance,2435.1661,29,19.272191447182756,16.53
2025-11-07,LRCX.US,buy,179.6538,269.44,signal,0.0,0,0.0,0.0
2026-04-10,LRCX.US,sell,262.7417,269.44,target_rebalance,22387.1998,154,78.95021113486754,46.25
2025-11-07,AMD.US,buy,220.5049,334.71,signal,0.0,0,0.0,0.0
2026-04-13,AMD.US,sell,244.785,334.71,target_rebalance,8126.7905,157,68.08745615518534,11.01
2025-11-07,LRCX.US,buy,179.6538,94.02,signal,0.0,0,0.0,0.0
2026-04-14,LRCX.US,sell,271.3969,94.02,target_rebalance,8625.6859,158,80.95021113486756,51.07
2025-10-09,MU.US,buy,281.3261,135.63,signal,0.0,0,0.0,0.0
2026-04-14,MU.US,sell,433.8489,135.63,target_rebalance,20686.6718,187,78.25751250035478,54.22
2025-11-07,AMD.US,buy,220.6059,169.6,signal,0.0,0,0.0,0.0
2026-04-15,AMD.US,sell,254.705,169.6,target_rebalance,5783.2207,159,69.85121378252437,15.46
2025-10-09,MU.US,buy,281.3261,384.86,signal,0.0,0,0.0,0.0
2026-04-15,MU.US,sell,457.1021,384.86,target_rebalance,67649.136,188,79.25751250035479,62.48
2025-11-07,AMD.US,buy,220.6059,514.2,signal,0.0,0,0.0,0.0
2026-04-16,AMD.US,sell,264.725,514.2,target_rebalance,22686.0579,160,70.85121378252438,20.0
2025-11-07,AMD.US,buy,220.6059,384.14,signal,0.0,0,0.0,0.0
2026-04-17,AMD.US,sell,280.719,384.14,target_rebalance,23091.8586,161,71.85121378252437,27.25
2026-03-12,AMAT.US,buy,347.9727,34.44,signal,0.0,0,0.0,0.0
2026-04-20,AMAT.US,sell,396.2855,34.44,target_rebalance,1663.892,39,23.60686783053565,13.88
2025-11-07,AMD.US,buy,220.6059,62.14,signal,0.0,0,0.0,0.0
2026-04-20,AMD.US,sell,280.3194,62.14,target_rebalance,3710.5993,164,72.85121378252438,27.07
2025-11-07,LRCX.US,buy,184.3096,8.6,signal,0.0,0,0.0,0.0
2026-04-20,LRCX.US,sell,266.6451,8.6,target_rebalance,708.0852,164,80.49830999177973,44.67
2026-03-12,AMAT.US,buy,347.9727,9.86,signal,0.0,0,0.0,0.0
2026-04-21,AMAT.US,sell,391.7007,9.86,target_rebalance,431.1579,40,24.60686783053565,12.57
2025-11-07,AMD.US,buy,220.6059,12.74,signal,0.0,0,0.0,0.0
2026-04-21,AMD.US,sell,277.0527,12.74,target_rebalance,719.1321,165,73.85121378252437,25.59
2025-11-07,LRCX.US,buy,184.3096,3.47,signal,0.0,0,0.0,0.0
2026-04-21,LRCX.US,sell,263.3607,3.47,target_rebalance,274.3072,165,81.49830999177972,42.89
2025-11-07,AMD.US,buy,220.6059,387.45,signal,0.0,0,0.0,0.0
2026-04-22,AMD.US,sell,290.9288,387.45,target_rebalance,27246.6128,166,74.85121378252438,31.88
2025-10-09,MU.US,buy,286.3294,21.45,signal,0.0,0,0.0,0.0
2026-04-22,MU.US,sell,462.396,21.45,target_rebalance,3776.6285,195,81.92805910569999,61.49
2025-11-07,AMD.US,buy,220.6059,138.06,signal,0.0,0,0.0,0.0
2026-04-23,AMD.US,sell,301.708,138.06,target_rebalance,11196.9603,167,75.85121378252438,36.76
2025-10-09,MU.US,buy,286.3294,125.65,signal,0.0,0,0.0,0.0
2026-04-23,MU.US,sell,481.7236,125.65,target_rebalance,24551.2915,196,82.92805910569997,68.24
2025-11-07,AMD.US,buy,220.6059,890.51,signal,0.0,0,0.0,0.0
2026-04-24,AMD.US,sell,336.4232,890.51,target_rebalance,103136.5368,168,76.85121378252438,52.5
2025-11-07,AMD.US,buy,220.6059,144.37,signal,0.0,0,0.0,0.0
2026-04-27,AMD.US,sell,345.9737,144.37,target_rebalance,18099.3521,171,77.85121378252437,56.83
2025-10-09,MU.US,buy,288.6075,90.24,signal,0.0,0,0.0,0.0
2026-04-27,MU.US,sell,509.971,90.24,target_rebalance,19975.8428,200,84.0176374255556,76.7
2025-10-09,MU.US,buy,288.6075,401.39,signal,0.0,0,0.0,0.0
2026-04-28,MU.US,sell,502.9591,401.39,target_rebalance,86038.6051,201,85.0176374255556,74.27
2025-11-07,AMD.US,buy,224.2342,281.31,signal,0.0,0,0.0,0.0
2026-04-29,AMD.US,sell,326.2534,281.31,target_rebalance,28699.0199,173,76.72669869282689,45.5
2025-10-09,MU.US,buy,288.6075,170.79,signal,0.0,0,0.0,0.0
2026-04-29,MU.US,sell,525.3932,170.79,target_rebalance,40440.6356,202,86.01763742555559,82.04
2025-11-07,AMD.US,buy,224.2342,389.4,signal,0.0,0,0.0,0.0
2026-04-30,AMD.US,sell,341.0186,389.4,target_rebalance,45475.8509,174,77.7266986928269,52.08
2026-03-12,AMAT.US,buy,352.3685,40.01,signal,0.0,0,0.0,0.0
2026-05-01,AMAT.US,sell,388.1624,40.01,target_rebalance,1432.1151,50,29.978211550122737,10.16
2025-11-07,AMD.US,buy,224.2342,315.37,signal,0.0,0,0.0,0.0
2026-05-01,AMD.US,sell,351.5181,315.37,target_rebalance,40141.528,175,78.72669869282689,56.76
2025-11-07,LRCX.US,buy,193.073,73.39,signal,0.0,0,0.0,0.0
2026-05-01,LRCX.US,sell,254.7054,73.39,target_rebalance,4523.2061,175,79.89801300286939,31.92
2025-10-09,MU.US,buy,298.0909,480.18,signal,0.0,0,0.0,0.0
2026-05-04,MU.US,sell,559.9533,480.18,target_rebalance,125741.0876,207,85.31642830834036,87.85
2026-03-12,AMAT.US,buy,353.4823,66.51,signal,0.0,0,0.0,0.0
2026-05-05,AMAT.US,sell,403.053,66.51,target_rebalance,3296.9451,54,30.971758114951655,14.02
2025-11-07,LRCX.US,buy,194.4012,7.08,signal,0.0,0,0.0,0.0
2026-05-05,LRCX.US,sell,266.1859,7.08,target_rebalance,508.2356,179,80.21103193612717,36.93
2025-10-09,MU.US,buy,298.0909,367.59,signal,0.0,0,0.0,0.0
2026-05-05,MU.US,sell,609.0766,367.59,target_rebalance,114315.2322,208,86.31642830834036,104.33
2025-11-07,AMD.US,buy,232.1468,795.67,signal,0.0,0,0.0,0.0
2026-05-06,AMD.US,sell,409.0805,795.67,target_rebalance,140780.8171,180,76.74298716041103,76.22
2025-11-07,AMD.US,buy,232.1468,72.11,signal,0.0,0,0.0,0.0
2026-05-07,AMD.US,sell,416.6529,72.11,target_rebalance,13304.7357,181,77.74298716041103,79.48
2025-11-07,LRCX.US,buy,195.4118,339.48,signal,0.0,0,0.0,0.0
2026-05-07,LRCX.US,sell,296.5241,339.48,target_rebalance,34325.6044,181,81.32550913419621,51.74
2025-10-09,MU.US,buy,309.6636,227.14,signal,0.0,0,0.0,0.0
2026-05-08,MU.US,sell,675.6696,227.14,target_rebalance,83134.6092,211,86.43234864977623,118.19
2025-11-07,AMD.US,buy,232.5892,259.96,signal,0.0,0,0.0,0.0
2026-05-11,AMD.US,sell,460.0894,259.96,target_rebalance,59140.9555,185,79.5565615350418,97.81
2025-10-09,MU.US,buy,309.6636,621.02,signal,0.0,0,0.0,0.0
2026-05-11,MU.US,sell,792.0652,621.02,target_rebalance,299581.0276,214,87.43234864977622,155.78
2026-03-12,AMAT.US,buy,360.1184,125.39,signal,0.0,0,0.0,0.0
2026-05-12,AMAT.US,sell,435.3558,125.39,target_rebalance,9434.0196,61,32.98020740556034,20.89
2025-11-07,LRCX.US,buy,204.0985,53.69,signal,0.0,0,0.0,0.0
2026-05-13,LRCX.US,sell,294.7671,53.69,target_rebalance,4867.9953,187,77.91121939007652,44.42
2025-10-09,MU.US,buy,311.2757,160.07,signal,0.0,0,0.0,0.0
2026-05-13,MU.US,sell,812.2219,160.07,target_rebalance,80186.4483,216,89.1262109122286,160.93
2026-03-12,AMAT.US,buy,361.8112,325.89,signal,0.0,0,0.0,0.0
2026-05-14,AMAT.US,sell,441.8743,325.89,target_rebalance,26091.7408,63,34.215494676081875,22.13
2025-11-07,LRCX.US,buy,204.0985,277.73,signal,0.0,0,0.0,0.0
2026-05-14,LRCX.US,sell,295.8253,277.73,target_rebalance,25475.2775,188,78.91121939007654,44.94
2026-03-12,AMAT.US,buy,361.8112,22.82,signal,0.0,0,0.0,0.0
2026-05-15,AMAT.US,sell,427.0036,22.82,target_rebalance,1487.6893,64,35.215494676081875,18.02
2025-11-07,AMD.US,buy,239.9895,210.54,signal,0.0,0,0.0,0.0
2026-05-15,AMD.US,sell,432.9067,210.54,target_rebalance,40616.7784,189,80.69234382571841,80.39
2025-11-07,LRCX.US,buy,204.0985,226.39,signal,0.0,0,0.0,0.0
2026-05-15,LRCX.US,sell,288.947,226.39,target_rebalance,19208.8592,189,79.91121939007652,41.57
2026-03-12,AMAT.US,buy,361.8112,187.56,signal,0.0,0,0.0,0.0
2026-05-18,AMAT.US,sell,439.851,187.56,target_rebalance,14637.1305,67,36.21549467608187,21.57
2025-10-09,MU.US,buy,334.6547,56.94,signal,0.0,0,0.0,0.0
2026-05-18,MU.US,sell,749.5943,56.94,target_rebalance,23626.6592,221,87.30182840525484,123.99
2025-11-07,AMD.US,buy,243.9194,484.72,signal,0.0,0,0.0,0.0
2026-05-19,AMD.US,sell,412.1874,484.72,target_rebalance,81562.8786,193,81.00212038160812,68.99
2025-10-09,MU.US,buy,346.1385,320.92,signal,0.0,0,0.0,0.0
2026-05-20,MU.US,sell,734.1122,320.92,target_rebalance,124508.5228,223,86.24278987894354,112.09
2025-11-07,AMD.US,buy,246.3103,63.61,signal,0.0,0,0.0,0.0
2026-05-21,AMD.US,sell,441.548,63.61,target_rebalance,12419.0702,195,81.93974204193209,79.26
2025-11-07,LRCX.US,buy,205.2166,342.79,signal,0.0,0,0.0,0.0
2026-05-21,LRCX.US,sell,292.1715,342.79,target_rebalance,29807.2626,195,82.62878668508964,42.37
2025-11-07,AMD.US,buy,246.3103,261.14,signal,0.0,0,0.0,0.0
2026-05-22,AMD.US,sell,469.3702,261.14,target_rebalance,58249.8514,196,82.93974204193208,90.56
2025-11-07,LRCX.US,buy,205.2166,88.25,signal,0.0,0,0.0,0.0
2026-05-22,LRCX.US,sell,305.2093,88.25,target_rebalance,8824.3517,196,83.62878668508964,48.73
2025-10-09,MU.US,buy,358.7016,264.46,signal,0.0,0,0.0,0.0
2026-05-26,MU.US,sell,819.5535,264.46,target_rebalance,121876.875,229,86.47855009812346,128.48
2025-10-09,MU.US,buy,358.7016,528.96,signal,0.0,0,0.0,0.0
2026-05-27,MU.US,sell,954.5575,528.96,target_rebalance,315183.9253,230,87.47855009812346,166.11
2025-11-07,AMD.US,buy,254.7345,123.04,signal,0.0,0,0.0,0.0
2026-05-28,AMD.US,sell,498.501,123.04,target_rebalance,29993.0247,202,83.16104118333288,95.69
2025-10-09,MU.US,buy,358.7016,18.12,signal,0.0,0,0.0,0.0
2026-05-28,MU.US,sell,928.7573,18.12,target_rebalance,10329.4093,231,88.47855009812345,158.92
2025-11-07,AMD.US,buy,254.7345,207.89,signal,0.0,0,0.0,0.0
2026-05-29,AMD.US,sell,520.2792,207.89,target_rebalance,55204.0759,203,84.16104118333287,104.24
2025-10-09,MU.US,buy,358.7016,24.22,signal,0.0,0,0.0,0.0
2026-05-29,MU.US,sell,955.896,24.22,target_rebalance,14464.0478,232,89.47855009812346,166.49
2025-10-09,MU.US,buy,358.7016,391.47,signal,0.0,0,0.0,0.0
2026-06-01,MU.US,sell,1008.5552,391.47,target_rebalance,254398.1726,235,90.47855009812346,181.17
2026-03-12,AMAT.US,buy,370.8887,103.53,signal,0.0,0,0.0,0.0
2026-06-02,AMAT.US,sell,464.3382,103.53,target_rebalance,9674.8214,82,41.564354809717415,25.2
2025-11-07,LRCX.US,buy,214.3305,190.43,signal,0.0,0,0.0,0.0
2026-06-02,LRCX.US,sell,323.8674,190.43,target_rebalance,20859.111,207,82.60686482735277,51.11
2025-10-09,MU.US,buy,358.7016,19.03,signal,0.0,0,0.0,0.0
2026-06-02,MU.US,sell,1048.7886,19.03,target_rebalance,13132.3557,236,91.47855009812346,192.38
2026-03-12,AMAT.US,buy,370.8887,104.83,signal,0.0,0,0.0,0.0
2026-06-03,AMAT.US,sell,486.9414,104.83,target_rebalance,12165.8003,83,42.56435480971742,31.29
2025-11-07,AMD.US,buy,267.2521,135.51,signal,0.0,0,0.0,0.0
2026-06-03,AMD.US,sell,533.2162,135.51,target_rebalance,36040.7973,208,82.85277070351171,99.52
2026-03-12,AMAT.US,buy,370.8887,340.72,signal,0.0,0,0.0,0.0
2026-06-04,AMAT.US,sell,484.6561,340.72,target_rebalance,38762.8289,84,43.564354809717415,30.67
2025-11-07,LRCX.US,buy,214.9789,245.96,signal,0.0,0,0.0,0.0
2026-06-04,LRCX.US,sell,329.1884,245.96,target_rebalance,28090.9665,209,84.15822697715359,53.13
2026-03-12,AMAT.US,buy,370.8887,267.65,signal,0.0,0,0.0,0.0
2026-06-05,AMAT.US,sell,478.7184,267.65,target_rebalance,28860.6143,85,44.564354809717415,29.07
2025-11-07,AMD.US,buy,268.0929,16.24,signal,0.0,0,0.0,0.0
2026-06-05,AMD.US,sell,499.0305,16.24,target_rebalance,3750.4264,210,84.56851462467336,86.14
2025-11-07,LRCX.US,buy,214.9789,84.99,signal,0.0,0,0.0,0.0
2026-06-05,LRCX.US,sell,319.8243,84.99,target_rebalance,8910.8153,210,85.1582269771536,48.77
2026-03-12,AMAT.US,buy,370.8887,56.04,signal,0.0,0,0.0,0.0
2026-06-08,AMAT.US,sell,475.0161,56.04,target_rebalance,5835.2966,88,45.564354809717415,28.08
2025-11-07,LRCX.US,buy,214.9789,122.63,signal,0.0,0,0.0,0.0
2026-06-08,LRCX.US,sell,318.0074,122.63,target_rebalance,12634.3922,213,86.15822697715359,47.92
2025-10-09,MU.US,buy,407.0469,23.63,signal,0.0,0,0.0,0.0
2026-06-08,MU.US,sell,937.1876,23.63,target_rebalance,12527.2238,242,88.32163045110995,130.24
2026-03-12,AMAT.US,buy,370.8887,62.38,signal,0.0,0,0.0,0.0
2026-06-09,AMAT.US,sell,500.6829,62.38,target_rebalance,8096.562,89,46.56435480971742,35.0
2025-11-07,LRCX.US,buy,214.9789,78.6,signal,0.0,0,0.0,0.0
2026-06-09,LRCX.US,sell,334.9286,78.6,target_rebalance,9428.0478,214,87.1582269771536,55.8
2025-10-09,MU.US,buy,407.0469,26.57,signal,0.0,0,0.0,0.0
2026-06-09,MU.US,sell,987.04,26.57,target_rebalance,15410.4159,243,89.32163045110995,142.49
2026-03-12,AMAT.US,buy,370.8887,604.44,signal,0.0,0,0.0,0.0
2026-06-10,AMAT.US,sell,501.7507,604.44,target_rebalance,79098.2225,90,47.564354809717415,35.28
2025-11-07,LRCX.US,buy,214.9789,194.07,signal,0.0,0,0.0,0.0
2026-06-10,LRCX.US,sell,322.7394,194.07,target_rebalance,20913.0807,215,88.1582269771536,50.13
2026-03-12,AMAT.US,buy,370.8887,260.99,signal,0.0,0,0.0,0.0
2026-06-11,AMAT.US,sell,521.4099,260.99,target_rebalance,39284.535,91,48.56435480971742,40.58
2025-11-07,LRCX.US,buy,214.9789,442.38,signal,0.0,0,0.0,0.0
2026-06-11,LRCX.US,sell,336.0666,442.38,target_rebalance,53566.8115,216,89.15822697715359,56.33
2025-11-07,AMD.US,buy,284.1282,150.42,signal,0.0,0,0.0,0.0
2026-06-12,AMD.US,sell,499.1903,150.42,target_rebalance,32349.6356,217,82.76098242388439,75.69
2025-10-09,MU.US,buy,433.8693,27.9,signal,0.0,0,0.0,0.0
2026-06-12,MU.US,sell,970.6889,27.9,target_rebalance,14977.267,246,87.44594341378821,123.73
2025-10-09,MU.US,buy,433.8693,62.79,signal,0.0,0,0.0,0.0
2026-06-15,MU.US,sell,1054.6719,62.79,target_rebalance,38980.1932,249,88.44594341378824,143.09
2025-11-07,AMD.US,buy,284.5887,92.07,signal,0.0,0,0.0,0.0
2026-06-16,AMD.US,sell,546.3431,92.07,target_rebalance,24099.7337,221,84.60804485423873,91.98
2025-10-09,MU.US,buy,433.8693,189.82,signal,0.0,0,0.0,0.0
2026-06-16,MU.US,sell,1098.4313,189.82,target_rebalance,126147.1586,250,89.44594341378823,153.17
2026-03-12,AMAT.US,buy,378.863,348.56,signal,0.0,0,0.0,0.0
2026-06-17,AMAT.US,sell,590.7962,348.56,target_rebalance,73871.4334,97,50.52961473073683,55.94
2025-11-07,LRCX.US,buy,217.3656,85.19,signal,0.0,0,0.0,0.0
2026-06-17,LRCX.US,sell,381.618,85.19,target_rebalance,13992.6599,222,91.86708521986164,75.57
2026-03-12,AMAT.US,buy,378.863,191.11,signal,0.0,0,0.0,0.0
2026-06-18,AMAT.US,sell,621.2332,191.11,target_rebalance,46319.3625,98,51.52961473073683,63.97
2025-11-07,LRCX.US,buy,217.3656,95.01,signal,0.0,0,0.0,0.0
2026-06-18,LRCX.US,sell,396.8228,95.01,target_rebalance,17050.2245,223,92.86708521986164,82.56
2025-10-09,MU.US,buy,445.9329,47.48,signal,0.0,0,0.0,0.0
2026-06-18,MU.US,sell,1106.7916,47.48,target_rebalance,31377.5717,252,89.70942848228037,148.2
2025-10-09,MU.US,buy,445.9329,307.48,signal,0.0,0,0.0,0.0
2026-06-22,MU.US,sell,1194.84,307.48,target_rebalance,230273.9565,256,90.70942848228039,167.94
2026-03-12,AMAT.US,buy,383.7723,42.02,signal,0.0,0,0.0,0.0
2026-06-23,AMAT.US,sell,580.7271,42.02,target_rebalance,8276.0396,103,52.48687561936164,51.32
2025-11-07,AMD.US,buy,296.2357,105.37,signal,0.0,0,0.0,0.0
2026-06-23,AMD.US,sell,508.5709,105.37,target_rebalance,22373.7606,228,84.54597981106609,71.68
2025-11-07,LRCX.US,buy,221.4969,40.85,signal,0.0,0,0.0,0.0
2026-06-23,LRCX.US,sell,369.3403,40.85,target_rebalance,6039.4028,228,92.72959565498729,66.75
2025-11-07,AMD.US,buy,296.2357,227.37,signal,0.0,0,0.0,0.0
2026-06-24,AMD.US,sell,520.2992,227.37,target_rebalance,50945.3149,229,85.5459798110661,75.64
2025-11-07,LRCX.US,buy,223.1509,243.92,signal,0.0,0,0.0,0.0
2026-06-25,LRCX.US,sell,407.582,243.92,target_rebalance,44986.433,230,93.6658475307192,82.65
2025-10-09,MU.US,buy,461.5769,232.17,signal,0.0,0,0.0,0.0
2026-06-25,MU.US,sell,1231.5776,232.17,target_rebalance,178771.0514,259,91.44751033255174,166.82
2026-03-12,AMAT.US,buy,384.5875,555.72,signal,0.0,0,0.0,0.0
2026-06-26,AMAT.US,sell,641.4314,555.72,target_rebalance,142733.293,106,55.31196359521788,66.78
2025-11-07,AMD.US,buy,307.9388,125.39,signal,0.0,0,0.0,0.0
2026-06-29,AMD.US,sell,522.3172,125.39,target_rebalance,26880.9056,234,84.43839972489843,69.62
2026-03-12,AMAT.US,buy,385.6391,366.18,signal,0.0,0,0.0,0.0
2026-06-30,AMAT.US,sell,696.0582,366.18,target_rebalance,113669.2799,110,57.075848660850085,80.49
2025-11-07,LRCX.US,buy,225.322,427.35,signal,0.0,0,0.0,0.0
2026-06-30,LRCX.US,sell,415.8737,427.35,target_rebalance,81432.2812,235,95.39991682487246,84.57
2025-11-07,AMD.US,buy,311.1636,614.96,signal,0.0,0,0.0,0.0
2026-07-01,AMD.US,sell,556.9725,614.96,target_rebalance,151162.641,236,85.28160566135496,79.0
2026-03-12,AMAT.US,buy,389.8631,126.72,signal,0.0,0,0.0,0.0
2026-07-02,AMAT.US,sell,655.3325,126.72,target_rebalance,33640.2864,112,58.20816760195939,68.09
2025-11-07,AMD.US,buy,311.6554,394.67,signal,0.0,0,0.0,0.0
2026-07-06,AMD.US,sell,534.8146,394.67,target_rebalance,88074.2397,241,87.09510245264578,71.6
2025-10-09,MU.US,buy,536.3977,12.25,signal,0.0,0,0.0,0.0
2026-07-06,MU.US,sell,1005.993,12.25,target_rebalance,5752.5419,270,86.7479136934948,87.55
2025-11-07,AMD.US,buy,311.6554,735.97,signal,0.0,0,0.0,0.0
2026-07-07,AMD.US,sell,515.3941,735.97,target_rebalance,149945.5219,242,88.09510245264576,65.37
2025-10-09,MU.US,buy,536.3977,58.35,signal,0.0,0,0.0,0.0
2026-07-07,MU.US,sell,922.087,58.35,target_rebalance,22504.9684,271,87.7479136934948,71.9
2026-03-12,AMAT.US,buy,398.0212,102.37,signal,0.0,0,0.0,0.0
2026-07-08,AMAT.US,sell,545.9691,102.37,target_rebalance,15145.4256,118,58.22850362379857,37.17
2025-11-07,LRCX.US,buy,232.8566,293.03,signal,0.0,0,0.0,0.0
2026-07-08,LRCX.US,sell,325.1445,293.03,target_rebalance,27043.1288,243,94.2852195000916,39.63
2026-03-12,AMAT.US,buy,398.0212,328.8,signal,0.0,0,0.0,0.0
2026-07-09,AMAT.US,sell,626.0133,328.8,target_rebalance,74963.8028,119,59.22850362379856,57.28
2025-11-07,LRCX.US,buy,232.8566,141.25,signal,0.0,0,0.0,0.0
2026-07-09,LRCX.US,sell,364.7649,141.25,target_rebalance,18632.0421,244,95.2852195000916,56.65
2025-10-09,MU.US,buy,540.9925,63.3,signal,0.0,0,0.0,0.0
2026-07-09,MU.US,sell,1015.4935,63.3,target_rebalance,30035.9117,273,88.63724139483334,87.71
2025-11-07,AMD.US,buy,323.8778,709.01,signal,0.0,0,0.0,0.0
2026-07-10,AMD.US,sell,543.466,709.01,target_rebalance,155690.1971,245,86.08941756726695,67.8
2026-03-12,AMAT.US,buy,403.9434,225.03,signal,0.0,0,0.0,0.0
2026-07-13,AMAT.US,sell,580.8069,225.03,target_rebalance,39799.6011,123,59.248883951844235,43.78
2025-11-07,AMD.US,buy,323.8778,40.0,signal,0.0,0,0.0,0.0
2026-07-13,AMD.US,sell,536.9625,40.0,target_rebalance,8523.3862,248,87.08941756726693,65.79
2025-10-09,MU.US,buy,551.3675,27.88,signal,0.0,0,0.0,0.0
2026-07-14,MU.US,sell,987.3916,27.88,target_rebalance,12156.3517,278,89.25604371901647,79.08
2025-11-07,LRCX.US,buy,235.2848,270.66,signal,0.0,0,0.0,0.0
2026-07-15,LRCX.US,sell,356.8927,270.66,target_rebalance,32914.421,250,97.1141972688249,51.69
2026-03-12,AMAT.US,buy,404.0766,143.26,signal,0.0,0,0.0,0.0
2026-07-16,AMAT.US,sell,561.3771,143.26,target_rebalance,22534.8682,126,62.21063749428335,38.93
2025-11-07,AMD.US,buy,326.7542,59.04,signal,0.0,0,0.0,0.0
2026-07-16,AMD.US,sell,508.8207,59.04,target_rebalance,10749.2047,251,88.98904359166173,55.72
2026-03-12,AMAT.US,buy,404.0766,49.74,signal,0.0,0,0.0,0.0
2026-07-17,AMAT.US,sell,531.2995,49.74,target_rebalance,6328.0632,127,63.21063749428335,31.48
2025-10-09,MU.US,buy,560.1572,37.03,signal,0.0,0,0.0,0.0
2026-07-17,MU.US,sell,821.7075,37.03,target_rebalance,9685.2064,281,89.81887265023825,46.69
2025-11-07,AMD.US,buy,327.3967,249.36,signal,0.0,0,0.0,0.0
2026-07-20,AMD.US,sell,516.483,249.36,target_rebalance,47150.564,255,90.60513235055225,57.75
2025-10-09,MU.US,buy,560.1572,110.25,signal,0.0,0,0.0,0.0
2026-07-20,MU.US,sell,884.6844,110.25,target_rebalance,35779.1243,284,90.81887265023825,57.94
2026-03-12,AMAT.US,buy,408.5001,41.82,signal,0.0,0,0.0,0.0
2026-07-21,AMAT.US,sell,563.7822,41.82,target_rebalance,6493.8967,131,63.20354688516757,38.01
2025-10-09,MU.US,buy,560.1572,103.49,signal,0.0,0,0.0,0.0
2026-07-21,MU.US,sell,924.4246,103.49,target_rebalance,37698.0325,285,91.81887265023825,65.03
2025-11-07,AMD.US,buy,329.3517,220.56,signal,0.0,0,0.0,0.0
2026-07-22,AMD.US,sell,526.3531,220.56,target_rebalance,43450.6369,257,91.70577467664154,59.81
2025-10-09,MU.US,buy,560.1572,221.44,signal,0.0,0,0.0,0.0
2026-07-22,MU.US,sell,937.3117,221.44,target_rebalance,83517.0964,286,92.81887265023826,67.33
2025-11-07,AMD.US,buy,329.3517,112.48,signal,0.0,0,0.0,0.0
2026-07-23,AMD.US,sell,544.1953,112.48,target_rebalance,24165.6039,258,92.70577467664154,65.23
2025-10-09,MU.US,buy,560.1572,97.77,signal,0.0,0,0.0,0.0
2026-07-23,MU.US,sell,974.1549,97.77,target_rebalance,40476.5495,287,93.81887265023826,73.91
2026-03-12,AMAT.US,buy,412.8422,154.07,signal,0.0,0,0.0,0.0
2026-07-24,AMAT.US,sell,555.0603,154.07,target_rebalance,21911.5361,134,64.16861492045224,34.45
2025-11-07,AMD.US,buy,329.3517,72.04,signal,0.0,0,0.0,0.0
2026-07-24,AMD.US,sell,546.3731,72.04,target_rebalance,15634.2199,259,93.70577467664152,65.89
2025-11-07,LRCX.US,buy,240.4229,124.58,signal,0.0,0,0.0,0.0
2026-07-27,LRCX.US,sell,306.0037,124.58,target_rebalance,8170.0517,262,98.41188678129724,27.28
2026-03-12,AMAT.US,buy,412.8422,109.29,signal,0.0,0,0.0,0.0
2026-07-28,AMAT.US,sell,489.9052,109.29,target_rebalance,8422.2172,138,66.16861492045226,18.67
2025-11-07,AMD.US,buy,332.6435,4.97,signal,0.0,0,0.0,0.0
2026-07-29,AMD.US,sell,452.2273,4.97,target_rebalance,594.3315,264,94.66353318836119,35.95
2025-10-09,MU.US,buy,565.1398,165.46,signal,0.0,0,0.0,0.0
2026-07-29,MU.US,sell,832.167,165.46,target_rebalance,44182.3198,293,96.637271295218,47.25
2025-11-07,LRCX.US,buy,240.5514,2536.07,signal,0.0,0,0.0,0.0
2026-07-30,LRCX.US,sell,317.9717,2536.07,target_rebalance,196343.3588,265,100.88214011230491,32.18
2026-03-12,AMAT.US,buy,414.6917,112.71,signal,0.0,0,0.0,0.0
2026-07-31,AMAT.US,sell,530.591,112.71,target_rebalance,13063.0083,141,66.97554876388038,27.95
2025-11-07,AMD.US,buy,336.8175,199.21,signal,0.0,0,0.0,0.0
2026-07-31,AMD.US,sell,509.7697,199.21,target_rebalance,34453.8023,266,93.53949983513822,51.35
2025-10-09,MU.US,buy,586.5554,422.58,signal,0.0,0,0.0,0.0
2026-07-31,MU.US,sell,918.7304,422.58,target_rebalance,140370.5038,295,89.49819619619618,56.63
2026-03-12,AMAT.US,buy,414.6917,477.76,signal,0.0,0,0.0,0.0
2026-08-03,AMAT.US,sell,497.8288,477.76,target_rebalance,39719.5935,144,67.97554876388038,20.05
2025-11-07,AMD.US,buy,336.8175,65.89,signal,0.0,0,0.0,0.0
2026-08-03,AMD.US,sell,461.3282,65.89,target_rebalance,8204.0082,269,94.53949983513822,36.97
2025-10-09,MU.US,buy,596.2096,46.73,signal,0.0,0,0.0,0.0
2026-08-04,MU.US,sell,865.9532,46.73,target_rebalance,12605.1194,299,87.14263952067141,45.24
2025-11-07,LRCX.US,buy,247.443,500.28,signal,0.0,0,0.0,0.0
2026-08-05,LRCX.US,sell,318.2215,500.28,target_rebalance,35409.0559,271,95.4260139667209,28.6
2025-10-09,MU.US,buy,596.2096,124.12,signal,0.0,0,0.0,0.0
2026-08-05,MU.US,sell,884.4147,124.12,target_rebalance,35772.0197,300,88.14263952067141,48.34
2026-03-12,AMAT.US,buy,415.0402,50.77,signal,0.0,0,0.0,0.0
2026-08-06,AMAT.US,sell,524.2541,50.77,target_rebalance,5544.7892,147,70.78761373584321,26.31
2025-11-07,AMD.US,buy,342.9461,172.31,signal,0.0,0,0.0,0.0
2026-08-06,AMD.US,sell,471.2783,172.31,target_rebalance,22112.9106,272,93.54637776384176,37.42
2025-11-07,AMD.US,buy,342.9461,89.27,signal,0.0,0,0.0,0.0
2026-08-07,AMD.US,sell,497.4421,89.27,target_rebalance,13791.8534,273,94.54637776384176,45.05
2025-10-09,MU.US,buy,597.3185,141.24,signal,0.0,0,0.0,0.0
2026-08-07,MU.US,sell,902.6964,141.24,target_rebalance,43131.5719,302,89.74362664694047,51.12
2026-03-12,AMAT.US,buy,417.2745,387.55,signal,0.0,0,0.0,0.0
2026-08-10,AMAT.US,sell,553.8527,387.55,target_rebalance,52930.874,151,71.49941633870057,32.73
2025-11-07,LRCX.US,buy,248.7759,593.39,signal,0.0,0,0.0,0.0
2026-08-10,LRCX.US,sell,319.1805,593.39,target_rebalance,41777.3706,276,96.16051117389465,28.3
2025-11-07,AMD.US,buy,347.253,28.32,signal,0.0,0,0.0,0.0
2026-08-11,AMD.US,sell,474.2752,28.32,target_rebalance,3597.2693,277,93.48957195652672,36.58
2025-10-09,MU.US,buy,606.493,116.0,signal,0.0,0,0.0,0.0
2026-08-11,MU.US,sell,870.9282,116.0,target_rebalance,30674.4827,306,88.62805792431112,43.6
2025-11-07,LRCX.US,buy,248.9729,69.13,signal,0.0,0,0.0,0.0
2026-08-12,LRCX.US,sell,326.5132,69.13,target_rebalance,5360.3569,278,97.87299568949435,31.14
2025-10-09,MU.US,buy,606.493,103.16,signal,0.0,0,0.0,0.0
2026-08-12,MU.US,sell,912.0271,103.16,target_rebalance,31518.8947,307,89.62805792431111,50.38
2026-03-12,AMAT.US,buy,421.361,14.15,signal,0.0,0,0.0,0.0
2026-08-13,AMAT.US,sell,547.6755,14.15,target_rebalance,1787.3503,154,72.14544643057361,29.98
2025-11-07,LRCX.US,buy,248.9729,79.38,signal,0.0,0,0.0,0.0
2026-08-13,LRCX.US,sell,327.2924,79.38,target_rebalance,6216.9987,279,98.87299568949436,31.46
2025-10-09,MU.US,buy,606.493,11.72,signal,0.0,0,0.0,0.0
2026-08-13,MU.US,sell,911.9771,11.72,target_rebalance,3580.274,308,90.62805792431111,50.37
2025-11-07,AMD.US,buy,348.6434,75.11,signal,0.0,0,0.0,0.0
2026-08-14,AMD.US,sell,487.1124,75.11,target_rebalance,10400.4081,280,95.51981581881144,39.72
2025-11-07,LRCX.US,buy,248.9729,241.34,signal,0.0,0,0.0,0.0
2026-08-14,LRCX.US,sell,332.0276,241.34,target_rebalance,20044.4237,280,99.87299568949436,33.36
2025-10-09,MU.US,buy,606.493,454.69,signal,0.0,0,0.0,0.0
2026-08-14,MU.US,sell,978.3407,454.69,target_rebalance,169075.4284,309,91.62805792431111,61.31
2026-03-12,AMAT.US,buy,428.3595,39.85,signal,0.0,0,0.0,0.0
2026-08-17,AMAT.US,sell,516.9293,39.85,target_rebalance,3529.506,158,67.5829432056676,20.68
2025-11-07,AMD.US,buy,348.6434,275.53,signal,0.0,0,0.0,0.0
2026-08-17,AMD.US,sell,513.6458,275.53,target_rebalance,45463.1189,283,96.51981581881142,47.33
2026-03-12,AMAT.US,buy,428.3595,228.72,signal,0.0,0,0.0,0.0
2026-08-18,AMAT.US,sell,506.3212,228.72,target_rebalance,17831.4102,159,68.5829432056676,18.2
2025-11-07,LRCX.US,buy,250.282,146.26,signal,0.0,0,0.0,0.0
2026-08-19,LRCX.US,sell,328.1915,146.26,target_rebalance,11395.0456,285,101.35744284855879,31.13
2026-03-12,AMAT.US,buy,428.3595,71.39,signal,0.0,0,0.0,0.0
2026-08-20,AMAT.US,sell,489.0904,71.39,target_rebalance,4335.5809,161,70.58294320566759,14.18
2025-10-09,MU.US,buy,611.9064,105.57,signal,0.0,0,0.0,0.0
2026-08-20,MU.US,sell,934.075,105.57,target_rebalance,34011.3413,315,94.29487374887894,52.65
2025-11-07,LRCX.US,buy,251.7776,38.46,signal,0.0,0,0.0,0.0
2026-08-21,LRCX.US,sell,317.5421,38.46,target_rebalance,2529.3028,287,100.58669799917784,26.12
2025-10-09,MU.US,buy,611.9064,128.13,signal,0.0,0,0.0,0.0
2026-08-21,MU.US,sell,988.6903,128.13,target_rebalance,48277.3255,316,95.29487374887896,61.58
2025-11-07,AMD.US,buy,352.7524,229.28,signal,0.0,0,0.0,0.0
2026-08-24,AMD.US,sell,468.0715,229.28,target_rebalance,26440.3652,290,98.49968587970145,32.69
2025-11-07,LRCX.US,buy,251.7776,96.41,signal,0.0,0,0.0,0.0
2026-08-24,LRCX.US,sell,307.6321,96.41,target_rebalance,5384.9265,290,101.58669799917784,22.18
2026-03-12,AMAT.US,buy,429.2556,32.37,signal,0.0,0,0.0,0.0
2026-08-25,AMAT.US,sell,489.5699,32.37,target_rebalance,1952.3765,166,72.59795383324419,14.05
2025-11-07,LRCX.US,buy,251.7776,274.7,signal,0.0,0,0.0,0.0
2026-08-25,LRCX.US,sell,315.8838,274.7,target_rebalance,17609.9703,291,102.58669799917784,25.46
2025-11-07,AMD.US,buy,352.7524,108.33,signal,0.0,0,0.0,0.0
2026-08-26,AMD.US,sell,474.5949,108.33,target_rebalance,13199.2064,292,100.49968587970142,34.54
2025-11-07,LRCX.US,buy,251.7776,35.59,signal,0.0,0,0.0,0.0
2026-08-26,LRCX.US,sell,314.2954,35.59,target_rebalance,2225.0068,292,103.58669799917784,24.83
2025-10-09,MU.US,buy,623.5149,9.16,signal,0.0,0,0.0,0.0
2026-08-26,MU.US,sell,924.8143,9.16,target_rebalance,2759.9017,321,94.79287681927043,48.32
2025-10-09,MU.US,buy,623.5149,161.04,signal,0.0,0,0.0,0.0
2026-08-27,MU.US,sell,966.043,161.04,target_rebalance,55160.7189,322,95.79287681927045,54.94
2025-10-09,MU.US,buy,623.5149,6329.11,signal,0.0,0,0.0,0.0
2026-08-27,MU.US,sell,934.4546,6329.11,end_of_backtest,1967971.4749,322,95.79287681927043,49.87
2025-11-07,AMD.US,buy,353.1454,12685.54,signal,0.0,0,0.0,0.0
2026-08-27,AMD.US,sell,476.1933,12685.54,end_of_backtest,1560929.8732,293,101.19099914809688,34.84
2025-11-07,LRCX.US,buy,251.9802,19154.81,signal,0.0,0,0.0,0.0
2026-08-27,LRCX.US,sell,318.2614,19154.81,end_of_backtest,1269604.8308,293,104.27252528731734,26.3
2026-03-12,AMAT.US,buy,430.6494,12685.54,signal,0.0,0,0.0,0.0
2026-08-27,AMAT.US,sell,481.8776,12685.54,end_of_backtest,649857.1187,168,72.60774976781067,11.9
