Date,Open,High,Low,Close,Volume
2017-06-01,13.71541421607939,13.827603808679445,13.688029202322003,13.819653511047363,14658000
2017-06-02,13.882373462191293,14.030782103012914,13.870006145661177,14.022830963134766,18457000
2017-06-05,14.075985540918772,14.218614013497193,14.003342347234904,14.200010299682617,18203000
2017-06-06,14.195583181264,14.539310911423385,14.145973272121129,14.26379680633545,24067000
2017-06-07,14.356810161690102,14.412621289166767,14.262020799619686,14.378071784973145,20813000
2017-06-08,14.479064110911379,14.616378409616278,14.393132209417056,14.614605903625488,23194000
2017-06-09,14.6482731035176,14.798875315078083,13.67644621927405,13.97765064239502,38340000
2017-06-12,13.776551516702359,13.807558548430965,13.177686871340935,13.687962532043457,54739000
2017-06-13,13.87843152219007,13.98916839820952,13.54533464090491,13.742003440856934,27608000
2017-06-14,13.762378259950632,13.816417738362368,13.324746603221492,13.532045364379883,28307000
2017-06-15,13.251214647605705,13.355750261569565,13.075807516871953,13.153765678405762,41609000
2017-06-16,13.184778038330494,13.374359380116273,13.081127790617101,13.129852294921875,41134000
2017-06-19,13.305256378161843,13.461173572596243,13.279565174386393,13.37701416015625,30814000
2017-06-20,13.42130463301955,13.548873519659384,13.246783772432751,13.298165321350098,24595000
2017-06-21,13.315886976150964,13.399160978922799,13.21312300756999,13.369926452636719,18855000
2017-06-22,13.4221922989213,13.502808375245651,13.24589891390376,13.29196548461914,15814000
2017-06-23,13.271589957316998,13.538243974568587,13.245898758028599,13.446111679077148,30741000
2017-06-26,13.506355488385115,13.608233211084102,13.143138671906767,13.198949813842773,26066000
2017-06-27,13.134279417334545,13.161742283906072,12.795867555449826,12.811813354492188,34089000
2017-06-28,12.86053873489917,13.126307421315362,12.650581193828112,13.096186637878418,29102000
2017-06-29,12.941154851654641,12.97836228193626,12.40341708456117,12.610715866088867,31112000
2017-06-30,12.701074868238685,12.71879317146446,12.476057824344592,12.529211044311523,29387000
2017-07-03,12.642606193261669,12.701961496997189,12.335200551015678,12.339630126953125,15697000
2017-07-05,12.439737069037042,12.641721690954757,12.39721465772959,12.62666130065918,26189000
2017-07-06,12.530097685958866,12.820671278001411,12.461884075105838,12.74714183807373,27967000
2017-07-07,13.022653778003313,13.260074125406806,12.973043884012043,13.122759819030762,29563000
2017-07-10,13.17591442815902,13.377898179846424,13.0988416696881,13.362837791442871,22790000
2017-07-11,13.404473484615314,13.715423247481624,13.377896877866561,13.617974281311035,27538000
2017-07-12,13.767689883880845,13.850963864183559,13.547101616515654,13.694160461425781,17827000
2017-07-13,13.735799704709757,13.847421968799996,13.656955286365122,13.726055145263672,14611000
2017-07-14,13.792499736050639,13.962591079161454,13.72782944036225,13.935128211975098,14598000
2017-07-17,13.977648902650769,14.024601728699121,13.79781218640284,13.906777381896973,16579000
2017-07-18,13.90855055791309,14.137997194705772,13.841222352407982,14.11673641204834,18320000
2017-07-19,14.218613399542404,14.577401465816253,14.196466363535249,14.549053192138672,27117000
2017-07-20,14.615494138003564,14.62789661320681,14.335551347908488,14.59954833984375,23759000
2017-07-21,14.521588118459727,14.521588118459727,14.377187167646042,14.487038612365723,18474000
2017-07-24,14.484380917433416,14.588916535195384,14.453374733326925,14.539306640625,14457000
2017-07-25,14.535765077453254,14.601320776111478,14.394020331897089,14.569427490234375,20828000
2017-07-26,14.652706381869926,14.922017570886272,14.636758890594594,14.913158416748047,33108000
2017-07-27,14.964539051040177,15.060215538732804,14.286829892504617,14.596006393432617,56652000
2017-07-28,14.550825528595766,14.61461041831547,14.243419837930409,14.31606388092041,27400000
2017-07-31,14.40465121484359,14.440086132041841,14.067124799793287,14.126480102539062,24377000
2017-08-01,14.213297732485293,14.21772646332658,13.923609564893788,13.949300765991211,25925000
2017-08-02,14.083072930798368,14.083958339151568,13.268049472545608,13.425738334655762,47872000
2017-08-03,13.244129366898276,13.420422780058036,13.134278751040133,13.1909761428833,31461000
2017-08-04,13.230841930682711,13.488636850067948,13.143138347722836,13.292854309082031,21538000
2017-08-07,13.328289162116736,13.81110196194297,13.291967145909299,13.8057861328125,27518000
2017-08-08,13.806673521911184,13.98473860503824,13.647212152560948,13.79781436920166,27532000
2017-08-09,13.772116907468652,13.851847555921298,13.586965262174559,13.74908447265625,19564000
2017-08-10,13.63037843995111,13.659612964447055,13.203377638602417,13.238813400268555,26134000
2017-08-11,13.275133836212655,13.680873834012774,13.272476766754624,13.665813446044922,17909000
2017-08-14,13.873116743253028,14.078644711618029,13.838567227331138,14.045866012573242,21272000
2017-08-15,14.049409765162636,14.228361112534332,13.976766567148065,14.192924499511719,18174000
2017-08-16,14.302775059868898,14.634098583999814,14.231016429988737,14.459578514099121,50988000
2017-08-17,14.395794182442124,14.490585261196353,14.023718203676733,14.03789234161377,19605000
2017-08-18,14.192037302726222,14.33998159506031,14.028146367570361,14.217727661132812,19246000
2017-08-21,14.27353748670466,14.303658263267142,13.910320730936792,14.032574653625488,15548000
2017-08-22,14.104333961244537,14.543738140737748,14.104333961244537,14.511846542358398,25223000
2017-08-23,14.452487760664749,14.526017194957449,14.239873200787551,14.324919700622559,18158000
2017-08-24,14.370104161034934,14.422371982357882,14.005114820185167,14.069785118103027,14737000
2017-08-25,14.112307274096437,14.171661737485783,13.86602857828057,13.98473834991455,12719000
2017-08-28,14.026374348009833,14.266451788810581,13.974106534519809,14.233673095703125,12582000
2017-08-29,14.052065555670097,14.425913149014438,14.005998979531634,14.379846572875977,12321000
2017-08-30,14.38959395028225,14.617268961003107,14.331124887955925,14.61638355255127,15713000
2017-08-31,14.672193750725487,14.82279597362482,14.633213815125798,14.704085350036621,17924000
2017-09-01,14.707628815748821,14.984915409604616,14.65624809299563,14.782045364379883,15706000
2017-09-05,14.678391386932386,14.741289161725405,14.39756323109677,14.5375337600708,15383000
2017-09-06,14.639411381496794,14.692564596920516,14.44362972363049,14.618149757385254,19421000
2017-09-07,14.646502472732422,14.94504898494782,14.60309211845602,14.935302734375,13570000
2017-09-08,14.860001708520134,14.94504821660115,14.643843805143119,14.683709144592285,17296000
2017-09-11,14.839623312026177,15.117795239053997,14.830764161258642,15.056668281555176,18828000
2017-09-12,15.119737996879769,15.32758879927378,15.005154405553155,15.248534202575684,16897000
2017-09-13,15.303605128277878,15.321370471964311,15.089538327704544,15.235210418701172,14271000
2017-09-14,15.174808114704659,15.488359806602519,15.125954269283008,15.329362869262695,19422000
2017-09-15,15.332031164245462,15.467045087585875,15.264524202575256,15.365784645080566,26911000
2017-09-18,15.491912654011747,15.826782420895928,15.45105372076908,15.749505043029785,28200000
2017-09-19,15.772597131856566,15.813456061209475,15.633142761419695,15.732625961303711,21471000
2017-09-20,15.75838694573796,15.778817260657313,15.135727397621636,15.368447303771973,23419000
2017-09-21,15.381767231501115,15.414632941412059,15.111741176408803,15.302714347839355,21657000
2017-09-22,15.252080414056506,15.71840949330389,15.224544650244537,15.697980880737305,15828000
2017-09-25,15.633141465263233,15.633141465263233,15.10019313347775,15.115293502807617,22130000
2017-09-26,15.306272225078402,15.336472974700518,14.879914082567321,15.050457000732422,25498000
2017-09-27,15.553194075694504,16.044393868942727,15.371991396826553,15.934250831604004,30403000
2017-09-28,15.86320268650185,16.17320171974103,15.783260320070966,16.15010643005371,20617000
2017-09-29,16.246035328762236,16.45299666389018,16.114574160946088,16.436119079589844,17893000
2017-10-02,16.43611669521697,16.660843340945515,16.29488511738725,16.51694679260254,21015000
2017-10-03,16.566690686536464,16.583568270727007,16.23892806932403,16.421018600463867,14826000
2017-10-04,16.341072341524658,16.45654534976239,16.174969981220013,16.43433952331543,23646000
2017-10-05,16.456545189622087,16.48319150342076,16.058610752227263,16.238924026489258,15893000
2017-10-06,16.21761311203797,16.435234371157044,16.198072247407257,16.417469024658203,10168000
2017-10-09,16.43256356296781,16.516946387569757,16.319755516385595,16.402362823486328,11131000
2017-10-10,16.53293849901249,16.552479359407513,16.16165029213285,16.423683166503906,15708000
2017-10-11,16.363282704077342,16.540043281865056,16.339299661903123,16.537378311157227,16279000
2017-10-12,16.531162176303166,16.797635553572032,16.531162176303166,16.60932731628418,21387000
2017-10-13,16.755886879037366,16.904223922780602,16.656403677331,16.86780548095703,15571000
2017-10-16,16.965515771149835,17.218665996776867,16.9068914905394,17.08631706237793,28363000
2017-10-17,17.328807914706022,17.36433690654871,17.045456962071135,17.280841827392578,38370000
2017-10-18,17.505566548631446,17.845764527904397,17.153820928265652,17.80845832824707,53963000
2017-10-19,17.621927220244718,17.853759328470193,17.314593260185564,17.85198211669922,30195000
2017-10-20,17.98699352017931,18.328080903349463,17.981663579796482,18.239255905151367,31052000
2017-10-23,18.317425839150587,18.511951772315086,18.12467711797966,18.288114547729492,28426000
2017-10-24,18.357391236812198,18.36538614697259,18.055387275089146,18.283666610717773,19756000
2017-10-25,18.28011826919164,18.28011826919164,17.6761102007863,18.037626266479492,26620000
2017-10-26,18.182409137620745,18.533266986840164,18.145102939276942,18.367164611816406,18692000
2017-10-27,18.48086438119204,18.51106512752577,18.16464938622929,18.475534439086914,19847000
2017-10-30,18.37515915079636,18.493295443157123,18.16464512321026,18.31564712524414,13895000
2017-10-31,18.416018118328335,18.66117506781378,18.34407069342095,18.526161193847656,16464000
2017-11-01,18.693157446026344,18.693157446026344,17.812905394951414,18.024307250976562,28064000
2017-11-02,18.031413397931345,18.388489070948413,17.899064446021058,18.370723724365234,23658000
2017-11-03,18.404471209191648,18.471090390076316,18.21083475478871,18.392925262451172,18828000
2017-11-06,18.437339429731793,18.463987444551925,18.15576568600421,18.357397079467773,22484000
2017-11-07,18.349401865396942,18.639858249143078,18.342294712366673,18.581233978271484,13602000
2017-11-08,18.582121981328587,18.77842510841687,18.376048424665985,18.763324737548828,15650000
2017-11-09,18.598107129899883,18.63807829480326,18.053612883896157,18.323638916015625,21251000
2017-11-10,18.285446935284043,18.444442159179363,18.169973915685578,18.421348571777344,17156000
2017-11-13,18.24192065766794,18.59721895202474,18.169971545946108,18.58478355407715,14576000
2017-11-14,18.543041154965557,18.599889916902463,18.346739694696044,18.53238296508789,10052000
2017-11-15,18.653183976655946,18.728684146204316,18.302326061916467,18.463098526000977,21778000
2017-11-16,18.520830861901217,19.07243229239993,18.519943103174313,18.93919563293457,22595000
2017-11-17,19.26341040075166,19.274958043948057,18.613213370489127,18.69493293762207,19602000
2017-11-20,18.805968510860374,19.204790932791163,18.79086813386469,19.1061954498291,19494000
2017-11-21,19.288276744468412,19.514778901867075,19.234092965228484,19.444608688354492,21494000
2017-11-22,19.47037105713459,19.49701907259644,19.029800361171212,19.112407684326172,18829000
2017-11-24,19.193239886269374,19.32114834138437,19.153268705820512,19.259859085083008,8085000
2017-11-27,18.8814661802333,18.960520785560277,18.475536656502133,18.735794067382812,27327000
2017-11-28,18.797968218777317,19.131948547112383,18.629200842566974,18.932092666625977,24966000
2017-11-29,18.79974759907138,18.81928846281394,16.810962383969912,17.28883934020996,79810000
2017-11-30,17.534873576777343,17.652122088415826,16.993044360384804,17.08364486694336,50477000
2017-12-01,16.87669688370251,16.989504997001564,16.049738953258316,16.682170867919922,56596000
2017-12-04,16.849149823759657,16.862472980767464,15.944027327795135,16.054168701171875,53518000
2017-12-05,16.032792704805964,16.635803893421333,15.658694140404657,16.079999923706055,51648000
2017-12-06,15.948175247520767,16.41757845490391,15.810114481292908,16.409563064575195,39916000
2017-12-07,16.66431408534499,16.93419910728871,16.546740244211428,16.848691940307617,33346000
2017-12-08,17.034846884278583,17.190720620654634,16.56989634014861,16.608196258544922,34763000
2017-12-11,16.72042165712195,16.763176072201663,16.389077488598083,16.52802848815918,28030000
2017-12-12,16.43807009478489,16.511109043197077,16.134338021956744,16.172637939453125,22072000
2017-12-13,16.188672872119902,16.462122160306574,16.146810362814882,16.14948272705078,32287000
2017-12-14,16.1485842154973,16.427378118368935,16.120973760420494,16.21984100341797,29567000
2017-12-15,16.32583354469956,16.69725966849777,16.194007748936336,16.595718383789062,39779000
2017-12-18,16.714190407912053,16.99565505409667,16.62957347939226,16.84067153930664,34140000
2017-12-19,16.756940092169856,16.871841513810576,16.536044559722807,16.577016830444336,23914000
2017-12-20,17.003671790728358,17.087398495833323,16.68301531226049,16.819293975830078,32906000
2017-12-21,16.815728716700413,16.84779537878648,16.455882156182607,16.535154342651367,26719000
2017-12-22,16.500419817878132,16.74447476485459,16.39798826368196,16.62868309020996,15804000
2017-12-26,16.41223801985186,16.628680775245446,16.238549682616817,16.416690826416016,17065000
2017-12-27,16.456772399000673,16.658963109453182,16.389078188715324,16.511106491088867,16105000
2017-12-28,16.561876480432055,16.656292627040017,16.469242475754665,16.526248931884766,13101000
2017-12-29,16.529807617044302,16.631348909626322,16.390856642810316,16.395309448242188,13810000
2018-01-02,16.4915113133448,16.880752210511115,16.37750009025091,16.859375,20373000
2018-01-03,16.98407624329534,17.26375873354241,16.88966008548624,17.14618492126465,25833000
2018-01-04,17.3688670153445,17.533648098516963,17.20408593217204,17.224571228027344,22272000
2018-01-05,17.359952608675457,17.563035233956004,17.3198705562884,17.493558883666992,17130000
2018-01-08,17.487324499769954,17.768789097044678,17.48019932988331,17.625385284423828,27627000
2018-01-09,17.6556711874423,17.7919498408488,17.22367587493352,17.597774505615234,29550000
2018-01-10,17.310073629922513,17.389347515991698,16.949335145796834,17.07136344909668,35108000
2018-01-11,17.10698918844398,17.17468339208446,16.781879986023142,16.845121383666992,28164000
2018-01-12,16.845118914606203,17.04641935428603,16.77207999535872,16.79078483581543,27881000
2018-01-16,17.117684260209003,17.441903347639524,16.780995273219478,16.9582462310791,42511000
2018-01-17,17.32700036404531,18.318362485708963,17.257525694055243,18.266700744628906,64971000
2018-01-18,18.081423453039136,18.379812370180098,17.79283376541171,18.29964828491211,41988000
2018-01-19,18.335280048574585,18.486700944652238,18.090334931097892,18.484920501708984,26150000
2018-01-22,18.562415399587433,18.690676968052433,18.45552934345308,18.632781982421875,28231000
2018-01-23,18.796672337386745,19.162753885156754,18.704928545595894,19.156518936157227,43397000
2018-01-24,19.078133701961356,19.078133701961356,18.398520979382397,18.680875778198242,54649000
2018-01-25,19.23935331349139,19.460248868042846,17.725144298038973,17.747411727905273,82788000
2018-01-26,17.98789894753565,18.386047004415122,17.83915045157377,18.043123245239258,47616000
2018-01-29,17.9246642863122,18.01729828929089,17.21565722547686,17.455259323120117,40060000
2018-01-30,17.11055094511925,17.39468786281882,16.856698543198117,17.019699096679688,37946000
2018-01-31,17.182705789917208,17.26465035717924,16.94577600397928,17.058897018432617,28384000
2018-02-01,16.923510284110336,17.291374050161046,16.763182020121633,16.844236373901367,30535000
2018-02-02,16.63046130329145,16.640258836899502,15.887608805403058,15.949068069458008,55276000
2018-02-05,15.631977260585515,16.291104890982243,15.170589278424924,15.173261642456055,58953000
2018-02-06,15.00847755758273,15.943723232842926,14.903373654335063,15.884936332702637,58903000
2018-02-07,15.66137503622368,15.98203160866702,15.284603903382108,15.287276268005371,34033000
2018-02-08,15.37901113328227,15.415528898137314,14.448218412810263,14.44999885559082,49344000
2018-02-09,14.76976765997065,14.900701581369065,13.969017623519601,14.77422046661377,59371000
2018-02-12,15.000459277835878,15.541121011734443,14.898917967662888,15.404842376708984,41507000
2018-02-13,15.2819264431792,15.385249912641807,14.974631796315986,15.370107650756836,28416000
2018-02-14,15.266786726174525,16.30802849218861,15.231159167897498,16.3009033203125,58370000
2018-02-15,16.297338135328154,16.54762632180205,15.954414234755653,16.541391372680664,41792000
2018-02-16,16.456774152215303,17.031283080442282,16.446976617900543,16.737348556518555,43356000
2018-02-20,16.650059828041172,17.462387067421005,16.603742819723255,17.22991180419922,32965000
2018-02-21,17.328777174733535,17.36885922551749,16.852247070355368,16.85491943359375,32713000
2018-02-22,16.937761652992968,16.962701453163294,16.65006203038779,16.777433395385742,17529000
2018-02-23,16.9448879897945,17.250402261782444,16.7997019864368,17.199630737304688,22273000
2018-02-26,17.33056330608124,17.72247489408166,17.204082176688715,17.67437744140625,23631000
2018-02-27,17.649433163448396,17.795509325488876,17.22367287398461,17.232580184936523,28223000
2018-02-28,17.31898288748821,17.517611036837568,17.041971064777805,17.08917999267578,36083000
2018-03-01,17.145293445468752,17.425866136814903,16.756052563815217,16.92974090576172,30036000
2018-03-02,16.482609336597825,17.35907015459953,16.225194204435002,17.327003479003906,27758000
2018-03-05,17.175579971459836,17.8160010177133,17.03395657802923,17.698427200317383,32924000
2018-03-06,17.871657136786606,18.70746636317002,17.815401041330727,18.568164825439453,76363000
2018-03-07,18.379752028922,18.962853409891483,18.228841590024928,18.907489776611328,56256000
2018-03-08,19.109298320086413,19.193236238303474,18.836945893767925,18.99678611755371,37804000
2018-03-09,19.134300404050013,20.187990941976064,19.10393948281853,20.087087631225586,66568000
2018-03-12,20.136198276921984,20.538029979533434,19.912958820622706,20.41748046875,49288000
2018-03-13,20.541598383583512,20.97379093985147,19.862057869556423,19.99957275390625,49462000
2018-03-14,19.912955633727044,20.19245284620633,19.739723328537735,19.880809783935547,32919000
2018-03-15,20.00225243058948,20.27014076639883,19.87277315344071,19.920101165771484,24462000
2018-03-16,20.0183309478974,20.091554154839205,19.76026649189128,19.8165225982666,24958000
2018-03-19,19.498629597191844,19.559349741283267,18.935172684645508,19.428977966308594,40981000
2018-03-20,19.51023235183596,19.75132962076572,19.462011876141087,19.567380905151367,22238000
2018-03-21,19.812052001778472,20.34336120046569,19.73525724728303,20.027254104614258,35675000
2018-03-22,19.68971699437596,19.906705747031975,19.16733754703902,19.182518005371094,32495000
2018-03-23,19.113757595210227,19.24055774858278,18.087749186867633,18.0939998626709,52235000
2018-03-26,18.81015609092965,19.20037888559846,18.508335244349958,19.19502067565918,34588000
2018-03-27,19.576317155547184,19.596854125315634,17.918093952903973,18.09311294555664,42923000
2018-03-28,17.826117913617637,18.015424892421507,17.34660064017028,17.520727157592773,35239000
2018-03-29,17.68949546708278,18.528876367362706,17.58948461860848,18.141332626342773,35782000
2018-04-02,17.992204153157704,18.117217681317367,17.086745134786238,17.311769485473633,35505000
2018-04-03,17.673419313088903,17.82075815677003,17.318021494454676,17.677885055541992,26824000
2018-04-04,17.0108490228313,18.09668728724718,17.0108490228313,18.008283615112305,36997000
2018-04-05,18.098463690667568,18.163649552312226,17.163538029059108,17.414459228515625,35339000
2018-04-06,17.047464204620272,17.526090863953492,16.884946524913293,17.024248123168945,31239000
2018-04-09,17.21890539201496,17.83415255506563,17.154611983426623,17.244800567626953,26567000
2018-04-10,17.76182215641584,18.043102603694116,17.513580026523595,17.87433433532715,27077000
2018-04-11,17.702885762048147,18.168116607260583,17.654665286822983,17.93594741821289,24498000
2018-04-12,18.200266956757893,18.47887005252197,18.06007294153807,18.396717071533203,30843000
2018-04-13,18.62263271759548,18.625311822370314,18.106503949155137,18.1931209564209,21614000
2018-04-16,18.327961826673892,18.386897038531625,18.00203237497447,18.176158905029297,19411000
2018-04-17,18.50387150683158,19.00660649933892,18.41814695913131,18.960172653198242,60845000
2018-04-18,17.88058987206348,18.266346992144562,17.546623113264143,18.195804595947266,91149000
2018-04-19,17.732358938586184,17.960956638916063,16.858153016653812,17.001026153564453,87734000
2018-04-20,17.029599292571913,17.418037204101548,16.96530757752267,17.136754989624023,49807000
2018-04-23,17.278732653721455,17.537689513327663,17.005487802591556,17.132287979125977,34889000
2018-04-24,17.31176884013455,17.451964523694983,16.306299036716734,16.592939376831055,50347000
2018-04-25,16.60812598355073,16.92869722459255,16.222367148909782,16.668846130371094,31248000
2018-04-26,17.04566971341935,17.23319000795652,16.860826820362764,17.001914978027344,36113000
2018-04-27,17.169794582078048,17.206404478759207,16.573297672789366,16.721529006958008,30448000
2018-04-30,16.729569103511757,16.867084039513777,16.42685570698732,16.525081634521484,29902000
2018-05-01,16.442927430262852,17.01799325403299,16.40720999762626,17.001026153564453,28337000
2018-05-02,16.992091565214114,17.14032287122262,16.81350104616211,16.9233341217041,21948000
2018-05-03,16.7652805187791,17.013522650996116,16.574188646912148,16.915298461914062,21815000
2018-05-04,16.787602441131234,17.580549237395406,16.754564126741215,17.45464324951172,32827000
2018-05-07,17.51179729066014,17.58680542664635,17.209083938222047,17.276948928833008,33047000
2018-05-08,17.198368674458408,17.47965087866369,17.150148186750428,17.400177001953125,21481000
2018-05-09,17.466254912237975,17.86094347743321,17.426071741221598,17.83415412902832,23909000
2018-05-10,17.96898770286857,18.251162332303576,17.918982287928408,18.21722984313965,18903000
2018-05-11,18.075253461334682,18.284204932250486,17.9386310182009,17.99756622314453,19455000
2018-05-14,18.31456573965848,18.74497173749073,18.144903270973167,18.219018936157227,33437000
2018-05-15,18.16365482627123,18.24312869973935,17.838617890723466,18.05471420288086,19214000
2018-05-16,18.163658734017883,18.590493239928424,18.09668790441448,18.476194381713867,22545000
2018-05-17,18.364572228481464,18.42797147660001,18.013640085815805,18.156513214111328,26077000
2018-05-18,17.435001204834116,17.669849548989973,17.160863860888668,17.456432342529297,52501000
2018-05-21,17.800221216258088,17.943094331354054,17.546620840849087,17.84754753112793,25346000
2018-05-22,18.060079216332593,18.334216664290178,18.03775560285823,18.12526512145996,27788000
2018-05-23,17.857374644279567,18.213665061746628,17.841301712510816,18.15472984313965,19699000
2018-05-24,18.17615311343369,18.30116834642438,17.929697625641264,18.24937629699707,21240000
2018-05-25,18.125262170817905,18.206520996291253,17.964529454876363,18.040430068969727,22637000
2018-05-29,17.88416290283203,18.11901129531327,17.703785684697618,17.88416290283203,20495000
2018-05-30,18.049357303122328,18.28242073021446,17.92166463782433,18.02256965637207,28121000
2018-05-31,17.918098640894026,18.04668381358166,17.667177272280632,17.696645736694336,30783000
2018-06-01,17.8591563981676,18.1966946857257,17.742178460494127,18.098468780517578,34371000
2018-06-04,18.079713155737995,18.390462033809712,17.91183736420917,18.269020080566406,28059000
2018-06-05,18.374064624839903,18.446786349368626,18.084080155585017,18.12088966369629,25079000
2018-06-06,18.178347957832667,18.181940549544038,17.675588892508173,17.920684814453125,39254000
2018-06-07,17.260811905515112,17.307496760246202,16.591963130661444,16.952871322631836,127752000
2018-06-08,16.710466536570692,16.904387665551383,16.644928297962018,16.881044387817383,52726000
2018-06-11,16.846928556414554,16.86309007756457,16.446517366167626,16.493202209472656,54434000
2018-06-12,16.600043959534844,16.790374278080463,16.460886672140354,16.78229522705078,36615000
2018-06-13,16.538094391501303,16.92324486149812,16.52193457918866,16.57221031188965,44895000
2018-06-14,16.624278853221774,16.748173575611577,16.24720922467029,16.265165328979492,43866000
2018-06-15,16.09369428276731,16.240930624015565,15.980572154681512,16.01738166809082,43553000
2018-06-18,15.857569801109838,15.863854266036627,15.621452008241933,15.639408111572266,45187000
2018-06-19,15.34314070688729,15.69596977998624,15.308127500754386,15.56309700012207,37362000
2018-06-20,15.754325909627743,15.82704590724564,15.548733135144028,15.669934272766113,27759000
2018-06-21,15.995832230950231,16.092792817058037,15.746248151223178,15.805501937866211,32827000
2018-06-22,15.934782531904228,15.944657876789634,15.526290526050511,15.68429946899414,29503000
2018-06-25,15.460751776743276,15.531675484250655,15.04866719303708,15.35301685333252,36180000
2018-06-26,15.757915728894837,15.778565419062042,15.418552908841194,15.615167617797852,35058000
2018-06-27,15.711236198961853,15.755227468531395,15.243490334890282,15.24438762664795,26858000
2018-06-28,15.083684439031147,15.364690862418696,14.93644640227014,15.340450286865234,33546000
2018-06-29,15.491275298106714,15.696868090577034,15.463445559611372,15.518209457397461,32016000
2018-07-02,15.261444262315804,15.555916881278902,15.137549521918176,15.536166191101074,21153000
2018-07-03,15.548739440328417,15.576570900063379,14.983133902066099,15.01545524597168,20484000
2018-07-05,15.200392954577275,15.468830395472722,15.198598371463648,15.425736427307129,23862000
2018-07-06,15.379051457942467,15.629534503762756,15.172561383882393,15.608884811401367,23543000
2018-07-09,15.776770832205894,15.901562853400424,15.468830303589705,15.892584800720215,20559000
2018-07-10,15.892588418446906,15.974286490329245,15.72021421995829,15.836925506591797,19771000
2018-07-11,15.66634407654928,15.80011415075508,15.156401642337494,15.195904731750488,34509000
2018-07-12,15.272216665488479,15.569382867183979,15.237203456203718,15.38084888458252,26871000
2018-07-13,15.465242036830608,15.639412520986705,15.376362211346516,15.423047065734863,21323000
2018-07-16,15.362894273857451,15.522701241210207,15.331471940364212,15.423047065734863,18735000
2018-07-17,15.309919712199973,15.984157138736773,15.309919712199973,15.912334442138672,24194000
2018-07-18,16.43306251698404,16.5084761516551,16.074846039906983,16.278642654418945,32971000
2018-07-19,16.17000595018234,16.292104427053165,15.965312099577062,16.001222610473633,20152000
2018-07-20,15.996727226279981,16.020068790980332,15.792031755577119,15.963508605957031,17208000
2018-07-23,15.827945396129698,15.84590150324543,15.39970268699009,15.696868896484375,22954000
2018-07-24,15.817168880932016,16.08740257588017,15.531672669916713,15.56668758392334,23002000
2018-07-25,15.57566691951123,15.655568672111702,15.301842323920988,15.51371955871582,22323000
2018-07-26,15.465238822363009,15.948247078450803,15.441897256214778,15.914131164550781,38416000
2018-07-27,16.60902265601247,17.3676503716784,16.56951955397782,17.059711456298828,80737000
2018-07-30,17.012118619478944,17.057906165029113,16.688018347546972,16.863985061645508,34120000
2018-07-31,17.064196772189895,17.659428229062616,17.034570734913594,17.11536979675293,34177000
2018-08-01,17.046237366407357,17.12973171194262,16.68443024814295,16.724830627441406,25590000
2018-08-02,16.499490495517918,16.8855382617698,16.48512526640964,16.79755401611328,18192000
2018-08-03,16.770622074318073,16.88643606522573,16.683536830108885,16.814613342285156,15075000
2018-08-06,16.717653048576512,16.93042763361003,16.713163165094365,16.906187057495117,17930000
2018-08-07,16.945690885784995,16.966340583437816,16.487820357026784,16.690719604492188,27277000
2018-08-08,16.613510827603474,17.102803725695075,16.58298749352884,17.059711456298828,21288000
2018-08-09,16.759847183801437,16.846035133507332,16.406120755628557,16.563232421875,32915000
2018-08-10,16.211299388079333,16.288509277995523,15.930292992838208,15.989546775817871,29623000
2018-08-13,16.05777384070654,16.079320820149977,15.80549626409485,15.99403190612793,21843000
2018-08-14,16.032639481786305,16.128702762685393,15.838718336869313,15.862958908081055,19201000
2018-08-15,15.660964094448342,15.695080025429275,15.342250782897215,15.5164213180542,29154000
2018-08-16,15.61068575661392,15.863860752492696,15.468834879647515,15.64749526977539,26004000
2018-08-17,15.339549751760446,15.362891318269684,14.931955074077655,15.25425910949707,42193000
2018-08-20,15.223739412825264,15.442798465619244,14.990315130180518,15.377260208129883,25374000
2018-08-21,15.465240818031646,15.756122559040165,15.404192451651113,15.656468391418457,27194000
2018-08-22,15.570285519864829,15.719318157638389,15.504747256404176,15.538863182067871,17181000
2018-08-23,15.494869431242046,15.661856440774638,15.468832560953349,15.511029243469238,22220000
2018-08-24,15.625050199888191,15.634927260014713,15.391625884502124,15.483201026916504,20123000
2018-08-27,15.531674442519627,15.98775025658226,15.527186272523277,15.819864273071289,31687000
2018-08-28,15.552325608076476,15.650183477243871,15.334163880467601,15.634023666381836,35476000
2018-08-29,15.556816199086793,15.705848823626265,15.430229567313928,15.497562408447266,23196000
2018-08-30,15.4867920224675,15.677122356067224,15.4553696828913,15.484098434448242,21550000
2018-08-31,15.46704151542368,15.68161071903465,15.416765771488786,15.539761543273926,22122000
2018-09-04,15.419452457167584,15.524493793898374,15.113308212385796,15.438305854797363,26060000
2018-09-05,15.31710319111147,15.470623926932877,15.18782130971269,15.445486068725586,29233000
2018-09-06,15.289274036360538,15.338650756386127,14.36365703245172,14.369043350219727,56661000
2018-09-07,14.23886750263869,14.492043318255003,14.23168574435953,14.326850891113281,31932000
2018-09-10,14.492940442763219,14.494736738506647,14.207445005795222,14.31607723236084,22927000
2018-09-11,14.01232495182073,14.120807364119772,13.848697377930293,14.04848575592041,35012000
2018-09-12,13.582915976610167,13.723039860568626,13.471722118186134,13.593764305114746,50018000
2018-09-13,13.741118312136388,13.958987520427021,13.652524644988484,13.842369079589844,31504000
2018-09-14,13.900225342456533,14.079221434361195,13.73117319049941,13.873104095458984,24852000
2018-09-17,13.817059057524434,13.959894386561741,13.724848690135357,13.750161170959473,19409000
2018-09-18,13.773665128227963,14.05481556477814,13.773665128227963,13.890283584594727,15270000
2018-09-19,14.044871189788621,14.044871189788621,13.806209688965664,13.848698616027832,21014000
2018-09-20,13.999670897014532,14.196747870487812,13.951757371485078,14.037639617919922,24502000
2018-09-21,13.8776256241419,14.15244790669383,13.8776256241419,14.073798179626465,41910000
2018-09-24,14.00871168464295,14.038544375018933,13.787226611375306,13.988822937011719,19800000
2018-09-25,14.0132307014439,14.0132307014439,13.606420538073833,13.676934242248535,34302000
2018-09-26,13.384030974957893,13.719422160746985,13.337925366690913,13.452735900878906,34514000
2018-09-27,13.57930003126109,13.717615140762232,13.428328682309733,13.611845016479492,22384000
2018-09-28,13.603708465806946,13.858642018253974,13.482568946925074,13.713998794555664,21552000
2018-10-01,13.617266684532044,13.72846138722583,13.486184101227753,13.582010269165039,23595000
2018-10-02,13.51511413277498,13.998765242543609,13.49522624961145,13.657949447631836,28033000
2018-10-03,13.72665325644675,13.859544610532506,13.580202140733261,13.756485939025879,16745000
2018-10-04,13.64800577979145,13.650718077419654,13.346062220720404,13.470817565917969,26982000
2018-10-05,13.449120733730094,13.600996466803506,13.27102899773154,13.370471000671387,23365000
2018-10-08,13.30719007103222,13.479858077445822,13.135425589073234,13.205939292907715,24404000
2018-10-09,13.164353538598691,13.198706431823254,12.778336545220364,13.06039047241211,39021000
2018-10-10,12.873263421817478,12.98807399869669,12.544200232983483,12.636409759521484,45539000
2018-10-11,12.726805990322148,12.916650409303623,12.293779906730398,12.44113540649414,39716000
2018-10-12,12.925693861706382,13.256564877482091,12.725904593661314,12.982646942138672,37654000
2018-10-15,12.837100748742976,13.035081265561919,12.688841673349156,12.883206367492676,26998000
2018-10-16,13.037789718754691,13.239386860939225,12.951907489476906,13.132712364196777,45363000
2018-10-17,13.786320586185058,13.918307572638021,13.216787238839762,13.305381774902344,87861000
2018-10-18,13.169778984343598,13.247525197468347,12.964565984815502,13.11644172668457,43263000
2018-10-19,13.164353449844404,13.42923092863806,13.055871038249496,13.126384735107422,41175000
2018-10-22,13.2647001378054,13.342445479946981,12.985357641300821,13.04231071472168,27412000
2018-10-23,12.620133769084468,13.348774507551466,12.618325858047678,13.233963966369629,38654000
2018-10-24,13.040502692603962,13.129096361614252,12.579451790002663,12.593915939331055,39102000
2018-10-25,12.746694544722413,13.022420322364011,12.60114695781363,12.887721061706543,31346000
2018-10-26,12.517073687269715,12.860601748124951,12.345310087912871,12.574931144714355,37699000
2018-10-29,12.726808937187327,12.884108413357946,12.061449361333795,12.274798393249512,37667000
2018-10-30,12.279320249226128,12.753931039165828,12.19163008158578,12.590303421020508,40181000
2018-10-31,12.806360708650889,12.933827472395844,12.67618164763817,12.812688827514648,28055000
2018-11-01,12.894956745435856,13.744737051046206,12.882300505379568,13.728464126586914,57921000
2018-11-02,13.82519236491922,13.930962476400234,13.566642149792626,13.696821212768555,29116000
2018-11-05,13.679647544615422,13.695919607488667,13.150795155534238,13.344255447387695,22178000
2018-11-06,13.269219595934485,13.776375219590108,13.243906258148144,13.747446060180664,32368000
2018-11-07,13.921015155902953,13.921918680025444,13.66608082432247,13.713089942932129,25775000
2018-11-08,13.548563991247013,13.859547110460163,13.491610050856284,13.712191581726074,12459000
2018-11-09,13.521441172329865,13.638060475130459,13.279163874582322,13.365949630737305,18722000
2018-11-12,13.158024484437723,13.199609018244141,12.84342473511917,12.919363021850586,24391000
2018-11-13,13.114631862749594,13.300860474581661,12.937443667309918,13.013381958007812,28856000
2018-11-14,13.16435365057028,13.348773494451128,12.79912892246616,12.903995513916016,24399000
2018-11-15,12.852465928381987,13.359621567053432,12.800936589090165,13.234867095947266,32110000
2018-11-16,12.884107071483003,13.619980277624116,12.802745044105349,13.379510879516602,37911000
2018-11-19,13.27916620321426,13.431945474241004,12.977222621368291,12.994399070739746,25399000
2018-11-20,12.677990776676468,13.4798574871942,12.644542268345573,12.968181610107422,52282000
2018-11-21,13.191475099050898,13.341542923623265,13.048639780799984,13.064911842346191,22895000
2018-11-23,12.917558064859325,13.30809535413429,12.917558064859325,13.012480735778809,8669000
2018-11-26,13.24390726801084,13.285492668413617,13.033270554926867,13.271028518676758,15651000
2018-11-27,13.145369517281269,13.360526436552076,13.098360384523506,13.2737398147583,20098000
2018-11-28,13.342447034594644,13.914692719346908,13.109210118851795,13.90746021270752,31957000
2018-11-29,13.770048618204415,14.005093430298427,13.724847394368078,13.808920860290527,19321000
2018-11-30,13.831522845068998,14.209403860586773,13.635350261703694,14.189515113830566,36878000
2018-12-03,14.554738208784803,14.723790381339631,14.30613192053213,14.55654525756836,36837000
2018-12-04,14.430023313057726,14.472804497582095,13.517963667992039,13.625371932983398,52282000
2018-12-06,13.198468997044547,13.417836813893047,12.929948351452035,13.26491641998291,55664000
2018-12-07,13.254902967281994,13.261274613657038,12.51032747634199,12.564031600952148,30846000
2018-12-10,12.498496180907539,12.672351878899406,12.302794586233743,12.544918060302734,27340000
2018-12-11,12.780669558975909,13.177533751321782,12.505777265606863,12.587698936462402,22135000
2018-12-12,12.84074331032313,12.903549162412904,12.506685032648964,12.60226058959961,30169000
2018-12-13,12.69874758065819,12.794322282294406,12.536724589411191,12.63047981262207,16696000
2018-12-14,12.39108349491544,12.51305536182327,12.189920931820653,12.321905136108398,33849000
2018-12-17,12.290961095895675,12.668710358129683,12.19174482798662,12.350126266479492,24680000
2018-12-18,12.47300995968094,12.957256922140102,12.404742181584856,12.554931640625,25001000
2018-12-19,12.34193516709272,12.78249119309101,11.826739716956999,11.93505859375,36244000
2018-12-20,12.026082026388817,12.101632058049525,11.528181171419796,11.679281234741211,43698000
2018-12-21,11.752101310551906,12.014250359169171,11.536374145682133,11.574604034423828,39131000
2018-12-24,11.520900066515958,11.59827045262775,11.215969823377957,11.221431732177734,13052000
2018-12-26,11.375262142699846,11.918675204133361,11.16317653192778,11.90957260131836,32388000
2018-12-27,11.64286899718872,12.132577744334636,11.606459466861633,12.131667137145996,18137000
2018-12-28,12.160795252732486,12.56494167488144,12.135308666553252,12.326458930969238,22876000
2018-12-31,12.450252094032768,12.55219843921609,12.225422381361318,12.394726753234863,15972000
2019-01-02,12.148053678126127,12.71149221167195,12.142592638060222,12.58860969543457,17126000
2019-01-03,12.306436364146272,12.411113680510148,11.955994007896548,11.981480598449707,21111000
2019-01-04,12.205397597285902,12.5831468244774,12.13803957117608,12.56676197052002,21270000
2019-01-07,12.604082964728049,12.8407453772929,12.505777306607815,12.678722381591797,13940000
2019-01-08,12.764285180449157,12.786131075902373,12.138951414513786,12.463906288146973,27463000
2019-01-09,12.625926977067088,13.168429230466899,12.586786493887535,13.107442855834961,33367000
2019-01-10,13.024613268768361,13.250352731710452,12.869872528882373,13.15932846069336,20094000
2019-01-11,13.102895655311128,13.386889710009122,13.007320073656244,13.117459297180176,22813000
2019-01-14,12.948156361295332,12.95452800958722,12.61864926090348,12.782492637634277,32391000
2019-01-15,12.863501587201037,12.958166556465585,12.641402805140713,12.7433500289917,14539000
2019-01-16,12.756093211660817,12.90264196488073,12.619557666918473,12.629570007324219,19124000
2019-01-17,12.558572550993706,12.920847605710492,12.438420981687036,12.903553009033203,18445000
2019-01-18,13.042821326327259,13.642668608493764,13.025526728408263,13.430583000183105,37802000
2019-01-22,13.321353881132017,13.337737870947707,12.600444440090628,12.733339309692383,37249000
2019-01-23,12.804336281768249,12.949974427401902,12.523072330889917,12.682363510131836,35068000
2019-01-24,13.676345349576437,14.762261573728267,13.655410060630203,14.67305850982666,134214000
2019-01-25,14.839629924019897,15.183700594075972,14.541072257811416,15.063549041748047,71585000
2019-01-28,14.563826054316591,15.200994138650284,14.472801794248442,15.115431785583496,45139000
2019-01-29,15.41399138128432,15.471336203686985,14.919732138166857,15.018037796020508,34212000
2019-01-30,15.240131818613799,15.70435392346451,15.169133981188027,15.5587158203125,38807000
2019-01-31,15.438566791912734,15.73803590604584,15.279273897264163,15.435835838317871,30481000
2019-02-01,15.49227151938842,15.79265038436663,15.42218340691742,15.726202964782715,28917000
2019-02-04,15.697076329815465,15.833611867474366,15.554167409163218,15.761702537536621,17386000
2019-02-05,15.708914179387078,15.878219491664364,15.628813693399495,15.809950828552246,24743000
2019-02-06,15.868199726188195,16.432547030872087,15.838160972902195,16.12033462524414,33794000
2019-02-07,15.931011604603635,16.083931165664286,15.770808919580112,15.994728088378906,21664000
2019-02-08,15.71801070857129,15.987441090162799,15.62425722065447,15.956494331359863,17042000
2019-02-11,15.986537394545316,16.111241160695595,15.914628037606818,16.0129337310791,16828000
2019-02-12,16.202262011677043,16.397053898842806,16.138545526008993,16.316041946411133,19631000
2019-02-13,16.391593227286524,16.653742313929822,16.31877413300473,16.476245880126953,20281000
2019-02-14,16.38976789791723,16.861271495300404,16.38976789791723,16.505367279052734,20012000
2019-02-15,16.568175043075712,16.67103287323628,16.324231235867824,16.483522415161133,23138000
2019-02-19,16.4698700037138,16.657378732728628,16.40433231483867,16.412525177001953,15516000
2019-02-20,16.49080523302741,16.67558299759331,16.43527988804623,16.58547019958496,21972000
2019-02-21,16.583653775057332,16.64281983028158,16.25414751157776,16.27690315246582,19141000
2019-02-22,16.060260578176948,16.376113710429333,15.938289545937497,16.313308715820312,27103000
2019-02-25,16.59366353333,16.6009466567492,16.331514493834895,16.347898483276367,18380000
2019-02-26,16.283271887203288,16.41343579648639,16.220465149014533,16.25323486328125,15063000
2019-02-27,16.169485671350483,16.22136857253499,15.867285654224935,16.12943458557129,17586000
2019-02-28,16.034772067378253,16.114874251035353,15.920082435136113,16.028400421142578,16597000
2019-03-01,16.17222480915205,16.298748039652427,16.010202642183685,16.088481903076172,15136000
2019-03-04,16.143094122188728,16.41070330275631,16.07118478879098,16.181324005126953,22781000
2019-03-05,16.10759230035888,16.13580984090273,15.678870756991023,15.79629135131836,25756000
2019-03-06,15.79265692843816,15.831796563372157,15.308409850926383,15.400343894958496,30124000
2019-03-07,15.338442474716532,15.341173428764689,15.008936288633803,15.215559959411621,24467000
2019-03-08,14.99164191707744,15.42036527484998,14.891516766165882,15.367570877075195,19439000
2019-03-11,15.44039136867171,15.754425093624373,15.430379026280058,15.657029151916504,20297000
2019-03-12,15.73440013357185,15.766258378750464,15.55599396057161,15.661581039428711,16354000
2019-03-13,15.757149939684568,15.757149939684568,15.47497456634107,15.511384963989258,21585000
2019-03-14,15.565096547701296,16.241404556587852,15.565096547701296,16.068458557128906,36232000
2019-03-15,16.506277721371056,17.108854909505318,16.416163196825828,16.601852416992188,61230000
2019-03-18,16.549973064316767,16.691060804987803,16.2486843738804,16.402515411376953,20343000
2019-03-19,16.510579960637887,16.698325004746586,16.392438178818153,16.42540740966797,20884000
2019-03-20,16.408925281714843,16.548131827395448,15.990390317790329,16.09479522705078,20673000
2019-03-21,16.099370315652855,17.0884662963546,16.099370315652855,16.832948684692383,31033000
2019-03-22,16.69649300303459,16.891564138956625,16.39152152847623,16.4345645904541,22045000
2019-03-25,16.396100615465556,16.558202530188183,16.203777198069236,16.401596069335938,12734000
2019-03-26,16.461130009029354,16.732215267951467,16.393357384193443,16.489519119262695,16499000
2019-03-27,16.500511719173073,16.558208766121062,16.219350847674193,16.26880645751953,13905000
2019-03-28,16.28070633628861,16.392437331511925,15.945511603811989,16.089298248291016,16656000
2019-03-29,16.280708281055517,16.465705610661647,16.217515795305594,16.394269943237305,15830000
2019-04-01,16.66810017289534,16.943763693165383,16.61772926312722,16.915372848510742,17987000
2019-04-02,16.949263663767415,17.01703453029374,16.761518607103685,16.87508201599121,13618000
2019-04-03,17.183713102123434,17.682840358316795,17.055495756340953,17.54180145263672,32450000
2019-04-04,17.36321769403437,17.75061402586422,17.33757457017286,17.495098114013672,21427000
2019-04-05,17.694748138896436,17.931033461176682,17.583934205898633,17.872419357299805,21467000
2019-04-08,17.73046818848911,17.82388218552285,17.523490775871892,17.728635787963867,17132000
2019-04-09,17.567444620618463,17.579350853929324,17.324750308517842,17.44289207458496,17347000
2019-04-10,17.382450979555333,17.548215966879795,17.272552370419742,17.477697372436523,14505000
2019-04-11,17.520740509033203,17.718559383966326,17.446557120828235,17.520740509033203,11942000
2019-04-12,17.77717148673253,17.88615650388292,17.626975805790696,17.774425506591797,11619000
2019-04-15,17.710315048527434,17.710315048527434,17.39618681476836,17.658113479614258,14193000
2019-04-16,17.812890081027692,18.03085662037866,17.755191309098684,17.82387924194336,15514000
2019-04-17,18.07298552149356,18.130684297138885,17.793658885390595,17.976823806762695,16936000
2019-04-18,18.01711956789943,18.067490485284367,17.810142191355403,17.837615966796875,14098000
2019-04-22,17.97681640136383,18.018944123776503,17.683751250448754,17.878822326660156,11771000
2019-04-23,17.858682979631382,17.972246389864296,17.712150335953318,17.83853530883789,20486000
2019-04-24,17.87241898939283,18.314764625909046,17.82113274131058,17.89897918701172,26018000
2019-04-25,18.59134469266045,19.18663547455901,18.545553900271372,18.781837463378906,47583000
2019-04-26,18.59134839995581,18.975081744945307,18.279966058558497,18.90181541442871,28652000
2019-04-29,18.93295110844672,19.0245344443171,18.717730531172343,18.877084732055664,16077000
2019-04-30,18.887156619983646,19.12344191659522,18.80106874731028,18.99705696105957,16043000
2019-05-01,19.052925429954048,19.144507019661923,18.672855194800324,18.67926597595215,11369000
2019-05-02,18.6792683618255,18.99248309828706,18.627982106060184,18.94302749633789,13401000
2019-05-03,18.993391096973333,19.123439086833418,18.881660119049915,19.02910804748535,12578000
2019-05-06,18.346819803793412,18.800154590269972,18.20211782460804,18.732383728027344,12830000
2019-05-07,18.39810495249418,18.491518932540224,17.844943685759297,18.311100006103516,29342000
2019-05-08,18.17922338202554,18.47228866276075,18.050090684803415,18.2900390625,15551000
2019-05-09,17.95026409697715,18.31384793391763,17.678261840895487,18.19112777709961,19390000
2019-05-10,18.05009370865456,18.27080977978373,17.759776106476583,18.124277114868164,17561000
2019-05-13,17.51982734515659,17.58485224018745,17.120526452471324,17.245079040527344,28563000
2019-05-14,17.442893272243953,17.772592546645935,17.352227019867396,17.62422752380371,16563000
2019-05-15,17.506999936160526,18.124270708779534,17.460293822986873,17.902639389038086,16087000
2019-05-16,17.587595491874282,17.994224136942716,17.46121053531373,17.80922508239746,17612000
2019-05-17,17.683761316901023,18.316599826947606,17.675518134281607,17.781755447387695,24442000
2019-05-20,17.276212053082126,17.36871070066306,16.7358723809916,16.821044921875,32441000
2019-05-21,17.09030134451783,17.27346802563536,16.98772884155934,17.11777687072754,20314000
2019-05-22,16.977654083714057,17.266140979420268,16.956589340083557,17.14250373840332,11325000
2019-05-23,16.832953233602428,17.023446025477455,16.69283136703375,16.984066009521484,18492000
2019-05-24,17.105871048560214,17.215771409251122,16.640629973050483,16.658946990966797,21382000
2019-05-28,16.809139637227375,16.851267373326046,16.36129858743809,16.38602638244629,25526000
2019-05-29,16.222099518790802,16.338410693310646,15.999552755162705,16.26514434814453,25662000
2019-05-30,16.29718904720789,16.686415958227794,16.257809042172337,16.358549118041992,12630000
2019-05-31,16.146999383876032,16.44647548975313,15.983980356421414,15.991308212280273,15766000
2019-06-03,16.07098006695473,16.251398981076374,15.664351451910024,15.791651725769043,24126000
2019-06-04,15.984892087939222,16.558200979602937,15.82187311496624,16.523399353027344,23986000
2019-06-05,16.59117328400679,16.774339957522024,16.386943613397897,16.697410583496094,19468000
2019-06-06,16.70015837337409,16.96574812948063,16.636050561445163,16.909883499145508,15890000
2019-06-07,17.000548494358643,17.332995511597513,16.908965164089583,17.096710205078125,16194000
2019-06-10,17.225835701636615,17.74602754269954,17.225835701636615,17.507911682128906,16890000
2019-06-11,17.953749037880094,17.988752085868708,17.443443847721365,17.49410629272461,14779000
2019-06-12,16.890761743889986,16.96905871227144,16.471647638552508,16.56928825378418,26863000
2019-06-13,16.65771520699793,16.783910977490038,16.465199367110383,16.597841262817383,16484000
2019-06-14,16.24136322729325,16.346372336606446,15.981604961254885,16.28557777404785,21876000
2019-06-17,16.284661153374497,16.284661153374497,15.87844276019369,15.890416145324707,19722000
2019-06-18,16.117934129747912,16.953400527820357,16.06727344884782,16.620872497558594,23698000
2019-06-19,16.733250772032473,16.890763593189096,16.52691675945671,16.711143493652344,12339000
2019-06-20,17.04828028700696,17.17816035737904,16.79773341767344,16.945114135742188,11268000
2019-06-21,16.82811916446657,17.04090097345333,16.80417064750033,16.859437942504883,19916000
2019-06-24,16.772856332799506,16.85391692775347,16.636530185050194,16.697324752807617,16784000
2019-06-25,16.69363860650398,16.729564026593334,16.173201410215473,16.195308685302734,20799000
2019-06-26,16.5223082871653,16.814305963406944,16.450459208832083,16.698244094848633,19941000
2019-06-27,16.84655113358893,17.205793134299384,16.833655366004873,17.14499855041504,18912000
2019-06-28,17.472914043424634,17.477520677086684,17.233420043561036,17.302505493164062,23367000
2019-07-01,17.922421864347033,18.23376310928277,17.42040609029378,17.624897003173828,23652000
2019-07-02,17.590827065921157,17.590827065921157,17.088810936072523,17.242639541625977,15263000
2019-07-03,17.26105554605573,17.30711134377197,17.003138510863014,17.02800941467285,10480000
2019-07-05,16.873258799484027,16.964449763071812,16.681663605256706,16.915630340576172,19537000
2019-07-08,16.5066492182154,16.803253533918248,16.48085769136437,16.70929718017578,14965000
2019-07-09,16.588634092400678,16.952479177453714,16.57205231555293,16.864051818847656,17438000
2019-07-10,17.073145732783935,17.462784062201973,16.923001432758973,16.969058990478516,17782000
2019-07-11,17.10907411924235,17.10907411924235,16.794048419323232,17.030778884887695,16132000
2019-07-12,17.17631013485167,17.76030725858932,17.084198542448206,17.615690231323242,19750000
2019-07-15,17.718856154457832,17.845972540054724,17.601871903366373,17.754779815673828,10092000
2019-07-16,17.60003444462363,17.73728299427499,17.446205875219583,17.483972549438477,11091000
2019-07-17,17.54292212436727,17.73175371705143,17.32737837828412,17.6599063873291,15796000
2019-07-18,17.785181967374918,18.431815042041208,17.700437105653606,18.259563446044922,21088000
2019-07-19,18.449314567777744,18.496292752088042,18.139816196555852,18.28166961669922,15318000
2019-07-22,18.687888708715292,19.147533162684017,18.686968084550934,19.08673858642578,23575000
2019-07-23,19.122657244973684,19.343728213729257,19.008436629529413,19.32162094116211,19498000
2019-07-24,19.34372852112091,20.125768688706906,19.252535800717805,19.986677169799805,31408000
2019-07-25,19.68270937208231,19.73705606581259,19.350181326663414,19.412818908691406,20844000
2019-07-26,19.477297739063545,19.61086203450089,19.302282515970344,19.412818908691406,11249000
2019-07-29,19.37228566034204,19.451503250006894,19.145687407397322,19.41926383972168,10921000
2019-07-30,19.217535544828678,19.595198695504212,19.1189743138452,19.46531867980957,9560000
2019-07-31,19.408210274601963,19.561118203398667,18.990016787520272,19.215694427490234,26525000
2019-08-01,19.14937471306468,20.05300423987967,18.79566176757367,18.953174591064453,29749000
2019-08-02,18.820524184465707,18.966984194654547,18.46589074169061,18.799339294433594,24246000
2019-08-05,18.216273980584234,18.308387372208088,17.650701375262404,17.826637268066406,22825000
2019-08-06,18.167451917635233,18.3912866013063,17.788868023294413,17.91782569885254,20037000
2019-08-07,17.72715082680299,18.178504397544465,17.566872617695076,18.093759536743164,21443000
2019-08-08,18.515637417450616,18.64275383085208,18.272459108465053,18.558931350708008,17327000
2019-08-09,18.361803090167736,18.448389172617052,17.908606653915868,17.99150848388672,18801000
2019-08-12,17.905844448370274,18.16284084447067,17.851497766933182,18.08270263671875,13060000
2019-08-13,18.08270421709677,19.02594152869977,17.970326591629824,18.94672393798828,22814000
2019-08-14,18.362730497827414,18.56445789010336,18.170214618608565,18.284435272216797,19203000
2019-08-15,18.39773170675583,18.509188719620802,18.09560183909812,18.32404136657715,10367000
2019-08-16,18.324038825498132,19.005674816854416,18.272455770217945,18.89329719543457,19249000
2019-08-19,19.343734105428293,19.456111750338245,19.08121214026508,19.164113998413086,13950000
2019-08-20,19.178848705608253,19.226747512176566,18.913564899755062,19.045286178588867,8549000
2019-08-21,19.261748797683634,19.305042722924657,19.06002145403257,19.15858268737793,9280000
2019-08-22,19.176091850776302,19.483749042223703,18.980812320120567,19.3861083984375,9905000
2019-08-23,19.127261014205537,19.297671303583524,18.399569337126536,18.458520889282227,20312000
2019-08-26,18.820527241468557,18.93198423740849,18.426284069225286,18.546031951904297,12502000
2019-08-27,18.73854951919151,18.73854951919151,18.25127057041143,18.40141487121582,12917000
2019-08-28,18.39128280622488,18.77355263262791,18.161000286295206,18.7247314453125,11954000
2019-08-29,19.067392610725815,19.343730921118194,19.001070783741838,19.12818717956543,18173000
2019-08-30,19.470854798957653,19.624683406730114,19.28294376208635,19.390716552734375,11943000
2019-09-03,19.435844459719267,19.713103396771817,19.253460751484756,19.614543914794922,18529000
2019-09-04,19.830090546868217,20.469355121324387,19.825485668977926,20.41224479675293,24032000
2019-09-05,20.92530813890356,21.394163998845393,20.77516561604011,20.885700225830078,28373000
2019-09-06,20.919787151514747,21.180466097323293,20.734639795410896,20.99439811706543,16807000
2019-09-09,21.16020153786154,21.4291713681625,21.01742573468823,21.21731185913086,21948000
2019-09-10,21.153757578670174,21.370223762392637,20.86268041656853,21.364696502685547,17274000
2019-09-11,21.386797144931716,21.62352753153023,21.237573477584156,21.555362701416016,18288000
2019-09-12,21.646563385986887,21.76999557062688,21.341669814138054,21.63458824157715,12308000
2019-09-13,21.796698513091982,21.913682763863328,21.54891362425387,21.698137283325195,15982000
2019-09-16,21.442986252570314,21.83815183917308,21.243101899076642,21.641029357910156,11596000
2019-09-17,21.57194472006443,21.812359362411843,21.407061657815948,21.810516357421875,14291000
2019-09-18,21.647474731062324,21.986450585190422,21.58391653879881,21.889732360839844,14916000
2019-09-19,21.996587889836675,22.005799402451768,21.679719234926335,21.817890167236328,12526000
2019-09-20,21.850126975599647,22.0518543341242,21.490885054144215,21.675111770629883,33206000
2019-09-23,21.646556016318463,22.115411925153268,21.58944570064119,21.94500160217285,12025000
2019-09-24,22.033435747237828,22.10712609728545,21.583923382105752,21.725778579711914,18180000
2019-09-25,21.461402814073175,22.287655646674555,21.441138548985073,22.25449562072754,17063000
2019-09-26,22.27753145848856,22.56584493302965,22.20844775364383,22.3678035736084,16684000
2019-09-27,21.99750493024045,21.99750493024045,20.95202222062791,21.193357467651367,29409000
2019-09-30,21.267426668752965,21.598847670377246,21.041542318856656,21.39518165588379,15435000
2019-10-01,21.570138296943,21.804355067891542,21.12670059061867,21.328516006469727,14934000
2019-10-02,21.031356362937817,21.253537920375692,20.917487189090345,21.107267379760742,14757000
2019-10-03,21.22946757461114,21.303528094629144,20.845279178812138,21.2044734954834,13616000
2019-10-04,21.30815806749488,21.60810291148146,21.23965257142351,21.595142364501953,10613000
2019-10-07,21.58587992502098,21.709006860523573,21.47016027601124,21.490528106689453,11285000
2019-10-08,21.28037908671847,21.408134025038287,20.82953580814536,21.079490661621094,15028000
2019-10-09,21.477572305300207,21.731229987328913,21.391476486024597,21.582181930541992,15739000
2019-10-10,21.532187766434514,21.978401302852998,21.49330436720588,21.720115661621094,12887000
2019-10-11,22.200587224442394,22.24409687224087,21.904343397483522,21.948780059814453,11995000
2019-10-14,21.88675319337401,22.060795302944022,21.814543181089185,21.87379264831543,7703000
2019-10-15,22.0108063741233,22.549597841671897,21.92193481077716,22.407957077026367,17932000
2019-10-16,22.033020880557903,22.207989996100707,21.640500021479536,21.733076095581055,19413000
2019-10-17,22.115415711476714,22.245021166260873,21.78121727529024,21.85713005065918,12808000
2019-10-18,21.82009720609007,21.82009720609007,21.313708957522604,21.634946823120117,15238000
2019-10-21,21.938594567262825,22.20613799431367,21.778438257358683,22.075607299804688,12152000
2019-10-22,22.1802143978628,22.222798787284603,21.740479414720728,21.746959686279297,9901000
2019-10-23,21.530333396285418,21.799729058287564,21.398875701091157,21.58680534362793,19786000
2019-10-24,23.370744187255827,24.61125736450987,23.324455262074217,24.58811378479004,56831000
2019-10-25,24.532567740542945,25.053768831103497,24.348342594082027,25.00007438659668,25072000
2019-10-28,25.230589476209005,26.106356866778547,25.18985557537681,26.036924362182617,25281000
2019-10-29,25.964715956867007,26.187822746985628,25.511093323490247,25.596263885498047,20796000
2019-10-30,25.588856352211938,25.76937873000612,25.36574781389074,25.6953182220459,11725000
2019-10-31,25.62403162107961,25.693462344294897,24.7390066448591,25.091720581054688,26993000
2019-11-01,25.349085840410186,25.78326587807125,25.208370338170226,25.760122299194336,15453000
2019-11-04,25.921198448689747,26.08042948703576,25.403700222677475,25.745304107666016,12904000
2019-11-05,25.879539604040275,25.997111504161047,25.401848249300116,25.73141860961914,14839000
2019-11-06,25.59348524487384,25.617555837806215,25.018589715332997,25.505538940429688,16907000
2019-11-07,25.759203380133833,25.76383139074968,25.208376532505003,25.375938415527344,11067000
2019-11-08,25.115796287135957,25.296320454748944,24.912130304517287,25.24355125427246,13730000
2019-11-11,24.96396625110048,25.283353589116178,24.868614439732802,25.11208724975586,11794000
2019-11-12,25.513864724611473,25.60366327471054,24.902865190814456,24.996366500854492,11061000
2019-11-13,24.890836629159853,25.26114097528025,24.77974673791732,25.22318458557129,8611000
2019-11-14,25.162086825765094,25.53331468755025,25.07043597998501,25.46666145324707,12029000
2019-11-15,25.934162733631034,26.46462157890752,25.921202189040248,26.26188087463379,21264000
2019-11-18,26.176709187191246,26.455362649572127,25.995261570775032,26.17115592956543,13662000
2019-11-19,26.34428019303429,26.34428019303429,25.604600194976477,25.62126350402832,13654000
2019-11-20,25.54904357285003,25.667540719576575,25.032472363785015,25.377779006958008,12661000
2019-11-21,24.599223494554334,24.96582330138557,24.338160316794255,24.430734634399414,24070000
2019-11-22,24.577004211596304,24.687168845982224,24.080797201009712,24.252988815307617,12736000
2019-11-25,24.446469762860186,25.000999181985698,24.409440393403568,24.903793334960938,19885000
2019-11-26,24.995447722789415,25.125980197512607,24.738087299984475,24.954713821411133,17898000
2019-11-27,25.06950748720588,25.18615239788518,24.938049767630293,25.082468032836914,8744000
2019-11-29,25.069507552081145,25.069507552081145,24.605703654448714,24.701982498168945,7590000
2019-12-02,24.669579876300165,24.669579876300165,24.192813691567792,24.341861724853516,13166000
2019-12-03,23.77252019039432,24.217808476162958,23.65309601293647,23.86972427368164,15947000
2019-12-04,24.32427050703923,24.480724055769482,24.196515559149933,24.33538055419922,12073000
2019-12-05,24.500169228484086,24.555714176934174,24.29465097690248,24.515907287597656,11038000
2019-12-06,24.810291314673,25.234288265736595,24.703829452591425,24.98248291015625,13589000
2019-12-09,25.116721729413683,25.200040027483396,24.723273818364056,24.81214714050293,10272000
2019-12-10,24.963700877608098,25.254711358322975,24.840974333578448,25.009258270263672,11830000
2019-12-11,24.986936627478066,25.665651131662145,24.965551791677484,25.6052188873291,15579000
2019-12-12,25.516889452952658,26.54704827119322,25.483419235422826,26.469879150390625,18276000
2019-12-13,26.394572012484225,26.857584994440945,26.08031832122408,26.214200973510742,22786000
2019-12-16,26.60469185556645,26.817603856942956,26.42803955078125,26.42803955078125,15263000
2019-12-17,26.637235739742483,27.07886566316814,26.528456638111585,27.015642166137695,21018000
2019-12-18,27.000766519288934,27.17183987726212,26.673494668083354,26.77855682373047,14116000
2019-12-19,27.01936387761827,27.279691763396727,26.80273135359446,27.268535614013672,13324000
2019-12-20,27.686920814127053,27.83568011448793,27.30851436600096,27.65159034729004,33509000
2019-12-23,27.74178057273717,27.799425121729712,27.359655343363784,27.37639045715332,11609000
2019-12-24,27.491678613797387,27.52793832132499,27.15975873715786,27.379179000854492,3866000
2019-12-26,27.424730044133714,27.457271027125344,27.254585923527074,27.420082092285156,6220000
2019-12-27,27.51305987171069,27.554898538677715,27.2201909762924,27.306657791137695,6082000
2019-12-30,27.19601346741398,27.26109543653999,26.74322739076532,27.198802947998047,8506000
2019-12-31,27.102111776295544,27.203455229184964,26.825046990256887,27.185789108276367,9154000
2020-01-02,27.50003967091564,27.873798140987063,27.380102648433905,27.696216583251953,15064000
2020-01-03,27.153249574071545,27.59580880274608,27.122568829823454,27.39870262145996,9622000
2020-01-06,26.943126752352523,27.151389082378156,26.733933413102918,26.88734245300293,13405000
2020-01-07,27.12442381159674,27.75665170645728,27.090953590659677,27.542810440063477,15595000
2020-01-08,27.658102861697305,28.047667293500908,27.44612180093761,27.889610290527344,15537000
2020-01-09,28.089502200035668,28.253138143387456,27.288061141302162,27.69993782043457,13748000
2020-01-10,27.809649806362227,28.011405711651705,27.236926626217954,27.366161346435547,14052000
2020-01-13,27.369879577118773,27.64415488925744,27.19601671122992,27.64043617248535,13994000
2020-01-14,27.905410121249574,28.298693184918314,27.589296183802166,27.963054656982422,17319000
2020-01-15,27.82545222442304,27.94353077944985,27.58743841620747,27.738056182861328,10829000
2020-01-16,28.061609366801544,28.567392066837666,27.980721517030506,28.445594787597656,16068000
2020-01-17,28.547865138654487,28.6817495659519,28.093218819318494,28.63619041442871,19299000
2020-01-21,28.653855922359817,28.999721358807616,28.57203884521268,28.699413299560547,15000000
2020-01-22,28.91511219284528,29.32048059913349,28.89186888848147,28.94672393798828,15040000
2020-01-23,29.00809093946876,29.071312664589936,28.594352265482165,29.04714012145996,15566000
2020-01-24,29.369764435791257,29.44786280554845,28.237332754259548,28.500450134277344,16322000
2020-01-27,27.616260748942832,27.769669779774258,27.212750735020258,27.31502342224121,19109000
2020-01-28,27.77896394225004,28.194561062612873,27.275041549870963,28.04952049255371,18150000
2020-01-29,28.099727575217972,28.26336350960887,27.51212782598554,27.726900100708008,18080000
2020-01-30,29.603134938575508,29.658919243789793,28.427935171734863,28.910472869873047,39431000
2020-01-31,28.636193184380804,28.726378713709376,27.63857517343594,27.725971221923828,24365000
2020-02-03,27.89239521099905,28.783092534978625,27.89239521099905,28.677101135253906,19454000
2020-02-04,29.432055395069952,30.385974440729285,29.39114596732281,30.253952026367188,25310000
2020-02-05,30.795996937010823,30.916861438574504,30.09589574896683,30.2744083404541,21572000
2020-02-06,30.30973338133971,30.38876452646466,30.030810150802488,30.079158782958984,12625000
2020-02-07,29.81045977147344,29.87089201310109,29.26097999574439,29.324203491210938,16026000
2020-02-10,29.192184971536374,29.74166485378171,29.10106842687454,29.736085891723633,10884000
2020-02-11,30.018725108415484,30.3869046498814,30.018725108415484,30.279056549072266,15207000
2020-02-12,30.495688518820163,31.163248750392334,30.495688518820163,31.111183166503906,16872000
2020-02-13,31.151151746372257,32.01302486256945,31.018196574270693,31.758275985717773,21102000
2020-02-14,31.749915402189828,32.00280943124133,31.310145652411244,31.546302795410156,11099000
2020-02-18,30.053130907693873,30.86758843453725,30.03081505945056,30.248376846313477,27494000
2020-02-19,30.79134438877448,31.184627467489964,30.709525534058532,31.03958511352539,15396000
2020-02-20,30.862941302701344,31.057258021762006,30.125652853436353,30.541248321533203,18878000
2020-02-21,30.330194946716926,30.406431301752903,29.30933180954069,29.45437240600586,21606000
2020-02-24,27.818010249088864,28.38608531315067,27.438672867077685,27.935157775878906,31022000
2020-02-25,28.433503929372787,28.533916352060547,26.905929209245393,27.169048309326172,25498000
2020-02-26,27.542810373016483,28.322866552909083,27.39219083246497,27.57628059387207,23796000
2020-02-27,26.55727771295784,27.312232110771845,26.21978070511148,26.562856674194336,28722000
2020-02-28,25.6442698996831,27.376386749296437,25.443443241355507,27.281553268432617,31956000
2020-03-02,27.579998891006092,27.943530456144973,26.406659653818693,27.923076629638672,23473000
2020-03-03,27.920291114136223,28.664087686866587,26.83155650894531,27.0983943939209,25103000
2020-03-04,27.787330722781657,28.478132348098825,27.315949311518143,28.47255516052246,19170000
2020-03-05,27.69249658277574,28.789597626460782,27.520493994067657,27.811504364013672,20370000
2020-03-06,27.034237397263116,27.76873794893586,26.521017310833876,27.372665405273438,20486000
2020-03-09,25.3820765643658,26.3359972995309,24.845613191972628,24.880014419555664,26495000
2020-03-10,25.631253176436612,26.763683064073746,24.865140812671786,26.73672103881836,23725000
2020-03-11,25.89715743790048,26.450355931572382,25.343027935162482,25.719575881958008,31441000
2020-03-12,23.900997034590883,24.693140487828348,22.076834265971105,22.114023208618164,36844000
2020-03-13,23.615564464400897,24.446758902629814,22.558443336069274,24.33890724182129,26920000
2020-03-16,20.80958276854584,22.850375722198663,19.81103574235251,19.853803634643555,30960000
2020-03-17,20.18201199695916,22.11216631599647,18.941728484783724,21.319091796875,36694000
2020-03-18,18.91476496003722,20.021163925627047,16.863744514194018,18.050100326538086,36072000
2020-03-19,17.713531514938538,18.725095162828765,17.38811986406155,18.1309871673584,33439000
2020-03-20,18.59586020977951,20.839338731094927,17.396488084101776,17.46900749206543,39045000
2020-03-23,17.728408304047846,18.59028341551909,17.278409886742836,17.93016242980957,30272000
2020-03-24,19.594106604487383,21.758447871302685,19.395817968978527,21.572317123413086,29212000
2020-03-25,21.682680589919247,23.393388657071803,21.354382017398045,21.844491958618164,28374000
2020-03-26,22.464616839465886,24.41009115018881,21.980119220643616,24.350231170654297,31663000
2020-03-27,23.696433259623014,24.58779800950556,22.48519036281336,22.561885833740234,32033000
2020-03-30,23.051995184024513,24.124811211005888,22.563756656172202,23.878822326660156,21298000
2020-03-31,23.593545082374778,23.84982398088444,22.2691261340445,22.447772979736328,27836000
2020-04-01,21.414242173598666,22.185883358719185,20.596768530938256,20.88858985900879,24655000
2020-04-02,20.53784549883368,21.171994728748313,20.195515843117906,20.630441665649414,18914000
2020-04-03,20.86334002803585,20.992415215992416,19.94952901449366,20.404096603393555,14906000
2020-04-06,21.663975906625215,23.607578423069608,21.426403872964457,23.453250885009766,33272000
2020-04-07,24.709389855192697,24.786087111684413,23.517786868756907,23.964872360229492,25778000
2020-04-08,24.308138646235147,25.46606892638946,24.068695188320486,24.949769973754883,18923000
2020-04-09,25.412750674513898,25.947756421342817,23.9218444922718,24.15754508972168,26173000
2020-04-13,23.963936941413845,24.252952077308898,23.405548388374424,24.204315185546875,14107000
2020-04-14,24.89832766130447,25.673709977914978,24.65420659345202,25.488515853881836,16268000
2020-04-15,24.87962167105763,24.917033707765615,24.182804424481215,24.581253051757812,15428000
2020-04-16,25.25468370054217,25.71579847734218,24.626146906601754,25.32015609741211,20778000
2020-04-17,26.016973826984074,26.209649996627824,25.391241450787337,26.097412109375,18316000
2020-04-20,25.537150282791814,25.71392752920237,24.911419735880305,24.94789695739746,17823000
2020-04-21,24.5447757419318,24.637371915060882,22.688156819892853,22.787302017211914,29990000
2020-04-22,23.8937913504412,25.568957319720113,23.8937913504412,25.42024040222168,35658000
2020-04-23,25.14618599226406,25.85890206784738,24.579378805360555,24.688812255859375,26249000
2020-04-24,25.116256576594775,25.130285866056344,24.141649116374612,24.942285537719727,15289000
2020-04-27,25.2724508550186,25.668093157548434,24.587793468568442,24.730897903442383,21361000
2020-04-28,25.275261589595274,25.393111901983065,24.268852747200885,24.491458892822266,17316000
2020-04-29,25.06668600819533,26.371463599669845,24.801990178136826,26.188140869140625,21558000
2020-04-30,25.721408225209398,25.78594580510686,23.823636588120745,23.876949310302734,38871000
2020-05-01,23.077251040559172,23.102505190005242,21.48345838647798,21.98198699951172,57151000
2020-05-04,21.88471800710892,21.97824900720313,21.64153348208713,21.935224533081055,26313000
2020-05-05,22.504831172191057,23.573906158717172,22.438422184498826,22.710601806640625,22686000
2020-05-06,23.32230311224,23.803059584386084,22.822839732199853,22.874282836914062,23508000
2020-05-07,23.38309978075851,23.734781087672303,23.11185496698702,23.161428451538086,15417000
2020-05-08,23.654344686006144,24.914224437251978,23.575776028975895,24.82349967956543,28381000
2020-05-11,24.549450268942323,24.80385781289631,24.234246161797387,24.527002334594727,17626000
2020-05-12,24.81134359756624,24.964736341009665,23.917172530393504,23.942426681518555,17645000
2020-05-13,23.94055328643258,24.060274998827065,22.61426278017753,23.21380615234375,25459000
2020-05-14,22.78074885398621,25.252809496153,22.479574099064852,25.16021156311035,35760000
2020-05-15,23.64031277889201,24.13977614558814,23.271795979966935,23.555198669433594,36819000
2020-05-18,24.27072416824774,24.598087955378073,23.706724928557932,24.081789016723633,26604000
2020-05-19,24.117331075954606,25.085391348644723,23.982645251505737,24.473690032958984,19015000
2020-05-20,25.066686866826714,25.573632392152884,24.984378954135543,25.36318588256836,20597000
2020-05-21,25.277130203595448,25.37440398315035,24.31842348085935,24.383895874023438,17727000
2020-05-22,24.539163851032946,24.67665589827022,24.096755938612063,24.4250545501709,17559000
2020-05-26,25.206978916501544,25.445485717510934,24.86464932523131,24.913286209106445,19099000
2020-05-27,25.09661476910581,25.857967750078053,24.151000701382628,25.825231552124023,24587000
2020-05-28,25.53434434423965,26.1713015403317,24.820693463500746,24.956314086914062,22868000
2020-05-29,25.30144920664332,25.796234957588347,24.888034756995236,25.59701156616211,27947000
2020-06-01,25.30986338095814,25.840193270301906,25.240649971296722,25.344470977783203,13785000
2020-06-02,25.47915970090866,25.580176288765013,24.982502541233526,25.390304565429688,16974000
2020-06-03,26.049706695835116,27.124394051630382,25.772851254151153,26.833507537841797,24278000
2020-06-04,26.706305512542446,27.461113017064804,26.4846341828081,27.29649543762207,20592000
2020-06-05,28.049436790919394,28.995049225632233,28.001734701717734,28.51990509033203,24996000
2020-06-08,28.70041745138989,28.810785715821183,27.705233451020028,27.834308624267578,16894000
2020-06-09,27.652858804956352,28.599406024777224,27.415286743649126,28.27765464782715,16321000
2020-06-10,28.191602609761617,28.496516662844307,28.008278113024428,28.181312561035156,16073000
2020-06-11,27.33859055404789,27.931586812278383,26.364917739743184,26.41636085510254,20625000
2020-06-12,27.386286593566037,27.53593828664654,25.876673400227258,26.61183738708496,21638000
2020-06-15,25.80091220739855,27.287142730074358,25.675579844975985,27.23102378845215,21095000
2020-06-16,28.49778146500383,28.992652402760996,28.140009299601203,28.685588836669922,25483000
2020-06-17,29.165431176628875,29.526959161204136,28.886537494704324,29.464982986450195,18442000
2020-06-18,29.486580246747604,29.835902139977787,29.347604452620864,29.56076431274414,12740000
2020-06-19,30.077230667338934,30.529846766545955,29.442445489787165,29.60301971435547,26102000
2020-06-22,29.297832275368673,29.564516246677847,28.833948638457898,29.32600212097168,15410000
2020-06-23,29.58142950480574,29.960798349722285,29.34479233996513,29.67157554626465,17647000
2020-06-24,29.20768700483257,29.732606546798795,28.543789884076915,28.713754653930664,17909000
2020-06-25,28.938186910717164,29.427423144202713,28.22827908311601,29.35417938232422,15935000
2020-06-26,29.335400584567385,29.362631920283995,28.204804027624508,28.407636642456055,42337000
2020-06-29,28.52313072912583,29.01612275388567,28.228275106192164,28.965415954589844,14762000
2020-06-30,29.22176961529191,30.59369913701738,29.009548299106328,30.373964309692383,27896000
2020-07-01,30.250955025489134,30.309175342464755,29.68471739764892,29.81242561340332,15271000
2020-07-02,30.31763071137122,30.748646684127316,29.921359589415857,30.396509170532227,17112000
2020-07-06,30.98903694840655,31.644483929963695,30.89231591817311,31.453857421875,14148000
2020-07-07,31.188112668008593,31.670775703683393,30.75333909607885,30.789962768554688,12765000
2020-07-08,31.250088559404638,31.49517774086319,30.930817094128116,31.344932556152344,9896000
2020-07-09,31.679231179499226,31.82666082907476,31.086700610574432,31.52898597717285,16599000
2020-07-10,31.46606357113742,31.954361282569387,31.04913258607349,31.92525291442871,14324000
2020-07-13,32.20883759320905,32.888696703478196,31.63133418927542,31.658565521240234,21604000
2020-07-14,31.55808311485038,32.632337899177216,31.119555556847775,32.496177673339844,20188000
2020-07-15,32.59102578828187,32.7534788462523,31.5148938327285,32.229496002197266,16370000
2020-07-16,31.952486811283592,32.557225208051086,31.82289975611,32.385379791259766,11828000
2020-07-17,32.665213965125275,32.70934936431958,32.035124812663646,32.515907287597656,11290000
2020-07-20,32.5159057257154,33.423953639516974,32.115878763822955,33.21830368041992,12483000
2020-07-21,33.55823376018362,34.01178846477909,33.085901541202226,33.525367736816406,17436000
2020-07-22,33.802377309712284,34.08690208572672,33.47653269722342,33.98924255371094,10365000
2020-07-23,33.69721316524692,34.51511334865159,32.95162182308032,33.318782806396484,17249000
2020-07-24,32.32247252667135,32.67836414969468,31.577816088092234,32.464263916015625,20028000
2020-07-27,32.62576652822629,33.812704345292296,32.55439980986382,33.62489700317383,17521000
2020-07-28,33.29905404148496,33.70471921010963,32.73469705201522,32.76568603515625,13324000
2020-07-29,33.06336341718199,33.97798098370434,32.772265371037925,33.883140563964844,21673000
2020-07-30,34.53575805529275,35.8222323552716,34.47002602711238,35.54615783691406,25678000
2020-07-31,35.64194593336838,35.69828563374039,34.67755841979058,35.41657638549805,20391000
2020-08-03,35.758380361516224,36.40631187822803,35.60625459980969,35.81565856933594,15178000
2020-08-04,35.88796245507595,36.223199362909334,35.70391278606051,36.14901351928711,11482000
2020-08-05,36.11333842328736,36.34903523704362,35.897361220457384,36.00910568237305,8460000
2020-08-06,35.40155603786841,35.64570311912146,34.81841429672155,35.47761535644531,16996000
2020-08-07,35.53114563514101,35.84196330038218,34.41087808576053,34.973358154296875,13854000
2020-08-10,34.97334699351742,35.384643218166325,34.66440646194298,35.28510665893555,9292000
2020-08-11,35.57621635992724,35.76496224993203,34.49914220672002,34.651268005371094,11101000
2020-08-12,34.94893383034225,35.991261183812945,34.737652807720735,35.825992584228516,12230000
2020-08-13,35.68419398729429,35.913317561564526,35.155518644427,35.40342330932617,10764000
2020-08-14,35.5893614245527,36.15184142138106,35.025939328177984,35.086036682128906,13446000
2020-08-17,35.359292994866486,36.07483724727055,35.008094072220636,35.59687042236328,14184000
2020-08-18,35.866372059833694,35.93680026483044,35.019363729418096,35.17336654663086,10473000
2020-08-19,35.1226590264701,35.32548982721648,34.58083717972064,34.94987869262695,10746000
2020-08-20,33.81457465620319,34.12445724640064,33.36102372267276,33.664329528808594,22140000
2020-08-21,33.42206758579031,33.496253441218045,32.897149822262044,33.18918991088867,25555000
2020-08-24,33.74884027900519,33.86810000474913,32.61448839268268,32.96193313598633,16823000
2020-08-25,33.15256492485679,33.457751408381576,32.913110473829384,33.10091781616211,13102000
2020-08-26,33.105622616476154,33.24178288561544,32.68493391667907,33.035194396972656,11947000
2020-08-27,33.322532814497194,33.322532814497194,31.79472680123255,32.063289642333984,19022000
2020-08-28,32.17690836911861,33.053028606767086,32.06328687841421,32.93940353393555,15962000
2020-08-31,32.730006848737894,32.78635013907043,31.57405774536076,31.583446502685547,25334000
2020-09-01,31.884876841738933,32.53750468681386,31.698946503637973,31.979717254638672,20873000
2020-09-02,32.48866689967368,34.2878546690874,32.326213857611116,34.05873107910156,27631000
2020-09-03,33.5516518323352,33.5516518323352,31.87078174370447,32.070796966552734,25566000
2020-09-04,31.833229166909216,31.917742304178546,30.01995436750669,31.281076431274414,24709000
2020-09-08,29.20017129783605,29.716638740243358,28.376638583341137,28.426406860351562,31138000
2020-09-09,29.200178151363907,29.279995116752264,28.20198607892184,28.25644874572754,30867000
2020-09-10,28.524073438347,28.707184635219768,27.774724590876215,27.937177658081055,20852000
2020-09-11,28.221703412367486,28.48463155106687,27.44606182107707,27.60663604736328,17272000
2020-09-14,28.337211362502092,28.98044874925907,28.13625755289919,28.67995834350586,19547000
2020-09-15,29.167314516571615,29.37483971819027,28.45270867502384,29.00955581665039,17141000
2020-09-16,29.266849881589298,29.52132781289635,28.721272136812534,28.790760040283203,14157000
2020-09-17,27.811342697342283,28.97762051190442,27.811342697342283,28.724082946777344,19136000
2020-09-18,28.946637683423,29.18796918766307,28.34847255945226,28.848039627075195,26603000
2020-09-21,28.64802661985252,29.844355170260286,28.23673030316301,29.57579231262207,18802000
2020-09-22,29.892243743041767,30.023707816650173,29.127869708192545,29.926048278808594,15072000
2020-09-23,30.2725490802972,30.761785255212843,29.660300869206427,29.769227981567383,22289000
2020-09-24,29.4875181028655,31.380607762467804,29.4875181028655,30.72234535217285,22068000
2020-09-25,30.492285022509144,31.165570912872518,30.2368686036443,31.01344871520996,15512000
2020-09-28,31.121432244755937,31.725231967239495,30.86601585279677,31.60879135131836,17928000
2020-09-29,31.478709969845465,32.29223654055103,31.465512593217742,31.835039138793945,17997000
2020-09-30,31.602206699380606,31.884069666070374,31.12710099706308,31.27321434020996,19892000
2020-10-01,31.969844525297454,31.980211838286458,31.404238018845238,31.96889877319336,16935000
2020-10-02,31.047907496704152,31.660643357311336,30.972491860682403,30.986631393432617,11960000
2020-10-05,31.39103917288009,32.33842741975071,31.354277107070907,32.26112747192383,15403000
2020-10-06,32.141410975876944,33.09539797191595,31.99529766733513,32.14329528808594,14251000
2020-10-07,32.74848727749024,33.134983366667775,32.38178725052879,32.59482955932617,11084000
2020-10-08,32.83992968547553,33.52808114508537,32.710782393544264,33.505455017089844,11930000
2020-10-09,34.02109154312909,34.37553631114762,33.85800868824598,34.191715240478516,11957000
2020-10-12,34.82519873405927,35.19849747033268,34.608384192871775,34.88930130004883,14547000
2020-10-13,35.06747067536454,35.68020656806443,34.633841533574035,35.2739143371582,12292000
2020-10-14,35.38043587373185,36.00636908659873,34.898728046894455,35.27862548828125,14145000
2020-10-15,34.19737722442175,35.47281545679378,33.83444580424311,35.39645767211914,16829000
2020-10-16,35.49167245587239,35.49167245587239,34.37460263127504,34.40382385253906,15911000
2020-10-19,34.6432574066164,34.846874545551394,34.12572976265356,34.27278518676758,13590000
2020-10-20,34.50185491757128,34.738469087162855,34.171920571152235,34.27278518676758,9326000
2020-10-21,34.22659992913874,34.97319742498846,34.126677453162785,34.560306549072266,16811000
2020-10-22,33.97018610389806,34.25016100492259,33.28391910046329,33.7486572265625,22331000
2020-10-23,33.93624911078057,34.17191750738321,33.02374248877276,33.363101959228516,12317000
2020-10-26,33.02753249699835,33.32070494893903,32.362006901821076,32.77018356323242,12365000
2020-10-27,32.85501854628882,32.96248188968296,32.29035772333601,32.41196060180664,10757000
2020-10-28,31.761501128483932,32.47887361035949,31.420253758727586,31.947206497192383,16392000
2020-10-29,31.95852836760744,33.76563391467968,31.93779014762064,33.30089569091797,16077000
2020-10-30,32.809766659220365,33.24999449591038,31.887830944865186,32.24699020385742,17499000
2020-11-02,32.816363724168994,33.414960062192115,32.539218808714665,33.0831413269043,13428000
2020-11-03,33.62423462913648,35.17776371341786,33.47623701102067,34.928897857666016,17162000
2020-11-04,35.245627967860976,36.123256978713236,34.62252129515698,35.85365295410156,15280000
2020-11-05,36.7642818518293,37.739007031835214,36.61816854904059,37.67961883544922,18129000
2020-11-06,37.69563858881485,38.83910307716766,37.31574116598914,38.59495162963867,14738000
2020-11-09,40.06363991668294,41.10057974670854,39.19732382886339,39.24162673950195,19352000
2020-11-10,38.56384886997804,39.19072790774705,38.127389653044595,38.4488410949707,14856000
2020-11-11,38.836285582537286,40.40395076238252,38.64963437387595,39.96937942504883,14416000
2020-11-12,40.04949679393876,40.15790226669814,39.24822190981937,39.44712829589844,9502000
2020-11-13,40.085319586065886,40.51140785602921,39.97785626154138,40.187129974365234,11360000
2020-11-16,40.61038789720422,41.44465260468458,40.25876954396073,41.41071701049805,13465000
2020-11-17,41.05344825086485,41.27215072783595,40.4359979876887,40.716915130615234,9919000
2020-11-18,41.11094661578548,41.36829543788879,40.5349728739244,40.56608200073242,13047000
2020-11-19,40.43693615409406,41.37112697546709,40.06363740714597,41.258949279785156,11248000
2020-11-20,41.33624468786918,41.94521187630994,40.85359832021171,40.87810516357422,14456000
2020-11-23,41.15525694560558,42.40806917395848,41.01102795773633,42.30154800415039,10885000
2020-11-24,42.42032299489787,42.52590200517299,41.548350408094706,42.08473205566406,12009000
2020-11-25,42.274209500743304,42.37601629045133,41.524781928100104,42.116783142089844,8489000
2020-11-27,42.43823083370048,43.42143887223292,42.40334948815463,43.036827087402344,7279000
2020-11-30,42.910522271266885,43.06983297405375,42.00555606563422,42.67108154296875,14341000
2020-12-01,43.368652410021035,44.25759457349167,43.13581042215394,44.08414077758789,14019000
2020-12-02,43.9531169184412,45.34073314611581,43.88618787069145,45.17482376098633,18113000
2020-12-03,45.26153536440952,46.355978877876694,45.17481027507363,45.63200759887695,15955000
2020-12-04,45.902557986207604,47.28451739516013,45.82903026450142,47.131805419921875,17551000
2020-12-07,47.07995845191156,48.02451656607695,46.69534664879676,47.95193099975586,15650000
2020-12-08,47.785596141140886,48.82803004173183,47.76007833122412,48.35643005371094,13287000
2020-12-09,48.10881371170174,48.64184317207475,46.28290236594063,46.67133331298828,19997000
2020-12-10,46.30464514632644,46.89532590655441,45.81792477673528,46.32354736328125,13031000
2020-12-11,46.164769788949634,46.71386779602282,45.71679845514213,46.47003173828125,14950000
2020-12-14,46.847119417241736,47.34707089088713,46.32637659014499,46.4860954284668,10545000
2020-12-15,47.25445847018266,47.56161317128466,46.56170649386716,46.81310272216797,11857000
2020-12-16,46.877363041129534,46.92177945712208,46.24131780097918,46.622188568115234,15148000
2020-12-17,46.27534426901355,46.48704330865289,45.634572519843616,45.95401382446289,14335000
2020-12-18,45.764995516814004,45.90392301229716,45.14690786453365,45.45595169067383,25877000
2020-12-21,44.33602790969131,45.8094239404623,44.300116218080674,45.669551849365234,17031000
2020-12-22,45.310410065027305,45.52872470784454,44.74052069942498,45.076026916503906,9663000
2020-12-23,45.32836911678621,45.43894149401188,44.50519436141673,44.52598571777344,7206000
2020-12-24,44.76698594740407,45.39641571044922,44.69326982507617,45.39641571044922,3330000
2020-12-28,45.89162416727427,46.066466906437235,44.925743945984536,44.99568176269531,6928000
2020-12-29,44.954115626785956,45.08264565525227,44.32468586016294,44.7235107421875,9017000
2020-12-30,45.210235000270714,46.15248691070661,44.99758776130929,45.784847259521484,8819000
2020-12-31,45.58165871306992,45.74043303095242,43.99390832378545,44.63373565673828,16630000
2021-01-04,45.189437346992605,46.49460598053439,44.732961268157695,45.17715072631836,17686000
2021-01-05,45.31229712150609,47.14387955836164,45.31229712150609,46.739383697509766,16099000
2021-01-06,46.35946309926749,47.79410640909791,46.21486456315175,46.922733306884766,13342000
2021-01-07,47.947205699966574,48.929151028948226,47.882938892921565,48.62105178833008,12981000
2021-01-08,48.577586796354815,49.35728250978364,47.07205749407698,47.40850830078125,14419000
2021-01-11,46.83105468211206,49.136129890366654,46.644873450736355,48.81196212768555,11892000
2021-01-12,49.166368941116566,50.832561479672265,49.04350995433948,50.698360443115234,18790000
2021-01-13,50.49045056880639,50.49045056880639,49.44612732477882,49.75895309448242,13613000
2021-01-14,51.26163555070945,53.91922281545375,51.25596452566774,52.71612548828125,20034000
2021-01-15,52.2615430808448,52.42315469017374,50.777753320096295,51.74646759033203,15264000
2021-01-19,52.90892258536278,55.0495487344528,52.80118032681625,54.817054748535156,20351000
2021-01-20,55.15917432016635,55.32740149323321,52.88434723042027,53.20851135253906,18510000
2021-01-21,53.813371400598,53.89842956277103,52.1405632813476,53.320980072021484,12402000
2021-01-22,53.1867774338612,54.397434846905476,52.65280341283894,53.28884506225586,11998000
2021-01-25,53.99767074964619,54.40028112054186,52.23129949591457,53.65838623046875,16753000
2021-01-26,53.89560398987452,53.992004216285686,52.0177121490036,52.231300354003906,14310000
2021-01-27,50.90250985268197,51.5045327124116,48.389517049879345,48.675880432128906,22525000
2021-01-28,49.74665657470448,49.90070439831023,47.6324926923859,47.9490966796875,24901000
2021-01-29,47.727947628947284,47.81300579840999,45.46351406538965,45.73759078979492,28250000
2021-02-01,46.408601192709696,47.72700095875221,46.01828108455666,47.39149475097656,16938000
2021-02-02,48.43580951349617,48.90362754226016,47.72699278890842,48.7732048034668,14587000
2021-02-03,49.15407847204428,49.2854457884831,47.39432317368585,47.663673400878906,16049000
2021-02-04,47.679748472872326,49.191889675040834,47.267688823581985,49.100215911865234,14012000
2021-02-05,49.57181420386763,49.617178798886755,48.12204711887635,48.17686462402344,12367000
2021-02-08,48.67208320791425,50.4063206472521,48.59269607849259,50.35245132446289,14658000
2021-02-09,50.620859004384414,51.12931520206135,49.79579524093357,49.908260345458984,9441000
2021-02-10,50.37324249803442,50.72009070571774,49.26559736419626,50.32598876953125,8682000
2021-02-11,51.03481607040787,54.49100863864809,50.957318064911775,54.078948974609375,29727000
2021-02-12,53.88708702236411,56.49174923733803,53.39752944080546,55.3973388671875,20121000
2021-02-16,55.76026395211372,57.0455858675076,55.47673790730136,55.92943572998047,14520000
2021-02-17,55.163900753621014,55.70638309361604,53.96458183033955,55.37371063232422,14530000
2021-02-18,54.68663292510594,55.03631847982967,53.59505619337996,54.60441207885742,11371000
2021-02-19,56.17421338425337,56.89437235802151,55.63645738173399,56.555084228515625,16986000
2021-02-22,55.7026027870116,56.00881287967296,53.46368731595177,53.66215515136719,16155000
2021-02-23,52.59894054291739,53.75762159611984,50.69553086963468,53.175445556640625,17167000
2021-02-24,52.562085139140805,56.50405017702589,52.357946234748674,56.412376403808594,15170000
2021-02-25,55.760261964141776,55.99275237523952,51.47239351053301,51.757808685302734,26750000
2021-02-26,52.63485265040301,54.31049464803959,51.523425405495416,53.604515075683594,17836000
2021-03-01,54.49004751619815,56.75259144283834,54.399321946560995,56.592872619628906,17656000
2021-03-02,56.13924108666668,56.58815698734325,54.0969041127194,54.18762969970703,14636000
2021-03-03,53.94095916968341,54.96449080133929,51.980843206357726,52.09614562988281,16318000
2021-03-04,51.84379837556746,52.92309194418324,48.33468553463707,49.97724914550781,25420000
2021-03-05,51.28714940772497,51.99124339442782,48.79211472002936,51.76253128051758,22160000
2021-03-08,51.30038863115924,52.407089514110176,47.41229290150639,47.50113296508789,19138000
2021-03-09,49.70224298904636,51.67747963345918,49.479201872009554,51.366546630859375,17266000
2021-03-10,51.85327159508458,52.167986511069344,48.74203773288668,49.02178192138672,19725000
2021-03-11,50.455474770441505,51.26352555047433,49.99993967181583,50.59912872314453,16127000
2021-03-12,49.617179396098564,49.87708034931255,48.842206596806385,49.60016632080078,14337000
2021-03-15,49.295851598636666,50.78153046630947,49.16826614534231,50.7276611328125,10670000
2021-03-16,51.39651615907508,53.06959479086219,51.09714471052309,51.83894348144531,15265000
2021-03-17,51.052599509346365,52.88104984597525,50.21132254821315,52.39125061035156,13585000
2021-03-18,51.36051651846413,52.65748438309454,50.526817805017956,51.0800895690918,25177000
2021-03-19,51.34250765363889,52.19988866525018,50.457649539383524,51.377559661865234,23792000
2021-03-22,52.485058455234615,53.77255038893027,52.109894596558306,53.05632781982422,14442000
2021-03-23,53.46274955068021,53.48832931216156,51.49408730561878,51.57651138305664,14295000
2021-03-24,54.06434643065998,54.54561679693459,52.260524902931465,52.33821105957031,19697000
2021-03-25,51.62009289763905,52.258629280584564,49.73953575875346,51.91946792602539,14463000
2021-03-26,52.07957044634875,55.40015091706276,52.01609447415889,55.34899139404297,18716000
2021-03-29,55.169946164039374,55.18699693199018,53.029803737549926,54.02834701538086,17598000
2021-03-30,53.52718178315509,54.64983282601238,53.25433696942285,54.243404388427734,9049000
2021-03-31,55.327207004166425,57.17365538054605,55.27983493013971,56.39206314086914,23698000
2021-04-01,57.90693683654239,60.632558790075656,57.801777184567136,60.56624221801758,24634000
2021-04-05,61.55151487194992,63.09574756857827,60.59086794027859,62.603111267089844,23454000
2021-04-06,62.52732330657916,63.15638746215988,61.01151085383063,61.81489181518555,23236000
2021-04-07,61.814894022346536,63.23028119497701,61.625412941509914,62.4117431640625,14689000
2021-04-08,63.19238173012076,63.379961825280596,61.959833343594426,63.28522491455078,12045000
2021-04-09,63.01617574403844,63.370497783171665,62.21658219068146,62.716800689697266,12734000
2021-04-12,62.40035869978955,62.48941442515313,61.10623539064291,61.605506896972656,15811000
2021-04-13,62.106688585247056,62.264901497265605,60.42413412815325,61.10530471801758,13501000
2021-04-14,60.72066996160494,61.75995006941129,60.0641322595173,60.67329788208008,8945000
2021-04-15,61.392369447878465,61.74858525129245,60.42793122428753,61.53257751464844,10900000
2021-04-16,61.657623884583465,61.7978391522977,60.71118709043067,60.98403549194336,11136000
2021-04-19,60.98498564011139,61.42267500522221,57.72408964358354,58.90168762207031,24219000
2021-04-20,58.42893904459905,59.220003525221976,57.61987332052971,58.07746124267578,13724000
2021-04-21,58.698000051995706,60.750980377197266,58.49525927317163,60.750980377197266,20740000
2021-04-22,61.00203151564964,61.5742549303708,57.885138497511484,58.22051239013672,24367000
2021-04-23,58.810737383706446,59.68517285322136,58.12861996605254,59.44738006591797,14888000
2021-04-26,59.39432499118274,60.949927353444004,59.09116250683964,60.93287658691406,12987000
2021-04-27,61.3298198610528,61.48519214674133,60.61359742548248,61.09486770629883,9919000
2021-04-28,61.01150937768785,61.01150937768785,60.01959784351574,60.44781494140625,7380000
2021-04-29,60.81919371721497,60.916778465315666,59.63970195168378,60.724456787109375,8938000
2021-04-30,59.72496535745333,60.39476635320592,58.72073729548609,58.78042221069336,13667000
2021-05-03,59.61600470759286,59.685165472477614,58.14850774621602,58.47630310058594,11582000
2021-05-04,57.636933366904806,57.74777781420895,55.914588969678896,57.43893051147461,15878000
2021-05-05,58.48293133072285,58.83156849625668,57.16133088186122,57.8851318359375,9835000
2021-05-06,57.71082923437765,58.657266127148894,56.976605377796474,58.495262145996094,11911000
2021-05-07,59.30527820080266,60.139923828967646,58.56726684882638,59.7363395690918,10335000
2021-05-10,58.87137048629452,59.12337707046297,55.53184505073579,55.55931854248047,17659000
2021-05-11,53.864437556766184,56.383530763638426,53.33106088434282,56.1258430480957,19469000
2021-05-12,54.4745582182729,54.732245956086935,52.655583400304394,52.832740783691406,24293000
2021-05-13,54.28129727949993,56.3115383883809,54.01792472923807,55.396366119384766,29402000
2021-05-14,56.46406691997716,57.73640542289836,54.75877698743756,57.12628936767578,15485000
2021-05-17,55.93257610498626,56.153314466597536,54.56928840877029,56.09173583984375,16791000
2021-05-18,56.64596918214945,56.96902666604689,55.39731664406993,55.405845642089844,11679000
2021-05-19,53.915607405196475,57.135763024161776,53.6247613546244,57.051448822021484,15769000
2021-05-20,57.56302416495848,60.064119827323935,57.25986171145627,59.37442398071289,19741000
2021-05-21,59.06463419762898,59.25695223812265,57.809350151718824,58.178829193115234,14747000
2021-05-24,59.24463565025277,60.77750240525411,58.929156725367676,60.124755859375,14088000
2021-05-25,60.727287646698024,61.776043437113785,60.46581246046961,60.667606353759766,15017000
2021-05-26,60.800236374599926,61.25592329734432,59.908746655123835,60.446861267089844,12621000
2021-05-27,60.14655248631838,61.69647382567642,60.14655248631838,61.172569274902344,22452000
2021-05-28,61.864155397362595,62.08394331624881,61.38951670788938,61.56572723388672,8414000
2021-06-01,62.14836131552318,63.83470292909156,61.34308671924159,61.488983154296875,12760000
2021-06-02,61.36014156713948,62.13604900099915,60.869398980208175,61.4842529296875,9195000
2021-06-03,60.49517941593872,60.87887223190046,59.79885189087732,60.23275375366211,11786000
2021-06-04,61.012455444644836,62.17015838203084,60.803083021673864,62.0829963684082,10443000
2021-06-07,61.73341056256041,61.8167778880514,60.916766388529346,61.54014205932617,8127000
2021-06-08,62.33784936043813,62.365322851240656,60.096334878142265,60.400447845458984,8856000
2021-06-09,60.73960379056338,60.95655833577617,59.97980390665159,60.07264709472656,6594000
2021-06-10,59.85569923113351,61.29571919726608,59.85569923113351,60.70550537109375,8440000
2021-06-11,60.78698355877002,60.91203456696592,60.14276233979469,60.832454681396484,10244000
2021-06-14,60.79551583953098,61.68795273054268,60.46109233525196,61.602691650390625,10188000
2021-06-15,61.4109241976051,62.08301571856772,60.92583981209411,61.08436965942383,6380000
2021-06-16,61.29321249226194,61.78778447667272,60.04680606525961,60.6344108581543,10738000
2021-06-17,60.41702429545451,61.41851299273497,59.68132965045073,60.73313522338867,8548000
2021-06-18,59.81423427171618,59.95473044519961,57.8008094578082,58.158687591552734,21139000
2021-06-21,58.328610330049024,59.23232613653404,57.77138391698648,58.72446060180664,9930000
2021-06-22,58.6200340990023,59.43926672500872,57.83497856421789,59.0253791809082,7199000
2021-06-23,59.33009704554995,60.10850762908983,59.172515960159686,59.25605392456055,6796000
2021-06-24,60.166411361856504,60.52713934650523,59.975605577194294,60.281272888183594,7681000
2021-06-25,60.2793778105438,60.40563170498113,59.39844320851399,59.84650421142578,12496000
2021-06-28,60.44739976806252,61.65868757964507,60.43980606605356,61.41471862792969,9633000
2021-06-29,61.409028970188295,62.144716415617516,61.13468519746868,61.873226165771484,7976000
2021-06-30,61.82290440353112,61.87701269402809,61.077722216739026,61.769744873046875,8033000
2021-07-01,61.48211095702884,61.644443070174674,59.920546135412295,60.096160888671875,11343000
2021-07-02,60.775852940154785,60.872677163306484,59.519951728366216,59.94143295288086,7426000
2021-07-06,59.94143301878215,60.53663148656593,58.328602476954615,59.03581619262695,10240000
2021-07-07,59.71834907247037,59.7496762594103,57.884338004157975,58.24696350097656,8622000
2021-07-08,57.01764419144913,58.23841955464775,56.40725832046062,57.5293083190918,10218000
2021-07-09,57.69828022877615,58.317212205151144,57.230284395506544,58.176719665527344,8372000
2021-07-12,58.61907503738798,59.7354287148017,58.56686427084398,59.369956970214844,17315000
2021-07-13,59.11555500550017,59.42502098004098,58.43302354190444,59.29876708984375,10834000
2021-07-14,60.004080592241934,60.80148078969207,58.5089615591604,58.65420150756836,11507000
2021-07-15,58.35993045663743,58.95038151090662,57.29673615794627,57.97642135620117,12497000
2021-07-16,58.17196339346133,58.47573315364485,55.62788893600849,55.863311767578125,13538000
2021-07-19,54.86752273176314,56.1879722338973,54.615014946637416,56.15190124511719,14567000
2021-07-20,56.57148926377143,58.07515096822499,55.83579457641245,57.62993621826172,15558000
2021-07-21,57.736256338238626,60.63820948426472,57.736256338238626,60.49296951293945,16374000
2021-07-22,60.0012323738487,60.582192148712416,59.85599243013277,60.367652893066406,12520000
2021-07-23,60.91729045983289,61.19542924781573,60.137934770179754,60.77964782714844,10317000
2021-07-26,60.870781630124675,61.50964480816548,60.30311167107176,60.79104232788086,8782000
2021-07-27,60.28032658312697,60.49391710247707,57.678344808679064,59.101318359375,14912000
2021-07-28,59.34148406429678,60.56415688486927,59.18105309184431,60.27937316894531,12160000
2021-07-29,57.96027306395622,59.0899202354027,56.67779587627736,58.8203239440918,29139000
2021-07-30,58.001100750697034,60.516698284747775,57.969777182978945,60.508155822753906,16511000
2021-08-02,61.34257864059136,62.60416888447332,60.848948160537475,60.92489242553711,13923000
2021-08-03,61.2742242978598,61.640648495212055,60.41892428603205,61.27802658081055,6844000
2021-08-04,61.591294391750104,62.144718514150036,60.89641809390336,61.68241882324219,11120000
2021-08-05,61.87322176534196,62.0459902508959,61.01127685772382,61.29131317138672,5961000
2021-08-06,61.000829160675806,61.54666310779072,60.943867347735505,61.509639739990234,6065000
2021-08-09,61.7033092988557,61.73463287118677,60.65910089767165,60.80149459838867,7831000
2021-08-10,60.82996214116213,60.869831791577646,58.39125766041448,58.58680725097656,16249000
2021-08-11,58.85451532710373,59.036778684108896,56.592377636882745,57.765689849853516,17557000
2021-08-12,56.800256463939895,56.80975130662011,54.882707440561916,55.39152526855469,25136000
2021-08-13,55.36684440092077,55.850027614190125,54.78967962464147,55.09724807739258,17663000
2021-08-16,55.04598622996834,56.056969730311565,54.82005821649183,55.90034103393555,12692000
2021-08-17,55.24153545257082,55.76743818016527,54.19542617849375,54.96244430541992,12701000
2021-08-18,54.868465706640976,55.5870717172591,54.027404477874256,54.06252670288086,8827000
2021-08-19,53.66857974535653,54.9861829683781,53.319244114443016,54.786834716796875,11057000
2021-08-20,55.38867762310961,55.58043217113496,53.14362886025807,53.72648620605469,16962000
2021-08-23,54.35964834697122,55.665858991433886,54.336867245354085,55.46651077270508,13697000
2021-08-24,55.715234231653966,56.387325745579346,55.22255614921725,55.58802795410156,9510000
2021-08-25,55.740866301933806,56.463267463372894,55.67251574014323,55.89085006713867,9010000
2021-08-26,55.81775164582414,56.414851246541346,55.37823674344588,55.566192626953125,8624000
2021-08-27,55.93641703163552,58.20899811674419,55.92787456919725,57.86725616455078,14981000
2021-08-30,58.36087422310616,58.646606693227604,57.189459815531166,57.715362548828125,9763000
2021-08-31,57.79890545147064,57.79890545147064,56.67210801561936,57.41444396972656,10715000
2021-09-01,57.71061262680833,57.810286739973265,56.87524759612472,56.93600082397461,7046000
2021-09-02,57.21509808858077,57.70207999674033,56.8762060460829,57.15624237060547,8571000
2021-09-03,57.14864661641986,58.223233284412295,56.57717800287852,57.97357177734375,10294000
2021-09-07,56.87620487459285,57.49228694858603,55.817754354173054,56.31043243408203,23316000
2021-09-08,56.14430813006389,56.15854677371067,54.714689644135696,55.39437484741211,17215000
2021-09-09,55.15325060968462,56.66450939612382,54.96339721730481,56.35029602050781,15391000
2021-09-10,57.15908883758996,58.107421588999195,56.6255923674188,56.7774772644043,15575000
2021-09-13,57.23312828327547,58.375113028174304,56.91511986643141,57.789405822753906,13132000
2021-09-14,57.01479866289352,58.03907207052025,56.82683915310269,57.28913879394531,11812000
2021-09-15,57.044230239273155,58.08369477247981,56.68065592905855,58.0485725402832,11420000
2021-09-16,57.323315897819064,58.585858447939664,56.937905656196676,58.46150207519531,13524000
2021-09-17,58.376062580216,58.49757266438991,57.30242475258081,57.80934143066406,20142000
2021-09-20,56.47276123068429,56.48699987459626,55.160854152261,55.99906921386719,13241000
2021-09-21,56.23258690861399,56.41390146852054,54.89695005984841,55.648780822753906,16045000
2021-09-22,56.38731706934044,57.31096747351264,55.90223276354786,57.06130599975586,10350000
2021-09-23,57.01290421321144,58.65990843779255,56.64648361501283,58.14919662475586,11004000
2021-09-24,57.3973531000302,58.26689523830804,57.081242209745085,58.1415901184082,7273000
2021-09-27,57.38030702897947,59.18932256996378,57.31369447203584,58.68306350708008,10892000
2021-09-28,56.72178743151321,57.70195032077847,55.66740327394238,55.76161193847656,20885000
2021-09-29,55.77492737496038,56.04994461909769,53.942124030514236,54.00492858886719,16577000
2021-09-30,54.55496828291661,54.95845160682745,54.04490486930615,54.16100311279297,10938000
2021-10-01,54.3484567007002,54.58921656591676,53.347362784108725,54.216182708740234,11157000
2021-10-04,53.85839192455642,53.90882870340898,52.179748182613395,52.35198974609375,16407000
2021-10-05,52.974333227164514,53.602396967674224,52.39765734499458,52.900108337402344,12056000
2021-10-06,52.33867048470571,53.09044498653119,51.84668860843984,52.503299713134766,15908000
2021-10-07,53.673774513485064,53.68424375619545,52.744048405034846,52.89250183105469,10535000
2021-10-08,53.1589578030448,53.2855216680377,52.25112117098544,52.3538932800293,8671000
2021-10-11,52.16070963678539,53.43015972895904,52.14928930510115,52.57085418701172,8923000
2021-10-12,53.0856864908672,53.11709059377003,51.60402704888185,52.03225326538086,12766000
2021-10-13,52.62034484111809,53.116134665582095,51.68014942939904,51.80671691894531,12538000
2021-10-14,53.157042526972376,54.05916877012681,52.74499221256415,54.04489517211914,15499000
2021-10-15,53.90882487332828,54.100099101463236,53.42254959853665,53.71564483642578,13248000
2021-10-18,53.290277807496835,54.18859986572182,53.16942411579855,54.11817932128906,12474000
2021-10-19,54.160048233149816,55.00317436806701,53.84506343287614,54.32086944580078,14995000
2021-10-20,54.29897998791008,54.50547888388834,53.676622772067596,53.813655853271484,16933000
2021-10-21,51.852389910286654,52.8972632136517,50.91219814825306,52.85443878173828,30650000
2021-10-22,53.290271028232695,54.79477079251513,52.74785248853283,52.980045318603516,18770000
2021-10-25,53.104712447556494,53.48155074434619,52.281566400599615,52.52613067626953,12826000
2021-10-26,52.99336784885026,53.217948334923925,51.98561255937124,52.237789154052734,11734000
2021-10-27,52.15024335956744,53.34166426660581,51.976099626984315,52.68314743041992,11838000
2021-10-28,53.6461765640517,55.18778702076283,53.61477246710886,53.856483459472656,22325000
2021-10-29,53.13230907770449,53.97163091193516,52.92866342253019,53.630001068115234,13381000
2021-11-01,53.766079991688066,54.51975654936159,53.41969472098318,54.50453186035156,10724000
2021-11-02,54.692950360161205,55.003176093606626,54.43221031222963,54.64537048339844,8970000
2021-11-03,54.72340780311196,55.52561540806746,54.184793535405404,55.32672882080078,7908000
2021-11-04,55.47898444206689,57.01108049665195,55.16685651692641,56.97587203979492,17965000
2021-11-05,57.1833229498697,58.3338216428798,56.83788874117681,58.121612548828125,21028000
2021-11-08,58.52413570869585,59.00089277929404,57.46499258155321,57.95983123779297,12598000
2021-11-09,58.04833748982856,59.29114264703772,57.95603100093525,59.18170928955078,12041000
2021-11-10,58.48036687030779,59.21691658834492,57.467852410452515,57.64675521850586,10898000
2021-11-11,58.389963159716245,58.933332811117054,58.02454158768042,58.400428771972656,8198000
2021-11-12,58.752531383801696,59.751723341224064,58.38139962351384,59.420562744140625,10591000
2021-11-15,60.1418795718298,61.32092896855484,59.48336278514916,59.97629928588867,13534000
2021-11-16,59.87257557566839,60.712848469656024,59.42151239026307,60.3569450378418,8523000
2021-11-17,60.356943119740464,60.788977244787354,59.59755640344923,60.01150894165039,9066000
2021-11-18,60.616731778083306,60.643376796926894,59.455764019707054,60.50349044799805,10002000
2021-11-19,60.56057945206732,62.52089760126224,60.249402686810114,61.331382751464844,18332000
2021-11-22,61.94233334748884,62.907267893448896,61.10491010966678,61.540748596191406,18759000
2021-11-23,61.66446272402136,63.0262193127177,61.02307278610577,62.932010650634766,17531000
2021-11-24,62.235419799837715,62.952933082505766,61.40561265365905,62.88156509399414,12152000
2021-11-26,61.99372067008786,62.2439878376848,60.75186305400847,61.09158706665039,8377000
2021-11-29,61.99752837869279,64.92753697394494,61.76152753770544,64.7610092163086,19639000
2021-11-30,64.26518834280593,65.94669180188016,63.580985126195074,64.69532012939453,27254000
2021-12-01,65.9181702533633,67.73860620796873,65.1254771603642,65.99715423583984,25249000
2021-12-02,64.98178095419603,65.18066751664361,62.41527742793685,62.9510383605957,23006000
2021-12-03,63.64381895997179,63.852223708408346,62.030836631251866,62.946292877197266,13856000
2021-12-06,63.27554340972035,63.83129181987206,61.13441606136366,63.52581787109375,12665000
2021-12-07,64.5678263576246,67.52258492746189,64.42413201070688,67.19808197021484,16016000
2021-12-08,67.08865427408719,68.35525122201494,67.08865427408719,67.94795989990234,11634000
2021-12-09,67.44551575780417,68.50751243445484,66.35306243714801,66.5548095703125,10828000
2021-12-10,67.72338531745532,67.9546307413941,66.09422714644845,67.18001556396484,8793000
2021-12-13,67.3313150944512,67.37889860606566,65.09027254576593,65.18257904052734,12440000
2021-12-14,64.33851996964297,65.17491398425267,63.72052702282383,64.7762680053711,13892000
2021-12-15,64.85165138512056,66.64460618635066,63.45734280124654,66.50251007080078,13627000
2021-12-16,66.92784047135687,67.46000405878165,63.57749021825638,64.02000427246094,13775000
2021-12-17,63.421086040329754,64.65040743593828,63.00527545628908,63.81877899169922,15633000
2021-12-20,62.834554978047585,64.18499513855096,62.36247064495337,63.0472297668457,9110000
2021-12-21,64.8087167488997,65.52494527316544,63.43443257639304,65.14441680908203,13405000
2021-12-22,64.70666790924614,65.99893522420209,64.17641069036621,65.92168426513672,10424000
2021-12-23,66.23259802747917,67.42091108176113,66.1276903784023,66.63697052001953,8674000
2021-12-27,67.02511080676472,69.04791148194793,67.02511080676472,68.99068450927734,10143000
2021-12-28,69.14327978303157,69.46562807709347,68.15524318877038,68.29448699951172,7816000
2021-12-29,68.5415134509348,69.44561978191895,68.2945024275295,69.31019592285156,6902000
2021-12-30,69.42940279649959,69.42940279649959,68.39749810517675,68.50717163085938,5216000
2021-12-31,68.50526243136623,69.22625687231233,68.40226114661466,68.58537292480469,7138000
2022-01-03,68.77419804272337,69.72122623584562,67.88725635276121,69.18714904785156,10602000
2022-01-04,69.30826554655505,69.79656113876553,66.99268692287941,67.9034652709961,14566000
2022-01-05,67.97882206088822,68.18005148346145,65.86351199176595,65.97795867919922,13994000
2022-01-06,66.13913479637502,67.30169750954404,65.51541524765673,66.94120025634766,11896000
2022-01-07,66.55685398322112,67.06612680250288,63.744386252871635,63.830223083496094,15698000
2022-01-10,62.81262499019569,63.69002774756789,61.34297209732627,63.35337448120117,16246000
2022-01-11,62.259474313275426,64.23650087861297,62.18222334978016,64.20407104492188,9189000
2022-01-12,64.76390581281625,65.71188747260045,64.30994624882675,65.45439147949219,9286000
2022-01-13,67.23589355796815,69.68309114784188,65.16922449372905,65.49729919433594,29135000
2022-01-14,65.19210900550992,69.69166302269514,65.02330214972197,69.60297393798828,19416000
2022-01-18,68.3479071949351,68.4184786523898,64.51116719800417,64.7572250366211,20069000
2022-01-19,65.88641121736102,66.63315612090956,61.23235447509852,61.29720687866211,18340000
2022-01-20,62.43782336175713,62.75254629137853,58.892915660807006,59.09796142578125,19444000
2022-01-21,58.767025933583085,60.7249744702695,57.646428532849484,57.77422332763672,22222000
2022-01-24,55.79147705752376,59.43842887770604,54.88641406709158,59.303001403808594,24890000
2022-01-25,57.23539257245965,57.645484156057535,55.41000807324268,56.09953689575195,18846000
2022-01-26,57.55773949544939,58.578198841956,55.350873464412714,56.90445327758789,23637000
2022-01-27,56.73565723683464,57.269727309811955,52.523161345828505,52.95899963378906,30943000
2022-01-28,52.79877127247207,53.51786305544534,50.5461309584507,53.515953063964844,20024000
2022-01-31,53.746744204360944,56.265469746973196,53.104903450255875,56.26070022583008,19000000
2022-02-01,56.268332349464515,56.635505459803774,54.55167209014747,56.2177848815918,11355000
2022-02-02,57.0284279807078,58.49045170684748,56.275003734523935,58.34453201293945,16622000
2022-02-03,56.934022037673856,57.75229517074943,55.86492153492345,56.15007781982422,20076000
2022-02-04,55.93454026172354,56.22541922857514,54.70807835178683,55.2259407043457,14462000
2022-02-07,55.41666400149742,56.231124176664764,54.26364064324139,54.4915771484375,10859000
2022-02-08,54.029994450903054,55.08287989296114,53.46445147905589,54.96080780029297,12958000
2022-02-09,56.17964488362038,58.22342319619571,55.60360961121258,57.93159103393555,12072000
2022-02-10,56.14815927164527,58.74699147112824,56.07663101224846,56.7327766418457,15148000
2022-02-11,56.74613492365198,57.216309315803194,52.966618515851735,53.40627670288086,15785000
2022-02-14,53.471121979126735,54.26936729857067,52.230355363521745,53.240325927734375,13459000
2022-02-15,54.304659843106094,56.91398072880049,54.304659843106094,56.63264083862305,14344000
2022-02-16,55.74188551879436,56.783325504995425,55.054266855993916,56.40851974487305,8048000
2022-02-17,55.9993817194436,56.76615769785012,55.24023842974434,55.372802734375,12909000
2022-02-18,55.39189406854745,55.52827112103355,53.721007776741,54.359989166259766,12481000
2022-02-22,53.50259194869283,55.061894168109696,52.541262481161034,53.38051986694336,12194000
2022-02-23,54.04907316976555,54.461071062684866,51.61809060050788,51.72776412963867,12435000
2022-02-24,50.078815556383496,53.79729607474207,49.549515084672834,53.6818962097168,15628000
2022-02-25,53.808739678352815,54.73096720074177,53.03624092919011,54.666114807128906,10847000
2022-02-28,54.01854936168551,54.46964929445487,52.47355555755821,53.53597640991211,14065000
2022-03-01,53.22221049254752,53.63611834797945,51.03823544886906,51.5541877746582,16089000
2022-03-02,52.19317450667345,53.23843101730018,51.58661940424844,52.83692169189453,12451000
2022-03-03,53.454910357184886,53.454910357184886,51.37584305160042,51.83457565307617,10339000
2022-03-04,51.37966256091198,51.692475488792645,49.55523153734396,50.1436653137207,14386000
2022-03-07,50.31723276678563,50.88277933013895,46.608291876257894,46.6502571105957,21396000
2022-03-08,46.68935806038928,48.745534437169326,45.687016552216384,46.766605377197266,21558000
2022-03-09,48.58149906810394,49.80319128085402,48.05410502443803,49.33587646484375,14437000
2022-03-10,48.140896907793696,48.35357172268595,46.56538319389879,47.40559387207031,11106000
2022-03-11,48.78654400480815,48.84567369301268,46.023674488851114,46.10092544555664,10389000
2022-03-14,46.568247109904185,46.78664464343695,44.448170997960545,44.72856140136719,15870000
2022-03-15,45.4623905332917,46.58945583191849,45.11699990788207,46.3760986328125,12455000
2022-03-16,47.484025257925204,49.237767452548674,46.88126511311186,49.22437286376953,16659000
2022-03-17,48.81106147462404,50.382064638436766,48.56039281551902,50.356231689453125,13627000
2022-03-18,50.24618995882137,52.380725338185854,50.03857383374332,52.109004974365234,22237000
2022-03-21,51.473716094401965,52.07456378392369,50.31316801714783,51.364646911621094,10517000
2022-03-22,51.47372207098739,52.89451221553125,51.47372207098739,52.31184387207031,10664000
2022-03-23,51.700469250345904,52.430478025736576,50.764756808299595,50.80302810668945,9835000
2022-03-24,51.40674500509825,53.26285919760023,50.8795711863689,53.21693801879883,12124000
2022-03-25,53.11551516110654,53.284863639403696,52.159710889696775,53.082984924316406,7531000
2022-03-28,52.58068564663049,53.373838700878004,51.75404247230137,53.32121658325195,7338000
2022-03-29,54.38226993136651,54.99363986580749,53.402548790230675,54.432979583740234,11139000
2022-03-30,53.79099052712862,54.630068459135984,52.17502278352917,52.48405456542969,12981000
2022-03-31,52.62087374395077,53.340356622715994,51.391436589523984,51.436405181884766,14703000
2022-04-01,51.78179440388554,52.21711854230991,49.47121687376253,50.272979736328125,12084000
2022-04-04,50.3571771500828,51.35507769657369,50.16774043107198,51.23931121826172,8777000
2022-04-05,50.5753155976602,50.708305245474,47.842808640796996,48.186283111572266,19670000
2022-04-06,47.25536615996471,48.38338783172819,46.69661826702978,47.66294860839844,15845000
2022-04-07,47.58352650506798,48.67710156577481,47.14150144356791,48.1575813293457,10095000
2022-04-08,47.64763130885817,47.922224041726274,46.96067865869467,47.038177490234375,10449000
2022-04-11,46.60763477861684,46.692787140353246,45.466218666803385,45.51884078979492,16953000
2022-04-12,46.022096139712986,46.68512829621129,44.46736027890451,44.68071746826172,16778000
2022-04-13,44.935218170826346,45.66713944929961,44.764913440118654,45.217464447021484,11396000
2022-04-14,45.29495173503166,45.350446205455434,43.61296744037013,43.643585205078125,13648000
2022-04-18,43.17669093203782,45.25477580929269,43.14990175193562,45.02037048339844,16631000
2022-04-19,44.89885314045592,46.19047821325272,44.58790528226372,45.84700012207031,12144000
2022-04-20,47.13576714862891,48.29823143690082,45.89389155446158,46.06324005126953,20233000
2022-04-21,46.75401764156075,47.60840263908214,44.82422962685535,44.92086410522461,22794000
2022-04-22,44.6807226832191,45.18876089031621,44.046388450903315,44.310455322265625,20282000
2022-04-25,44.056911080223045,45.95895010201843,43.92679012431266,45.58198547363281,14124000
2022-04-26,44.64627629598774,44.997404327482684,43.69621302809991,43.7450065612793,14974000
2022-04-27,43.47615579040446,44.8318852468231,43.00638530350147,43.70290756225586,12413000
2022-04-28,44.801271957604364,46.84395422804544,44.26070353375043,46.354095458984375,16784000
2022-04-29,45.446119162276894,47.019034229027724,44.47596417160873,44.56207275390625,14050000
2022-05-02,44.70749795364594,45.90153591371383,43.93252076133727,45.85943603515625,12866000
2022-05-03,45.599210497218515,46.751148898609244,45.27391174403811,46.44020462036133,9578000
2022-05-04,46.6105006274286,48.56803399340546,45.67670435980352,48.40442657470703,11962000
2022-05-05,47.30224188056934,47.64572003918007,45.262428348063644,46.05080032348633,14578000
2022-05-06,45.610681903587995,46.83437779319406,44.48361682736652,45.75515365600586,10680000
2022-05-09,44.00716787241064,44.23966077422883,42.33953378157909,42.781558990478516,18487000
2022-05-10,44.10378651226779,44.88163249413331,42.72126795613496,43.92678451538086,14134000
2022-05-11,43.523037207456206,44.87206938061776,42.67917446680193,42.78633117675781,11793000
2022-05-12,42.74614795447961,44.20903415058488,42.5758432384173,44.0521240234375,15558000
2022-05-13,44.54677788240182,47.3883545760088,44.48937092858315,47.064971923828125,19093000
2022-05-16,46.53874484058391,47.17307900961191,45.82883161048509,46.16082763671875,9689000
2022-05-17,47.361560179240314,49.40424601823768,46.886052254087325,49.0119743347168,16356000
2022-05-18,47.88777245384871,48.651267617180444,45.40976638219933,45.68339920043945,17105000
2022-05-19,45.876675274383295,46.49665505546854,45.07299615827175,45.17154312133789,11193000
2022-05-20,45.964683296089994,46.32155597901527,43.09823066432579,45.36192321777344,17158000
2022-05-23,45.569545094081604,46.49281907581158,45.163878867013054,46.240234375,10578000
2022-05-24,45.68435509502026,45.973294968844804,44.55920606521611,45.060546875,9431000
2022-05-25,44.54773272461087,47.03722138641185,44.524768483900516,46.64973449707031,12887000
2022-05-26,46.105321210195235,49.123902432099264,46.01443146371935,48.71919250488281,12922000
2022-05-27,49.485569974377036,51.413441925566836,49.297089486505804,50.80590057373047,16526000
2022-05-31,50.20026725805599,50.32559972739945,48.83592442098454,49.75441360473633,15011000
2022-06-01,50.05962828167157,50.22993301672278,47.79593520314345,48.39199447631836,10261000
2022-06-02,48.13078720140278,50.1141532402782,48.03415638897187,50.0672721862793,11600000
2022-06-03,49.05216286380874,49.873061489111855,48.719210565461765,49.17558288574219,13304000
2022-06-06,50.38970289245634,50.98480947433392,49.1487837310438,49.393714904785156,7852000
2022-06-07,48.73929830287359,50.227061283072516,48.63692276110186,50.0806770324707,11502000
2022-06-08,49.93046869333814,50.140957205898765,48.59865584349882,48.99858474731445,9009000
2022-06-09,48.13270742440838,49.120085721371176,47.183604074310665,47.21134948730469,8652000
2022-06-10,46.42202221377079,46.72435670737815,45.33227200830373,45.389678955078125,10987000
2022-06-13,43.53355931956799,44.231037817023385,42.594021990444666,42.77484893798828,14833000
2022-06-14,43.51595224686465,43.71850688637775,42.72876424507303,43.17707824707031,11689000
2022-06-15,43.17707772216041,44.42601206572921,42.66732571675816,43.548587799072266,15659000
2022-06-16,42.38893425293459,42.530054556407705,39.61747079665518,40.15602111816406,19042000
2022-06-17,40.042742864171586,40.72432872785866,39.49267177639813,40.26737594604492,17917000
2022-06-21,41.015209514701134,42.46190165500416,40.990252719411,41.571041107177734,12126000
2022-06-22,40.63313213762123,41.72846979480888,40.36913578948158,40.85968780517578,11078000
2022-06-23,41.40879567516602,41.40879567516602,39.880506209408125,40.71089172363281,9030000
2022-06-24,41.50383676733674,43.23852238734431,41.3943967496166,43.217403411865234,14217000
2022-06-27,43.786668487134264,43.89322647465133,42.839167371655016,43.17900085449219,7695000
2022-06-28,43.33163937064497,44.08906241266274,41.92910433899346,42.0721435546875,9379000
2022-06-29,41.514393166695996,41.663192768681554,40.79920807406256,40.99600601196289,11751000
2022-06-30,40.22513902835515,41.926225369160186,39.839226114638564,40.90960693359375,10663000
2022-07-01,39.27283020939844,39.810420992393254,37.104233792165466,37.90293884277344,29500000
2022-07-05,36.4476108175959,37.53526912485606,36.082820543161745,37.32119369506836,26882000
2022-07-06,37.53814836114321,38.09205723381511,36.830642631159066,37.601505279541016,12516000
2022-07-07,38.70836306648833,40.07153836165246,38.593166340514905,39.827701568603516,13753000
2022-07-08,39.280523063117215,40.048507545357836,38.913810152418925,39.85075378417969,9213000
2022-07-11,39.268992370264236,39.362110671205784,38.25045510763733,38.63060760498047,11137000
2022-07-12,38.86964262637246,39.44850827632382,38.57012821114476,38.96276092529297,9538000
2022-07-13,38.027741069061804,39.77682944215475,38.015260842492744,39.55219268798828,9220000
2022-07-14,39.192198372833126,40.615848677914926,38.51349086267222,40.253936767578125,11114000
2022-07-15,40.71856968427705,41.02864178834187,39.55219218634191,41.003684997558594,13375000
2022-07-18,42.03279242976956,42.03375188399529,40.289467763653015,40.622581481933594,9080000
2022-07-19,41.374231838939174,42.97740246490062,41.273434244983314,42.90540313720703,14888000
2022-07-20,42.81228862715425,44.96360792872953,42.661570118826205,44.64873123168945,18505000
2022-07-21,45.00104190728735,45.80742633791763,44.312736230074364,45.70758819580078,13812000
2022-07-22,45.602957962187666,45.862149717502255,44.25514105954434,44.54217529296875,13265000
2022-07-25,43.22412393092978,43.996909259421784,42.94764735112212,43.91434860229492,11483000
2022-07-26,43.46603656849508,43.86538917194446,42.75468928584608,42.93324661254883,11291000
2022-07-27,43.60523199134403,45.24775863007226,43.58219044742508,44.89448547363281,16886000
2022-07-28,44.582490308600896,46.76260760332336,43.52074836844096,46.55332946777344,23813000
2022-07-29,45.87846343497831,48.57504890075973,45.74406664835138,48.04801940917969,24772000
2022-08-01,46.93636525577633,48.57505030824525,46.73284750010297,48.26785659790039,20002000
2022-08-02,47.655394287421394,48.88513240481621,46.99780938220991,48.25346374511719,14588000
2022-08-03,48.60769415089696,50.7657332607831,48.459857668857076,50.3692626953125,22118000
2022-08-04,50.19454057371246,51.10460462487881,50.09278352361947,51.05660629272461,16144000
2022-08-05,50.02174782885061,50.701414815626144,48.84961359181058,49.91615295410156,10452000
2022-08-08,49.3238370698961,50.16382065376064,47.865624601529284,48.91488265991211,10173000
2022-08-09,46.85188234144737,46.907559961513954,43.87497899688656,45.06151580810547,28792000
2022-08-10,46.20102382614628,47.579557908830004,45.16904308777782,47.514278411865234,19799000
2022-08-11,47.618906633324066,49.70206404020199,47.231074880367565,47.75522232055664,18041000
2022-08-12,48.18818091977673,49.87294915990722,47.94818559003886,49.78367233276367,12588000
2022-08-15,49.56190330535352,50.168611339294365,48.880317594213395,49.65886306762695,9659000
2022-08-16,49.56383331846218,49.906545133059495,48.70945058575854,48.99360275268555,12301000
2022-08-17,48.21313421479191,48.39937079739396,46.63876567133692,47.76482391357422,14021000
2022-08-18,47.784028800883476,48.863048279487906,47.24547851552117,48.301456451416016,12763000
2022-08-19,47.295402139092516,47.42308277109494,45.71047556736029,45.77095413208008,20104000
2022-08-22,44.688085229100984,45.00103931691366,43.75786537485613,43.92586135864258,14652000
2022-08-23,44.01130423800683,45.079762451014,43.992104172163664,44.540252685546875,8103000
2022-08-24,44.53545897713206,44.65065939087631,43.87499198556098,44.44810104370117,6849000
2022-08-25,44.50761561516549,45.93126963878972,44.50761561516549,45.90534973144531,9490000
2022-08-26,45.90533884325264,45.936059675569346,43.362346784918664,43.51690673828125,15863000
2022-08-29,43.032121488149066,43.715626232716176,42.59821026755493,42.67500686645508,10082000
2022-08-30,43.10412765698453,43.315321084000374,41.74287467558435,42.4964599609375,14187000
2022-08-31,42.463816201449504,42.54925521551975,41.547991707309905,42.038543701171875,12324000
2022-09-01,40.75024952489882,41.575830408551035,40.16370086233412,41.475032806396484,18830000
2022-09-02,41.89646062144914,42.56748507179799,41.034394992273846,41.29935073852539,13680000
2022-09-06,41.219678644576796,41.63919075516009,40.49873318327341,40.968162536621094,11633000
2022-09-07,41.1832015471845,41.94446605771695,40.51505168312747,41.471195220947266,12013000
2022-09-08,40.83184839527411,42.68845056770951,40.704171428371744,42.15854263305664,14205000
2022-09-09,42.9495727595321,43.47372035924195,42.758535186458225,43.274044036865234,12933000
2022-09-12,42.939004840440596,43.533232783500445,42.44077356521444,42.939964294433594,9988000
2022-09-13,41.34264781326984,41.64717454424049,40.301852154741816,40.521575927734375,18942000
2022-09-14,40.861750741878744,41.11713006682793,39.956839315405865,40.64491653442383,10615000
2022-09-15,40.34617789711925,40.70081875836619,39.29092750643194,39.8431282043457,11987000
2022-09-16,39.34392388470451,39.88455910741116,38.85629233145235,39.436439514160156,18613000
2022-09-19,38.85821866816993,39.88455910741116,38.85821866816993,39.436439514160156,9364000
2022-09-20,38.88038409293759,39.05866581103776,38.49394038197811,38.87556457519531,8927000
2022-09-21,39.02011956550019,40.31918358927556,38.39757097024241,38.417808532714844,10621000
2022-09-22,38.01306736192731,38.227971604451305,37.18139698685115,37.27872848510742,15202000
2022-09-23,36.85469217774507,36.995391957561225,36.00182130747078,36.67448043823242,14622000
2022-09-26,36.68605376269328,37.13031709916384,35.76475730141228,35.795597076416016,11251000
2022-09-27,36.60703591474765,36.77953869731589,35.59322363605146,36.30250549316406,11831000
2022-09-28,35.9864044417285,36.96841352791395,35.87461807844267,36.7795295715332,10841000
2022-09-29,36.15408303698849,36.18010328751798,35.1007628557988,35.70981979370117,15439000
2022-09-30,34.52447579744039,35.996042808477995,34.500381880993125,35.271339416503906,19091000
2022-10-03,35.87846214221142,38.235665709792016,35.72619700574062,37.553367614746094,25300000
2022-10-04,38.815822507458996,39.367056333656194,38.30795332062412,38.60862731933594,20566000
2022-10-05,37.77117001310083,39.001812456940826,37.10332670479263,38.53923797607422,14070000
2022-10-06,38.413958843872855,39.264903459750116,38.086301438177486,38.31662368774414,13586000
2022-10-07,37.263306179830124,37.45508332478302,35.82836154924465,36.123252868652344,20796000
2022-10-10,35.6548975139487,35.68669678151773,32.80620516242125,33.79881286621094,39506000
2022-10-11,33.27648388791448,33.75255010158272,31.060942849564945,31.517738342285156,53132000
2022-10-12,31.682531992868988,31.890690359319912,31.142863515483544,31.22188377380371,36663000
2022-10-13,29.148971312766406,33.22059547291667,28.87142620338307,32.82451629638672,45293000
2022-10-14,32.824512175988815,32.86113095790251,30.2890227166316,30.35166358947754,30398000
2022-10-17,31.513881610107692,31.723966287074287,30.135793477471502,30.396955490112305,51439000
2022-10-18,31.51869689816075,31.97934132095683,30.42393482726931,31.036848068237305,25077000
2022-10-19,31.070583553195313,32.01308067062288,30.710160026955307,31.809738159179688,26915000
2022-10-20,32.82547211153276,35.35999815282774,32.191358097981144,34.29511260986328,58751000
2022-10-21,34.20838345213184,35.932436605074955,34.20838345213184,35.58839797973633,27665000
2022-10-24,35.69825478350648,36.34778685633657,35.12967296816129,36.0384407043457,20117000
2022-10-25,36.14058675570964,37.24787731081583,36.14058675570964,36.607017517089844,17499000
2022-10-26,36.06638775663881,37.95523447472361,36.02109310925806,37.160186767578125,24178000
2022-10-27,37.483984911797805,38.351314295180316,36.764101155968824,37.49843978881836,22885000
2022-10-28,37.63336081966513,39.217680943768755,37.537955680359765,39.08661651611328,18155000
2022-10-31,39.017232372707575,39.55979396962397,38.469851257449065,39.00856018066406,18772000
2022-11-01,39.8007126984606,40.18330005260421,39.17141824292251,39.77276611328125,15682000
2022-11-02,39.66194808686867,40.57649863599479,38.043902205482595,38.11617660522461,21731000
2022-11-03,37.458933790453464,38.49683603450292,37.075383199375636,37.91379928588867,16563000
2022-11-04,39.49715192604354,40.48493989040832,38.95747987553046,40.430973052978516,24227000
2022-11-07,40.81259678227974,41.97963698033704,40.40206282008123,41.91796112060547,18842000
2022-11-08,42.69181463567329,43.26521604108475,41.515138896833406,42.871063232421875,22260000
2022-11-09,42.00470483872129,42.711093416165376,41.45154094346917,41.70306396484375,17040000
2022-11-10,44.29444595410461,46.814513799843084,43.85210898919017,46.77885818481445,37191000
2022-11-11,46.44733985415461,48.62337252623397,46.27291079386488,48.263912200927734,26080000
2022-11-14,47.76568616484721,48.22055170152113,46.24497169731137,46.32495880126953,23472000
2022-11-15,48.288963290480616,48.445081103326956,46.4646821467913,47.29249954223633,22206000
2022-11-16,44.230841093897986,44.77725908728363,43.570710397187405,43.88487243652344,30079000
2022-11-17,43.01176200316972,44.778220321896356,42.88455391758795,44.441890716552734,15369000
2022-11-18,45.36221890794365,45.41522258172748,43.23533712995897,44.01207733154297,17363000
2022-11-21,43.46855167713247,43.70369343864076,42.82769543876132,43.380855560302734,9349000
2022-11-22,43.59865855284554,43.98220917684707,42.80553337313051,43.90800476074219,14115000
2022-11-23,44.04966189945458,45.172370706312805,43.945584567478065,44.46501541137695,8235000
2022-11-25,43.97739205524903,44.22795558601849,43.67961120605469,43.67961120605469,3789000
2022-11-28,43.00019706672791,43.49553770314331,42.544368395105906,42.71398162841797,11824000
2022-11-29,43.081147586389676,43.39531329341601,42.410414701867644,42.60026550292969,9030000
2022-11-30,43.16209489122813,45.52411838081751,42.526054496760594,45.523155212402344,22328000
2022-12-01,46.19196109199799,46.19196109199799,44.015932069869805,44.63269805908203,13779000
2022-12-02,43.43771305329742,44.35225979392679,43.40494694791973,44.105552673339844,11022000
2022-12-05,43.91956259430725,44.58933223754567,43.234371228398075,43.61695861816406,10886000
2022-12-06,43.64297842380843,43.76151430479085,42.30440231936856,42.70048141479492,9253000
2022-12-07,42.517385793673625,43.636238343454416,42.366087463339774,42.81517028808594,11129000
2022-12-08,43.16113358296602,44.09110213761412,42.79396420911947,43.84825134277344,12370000
2022-12-09,43.31725180557717,44.102664155210995,42.82865707149347,43.38567352294922,9542000
2022-12-12,44.33299071198696,44.757983288261414,43.26521552089136,44.74449157714844,12138000
2022-12-13,46.96587625392719,47.4601600969392,45.46657504125005,46.03727722167969,15369000
2022-12-14,45.9318443077266,46.611849477425636,44.90458031607932,45.29246520996094,12108000
2022-12-15,44.1104354217874,44.469299063047764,42.950651452344346,43.147010803222656,15531000
2022-12-16,42.84037068147926,43.33368767709402,42.3799382876381,42.939998626708984,17715000
2022-12-19,42.786212674656305,42.83651003914657,41.79667079036226,42.43411636352539,10645000
2022-12-20,41.92241831119391,42.66626652963041,41.849870702828966,42.30546569824219,9097000
2022-12-21,42.68850401885343,43.60646482643399,42.56855935395055,43.322078704833984,9464000
2022-12-22,41.77731733223972,41.9040330168557,38.407276413194374,39.57286071777344,31757000
2022-12-23,39.235284069160485,39.89788017603023,38.74486723342749,39.8640251159668,10546000
2022-12-27,39.465496612585326,39.81468893984853,39.15209655421547,39.21980667114258,11120000
2022-12-28,39.02343680574032,39.441309626902054,38.622980425772454,38.96249771118164,8731000
2022-12-29,39.630905142418285,40.87484147203887,39.47517187239145,40.68525314331055,12309000
2022-12-30,39.90851729369408,40.683316615796905,39.74020875762072,40.65526580810547,7321000
2023-01-03,41.56646147748727,41.60321682258877,39.39489251737129,40.07489776611328,13249000
2023-01-04,40.784881852633234,41.42619440111487,40.284790090312136,40.86419677734375,10525000
2023-01-05,40.20257457214442,41.069267775020634,39.91045061369182,40.34186553955078,9834000
2023-01-06,41.510343363796196,43.27081336601795,40.661059443122284,43.07058334350586,14810000
2023-01-09,43.64419422488677,44.82429111077874,43.00771915219652,43.7631721496582,14079000
2023-01-10,43.34240246032971,44.38030818963297,43.25341254464537,44.3609619140625,10676000
2023-01-11,43.305642628955056,44.92585521823899,43.09960832092358,44.911346435546875,15429000
2023-01-12,45.46173813141251,45.9976185007211,43.85700099414421,45.466575622558594,14299000
2023-01-13,44.7178879358198,45.92893589432037,44.7178879358198,45.81769943237305,12025000
2023-01-17,45.453998599085864,45.81769969278371,44.82332409131797,45.55846405029297,9474000
2023-01-18,46.15721518585555,46.76564311489413,45.12608428791702,45.16187286376953,11939000
2023-01-19,44.71788786605995,44.95681047270272,43.88118274255918,43.904396057128906,10887000
2023-01-20,44.40737631090513,45.71998908874091,44.18780003635154,45.70451354980469,12599000
2023-01-23,45.927004792838,48.252373153235446,45.69388642467704,47.47273635864258,16545000
2023-01-24,46.93394672008566,47.56365437669536,46.80433076252349,47.15545654296875,9723000
2023-01-25,45.674541342994395,47.53173934504208,45.17251605515814,47.24251937866211,17697000
2023-01-26,46.88946007349227,48.234965292846496,45.84962452794527,48.146942138671875,24658000
2023-01-27,47.202859902245216,48.16434719623565,46.67858806192243,46.70857238769531,17116000
2023-01-30,46.07790506348616,46.796602765389025,45.79255211733216,46.29747772216797,15608000
2023-01-31,46.49964142441572,48.383927301899114,46.42999778562957,48.37425231933594,18132000
2023-02-01,48.23786219396252,51.65627094297023,48.21851592001564,51.291603088378906,24886000
2023-02-02,52.14088390542786,53.089795957191484,51.25194419640917,52.33434295654297,20193000
2023-02-03,51.1987423676691,52.228906546705815,50.925964702355344,51.193904876708984,12684000
2023-02-06,50.482942430125114,51.26644987929462,50.129883096370584,50.39105224609375,10082000
2023-02-07,50.48197140885418,51.902924225051294,49.99348820579354,51.57984924316406,12541000
2023-02-08,51.169727639175946,51.583726116176685,49.771021107892786,50.09700012207031,11435000
2023-02-09,51.07202841484231,51.55664096971375,49.56015192649937,49.865814208984375,10732000
2023-02-10,49.424727209509435,49.704272180446424,48.21270886226672,48.84822082519531,10364000
2023-02-13,49.162602009231826,49.425704735035765,48.58802902007521,49.359928131103516,8892000
2023-02-14,48.64606029377666,50.384284086574546,48.27462142622447,49.93255615234375,9487000
2023-02-15,49.01363335017455,50.36203510550948,48.746659927771255,50.327213287353516,8541000
2023-02-16,49.15291327865449,49.79519621283545,48.397460374857,48.493221282958984,10906000
2023-02-17,48.290100046495844,48.290100046495844,47.156433407649246,47.94477844238281,13841000
2023-02-21,47.20382427995051,47.59074235442787,46.14560936083143,46.264583587646484,12458000
2023-02-22,46.53640100731574,46.93589070969934,45.87960916262473,46.16302490234375,10418000
2023-02-23,47.467902034847995,47.67973691542843,45.79642154607924,46.95039749145508,12271000
2023-02-24,46.16496473118819,46.80047312600152,45.81867265419467,46.29554748535156,10353000
2023-02-27,47.371161656004425,47.48626883159384,46.543161185852576,46.69212341308594,7905000
2023-02-28,46.67762809725197,47.731976182494236,46.35455302838979,47.01134490966797,10899000
2023-03-01,47.392451130219634,48.11501955284262,47.12838167344249,47.48627853393555,8566000
2023-03-02,46.33326945334731,47.79291139615807,45.87670769674526,47.395355224609375,8731000
2023-03-03,47.29281545606165,47.706817585505696,46.43676408237736,47.556888580322266,16844000
2023-03-06,47.85771584163262,48.307506535836986,46.69889882624924,46.93491744995117,9731000
2023-03-07,47.08484517552562,47.326668043493086,46.1127199030418,46.39710235595703,9382000
2023-03-08,46.63215851406858,47.927362593306235,46.59636993660369,47.726165771484375,10541000
2023-03-09,47.53754730759345,48.733119813979805,47.2289810433607,47.424373626708984,13287000
2023-03-10,47.82675881884556,47.98345882387277,45.804152775196854,46.31584930419922,11804000
2023-03-13,45.37274339649951,46.78498808720848,45.17541362990234,46.13980484008789,9427000
2023-03-14,47.09751162149108,48.5110012816685,47.0480019687778,47.9556999206543,13106000
2023-03-15,47.209143474824494,47.47125681946026,46.01505346638025,47.28292465209961,12145000
2023-03-16,46.88391977526029,50.08562572757689,46.643163468615505,50.0147590637207,17754000
2023-03-17,50.014756273723506,50.47200473203367,48.90998296779424,49.3516960144043,17026000
2023-03-20,49.559453832451226,50.050680271733945,49.09735397875378,49.83030700683594,7553000
2023-03-21,50.18465992731026,50.63414265700216,48.35566928641396,49.25463104248047,10286000
2023-03-22,49.21870373080029,50.96711728012618,49.10608957548534,49.15171813964844,12139000
2023-03-23,49.937105803089004,51.701055136316356,49.83420172234768,50.83024597167969,15379000
2023-03-24,49.99631777553448,50.230282222860026,48.421674866344,48.7401008605957,13960000
2023-03-27,49.34199574873658,49.491498644612854,48.02364462392145,48.12946319580078,11071000
2023-03-28,48.09355196636478,48.20519216892859,46.47910561371821,47.09168243408203,14636000
2023-03-29,48.01005610855672,50.59433434975722,47.78871626274934,50.069129943847656,20722000
2023-03-30,50.832187016098814,51.72047214441513,50.672003723454736,51.58456039428711,20558000
2023-03-31,51.22341232712887,51.75249780127239,51.00498329168403,51.46417236328125,11637000
2023-04-03,50.8787852521986,51.08459341327387,49.959436708150356,50.628318786621094,11100000
2023-04-04,50.77295427482122,50.8807133781798,48.66048996341421,48.95658493041992,12698000
2023-04-05,48.530411237877146,48.530411237877146,47.225651157591365,47.90715408325195,16073000
2023-04-06,47.18487496791039,48.189655197931714,46.64219461700576,47.93724822998047,9652000
2023-04-10,47.20235456285369,49.65071752452139,47.186819147382536,49.26433563232422,13389000
2023-04-11,49.54004112229264,49.681778171897726,49.08861789610941,49.269187927246094,9080000
2023-04-12,49.8351667898752,49.867204185404574,48.16344504779856,48.255672454833984,9728000
2023-04-13,48.49061367688594,48.74205041954683,47.61786024483047,48.379940032958984,12971000
2023-04-14,48.257615062762305,49.109007681894305,47.82075325190582,48.621665954589844,9245000
2023-04-17,47.56835019807278,48.057632504053664,46.90043837325306,47.827552795410156,12478000
2023-04-18,48.03141735411452,48.58283013977833,47.48291167226573,48.090633392333984,8993000
2023-04-19,47.17904903901488,47.94889454010308,46.86450782468484,47.6683349609375,17221000
2023-04-20,49.60411685934935,52.083546857401096,49.32743834145815,51.11468505859375,40480000
2023-04-21,50.88848195291795,50.902073125179434,49.88273150225144,50.20892333984375,14387000
2023-04-24,50.03223518530223,50.295322510598794,49.159485636581536,49.936126708984375,10247000
2023-04-25,49.661389621405256,50.15358634945399,48.4876900163134,48.51293182373047,13711000
2023-04-26,48.85563060168928,49.28860763440192,48.07024960839039,48.28771209716797,12949000
2023-04-27,48.884747530406415,50.43414859461769,47.90132436353157,50.373958587646484,19831000
2023-04-28,50.40987115920172,50.9156589903943,49.75555071758813,50.87779998779297,11458000
2023-05-01,50.857423292757645,51.59717198127559,50.612778465835476,50.853538513183594,8383000
2023-05-02,50.84577447243288,51.13118912682752,49.92545201223336,50.66423416137695,9466000
2023-05-03,50.72538533139946,51.16127679410687,49.80312249869116,49.95262908935547,13628000
2023-05-04,50.00214984416667,50.05942534998213,49.23812955590391,49.7283821105957,7802000
2023-05-05,50.38463866997209,51.55833824433947,50.1438786434403,51.429222106933594,14018000
2023-05-08,51.45253023212163,51.600092620389084,50.79335453413304,51.14090347290039,7957000
2023-05-09,50.44094781743884,50.47395548191999,49.71478660548764,50.07107162475586,10002000
2023-05-10,50.881690885777815,51.59523119619457,50.486576586129786,51.190406799316406,10968000
2023-05-11,51.3010757805098,51.53212570854179,50.545791749058154,51.20787811279297,7162000
2023-05-12,51.452523555086586,51.79230288968961,50.616662688646166,51.170989990234375,9168000
2023-05-15,51.452520326989045,53.635855166217574,51.44766527870875,53.614498138427734,17454000
2023-05-16,53.42616441402371,54.77169425217525,53.32520088496199,54.26105499267578,17385000
2023-05-17,54.80276420519067,56.331778662113194,54.37561250019181,55.73473358154297,16672000
2023-05-18,55.72405610551792,58.27629333838288,55.72405610551792,58.12582015991211,19223000
2023-05-19,57.787984697333066,57.82972848955891,57.11230705546025,57.16667175292969,12253000
2023-05-22,56.772524492424076,57.440436283865495,56.47545919197627,56.798736572265625,10423000
2023-05-23,56.317218958572184,56.449245920808586,55.5415480567377,55.67454528808594,10667000
2023-05-24,54.708592969680076,55.25224359153597,54.30765336725755,54.934791564941406,13255000
2023-05-25,56.88900752733994,58.90730761515513,56.299732101974634,58.45199966430664,20554000
2023-05-26,58.73353794966445,61.45275386245091,58.2461962715795,60.99065399169922,21989000
2023-05-30,62.13134522096766,62.57791337594734,60.112074723694164,61.15665817260742,13656000
2023-05-31,60.03344901202407,61.19258728986421,59.596587200696874,59.869380950927734,26891000
2023-06-01,59.86937970801163,60.72174628278422,58.701505329185714,60.17615509033203,14556000
2023-06-02,60.18974312846946,60.382934061806694,59.00051178185469,59.575225830078125,11814000
2023-06-05,59.37136546921824,59.59756039043798,58.541326135361054,58.79276657104492,10441000
2023-06-06,57.86564464418348,59.77424170380203,57.64430108336594,59.43252182006836,11062000
2023-06-07,59.50240719466583,60.30914505267337,58.98302817513799,59.294654846191406,12027000
2023-06-08,59.407272460119735,59.81986267109906,58.68499609783636,59.6596794128418,9108000
2023-06-09,60.0208313814848,60.29750992653326,58.80732834121657,58.88790512084961,10669000
2023-06-12,59.4771746964035,61.019780287249645,58.9519702779494,60.92075729370117,15094000
2023-06-13,60.84238983944292,61.302844629833054,59.95652479192162,60.89495849609375,11759000
2023-06-14,60.35566072316679,61.39922820006098,59.6790935331101,61.33205795288086,11219000
2023-06-15,60.13175701117174,60.85505144153079,60.0071496753978,60.4530029296875,18624000
2023-06-16,60.70805787244562,60.74407535424044,59.41819828443727,59.64015197753906,26787000
2023-06-20,59.46103102620411,60.22715725263747,59.183589851144305,59.798828125,9811000
2023-06-21,59.31305916288132,59.946794476056056,58.633569508847636,58.97331619262695,8987000
2023-06-22,58.51577711802436,60.791770442411924,58.25488343673766,60.342994689941406,11735000
2023-06-23,59.33350183536674,59.513592940288184,58.54206426207878,59.2614631652832,10806000
2023-06-26,59.78616585068806,61.66108362740613,59.74138445622424,60.38777542114258,13440000
2023-06-27,60.71973523558803,63.29848123917663,60.551323165070556,63.19431686401367,13355000
2023-06-28,62.30163427113345,63.2439634630777,61.910295603651825,62.514827728271484,11806000
2023-06-29,63.04439342097841,63.07165069054477,61.9132093069256,62.337650299072266,14023000
2023-06-30,62.72412877836511,63.16609026340438,62.196503694615735,62.581031799316406,10867000
2023-07-03,62.58102934525486,63.37440911343314,62.19065988076375,63.37246322631836,6219000
2023-07-05,62.698812817361436,62.89448587154844,61.18310792001726,61.19089889526367,11052000
2023-07-06,60.10644562387819,60.6223879514922,59.54377600953959,60.4530029296875,12975000
2023-07-07,60.53769296120382,61.26682871436808,60.057768148212,60.14830017089844,7288000
2023-07-10,60.355650807508276,61.35638631819352,60.12201439623799,61.099388122558594,12882000
2023-07-11,61.187978273562024,61.34276170990546,59.212791450868046,60.2991943359375,12028000
2023-07-12,61.227883052222936,61.231778539447575,60.14050736901744,60.60874938964844,13032000
2023-07-13,61.03709156369383,62.50509630957376,61.03709156369383,62.137123107910156,10887000
2023-07-14,62.50897943466426,63.001563616258075,61.905423998011365,62.16242218017578,9191000
2023-07-17,61.81586468277223,64.62240543625731,61.81586468277223,64.25637817382812,13834000
2023-07-18,63.68886147966024,64.34595501701743,63.14760023925944,63.85435104370117,10231000
2023-07-19,63.51459349471043,63.685920682206195,62.12932985230709,62.31332015991211,9326000
2023-07-20,61.29992796587116,61.31647543283322,59.636253955801,59.919532775878906,16720000
2023-07-21,60.30891985872881,61.03221417591506,60.15997781607553,60.70901870727539,25742000
2023-07-24,61.27948639259374,62.5547442943142,61.23178616415593,62.20818328857422,11475000
2023-07-25,62.20817869491983,63.702471330512296,62.1127782450889,63.2994499206543,9087000
2023-07-26,62.49924969157858,63.11448416000062,61.53745054333057,62.53331756591797,13614000
2023-07-27,65.70978911264365,69.69521123019584,65.5462454616268,68.33331298828125,33900000
2023-07-28,69.14517575842524,70.48662698465684,68.68861280349776,70.21308135986328,18500000
2023-07-31,70.23256327530983,70.7261129895522,69.4790891129712,69.94343566894531,11332000
2023-08-01,69.00499541091328,70.04077156684222,68.96508245334866,69.69129180908203,9528000
2023-08-02,68.64968786997319,68.84925270809859,66.5469785604878,66.76892852783203,14973000
2023-08-03,66.31432057477974,67.65771801908727,65.95510385646872,67.4970932006836,12155000
2023-08-04,67.49708466143836,68.39950087571803,66.83220034211764,67.21477508544922,6652000
2023-08-07,67.94878786086406,68.7820805862504,67.28974115480345,68.66526794433594,6848000
2023-08-08,67.71609939976679,67.9906253615589,66.84678575504421,67.75406646728516,8094000
2023-08-09,67.82904397192033,68.13861081891258,66.75042843834406,66.78547668457031,8139000
2023-08-10,67.32868530468785,68.23888518829501,66.28219161874311,66.8185806274414,9376000
2023-08-11,65.30189684397682,65.4654404797549,63.41237368675881,63.46786117553711,16035000
2023-08-14,63.37342508921629,64.95630000163226,62.984032349891784,64.9504623413086,13017000
2023-08-15,64.36638442963982,64.81515647596133,63.72874993849654,63.843624114990234,6713000
2023-08-16,64.19700458804026,64.23691755822587,62.85652592467593,62.91493225097656,8088000
2023-08-17,63.293604759686524,64.17265547421,62.95970689918844,63.13590621948242,8914000
2023-08-18,62.55862828925028,63.931228650729054,62.25100734476056,63.56228256225586,9336000
2023-08-21,63.76282655121267,65.44304802154969,63.63822293715687,65.14906311035156,9083000
2023-08-22,65.94341370435552,66.25006172571078,64.65355801096355,64.9134750366211,6273000
2023-08-23,64.87648646486517,66.36201533276213,64.72170673920836,66.01058959960938,8713000
2023-08-24,67.23424866879999,67.33743266635425,63.55450218091021,63.85335922241211,11349000
2023-08-25,64.1288598352122,64.86870546753953,62.9363503309872,64.2758560180664,7601000
2023-08-28,65.19967794649995,65.68641707668581,64.41018998874195,64.86480712890625,6092000
2023-08-29,64.55911692375237,67.33352783062416,64.42866825309264,66.649169921875,10398000
2023-08-30,66.56157227449151,67.09796120158005,65.44694299754065,66.83219909667969,9026000
2023-08-31,66.26077545102379,68.57181345746122,66.26077545102379,68.37711334228516,16816000
2023-09-01,69.04687023546043,69.30289550371567,67.95851775272503,68.33428192138672,6454000
2023-09-05,67.97311432372565,68.87066582532691,67.67620316699688,68.21843719482422,5199000
2023-09-06,67.86701335355498,68.96606816447031,66.94999553017537,67.77745056152344,9013000
2023-09-07,66.29386294564613,66.35324963060617,64.73629933429106,65.8752670288086,12039000
2023-09-08,65.56375098061567,66.2412909315086,64.88329219955698,65.11400604248047,9023000
2023-09-11,65.57544397164227,65.74580564289009,63.377326847909856,64.60780334472656,9529000
2023-09-12,63.87646099256436,64.88608405270529,63.65188841569146,63.73097229003906,8924000
2023-09-13,64.20062571224794,65.13701264265885,63.74659374169404,64.31291198730469,8777000
2023-09-14,65.15068864087071,65.17607653058319,63.56498101408487,64.09517669677734,10359000
2023-09-15,63.172468560905244,63.265229725227016,60.320345838981254,60.84175491333008,31613000
2023-09-18,60.61326817734499,62.14820016504778,60.36330396864605,62.06618118286133,12598000
2023-09-19,62.06617644009405,62.17455919037974,60.707000582294484,61.04093551635742,10945000
2023-09-20,61.2704028756872,61.782045656991976,60.27445325049891,60.42677688598633,8468000
2023-09-21,59.585085823000696,60.35548306568055,59.46303325450001,59.599735260009766,11694000
2023-09-22,60.53515397658423,61.41100269311132,60.09869158240738,60.45117950439453,12743000
2023-09-25,60.07818989066519,60.831986061567115,59.91610369339296,60.5956916809082,7635000
2023-09-26,59.751092463791544,60.100649041201926,58.92894710433513,59.17109680175781,10590000
2023-09-27,59.755969807015724,60.315456943314544,58.842039256231274,59.94441604614258,11951000
2023-09-28,59.656378968873994,61.56625921657589,59.33025479438138,61.27235412597656,11734000
2023-09-29,62.14918410865429,62.23315486539225,61.03313363792364,61.19912338256836,7707000
2023-10-02,61.245982321098225,62.588560682837915,60.83295606821784,61.600425720214844,9882000
2023-10-03,61.52231267817728,62.197997089293494,59.84482343624472,60.353538513183594,10197000
2023-10-04,60.967706977770135,61.9050736776689,60.735319865023584,61.746891021728516,9588000
2023-10-05,61.805478913771964,61.8933569273507,60.566400039736564,61.107337951660156,7537000
2023-10-06,60.603503393189044,61.71759825190156,59.48550127247981,61.329959869384766,10649000
2023-10-09,60.6591600755956,61.59945443098605,60.02644062440496,61.2889518737793,6921000
2023-10-10,61.8523432279756,62.778963982551474,61.34655581094403,61.94217300415039,6741000
2023-10-11,62.583683407522294,62.80825598764947,61.90018820043154,62.65983963012695,6615000
2023-10-12,63.01331366131635,64.93197676748332,62.99964383106656,63.95165252685547,13285000
2023-10-13,64.54141372066118,64.87242478366022,62.686212701259514,62.99085998535156,12292000
2023-10-16,63.25447540076028,64.01706559075731,62.893204555827324,63.53568649291992,9990000
2023-10-17,62.30931458565424,63.80324090553711,61.16885583461139,63.46247100830078,10340000
2023-10-18,62.295642134661904,62.99378310902684,61.151276169345955,62.70964431762695,13346000
2023-10-19,61.21669806234977,61.75861187161425,58.605749209359516,58.7756462097168,25078000
2023-10-20,58.94651531655212,59.38688125112991,58.430965317509774,58.619415283203125,13013000
2023-10-23,58.22396629532473,59.29705167102557,57.54925775676397,58.54423141479492,8106000
2023-10-24,59.09492974960729,59.6924987085772,58.48173919261504,58.977760314941406,9659000
2023-10-25,58.26204349234486,58.44268265653995,56.73687414323462,56.95852279663086,11332000
2023-10-26,57.520950667212965,59.032450432497015,56.97610915782854,57.1333122253418,11976000
2023-10-27,57.05226107729852,57.95544946842378,56.708559833124355,57.02492141723633,9497000
2023-10-30,56.86772053006366,57.93787829989613,56.35802953752561,56.97414779663086,8657000
2023-10-31,57.2504739256517,57.68498083605026,56.08755875757974,57.43501663208008,8179000
2023-11-01,57.88905648744658,59.33123111485487,57.48872412406863,59.23554229736328,10439000
2023-11-02,60.78218889557572,61.65217861154039,60.36232769438136,60.85834884643555,13560000
2023-11-03,61.43638775233705,62.433316907726734,61.21083555728896,61.91288375854492,9832000
2023-11-06,61.912887660804394,62.44991832680241,61.33094023993034,62.39816665649414,6929000
2023-11-07,62.49092035892872,63.183202228454064,62.167723878681684,62.613948822021484,8192000
2023-11-08,62.94007878597384,63.38142434886717,62.59638125478624,63.231056213378906,7304000
2023-11-09,63.46733367061328,65.27371013903127,63.32184498716659,63.49272155761719,12196000
2023-11-10,64.54923627554994,67.16506877189833,64.08738959450321,66.92681884765625,13734000
2023-11-13,66.39661022556126,66.39758610993593,65.47389292555364,65.7551040649414,8158000
2023-11-14,67.47067641321318,67.9764601872324,66.77839441719571,67.85343170166016,9555000
2023-11-15,68.17370824472256,68.30650303916003,67.52243567074657,68.14441680908203,6295000
2023-11-16,68.25181605260666,68.96851005887947,67.94326522942525,68.39241790771484,10047000
2023-11-17,67.5253488792006,68.50176958900865,67.17774781459221,68.38264465332031,10265000
2023-11-20,68.08875740691239,70.3999424208163,68.08875740691239,70.21930694580078,10264000
2023-11-21,69.91464659221748,69.91464659221748,68.68924132517355,69.0690689086914,8709000
2023-11-22,69.81407389621234,71.10587646137424,69.65784302222397,70.05427551269531,7819000
2023-11-24,69.95858941884477,70.51026202142174,69.81407659975909,70.05818176269531,3006000
2023-11-27,69.81407547994323,71.37537112350437,69.39226253990314,70.54151153564453,6819000
2023-11-28,69.55338614413391,70.05135540015745,68.78786810688058,69.36396026611328,9053000
2023-11-29,70.30228083616768,70.836380025802,69.62366883996515,69.7154541015625,8125000
2023-11-30,70.18511909148383,70.18511909148383,68.97143182421749,69.90391540527344,12922000
2023-12-01,69.52897317256142,70.55519388664744,69.14230689669425,70.5053939819336,6919000
2023-12-04,69.8726639846969,69.96542514454589,68.54961808753187,69.33172607421875,9036000
2023-12-05,67.9920748137608,68.34456271063662,67.09767318485984,68.07018280029297,12201000
2023-12-06,69.22724972120635,69.32391441206327,67.71184296466508,67.84854125976562,6348000
2023-12-07,68.65799801246659,69.35711110345696,68.07702651907675,69.13351440429688,9009000
2023-12-08,68.29671188999356,69.44009804543745,68.25375063672162,68.65896606445312,7944000
2023-12-11,69.34930148003252,72.0588702427443,69.16963448046118,71.82452392578125,15849000
2023-12-12,71.76676528111953,72.33462757309738,71.19008114561389,71.59444427490234,12019000
2023-12-13,71.7618719259873,72.5098911243108,70.63984686340652,71.92831420898438,8889000
2023-12-14,72.4873760524876,75.51469535981329,72.33267631143659,75.1162109375,17234000
2023-12-15,75.3237783018396,76.33713261984387,75.15146474288542,75.7320556640625,17817000
2023-12-18,75.93765050251822,76.27054249903568,74.16649178149817,75.38153076171875,8841000
2023-12-19,75.60674207734893,76.54861788319892,75.26504309119764,76.46735382080078,8906000
2023-12-20,75.5900821144876,76.41740819628168,73.86395882562762,73.91388702392578,11409000
2023-12-21,76.22160207920128,76.29503777840229,74.75297773289755,76.06690979003906,9349000
2023-12-22,76.06689978384827,76.76988348262742,75.74380067740907,76.36747741699219,5251000
2023-12-26,76.6660896333332,78.31388443946932,76.6660896333332,77.90658569335938,6941000
2023-12-27,78.22871497065587,78.45292128015971,77.37691026995121,77.8302230834961,7623000
2023-12-28,78.11120618953804,78.20128459456801,77.25059476236221,77.31521606445312,6007000
2023-12-29,77.10375051495835,77.3563570493733,76.17264628015666,76.68763732910156,5191000
2024-01-02,75.2669865520849,75.3286722314456,72.65479448712522,73.3626708984375,11136000
2024-01-03,71.66885870286318,72.74585576969217,71.43975965972511,72.15155029296875,9224000
2024-01-04,71.05987605586724,72.93285600006202,70.81216224510952,71.57878875732422,10330000
2024-01-05,71.92047919817702,72.67241250685275,71.335966701988,71.70801544189453,8219000
2024-01-08,72.09378908795392,74.1851041360327,72.09378908795392,74.13224029541016,10889000
2024-01-09,73.07188423399101,74.10089515898518,72.90739158336747,73.62898254394531,5904000
2024-01-10,73.80130518517872,73.90509071579076,72.11043167899804,73.40086364746094,8376000
2024-01-11,73.39302378063562,74.54442759481093,72.66459042580507,74.42987060546875,7742000
2024-01-12,74.48176878529908,74.73828951150777,73.90704911628039,74.37799072265625,4972000
2024-01-16,73.85122712754827,75.28166546599292,73.23734337263926,74.52189636230469,6847000
2024-01-17,73.70826875472785,73.85219699692331,72.6489007192202,73.71512603759766,9631000
2024-01-18,75.9670268336002,77.18990172370721,75.5636497013676,76.92163848876953,14863000
2024-01-19,78.19737986518636,81.12288566937653,77.80966690836668,80.90357208251953,18628000
2024-01-22,81.1786885066335,82.89012619732202,81.03573878253674,81.61045837402344,13652000
2024-01-23,81.2256687901649,81.45771088442851,80.42870010869525,81.30204010009766,8243000
2024-01-24,83.2220118137955,84.06793753310066,82.09215127545473,83.04186248779297,19276000
2024-01-25,85.86554324360017,88.12625064252136,84.66127579767564,84.7493896484375,31073000
2024-01-26,83.51576718449076,84.20112216769955,81.91300759896272,82.14896392822266,16751000
2024-01-29,81.821930778677,82.91556285155929,81.65548853310156,82.81080627441406,9904000
2024-01-30,82.34967746630574,83.22106057242092,81.45675143086076,81.83076477050781,10696000
2024-01-31,80.48060690135912,82.02853813481453,79.86085176285108,80.79097747802734,9969000
2024-02-01,81.44499747031323,81.85817499881998,80.68033556333566,81.4802474975586,7633000
2024-02-02,80.99853707402129,82.86761025697362,80.99853707402129,82.11567687988281,7629000
2024-02-05,82.12446857968229,83.93969157392357,81.50764922085676,83.35126495361328,8651000
2024-02-06,83.5059679017267,83.94655214738764,80.65683353903997,81.71620178222656,10546000
2024-02-07,82.019725491839,84.00432669887454,81.57913376035984,83.07908630371094,8570000
2024-02-08,83.41784442576956,85.14005355280273,82.8441033883246,84.62799072265625,8627000
2024-02-09,86.15928025007153,89.47054174834358,85.65603178655117,89.251220703125,18363000
2024-02-12,88.65594038756687,90.48877732319903,88.51005503526503,88.90071105957031,12542000
2024-02-13,85.6991220446054,88.22711472109359,85.37308727103265,87.39196014404297,12595000
2024-02-14,88.96238986855846,90.95384819282117,88.86937581739691,89.65460205078125,11849000
2024-02-15,89.85532035586957,90.22639056467,88.75874499307642,89.46662139892578,8529000
2024-02-16,92.07392488222342,93.59933455219144,90.41144421943473,90.66600036621094,13280000
2024-02-20,89.96987468030802,90.60530144714862,87.23725423619213,88.16053009033203,10890000
2024-02-21,87.62986370660492,88.33480448573025,86.82016633138696,88.30641174316406,7123000
2024-02-22,91.05469531823412,92.9472609503236,90.59158959798937,92.46065521240234,12639000
2024-02-23,92.73284570813499,93.01775916282729,90.68167350711691,90.9078369140625,6868000
2024-02-26,91.70089103048247,92.71423776016407,91.35037774390672,91.91236877441406,6091000
2024-02-27,92.07099374825484,92.4283568920208,90.88140421763963,91.12617492675781,6303000
2024-02-28,89.80537969051957,90.47703495742135,89.3755669313051,90.33702087402344,6150000
2024-02-29,91.68816375618891,92.21196913376643,90.6846024614331,91.86243438720703,13084000
2024-03-01,92.5233251794971,96.1899929775936,92.39114690912274,96.09991455078125,11111000
2024-03-04,97.04374417419683,97.30712216140566,95.31174949533008,95.7072982788086,9016000
2024-03-05,94.97004686602057,95.8522013674679,93.19888804875603,94.29545593261719,13083000
2024-03-06,95.6250547461724,96.91450806197611,95.19132030454767,96.13221740722656,14329000
2024-03-07,96.8322705133197,98.6318222187509,96.71869953606937,97.37664031982422,10974000
2024-03-08,97.1955015942019,97.49803629814454,93.57386964139249,93.66394805908203,13313000
2024-03-11,92.33826200894319,92.41071914564306,90.13630456424978,91.17218017578125,13267000
2024-03-12,91.59114862532903,93.29939788428591,91.05542118831326,93.29449462890625,13512000
2024-03-13,91.93848866499613,92.30055104043629,90.35877951440979,90.92786407470703,10080000
2024-03-14,91.63823755005917,92.02090854038897,89.9064377839277,90.82679748535156,9964000
2024-03-15,89.17842347728305,90.29011524888053,88.85659018786843,89.29714965820312,19745000
2024-03-18,90.5059630346712,91.73638088128908,90.26655687671368,90.78756713867188,7510000
2024-03-19,89.67980230311834,91.5332704726898,89.20098251867076,91.35371398925781,7029000
2024-03-20,90.85820203550549,93.20520708491074,90.60210986157253,93.12278747558594,8493000
2024-03-21,96.46080281747876,98.54092866417793,95.76415869797212,96.40880584716797,14078000
2024-03-22,96.62268957725826,97.18883965494975,95.76610957765591,95.95057678222656,6901000
2024-03-25,94.41796336588804,96.40389428091564,94.41796336588804,95.3187026977539,7405000
2024-03-26,96.20569876969277,97.08288002328163,94.87029889389304,94.90365600585938,8589000
2024-03-27,95.45213480467855,95.71313023826953,93.68403578115105,94.7505874633789,5896000
2024-03-28,94.77904591308246,95.55810964708803,94.35419188881293,95.3294906616211,6639000
2024-04-01,95.37462066553334,97.62055867343246,95.2735537171839,96.33226013183594,6514000
2024-04-02,94.88108346144134,95.45998953620085,93.89989332229142,94.91346740722656,9071000
2024-04-03,94.37576246269967,96.9543357802729,94.19718665232304,95.99668884277344,7302000
2024-04-04,97.39196460735626,98.29956108726617,92.62436009627051,93.37300872802734,9919000
2024-04-05,94.77316093082266,95.93391514383565,94.24332479303875,95.03612518310547,8048000
2024-04-08,95.58166328108832,95.87601584863523,94.28747317178846,94.90660095214844,5609000
2024-04-09,96.18704670405886,96.35090527407483,93.99997758453314,95.50315856933594,5207000
2024-04-10,94.0941757610654,95.66603980924768,93.68894225206084,94.35517120361328,5976000
2024-04-11,94.58966306900214,96.66585855340071,94.26096530473322,96.49807739257812,7055000
2024-04-12,94.49156346759457,95.10186540354043,93.40930627935629,93.9038314819336,9893000
2024-04-15,95.7523816017124,96.27732192386556,91.98559567959389,92.83726501464844,7691000
2024-04-16,93.09924147073639,94.8133746583968,92.89711505817986,94.51116943359375,5448000
2024-04-17,93.2130694092099,93.45738630906634,89.31382049548556,89.51005554199219,16686000
2024-04-18,89.21274315126853,89.22255714821799,86.77547331541876,87.2199478149414,23074000
2024-04-19,87.81064491554912,88.27572814352551,84.57369469407743,85.3880844116211,13545000
2024-04-22,85.99149530896574,86.2210949183224,84.18414042373135,85.17416381835938,18563000
2024-04-23,86.14849425406273,87.74783143104935,85.17711065981548,87.07276916503906,9823000
2024-04-24,89.02731390725555,89.86328539342725,86.56746633073256,86.82453918457031,19491000
2024-04-25,89.22256603649312,89.5306626899535,86.98937621069678,88.45135498046875,13093000
2024-04-26,88.15011843651962,91.25362482040816,88.09812146767037,90.79639434814453,13971000
2024-04-29,90.42059610085406,91.27815682786989,89.788712401321,91.13391876220703,9025000
2024-04-30,90.64823349744321,91.6951646904857,87.71152764634586,87.75862884521484,9737000
2024-05-01,86.64694034894549,88.29730143890748,84.76992157455634,85.17711639404297,11878000
2024-05-02,86.44676879134494,86.85298292944333,84.5874168483438,86.70580291748047,7245000
2024-05-03,88.150112208514,89.54536909798186,87.87047693150099,89.14405822753906,8752000
2024-05-06,89.80636608636767,90.80914546855288,89.34422489702786,90.71495056152344,7545000
2024-05-07,91.0161809892282,91.25068387782828,89.6160207298986,89.77006530761719,6746000
2024-05-08,88.61815312916308,89.68078225367431,88.20899701149986,89.61013793945312,5539000
2024-05-09,89.97710994329888,89.97710994329888,88.40131567809176,89.04693603515625,5767000
2024-05-10,90.09875349592352,91.36841964180597,89.50807966425958,89.82009887695312,5100000
2024-05-13,90.33424967883138,90.33424967883138,88.54750334365275,88.6789779663086,7394000
2024-05-14,88.209001104563,89.67391437058217,87.96566485526454,89.53752899169922,5751000
2024-05-15,90.70123118240673,93.06001193866118,89.98692029229176,92.9923095703125,7133000
2024-05-16,93.21796580828004,93.71052966252925,92.47716995343959,92.51641845703125,8124000
2024-05-17,93.4515041863301,93.68895655119901,88.87818062202035,89.49142456054688,9106000
2024-05-20,89.71903983713923,93.21305466763452,89.63465144431792,92.4320297241211,6650000
2024-05-21,95.33832915614731,95.5414362500775,92.4114370567232,94.58673858642578,14234000
2024-05-22,95.29614166407484,95.45803895352152,93.14929392507932,94.76041412353516,8938000
2024-05-23,97.25753685766139,97.39882549199821,93.45346352098626,94.01078033447266,10576000
2024-05-24,94.59457459237213,96.40585221874116,94.30120269805366,95.23136901855469,7196000
2024-05-28,95.66604557291902,95.73668989070808,94.05591357451583,95.29907989501953,9942000
2024-05-29,93.95189912656308,94.27667432491563,93.4112683826419,93.53096771240234,8802000
2024-05-30,93.4092902935519,94.31002204589737,92.3761032735458,93.28173828125,10577000
2024-05-31,93.08845363497336,93.18559050106226,88.61619027492225,91.49009704589844,15598000
2024-06-03,92.91576540285266,93.44757030249586,89.41389739939693,91.8031005859375,6806000
2024-06-04,91.4488876313685,91.93457196389417,89.31381541292451,90.53736114501953,6672000
2024-06-05,93.0992352780252,95.42661210616495,92.93929933057808,95.34419250488281,11660000
2024-06-06,94.39245535592819,95.59637305825439,93.63105086446852,94.40913391113281,8045000
2024-06-07,95.39717835885075,95.39717835885075,93.7487788342737,94.46112823486328,5813000
2024-06-10,93.72820042436021,98.95303552775182,93.70563047339364,98.42024993896484,10591000
2024-06-11,98.02481113661048,98.21712355003193,96.11247416423875,98.09447479248047,7123000
2024-06-12,99.23365552314678,102.13208627911925,98.70381190670152,101.81124114990234,15063000
2024-06-13,100.78490710638023,102.51474574533603,100.27174210491295,101.89659118652344,9582000
2024-06-14,100.57198384363505,102.24687603955901,100.38065207624602,101.64933013916016,6205000
2024-06-17,101.06259057992939,105.31997180264193,101.06259057992939,105.1541519165039,10497000
2024-06-18,105.282926968389,108.3106448620085,105.05093307783773,107.10840606689453,11927000
2024-06-20,107.33843465430482,107.48293490566599,103.2392234441283,104.32939147949219,14615000
2024-06-21,104.19767434485584,104.64986482248848,102.10776430046208,103.25200653076172,16514000
2024-06-24,103.01312474614197,103.90964579740896,100.47200678272169,100.70301818847656,10415000
2024-06-25,100.73445605632261,103.6619075252184,99.52632255295494,103.50265502929688,8646000
2024-06-26,103.5714842786603,105.09714055198366,102.45771409977341,103.7838134765625,8787000
2024-06-27,105.79803141128588,106.63458337578693,103.02590210775205,103.79069519042969,9148000
2024-06-28,104.69703298563313,106.82724712731732,103.50953908132071,104.67737579345703,12237000
2024-07-01,104.42277785729756,105.37238306030396,102.2837211886312,104.2625503540039,6145000
2024-07-02,103.11143260327526,105.5198477922377,102.87747372775347,105.46086120605469,5504000
2024-07-03,105.1836519117878,107.26668466950474,104.29008574287772,106.43602752685547,4308000
2024-07-05,107.18508448701247,107.58910319967816,105.6830228620773,106.93342590332031,5599000
2024-07-08,106.99142789510584,108.70877375637738,106.6817801982274,108.2909927368164,7275000
2024-07-09,108.73236167598526,109.96900241738155,108.15631064701309,109.36640930175781,6242000
2024-07-10,109.71243793424775,111.03263486261979,108.7962597103585,110.81637573242188,7749000
2024-07-11,111.05918081176561,111.08179296020413,104.15048322446893,104.1947250366211,13516000
2024-07-12,103.90472917287137,107.48392109881348,103.46531849559418,105.16595458984375,9459000
2024-07-15,105.1659548051257,106.35443135410156,104.45522833910965,105.09616088867188,7911000
2024-07-16,105.73609413481114,106.3966913208601,104.47782378027605,105.77246856689453,6284000
2024-07-17,100.18496714333618,100.18496714333618,95.07717144110221,95.12533569335938,21142000
2024-07-18,96.74732594503281,96.74732594503281,91.94820305324087,93.64293670654297,16199000
2024-07-19,94.32516027577867,95.05849140771379,89.99591988746062,90.15418243408203,14103000
2024-07-22,92.60091297090283,96.45732250045315,91.49796526568005,96.04740142822266,13319000
2024-07-23,94.73997825838659,96.06902493690845,93.97813269382199,94.33988952636719,6710000
2024-07-24,93.38733731974447,93.60753387091343,89.33629076930812,89.44245910644531,13159000
2024-07-25,89.54569283314018,90.20824755089986,86.69884951353224,86.91118621826172,19318000
2024-07-26,89.26847980125702,89.32352895013055,87.39483627005376,87.94532775878906,11679000
2024-07-29,89.37562493620035,91.55204614708518,87.56686301737531,87.71923065185547,8251000
2024-07-30,88.47222458975472,88.9706218415525,83.90214063736677,84.03485107421875,13399000
2024-07-31,87.83325292572064,90.90422254042826,86.55532535230513,90.56016540527344,19419000
2024-08-01,84.02404493823157,86.49143933489296,79.87567900038243,81.62349700927734,28880000
2024-08-02,78.6419718274369,79.17575349122687,74.51327130644961,75.0047836303711,27073000
2024-08-05,72.81067968685501,78.03742372633303,70.77778367573623,75.73124694824219,23639000
2024-08-06,76.1883425237967,78.14849697270863,75.2859265889071,75.70960998535156,12832000
2024-08-07,78.4443925309546,78.9624394742763,73.07412354950463,73.53516387939453,12823000
2024-08-08,76.69558641882826,78.75797189001646,74.70987975681945,78.55645751953125,14911000
2024-08-09,79.42840381976164,80.24824611179345,77.81230637008555,79.41857147216797,12528000
2024-08-12,79.3733490479222,80.85476348026452,78.46699566108948,79.71248626708984,7256000
2024-08-13,80.11652014077302,82.794278700585,79.8943585788787,82.64878845214844,15018000
2024-08-14,83.43520220616816,84.21474005747991,81.3207151593389,83.0980224609375,8602000
2024-08-15,84.99919255136193,87.99053574700193,84.4093717800535,87.4990234375,12064000
2024-08-16,85.67453764891796,86.64478258865248,84.54012775737274,85.63521575927734,11232000
2024-08-19,85.03163361833617,86.69884261206833,83.3703195326512,86.63199615478516,10306000
2024-08-20,86.57007411552597,86.70769697593589,84.17247389044978,84.82127380371094,9951000
2024-08-21,85.47399275313683,86.21027877695893,84.58337413483139,85.85049438476562,8452000
2024-08-22,86.0136833220641,86.21126775728669,81.59105442247358,82.1533432006836,13665000
2024-08-23,83.6554133560625,84.74362408655279,82.11108215446508,83.29857635498047,10671000
2024-08-26,82.67236298815465,82.90828677971146,80.12043060151593,80.50086212158203,11154000
2024-08-27,79.69087064032607,81.47801045869446,78.58300280047722,80.65128326416016,8911000
2024-08-28,80.60114744850316,80.76039998357871,78.58595113988504,79.1443099975586,11739000
2024-08-29,80.45073495340503,81.29220682628556,78.02660027036197,78.37852478027344,12437000
2024-08-30,80.96092945149414,80.97862167548277,78.94081346675087,80.70730590820312,12427000
2024-09-03,79.18853480284012,79.29568563148203,74.8583123464371,75.27216339111328,16690000
2024-09-04,73.97554764373355,75.97010387125752,73.01611768655354,75.14633178710938,9434000
2024-09-05,73.75142346526819,75.59459462401423,73.49878241850094,74.30879974365234,8197000
2024-09-06,73.9745673315615,74.35499887798028,71.77848919918856,72.13729858398438,15530000
2024-09-09,73.02790782329245,73.15275085361763,71.07267367143415,72.1844711303711,11506000
2024-09-10,72.60030338137419,72.76840576695626,70.44551939372361,71.91415405273438,13518000
2024-09-11,71.95741294885913,75.60444158659996,71.01469251793948,75.38325500488281,22202000
2024-09-12,75.23481716512094,75.25055192192339,73.08691036332678,73.50862884521484,15067000
2024-09-13,74.29602361528124,75.943567916545,74.12006135997684,75.66537475585938,8713000
2024-09-16,73.87038194601872,74.77378043645616,73.23534429394277,74.55947875976562,12521000
2024-09-17,76.17555109569092,76.5147419096998,74.64131240919352,75.53266906738281,11458000
2024-09-18,76.8795682135014,76.90914745119754,74.21436756118916,74.52989196777344,11523000
2024-09-19,78.46705884331155,78.9452766185799,77.21580131966581,77.803466796875,15943000
2024-09-20,76.539391156182,76.9091466690138,75.08502097691597,76.2376708984375,29262000
2024-09-23,76.614326383346,77.48793699198596,76.23865802397063,77.31143951416016,7389000
2024-09-24,78.48675886442965,78.68298082060258,77.04717848400352,77.99967193603516,9895000
2024-09-25,77.79656062150174,80.14524382393674,77.72458347487141,79.25093078613281,11680000
2024-09-26,85.05165634969535,85.11180029549584,81.34621004087735,83.56474304199219,20680000
2024-09-27,84.18691636999525,84.18691636999525,80.93011601170365,81.55524444580078,13895000
2024-09-30,81.00997143202093,81.93682757793697,79.28938074234237,80.46668243408203,10983000
2024-10-01,80.60768899822651,81.03561752195476,77.58653694106052,78.62284088134766,14368000
2024-10-02,79.275593213972,81.8757153233494,78.87822936096572,80.27047729492188,14324000
2024-10-03,78.81215693065502,80.97153157636549,78.76285318553927,79.97565460205078,6725800
2024-10-04,81.80964432593429,81.92796128041817,79.36432445642903,80.39964294433594,7574100
2024-10-07,79.45307151753646,80.28132030870454,78.94033962735995,79.48265075683594,7542700
2024-10-08,79.57138263716914,80.46865961780362,78.68397543250462,79.8770523071289,6913500
2024-10-09,79.63055011712311,82.29278682608705,79.59110862598425,81.70117950439453,9078600
2024-10-10,80.39965199040041,81.78992902087971,79.88692005429593,80.9123764038086,7159500
2024-10-11,80.35033656918095,82.56886966551124,80.14327438291356,81.73075866699219,6530300
2024-10-14,82.59844853268655,85.09307205554616,82.58859380197651,84.50145721435547,8155000
2024-10-15,84.60007356798849,85.34943940601535,74.84838771493679,75.2920913696289,25611300
2024-10-16,76.07104070752568,76.41614437111417,72.83691347841823,73.10313415527344,20469200
2024-10-17,75.39068753278748,75.52872899716294,72.0086566101977,72.11711883544922,20940600
2024-10-18,73.19187939642073,73.19187939642073,71.43676679372639,71.8213119506836,18493400
2024-10-21,71.60439502120941,72.0776778962203,71.07194614480044,71.8213119506836,12374900
2024-10-22,71.65369351165153,72.38334987796715,70.43103726940032,71.97908020019531,13307000
2024-10-23,71.35789640157452,72.44251121681896,70.55921926884587,71.8410415649414,20569100
2024-10-24,75.11460037545807,76.39642249843631,73.40879162928195,75.4991455078125,23196200
2024-10-25,76.386565729913,78.48677448993642,76.00202056994668,76.5936279296875,14591100
2024-10-28,76.09075239132704,76.93872563288899,74.12858524989653,74.39480590820312,10175800
2024-10-29,74.78921783232803,77.63879987894411,74.38495569366019,77.21481323242188,12540800
2024-10-30,75.78509853849599,76.12033996140978,74.78922147877074,75.38082885742188,11076800
2024-10-31,75.03571394438498,75.03571394438498,72.42277359701225,73.31018829345703,13044900
2024-11-01,73.32005735308495,74.41453432652389,73.02424991924367,73.75390625,10317500
2024-11-04,73.38907926313733,73.93139039298983,72.72845117600477,73.1327133178711,7773000
2024-11-05,73.47782262418256,75.71608052544,73.47782262418256,75.33153533935547,8004900
2024-11-06,76.59362972656287,76.99789188150301,74.17789648315855,75.70621490478516,15034800
2024-11-07,76.96830780752501,78.35859219478122,76.26823824839221,78.10222625732422,11523600
2024-11-08,77.72754020266903,78.25012678732308,76.38655961581952,77.1063461303711,7527100
2024-11-11,76.3471091749846,76.80067497873263,73.80318975498137,75.10472869873047,10306200
2024-11-12,75.35124345087357,75.59774713203139,73.6158629518632,74.64131164550781,9672300
2024-11-13,73.45810320747604,74.02013134721601,72.48195065375842,72.81719207763672,11618100
2024-11-14,74.3948072430163,74.58215244614225,73.45809627277713,73.7440414428711,9993900
2024-11-15,70.64795746403806,71.69313067878625,69.01116938848592,69.0703353881836,14577400
2024-11-18,68.91257843733896,69.80985557700176,68.66607472064432,69.58306884765625,11514900
2024-11-19,69.0703274687412,69.53374802328291,68.5871748863021,69.18864440917969,7445900
2024-11-20,69.0308938959503,69.2379560881535,67.90683769673552,69.0703353881836,8816900
2024-11-21,70.1944054339826,72.42279376452079,69.83943945655763,72.10726928710938,14509000
2024-11-22,71.59453574965096,72.24530161057417,70.5986586880652,71.62411499023438,8666500
2024-11-25,72.97494558455733,72.99466256736405,70.63808818049019,72.67913818359375,16714200
2024-11-26,73.07354752915026,73.42851341087194,70.9930559812184,71.67340850830078,7385200
2024-11-27,71.7128572781294,71.8508987436249,69.43515805206235,70.56907653808594,7846700
2024-11-29,72.81718437335616,74.7103307992642,72.62984669506106,72.84676361083984,10736500
2024-12-02,72.84675767180508,77.75711380653726,72.82704068932183,77.4120101928711,20059300
2024-12-03,76.61334355282465,77.5993583090911,75.9625777254905,77.24439239501953,9884600
2024-12-04,78.42761744425647,78.71356263660839,76.52460859513191,77.16551971435547,9380400
2024-12-05,76.79082243200882,76.79082243200882,73.6059991511026,74.15816497802734,12921600
2024-12-06,74.08914160277372,75.61746734830515,73.64543801094584,75.51885986328125,8330000
2024-12-09,75.40055387423477,77.15565903589273,74.61173901558814,76.3668441772461,10742200
2024-12-10,77.04719907517647,77.15566130950393,73.37922266296545,74.07929229736328,10620100
2024-12-11,75.48372038100433,77.85742379842866,74.60347319368624,77.37279510498047,14116900
2024-12-12,76.40353015447958,76.51232542891333,74.1287294746042,74.7518310546875,8641500
2024-12-13,75.54306534449391,76.47276773266672,74.61337050211672,75.42438507080078,10818700
2024-12-16,75.43427650835051,77.27389636573142,74.4946890476199,76.97718811035156,12749600
2024-12-17,77.03653031220095,77.87721504361792,76.57167906596663,76.95740509033203,14167900
2024-12-18,77.18489223633196,78.44097312927926,73.80236805614611,74.37600708007812,15804700
2024-12-19,71.95285222148665,72.11110266622414,69.39123540011984,70.42972564697266,17426400
2024-12-20,69.76706139302219,72.66495632525454,69.5296932972115,71.00336456298828,29404500
2024-12-23,71.5572244627461,73.17925358394666,71.21106109159884,72.99134063720703,10406700
2024-12-24,73.25837944545883,73.35728218869242,72.42758734734184,73.02101135253906,5611700
2024-12-26,72.44736328571088,73.74300654893048,72.20010266016239,73.17925262451172,6297400
2024-12-27,72.49682326552531,72.95178194139017,71.84405154854794,72.5957260131836,5444100
2024-12-30,71.21106288619514,71.79459436286395,70.48905851178219,71.35942077636719,10381700
2024-12-31,71.60668064607745,72.00229916704276,70.75610346703051,71.43854522705078,7195200
2025-01-02,71.91327838594405,73.11001889074488,70.95390596540409,71.646240234375,8075100
2025-01-03,72.37813486155655,74.45512272894044,72.17043682939776,74.2869873046875,8980100
2025-01-06,76.33430462543242,79.27176221836605,76.15627666386688,77.12554168701172,15164600
2025-01-07,77.99589899295789,79.26187229664113,76.04748388977825,76.67057800292969,10896600
2025-01-08,76.57167238059176,76.89805823295738,75.4046018702083,76.19583892822266,8690800
2025-01-10,75.18700700687153,75.39471257072678,73.5056377868848,73.83202362060547,11957600
2025-01-13,72.36825052471035,73.76280431470344,71.76493389091434,73.63422393798828,8321800
2025-01-14,74.21776366526706,74.30677388454764,72.78364725077313,74.23754119873047,9033100
2025-01-15,75.02876666659459,76.42331270519495,74.6232556087334,75.31558990478516,11085800
2025-01-16,78.02558094360283,81.92241174330333,77.45193434496521,78.35196685791016,19156600
2025-01-17,80.517958079724,80.91356906535849,78.72778592280572,79.42012023925781,10351000
2025-01-21,79.93441490648155,81.52677394228307,79.04427514333233,80.60696411132812,10978300
2025-01-22,81.52678441626855,84.25654419202795,81.51689187713058,82.33779907226562,14716600
2025-01-23,79.86517635659843,80.49816290919766,78.5794181771216,80.33992004394531,11383300
2025-01-24,80.80477020779252,80.80477020779252,78.11458091376356,78.8069076538086,9091900
2025-01-27,75.94858550799887,75.98814811923869,72.6056240890974,74.8012924194336,19881300
2025-01-28,74.28698172165507,74.84084309911978,72.7935254550823,73.69355773925781,13597700
2025-01-29,76.60133108509528,76.64089368670604,73.65398895014417,74.3265380859375,14558900
2025-01-30,78.87614059348995,81.19049645726064,76.73980513850572,79.84540557861328,24878500
2025-01-31,80.20146607703822,83.2971744475731,79.96409795027854,80.16191101074219,18832500
2025-02-03,78.10469194618075,80.66630854724077,77.63984073698865,79.31132507324219,14537700
2025-02-04,78.134353431041,79.69704231065263,78.10468336491338,79.03438568115234,9538800
2025-02-05,78.23326751963396,81.21028783443751,77.75853130111012,81.04215240478516,10738000
2025-02-06,80.26080953690693,82.14987700351797,80.04321895476616,81.92240142822266,9903200
2025-02-07,82.27844886683329,82.59494216837564,80.89378784291219,81.42787170410156,9833600
2025-02-10,82.63451779458646,83.74224075162509,81.65536012189403,82.81254577636719,13613100
2025-02-11,82.14986611436876,83.57408970265429,82.07074845063813,82.3476791381836,8903400
2025-02-12,80.38937001813574,81.2399471382105,79.6080255684952,80.67619323730469,7973000
2025-02-13,80.68609830331987,82.74330875250716,80.55751793412297,82.38725280761719,7845900
2025-02-14,81.74436660431498,82.69384652751096,80.82455674968828,81.84326934814453,9149500
2025-02-18,83.97961767226387,85.85879272967345,82.45649103790906,85.63131713867188,16205500
2025-02-19,85.35437209544178,88.81602089926486,84.81039569366564,86.69947052001953,15588000
2025-02-20,88.99405848062352,90.71499053071699,87.58961222205886,88.04457092285156,16888400
2025-02-21,88.65777516609853,89.2314216663629,84.78073011165597,85.07743835449219,12860900
2025-02-24,85.50272656385005,85.75987974308543,82.30812331060156,82.42680358886719,11728700
2025-02-25,82.14986937750052,82.78285598726066,79.05416900333626,79.41022491455078,19088100
2025-02-26,80.79489042959896,82.02130111073532,79.7662852452989,80.40916442871094,12427500
2025-02-27,80.75531332874102,81.2696120556971,75.20678487072527,75.33535766601562,14830200
2025-02-28,75.90902431434617,77.32335562294696,74.54414815716785,75.89913177490234,22608300
2025-03-03,77.08598160487173,78.87614627174499,73.7331278403697,74.94964599609375,14787100
2025-03-04,75.19689832520767,77.61016438394194,73.26826851321613,75.60240936279297,15417700
2025-03-05,76.14802562448936,78.77689975791408,74.91790619457605,78.41976928710938,15404800
2025-03-06,76.51507045045642,77.94359232490969,75.25519898570327,75.86033630371094,13195500
2025-03-07,76.0389034825146,78.85625773076795,74.73934241182887,78.38008880615234,14160300
2025-03-10,76.28691105995648,76.76307998907684,72.1203913030257,73.22154235839844,16652700
2025-03-11,73.4893921700148,74.78894565200325,71.87238265177487,72.77513122558594,12617500
2025-03-12,74.70958383853286,77.0408543697139,74.57070060287553,75.97937774658203,12702100
2025-03-13,75.50320251102957,76.65395030590145,73.95564226088294,74.65998077392578,9746200
2025-03-14,76.14803161603355,78.44953507088141,75.90993957105103,78.0626449584961,11862000
2025-03-17,76.49523900580476,78.50905356389931,76.49523900580476,77.6856689453125,9555200
2025-03-18,76.86228636926484,77.21940927058655,75.56272532716575,76.74324035644531,8094700
2025-03-19,76.75316760370266,78.8463461579374,76.24723147793365,77.30870056152344,8907200
2025-03-20,76.07858796078189,77.47734273694985,75.83058109698335,76.93173217773438,10689100
2025-03-21,75.39408721895278,75.76114010509826,74.66990384049515,75.23535919189453,20062000
2025-03-24,77.12020300479209,78.15191234277263,76.76307255823852,77.36820983886719,7954800
2025-03-25,77.22933887221744,77.74519740734941,76.85237114928955,77.05077362060547,6437300
2025-03-26,77.1301391447663,77.2392627766946,74.53102433571753,75.53297424316406,7325600
2025-03-27,75.28496882186417,75.46353408042356,73.75724551387147,74.21357727050781,8441800
2025-03-28,74.03500475970816,74.69966889336322,71.6541449702305,72.03111267089844,9541500
2025-03-31,71.02916317564186,72.26919747538619,69.87841528113485,72.12039184570312,11778100
2025-04-01,71.46565655740558,72.26919634917591,70.18594027178369,72.24935913085938,9066200
2025-04-02,71.14820607583201,74.20365227298798,70.98947805950621,73.19178009033203,7641400
2025-04-03,69.66017262083918,69.98754351398699,64.59091146416557,64.70003509521484,19479400
2025-04-04,62.01163628870578,62.56717304145171,57.507834392562195,58.61890411376953,26250900
2025-04-07,57.458229060671755,65.57301404184872,55.87098662750354,61.70410919189453,28191400
2025-04-08,64.13457557443081,65.58293473006408,58.27169354948605,59.7696533203125,19560800
2025-04-09,60.206147127067496,71.29701857464191,59.44228550411424,70.54307556152344,29544700
2025-04-10,67.4578657702042,67.4578657702042,62.76557644353794,65.90038299560547,20011800
2025-04-11,65.16627910574218,67.4181778622251,64.065128140704,66.94200897216797,14706200
2025-04-14,68.09275748694557,68.80701839818673,66.37655438997214,67.31897735595703,9945000
2025-04-15,67.54714772918567,68.98559212162749,67.40826448695942,67.89436340332031,10674200
2025-04-16,64.71986773368252,66.28727289728114,62.44812778381742,64.62066650390625,17845300
2025-04-17,64.81906838810667,64.85875039337868,62.97390055436958,63.25166702270508,13847700
2025-04-21,61.862829957731655,62.1703560332111,60.65255530529597,61.8925895690918,14302900
2025-04-22,62.46797130886418,63.509595616425145,62.06124019550416,62.97390365600586,10857300
2025-04-23,66.27734685579246,67.46778425329147,65.8110927760813,66.19799041748047,18214700
2025-04-24,69.1145577248327,70.64228106299625,67.01146415867655,70.33475494384766,18159400
2025-04-25,69.76928735707622,71.71366011100665,69.72960535370194,70.85059356689453,9751500
2025-04-28,70.38434515822738,71.36645779158285,69.48160410658303,70.99940490722656,10255000
2025-04-29,70.32483254912911,71.08869800249568,69.66017590580881,70.33475494384766,8583800
2025-04-30,68.34077465364456,71.26725278479478,67.98364414406137,71.0986099243164,11233900
2025-05-01,71.6045361217007,72.94377156220698,70.83075598134455,71.15812683105469,14147600
2025-05-02,73.65803635736323,74.88814824601762,73.10250342091969,73.9258804321289,13339400
2025-05-05,73.29099544904992,74.30286782682654,73.19179420400138,73.32076263427734,6960800
2025-05-06,72.01126593227006,73.29098219714639,72.01126593227006,72.57672882080078,6892700
2025-05-07,72.85450620025114,74.69967806155988,72.32873280606836,74.46158599853516,9984700
2025-05-08,75.49328634068767,75.81073481735896,74.22349243400251,74.3028564453125,10469400
2025-05-09,75.08656431368371,75.69170169752785,74.05485479972927,74.75919342041016,7037000
2025-05-12,80.02684843369497,81.89186478706534,80.02684843369497,81.59425354003906,17456900
2025-05-13,81.70337682332477,85.09610869634153,81.5942532044352,84.5703353881836,11920200
2025-05-14,84.46121486829477,85.35404106989202,83.65767507114158,84.29257202148438,8654500
2025-05-15,83.55848068695737,84.58026781360341,82.83429727284465,84.114013671875,9058000
2025-05-16,83.73704449413566,83.78664132774907,81.87202795946716,83.75688171386719,10100400
2025-05-19,82.04066755284607,83.77671560019165,81.88194709560172,83.15174102783203,9222300
2025-05-20,82.86405322067166,83.67751544197952,82.38788427426017,83.61799621582031,6913300
2025-05-21,82.54659351126469,84.10407612209731,81.574410962845,82.12994384765625,8082700
2025-05-22,81.98115081951833,83.15174355548356,81.39585823582026,81.90178680419922,6241600
2025-05-23,79.4812414161259,80.74111293790436,79.14394815002719,80.41374206542969,8276700
2025-05-27,82.37796384358731,83.44935535139973,81.65378044425972,83.27079010009766,9530200
2025-05-28,83.31046978771892,84.35209408416303,82.9136572882583,83.33030700683594,9464100
2025-05-29,85.16555785885554,85.57229275959342,82.94341841725632,83.4890365600586,8238500
2025-05-30,83.00294108433941,83.14182433215984,78.85626573288948,80.14590454101562,19191600
2025-06-02,79.93757220959691,81.87202267269592,79.78876658122729,81.82242584228516,8246300
2025-06-03,81.41569902616966,83.34023485493641,81.29665299796976,82.99302673339844,8920700
2025-06-04,83.53862904794212,84.3620136320464,82.82436808672244,84.09416198730469,7992200
2025-06-05,84.81834768221323,85.65164711424823,83.66759219770523,84.2330551147461,10907700
2025-06-06,85.57228885155381,86.88176476590714,85.17547636296246,85.66156768798828,7877800
2025-06-09,86.40559364902555,88.61781830196188,86.3262296326491,87.59603118896484,14496200
2025-06-10,88.08211822869771,90.64155086717034,87.63570133487919,90.27449798583984,11118900
2025-06-11,90.66138615340836,91.25660109724289,89.15350779112295,90.22489166259766,10646500
2025-06-12,89.89753547880801,91.16732947778262,89.76856705891359,90.92924499511719,5989700
2025-06-13,88.06226912155279,90.50266319015299,87.47697658744394,88.80628967285156,10979000
2025-06-16,90.22488913519756,92.83392604491647,90.13561030197917,92.665283203125,11642100
2025-06-17,92.59584371563761,94.26245022735365,91.81214864675896,91.92127227783203,10229500
2025-06-18,92.5378466441143,93.08481483734808,91.2947267675808,91.7322998046875,9373900
2025-06-20,92.53785834794621,92.9157641067439,87.26702636984902,89.991943359375,22925200
2025-06-23,90.86710463339193,92.24945350263567,89.79304710426076,91.10578155517578,12551300
2025-06-24,92.7168685435744,95.24288179180222,92.7168685435744,95.10365295410156,12838800
2025-06-25,95.7202382688123,96.83407650013235,94.79535670204352,95.49150085449219,8690500
2025-06-26,95.75007623020299,96.39650016499469,95.31249555051583,96.30699157714844,9477500
2025-06-27,96.50589312974579,97.48049496463055,95.85946920972495,96.66500854492188,10781000
2025-06-30,97.01308820342996,97.13242286794572,96.31693644834448,96.80423736572266,8218300
2025-07-01,96.0583626864175,96.7843480874038,93.96992265415595,96.27715301513672,9760300
2025-07-02,95.32243244923502,98.40536828487745,94.67600858351926,98.2860336303711,11023000
2025-07-03,98.28603033611903,98.95234075945255,98.11696785630033,98.2661361694336,5028900
2025-07-07,97.81862094751472,98.37553624413633,97.172197071135,97.5998306274414,7239600
2025-07-08,98.28603688363411,99.7380000649346,97.67939374514118,99.28053283691406,9570200
2025-07-09,99.25069587970293,100.53358893996092,98.36559511763875,99.26063537597656,7323000
2025-07-10,100.36453246132285,101.09051786504021,99.628607560737,100.5037612915039,6569800
2025-07-11,99.7777786411322,101.46841868993769,99.71810372580133,101.17007446289062,6203800
2025-07-14,100.0164538753741,100.44408742235146,98.23630527690561,99.07168579101562,12938100
2025-07-15,100.98112435412236,101.62754826906553,100.05624277425657,100.51371002197266,9190600
2025-07-16,97.18214258133258,99.86727853216641,95.66056503669996,99.81755828857422,15369700
2025-07-17,98.91257088427851,100.82200137625141,97.71917872364604,100.2352523803711,9745900
2025-07-18,100.68277421103512,101.17008272023511,99.80762045123916,100.10597229003906,8115500
2025-07-21,100.32475600711284,102.02534329490932,100.17558767367655,101.18002319335938,7026700
2025-07-22,100.44409244804764,100.56343469529224,96.50588933780055,97.15231323242188,14170100
2025-07-23,97.71917838085362,97.83851304405687,95.8694152271805,96.56555938720703,12013900
2025-07-24,97.03297041876056,98.07719421069963,96.49594169039777,97.24181365966797,9076600
2025-07-25,96.16775948376538,96.79429681526435,95.78985373790738,96.42633056640625,8914400
2025-07-28,98.4352133661206,98.98218159116186,97.38104249008464,98.07719421386719,8156100
2025-07-29,98.8429516601733,99.66838511795173,97.49043656396346,98.39543151855469,7283700
2025-07-30,98.97223500848753,100.09602030385459,97.41087664835115,98.54460144042969,12529400
2025-07-31,90.5190189019852,95.10364588261434,90.43946499164481,94.3179931640625,27661800
2025-08-01,92.19971792927066,96.12798145503774,91.9610410275158,95.8395767211914,16601000
2025-08-04,96.89373782752544,98.26613946620513,96.10808513992563,97.86834716796875,11876700
2025-08-05,98.2363129930167,98.80317540563713,95.09370959999532,96.14787292480469,12100100
2025-08-06,95.76996832654473,95.93903082643597,93.75113506276416,95.41194915771484,10631900
2025-08-07,98.05729514992478,99.63854759132876,97.43076545846377,98.6042709350586,9572300
2025-08-08,98.6042763066017,101.6673256954097,98.44515331047565,101.1899642944336,8765100
2025-08-11,103.32813490233464,103.57675889989203,101.15018625576312,101.43859100341797,8637000
2025-08-12,102.08500942370142,105.05855015007742,100.83194241893823,104.70053100585938,11885800
2025-08-13,105.91382704489614,106.89837598872809,104.869603179915,106.15250396728516,12118600
2025-08-14,105.61547298406379,107.4254554146037,105.00882981236721,106.78897857666016,11163800
2025-08-15,104.10383784669462,105.30717705301255,98.7136715411509,98.96229553222656,23155700
2025-08-18,98.45509663707112,99.25069641253343,97.8584005991753,98.33575439453125,15119300
2025-08-19,98.2860422436114,100.07613050469566,97.65950490293989,99.77778625488281,11622900
2025-08-20,100.43413976641236,100.46397342971026,96.78434159986972,98.6042709350586,14287700
2025-08-21,98.21641922262646,99.30041613390354,96.60533310012285,97.86834716796875,10706500
2025-08-22,98.50482234912933,101.98555801394093,98.04734755626923,99.5291519165039,9689700
2025-08-25,99.42971677664744,101.18997141764216,99.35015527298373,100.7225570678711,5438500
2025-08-26,100.74245367046547,103.41764290599215,100.54354990650256,103.05962371826172,11781100
2025-08-27,102.60214776520223,103.2087909160305,101.80655553884209,103.09939575195312,7214700
2025-08-28,103.42758121871537,104.322629112127,102.39330449603997,103.51708221435547,7375200
2025-08-29,101.34908512457088,102.1247907456022,98.26614163343342,99.59877014160156,12178800
2025-09-02,95.24287413612308,96.73461806649658,93.59201479862544,96.49594116210938,14695200
2025-09-03,96.49593519430063,97.32136860570135,95.9091862599276,97.2020263671875,11023300
2025-09-04,97.12248318002604,100.5534913513558,96.62523517911433,99.8672866821289,8822400
2025-09-05,101.14023425959583,102.44302910296098,100.12585173728131,102.38335418701172,8142000
2025-09-08,104.43202425893858,105.78453938933686,103.90494260718378,104.49169158935547,7972700
2025-09-09,104.3325815765763,105.23756901345953,103.88505381309122,104.98894500732422,7264300
2025-09-10,106.11271017556047,107.18676757542498,104.03421737318345,106.76908111572266,12279400
2025-09-11,107.75363120104359,115.26207841712892,107.69396387393036,114.94384002685547,20296100
2025-09-12,115.28197689016842,116.85328242373654,115.24219613885502,116.31625366210938,11060500
2025-09-15,117.15162061573281,118.67319813603191,116.38585452012241,118.5538558959961,9785700
2025-09-16,119.31963724025118,120.3041861873135,118.01684227908922,119.80693817138672,9897200
2025-09-17,120.15499986955786,122.60145898576813,118.85221260851223,121.22905731201172,10996100
2025-09-18,125.85347038701681,127.9916306924954,124.35177931982112,125.6247329711914,13763900
2025-09-19,125.66451259683953,127.09658923551873,124.31199745750965,126.22142791748047,24271900
2025-09-22,129.08558203618887,131.9000074979472,128.4491052120502,131.4723663330078,13403700
2025-09-23,129.0358482964237,132.83483007352675,128.64799548657112,131.20384216308594,12051100
2025-09-24,129.53976774107625,129.76894922666742,126.57031433550083,127.86572265625,12435900
2025-09-25,125.99237220490419,128.60309186328675,124.57739359352314,127.6763916015625,9621700
2025-09-26,127.48706793568905,128.3041570568186,125.9226263698486,127.87568664550781,8789000
2025-09-29,132.60886057327465,132.88786807683334,130.56611511847333,130.6259002685547,11015500
2025-09-30,130.88498899981192,133.73486437880746,130.3468922417029,133.4259490966797,10328800
2025-10-01,131.94124271758804,142.5834258373258,131.47290540603112,142.28448486328125,15549100
2025-10-02,146.44968629923665,146.8283458584517,143.2012330849891,146.46961975097656,16417100
2025-10-03,145.30376705309365,147.38636426725688,144.08808494999658,145.29379272460938,8970300
2025-10-06,149.36930830276782,153.15585833946386,148.59207092528644,148.62196350097656,11217100
2025-10-07,148.70168653274908,148.8312311677768,139.00613727277886,139.85313415527344,16549800
2025-10-08,137.4217566832659,142.3741624575444,137.12281574143321,142.0353546142578,13695700
2025-10-09,141.24816878298495,142.35423970757157,140.08231270649134,140.50082397460938,8102500
2025-10-10,140.10224129655026,141.29798990749964,130.55615545095188,130.9049072265625,18749000
2025-10-13,137.6011205452875,138.4082504942863,136.09647182584337,137.32211303710938,10048100
2025-10-14,133.62524126871259,140.42108797799813,133.56544091944338,137.82032775878906,10509700
2025-10-15,143.49020341047324,144.70588551686015,140.60047622925327,144.26744079589844,9722700
2025-10-16,147.057528676698,147.057528676698,139.87304733824746,141.865966796875,11650300
2025-10-17,141.75636277907228,142.1449814849444,139.3250136887365,141.00901794433594,6389800
2025-10-20,142.982024000143,145.96142910910697,142.92222363937327,143.5400390625,8919400
2025-10-21,143.47027484154165,144.92511281018147,141.9656260477264,144.52651977539062,8855600
2025-10-22,144.3870109517622,145.23400781682108,136.3754812929944,140.74993896484375,16927800
2025-10-23,137.51145003904674,147.93442605819197,136.88367551029873,147.01766967773438,13336600
2025-10-24,149.37928258682373,152.6676027546826,147.47604084301594,151.14300537109375,10966400
2025-10-27,155.58722426435605,157.68975493839204,155.18864644752523,156.3445281982422,13313100
2025-10-28,154.96942442725484,155.57726548235695,153.73380886473458,155.06906127929688,7939700
2025-10-29,157.68976536679358,162.51262721133142,157.53032814760968,160.1011962890625,12783300
2025-10-30,161.79515773331482,164.6350739797027,159.73249404664543,160.43997192382812,10440600
2025-10-31,161.97453380123122,163.4791825351306,156.04560138833295,156.90255737304688,9652100
2025-11-03,159.42359951745195,161.66563393584312,158.437098899643,160.66917419433594,7302400
2025-11-04,155.07902223985815,160.51968348592746,154.61068498180134,155.22848510742188,11211100
2025-11-05,157.01216839208493,166.32905783003457,156.44417904249505,164.46568298339844,11130200
2025-11-06,162.81156290445972,164.62512700300022,159.6228946482689,161.61581420898438,9640100
2025-11-07,159.26416985433195,159.38374016345102,152.65763658964838,158.78587341308594,11609300
2025-11-10,163.97741612160212,166.55824325792057,163.12046011746605,165.781005859375,10030600
2025-11-11,163.58879468463684,164.03719852940603,157.15167323981743,158.616455078125,9144600
2025-11-12,160.73891482370632,161.58591166668253,157.91893199463462,160.84852600097656,8950000
2025-11-13,158.3274947809322,159.74246585240462,151.19283906440677,152.7772216796875,13693700
2025-11-14,146.98776265813768,152.40850577720855,144.85533954046463,147.735107421875,15076100
2025-11-17,146.78847968203513,153.26546789564037,145.42333472407816,146.93795776367188,10487800
2025-11-18,144.73578892165511,146.91803836122335,141.99552441539313,142.73291015625,12706700
2025-11-19,146.2503966132973,149.8675350391439,144.99484764147064,148.27320861816406,9818300
2025-11-20,152.91671671844276,153.82348351630336,137.8103835760772,139.09580993652344,13695500
2025-11-21,139.30507266018463,143.89875260274346,135.02029279975525,142.1449737548828,14654600
2025-11-24,145.0845492274059,152.01990074221757,143.9186779112181,149.84762573242188,23096000
2025-11-25,149.02055652937446,152.25905067071426,144.9848915584434,151.39212036132812,9691500
2025-11-26,152.42845856991508,156.41429781561118,151.96012124216418,154.5907745361328,8398100
2025-11-28,155.64699702242908,155.64699702242908,153.28539247598158,155.4477081298828,4919200
2025-12-01,154.3018047540117,156.23492397699303,152.70746300613436,154.24200439453125,7416700
2025-12-02,155.29826213902675,158.88550820901474,155.10893234886322,157.62997436523438,10711900
2025-12-03,156.59193558070126,159.7958438381238,152.85903544981085,159.44650268554688,9964300
2025-12-04,156.75164763243626,158.2188562213528,154.62568922200592,156.79156494140625,8834700
2025-12-05,158.70792244867275,160.74405557946264,157.58007947142136,158.3985137939453,7834100
2025-12-08,161.67226601067506,164.30724992751126,160.5444231417833,162.4308319091797,10170500
2025-12-09,160.4446104384438,166.04395328439892,160.4446104384438,165.4949951171875,8127000
2025-12-10,164.77636225363224,169.36762937396378,162.23120363757457,167.94033813476562,9259600
2025-12-11,165.34528711398698,168.82864715606894,160.01543556166496,168.38949584960938,10000000
2025-12-12,166.5230430720837,167.48122601904947,158.7877660873314,160.21505737304688,11414800
2025-12-15,163.0895699264274,166.5529789097054,161.851935400166,163.9878692626953,10258800
2025-12-16,164.18747880139526,165.87427053405602,160.48452045071986,162.9498291015625,8078600
2025-12-17,163.5486966344733,164.207446410562,153.30819423718555,154.68556213378906,12277800
2025-12-18,162.87997439746877,167.9702762896735,161.69223272034753,164.38710021972656,14006400
2025-12-19,165.7644908007607,173.2502426510671,165.7644908007607,171.94273376464844,38469400
2025-12-22,175.34624801505723,175.6257301019021,171.16422067937197,174.9270477294922,11436100
2025-12-23,174.9270408753814,176.9531831244569,174.44795702919336,174.82723999023438,6483000
2025-12-24,174.92704346852994,177.222677078155,174.86715989059383,176.9931182861328,2598900
2025-12-26,178.09102144240447,179.45842914996234,177.46222863712586,177.73171997070312,5238900
2025-12-29,176.16469671214602,178.8895061703181,174.41802124899442,175.535888671875,6663300
2025-12-30,176.20461081676422,177.0230603292023,173.26021813553663,173.44985961914062,5670800
2025-12-31,174.1585220588123,174.57772234575245,170.43559707634108,170.85479736328125,4935800
2026-01-02,177.51214058100598,185.42706847732728,177.16279939169328,184.70843505859375,11957400
2026-01-05,189.7588148344955,197.98316638494003,189.7588148344955,194.38999938964844,16268200
2026-01-06,197.41422626054026,210.05017808948526,196.77544275984067,206.5668182373047,18787600
2026-01-07,202.19514848829596,204.98983220683004,199.42043103891027,202.69419860839844,15121000
2026-01-08,202.48459170363856,202.83393288109167,194.66946496257458,200.57823181152344,13928600
2026-01-09,204.27119024122587,219.17281889168626,202.33487341973688,217.94515991210938,16758600
2026-01-12,215.70940983834623,222.15714381615078,214.7711932158056,219.9812774658203,10749100
2026-01-13,219.00315101056714,220.15097541489496,212.98460783184063,213.9727325439453,12737000
2026-01-14,210.72890718563866,210.9085579173755,206.21748986559078,208.39334106445312,18187200
2026-01-15,227.71655719826956,229.133872901051,216.79735367574352,217.05685424804688,15249800
2026-01-16,221.47842374615655,225.2612319552696,218.58393931743475,222.5364227294922,14392700
2026-01-20,217.79546964663186,225.72037310760797,217.196603384383,221.98748779296875,11601700
2026-01-21,222.6262640373292,232.45754237205549,220.2408050465689,227.95611572265625,12454800
2026-01-22,235.11248585001968,235.65146849857084,219.34249929696475,220.2807159423828,11958600
2026-01-23,217.45609613132845,222.93567197489915,213.46369513982225,217.52597045898438,10156800
2026-01-26,218.56398493790732,224.92189378361547,215.5197761787913,222.44659423828125,10625600
2026-01-27,230.1918618647855,239.04500606774565,228.32540407074765,238.00698852539062,12005900
2026-01-28,240.81165455096414,243.52648848282115,236.68949559410305,239.12486267089844,15630600
2026-01-29,245.14339795397703,250.90244054200275,236.37010363859716,247.6985321044922,16801600
2026-01-30,243.79596543759945,251.3915090694055,231.55926166181973,233.01649475097656,18352900
2026-02-02,232.88672159911184,242.48844065392683,231.5592465049342,237.04879760742188,13299300
2026-02-03,244.42476822712274,246.15147738548586,226.44898830929566,229.66287231445312,13500400
2026-02-04,229.43328342171145,230.67093312720064,204.7203284564022,209.38145446777344,19608000
2026-02-05,207.73460283008455,215.43993771600597,204.18136849788465,212.90475463867188,10928900
2026-02-06,220.25078340131327,232.00840329135494,218.3444082421632,230.57113647460938,13848800
2026-02-09,228.57493005807154,230.88055440125174,222.9656115931541,228.84442138671875,9976700
2026-02-10,228.84441486814092,228.87435665604875,219.83157119267761,226.1794891357422,7909500
2026-02-11,235.10251560954066,239.88340907900576,229.60297351593718,234.67332458496094,9555800
2026-02-12,235.88103500840077,238.45613549296726,229.20374186804133,230.85060119628906,10662100
2026-02-13,235.7312938168108,242.31876111390892,232.94660100846122,235.08253479003906,9905400
2026-02-17,231.01028760100078,237.69755587642607,228.44517801363722,235.1324462890625,7368500
2026-02-18,235.93093728985508,244.80404772720283,233.6552699833673,239.63388061523438,10095400
2026-02-19,233.6253408545534,237.46801781119692,230.98036596329837,236.93902587890625,6384200
2026-02-20,237.09870313007278,245.2930971595432,236.51980319241977,244.45469665527344,8601200
2026-02-23,244.88388858293393,248.9261821830293,236.91903807283418,241.8097381591797,9488000
2026-02-24,242.98749699777025,247.28930653548753,238.52598776872495,243.78598022460938,9087100
2026-02-25,249.41526723216327,256.19236112988557,247.91811687895972,249.00604248046875,9835400
2026-02-26,245.56259854487396,248.02790733312858,230.2617201804091,238.61582946777344,10700300
2026-02-27,233.01648766122423,239.64387261519136,232.23795546618322,233.44566345214844,12988900
2026-03-02,228.8444084369021,233.3857673095001,226.7983000185008,230.56114196777344,10294000
2026-03-03,223.34489019072936,223.694216129375,215.38003948047887,216.85723876953125,12442300
2026-03-04,221.5539405677425,224.96152861143844,218.84584148226827,222.83303833007812,8614400
2026-03-05,218.25625489022804,222.2534391076301,207.98349267134853,214.52886962890625,10241000
2026-03-06,205.30536890834506,211.0913015340687,198.31029660994795,199.18968200683594,13597800
2026-03-09,194.8627326811836,211.3511177542068,193.94338213112016,211.00135803222656,13421000
2026-03-10,210.85147305841423,220.66456789138078,210.73156240808817,215.0784912109375,10699700
2026-03-11,214.29904030091296,221.46399133112968,213.84936011663245,218.71592712402344,7160500
2026-03-12,213.51959491619135,215.01853905958507,207.8535878839289,209.34254455566406,9932900
2026-03-13,212.19052950572015,217.8465490723598,211.08131022850318,212.05062866210938,8906500
2026-03-16,217.796568229454,221.30410707831456,215.79797615531717,219.24554443359375,9533100
2026-03-17,220.3747564229923,226.55041393358832,218.39615451581292,226.31057739257812,10043700
2026-03-18,226.5803885798893,232.15646228777752,222.82302572763703,224.55181884765625,12478800
2026-03-19,218.01641612736165,234.9744712168138,214.84864949710035,233.82528686523438,10101900
2026-03-20,234.1550605046559,236.673275601632,221.893693557722,228.19924926757812,26176400
2026-03-23,230.22782447272576,239.35140261050896,226.9101693986534,233.14576721191406,9506200
2026-03-24,229.9979922388223,241.20009289340607,229.9979922388223,238.671875,7388000
2026-03-25,235.98375607504957,236.933099520854,227.1999505059275,233.28565979003906,8330600
2026-03-26,225.58109404334473,226.73027839259368,211.23120226820566,211.4710235595703,13460500
2026-03-27,209.52240405055184,216.84724603438218,208.85287751698561,211.2611846923828,8503300
2026-03-30,214.40896760689535,216.13774558101278,198.46021047678923,199.7892608642578,11921000
2026-03-31,205.85498637307174,213.6894637483213,202.867085693214,213.5095977783203,11725000
2026-04-01,215.29833423994805,225.34126274678692,214.84865406012943,221.8537139892578,10697600
2026-04-02,208.69299109223857,221.8537187246487,208.65302595791076,218.28623962402344,6805400
2026-04-06,219.97505169789187,221.4040377779587,216.377579698765,220.4946746826172,4031200
2026-04-07,218.08637808721974,224.3319784754942,216.3475974498269,224.19207763671875,6818400
2026-04-08,242.57912495065452,249.0145941861495,241.32001737120697,246.31649780273438,11023000
2026-04-09,248.15518482554538,258.81767163011693,247.1758789861279,258.5778503417969,9757800
2026-04-10,263.00472539654294,268.04118594237434,259.1474268507304,263.4743957519531,9124700
2026-04-13,262.93478019500407,267.3516822953659,260.6663890676439,267.1318359375,8773600
2026-04-14,271.6686000950726,273.30746019837267,264.7135083671392,272.2182312011719,8500600
2026-04-15,266.812059323059,267.8013527056182,255.30016395472288,264.9733581542969,11324200
2026-04-16,263.29455188467574,266.06259115015934,258.99756028393494,260.77630615234375,7829400
2026-04-17,267.7813557418337,268.5708081366657,262.23527502838937,267.41162109375,8465400
2026-04-20,266.91199098608354,267.4615916355962,262.35520326821194,262.9747619628906,5989900
2026-04-21,263.62428319360447,265.4130316259327,256.5292752824892,258.1881103515625,7830300
2026-04-22,261.5257742556826,265.95267916356346,257.21881049673567,265.3630676269531,9803300
2026-04-23,264.86341249091515,272.62796251147745,253.10170866628886,258.37799072265625,12269100
2026-04-24,267.31169002856535,275.6458153217003,266.69213136469676,267.59149169921875,12313200
2026-04-27,267.5715265071932,268.6407501292371,256.1295742625579,259.287353515625,8095400
2026-04-28,251.80261841171685,253.52140886487925,242.86890914303618,251.0531463623047,11499500
2026-04-29,252.99177680707083,253.78122921817044,241.42992954457077,248.57489013671875,9585300
2026-04-30,252.21233138953463,258.39796117825296,248.48496136381792,257.678466796875,10381100
2026-05-01,254.9603865776881,260.2566585466921,249.94391627514796,256.5392761230469,8094500
2026-05-04,256.50931893659987,262.8948051722649,254.7705382293172,258.38800048828125,6497400
2026-05-05,266.45231009344053,279.8028905171325,266.45231009344053,275.6058349609375,11884000
2026-05-06,286.79796135973845,297.6603043548593,285.6487770214532,296.9608154296875,14788600
2026-05-07,296.82090977015935,297.7902281756757,282.94070324772605,286.31829833984375,9704500
2026-05-08,295.51182485822835,297.21064031713314,287.31758516812687,293.8429870605469,8996700
2026-05-11,292.30409719396056,299.78881484586174,292.30409719396056,295.8415832519531,9150000
2026-05-12,287.0178099302049,290.1456114158869,277.5744501504254,289.036376953125,9341800
2026-05-13,295.062131401029,298.76954167476975,286.97783007918355,295.2320251464844,8633100
2026-05-14,296.12140028266674,301.7874225953724,292.80376040335386,298.9394226074219,6404900
2026-05-15,289.23627118773504,289.23627118773504,276.2854020215059,284.51959228515625,9643200
2026-05-18,292.53390667670527,294.3526327493121,272.8877432948228,277.7643127441406,8562200
2026-05-19,267.76139076285955,278.5338010411477,263.52435474239036,273.18756103515625,8308600
2026-05-20,279.3831952205458,293.42332397451565,277.32464765738655,291.8843994140625,8574200
2026-05-21,292.4639818707948,302.96656238549514,291.5945687099004,302.0272216796875,9162400
2026-05-22,305.51480819886183,309.7618166317475,302.9665848414723,305.13507080078125,7854700
2026-05-26,314.54841472460635,323.7519535376791,309.4320236971279,322.4528503417969,9763600
2026-05-27,331.43652698608355,333.0953315558053,314.05875442308076,318.7054748535156,8819300
2026-05-28,317.22655291867636,322.4129020155952,308.5226621012783,317.7761535644531,8402800
2026-05-29,321.77334257166757,324.0217587852895,316.5869933992253,317.9560241699219,10872200
2026-06-01,309.0522789282016,320.60413884607385,306.8238682504293,316.8967590332031,8052800
2026-06-02,324.1916334233794,335.3137726875448,320.63411147874655,334.1745910644531,8632400
2026-06-03,334.814140358735,345.94631335975305,331.8962128746419,343.4680480957031,8630900
2026-06-04,329.51787191489296,342.12898316460326,324.4814112927382,336.1731872558594,8277000
2026-06-05,320.1444632420419,323.1923344215862,302.5268694093298,303.0664978027344,13309000
2026-06-08,318.32574750534235,330.4472135845508,314.77825869311215,324.22161865234375,11465100
2026-06-09,335.2638438902207,348.84427432448365,305.79461145426944,326.9297180175781,14466800
2026-06-10,323.06242765831234,347.91491547434873,318.7254864727257,321.5734558105469,14088500
2026-06-11,336.4030442999973,364.55319756906727,335.9633515886508,362.2648010253906,14984000
2026-06-12,359.13702858198286,373.5568635267832,354.6401962751647,366.5517883300781,9253300
2026-06-15,385.718279577729,392.7933128178844,382.1208381293472,388.646240234375,13459800
2026-06-16,384.86891373222517,392.7233664225497,368.5104109950532,369.08001708984375,12054900
2026-06-17,382.0,397.6300048828125,373.239990234375,374.17999267578125,10900800
2026-06-18,397.2200012207031,401.0,386.8999938964844,389.0400085449219,22686600
2026-06-22,398.3900146484375,409.75,392.0799865722656,409.5400085449219,14638600
2026-06-23,369.7099914550781,377.1000061035156,365.260009765625,371.3299865722656,16065200
2026-06-24,366.8699951171875,376.9800109863281,361.4100036621094,374.79998779296875,12016700
2026-06-25,407.989990234375,407.989990234375,372.29998779296875,401.82000732421875,16824000
2026-06-26,385.5,389.8800048828125,374.30999755859375,379.0899963378906,19733700
2026-06-29,383.010009765625,414.9800109863281,379.1000061035156,410.9100036621094,14049600
2026-06-30,416.2900085449219,438.5,414.010009765625,433.3299865722656,16885100
2026-07-01,404.9700012207031,415.489990234375,381.0,391.260009765625,18699300
2026-07-02,391.05999755859375,392.5,342.4800109863281,351.4100036621094,18954700
2026-07-06,365.3399963378906,366.0799865722656,348.2699890136719,350.20001220703125,13581700
2026-07-07,322.4100036621094,330.75,313.1000061035156,326.1300048828125,15530600
2026-07-08,325.4700012207031,337.5,322.7200012207031,333.1499938964844,8029400
2026-07-09,365.1300048828125,369.95001220703125,350.05999755859375,353.1700134277344,12119700
2026-07-10,341.3599853515625,354.7300109863281,338.1300048828125,350.3299865722656,6890900
2026-07-13,335.0,337.9800109863281,326.8999938964844,329.9200134277344,9770500
2026-07-14,354.6600036621094,354.6600036621094,338.8800048828125,346.1000061035156,10699100
2026-07-15,357.25,357.25,319.7900085449219,335.42999267578125,10257300
2026-07-16,324.989990234375,336.67999267578125,315.1600036621094,320.9599914550781,10641300
2026-07-17,303.8299865722656,322.07000732421875,298.6499938964844,313.29998779296875,12805700
2026-07-20,321.1499938964844,324.45001220703125,305.260009765625,306.760009765625,8074400
2026-07-21,328.1300048828125,328.1400146484375,313.2900085449219,322.0,11936500
2026-07-22,310.54998779296875,322.25,310.54998779296875,319.2900085449219,6344700
2026-07-23,315.5,325.8800048828125,314.3500061035156,319.7799987792969,8106900
2026-07-24,312.6199951171875,319.70001220703125,301.67999267578125,305.2099914550781,9278400
2026-07-27,306.30999755859375,309.5,278.45001220703125,291.6099853515625,14117600
2026-07-28,275.1700134277344,277.29998779296875,258.5299987792969,269.6099853515625,16097700
2026-07-29,264.510009765625,273.4599914550781,250.5,252.35000610351562,16103100
2026-07-30,318.2900085449219,319.5,294.25,297.7200012207031,22085800
2026-07-31,315.3699951171875,318.3999938964844,292.92999267578125,293.0199890136719,12561200
2026-08-03,283.3399963378906,295.92999267578125,276.8399963378906,294.6099853515625,10010900
2026-08-04,308.8299865722656,320.25,306.1600036621094,317.739990234375,15796600
2026-08-05,318.5400085449219,323.6400146484375,305.3599853515625,307.4200134277344,9302000
2026-08-06,300.0,314.1600036621094,293.6499938964844,305.7699890136719,7430400
2026-08-07,311.8699951171875,315.5899963378906,303.8299865722656,311.3500061035156,6714100
2026-08-10,319.5,319.989990234375,305.5,306.3999938964844,7022800
2026-08-11,315.0299987792969,316.8599853515625,309.3500061035156,311.4100036621094,7669400
2026-08-12,326.8399963378906,329.489990234375,323.5,326.1099853515625,8075600
2026-08-13,327.6199951171875,345.1199951171875,324.010009765625,337.010009765625,8901000
2026-08-14,332.3599853515625,342.0,326.55999755859375,332.3599853515625,7422900
2026-08-17,337.8699951171875,345.2799987792969,333.3999938964844,343.8399963378906,8505600
2026-08-18,324.17999267578125,329.07000732421875,317.4100036621094,327.9200134277344,10210000
2026-08-19,328.5199890136719,328.57000732421875,305.0799865722656,307.1700134277344,10861500
2026-08-20,305.2300109863281,312.5400085449219,302.95001220703125,310.5299987792969,6802600
2026-08-21,317.8599853515625,319.1000061035156,303.8500061035156,314.0,5940400
2026-08-24,307.94000244140625,311.44000244140625,297.7799987792969,310.1700134277344,8608400
2026-08-25,316.20001220703125,318.6099853515625,307.8599853515625,314.6600036621094,5018300
2026-08-26,314.6099853515625,315.7200012207031,308.04998779296875,312.8800048828125,4113500
2026-08-27,318.8800048828125,321.4100036621094,310.44000244140625,318.5799865722656,6555900
