Date,Open,High,Low,Close,Volume
2017-06-01,29.985462869050412,30.063473754963088,29.527149146804224,29.995214462280273,20534800
2017-06-02,30.034224437334448,30.599803928039883,29.770938811951616,30.434030532836914,20206300
2017-06-05,30.52179302794005,30.97035709845902,30.29751192264385,30.434030532836914,24360800
2017-06-06,30.268260325047933,30.98011005216962,30.102486922574577,30.78508186340332,33125800
2017-06-07,30.91185593688883,31.74072122856809,30.91185593688883,31.691965103149414,32635800
2017-06-08,32.02350665840734,32.04300984931447,31.08737395405825,31.643203735351562,29156500
2017-06-09,31.85772686520914,32.111264591093516,28.81530019356608,29.839195251464844,53064200
2017-06-12,29.312620700698865,30.902095215012466,28.48375379384144,30.424278259277344,46550900
2017-06-13,30.9606048611143,31.43842370672984,30.004970889736292,30.755826950073242,33767900
2017-06-14,30.98986363216019,30.999615228215653,30.082985658196655,30.287763595581055,28935000
2017-06-15,29.712427482019002,30.199996043745166,29.33212459904906,29.800189971923828,33670600
2017-06-16,29.86844985884968,30.229251419971842,29.078589294139512,29.117595672607422,42881700
2017-06-19,29.75143313960174,30.473034370299256,29.57590816404059,30.424278259277344,24915000
2017-06-20,30.61930635163827,30.794831337451104,29.965964382182996,30.063478469848633,25793300
2017-06-21,30.40477614389156,31.35066035447909,30.287758869412418,31.21413803100586,30579000
2017-06-22,31.24339616478892,31.594446145044344,30.970357084598415,31.097124099731445,23050800
2017-06-23,31.097124785136064,31.282403234272962,30.853340484569173,30.941102981567383,45323800
2017-06-26,31.64320897773074,32.14052740876751,31.155640283836135,31.691965103149414,34750700
2017-06-27,31.701705940330715,31.857727729781157,30.82408476961681,30.872840881347656,33221500
2017-06-28,31.272647907948205,31.477425815406832,30.65831232564583,31.43842315673828,28415900
2017-06-29,31.487176902742746,31.5846891218626,29.87819924829612,30.687562942504883,53948400
2017-06-30,31.32140397810231,31.350660621879737,28.971323613279264,29.117595672607422,73308000
2017-07-03,29.341873951955723,29.52715051203721,27.849913597475727,28.41549301147461,36830400
2017-07-05,28.81530355315264,29.80019234961268,28.81530355315264,29.751436233520508,40444600
2017-07-06,29.19560935564357,29.722182495723736,29.1761061645485,29.35163116455078,27143800
2017-07-07,29.468643785366236,29.74168285491936,29.234611094289196,29.449142456054688,22023100
2017-07-10,29.410135284215297,29.82944454188954,29.010329215252987,29.741682052612305,24907900
2017-07-11,29.790439524006693,30.60955488802507,29.75143500472924,30.59005355834961,28530500
2017-07-12,30.98011156141537,30.989863157321413,30.385277230633836,30.668067932128906,22258600
2017-07-13,30.76557380269716,31.05811603954046,30.073227376028083,30.356016159057617,23773000
2017-07-14,30.570553795865038,31.155636530029902,30.482791292743972,30.999614715576172,28887600
2017-07-17,30.88259649727647,31.067873093848398,30.658315378225904,30.931352615356445,22320500
2017-07-18,30.85333858576496,31.11662606055611,30.619305894814993,31.106874465942383,14045000
2017-07-19,31.253146926774214,31.54568734664829,30.86309241363324,31.028865814208984,19984100
2017-07-20,31.13613026754274,31.223892762008518,30.638810085545515,31.204389572143555,23179300
2017-07-21,31.106874210986994,31.3019005218836,30.833837003746456,31.21413803100586,21146600
2017-07-24,31.204388335217093,31.214138069836544,30.716819767479326,30.882593154907227,17415500
2017-07-25,30.034222066630793,30.063476849331515,28.91281476873973,29.156599044799805,51216400
2017-07-26,29.10784640844634,29.302872736620742,28.94207300653844,29.06884002685547,26387400
2017-07-27,29.517404429448625,30.52179458704925,28.932321718849494,29.488149642944336,38967000
2017-07-28,29.215105026640902,29.2346082139574,28.239967979931773,28.552013397216797,31854900
2017-07-31,28.698287571144025,28.815302991454892,27.177074087616738,27.42085838317871,41112700
2017-08-01,27.518370142419887,28.220470091973272,27.138067243029496,27.635387420654297,28221600
2017-08-02,28.239969916739277,28.698285550478484,27.518368675875443,27.918174743652344,27226000
2017-08-03,27.684145483193355,27.693897078726355,26.923539630886033,27.13806915283203,30288400
2017-08-04,27.167318561737833,27.59637752069883,26.591987558662638,27.225826263427734,23947500
2017-08-07,27.235580998849414,27.898674560915193,27.108812127316916,27.87917137145996,16589300
2017-08-08,27.898674226002406,28.610523893234273,27.898674226002406,28.122955322265625,21903300
2017-08-09,27.80115789371917,28.1717091593502,27.654887706231303,27.869417190551758,14181800
2017-08-10,27.59637908192854,27.674389975237204,26.748010849687603,26.8065185546875,26147600
2017-08-11,26.757763141608514,27.342845786644006,26.182432090981703,27.31359100341797,23375900
2017-08-14,28.103454227834497,28.630029216495473,28.00594013438691,28.513011932373047,25254600
2017-08-15,28.766546923989072,29.068838930207484,28.415496942621516,28.94207191467285,23973600
2017-08-16,29.273618019197063,30.092733383219844,29.21510845039077,29.926959991455078,37879500
2017-08-17,29.56615499832095,29.77093474556644,28.873808586992723,28.883560180664062,26152500
2017-08-18,29.215102887910678,29.839191816867157,29.020076608801794,29.62466049194336,31178100
2017-08-21,29.770940382063372,29.839199690759884,28.55201884126376,28.825056076049805,26247700
2017-08-22,29.107847495334106,29.78069272348748,29.029836589166088,29.692930221557617,18821200
2017-08-23,29.22486292462278,29.975719058944172,29.127350686857792,29.692930221557617,21200400
2017-08-24,29.790440292857042,29.868451193351834,29.361381270098967,29.468645095825195,18056800
2017-08-25,29.54665883945782,29.63442134345026,29.302874519462534,29.536909103393555,13929800
2017-08-28,29.673419912876966,30.43402560060254,29.66366831945404,30.30725860595703,22531000
2017-08-29,29.985465585141004,30.74607318663028,29.93670947450158,30.697315216064453,23151900
2017-08-30,30.863089753584738,30.89234453702137,30.599802282434492,30.824085235595703,17467900
2017-08-31,30.824088428195164,31.223894543606587,30.69731954676618,31.17513656616211,25694000
2017-09-01,31.33115872617327,32.062511613302455,31.33115872617327,31.789470672607422,26034000
2017-09-05,31.643199083369893,31.92598973016925,30.86308830111146,31.272645950317383,28866600
2017-09-06,31.272650432633508,31.886987924458715,31.26290069714251,31.44817543029785,29290200
2017-09-07,31.662705015473964,32.08201429503948,31.643201825743812,31.974748611450195,25353300
2017-09-08,31.98450027659308,32.19903165671821,31.506685118854953,31.643203735351562,19649300
2017-09-11,32.08201411728189,32.608585357666016,31.99425162390902,32.608585357666016,31012100
2017-09-12,32.85237718961434,33.68124619948595,32.725612007750684,33.437461853027344,38685800
2017-09-13,33.700742802038874,33.93477364574672,33.17416782391643,33.72999572753906,41588100
2017-09-14,33.573965700558304,33.98352143664546,33.44719685468988,33.720237731933594,23007000
2017-09-15,33.77875591265263,34.129805940358615,33.52522184811699,33.788509368896484,37417300
2017-09-18,34.2565662216312,34.90990627130397,34.14930054903353,34.54910659790039,41330100
2017-09-19,34.61736284625009,35.20244354725985,34.61736284625009,35.056175231933594,26392200
2017-09-20,35.13418944057273,35.69001730450622,34.46134616314086,35.07568359375,42243000
2017-09-21,35.03668077265883,35.34872438689975,34.5198592340448,35.01717758178711,22464900
2017-09-22,34.714883023076275,35.319470768697315,34.714883023076275,35.17319869995117,21559800
2017-09-25,35.143941185256885,35.25120685901751,33.68123556819977,34.003028869628906,35607200
2017-09-26,34.35408989899606,34.49060853879965,33.24243386647665,33.330196380615234,55112600
2017-09-27,35.35848084399199,36.226356263425224,35.02693397585289,36.1678466796875,84593900
2017-09-28,36.226346133587356,37.503773402566424,35.90454909279378,37.016204833984375,52569900
2017-09-29,37.03570507180543,38.381395255415235,36.86993355722698,38.352142333984375,48711400
2017-10-02,38.61543359207719,39.36628972057107,38.381402735316186,39.01523971557617,54244800
2017-10-03,38.93723575418453,39.532070149224005,38.85922297850872,39.366294860839844,27322300
2017-10-04,39.14200120860831,39.42479185032906,37.94258306459066,38.57642364501953,37908400
2017-10-05,38.81045301898088,38.86896257988099,38.27412839688046,38.391143798828125,22501000
2017-10-06,38.030349009717234,38.68368911743164,37.84507428958622,38.68368911743164,25150300
2017-10-09,38.732451796262225,39.970876519318956,38.634935841777455,39.941619873046875,27279300
2017-10-10,40.419442451479405,40.95576723076874,39.45405487287568,40.93626403808594,48214100
2017-10-11,39.82460619810999,41.02402459209629,39.785599814601454,40.575462341308594,53023600
2017-10-12,40.185401543677976,40.71197650379721,39.288277140381254,39.571067810058594,66789800
2017-10-13,39.766091581570265,40.14639447293253,39.31752938764826,39.39554214477539,35371200
2017-10-16,39.86361217966543,40.53645554906256,39.50280871562978,40.45844650268555,33696800
2017-10-17,40.11714469464036,40.37068245533118,39.249273162740145,39.38579177856445,41233700
2017-10-18,40.01962954917253,40.90700420733092,39.795348450940516,40.614463806152344,43528000
2017-10-19,40.1561443489,40.4681879098941,38.810454167205016,40.28291320800781,47676000
2017-10-20,40.95576164521367,41.12153318062907,40.409683484130355,40.46819305419922,36293700
2017-10-23,40.80948599703437,41.14103275860965,40.370677279529794,40.52669906616211,26844200
2017-10-24,40.70221519009801,40.96549887540659,40.39992141679837,40.56569290161133,26299400
2017-10-25,40.28291160466785,40.5559487797071,39.307774585410506,40.039127349853516,31061100
2017-10-26,40.14640031308004,40.15615376906628,39.30778537108701,39.590572357177734,27453500
2017-10-27,39.580816566878234,39.92211307712205,39.04449188512953,39.8343505859375,31094700
2017-10-30,39.71733569337129,40.819241714992046,39.66857957981703,40.614463806152344,29119500
2017-10-31,41.19953711392118,43.4618545939495,41.15078100923613,43.20832061767578,61972200
2017-11-01,43.6763868290643,44.20296169828795,42.69149638256979,43.276580810546875,38842900
2017-11-02,42.9840491276947,43.63738925957105,42.63299914406131,43.23758316040039,25813000
2017-11-03,43.6568880818582,43.8811691667727,42.27219147604992,42.62324142456055,27694600
2017-11-06,42.759771166685596,42.915792993370125,41.39458111315936,42.17469024658203,28841000
2017-11-07,42.496473443197,43.14006373254105,42.252689186326485,42.85727310180664,32422900
2017-11-08,42.759766542300056,43.04255723503682,42.36971387769904,42.99380111694336,19519600
2017-11-09,42.60374703675632,42.60374703675632,41.5213477650668,42.41847229003906,32501100
2017-11-10,42.67200833224928,43.73490818091074,42.623252209253636,43.666648864746094,33840800
2017-11-13,43.22783420754618,44.72954268047815,43.0913118737767,44.46625518798828,30522300
2017-11-14,44.44675393806407,44.85630976341797,43.686144416923405,44.66128158569336,29899200
2017-11-15,44.066455855004904,44.60278437761917,43.510627858708126,44.23223114013672,22434500
2017-11-16,44.59302118950983,45.139099329796196,44.16396218490461,45.03183364868164,24192600
2017-11-17,45.38288993920374,45.39263967527577,44.593027402643166,45.01233673095703,22613300
2017-11-20,45.35362980456997,46.670067264298766,45.24636783660975,46.455535888671875,26975000
2017-11-21,47.157632307634174,48.39605691189124,46.95285440264007,48.171775817871094,35756600
2017-11-22,48.61058221664078,48.649588592819356,47.411164048045464,47.918235778808594,28711800
2017-11-24,48.093777961923806,48.63985626427742,47.81098721321278,48.444828033447266,14203300
2017-11-27,46.76758036604404,47.186889669914365,45.91921202279972,46.855342864990234,44469700
2017-11-28,47.24539882469961,47.645204934173776,46.631061337508925,46.73832702636719,30633200
2017-11-29,46.319001735451714,46.41651393537503,42.194173185182144,42.652488708496094,81370100
2017-11-30,43.06205262091552,43.43260574699624,40.81923811646369,41.3360595703125,63895700
2017-12-01,40.692472847331054,41.49208501321861,39.01523575798008,40.94601058959961,73138600
2017-12-04,40.90700468085277,41.2385514646538,38.098608613353015,38.90797424316406,73640500
2017-12-05,38.781202048277514,41.004513396328484,38.43990183897932,40.18539810180664,56540700
2017-12-06,39.80509356707977,40.70222157576604,39.29802186127494,40.546199798583984,39735300
2017-12-07,41.13128660023803,42.155179896518284,40.867999114933994,42.12592697143555,43189000
2017-12-08,42.94504299568797,43.4716179741834,41.8041305422812,42.135677337646484,44717800
2017-12-11,42.34044935632114,42.66224637162497,41.27755353206379,41.940643310546875,32824000
2017-12-12,41.62860244795603,41.78462423886528,40.67296851365529,40.81924057006836,28492300
2017-12-13,41.17028419190721,42.02840204988466,40.926499948648356,41.00450897216797,28565600
2017-12-14,41.23855256317132,41.667611586638955,40.838746464983494,41.189796447753906,24582800
2017-12-15,41.24830161684107,41.50183936458791,40.84849552525853,41.34581756591797,58721700
2017-12-18,42.29169466428415,42.64274461279478,41.92114524739209,42.62324142456055,35075500
2017-12-19,42.99380516103579,43.23758949428733,42.223445775196026,42.886539459228516,51048300
2017-12-20,45.4901586684775,45.63642703843191,43.74466192677027,44.61253356933594,84338200
2017-12-21,44.4174998245412,44.44675647077153,43.247334411367156,43.31559371948242,50486100
2017-12-22,43.08156942648418,43.822672193052256,42.84753482028413,43.0230598449707,30372500
2017-12-26,42.116182244490254,42.12593570144119,40.48770459995126,41.199554443359375,41966200
2017-12-27,41.17029408780512,41.99915922617444,40.985015637688434,41.423828125,24175100
2017-12-28,41.76512915544782,41.97965681556658,40.711979166334025,40.77048873901367,28999700
2017-12-29,40.78023002218678,40.799733209037655,39.75633689155749,40.097633361816406,44642100
2018-01-02,40.507200391219854,42.6329997958527,40.165900137534706,42.5842399597168,37097000
2018-01-03,43.39360225733738,43.92992693452489,42.954789805146525,43.86166763305664,43376700
2018-01-04,44.846560272935555,45.81194399216263,43.89092256886086,45.71443176269531,52229500
2018-01-05,44.98307863691693,45.49990014601202,44.25172576033946,44.66128158569336,47381100
2018-01-08,44.18346869300093,44.94407453279589,43.79341231780424,44.41749954223633,32217400
2018-01-09,44.14446444103882,44.41750168493586,41.70662127809115,41.901649475097656,62982900
2018-01-10,40.90700159402002,42.2916944737367,40.36092348548022,42.23318862915039,53348000
2018-01-11,42.43796394323923,42.90602927071932,41.56033912930623,41.755367279052734,39402200
2018-01-12,41.75537809301229,42.27219966181419,41.61885946878942,41.745628356933594,28458500
2018-01-16,42.06742523953287,42.7695253311608,41.36532514790493,41.8528938293457,38174800
2018-01-17,42.135675519192596,43.276587923360886,41.91139442022087,43.159568786621094,38077100
2018-01-18,43.11080982619604,43.53987252620386,42.818269443369765,42.89628219604492,25152100
2018-01-19,42.85727616136537,43.10106043563951,41.589598679110374,41.687110900878906,41469200
2018-01-22,41.414078626570515,41.81388473510742,40.64371933553373,41.81388473510742,37879400
2018-01-23,42.174676438598695,43.549619498554286,41.66760473792572,42.85727310180664,41334100
2018-01-24,42.672004862063226,42.85728332217463,41.67736813030631,42.008914947509766,31305700
2018-01-25,43.130311714005614,43.608130510102995,41.79437498347005,41.940643310546875,40519200
2018-01-26,42.14543119331954,42.720762293102794,41.960152743650866,42.5842399597168,27177500
2018-01-29,42.17468151816665,42.34045304727509,41.326313243637514,42.213687896728516,29455000
2018-01-30,40.946008014704276,41.73586667629797,40.43893628190746,40.63396072387695,38861900
2018-01-31,41.91138875778043,42.86702259292627,41.706610875931865,42.632991790771484,45114600
2018-02-01,41.96990317133923,42.993796418830144,41.053271883991606,41.43357849121094,35713500
2018-02-02,40.955753810164886,41.16053168645113,39.60031398162391,39.805091857910156,40657400
2018-02-05,39.142005770913975,40.49744585458316,38.040099717056094,38.420406341552734,45796800
2018-02-06,39.54181194048863,42.83777665340317,39.54181194048863,42.78902053833008,66972800
2018-02-07,42.18443672602648,42.476980883343124,40.702231346899346,40.96551513671875,51354800
2018-02-08,41.46283156973441,41.96014987356612,39.00548553466797,39.00548553466797,53794100
2018-02-09,40.029387448819,40.165906082558124,36.587153795797114,39.40530014038086,65189300
2018-02-12,39.99037850568041,41.61885970939793,39.86361333665689,41.14104080200195,47941100
2018-02-13,41.00451000344439,41.85287814976326,40.93625071120336,41.570091247558594,30296800
2018-02-14,40.88750013187498,42.545233995766566,40.88750013187498,42.36970901489258,36765900
2018-02-15,42.64275342128213,42.828028167999385,41.20930040871387,42.41847229003906,35072300
2018-02-16,42.213699941187386,43.98844975374295,42.05767810227659,43.11082458496094,49404600
2018-02-20,42.925546608210915,44.14446829613198,42.80853116772955,43.783668518066406,36215900
2018-02-21,44.24197534414652,44.4175003441687,43.41311018170545,43.432613372802734,31618700
2018-02-22,43.66663991396268,43.71539974681728,42.94504051389157,43.149818420410156,24359600
2018-02-23,44.05670453023811,45.636425951204366,43.900682707424814,45.373138427734375,48476700
2018-02-26,45.80219199693244,47.03086313891315,45.53890452653952,46.787078857421875,41966100
2018-02-27,46.47503754587871,47.77197177232123,46.24100298747483,47.37216567993164,44731100
2018-02-28,47.58669353607035,48.230283924670225,47.14788106205836,47.5964469909668,45031400
2018-03-01,47.55744449021154,47.596450873272715,45.60716997539386,46.43603515625,61278800
2018-03-02,45.207361194442065,48.02550710771847,44.807555091171935,47.88898849487305,52492900
2018-03-05,47.586689180888044,51.058178555537026,47.508680148121556,50.73638153076172,70984100
2018-03-06,52.0723190740427,53.28148691240028,51.88704065698201,52.403865814208984,73096300
2018-03-07,52.01381729015039,53.63254485891628,51.80903937527201,52.62815475463867,61670000
2018-03-08,53.232738949390324,54.090860711676896,52.94994827365849,53.847076416015625,51685900
2018-03-09,54.37365109975251,54.44191412911149,52.28685799234504,53.23274230957031,65504600
2018-03-12,55.09524785862604,59.64913647132289,54.94897580114869,57.893890380859375,138651600
2018-03-13,60.62426988266354,61.84319122069219,57.065021807531515,57.952396392822266,142315800
2018-03-14,57.8451427337803,58.566745952498515,56.12890277012459,58.293704986572266,80306900
2018-03-15,58.28395699864038,58.65451021503389,56.782244660493596,57.377079010009766,50963700
2018-03-16,58.50823679886836,59.181080182908076,57.73787745491841,59.07381820678711,69323100
2018-03-19,58.85928005505493,59.47361751244752,57.289308619414484,58.64474868774414,71373300
2018-03-20,58.60574542976466,59.72715472062381,58.31320500775675,59.629642486572266,53890500
2018-03-21,59.824657672260834,60.18546106594639,59.09330487079138,59.55162048339844,51220200
2018-03-22,58.57649509486328,58.80077621898635,56.66522695201624,57.45508575439453,74274700
2018-03-23,56.25565936347502,57.338062166658254,52.34536113164531,52.8621826171875,118369500
2018-03-26,54.86121238857974,55.30002483378372,51.40922983263175,54.178619384765625,70260700
2018-03-27,53.691055664657014,54.0908617685592,50.395090881357774,51.097190856933594,67785100
2018-03-28,50.638878854419225,52.0235719957276,49.43946045572362,50.20981979370117,62987500
2018-03-29,50.86315782357207,51.370229630108426,49.868517401503055,50.84365463256836,61458800
2018-04-02,50.258567307320455,50.43409228388851,48.32779628492475,48.815364837646484,59875500
2018-04-03,49.536961571481925,50.482845703684944,49.06889623220642,50.268314361572266,52436400
2018-04-04,48.38630493246147,52.16983816223474,48.03525495899705,52.06257247924805,60272800
2018-04-05,50.76563947546536,50.90215807619909,47.966993281012364,48.600833892822266,89203500
2018-04-06,46.533546609103,49.224923542270204,46.08498068703091,47.25514602661133,79392200
2018-04-09,47.908490556629395,48.591087324629115,46.728571745147875,46.767578125,50532900
2018-04-10,48.025503949246996,49.488209653284976,47.43066970109508,49.22492218017578,50346500
2018-04-11,49.029894009000124,50.51210290214097,48.864122481405246,49.22492218017578,38942200
2018-04-12,49.849010267107175,51.604256400202274,49.8295070776463,51.28246307373047,46656300
2018-04-13,52.07232411711556,52.16008660741953,50.29757484194917,50.93141174316406,43598900
2018-04-16,50.9509179202729,51.17519902645823,50.04404004056305,50.36583709716797,30879500
2018-04-17,50.56085678247391,51.389725543408794,50.453594826923734,50.960662841796875,33325300
2018-04-18,50.170803844067265,52.92069013039105,49.41994784108485,52.667152404785156,55393600
2018-04-19,51.58475434569996,52.75491589589161,49.712489169658205,50.14154815673828,52635000
2018-04-20,50.21956431815601,50.77539220816677,48.9031306249417,49.36144256591797,38510800
2018-04-23,49.5467201540167,49.61497945723618,47.596445845224345,47.80122375488281,43693000
2018-04-24,48.42530409254028,49.010384814522766,45.285361708931404,45.93870544433594,61915400
2018-04-25,46.377524135570305,47.13812992127306,44.93432160174438,46.416526794433594,43781200
2018-04-26,48.054771861784936,48.93239704588982,47.61596298958661,48.89339065551758,39041400
2018-04-27,49.839254530467684,50.11229171033363,46.0167154130815,46.3385124206543,50049800
2018-04-30,45.88995719468675,46.50429094199788,44.19321685866027,44.83680725097656,54743800
2018-05-01,44.45650172742164,45.70467605846908,44.28097674713648,45.62666702270508,34154900
2018-05-02,44.768541883700564,45.57790742194102,44.54426080824725,44.74903869628906,31640800
2018-05-03,44.60278121735287,45.704683675177634,44.20297507782054,45.460899353027344,30489600
2018-05-04,45.16835491854103,46.51404529944057,44.99282992451704,46.397029876708984,28632200
2018-05-07,47.060119201355484,47.88898804562498,46.91385085461605,47.27465057373047,33996900
2018-05-08,47.32340130835631,47.64519833032853,46.68956443818346,47.36240768432617,25205500
2018-05-09,47.84023784290723,49.7612558171248,47.77197852868828,49.74175262451172,36489100
2018-05-10,50.51210470451963,51.37022645640034,50.31707652638495,51.35072326660156,37146300
2018-05-11,51.07768674377604,51.487242575560984,50.395089970947986,50.53160858154297,27646400
2018-05-14,51.67252031507663,52.374616548520585,51.54575144131953,51.68227005004883,33376300
2018-05-15,52.462374509386166,52.82317418983003,51.379971748201804,52.667152404785156,43307300
2018-05-16,54.207870761824736,55.495051417810906,54.10060508718376,55.095245361328125,59011900
2018-05-17,54.61742737380692,55.03673662469872,52.58914413866194,53.34000015258789,54832200
2018-05-18,52.26735039048461,53.291247386373534,51.535997519051406,52.06257247924805,46088800
2018-05-21,54.78320557705229,55.06599624431052,53.174227785958436,54.100608825683594,70858100
2018-05-22,57.581842970406015,58.99579245926811,56.85049017132418,57.562339782714844,111262700
2018-05-23,57.5818490737483,58.50823012808019,56.704227853738956,58.47897720336914,64066800
2018-05-24,58.68376190662246,60.448761725536286,58.07917783356527,59.9611930847168,74725000
2018-05-25,59.33710025858689,60.55602182281302,59.10306940137338,59.824668884277344,54715900
2018-05-29,59.83441254971417,62.389270688743544,59.824659095678335,61.06308364868164,75591900
2018-05-30,62.11624173382882,63.05237629326056,59.40535772941798,61.01433563232422,84737600
2018-05-31,57.75736623478405,58.752006458556025,55.748582600124664,56.15814208984375,101882200
2018-06-01,57.34781939471794,57.8646409142689,55.46580432332843,57.27956008911133,74761500
2018-06-04,56.00212654341612,57.68911335813914,55.212264116699465,57.6306037902832,64350500
2018-06-05,58.313198538807264,58.644745305597105,57.36731806990765,57.93289566040039,41711300
2018-06-06,57.786631844674694,58.108428922962766,56.85050097668767,57.94265365600586,36749000
2018-06-07,58.36195806756817,58.771517612807635,57.104033946843536,58.147430419921875,42264700
2018-06-08,57.17229339314981,60.06844826232316,56.77248730172302,59.863670349121094,57144900
2018-06-11,60.175713946339414,60.99482931900078,59.55162675190277,59.863670349121094,42251500
2018-06-12,60.30247183451041,60.31222156771159,58.44971005868359,59.0445442199707,43633300
2018-06-13,58.800772060979156,59.746656329620755,58.527734836980834,58.55698776245117,33281400
2018-06-14,59.04455504878057,59.06405823861225,57.21129612298765,57.7086181640625,43421900
2018-06-15,57.07477841899919,57.63060631852918,55.875360124231676,56.7822380065918,45854100
2018-06-18,56.167892597529175,57.14302964762415,55.456042997342166,56.996761322021484,36975600
2018-06-19,56.20690317890796,57.98165244531753,55.69008169403076,57.77687454223633,43486600
2018-06-20,58.63499900996567,59.60038272409927,57.338064789745,57.484336853027344,57497600
2018-06-21,59.93193594216203,60.29273941168535,57.62086164530941,57.962158203125,70419900
2018-06-22,58.70326373321564,58.908041664831906,55.602326952142334,55.680335998535156,63497500
2018-06-25,54.15911466022672,54.25662688090545,51.10693453886679,51.838287353515625,72196300
2018-06-26,53.057217308026374,53.408267311114244,52.27710825663854,53.23274230957031,42277100
2018-06-27,53.632540113265705,53.97383660786355,50.86315062044115,50.960662841796875,53007500
2018-06-28,50.70713088532276,51.98456186792699,50.50235298028136,51.81878662109375,36878900
2018-06-29,52.35510988976093,52.51113167794996,51.09718584992246,51.13618850708008,32582200
2018-07-02,50.239075082601545,53.17423677379722,50.04404687498089,53.12548065185547,38934200
2018-07-03,53.19372457174052,53.42775909712406,48.8543640174141,50.20005416870117,52190200
2018-07-05,51.32148241469707,51.9845761444293,50.64863522784451,51.52626037597656,51136400
2018-07-06,51.23371181496054,52.08208017770898,50.687633617868336,51.90655517578125,31841000
2018-07-09,52.46237193585811,53.14496860688959,51.78952871833066,52.959693908691406,32579700
2018-07-10,53.30099516824424,54.51016684144363,52.99870131998116,54.35414505004883,34852800
2018-07-11,53.03770942897199,53.63254369053441,52.43312543256483,52.83293151855469,38699200
2018-07-12,53.291248721941805,54.27613564341942,52.998704590154425,54.07135772705078,29647700
2018-07-13,54.12986304677607,55.1830129832368,53.944588322333445,54.948978424072266,28799000
2018-07-16,55.192756919237034,55.75833820787877,54.66618572618595,54.75394821166992,25735200
2018-07-17,54.441905745434305,55.70958322370764,54.120108718873816,55.54380798339844,24729100
2018-07-18,55.82659736046857,56.70422221302837,55.504800341245726,56.02162551879883,33729700
2018-07-19,55.826610070909126,56.12890397113906,54.285891361151705,54.82221984863281,39392100
2018-07-20,54.685696805408355,54.744202657605136,53.46677528659865,53.65205001831055,32588100
2018-07-23,52.179591241128605,53.22299149350605,50.92166704873581,52.94020080566406,42781500
2018-07-24,53.632540394754095,54.0225967219298,51.62375663354902,51.84803771972656,39011500
2018-07-25,51.32146987293109,52.87193810916359,50.99967282397101,52.06257247924805,39749200
2018-07-26,52.26734476630781,53.379004135943816,52.121076439672066,52.42336654663086,28862500
2018-07-27,53.10596530658508,53.27174054707617,51.789531716136146,52.6183967590332,30109700
2018-07-30,52.84268258939102,52.90119215949796,51.11668932969414,51.692020416259766,25747800
2018-07-31,52.442873137378044,52.87193585099952,51.457986282647944,51.47748947143555,29301700
2018-08-01,51.350725109111934,52.24785327277997,50.87290624153007,50.989925384521484,28200000
2018-08-02,50.41460010433032,52.21860265539591,50.102556460036304,52.07233428955078,28708000
2018-08-03,51.97480528687714,52.07232122616373,50.96066183741302,51.49699020385742,22958900
2018-08-06,50.9216535301159,51.49698448857028,50.2195537245845,51.3604621887207,28776900
2018-08-07,51.62375557517149,52.1113241142187,51.38972475954636,51.72127151489258,21918600
2018-08-08,51.526247784167644,52.19909108673909,51.15569462108264,52.06257247924805,18074700
2018-08-09,51.34096943273093,51.53599387544238,50.63886953544073,50.960662841796875,34538400
2018-08-10,49.97577329306403,50.658369964939816,49.75149222027747,50.09278869628906,31340800
2018-08-13,50.32684039342119,50.765652955047656,50.00504327494383,50.06355285644531,24609500
2018-08-14,50.44384542115569,50.48285180076949,48.76660829629341,49.36144256591797,32050200
2018-08-15,48.59108622865798,48.62033915296071,45.96796490049035,46.30926513671875,57746200
2018-08-16,47.00161981169109,47.10888551262389,45.79244789188549,45.9289665222168,33663000
2018-08-17,45.0610806415097,46.182489698470725,44.485749652957495,45.93870544433594,34464200
2018-08-20,46.22150723871458,47.40142242102224,45.31462929664911,46.874847412109375,33022900
2018-08-21,47.68420169737507,49.11765058521418,47.65494505731743,48.698341369628906,38572900
2018-08-22,49.1274091044345,49.39069657298787,48.630087090549374,48.99089050292969,26740400
2018-08-23,48.80562152102762,48.99089999025241,48.171784502745005,48.464324951171875,26832000
2018-08-24,48.67884363579186,49.55646853878089,48.67884363579186,49.439453125,24785500
2018-08-27,50.07330574105258,51.1459591502171,49.897780705368454,50.77540588378906,29134100
2018-08-28,51.11669007169525,51.25321240392653,50.19031271060026,51.03868103027344,26198800
2018-08-29,50.79489296338556,50.8631522645115,50.02453374227516,50.541358947753906,31450800
2018-08-30,50.27807667826374,52.34536655444971,50.12205487100165,51.448238372802734,32416600
2018-08-31,51.38972403533373,51.906545489087556,50.92165869082697,51.21419906616211,29937300
2018-09-04,50.843648138862676,50.99966992711202,49.44920177894848,50.63887023925781,28975100
2018-09-05,50.11230243392712,50.31708036264726,47.849984322729235,48.30830001831055,39125100
2018-09-06,47.00161115275406,47.245395439106666,42.96454396593129,43.53987503051758,94413400
2018-09-07,44.01768899765605,45.3048696983518,43.53987389201675,43.744651794433594,47114300
2018-09-10,44.12496510274279,44.25173399984565,43.28634638627649,43.783668518066406,33078300
2018-09-11,42.564739601965364,42.662251832498384,41.29705828591718,42.5159797668457,48980700
2018-09-12,40.21465617496819,41.131283721998145,39.66857805256678,40.70222473144531,66916000
2018-09-13,41.24829238884844,43.38384469770693,41.24829238884844,42.53547286987305,59922100
2018-09-14,43.013299350818755,43.45211180279295,42.379458729094594,43.19857406616211,40610300
2018-09-17,42.50623258481874,43.21808232605501,42.1746857732981,42.496482849121094,28205300
2018-09-18,42.83778249933755,44.72954754924996,42.78902637761086,44.20297622680664,36507400
2018-09-19,44.64178211199113,44.91482307147519,43.72515443619288,43.9396858215332,29264700
2018-09-20,45.24636842785105,46.04598064945947,44.76854955403467,44.91482162475586,75144100
2018-09-21,43.29608918948211,44.46625074607389,42.71100469133334,43.62763595581055,97053400
2018-09-24,43.10106626595784,44.51501599198464,42.769519459302266,44.03719711303711,36918900
2018-09-25,43.97869459826786,44.329744652225756,42.92554815624808,43.53013229370117,32547500
2018-09-26,43.18883148459086,43.64714348157854,42.86703439322907,43.247337341308594,30299800
2018-09-27,43.130319250503916,44.38824717037664,42.954794251458736,43.87142562866211,26952400
2018-09-28,43.53987210450768,44.4760028084262,43.38385032052126,44.10544967651367,28080400
2018-10-01,44.310229872899235,44.93432076112566,43.89092060917588,44.027442932128906,26693400
2018-10-02,43.78365770200903,45.5291503008269,43.76415451343779,44.62227249145508,32397000
2018-10-03,45.129345211352664,45.26586381445274,43.59838021398243,44.027442932128906,29505100
2018-10-04,43.39360812744752,43.637392442770256,42.42822060203396,43.06206130981445,34579600
2018-10-05,42.98405147077772,43.52037621062934,41.74562672538749,42.496482849121094,35367100
2018-10-08,42.20393869490663,42.75976662593662,41.550598527499005,41.99916076660156,27426600
2018-10-09,41.745626360637026,41.96990747825702,40.9362606702292,41.219051361083984,31576400
2018-10-10,40.46819664658687,41.687118232327435,40.292671640651946,40.575462341308594,48452000
2018-10-11,40.91675258818054,41.85288332891698,40.39993110587139,40.92650604248047,48197000
2018-10-12,42.496480637717966,42.662252174925285,40.87774932699317,41.41407775878906,32851100
2018-10-15,40.985017665549464,41.49208948488142,40.59496499519264,41.28731155395508,27697300
2018-10-16,41.63835900452515,42.27219594988163,41.24830263826486,42.135677337646484,28827400
2018-10-17,42.252695815811805,42.31120166593472,41.06302726527084,41.29705810546875,27759000
2018-10-18,40.994765956824374,41.1605374838756,40.11714104933863,40.273162841796875,33560800
2018-10-19,40.63396256379122,40.946009868748106,39.268772808924766,39.444297790527344,28641400
2018-10-22,39.55155881889452,39.68807740634052,37.67929380860682,38.771446228027344,34441200
2018-10-23,37.20147844048312,38.137609077848026,36.47987541593987,37.718299865722656,46364200
2018-10-24,37.0552085636992,37.34774893996839,34.51985367622928,34.54910659790039,53096500
2018-10-25,34.705135181614224,36.23610037999469,34.18831362492055,35.86554718017578,39625700
2018-10-26,34.40282876316622,35.01716605389478,33.44719504417294,34.51984786987305,41257400
2018-10-29,35.24145856065276,35.299968133041496,32.97914050623427,33.798255920410156,34176400
2018-10-30,33.77874828364043,35.1536914350522,33.632479951700425,35.11468505859375,35319500
2018-10-31,35.670517441159724,37.09421673585321,34.9099079621958,36.78217315673828,44055400
2018-11-01,37.03570485854768,39.2005103084304,36.58714270654487,39.12249755859375,43981400
2018-11-02,39.19075890580347,39.922111734460174,38.65443424209246,39.317527770996094,33645700
2018-11-05,39.10299230419317,39.2395146091909,37.806062025460626,38.927467346191406,22904000
2018-11-06,38.75196090458602,39.551573254195425,38.576435879564066,38.81046676635742,19316600
2018-11-07,39.31752317076846,40.02937272765751,38.96647325891032,39.912357330322266,22957200
2018-11-08,39.658828536183194,40.399934898733065,39.3370351912798,39.434547424316406,15609300
2018-11-09,38.89821322235723,38.99572915147979,37.45501095001427,38.13760757446289,26102800
2018-11-12,37.289241159893855,37.572028067683455,35.92404784840624,36.50912857055664,24822400
2018-11-13,36.723672234711444,37.77682235200402,36.50914082862879,36.9089469909668,25870500
2018-11-14,37.65979997427599,38.001100247501945,36.67491297750573,37.084468841552734,23706400
2018-11-15,37.00645663403623,39.171258638816624,36.68465957989746,38.917724609375,30046100
2018-11-16,37.494031550167,38.722702964557676,37.3770161106664,38.459415435791016,25445700
2018-11-19,38.22538087755033,38.34239630578805,35.758281109836844,35.914306640625,31039100
2018-11-20,33.25218037215866,36.0703302879116,33.203424251231866,35.22195816040039,38728600
2018-11-21,36.08007844141415,36.29460982790538,35.46574092909598,35.475494384765625,22728400
2018-11-23,35.036683214096094,36.56764846560097,35.02692975805394,35.494998931884766,11257800
2018-11-26,36.81142877886084,36.8504351590734,34.64662303515495,35.6607666015625,26569700
2018-11-27,35.19270710024481,36.51889449104272,35.1244477833526,36.080081939697266,21397300
2018-11-28,36.362861936476094,38.03034541981084,35.095184499786264,37.747554779052734,42293700
2018-11-29,37.347759789237585,37.7475659542454,36.79193179690608,36.96745681762695,23631300
2018-11-30,36.811425453190665,37.66954714107549,36.02156306458446,37.601287841796875,28176000
2018-12-03,39.200523366088746,39.23952975400007,38.17662986246689,39.03474807739258,35830000
2018-12-04,38.57642628317041,38.87871641340101,35.807036679345295,35.96305847167969,36616300
2018-12-06,34.77339332383018,36.74317096636235,34.25657178450037,36.73341751098633,37494400
2018-12-07,36.68465497615026,36.68465497615026,34.334574821842864,34.432090759277344,30619800
2018-12-10,33.96402913581329,34.83190061476119,33.67148501134958,33.93477249145508,33979700
2018-12-11,34.70513264045997,35.35847277033973,34.22731378200735,34.33457946777344,26238800
2018-12-12,35.0464385307187,35.699782554993064,34.519867136056945,35.13420104980469,26642500
2018-12-13,35.3877320160864,35.46574106246985,33.89576948056011,34.14930725097656,23825400
2018-12-14,33.583716462494465,34.56860690158328,33.21316708606624,33.34968566894531,28922100
2018-12-17,33.310680609132625,34.34432719428078,32.76460253624921,33.03764343261719,30891000
2018-12-18,33.53495807614147,34.071282638051386,33.12540235536188,33.26192092895508,46135400
2018-12-19,30.87284121165737,32.745106424947,30.49253832829385,30.629056930541992,106669600
2018-12-20,30.81433431616206,32.0820137272898,30.092733048255432,30.502290725708008,60427600
2018-12-21,30.892349408821683,31.253149161806775,29.36138417280402,29.566162109375,54630500
2018-12-24,29.117598317873284,29.595415337954737,28.27897970389169,28.29848289489746,23771800
2018-12-26,28.610522717872367,30.14148767023141,27.684141727118423,30.121984481811523,45711000
2018-12-27,29.653925920151398,31.214144153035733,29.4784009039702,31.13613510131836,39858300
2018-12-28,31.20439116730221,31.477428399663047,30.61930846092996,30.78508186340332,29873400
2018-12-31,31.194638877348144,31.594446841410324,30.677815490572755,30.941102981567383,21392100
2019-01-02,30.22926045192107,32.25754810003155,29.985476093437835,31.93575096130371,26004300
2019-01-03,31.028864032580447,31.35066107986213,30.092733254793263,30.229251861572266,29145500
2019-01-04,30.8728403960473,32.218530633812065,30.765574720013852,31.88698387145996,28557300
2019-01-07,32.86211890399393,33.59347168203599,32.48181605458847,33.154659271240234,44841500
2019-01-08,33.69098551916282,33.729991895300145,31.994249075569744,32.901126861572266,33434100
2019-01-09,34.1005525917324,35.387733530913366,34.05179275082039,34.55886459350586,54147900
2019-01-10,34.383336897942755,35.05618396353055,34.20781561980388,35.01717758178711,24437400
2019-01-11,34.53935402531633,35.816784955434755,34.139547966249154,35.11468505859375,30469800
2019-01-14,33.85674702345284,34.05177138532011,33.40818131954485,33.807987213134766,34612000
2019-01-15,34.14930670460676,34.3540846329221,32.813369722928485,33.14491653442383,30633600
2019-01-16,33.19366405160638,33.47645467163489,32.69634210330074,32.74510192871094,24890900
2019-01-17,32.403802878732016,33.34968698287842,31.847975072338418,33.03764343261719,29398500
2019-01-18,33.37893340435324,35.29020070754093,33.2131619279883,34.87089157104492,44872400
2019-01-22,34.373591267845704,34.373591267845704,32.71585704429091,33.02790069580078,37021900
2019-01-23,33.26193350352323,33.82751119648878,32.6085895859513,33.388702392578125,31011600
2019-01-24,34.432093011983014,36.509132397215986,34.22731138989918,35.680267333984375,65094800
2019-01-25,37.14297612873367,38.33264470410971,36.56764503144481,37.9913444519043,61032300
2019-01-28,36.03131846536228,37.9913425016986,35.73877806409831,37.13322448730469,44213000
2019-01-29,37.32824038007423,38.01083697303366,36.32385053548597,36.46036911010742,30331000
2019-01-30,37.347747632064845,37.79630977462598,36.6554012311745,37.289241790771484,32848100
2019-01-31,36.69440626619664,37.854817954350295,36.35310608507913,37.269737243652344,34130500
2019-02-01,37.35751223270937,38.86897434138862,37.27949946123638,38.61543655395508,36839900
2019-02-04,38.56667557622191,38.625185147460385,37.552531993874325,38.48866653442383,30851500
2019-02-05,38.264378663323384,39.32727817396716,38.196115649013635,38.391143798828125,25094000
2019-02-06,39.3955449623973,40.91675663664546,39.36628831645566,40.48769760131836,47472600
2019-02-07,39.79534820874633,40.029379040323676,37.942586146136215,38.400901794433594,40396400
2019-02-08,36.8601903705734,37.8158245086421,36.518893792639474,37.62080001831055,35573200
2019-02-11,37.64029949146074,37.90358701723278,36.431131284048796,37.62080001831055,30356500
2019-02-12,38.41065154523686,39.756341846855875,38.264383205402986,39.39554214477539,43587900
2019-02-13,39.8343530594286,41.228799550474356,39.78559694348814,40.64371871948242,50101700
2019-02-14,40.360934372409304,42.0869279304764,40.28292531863453,41.180049896240234,41759200
2019-02-15,41.21904780140911,41.345816672543386,40.390178991504094,40.94601058959961,28968400
2019-02-19,40.66322164313008,41.433580917437666,40.46819346079417,40.91675567626953,25575900
2019-02-20,41.25805748921473,42.184434880681735,41.08253249044442,41.16054153442383,28048700
2019-02-21,41.414079344344486,41.8041320043938,40.39018227706341,40.4974479675293,24048800
2019-02-22,41.0337739198692,41.51158905029297,40.78998962724598,41.51158905029297,22834300
2019-02-25,42.7207575629483,42.89628253801391,41.63835478999464,41.687110900878906,25233700
2019-02-26,41.297053456487404,42.07716608893493,41.23854761295074,41.89188766479492,18051500
2019-02-27,41.5603370909199,41.69685567309094,39.9903659562482,40.292659759521484,29522200
2019-02-28,39.200515728088035,40.126896801285326,38.81045936468292,39.863609313964844,25777900
2019-03-01,40.604705640119384,41.50183364880566,40.087884200676186,40.546199798583984,26755800
2019-03-04,40.838739408056334,41.10202684963812,39.62956786744212,40.039127349853516,27047800
2019-03-05,39.24927302308974,39.658828869105456,38.52766984506023,38.9957389831543,28798800
2019-03-06,38.40089547692816,38.469154768229664,36.58714009125439,36.98694610595703,44890400
2019-03-07,36.606644189243696,37.357500132117444,36.21658789793052,36.889434814453125,31567800
2019-03-08,35.97280910345158,37.854824112841186,35.66076551100022,37.68905258178711,34080900
2019-03-11,37.942585416539536,38.566672581882564,37.86457638079813,38.059600830078125,25164700
2019-03-12,38.19612282707214,38.42040765941199,37.86457974589015,38.27413558959961,18623500
2019-03-13,38.420402267895845,38.73244583451031,37.679296007296955,37.86457443237305,22786300
2019-03-14,37.77681028144897,38.64468164532767,37.386753980449456,37.455013275146484,19757300
2019-03-15,37.620792162999194,38.84946330686556,37.47452010593878,38.556922912597656,30702000
2019-03-18,38.61542583711737,39.40528818973143,38.1766171388511,38.625179290771484,22296600
2019-03-19,38.93723575418453,40.029388574668715,38.89822936634663,39.366294860839844,32407300
2019-03-20,39.49305526443894,39.73683955619473,38.63493351589967,39.13225555419922,41714400
2019-03-21,40.663217368731054,43.11080982619604,40.61446125823547,42.89628219604492,84985400
2019-03-22,42.38921493008269,42.39896466526809,40.5169495869649,40.585208892822266,46605600
2019-03-25,40.31216829199795,40.93625544746615,39.063993981061536,39.54180908203125,34516000
2019-03-26,40.14639282219922,40.614461906010014,39.10299641757055,39.317527770996094,24689600
2019-03-27,39.37603243195701,39.83434428466361,38.04009208638133,38.25462341308594,26856700
2019-03-28,38.420398443358735,38.946969584695445,38.04984534994579,38.36188888549805,24584500
2019-03-29,39.24926791135504,40.487692463263365,39.220014988978974,40.30241775512695,35716900
2019-04-01,41.21905763740734,41.69687287209379,40.682732820576994,41.199554443359375,28073000
2019-04-02,41.033776566119336,41.726123109053646,40.71197949357465,41.384822845458984,21438100
2019-04-03,42.46722482941135,43.73490246076553,42.46722482941135,42.80852508544922,39097200
2019-04-04,41.30680979342654,42.25269400838531,41.199544112985485,41.823631286621094,37038400
2019-04-05,42.22343199398709,42.457466514258215,41.657854459765005,42.24293518066406,21119400
2019-04-08,41.13129677709415,42.067427809894035,41.07278719259889,41.833396911621094,24546800
2019-04-09,41.482343961683284,41.54084982225883,40.24391907483242,40.68273162841797,29055900
2019-04-10,40.653463276345626,41.38481608185341,40.47793830543554,41.12152862548828,23252200
2019-04-11,41.15078506668311,41.6676065230373,41.08252576942323,41.22879409790039,18163900
2019-04-12,41.78463059352769,42.12593087044594,40.7704906583123,40.96551513671875,21740400
2019-04-15,41.121531804877876,41.18004137298926,40.17565129945511,40.780235290527344,16932300
2019-04-16,41.2092889410604,41.86263268056884,41.033767699245146,41.69685745239258,19337500
2019-04-17,42.28195307651549,42.95479646089507,41.69686847631917,42.07717514038086,22092000
2019-04-18,42.125928994264015,42.44772234518559,41.72612287957157,42.32095718383789,16193600
2019-04-22,42.06741942143586,42.486728727071025,41.47258511716954,42.32095718383789,19447900
2019-04-23,42.29170010558841,42.389216059306115,41.6578631457631,41.70661926269531,21489400
2019-04-24,41.755369961211905,42.32095125982168,41.326310980091,41.960147857666016,19637000
2019-04-25,42.53547913379414,43.53987287330354,41.6286013359061,41.687110900878906,28346200
2019-04-26,40.45844171454427,41.22879723070664,39.75634178097554,41.05327224731445,26092400
2019-04-29,41.082533434326194,41.550598868516495,40.69247704590757,41.06303024291992,13452800
2019-04-30,40.81923880759449,41.306807348115484,40.54620161525561,41.01426696777344,16342700
2019-05-01,41.375075046532956,41.86264368604444,40.84850002309571,40.858253479003906,17673300
2019-05-02,40.95576053776474,42.125925868528626,40.594960831729,41.50183868408203,17046800
2019-05-03,41.433589069276415,42.301460745574516,41.35557629305218,42.25270462036133,16577000
2019-05-06,40.370685019559616,41.23855660658451,39.980628618269236,41.08253479003906,25776000
2019-05-07,40.64373430459259,40.88751869762885,38.74221529493889,39.259037017822266,35094100
2019-05-08,38.86896917780967,39.483306652059454,38.595931953633404,38.76170349121094,26190100
2019-05-09,38.12786487040219,38.64469014082122,37.25024357999941,38.29364013671875,27844400
2019-05-10,38.0401030303714,38.31314399378074,36.71391947606175,37.97184371948242,30368100
2019-05-13,36.4311231846231,37.03570715391699,36.13858279431011,36.450626373291016,33092100
2019-05-14,37.07471704784457,37.650048148634035,36.47013302120499,37.55253219604492,24004000
2019-05-15,36.957695025232056,37.7378039073785,36.821172715985426,37.455013275146484,17532300
2019-05-16,36.7431735673481,37.04546746789734,36.17759215080829,36.38237380981445,29479200
2019-05-17,35.6997652973375,36.35310528592604,34.90990300739168,35.1634407043457,31096300
2019-05-20,33.88601186721283,34.32482427565085,33.47645609923906,33.75924301147461,34489500
2019-05-21,34.41259444168777,34.98792556792211,34.276075821878514,34.75389099121094,32501300
2019-05-22,34.32482794301509,34.56861222709921,33.76900007289152,33.866512298583984,20902400
2019-05-23,33.04739672212807,33.05715017654028,32.140518894144634,32.9791374206543,32186700
2019-05-24,33.31068104842844,33.50570919987684,32.754853234704676,33.154659271240234,19706000
2019-05-28,33.30094022892684,33.45696204787962,32.06251541355315,32.12102127075195,26758400
2019-05-29,31.516430438443212,32.58907974906752,31.37015838706136,32.46231460571289,28796100
2019-05-30,32.59883520064891,33.46670666840165,32.20877885296423,32.49156951904297,20957600
2019-05-31,31.78946186452875,32.66708657385679,31.711452845839656,31.79921531677246,18607300
2019-06-03,32.13076164599407,32.39404905576164,31.6626963796913,31.87722396850586,21174500
2019-06-04,32.53057833320605,33.7007437440123,32.277040572273826,33.632484436035156,25076000
2019-06-05,34.32482580737816,34.519853966481705,32.21852987273589,32.511070251464844,27070300
2019-06-06,32.4330586507518,32.97913677164846,32.12101507305453,32.637840270996094,21088100
2019-06-07,32.715853766692575,33.18391919706482,32.394060410747514,33.14491653442383,21430400
2019-06-10,33.73974607604031,34.65637743680832,33.66173703333746,34.071292877197266,21728000
2019-06-11,34.90990852338965,35.09518695886644,33.88601528046839,33.973777770996094,19208600
2019-06-12,33.16441534417694,33.25217784311168,31.916240888085778,32.14052200317383,28746500
2019-06-13,32.2575427229555,32.803617214225035,32.18927969169332,32.55008316040039,16586700
2019-06-14,31.6432082672406,32.02351124476276,31.438430313167718,31.847986221313477,19715000
2019-06-17,31.730962959876553,32.03325308810752,31.340906621694305,31.62369728088379,20050000
2019-06-18,32.082021481894124,34.02254279658643,32.082021481894124,33.437461853027344,33727300
2019-06-19,33.82751001474778,33.82751001474778,32.87187595185325,33.09615707397461,20436400
2019-06-20,33.9737732137485,34.38332896803795,33.17416117169081,33.30093002319336,21691500
2019-06-21,32.862129507958365,33.04740426569995,31.916245086119453,32.423316955566406,38858200
2019-06-24,32.37454913793,33.23267073932858,32.19902418037456,32.36479568481445,27306000
2019-06-25,32.52082520644142,33.03765046901584,31.79922573771991,31.86748504638672,39590500
2019-06-26,34.9781709265138,36.6749113205519,34.81239938518046,36.119083404541016,100271600
2019-06-27,35.93379812291376,37.37700420300722,35.60225138340891,37.12346649169922,51612400
2019-06-28,38.381394915953216,38.42040129075116,37.10396404021537,37.63053894042969,61402700
2019-07-01,40.13664816750828,40.67297289909559,38.75195508887,39.112754821777344,60928000
2019-07-02,38.63493974682333,39.034745900988206,38.05960857669789,38.61543655395508,29774500
2019-07-03,38.63492766387912,38.78119970471805,38.19611526121485,38.605674743652344,13479700
2019-07-05,37.98159511428236,38.57642940819804,37.83532304468389,38.43990707397461,18408000
2019-07-08,38.0596095566525,39.60032835423122,37.97184704641252,39.40530014038086,28148500
2019-07-09,39.13225743092337,40.380431874220626,39.083501314204554,40.321922302246094,28254700
2019-07-10,41.18005290424651,42.906046588389195,40.994778133125926,41.833396911621094,51625500
2019-07-11,42.14543369131094,42.45747731783897,41.384824096777116,42.39896774291992,30392400
2019-07-12,42.6622520178858,43.58863309138766,42.281949109360006,43.40335464477539,33257800
2019-07-15,43.57887994679069,44.14446130595737,42.623245941165486,43.29609298706055,26623300
2019-07-16,42.954786368731625,43.00354247732943,41.862633912759684,41.989402770996094,31238900
2019-07-17,41.93089495860961,42.66224777765513,41.54083863384422,42.29169464111328,19539300
2019-07-18,42.52572901536396,43.81290967431432,42.41846334047597,43.55937194824219,26456600
2019-07-19,44.00794550804816,44.85631388119883,43.5203768789047,44.388248443603516,39328400
2019-07-22,45.3438802965909,46.25075820011098,45.15860556570899,46.0167236328125,46042800
2019-07-23,45.616912897547294,45.96796285295556,45.0805882300526,45.78268814086914,29354400
2019-07-24,45.7826895188169,47.030863869077436,45.65592064891451,46.79683303833008,33169900
2019-07-25,47.19663953945423,47.48917994043102,46.40677710894918,46.58230209350586,28127800
2019-07-26,46.74807388067192,46.933352320864,45.91920878670145,46.30926513671875,19676200
2019-07-29,45.704674231723295,45.8021901723469,44.710033956479265,45.65591812133789,21939500
2019-07-30,45.7144401227073,46.4945492606674,45.05134642547777,46.2800178527832,21301600
2019-07-31,45.5486560491006,45.62666880776964,43.335094239882984,43.77390670776367,34493900
2019-08-01,43.88117331342691,44.817304118015265,41.774877143176546,42.5159797668457,37906500
2019-08-02,41.57984338301957,43.30583641480074,41.17028760591183,42.98404312133789,31954100
2019-08-05,41.34581319305897,41.45307514591956,40.33166974903671,40.897247314453125,35172900
2019-08-06,41.60909699087654,42.11616871365284,40.65346310867021,41.560340881347656,26857000
2019-08-07,40.96551679113035,41.88214824401459,39.68808929465256,40.71198272705078,35604600
2019-08-08,41.04351637611139,41.69685637894769,40.633956902812756,41.570091247558594,18567500
2019-08-09,40.994769399352165,41.18979758626567,39.853856923812785,40.48769760131836,22900300
2019-08-12,40.02938473846715,41.345822302932035,39.951375690121196,41.08253479003906,23969200
2019-08-13,41.560342281209344,43.959182381268164,41.4530766047212,43.07180404663086,33040200
2019-08-14,41.81388547220449,42.07717297073881,40.624216861016826,40.99477005004883,24657200
2019-08-15,41.28730867858873,41.50184005024913,40.46819329207548,41.189796447753906,16104000
2019-08-16,41.579853156948346,42.78902502474944,41.49209065267364,42.467227935791016,17914100
2019-08-19,43.55937575857323,44.241972524054304,43.237582425613354,43.89092254638672,22613400
2019-08-20,43.73490170732267,43.85192084901566,42.94504296008749,43.13031768798828,13191000
2019-08-21,43.695894917120754,43.881169627512115,42.80852030233629,43.07180404663086,14973800
2019-08-22,43.3936116000875,44.31999281641967,42.954799053419244,43.666648864746094,20599000
2019-08-23,42.798765438140364,43.8519152600329,41.59934728755346,41.89188766479492,27519900
2019-08-26,42.652502149255724,42.68175507448058,42.08692079588758,42.3502082824707,12282800
2019-08-27,42.62324757823276,42.711010078031,41.29706034566074,41.384822845458984,19122100
2019-08-28,41.05327802000068,42.18443711655601,40.721731195845486,42.07717514038086,11545700
2019-08-29,42.89628215047173,44.095700322682156,42.81826939787944,43.55937194824219,18674100
2019-08-30,43.99818671182213,44.78804913430782,43.92992740961567,44.14445877075195,16391500
2019-09-03,43.491118984161986,44.202972435763755,43.33509717610553,43.87142562866211,17108100
2019-09-04,45.29512538416796,46.31901873863017,45.2463692663085,45.646175384521484,26978100
2019-09-05,46.70907180036829,48.40580838830741,46.69931834557782,47.81097412109375,33075500
2019-09-06,47.645198619791174,48.2692857596895,47.48917683481659,47.752464294433594,19565700
2019-09-09,48.30829915658453,48.75686138859481,47.64520554411138,47.90849304199219,19474400
2019-09-10,48.14251844823102,48.698346307604105,47.294150197585715,48.16202163696289,23111300
2019-09-11,48.776359990368846,50.112296825164705,48.60083500829605,49.22492218017578,31012900
2019-09-12,49.53696687262175,49.84901046553173,48.85437011818628,49.185916900634766,19671300
2019-09-13,49.25417646218874,49.683239194578064,48.815367714758665,49.24442672729492,14733000
2019-09-16,48.29854186612995,48.990892069961696,47.801223556190415,48.90312957763672,17495300
2019-09-17,48.932386897196096,49.644236634506676,48.688602587712204,49.57597732543945,13776500
2019-09-18,49.73199393729131,49.897765464886184,48.45456294995107,49.22492218017578,15247100
2019-09-19,49.89775900630457,50.024527859138196,48.51306623790755,48.58132553100586,16633600
2019-09-20,49.08840632310981,49.19567200925125,47.557441231471294,47.937744140625,23195000
2019-09-23,48.30830017607854,48.94213715559472,48.24979060203025,48.36680603027344,16198500
2019-09-24,48.50333146729965,48.65935328820575,46.85534703163447,47.30390930175781,24959000
2019-09-25,47.26491007330011,48.464328606204305,46.67007567538782,48.240047454833984,23571800
2019-09-26,48.15227983345845,48.50332984874606,46.933358235850626,47.39167022705078,33341000
2019-09-27,44.758798775047886,44.778298245493026,41.84313692287787,42.135677337646484,75941400
2019-09-30,41.930894241631925,42.38920985741659,41.521338455498785,41.78462219238281,31423100
2019-10-01,42.02840758216462,42.26244212323456,40.71197398322309,41.24829864501953,28087300
2019-10-02,40.780242216477156,41.60910744630125,40.72173263842874,40.93626403808594,26408500
2019-10-03,40.9557600437751,42.40871602492054,40.72172549250393,42.379459381103516,23627100
2019-10-04,42.62324081476408,43.510615407536,42.213685027262926,43.44235610961914,21860000
2019-10-07,43.19857993121864,43.617889251162026,42.964549071626735,43.06206130981445,14911600
2019-10-08,42.51597615349521,42.750010694678735,41.5603422400471,41.5798454284668,20664600
2019-10-09,42.10642515503753,42.301453341608685,41.765128618427944,41.81388473510742,12784000
2019-10-10,41.80412386351453,42.70125187464375,41.550589869848025,42.20392990112305,15572600
2019-10-11,43.28634450518718,44.68079115315889,43.17907880613495,43.97869110107422,27483700
2019-10-14,43.84216401848364,44.20296743114521,43.68614222809182,43.744651794433594,12443300
2019-10-15,44.085945469109404,45.39262927472526,43.92017395489265,45.304866790771484,17767700
2019-10-16,44.846562798640214,45.392637266176465,43.95918806904049,44.03719711303711,16646900
2019-10-17,44.63202371989226,44.97332020323649,44.15420492335765,44.368736267089844,11718700
2019-10-18,43.71539676157227,43.86166509058873,42.1551752130943,42.38920974731445,26215300
2019-10-21,42.86702452415256,44.17370834125125,42.82801814875196,44.095699310302734,15473700
2019-10-22,44.173712583664305,44.563768935425706,43.51061901758176,43.549625396728516,13802400
2019-10-23,42.954791134226255,43.70564719346246,42.857278906212436,43.549625396728516,13959200
2019-10-24,44.758804708032024,45.98747610086751,44.44676106160225,45.9289665222168,25760200
2019-10-25,46.10448542111556,47.069872881568266,45.7534354354964,46.835838317871094,19855300
2019-10-28,47.29414501537983,47.537929268036436,47.03085757612841,47.47941970825195,15240000
2019-10-29,47.58668830183024,47.94748797639743,46.86508895269587,46.91384506225586,12183600
2019-10-30,47.021114344166605,47.1381297600623,46.08497985744205,46.68956756591797,12932800
2019-10-31,46.10447987643385,46.68956435538593,45.30486776973346,46.367767333984375,15445800
2019-11-01,46.2995105611637,47.33315725978841,46.075229467282036,47.1771354675293,18311700
2019-11-04,48.16203127227657,48.6593533848014,48.025512643694434,48.357059478759766,16021500
2019-11-05,48.3863084457373,48.48382440092075,47.401421477431064,47.46968078613281,13682600
2019-11-06,46.95285683442986,47.099125179921366,45.938713271668256,46.49454116821289,21803600
2019-11-07,47.31365543224671,47.85973358079373,46.80658366285013,47.19664001464844,19253600
2019-11-08,46.377527079058204,46.81633584798133,45.78269278536727,46.0167236328125,18518800
2019-11-11,45.55840243137463,45.57790561801422,44.71003055188886,45.10983657836914,14635900
2019-11-12,45.636424164163415,46.49454601596082,45.519408731598986,45.73394012451172,15170700
2019-11-13,45.34387766207994,45.392633775810495,44.67103436495101,45.14884948730469,15423600
2019-11-14,44.973320077135476,45.66567021546099,44.63202359474821,45.63641357421875,11797400
2019-11-15,46.41652658578456,47.31365469296165,46.162992564974324,46.5237922668457,17859200
2019-11-18,46.75783043408992,47.20639266243994,46.28976501496121,46.63106155395508,12631200
2019-11-19,46.913848908798634,46.98210821174986,45.12934613773752,45.42189025878906,18384000
2019-11-20,45.00258547866889,45.34388202749361,44.10545727627428,44.43700408935547,24660700
2019-11-21,44.173715237701714,45.03183703122248,43.920181197721156,44.41749954223633,14192900
2019-11-22,44.78805134900018,45.2268638276352,44.61252635754617,44.72954177856445,11253700
2019-11-25,44.953815894507166,46.367765341396336,44.79779411746197,46.3385124206543,18803600
2019-11-26,46.465288527572966,46.48478799787537,45.382885652984264,45.55841064453125,12849300
2019-11-27,46.17275335161898,47.069881673533196,45.938722464061456,46.962615966796875,15409400
2019-11-29,46.748079004112896,46.75783245985145,46.260510373081814,46.32876968383789,7343600
2019-12-02,46.38727642379493,46.757829602291515,45.197607846431445,45.23661422729492,16053800
2019-12-03,43.998184002550616,44.271224914416415,43.4423561646082,44.10544967651367,20321400
2019-12-04,45.031834070380754,45.44138988954105,44.59302160709969,45.14884948730469,16921700
2019-12-05,45.548661857795594,46.221508967636666,45.100099597803904,45.460899353027344,13003800
2019-12-06,46.260508154140375,47.12838340042391,46.14349272986466,46.73832702636719,20468100
2019-12-09,46.38727668531722,46.58230487088091,45.27562086341339,45.29512405395508,16540500
2019-12-10,45.87046195029932,46.728580142128536,45.55841829511528,46.2800178527832,19263100
2019-12-11,46.56279624211263,48.11326437048704,46.50428667732108,48.03525161743164,22081300
2019-12-12,48.13277576080191,50.05379735383496,48.093769377627346,49.7027473449707,36590800
2019-12-13,49.75149984962814,51.019177451878974,49.439456246608025,49.927024841308594,30039700
2019-12-16,51.44823903766612,52.949951276878586,51.379979728597675,51.62376403808594,38629600
2019-12-17,52.64765748583227,52.657407220804465,51.34097352822559,51.68227005004883,28344800
2019-12-18,51.68226513900414,52.384365025585,51.067927738245885,51.72127151489258,39099100
2019-12-19,53.64229021496488,53.91533113236657,52.55989115903069,53.174224853515625,55792900
2019-12-20,53.53503349543987,54.53942361597434,53.271746006397656,53.69105529785156,44285000
2019-12-23,53.85682302086338,54.714944733274564,53.76906053073209,54.02259826660156,23693800
2019-12-24,54.07136327651128,54.25663802178569,53.67155713786914,54.04210662841797,8621900
2019-12-26,54.07135005934624,54.266378212930384,53.54477516062484,53.739803314208984,13537400
2019-12-27,53.86658348433965,54.14937046057845,52.55014596107594,52.68666458129883,17176700
2019-12-30,52.433128811485275,52.5403945009553,51.35072590116528,51.88705062866211,15271500
2019-12-31,51.5945066267269,52.559894045124786,51.46773775525276,52.442874908447266,13296400
2020-01-02,53.486269151988616,54.110360028890284,53.15472238482483,54.01284408569336,20173200
2020-01-03,52.813425168204226,53.93483432074189,52.65740338105448,53.174224853515625,16815800
2020-01-06,52.41362696105847,52.79392989173891,51.83829583724992,52.238101959228516,18768700
2020-01-07,54.00309383729325,56.948008336458514,53.9835906488395,56.82123947143555,49908200
2020-01-08,56.645717406379624,56.93825780851464,55.641327328436624,56.08988952636719,29730800
2020-01-09,56.870003553052655,57.026025362696494,55.07575088222184,55.88511657714844,22376100
2020-01-10,56.04113335847699,56.0703862827063,54.87096803121512,55.26102066040039,19122800
2020-01-13,55.59256282650171,56.34341881816894,55.44629449764356,56.02162551879883,16163000
2020-01-14,56.36292673904613,56.850495315888836,55.056242804313555,56.08988952636719,26454300
2020-01-15,55.61207131565532,55.699833809277436,54.45165942874333,54.77345275878906,21638600
2020-01-16,55.3877889180676,56.4019324384471,55.34878253962539,56.24591064453125,22732700
2020-01-17,56.57746373223668,56.67497596936573,55.59257302590759,56.22641372680664,20549200
2020-01-21,55.94361966110095,57.70861931769301,55.84610742984638,57.503841400146484,24821700
2020-01-22,58.04016805839602,58.75201778601849,57.38682418354728,57.69886779785156,22604400
2020-01-23,58.830024896021925,59.054305989759136,57.56234364989856,57.728118896484375,26146100
2020-01-24,58.50823009731507,58.527733287063214,55.81685314957394,56.32392120361328,28555300
2020-01-27,53.77881461383191,54.59792995801585,53.261989401526414,54.0323486328125,27310100
2020-01-28,54.85146290630882,55.36828438867311,53.86657605352637,55.06599426269531,18544900
2020-01-29,54.59792244389468,55.76808387180967,53.9153257977093,53.92507553100586,19278300
2020-01-30,52.83293522992886,53.7008067663467,51.89680438524354,53.661800384521484,30783800
2020-01-31,53.778810862654794,53.82756697215181,51.389724298774034,51.77002716064453,28550800
2020-02-03,51.92605340760715,52.764671954530904,51.68226911930852,52.442874908447266,20471900
2020-02-04,53.915327857684254,54.62717745080983,53.574027661625074,54.1201057434082,19998600
2020-02-05,55.602323882579945,55.83635472869201,54.432158492459926,55.35853958129883,19795300
2020-02-06,56.6359618885287,57.698857706455506,55.982618127948264,57.22104263305664,23358700
2020-02-07,56.528708639763266,56.55796156746229,55.35854317370715,55.4658088684082,20891100
2020-02-10,54.900223466800256,55.914367044808394,54.8027112350066,55.90461730957031,15929000
2020-02-11,56.440944250611544,57.37707510423048,54.92948227906681,55.82660675048828,26776900
2020-02-12,57.57210179205374,59.66864456240249,57.435583177780735,57.796382904052734,47180800
2020-02-13,57.54284539975989,59.12257036578721,57.39657704947435,57.85489273071289,23679700
2020-02-14,58.664260000778505,59.05431640992721,56.811497637102555,57.0455322265625,20920200
2020-02-18,55.651077272810916,56.596961505800785,55.21226480802938,56.314170837402344,21513200
2020-02-19,57.123531009295334,58.75200812106357,57.10402782162801,58.49847412109375,23335500
2020-02-20,58.39121424201486,58.49847992490094,56.25566147872709,57.5330924987793,20797100
2020-02-21,57.172287086012325,57.26979930444078,54.50040989475211,55.573062896728516,27038900
2020-02-24,51.98456187331842,54.081104476305704,51.30196513659,53.64229202270508,33321100
2020-02-25,53.4765190302282,54.071353259935556,50.26831705941978,50.80464172363281,41894200
2020-02-26,51.340976898840765,52.9206981776172,50.59012078168168,51.067935943603516,28075600
2020-02-27,49.37118957990979,51.53599128811768,48.74710246691823,49.32243347167969,36349200
2020-02-28,47.4404257162326,51.60425823833847,47.186887964063324,51.253211975097656,40121300
2020-03-02,51.877302135311446,53.33025454604877,50.80464893478147,53.23274230957031,33272700
2020-03-03,53.242491353425656,54.02260411452981,49.82951104308162,50.512107849121094,36893200
2020-03-04,51.70177472145537,54.00309910556384,50.91191225136124,53.91533660888672,28222000
2020-03-05,52.12108521508547,54.2273814640015,52.01381952558111,52.38437271118164,26223000
2020-03-06,50.90216112104384,51.86754483818094,48.75685859872914,50.190311431884766,30313700
2020-03-09,44.34923803484205,47.391664962971404,43.803159880622694,44.827056884765625,31260800
2020-03-10,46.95286518895343,47.06012717345819,44.1639717550459,46.670074462890625,31652900
2020-03-11,45.05133115886856,45.168346559945945,41.78461990336595,42.632991790771484,38483800
2020-03-12,38.42040863338706,41.482338962999854,37.055215013374045,37.84507751464844,40117200
2020-03-13,40.53645343787337,41.9504031334057,37.39651043784541,41.92115020751953,35264800
2020-03-16,36.421372297707954,38.16686874807143,33.59347669887332,33.612979888916016,36879100
2020-03-17,34.60761782248102,38.15711632327848,33.17416507413862,36.450626373291016,34869000
2020-03-18,33.4081902043871,35.65100816084627,30.35601237527321,33.82749938964844,36519000
2020-03-19,33.7982513344598,36.37261265260679,32.813364511931134,35.387725830078125,31015200
2020-03-20,36.830935531032566,37.63054780345787,34.94892028207085,35.21220779418945,37667400
2020-03-23,36.07032479993616,38.48866448452806,34.80264352959143,37.29899597167969,45286000
2020-03-24,40.780244851588215,43.31560054652229,40.11715113694012,42.19419479370117,45588000
2020-03-25,42.818276030800014,43.76416034331675,39.03474250058643,41.44333267211914,54091000
2020-03-26,43.78366492587016,44.61253011771139,42.252699709036435,43.67639923095703,62450700
2020-03-27,42.174686618843744,44.15421407210342,41.25805893089935,42.39896774291992,39791500
2020-03-30,43.0718085719218,44.437002147262504,42.077171896001644,43.413108825683594,33763900
2020-03-31,43.296087886205825,44.04694016513774,40.867994917676036,41.01426696777344,36723700
2020-04-01,39.54180655041164,41.24829638432456,38.352141881412145,38.898216247558594,37452800
2020-04-02,38.80070851307043,40.55595465818126,38.537421033325856,40.06838607788086,31457700
2020-04-03,39.951364217182636,40.819235554978626,39.54180474145666,40.19514846801758,28522400
2020-04-06,42.27219853695247,45.529157119037166,42.26244880113322,45.21711349487305,37899100
2020-04-07,46.894338971772314,47.16737614428984,44.895308844727936,45.382877349853516,34646400
2020-04-08,45.90945574745061,47.479423329628425,45.63641483415,47.08937072753906,27694400
2020-04-09,48.07425284515678,48.57157479298924,44.22246099211829,44.983070373535156,39799400
2020-04-13,43.78365858721122,45.236610826541515,43.28633656822213,45.02207946777344,30449900
2020-04-14,45.831451098215474,47.177141554998634,45.46089789884116,46.43603515625,25738000
2020-04-15,45.246366581826514,45.499900611565494,44.505260242860636,45.27561950683594,22389400
2020-04-16,45.850947102954684,46.026472079364325,43.549622941008536,44.39799118041992,26589000
2020-04-17,45.616916524291106,45.72418221028871,43.734901451387266,44.56377029418945,23388300
2020-04-20,43.41310983765694,43.959188024493116,42.2234412291243,42.32095718383789,30463300
2020-04-21,41.930900457404405,41.999159765211914,40.16590075016648,40.38043212890625,32482200
2020-04-22,42.038162669509994,43.10106230011862,41.68711270419294,42.81827163696289,21346600
2020-04-23,42.73051118123399,43.608136136335,42.34045481899951,42.68175506591797,22273100
2020-04-24,42.71101130057316,43.21808312282687,41.911399043902854,43.06206130981445,16581800
2020-04-27,43.88117192423175,44.26147481906528,43.47161610513505,44.15420913696289,16667200
2020-04-28,45.06108522248698,46.50428770730075,44.154207407322815,44.18346405029297,25234900
2020-04-29,45.42189508026739,48.89338132406242,45.17811076674905,48.59109115600586,35743000
2020-04-30,48.249786163161815,48.347302110937726,46.19224616325335,46.699317932128906,28585400
2020-05-01,45.20736350248711,45.75343798174845,43.41311081379971,43.9396858215332,28194000
2020-05-04,43.0913039257017,43.57887243967374,42.525726383817464,43.354591369628906,21377100
2020-05-05,44.31997790030983,45.7826834170207,43.98843116772793,44.28097152709961,21007500
2020-05-06,44.924568902408176,45.94846218188007,44.778296839689446,44.934322357177734,22011900
2020-05-07,45.94846213162897,46.31901529555225,45.18785633397078,45.431640625,16372100
2020-05-08,46.11424219493882,47.255151010456814,46.11424219493882,47.05037307739258,17437100
2020-05-11,46.55305139930216,47.51843514075373,46.26050726445919,47.00161361694336,17353500
2020-05-12,47.313652048542714,47.35265842490356,44.50525618805932,44.554012298583984,26738900
2020-05-13,44.72954470711725,44.739298162755034,41.88214571684278,42.447723388671875,35117500
2020-05-14,41.98941058159236,44.641781325186635,41.45308212769425,44.59302520751953,27543500
2020-05-15,42.20393726426078,43.666643079462276,42.16493460294387,43.305843353271484,28803900
2020-05-18,44.69053484214205,45.00257841490329,43.832413157122225,44.77829360961914,20307800
2020-05-19,44.6417784014727,45.08059087144423,43.90067578985097,43.99818801879883,17389500
2020-05-20,45.35363120322816,45.87045646773554,44.944075349695524,45.48040008544922,17876500
2020-05-21,45.34387356430051,45.41213286132522,43.64713343290117,44.095699310302734,17445300
2020-05-22,44.0274478154293,44.18346962482781,43.14007307700275,43.82266616821289,13385400
2020-05-26,45.07084113090035,45.529153070722124,44.31998506456511,44.66128158569336,24303900
2020-05-27,44.80755862341871,48.34730798059023,42.8085279494815,48.22053909301758,56071500
2020-05-28,47.48917619804018,47.57693868340238,44.924564654547055,45.31462097167969,38289300
2020-05-29,45.46089090329904,46.826084341536216,45.06108483807789,46.71881866455078,26337000
2020-06-01,46.309275682725946,46.48479698836684,45.16836301700987,45.1878662109375,21809100
2020-06-02,45.33412481691196,45.68517104359858,44.43699676243875,45.65591812133789,23035600
2020-06-03,46.84559436205276,48.191281088163336,46.270263236012994,47.703712463378906,34662100
2020-06-04,47.64520860267429,50.68763590707094,47.39167082405999,49.946533203125,34830800
2020-06-05,51.35072591760262,53.45702216651864,51.28246660970953,52.38437271118164,34110700
2020-06-08,53.14498491986969,53.28150355201019,50.93142271627432,52.36487579345703,22850600
2020-06-09,51.34098356539617,52.169848834640526,51.14595534914638,51.82855224609375,17840800
2020-06-10,51.60424828004843,51.974801381790776,50.287814817336915,51.16543960571289,18766700
2020-06-11,49.16641820524497,49.81976209501933,47.001616046535844,47.31365966796875,29897600
2020-06-12,49.03964115716567,49.22491585003779,46.18248941844215,47.47941970825195,24293600
2020-06-15,46.18249582389988,48.49356981806896,45.92895808285424,48.01575469970703,18092300
2020-06-16,49.888013960351834,50.85340132750254,48.620336472463734,49.751495361328125,20987200
2020-06-17,50.02453613635253,50.229314049530636,49.28343352300904,49.692989349365234,13905100
2020-06-18,49.244425369278645,49.77100031549703,48.776359990368846,49.22492218017578,13220200
2020-06-19,49.88801263040374,51.438480729137744,49.48820657826996,49.566219329833984,28081500
2020-06-22,49.82950173780862,50.122045828519006,48.990886999977114,49.87826156616211,15952200
2020-06-23,49.429698951478706,49.62472711817812,48.33754642575598,48.600833892822266,23194200
2020-06-24,48.41555775831901,48.85436647068795,46.826083268206034,47.08937072753906,19346500
2020-06-25,47.04062166038364,48.08401819997,46.10448709153097,47.96699905395508,14971900
2020-06-26,47.92799129517113,48.12301574475055,46.94310071347155,47.284400939941406,16929700
2020-06-29,47.47942406656523,47.9279899597168,46.39702501008858,47.9279899597168,24666200
2020-06-30,50.49259343535188,51.16544035626096,49.70273483407948,50.23905944824219,47852100
2020-07-01,50.239074554128976,50.278080939213524,48.376562444658454,48.464324951171875,25218400
2020-07-02,49.244431330705375,49.48821564422372,48.249790885168125,48.59109115600586,18562400
2020-07-06,49.48820492866096,50.15129841544108,49.22491748068774,49.65397644042969,16321000
2020-07-07,49.26392647622432,49.33218577527285,47.791467379942425,47.86948013305664,19797900
2020-07-08,48.32779554163584,48.51307024967351,47.74271105545674,48.474063873291016,15311900
2020-07-09,48.610589212363976,49.137164206997674,47.51843656115777,48.73735809326172,18510800
2020-07-10,48.766606126090764,49.449202859543014,48.17177560279034,49.439453125,18128700
2020-07-13,50.03429171983176,50.98017228659472,48.152276601843546,48.23028564453125,23296400
2020-07-14,47.85973018460423,48.552076626056014,46.75782423084181,48.474063873291016,17455200
2020-07-15,48.961636684851804,49.39069942274066,48.181527688489965,49.25417709350586,15911400
2020-07-16,48.581332903360114,49.03964855787298,48.006001831471664,48.8543701171875,14014000
2020-07-17,49.05916300411659,49.17617844834157,48.05476897163605,48.240047454833984,15003800
2020-07-20,48.42531328881803,50.04404089488568,48.30829786617005,49.93677520751953,17604200
2020-07-21,50.336571661779956,51.350715049923714,49.95626882118917,50.23905944824219,16650200
2020-07-22,50.297577791800826,50.48285251781832,49.751499629010574,50.36583709716797,11412600
2020-07-23,50.453601270338986,52.852437932631496,50.287826009039776,51.33122253417969,33399900
2020-07-24,50.00503461266247,50.00503461266247,48.41556364901227,48.776363372802734,25348000
2020-07-27,49.34194730845462,50.42435033770235,49.2346853270526,50.307334899902344,15991700
2020-07-28,49.98552452150978,49.995277975317556,48.79585982679857,48.8446159362793,15614400
2020-07-29,49.13715744018555,49.37119197885543,48.54232321925854,49.13715744018555,14714800
2020-07-30,48.50333251690445,49.488219585214466,47.88899495635654,49.47846984863281,17644300
2020-07-31,49.361439235988996,49.43945198995384,48.03525217740944,48.815364837646484,17433200
2020-08-03,49.13715744018555,49.36143852482392,48.776357757928416,49.13715744018555,15143500
2020-08-04,49.0981513322542,50.20005729311429,49.039645487156385,50.024532318115234,15753100
2020-08-05,49.81975665303987,50.00503137057329,49.37119446120969,49.7807502746582,13198600
2020-08-06,48.75685911148261,48.78611203659649,47.11862834774854,47.48918151855469,32204700
2020-08-07,47.479431404805595,47.95725029445826,46.85534415943727,47.537940979003906,13637300
2020-08-10,47.63544585379317,48.43505797831799,47.069868270036686,47.9279899597168,15881500
2020-08-11,47.79146541633202,48.50331873976642,46.445778959077415,46.57254409790039,21532800
2020-08-12,47.17713834257084,47.5184348714827,46.4750383746914,47.27465057373047,17176600
2020-08-13,45.987468727608025,46.05572803182954,44.78805045647609,44.992828369140625,41051700
2020-08-14,44.46625518798828,44.93432432120576,44.17371476961729,44.46625518798828,18167300
2020-08-17,44.758792812702225,44.797795468250136,43.62763396505357,44.095699310302734,17303800
2020-08-18,43.93968338757765,44.03719561922899,42.9547927365745,43.29609298706055,20118100
2020-08-19,43.19857631763513,43.588632677464474,42.759763842790406,42.95479202270508,19455500
2020-08-20,41.61885633390056,42.57449035133227,41.19954703688366,41.92115020751953,22445400
2020-08-21,41.78462469184516,41.989406317014044,41.34581595755474,41.59934997558594,15476700
2020-08-24,42.04791369193404,42.730510454305524,41.82363258941328,42.672000885009766,14972200
2020-08-25,43.76416342282339,44.40775389728313,43.491122447094,43.97869110107422,21524900
2020-08-26,44.466254103229076,44.6807854740658,43.57887941456783,43.842166900634766,15328900
2020-08-27,43.44235700316938,43.71539792030564,42.5842353147535,43.510616302490234,13777000
2020-08-28,43.510615909974526,44.6515282394861,43.30583801385927,44.554012298583984,13459100
2020-08-31,44.22247625399906,44.6807919876535,44.01769830826764,44.37849807739258,13241800
2020-09-01,44.39799140266514,44.65152913423837,43.93967949072607,44.62227249145508,14079800
2020-09-02,45.275614711863525,46.991854327963225,45.129342662601275,46.64080810546875,24636200
2020-09-03,46.57255098764117,46.64081401383632,44.71003908633984,45.17810821533203,20632800
2020-09-04,45.04158069001754,45.78268695893646,43.77390322143313,45.324371337890625,20608500
2020-09-08,43.8714244324452,45.08059248194976,43.422858491642,43.91042709350586,20893600
2020-09-09,44.73929259104571,44.73929259104571,43.34484619677556,44.027442932128906,17529100
2020-09-10,44.33949827007363,44.807563770431116,43.57888857712053,43.75441360473633,13744700
2020-09-11,44.10545415437509,45.324375627975506,43.84216666969502,44.94407272338867,18365500
2020-09-14,47.147880549759144,48.35705227391433,47.09912443536606,47.81097412109375,26715400
2020-09-15,48.14251459383958,48.4253052280315,47.48917456296784,47.83047103881836,14456000
2020-09-16,47.8889824774534,49.94652230642346,47.74271042786821,48.961631774902344,23542200
2020-09-17,47.93774449411152,50.014787766943584,47.59644796282951,49.712493896484375,20556900
2020-09-18,50.219572584010734,50.87291281073896,48.72761365681953,49.47846984863281,25549000
2020-09-21,48.37655213301553,48.54232365450961,46.69931513042551,47.9279899597168,21257500
2020-09-22,48.045015611147036,48.54233400148735,47.567196693495376,48.464324951171875,10845300
2020-09-23,49.74174708023302,50.32683163385013,48.40581015389843,48.61058807373047,19160000
2020-09-24,48.288803579939895,49.10791912922251,47.86949420829202,48.240047454833984,13842300
2020-09-25,48.33754502309632,48.36679794530386,46.5920487475593,47.918235778808594,17773000
2020-09-28,48.4058129173831,48.532581802548684,46.933357293764765,48.48382568359375,18904000
2020-09-29,48.47407009039503,50.10255117462573,48.35705466609237,49.4492073059082,35676600
2020-09-30,47.73296302298255,48.0450066054614,45.66567335909693,45.79243850708008,55392600
2020-10-01,45.928964388348405,46.982114436009574,45.880208268331536,46.72857666015625,24460000
2020-10-02,45.69492921280641,46.338519607922564,45.343879230042475,45.392635345458984,20277500
2020-10-05,45.8216962583486,46.54329566533506,45.811942803743015,46.416526794433594,16933700
2020-10-06,46.36775943700681,47.61593721428019,46.045966190263194,46.14347839355469,17926200
2020-10-07,47.21613248488059,47.781713739159024,47.118620271313105,47.206382751464844,13889300
2020-10-08,47.77197658036746,48.756863588111784,47.02112043472812,48.65935134887695,14569700
2020-10-09,48.990897439910896,49.34194372783639,48.084019493099824,48.64959716796875,13933700
2020-10-12,49.32244397005952,49.57597801873283,48.83487534427334,49.41995620727539,13108800
2020-10-13,50.59986224125449,51.438480721174244,50.35607797243376,50.560855865478516,22179400
2020-10-14,50.716878149322554,50.950912686435665,50.07328782207748,50.34632873535156,15899400
2020-10-15,49.497958507829566,50.67787724852934,49.06889951475422,50.64862060546875,14000600
2020-10-16,50.853402947238415,51.24345556832221,50.29757507930797,50.32682800292969,14225400
2020-10-19,50.67788176112103,52.65740909796944,50.024537899100324,51.32147216796875,24176200
2020-10-20,51.81878616716098,52.852432857607944,51.43848328402898,52.19908905029297,17343400
2020-10-21,51.97480846571446,52.618398824957715,51.85779305126649,51.984561920166016,12922200
2020-10-22,51.96506577734078,53.48627753099258,51.76028784432665,53.0279655456543,14842600
2020-10-23,52.745171057341715,52.774423982855886,51.07768734567653,51.5359992980957,16175700
2020-10-26,51.0971923957632,51.57500755586734,50.122055164697905,50.84365463256836,11678900
2020-10-27,50.736380635301366,51.01917127877599,50.25856555342618,50.668121337890625,8964800
2020-10-28,49.48820783615112,49.58572005823196,48.33754576030362,48.75685501098633,15463700
2020-10-29,48.47406613905393,49.644231446254906,48.152272818489116,49.22492218017578,12420700
2020-10-30,48.766608555387,49.17616810380163,48.07426205290266,49.08840560913086,15955700
2020-11-02,49.527213716501706,49.527213716501706,48.21077641248834,48.474063873291016,13103200
2020-11-03,48.88362793654777,50.30732732837674,48.76660879650608,49.81000900268555,11429500
2020-11-04,50.4438402578478,51.19469624921867,49.6637313446874,50.668121337890625,13554400
2020-11-05,51.565254208009094,53.41801258533052,51.467738259821814,53.22298812866211,16373600
2020-11-06,53.105962288214336,54.032343219880964,52.979197151349794,53.78855895996094,13922600
2020-11-09,55.065990343551384,56.39217732527553,54.48090588228052,54.568668365478516,20968500
2020-11-10,53.759311424702176,54.54917012526503,53.008455382545826,54.0323486328125,14502100
2020-11-11,54.57843348448602,55.524314094619584,54.46141433530901,54.958736419677734,14765500
2020-11-12,55.1927675007739,55.553570965743724,54.50042093802657,54.851470947265625,13785600
2020-11-13,55.3780369854769,56.74322669809411,55.339030608582824,56.48969268798828,14318800
2020-11-16,58.23518679578466,60.37073563205456,58.12792112330418,60.32197952270508,31397200
2020-11-17,59.48337345257539,60.6535389202033,58.80077661980465,60.448760986328125,17703600
2020-11-18,59.9709265625578,60.49750144465218,59.12255839908519,59.22982406616211,18734500
2020-11-19,58.54724324245541,60.42925849232388,58.16694029805204,60.29273986816406,12723600
2020-11-20,59.95142593101847,61.082584770477204,59.82465707181069,59.873416900634766,14115700
2020-11-23,61.05333600584961,62.896344577358526,60.75104215788114,62.58430099487305,20612600
2020-11-24,62.69156261906934,62.69156261906934,61.326369244103425,62.360015869140625,22625600
2020-11-25,62.07723598126617,62.408782788624876,61.05334263261096,61.85295486450195,12468500
2020-11-27,62.243011701485116,63.18889601291726,61.93096436298776,62.6330680847168,7500200
2020-11-30,62.954859590218035,63.62770668529751,61.999229234590445,62.496543884277344,20373500
2020-12-01,63.627683339190725,66.92364341471276,63.52041768397897,65.41218566894531,36160400
2020-12-02,65.92902548879442,67.66476848289105,65.10016037180186,67.39173126220703,23298900
2020-12-03,68.81541887214378,69.35174720644086,67.82078239000782,68.16207885742188,20462300
2020-12-04,69.3419892894409,72.53068385073739,68.78616152408813,71.51654052734375,31860800
2020-12-07,71.46781166108616,71.57507735633797,69.70281557691776,70.80471801757812,17460600
2020-12-08,70.20986953204158,71.72133497701634,70.19037006397531,71.37028503417969,15431100
2020-12-09,71.331273040098,72.75497216737647,69.02019567173436,69.63453674316406,18367300
2020-12-10,68.39612611271397,70.16112215432433,67.93781041490853,69.50778198242188,15610600
2020-12-11,68.63016376214755,69.54679524848078,67.67453332890048,68.77643585205078,15322000
2020-12-14,69.62479578276668,70.404901058941,69.26399234972334,69.76131439208984,13573700
2020-12-15,70.99973307173907,71.54581493136226,70.53167140886889,71.33128356933594,11538300
2020-12-16,72.34543931485824,72.50145741560613,70.82422005424958,71.1752700805664,13889300
2020-12-17,71.7603361217573,71.9066081757254,69.975840870405,70.46340942382812,11988100
2020-12-18,70.89245636150525,71.62380910570113,69.29323228937331,69.68328857421875,23912500
2020-12-21,68.25960137988812,69.91733158037438,67.91830486092991,69.69305419921875,13180400
2020-12-22,69.73207155739603,69.99535535927168,68.02558125422183,68.68867492675781,11154200
2020-12-23,68.71790609853501,69.29323336181504,68.15232484874096,68.21083068847656,8524000
2020-12-24,68.56189646398867,68.8836935363729,68.02557544972161,68.82518768310547,4848500
2020-12-28,70.00510060179829,70.31714420874954,68.71791979316112,68.9031982421875,8345200
2020-12-29,69.23472988237519,69.62478618655496,67.42097439168866,68.46437072753906,9403400
2020-12-30,68.66914569750253,70.84370447916865,68.62039331136592,70.13185119628906,11620300
2020-12-31,70.59018760974706,73.79839017669617,70.57068813747846,73.31082153320312,23214500
2021-01-04,74.57849162517323,76.65553105186243,71.91636396362536,72.20890808105469,31155900
2021-01-05,74.53949147593558,76.73355022088936,74.13968164468484,75.33910369873047,33418200
2021-01-06,74.46147246377556,76.49950551143557,74.20793472474072,75.19282531738281,22390900
2021-01-07,76.11922257272725,78.08900427426904,76.10947655537979,77.14311981201172,27945300
2021-01-08,80.48781399407713,82.06753871288629,75.15381307433029,75.49510955810547,51272100
2021-01-11,74.68576290526185,77.80620675705106,74.51999134830596,76.71405029296875,19920800
2021-01-12,77.22112933523472,77.64043869445261,75.88518848384106,77.48441314697266,18231000
2021-01-13,76.98707950788382,78.39127946650787,76.59703057689401,77.9232177734375,15067700
2021-01-14,78.02073565453594,80.16603468911582,77.57217339965858,79.2786636352539,17639300
2021-01-15,78.90809054072899,79.84422124254179,77.55265059792349,78.71306610107422,14322600
2021-01-19,79.25914206165733,83.54974677682343,78.94709848817465,83.37422180175781,26602500
2021-01-20,83.79354941700083,85.08073036970492,81.16068165364932,81.42396545410156,21191700
2021-01-21,81.91152505229783,82.98417448766045,80.45857270294036,82.89641571044922,14696200
2021-01-22,81.98953329173959,82.83789785014699,80.18553105362837,80.23428344726562,14229500
2021-01-25,81.12166320173696,81.42395334242202,76.92857041301122,79.25914764404297,19283400
2021-01-26,79.75646887372915,79.94174731405587,77.0455887706834,77.53315734863281,13678000
2021-01-27,75.40735793145461,75.66088823499737,72.48194646840308,73.2230453491211,23513400
2021-01-28,75.28059379674416,78.1865061166197,74.81253207631083,76.44100952148438,18351400
2021-01-29,76.4117560899833,77.39664680313894,75.03680898590108,76.32398986816406,17934400
2021-02-01,77.61116350433318,79.07386925396364,76.52876809413631,78.43028259277344,14900200
2021-02-02,79.23964826692031,79.70770994080577,77.93296059460224,79.5906982421875,11386200
2021-02-03,79.81499418767405,80.47808791298891,77.00660117206817,77.14311981201172,17456000
2021-02-04,77.18211737022807,79.31766295913894,76.99683890591304,79.22990417480469,11519700
2021-02-05,79.73695824248925,79.98074252008483,78.7130687404113,79.0836181640625,10958000
2021-02-08,79.7174602835127,81.97002467045102,79.61019460416269,81.92127227783203,12394800
2021-02-09,81.2776812693432,81.91152191495972,80.3513039378541,81.24842834472656,10362500
2021-02-10,81.91150587759857,82.34056852718673,79.2786390217005,80.30252838134766,9869200
2021-02-11,82.30157743248236,84.48588257822452,81.91152108224475,84.32986450195312,18750400
2021-02-12,83.96905357243901,86.12410560128335,83.33521298990703,85.82181549072266,14273900
2021-02-16,87.0017312334293,87.0017312334293,84.88568556106267,85.55852508544922,10312800
2021-02-17,84.53464783242565,85.1489816016406,82.78915131895977,83.91056060791016,10033500
2021-02-18,84.36886468518371,86.52392437808709,83.82279025062331,86.3386459350586,19168100
2021-02-19,88.00611704075108,89.21528487597747,86.60191733551711,88.6984634399414,21886500
2021-02-22,87.30402219230919,88.26940582513976,83.78377671372594,84.13482666015625,16077000
2021-02-23,83.12068125741747,86.98222313833325,80.39030194187072,86.03634643554688,23203200
2021-02-24,86.10460121180297,90.29768590329662,85.5487734120585,90.21967315673828,21281700
2021-02-25,89.24456084629792,90.78527953861558,85.40252501115656,85.9291000366211,22546200
2021-02-26,87.50879909084067,90.62924219692678,86.03634746311083,89.2542953491211,22787600
2021-03-01,92.18947557482574,93.36939074262041,90.268454021413,92.40400695800781,19908900
2021-03-02,91.24357670259637,92.54051081056073,88.63996247241028,88.82523345947266,18679600
2021-03-03,88.31816953131161,91.00955009215659,86.19237029117063,86.89447021484375,26424100
2021-03-04,86.60196478711313,87.51859647913356,79.81500822589751,82.23335266113281,31971100
2021-03-05,85.35375484558075,87.09925126335773,81.22892880466436,86.71894836425781,30329100
2021-03-08,86.36792048839807,87.48933000280331,82.75991503131132,82.93544006347656,22708300
2021-03-09,85.81206879611918,87.93786807070218,84.15433862480381,87.07975006103516,22301400
2021-03-10,87.77209795926088,87.77209795926088,83.18894883797833,83.28646850585938,23407800
2021-03-11,85.41225578052385,87.97687113783302,84.69065640319882,87.08949279785156,20716500
2021-03-12,85.39275936065451,86.32889012567115,84.28110361221563,85.58778381347656,21916400
2021-03-15,85.58778031825616,86.6994434610031,83.99830951751962,86.64093017578125,16144400
2021-03-16,88.49370568694883,92.32599538783968,87.86961844036618,89.15679931640625,28539000
2021-03-17,89.05928592676744,93.11585297706826,87.85986384793436,92.40400695800781,24616700
2021-03-18,90.65850616028945,91.15582821258727,87.18702012867998,87.58682250976562,27081000
2021-03-19,88.11339438091636,90.37571229473711,86.67994156523096,88.2596664428711,24963400
2021-03-22,89.54686471268982,90.12219217862273,87.42106499028165,89.01053619384766,19365800
2021-03-23,88.75697629574387,89.00076057274127,82.85740125623015,83.2767105102539,32043800
2021-03-24,84.89544068672976,84.98320690175962,80.85837334830661,80.93638610839844,24232800
2021-03-25,79.12263846050233,82.33084101081195,78.48879773930739,81.9992904663086,23630200
2021-03-26,82.06754517094267,85.94858681705925,81.94077258148921,85.80231475830078,23949100
2021-03-29,85.57802686724052,86.05584192341459,83.6374988429181,84.4371109008789,21772800
2021-03-30,84.11535231190744,85.05148330205043,83.13046147697987,84.38838958740234,13897000
2021-03-31,85.26598582056886,86.86520998341366,84.5541325023696,86.01683807373047,25372300
2021-04-01,90.6877387436507,92.0334250918757,88.98124903610889,90.11241149902344,39700600
2021-04-05,91.59463050999058,92.31622989985472,90.17093119930476,91.41910552978516,19795100
2021-04-06,91.50686964609326,93.71068176193444,90.35621491271856,91.16557312011719,22847000
2021-04-07,91.90667677585812,92.70628894464869,90.23919313507677,91.62388610839844,17621500
2021-04-08,92.63803907668715,93.99347926379055,91.4483704371387,92.92082977294922,17815600
2021-04-09,91.99443430749879,93.00857782686622,90.99004424265867,92.93057250976562,14080200
2021-04-12,92.82332230719466,94.54931206103608,92.39425951291913,93.21337127685547,18818300
2021-04-13,93.89595378342757,94.41277526450523,89.12753388181993,89.85888671875,27102100
2021-04-14,89.38108645201709,90.22945112226981,87.28453981685706,88.41569519042969,19117400
2021-04-15,89.46882563523987,89.67360352594552,87.22600741182582,88.02561950683594,16017000
2021-04-16,88.19142105419148,89.0592926684289,87.8403710259935,88.40595245361328,12358700
2021-04-19,88.41567261460415,88.42542606800946,84.36885245719634,86.21186828613281,21361600
2021-04-20,86.18259465600599,86.73842237924325,84.37859291846077,85.30497741699219,17396900
2021-04-21,84.8954609504991,87.33330448746227,84.18361480394236,87.26504516601562,14781300
2021-04-22,86.0071010703804,86.16312659889316,81.81401542764057,82.60387420654297,34044100
2021-04-23,83.1206778455531,84.31034620522757,82.46733782497944,83.89103698730469,18118600
2021-04-26,84.3201033568439,86.10460597462345,83.96905341761824,85.65603637695312,14757700
2021-04-27,87.10901364247535,87.94763228530637,85.84133222246375,87.23577880859375,17681000
2021-04-28,85.4805150978916,85.578027312354,83.22794351337326,83.89103698730469,19433500
2021-04-29,85.53903949154349,85.8998355072794,83.42299347596065,85.8705825805664,16463300
2021-04-30,84.76866454457176,86.28012995669943,83.43272410004792,83.93004608154297,14548100
2021-05-03,84.80768038174841,84.84668676109077,81.7847566599239,82.90615844726562,16300400
2021-05-04,82.0480186835734,83.31569963737728,79.99047921653872,82.31130981445312,17850500
2021-05-05,83.36447152137292,83.81303371034954,81.94077219817605,83.03292846679688,13172100
2021-05-06,82.75989443626321,83.00367872917582,81.20942246469185,82.69163513183594,13716900
2021-05-07,83.77404110806917,84.17384349469097,82.87690922255656,83.84230041503906,12746100
2021-05-10,82.8379049148176,82.88666475231928,78.79109135220499,78.83984375,24862900
2021-05-11,75.34884342269801,78.75207739284433,74.9100346862305,78.67406463623047,23227800
2021-05-12,77.17237431206362,77.98174015082846,74.51025333934682,74.89055633544922,23472600
2021-05-13,76.03145704463579,76.89932865300302,74.62725694134171,75.2708511352539,20153800
2021-05-14,76.83105106603902,78.15723808380277,75.16356755981525,77.71842193603516,18241100
2021-05-17,77.1333457046523,78.4205264221617,75.7876591398898,78.39127349853516,15011500
2021-05-18,78.5473158871732,78.90811194236099,76.84082553838664,76.91883087158203,20893800
2021-05-19,75.29033670006731,78.2742539286616,74.26644718030744,77.94271087646484,27300000
2021-05-20,78.4985280054648,79.46391154626558,77.5428904780151,79.11286163330078,17123000
2021-05-21,79.73695556882002,79.95148691626356,78.37176961182561,78.71306610107422,13076900
2021-05-24,79.39565351088567,81.54095939514727,79.33714767103383,80.83885955810547,15730400
2021-05-25,81.49221322607889,81.62873183508228,77.72818314422828,79.21039581298828,26272100
2021-05-26,79.55168015681672,80.39029859214153,79.00559836469738,80.19526672363281,12609800
2021-05-27,80.40981640628046,82.64288159221546,80.28305124260453,81.84326934814453,22286500
2021-05-28,82.12605505783222,82.62337710618883,81.15091787108942,82.04804229736328,11330300
2021-06-01,82.8086526948379,83.62777184567463,81.54097874575005,82.05780029296875,11067200
2021-06-02,82.29181708055927,82.71112631997195,81.37518585028377,82.24305725097656,10314200
2021-06-03,81.59948701594968,81.9797899559089,79.85399041063864,79.99050903320312,14742100
2021-06-04,80.90712343126701,82.27231680949711,80.79010430523402,81.67748260498047,12591100
2021-06-07,81.1216734277989,82.1358171008135,80.59509839913514,81.9505386352539,9006400
2021-06-08,82.85740523221735,82.86715868688287,78.02072583726114,78.52779388427734,29666500
2021-06-09,78.1767362711614,78.55703912917332,76.56775863511581,76.70428466796875,21434900
2021-06-10,77.42589517991006,78.83008768912676,76.5775231374846,77.30887603759766,22683300
2021-06-11,78.07923163082353,78.75207864785524,77.24061308312507,77.36737823486328,12675700
2021-06-14,77.5233935877634,78.92759328628512,77.39662845264328,78.48877716064453,14303000
2021-06-15,78.63506003567176,80.84862555647099,77.9329600896862,80.13677215576172,22308600
2021-06-16,80.67308945605724,81.04363884774264,78.12798122233916,78.48877716064453,18116400
2021-06-17,77.7184242827033,79.41516820177495,77.38688123810432,78.63505554199219,16003900
2021-06-18,76.93831837106316,77.30886778929114,74.2371844486018,75.03679656982422,39881500
2021-06-21,74.9392924777689,75.36835522730922,73.82763666278395,75.15382385253906,19810100
2021-06-22,75.68038903508223,76.33372909022728,75.1343146534333,75.7291488647461,16771800
2021-06-23,76.15821158651661,77.8842085458608,76.12895866173217,77.05533599853516,16662200
2021-06-24,78.43028128426265,78.88859693518675,77.93295925456776,78.57655334472656,15721000
2021-06-25,79.54194678196167,80.7803678408558,79.07387761909274,79.99050903320312,19603800
2021-06-28,80.57559282213761,81.5214771982032,80.11728453820832,81.30694580078125,18365500
2021-06-29,81.46296787072514,81.75550458589774,79.83449042650625,80.86813354492188,18530800
2021-06-30,82.7403843934958,83.27671279347706,81.35569144771539,82.86715698242188,40670800
2021-07-01,80.19529554326492,80.2050490001217,77.92323111634514,78.11825561523438,53299000
2021-07-02,78.60580852078093,78.87884574029233,76.92857138411804,78.33277130126953,22685500
2021-07-06,78.78131157717236,79.51266425712417,77.77692175372457,79.06410217285156,21126500
2021-07-07,79.65894163250594,79.77595330774835,76.01192400022101,76.27521514892578,23026900
2021-07-08,74.35420678340336,75.9436776402823,74.07141612057717,75.19282531738281,23114500
2021-07-09,75.4853610029697,76.98706548102781,74.82226752551196,76.78228759765625,15441100
2021-07-12,76.79205046984644,77.74768814916406,75.77790694230534,77.5819091796875,12639300
2021-07-13,77.30888510472518,77.52341650427256,76.15822277600428,76.49951934814453,14263400
2021-07-14,77.37713944473829,78.75208654087731,76.37274926570689,76.53852081298828,15952300
2021-07-15,76.3922461660481,76.50926531062345,74.44197172803158,75.00755310058594,16616800
2021-07-16,75.24159670576404,75.68040550943819,72.97927105570699,73.14505004882812,19132100
2021-07-19,72.00411649011573,72.82323548405212,71.38002937078578,72.72572326660156,23436900
2021-07-20,72.80375603297884,74.03242370213316,71.9358769718514,73.5156021118164,14855800
2021-07-21,73.47659462107735,75.3196035367972,73.46684116488579,75.2708511352539,15945800
2021-07-22,74.33472310306904,74.35422257650305,72.60872583571269,73.6521224975586,19042200
2021-07-23,74.0421645751045,74.14943025747348,73.03777449447313,74.05191802978516,12345200
2021-07-26,73.92515436884784,75.55363927077289,73.6326176504419,74.4029769897461,12023900
2021-07-27,72.93051512443277,72.93051512443277,70.70720340599854,72.37468719482422,23940500
2021-07-28,72.69646338129502,74.12016245086318,72.53068444383422,73.67160034179688,14348300
2021-07-29,74.1884219960996,75.20256533127994,74.06164942938668,75.16355895996094,14529400
2021-07-30,74.23718504119364,76.16795978037524,74.16892574150926,75.65113830566406,12528900
2021-08-02,77.07483387053779,77.51364257026292,75.5438689887851,75.70964050292969,14904200
2021-08-03,76.90906574128739,79.05436438501442,76.00218794086433,78.8495864868164,25807600
2021-08-04,78.4497984067329,81.02416046724436,77.56242726906419,79.94176483154297,29176900
2021-08-05,80.0977688896226,81.00464678181596,79.14213860132809,79.46392822265625,14821000
2021-08-06,79.1811300152572,80.81936065059314,79.03486540115144,79.96124267578125,14612600
2021-08-09,79.69797208911716,80.00026226111925,78.08899411095412,78.21575927734375,13363300
2021-08-10,77.8354494376594,77.8354494376594,73.88614088137408,74.02266693115234,40705000
2021-08-11,74.1494415421145,74.15919499827953,71.88712329279997,73.16455078125,31624900
2021-08-12,70.38538684344145,70.40488630938559,67.09917257385482,68.50337219238281,72492400
2021-08-13,68.30836602211538,69.46877426825428,68.14258703863268,69.15673065185547,25301400
2021-08-16,68.45462759760635,69.97584666935086,68.18159037541554,69.1664810180664,18135900
2021-08-17,68.42538353878312,69.67355811036697,67.87930902364201,69.02021789550781,17545800
2021-08-18,69.47851518505495,70.0928488515552,68.82517514358089,68.86418151855469,14004300
2021-08-19,68.39612755650815,69.05922119802493,67.32347804691813,68.53264617919922,18022600
2021-08-20,68.39613574404169,69.26400742348588,67.85006118790812,68.48390197753906,14603100
2021-08-23,69.07871958687632,70.09286322504279,67.18695837080081,69.95634460449219,22265000
2021-08-24,70.34638671285258,70.88271507020707,69.9075780129846,70.19036865234375,18092700
2021-08-25,70.98023623959256,75.11481580052687,70.38540196449347,72.19915771484375,36552100
2021-08-26,71.40930116994069,71.41904718545314,69.91733498911654,70.96073150634766,20315100
2021-08-27,70.65845146805844,72.30643596979428,70.35616127035118,72.16016387939453,14994200
2021-08-30,72.27718011948174,72.89151394669102,71.0192520963994,71.34104919433594,12810700
2021-08-31,71.8481076465899,72.7647389755595,71.49705766697203,71.86760711669922,14807400
2021-09-01,72.47220400128361,72.47220400128361,71.20452253255179,71.88712310791016,14007100
2021-09-02,71.38976979334589,72.16988226996355,70.51214511707701,72.15037536621094,14803300
2021-09-03,72.16014720876406,72.86224712871578,71.7700908710458,71.97486877441406,9222500
2021-09-07,71.92610878150623,72.63795464089264,71.34102805660785,71.80908966064453,12028400
2021-09-08,71.38003765299419,71.41904403244138,69.34200454489533,70.47315979003906,17375500
2021-09-09,69.84905994377841,71.44828401285162,69.6442820685598,71.05823516845703,14638100
2021-09-10,71.93586830544638,73.74962410106733,71.63357815274503,71.6725845336914,18240600
2021-09-13,72.70621985396699,73.34981391154507,71.69207637638391,72.5014419555664,15796700
2021-09-14,71.95535533571646,72.2771523098371,71.09723751109911,71.66281127929688,13945100
2021-09-15,71.13624720046099,72.09188481488846,69.97583913115577,71.984619140625,15258800
2021-09-16,71.47754848006467,73.0962721085113,70.97047304968001,72.77447509765625,12867700
2021-09-17,72.55996344229384,72.64772222022559,71.49706001364584,72.45269775390625,20449600
2021-09-20,70.79495609075029,70.95098160688622,69.42001656840634,70.5706787109375,23228300
2021-09-21,71.10700322973453,71.31178115009654,69.87833570756244,70.34639739990234,16026800
2021-09-22,71.22404225837815,72.72575486668322,70.83398577938708,72.13092041015625,16996100
2021-09-23,71.77984842976909,72.93051059999448,71.42879844972025,72.19915771484375,17304500
2021-09-24,71.47755522718731,72.64771681749274,71.25327041186402,72.20890808105469,14804300
2021-09-27,71.81886267446752,73.99341465821055,71.68234404946604,73.31082153320312,18435200
2021-09-28,72.647725381034,73.12554055210006,71.24352535537896,71.28253173828125,27311500
2021-09-29,69.39077916866901,71.49707202979664,68.47414765556016,69.85884094238281,38169200
2021-09-30,70.50332060032105,70.89392222098142,69.19481373873094,69.31199645996094,16923300
2021-10-01,69.6635127377324,69.88811103613398,68.4526547140183,69.32173919677734,17813800
2021-10-04,68.94089978754084,69.88810599711037,68.70654186922695,68.96043395996094,19525700
2021-10-05,69.53656053029708,69.53656053029708,67.97416210065906,68.84324645996094,14512100
2021-10-06,68.15971543674627,68.72607987817482,67.40780612727104,68.29642486572266,17899300
2021-10-07,68.74561478831295,69.98576675016481,68.47219592743885,68.88232421875,15236100
2021-10-08,69.2631690023858,69.2729360917575,68.06207031328037,68.47220611572266,13666200
2021-10-11,68.25735837770414,68.70654752901827,67.55427711474132,67.59333801269531,12700200
2021-10-12,67.75935355837515,67.79841446342945,64.12677133949114,65.152099609375,36911700
2021-10-13,65.17160896103123,65.83562926970366,64.6735993171048,64.820068359375,17532400
2021-10-14,65.69893415415619,66.48013731667369,65.23997785493506,66.20671844482422,15541600
2021-10-15,66.48989981087956,66.85120759283195,65.89424150025336,66.08953857421875,11786100
2021-10-18,65.43528776464936,66.04071318790729,64.73220635044754,65.67941284179688,11849300
2021-10-19,65.78682725056298,66.29460412355736,65.073978760478,65.98212432861328,16930300
2021-10-20,65.62080225805695,67.57380241395275,65.43527230931781,66.66565704345703,19457800
2021-10-21,66.35318997272681,67.085565170881,66.07977109076617,67.0269775390625,11140700
2021-10-22,66.9000307784738,67.46639523231289,65.50363519466904,65.92353057861328,17892100
2021-10-25,67.98395592215081,69.44870642287142,66.92933377360647,67.1441650390625,23341300
2021-10-26,67.73982644458,68.17924858624941,66.86097471113534,67.31993103027344,14267900
2021-10-27,66.90977898569092,67.07578965338635,65.86492424834483,66.63636016845703,13541900
2021-10-28,67.6617069013658,68.69679483870283,67.5542912720075,67.94489288330078,16966000
2021-10-29,66.78285903913859,67.91560303303984,66.44108540308441,67.4761734008789,11440900
2021-11-01,67.34923272526645,69.30223349468066,67.3199389057423,69.03857421875,11988400
2021-11-02,68.83348589708183,69.18502650832522,68.39406385807962,69.0971450805664,9761100
2021-11-03,69.0580939140563,69.65375961979949,68.60890472531808,69.57563781738281,10266900
2021-11-04,70.66932345362493,70.77673907360564,69.37057637575285,70.54237365722656,15936600
2021-11-05,71.2845350955296,72.00714336526242,70.65957538385136,71.20641326904297,13019300
2021-11-08,71.59700301980016,73.2668176696151,71.40170593623705,72.807861328125,18742300
2021-11-09,73.33516899097287,74.47767252202554,72.80785794969337,73.81365203857422,20127300
2021-11-10,72.41726597358257,73.38399918654905,71.47981912755354,71.68489074707031,15228300
2021-11-11,72.28055189419125,73.19846459789434,71.88995771824695,72.79810333251953,12192600
2021-11-12,73.25704783178846,76.18654867595674,73.18869311009543,75.48347473144531,26553200
2021-11-15,75.93265860587289,76.44043543829872,74.79991478338431,74.9756851196289,12650700
2021-11-16,74.76084172243054,75.33698062813066,73.99917287261019,75.00496673583984,11807600
2021-11-17,74.68274095072518,74.77062239547135,73.42305475862472,73.68670654296875,11600500
2021-11-18,75.09286960064635,75.6787682519305,73.96989283979013,75.21004486083984,16848200
2021-11-19,77.07514774940226,81.88929320052175,77.07514774940226,81.07879638671875,47216100
2021-11-22,81.69401567136126,85.60977636635985,81.69401567136126,81.88931274414062,34775200
2021-11-23,83.04159287461819,85.64884709068733,82.34827850162452,83.40290069580078,31823300
2021-11-24,82.75840012187916,85.11176941231032,82.62169067638837,84.18408966064453,21666100
2021-11-26,81.17647737480424,82.07486342485973,80.05350784992206,81.45966339111328,16487200
2021-11-29,82.39708777296406,84.2426726351205,82.1822639777214,84.11573028564453,18889800
2021-11-30,83.56889610165602,84.8774029063047,81.97719587049852,82.0260238647461,27301000
2021-12-01,84.51609623104314,86.95734675822398,83.00251792414886,83.14899444580078,31633400
2021-12-02,80.68820984686802,81.6256491565072,79.43829076734912,80.93233489990234,22994500
2021-12-03,81.74283194251893,82.44591328794999,78.74497658638204,79.70195007324219,19167200
2021-12-06,79.90703329275335,81.27413540732103,78.6375797327747,80.51245880126953,15094900
2021-12-07,82.43615736524768,84.99459095206656,82.3482759102185,83.81302642822266,21716900
2021-12-08,83.4321859173661,84.31103020517465,82.0553169529492,83.99855041503906,12908500
2021-12-09,83.29547372661888,84.50633194218081,82.64121290158191,82.93416595458984,11964300
2021-12-10,82.35803370380677,83.66654801128635,82.1529695298948,83.52983856201172,11955900
2021-12-13,84.57469842358928,85.32660043739361,82.22132893408155,82.36780548095703,13054400
2021-12-14,81.26435554363431,82.77792652712763,80.96164283695684,81.33271026611328,12082500
2021-12-15,81.51825493725758,83.77396842927493,80.13161873665138,83.64702606201172,13971500
2021-12-16,83.86184175471347,84.2915042639473,80.19996568766854,80.74681091308594,16503200
2021-12-17,79.70196221205293,81.3327160282313,79.03794166802552,81.04953002929688,23165900
2021-12-20,80.2097257986278,81.29364161618537,79.00863472518637,80.10231018066406,22346800
2021-12-21,86.8987539642494,88.99823096284562,85.29729417232147,88.54904174804688,58363600
2021-12-22,87.8850116594449,88.35373499967469,86.83038973150641,88.2170181274414,18593900
2021-12-23,88.56856697630334,92.76752090245671,88.22679338931538,92.2011489868164,36400100
2021-12-27,91.51760793264316,92.69917238387326,90.55087473620141,92.21092224121094,17110100
2021-12-28,91.54687540018611,91.68358480477542,89.89658800893888,90.75591278076172,13683800
2021-12-29,91.79102281170762,94.4763984790714,91.70314136591732,93.91002655029297,32234600
2021-12-30,92.18163389930591,93.26554987639817,91.23442737426976,91.6836166381836,19327800
2021-12-31,91.88889980037442,92.29946543508247,90.94068336446558,91.05799102783203,13660600
2022-01-03,91.80092142271874,93.6875692671092,91.38057829964512,93.59959411621094,18705500
2022-01-04,93.45296719350175,94.42073120355596,91.43923406238598,94.17634582519531,19725000
2022-01-05,93.23790901407517,96.23896123112168,92.23104242533401,92.27992248535156,28613100
2022-01-06,92.96419550326212,94.53803792074463,92.00620900621612,93.50184631347656,22320300
2022-01-07,93.9319484078584,95.00724990126699,91.83024038976635,92.32878112792969,14857900
2022-01-10,92.14304979614425,93.52137922230997,88.99536545391304,91.78135681152344,20290000
2022-01-11,90.38348391290046,92.15283159664946,89.59167770446906,92.08440399169922,14924900
2022-01-12,93.02285619530004,94.0688253410566,91.6738441017476,92.9739761352539,13339200
2022-01-13,94.3327527376496,95.90659511571964,93.15970594589349,93.47251892089844,23679800
2022-01-14,92.31902709669278,95.24187426599113,92.27992453941836,95.17344665527344,18385000
2022-01-18,93.38454314571702,93.79510880708176,90.46169599735822,90.78428649902344,19900500
2022-01-19,91.61518458358736,92.65137611926636,87.75389143620463,87.97872924804688,19043800
2022-01-20,88.2524365224856,88.30131657577375,83.02259151676057,83.1594467163086,24701300
2022-01-21,82.32856001063051,83.22789655021566,79.68919304699885,80.0899887084961,29716300
2022-01-24,78.4672329120136,81.17502635295477,75.89630210757423,81.08704376220703,29757100
2022-01-25,79.10264028674573,80.56895223824122,77.86116611602077,78.90713500976562,22128400
2022-01-26,81.3803414603091,82.88575647958601,78.79963212956318,80.12908935546875,21018700
2022-01-27,81.63447279029339,81.82020055840152,76.62945884932566,76.9520492553711,22694000
2022-01-28,75.6323702534918,77.4994701888782,73.82391294930108,77.48969268798828,24434600
2022-01-31,77.18666558993816,80.46142768399746,76.2677743166375,80.42232513427734,21898200
2022-02-01,80.3538988363513,80.53963408601355,78.61387636493309,79.62074279785156,15237400
2022-02-02,81.05773524558217,82.79775783332676,80.68627217947301,82.61203002929688,19862800
2022-02-03,80.81336551966243,83.26699712221547,79.87492644103217,80.12908935546875,19598200
2022-02-04,79.39591069101476,80.34412700635126,78.0468988370108,79.34703063964844,15657500
2022-02-07,79.5327497965574,80.19747808720895,78.6725162560866,79.05375671386719,11799800
2022-02-08,79.32748253444235,82.50449194157983,79.18084983942627,82.23078155517578,18315700
2022-02-09,82.6999884218671,86.78611115326623,81.68334462489172,86.14093780517578,22386900
2022-02-10,87.1869346800139,92.51453323283188,86.49288106294563,88.975830078125,33820700
2022-02-11,89.22997737623982,92.45586696418597,86.95230413509204,87.7441177368164,31000000
2022-02-14,89.92403372218473,91.07753290360613,86.7176990370267,87.84187316894531,23499100
2022-02-15,88.96604191830252,94.33274193604787,88.96604191830252,93.8439712524414,27069700
2022-02-16,92.3190137167749,94.32296914481401,91.46854999992811,93.90262603759766,15573600
2022-02-17,92.90553874446978,93.84397762576148,91.39034653916747,91.62496185302734,17943300
2022-02-18,92.40699044328274,92.55362314980304,86.90343486187462,88.7607650756836,19530500
2022-02-22,87.82232586290216,91.85957708082951,86.6786040837331,88.53593444824219,24825700
2022-02-23,89.41568813504232,89.8067060776925,85.11450568198413,85.34911346435547,19135400
2022-02-24,82.24055030834505,86.94252922859374,81.90818983236976,86.83499908447266,24472300
2022-02-25,85.98453908937059,88.44794754919455,85.31981065110607,88.07647705078125,15008700
2022-02-28,86.46352334248463,87.73432999131626,85.202501652767,86.86431884765625,17269800
2022-03-01,86.57105630465881,87.82230799218385,82.75865114987104,84.32271575927734,20794800
2022-03-02,85.21227223730432,91.95730861233632,85.07541705370483,91.20460510253906,28398700
2022-03-03,89.56234260085786,90.11954088092597,86.40488070843939,87.17713928222656,22099800
2022-03-04,85.45665889008393,85.45665889008393,78.7116224100036,80.0704116821289,28211500
2022-03-07,79.92378363963111,81.10660778964039,73.9314503328456,73.9998779296875,26715500
2022-03-08,74.53752730504407,78.44769267186605,72.26963169060926,75.42709350585938,28343200
2022-03-09,78.17398716860949,78.68230541648103,75.7985612616839,77.65589141845703,19647900
2022-03-10,75.99407014232236,75.99407014232236,72.1523319501727,74.01943969726562,21692000
2022-03-11,74.93830938070656,74.97740446427296,71.00858971607863,71.1845474243164,22786500
2022-03-14,70.13859025721943,70.85219870792828,67.41124905817497,67.84136962890625,24893400
2022-03-15,68.47678128643658,71.87862134255127,66.80517885042664,71.46805572509766,22851000
2022-03-16,74.75259985207734,77.9198322303394,74.43978686975578,77.88072967529297,35742800
2022-03-17,76.44373598118568,78.7702893315147,75.46619456220353,78.71163177490234,21612200
2022-03-18,77.32352112871293,79.37635652082855,76.3068772056164,77.6265640258789,28601200
2022-03-21,77.21597302677442,78.09576154969825,73.83368155690914,76.59034729003906,30878200
2022-03-22,75.95497913562805,77.93939484313518,75.76925130359429,77.34309387207031,16768000
2022-03-23,76.11138520414671,76.46330075659218,73.39382090541241,73.95101928710938,28059800
2022-03-24,74.19540319372295,76.77611222150028,73.6284273196378,76.45352172851562,23348000
2022-03-25,76.51215037642154,76.5414828786896,73.44267144724448,76.3459701538086,22491000
2022-03-28,76.8249703477845,78.37926495691465,75.5346160770201,78.06645202636719,26605300
2022-03-29,80.25613271803637,80.6960307421261,77.47991923145106,80.20726013183594,41290700
2022-03-30,82.40674135938067,84.3031665660777,76.8347510157006,77.3821792602539,70087000
2022-03-31,75.92562577062718,78.16419608896975,75.10449471484094,76.14068603515625,34588600
2022-04-01,76.66856900768938,77.13779214107954,72.39671058825232,74.46910095214844,33536100
2022-04-04,75.17291005812197,76.4241614391536,74.79166963602785,75.92561340332031,24305700
2022-04-05,74.98719976352827,76.26777660863851,72.63132887197094,72.93436431884766,21171400
2022-04-06,71.53647776813425,73.20807261617712,69.86488292009136,72.12300109863281,28080100
2022-04-07,72.0154721112501,73.00279099928925,70.51005748195792,71.63423156738281,22658600
2022-04-08,70.96859971102637,71.31120525046595,69.33387651695703,70.61620330810547,20562600
2022-04-11,69.0597730451996,71.36992328598475,68.60948306809458,70.50850677490234,21127900
2022-04-12,71.25247231007916,72.0355695894195,70.05824093072677,70.44000244140625,18658500
2022-04-13,70.83154573964386,72.1921842763422,70.34210720217713,70.85111999511719,18892000
2022-04-14,71.02733076515435,71.27205007729255,68.6095027663104,68.6486587524414,18543500
2022-04-18,68.76611906594766,70.57704028079796,68.57034662529787,69.64710998535156,17476700
2022-04-19,69.46112404765022,71.85937762826185,69.27513499294116,71.19374084472656,15139000
2022-04-20,72.25093198069084,74.61982075066983,71.35036664638012,71.65381622314453,19042600
2022-04-21,72.4075448848216,72.91655772315382,69.15767300495882,69.42196655273438,17645300
2022-04-22,69.14786979802952,69.48069185725639,67.84596161230569,67.94385528564453,18682400
2022-04-25,66.97478200427726,68.68781725192629,66.495134226043,68.63887786865234,20072100
2022-04-26,67.23906323960172,67.69913662260247,65.62391470268547,65.66307067871094,18628700
2022-04-27,64.73314922923836,67.0335167191317,64.46885566031482,65.06597137451172,17123600
2022-04-28,66.2210432288711,69.31429125792577,65.64350180475377,68.69760131835938,21058400
2022-04-29,67.6404235550214,69.82332333682962,66.58323422208535,66.74964904785156,16843500
2022-05-02,66.72027865793461,69.24577635191896,66.15252804597868,69.10873413085938,15342800
2022-05-03,68.98147737672245,70.44000231145435,68.71717635089941,69.75479125976562,13539100
2022-05-04,70.25399775506291,72.3390105076703,68.67801268385908,72.06492614746094,17201900
2022-05-05,70.7826005232457,71.02731979759601,68.87379317060915,69.78414916992188,16603600
2022-05-06,69.05980125568976,70.39107507278077,67.43486124108922,68.86402130126953,15159800
2022-05-09,67.7382955061092,69.89182970794177,66.05463308855421,66.49512481689453,21770900
2022-05-10,68.10048467764153,69.0989361088201,66.18188631332025,67.45442962646484,17662700
2022-05-11,67.20972751028026,69.38282911803272,65.40858916680365,65.5456314086914,17237300
2022-05-12,64.60587601980195,67.4446205506833,64.47862471014686,66.27975463867188,27022900
2022-05-13,67.6404002461767,71.0958349143783,66.58321127754739,70.40083312988281,22872000
2022-05-16,69.99950124794364,70.51830489924437,68.83463514678505,68.9814682006836,13394700
2022-05-17,70.72387700756886,73.1514957258267,70.6259907821753,72.90677642822266,17671500
2022-05-18,71.63423050520323,72.65226364264282,68.60949621261754,69.54922485351562,20635100
2022-05-19,69.26535567670837,70.18549520500999,67.5914764904866,67.93408203125,17558000
2022-05-20,69.10872937929969,69.19683221148959,64.71357280724078,67.44464111328125,20313300
2022-05-23,67.31739228039518,68.71718719392756,67.07267294214296,68.12007141113281,12356200
2022-05-24,66.91604323915355,66.96499008443794,64.61568340734836,65.21279907226562,18764500
2022-05-25,64.53737712032196,67.39569688594587,64.50801199786375,66.4364013671875,16241200
2022-05-26,64.98766169873134,69.53944252175573,64.94850571153704,69.10873413085938,14902500
2022-05-27,70.24423228862982,71.88874633780311,70.12676433217436,71.77127838134766,13078700
2022-05-31,71.91810891279947,72.90677697362311,70.41063713209263,72.28028869628906,15453000
2022-06-01,72.92634444863286,73.79754447613051,71.01753707787725,71.99641418457031,13595400
2022-06-02,71.58530149772011,73.81714824068277,71.58530149772011,73.77799224853516,11373200
2022-06-03,70.17571218312561,70.17571218312561,67.65020709507641,68.46267700195312,30306600
2022-06-06,69.24578176125921,70.61621154715112,68.53120547680456,68.96190643310547,13198700
2022-06-07,67.19991892453898,69.37302742749203,66.68111522159327,69.26535034179688,14328000
2022-06-08,68.36479155876728,68.91296796134645,66.32873231626711,67.15098571777344,16363000
2022-06-09,66.50493872853467,67.23909684237074,64.60591401757442,64.62548828125,15073700
2022-06-10,63.47039570294027,64.17518850006635,60.964472396039106,61.29729080200195,26626900
2022-06-13,58.75221290313284,59.67235617244059,57.34263100957454,57.597137451171875,24278600
2022-06-14,58.10614942017021,58.60537513395629,56.500791458511394,57.46009063720703,17036000
2022-06-15,58.0767828588836,58.81094071831187,56.334378999972245,57.8712158203125,19726200
2022-06-16,55.79600910950567,55.79600910950567,53.10409638931022,53.84804153442383,22706200
2022-06-17,54.71923220024346,55.13035879600135,52.46781184934884,54.5723991394043,24139800
2022-06-21,55.61980153311759,56.69656494645707,55.149940930890175,55.600223541259766,15502800
2022-06-22,54.777969905601026,55.93304535704888,54.425573498837906,55.14994430541992,13513800
2022-06-23,55.414239849675454,55.629594032325556,53.79909094804013,55.03247833251953,13366600
2022-06-24,55.94282546631833,57.75374653346558,55.92324747702619,57.20557403564453,15647600
2022-06-27,58.32150733102236,58.78157709130298,57.13706304123192,57.53840255737305,16159900
2022-06-28,57.734181783934595,59.310174809226474,56.588897153601785,56.637840270996094,19393600
2022-06-29,56.02114093900767,56.30501621930029,54.15148566203376,54.836700439453125,17351400
2022-06-30,53.828456040541795,55.2184597990733,53.0747201880812,54.112327575683594,29572400
2022-07-01,52.16436540035,52.820211313316484,50.31428814243551,52.516761779785156,43681700
2022-07-05,51.07781687708267,55.68832797943807,50.98971777233165,55.531707763671875,33745900
2022-07-06,55.6491636780922,56.89233808868633,55.267402192579034,56.158180236816406,23565000
2022-07-07,57.851641451456445,58.05720850289833,56.618257813406196,57.6069221496582,22945500
2022-07-08,57.10181053644194,59.2693637202504,56.984112598353555,58.0041389465332,19283000
2022-07-11,56.993929168572905,57.48432607590335,56.601610146135954,56.69969177246094,13941800
2022-07-12,57.29797154532232,58.92609283217362,56.98411783112798,58.04337692260742,21523100
2022-07-13,56.277959510564465,58.278776382385324,56.25834318203076,57.72953414916992,13987600
2022-07-14,56.8271980700368,58.514164800556266,56.21910689053192,58.21011734008789,14803800
2022-07-15,60.29920095812024,60.514976786308004,58.259151847601565,60.34823989868164,20317800
2022-07-18,60.89748352795815,61.13287567202638,58.98493498473413,59.28898239135742,13233000
2022-07-19,60.2893957430725,61.55461689444555,60.20112415191332,61.201534271240234,19103700
2022-07-20,61.02499221705081,62.300023425140765,60.66209581255921,62.08424758911133,15176200
2022-07-21,61.397690527641046,62.45694963001616,60.74056047598463,62.41771697998047,12924700
2022-07-22,60.11285400390625,61.711545233435324,59.83822919068944,60.11285400390625,22201700
2022-07-25,60.17170059149684,60.64248492718846,58.55339300024634,58.9947509765625,14479400
2022-07-26,59.15167379051022,59.52437273038164,58.40626842790473,58.514156341552734,11044800
2022-07-27,59.328222917411104,61.19172902790411,58.465123263120866,60.701332092285156,14589800
2022-07-28,61.05441565499649,61.10345459799934,59.033979026968005,60.877872467041016,10120300
2022-07-29,60.17169858065869,60.89748764428301,59.60284011797495,60.671905517578125,14199700
2022-08-01,61.299611649916926,62.76099603788075,60.809214756717594,61.338844299316406,13347200
2022-08-02,60.56402221500848,62.08425198385999,59.71073258524811,61.27019500732422,11535800
2022-08-03,61.299606056064945,63.290616063508004,61.24075708733595,63.015995025634766,12290100
2022-08-04,62.88848278075671,63.74176834848861,62.42750863214442,63.60445785522461,11338400
2022-08-05,61.65270264658285,62.00578903485976,60.61305980792659,61.26038360595703,15047100
2022-08-08,60.799412598626034,61.41731003223533,59.80880871181406,60.26978302001953,11454300
2022-08-09,57.86683740258012,59.37726083611648,56.63103879241595,58.01395797729492,33107200
2022-08-10,58.847624717299254,60.37766430686427,58.24933993404438,60.22073745727539,17418400
2022-08-11,60.80921604420544,62.86888154267852,60.80921604420544,61.123069763183594,18298500
2022-08-12,61.45654579803046,64.16353532345093,61.034804120524,63.790836334228516,16194000
2022-08-15,63.457359313964844,63.869298419317836,62.662918687325615,63.457359313964844,9689100
2022-08-16,62.88849999463063,63.320044170356844,62.005784094272684,62.63349151611328,9275400
2022-08-17,61.60366288062057,61.60366288062057,59.59303250100664,60.43651580810547,14728400
2022-08-18,60.56401370056589,62.201937457390564,60.073616828496526,61.770389556884766,11303900
2022-08-19,60.65228538916143,61.05441067527708,59.12224579881756,59.34782791137695,14050300
2022-08-22,58.41607858344423,58.46511752390589,56.85661633160294,57.190086364746094,13096800
2022-08-23,57.22932041824974,58.15126904412733,56.65065188933377,56.74873352050781,12769100
2022-08-24,56.768344742199425,57.44509110000552,56.25833153024924,57.190086364746094,9961300
2022-08-25,57.47451941142748,60.09324099561293,57.45490682644438,60.02458572387695,12171600
2022-08-26,59.89708094102668,60.044201517115496,56.50353507146446,56.52315139770508,15754000
2022-08-29,56.20929546195675,56.88604185434306,55.434467442204024,55.91505432128906,11607600
2022-08-30,56.37602592244411,56.68987963215627,54.512519988707055,55.21868896484375,12743700
2022-08-31,54.91465284739069,56.06217992997023,54.738109643696625,55.444278717041016,14172200
2022-09-01,54.19866678416564,56.29756877678809,53.73769621646282,56.20929718017578,17594500
2022-09-02,57.180280694150014,57.670677619042266,54.92445558793199,55.24811935424805,12809700
2022-09-06,55.24812220895206,55.60120487031592,54.07116878011044,54.169246673583984,12133300
2022-09-07,54.24770433458616,54.649829627433796,52.972669450572,53.94365692138672,17030600
2022-09-08,53.443459636626194,54.84599142897897,52.70786423393218,54.326171875,18415300
2022-09-09,55.09119093392651,56.57219180110656,55.09119093392651,56.33679962158203,13925600
2022-09-12,56.356417398830196,57.02335755964502,55.93467571650811,56.82719802856445,10711500
2022-09-13,54.63021714947864,55.15984671630271,52.11938359453721,52.59016418457031,22361800
2022-09-14,52.85497614112718,53.18844617557785,51.452440738122725,52.08995819091797,19984900
2022-09-15,51.687834325253945,52.42342967976487,50.98166158766539,51.67802429199219,15620800
2022-09-16,50.89339211309748,51.99188017394013,50.50107681922661,51.83495330810547,24901700
2022-09-19,50.97185709951751,51.75649142380782,50.88358550419537,51.09935760498047,19251400
2022-09-20,50.54030460479892,50.59915358121405,49.61835975621779,49.82432556152344,19373800
2022-09-21,48.78468895449573,51.50148469387933,48.765072628037686,49.13777160644531,31117300
2022-09-22,48.84352924936085,49.40258140182664,48.40217130230066,48.70621871948242,21317000
2022-09-23,48.33352092882423,49.18681429330627,47.519463958689975,49.13777160644531,24591700
2022-09-26,48.97103296078612,49.49085245871296,47.872544992147176,47.941200256347656,19266800
2022-09-27,48.86314941721531,49.677210110427254,48.45121779517912,49.60855484008789,17297500
2022-09-28,49.14758276945213,50.20683823249847,49.13777273528189,50.02048873901367,17784300
2022-09-29,49.07893732278134,49.333942140788785,48.274686465653765,49.04951095581055,25582100
2022-09-30,49.56932330565877,51.06013044358442,48.85334422638301,49.13777160644531,38917700
2022-10-03,50.030295169958244,52.07034827691533,49.66740247472462,50.726661682128906,24632400
2022-10-04,52.531322079116755,53.757314441238705,51.64860608181625,52.92363739013672,24275500
2022-10-05,51.8643884680634,54.13983027948016,51.168021875170055,53.678855895996094,20418300
2022-10-06,53.355192687150186,54.05155549775999,52.27631709101092,53.57096481323242,17149400
2022-10-07,52.6421585289837,53.71347965217101,51.61014908743586,52.0032958984375,21977700
2022-10-10,52.16055703934049,52.21953018936841,49.8999721121686,50.49951934814453,17227400
2022-10-11,49.77219518705131,53.841248508129674,49.46750997418001,52.78958511352539,32813700
2022-10-12,52.68145561482872,52.8485442754753,51.492192277565636,51.84602355957031,18131900
2022-10-13,50.47002057419684,54.961704809359794,49.870477210191055,53.91987228393555,27605000
2022-10-14,54.2933750170971,54.489944694563654,51.69861253221917,51.816558837890625,20403000
2022-10-17,53.664327458656395,54.04764724350681,51.944316915118364,52.58317947387695,18261700
2022-10-18,54.06731037083245,54.19508365410439,50.774719700615684,51.64946746826172,19774800
2022-10-19,51.1973448249634,52.514381678036585,51.16786012840953,52.12123489379883,14786100
2022-10-20,52.58318504911476,54.15576478449814,52.25883836969616,52.77975845336914,15711800
2022-10-21,52.57335397303766,55.31553943878867,52.42592299399355,55.089481353759766,20199200
2022-10-24,55.26639531242993,55.83645774774836,54.1262741911185,55.27622604370117,15293600
2022-10-25,55.70869543789687,56.052696113506606,54.3916583880499,54.912574768066406,17313000
2022-10-26,55.11897219329187,56.45566304769773,54.01816266708603,54.4997673034668,23511300
2022-10-27,54.421136212950216,55.266399194023016,51.226830702674356,51.31528854370117,27335800
2022-10-28,50.94180291418345,53.50707279019584,50.57814082025709,53.113929748535156,19171100
2022-10-31,52.98616608551294,53.98868720989316,52.25884551512191,53.172908782958984,15932500
2022-11-01,54.145930355477134,54.48993095362187,53.18272493134655,53.91987228393555,11729700
2022-11-02,53.801936872362134,55.30571647072672,52.504553910853964,52.53404235839844,17302700
2022-11-03,51.80671348169203,53.438266089703085,51.02042374578162,52.56351852416992,12769200
2022-11-04,54.31302287202114,55.93474877386595,53.88056438121459,55.197601318359375,18882700
2022-11-07,55.46297075256702,55.84628680120447,54.50959224746576,55.59074401855469,11411300
2022-11-08,56.396687160219386,56.87828799182937,55.51210884802208,56.50480270385742,14190100
2022-11-09,55.25657243790803,55.67920393017698,54.55873668946873,55.01085662841797,19952500
2022-11-10,57.59578752263811,59.34528673531653,57.06504419342139,59.2371711730957,24982500
2022-11-11,59.61066264497063,62.09730567762582,58.85385742865686,61.44861602783203,17579400
2022-11-14,60.87855620808542,61.67467689303584,59.94483899960404,60.72129821777344,13988200
2022-11-15,62.4118159253156,63.33570977322732,61.35032182328743,62.01866912841797,16325000
2022-11-16,59.49270532959492,60.328141257531,57.12400528568385,57.86115264892578,25901900
2022-11-17,56.31806156192058,57.97910279756084,55.541598720960074,57.7333869934082,14212300
2022-11-18,58.53933543048817,58.637620253929036,57.10435226270201,57.57612991333008,9703700
2022-11-21,57.02572098623772,57.02572098623772,55.846284444514964,56.180458068847656,9968400
2022-11-22,56.56377703301743,57.67441351105896,56.00354530279418,57.615440368652344,8955700
2022-11-23,57.24195738989377,58.047904955795175,56.76035274718403,57.92013168334961,8996800
2022-11-25,57.664581322355346,58.11670123739812,57.389380830062315,57.40903854370117,4360500
2022-11-28,56.3377271230675,56.77018564885311,54.51943141881026,54.79463195800781,15512600
2022-11-29,54.75531215068294,55.551432753194184,53.831422021935666,54.17542266845703,12874200
2022-11-30,52.66181077208217,56.691548294129966,51.708432291535914,56.66206359863281,31461400
2022-12-01,56.838985627326636,56.92743972371109,54.155765557221514,54.539085388183594,21764200
2022-12-02,53.40879202530974,54.470282442707784,52.465244154439034,53.74296569824219,15946500
2022-12-05,53.438272664172075,54.322851069228534,52.779756100994454,53.113929748535156,13806900
2022-12-06,52.93701318171302,53.69381830463622,52.327639040274114,52.76009750366211,17988000
2022-12-07,52.20969245464251,53.31050194491348,51.54134517459427,52.89769744873047,11367300
2022-12-08,53.62501933930263,54.7454828249692,53.12375699087767,54.254051208496094,13609100
2022-12-09,53.74296770343727,54.9027467439854,53.58570971909139,53.929710388183594,9932200
2022-12-12,52.60284006791177,54.430966259909,52.425924388084574,54.4014778137207,13250600
2022-12-13,56.20994574238215,56.89795074062107,53.71347603348469,54.293365478515625,14210500
2022-12-14,54.2933615957733,55.138620748179626,53.133582788651985,53.65449905395508,11235300
2022-12-15,52.64215347818082,52.79941143762804,50.96145458426468,51.14820098876953,17785000
2022-12-16,50.853345679134286,51.639635521142836,50.735399390838715,51.17768859863281,22951400
2022-12-19,51.275976125087,51.39392241959823,50.22431270298022,50.83369064331055,16470000
2022-12-20,50.46019388811889,51.07939871773193,49.585446291147875,49.81150436401367,16942000
2022-12-21,50.05723183121063,50.86317949622893,49.880316124321126,50.312774658203125,20400800
2022-12-22,48.65173546730003,49.113682438188036,47.60007199047821,48.58293533325195,40959600
2022-12-23,48.16030026378403,49.68373758348754,48.1504732807805,49.33973693847656,17425700
2022-12-27,48.75984135344195,49.44784630664274,47.68852037256046,49.16281509399414,15159100
2022-12-28,48.98590679100233,50.214485910209525,47.99321651238632,48.27824401855469,12518700
2022-12-29,48.55344533902827,50.057224889732424,48.49447219513422,49.78202438354492,13204300
2022-12-30,48.71318880431817,49.27469542360999,48.39795714990374,49.23529052734375,11989800
2023-01-03,49.80665534523876,50.20069307464105,48.81170228094236,49.619483947753906,12422800
2023-01-04,52.25955519866976,53.70765342751534,51.94432349356653,53.39242172241211,25077300
2023-01-05,53.08703193655609,54.56468175668449,53.08703193655609,53.894813537597656,18030900
2023-01-06,54.60408783842199,56.436374256390344,53.22494647323823,55.92412185668945,21069800
2023-01-09,55.97337053261336,56.662941146614806,54.82080556632349,55.520225524902344,15715900
2023-01-10,55.32320515561562,56.426515890143456,55.02767596431357,56.35755920410156,10571300
2023-01-11,56.495476740369504,57.5987913140783,56.071883490399806,57.19490051269531,12143000
2023-01-12,57.2441480783715,57.372212100319025,55.58918016869882,56.416664123535156,14888100
2023-01-13,55.8847129857569,56.12113859875609,55.28380148733086,56.08173370361328,12520600
2023-01-17,56.308312019556666,57.72685457023748,55.707400459173755,56.0029296875,10962700
2023-01-18,56.6530915017766,57.18504633000269,55.5202289133593,55.667991638183594,10035300
2023-01-19,54.87990914950296,56.23934793049352,54.456315933381674,55.520225524902344,12034200
2023-01-20,56.61369661322362,57.697305079660644,55.91427277688594,57.58894348144531,13826400
2023-01-23,58.042084945480404,60.987535332479375,57.982981355856474,60.89887619018555,20175400
2023-01-24,60.288110160529435,60.8003625214831,59.96302541386634,60.34721374511719,10183200
2023-01-25,59.766011043587824,60.75111097514147,59.519736060699415,60.623050689697266,10787200
2023-01-26,61.647553648272094,62.11054804669854,60.376773873273294,61.86427307128906,12219500
2023-01-27,61.21410872723953,63.38132555556358,61.03679044014276,62.918331146240234,15895800
2023-01-30,61.82486619704502,62.337118580465024,60.77080963661504,60.79051208496094,16169000
2023-01-31,58.21940668990294,59.440932305448136,57.776114709948004,59.401527404785156,23856300
2023-02-01,59.71674686833284,62.2878578633972,59.490174372695016,61.66724395751953,20902200
2023-02-02,62.61295188869813,62.967584701148944,60.93828128327226,62.228759765625,15877600
2023-02-03,61.076188874763325,62.8395184554528,60.97768039585029,61.480079650878906,12187100
2023-02-06,60.03198728041624,60.26841291273784,58.849870392382044,59.0862922668457,11484300
2023-02-07,59.19464957362456,61.46037845549642,58.81046123703703,61.204254150390625,12713100
2023-02-08,60.53438494483365,61.40127384227496,59.33256195687121,59.352264404296875,9510500
2023-02-09,60.28811224570187,60.89887310733113,58.800609351168575,59.28330993652344,10094700
2023-02-10,59.59853713182464,59.854661423066105,58.367162397696035,58.92866897583008,11429700
2023-02-13,58.92866820693199,59.381813201292914,57.96327087891451,59.22419738769531,11466200
2023-02-14,58.633141631371394,61.3815710260898,58.150441066986474,61.145145416259766,12496200
2023-02-15,60.41617223018307,61.017079948523445,59.55913270288899,60.91857147216797,10457400
2023-02-16,59.874369192334306,60.43587582038393,58.95822600807276,59.15524673461914,12683400
2023-02-17,58.94837193908544,59.283306020017754,57.63818740671983,58.1307373046875,10874900
2023-02-21,57.470732066231506,58.820317965090645,56.63339859973936,56.741756439208984,12667500
2023-02-22,56.86981396316329,57.6972979885486,55.9832263517304,56.13098907470703,12260300
2023-02-23,58.25881072608853,58.85972229977871,56.58414005134329,57.8746223449707,16094600
2023-02-24,56.84025908486221,57.50027414561929,56.495471900916314,57.313106536865234,9867400
2023-02-27,58.28835449988036,58.6725465859792,56.96832434965968,57.03728103637695,8514000
2023-02-28,56.78115493137994,57.86476702450367,56.544733071036454,56.958473205566406,10493300
2023-03-01,56.99788244902638,57.677600046680745,56.36741909621224,56.48563003540039,9141400
2023-03-02,54.67304066319894,55.855161212893684,53.90466399693329,55.58918380737305,16625500
2023-03-03,55.61873973604867,56.022630546796215,54.613937381976186,55.9339714050293,13769200
2023-03-06,56.426518706271104,57.77610821840626,55.69754691520179,55.98322677612305,14472200
2023-03-07,55.65814357171689,55.884716094605714,54.48587605993787,54.73215103149414,13278300
2023-03-08,55.007970082265295,56.07187585608972,54.52526955225621,56.04232406616211,11515700
2023-03-09,55.79605395330619,56.70234775397052,54.712445639888166,54.771549224853516,10200000
2023-03-10,54.830656545684256,55.667989900457094,53.717492682372395,54.111534118652344,14180700
2023-03-13,53.16583855331129,53.73719449552814,51.97386491367333,53.09688186645508,17365200
2023-03-14,54.15094692549534,54.594238908754754,52.89986950405599,53.46137619018555,14657000
2023-03-15,52.53537292560473,53.46136536341028,52.09207727426154,53.32345199584961,14643600
2023-03-16,52.89000440124806,55.86500610712318,52.811198375070774,55.72709274291992,14791800
2023-03-17,55.953667306075005,56.8599610667284,55.38231138210746,55.81575393676758,26655200
2023-03-20,55.855162128356945,57.007727146645905,55.24440127484975,56.78115463256836,10610200
2023-03-21,57.510129915833545,58.633143136168336,56.74174948255894,57.756404876708984,14613700
2023-03-22,57.52983326298753,59.50988232592203,57.22445095389929,57.30325698852539,16949300
2023-03-23,58.298213529767374,60.85947181702231,58.24895928536978,60.426029205322266,23903100
2023-03-24,59.608394184630434,60.48513626530809,59.598544838941,60.24871063232422,18735600
2023-03-27,60.278257851986474,60.50483036422557,58.288355724401505,58.89912033081055,15901000
2023-03-28,58.90897328532031,58.97792997771145,56.95847593370395,58.39672088623047,20496300
2023-03-29,60.00243275718259,63.46013163738654,59.96302786061112,62.59324645996094,51939800
2023-03-30,63.07594834601307,63.144905041611146,61.54904418113586,62.14995574951172,23038300
2023-03-31,59.45077875859916,60.74126100857604,59.00748680021637,59.4409294128418,35416500
2023-04-03,58.918830131350205,58.918830131350205,57.00773379837699,58.72180938720703,23610800
2023-04-04,58.790754412385304,59.204494510874774,56.101432498631546,56.416664123535156,21303200
2023-04-05,55.97338177501755,56.25906167728962,55.17544942111019,56.17040252685547,19456200
2023-04-06,56.21481849023373,58.386418874960995,56.06675337280483,57.80403518676758,21496500
2023-04-10,60.39020462900926,62.94676949373215,60.21252801559594,62.453224182128906,43280100
2023-04-11,62.81845136372596,63.46006182304997,62.22619845162087,62.74935531616211,23090200
2023-04-12,63.529160259622444,63.529160259622444,61.04169115742606,61.16014099121094,16694100
2023-04-13,60.71594364637632,62.55193284036068,60.005240945653185,62.186710357666016,23286500
2023-04-14,62.36438652206016,62.40387105110628,60.972588879525944,61.82148742675781,14953000
2023-04-17,61.41678963734823,61.95968881414879,61.1798861929603,61.73265838623047,11546800
2023-04-18,62.51245208484332,62.63090190740436,60.686332140221765,61.130523681640625,12175200
2023-04-19,60.192784295948705,60.419814681942874,59.60053144252494,59.86704635620117,11652600
2023-04-20,59.10698662786868,61.15026388403454,59.09711361314124,60.666587829589844,14382200
2023-04-21,60.36059309438966,60.656719528158845,59.94601307475127,60.340850830078125,9606200
2023-04-24,59.3241477140626,60.09408099656318,58.58382971214608,58.741764068603516,13402600
2023-04-25,58.36667535804268,58.57396350564109,57.28087330621106,57.38945388793945,15987300
2023-04-26,58.81086761803371,60.390211283000596,58.57396418556252,60.232276916503906,25385000
2023-04-27,59.96576196819639,61.16014085019183,59.353766768691244,61.10091781616211,13524600
2023-04-28,61.624074148938014,63.60812861116939,61.49575130059886,63.52915954589844,18094700
2023-05-01,63.06522168639748,63.272509821359556,61.505620401101595,61.545101165771484,12823400
2023-05-02,61.426655799682536,61.772139815149295,60.45930733418978,61.10091781616211,12237600
2023-05-03,60.69620979635216,61.377301034972,60.034857058458456,60.123695373535156,10818100
2023-05-04,59.76833584657627,60.17304284716981,59.12672920758507,59.728851318359375,13357900
2023-05-05,59.82756478897519,60.94297827575099,59.33401946488261,60.43955993652344,12312700
2023-05-08,60.4593049598899,60.5580125230313,59.53144106382335,60.08420944213867,11510400
2023-05-09,59.10698820481344,60.59749340501585,58.78124648825054,60.1434326171875,11895200
2023-05-10,61.12064999390673,61.50561850253422,59.01814966341682,59.21556854248047,14548700
2023-05-11,59.80782239315729,61.012074186250096,59.29453480537104,60.81465530395508,15536600
2023-05-12,61.189750633180054,61.387165749472715,59.37350369894298,60.13356018066406,12131400
2023-05-15,61.42664622030632,64.0325685093424,61.002196970507924,63.80553436279297,22227200
2023-05-16,63.716705406774054,64.3780543445818,62.482838310678844,62.90728759765625,15259000
2023-05-17,63.74630963633689,64.47675453594351,62.62102324441715,64.08191680908203,15947700
2023-05-18,65.12823777097833,67.70453717679658,64.23985477022899,66.69770812988281,30688000
2023-05-19,66.69770992904691,67.50712390025168,65.57242727471109,67.28996276855469,16812100
2023-05-22,64.90122359446873,65.88831444761655,63.924005758505956,65.37503051757812,37491000
2023-05-23,64.99990645218732,66.68783026539333,64.86171438777765,65.15784454345703,15896200
2023-05-24,64.11153747629567,65.8685652352008,64.04244142904521,65.671142578125,15806600
2023-05-25,68.84957209191398,68.97789116389895,66.63849116851135,68.71138000488281,29021500
2023-05-26,68.97789606921357,73.62709240728233,68.89893453594041,72.97561645507812,33410000
2023-05-30,73.42968376472952,73.80477555635319,70.65596103586614,70.76454162597656,24454700
2023-05-31,68.01055576717565,68.94828898918152,67.04320349601906,67.31958770751953,30403600
2023-06-01,68.05004725204782,68.8890729886261,67.22088700195577,68.19810485839844,18153000
2023-06-02,69.08647552984121,69.63925143921959,67.4084243632425,68.27706146240234,13468200
2023-06-05,68.60281203487794,68.60281203487794,66.63850341044643,66.8951416015625,12441100
2023-06-06,66.1646877187538,67.9513194570353,65.95739957764691,66.66810607910156,12476600
2023-06-07,67.52686843415367,67.78350655602,66.07584411439551,66.19429016113281,14610800
2023-06-08,65.64153589804177,65.66127439975129,63.18368200088876,64.47676849365234,25856800
2023-06-09,65.07890311431747,65.54283704066614,63.63775130898479,64.58535766601562,14649300
2023-06-12,64.9900377727956,66.66809621538019,64.94068776415979,66.57925415039062,14731100
2023-06-13,67.67492277831947,67.99079143945538,66.72731679491172,66.99383544921875,11911900
2023-06-14,66.66809445473993,68.3165338115255,66.64834842708451,68.22769927978516,11085800
2023-06-15,67.70453781831083,68.62253233929945,67.47751120707574,67.93157196044922,11842600
2023-06-16,69.24441378122876,69.58989401840165,65.2072089213959,66.78656005859375,32259700
2023-06-20,66.45095328752711,66.74708354404592,64.92095951368874,66.036376953125,13261600
2023-06-21,65.8883022777568,66.33249006726764,64.49650081705558,64.95056915283203,10427200
2023-06-22,64.68404606275331,65.79946326483744,64.66430756427471,65.3947525024414,8639500
2023-06-23,64.605074707422,65.10849300609924,64.00294885805795,64.43727111816406,12663600
2023-06-26,64.7827639184489,65.8389507312405,64.56561027703876,64.60508728027344,13815900
2023-06-27,64.42741317743089,65.97714543159404,62.966523011303984,65.92779541015625,18305200
2023-06-28,64.80249583020456,66.85564597263992,64.54585017967435,66.20416259765625,27100100
2023-06-29,66.96422895918101,67.07280953781995,62.729612750427535,63.49954605102539,51141900
2023-06-30,63.667347309958444,64.25960019735865,62.0880037665899,62.295291900634766,31549600
2023-07-03,62.621020192879776,63.489660890374985,62.44334360099549,63.0750846862793,12921300
2023-07-05,62.6802593477753,62.927032022372835,61.21936556601212,61.25885009765625,16553000
2023-07-06,60.20266028961211,60.992332055069845,59.718984215202504,60.43955993652344,15607300
2023-07-07,60.7510802837692,60.81041852612359,59.959922581731476,59.97970199584961,15028100
2023-07-10,60.15771616179113,62.135612408740755,59.910479130922425,61.78947830200195,16953100
2023-07-11,61.908146672543985,62.9663207885408,61.62135460400707,62.8970947265625,13454500
2023-07-12,63.757484082337164,63.98493791605709,62.43229350096152,63.084999084472656,13953600
2023-07-13,63.47069171318311,63.93549854462935,62.84765333077142,63.81682205200195,11384700
2023-07-14,63.5893654421201,64.81565896567123,62.97621490780694,63.371795654296875,13860200
2023-07-17,63.09489872155109,64.94423092574554,62.63998342384135,64.43987274169922,11333600
2023-07-18,63.65858994132679,64.40030099335141,63.04543942209277,64.2222900390625,10393100
2023-07-19,64.90465882275674,65.03322690012014,64.08383766264595,64.2420654296875,9463900
2023-07-20,63.68824844428394,64.82554007714282,63.53990474520253,63.97504425048828,12745100
2023-07-21,64.5684165887476,65.42880407514605,63.62891145059593,64.9244384765625,24540200
2023-07-24,64.63765589550789,65.90350840270261,64.49920374910073,64.75633239746094,10272700
2023-07-25,64.67720494098798,65.27057227079843,64.36074186208408,64.95410919189453,8610900
2023-07-26,64.28161400765045,67.12978126591672,64.28161400765045,66.63530731201172,14920600
2023-07-27,69.70106253572186,71.54049898445659,69.18680531967028,70.28453826904297,25068300
2023-07-28,70.78889863032458,71.3328154954388,69.87906829425857,70.41309356689453,11932900
2023-07-31,70.33399288212024,70.97680312288546,70.08675585257197,70.60100555419922,11193800
2023-08-01,70.21529641803387,70.29441405580134,69.11756371549819,69.97795104980469,13141100
2023-08-02,68.97912758425181,69.07802088180922,66.59575912422089,67.41658782958984,14004400
2023-08-03,66.82322115653623,68.62310635205716,66.41775636903965,68.4154281616211,11075200
2023-08-04,68.73190247907837,70.14609875994735,68.36598891512057,69.13737487792969,11255500
2023-08-07,69.07801169232349,69.45381673615306,68.06928811930901,68.61320495605469,10537500
2023-08-08,67.94072703099108,68.00006904378078,66.2199595615844,66.90233612060547,14767800
2023-08-09,67.03089525698104,67.21879779427591,65.88371948289158,65.96282958984375,10043200
2023-08-10,66.31886527574389,66.71444607309891,64.21240828156184,64.7167739868164,12775300
2023-08-11,64.18272582025669,64.58819057120338,63.361897180805094,63.65858459472656,11823100
2023-08-14,63.65857781615278,67.72315421066587,63.49045094212699,67.52536010742188,21954000
2023-08-15,66.84301179924577,66.88257063655075,64.59810248399441,64.60799407958984,13808500
2023-08-16,64.28162070338692,64.50908206570863,63.38167439190372,63.5102424621582,9895400
2023-08-17,63.77725835683525,63.99482813752034,62.699308591718115,62.857540130615234,9933300
2023-08-18,61.62135472679591,63.15422345907156,61.067542457328514,62.88720703125,9576500
2023-08-21,62.9762123598489,63.48057797984429,62.165275257638115,63.253116607666016,11311900
2023-08-22,63.58936109549944,64.36073934863627,62.59052147652948,62.70919418334961,8876000
2023-08-23,62.867422141466356,64.89476849768548,62.47184144451211,64.46952056884766,10747400
2023-08-24,65.40902269312026,65.50791598800119,62.669636172500276,62.98609924316406,12661600
2023-08-25,62.758645156065796,63.67836718552672,61.937820199553,63.01577377319336,9409000
2023-08-28,64.99366812963258,65.37935727191434,63.94538559369495,64.58819580078125,9904900
2023-08-29,64.18273535859497,66.2891921662446,64.15306812180879,65.94306182861328,9955000
2023-08-30,66.44740871707235,67.94071454398849,65.7848079207125,67.33745574951172,16892200
2023-08-31,67.21880143205769,69.76039766663624,67.21880143205769,69.16703033447266,18420900
2023-09-01,69.43404957584217,69.83952194405752,68.78134771210554,69.612060546875,10772000
2023-09-05,69.13734797911243,70.37353279454437,68.7615429663742,69.51314544677734,11144300
2023-09-06,69.35492414517836,69.87907295040962,68.87034171249647,69.6318359375,9192800
2023-09-07,68.68244488735877,69.513165243347,68.33631454947846,69.09780883789062,12043200
2023-09-08,68.99890843912051,69.82962880053486,68.84068066008835,69.40438079833984,9805000
2023-09-11,70.04718863958257,70.0768558723659,68.54398345458199,69.25602722167969,9310400
2023-09-12,69.18681337357131,70.89769703506613,69.01869399474647,69.53294372558594,11062100
2023-09-13,70.26475731975383,71.06580277280923,69.58238079599592,70.06696319580078,14525500
2023-09-14,70.87791316463418,71.43172926760677,70.49222398394518,70.99658966064453,11170300
2023-09-15,70.502109314,70.83834803854046,68.87034347795209,69.1076889038086,16416100
2023-09-18,69.86917653122127,70.26475723356782,69.1373571361785,69.72083282470703,12735700
2023-09-19,69.83951849405474,70.27465053335884,69.19670071124206,69.92852020263672,10399000
2023-09-20,70.16584195219292,71.51081153620046,68.8802143656173,68.90988159179688,15522100
2023-09-21,68.23742338161051,68.52421925485535,67.08035583943615,67.14958190917969,14978600
2023-09-22,67.83194043855137,68.97912375270526,67.04078655696293,68.11873626708984,15487200
2023-09-25,67.53526378910645,68.42531855035935,66.8627788078348,67.82205963134766,14900000
2023-09-26,67.2187999246113,68.28686562559832,66.84299483811134,67.18913269042969,12752500
2023-09-27,67.3671445365059,68.08907239477546,66.01228297862036,67.45614624023438,20852300
2023-09-28,65.24089474977154,66.34851157876376,63.12454682857711,64.47940063476562,46749800
2023-09-29,65.6265957111936,67.97040539554877,65.6265957111936,67.27813720703125,24315500
2023-10-02,67.4858199866456,68.51432697328617,66.31886086190683,67.20891571044922,14880500
2023-10-03,66.42762829212009,68.88022239139698,66.36829383284743,67.08033752441406,12481500
2023-10-04,67.55503297360002,67.74293550109249,66.37819002766214,67.35724639892578,12912800
2023-10-05,67.85171052044821,68.77143229467008,67.58469038385985,68.28684997558594,14045000
2023-10-06,68.06396842631676,69.66873945328689,67.36064495211835,69.30221557617188,15113400
2023-10-09,68.95551908332845,69.29231873510425,67.93520447538621,68.82674407958984,8588700
2023-10-10,68.83663486948522,69.45080818933788,68.24227773673222,68.42058563232422,9007600
2023-10-11,69.06449010335498,69.6093144398385,68.28191681797361,69.54988098144531,11165300
2023-10-12,69.72817445515345,70.05507352385389,68.64842654404474,69.09419250488281,11408700
2023-10-13,69.21307094117122,69.4012793837831,68.44039830946781,68.55927276611328,10287900
2023-10-16,68.36116229543394,69.37156881476447,67.49933941301813,68.43050384521484,11294100
2023-10-17,67.42999341837013,68.97532360171444,66.98422742168592,68.35124969482422,11843000
2023-10-18,67.37057144951042,68.89609326178774,67.34085471902173,68.48994445800781,11201000
2023-10-19,69.02485986857093,69.12391814401653,66.54836519412115,66.89507293701172,18111000
2023-10-20,66.92478945412073,67.87576249920943,66.50874016395603,66.5879898071289,11506100
2023-10-23,66.19175672519546,67.51916194845838,65.60730754463917,66.25119018554688,9762000
2023-10-24,66.65732759261824,67.70735885356679,66.49882831521994,67.42999267578125,8450700
2023-10-25,67.8460512875511,68.54937492314328,65.28040623198233,65.87476348876953,11924300
2023-10-26,65.82522096108973,66.8059182272006,63.27938868949138,63.923274993896484,16697900
2023-10-27,64.30960566108512,65.64691114417928,64.26998084321387,65.03274536132812,9980300
2023-10-30,65.73608107734678,66.91489506545756,64.55726708923602,65.44880676269531,10667700
2023-10-31,65.45870640955906,66.43939614495379,64.64641649139806,66.24127960205078,8268400
2023-11-01,66.37005365970725,69.00504747745676,66.37005365970725,68.74748992919922,16777500
2023-11-02,69.65885073951088,70.36217440937874,69.09421018439653,69.77772521972656,11926000
2023-11-03,70.62962665362615,72.50185590401689,70.48103547106182,71.89759063720703,14457900
2023-11-06,71.89758303832922,72.30372416624097,71.3428431858971,72.23438262939453,10073900
2023-11-07,71.79853329201765,72.44241582864666,71.03576873861351,72.11552429199219,8248400
2023-11-08,71.9372176560477,72.0957093800108,71.0456780910623,71.60041046142578,9917600
2023-11-09,72.85847200880313,75.38449189179471,72.80893909519757,72.87828063964844,22435900
2023-11-10,73.74010294503782,75.09721709955606,72.87828013483679,74.65145111083984,12306000
2023-11-13,73.45284551683628,74.49296891488258,72.6999888970624,74.07691955566406,9116000
2023-11-14,75.28543743609629,76.72180131148336,75.19628725628388,76.4444351196289,12972700
2023-11-15,76.77134212859912,76.77134212859912,75.59252813423696,76.41472625732422,9954000
2023-11-16,76.16707521268354,76.75153192888479,75.76093398614456,75.94914245605469,12989000
2023-11-17,75.87978423192658,77.2071891135582,75.75100924842013,76.83075714111328,9376900
2023-11-20,76.61284187340053,78.1680879112326,76.40481721068949,77.88081359863281,11424100
2023-11-21,77.11805061480689,77.19730026641226,75.59252883088591,75.98876953125,12016700
2023-11-22,76.47414982468356,77.71239711820282,76.12744209403053,76.37509155273438,8579500
2023-11-24,75.95903894503454,76.28593803002741,75.65195604815955,76.14725494384766,4349600
2023-11-27,76.14726791017789,77.55391519961678,75.93924324548587,76.78125,11005600
2023-11-28,74.37408944823652,75.52317904057386,73.2943338464157,75.40431213378906,19225700
2023-11-29,76.72179725731986,78.27703551460286,75.66185790436472,75.96894836425781,14062900
2023-11-30,76.09772761557349,76.27603553341262,74.26512307857584,75.40431213378906,21701600
2023-12-01,75.29535224988852,75.82036795384346,74.38399639261878,75.21610260009766,14354700
2023-12-04,74.71089517352068,74.88920310586862,72.64054909682875,73.59152221679688,11659300
2023-12-05,72.77921390418992,73.27451275198469,72.35325659277999,72.99714660644531,8800500
2023-12-06,74.59203983570401,74.6910981340154,72.24431962163892,72.44243621826172,8883900
2023-12-07,73.32403583035949,73.5122518051414,72.3037214447405,72.95751953125,10641300
2023-12-08,72.78913035102572,74.64154341746985,72.73959743749728,74.25521087646484,12007100
2023-12-11,76.46425179990595,77.77184068251357,76.24631905986102,77.05860900878906,18547600
2023-12-12,76.69209244705266,77.52419866558219,76.37510140134205,77.42514038085938,10262100
2023-12-13,77.56382137291084,79.51529295741429,77.29635569803418,79.03981018066406,11629900
2023-12-14,80.05020651500374,81.62526096106487,80.03039788419773,81.417236328125,17342800
2023-12-15,82.11067319244297,82.20973148763854,80.34740984190607,80.64459228515625,19547800
2023-12-18,80.82289147600129,81.09035718246845,80.05022620427546,80.79317474365234,12416600
2023-12-19,80.90211628700008,81.49647342442715,80.40681741286737,81.39741516113281,14316400
2023-12-20,80.69409443830662,80.8525937111502,77.89070090059128,77.95014190673828,29085000
2023-12-21,84.20083255719926,85.21123922251384,82.32860288495223,84.67632293701172,53969700
2023-12-22,85.34001155615238,86.66740912940067,84.81499587247471,85.67681121826172,22531800
2023-12-26,85.88483161379146,87.04383685617417,85.61737351641817,86.24144744873047,11203900
2023-12-27,86.65749709138292,86.66739762766355,85.40934177284664,85.84520721435547,9186300
2023-12-28,85.93436995217967,85.93436995217967,85.03292221318779,85.19142150878906,9606200
2023-12-29,85.14677235720329,85.44435265361825,84.34331615177672,84.65081024169922,8549200
2024-01-02,83.32163912832542,83.40099488662,81.0898095088167,81.67504119873047,13597100
2024-01-03,80.54424305452206,81.9230171049305,79.92925488594864,81.59568786621094,12915600
2024-01-04,82.79591006674472,83.57953105390274,81.94285469175148,82.04204559326172,19134200
2024-01-05,80.82199281634415,82.85543302834292,80.35578719878991,82.77607727050781,15483700
2024-01-08,83.21253957979879,84.81945987602154,83.15302653586629,84.26397705078125,16219800
2024-01-09,82.45866930319714,83.51011427064425,82.23053093840834,82.65705871582031,12138700
2024-01-10,82.2900319108591,82.3495449420276,81.00053497292738,81.71471405029297,10748600
2024-01-11,82.1313438554719,82.77608866523653,81.15925460763073,82.7165756225586,10579300
2024-01-12,82.08173323473181,82.37931354245374,81.05013108715245,81.72463989257812,10187500
2024-01-16,81.87342912573014,84.53178643865654,81.6651259397799,83.92671203613281,13713500
2024-01-17,83.0141296438608,83.29186717865113,81.96268496072278,82.60743713378906,10245400
2024-01-18,84.53179628721423,85.1269493975233,83.36132522423404,84.13502502441406,15077700
2024-01-19,85.36499664937391,87.08102889382631,84.9285551350972,86.80329132080078,18156800
2024-01-22,87.55714235066435,89.22357524364656,87.29924751763885,88.5193099975586,14371200
2024-01-23,88.28125759409355,88.45980426047825,86.17837547531609,86.82312774658203,16850900
2024-01-24,87.69602731224192,87.8547312583297,85.91056062012002,87.36869049072266,19752800
2024-01-25,88.4300378506871,89.31284972243847,87.7852856515546,88.47962951660156,15892400
2024-01-26,86.5354720394266,87.78529875078958,85.59314700085282,87.33893585205078,14934500
2024-01-29,87.78529622856765,88.84665487460856,87.30916925818208,88.35069274902344,12108100
2024-01-30,87.36869575536215,88.07296111308614,85.06743164005914,85.46420288085938,12980400
2024-01-31,84.2738816965264,86.2180522797431,84.10525639364617,85.05750274658203,11396700
2024-02-01,85.3749320780929,85.49396572948073,83.93664473745679,84.91864776611328,10459000
2024-02-02,84.38299932490582,85.91056364465985,84.2540518911835,85.7816162109375,10450000
2024-02-05,86.03950536844981,86.5156323274408,84.9186337158532,86.27757263183594,8409300
2024-02-06,86.12878833038368,86.48588168192026,83.04390316825376,83.91679382324219,12990300
2024-02-07,83.46050461153555,84.59129763515193,81.8039929536847,84.48218536376953,16374800
2024-02-08,84.81945147226462,85.33524879340192,83.84736230024406,84.19453430175781,12524500
2024-02-09,84.37306411883091,84.92854677800293,83.28194908883455,84.86902618408203,12161500
2024-02-12,84.83929397729457,86.20815451294293,84.70042516466107,85.00791931152344,10366000
2024-02-13,81.80399323802,82.87527323289004,80.11771749029168,80.87158203125,21207900
2024-02-14,81.51633089127758,82.50825508924017,80.83190077299345,81.16915893554688,12870900
2024-02-15,81.57584617242655,82.04205176917817,80.8517457258908,80.97077178955078,11527600
2024-02-16,80.3062028740496,80.68313144210363,78.61001296613202,78.85799407958984,15553100
2024-02-20,78.68936691943013,80.11773295383136,78.51082021915713,80.05821990966797,12627200
2024-02-21,80.13757275987105,80.84183817200864,79.29443853789128,80.83191680908203,9913300
2024-02-22,84.3135547808443,85.61297302695331,83.20259698168383,85.2162094116211,17510900
2024-02-23,85.85104997077724,86.11886619814322,84.36316354194423,85.30548858642578,10232800
2024-02-26,88.95577338953994,91.60420950973338,88.18207363018294,88.737548828125,28920100
2024-02-27,91.14792372992096,92.0009792371652,89.75922819014322,91.10824584960938,21422700
2024-02-28,89.72947025516135,90.0568070867273,88.57884201541977,88.98552703857422,14190700
2024-02-29,89.91794326273805,90.096489947301,88.10271989764516,89.87826538085938,17027000
2024-03-01,91.17768058138441,95.28424661136523,91.17768058138441,94.38159942626953,23446200
2024-03-04,96.14722551484583,96.59358843579305,93.8558827364945,94.99658966064453,20913200
2024-03-05,93.48886772259789,94.59982569208493,92.52669991556265,93.70709228515625,12887500
2024-03-06,94.28238558824458,95.65123807619896,93.79633734665015,94.78826141357422,14232400
2024-03-07,98.13107244920181,98.88493704499601,96.68286386240108,98.18067169189453,24843300
2024-03-08,99.07340878951247,101.02750111652122,96.53408468461484,96.8316650390625,22379000
2024-03-11,95.12554701202407,95.68102222828101,92.77468356988139,93.74677276611328,15673300
2024-03-12,94.5601370324475,96.71261075818265,92.88378269094903,96.63325500488281,14993700
2024-03-13,94.55022543855372,94.57006059503712,92.34815224758263,93.39959716796875,16732600
2024-03-14,92.54654400250212,92.69532659936223,89.57077098078541,90.69164276123047,16718900
2024-03-15,91.73316223460783,93.93522781504808,91.27687039874661,92.49694061279297,29579500
2024-03-18,96.0381021941135,96.29600460899364,92.93338212554777,93.02265167236328,23140300
2024-03-19,91.83235971798298,93.3996020341936,90.26511740177236,93.24089050292969,21054700
2024-03-20,94.22289050353521,95.89924505210251,92.83419492037652,95.47271728515625,39807400
2024-03-21,112.45446077450322,112.58340820928419,107.90152429581512,108.96288299560547,89554100
2024-03-22,108.42724341808835,110.44084854751176,106.18549993634608,109.31997680664062,37281400
2024-03-25,109.34971752926285,120.42951617329126,109.27036934779493,116.18407440185547,55766100
2024-03-26,118.03898851699087,121.47104559430907,117.21568955392411,117.84060668945312,44295100
2024-03-27,118.33656365511182,119.14001985964711,116.13449065387152,118.2869644165039,29320700
2024-03-28,118.5897967442479,118.77843912266702,116.51466998094591,117.05082702636719,21047800
2024-04-01,118.35151114388216,126.47328481888768,118.15293780785343,123.41521453857422,44309400
2024-04-02,121.8365121556208,122.79960861392823,120.05925300860467,121.87622833251953,25026400
2024-04-03,121.330152229134,127.36687535628535,120.46634991617918,127.09879302978516,40130100
2024-04-04,129.253341917242,129.61077996147418,122.7698327276466,123.20669555664062,36009900
2024-04-05,123.51450308121026,124.7953215707705,120.3372766309182,122.7003402709961,23326500
2024-04-08,128.14132222505415,128.77676596877146,121.73723766802416,122.07481384277344,27955800
2024-04-09,124.00100260993567,125.24210481203293,120.40676790563076,121.75708770751953,19212900
2024-04-10,119.14580997013299,123.59392354205605,119.07630855065388,121.33014678955078,22242300
2024-04-11,122.02517041506641,126.65199550022172,121.21100767089298,126.60235595703125,21745300
2024-04-12,124.35844352999366,125.09317392962559,120.96278964444103,121.64787292480469,24808200
2024-04-15,122.7499727560668,123.89178832758795,119.75147308854726,120.50606536865234,17732600
2024-04-16,118.67915290006827,121.67765999009202,117.51748308493305,120.90320587158203,17452400
2024-04-17,121.15142197136723,123.53433957170304,115.37285076747314,115.5019302368164,25546500
2024-04-18,115.17429925343991,116.78277064245917,110.6864764431548,111.13327026367188,32146900
2024-04-19,108.87941442410717,110.09072377470808,104.96745797395349,106.00997924804688,33787500
2024-04-22,106.83407718282851,109.44536109199309,105.87098065169835,108.34326171875,19820900
2024-04-23,108.92905994887788,112.0864243347187,108.13475906428539,111.65948486328125,17887500
2024-04-24,111.91763286991994,113.13887318907817,108.4524776587397,110.98432159423828,20505900
2024-04-25,108.59147602955237,112.25520441132993,107.3007267684373,110.7857437133789,18342800
2024-04-26,111.20275668023801,114.24097242979536,110.80560246279126,114.02253723144531,20630700
2024-04-29,112.99986387810577,113.93317510034095,111.31196801776483,113.54595184326172,14419100
2024-04-30,113.36723117519738,115.45228120013117,112.12612906808367,112.15591430664062,14845600
2024-05-01,109.73331423519687,112.92047209014582,107.9759164454003,108.91915130615234,16686200
2024-05-02,110.94460658470359,111.60984312602615,108.65105212569723,111.53041076660156,15439200
2024-05-03,114.21119774969657,114.65799912629527,112.6424426120242,113.883544921875,15564400
2024-05-06,118.92738757953956,120.50607367068528,117.17991339078145,119.27489471435547,22538700
2024-05-07,119.29474622469684,120.54577937638443,118.33164969542628,118.36143493652344,12508300
2024-05-08,117.45792123476642,119.61247294594473,117.37848887189024,118.47065734863281,10867900
2024-05-09,118.4706587015862,118.77844964238753,116.60404360320165,116.97140502929688,11524800
2024-05-10,119.18553610280269,120.98264979590877,118.33165712069889,120.37699127197266,13922400
2024-05-13,122.0549645168012,123.22656538738202,120.78407697754484,122.12446594238281,16643200
2024-05-14,122.1145253271917,124.14993596165634,120.80392170929392,123.92156982421875,13887700
2024-05-15,125.33146772732592,127.03921798912974,124.54709022898265,126.90021514892578,14265100
2024-05-16,127.01936858567323,129.20371308399572,126.1456353313964,126.97965240478516,15874700
2024-05-17,127.44630187812275,128.11153083177786,123.97121575742779,124.39815521240234,13774700
2024-05-20,126.225049797506,130.08736664089085,125.7385398778079,128.0817413330078,19123200
2024-05-21,123.31592456072788,127.9030490775757,122.40247506326173,126.59243774414062,15717800
2024-05-22,126.88035704731388,126.95978940364797,124.34850560854095,125.381103515625,11190100
2024-05-23,130.83203497944012,131.01074642582637,123.77264499388659,125.37117767333984,20747400
2024-05-24,126.91014948388137,129.47177873268424,125.69883249389846,128.56826782226562,14048900
2024-05-28,130.82210560466618,132.35115212026395,128.34983952257332,131.7256317138672,14143000
2024-05-29,129.07464688103423,132.15258682826752,128.97535263105553,130.64340209960938,11242500
2024-05-30,129.37249492172634,130.7327380697693,124.80523281636329,125.39103698730469,12639700
2024-05-31,125.45060303210188,126.41369950656686,120.14861831609252,124.11021423339844,24153800
2024-06-03,127.21794367872764,127.92288123825647,124.25915272596421,127.25765228271484,16134300
2024-06-04,126.44348576291908,126.94985756208813,124.52722373674,125.73854064941406,12995500
2024-06-05,127.88317149442946,132.91707405201092,126.74135597526578,132.7582244873047,22301800
2024-06-06,132.8872877536708,133.17523194086849,128.26045523331922,129.14413452148438,15505000
2024-06-07,129.283135158269,131.59653622890337,128.69732343055665,130.0079345703125,12139500
2024-06-10,128.78670951945432,134.70427677358904,128.78670951945432,133.86033630371094,14652100
2024-06-11,134.35675618655884,134.8829822648545,130.84194655586737,134.10853576660156,14125000
2024-06-12,137.5240623266163,140.70129642999345,135.85602805750082,139.7481231689453,16973600
2024-06-13,141.77356385433617,143.19339248909037,139.26157449686576,142.12107849121094,16312900
2024-06-14,140.79064545031022,141.47573633181335,138.65594044198568,140.35377502441406,14028500
2024-06-17,144.54372603804254,147.6911593469449,141.12821041634433,146.7777099609375,23909000
2024-06-18,150.65987728023148,156.4185791220795,150.43150357706287,152.35769653320312,42192600
2024-06-20,155.89237259309155,156.2895344200848,141.89274770787705,143.16363525390625,41285000
2024-06-21,136.670161327346,141.58493791219678,134.73404502279672,138.5467071533203,49893500
2024-06-24,141.42608498087452,141.81330827403332,136.90846979390594,138.02049255371094,32410100
2024-06-25,139.07294957262224,140.12540177013076,136.7694567137809,140.11546325683594,31160600
2024-06-26,142.02181683209358,143.04449910221157,138.54673026719146,141.34666442871094,55490300
2024-06-27,134.82341413921316,136.41203109322535,130.14694930426714,131.28875732421875,68172700
2024-06-28,131.8745606766852,134.45604412424106,129.81928819192686,130.59373474121094,38140600
2024-07-01,129.5710880066177,131.13984322732426,126.36407613517775,130.58383178710938,24749000
2024-07-02,128.98527850140098,131.76535057633615,128.4987609644808,131.6461944580078,20776000
2024-07-03,131.71570778640552,135.84609985351562,131.48733405636986,135.84609985351562,14507100
2024-07-05,135.8460822409681,136.1538731456962,129.9781477244552,130.66323852539062,30104600
2024-07-08,130.4694557374617,132.43709203078845,129.27695854247318,129.8732147216797,20500700
2024-07-09,130.92657696746633,134.36495901931517,130.0620192242271,130.3203887939453,21850900
2024-07-10,132.26815107476997,135.6468955205346,131.87064191658217,135.53758239746094,22460200
2024-07-11,135.50776987882873,135.57732450374172,129.25708816174492,129.41607666015625,25401500
2024-07-12,130.926578776196,133.58982182883588,129.90301736202525,132.71533203125,20726900
2024-07-15,133.07307160385483,134.50407408876626,129.21731659322367,130.05206298828125,20416000
2024-07-16,129.6048950824264,130.15146070747528,126.44476924512571,126.69320678710938,21312600
2024-07-17,121.81389560209486,122.2610801383619,118.48483410512904,118.75314331054688,31414100
2024-07-18,119.74689094856924,120.87976549291503,113.37694896096309,116.71595001220703,30404900
2024-07-19,115.96071169407261,116.47745845512257,113.13845722179472,113.5458984375,18038900
2024-07-22,114.63902637361281,114.85765263582651,112.92977477635563,114.55952453613281,23837800
2024-07-23,114.41045475979764,115.612891560076,113.11858408311504,113.53595733642578,14707700
2024-07-24,110.77333202841187,113.32726964741322,109.31251807380616,109.59076690673828,25261000
2024-07-25,106.13252606678275,110.00814584254556,104.38352356431513,106.77845764160156,29068400
2024-07-26,109.31250517761197,109.93856497784954,107.10637886004456,108.7261962890625,18547900
2024-07-29,109.84915498926797,110.33609049529137,106.47040257849649,107.17596435546875,13517700
2024-07-30,108.31876743319668,108.56720497318108,101.53145202121209,101.91901397705078,23915100
2024-07-31,109.16345539623153,110.64414103666331,107.07658154146421,109.1336441040039,26503600
2024-08-01,106.51014136401359,107.18589176917894,99.32532444465683,100.87557983398438,31643700
2024-08-02,96.55275233979611,97.07943861963415,90.50081097875466,92.12062072753906,36039400
2024-08-05,87.08233241465341,91.6734613379032,84.3793380804293,89.85489654541016,36977600
2024-08-06,88.64250308454685,90.29213183760915,86.60531999298706,88.44375610351562,26460000
2024-08-07,92.79638509519555,92.99513967169025,86.03888871032504,86.25751495361328,29483800
2024-08-08,87.92703078478685,92.26971478817984,87.47983859615705,91.49459075927734,24760700
2024-08-09,91.2163370152833,93.93921059704485,90.87845798535544,92.49827575683594,21627200
2024-08-12,92.518139150862,95.92670253134328,92.05107535869476,94.04851531982422,18886600
2024-08-13,96.01614929020705,97.168895606571,94.3168373184254,96.83102416992188,23565500
2024-08-14,100.36876438916977,101.31282399182868,97.45707616847291,99.78245544433594,22459000
2024-08-15,102.863082621376,107.37470932060444,102.10783036634648,106.28157806396484,29128000
2024-08-16,106.1623324806426,108.78583232290394,104.69157889309022,107.31507873535156,18383300
2024-08-19,106.57971532307357,108.04052941749885,104.10527929999088,107.95108795166016,15744600
2024-08-20,107.65295773564164,108.50758348837806,105.49652168635393,107.31507873535156,16075500
2024-08-21,107.48402601539834,107.72252394217016,105.54620856295426,107.65296173095703,13658900
2024-08-22,108.26908174074596,110.30627269252714,103.3102703434839,103.6083984375,17967000
2024-08-23,102.3960140470518,103.75745445113834,99.68307286303299,102.20719909667969,25465100
2024-08-26,100.04081902792694,101.55132339972347,96.99994620033998,98.29182434082031,26752300
2024-08-27,96.48320590654912,97.87445774078307,96.0658326307927,97.24839782714844,17234600
2024-08-28,96.75151871448575,97.06951847073394,92.12063920855228,94.26714324951172,25564300
2024-08-29,95.95652026553302,97.36765136133579,94.3963326998502,94.97270965576172,18984300
2024-08-30,96.31426974165377,97.79496303195897,94.39633150902868,95.63851928710938,18819400
2024-09-03,93.0448399110944,93.2932774915721,87.7580885017973,88.02640533447266,28897200
2024-09-04,87.80776849043485,90.16295919953484,87.26120284643093,88.7319564819336,16356500
2024-09-05,87.54938316474829,90.1331319341135,87.21151176660813,88.8313217163086,13890700
2024-09-06,88.81145202030561,89.08970084417308,84.72713837152233,85.84013366699219,23587100
2024-09-09,87.30094671476031,87.41025983473403,84.47870000706867,85.73081970214844,20526400
2024-09-10,86.4264503162269,86.64507655865224,84.33957655239655,86.30719757080078,17019000
2024-09-11,87.64876538611652,90.26233328763523,85.54201979569297,90.08345794677734,20879600
2024-09-12,86.55564200922693,87.4798300103,83.59427062116043,86.66495513916016,30900000
2024-09-13,87.53945172723155,90.89833226506057,87.32083305124944,90.64989471435547,21267200
2024-09-16,86.69475441428585,87.68850448921896,85.38300461864259,86.6351318359375,26494300
2024-09-17,87.5096272588942,89.01019196210963,86.99288056718166,88.17544555664062,17744800
2024-09-18,87.4400689750435,88.64250568347299,86.16807006304244,86.80406951904297,20130600
2024-09-19,88.7915884802517,89.82508971010718,87.0326537715052,88.69221496582031,25208900
2024-09-20,87.84750360309488,90.40144086049335,87.77794140471092,90.33187866210938,28711000
2024-09-23,92.10077708277363,94.20753042475562,92.00140357022165,92.98521423339844,23394100
2024-09-24,94.13796236415696,94.40627158956325,92.18027320338359,93.41252136230469,23043200
2024-09-25,93.57153200289356,95.57890427542127,93.34296609765725,95.17146301269531,54762900
2024-09-26,112.39313678462867,114.08251653358188,106.85794893284489,109.1932601928711,107965900
2024-09-27,109.80939068461574,110.27645446440249,106.36107647900232,106.82814025878906,42960200
2024-09-30,105.41702703545536,106.0828378751073,101.62090143068724,103.06183624267578,39544700
2024-10-01,102.75377471636514,103.5487703468349,98.32164962547334,99.6830825805664,34309800
2024-10-02,99.9613328312939,101.48177706453028,98.70921298987001,99.22595977783203,26334900
2024-10-03,98.84833565375104,101.88920890256504,98.77877344157922,101.18364715576172,22176700
2024-10-04,103.00220603082491,103.58851498845351,100.76626816148013,101.61095428466797,21911200
2024-10-07,101.63582908432078,104.05335366751004,100.2927497511062,102.3819808959961,21749300
2024-10-08,101.65572438738508,102.41182702453251,100.74044664203488,102.01387786865234,18858300
2024-10-09,101.72535788012954,101.76515355198823,99.8052603568751,101.17817687988281,18442700
2024-10-10,100.8498713818793,106.03313786439394,100.33253526098744,105.147705078125,27605600
2024-10-11,104.50104781048559,107.09765668510934,104.4513013209876,106.37139892578125,19133900
2024-10-14,107.25683163213589,108.15221531004939,106.25201933993444,107.78411102294922,15021900
2024-10-15,107.30658178936798,108.9282156907269,102.1830044036373,103.78474426269531,23419100
2024-10-16,105.4760096911628,109.06748744459514,105.06811734170763,108.67948913574219,20450900
2024-10-17,110.76871867791212,113.55435511170737,110.44041765320124,111.47508239746094,26584800
2024-10-18,111.1766165684638,112.32071749639032,109.29631466727746,110.57969665527344,16700400
2024-10-21,110.52994143495131,110.56973710472003,107.13744218233266,108.52030944824219,14829400
2024-10-22,107.68462020377902,107.96318231391555,105.82422000097506,107.26677703857422,13758100
2024-10-23,106.01324071806522,106.55047090159913,103.00873960672556,104.51099395751953,15174700
2024-10-24,106.23211728173335,106.97826907862537,105.00843258536965,106.3017578125,13206300
2024-10-25,107.78410964869612,109.31620890242517,107.16729569308015,107.3563232421875,12265000
2024-10-28,106.232114528044,107.62493269752163,105.77447568197604,105.8441162109375,12381000
2024-10-29,106.04309315739151,108.19201404519481,105.05817487893941,107.62493896484375,15164600
2024-10-30,105.71479739903295,106.2520276477871,103.10823750846625,103.54598236083984,14321800
2024-10-31,101.67561391700453,101.96412685245664,98.56167652167386,99.13870239257812,19830300
2024-11-01,99.48689588611708,100.09376655824221,98.86013117452374,99.2182846069336,13623400
2024-11-04,100.97922270624132,103.25747406039434,100.4817881116293,101.20804595947266,15765800
2024-11-05,101.47664710198357,105.07807593750432,101.26772550407405,104.94873809814453,12071900
2024-11-06,107.82390746893114,111.74369404796384,106.45099087979341,111.25621032714844,20304500
2024-11-07,111.98246492301752,113.27579780593183,110.79857583999487,112.82810974121094,13569800
2024-11-08,111.56460260256665,113.71352316164385,110.00265866648185,111.32583618164062,13045700
2024-11-11,110.38071588317676,110.93784770155143,106.2221630326306,108.09252166748047,14479700
2024-11-12,104.46125590389455,104.55079047992128,101.54628912601402,103.56587219238281,21859700
2024-11-13,102.27253811627284,102.80976070673078,99.30782510206053,99.40731048583984,18416200
2024-11-14,100.77029414173845,101.76516326239113,98.0542981026471,98.6711196899414,18459700
2024-11-15,97.04947846175055,97.69613726937418,95.14927494079937,95.8456802368164,18518300
2024-11-18,96.05460833915046,97.56680593222872,95.03983767318815,97.00968170166016,14236400
2024-11-19,96.50229603938963,97.67624179997358,96.01481233930555,97.22855377197266,14160300
2024-11-20,97.47727419437605,98.02444762522451,96.03470949796045,97.86527252197266,10490600
2024-11-21,99.58638708109896,102.76002167412709,97.55685337564117,102.23274230957031,18915200
2024-11-22,101.83479542749724,103.17786711194242,101.12843932071863,102.11335754394531,12063700
2024-11-25,103.31715157726957,105.85407074618621,103.27735590357202,103.94392395019531,22837900
2024-11-26,103.46638067679773,104.1826876036153,99.79531147198185,101.27767181396484,19275700
2024-11-27,100.42209094539747,100.52157633889564,96.1441507127353,97.6961441040039,17046400
2024-11-29,96.74106211415653,97.69613546977932,95.60691202996396,97.44741821289062,13729400
2024-12-02,97.09921194597719,99.57643360682891,97.0295714202584,98.04434204101562,16525600
2024-12-03,100.6011671077397,103.14802959975243,99.11880666927229,99.32772827148438,23479700
2024-12-04,100.25295427205342,102.87941563728981,99.28793763621793,102.67048645019531,16306200
2024-12-05,103.34699799580864,103.71510229038397,100.09377942194921,100.35244750976562,13448900
2024-12-06,100.36238124633994,101.66566478808397,99.51674412063454,100.65089416503906,12381000
2024-12-09,100.13358562759858,103.96383049625271,99.85502346846003,102.29244995117188,14141900
2024-12-10,104.42145940507996,104.46125507974972,96.77091362797866,97.5966567993164,23548500
2024-12-11,98.98947631673217,102.13326634357801,97.79563642237868,101.53633880615234,15248400
2024-12-12,100.8797290498746,101.45675495406351,97.25840610467003,97.7359390258789,19334900
2024-12-13,100.25295606074661,102.67048828202164,99.15860156668464,101.97408294677734,23926000
2024-12-16,105.06812422652396,110.5597982126223,104.00361461371828,107.70452880859375,42741200
2024-12-17,109.18689436850215,109.9230954489971,107.12751543436454,108.04279327392578,35811500
2024-12-18,109.68431464063167,111.46513118145452,102.2029025962363,103.36689758300781,63024300
2024-12-19,89.61780665141963,90.53308436398932,84.17587168455105,86.64314270019531,91396800
2024-12-20,84.97178260777942,89.78694592603297,83.11137445831798,89.6576156616211,49578400
2024-12-23,89.53821329990868,90.63256772219121,87.94642435929332,89.25965118408203,26041500
2024-12-24,89.12037844781979,89.2397578856078,87.77730664096097,88.82191467285156,13021300
2024-12-26,88.04591163577804,90.16497999689543,87.64796249451577,89.35913848876953,14468200
2024-12-27,88.5433438372731,89.03082753762449,87.13063163366384,88.17523956298828,19422600
2024-12-30,86.65610352249679,86.71587839213575,84.25535779507652,84.98255157470703,22022900
2024-12-31,85.11204540902175,86.06835958663768,83.76722123414328,83.83695983886719,18691500
2025-01-02,84.65381844834478,87.31356816972283,84.41473418566737,86.99479675292969,18860000
2025-01-03,87.61241868692903,89.85378251735189,87.1741127059438,89.52505493164062,17484600
2025-01-06,95.20315924295747,101.13031743870339,95.11350835130901,98.87899780273438,42903300
2025-01-07,103.01307944385016,106.33029194839695,100.77171574072142,101.51883697509766,53570000
2025-01-08,102.42533418748853,103.08280448370681,97.92268715319071,99.02842712402344,33516900
2025-01-10,97.74339116731528,100.39317740306028,96.49818901139301,98.95870208740234,20512600
2025-01-13,95.47212661764208,95.63151612590475,92.52348911577323,94.69512176513672,22699100
2025-01-14,96.67749753702223,97.03611636263967,95.01390169592052,96.9863052368164,18613400
2025-01-15,99.05830890907222,103.5310722283655,98.96865041575482,102.79391479492188,27568100
2025-01-16,103.9195914088668,104.39775238349627,101.47899820948884,102.20619201660156,16243800
2025-01-17,104.2383457461579,105.47358396100915,102.10656060112848,105.34408569335938,18908900
2025-01-21,105.02532379682752,109.8168589347484,104.82609450548054,108.96015930175781,23533600
2025-01-22,108.75097036950989,110.2452129113282,107.34638633225818,108.81074523925781,20004300
2025-01-23,104.38777277506131,105.77243676185772,102.95329766927117,104.43757629394531,22677600
2025-01-24,105.09504558857017,105.31420234989089,102.32571764121117,102.79391479492188,19743800
2025-01-27,94.49589044193067,95.7311287038858,88.02084001055293,90.76028442382812,50696200
2025-01-28,92.25452776104555,93.0912998694829,87.7020694850977,87.91126251220703,34793600
2025-01-29,89.53500598749262,90.10281782158805,87.42314816249008,88.66835021972656,25342800
2025-01-30,90.31201711372799,92.80242119120635,89.95339831856231,92.14495086669922,22497100
2025-01-31,91.29823101378719,93.90817008068875,90.79018636484142,90.88980102539062,20492100
2025-02-03,88.30973006307066,91.04917454692158,87.68214337179072,89.5748519897461,18607900
2025-02-04,88.70819098065274,91.09897267212551,88.45915058778185,90.31201171875,12827500
2025-02-05,90.04305225432242,93.2905414089182,89.87370659536852,93.24073028564453,15660000
2025-02-06,94.51580768214318,96.23917055426327,93.2208021922128,94.17711639404297,16141100
2025-02-07,95.22308176743853,95.56178065663615,91.23843544813772,91.94571685791016,15602800
2025-02-10,92.8323021739496,95.89051798978292,92.812374685837,95.56178283691406,16217900
2025-02-11,93.88824062418956,95.47213408587079,93.2008866162317,93.7188949584961,12124000
2025-02-12,89.2560840164085,92.2844164019792,87.0147202613084,91.3281021118164,22874700
2025-02-13,91.70663589543825,95.70124610182195,91.66678851880309,95.2928237915039,16579900
2025-02-14,98.03226054446345,100.3134637770336,97.6238306660733,99.13799285888672,21284500
2025-02-18,102.24602434316174,107.46590891372935,101.65829265683024,106.38009643554688,29641900
2025-02-19,105.35406239439888,106.77857391418343,103.22227698718432,103.95943450927734,17875900
2025-02-20,103.58089078800093,104.44754655170729,101.94717870445812,102.7839584350586,14488000
2025-02-21,103.24218818230759,103.26211567047842,97.37479693413187,98.46060943603516,18650800
2025-02-24,99.8353281340815,100.31348150045683,94.91428683779506,95.04379272460938,14883700
2025-02-25,95.13344540899021,95.56179525776811,92.40396439125546,92.86219787597656,18608200
2025-02-26,95.63151031326899,99.33723255392569,95.13342953038737,97.33494567871094,21335200
2025-02-27,97.4644494339542,99.50658379879498,91.13882465521553,91.46755981445312,22386300
2025-02-28,90.65070474731205,94.09742293887798,89.52504488593989,93.2706069946289,23359100
2025-03-03,95.44224278061246,95.8307452060337,89.04688697740582,90.19247436523438,20281800
2025-03-04,89.85378335664441,93.23077095134926,86.46683961690215,90.84994506835938,23611500
2025-03-05,91.79629363332715,94.68516381453833,90.08289445274217,93.9778823852539,14010300
2025-03-06,90.58098499932048,92.93192725344115,88.68827622183545,88.92735290527344,18708100
2025-03-07,89.94343773679316,92.98172625808233,89.14650536393448,92.60318756103516,19133900
2025-03-10,89.24611831887294,91.01929243486785,85.43082498642534,86.74575805664062,21897900
2025-03-11,87.56261865328564,90.75033318805859,85.73964084116037,88.70820617675781,21962100
2025-03-12,92.1150727084865,96.61772020412596,91.88595217569267,95.27290344238281,23584700
2025-03-13,93.8882290452377,97.74337710122488,93.63918864989223,94.51580810546875,18824700
2025-03-14,98.3709664563253,102.38549683341132,98.3709664563253,100.40313720703125,24623600
2025-03-17,100.67209887531325,104.04908642712938,100.57248422542904,102.7142333984375,17095100
2025-03-18,101.50886871845613,102.91345262459127,99.90504793194411,101.32955932617188,18434100
2025-03-19,100.43302031135866,103.20234856678226,100.10428513280854,101.66825866699219,16633100
2025-03-20,101.19008960354356,104.28815255644597,100.96096910858692,102.6046371459961,29204400
2025-03-21,97.82306824227742,98.1219197689273,93.34034094318936,94.35643005371094,63239600
2025-03-24,95.7311219700758,98.04221642670646,94.96408093236144,96.56790161132812,35406600
2025-03-25,95.81081983852707,96.01004911192578,92.89206614258931,93.81849670410156,22191700
2025-03-26,95.63152333747638,96.26906621838404,90.62083119529089,91.77637481689453,27107200
2025-03-27,90.74036575489575,91.85606959677928,89.26605069252138,90.81010437011719,15658700
2025-03-28,90.12273932230596,90.54112536171105,87.26375285281839,88.10053253173828,17118000
2025-03-31,85.7814442306095,86.86867051049708,83.8862712663042,86.66918182373047,21089500
2025-04-01,88.30501523965086,88.66410097128664,86.03081067929477,88.48455810546875,15337100
2025-04-02,86.90856676525983,89.70145394347078,86.4796592545347,88.37483215332031,14520400
2025-04-03,82.70926636745803,83.13817387546845,74.02140276101908,74.15106964111328,44839500
2025-04-04,70.47046531538527,71.1587067084142,63.6977191911855,64.55553436279297,50737700
2025-04-07,63.777504968778274,72.27585315770102,61.38360648211167,68.19625091552734,50181800
2025-04-08,71.41804084337186,72.7845619913617,63.35857658856257,65.37344360351562,40822100
2025-04-09,66.03175624219152,78.36034514068005,63.53811354847079,77.67210388183594,63132600
2025-04-10,72.3157651057104,72.86437050568753,67.328470960489,69.87199401855469,44882300
2025-04-11,68.864546821092,69.99167236764173,66.66016409500473,69.37325286865234,30807800
2025-04-14,74.48022553107064,74.5899465765835,69.7921735519023,70.8395004272461,32634700
2025-04-15,70.93926507467582,72.61499598541637,70.37071392335343,70.85946655273438,19132700
2025-04-16,67.75737246610159,70.27096514077388,66.99930169342007,69.15381622314453,28475000
2025-04-17,70.26099184342922,70.30089110382369,66.82973154956323,68.62516021728516,20694100
2025-04-21,67.58780863407782,67.82719660895465,65.48317001285237,66.57039642333984,19826100
2025-04-22,67.36835768329682,70.22109001200361,67.26861334096553,70.03157043457031,20351200
2025-04-23,73.50273012628422,75.20838349930625,72.31575190125494,72.74465942382812,26385500
2025-04-24,74.38048819858878,77.39280985057572,73.41295212986954,77.2232437133789,23875600
2025-04-25,77.3529191548967,80.09593036450289,76.7045695288069,79.5772476196289,19746200
2025-04-28,78.56981697235834,79.40768622179748,76.72451993407756,78.3603515625,16882400
2025-04-29,77.74193513715193,77.9912998173609,76.27566959992218,76.68462371826172,17098000
2025-04-30,73.43290877658995,76.95393660422904,73.31321099862284,76.75444030761719,19779300
2025-05-01,79.19821967521277,79.68697229120052,77.44269029063722,77.57235717773438,15349200
2025-05-02,79.37776734955375,81.46245243692907,78.89898381201918,80.5148696899414,18899700
2025-05-05,79.20820173530328,80.9437778020025,78.84911598219225,80.21562957763672,12513600
2025-05-06,78.8391391090987,81.01359944977244,78.34040974298091,80.30540466308594,13173800
2025-05-07,80.78417923251436,82.65940648794151,79.99618593411769,82.41004180908203,14889700
2025-05-08,84.03589466543605,85.99091278540156,83.14815703978859,84.93360900878906,17580500
2025-05-09,85.35253600631037,86.05075401428313,84.46479842045694,85.64179992675781,13017600
2025-05-12,92.57414088151383,93.96060788622735,91.71632577802123,92.05546569824219,27765300
2025-05-13,92.314803770247,97.162453558189,92.314803770247,96.68367004394531,28009100
2025-05-14,96.05527162038139,97.40183928403044,94.08030013302533,95.0777587890625,28044400
2025-05-15,93.77109265387037,95.3670250201461,91.93576472514894,95.20742797851562,24196100
2025-05-16,95.65628443738892,97.94046562041478,95.45678814476337,97.75094604492188,22609300
2025-05-19,95.46676868751787,98.76835446021886,95.45679196998545,98.39929962158203,14380100
2025-05-20,97.67114227093214,98.37933694912356,96.72355966448004,97.8506851196289,12331300
2025-05-21,96.91308830055621,98.56886574017568,95.01791530026428,95.596435546875,15764300
2025-05-22,95.16753235334049,96.9729300538475,94.13017445608618,94.58900451660156,13245200
2025-05-23,92.02553365003803,93.601512472985,90.69891187002105,93.1327133178711,16545000
2025-05-27,94.93810828574611,96.45424198432481,93.95062641884283,96.13505554199219,17612600
2025-05-28,96.45424489386805,96.96295091762003,95.35704194087783,95.9355697631836,10500300
2025-05-29,98.33944515025726,99.37680306472767,95.86575194729413,96.55400085449219,14628700
2025-05-30,95.79592662909849,96.36447773721454,91.9856350110213,94.21994018554688,23758200
2025-06-02,94.33965374013394,98.98780772243138,94.16011085437957,97.93050384521484,16850300
2025-06-03,98.11003677921897,102.66842266126459,96.71359309944447,101.99015045166016,22757600
2025-06-04,102.11982562746931,103.64594393041995,101.44155336282674,102.98761749267578,14595900
2025-06-05,106.0298589195799,108.75291680793276,105.26181148747631,106.01988220214844,28833700
2025-06-06,107.80533512187823,110.76778859602584,107.76543586178802,108.28411102294922,20710100
2025-06-09,109.23170962166404,112.24403169214906,108.304072681646,110.66804504394531,20159700
2025-06-10,111.2465546668789,114.62793865817162,110.94732165765247,113.84992218017578,22949400
2025-06-11,115.30620756772933,116.96199242372329,114.43842349429104,115.73511505126953,21614100
2025-06-12,113.82000369851475,116.18398336671736,113.23149915571098,115.8847427368164,17076500
2025-06-13,113.51079245337277,116.8024012885201,113.3711488572759,115.30621337890625,17453000
2025-06-16,117.51060623694474,120.65260264322791,117.02185360796919,119.53544616699219,21374100
2025-06-17,119.29605477702346,123.19612180883276,119.04669011084657,120.03417205810547,20837700
2025-06-18,120.15386973192408,122.66746982638226,119.8745825236522,121.51041412353516,20180000
2025-06-20,122.45798858073522,123.84446303149198,120.07406314318361,123.28588104248047,29290400
2025-06-23,123.3557158147608,124.19358508140496,119.5055246173383,121.76976013183594,23399200
2025-06-24,124.79204335631285,127.7744499850254,124.64242304754718,127.58493041992188,26420600
2025-06-25,126.28824751963016,127.17598516018312,125.30076553036454,126.92662048339844,39407000
2025-06-26,129.20082225201517,129.52001633682465,123.47541153084742,125.67979431152344,62678100
2025-06-27,124.82197894752909,127.21588130807261,123.07642625275862,124.44294738769531,36888600
2025-06-30,124.58259118796926,124.76213405553902,121.54033915692767,122.93678283691406,22799700
2025-07-01,122.03905996527712,123.67489148429964,118.77737364417884,120.58277130126953,24825800
2025-07-02,120.19377919814899,122.68742606947988,117.75997741652802,121.43062591552734,29303800
2025-07-03,122.01911678794396,123.31580844894964,121.52038746986359,121.97921752929688,13247900
2025-07-07,120.9858119896976,121.31528499999378,118.71945296689152,119.72782897949219,19148400
2025-07-08,122.2537748433161,125.24896744168727,121.7545760769209,124.22061920166016,26238200
2025-07-09,124.61998064055057,125.94785119689703,121.0856524348212,122.04411315917969,20464000
2025-07-10,124.08085070283039,124.15073822912616,121.82447002687238,122.91272735595703,15378400
2025-07-11,121.9342962008174,124.61000207471105,121.04572294579015,124.33045196533203,15820600
2025-07-14,120.18708974903116,120.24699877942409,116.83247349943113,118.41992950439453,32117700
2025-07-15,120.74620569355781,121.19548155743294,118.92912240368499,119.91753387451172,24958900
2025-07-16,118.8392476885617,118.89914909828659,114.62600921543489,116.24341583251953,30614800
2025-07-17,113.74743098723327,114.01699496899151,110.77220299393423,113.07850646972656,34702400
2025-07-18,114.05693440015412,114.61604220989247,113.0984736626769,114.20669555664062,19349900
2025-07-21,113.40797721643679,115.73424540104419,112.48945327289732,113.0485610961914,22189800
2025-07-22,112.67914154179415,112.81891658128245,107.95671805369614,109.04497528076172,27917600
2025-07-23,109.26463251502172,110.11326892621784,108.70552469606123,109.65400695800781,17810000
2025-07-24,110.88203219147515,112.54936193001376,110.07333259358776,111.55096435546875,20293100
2025-07-25,110.8121392179412,111.32132408873275,108.65560452387639,111.08171081542969,16372300
2025-07-28,111.54097199045079,111.82052207689605,109.683951996586,111.07172393798828,12932300
2025-07-29,111.87044598106066,113.35805616393347,110.49265251839591,111.78058624267578,16653300
2025-07-30,112.41955936946212,114.70589060718783,112.22986902009902,114.5561294555664,16378800
2025-07-31,112.01021858829448,112.09008459969269,106.76863168400975,108.96510314941406,29224300
2025-08-01,105.32096009259571,106.32934379567189,103.21434055919525,104.7119369506836,24003300
2025-08-04,105.85010950926048,107.70712964250797,105.29100929440547,107.59730529785156,14780600
2025-08-05,109.12485190706133,110.46270092669104,106.65880881562745,108.8852310180664,17836000
2025-08-06,107.72708771890044,108.78538659157526,106.57892911368009,108.60567474365234,13021900
2025-08-07,113.95709391375526,115.09526649306555,110.61246369851297,111.69073486328125,18986500
2025-08-08,111.99025292974292,119.13878314447827,111.49105414772517,118.6994857788086,28962200
2025-08-11,124.76974068836964,127.07603654786557,121.45506118959038,123.52174377441406,35065800
2025-08-12,124.50017248594189,128.34400917952718,122.84283649992132,127.5452880859375,25961200
2025-08-13,127.37555509737471,128.39392481474198,123.15233031355108,124.07085418701172,18438200
2025-08-14,123.0025709984185,125.53850160464616,121.20546003883722,125.08922576904297,12235900
2025-08-15,122.97262511557769,123.18228768822827,119.24860649818505,120.67631530761719,18986700
2025-08-18,121.15554857843755,123.48181684032299,120.46665940648273,123.3520278930664,12208800
2025-08-19,122.74299672941933,124.04090896877727,121.11560385462784,121.85442352294922,11491200
2025-08-20,118.50978117489888,118.71945135472636,113.27818036480753,117.02217102050781,25795000
2025-08-21,116.81251417045209,117.54134773862545,115.42474217557834,115.60445404052734,13174900
2025-08-22,117.4614738526481,120.50658182466812,116.32330124948184,117.49142456054688,17038300
2025-08-25,117.4914195831093,117.89078011156825,115.91394968513922,116.23343658447266,8674800
2025-08-26,115.90397728978789,118.17034417705395,115.62442717194365,116.31332397460938,12584300
2025-08-27,116.66275808007867,118.53975044376703,116.25341902485398,117.56131744384766,15349300
2025-08-28,118.68950121209681,122.37359070873697,118.53974766928138,121.80450439453125,17295500
2025-08-29,122.40353357674881,122.57325932584722,117.87080795343223,118.81929016113281,16774000
2025-09-02,115.67434153318575,118.37001188951425,114.06692085746202,118.29014587402344,13771900
2025-09-03,119.16872844126564,119.24860207088201,117.11203199024,118.52975463867188,14101300
2025-09-04,118.65954446094398,124.21063988608049,118.33007144918999,124.01095581054688,18589100
2025-09-05,127.56524026756098,131.199414034169,125.45862863219739,131.1594696044922,28416000
2025-09-08,130.3407984782381,132.04804969566996,128.19423468288713,131.2493438720703,19492600
2025-09-09,131.54885060407466,137.77885655892658,131.34917414868275,135.02328491210938,20705000
2025-09-10,139.79562224003186,142.01206590916595,138.11830651788372,139.77565002441406,25791300
2025-09-11,147.4832811012248,156.00958911647803,147.3734567659708,150.32872009277344,52446400
2025-09-12,153.30394692911,158.02636307745186,152.96449541817447,156.97804260253906,32288300
2025-09-15,156.7084818407223,160.0830551075525,156.29913520024067,157.51718139648438,20101400
2025-09-16,157.72684046252309,159.3043104174347,156.9181408856495,158.5655059814453,16911600
2025-09-17,157.15775984752375,160.33265670052228,155.0111960038449,159.73362731933594,18843600
2025-09-18,162.7288150539684,170.17685192055103,162.33944063584235,168.61935424804688,28212800
2025-09-19,162.48919523833501,163.4376698288035,159.12460049456286,162.46922302246094,37309900
2025-09-22,164.11659550785987,166.99197011640575,161.33105778898192,164.356201171875,25851200
2025-09-23,165.4144846874973,168.7191930934654,164.96520887511787,166.14332580566406,43316500
2025-09-24,164.81547698165915,165.7340009418912,158.0463424992856,161.4508819580078,57096400
2025-09-25,157.137805078906,158.69530297099885,154.40219004129474,156.57870483398438,32209200
2025-09-26,158.26598707490635,158.6653400092037,154.9313276127379,157.0179901123047,24045000
2025-09-29,159.7436001992301,165.53430875331955,159.71364949293968,163.63734436035156,26506500
2025-09-30,163.84701714963748,168.67925747642548,163.6972636157991,167.0518798828125,20092500
2025-10-01,165.33462730297458,182.09771413913674,165.234781462133,181.85809326171875,41674800
2025-10-02,184.6636188948603,185.881649899133,180.9196280551162,183.45555114746094,25122200
2025-10-03,185.0290190063793,191.66252977109554,184.7392938585731,187.64645385742188,29399300
2025-10-06,194.8194216803748,200.80357346188558,189.2448728863467,190.7733917236328,36392300
2025-10-07,194.659597366786,195.1091545749832,183.06094212713188,185.508544921875,27828200
2025-10-08,188.80532109762163,196.75753390743984,188.61550432998132,196.34793090820312,26833900
2025-10-09,192.78141800674848,196.42784488465193,189.31480790372422,192.1420440673828,19721500
2025-10-10,192.7714297792327,193.2509564141112,179.43447043743328,181.4225311279297,26990300
2025-10-13,190.60354324747644,193.21099322764917,187.80629175017626,192.5816192626953,20928400
2025-10-14,186.77728888413273,192.27191368073386,186.06797606672038,186.87718200683594,15912400
2025-10-15,192.29189171692144,192.69150995714887,187.23683911809295,191.75242614746094,17793100
2025-10-16,199.7646115421119,206.13836682363421,195.00925312122828,202.33209228515625,42041300
2025-10-17,199.08525899267423,203.19124324088818,195.3589082800716,202.18223571777344,23283100
2025-10-20,209.4551226526565,214.54014501568494,205.2991841710047,206.5679473876953,23268400
2025-10-21,204.10034584918608,205.66880360125717,200.64372051197603,202.09230041503906,13717300
2025-10-22,202.05235153491253,205.3790991273979,192.21197133294183,198.2760467529297,21949800
2025-10-23,196.50776830369242,208.79575095407105,195.0092342059359,206.50799560546875,19397900
2025-10-24,212.18245825606303,219.60520580985403,209.77480957720812,218.8059844970703,25821800
2025-10-27,224.59030693239927,224.7601389743725,215.52917831725236,219.88491821289062,23873100
2025-10-28,218.71604693246775,222.68216853461456,217.34739062053072,221.69314575195312,14957500
2025-10-29,228.83615687073262,232.17288931669233,225.87905796140856,226.40853881835938,23217300
2025-10-30,225.8790611560944,227.17777860086846,220.52429833884793,223.7910919189453,14795100
2025-10-31,227.52743694148873,231.0240166529935,218.60617088033933,223.55133056640625,16320000
2025-11-03,233.65146654717591,237.3878022102938,231.57349721204508,234.4706573486328,21199300
2025-11-04,221.92290908729885,228.4465263080595,217.18753584959745,217.81692504882812,23696200
2025-11-05,225.44947232395214,239.64559294855908,224.51038845760846,237.26791381835938,28617400
2025-11-06,237.60758027137086,246.1692130268753,234.65048130528328,238.09710693359375,32016800
2025-11-07,233.80128695335694,242.31296483285828,226.1787386887463,237.68748474121094,30613800
2025-11-10,247.71768201485662,256.8187796646657,247.5678194595284,253.05245971679688,27870600
2025-11-11,248.09730455970475,249.7457012334536,238.556634306757,240.87437438964844,22622500
2025-11-12,244.66067504882812,248.9464913523168,240.6046449625146,244.66067504882812,17263100
2025-11-13,243.3619554618112,249.25618377004466,229.93508685096947,236.71844482421875,32324600
2025-11-14,231.22381589110122,254.92063709442598,231.0040296633094,246.5887908935547,36171100
2025-11-17,246.67870651848116,260.3253463021206,239.22600501020358,241.71356201171875,30304400
2025-11-18,235.2498775452143,238.69650305197035,225.29961929538163,228.27670288085938,33843900
2025-11-19,226.68825676423654,234.12098849287156,216.14856366096723,225.69921875,35256600
2025-11-20,230.01501657820896,230.3746653984946,199.40495838058808,201.1732177734375,47420700
2025-11-21,204.3301372331983,211.79283895748407,192.40180226044018,207.1673583984375,36679700
2025-11-24,213.20145759092787,225.88904399410598,212.15248061108522,223.71116638183594,33052800
2025-11-25,219.00578391391085,225.96897419180982,215.78892921261985,224.3105926513672,17441600
2025-11-26,229.3955991936823,233.6014916824619,225.77914171330642,230.03497314453125,17817600
2025-11-28,235.38975637494494,237.86734399049777,233.24186336930518,236.24891662597656,12914700
2025-12-01,232.06299193783067,242.123158522861,231.27377065887114,240.2250213623047,18238200
2025-12-02,238.51668385661696,244.13118688757797,234.10100508841109,239.25596618652344,18166200
2025-12-03,236.1589994404211,237.56762524908828,227.86710713906936,233.93118286132812,19188200
2025-12-04,230.05497023211262,233.93118359214208,223.1117647886667,226.4285125732422,23513900
2025-12-05,228.72625215096468,240.33490669859188,226.46846625744834,236.98817443847656,21161000
2025-12-08,243.25207000901648,248.98645119445882,241.3739022442043,246.6787109375,20495400
2025-12-09,244.25108137328118,255.26030127117303,242.59269992437095,252.17332458496094,17067100
2025-12-10,254.88066906443308,264.491262663534,250.33511268187462,263.4522705078125,21960700
2025-12-11,261.2744353346599,262.59315276624574,251.304191918892,258.2074279785156,18867000
2025-12-12,255.42015800645552,255.57002057311084,239.08614433698853,240.90435791015625,25936900
2025-12-15,246.86852348830158,249.8655918733756,235.76937962582238,237.26791381835938,27483600
2025-12-16,235.56958476264143,239.16605777988477,230.35468440595395,232.2827911376953,22577300
2025-12-17,236.3288263643656,237.21795602868477,221.4733625059069,225.29962158203125,41957100
2025-12-18,256.2793111195796,263.3923483958844,244.76057974925737,248.30711364746094,65006100
2025-12-19,251.50396087548447,268.1177130002352,251.50396087548447,265.6601257324219,62312100
2025-12-22,276.8791524562695,279.71637344249024,268.0278254169774,276.3197021484375,30961900
2025-12-23,275.6503664329825,281.584533429657,272.05387848972947,276.0,20767600
2025-12-24,277.7283605477154,289.01730689286074,276.9790933879643,286.3998718261719,18592600
2025-12-26,290.55579464363353,290.5857641088608,283.14306235836034,284.51171875,17878500
2025-12-29,280.16918631071405,294.33107166805104,278.3402494382078,294.2011413574219,26642900
2025-12-30,294.53094747936166,298.6585525437395,291.8424882497347,292.4621276855469,23056400
2025-12-31,293.00183505456795,293.00183505456795,284.01697147079557,285.24627685546875,17573800
2026-01-02,294.96070539878707,315.4189641311382,294.6908407625547,315.23907470703125,42604300
2026-01-05,324.9435130260007,325.3432774893249,309.3724325039071,311.970947265625,34608600
2026-01-06,318.09740553134617,344.3523237814261,317.8775305225872,343.23297119140625,48732400
2026-01-07,340.5145629025716,346.1013528628384,336.9865889026152,339.355224609375,32781100
2026-01-08,342.7032929471581,343.4628667412315,321.1756405999752,326.8323974609375,33897700
2026-01-09,332.55914097380867,345.6016435437512,326.00290610415817,344.8920593261719,33387500
2026-01-12,340.3546446314014,348.27011505365033,339.1253696927705,345.6716003417969,23152600
2026-01-13,346.07134975032386,351.0285263851163,335.027700830214,337.93603515625,23881300
2026-01-14,334.64791847425715,338.9054845247233,328.0117433088152,333.1587829589844,20277200
2026-01-15,345.1318804013174,347.57048308145306,336.0770803103486,336.4368896484375,25370200
2026-01-16,352.89747237125545,365.60017353473944,351.83808281395886,362.54193115234375,47901900
2026-01-20,364.4708256342844,381.34114876665075,361.14274901993673,364.7906494140625,49744900
2026-01-21,372.6361277659507,393.9738868432153,366.5196432679402,388.88677978515625,56712800
2026-01-22,396.412465523718,397.5517956550272,376.70377750604916,397.3518981933594,39607600
2026-01-23,396.93218392852526,412.19341373986845,390.5158531620237,399.4207458496094,35404200
2026-01-26,395.2731172676128,397.77168311633346,384.07953006531557,388.8667907714844,29193900
2026-01-27,404.37789377881177,416.2111289816921,399.3707883450681,410.0046691894531,36212100
2026-01-28,422.1977027938172,438.6882388600938,416.7608205840813,435.03033447265625,42725700
2026-01-29,439.11797215172794,444.4549054636323,417.4604191603535,435.5400390625,42675700
2026-01-30,446.213872214534,455.2386907026428,406.896444277963,414.6419982910156,51022900
2026-02-02,411.9435595687579,442.17620767974205,409.7648173720168,437.5488586425781,37771200
2026-02-03,441.9063703526014,442.04627418529253,407.2962300497463,419.19940185546875,42763300
2026-02-04,410.3544851484294,412.7631064514113,363.6912637248487,379.182373046875,58074900
2026-02-05,369.4079721128486,390.70574573939183,365.7900535127613,382.6703796386719,38899500
2026-02-06,377.7531825675145,396.42245965517907,372.65610203071327,394.4635925292969,37196000
2026-02-09,380.47161322303185,391.5852291681203,370.46734586775284,383.2799987792969,31009600
2026-02-10,375.7743071367975,382.57042468123126,365.8500107072858,373.035888671875,35433800
2026-02-11,395.16320828074083,413.9224303228854,386.34826035041203,410.1046142578125,48475000
2026-02-12,422.00779323564984,438.51830622069866,410.9241582290314,413.7325439453125,45639100
2026-02-13,404.95756887926956,420.63857089338137,392.4847169378131,411.4238586425781,33807600
2026-02-17,400.72000141223486,413.42270159621324,395.07321821669467,399.5506591796875,28549500
2026-02-18,399.27084855466524,427.60459321919745,394.37366527315834,420.70855712890625,32306600
2026-02-19,415.57147057513606,420.0788931999249,407.5060925636198,417.110595703125,21651300
2026-02-20,414.94180890810406,430.3229944902613,414.91182733874604,427.92437744140625,29894900
2026-02-23,422.0677739009512,431.4524027339767,415.06178485521286,420.7285461425781,25426600
2026-02-24,428.9737943955014,436.0197382131025,411.0440825999938,417.7702331542969,33389200
2026-02-25,426.25534036276224,436.63939483015685,422.7573481206294,428.75390625,27296300
2026-02-26,424.5963003584035,433.7510496751504,401.7294198641812,415.3216247558594,35433500
2026-02-27,401.57951318695996,417.72024319947496,400.94986968460194,412.1334533691406,28653900
2026-03-02,401.2397011646354,417.37042672265255,396.77226412439063,412.43328857421875,30049200
2026-03-03,386.3282739254194,389.86625202405895,374.3351567775591,379.46221923828125,39010900
2026-03-04,393.41418564005653,407.6460064740802,387.3876157362462,400.5400695800781,32644900
2026-03-05,398.3713643086784,404.2979554687848,380.08184311044465,396.8222351074219,29960100
2026-03-06,379.9219681112347,390.9556136587371,367.23924459596833,370.08758544921875,34458800
2026-03-09,363.75121121460063,389.7762822955878,357.46484133968016,389.0966796875,35547200
2026-03-10,393.7839979982904,415.0717677060177,393.414215117463,402.8787536621094,33745400
2026-03-11,410.53435883479557,422.507497721878,405.55723503454624,418.4498291015625,30191400
2026-03-12,409.7647884145985,413.49265954288353,396.4424490795891,405.1174621582031,31720900
2026-03-13,413.51268551318486,429.1037439249959,412.76311569050233,425.8855895996094,39261000
2026-03-16,445.90408477349564,454.5990761239972,437.4989051179596,441.54656982421875,43067600
2026-03-17,452.2803956477197,462.464552294265,444.88464697556566,461.4251403808594,43017900
2026-03-18,464.4934096077029,471.0696217040618,458.03709329569284,461.46514892578125,58973700
2026-03-19,424.7262202254473,456.95772024409706,420.8684186267436,444.01513671875,74591900
2026-03-20,443.6653716790131,448.8423930033044,415.1217262287037,422.65740966796875,64224900
2026-03-23,425.90552375147496,444.0151239422344,401.2896484027503,404.1180419921875,54807300
2026-03-24,401.0498330246347,404.7477229826018,388.68693307608254,395.3031311035156,44975100
2026-03-25,382.78030075097894,388.6969182975011,371.1669711800078,381.8708190917969,55328700
2026-03-26,369.80774961984406,374.0353343184194,349.79924385156124,355.256103515625,54515900
2026-03-27,359.6535760842338,368.48853245801337,353.8569150607854,357.0151062011719,45806700
2026-03-30,362.6042190325812,362.75418985689373,318.3510173743371,321.75048828125,73833200
2026-03-31,321.6205585497994,337.7880554199219,311.442100475299,337.7880554199219,73551800
2026-04-01,348.85633726392524,377.831890789038,342.94724262880413,367.7934265136719,74429800
2026-04-02,341.28749103387474,366.88355931551865,340.1476822566628,366.18365478515625,51498700
2026-04-06,373.742491438278,385.0207551752209,370.55297966973916,377.701904296875,41414900
2026-04-07,374.07246056759936,379.1916681868341,364.04400448577076,377.52191162109375,40224100
2026-04-08,415.06615180551705,415.9360131047082,398.8186512936144,406.6674499511719,49216600
2026-04-09,407.5473035457694,423.87480942392403,398.378730785287,421.4451904296875,43101000
2026-04-10,420.2253879207372,423.7948158346493,409.98694159720065,420.52532958984375,36377600
2026-04-13,416.4059702509256,426.8143734072892,408.43719439316766,426.4944152832031,37015800
2026-04-14,434.2832257109763,465.7083860920208,424.79466402959326,465.5884094238281,52534900
2026-04-15,457.5596296769996,463.87866509856457,439.25244786438594,456.15985107421875,40370100
2026-04-16,452.89033559558965,462.2688980280435,444.31166844744615,457.1596984863281,33626400
2026-04-17,466.77821786855947,470.8975794478363,452.1304767239016,455.0000305175781,33405000
2026-04-20,458.17951836169027,464.4885454042651,435.83294982510625,448.3510437011719,32013600
2026-04-21,451.250617253604,457.7496178840842,441.232138291909,449.3109130859375,27734000
2026-04-22,462.85881612563526,491.90436792911254,458.4894929052389,487.4050598144531,45998100
2026-04-23,482.2058465155727,493.54409928872667,471.7274468681773,481.64593505859375,38178000
2026-04-24,495.8437509516432,506.9120254195625,489.28473167521884,496.64361572265625,35379600
2026-04-27,510.4814625795857,531.2782508923513,509.9415370994553,524.4793090820312,41298800
2026-04-28,503.4625787071371,518.7502360925458,488.15493538178663,504.21246337890625,44816600
2026-04-29,525.9191288334299,530.938376549403,508.72176108467283,518.3803100585938,36248500
2026-04-30,529.6585268720199,535.4176508639232,502.5026998725388,517.0804443359375,36554400
2026-05-01,511.701303890077,545.8260301905997,510.13153798121783,542.1266479492188,40215300
2026-05-04,560.5137893132991,592.7088511115685,557.6742601074695,576.3613891601562,46043700
2026-05-05,609.6862575628963,651.6397659140443,605.3768617682681,640.1015625,64268500
2026-05-06,660.2684733246462,667.567338856077,627.4835362552068,666.487548828125,55725800
2026-05-07,649.7300987842582,682.9849944681508,635.3222803012311,646.5305786132812,47527500
2026-05-08,676.3459662365216,747.0950922801325,676.1060129154682,746.6951293945312,65130900
2026-05-11,792.858027429677,818.5440789846186,767.8818886525323,795.2077026367188,70972900
2026-05-12,774.5809049006259,782.6396632639393,706.491338412229,766.462158203125,73743000
2026-05-13,813.0349112689491,814.8246750281264,779.3500902617413,803.5064086914062,54875100
2026-05-14,787.4988861690728,811.8751422431137,775.5107395840645,775.8906860351562,42142700
2026-05-15,732.4573405930316,749.474742504196,718.8894202889641,724.5485229492188,48519000
2026-05-18,750.3446270815475,756.8835994856332,663.1480150050809,681.4351806640625,60042500
2026-05-19,665.4776931146919,725.8384071571451,652.1097534544188,698.632568359375,61792100
2026-05-20,734.8470164803746,735.566876482725,700.5522415362531,731.87744140625,48827400
2026-05-21,736.2467558691484,764.7824063528074,732.0874224003402,761.9827880859375,42461500
2026-05-22,756.703633887413,780.0800437126234,747.0851180015923,750.884521484375,36002900
2026-05-26,820.373834573117,916.6590146524127,820.1738531212661,895.7422485351562,76560800
2026-05-27,955.5130216924548,956.0129448076547,888.0134539398174,928.2672119140625,72295700
2026-05-28,929.6870178621832,949.3439674852925,904.6408825248693,923.3779907226562,49694300
2026-05-29,956.8528605185135,980.849170500169,940.3654056327412,970.8507080078125,60498600
2026-06-01,1009.5647539871434,1046.8090278226243,1009.344817098473,1035.3408203125,46552100
2026-06-02,1049.8384727869006,1076.3944455023225,1017.0435307945203,1063.936279296875,47555400
2026-06-03,1078.844080247331,1089.1225286874078,1038.3403000869419,1079.4039306640625,40324200
2026-06-04,1006.9451317330635,1036.2106509339512,971.5305947237666,995.8468627929688,54917200
2026-06-05,944.2547879371384,961.7420884378228,863.8771362304688,863.8771362304688,77250500
2026-06-08,938.1257167401803,962.8019137156274,916.3590453651269,949.134033203125,54097800
2026-06-09,988.0280306394972,988.9979132065755,854.218593891356,935.74609375,73448600
2026-06-10,904.9908214103338,957.3327470461569,883.1141810553139,891.7428588867188,55712600
2026-06-11,904.2309280744469,996.616743925406,895.3622969166971,995.7168579101562,59418900
2026-06-12,971.6605645390866,1012.4642868369024,960.0423562021971,981.4590454101562,40785200
2026-06-15,1055.7275939797146,1097.3011540611717,1051.338254618575,1087.8226318359375,44994600
2026-06-16,1099.5308285965202,1110.2292562771695,1019.8431344598333,1020.60302734375,45499800
2026-06-17,1061.136863835972,1093.5018817580628,1013.9840809607729,1043.029541015625,46149200
2026-06-18,1107.8994950196334,1149.2532401330302,1092.6219382580323,1133.8155517578125,64642500
2026-06-22,1196.036022632204,1213.3734440603093,1168.390250085504,1211.1937255859375,53140800
2026-06-23,1079.833915576653,1124.8269953923468,1038.3402975244019,1051.6082763671875,60243300
2026-06-24,1082.05353141983,1083.1533378357715,990.9475500402298,1048.3487548828125,68935700
2026-06-25,1232.810364629667,1254.8069810301963,1136.1352941340788,1213.3734130859375,82143900
2026-06-26,1138.9048461164418,1198.525684121708,1121.187599491604,1132.1558837890625,86405300
2026-06-29,1128.526353776065,1148.6133517516635,1023.492584008156,1145.1038818359375,60694100
2026-06-30,1144.55396024363,1168.500350785656,1124.4871000242297,1154.112548828125,42152600
2026-07-01,1081.8436734177803,1096.8313592555164,1032.0412720759573,1032.121337890625,51328100
2026-07-02,1041.3398351432643,1064.47629125389,950.1338925088278,975.4099731445312,61316900
2026-07-06,1007.0,1019.0,980.8499755859375,984.75,37115800
2026-07-07,923.010009765625,942.02001953125,891.6599731445312,938.3800048828125,52367500
2026-07-08,902.6400146484375,959.0,900.4099731445312,948.7999877929688,42979000
2026-07-09,1016.510009765625,1035.5,987.1300048828125,991.6400146484375,41110700
2026-07-10,964.97998046875,998.0,954.1300048828125,979.2999877929688,31768100
2026-07-13,929.0,943.5,902.5999755859375,937.0,35536200
2026-07-14,988.3800048828125,994.7999877929688,950.0700073242188,983.1199951171875,30835200
2026-07-15,975.8099975585938,978.4000244140625,873.6300048828125,904.280029296875,54779200
2026-07-16,866.77001953125,887.7100219726562,840.510009765625,853.2000122070312,46718000
2026-07-17,822.530029296875,903.9600219726562,804.0,848.9500122070312,63346300
2026-07-20,885.5700073242188,901.0,858.9000244140625,865.4600219726562,37705200
2026-07-21,925.3499755859375,982.8800048828125,916.5700073242188,970.8200073242188,49369000
2026-07-22,938.25,982.6199951171875,936.0599975585938,959.47998046875,31588600
2026-07-23,975.1300048828125,1011.77001953125,964.4000244140625,990.2100219726562,40196300
2026-07-24,959.030029296875,967.1400146484375,904.0,920.9500122070312,40803100
2026-07-27,932.4500122070312,935.0,854.7899780273438,900.2000122070312,47591200
2026-07-28,839.6099853515625,848.3599853515625,789.0900268554688,820.530029296875,61039300
2026-07-29,833.0,841.7999877929688,737.8800048828125,739.0,69846000
2026-07-30,793.1400146484375,882.5,789.0,874.6599731445312,63075300
2026-07-31,919.6500244140625,930.8800048828125,818.0,823.030029296875,54538600
2026-08-03,786.3599853515625,836.6199951171875,770.0999755859375,829.5,42607100
2026-08-04,866.8200073242188,902.4299926757812,858.5,892.6699829101562,37478600
2026-08-05,885.2999877929688,928.97998046875,881.2000122070312,893.1900024414062,34720300
2026-08-06,843.1099853515625,913.3300170898438,827.0,881.469970703125,35784100
2026-08-07,903.5999755859375,904.7999877929688,847.02001953125,877.5700073242188,34568500
2026-08-10,863.6699829101562,894.989990234375,854.4000244140625,861.0,27818600
2026-08-11,871.7999877929688,879.0,844.6199951171875,868.52001953125,29438300
2026-08-12,912.9400024414062,935.7999877929688,899.5399780273438,911.2899780273438,36804900
2026-08-13,912.8900146484375,978.0,906.5,949.8300170898438,36704700
2026-08-14,979.3200073242188,984.0,956.2000122070312,971.6599731445312,27881100
2026-08-17,999.5499877929688,1036.1300048828125,995.260009765625,1011.75,33430500
2026-08-18,957.0999755859375,978.6699829101562,926.6400146484375,940.760009765625,37306000
2026-08-19,959.3599853515625,960.0,915.1799926757812,937.1099853515625,26901900
2026-08-20,935.010009765625,977.280029296875,929.0700073242188,974.3300170898438,25212200
2026-08-21,989.6799926757812,989.9600219726562,958.260009765625,966.780029296875,21823400
2026-08-24,934.780029296875,936.4500122070312,887.6099853515625,910.4299926757812,30012600
2026-08-25,928.97998046875,946.6699829101562,916.2999877929688,932.969970703125,19163200
2026-08-26,925.739990234375,945.75,924.5999755859375,938.4000244140625,18721700
2026-08-27,967.010009765625,968.7100219726562,906.8900146484375,935.3900146484375,28691600
