Date,Open,High,Low,Close,Volume
2017-06-01,28.382275975194137,28.557178691094556,28.24712070592358,28.533329010009766,6016100
2017-06-02,28.549229273999707,28.803635976699955,28.50152687995574,28.763885498046875,5779200
2017-06-05,29.065996722557863,29.153446568889525,28.859289366002514,28.93084144592285,4819600
2017-06-06,28.92289599809056,29.081900975996028,28.81159342338704,28.962646484375,5028000
2017-06-07,29.0898534898266,29.18525527536654,28.922899606939687,28.986499786376953,6537700
2017-06-08,29.217051706287176,29.336306191664754,29.050097852972605,29.280654907226562,7593900
2017-06-09,29.08190451211222,29.17730629734848,27.984773367207,28.45383644104004,12040100
2017-06-12,28.45383051432667,28.45383051432667,27.833711457536825,28.016569137573242,11057000
2017-06-13,28.19146541063802,28.294819068555103,28.02451160130279,28.27096939086914,4969400
2017-06-14,28.19941563704867,28.437921497931757,28.1199116615766,28.342519760131836,7016400
2017-06-15,27.913217714823137,28.199426066846055,27.833713709945837,28.175573348999023,4623300
2017-06-16,28.517427444458008,28.581030635995823,28.398176009475254,28.517427444458008,7432400
2017-06-19,28.72413482648719,28.906989453277028,28.676432432763583,28.787734985351562,4523700
2017-06-20,29.03418663454868,29.209092341603924,28.716176809496677,28.72412872314453,4987400
2017-06-21,28.787732787520373,29.240894878612615,28.787732787520373,29.185243606567383,6329400
2017-06-22,29.19319552129777,29.352197422703078,29.121643452558633,29.185243606567383,6273400
2017-06-23,29.1931943831169,29.240893738572048,29.050090251217952,29.201143264770508,5558600
2017-06-26,29.914524808611656,29.980200353343033,29.487643162604698,29.6600399017334,10127200
2017-06-27,29.380934532719003,29.380934532719003,28.707775641012255,28.806285858154297,8081100
2017-06-28,28.954047654836938,29.052557854644895,28.527165946892072,29.01972007751465,8306200
2017-06-29,28.921214783318813,28.921214783318813,28.346566112398797,28.576427459716797,7332200
2017-06-30,28.60105946759469,28.80629094967227,28.48613033868467,28.699569702148438,5177500
2017-07-03,28.76523622655727,28.871954308910812,28.59284258744809,28.633888244628906,4470600
2017-07-05,28.79807531108887,28.79807531108887,28.428658116540557,28.584632873535156,9222200
2017-07-06,28.32193183898926,28.43686091641312,28.16595710985438,28.321931838989258,6493700
2017-07-07,28.362983876297193,28.461494088898576,28.305519324647786,28.428659439086914,7937800
2017-07-10,28.41224978716013,28.8637584676147,28.362993099051113,28.732410430908203,7779700
2017-07-11,29.085397235643605,29.085397235643605,28.77344459886968,29.04435157775879,9300800
2017-07-12,29.266008728756347,29.38914573119234,29.142868594736658,29.298843383789062,9211200
2017-07-13,29.110023367014026,29.684671959574704,29.110023367014026,29.676464080810547,9943900
2017-07-14,29.66005186277165,29.840653420449637,29.53691173253264,29.758562088012695,7196600
2017-07-17,29.577954720103918,29.602584622871337,29.257794168377284,29.47944450378418,4649800
2017-07-18,29.454812877772664,29.5861608550776,29.32346490046773,29.44660186767578,6185300
2017-07-19,29.602577507489165,29.898108085413586,29.602577507489165,29.88990020751953,7033800
2017-07-20,29.889902197348505,29.889902197348505,29.618998366654218,29.635414123535156,6996600
2017-07-21,29.602591688925646,29.602591688925646,29.30705783784003,29.430194854736328,5023500
2017-07-24,29.643628257493205,29.733930587768555,29.561533806523293,29.733930587768555,6842100
2017-07-25,29.56153069123985,29.758554221221598,29.5286960458952,29.635414123535156,5276300
2017-07-26,29.635417246604664,29.75855735726798,29.50406925663591,29.733930587768555,4342200
2017-07-27,29.99662358999718,30.05408813418017,29.520485216386373,29.70108985900879,7243100
2017-07-28,29.594371211346214,29.610790101331833,29.30704846555553,29.438396453857422,3678400
2017-07-31,29.577943734746427,29.881688413927304,29.43017689935631,29.520479202270508,7757600
2017-08-01,29.512284153689762,29.545121938401792,29.315260577001098,29.421981811523438,5437300
2017-08-02,29.881699166257224,29.939163719410608,29.438398500574028,29.61079216003418,6064600
2017-08-03,29.643633603607668,29.643633603607668,29.266008455792154,29.380937576293945,3919800
2017-08-04,29.495856311289874,29.618996400803347,29.356297334402434,29.57794761657715,4071400
2017-08-07,29.766754472567804,30.226473837010115,29.766754472567804,30.201847076416016,4860200
2017-08-08,30.136183343419507,30.341414779642605,30.078718791803695,30.127975463867188,3301200
2017-08-09,29.717518436433554,29.939168806939954,29.577959403929317,29.930957794189453,3153700
2017-08-10,29.55332744901351,29.57795421978104,29.011516571044922,29.011516571044922,5605400
2017-08-11,29.159281785610908,29.71751152258683,29.08539834596459,29.668254852294922,4291100
2017-08-14,29.577958624215825,29.635423185619256,29.43019171444022,29.594377517700195,3875600
2017-08-15,29.709298815420166,29.955579021234623,29.627207501203948,29.89811134338379,3820400
2017-08-16,29.717514128130016,29.914534563405635,29.668257453519434,29.832443237304688,3232000
2017-08-17,29.799608391205297,29.832446177515425,29.364518683138883,29.380937576293945,3324000
2017-08-18,29.553325552173696,29.635416870518732,29.233165026411772,29.438396453857422,3692800
2017-08-21,29.47944835676172,29.561539692493657,29.24959011144531,29.53691291809082,3588100
2017-08-22,29.93916178386464,30.103344421355285,29.832440564229262,29.980207443237305,3202300
2017-08-23,29.93917189834591,30.045890022451264,29.857077420283176,30.02947425842285,2956400
2017-08-24,30.193652358037504,30.316792490606304,30.029469690057315,30.23470115661621,4544500
2017-08-25,30.31679901493745,30.423520277358463,30.16903207668815,30.251123428344727,2975200
2017-08-28,30.037675076645918,30.267533297998842,30.02125618489451,30.185441970825195,2199900
2017-08-29,29.98020403800263,30.349621193563305,29.96378514980185,30.275737762451172,2997700
2017-08-30,30.27573253535933,30.439918257437785,30.210056993895076,30.3167781829834,2838900
2017-08-31,30.333205743727152,30.35783251302848,30.127974315327894,30.349624633789062,4288600
2017-09-01,30.374250691811007,30.571274236357112,30.30036725405409,30.554855346679688,4100000
2017-09-05,30.579495098139688,30.702635257208883,30.086940725031575,30.251123428344727,7123000
2017-09-06,30.42350784229124,30.677992807361026,30.374251172479482,30.595901489257812,4187700
2017-09-07,30.571283042982767,30.81756019592285,30.52202635976119,30.81756019592285,3597500
2017-09-08,30.842185937217437,30.932488287636076,30.66158123638015,30.78472137451172,5581800
2017-09-11,30.69441033639678,31.09666529306701,30.661572557978204,31.063827514648438,6920100
2017-09-12,31.072042588776707,31.14592604153614,30.907859921830088,31.08025360107422,3524500
2017-09-13,30.92427627440302,31.022789634354528,30.776512497643157,30.80934715270996,4983400
2017-09-14,30.78472277571162,30.973535366279247,30.678001526578985,30.68621253967285,5799000
2017-09-15,30.80113096082567,30.924267930163683,30.70262075903869,30.907852172851562,7245600
2017-09-18,31.08845590875873,31.29368733723511,31.055621260205644,31.252641677856445,6179600
2017-09-19,31.342945627148342,31.548177066230465,31.301899965648566,31.441455841064453,6559400
2017-09-20,31.490717416018327,31.51534419043523,30.73546397420147,31.04741668701172,7961100
2017-09-21,31.022781389937126,31.46608199715906,30.924268056165896,31.39219856262207,8458000
2017-09-22,30.94889646488284,31.055617672203812,30.858594145732994,31.00636100769043,4529900
2017-09-25,30.784715237528967,30.784715237528967,30.259323265195114,30.431716918945312,5895000
2017-09-26,30.448133953041957,30.636946485863188,30.316785967967057,30.489179611206055,5995400
2017-09-27,30.612313174978585,30.6697777104439,30.382451901535013,30.57947540283203,4802700
2017-09-28,30.341409310881332,30.45633839339804,30.201853462563225,30.415292739868164,7618700
2017-09-29,30.58768689417982,30.866801727239853,30.58768689417982,30.825756072998047,3818500
2017-10-02,31.0556180789743,31.342940796775647,31.00636141381575,31.301895141601562,5096200
2017-10-03,31.490714511383,31.581016851360655,31.40041217140535,31.556386947631836,3727100
2017-10-04,31.400401639671895,31.474285062910887,31.301891452547366,31.416820526123047,2717200
2017-10-05,31.736991190398605,31.89296596447648,31.515340849393162,31.572805404663086,4456400
2017-10-06,31.531759741125054,31.589224296394974,31.36757395538953,31.572805404663086,3086100
2017-10-09,31.68772488772486,31.860121632739823,31.60563358559007,31.82728385925293,1963500
2017-10-10,32.10641090040529,32.14745656710742,31.868341649315827,31.99148178100586,4112000
2017-10-11,32.6728429824344,33.1571892817973,32.574332773020124,33.124351501464844,9015400
2017-10-12,33.239287168252666,33.378843051715506,33.09972815320641,33.198238372802734,5524100
2017-10-13,33.411678842675585,33.54302683816453,33.35421429037312,33.510189056396484,3913100
2017-10-16,33.559438148814884,33.59227279158318,33.37062564367148,33.56764602661133,2707000
2017-10-17,33.518394808157936,33.863182067871094,33.280325625070624,33.863182067871094,7582200
2017-10-18,33.98632908348802,34.24902508672641,33.60049295866391,34.06842041015625,6653200
2017-10-19,33.674374108752254,33.896024433540276,33.247492349706775,33.71541976928711,5710500
2017-10-20,33.674370784202836,33.75646209716797,33.51839603693594,33.75646209716797,5251600
2017-10-23,33.96169313203624,34.05199545423952,33.748253841759876,33.830345153808594,5092400
2017-10-24,33.87139381163352,33.96990715272196,33.633327732960865,33.920650482177734,4251600
2017-10-25,33.90422809907686,33.994530419979824,33.41167397071152,33.78929901123047,3360000
2017-10-26,33.80572847575828,33.93707649318645,33.71542612660445,33.822147369384766,3651500
2017-10-27,34.05199089611068,34.626639398278904,34.00273423652516,34.602012634277344,4822800
2017-10-30,34.774422019386186,35.02069916586215,34.54456376688647,34.585609436035156,5200800
2017-10-31,34.626650070524875,34.905764964370455,34.56097450416903,34.74979019165039,3704500
2017-11-01,34.87293064378887,34.889349537008094,34.36395748032771,34.560977935791016,4235700
2017-11-02,34.55275597469181,34.675896057864435,34.43782690057465,34.602012634277344,3255800
2017-11-03,34.396787295488174,34.66769114186557,34.142299206942056,34.63485336303711,6140900
2017-11-06,34.63485511077939,34.872924321924714,34.54455591181889,34.831878662109375,5650500
2017-11-07,35.00427371529826,35.061738267659614,34.692321051348635,34.897552490234375,2761600
2017-11-08,34.823667651196445,34.92218099265299,34.65127400102215,34.831878662109375,2378400
2017-11-09,34.59380864645164,34.659484205895325,33.896023051069214,34.183345794677734,4680100
2017-11-10,34.306491810815025,34.3311185840559,34.14230601551417,34.249027252197266,5333900
2017-11-13,34.24902117696155,34.48708724975586,34.07662440010515,34.48708724975586,2222000
2017-11-14,34.29828088050556,34.388583224715646,34.07663052605815,34.363956451416016,2799400
2017-11-15,33.9781210066942,34.19156348500086,33.887818660609355,34.101261138916016,3417300
2017-11-16,34.27365513341383,34.67591018832557,34.27365513341383,34.560977935791016,3304500
2017-11-17,34.67590161290794,34.823665352171325,34.45425130663852,34.53634262084961,3702000
2017-11-20,34.536346529230734,34.70874018753307,34.44604419442953,34.651275634765625,4455300
2017-11-21,34.987859373726096,35.19309083929725,34.93039481389287,34.95502471923828,3668500
2017-11-22,34.96323091840645,35.08637104446017,34.71695379788251,34.81546401977539,2768600
2017-11-24,35.028900153345,35.31622604400752,34.97964661269323,35.29159927368164,1499700
2017-11-27,34.20797738779631,34.216188399676234,33.70721526854282,33.731842041015625,8188400
2017-11-28,33.682593362952396,33.83857130987557,33.50199176929262,33.600502014160156,4864800
2017-11-29,33.55944984522479,33.58407661877976,32.213131943437034,32.35268783569336,11796100
2017-11-30,32.508663177490234,32.623595429743176,32.15566480310109,32.508663177490234,9357100
2017-12-01,32.795986916275766,32.82882470043648,32.0161067661678,32.590755462646484,7192200
2017-12-04,32.87808032525995,32.943755897736615,32.262385925417696,32.33626937866211,7109000
2017-12-05,32.18029022216797,32.4429862132401,31.958639892529007,32.18029022216797,4504000
2017-12-06,31.983266641141526,32.08998786606116,31.622060436560833,31.753408432006836,8622000
2017-12-07,31.810879334206707,32.04073758922446,31.69595020669783,32.02431869506836,11285400
2017-12-08,32.3280544754917,32.467610339314355,31.975056179068186,32.0161018371582,5071600
2017-12-11,32.17208021589182,32.492243900871216,32.163872335982084,32.319847106933594,5272500
2017-12-12,32.19670245952465,32.32805042791731,32.081773378628895,32.26237487792969,5488100
2017-12-13,32.4019439956372,32.418362888272185,32.196712535075186,32.25417709350586,4227100
2017-12-14,32.426569936662474,32.54971006247307,32.278803038323154,32.344478607177734,4737600
2017-12-15,32.344487170509765,32.52508876950788,32.22134701209732,32.426578521728516,7156400
2017-12-18,32.32805971496409,32.40194316413375,32.18029281662477,32.344478607177734,5746900
2017-12-19,32.188486789807186,32.35267250942321,32.114603372559074,32.29520797729492,4454900
2017-12-20,32.32805816384873,32.5168707178711,32.15566136966888,32.37731170654297,6330100
2017-12-21,32.47581722414771,32.55790852989885,32.18028351291149,32.20491027832031,3563100
2017-12-22,32.508653335538924,32.53328323364258,32.26237627558144,32.53328323364258,2523600
2017-12-26,32.27059136386058,32.27059136386058,31.860128501529232,31.97505760192871,2861500
2017-12-27,32.01610772439067,32.10641006774361,31.917597500543636,32.081783294677734,3092900
2017-12-28,32.43477289599355,32.74672553755656,32.34447369989387,32.62358856201172,4279500
2017-12-29,32.713884307415455,33.01762903786936,32.54970169067383,32.54970169067383,3870900
2018-01-02,33.255699753130465,33.69900039636074,33.18181631259208,33.674373626708984,4984000
2018-01-03,34.142307794003116,34.32291249140019,34.01916765821716,34.24081802368164,6963200
2018-01-04,34.413202523372995,34.47887808001853,34.02736958862059,34.06020736694336,4876600
2018-01-05,34.38858645095668,34.94681632973278,34.30649511120062,34.85651397705078,5330800
2018-01-08,34.80724942934892,34.872921854089434,34.63485265979144,34.840084075927734,3538200
2018-01-09,34.8811283704154,34.88933624810689,34.585594668201765,34.62664031982422,5729900
2018-01-10,33.94527768533284,34.02737213728869,33.428096730135124,33.904232025146484,7102700
2018-01-11,33.83856458585085,33.98633148958165,33.61691423025463,33.682586669921875,5701800
2018-01-12,33.690789727132206,33.90422902013349,33.46092841361213,33.813926696777344,5028000
2018-01-16,34.48708942445536,34.76620430508169,34.32290677950841,34.667694091796875,9081600
2018-01-17,35.02068482205487,35.52144992268295,34.889336855626404,35.40652084350586,7117700
2018-01-18,36.00581215856978,36.81852708388281,35.71027831969816,36.58866882324219,11866200
2018-01-19,36.99912119826931,37.38495728093798,36.59686935732723,36.67074966430664,6543700
2018-01-22,37.76259785648234,38.090969525259396,37.71334116669048,38.07455062866211,8335800
2018-01-23,38.15663269384452,38.23051614475905,37.811845343965764,37.99244689941406,5659600
2018-01-24,37.46705135829384,37.491678129100876,37.146890811469305,37.21256637573242,7400600
2018-01-25,37.524511650584955,37.58197619699885,36.97449295445684,37.023746490478516,7655700
2018-01-26,37.352117824414464,37.549141362263896,36.96628175906673,37.53272247314453,7057300
2018-01-29,37.32749170777342,37.508093228071516,37.105841398169304,37.27002716064453,11604400
2018-01-30,36.58866675335421,36.966291912067696,36.449110854884175,36.84315490722656,10224600
2018-01-31,37.29465813466208,37.598399793965136,37.04017001754782,37.19614791870117,6333300
2018-02-01,37.212559292465016,37.705113404349554,37.18792939476292,37.31106948852539,6706500
2018-02-02,36.94986100588752,37.20434907702476,36.49014466006895,36.539398193359375,12051800
2018-02-05,36.161767714538954,36.785672849361234,35.1438218463712,35.258750915527344,11748300
2018-02-06,34.70052386444474,35.87444766805335,34.56096489055056,35.78414535522461,13414100
2018-02-07,35.291591340579124,35.291591340579124,34.38036346435547,34.38036346435547,15239500
2018-02-08,34.56916872031539,34.57737659633039,33.13254928588867,33.13254928588867,11356000
2018-02-09,33.444513540037775,34.216182550920564,32.80418938094748,34.04378890991211,10588400
2018-02-12,34.50352315399542,35.12742874681287,34.446058577233885,34.91398620605469,6573300
2018-02-13,34.922184337166726,35.02069455647454,34.38037343359868,34.790836334228516,5831900
2018-02-14,34.618450282653946,35.373703882691515,34.41321876862848,35.34086608886719,6860100
2018-02-15,35.726688385009766,35.91550092838616,35.09457519288019,35.726688385009766,6116500
2018-02-16,35.5871416557712,36.08790702820015,35.554306995029286,35.69386291503906,4792100
2018-02-20,35.36548809115081,36.25208640504461,35.29981251818936,35.90729904174805,9291700
2018-02-21,35.84162022901523,35.97296823148173,35.19308809676915,35.20950698852539,6612600
2018-02-22,35.02889995400225,35.08636763707428,34.62664809358034,34.799041748046875,7984000
2018-02-23,35.619968983107505,36.03864288330078,35.39011076752426,36.03864288330078,7204900
2018-02-26,36.2110402203755,36.45731735229492,35.956552076161366,36.45731735229492,3897600
2018-02-27,36.16177899646558,36.36701043586843,35.80057279048653,35.808780670166016,5999100
2018-02-28,35.84981597214966,36.04683947493882,35.53786652914181,35.587120056152344,6400100
2018-03-01,35.58713495812927,35.75953176960367,34.733374439420196,35.06995391845703,7792400
2018-03-02,34.7990446050606,35.34085551471199,34.60202416423289,35.30801773071289,4819600
2018-03-05,35.340858933095824,35.92371556333182,35.193092022390395,35.70206832885742,5977200
2018-03-06,36.399854565740846,36.44911124715766,35.652812121296606,35.74311447143555,8632000
2018-03-07,35.55429256505761,36.35058835048669,35.447571349103335,36.284915924072266,4482900
2018-03-08,36.366998078689626,36.44088149703306,35.784141740414846,35.95653533935547,7092400
2018-03-09,36.161782758764694,36.61329134610961,35.72669306407023,36.60508346557617,8336200
2018-03-12,36.76926274687069,37.228979133310894,36.73642496738696,37.12226104736328,5176100
2018-03-13,37.35211952254135,37.55735094848938,36.86777323204068,36.933448791503906,5842300
2018-03-14,37.29466231736424,37.31108121046304,36.80210805073504,37.06480407714844,4300500
2018-03-15,37.023751126290456,37.475262806909825,36.851357465463046,37.19614791870117,3942200
2018-03-16,36.941653286526595,37.368534989183054,36.88418874305195,36.91702651977539,8125600
2018-03-19,36.71179457873767,36.83493154228569,36.27670187243641,36.61328125,5116500
2018-03-20,36.695383719592705,36.867777385229424,36.54761682573741,36.80210494995117,6404200
2018-03-21,36.588663745226114,36.8185219739655,36.32596773192868,36.69538497924805,7036400
2018-03-22,36.20283240656579,36.42448278435096,35.86625289916992,35.86625289916992,6318500
2018-03-23,35.81699624832038,35.874460808153614,34.95502471923828,34.95502471923828,5923500
2018-03-26,35.96475923446328,36.350592218210416,35.447575120745526,36.342384338378906,5395200
2018-03-27,36.71180807236476,36.8103183057277,35.40653573686639,35.53788375854492,6995000
2018-03-28,35.28338397833908,35.43935872410292,34.84008337680039,35.04531478881836,8563100
2018-03-29,35.299807669860606,36.05505786568371,35.266969887890056,35.923709869384766,7758900
2018-04-02,35.5789132147911,35.7841446008636,34.823660085621455,34.88933563232422,6361200
2018-04-03,36.34239522135146,36.35060310364088,35.32444558033047,35.69386291503906,6174500
2018-04-04,34.782619139622334,36.07147216796875,34.76620025072573,36.07147216796875,5497100
2018-04-05,36.14536035504501,36.30954613401735,35.41473692678048,35.562503814697266,6115100
2018-04-06,35.201289953211536,35.439355992801744,34.692313835893984,34.82366180419922,5133100
2018-04-09,35.37369580966893,36.15357601129746,35.22592890276737,35.357276916503906,6696400
2018-04-10,36.01400599066203,36.30133183595829,35.3244283461668,35.77593994140625,5682300
2018-04-11,35.50503416035816,35.94833476041418,35.50503416035816,35.61175537109375,4788000
2018-04-12,35.570710521869984,35.997589111328125,35.340849206489196,35.997589111328125,7574700
2018-04-13,35.866245928873404,35.907294722828816,34.93860205924728,35.01248550415039,5749900
2018-04-16,35.14383117784191,35.30801381646925,35.037109957467656,35.193084716796875,5206900
2018-04-17,34.55276326160254,34.77441357910816,34.29006728491065,34.733367919921875,9831100
2018-04-18,34.56095957792292,34.69230752232446,33.830336441465484,34.41319274902344,8947400
2018-04-19,32.779558618002106,32.90269870747764,32.10639989378967,32.45118713378906,27527000
2018-04-20,32.31984490312715,32.45940390474303,31.868336380879285,31.97505760192871,15313300
2018-04-23,31.983266688723702,32.081780034142184,31.63026836326556,31.81087303161621,11178300
2018-04-24,32.048942252336026,32.18849812763736,31.44145581525499,31.81087303161621,13004000
2018-04-25,31.490725275579617,31.597446543994927,31.21161028005193,31.334747314453125,12359200
2018-04-26,31.26086697276311,31.654911119699054,31.26086697276311,31.334747314453125,7685800
2018-04-27,31.802678066248095,31.802678066248095,31.18698349948859,31.334747314453125,8276100
2018-04-30,31.761622363108504,31.884762502368343,31.507137334961122,31.56460189819336,7968000
2018-05-01,31.47428344330713,31.966837485166316,31.40860790088205,31.958629608154297,5507000
2018-05-02,31.687728083934957,31.687728083934957,30.907851240244177,30.98994255065918,11522200
2018-05-03,30.82576459347494,31.351156628790857,30.62053313395569,31.277273178100586,7021400
2018-05-04,31.19518280545232,31.736993749967883,31.145926126284124,31.679529190063477,9474000
2018-05-07,31.56460189819336,31.72878770667853,31.392208208496648,31.56460189819336,4590100
2018-05-08,31.999682190381613,32.328053710497294,31.966844412053465,32.16386795043945,8116600
2018-05-09,32.319839908253584,32.39372333731823,32.14744628429696,32.30342102050781,5861400
2018-05-10,32.484030477305495,32.73030756689359,32.377309256903516,32.648216247558594,7957900
2018-05-11,32.86986284038039,32.98479192705023,32.541491337109925,32.76314163208008,4184400
2018-05-14,32.943753069339365,33.28854040048904,32.738521620345495,32.79598617553711,5014000
2018-05-15,32.31163154042041,32.344469315414216,31.98326005364746,32.26237487792969,5622800
2018-05-16,32.34447795652026,32.69747630305382,32.24596460522013,32.66463851928711,7671500
2018-05-17,32.07356725228591,32.21312625146616,31.745195715518438,31.983264923095703,7964200
2018-05-18,31.581013467191486,31.64668589640297,31.425035576095897,31.53996467590332,7783900
2018-05-21,32.295218170916755,32.59075193319108,32.11461350917508,32.401939392089844,7902200
2018-05-22,32.40193280563447,32.66462873390516,32.385513918669744,32.54148864746094,5752000
2018-05-23,32.13102787586771,32.54970169067383,32.0899822216823,32.54970169067383,4815400
2018-05-24,32.31984996917522,32.3855255406026,31.835503590440936,32.23775863647461,7930800
2018-05-25,32.09818913454322,32.418352743359,31.958633288193393,32.26237487792969,5403000
2018-05-29,31.597439415307097,31.65490397804666,31.219811119553636,31.3265323638916,7198200
2018-05-30,31.4414549741992,31.52354942651858,31.252642431239344,31.474292755126953,8413400
2018-05-31,31.466087130002006,31.90117679792471,31.433249346721666,31.76982879638672,8129400
2018-06-01,32.00789656519874,32.18029022216797,31.851918667536193,32.18029022216797,5970000
2018-06-04,32.71389889010495,32.83703903913534,32.566131963902116,32.81241226196289,8927200
2018-06-05,32.59075581286736,32.72210381933822,32.34447869218241,32.459407806396484,6345900
2018-06-06,32.71389236900209,32.77956793714912,32.475826263427734,32.475826263427734,9829700
2018-06-07,32.475827134319346,32.78777669663281,32.39373267193407,32.442989349365234,8216900
2018-06-08,32.147442095253055,32.147442095253055,31.62205028218133,31.958629608154297,8081300
2018-06-11,32.01609815110198,32.13923824277772,31.81907463073731,31.819074630737305,4511600
2018-06-12,32.12282566984489,32.311638217704036,31.99968555396217,32.18029022216797,6582600
2018-06-13,32.61537382550477,32.74672179669772,32.05714416503906,32.05714416503906,9616600
2018-06-14,32.04073101955057,32.07356880112968,31.6877326965332,31.687732696533203,7636000
2018-06-15,31.868331234944563,31.96684142915389,31.646680949286612,31.76161003112793,11235700
2018-06-18,31.44966446014073,31.49071011851843,31.063828381907776,31.400407791137695,8921400
2018-06-19,30.9489058661323,31.170556226398475,30.661579933231558,30.83397674560547,9848900
2018-06-20,31.474290290147767,31.679521707498346,31.203383316085212,31.482498168945312,8668600
2018-06-21,31.088457835851464,31.203386941869102,30.825761841644503,30.88322639465332,9246700
2018-06-22,31.416826017200993,31.44966379584273,31.170548940553815,31.293685913085938,10338500
2018-06-25,30.88948706961367,31.110735906912907,30.676749550888896,31.068185806274414,10528100
2018-06-26,30.915025011306003,31.229875703760317,30.727814912275917,31.025646209716797,8817000
2018-06-27,30.846938098342704,30.90650433980879,30.217233657836914,30.217233657836914,8798100
2018-06-28,30.208730153675837,30.583147048950195,30.081086333452866,30.583147048950195,7199000
2018-06-29,31.1022159939581,31.28942599746215,31.00861099220608,31.110727310180664,8088200
2018-07-02,30.812893032040122,31.119235494859698,30.668233116884235,31.093708038330078,7365500
2018-07-03,30.966073989868164,31.153284052863995,30.932035206393095,30.966073989868164,6512600
2018-07-05,30.974589242856872,31.144776689613497,30.838437337781087,31.136268615722656,9230900
2018-07-06,31.331980429979662,31.782982915543972,31.280922258624212,31.714908599853516,7251600
2018-07-09,32.22548375324189,32.36163565788213,31.97019933780611,32.19144821166992,7124100
2018-07-10,31.88510633465964,32.29356205780322,31.88510633465964,32.27654266357422,7211500
2018-07-11,31.765965863941627,31.782982007790636,31.400057094970308,31.459623336791992,7316200
2018-07-12,31.76596653387935,31.987212115866377,31.65534211982744,31.748947143554688,5275300
2018-07-13,31.944662755182126,32.16590831979947,31.893604588216643,32.140380859375,4947500
2018-07-16,32.23398384644542,32.24249191734577,32.038265754574084,32.15739822387695,5399200
2018-07-17,31.910633799299998,32.43822203586885,31.782989965655783,32.370147705078125,6238500
2018-07-18,32.37013933272667,32.73604809867451,32.233987460242595,32.68498992919922,10532200
2018-07-19,33.561469834573174,34.36987305613471,32.863691031823286,33.87632369995117,17762300
2018-07-20,34.02948623997962,34.76130039091282,33.90184246286969,34.65918731689453,14481000
2018-07-23,34.73577985008293,34.87193172458817,34.574100513519426,34.66770553588867,6832800
2018-07-24,34.974050703461664,35.06765574158033,34.36136878816025,34.369876861572266,7018300
2018-07-25,34.488999003037456,34.80385280867111,34.30179222916796,34.79534149169922,7725700
2018-07-26,34.63366952078884,34.83789572579319,34.41242067823096,34.735782623291016,8476600
2018-07-27,34.837902284862814,35.6718331455582,34.837902284862814,35.271888732910156,9468500
2018-07-30,35.27188441338361,35.331450664273035,34.79535116015103,34.96554183959961,5174300
2018-07-31,35.110192874119036,35.38249983962443,34.965532943369546,35.06764602661133,4908300
2018-08-01,35.263376591794454,35.510152939166595,35.161263472443665,35.493133544921875,6115000
2018-08-02,34.974054912839605,35.44208015976313,34.88896118400861,35.35698318481445,4669300
2018-08-03,35.43355407494356,35.697349718190964,35.365479769467136,35.47610092163086,4575200
2018-08-06,35.059148910076324,35.24635574682784,34.88895822075162,34.948524475097656,7245800
2018-08-07,34.94852601107694,35.101697313589284,34.75280784589285,35.09318923950195,7494900
2018-08-08,35.36547759764535,35.833499374696764,35.27187259301184,35.7143669128418,5089600
2018-08-09,35.688849671173635,35.69736099086863,35.46760405086389,35.603755950927734,4513300
2018-08-10,35.14423903686873,35.14423903686873,34.71025590729325,34.91448211669922,7053200
2018-08-13,34.62515437753317,34.880441974766626,34.43794758464304,34.642173767089844,6708600
2018-08-14,34.888959766273096,35.05063914292912,34.77833532639395,34.812374114990234,5339100
2018-08-15,34.420936584472656,34.506030306879204,34.14012145751967,34.420936584472656,6052800
2018-08-16,34.42092155452894,34.659186470122506,34.352844009435906,34.38688278198242,5544000
2018-08-17,34.19968698346928,34.22521769654101,33.85930885498074,34.14863204956055,7897200
2018-08-20,34.055018341442924,34.2422283744386,33.95290525349826,34.12309265136719,4156700
2018-08-21,34.352847146534046,34.92298527734706,34.34433907567847,34.79534149169922,6075100
2018-08-22,34.76130198956127,34.93149261816277,34.497509599039375,34.80385208129883,5512700
2018-08-23,35.14423777010411,35.186784625020344,34.61664962768555,34.61664962768555,4126100
2018-08-24,34.82939349714903,35.23784922180941,34.74429977180552,35.09318923950195,4232000
2018-08-27,35.25485686454436,35.49312181297896,35.203798698687024,35.33995056152344,5733000
2018-08-28,36.071766131392735,36.386616688882285,35.95263366348406,36.03772735595703,10683500
2018-08-29,36.75253028622563,37.76516289004839,36.667436582461555,37.552425384521484,12278200
2018-08-30,37.739645063484964,37.85878083398202,36.939752938283185,36.9822998046875,7826200
2018-08-31,36.69296948921035,37.109936490207865,36.55681759531432,37.10142517089844,8782900
2018-09-04,36.81210599690267,37.54392372353223,36.752539739722835,37.53541564941406,8174900
2018-09-05,37.51839244720679,37.926848131892136,37.45882619607251,37.6290168762207,7262400
2018-09-06,37.3907470793,37.50137150373912,37.08440776304235,37.484352111816406,10424900
2018-09-07,37.441806276111826,38.49698588127563,37.424786883724984,38.190643310546875,14256000
2018-09-10,38.29276049608164,38.34381867867873,37.88430477365754,37.969398498535156,6824900
2018-09-11,37.13545621291994,37.92683994559363,37.08440129217746,37.909820556640625,12509700
2018-09-12,37.37372386543297,37.69708578666252,37.2886301606384,37.390743255615234,10303700
2018-09-13,37.43329746021588,37.43329746021588,36.82061233091543,36.956764221191406,9624500
2018-09-14,37.45882515869591,37.918339008535206,37.39925890921124,37.79069519042969,5295400
2018-09-17,37.126954353477316,37.56093748298383,36.99080246518929,37.23757553100586,6210300
2018-09-18,37.016328453831264,37.51838913052101,36.888684643474726,37.067386627197266,8814200
2018-09-19,37.61199543690154,37.773674788879916,37.22055916614312,37.458824157714844,6393200
2018-09-20,37.654530028759204,37.807701258057,37.356698886300165,37.58645248413086,4728000
2018-09-21,37.654542052360746,37.79069393897658,37.4588239182328,37.492862701416016,6668600
2018-09-24,37.30565311526811,38.241696941911734,37.26310625880559,38.19915008544922,8229100
2018-09-25,38.12255178667313,38.216156787479115,37.55241695793268,37.58645248413086,6678200
2018-09-26,37.65454280289338,38.06299847088224,37.65454280289338,37.67156219482422,4564300
2018-09-27,37.95237958494178,38.48847914758866,37.9353634366448,38.088531494140625,6711700
2018-09-28,37.86727647977386,37.96938957485156,37.416274000906945,37.57795333862305,7727700
2018-10-01,37.909828192501735,38.25871762102084,37.79920376508333,38.00343322753906,5029800
2018-10-02,37.22906695755847,37.43329641030286,36.97378257621577,37.11844253540039,5440300
2018-10-03,37.47584199879931,37.646032662644544,37.07589442568055,37.40776443481445,5631100
2018-10-04,36.65041960334836,36.65893092195468,35.71437581590376,36.105812072753906,7885000
2018-10-05,35.63779399984842,35.799473363416155,35.03361691258524,35.42505645751953,7921400
2018-10-08,34.684724948198635,35.033614362376554,34.37838563628297,34.854915618896484,7761800
2018-10-09,34.888945772541454,35.144230092385584,34.53154837398292,34.80385208129883,5678700
2018-10-10,34.3358284724021,34.41241409615943,33.48487854003906,33.48487854003906,12853500
2018-10-11,32.761580873691095,33.697624743063955,32.61692090589158,33.1359977722168,10209000
2018-10-12,34.15713962534696,34.53155978117991,33.34873630702809,33.74868392944336,7578600
2018-10-15,33.58700462604963,33.68911773868415,32.948791991378506,32.97431945800781,8209000
2018-10-16,33.901852642639554,34.08906270631707,33.5274357614016,34.046512603759766,10748100
2018-10-17,34.03799735429486,34.114582978186675,33.34021866822112,33.672088623046875,8173600
2018-10-18,33.86781179912133,33.99545560679551,32.72753858684495,32.795616149902344,9555600
2018-10-19,33.323213855222114,33.459365774346004,32.62543486394742,32.71903991699219,11266200
2018-10-22,33.34873587502326,33.382774660770274,32.79562021416194,32.94879150390625,8165700
2018-10-23,31.84254895046347,32.489272798928525,31.70639707385769,32.33610153198242,12350000
2018-10-24,31.961695295756712,31.961695295756712,31.000120521995882,31.042667388916016,13312400
2018-10-25,31.297940389773864,31.95317228827929,31.05116735344369,31.817020416259766,9927300
2018-10-26,31.102219269073334,31.731923645094753,30.753329927878273,31.20433235168457,11973200
2018-10-29,31.629811083851962,31.834040519516943,30.60867364387731,30.915016174316406,8269300
2018-10-30,31.34899958056056,32.1659108392962,31.20433638588543,32.14889144897461,12106400
2018-10-31,32.92326052284464,33.178548167746555,32.36163354707147,32.421199798583984,12610900
2018-11-01,32.99983830631439,33.25512589040513,32.66796834233619,33.22959518432617,14348600
2018-11-02,33.340224933364524,33.60402063103349,32.70201236304149,32.99984359741211,9736200
2018-11-05,32.94878969887577,33.03388341246436,32.5999002793752,32.74456024169922,8591900
2018-11-06,32.76157255356311,33.05940373287621,32.693495000510744,32.95729064941406,8578100
2018-11-07,33.43382642481601,33.44233449656178,32.9487851823909,33.3402214050293,6568700
2018-11-08,33.00835596542493,33.23811288757864,32.92325900567332,32.93177032470703,7953700
2018-11-09,32.412691236960626,32.667975631899296,32.17442623450016,32.39567184448242,5975400
2018-11-12,32.21697432303221,32.268029256299464,31.493664722612074,31.53621482849121,11666700
2018-11-13,31.817019688112307,32.43821279286738,31.68937913695575,31.825531005859375,15057100
2018-11-14,32.50628986920543,32.62542234696808,31.799999828017516,32.199947357177734,10404900
2018-11-15,32.39567435495637,32.821149461531704,32.24250305689986,32.778602600097656,10840400
2018-11-16,31.54472338736823,31.65534782134496,31.19583393816535,31.37453269958496,16382400
2018-11-19,31.17881474461679,31.212853531615092,30.600168350115254,30.676753997802734,15191700
2018-11-20,30.123624207694657,30.6256847193601,29.97045298406006,30.327850341796875,11673500
2018-11-21,30.99158799054264,31.246875509582427,30.753323101962202,30.778850555419922,7013100
2018-11-23,30.489533736847658,30.80438426265814,30.42145619282595,30.600154876708984,2320500
2018-11-26,31.238384114461414,31.39155542511339,31.034157864337267,31.349008560180664,7077300
2018-11-27,30.966072983101203,31.331981778269164,30.966072983101203,31.31496238708496,6870200
2018-11-28,31.71491834142399,32.35313107187522,31.544727630746767,32.34461975097656,8380200
2018-11-29,32.29356205780322,32.65095959825979,32.2254844808872,32.27654266357422,7056600
2018-11-30,31.68938379947851,31.99572311499653,31.553231910542582,31.987215042114258,8734400
2018-12-03,33.033876273539775,33.1870475217912,32.659459470100956,32.95729064941406,7457600
2018-12-04,32.78710918429528,32.99984672791747,31.851065290804538,31.859573364257812,13321200
2018-12-06,30.37891824803812,31.366020202636722,30.302332611641805,31.36602020263672,12075700
2018-12-07,31.187320811928696,31.434093860811945,30.753334466084823,31.076696395874023,10802700
2018-12-10,30.898001331116895,31.340495801744535,30.70228318478265,31.00011444091797,12439100
2018-12-11,31.689381747884052,31.782983527997523,30.88948661181885,31.229867935180664,8635800
2018-12-12,32.004241357906025,32.08082701488361,31.714918125559336,31.808523178100586,8405400
2018-12-13,31.902120206901696,32.04678016363255,31.64683258377224,31.765968322753906,5825900
2018-12-14,31.314954301215995,31.578749927280732,31.08519744873047,31.08519744873047,5969600
2018-12-17,31.17030051535222,31.434092947201307,30.736314182121866,30.8214111328125,10733100
2018-12-18,31.153285177269606,31.48515521283698,31.153285177269606,31.280925750732422,7100400
2018-12-19,31.161789814034027,31.723416715241918,30.719295400034355,30.829919815063477,11786400
2018-12-20,30.98310140659154,31.27242464883363,30.242775527899514,30.5320987701416,12540400
2018-12-21,31.178808248165357,31.425584533308363,30.336369545251948,30.38742446899414,16981000
2018-12-24,30.259788131439528,30.540599989514178,30.013011811898323,30.030031204223633,6288500
2018-12-26,30.06407003569112,31.289437069966915,30.06407003569112,31.280925750732422,10063400
2018-12-27,30.804403139833088,31.31497204841258,30.600173628730516,31.29795265197754,8688600
2018-12-28,31.595776214304188,32.06379809182376,31.50217118957691,31.604284286499023,7369000
2018-12-31,31.8510657296511,31.987217629600526,31.289438736595052,31.408571243286133,4600600
2019-01-02,30.804392637983174,31.27241451897577,30.634201977772182,31.076696395874023,5273100
2019-01-03,30.072580174093407,30.225751469661823,29.162063720501923,29.238649368286133,15998000
2019-01-04,29.323738411714366,29.808779688262568,29.111000895820705,29.75772476196289,14178200
2019-01-07,29.791757630640305,30.18319709189367,29.757722098192847,29.978967666625977,6850800
2019-01-08,29.876856186797333,29.936422429435513,29.476908632412318,29.732192993164062,11462600
2019-01-09,30.064063163513875,30.600159292525387,30.064063163513875,30.30232810974121,11770300
2019-01-10,30.174686890220975,31.042656299006946,30.1236319666032,30.99159812927246,7894600
2019-01-11,31.017126487966944,31.28943021369321,30.83842777660592,31.153278350830078,7232700
2019-01-14,30.744833252106826,30.795888189277207,30.395943781599758,30.42997932434082,6146200
2019-01-15,30.668245315551758,30.829924681409338,30.464015843731943,30.668245315551758,10165800
2019-01-16,30.549099107542798,30.659720244299887,30.32785034179688,30.327850341796875,8727400
2019-01-17,29.71517557773161,31.10222513302078,29.638593185921778,30.880979537963867,21916900
2019-01-18,30.838439688752576,31.49366855017546,30.770362107966047,31.349008560180664,12905900
2019-01-22,31.059681055847822,31.280926670693766,30.719299691035456,30.94905662536621,13381700
2019-01-23,31.085211614139954,31.263913633806588,30.838438508527396,31.051176071166992,13918600
2019-01-24,31.383041599693268,32.029762268066406,31.297944639303957,32.029762268066406,14094100
2019-01-25,32.33609443806328,32.55733997171684,32.233981364539794,32.45522689819336,16763700
2019-01-28,31.417078883989568,32.04678344140288,31.400062737083022,31.859573364257812,14086500
2019-01-29,31.731927424742832,31.731927424742832,30.889485466035314,30.915016174316406,10100800
2019-01-30,31.323481765948465,31.86808943951451,30.880987219646606,31.808523178100586,9281600
2019-01-31,31.74894864167943,32.42119673758234,31.74894864167943,32.01274108886719,7633400
2019-02-01,32.1233670516563,32.22548015721236,31.859571345676308,31.970195770263672,6438300
2019-02-04,31.910628748400192,32.34461187108695,31.808515645318078,32.2850456237793,7283800
2019-02-05,32.268024493104726,32.5658589597077,32.23398895798977,32.5488395690918,7314000
2019-02-06,32.69350184530426,33.03388318959638,32.59990005943514,32.9658088684082,8795200
2019-02-07,32.65095468979107,32.7275403292496,32.19144409915694,32.43821716308594,7916200
2019-02-08,32.089320672208835,32.268019376163146,31.91062196825453,32.15739822387695,7147200
2019-02-11,32.26802425786939,32.58287811279297,32.1914418698314,32.58287811279297,8860700
2019-02-12,32.880714416503906,32.99133884875177,32.71052373138043,32.880714416503906,8831200
2019-02-13,32.65095011719887,32.744555135218974,32.37864638084036,32.44672393798828,7155600
2019-02-14,32.26802931745695,32.51480564910744,32.1318774182907,32.38716506958008,7782800
2019-02-15,32.25951793238126,32.57436855823567,32.225479149554566,32.412689208984375,6257600
2019-02-19,32.52331286259338,32.89772972650013,32.42119651652315,32.7275390625,8105700
2019-02-20,33.1274874335034,33.62103680025701,33.09344865066053,33.18705368041992,7178600
2019-02-21,33.24662195893584,33.34022699441515,33.016865029882226,33.17003631591797,4607300
2019-02-22,33.28916779116155,33.53594410507172,33.255132253404746,33.518924713134766,5117800
2019-02-25,33.92737990637994,33.969926762568235,33.59550988354738,33.680606842041016,5101500
2019-02-26,33.53594484873232,33.75719045658464,33.510417383319364,33.69762420654297,5587300
2019-02-27,33.62103172708411,33.689109282497434,33.23810683929195,33.569976806640625,8194900
2019-02-28,33.28916142164962,33.43382460237547,33.18704833568321,33.22959518432617,5705100
2019-03-01,33.493397248287884,33.62954913766641,33.35724535890936,33.518924713134766,5299200
2019-03-04,33.467868541255406,33.467868541255406,32.94027714914313,33.314697265625,7081100
2019-03-05,33.14450480164153,33.3827697747629,32.89772851027051,33.204071044921875,7192400
2019-03-06,33.23811877928611,33.37427069290555,32.999850495863846,33.00836181640625,4433400
2019-03-07,32.99132866649262,33.08493367672668,32.650947401299035,32.872196197509766,4231300
2019-03-08,32.293560516651766,32.65946935981926,32.28504919688468,32.50629806518555,5066200
2019-03-11,32.531824972753576,32.923261276255445,32.50629750612612,32.880714416503906,6005400
2019-03-12,33.229607450957275,33.33172057461851,33.06792806798386,33.101966857910156,5580200
2019-03-13,33.374260677118976,33.561467473340436,33.20407002464035,33.36574935913086,6086400
2019-03-14,33.1870495841862,33.22959643442979,32.965804015249596,33.033878326416016,4935000
2019-03-15,33.535932509242684,34.09755926449821,33.535932509242684,33.74016189575195,8871300
2019-03-18,33.91886593168473,34.0209790179923,33.73165590169044,33.91035461425781,6290900
2019-03-19,34.02098462751265,34.1060815852305,33.697622680418846,33.83377456665039,8033600
2019-03-20,33.84228030542493,34.16564219920147,33.73165590169044,33.91035461425781,5394000
2019-03-21,34.250748834165705,35.09319104123574,34.22522136447555,34.92300033569336,6509600
2019-03-22,34.75279713605744,34.9059683913667,34.327322148224276,34.403907775878906,6759100
2019-03-25,34.03800248987366,34.429438739439156,33.84228436509091,33.96992492675781,4901800
2019-03-26,34.13161112793814,34.574105596665696,34.0975723427782,34.378387451171875,5573500
2019-03-27,34.199675786328434,34.25924202046458,33.86780584010806,34.208187103271484,7660300
2019-03-28,34.24223021007809,34.49751456668318,34.20819143023296,34.32732391357422,6632700
2019-03-29,34.73578312324311,34.931501258404666,34.548573060863774,34.854915618896484,6116300
2019-04-01,34.95703095915304,35.20380401611328,34.66770780115973,35.20380401611328,6834200
2019-04-02,35.04212012215317,35.195291376870266,34.888948867436085,35.11870574951172,5580200
2019-04-03,35.39951662022397,35.7058591215911,35.322930994882185,35.56119918823242,6821100
2019-04-04,35.51014535476476,35.89307352818977,35.442071038443004,35.77394104003906,7610300
2019-04-05,36.02922437686651,36.02922437686651,35.79095940737715,35.93561935424805,4430600
2019-04-08,35.944132964166535,36.156870485093826,35.80798108061775,36.071773529052734,6830300
2019-04-09,35.94413269942886,35.99518762656052,35.76543071611724,35.918601989746094,5049900
2019-04-10,35.96113971632159,36.165369111359176,35.89306541538647,36.054744720458984,4040200
2019-04-11,35.816496503345086,35.910101551141224,35.697363986556404,35.82500457763672,5172200
2019-04-12,36.139858240257134,36.29302954530256,35.978175614866075,36.233463287353516,6555700
2019-04-15,36.23345233627691,36.395131666684954,36.131335999698194,36.25897979736328,5274400
2019-04-16,36.44619719082661,36.65893473246034,36.378119619367524,36.599365234375,6639100
2019-04-17,37.356710284564016,37.83324025789711,37.32267150186394,37.77367401123047,15795700
2019-04-18,37.49285975643477,38.83735912539403,37.441801585670454,38.63313293457031,16569800
2019-04-22,38.11405615360038,38.42890678495501,37.94386548261081,38.4203987121582,10872000
2019-04-23,38.4204004306914,38.65015411376953,38.34381478762629,38.65015411376953,11437500
2019-04-24,38.36083925591415,38.79482245996194,38.241703492846845,38.64165115356445,10776800
2019-04-25,38.23318989894405,38.32679493335324,37.80771483062383,37.85026168823242,10149800
2019-04-26,37.14397021326427,37.44180142616204,36.86315514443201,37.390743255615234,12745000
2019-04-29,37.31415817312504,37.37372441658301,37.08440451756816,37.297142028808594,9272100
2019-04-30,36.931230193342216,37.3907407125435,36.81209447016918,37.28862762451172,11863900
2019-05-01,37.68857515130129,37.918332033960205,37.28862762451172,37.28862762451172,7319000
2019-05-02,37.32267078159789,37.84175084634718,37.229065754037606,37.78218460083008,10717200
2019-05-03,38.233184775175,38.4118835008533,37.91833417572512,38.04597473144531,5479900
2019-05-06,36.86315864974304,37.28863370640777,36.76955361789807,37.23757553100586,10756400
2019-05-07,37.297145025366625,37.4843518429395,36.83763118510062,37.23757553100586,10225200
2019-05-08,37.03334834674623,37.441804000857914,36.9822901726884,37.186519622802734,8112600
2019-05-09,36.52277758421048,36.84613953865197,35.978170026909304,36.803592681884766,11229400
2019-05-10,36.4717211588584,36.667439288854936,35.90158291398417,36.44619369506836,8313900
2019-05-13,35.2038022510413,35.32293473728006,34.6677060629669,34.88044357299805,11046000
2019-05-14,35.3910050548668,35.80797191747531,35.22932574893737,35.7143669128418,7107800
2019-05-15,35.35696628116078,36.020709383963776,35.280380663380285,35.7143669128418,5347700
2019-05-16,35.42504750461899,35.43355557587031,35.0761581532184,35.33995056152344,9214700
2019-05-17,34.369864884833376,34.84639798278302,34.11458057190598,34.250732421875,11271000
2019-05-20,33.399788612881935,33.44233546507627,32.77859548171776,32.897727966308594,13979700
2019-05-21,33.31469267341593,33.47637199935406,32.8977257592055,33.44233322143555,11806400
2019-05-22,33.35725129012207,33.51893067309549,33.09345553736974,33.101966857910156,12217600
2019-05-23,32.3190862013891,32.48927688005395,31.834044877170466,32.39567184448242,14708800
2019-05-24,32.69350490053546,32.965811949086685,32.50629806518555,32.50629806518555,10540700
2019-05-28,32.44672465655216,32.506290897317456,32.03826904296875,32.03826904296875,12484600
2019-05-29,31.876593247757388,32.12336958122436,31.638328233991952,32.07231140136719,13043000
2019-05-30,32.2935620541151,32.650959594530846,32.19995700892502,32.370147705078125,7351600
2019-05-31,32.56585970309539,33.16152540378188,32.54884031209099,32.633934020996094,9302700
2019-06-03,33.153010805544696,33.2636352130713,32.897726457966584,33.033878326416016,9618300
2019-06-04,32.88070511169446,33.27214130442501,32.69349508642489,33.23810577392578,6985600
2019-06-05,33.391287546056354,33.40830369361051,32.42120158348051,32.53182601928711,8219800
2019-06-06,32.48927609337293,32.83816551543527,32.268027242630694,32.71052169799805,6234000
2019-06-07,32.965804015249596,33.1870495841862,32.812632757479406,33.033878326416016,4456900
2019-06-10,33.604020396830805,34.14862793366544,33.5699816142494,33.71464157104492,8351800
2019-06-11,34.43795368037815,34.54857486290221,33.98694789258703,34.00396728515625,6100600
2019-06-12,34.03800892519307,34.19968829898544,33.569986951695164,33.578495025634766,6163200
2019-06-13,33.71463674271918,33.71463674271918,33.2125761329537,33.569976806640625,6646800
2019-06-14,32.87219862011445,32.93176485899577,32.19143928567321,32.199947357177734,11281500
2019-06-17,32.26802138231498,32.37864578759519,32.046775817871094,32.046775817871094,6500700
2019-06-18,32.56585751243303,33.5444480834809,32.52331066084255,33.36574935913086,12303200
2019-06-19,33.98694975754617,34.00396915104928,33.442342149916065,33.52743911743164,10217600
2019-06-20,34.420937556237455,34.6506945085625,34.157141815541834,34.47199249267578,10400000
2019-06-21,34.48049545288086,34.63366671729385,34.39539850258656,34.48049545288086,12766200
2019-06-24,34.75814481726223,35.206238722748786,34.652708196954535,35.12716293334961,6571000
2019-06-25,34.72300055000442,34.72300055000442,34.18704277461479,34.19582748413086,6790500
2019-06-26,34.599995386265896,34.599995386265896,34.248546666750364,34.33641052246094,9133300
2019-06-27,34.77571159969153,34.93385979959702,34.520911505313755,34.78449630737305,11375200
2019-06-28,34.907509084389076,34.907509084389076,34.371551317143364,34.41548156738281,7040000
2019-07-01,36.4978061237537,36.814109257876474,36.15514551234166,36.35722732543945,11046800
2019-07-02,36.19028247972681,36.2957190770063,35.79490697074732,35.84762191772461,4445600
2019-07-03,35.45224654030045,35.46981930824024,35.1535161886496,35.43467712402344,3125000
2019-07-05,35.030510760225866,35.23259256747451,34.82842895297723,35.083229064941406,3149300
2019-07-08,34.76692630631731,34.87235956519651,34.47698400648378,34.547271728515625,6772300
2019-07-09,34.83721650287101,35.15351627154474,34.63513134691829,34.85478591918945,6577000
2019-07-10,35.87398748401682,36.14635701716266,35.62797207618017,35.768550872802734,7945000
2019-07-11,36.14634465744892,36.190274887935374,35.87397521743583,35.93547821044922,6126600
2019-07-12,36.1200000884578,36.260578887214216,35.865199968317135,36.225433349609375,4695800
2019-07-15,36.68231717228585,36.84046874798804,36.60324138443476,36.74382019042969,5784300
2019-07-16,36.7262361632771,36.85803021985202,36.52415440108109,36.69987869262695,6529500
2019-07-17,36.62081165412898,36.822893464472116,36.48023285773102,36.576881408691406,5514600
2019-07-18,37.35885985449247,37.98267819899084,37.17435076978118,37.947532653808594,11257600
2019-07-19,37.850881939582955,38.67678202153893,37.84209387873078,38.50984573364258,11438800
2019-07-22,38.83492935687409,39.43239006633852,38.77342634428182,39.18637466430664,10035800
2019-07-23,39.133661558771415,39.16880709667244,38.87007672783972,39.02822494506836,6565800
2019-07-24,39.09851763813546,39.212738965206924,38.87007833565565,39.133663177490234,7130400
2019-07-25,38.84371375146985,38.87007457926999,38.3253288269043,38.3253288269043,6593900
2019-07-26,38.42198077921202,38.562559583838066,38.11446569148727,38.18475341796875,4399000
2019-07-29,38.23746919334764,38.615275334187324,38.13203593477883,38.60648727416992,4138600
2019-07-30,38.13204704482626,38.13204704482626,37.57851641065482,37.87724685668945,4938500
2019-07-31,37.80694688875245,37.92995292266019,36.94590129973522,37.455501556396484,7592300
2019-08-01,37.56093924372418,38.123254523036586,36.55052667194107,36.78775405883789,9662800
2019-08-02,36.155142773881124,36.70866986500784,36.03213340196807,36.594451904296875,9317000
2019-08-05,35.504976224281926,35.60162480309747,34.95144558757899,35.030521392822266,6668400
2019-08-06,36.18149756553174,36.47143982723604,35.926697484390516,36.25178527832031,8667700
2019-08-07,36.067276261630084,36.41872488056022,35.84762171271436,36.25178527832031,5484700
2019-08-08,36.770180014041955,37.06012570520722,36.682319511565815,36.81411361694336,7795900
2019-08-09,36.54173079709331,36.64716404183445,36.02334592892761,36.38357925415039,3480500
2019-08-12,36.067280737544074,36.26057783710987,35.89155640627179,35.98820495605469,3463500
2019-08-13,35.69825961760836,36.89318094648166,35.62796855042166,36.76138687133789,7697800
2019-08-14,35.89155529923862,36.10242516059389,35.364385673344536,35.52253723144531,9621800
2019-08-15,35.47860846008502,36.01456616792582,35.443462923123654,35.90034484863281,7690100
2019-08-16,36.18151097453897,36.664750490911516,36.155153491432884,36.4978141784668,4845700
2019-08-19,37.042547462911536,37.08647770766077,36.594453603808766,36.70867156982422,3797600
2019-08-20,36.90195763830393,37.0952546794173,36.655945659913684,36.849239349365234,7540300
2019-08-21,37.26220843758831,37.46429027946983,37.15677516175087,37.41157531738281,3914600
2019-08-22,37.24463653282948,37.33250039112433,36.664748474737415,37.016197204589844,3145600
2019-08-23,36.849253846850345,37.03376625489699,35.90034773426156,35.97942352294922,7526900
2019-08-26,36.34843236242051,36.50658389944785,36.13756588082559,36.32207489013672,5519000
2019-08-27,36.50659977558554,36.62082112459217,36.26058765618396,36.330875396728516,4192800
2019-08-28,36.304506269424394,36.699885157131106,36.06727893680037,36.594451904296875,3586000
2019-08-29,37.20070185973889,37.402783682312695,37.10405330292901,37.14798355102539,5171600
2019-08-30,37.52578928220246,37.683940854844714,37.218274197433104,37.455501556396484,5382200
2019-09-03,37.033766256570026,37.04255096568543,36.53295404541326,36.65596008300781,4748000
2019-09-04,37.437921774749185,37.912376403808594,37.24462469957777,37.912376403808594,4460900
2019-09-05,38.44833549064058,39.10729921833777,38.44833549064058,38.87007522583008,7698300
2019-09-06,38.65919994861373,38.69434548023871,38.38682710601368,38.40439987182617,4325300
2019-09-09,38.58013454084556,38.72950141454023,38.25504666515238,38.52741622924805,4677000
2019-09-10,38.307761110083156,38.7470703125,38.096894569854484,38.7470703125,5001600
2019-09-11,38.5801242576696,38.89642733962051,38.518621253030524,38.85249710083008,4016800
2019-09-12,38.9140040318736,39.063367529164246,38.59770091800786,38.720706939697266,6577900
2019-09-13,39.03701051844758,39.38845917174212,38.82614065613831,39.309383392333984,6231100
2019-09-16,39.12487165171437,39.30938404115399,39.089729467135086,39.18637466430664,3716300
2019-09-17,38.9052148686589,39.669615156039285,38.84371185955877,39.652042388916016,6110900
2019-09-18,39.687193142164716,39.713553974373696,39.195168963108394,39.572975158691406,4044800
2019-09-19,39.6455351521532,40.01721380594883,39.610136542116045,39.734031677246094,6422700
2019-09-20,39.61899221719174,39.73403602450068,38.822540283203125,38.822540283203125,7249200
2019-09-23,39.09686764618738,39.19421212953296,38.804834196150644,38.9995231628418,4347000
2019-09-24,39.29155671535086,39.42429643097071,38.990675300496655,39.04376983642578,7592200
2019-09-25,39.11458303190025,39.91103177839103,38.93759329630283,39.83138656616211,6719500
2019-09-26,39.91101447090443,41.1587866708598,39.91101447090443,41.114540100097656,15832500
2019-09-27,40.70746249865782,41.13223561528734,39.99065596545987,40.27383804321289,9610400
2019-09-30,41.211885474827696,41.3623278696373,40.81365957773999,41.132240295410156,8396900
2019-10-01,41.557010720800655,42.344611123232426,41.557010720800655,41.76054763793945,11575200
2019-10-02,41.33578479889403,41.53932176673965,40.999508091565275,41.0880012512207,5785200
2019-10-03,41.10569187068775,41.71630264517296,40.91985424920924,41.707454681396484,6091600
2019-10-04,41.61896801184674,41.99064671854123,41.39773173132313,41.96409606933594,5704200
2019-10-07,42.23841652499998,42.61009511072305,41.97293374993872,42.43310546875,11059000
2019-10-08,42.70743814343936,42.83133326149637,42.12337466150063,42.35346221923828,13089700
2019-10-09,42.65434746311068,43.41540066377013,42.62779681894545,43.07912063598633,11033100
2019-10-10,43.28266995345377,43.70744324785653,42.91099458677563,43.30036926269531,9566500
2019-10-11,43.76052891580739,44.061410337023716,43.65433646590667,43.733978271484375,7499100
2019-10-14,43.733985580547255,44.36229917231012,43.62779311289906,44.16761016845703,7974000
2019-10-15,44.4242459798039,44.813620619776536,44.34460078346884,44.592384338378906,9323200
2019-10-16,44.548138542260006,45.24724601398724,44.30920294904445,44.362300872802734,13615700
2019-10-17,45.256085393385234,45.31803127145103,43.592387898396595,44.0260124206543,12410200
2019-10-18,43.93752427101481,44.32689888825752,43.477352427474756,43.61009216308594,9169200
2019-10-21,43.831328155584636,44.344597915615886,43.654341842550785,44.24725341796875,6538900
2019-10-22,44.51273245904226,44.981755600730054,44.40654000513817,44.81361389160156,10697300
2019-10-23,44.33574012892305,44.60122631147232,44.17644976971231,44.39768600463867,7118800
2019-10-24,44.68087774114062,45.1764448161866,44.45079013418569,45.08795166015625,7006600
2019-10-25,44.955197112749026,45.33572366330095,44.85785264040365,45.247230529785156,6303500
2019-10-28,45.48617747810623,45.55697132755967,45.17644468132956,45.406532287597656,7725500
2019-10-29,45.574669677018846,45.8755511264233,45.52157175919544,45.54812240600586,5303900
2019-10-30,45.83129992147927,46.07023546386104,45.63661095158367,45.93749237060547,5198100
2019-10-31,45.91980057916054,45.95519919325969,45.4419294162149,45.68971633911133,5140800
2019-11-01,45.91978754501306,46.10562515258789,45.75164923946393,46.10562515258789,5226600
2019-11-04,47.38881079457715,47.601199110044625,47.008284120554656,47.335716247558594,7233400
2019-11-05,47.45961025254348,47.76049174436243,47.335718469288246,47.38881301879883,5287100
2019-11-06,47.5215503724728,47.56579695029031,46.99058131127013,47.46845245361328,4545100
2019-11-07,47.69853160079092,48.114453409473924,47.36225159257745,47.494991302490234,7890900
2019-11-08,47.37110290955853,47.37110290955853,46.48615794430888,46.751644134521484,6558400
2019-11-11,46.36226570196186,46.680846426230495,46.15872876718959,46.54810333251953,4046500
2019-11-12,46.62775871481202,46.62775871481202,46.04369505113705,46.1498908996582,8625100
2019-11-13,46.53040420006426,46.84898152659887,46.149877625145756,46.7958869934082,5336200
2019-11-14,46.45962054229033,46.663157522427475,46.13219178083473,46.44192123413086,5308600
2019-11-15,46.910935017442974,47.24721507738162,46.79589459298291,47.158721923828125,5986400
2019-11-18,47.24720685358727,47.75162516779806,47.24720685358727,47.27375411987305,4774400
2019-11-19,47.83127320883051,47.91091838825756,47.503844527095744,47.57463836669922,4731100
2019-11-20,47.38880529179713,47.592342241928336,47.087923849038525,47.34455871582031,5264800
2019-11-21,47.34455594525758,47.353403909616226,46.84898554624454,46.88438415527344,6037000
2019-11-22,46.83129945078157,47.04368778906319,46.67201241681799,46.71625900268555,4172300
2019-11-25,46.98172687880662,47.733928725553326,46.72509203667533,47.57463836669922,5021500
2019-11-26,47.344550947261936,47.60118577193366,47.238358507182774,47.4595947265625,5672800
2019-11-27,47.813569933000565,47.84012057446865,47.379948839983946,47.68967819213867,2786100
2019-11-29,46.955184144355165,47.0436772963526,46.72509654788607,46.98173141479492,3391700
2019-12-02,47.38880251864512,47.42420112767402,46.70739448592613,46.88438415527344,4475800
2019-12-03,46.38881292230182,46.84013673981361,46.17642802354094,46.707393646240234,5468100
2019-12-04,47.141016026991,47.40649882633073,46.999424975623334,47.061370849609375,3905200
2019-12-05,47.45074335548611,48.264894397671284,47.33570295205958,48.1410026550293,7624300
2019-12-06,48.22949903941699,48.69851877550857,48.22949903941699,48.618873596191406,5429100
2019-12-09,48.716228631018026,48.840120408835254,48.0702190925441,48.19411087036133,6541900
2019-12-10,48.38878724602129,48.725067252159995,48.07905788233885,48.247196197509766,4364800
2019-12-11,48.70738003954073,49.7339162400111,48.69852869792589,49.46843338012695,11028000
2019-12-12,50.663104731370076,51.875478519456415,50.45956777247948,51.86663055419922,15788700
2019-12-13,52.256001435006645,52.67192666414878,51.54804611206055,51.54804611206055,9886900
2019-12-16,51.583458819524346,51.946286232679526,51.583458819524346,51.80469512939453,5779400
2019-12-17,52.8400717096322,52.8400717096322,52.017072487241535,52.41529846191406,8407500
2019-12-18,52.74272353125435,52.778122143379676,51.963974319281796,52.30025100708008,10021200
2019-12-19,52.130940176779234,52.130940176779234,51.57844227545014,51.64973068237305,7228700
2019-12-20,51.48932684854387,51.952713385353206,51.07940916576728,51.62299728393555,8043800
2019-12-23,51.71209620873012,51.98834678907965,51.64080781987255,51.881412506103516,4022000
2019-12-24,51.67646645344573,51.7655778113306,51.2843683202393,51.47150421142578,2692200
2019-12-26,51.50714565937676,51.99726488411301,51.47149975955374,51.90815353393555,2490400
2019-12-27,52.157662126235635,52.31806525789089,51.979439446067325,52.09528350830078,2847800
2019-12-30,52.27351088774188,52.300243610555945,51.346737970549675,51.55169677734375,3519900
2019-12-31,51.40020719269122,51.801215034743564,51.20415815893678,51.774478912353516,2950200
2020-01-02,53.11116354228916,53.57454995271572,53.11116354228916,53.50326156616211,8432600
2020-01-03,52.54975980787665,52.55866958206989,51.721011433337324,51.738834381103516,10546400
2020-01-06,51.32892437522348,51.4091259576596,50.9100969108397,51.141788482666016,8897200
2020-01-07,51.19525184943525,52.22004596028577,50.56255243325188,51.97053146362305,7444300
2020-01-08,51.85468161937067,52.55867280205613,51.78339322331817,52.35371398925781,5381500
2020-01-09,53.191377474677765,53.20920042530685,52.30916351450979,52.78145980834961,5112700
2020-01-10,53.20027940682732,53.20027940682732,52.371531074306354,52.45173263549805,4807700
2020-01-13,53.60130067190623,53.61021044788496,52.97751097260359,53.52109909057617,6613700
2020-01-14,53.61020072883287,54.03794128525417,53.39632875093234,53.75278091430664,6715200
2020-01-15,53.17354706380059,53.20028318568326,51.91705811546777,52.03290557861328,10075100
2020-01-16,52.754721840115344,53.19137218930917,51.95270613840028,52.35371398925781,11215700
2020-01-17,52.25569399796954,52.35371852549257,51.69428295812504,52.20222854614258,8125700
2020-01-21,51.67646443044903,52.57650134762168,51.21307790895114,51.89924621582031,9873700
2020-01-22,52.4873836353147,52.523026133127644,51.97052832415861,51.99726104736328,8124500
2020-01-23,51.56061795013632,51.74775383762602,50.45561877753838,51.221988677978516,9999200
2020-01-24,51.765577136198495,51.81013281455983,51.20416607058062,51.44477081298828,10402200
2020-01-27,49.56448532696395,49.89420478140623,49.06545635700573,49.24367904663086,9675500
2020-01-28,49.66251345484724,50.90117959440693,49.439731677246435,50.874446868896484,8124400
2020-01-29,51.25763177502337,51.25763177502337,50.660574843646884,50.963558197021484,7693400
2020-01-30,49.08328246007971,49.93876366302372,49.065459510095856,49.724891662597656,10295700
2020-01-31,49.39517904327983,49.439734721667634,47.76441469911951,48.06739807128906,13467200
2020-02-03,48.43275080395874,48.95851586682609,48.24561495091604,48.80702590942383,9594300
2020-02-04,50.722951113735604,51.36456369093838,50.70513156381774,51.25762939453125,12746600
2020-02-05,51.77449314674098,51.81905222984843,50.945744511777804,51.61408996582031,6594400
2020-02-06,51.92597926600831,51.93488904175139,51.04376189471033,51.70319747924805,4236300
2020-02-07,50.91900674834763,50.91900674834763,49.956591157334024,50.08134841918945,6808400
2020-02-10,50.295213576392065,50.838801665085654,50.20610222388304,50.812068939208984,4281200
2020-02-11,51.64082192710262,52.48739344709718,51.51606466298604,52.273521423339844,6523200
2020-02-12,52.799283482412314,53.24484705610356,52.48739034058056,53.13791275024414,5962900
2020-02-13,52.6923488429477,53.20029104178942,52.34480980156972,52.870574951171875,6460100
2020-02-14,52.5943316286767,52.72799867890106,51.569533913386216,51.85469436645508,6932400
2020-02-18,49.99223434616711,50.40215543994089,49.57340687553938,50.06352615356445,10989000
2020-02-19,51.01702398017734,51.631900425331956,50.79424221607176,51.36456298828125,7866300
2020-02-20,50.74077780387109,50.8298925569303,49.73380658965384,50.33086013793945,7192900
2020-02-21,50.48234997875131,50.48234997875131,49.4753754357604,49.53775405883789,6816600
2020-02-24,47.71984872980107,48.73573293523799,47.39013270157918,48.22779083251953,9968800
2020-02-25,49.30607484924198,49.43083212660356,47.9693839071435,47.996116638183594,12670700
2020-02-26,48.55751694376113,49.37735224015909,48.459492419326565,49.03872299194336,10969300
2020-02-27,48.299088502666756,48.65553729567925,47.47034004482714,47.488162994384766,11878900
2020-02-28,45.7593786045708,48.165422632132795,45.447485456289584,47.97828674316406,13604500
2020-03-02,48.450576953008024,49.91202477702941,47.969370927586795,49.885292053222656,13797700
2020-03-03,50.17044701807458,50.23282563313765,48.15650159022489,48.90504837036133,14661800
2020-03-04,49.87638038551766,50.87444169585751,49.50210526952784,50.86553192138672,9878200
2020-03-05,50.00113914787764,50.25065363322013,49.2347693436058,49.66250991821289,10004200
2020-03-06,48.655536712062954,49.08328069755529,48.094129104941764,49.07436752319336,12971200
2020-03-09,45.93760442853552,48.24562390943384,45.500954023689545,46.1871223449707,13781100
2020-03-10,47.86243546012236,48.67336098065686,46.77526271572079,48.57533645629883,11698700
2020-03-11,47.32775837533017,47.72876622945099,46.41880837244962,46.5524787902832,14498000
2020-03-12,44.253386983885925,45.438588069262224,43.22858910403996,43.38899230957031,15942200
2020-03-13,46.2495012750663,46.74853031242194,43.92365882790976,46.54357147216797,14948700
2020-03-16,41.294833860208804,43.08599800508801,40.01161193847656,40.01161193847656,16628200
2020-03-17,40.76906824017032,43.27313682470963,40.12745558662165,43.255313873291016,13415700
2020-03-18,39.03136072345124,41.07204230673658,38.55015134235363,39.539302825927734,15018500
2020-03-19,39.3476965166536,40.6430926477433,38.41213092838437,39.48263168334961,11182600
2020-03-20,43.19790183823382,43.431791506385224,40.0133826670874,40.0583610534668,14157700
2020-03-23,40.58912031440851,41.02991680271464,39.14979114538501,40.71506118774414,10508600
2020-03-24,43.17991609851458,44.00752950988636,42.73012530582172,43.96255111694336,12216200
2020-03-25,44.349368245969586,45.02405438591323,43.2248913460635,44.07949447631836,9796600
2020-03-26,44.16945478858084,45.39288630259661,44.0075298275122,44.86213302612305,10577500
2020-03-27,42.48722948450163,43.26087004437804,41.8395297726738,42.199363708496094,12158500
2020-03-30,42.442254696811254,43.323844139484265,42.07342642557426,43.01798629760742,8428300
2020-03-31,42.99999924981605,44.10648419202562,42.87405837646997,42.991004943847656,9595700
2020-04-01,42.127407842412445,42.784101996547,41.650627262405685,41.83953857421875,8755200
2020-04-02,42.20837464475498,43.37783368118426,41.92950649465466,43.296871185302734,6174700
2020-04-03,42.990994990736205,43.31484483672475,42.082415874864935,42.33430099487305,5486200
2020-04-06,43.746651801021486,45.069034347936686,43.63869954408986,44.952091217041016,7370300
2020-04-07,46.139546368252454,46.166532721218964,44.673227231575744,44.727203369140625,6568700
2020-04-08,45.16799347052589,45.51882976222774,44.56527541691125,45.22196960449219,6325900
2020-04-09,45.230961294789374,45.57280326020676,42.92803461820427,43.47677993774414,12274000
2020-04-13,43.84560850767676,44.16046069368678,43.14393252914783,43.8546028137207,9873200
2020-04-14,44.979088482515266,46.121557741767006,44.934110080359176,45.54582595825195,11068800
2020-04-15,44.763182196792506,44.95209695472026,44.1154857306873,44.67322540283203,9398100
2020-04-16,46.60731596231668,47.80375750129684,46.49036941345577,47.13806915283203,18615900
2020-04-17,48.69434864369985,48.74832133866171,47.677820565133665,48.29853057861328,11288500
2020-04-20,47.67782643932647,48.415483102159115,47.28201175710434,47.308998107910156,9901700
2020-04-21,46.418401582806126,46.6073162958969,45.44685539841902,46.21149826049805,13102500
2020-04-22,47.21004615920925,47.776783578521425,47.14707571613365,47.632850646972656,8255500
2020-04-23,47.506900213303396,47.7947660185482,47.012127643384744,47.35396957397461,7619900
2020-04-24,47.3179899566338,47.57886943964536,46.77824237876219,47.4349365234375,5701800
2020-04-27,47.81276164234045,48.3525092097032,47.65083668580535,48.1366081237793,5812300
2020-04-28,48.13661173218661,48.33452078981654,47.38996076031012,47.4619255065918,8561100
2020-04-29,48.35250694862377,49.19811234638457,48.06464113527409,49.00920104980469,8565500
2020-04-30,48.757321282653976,48.946232586834206,47.64183863732205,47.794769287109375,6337900
2020-05-01,47.210040003094015,47.28200817529975,45.95962217988565,45.9686164855957,10238700
2020-05-04,46.58932759501175,46.940163837625875,46.13053909956932,46.913177490234375,7514000
2020-05-05,46.96714760642197,47.29999522025516,46.400413752528415,46.517356872558594,7780700
2020-05-06,46.87719152181753,47.3359765671888,46.77823700985111,46.89518356323242,8206700
2020-05-07,47.63285879475572,47.659845151652306,46.86821217690634,47.07511901855469,5493400
2020-05-08,47.33598709656673,47.98368700505274,47.20105190338667,47.596866607666016,6086000
2020-05-11,47.32698043293981,47.524889449222755,47.12007711211259,47.13806915283203,6459300
2020-05-12,47.35397291587416,47.35397291587416,45.9506278741756,45.9686164855957,8584500
2020-05-13,46.697273558733045,46.79622806862158,45.410871793443995,45.80668640136719,8611000
2020-05-14,45.36589512858426,46.91317640019366,44.7901635200685,46.868194580078125,13695600
2020-05-15,45.48284002283121,45.92363301816392,44.42133362153681,44.799156188964844,17777200
2020-05-18,45.82467818552313,46.949155006805775,45.671750985011535,46.66128921508789,12726500
2020-05-19,46.19351607844193,46.29247060841089,45.69874686022878,45.70774459838867,12940300
2020-05-20,46.40041437181789,46.859199416564145,45.42886472652322,46.63430404663086,8406200
2020-05-21,46.86820434709309,46.96715888135901,45.59979431036908,45.653770446777344,7842600
2020-05-22,45.7347217344499,45.752713775512795,44.62823694631373,44.799156188964844,12462300
2020-05-26,46.14853458851432,46.23849480592366,45.689749490436654,45.71673583984375,8872000
2020-05-27,45.90565170353843,46.54435729980469,45.653769933064375,46.54435729980469,11405700
2020-05-28,46.292463483041004,46.43639638676024,45.06903208561197,45.23095703125,8178700
2020-05-29,45.28493424676654,45.63577049354792,44.85313552521781,45.27593994140625,10918500
2020-06-01,45.79769464254232,46.13053884115386,45.464850443930786,45.905643463134766,6187300
2020-06-02,46.28347555806161,46.81422885712131,46.13954263450126,46.78723907470703,6063600
2020-06-03,47.35397024514013,47.90271551655033,47.15606121436763,47.73179626464844,8380200
2020-06-04,47.73179752773755,48.91024714346075,47.70480774815273,48.82928466796875,13269500
2020-06-05,49.92677225684053,50.68242083907416,49.53095764010139,49.656898498535156,9776100
2020-06-08,50.14267674058097,50.178657394278325,49.216105417341126,49.98974609375,6302100
2020-06-09,49.73786839773524,50.9433079010586,49.43201051087315,50.925315856933594,9355100
2020-06-10,51.11421435220556,52.21170474713515,51.11421435220556,51.77090835571289,9194300
2020-06-11,50.24162883930575,50.74539574915491,49.485980190347654,49.512969970703125,9877100
2020-06-12,50.82635477610997,51.15919897042425,49.79183467792609,50.376564025878906,9838800
2020-06-15,49.21610490780384,50.484514733639806,49.04518565170935,50.39455795288086,7509700
2020-06-16,50.90732173026371,51.27615004065934,49.96276175794627,50.196651458740234,8827200
2020-06-17,50.511511797357905,51.11422986494855,50.27761864304534,50.91632080078125,8248700
2020-06-18,50.78943914191747,51.24259258867129,50.562862418540554,50.88913345336914,6831500
2020-06-19,51.1882039097136,51.20633045926375,50.09157359157354,50.12782669067383,6965100
2020-06-22,50.30002427101135,50.753177642822266,50.136888780576555,50.753177642822266,4480400
2020-06-23,51.333214980663705,51.80449491668194,51.23352068264059,51.44197082519531,7836500
2020-06-24,51.39665650311329,51.71386594949161,50.89818846713134,51.278839111328125,7080200
2020-06-25,51.260712905010045,51.74105439379884,50.7078652140643,51.69573974609375,4509600
2020-06-26,51.65949294121885,51.89513121237628,50.94350966544269,51.052268981933594,6229300
2020-06-29,51.06132521355037,51.12476641292183,50.44503631341093,51.10663986206055,5016600
2020-06-30,50.979754621633035,51.65042313697231,50.92537497208038,51.45103454589844,7158700
2020-07-01,51.63229290556473,52.08544624766788,51.441965874344326,51.49634552001953,6866500
2020-07-02,52.52047317055032,53.53553569132111,52.52047317055032,53.1276969909668,10021200
2020-07-06,54.98562264609153,56.308832979020934,54.88593181898314,56.08225631713867,12725600
2020-07-07,55.52034141826159,55.73785652590972,54.99468538214708,55.021873474121094,6672300
2020-07-08,55.864753951654,56.8616935658587,55.73787154520471,56.725746154785156,8721900
2020-07-09,57.05201260275836,58.88275271677213,56.997632951230266,58.71055221557617,16903300
2020-07-10,58.42958836981859,58.511152645887684,57.26951355574583,57.86767578125,10700000
2020-07-13,59.09120225524365,60.7950635124659,58.89182056187957,58.973384857177734,16667700
2020-07-14,59.816248491297465,60.749743384148296,59.20902459792857,60.686302185058594,10482700
2020-07-15,60.88569451917317,60.91288261836818,59.0549577227933,59.870628356933594,12432500
2020-07-16,59.254336992363015,60.3872205095244,58.29365398247328,60.35096740722656,15709400
2020-07-17,61.003503685352996,61.628857540708395,60.15158006243425,60.178768157958984,11716600
2020-07-20,60.45067086557317,60.704442620093495,59.63500014133582,60.62287139892578,6357300
2020-07-21,62.39015611184198,62.76174521477967,61.36603192826914,61.456661224365234,10619700
2020-07-22,61.71947976926359,62.44452783497066,61.65603858210704,62.10919189453125,7366100
2020-07-23,61.86449661753039,62.08200828712795,60.49597157906264,61.057884216308594,8559500
2020-07-24,64.71029983676951,69.6859216893683,64.66498173588923,66.97606658935547,41226800
2020-07-27,73.73712338889213,75.58599013045105,72.89425777016045,75.45004272460938,39899200
2020-07-28,71.91543750367015,72.123891093579,69.32339970771133,69.7131118774414,31500100
2020-07-29,69.88531411879616,75.55879631581318,69.83999601542003,74.92437744140625,28304000
2020-07-30,72.51359963895737,73.66460608389328,71.24476889991227,72.44109344482422,16820300
2020-07-31,72.16921558146178,72.29609799363439,70.2478493888065,71.49855041503906,12021200
2020-08-03,70.48348271936882,71.73419063384617,70.15721860534508,71.55292510986328,10129800
2020-08-04,71.89732572104103,72.67675018310547,71.36260107168395,72.67675018310547,12569400
2020-08-05,73.39271014664585,76.12975298537573,73.02112112855673,73.98180389404297,14436300
2020-08-06,74.3533893735469,74.40776555328605,72.70391174728094,72.97579956054688,9838700
2020-08-07,72.94863861504354,73.22053344405238,71.96983244267176,72.53173828125,8705800
2020-08-10,73.00303836110444,73.27492633748193,71.79764828023212,72.38674926757812,7421400
2020-08-11,71.67981306946062,71.77950738672726,70.63756561279297,70.63756561279297,7056300
2020-08-12,70.83692975794551,72.09669542471514,70.44721762915248,71.9516830444336,8354400
2020-08-13,71.59823337137962,71.6888626636189,70.5378561315792,70.96382141113281,6551800
2020-08-14,71.0725727983692,71.80668595871802,70.73724373033355,71.06351470947266,5611200
2020-08-17,72.32329105665447,73.31116222684504,72.19640864790655,72.67675018310547,8663900
2020-08-18,72.70393203422958,73.24771472706608,71.82481333876738,71.9698257446289,6804800
2020-08-19,71.60729306780746,71.8066816446993,70.91849805160963,71.18132781982422,7976800
2020-08-20,69.16933779271636,69.87625602199867,68.86119678593072,69.6134262084961,11457100
2020-08-21,70.71003557981808,71.35351932962058,70.56503012413147,71.00005340576172,7942300
2020-08-24,72.25985050480678,72.42298601960907,71.13602499635869,71.50761413574219,6405600
2020-08-25,72.3686167082248,72.93959457622495,72.0242225177641,72.54081726074219,6113100
2020-08-26,73.63743038352476,74.47123101267775,73.41991867908754,74.09058380126953,7821600
2020-08-27,74.48029094705427,74.59810833840172,72.65861239564622,73.04832458496094,8018200
2020-08-28,72.55890412068312,73.30207525545858,72.42296366245701,72.90330505371094,5699500
2020-08-31,71.59823714295396,72.28703224648537,71.3172842478409,71.82481384277344,9812900
2020-09-01,72.61328311754437,73.95461293647195,72.4954588409753,73.9093017578125,10193300
2020-09-02,73.72806579252695,74.96064374407754,72.39579352764703,74.47123718261719,12567800
2020-09-03,73.51959079892279,74.144937624797,71.03630584054413,73.57396697998047,20090100
2020-09-04,72.95770244917959,73.83682121235226,70.15721756236123,71.51667785644531,13638700
2020-09-08,70.71005747668491,71.73418864370038,69.98501614458662,70.07564544677734,11553500
2020-09-09,71.2538513736203,72.2326575761272,71.19041016684139,71.96076965332031,7867500
2020-09-10,73.17521547410092,73.6193108233016,71.38073172584849,71.50761413574219,11241800
2020-09-11,72.51361945968277,72.77644929932838,71.23572336843071,71.43511199951172,7853500
2020-09-14,72.95768737792969,73.5196000059867,72.45921594057498,72.95768737792969,7091100
2020-09-15,73.91837776780538,78.65836520572768,73.75524227302138,77.80643463134766,21048400
2020-09-16,78.38646932703764,78.38646932703764,75.25971378719224,75.34127807617188,14492600
2020-09-17,73.78985783302478,74.96503047699063,73.43457388836892,74.61885833740234,10090200
2020-09-18,75.03792672965159,75.46608435369006,72.979096220333,73.08841705322266,10528300
2020-09-21,72.69669367326789,73.47103046941874,72.04078256820331,73.41636657714844,8417100
2020-09-22,73.63500584441923,73.68966278463476,72.33229548386242,73.316162109375,6375200
2020-09-23,72.60557793804549,72.81510776611685,70.95669558120558,70.98402404785156,9094700
2020-09-24,69.98194779324055,71.96789765202894,69.38980547313781,71.40308380126953,9940900
2020-09-25,71.21179736315202,71.89503708777033,70.50122916159279,71.85859680175781,6057500
2020-09-28,73.16129830319879,73.21596220049187,72.39607324382591,72.66936492919922,5999300
2020-09-29,72.60559470873886,74.00851423954484,72.25031065973371,73.34349822998047,6114600
2020-09-30,73.41637650815086,74.64621347164264,73.39815984177818,73.85365295410156,5878900
2020-10-01,74.75551385660205,75.35676799230923,74.46399859542429,75.26567077636719,6253800
2020-10-02,73.52568890947424,74.88305628216668,73.43459168753084,73.60768127441406,6145900
2020-10-05,74.2909312053975,77.09676356328637,74.2909312053975,77.01477813720703,10129100
2020-10-06,76.31330393367107,76.93277477100413,75.40231781702083,75.7211685180664,7795600
2020-10-07,77.23341236445864,79.2558029305934,77.23341236445864,79.18292236328125,11446400
2020-10-08,80.95023946207449,80.95023946207449,78.81852800368102,79.9845962524414,10920800
2020-10-09,80.47651372061051,80.89557346879648,79.83882619123673,80.87734985351562,7608800
2020-10-12,81.18709056264599,83.14570528216481,80.786254420845,82.81775665283203,10022000
2020-10-13,82.44424575638332,82.58089506758103,81.4694908635729,81.66079711914062,8247000
2020-10-14,81.66990951182072,81.87943243358886,80.41274418012094,80.71337127685547,8159000
2020-10-15,79.51998002305275,81.52414672645665,79.42888280022032,80.30342864990234,10327900
2020-10-16,80.6678125594968,80.70424588302265,78.7456315558804,78.98248291015625,7457200
2020-10-19,80.47652122013352,81.64258944722465,79.5199898369347,79.76595306396484,7994500
2020-10-20,79.97545337182615,81.05952882202028,79.95722976158861,80.40361785888672,7357600
2020-10-21,80.1667769638248,80.95933737454249,79.7750526620134,79.83882141113281,7387600
2020-10-22,80.56761550018525,81.02310856483982,80.05745854158678,80.35808563232422,5656200
2020-10-23,80.39450841246386,80.57670281855931,79.64750022703878,80.44916534423828,4165400
2020-10-26,79.44709609129418,79.96635788469065,78.13527389733581,79.00982666015625,5568000
2020-10-27,79.21934655049105,79.45620487099197,78.32658410827318,78.9916000366211,5315800
2020-10-28,77.57046942725829,77.80732776428789,76.377072885116,76.38618469238281,8727300
2020-10-29,76.76879664281576,77.73444664825809,76.5410501146891,77.33361053466797,5845600
2020-10-30,76.91456133859042,77.20607663015649,75.75761197995175,76.40441131591797,4963600
2020-11-02,77.06943972007154,78.30838164618532,77.00567095697483,78.08063507080078,6597100
2020-11-03,78.51791231904053,80.38543008523365,78.39947965051081,79.88439178466797,6274700
2020-11-04,80.82267034089021,81.77920136786801,80.58581206028438,81.48768615722656,7620800
2020-11-05,82.37135846913723,82.86329177910541,81.7792161358271,82.3804702758789,6670100
2020-11-06,81.81566337441413,83.3552321819717,81.12331890912088,83.27324676513672,6403000
2020-11-09,83.99291930460181,84.24800126196013,81.02310949322158,81.10509490966797,8978000
2020-11-10,80.53119121697216,80.89558713113065,78.98251031936707,79.85706329345703,8350100
2020-11-11,81.53327714825849,83.06373447218091,81.40573961712114,82.79043579101562,7707300
2020-11-12,82.79039563219192,83.71049333218096,81.78831253778615,81.82475280761719,7474600
2020-11-13,83.39165483469318,85.45958988648754,83.09102780263183,84.92211151123047,9170900
2020-11-16,87.83727715345869,93.32141730889239,87.78262021213106,90.43358612060547,18436200
2020-11-17,89.25842553431171,89.35862761599857,87.17226642848394,87.19048309326172,10843700
2020-11-18,89.7503521498961,90.00543410930105,87.7917374939426,88.30188751220703,8526600
2020-11-19,88.15613015216574,88.23812252303941,87.10850159859034,88.0103759765625,5542800
2020-11-20,88.05592786779123,88.547854290834,86.81698610172327,86.84431457519531,5329800
2020-11-23,88.51141461088815,90.12385698253688,88.2290041879637,89.39506530761719,8802400
2020-11-24,89.7230197465409,89.81411696720082,87.47288294985152,88.0376968383789,7022800
2020-11-25,87.63686168188251,89.26752766546785,87.58220473894559,88.8120346069336,5194900
2020-11-27,89.76857307325078,90.43358904850865,89.3221918206543,89.95076751708984,4367100
2020-11-30,88.87581401145653,89.23109808368254,87.6368721876985,88.38388061523438,13840500
2020-12-01,89.90521905138762,95.01585154986715,89.75034613456077,91.8820571899414,16157300
2020-12-02,92.92058278640293,92.95702306466559,90.66133418602543,90.67955780029297,8676300
2020-12-03,92.06424819978525,92.18268083473059,90.579343436982,90.64311218261719,7359000
2020-12-04,92.47422183812073,94.51482921682167,91.73631820431396,94.49661254882812,10824500
2020-12-07,96.58274008607431,98.03121155155773,95.62620888270992,96.91980743408203,11793000
2020-12-08,98.18607420432288,98.24073114259421,95.75374314744197,96.23656463623047,9876200
2020-12-09,96.5736316287614,97.1111100539061,94.29616653861224,95.12516021728516,8204100
2020-12-10,93.83156386479364,95.75374500095826,93.10277223913302,94.95207977294922,7135000
2020-12-11,94.75167316632485,95.76286836761614,94.03199326043367,94.76988983154297,7492600
2020-12-14,94.5330191877985,95.56243787070214,94.28705601284119,94.34171295166016,5878000
2020-12-15,96.27301245803586,96.91069995542516,95.12516801246268,95.73552703857422,7399900
2020-12-16,96.24568706885383,96.26390373353154,94.70611826836173,95.83573913574219,5986900
2020-12-17,95.96564921411465,96.34987606221087,95.00507511427652,95.05081939697266,7779300
2020-12-18,95.14230913417344,95.87417584242945,94.37385537214303,95.3984603881836,7417000
2020-12-21,94.73977355272466,96.02053669160163,94.52021635107641,95.901611328125,6116400
2020-12-22,96.12117282864702,96.25839870316348,94.1451439662428,95.08741760253906,5597100
2020-12-23,95.75524395999828,95.93821412776124,94.77637624616072,94.9227523803711,3320800
2020-12-24,95.83757577661615,97.28300161606305,95.75523746181094,96.94451904296875,3172100
2020-12-28,98.43570014504546,98.95715293164545,96.9262293481723,97.10919952392578,5157000
2020-12-29,97.88678458162643,98.02401044191264,96.25838872120968,96.56942749023438,4602400
2020-12-30,98.52718459372397,100.35684452660351,98.25273979155128,99.62498474121094,9571800
2020-12-31,100.32023345509468,100.32937672725924,99.20414004647547,99.75303649902344,4909500
2021-01-04,101.97606311892083,104.38206260739422,101.04293295895877,102.18647003173828,11262100
2021-01-05,102.8360195660364,105.15968107978831,102.4700862558181,103.16535186767578,10583600
2021-01-06,104.15337111188973,106.47703963648434,102.96409656218529,105.76347351074219,10609300
2021-01-07,109.1757708900852,112.46916332867322,107.57481894672581,111.0877685546875,13556100
2021-01-08,115.18621821153923,115.53385100701948,107.01678819117751,108.58114624023438,18976800
2021-01-11,109.54172061864573,113.07296427983232,108.68178533455199,112.15813446044922,12006800
2021-01-12,114.50009102497545,114.53667807170451,111.31648053058917,112.52405548095703,14163200
2021-01-13,113.8048413485295,114.17077470571155,107.94992857241127,109.0751724243164,20650500
2021-01-14,112.93573224920779,123.18182287543064,111.30733637628711,115.68022155761719,37125400
2021-01-15,117.52818695362376,117.59221778162195,112.716180192751,114.56414031982422,17343100
2021-01-19,119.46759891011665,122.63291559524056,117.50072077482821,120.11713409423828,20443800
2021-01-20,123.67582147183249,124.53576356834095,119.01934194665398,119.51334381103516,17360700
2021-01-21,121.90106783655261,123.86794627425255,121.06856938892555,122.73356628417969,15460100
2021-01-22,118.96446215461178,120.07141236493626,117.83922539873785,118.14112091064453,19163200
2021-01-25,120.60202753706672,120.91306635323343,116.50358650911718,119.40360260009766,20469300
2021-01-26,118.05879027594546,118.30579823427375,115.49726400517967,115.86319732666016,17084600
2021-01-27,114.30797880899908,114.44520467262664,111.15181884355198,111.37137603759766,16732700
2021-01-28,113.89631933105315,116.71399701852329,113.05467752194326,115.11304473876953,14148100
2021-01-29,113.43890133702129,113.76824064120628,110.28274114811266,111.17012023925781,15169200
2021-02-01,113.93288829284198,116.04614260362773,112.87168252214315,115.87232971191406,10179900
2021-02-02,118.44299054321685,119.15655652119574,116.59503082525487,117.50071716308594,9302400
2021-02-03,118.01305290670956,118.14112852979086,115.32345086280621,116.64080810546875,9676600
2021-02-04,116.64079409766434,117.28117213616561,115.24110568522792,117.23542785644531,7445100
2021-02-05,117.82093821257165,117.90328351363281,115.90894704689134,116.89696502685547,6226800
2021-02-08,117.73859599203949,121.90107449846013,117.73859599203949,121.26069641113281,11160000
2021-02-09,122.56888965665074,122.96227371967919,120.52882316180343,121.37960815429688,7929100
2021-02-10,122.69698191257079,124.41686659419817,121.22410521290396,122.3036117553711,12196300
2021-02-11,123.86794744039341,127.37174719586747,122.64207887736339,127.3077163696289,12347900
2021-02-12,127.08817644357579,127.90237455009147,125.47808073833059,126.30142211914062,11114100
2021-02-16,129.5490345664544,130.08878074004411,127.5455552870283,128.1219024658203,11833600
2021-02-17,127.3534660541615,127.74683617841701,124.50834474062754,124.66386413574219,12311200
2021-02-18,123.3647997373732,124.30707328121093,122.03828540707468,123.16353607177734,11614600
2021-02-19,124.55407300477793,126.20076945404789,124.16070288702753,125.02064514160156,10771900
2021-02-22,122.21211131369772,123.75817593044611,121.83702774032896,122.1938247680664,10363800
2021-02-23,118.1045150756836,120.51966482760943,114.701340633029,118.1045150756836,18444700
2021-02-24,118.47960699259465,121.10517811322676,116.80547369780884,121.03199005126953,12782900
2021-02-25,120.31842705078094,120.33671359735308,115.01241107292599,115.26856231689453,13581200
2021-02-26,114.74710366456561,116.5401692595687,112.36854754791243,115.21366882324219,17281000
2021-03-01,118.58938049498704,119.20231472930901,116.4029310535695,118.13196563720703,9714900
2021-03-02,117.4915921754492,117.57393747180726,115.26856231689453,115.26856231689453,8274500
2021-03-03,115.9272390052192,116.87866288099714,112.2587693746943,112.4234390258789,10660300
2021-03-04,111.56350463281125,112.66130471158769,103.82404443868987,105.74518585205078,24454200
2021-03-05,110.60294094850624,110.96887431978604,105.55307577996186,110.51145935058594,17448700
2021-03-08,110.27356400050711,110.69438479108697,104.01612572672839,104.2265396118164,17246900
2021-03-09,107.0991149889866,108.31584019109648,105.50731323125001,106.46788024902344,17717100
2021-03-10,107.76695387457227,107.97736082125256,103.75085158698761,104.13507843017578,15240300
2021-03-11,108.16946030691157,110.51142905327973,107.09911124752895,110.31016540527344,15091600
2021-03-12,108.86476630900736,108.86476630900736,107.29125764562036,108.2243881225586,8171000
2021-03-15,108.5445577800786,108.96537865290796,106.76978572456552,108.93793487548828,8935000
2021-03-16,109.52341075999621,110.92309905818047,108.04138416095584,109.18492126464844,10793400
2021-03-17,108.12708111550792,109.75242778726178,105.95994754923927,109.0545425415039,9890400
2021-03-18,108.35663774648609,108.65967070295447,104.77535764012673,105.14266967773438,10283800
2021-03-19,105.03248805326216,105.50081113917798,103.95810597900996,104.34378051757812,11536000
2021-03-22,105.40897242658421,108.65967245201152,105.40897242658421,107.60365295410156,9376400
2021-03-23,106.61192267382744,107.2088039255556,105.25287709126302,105.50080871582031,8977400
2021-03-24,103.27858070285995,105.31715608068818,99.95441655464596,100.05542755126953,24196100
2021-03-25,99.17389259110823,103.5357073115505,99.07288158447895,101.42366790771484,16772400
2021-03-26,102.84699267274401,107.16289045575992,102.11236849415197,107.03433227539062,12910900
2021-03-29,107.02515279909666,107.21799006649145,103.20511834243224,105.04167175292969,10863600
2021-03-30,105.85892917124072,106.60273100236506,104.9498372658782,105.66609191894531,8206200
2021-03-31,106.32725498688472,108.68722571585245,106.11604827311712,108.61376190185547,9806500
2021-04-01,112.77356118167215,114.67439370240342,111.69917910601869,114.60093688964844,17904000
2021-04-05,116.68542566549044,116.98845867264781,112.6541913168432,114.32545471191406,14113900
2021-04-06,113.86630913279134,113.87549386130753,111.60734932457403,112.43379974365234,13042300
2021-04-07,112.43380200365642,112.58990736209374,110.04627696590687,110.09219360351562,11193200
2021-04-08,111.46041042944121,113.70100756012141,111.46041042944121,113.34288024902344,10226700
2021-04-09,112.71846477139587,113.35207793541892,111.75427143535171,112.7643814086914,8315200
2021-04-12,112.22259354338935,112.45216271609227,109.4953106507354,111.0196533203125,9868400
2021-04-13,112.39707800987765,112.8562163947171,110.51460782967757,111.35942077636719,8384800
2021-04-14,112.02056574449276,112.42460970939493,110.65233550774873,110.96454620361328,9521900
2021-04-15,111.75427275616224,112.02975857140085,107.03433102928139,108.67804718017578,18709100
2021-04-16,109.4494084497641,110.74417502863903,108.21891395747818,109.12800598144531,9512100
2021-04-19,108.35664166221893,109.16472256944222,105.78546431194401,105.96912384033203,12630300
2021-04-20,106.56601051697363,107.23634856378591,105.18859550989114,105.55590057373047,9299200
2021-04-21,105.14269053649005,107.88833612684014,104.47234540942745,107.80569458007812,8472200
2021-04-22,107.89751150214587,107.89751150214587,105.06003988164254,105.89566802978516,7411800
2021-04-23,107.05270336552789,109.01781501644757,106.45582208705703,108.94435119628906,8380300
2021-04-26,110.1932116593877,111.60735871639066,109.64224700226991,111.5889892578125,8444000
2021-04-27,111.57062751598747,111.70837043261847,110.09220135633277,111.35942077636719,5491800
2021-04-28,110.1931844757702,110.57885894002084,109.02697635599499,109.88097381591797,6476500
2021-04-29,110.85437112095933,110.95538212460528,107.99852984892331,109.36676025390625,8831800
2021-04-30,108.36585389884999,108.52195928318625,107.11699681236699,107.19963836669922,7950700
2021-05-03,107.8699739422952,107.94343776575249,106.27217431452617,106.46501159667969,10229500
2021-05-04,105.60181577737089,106.35480235746068,104.44478522546389,105.9323959350586,9638300
2021-05-05,106.5200862760361,106.9700398512413,105.46406677815511,105.95075225830078,7059000
2021-05-06,105.87733229778061,108.02609694032117,105.1059760374015,107.43840026855469,8581700
2021-05-07,108.72397426057017,109.66061351173083,106.56602518692192,107.28227996826172,9614300
2021-05-10,105.58345691928746,105.95076199064262,103.0581960212973,103.13165283203125,12281200
2021-05-11,100.76249905949933,103.75607586966784,100.21152746930875,103.62751770019531,10007700
2021-05-12,100.41355699753221,101.09307980236571,99.22897919903477,99.3667221069336,15058900
2021-05-13,100.42274397148097,102.32357652647549,99.08206078347526,99.86259460449219,10552000
2021-05-14,101.57058347511878,103.60915881241239,101.23081858360484,103.26939392089844,8425200
2021-05-17,100.15645232517451,101.03799723032921,99.05452294520518,100.82679748535156,10688600
2021-05-18,103.76526505332454,104.20604094322455,101.68995779060742,101.78178405761719,7476600
2021-05-19,99.63302154631941,103.29694360282373,99.1738831981797,103.21430206298828,7280500
2021-05-20,103.20510379278235,104.42641332000024,102.93880274509539,104.02236938476562,6442500
2021-05-21,104.68354778514615,104.68354778514615,102.56233076928106,102.7092514038086,5979400
2021-05-24,103.085745902835,105.17941569037117,102.95718772331227,104.34378051757812,6653600
2021-05-25,105.46407600019096,105.5467245450076,104.31623014253564,104.94065856933594,5331700
2021-05-26,104.6835499467521,106.52010345458984,104.6835499467521,106.52010345458984,6605100
2021-05-27,106.52011331071381,107.0067989143797,105.60183647182835,106.30890655517578,6513700
2021-05-28,106.79560306135238,108.2097432796445,106.47420055129852,107.76897430419922,5386500
2021-06-01,109.92689559491501,110.2299285671472,107.83322597930135,108.82496643066406,7596100
2021-06-02,109.18309427762689,109.68814222784987,108.28318008469745,109.22900390625,5383400
2021-06-03,108.40256229050802,108.59539954800064,106.94249876107114,107.27307891845703,4912200
2021-06-04,108.56786250409175,110.05546634530232,108.40257240996885,109.74325561523438,5352100
2021-06-07,108.48520622825677,109.04535556256555,107.96178880179225,108.55867004394531,6266000
2021-06-08,107.94342787600291,108.06280132376219,105.6569138701814,106.4466323852539,11564800
2021-06-09,106.520111854365,108.03527001898995,106.49256467051846,107.5577621459961,6401600
2021-06-10,107.47508966566373,109.13716800112869,107.09859291238483,108.57701873779297,8566600
2021-06-11,108.62295169630934,108.74232514520091,107.58530154731125,108.58621978759766,6036600
2021-06-14,108.86170455904842,111.11147965043891,108.7790560137636,111.102294921875,7610300
2021-06-15,110.51460661271919,112.02976466718401,109.52286603097178,109.68815612792969,8196900
2021-06-16,109.77999997996086,110.10139547557925,107.897529639216,108.37503051757812,8059400
2021-06-17,108.47732498217313,110.83712857154251,108.39435940107559,109.80471801757812,7608100
2021-06-18,108.32064154620994,108.67092276081084,106.20050026805883,106.73514556884766,12532800
2021-06-21,106.35719382277725,106.37563374593601,104.18174705286846,105.21416473388672,11116200
2021-06-22,104.6242100844138,105.53678933095253,103.250731233979,105.3893051147461,11792400
2021-06-23,107.11306436382421,108.23766051450505,106.75356323798621,106.97480010986328,8913700
2021-06-24,107.59240669407659,108.468113144937,107.17759282306116,108.07173919677734,6772200
2021-06-25,108.26533585789849,108.70780266080726,107.41728210449219,107.41728210449219,6712800
2021-06-28,108.11782723448056,110.5698094091298,108.01642876152596,110.25640106201172,11026600
2021-06-29,110.06283914907834,110.8832399733147,109.15947272980438,110.82793426513672,7874900
2021-06-30,110.76341247558594,111.31649067505634,109.70334182415132,110.76341247558594,7936400
2021-07-01,110.70808494644204,110.80948342329202,108.7999608418186,109.15946197509766,8295600
2021-07-02,109.46366901171145,109.86004299975941,109.15026061932363,109.61116027832031,5144300
2021-07-06,110.47763849416788,111.50083622232809,108.97510825134538,110.66200256347656,7181500
2021-07-07,111.20585371278143,111.58379475638984,108.96588139989548,109.00275421142578,7391800
2021-07-08,106.80886756310514,109.030399806,106.35718092649549,108.6524658203125,7565400
2021-07-09,108.77230686670835,111.34412750859087,108.42202569842627,111.13211059570312,8374200
2021-07-12,111.71287393275315,113.13244588313584,110.17346355682626,113.0402603149414,10668700
2021-07-13,113.55645323907804,115.66737439118383,112.57934123991055,114.21092987060547,13460200
2021-07-14,115.36315931533302,115.94389021927353,114.36761459477583,114.66259002685547,10587700
2021-07-15,110.7265136894214,111.26115183828487,107.73066652606575,108.33905029296875,23734500
2021-07-16,109.46365096725681,109.68488079793097,106.16360826496873,106.68903350830078,12110000
2021-07-19,105.08511646318858,106.57843380788384,104.37533412184737,106.32954406738281,9230200
2021-07-20,106.81809240710241,107.73067870981929,105.48148633462702,107.29743194580078,7108000
2021-07-21,107.140715812024,108.6524658203125,106.8641732603352,108.6524658203125,5564700
2021-07-22,108.85527519470382,108.85527519470382,107.12229505470498,107.4449234008789,5746500
2021-07-23,108.44967688782019,108.44967688782019,106.31110303299381,107.65692901611328,5773900
2021-07-26,106.7351304272012,107.0208859292912,105.88707684935554,106.6060791015625,6440600
2021-07-27,106.30188856565546,106.37563419306032,103.28760813137521,104.66108703613281,11127500
2021-07-28,105.02979589880138,106.47702026228484,104.97448316830956,106.07142639160156,6819700
2021-07-29,106.92872240716032,107.95192022729879,106.56922123065446,107.0669937133789,7162000
2021-07-30,106.46780338584473,108.23765609192657,106.18204789564169,107.5186538696289,6482600
2021-08-02,108.31140937884089,109.12259016834905,107.53710140241537,107.7214584350586,6028800
2021-08-03,108.13625337088456,109.36224789803332,107.70300665581927,109.15023803710938,5874700
2021-08-04,109.16867413908136,110.20109172382696,109.03040285936471,109.45442962646484,4254000
2021-08-05,109.75863270232382,109.91533688165664,108.99353766284725,109.89690399169922,4452300
2021-08-06,109.11338787314943,109.32539777807327,108.26532715514206,108.96589660644531,4338100
2021-08-09,109.15945467486445,109.50052289534756,108.1454770069461,108.97509765625,4280200
2021-08-10,109.23320887375424,109.74020126391342,105.15885796058956,107.26055908203125,5132800
2021-08-11,107.38960655963501,108.11782876993745,106.1912647892093,106.91948699951172,4490400
2021-08-12,106.51391163491732,106.88262572768596,105.49071385211214,106.65217590332031,6338400
2021-08-13,106.07143003133719,106.48623684402838,105.536784825776,106.46780395507812,4593200
2021-08-16,106.09907923907011,106.44936741202628,105.1772801022706,105.66583251953125,5435900
2021-08-17,104.83623636190237,104.94684777574592,102.0892713828698,102.4211196899414,13398800
2021-08-18,103.00185081120505,104.16331988708635,101.74820321277423,101.81272888183594,9167300
2021-08-19,100.47610384785335,102.29204923530074,99.25932929357545,101.87723541259766,12146900
2021-08-20,100.60517204395757,101.13059734800272,99.30543872669654,99.6649398803711,13042000
2021-08-23,101.4716561615496,102.62390514494446,100.72499403802635,102.2828369140625,9533500
2021-08-24,103.07559575943426,104.22784486559534,103.05716286815468,103.3429183959961,6719800
2021-08-25,106.66139900101538,109.86004378248519,106.56922047511343,107.878173828125,22106800
2021-08-26,108.75386766704358,109.19632732417378,107.2513305397499,108.8644790649414,9892100
2021-08-27,109.07649955167929,109.97064588885432,108.48654863426333,109.22398376464844,6827700
2021-08-30,109.58349226698684,110.15501033356914,109.20555823166946,109.68489074707031,6434200
2021-08-31,110.62512255252,111.35334475517949,109.41756083361315,109.70332336425781,8424900
2021-09-01,110.81871002343162,111.86956063485702,110.21031912588515,111.0399398803711,8603900
2021-09-02,111.48241040167885,111.8972172765815,111.03994364004818,111.3441390991211,6866400
2021-09-03,112.07235954554423,114.74557889737939,111.77738405358267,114.27545928955078,10361400
2021-09-07,114.8746180378352,115.48300184856886,114.20170153209084,114.94835662841797,9739900
2021-09-08,113.35363799109852,113.51034215236133,111.74970950449939,112.35809326171875,7983300
2021-09-09,112.63464695845211,113.83298170368388,112.34888442300169,113.0863265991211,5101300
2021-09-10,113.3997157986601,114.61649026079647,113.27988445420823,113.35363006591797,5163900
2021-09-13,113.3259960858715,114.39527950259928,112.64385961314935,113.95281982421875,6622800
2021-09-14,113.9620363444597,113.9620363444597,112.82822722920098,113.46426391601562,5110500
2021-09-15,112.83745216271254,112.92041072139034,111.42709337025708,111.99861145019531,5566500
2021-09-16,111.07024695956409,112.11615590957045,110.46861504286856,111.80146026611328,7301400
2021-09-17,111.2461013279523,111.50526408642341,108.93213803923814,108.9876708984375,10722700
2021-09-20,106.62744269567203,107.37717172391342,105.10023232843008,106.1646499633789,8991000
2021-09-21,107.0439525089472,107.24758242602582,106.02580998521032,106.4052963256836,8182200
2021-09-22,106.65520739836835,107.59004355613644,106.35902035658573,107.2475814819336,5345600
2021-09-23,108.26573299884147,108.26573299884147,106.98842053735171,107.54377746582031,5484700
2021-09-24,107.36790215268475,107.88622769645058,106.93287590202875,107.0346908569336,4455900
2021-09-27,107.09022672256665,107.89548855349311,106.45157760584469,107.50674438476562,5198800
2021-09-28,105.82217843738967,106.47934321132603,103.52672358249902,103.57300567626953,9792300
2021-09-29,103.94323343913467,104.45230112411785,102.75847830710784,103.31383514404297,6522400
2021-09-30,104.06356158606837,104.9150984165695,103.34160614013672,103.34160614013672,6433400
2021-10-01,103.66555294099625,103.94323135389321,102.09206076566115,103.25829315185547,5315200
2021-10-04,102.73998809892797,103.13799013709279,100.44453300544455,100.9073257446289,8514500
2021-10-05,101.629264827045,102.13833248532798,101.09242367904757,101.12944793701172,8039600
2021-10-06,100.37047767415518,101.37010448589857,99.57447370774351,101.20349884033203,7553600
2021-10-07,102.73997415794767,103.39713891101873,102.26792365076913,102.58262634277344,7821900
2021-10-08,102.72148546020249,102.80478476849653,101.36087359814218,101.85143280029297,5143400
2021-10-11,101.8884556643835,103.3971575187206,101.72184998843498,102.05506134033203,5318500
2021-10-12,102.2494108788061,102.76773639548085,100.48153953754604,101.07391357421875,9294600
2021-10-13,101.18499343844097,101.86067387283146,100.84252430571483,101.79588317871094,7845100
2021-10-14,105.6463179362683,106.2016677689057,102.88807737411823,104.18389129638672,16930500
2021-10-15,106.23868798659058,106.39603580520836,104.55412289014107,106.31273651123047,11558800
2021-10-18,104.97990423226443,106.76628450449645,104.97990423226443,106.75702667236328,6773800
2021-10-19,107.18277165172276,108.27496249736625,107.0254167969497,108.2564468383789,5406100
2021-10-20,108.18243236934367,108.32127160882028,106.95140900218226,106.9884262084961,8205800
2021-10-21,106.45157389429514,107.6918548831789,106.08133833913453,107.63632202148438,4640300
2021-10-22,107.59005119473214,108.43233734745975,105.72962951660156,105.72962951660156,6283000
2021-10-25,105.88697197202562,106.02581119540542,104.69296594960934,105.18352508544922,6667700
2021-10-26,106.38678118589624,106.71999247306134,105.25756594179848,105.68333435058594,4852300
2021-10-27,105.54451743421237,106.49786940546971,105.24833034545613,105.28535461425781,5394500
2021-10-28,105.20203494454904,107.38640988781943,105.09096215964139,107.37715911865234,5714300
2021-10-29,105.58152859589998,105.69260138851622,104.79478240108993,105.23905944824219,7118900
2021-11-01,105.1279830641533,105.83142282780412,104.91509533195921,105.62779998779297,4955700
2021-11-02,105.13723719260601,106.25720168756096,105.0909621618021,105.61854553222656,4479700
2021-11-03,104.9983947695528,105.6092773726727,104.3412300784996,105.5259780883789,6073000
2021-11-04,104.93361090573269,109.080229209904,104.04504984055312,109.02469635009766,14682800
2021-11-05,109.37642049943453,110.63521715630367,107.59929829973314,109.0339584350586,8668100
2021-11-08,109.5800499357138,113.15280998145118,108.33976894596182,111.91252899169922,15776300
2021-11-09,112.22721437258159,114.09689351726867,111.22758058275433,112.7177734375,10874100
2021-11-10,110.70001873908183,111.81072551940099,108.92289636455907,109.4041976928711,9046100
2021-11-11,110.38531165747331,111.50526909208915,109.03395788359828,109.39493560791016,6994000
2021-11-12,109.58004862213112,109.97805060364657,108.54339049171381,109.85772705078125,6947200
2021-11-15,110.44083870546994,110.73702572166395,108.76553155715273,109.33013916015625,5157000
2021-11-16,108.93216642390657,109.57081565607999,108.44160720873806,109.29314422607422,5555100
2021-11-17,109.21906948811157,110.65372958147363,108.76553465139911,110.20018768310547,6391400
2021-11-18,111.04248446842725,114.36533275162904,110.88513664111461,114.2079849243164,13229700
2021-11-19,112.94917857209013,115.51305393343877,112.93992074137229,115.01323699951172,9071800
2021-11-22,114.30980738943707,118.55824137569212,114.04138675140719,115.46678924560547,16076100
2021-11-23,113.58784490430803,114.03212195541713,110.62596729640303,112.32904815673828,10984000
2021-11-24,111.0702521808496,111.87551405135707,109.58931689743622,111.7274169921875,6992600
2021-11-26,108.75628631765233,110.18168870487392,107.84920950336355,108.37679290771484,6766900
2021-11-29,109.55230213223332,110.95918900805704,109.12653364268591,110.40383911132812,7634000
2021-11-30,109.311638236684,111.22759980073309,107.14577171282697,108.43233489990234,10561800
2021-12-01,110.34830186576679,114.31906441553951,110.34830186576679,111.65337371826172,12924400
2021-12-02,111.39421403324971,114.21725264610545,111.0887691220246,112.64375305175781,8425500
2021-12-03,111.99582963094906,112.78257578214107,109.20056492414821,110.45010375976562,7809000
2021-12-06,110.04284986115196,110.60745753147526,107.90474980374636,110.27424621582031,5681200
2021-12-07,111.57008726750698,113.45828270837711,111.31092443356242,113.2176284790039,7459200
2021-12-08,112.57895796973719,113.12505706810832,111.1720711650176,112.73631286621094,5795700
2021-12-09,112.16244384282314,113.00472292071987,110.5982021903137,110.60746002197266,6103900
2021-12-10,111.07023827112653,111.80145152047677,109.4412061325531,110.26497650146484,5973900
2021-12-13,110.01507572580705,110.17242354116739,107.72887877188559,107.75664520263672,5854300
2021-12-14,106.84957588030301,108.274978177595,106.67371240272915,107.63632202148438,6267300
2021-12-15,108.09911924869336,111.54229805175652,107.81219003565681,111.44048309326172,6700700
2021-12-16,111.84569264332073,112.22675583901972,107.94215614613643,108.34180450439453,9116100
2021-12-17,108.08158525944408,109.19687953626435,107.74699555822438,108.10946655273438,11725600
2021-12-20,107.73768036419001,108.3882744862584,105.869563135654,106.82685852050781,6980800
2021-12-21,107.87709079667823,109.20615320010997,106.95697285303059,109.150390625,6122900
2021-12-22,108.66711416699223,112.86807061587169,108.58347028675507,112.73795318603516,9300100
2021-12-23,112.4219322093145,113.19334763830499,111.3809858319707,112.16169738769531,6512500
2021-12-27,112.663586904045,114.55959266313086,112.64499464974573,114.03911590576172,6309900
2021-12-28,114.67112428125506,114.93136622002451,113.26771390994709,113.44429779052734,6321000
2021-12-29,113.20266571552658,114.45737361497926,112.43125013695527,112.84019470214844,5847700
2021-12-30,112.45913648836236,112.97031721783878,111.70631313301413,111.92007446289062,4187800
2021-12-31,112.78440928575755,113.15617637580226,111.73417381543364,111.81781768798828,3888200
2022-01-03,115.36817987973055,120.44278046346061,115.24735858876107,119.70854949951172,18592000
2022-01-04,121.63245423508752,125.93564731240554,121.10269541794493,123.98387145996094,25554900
2022-01-05,121.48372437556124,121.64172307221581,117.92405954693383,118.09135437011719,17891200
2022-01-06,118.03560023802143,119.8944285882265,116.00018092546932,119.40184020996094,16249000
2022-01-07,117.6173621398097,118.16571307826413,114.6060552236922,114.78264617919922,21248100
2022-01-10,116.27900567129213,116.98536241557964,114.55959090017262,116.18606567382812,11857700
2022-01-11,117.60805748455543,120.40559582583253,116.6414659990774,120.05241394042969,12113100
2022-01-12,121.28854843595389,123.53772901165536,121.0283136044998,122.89643096923828,16389200
2022-01-13,130.81508817845645,134.76509972203328,129.11425797670756,129.36520385742188,52020000
2022-01-14,126.48397000512938,133.72411427472892,126.48397000512938,130.7313995361328,28255300
2022-01-18,127.09739459572305,127.4970359031237,123.8816151542881,124.38350677490234,15191400
2022-01-19,125.11775973293526,126.30740900893697,121.69752160986484,121.7625732421875,11155100
2022-01-20,122.60831431789877,123.37972977271146,119.15089250724336,119.27172088623047,11421900
2022-01-21,118.10996119304964,118.94643541215267,115.49830240391307,115.73995208740234,15573700
2022-01-24,115.03359607114243,117.17125163544937,111.65052884285807,117.06901550292969,17083400
2022-01-25,116.63217179955228,116.93888015008966,113.10969155869583,113.83464050292969,11370500
2022-01-26,116.529951910192,117.72889710036193,113.2862982801019,114.39230346679688,13592100
2022-01-27,115.24736093284461,115.3774783537252,107.83992861576732,108.16522216796875,18599800
2022-01-28,110.33076490261807,111.15794301886842,106.12981560742081,109.30841064453125,14005900
2022-01-31,111.08359621977006,114.10419275469471,110.42371290458304,113.97407531738281,10189100
2022-02-01,114.2249968640977,114.54099426155244,111.62263448951991,114.36441040039062,6956300
2022-02-02,117.31997087127233,117.54302831908838,113.89972594432976,115.38678741455078,8562900
2022-02-03,112.8773541653415,115.13583100322984,110.8326457180022,111.38099670410156,9926800
2022-02-04,111.93864445241843,113.23052957623874,110.96275674150732,112.47769927978516,5743200
2022-02-07,113.90899691103232,115.34029556495018,113.27699500009284,113.67664337158203,6562900
2022-02-08,113.38853908410385,115.11725016527849,113.02606809200608,114.97783660888672,7036200
2022-02-09,116.06525537061015,116.6879683414176,114.09490159040072,116.66007995605469,10979700
2022-02-10,115.9909004198461,119.57843996686158,115.58195588364705,115.9072494506836,10474900
2022-02-11,116.64148999090412,117.64525909661825,111.94794512703444,112.46842193603516,9845700
2022-02-14,111.4832357044478,112.97030416718194,109.67088076543398,111.3159408569336,8081800
2022-02-15,113.40710890351448,115.81429518493725,112.88663926033855,115.73064422607422,9248700
2022-02-16,114.4480578055005,115.51688549563013,112.9888778743776,114.8755874633789,5749500
2022-02-17,113.84395289104653,114.08560258869379,111.20441974597169,111.30665588378906,7976700
2022-02-18,112.01300287303516,112.17100868541725,110.08911564915624,110.88841247558594,8389000
2022-02-22,109.20618031839457,110.93489148474671,107.55182399789742,108.65782928466797,9793500
2022-02-23,110.1820498575094,110.99993175337269,107.58898353896262,107.71910095214844,8114700
2022-02-24,100.3767322555029,104.0758038419374,97.01225034385614,103.98285675048828,27539100
2022-02-25,104.36391512732327,105.02379831895423,101.6407314005511,103.37873840332031,14258900
2022-02-28,101.65004522199538,102.02180527178133,97.58850215118122,99.45662689208984,26390800
2022-03-01,102.23555728471233,103.26720756640017,99.49378835751469,100.42320251464844,20377900
2022-03-02,100.74847966684679,102.20765937260715,100.24659525271146,101.8730697631836,13342400
2022-03-03,102.1519159782877,102.23555985091298,100.00496439962866,101.11096954345703,10841700
2022-03-04,99.44730692388266,100.48825325000355,96.48247372875684,97.64424133300781,22372100
2022-03-07,95.99918890706361,96.74271597643644,92.06776391199676,92.28153228759766,29422900
2022-03-08,93.13660528846958,95.83190815165057,91.65883996878925,92.9414291381836,25650000
2022-03-09,97.13307765944302,98.2576679631226,95.50660284909473,97.5420150756836,14348400
2022-03-10,96.83567850490074,98.08109026738433,95.28355122973053,96.62191009521484,11811000
2022-03-11,97.92306720909902,97.92306720909902,94.14964834524328,94.25188446044922,18116400
2022-03-14,94.3541260787782,94.67013059273914,92.0770641344223,92.29083251953125,17959400
2022-03-15,91.11049099991288,94.93038468839629,90.72943478942811,94.8839111328125,13415600
2022-03-16,96.18200437977418,98.79691758856735,96.01390271456512,98.70352935791016,20347100
2022-03-17,98.75956396816503,99.4880021652247,97.82566738217766,99.45064544677734,8042000
2022-03-18,98.72219832937907,99.9642823865258,97.95640348306772,99.66543579101562,10218200
2022-03-21,99.6654421656888,100.13239044635634,98.18054292813208,99.85221862792969,10366100
2022-03-22,99.35726779244824,100.82348530356413,99.20784802781456,99.96430206298828,10401200
2022-03-23,99.45998406046738,101.03827153356049,98.38600158691406,98.38600158691406,12905300
2022-03-24,99.72146847001527,100.84214856011353,98.83426963311932,100.7861099243164,10834000
2022-03-25,100.57132932927256,100.84216020419208,98.84361488150785,99.67478942871094,7432100
2022-03-28,98.6381580468148,99.66544284628544,97.6949205184069,99.30122375488281,8151200
2022-03-29,100.78611411878869,102.50448747842788,99.73081358071221,102.0281982421875,14076200
2022-03-30,100.6647175662979,102.11225305285505,99.46933103221573,99.67478942871094,15456300
2022-03-31,99.8895829376002,100.06702557776147,97.30269240111156,97.3680648803711,13021600
2022-04-01,98.77824733548981,98.94634902055574,95.45357748092604,95.9952392578125,12085100
2022-04-04,97.14393265253882,98.59147540326461,96.45285108206234,97.863037109375,9077200
2022-04-05,97.57352182071871,97.68558485487918,95.36018427019461,95.72440338134766,12291000
2022-04-06,93.7818900676491,95.38819327754187,93.12816533109519,94.49165344238281,14902600
2022-04-07,93.78189405341595,94.53835513793851,93.06279681264473,93.87528228759766,12431000
2022-04-08,93.9686694572396,94.04337576303479,92.56782469140454,92.7265853881836,11796200
2022-04-11,91.72733457004394,91.87675433628621,90.50393217898653,91.12030029296875,12480500
2022-04-12,93.38964344169621,93.52972933187162,90.99887084960938,90.99887084960938,13291500
2022-04-13,93.20287559142456,95.4629034609098,92.92270378526209,94.79049682617188,15776800
2022-04-14,97.12523857370968,97.59218683608329,91.83004698840861,91.85806274414062,17828500
2022-04-18,91.47517184704762,93.24023590366276,91.02690545572055,92.240966796875,10277400
2022-04-19,91.9327918184294,92.87602233886719,91.25104410433647,92.87602233886719,10103000
2022-04-20,93.76321883639912,94.3235553640437,92.3623739547549,92.46510314941406,8596900
2022-04-21,93.15617839142433,93.99668668914192,90.97086394242365,91.20433807373047,13038500
2022-04-22,90.61599129805383,91.32575475089907,89.05638559416091,89.35523223876953,11650100
2022-04-25,88.7668571968424,89.9155457985643,88.20651364715305,89.87818908691406,10654400
2022-04-26,88.66413401714352,88.73884032043193,86.6375732421875,86.6375732421875,14176000
2022-04-27,85.76906167317327,86.56287949571305,84.2561537174162,84.29351043701172,15846300
2022-04-28,86.0679149466187,89.84085097872466,85.71302967498701,88.9256362915039,15176200
2022-04-29,87.0204690399926,89.27115571593714,86.63756808626842,86.78699493408203,10629300
2022-05-02,86.38543731214875,88.03843119379552,85.20872557644593,87.56214904785156,8251900
2022-05-03,86.6469317495907,87.83298450843344,86.39478278416505,87.44074249267578,9511900
2022-05-04,87.70223763092423,89.7194506855058,85.84377817141579,89.64473724365234,9082500
2022-05-05,87.82362703372436,88.1411484212301,85.19003920915677,86.05856323242188,11517200
2022-05-06,85.35812957802898,86.74029221454096,84.30282212069152,85.57292175292969,7944900
2022-05-09,83.99466122162734,84.22813536811834,81.25834393975006,81.5291748046875,11428600
2022-05-10,84.06937307821607,84.3215291630939,82.26695226342491,82.94869995117188,11690400
2022-05-11,82.9953927152088,84.5830140719488,81.99612364654091,82.02413940429688,11531300
2022-05-12,80.52057284083045,82.37902523788604,79.74543688688415,81.89340209960938,11592900
2022-05-13,82.99537969708713,85.32077985193787,82.33231407562626,84.94721984863281,11180600
2022-05-16,83.92928115478793,85.33012590703724,83.58373688420974,84.43358612060547,6729100
2022-05-17,87.13256268930884,87.30999821263966,86.26403849594037,87.15123748779297,7668800
2022-05-18,85.98385585190276,87.06717927974131,84.39623455255624,84.545654296875,9610900
2022-05-19,83.90126660818655,86.01187490622999,83.63977670180455,84.24681091308594,7739000
2022-05-20,86.88975289884198,86.88975289884198,82.95804850767047,84.77914428710938,10469900
2022-05-23,85.00324940843676,85.83442378115886,84.65771229147194,85.45152282714844,6920500
2022-05-24,83.60242154705959,83.86391858339924,82.66852493532937,82.85530853271484,8788600
2022-05-25,83.42497618897038,84.90986820632354,83.15414534852773,84.43358612060547,9113500
2022-05-26,83.49969648362067,85.33013292203228,83.15415218463527,84.98458862304688,9762700
2022-05-27,86.49751949439643,87.618192743649,86.41346508191577,87.57149505615234,6279000
2022-05-31,89.2244688492584,89.92489119587435,88.26255663324949,89.00033569335938,9621700
2022-06-01,89.28050494454507,89.99026828727104,87.62751125662261,88.4866943359375,6152400
2022-06-02,87.77694016111795,89.99961864744581,87.43140297631723,89.97159576416016,6335000
2022-06-03,88.1224978433327,88.32795626821124,86.75900944421758,87.57149505615234,9137100
2022-06-06,88.72017255820455,89.22447755196428,86.73097546481777,86.95510864257812,9440200
2022-06-07,86.54419873525988,87.655538001683,85.70369034574097,87.63685607910156,7360200
2022-06-08,87.78627721139797,88.65480130285378,86.98312559456507,87.29131317138672,6446300
2022-06-09,86.85239224981149,87.31934059524059,84.79782237994999,84.84451293945312,8086700
2022-06-10,84.55499556269612,84.72309722882734,82.7712497095779,82.81794738769531,10460400
2022-06-13,80.37113378895495,81.09023811332922,79.39988053432204,79.89485168457031,14603700
2022-06-14,81.00617968169504,82.07082111205249,80.5859291105252,81.42643737792969,10449600
2022-06-15,81.72528946861007,83.8732472686396,81.5945445210024,83.23819732666016,11742500
2022-06-16,80.00586908581228,80.67242732319431,78.85112271007495,79.34869384765625,10505200
2022-06-17,79.79931640625,80.36260426601066,78.81355727972354,79.79931640625,9735500
2022-06-21,80.73814056863779,82.38106784765077,80.73814056863779,81.63001251220703,9604000
2022-06-22,79.46135950241116,80.9071365258657,79.3768695282784,79.71484375,7868700
2022-06-23,78.98255041795782,79.07643770395444,77.69637768589796,78.9731674194336,10370300
2022-06-24,79.00133211456652,81.25449092839158,79.00133211456652,80.66303253173828,10670100
2022-06-27,81.60184691542594,81.67695387939514,80.34383750061616,80.60670471191406,7358000
2022-06-28,80.8789638330084,81.498578392665,79.17970275878906,79.17970275878906,8289200
2022-06-29,79.26418866167805,79.43317572903612,78.23149310008692,78.53191375732422,7981300
2022-06-30,76.4759039820139,77.18940571353511,75.2178947452779,76.74816131591797,14201600
2022-07-01,74.20397217140243,74.3729592346792,71.5189594785568,72.28878784179688,19531700
2022-07-05,69.9887121531317,71.49081581599762,69.22826657802828,71.45326232910156,22253100
2022-07-06,69.74460473782061,71.63162590871777,69.2658068246629,70.93689727783203,11530500
2022-07-07,73.79090964582517,76.00651518250825,73.5468155680292,75.71548461914062,15847800
2022-07-08,75.03014469402463,77.13309689770493,74.87993791524458,76.52286529541016,10004200
2022-07-11,74.88932133120532,75.35872915672084,73.99744932776382,74.26970672607422,9519600
2022-07-12,76.1942643546621,76.49468500819431,74.1007027772455,74.26029968261719,10363700
2022-07-13,74.42929349117482,76.72000565851701,74.07254617109449,76.31631469726562,14706500
2022-07-14,77.87474896763094,78.89806166743752,75.58404383853616,78.55069732666016,23377000
2022-07-15,80.34382585536964,80.77568009170702,78.83233244689222,80.39076232910156,14061000
2022-07-18,80.79446022818219,80.81324054937193,78.26905138529762,78.46620178222656,11352500
2022-07-19,79.79932035955481,81.17938034002334,79.38623923272229,80.87895965576172,10673100
2022-07-20,79.96830738233446,81.44224748254653,79.90259058153242,81.26387023925781,11664800
2022-07-21,81.37653895738315,82.42801503974037,81.11367172744255,82.41862487792969,7135000
2022-07-22,82.0618639205299,82.3622845853406,80.55037043622164,81.0385513305664,8612100
2022-07-25,81.01978302001953,81.39530350155486,80.39077117200033,81.01978302001953,5960900
2022-07-26,79.57401518823855,79.98708919686698,78.71968952277125,79.25481414794922,6977700
2022-07-27,80.090357789632,82.52189395599937,80.090357789632,82.2684097290039,9399500
2022-07-28,81.7989883843233,83.19782857564584,81.160593585542,83.18843841552734,10668200
2022-07-29,82.4467845248278,83.75173761713283,82.41862120324625,83.06640625,10366200
2022-08-01,80.08097617462006,81.57368958959019,79.1421605437926,81.0291748046875,20102600
2022-08-02,79.34867867177505,82.1557420239644,79.02009469683799,80.78507232666016,15541600
2022-08-03,80.7005903740138,81.4610287392561,79.38624706472733,81.2169418334961,20779400
2022-08-04,81.67696192015694,83.01007843017578,81.32021455007437,83.01007843017578,13472500
2022-08-05,82.64392882605019,85.41343889911028,82.62515566724913,84.2774658203125,13293500
2022-08-08,83.53580963074857,83.64846291112423,81.59246175573337,82.55944061279297,12120300
2022-08-09,81.62061376638502,81.80837398272425,79.27357524917903,79.9964599609375,13075000
2022-08-10,81.49857635268577,83.2447738647461,81.02916857337051,83.2447738647461,10704600
2022-08-11,84.45585154681186,85.43222064223447,83.84561996684839,84.04277038574219,11158800
2022-08-12,84.19297861704179,85.76079886291657,84.15542513561677,85.30078125,12098800
2022-08-15,84.50278111476582,86.31469522952013,84.49339095468913,85.96733093261719,15949500
2022-08-16,85.56364971962364,85.76080012806769,83.15089401257833,84.44645690917969,10566100
2022-08-17,83.55457223984833,84.27745696049477,83.06639137380822,83.7423324584961,9093100
2022-08-18,83.28231012152716,84.18357201189538,83.0100528063233,83.80804443359375,10947700
2022-08-19,83.08518643633593,83.16967640822554,81.69573609919209,81.8647232055664,9602800
2022-08-22,80.18423940169085,80.76630045745564,79.74299494806644,80.0246353149414,8054000
2022-08-23,79.94953148509383,81.30142093566377,79.78992740638867,80.76629638671875,8462500
2022-08-24,80.55037122676852,80.8601748922809,79.98707620745068,80.3250503540039,7085800
2022-08-25,81.04793752651456,82.23083980738832,80.74751687639838,82.21206665039062,6602100
2022-08-26,82.14636215892243,82.4186195330176,79.47073922397925,79.55522918701172,9381500
2022-08-29,78.77601017788076,79.1609207992185,77.71514410393863,77.7808609008789,9639700
2022-08-30,78.65396610500046,78.84173351368382,76.72939851350735,77.72454071044922,8392300
2022-08-31,78.96378418067418,79.67728607375072,77.97802489204747,78.25028228759766,8887100
2022-09-01,76.4665278341171,76.82328234654695,75.21790852839649,76.64490509033203,11566000
2022-09-02,76.56041928945488,77.90292595838562,75.67793028450049,75.95018768310547,8850100
2022-09-06,76.07222314617577,76.07222314617577,74.65460965501185,75.13340759277344,12704400
2022-09-07,73.59375379922254,75.27423457104786,73.44354702881628,75.05830383300781,9843500
2022-09-08,74.17583467019466,75.79998191227197,73.95051373234453,75.33057403564453,8181700
2022-09-09,75.88446556057681,76.663684216238,75.79996843325965,76.54163360595703,7084700
2022-09-12,76.95469307032637,77.45226404484208,76.75754271226879,77.1236801147461,7903000
2022-09-13,75.49956157097417,76.17551006303275,73.71581019750754,73.98806762695312,12835100
2022-09-14,74.86115632537731,75.25546433352149,74.14766160369606,74.78605651855469,8849600
2022-09-15,74.18936802821004,74.82193025238736,73.33021054510891,73.62289428710938,10533100
2022-09-16,72.80150151882972,73.64177244872711,72.62211540915355,73.53791809082031,10604500
2022-09-19,72.27280155037452,73.85893249511719,72.27280155037452,73.85893249511719,10378600
2022-09-20,73.20746927902138,74.05718340436206,73.17914667536064,73.78338623046875,8202800
2022-09-21,73.245220780591,74.87855303145922,72.82980346679688,72.82980346679688,10869000
2022-09-22,72.17835705611384,72.4615974518245,71.14926421102989,71.4041748046875,10817900
2022-09-23,70.14850494516455,70.23347275531617,69.00610711925508,69.7425308227539,12685500
2022-09-26,69.3648845270527,70.0446558718684,68.84561274890065,68.93058776855469,13441500
2022-09-27,69.40264616050683,69.90303136899689,68.3074574601029,68.949462890625,12430600
2022-09-28,67.13674218896462,68.2508101905328,66.7496474073122,68.09974670410156,12943600
2022-09-29,66.57970211663336,66.7307655974604,64.6536931578112,65.40898895263672,16120300
2022-09-30,64.0211236717164,65.75831768126083,63.95503519979968,64.72921752929688,10472400
2022-10-03,64.27605891053393,65.68280373856557,63.87008470072687,65.38068389892578,11945100
2022-10-04,66.84405876433124,68.85504259820551,66.768527028939,68.74174499511719,14900700
2022-10-05,68.84561065767076,70.72442506838402,68.52461153409398,70.31845092773438,14037100
2022-10-06,69.83694423515996,70.73386032010106,69.73308988387997,70.19570922851562,11796800
2022-10-07,67.7976253186436,68.00533400598486,65.85272979736328,65.85272979736328,14758600
2022-10-10,65.94713248816912,65.97545508682326,63.26582083674257,63.67179489135742,16042200
2022-10-11,60.612833475702935,61.28316869003258,59.12111756900871,59.90474319458008,28699300
2022-10-12,60.04636050089893,60.64116397917384,59.8292121399004,60.52786636352539,16468700
2022-10-13,59.53652704542037,66.27757573547493,58.837872922612895,62.897613525390625,36639300
2022-10-14,63.501854066767265,63.6812329315103,60.216295661992554,60.348472595214844,19440900
2022-10-17,61.34925341821128,61.69857510234774,60.46177350112359,61.264278411865234,11280100
2022-10-18,62.217859517115315,62.416124968312786,59.27218594981465,60.15022277832031,16656100
2022-10-19,59.234418600845345,60.52786915938789,58.696263905536576,60.10301208496094,12385200
2022-10-20,60.18797680714528,61.63248709802028,59.83865151881667,60.0274772644043,11300900
2022-10-21,58.554648222234874,60.21630707145212,58.554648222234874,60.187984466552734,13699000
2022-10-24,57.19510850105551,58.17699600889423,56.345394348399736,57.86543655395508,25010800
2022-10-25,56.60975160083038,57.93152844924451,56.184894499443544,57.723819732666016,21700600
2022-10-26,57.45945758130587,58.516876747791954,57.053483476024745,57.440574645996094,14006000
2022-10-27,58.39413639931698,58.960613624176105,57.50666009572124,57.54442596435547,12937600
2022-10-28,57.374490889567895,58.56408709945968,56.713602505604925,58.545204162597656,11972300
2022-10-31,58.148666748379654,58.79067212322136,57.65772124988003,58.11090087890625,10802800
2022-11-01,59.72535968782779,59.885862847645946,58.13923263549805,58.13923263549805,11561900
2022-11-02,59.00782967868488,59.37603795963153,57.13846206665039,57.13846206665039,16547200
2022-11-03,56.64751513095777,57.48778602915199,56.10936402533783,56.911869049072266,11040900
2022-11-04,58.07314236512967,59.00782794445268,57.610523010914285,58.98894500732422,14662800
2022-11-07,59.12111514065166,59.41379523002749,58.50743596180449,59.253292083740234,8507100
2022-11-08,60.77334446581119,62.0762347076218,60.63172423878518,61.387020111083984,14102800
2022-11-09,62.812651652538285,62.87874013183262,61.32093203063302,61.368141174316406,15086800
2022-11-10,63.95503421952606,66.91015048318663,63.55850339410361,66.88182067871094,21367900
2022-11-11,68.67566510510187,70.43173855524164,68.33577945648749,69.70476531982422,15524700
2022-11-14,69.14773291450086,69.56315033923482,68.2036076423631,68.7323226928711,11575300
2022-11-15,77.34273933276874,78.29630785930743,75.53946383732462,75.96431732177734,48742400
2022-11-16,76.05872170681062,76.06816497541888,74.49147766370054,75.0107421875,24006600
2022-11-17,74.86913664442913,78.30575204419596,74.29321965461781,76.92733001708984,24278400
2022-11-18,78.15467783471082,78.21132303804389,76.47413624020047,77.67317199707031,18578400
2022-11-21,76.29474809983839,76.5024567772583,75.02962390552143,75.46392059326172,18659700
2022-11-22,76.80458169117087,78.54177576207657,76.69129127994239,77.92809295654297,16504700
2022-11-23,77.83368599292541,78.31518467230012,77.16335794635134,77.38994598388672,14683800
2022-11-25,77.5504573983011,77.76760940299899,76.851806640625,76.851806640625,5908300
2022-11-28,75.78492143041404,76.54966768800868,74.48203133700201,74.79359436035156,13214200
2022-11-29,75.44505533410181,75.72828859906168,74.54813198730139,74.8974609375,11502300
2022-11-30,76.12481347163964,78.76836695416254,75.97375718289466,78.34351348876953,21667300
2022-12-01,78.4001425415269,78.957172845954,76.60630356253225,78.06025695800781,15975100
2022-12-02,77.2388816512607,77.5693312394947,76.61576275402992,76.94620513916016,10519800
2022-12-05,77.36162908403644,77.58821713827986,76.42693985446162,77.05950927734375,11523300
2022-12-06,76.8517953073392,76.88956118098278,74.73695680502587,75.1146011352539,13992100
2022-12-07,74.58591190475389,75.25624012205684,74.19881700573215,74.8125,14925300
2022-12-08,75.01074922973054,76.44582366257114,74.6803068284528,76.28532409667969,11197500
2022-12-09,76.33251379169347,77.59764518617901,76.18145751953125,76.18145751953125,13787900
2022-12-12,75.33174226536745,75.93598175048828,74.397060437306,75.93598175048828,11516600
2022-12-13,77.50323269827733,77.50323269827733,75.180685615967,76.01152038574219,16938000
2022-12-14,76.30419213966812,76.95564077941953,75.0768265987371,75.54888916015625,17910000
2022-12-15,75.20803427411195,75.20803427411195,73.47998729760283,73.68887329101562,17080200
2022-12-16,73.68888816284047,74.1161497854646,72.37861290871838,72.44507598876953,11929100
2022-12-19,73.03372788152384,73.22362752070605,71.93233894998917,72.25515747070312,12561300
2022-12-20,71.31518054473726,72.35010645337931,71.11579134886854,71.7994155883789,12080600
2022-12-21,72.02727851359222,73.50845934313764,71.94182187284852,73.24260711669922,10806100
2022-12-22,72.42606956083804,72.56849249111326,70.2802505447699,71.47659301757812,13019700
2022-12-23,71.10629272460938,71.54305103439894,70.422668502702,71.10629272460938,7452600
2022-12-27,70.57459078754945,70.96387239014022,70.41318151925402,70.56509399414062,8974800
2022-12-28,70.44165687125873,70.78346895689461,69.1598579281591,69.36874389648438,10275700
2022-12-29,70.59357207629135,72.19818958274692,70.4036796852957,72.16020965576172,11142500
2022-12-30,70.53661667398958,70.80246895991036,69.92895223647598,70.72650909423828,7784100
2023-01-03,72.01778839194783,72.13172817551613,70.04287560701391,70.28974151611328,9276200
2023-01-04,71.20125973080809,72.73941467959943,70.70753500622043,72.46406555175781,12316400
2023-01-05,72.16021747954353,72.57798947774624,71.5335594822395,71.90386199951172,10039200
2023-01-06,72.63495536066357,74.76178078344634,72.302640020218,74.1256332397461,13744100
2023-01-09,76.48981048769785,77.11646833980633,76.01507232480215,76.25244140625,22247600
2023-01-10,76.4423511712633,77.45829068504564,76.39487445109582,77.16394805908203,10269000
2023-01-11,77.44879653754157,77.7526287227719,76.55628632420778,77.64818572998047,11771400
2023-01-12,80.66752114547778,84.34199774337145,80.15480297526489,82.60445404052734,36086800
2023-01-13,81.0947867302146,82.69939699808722,80.61055171445248,82.41455841064453,18719900
2023-01-17,81.86388720010041,85.19655264761012,81.80692091270234,84.49393463134766,21850000
2023-01-18,85.90863452155169,86.6112450837388,84.84521826326885,84.94966125488281,19209800
2023-01-19,84.53188334885583,85.46237341496445,83.80078970285844,83.9337158203125,13651100
2023-01-20,85.45288750334828,86.43084716796875,84.69330338352388,86.43084716796875,14287200
2023-01-23,87.12396731623174,90.8933902515585,87.08598738624165,90.8269271850586,22875100
2023-01-24,90.95034511989012,93.04868709218722,86.92456721685508,89.78248596191406,11370500
2023-01-25,87.99749013401888,88.30132235127675,86.5163089803781,87.74113464355469,14147300
2023-01-26,89.14634864119327,89.5166438993194,87.95950300772981,88.72857666015625,15759400
2023-01-27,88.13042203360507,89.36474457156108,87.57972384012119,88.58617401123047,13646600
2023-01-30,88.15888378547193,89.48815221678852,87.90252834045603,88.42473602294922,14079800
2023-01-31,86.40235498412208,88.07343552640118,85.45287855572514,88.04495239257812,13342100
2023-02-01,88.30131261183075,90.93135927326223,87.89303743580376,89.95339965820312,16788500
2023-02-02,91.71943764034688,92.57396802474624,90.9978333997506,91.76691436767578,14925300
2023-02-03,90.23824749810466,92.05174384764395,89.54512646524638,89.87744903564453,12242200
2023-02-06,87.16193892431511,87.39930803114176,86.15548898549757,87.19042205810547,12425200
2023-02-07,87.14296357275434,89.91543358205128,87.04801735894341,89.77301788330078,15258900
2023-02-08,90.21925795257371,91.09278187775418,89.46917785806322,89.51664733886719,12899700
2023-02-09,91.14975233071723,93.58990686898022,90.78895383555682,91.80489349365234,16997400
2023-02-10,91.10226556127007,91.62448052400508,89.48815843924848,90.55157470703125,11511400
2023-02-13,90.64651656824653,91.52003315144285,90.11481208176707,91.25418090820312,7803500
2023-02-14,90.97884758287141,93.9886866683336,90.40916307127809,93.01072692871094,15345100
2023-02-15,87.6651729685218,88.9469648822447,86.18398460152682,88.07344818115234,30208300
2023-02-16,86.38337265457982,87.1524462792399,85.338942739695,86.23145294189453,15568400
2023-02-17,85.42440695916409,85.73773596139598,84.44644726486266,85.54783630371094,11235300
2023-02-21,83.91472294552082,84.90217928634108,83.0601999672094,83.21211242675781,14007600
2023-02-22,83.31657863530582,83.63939722928394,82.28165253162422,82.44306182861328,10106400
2023-02-23,85.7377327343484,87.34234312878709,84.9401686899529,85.52884674072266,15468300
2023-02-24,83.63938501365413,83.69635853198325,82.83233140264777,83.65837860107422,8817600
2023-02-27,84.21856648001405,84.36098941027308,82.8323315962838,82.8893051147461,10609400
2023-02-28,82.7373843931456,83.69635771846704,82.50951205383741,82.6709213256836,7520400
2023-03-01,84.54139106889059,85.4908675985359,83.81029008446231,83.95271301269531,8176700
2023-03-02,83.21211912562738,84.8262262634127,82.71839453743577,84.53189086914062,9761600
2023-03-03,84.19007045988053,85.31045289911489,83.43998323629795,85.25348663330078,10844000
2023-03-06,85.5288535938968,86.7156993401134,84.98765222337929,85.05411529541016,9960000
2023-03-07,85.40541521772738,85.68076429437477,83.83878466056295,84.36099243164062,8761100
2023-03-08,83.88625407082814,86.25044871761325,83.68686485906856,86.24095916748047,8813000
2023-03-09,85.17754793529181,86.10803822359688,84.09514515244761,84.38948059082031,10354700
2023-03-10,83.58241792829084,84.66482059493725,82.7943506684197,82.84182739257812,11928800
2023-03-13,82.01577922384304,84.50341031509122,81.94931615717269,83.30706787109375,11847600
2023-03-14,83.5824203248126,85.10158137033677,83.27858811570778,84.77876281738281,11100100
2023-03-15,82.794348851143,82.8323287808499,81.12327540762487,82.31961059570312,12171500
2023-03-16,82.03232701293794,85.39188666178049,81.90825513880411,85.2296371459961,13184600
2023-03-17,85.00057609172693,85.92636392947303,84.94331326684069,85.39189147949219,13287700
2023-03-20,85.14373577465692,86.25086553945775,84.61880958477289,85.93590545654297,8217500
2023-03-21,86.85215404613598,88.76099259660052,86.66127310374601,88.28378295898438,12299700
2023-03-22,89.23820946797784,90.69846991239116,88.32196776328011,88.39832305908203,12812400
2023-03-23,90.1830858237966,91.45246535588993,89.17140360387003,90.27852630615234,11169700
2023-03-24,89.66768466549065,89.88720429456406,87.89246429695243,88.56056213378906,7653700
2023-03-27,87.8447603029911,87.9783784331943,86.42267747060467,86.52766418457031,9349800
2023-03-28,86.52764982733147,86.72807698938004,85.82137436299942,86.67080688476562,7521300
2023-03-29,87.57751734185702,88.97096865139021,87.2816424062091,88.53193664550781,9264000
2023-03-30,89.09504386790154,89.25729340798958,87.83521063128308,88.25515747070312,10232800
2023-03-31,87.08120998015217,89.00914093510045,86.97622328054405,88.78007507324219,8701800
2023-04-03,88.77054081104309,89.33364470082017,87.5297928128706,88.60828399658203,6863600
2023-04-04,88.79917371729067,89.02823231345296,87.53934051593582,87.96882629394531,6338400
2023-04-05,87.42480385454253,87.978368779869,84.99103908004776,86.08861541748047,9171800
2023-04-06,85.57322768466359,86.76625166678322,85.32507665752337,86.12678527832031,5874500
2023-04-10,84.38975222370662,84.9719485755491,82.52863751315533,84.96240234375,12232900
2023-04-11,84.59972082316162,85.74502099812744,84.43747130000897,85.17237091064453,11079200
2023-04-12,84.8574086676654,85.42051246132937,82.90084653103477,82.91039276123047,11299100
2023-04-13,82.61453600519253,83.63576441100162,82.05143208797486,83.08220672607422,7910500
2023-04-14,83.94116380991855,84.34202539880874,82.59543655511143,83.22534942626953,7656400
2023-04-17,83.75028864933527,84.03661733515177,83.18718479064137,83.9793472290039,8163600
2023-04-18,84.17977564273752,84.37066386332171,83.5116850747956,84.12251281738281,8468200
2023-04-19,82.29958605544421,83.39716251331804,82.11824404374869,83.2540054321289,11191300
2023-04-20,84.29431251424869,87.6920429013747,84.08433910261436,85.22010040283203,19206300
2023-04-21,83.77892165955242,83.90300082387199,81.39287350437428,81.47877502441406,13175400
2023-04-24,81.50739641649275,82.04186880741815,80.16166192723249,80.78203582763672,10567600
2023-04-25,79.47449619830728,79.59857537425744,78.5105378960401,78.53916931152344,13423700
2023-04-26,78.49143033196137,78.62504843294077,77.5083797540527,78.5009765625,11583500
2023-04-27,79.1213549804301,80.0375965599883,78.4150867948283,79.85625457763672,10013700
2023-04-28,80.62934581440588,80.65797722839528,79.90398510622849,80.45755004882812,8262600
2023-05-01,80.45755930617193,80.82978229414437,80.0757900852242,80.15214538574219,4931100
2023-05-02,79.69400664886658,80.21894014424005,78.78731128228436,79.17861938476562,6875000
2023-05-03,78.85411769554338,79.94215501163879,78.68232194659987,78.93046569824219,7151600
2023-05-04,79.21678492426484,79.94214547568353,78.87319346736335,79.6844482421875,7290600
2023-05-05,80.45754100934634,81.66965018244461,79.93260753971289,81.09700012207031,6865000
2023-05-08,80.64842485648506,81.64102172851562,80.5625306210563,81.64102172851562,6746600
2023-05-09,81.36424146361678,81.58376109612102,80.45754608430326,81.18289947509766,7287800
2023-05-10,80.6579818066763,81.26880961192632,80.33347543921371,81.03020477294922,7442300
2023-05-11,80.30482635604416,80.30482635604416,78.76821094856516,79.62718963623047,8730900
2023-05-12,79.57946576627788,80.10439920919562,79.16906524226223,79.62718963623047,5069800
2023-05-15,79.53176308222314,81.7651007789593,79.43632260727263,81.75556182861328,8707300
2023-05-16,81.78418805969221,82.79587013700484,81.68874030914942,81.96552276611328,11283200
2023-05-17,84.27522139936491,87.61568872330012,84.04615554008504,86.73761749267578,23215600
2023-05-18,87.09074505874221,89.14274763152278,86.91894932516897,88.42693328857422,14879000
2023-05-19,87.93064489811654,88.56056511275372,87.38662620440316,88.36013793945312,9295200
2023-05-22,87.87337478996098,88.2265125126881,87.04302747083314,87.5393295288086,9259800
2023-05-23,86.85215281531737,87.17665186910995,86.21269365756768,86.31768035888672,7656700
2023-05-24,85.21054989935779,86.04089727238437,85.11510943021061,86.02180480957031,9443900
2023-05-25,92.63594203325958,97.70391385650055,92.55959401745098,96.3486328125,60793200
2023-05-26,96.25318510029552,99.67955417914646,96.1386594443656,98.505615234375,26135800
2023-05-30,99.05916908054432,100.4430740000471,96.90217966190609,97.33167266845703,25248000
2023-05-31,95.18422062720276,95.4228254036574,93.5903351864395,94.09617614746094,22206700
2023-06-01,94.18208980064708,96.00502674142244,94.10573451474004,94.33479309082031,14998500
2023-06-02,96.63495061867957,96.68267449460451,94.12483057214813,94.43024444580078,13085100
2023-06-05,93.54261002416199,94.30614086983249,89.95399247642902,93.5807876586914,10568500
2023-06-06,93.16085327781624,96.01456448103158,92.97951131023513,95.2701187133789,13827600
2023-06-07,96.75900225118274,98.32424893626865,95.00287466562862,95.71868896484375,14367500
2023-06-08,94.47794863207552,96.11000448771904,94.13435715913582,95.38465118408203,9074200
2023-06-09,98.01884059288147,99.90859365211918,97.58935490205654,98.11428833007812,14902400
2023-06-12,99.58409341993176,102.49507482205615,99.55546200968799,102.18011474609375,20568100
2023-06-13,104.98610707297715,105.64465862019617,101.87469858813691,101.93196868896484,17858600
2023-06-14,101.1970721862254,102.79095059044379,100.42399492175896,102.51417541503906,12862600
2023-06-15,101.85093745697168,102.22472668967245,100.70084036480294,100.80626678466797,11987900
2023-06-16,101.04587285715502,101.35256590831638,100.0107810674333,100.22163391113281,11430800
2023-06-20,99.84784648102053,100.5187352084205,98.78400341890148,99.65616607666016,9295500
2023-06-21,98.86068633420314,99.41656978786237,97.39430991952287,97.4134750366211,9340400
2023-06-22,97.20262285896543,99.12904253083592,97.11636886321897,98.84151458740234,8575900
2023-06-23,97.29845960233199,97.94060434483332,96.8096723529071,97.67224884033203,8919000
2023-06-26,97.77767767384127,98.75526689419344,95.92793297712137,95.94710540771484,8560000
2023-06-27,96.94386189264273,98.51566487767205,95.86084621647035,97.83518981933594,9732000
2023-06-28,96.32089349646267,97.64350611807346,96.05253794820602,96.72342681884766,8160900
2023-06-29,97.12595936085673,97.29847468508423,95.86084942056848,96.45507049560547,7383900
2023-06-30,97.1834701245307,97.65309233397984,96.23463948972602,96.72342681884766,11704600
2023-07-03,97.99810317278519,99.36863928470432,97.82558788204926,98.86067962646484,5638400
2023-07-05,97.18345882851062,98.80317814569052,96.7617531233294,96.7905044555664,9010800
2023-07-06,94.97910042870404,95.41997126537363,94.4998920437841,95.27621459960938,9140800
2023-07-07,94.95993775416821,97.70101037141501,94.88326265569448,96.06211853027344,8036600
2023-07-10,96.08128964530465,96.56049807246328,95.26663678156304,95.62124633789062,8041600
2023-07-11,98.07479155816694,98.07479155816694,95.975856454976,97.04928588867188,7677800
2023-07-12,98.55400024783279,100.08746564905037,98.48691136503389,99.57950592041016,10202000
2023-07-13,100.63374888010794,101.25672116893637,98.25687235588433,101.18004608154297,9265900
2023-07-14,101.59217569812154,102.83812040040713,100.49958118596196,100.76793670654297,9518300
2023-07-17,100.32707630794535,100.66252074354377,98.32398128598862,100.43250274658203,10722600
2023-07-18,99.37822549867265,99.41656304240716,97.76808522251689,98.86067962646484,10343600
2023-07-19,99.579487821905,100.43247802480624,98.3047919682612,98.7744140625,11204800
2023-07-20,94.45197457681387,96.27296057021454,93.01434943751465,93.79066467285156,22810200
2023-07-21,93.80983173798538,93.91525816869357,92.32429011715672,93.2060317993164,15381200
2023-07-24,93.22519235451927,94.18360908703556,92.7555702029853,94.16444396972656,9054900
2023-07-25,95.38163250446951,96.6946660948269,94.9886854361436,96.14836883544922,9202200
2023-07-26,95.35288238397042,95.96626853169677,94.47114071063126,95.27621459960938,8993500
2023-07-27,97.27929393811382,97.52848432466457,94.79699822331284,95.21869659423828,8049800
2023-07-28,95.94710386213121,96.79050799116239,95.63082457169213,96.6659164428711,6758700
2023-07-31,95.0557746483173,95.63082324248849,94.32737586255935,95.02702331542969,8647900
2023-08-01,95.01743864756136,95.06536241124745,94.01109810727115,94.30821228027344,6428500
2023-08-02,93.44563498169184,93.44563498169184,91.25085970312662,91.7204818725586,9820900
2023-08-03,90.89623333523164,91.82589867366508,90.64705026614926,91.0304183959961,8571700
2023-08-04,91.31794268292086,93.52230403411559,91.17417871442743,92.1613540649414,7562600
2023-08-07,92.70767081756354,92.9089374909807,91.27004545417749,92.34346771240234,6601400
2023-08-08,90.93457293985675,90.95374536845989,89.77488962209428,90.560791015625,7659000
2023-08-09,91.84507568851724,91.86424080550417,89.81322961735717,90.07200622558594,6426900
2023-08-10,91.48087518945411,91.97925599058475,90.35952935511936,90.85791015625,7459600
2023-08-11,89.6119759020936,89.6119759020936,88.14559928454726,88.16476440429688,10658400
2023-08-14,87.87723942764478,89.41070485735789,87.5034574576566,89.1998519897461,7489700
2023-08-15,88.67271949868959,88.8548210313548,87.68555136040119,87.8676528930664,6069500
2023-08-16,87.6376503449872,88.86442290040036,87.52263767586425,87.96350860595703,7439500
2023-08-17,89.05607978669715,89.05607978669715,87.55136583014777,87.82930755615234,7712500
2023-08-18,86.32458437407264,87.53219135851886,85.83578985215466,87.31175231933594,9066200
2023-08-21,86.73671577801034,89.04650365275448,86.73671577801034,88.71105194091797,8618300
2023-08-22,89.46820107484213,89.60237883325843,87.99223842012353,88.40435791015625,7059000
2023-08-23,89.88991295237028,91.14543662611315,89.36278078515157,90.30203247070312,10362600
2023-08-24,92.51597154118153,92.7555757386101,88.6248017148261,88.68230438232422,12254400
2023-08-25,88.41394675878976,89.52571371837502,87.6088801843091,89.22859954833984,10356000
2023-08-28,89.91864834857319,90.23492759284427,89.37235115944071,90.0911636352539,5174800
2023-08-29,89.87072051432851,91.64379705726286,89.62153746542583,91.12625122070312,8910300
2023-08-30,91.48087494896605,91.93133198690937,90.69497351430093,90.83873748779297,6073400
2023-08-31,89.45862280288402,90.47454960813127,89.3915339177192,89.67906188964844,8661200
2023-09-01,90.37869291879717,90.6470484105549,89.2190023389118,89.31484985351562,7094600
2023-09-05,89.51612446214133,91.09751353644852,89.00816476281331,90.66622161865234,6396500
2023-09-06,89.94741744796778,90.0528438835532,87.78139337885844,88.42353820800781,7933700
2023-09-07,86.32459266810406,86.53544551397982,84.75278985066188,86.30542755126953,14684400
2023-09-08,86.97631874732218,87.28301181019907,85.60578252306063,85.9124755859375,5820800
2023-09-11,86.35335391724465,86.6312956721721,85.45244707976744,85.8741455078125,7268600
2023-09-12,86.69837212723706,87.7622152286266,86.66003458252207,86.71754455566406,8242600
2023-09-13,86.83255965887389,88.06891819468034,86.71755432391316,87.4267807006836,5757800
2023-09-14,89.38341589688046,89.52792601704866,87.92869342734339,88.12137603759766,6506300
2023-09-15,87.19651779432452,87.80345145272122,85.60692124127826,85.9826431274414,19940500
2023-09-18,85.29864914537248,86.38727844577754,85.19267553603056,85.57803344726562,6647400
2023-09-19,85.21193275776064,85.58765466745993,84.57609850676575,84.94218444824219,7172100
2023-09-20,85.27938848410291,86.05010440848795,84.09442138671875,84.09442138671875,6935300
2023-09-21,82.89016786171271,82.98650549790068,82.22542567686187,82.23506164550781,10652500
2023-09-22,83.09246794611958,83.59342799708868,82.32175225991688,82.50479888916016,7967200
2023-09-25,82.2639515101162,83.08283233642578,81.9074942174473,83.08283233642578,8758000
2023-09-26,81.84008090183998,82.10983661653766,80.94412677648911,81.2042465209961,8877600
2023-09-27,82.05201408911675,82.42773601118024,81.02118595805452,82.3121337890625,7860700
2023-09-28,82.12908308561273,83.9402555269815,81.86897074858942,83.24662017822266,6647700
2023-09-29,84.53755453063553,84.80730281637138,83.52599110903655,83.71867370605469,7338300
2023-10-02,83.98842060722046,85.18302328868143,83.83427453214709,84.44121551513672,6305000
2023-10-03,83.81502966540002,84.12331453798174,81.94604849094699,82.28324127197266,8201700
2023-10-04,82.34103450609076,83.58380984692691,82.25432548924196,83.49710083007812,7658500
2023-10-05,83.65125019790509,84.72061489695243,83.36222993056066,83.84392547607422,6651700
2023-10-06,84.86510564390063,86.72445047987098,84.1810989482967,86.02117919921875,9777100
2023-10-09,85.54914602415207,86.06937083158267,84.81696661540643,85.73218536376953,4781300
2023-10-10,86.00190661785719,87.34102679647528,85.87666844076021,87.29285430908203,7182900
2023-10-11,87.91906597443892,88.64160923476447,87.31212493170777,88.63197326660156,8051700
2023-10-12,89.12330722126478,90.01926118299959,88.47782963801345,89.0365982055664,8897800
2023-10-13,89.3545043200203,89.53755093965856,86.89785463048543,87.1483383178711,7985100
2023-10-16,87.16762400379059,88.53563750825971,87.11945151204706,87.88053131103516,8791800
2023-10-17,86.52215654361011,88.34296522308705,85.27938108220518,87.66859436035156,7997100
2023-10-18,85.62619672248168,86.71483334920421,85.33718380793488,86.31983947753906,9982700
2023-10-19,89.68207032705473,91.29093898475325,88.97879896868042,89.5086669921875,22751600
2023-10-20,88.63196621977069,90.8670329000048,87.75527693890172,87.96722412109375,12197300
2023-10-23,86.6859222474016,88.88245247114793,85.89594195026321,87.77455139160156,8227900
2023-10-24,87.86126183109279,88.63197761999854,87.53371239836666,88.28515625,7374800
2023-10-25,87.47589842324962,87.5240635591669,83.50672518921257,84.43157958984375,13027100
2023-10-26,83.93062933123886,84.91328494957415,83.37186076880789,84.24854278564453,9377300
2023-10-27,84.33525432315712,84.56646611966542,82.74565760322022,82.84199523925781,12480700
2023-10-30,84.11367027069564,85.06743270279621,82.851630346516,82.90943145751953,9785500
2023-10-31,82.99613744367059,83.26588575195822,81.84006381517908,83.15027618408203,9004900
2023-11-01,83.30441221719025,84.65316094588331,83.17916669625613,84.58572387695312,9508800
2023-11-02,87.09054475658527,87.71675035421681,86.19459086461146,87.16761779785156,11032600
2023-11-03,88.29479045396708,89.06549887737887,87.51443871202132,88.4296646118164,9226700
2023-11-06,88.63197357362246,89.21964268206348,87.94796683348902,89.21000671386719,8402700
2023-11-07,88.87281619839034,89.64353190762637,88.39112071764025,89.02696228027344,6241300
2023-11-08,89.91328507893385,90.01925867845547,88.56453618964146,88.63197326660156,6537700
2023-11-09,89.23892713947372,89.95184194294298,88.24663534691373,88.26590728759766,8166000
2023-11-10,90.59728724174362,94.17146684032204,90.18302883273911,93.87281799316406,19281700
2023-11-13,93.45856412602322,93.62233883403087,92.21578883861382,92.8901596069336,9526300
2023-11-14,94.41232729923918,96.04046060163265,94.36415480445837,95.28901672363281,13873200
2023-11-15,96.29092289159513,97.01346610694003,94.81693590830588,95.18302917480469,10422900
2023-11-16,94.64354349981106,95.47206046790527,94.32563000980042,94.93256378173828,8459000
2023-11-17,95.31790151959875,96.06934527334695,94.72059649349886,95.9344711303711,7243000
2023-11-20,96.24276651649166,96.90750133706953,95.89594515354219,96.30056762695312,6448900
2023-11-21,96.33910792914315,96.483618061055,94.64353757156486,94.80731964111328,10112600
2023-11-22,95.10595788699288,96.00191178453386,94.3641427228525,95.03852081298828,7413500
2023-11-24,94.8747560823705,95.11560385056792,93.90172904082752,94.24855041503906,4297600
2023-11-27,93.85355636005917,93.97880190333014,92.89016528918994,93.6512451171875,6856100
2023-11-28,94.28708517282752,94.6531711275938,93.68014410428735,94.39305877685547,6358100
2023-11-29,95.37572616398614,96.07900495458907,94.99036822461844,95.26011657714844,7091100
2023-11-30,95.30826988518533,95.35644237419083,93.35258737303536,93.74757385253906,9681400
2023-12-01,94.12328866787828,95.16375261139355,93.46818255715637,94.94217681884766,7500400
2023-12-04,93.49711654613063,93.64161934241935,91.7630094897523,93.45858001708984,10619400
2023-12-05,92.92870824719182,93.46820493219724,92.36993962338417,93.1502914428711,8009600
2023-12-06,94.21964186733608,94.96144969642555,93.88244914038728,94.26780700683594,11262300
2023-12-07,94.37377105019318,95.99226804536154,94.30633398164822,95.65508270263672,11373700
2023-12-08,95.49130291155923,96.69554146414104,95.32752088234061,96.67626953125,10572500
2023-12-11,95.92485635726416,97.50481725271653,95.73218106761043,97.25433349609375,9482800
2023-12-12,96.4836021575645,97.9286885383066,96.29091956341192,97.8805160522461,7378600
2023-12-13,97.6878499113377,98.92098922846814,97.21579037433091,98.3814926147461,8988800
2023-12-14,100.03568516636983,100.48093261939854,99.50332745251602,100.13247680664062,10074500
2023-12-15,100.18088394726745,101.40047938478449,99.10647967357637,99.25167083740234,16379200
2023-12-18,99.54203274984175,99.99696155740394,98.80641041628387,99.629150390625,5660600
2023-12-19,99.92921533945848,100.64548974675121,99.78402418204894,100.53901672363281,8498500
2023-12-20,99.40652589813102,99.78401845489206,96.73504124793423,96.83183288574219,10814100
2023-12-21,98.0514309414113,99.42589143701595,97.91592116774486,99.26134490966797,9068200
2023-12-22,99.62914839787405,100.26797908368383,99.41620237436138,99.84209442138672,5566400
2023-12-26,100.28735180151105,101.5940574390763,100.2486336675062,101.10041046142578,6407500
2023-12-27,101.68117266435728,101.99091034428797,100.74227824511242,101.29399871826172,5889700
2023-12-28,101.63277427674139,102.13609524292644,101.34239196777344,101.34239196777344,5335100
2023-12-29,101.3617599976155,101.6037428060954,100.34542924810823,100.66484832763672,4409600
2024-01-02,98.9709594566771,99.32909663839669,97.3641902132486,98.2740478515625,9020900
2024-01-03,97.1222263026305,98.0030473593703,96.46404008624911,96.95767974853516,6650600
2024-01-04,96.3381779321269,97.21899874790506,95.94133003465295,95.95100402832031,7996700
2024-01-05,95.82519549126606,97.41260217933292,95.63161219164016,96.41563415527344,7347300
2024-01-08,97.40291104717836,99.49364592052025,97.27708265349213,98.9612808227539,12455600
2024-01-09,97.80945412569154,98.69994908841892,96.996388049271,98.62251281738281,7764000
2024-01-10,99.23230217656588,99.48396635325135,96.77376345681236,97.56746673583984,6975700
2024-01-11,98.43860187242016,98.88385673106148,96.78344037655232,97.9739990234375,7862700
2024-01-12,97.65457274376381,99.09678808379546,97.6352173701215,97.99334716796875,6519700
2024-01-16,97.30611266053819,99.06774697365013,96.98669362402465,98.40955352783203,11185500
2024-01-17,97.6352225162422,100.01633237509346,96.79311971620874,99.64851379394531,17649500
2024-01-18,107.63394237798279,109.75371398818955,105.96910698069786,109.40525817871094,58783700
2024-01-19,109.58915902464778,111.45726632089512,107.45970619905025,110.53772735595703,37812600
2024-01-22,111.09913771405968,111.40887539084858,108.91161121782812,109.40525817871094,17755500
2024-01-23,109.87953974643307,110.94426990805033,109.53109133003751,110.46997833251953,11667900
2024-01-24,111.63149979338692,115.03861414606686,110.93458819324754,112.78333282470703,21859200
2024-01-25,114.23524603870322,115.02894939029038,112.74463837099263,112.82206726074219,15485300
2024-01-26,113.15116269536651,114.25460371099535,112.57040543209806,113.49961853027344,10196400
2024-01-29,113.41250910385624,114.09006544741354,112.04772980543805,113.22860717773438,10042200
2024-01-30,112.62847894265029,114.22556695518044,111.85413100180863,112.33809661865234,11030800
2024-01-31,109.86020056338378,111.06043328595548,109.26008050973311,109.33751678466797,12853900
2024-02-01,110.15057084218088,110.37319087733297,108.99873037900558,109.75371551513672,8807600
2024-02-02,111.17657438425958,112.24129719055281,110.26671672456035,112.03803253173828,10044000
2024-02-05,113.373775750459,115.7064934244347,112.84141803560406,114.98054504394531,13267600
2024-02-06,116.26789486662032,117.10999025878438,114.48689767272406,115.55162048339844,11503800
2024-02-07,116.16143392825323,120.99140890397567,116.15175254781664,120.97205352783203,18172500
2024-02-08,122.92727834106503,130.42874611384656,122.06582005213046,129.4414520263672,33367000
2024-02-09,130.18676306073127,130.83527527539007,126.4021480397229,128.84133911132812,16984200
2024-02-12,128.99617477258445,129.22846877141902,126.08269286858497,126.27629089355469,14203800
2024-02-13,123.82743643487613,125.75361741974002,122.42393917457042,123.45962524414062,14494000
2024-02-14,125.4729294035016,126.59571839953894,123.8564786456083,125.12447357177734,13069700
2024-02-15,126.60540082596273,126.92481988650701,124.2339723976939,124.89215850830078,12554000
2024-02-16,123.05309725314122,124.51467550954304,121.77542829750098,122.62721252441406,13104400
2024-02-20,122.82079187277036,122.98533840777876,120.16866239860687,121.31082153320312,12038800
2024-02-21,120.43969718307822,121.35922900410627,118.96844479248735,121.32051086425781,11469700
2024-02-22,125.53099025822551,127.26358047747041,124.86311541729896,124.93087768554688,17014100
2024-02-23,126.31503129742235,126.80867093031503,123.63386491686535,125.37613677978516,10123300
2024-02-26,125.85041079666163,127.0215992036619,124.43722483551498,126.45052337646484,9526700
2024-02-27,126.57636815956806,127.73788265485395,124.46627044677734,124.46627044677734,8851800
2024-02-28,124.3791523765253,124.45658864061208,122.58848123170782,123.2950668334961,6519100
2024-02-29,123.92423340877977,125.04703717312321,123.07245659028862,124.54370880126953,9369900
2024-03-01,125.956882567022,132.2677828952968,125.92784581470302,129.60597229003906,24393000
2024-03-04,135.45230408631045,137.4365661407636,133.26476996689635,133.826171875,26544600
2024-03-05,132.72272407025207,133.02278038513543,129.4414378274535,130.6416778564453,13694700
2024-03-06,134.34884073368966,139.38207954100116,134.1649314600711,137.03001403808594,22292700
2024-03-07,140.2532367741592,146.73838817543412,139.52728831307255,144.41534423828125,34675700
2024-03-08,148.96459120888264,153.32028118305413,140.28224801214427,141.6760711669922,43856900
2024-03-11,139.01425694191238,139.76924200253072,134.47465781495336,134.56178283691406,29227100
2024-03-12,139.88543364818813,141.995516763233,136.06210802073954,139.76927185058594,21218500
2024-03-13,138.4625776335556,138.63679818100164,136.83644534342721,137.58175659179688,12923100
2024-03-14,138.03666717365752,138.51095877230887,134.56179775687633,135.14254760742188,14961900
2024-03-15,131.09661160342554,133.28413092377346,130.3125896496115,132.58721923828125,22751200
2024-03-18,136.2355808003143,137.5573134491992,132.76604186538785,132.79519653320312,14732900
2024-03-19,131.49288992842912,132.43559695627422,129.28675973476174,131.07498168945312,17341100
2024-03-20,132.6882888294988,133.4463398383566,131.21105475838158,132.902099609375,12750200
2024-03-21,138.53891611224515,138.58751217288722,135.12767136960895,135.52613830566406,17809400
2024-03-22,135.47754250815183,137.36295696101544,135.19570908297743,136.58546447753906,9944100
2024-03-25,136.21614181982306,137.69336095253684,135.3414573768245,136.28416442871094,9922200
2024-03-26,136.65348811018197,136.9936456715051,134.73891918036304,134.93328857421875,10786400
2024-03-27,134.9527341657277,135.3609143543683,131.3471202552503,132.8437957763672,13842800
2024-03-28,131.86221802263458,132.9507134556904,131.6289806529652,132.22181701660156,10019400
2024-04-01,133.42688189867755,138.93735060712524,133.19364458915234,137.5087127685547,14222700
2024-04-02,136.42997655877332,137.0713941343691,135.4289600006649,136.27447509765625,9869200
2024-04-03,134.68061360754368,138.90820365238437,134.4959574879203,138.00437927246094,9707500
2024-04-04,139.9481170593607,142.62073735042486,135.50670094844472,135.73023986816406,15759500
2024-04-05,136.0606526068339,138.00437621550296,135.0110400786205,137.38238525390625,8263600
2024-04-08,141.1532293074745,141.8918390213173,138.74300109074048,138.77215576171875,16307400
2024-04-09,142.14448695823407,144.00074636501395,138.92762710270244,141.30868530273438,18443400
2024-04-10,142.50410350219613,144.2534429157555,141.1726427239381,142.1056365966797,18861300
2024-04-11,143.05804443359375,143.40791525138937,140.074436618293,143.05804443359375,11818800
2024-04-12,140.9199635210886,142.3874695267463,138.15015140976237,138.50975036621094,12024000
2024-04-15,140.93942257613577,141.38647076368696,135.94405280178592,136.1967315673828,13458800
2024-04-16,134.01002757118488,136.58545549709146,133.20338047019052,135.8662872314453,14218200
2024-04-17,137.15883525685035,138.55831836318416,133.49491279505028,135.117919921875,18823200
2024-04-18,129.1506756121454,131.32765073552395,126.63355785755225,128.54812622070312,39306100
2024-04-19,125.7297579355969,127.84842439811725,123.07657933975804,124.10675048828125,28284000
2024-04-22,123.18348230791918,126.98346547900675,122.24077518200878,126.09906768798828,18556800
2024-04-23,127.66374545221271,129.94762623491974,126.98344527101224,129.6754913330078,12573800
2024-04-24,132.26065842244194,132.4550278013,127.83868461361423,129.22845458984375,15558000
2024-04-25,126.34201092693735,133.96140248839063,125.23408927044763,132.7368621826172,18034300
2024-04-26,132.9603984932132,134.83609930934418,132.12459682741917,134.40847778320312,9453400
2024-04-29,134.11692859635886,134.74863283551005,132.08574099044924,134.6028594970703,9997100
2024-04-30,134.05861738925145,135.76908879727776,133.39774366220524,133.47549438476562,10980600
2024-05-01,133.55324904130342,135.50668595383405,129.46171909840118,131.14303588867188,12561800
2024-05-02,131.7844808554664,132.89240283908106,129.47144476551605,132.39674377441406,9261900
2024-05-03,134.99161077769952,138.11129397390684,134.855550706087,137.57676696777344,13264300
2024-05-06,136.517425502153,138.81101989746094,135.87599316791673,138.81101989746094,8601600
2024-05-07,137.87802918703082,138.28620936458356,136.55629654234056,137.13941955566406,8682900
2024-05-08,137.13943052760501,140.20078951889403,136.83815571741005,139.5593719482422,10202300
2024-05-09,138.91794394604602,139.31641088866365,137.15887625965587,138.77215576171875,8012700
2024-05-10,143.07751258469935,146.26521848560552,142.79566432432932,145.0601043701172,23671400
2024-05-13,143.854965796309,144.26314591037604,142.1833625695018,142.29026794433594,8278700
2024-05-14,142.3680210402363,147.7326867687592,142.13476890139228,147.67437744140625,12316500
2024-05-15,149.0447209433586,151.6104354109825,148.43244328570316,151.20225524902344,14027100
2024-05-16,149.76390959782242,150.69688862312123,147.92709138549145,147.94651794433594,13394100
2024-05-17,149.66669825461494,149.66669825461494,146.59561179630066,147.41197204589844,7711200
2024-05-20,147.40229548154738,149.8999877316143,146.5762217480234,149.22940063476562,9261200
2024-05-21,148.01454719259414,149.65699591949348,147.6743896490063,149.3459930419922,7919400
2024-05-22,151.4938030925245,152.80580745999592,150.19149717380384,151.75619506835938,13455200
2024-05-23,154.70094146395772,156.2559261476554,151.48408154362326,152.6697540283203,20873000
2024-05-24,152.77669316295797,156.13934198183998,152.30049030581284,155.49790954589844,11908200
2024-05-28,155.18689153139047,155.8672066831063,153.16543195359398,154.92449951171875,13964400
2024-05-29,152.3393525998371,152.46569939206978,148.89896800387385,149.99716186523438,15780000
2024-05-30,149.26823814189993,149.7153010584283,147.6160761823901,148.65597534179688,9687800
2024-05-31,147.21761483202064,148.20891797663032,143.65088396254131,146.7899932861328,13782600
2024-06-03,150.7551805279936,152.72805857130007,148.17003970432367,150.5899658203125,12924400
2024-06-04,149.083618816706,149.46264438814333,146.74144276215063,148.17979431152344,10066700
2024-06-05,154.12756047151515,159.1229295682122,153.50556950797667,158.33572387695312,23192600
2024-06-06,159.89071740527203,160.0656454219933,155.84776850744876,157.50965881347656,14819100
2024-06-07,158.96745474940596,161.44569067860542,157.40275653021916,159.76437377929688,14023300
2024-06-10,159.38534992950432,165.06101980695385,157.84980636406584,163.4282989501953,12418900
2024-06-11,163.44772644948355,163.6712653626182,159.18125332187478,161.0472412109375,11508600
2024-06-12,168.48195258912102,171.10597633290814,166.713157096324,168.11264038085938,20309500
2024-06-13,168.61375863254622,169.70568787529362,166.23493244013397,168.57476806640625,15591800
2024-06-14,167.6875761292066,169.28645707399454,166.08869518441867,168.18478393554688,9192500
2024-06-17,173.38116666101973,174.1903585681407,169.13048060595906,172.7962188720703,18593700
2024-06-18,175.5065271910058,180.22517472305853,174.50235262998441,175.18479919433594,27155100
2024-06-20,178.00232658488002,178.5775304394526,169.1499800238461,170.98284912109375,28403200
2024-06-21,168.37977478580035,173.0301693468025,167.8923109208236,169.5984344482422,20175600
2024-06-24,166.15692117629567,167.12210495709118,162.92991286160748,163.6026153564453,19741700
2024-06-25,165.68896974317428,168.31152779628778,164.77253526909718,168.2725372314453,13346800
2024-06-26,167.80457860826672,169.33522249001356,165.93271890103657,167.75584411621094,11901500
2024-06-27,169.4327221069174,171.08035272477096,166.85891291059454,167.32688903808594,10864600
2024-06-28,168.47726643874458,172.3867363377653,168.47726643874458,169.4521942138672,11216100
2024-07-01,169.87143893871118,170.90486010992956,166.17645394778643,168.0093231201172,10717000
2024-07-02,166.8394026600265,172.27950168282808,166.7419039275025,171.29481506347656,10655500
2024-07-03,173.52740615638058,177.91458129882812,173.42016350229426,177.91458129882812,11808700
2024-07-05,179.52320160094303,180.43963609835424,177.72933804817328,179.37696838378906,11372900
2024-07-08,185.2362769831111,187.96607772442144,180.4883834860914,181.95077514648438,22582400
2024-07-09,183.37416117021294,183.71539184109525,177.92431849190376,179.8936767578125,19935200
2024-07-10,183.55940974797423,186.62068252421054,182.01902199893306,186.2599639892578,19293500
2024-07-11,188.2488180831615,188.61929543264625,178.42154340834298,179.8741912841797,21584200
2024-07-12,178.48005042879478,185.60677070352315,178.1680663730833,182.65274047851562,19220300
2024-07-15,183.9493834585445,185.29478868017466,179.46472418014176,180.57614135742188,15683100
2024-07-16,183.54964887684218,184.83654575171136,180.38113373734902,181.37554931640625,16663300
2024-07-17,170.82685252198385,172.15275494223155,166.23493597888387,166.9076385498047,45052600
2024-07-18,171.0998294783442,174.20985155105137,160.3853675646893,167.5608367919922,52903600
2024-07-19,164.92853334352728,166.24469181765153,161.0775715273878,161.61378479003906,22585300
2024-07-22,162.43272680670106,166.59567281781221,162.0135001029924,165.10403442382812,21037200
2024-07-23,165.17226056789534,167.23910267439553,163.75861828040763,165.56224060058594,11690700
2024-07-24,160.9508340340854,161.3018086526218,155.58873089746854,155.79347229003906,19536600
2024-07-25,154.1945866277812,159.30319885220436,148.2962703780194,156.2614288330078,25731800
2024-07-26,160.18063666631753,160.46335917598833,155.19875513297674,157.8798065185547,13089200
2024-07-29,158.60123951616177,159.1374527548746,154.65279402249664,155.99818420410156,12663100
2024-07-30,156.41741166992838,157.10960204652505,148.72523226437872,150.6653289794922,22018000
2024-07-31,159.66393359979307,162.47171561177348,158.00655927737185,161.64303588867188,19860400
2024-08-01,159.3812014121719,163.4661515007702,152.90768105643346,154.21408081054688,21095600
2024-08-02,147.45784079888202,150.00240314259247,143.20715467733325,146.10269165039062,31095300
2024-08-05,130.50384045727716,146.23917510334877,130.2211179309467,144.24057006835938,31193100
2024-08-06,146.66814406510733,153.75587350331006,144.0163391965802,151.49403381347656,24528100
2024-08-07,157.49960699370678,158.57201877005073,150.64586496963042,151.15281677246094,22379000
2024-08-08,155.27675968783103,160.61936003221084,151.6402681701549,160.42437744140625,18889600
2024-08-09,162.15001647554598,163.59290561116504,159.14723673975226,162.92994689941406,20519400
2024-08-12,161.83801744069618,165.2795114407533,161.3895440998427,163.42715454101562,14727300
2024-08-13,163.78787502631818,168.12630088361692,162.16949126231341,168.01905822753906,15243500
2024-08-14,167.5705965198716,168.184790923525,162.99818271687033,165.70848083496094,11510300
2024-08-15,168.1067813352941,171.0413233232327,166.53716197123694,169.5984344482422,15393500
2024-08-16,169.04271845587456,170.61235269572387,167.9313014390768,170.16387939453125,10710000
2024-08-19,170.3783838364857,171.05108642578125,166.81015925066035,171.05108642578125,11511000
2024-08-20,171.0023358710578,171.0023358710578,165.59149830162426,167.72657775878906,13555500
2024-08-21,166.08870822262747,168.7405131503806,165.6499936677443,167.14163208007812,9434800
2024-08-22,167.6875791405279,168.93548551612747,161.8965057132707,162.26698303222656,13546100
2024-08-23,164.76277705330403,168.94521023296835,163.7098533792968,166.98561096191406,12189100
2024-08-26,166.1082077594046,166.7614076176986,163.61239490496231,164.8310546875,9611300
2024-08-27,162.2474993119566,166.30320294572684,160.90209404973973,166.27395629882812,9186000
2024-08-28,167.024635959261,168.14579696617233,162.03299556353804,164.95777893066406,10581400
2024-08-29,164.42156321237883,171.02182841082137,163.31014614454185,164.90902709960938,13213200
2024-08-30,165.7962148708397,167.91180635533226,164.51906186705907,167.3950958251953,9481400
2024-09-03,163.7878738410323,164.45081761837568,155.79346868832076,156.46617126464844,18464400
2024-09-04,155.3060104063036,159.77118177107477,154.96477970628155,156.83663940429688,11317400
2024-09-05,157.4898250587635,160.4633577256815,157.01211997333903,159.59567260742188,10260600
2024-09-06,160.7558110572869,161.26277757364412,152.09844922568266,152.88815307617188,14964400
2024-09-09,156.72938741074447,159.0107297634033,156.23217958933066,158.69874572753906,10339000
2024-09-10,158.80597145364422,158.80597145364422,153.7363504209483,158.3574981689453,11910800
2024-09-11,159.69316636888487,166.10819266642503,157.37283359337425,165.96194458007812,15059500
2024-09-12,166.93656994187484,168.45327355472804,165.3709221033578,167.7487335205078,13399900
2024-09-13,168.54134968425134,171.01701965268458,167.76830566325293,168.79576110839844,8787800
2024-09-16,166.26138198870976,166.89741801474992,163.1888104701731,165.44920349121094,12194300
2024-09-17,165.71343072478572,166.58431851271683,162.78763178589875,163.75637817382812,8629100
2024-09-18,164.8425195576351,167.91509102961803,163.41386482836324,163.68785095214844,9116000
2024-09-19,170.63541310166337,173.9623963957608,168.92299215564617,172.43589782714844,15855000
2024-09-20,171.11488710754224,172.2402012967797,169.92108384236928,170.34185791015625,18429800
2024-09-23,171.08551655344354,171.63348883431414,169.9699972870642,171.00723266601562,5794200
2024-09-24,175.64546266321838,178.85502758313143,173.24807632618513,178.0624237060547,14576100
2024-09-25,177.62207137963298,179.8726845165713,177.31873066134276,178.4342498779297,8280900
2024-09-26,184.45219118348598,185.2643697321562,179.85312096778853,182.81805419921875,15103400
2024-09-27,181.84931212967874,181.94717072573692,173.59054830818158,174.1483154296875,17908400
2024-09-30,170.52776500281814,173.02300979828374,168.2380023478601,169.94064331054688,13540200
2024-10-01,171.54543068233994,172.21083628172275,167.11270806293984,168.37501525878906,11850200
2024-10-02,169.2459066381689,173.16979152241427,167.12249153792848,172.02491760253906,11164400
2024-10-03,172.02490067505553,176.90773662236285,171.35949512686412,175.62586975097656,12555000
2024-10-04,175.84116625510242,177.33831024113115,173.73734076473218,177.2698211669922,9993800
2024-10-07,177.70036687908564,181.02735004255277,177.04474117467655,180.54786682128906,12054200
2024-10-08,180.9882195543381,182.53427787102325,178.1211299127469,182.0548095703125,10394200
2024-10-09,183.76722982401674,183.96293208469027,178.3461861234951,183.12139892578125,11925000
2024-10-10,181.86887226325538,183.06267537011234,180.44021750335102,181.79058837890625,6443800
2024-10-11,184.1292768284309,187.3779910422911,183.9727090499286,186.71258544921875,12163900
2024-10-14,186.5168868366693,190.0787217460163,186.40924835323608,188.08253479003906,11714400
2024-10-15,188.81641201559728,189.4622279253761,180.2934427000807,183.11160278320312,21812700
2024-10-16,185.70473042360481,185.9297873044982,182.65173297452128,183.45411682128906,18689200
2024-10-17,198.98332470353355,208.03469277957248,197.63295366125604,201.4198455810547,62274700
2024-10-18,201.52748494954287,201.52748494954287,196.44893115300434,196.468505859375,21030800
2024-10-21,196.49785347722914,199.07138228749915,195.37255426444887,197.61337280273438,14820000
2024-10-22,194.7952220673232,195.87159195222281,192.87730410362224,194.21788024902344,11165100
2024-10-23,192.45653595235694,198.76804221858893,192.01620212546595,196.54678344726562,16535700
2024-10-24,194.68758324293512,196.19450705159142,193.17086461616162,193.6796875,9935800
2024-10-25,195.94989454079777,200.7935968128843,195.70526296209513,199.07139587402344,13434900
2024-10-28,194.98113317128144,195.45083651680528,190.34292835045608,190.49948120117188,20135300
2024-10-29,190.21570795554868,194.52121727520372,189.44267882507023,192.71095275878906,13779100
2024-10-30,190.20594356187533,191.2529589199183,188.47394786121183,190.3037872314453,10007800
2024-10-31,188.71858296007352,188.71858296007352,183.63024918239384,186.44839477539062,13062700
2024-11-01,190.02979846129972,193.91454894387772,188.41523608983445,188.806640625,12691200
2024-11-04,189.54051759051845,190.1863484511213,186.5070953990233,187.44647216796875,10917300
2024-11-05,189.42309456659362,194.0808736815652,189.33503079625757,191.5562744140625,10339200
2024-11-06,187.9161626324431,190.0884919649707,184.45218649553743,189.07083129882812,19834900
2024-11-07,192.0944772741086,197.67207366682308,192.03576809067872,196.86968994140625,14865200
2024-11-08,199.5117087238807,202.17330121442967,195.7248170622274,196.8794708251953,13112100
2024-11-11,193.7090518649043,193.94388859546075,187.37798619749046,189.8830108642578,16610000
2024-11-12,189.66773916488248,189.8340868306795,185.64599580024523,187.6519775390625,11819000
2024-11-13,188.3075673540945,188.34670182887427,182.49511986070408,182.6516876220703,13882200
2024-11-14,184.3543203677982,188.52285131548757,183.51278728301284,184.45217895507812,11453900
2024-11-15,184.13905560820072,184.74575201346795,180.84142704812152,182.01565551757812,9834800
2024-11-18,180.39133948386313,183.96295470651205,179.54980622147121,183.45411682128906,10681500
2024-11-19,185.0686635829217,185.93955129708374,183.98249891189934,185.59706115722656,9390100
2024-11-20,184.7946840323351,184.7946840323351,180.10753504126848,184.31520080566406,10624500
2024-11-21,185.34265702170427,188.17059723242343,182.7299937763236,187.13336181640625,18137300
2024-11-22,188.80662589310418,188.8555551889636,185.3622095141242,185.99826049804688,8838900
2024-11-25,184.05099517632047,184.2075629567259,179.76506043838103,181.1056365966797,14380000
2024-11-26,181.41877160131224,181.90803475550254,178.41470359876962,179.89227294921875,10186600
2024-11-27,178.0917829750352,178.53211681484714,174.2266071549341,177.29917907714844,9895200
2024-11-29,177.61228980327877,182.93547485861853,177.2893743571506,180.6946563720703,8045300
2024-12-02,185.27416887915538,191.09639746656808,184.88276432564717,190.2255096435547,16646900
2024-12-03,189.34483869866443,194.72673333867814,188.46417100274908,194.6190948486328,11217700
2024-12-04,195.5584584815697,198.24940541376924,194.0123853615165,196.3804168701172,12761100
2024-12-05,196.92841000880946,201.21435980957014,196.4391468783528,199.9129180908203,12483700
2024-12-06,197.66229945030932,198.82674805882337,195.6367429771209,198.660400390625,9672900
2024-12-09,196.6152979739844,198.76806795058926,194.70717452301884,194.89309692382812,9699700
2024-12-10,194.82456448991297,195.61716829078313,186.2820203600085,187.8183135986328,15307900
2024-12-11,190.48970794705733,191.79114968307042,189.10998231739765,190.4212188720703,9027600
2024-12-12,191.05534966877076,191.830833611285,187.77668210728348,187.94357299804688,7944900
2024-12-13,194.8640610798348,198.8200428944105,193.6468451236814,197.29852294921875,19477000
2024-12-16,199.46793234421185,201.72569248205457,197.18072439845048,198.5059356689453,15139300
2024-12-17,197.30834593239138,198.68262692756937,193.84318065733453,196.97459411621094,11169400
2024-12-18,199.27160215726636,201.47046660782732,190.39764183402193,191.96824645996094,14721100
2024-12-19,194.75609181315775,194.9229826990445,190.3878254780675,191.06515502929688,10553400
2024-12-20,189.06262056676567,194.44196802320536,188.45399760339095,193.58795166015625,16170100
2024-12-23,197.30833909450243,204.22885846143532,197.2199956718468,203.55152893066406,17847000
2024-12-24,202.1379777016791,203.39446744045333,200.79314453874244,202.5404510498047,7634500
2024-12-26,201.7256936189015,204.3368424450223,199.16362946576803,199.33050537109375,8044900
2024-12-27,200.74404102792607,200.74404102792607,195.39414170773048,197.9267578125,10664400
2024-12-30,196.1696474952223,198.26053177605436,194.83462525135246,196.7095489501953,11235200
2024-12-31,197.10221787102086,198.0740405959166,193.73522157497322,193.8628387451172,6427900
2025-01-02,193.381802255391,200.0274653390722,193.0774982626213,197.877685546875,10951400
2025-01-03,200.3514177018653,204.96509248684876,199.9587552865976,204.77857971191406,10261900
2025-01-06,214.75197648598242,218.1189723815399,211.72854334669486,215.9691925048828,24339900
2025-01-07,217.1766211008016,217.41220357641478,207.43881767390624,207.53697204589844,17010000
2025-01-08,206.11361026591754,206.43755115460453,202.1379911501737,203.31594848632812,13262700
2025-01-10,203.78713693770834,206.12341466970105,199.49738801321033,204.54298400878906,17265200
2025-01-13,196.83714414101675,199.85075105214406,196.3757752199375,197.66171264648438,16612400
2025-01-14,201.4214067172163,202.47174691133299,194.85427534309173,197.75009155273438,14182900
2025-01-15,198.77097770325372,205.2006653037942,195.6886490364736,203.00181579589844,18286500
2025-01-16,214.86975022629585,217.87354625599792,209.25480556453113,210.8450469970703,38539600
2025-01-17,211.2181025934703,211.7187303435454,207.18358784715863,207.61550903320312,21606100
2025-01-21,210.52112635684279,216.1066083727916,208.15538603422732,214.68324279785156,19061300
2025-01-22,217.87357445546576,221.28965518839541,215.28206235142602,219.10061645507812,17294500
2025-01-23,216.05754925567436,220.5730545757548,215.38021971302751,220.49452209472656,8986800
2025-01-24,222.06514132909007,222.2418281771578,216.90175428440878,217.8048553466797,13183800
2025-01-27,193.4210768080765,203.19815399673797,184.22317482367578,188.7779541015625,68667500
2025-01-28,192.05660571973516,199.11455362206786,188.92520715241875,198.68263244628906,31738800
2025-01-29,200.7342388046098,202.6582320670179,196.08129064557733,198.61390686035156,15199500
2025-01-30,202.77604332858198,205.77001358045874,201.6471557939459,204.32701110839844,13539000
2025-01-31,206.07433754549376,211.0512271617516,204.37611558604397,205.47555541992188,15746900
2025-02-03,195.96352569221318,201.22508253049256,194.34382122102596,196.13040161132812,17719800
2025-02-04,200.3219592520505,201.97109637295486,198.36850315852655,200.3023223876953,12692900
2025-02-05,202.21651340815654,206.61422756401277,200.08637037987398,204.73931884765625,10997800
2025-02-06,206.20194419143797,207.30136899070067,203.1981478802099,206.6338653564453,8491400
2025-02-07,209.09774367718583,209.2646195725541,201.94164214738984,202.33428955078125,11616200
2025-02-10,204.1797914634577,206.1234218228205,202.73678885435098,204.13070678710938,9296500
2025-02-11,201.3625063083026,205.98599220266038,197.30835472407315,204.9062042236328,9224500
2025-02-12,201.13671012324917,203.26686812607602,199.28142329702854,202.58953857421875,7373700
2025-02-13,198.17217732245865,198.5844615982573,195.57083953999808,198.1230926513672,15580900
2025-02-14,196.30708831588123,202.4619353443405,193.83338236313224,200.15509033203125,23220300
2025-02-18,200.99927689223017,202.06926882724875,196.837160297179,199.01638793945312,14988100
2025-02-19,198.29977592903938,198.87895107184727,196.34633487014077,197.25924682617188,13163100
2025-02-20,196.6015678322172,196.66046344914116,193.9806080293252,196.4248809814453,10639300
2025-02-21,197.6322734472742,198.96729560030138,192.4099760614937,194.59902954101562,13757300
2025-02-24,193.2640202250117,195.13892894227098,187.94356812340766,188.13006591796875,15114300
2025-02-25,187.14844234109964,189.975551939885,184.02685464122436,185.89195251464844,20581000
2025-02-26,187.58035172984242,192.47870854328048,187.58035172984242,191.04551696777344,14112300
2025-02-27,191.11426201792884,191.19279450912188,177.7542271414913,177.7640380859375,24219200
2025-02-28,176.01671552181463,178.81437722717504,172.2963308296179,177.2143096923828,27929400
2025-03-03,177.82290689260583,178.2352061538265,167.9280541511645,169.79315185546875,37403000
2025-03-04,171.84475885424763,180.22791736836857,170.98091657739133,176.69403076171875,29395200
2025-03-05,179.63895691089508,181.3470048442897,177.40083340012455,180.89544677734375,17334000
2025-03-06,175.30010973957846,178.21556239148566,172.56134392546525,172.62025451660156,17864300
2025-03-07,172.56136792904027,175.1921538264911,167.87898633371287,173.84732055664062,21012700
2025-03-10,169.30235803346096,171.6779096861499,164.82611095378,167.51577758789062,18265100
2025-03-11,167.51574985278916,170.1465354070113,165.01259642452865,167.8298797607422,16561100
2025-03-12,172.37487385178298,174.85840577244466,171.55029020725658,173.91603088378906,14737600
2025-03-13,170.69626737255365,170.69626737255365,167.36853004298143,168.43850708007812,14381600
2025-03-14,169.4790385738201,171.16744959922298,168.77226116883566,170.89259338378906,11449400
2025-03-17,170.75516343842025,173.90621391660974,170.62756125454655,173.00311279296875,9678100
2025-03-18,171.84421908598918,172.04130773392998,167.95164686388395,170.61239624023438,9986000
2025-03-19,170.48427249619868,173.1745692333503,169.24260054910545,171.23321533203125,10678500
2025-03-20,172.30737131018432,176.07181379370516,172.01173084447672,174.88926696777344,12209700
2025-03-21,172.36649286299152,174.62318546573724,171.26276948276578,174.16001892089844,9993200
2025-03-24,177.37263516310404,180.2698697762024,177.0671304757584,178.52561950683594,11440000
2025-03-25,179.81655522168182,179.85596693262767,177.18538368676613,178.26937866210938,8718800
2025-03-26,176.62366075907707,176.93901458611813,168.97651089610858,170.97698974609375,14612400
2025-03-27,168.89769030683823,169.11449232663966,165.11353420341266,165.7935028076172,17559100
2025-03-28,165.5963758845333,166.17780760343155,161.6742567768864,162.84695434570312,16332000
2025-03-31,158.02807597915856,163.7141739468438,157.40723250753592,163.5860595703125,19408300
2025-04-01,163.97038692869847,166.41431901907504,162.6597257371973,166.1876678466797,9180000
2025-04-02,164.42370089754408,169.25243989282757,163.93097181488665,167.91221618652344,10072700
2025-04-03,157.73243614785235,159.4471388189363,154.9238893166978,155.09141540527344,28370500
2025-04-04,148.69578840627142,149.10967904921085,142.73376324038628,144.66526794433594,36085100
2025-04-07,132.5539865509284,151.51420908852614,132.2977728138838,144.04443359375,46388300
2025-04-08,149.7699529998641,150.39079656047105,136.95899469131987,139.31423950195312,30479700
2025-04-09,138.16121723437755,158.28426904861382,135.894660685229,156.44146728515625,45612500
2025-04-10,153.23875980669712,153.73148893790835,144.77367694134387,148.93231201171875,24503500
2025-04-11,153.73149485715285,155.7122606276051,151.02148453114535,154.79579162597656,19632200
2025-04-14,155.9980406217057,156.28381689181342,151.7901297745251,153.5738067626953,17509400
2025-04-15,154.2143634729415,155.9487645404872,153.78075944683025,155.04214477539062,14306600
2025-04-16,148.41001454104955,151.30724908845593,146.3306970870472,149.46444702148438,23806100
2025-04-17,153.78075442377525,155.20966579995059,149.24764070946162,149.53343200683594,27239900
2025-04-21,147.8088849624508,148.0946612322026,143.71922429600804,145.70985412597656,15170500
2025-04-22,145.84779750356526,150.3809107380295,145.29594337837423,149.19834899902344,12668600
2025-04-23,157.0524643225267,158.0477867015265,153.73147508913934,155.51515197753906,17667900
2025-04-24,155.4855848747269,162.15714072497394,155.10125679975275,161.79251098632812,18761100
2025-04-25,161.54615836796253,163.49737646506995,158.81644993220866,162.69915771484375,14654800
2025-04-28,162.60060388947855,162.91595773291507,158.16604196522005,161.02386474609375,11415600
2025-04-29,161.9896284824502,163.58606600150046,161.1224204291887,162.08816528320312,9830100
2025-04-30,161.16183449866185,164.49268817293975,159.39787085932915,164.2660369873047,10073000
2025-05-01,170.28718196721312,172.23838501579615,168.46407826104326,170.20834350585938,22670600
2025-05-02,177.18540088745686,178.02303139923274,174.56407826658196,176.67295837402344,21691200
2025-05-05,176.3970209894858,177.46131766915752,173.6870108904853,173.83482360839844,14618900
2025-05-06,170.09010362034877,172.198983719197,168.10932287166196,169.77474975585938,14565600
2025-05-07,171.56827261048522,173.42092373634193,168.87796099238295,172.00186157226562,9682500
2025-05-08,172.79023198015787,174.86954932107042,171.13466947168257,172.67198181152344,10343000
2025-05-09,177.1853963391371,177.83580239292604,173.90381856254703,173.95309448242188,11582800
2025-05-12,184.55661153839023,186.4191269454637,181.92543993391493,184.26097106933594,22064900
2025-05-13,184.9902098949475,191.4548131198742,184.9902098949475,191.16903686523438,19996000
2025-05-14,192.4402989805906,193.3666322046662,190.42010642294284,191.9278564453125,12359000
2025-05-15,190.2919977274667,191.66178411967616,188.84337286932217,191.3957061767578,10241800
2025-05-16,191.70119583419375,192.2432008894349,189.7697060479343,191.3957061767578,9146700
2025-05-19,186.25161033452943,190.68617248535156,186.0643708600352,190.68617248535156,10144400
2025-05-20,189.01090170313805,190.9128289717806,188.03529258959958,190.63690185546875,7054100
2025-05-21,190.29199152973158,192.4304340990348,187.7593566435917,188.97146606445312,7375700
2025-05-22,188.55755810839173,193.96772874498265,188.55755810839173,193.3370361328125,11825000
2025-05-23,189.22770495048428,189.99636121330312,187.2666375411951,189.1882781982422,9403100
2025-05-27,191.27744694252618,195.42621763729747,190.88325463150926,194.8053741455078,12228200
2025-05-28,193.2384895868867,195.18970759652035,192.63735949971846,193.2877655029297,17787600
2025-05-29,196.55951759970088,196.89456981022906,193.22866375989665,194.28309631347656,14609900
2025-05-30,192.92317413050205,193.06113768997423,187.78892981040894,190.50880432128906,11998300
2025-06-02,190.23284036028616,192.3220219259813,189.40505909833638,192.0066680908203,7447400
2025-06-03,191.52381595314938,195.28825863030664,190.8241339828809,194.7364044189453,9548300
2025-06-04,198.45158475693347,201.06304307256693,197.46612651904923,199.4567413330078,13531100
2025-06-05,201.90068598685608,202.76787899992377,199.33848858662626,200.38307189941406,12214300
2025-06-06,200.61959537833428,203.29017885562345,200.27467897084978,202.19631958007812,8532000
2025-06-09,203.39857195455645,206.22684728997706,202.87628029741273,203.98985290527344,11472300
2025-06-10,208.53279220998965,210.1292295436661,206.90679233583012,209.3704376220703,14514000
2025-06-11,211.87352445518428,214.26818079294267,209.8533320285805,210.9866180419922,13326400
2025-06-12,210.59097785383761,213.51860660495478,209.59203114779444,213.07351684570312,9796100
2025-06-13,207.811717213781,210.9272549746671,207.10947689198082,208.7908935546875,10152500
2025-06-16,210.67010784160857,215.21979695850854,210.4030570003079,213.32078552246094,10932900
2025-06-17,211.55037177570432,213.57795094713933,211.16463837952938,211.5602569580078,8389700
2025-06-18,212.35149783897486,212.8163579443363,210.56129896559096,211.1646270751953,6932000
2025-06-20,212.84603953216853,213.14276101134945,205.87315268488268,207.21827697753906,16992000
2025-06-23,204.36978504466168,208.2864601805501,203.94448074674293,208.01942443847656,7535500
2025-06-24,212.0449082519412,217.95949218310867,211.5404922870226,217.68255615234375,14814700
2025-06-25,218.38479179951528,221.05525494829968,218.38479179951528,220.30357360839844,9168400
2025-06-26,222.51905273054368,222.75643292435288,220.26399371093933,221.55966186523438,7982200
2025-06-27,221.84651185534918,226.37641563014375,221.57946100730405,226.06980895996094,13133000
2025-06-30,224.95216344629193,225.6543887018925,222.3410415335963,224.01255798339844,9279800
2025-07-01,224.94225500455963,226.09947026769942,218.76062048380976,222.2223358154297,9990200
2025-07-02,222.02451826759608,231.26236402149354,221.5497729797945,231.04476928710938,12012500
2025-07-03,231.3118238305155,234.9812488842855,230.71839594548146,232.23165893554688,7779600
2025-07-07,229.09632120907986,230.00625598256093,224.95215108885353,226.66322326660156,13817500
2025-07-08,227.2665499775294,227.8105368202231,225.0510467872318,225.3675537109375,8854400
2025-07-09,227.92922122251156,230.71838191577604,227.72152675753793,229.30401611328125,9475300
2025-07-10,230.23373509678026,230.50078592789444,225.27854240766604,227.24676513671875,13124700
2025-07-11,228.4732036715932,229.72931598676968,226.89069925443167,227.8797607421875,8817800
2025-07-14,226.821470109318,227.33578630258089,223.8345002259765,226.16868591308594,10673500
2025-07-15,231.89537025715035,235.1098201921258,231.29204212721817,234.35812377929688,14270100
2025-07-16,233.81412610965515,235.70323714456447,231.58873779607893,234.96144104003906,15092800
2025-07-17,243.10142219353872,245.56419078946456,238.7495575810806,242.91351318359375,27395700
2025-07-18,242.62669704630306,243.2794813199559,236.0791141278278,237.77040100097656,16252000
2025-07-21,237.49346307002887,239.68918099708932,236.09889770436786,236.23736572265625,11971800
2025-07-22,235.22850855188508,235.3966472031473,229.22489774255888,232.03384399414062,11919500
2025-07-23,235.91097282581484,237.86931053295794,233.79438164345882,237.701171875,9885400
2025-07-24,237.58248044627922,239.3034378763647,235.42631842966208,238.957275390625,9081900
2025-07-25,238.6803311230758,243.5465119470764,238.30448291942392,242.91351318359375,11593400
2025-07-28,240.34194616284356,241.2815515759682,238.41327924287592,240.0946807861328,11892200
2025-07-29,238.8583394406215,241.30132242196086,237.19672345383262,238.69020080566406,9411500
2025-07-30,239.47157786964024,241.89479074280126,238.58142851060097,240.25294494628906,6823800
2025-07-31,243.2893442791621,244.7037100762124,237.17695143480157,238.97703552246094,13490700
2025-08-01,233.042664998658,234.59549879241723,229.3040137488738,232.6371612548828,13549800
2025-08-04,235.3076381969098,236.38571166992188,233.80426040742444,236.38571166992188,6450700
2025-08-05,235.72302491404122,236.01974637714062,227.65227959551606,229.9271240234375,11868900
2025-08-06,228.50287981260698,229.66007997012798,226.31706232347207,228.8391571044922,9457200
2025-08-07,241.79588014745394,245.12901276652462,238.16602604278384,239.9661102294922,17691000
2025-08-08,240.50019173112435,240.50019173112435,236.3560217387914,239.1847381591797,10552500
2025-08-11,239.39245369359006,242.66626013917926,238.8979229128637,239.44190979003906,8272900
2025-08-12,241.05407115917808,242.09258875760275,239.05616269373908,241.61782836914062,7295800
2025-08-13,243.73443403610307,243.73443403610307,237.31543414287015,238.7990264892578,7971900
2025-08-14,235.3669903817146,238.73969406295274,234.22957557739298,238.3638458251953,11040500
2025-08-15,237.701149691863,238.16600979949223,234.66472367359907,236.2670135498047,8155500
2025-08-18,237.36486741059724,240.2034689976107,237.36486741059724,238.7693328857422,6919800
2025-08-19,237.3945392867456,237.54289247113815,230.0359195032672,230.15460205078125,14594700
2025-08-20,225.64451232924944,226.5247765476584,221.25307642010546,226.0994873046875,17165200
2025-08-21,225.6543758561067,227.8105377802662,223.78505021924937,224.84335327148438,7449100
2025-08-22,225.50602954319973,231.8854734132166,223.69604512662985,230.4414520263672,10299500
2025-08-25,231.73710258931123,234.68450150793558,229.70952358237176,233.0129852294922,7655000
2025-08-26,233.78446406541104,236.21756201810857,233.15146530329247,236.1087646484375,9793100
2025-08-27,234.27900399332705,236.7813285018608,232.8646532241043,236.6725311279297,9516400
2025-08-28,233.7152287241487,238.02753734338535,233.41850726433492,235.66368103027344,8466200
2025-08-29,233.26025652884064,233.36905389564595,228.05779856133378,228.34461975097656,15526000
2025-09-02,223.6762660785201,226.83137487415294,223.16196493273623,225.8917694091797,13974900
2025-09-03,228.98753058273127,229.90735056526964,226.09947271440987,228.85894775390625,7198500
2025-09-04,228.81938327434523,232.73605834941404,227.7808656845428,232.6371612548828,6241900
2025-09-05,237.61214384880353,241.87499656468773,235.29772843336622,240.74746704101562,14056600
2025-09-08,239.34299772238555,245.16856935138122,238.97703470505294,244.48611450195312,12986600
2025-09-09,244.2289474339731,251.9436301044328,244.2289474339731,248.17530822753906,13443400
2025-09-10,256.0383526818429,261.68588554992897,254.9306086009324,257.5911865234375,18822400
2025-09-11,257.5021623226766,258.7780600831707,255.40535681473955,256.0779113769531,10005000
2025-09-12,257.9967095132713,258.09562170431815,255.55372629485313,256.4933166503906,8496600
2025-09-15,257.15596445959676,259.9253243110428,255.91963770738712,258.5208740234375,8147700
2025-09-16,263.84097609726933,264.35689969082887,258.5724633115559,260.0111389160156,10381900
2025-09-17,262.2733433698033,262.7396700447274,257.6993996314724,260.7354736328125,10422000
2025-09-18,255.98290497700958,268.4248732551709,255.9630722413997,266.53973388671875,16917300
2025-09-19,264.2874363784624,264.4858848314026,260.75527192480314,262.7991638183594,17640200
2025-09-22,264.45615148973303,274.19935397621805,263.37467693651274,270.49853515625,15630300
2025-09-23,280.19215138731926,283.7640121414001,277.8109209775945,280.4997253417969,17830300
2025-09-24,278.1184531953196,279.0114106800884,274.55652448365356,278.51531982421875,10231000
2025-09-25,270.98467736982275,274.97326742244326,268.0775920808023,274.49700927734375,11863400
2025-09-26,271.74866369561613,273.3460617183889,268.5042101180865,271.2227783203125,10451900
2025-09-29,274.32833360045987,277.6819128974079,271.0938415527344,271.0938415527344,8046200
2025-09-30,273.16748261244913,277.30486349215727,271.68911123723694,277.1064453125,8348800
2025-10-01,276.263079250509,288.2089555817036,275.00301937242045,286.21466064453125,14620100
2025-10-02,294.201735453789,294.40018392472103,284.7859398924857,285.85748291015625,10198000
2025-10-03,290.5703234081303,293.7453170174171,288.2188575810383,289.90557861328125,10572500
2025-10-06,297.6644678735823,304.8974513064171,297.59500788147363,300.0357666015625,15785000
2025-10-07,304.22276587496935,304.6990240193715,290.9870648531753,291.731201171875,13081000
2025-10-08,292.69360127979013,304.00446659548385,291.6815868469853,302.13916015625,12821200
2025-10-09,299.9464865226407,300.46241017366395,295.0947331203456,297.5354919433594,10259900
2025-10-10,297.61482409111863,297.8529682966983,278.1382918317124,278.4657287597656,23398000
2025-10-13,295.9083028677765,302.24835937204824,290.0346033193896,300.52197265625,20318300
2025-10-14,293.3187078052985,299.3908555233887,289.0622394425253,293.62628173828125,16567900
2025-10-15,303.895392577868,304.21286776333625,297.7240201528247,302.3277282714844,20788000
2025-10-16,308.4990811506636,308.9356435668838,294.3704219464038,297.49578857421875,26341500
2025-10-17,296.0670304388142,300.92871499569696,292.614257300604,292.7729797363281,17633300
2025-10-20,297.6545340590304,301.27599150095165,294.73751720293313,295.3725280761719,13391600
2025-10-21,296.66237587176795,297.029478314998,291.3641283776369,292.2074890136719,11190500
2025-10-22,290.7092438004568,292.8920556948521,282.17647495734303,286.6214599609375,15409100
2025-10-23,287.5342487259885,291.7907167589458,287.36559479076834,288.4570007324219,10379900
2025-10-24,293.2591772976509,295.6205747892861,292.0884100589532,292.6539306640625,8747000
2025-10-27,296.3151101013185,298.13081988382834,291.3938964929148,295.9182434082031,13615000
2025-10-28,295.9876818048232,299.7678920400173,293.7651739833993,299.1725769042969,11804200
2025-10-29,303.4091830331609,305.5522993596172,300.0159382255111,302.7047424316406,16177300
2025-10-30,300.71041474560946,304.90735421516405,298.468104705007,300.8493347167969,14507100
2025-10-31,303.59770525177265,305.2744949490037,294.3604949347826,298.0811767578125,12667900
2025-11-03,300.22429017475446,307.69541799091246,299.75796351301875,302.4765319824219,12466600
2025-11-04,294.5589289653047,299.6289632802758,291.2152812422831,291.75103759765625,16224300
2025-11-05,290.3322240172327,295.8884479721017,289.22098528205584,291.3442687988281,10502500
2025-11-06,291.8006567120239,292.3364433314327,285.1331941869922,286.9786376953125,11516900
2025-11-07,282.9801478677512,285.6392179644077,274.96333266669853,284.26007080078125,15715700
2025-11-10,292.05859781386835,294.8069605685671,289.46901804750956,292.96148681640625,10869200
2025-11-11,289.7766112533748,292.6142669187118,286.6512446697196,288.8935852050781,9666300
2025-11-12,291.40380677329665,292.5646425230715,287.3159923229249,288.3478698730469,9715900
2025-11-13,286.90925294088515,287.2366596446681,277.81093160796917,279.9937438964844,13827600
2025-11-14,273.75285805235495,284.6172295623482,271.0938183480427,282.59320068359375,11486800
2025-11-17,279.23962493544076,284.2898262429512,277.612432385179,279.80517578125,10227100
2025-11-18,275.3800729425222,277.9994476801581,270.5878477107414,275.7372741699219,11850400
2025-11-19,274.755011120154,282.32533319842275,274.15969595458324,280.1623840332031,11179200
2025-11-20,289.92542986207985,290.56044073608274,274.24896982769974,275.3304443359375,15747300
2025-11-21,270.6771063971571,276.51114005253663,264.73394728093143,272.9095153808594,20872800
2025-11-24,271.05414860241115,282.8313417341185,271.05414860241115,282.4146423339844,13570300
2025-11-25,280.51957879068505,283.168687312,270.9449999389071,282.4543151855469,13726800
2025-11-26,286.8397618751708,290.52074784219457,285.4804776659429,287.6930236816406,12220300
2025-11-28,290.19334407185085,290.3818610363694,286.7405405037583,289.2309265136719,5515400
2025-12-01,284.6768096049723,288.88365066237424,280.97596066559765,285.43084716796875,7713000
2025-12-02,289.7170732420839,292.19752763627986,286.9191134184747,289.8063659667969,10746400
2025-12-03,289.89568272362914,294.30097251523483,283.8334662155739,293.14013671875,9599200
2025-12-04,291.6816100599067,291.73120703722344,287.9311641494156,290.6398010253906,6753000
2025-12-05,293.7354210413758,298.4482847720855,290.95732400644687,292.41583251953125,10275300
2025-12-08,298.84514290641494,300.2540239771721,294.40015794900637,299.5098876953125,16643100
2025-12-09,297.6445973625877,302.29793225289956,296.1662562251443,301.0378723144531,11349100
2025-12-10,302.98257458725914,311.52527628350236,300.13501744817404,307.7153015136719,12429200
2025-12-11,303.7507581691417,304.26807460223984,298.0999588756921,303.2831726074219,15028400
2025-12-12,302.7161132388162,302.7161132388162,289.48448241535397,290.5390319824219,19306100
2025-12-15,293.63302726110277,294.2796804187271,286.0720825024157,286.2611083984375,12082400
2025-12-16,285.7835789370498,286.9773930782894,281.86382693382285,285.39556884765625,11418400
2025-12-17,287.04703993240423,287.614117587584,273.6661568096194,275.5364990234375,16823000
2025-12-18,283.5351899801831,285.6840919054254,280.30189395409326,283.2168273925781,11260300
2025-12-19,284.90810644792566,290.66835626538773,284.90810644792566,287.46490478515625,12735800
2025-12-22,293.1554838489765,293.493732691408,289.71324551694175,291.7726135253906,6091100
2025-12-23,291.8920250943214,296.3788550570647,290.6982108724501,295.4237976074219,6802300
2025-12-24,296.2097021978008,297.62241721204856,294.70748375869647,297.2642517089844,2753900
2025-12-26,298.35858618714826,301.82071082512005,296.98567416931934,301.2834777832031,5125900
2025-12-29,300.22894787531203,302.9349691756451,297.11503019815467,299.3733825683594,6205100
2025-12-30,300.8059324655372,302.98467885528527,297.91091583768343,298.04022216796875,6190600
2025-12-31,302.43754506486727,305.8101362096284,301.8704673812959,302.328125,8175100
2026-01-02,310.3765265882512,319.93711947544307,310.0979669193405,317.96728515625,18526900
2026-01-05,328.7018245469152,329.5474618418999,319.8475742857987,320.5937194824219,17446300
2026-01-06,328.52276956882855,331.3680554544452,322.9217012206051,325.7471008300781,15599600
2026-01-07,323.0013177821987,324.6229146225213,316.90281908114616,317.0420837402344,11744800
2026-01-08,322.7227320712232,322.83215212591426,314.51513498327625,316.3755187988281,10850800
2026-01-09,318.186156924328,323.1007692434349,316.6142910064096,321.9666442871094,12325100
2026-01-12,320.44453640525086,331.8356696086022,319.4098731027985,330.0648193359375,12714800
2026-01-13,331.1591315955093,334.69090375314994,329.07987728467845,329.5076599121094,11473600
2026-01-14,328.16460730778095,328.16460730778095,323.1505332047328,325.4287414550781,11210800
2026-01-15,341.0480638104695,349.5242628055195,336.18321263410184,339.88409423828125,42188500
2026-01-16,344.7290589359912,348.0518887589723,339.7049961073824,340.6401672363281,18246100
2026-01-20,339.03843525904966,340.39143063452354,325.2198117253413,325.4784851074219,22809900
2026-01-21,331.7162742776711,331.92521680778634,324.0061066799057,324.44384765625,16789800
2026-01-22,331.70633142130043,333.327928191825,325.2198228962958,325.6874084472656,12801000
2026-01-23,330.3632680425013,335.4171450220839,329.6668536862397,333.14886474609375,12904400
2026-01-26,331.07957531024965,333.3777002269528,328.53273531285805,330.9999694824219,8646400
2026-01-27,334.7705043193549,339.4960909330754,332.8404728314193,336.6010437011719,11298100
2026-01-28,341.2669389047847,343.72424514237343,336.91940410614177,340.5406799316406,12140100
2026-01-29,338.05352465035566,341.97327674069385,326.5131692249356,337.8048095703125,13844800
2026-01-30,333.6960598625758,338.1530146381896,327.4085353918609,328.86102294921875,12028100
2026-02-02,329.0600043192495,342.4309292522656,327.40853256904984,339.6054992675781,12459100
2026-02-03,343.2964585126223,345.2662625188203,328.32379245385806,334.02435302734375,12540000
2026-02-04,333.8751345918697,337.05866944832655,317.4300944641324,324.0657958984375,18176000
2026-02-05,321.16080290831286,332.85041119948266,318.00708246167767,329.0301513671875,14812000
2026-02-06,335.7653663679586,347.92256099576986,334.9197290027381,347.0570373535156,17025500
2026-02-09,346.96749787603636,357.7517801934697,346.01241010097175,353.58331298828125,14594900
2026-02-10,362.4574411737488,362.88525417859324,354.5582782923775,360.0498962402344,14622100
2026-02-11,368.1778977228668,377.6290708618505,366.49661169632776,372.16729736328125,18651300
2026-02-12,377.0520396411809,378.0468999040864,320.4444967540037,366.20806884765625,16835400
2026-02-13,367.2526891184118,369.20260688741604,358.9157545960688,364.4770202636719,10468200
2026-02-17,360.0101138750984,364.317876239013,354.4090451865427,362.3281555175781,10063800
2026-02-18,361.9898539972341,367.49146059968047,358.8560501260037,360.3981018066406,7310500
2026-02-19,357.87114996380035,360.9353063430657,355.6028696838767,358.5377197265625,6346500
2026-02-20,357.93085210246517,370.2870308906031,357.2543543574776,368.63555908203125,9009200
2026-02-23,365.12369699323017,371.5106832672191,364.5765055989434,368.13812255859375,9550200
2026-02-24,377.4499954626336,387.1797280779624,374.11720735268767,383.7673645019531,13269500
2026-02-25,388.2044166508074,388.2044166508074,382.8520635515886,385.7371826171875,10948400
2026-02-26,384.1951580425536,384.4836760415777,367.7998791031673,374.8733215332031,14535700
2026-02-27,368.2376028761936,374.74396732300823,366.7253958022188,372.6547546386719,9186600
2026-03-02,363.482134090646,371.1823732345651,362.77579179913977,367.2128601074219,12571600
2026-03-03,347.75341597792504,354.1503909697605,342.37124831361416,351.3150329589844,18580200
2026-03-04,355.5929164372393,359.2341088470799,352.7277138615793,355.6028747558594,12131100
2026-03-05,353.0759230038478,357.6224419722406,342.0329673325376,352.041259765625,16249800
2026-03-06,341.7345153172319,346.927687332115,334.95951905814144,337.1482238769531,13803000
2026-03-09,333.8751301072361,347.6041904053892,330.21405140915897,346.9078063964844,19182800
2026-03-10,346.67897287429116,351.68311901099446,342.5403503481588,345.3060607910156,12985600
2026-03-11,352.11090404219846,355.51333967861297,348.55924543066214,352.7376708984375,10683300
2026-03-12,344.15201374736165,345.10710148802195,334.6511100969132,334.9794006347656,17549400
2026-03-13,342.1523487531383,342.74924061144304,334.49191272382546,336.5711669921875,17299900
2026-03-16,339.4961004047393,342.85873330456,338.0734573658087,338.4813537597656,11123500
2026-03-17,339.80422636727593,345.9498377627922,337.6093542809213,345.1716613769531,11434600
2026-03-18,344.97212438439857,347.1370678303785,338.5471682530561,338.7766418457031,12632600
2026-03-19,328.45082575092425,339.10586615055837,324.43024248767375,337.99847412109375,15411600
2026-03-20,335.8933840112334,336.8112479482066,325.13857128583965,328.47076416015625,17424200
2026-03-23,330.3264373947262,342.6076743711966,330.3264373947262,337.6592712402344,15857200
2026-03-24,334.785979471341,344.0742250937163,333.23958263321845,342.4480285644531,9725000
2026-03-25,345.1916191490497,349.6312345218189,342.69746005115195,346.9375305175781,12166900
2026-03-26,339.0260424773275,340.1134921176816,324.60979167775395,325.3480529785156,14560200
2026-03-27,324.07105189915274,328.790011660255,321.55695060249406,325.9765930175781,14484500
2026-03-30,326.4355412347163,328.82992777912506,313.0668246730703,315.7605285644531,15740000
2026-03-31,321.5569573535184,337.61934764620054,320.38970797374367,337.1604309082031,18488000
2026-04-01,343.0965116413069,347.8653425105511,338.9562137218917,340.692138671875,15011600
2026-04-02,326.07638551144646,341.27081394543603,326.03647044026826,338.2478942871094,8994600
2026-04-06,338.9562037807292,343.39581892266654,337.82883905569076,340.9615173339844,5884800
2026-04-07,338.64694705989115,344.7227149499429,334.8657933542661,344.5132141113281,6823500
2026-04-08,369.4248627966387,373.4254731273044,358.40066175401483,365.04510498046875,16356900
2026-04-09,362.4511920505476,367.30983960338875,359.87723322860296,364.6360778808594,9246000
2026-04-10,374.71246240799366,377.1168353024966,368.8861107224818,369.734130859375,13168200
2026-04-13,369.3949332866031,370.5921113356213,365.1947476205656,368.70654296875,9596300
2026-04-14,378.15442125299387,381.26712682827457,372.34801176649427,379.00244140625,12859500
2026-04-15,380.51888786713016,381.08756344198474,371.34037031444194,374.2236328125,14955500
2026-04-16,367.9981737410995,369.33506973188184,359.70759182167325,362.5010681152344,26405800
2026-04-17,372.32807283213566,374.7024866580013,364.286906540967,369.6343688964844,18419400
2026-04-20,368.3573563560101,369.20537650698327,363.39896703611515,365.3843078613281,11638300
2026-04-21,367.2200012207031,369.8837764053379,364.2569391372449,367.2200012207031,9808200
2026-04-22,370.91137431172075,387.0036931518485,369.7740536326661,386.5347900390625,16317200
2026-04-23,383.35224217986075,387.8517148042079,374.93195887493795,381.7659606933594,12224900
2026-04-24,395.2144730265238,408.5332577264124,392.92981485809634,401.5196838378906,21603600
2026-04-27,412.7833122399991,413.5315599359024,399.4644971636646,404.0338134765625,16561200
2026-04-28,391.2038526301569,396.94041842795855,383.80120564186564,391.42333984375,14715800
2026-04-29,391.9920175913842,394.92515107739615,387.27305769604214,392.90985107421875,10313000
2026-04-30,396.8805548572255,397.8582761473064,384.80881919042196,395.1346435546875,12788100
2026-05-01,392.52077768207715,403.0461167104827,391.21384077360295,396.74090576171875,9926400
2026-05-04,403.5748660890813,406.74745945720974,394.27666453205956,400.6716613769531,9978500
2026-05-05,403.6547204596296,405.18114463225464,391.6827566127574,393.488525390625,14579000
2026-05-06,401.4598431080775,418.719442367678,399.71393173607123,418.5198974609375,17736400
2026-05-07,417.1131700589296,419.01871118477544,407.1564763896412,413.182373046875,13403200
2026-05-08,415.97584625622636,416.025717257243,399.9433850490627,410.7181396484375,18531200
2026-05-11,405.7896903250927,406.7773980105824,397.25967856796774,403.5948486328125,14680000
2026-05-12,396.8207097656788,401.30020973210407,385.2178768500887,396.351806640625,18121800
2026-05-13,397.33948163077406,403.73450913124304,390.5553811479706,398.86590576171875,13127800
2026-05-14,402.2679401856103,420.9841194624343,401.16054818027357,416.7440490722656,18577100
2026-05-15,405.55027471857755,408.91239635591,397.8981811079678,403.4053039550781,11868600
2026-05-18,405.9293892063572,405.9293892063572,390.1363566382977,395.0249328613281,12117200
2026-05-19,388.59995521209726,397.9480581917038,384.16034005204995,391.69268798828125,14083000
2026-05-20,396.0724699406183,402.93640073945727,395.02493528427414,400.6816711425781,10254300
2026-05-21,398.57659636269995,410.4986581682928,398.57659636269995,406.19873046875,8937900
2026-05-22,408.47342232875764,409.7105459625166,401.9187648184228,403.57489013671875,7111900
2026-05-26,412.1547776294236,415.5168990579511,409.11191585695747,411.3566589355469,10132000
2026-05-27,426.0222949648963,429.5440462174616,414.4095066168901,421.7423400878906,14695600
2026-05-28,421.23352403082976,426.6009590399201,413.7410606943367,423.8673400878906,8905800
2026-05-29,426.07220654761306,429.4343280523075,416.275142560005,417.47235107421875,11232300
2026-06-01,423.88732908446804,448.34007446195545,421.5128847675093,434.6122131347656,18040400
2026-06-02,439.550621789287,447.3324162485465,434.99132221113416,445.6463623046875,10147900
2026-06-03,448.9386530451177,449.1082692608182,433.51478164674097,435.66973876953125,10245200
2026-06-04,429.6239016262129,446.96330070052613,426.3016646283289,443.8805236816406,10974100
2026-06-05,428.7658764802955,432.88623203958207,411.8255679561694,414.20001220703125,19644200
2026-06-08,422.7799063408481,432.79645773034827,421.5428131800681,425.8028259277344,11245400
2026-06-09,429.8733028229284,437.13629271417284,404.56258181002585,426.92022705078125,21199500
2026-06-10,412.9928324745404,425.3239709144749,406.74747878276156,407.7950134277344,13139700
2026-06-11,413.260009765625,422.25,408.8599853515625,421.07000732421875,13826500
2026-06-12,420.04998779296875,426.94000244140625,417.2099914550781,423.92999267578125,10362500
2026-06-15,438.67999267578125,442.5799865722656,431.92999267578125,441.3999938964844,11184900
2026-06-16,436.0199890136719,440.3299865722656,425.20001220703125,425.8299865722656,10943500
2026-06-17,434.75,442.5,431.6400146484375,432.1499938964844,10934100
2026-06-18,438.8800048828125,465.2200012207031,438.3900146484375,462.1199951171875,25817100
2026-06-22,476.0899963378906,476.7900085449219,465.1700134277344,467.6700134277344,13686200
2026-06-23,439.17999267578125,447.3299865722656,434.19000244140625,436.3900146484375,20364500
2026-06-24,433.9800109863281,443.8599853515625,432.5799865722656,440.8299865722656,9991200
2026-06-25,452.8999938964844,452.8999938964844,432.44000244140625,434.989990234375,14769500
2026-06-26,425.0,436.1300048828125,419.19000244140625,432.3500061035156,17974100
2026-06-29,437.0,456.1000061035156,431.0899963378906,455.1000061035156,14881400
2026-06-30,455.6099853515625,479.0,453.0,477.57000732421875,15074300
2026-07-01,467.6700134277344,468.510009765625,443.4700012207031,444.2300109863281,18534800
2026-07-02,450.5400085449219,461.4700012207031,429.5,434.1600036621094,18375000
2026-07-06,447.7799987792969,460.0299987792969,445.6000061035156,451.7900085449219,12788500
2026-07-07,438.0199890136719,439.79998779296875,428.1099853515625,432.57000732421875,14898400
2026-07-08,429.0,440.489990234375,428.75,436.9800109863281,11411200
2026-07-09,446.7300109863281,447.69000244140625,436.3900146484375,436.9599914550781,11455600
2026-07-10,438.6700134277344,439.6600036621094,428.1000061035156,434.1099853515625,9595100
2026-07-13,433.82000732421875,437.989990234375,420.2900085449219,421.5799865722656,14329800
2026-07-14,430.8699951171875,431.05999755859375,418.8599853515625,420.3900146484375,14279000
2026-07-15,425.75,428.8900146484375,410.75,419.4800109863281,17012300
2026-07-16,405.2900085449219,415.95001220703125,403.5,409.739990234375,24891300
2026-07-17,392.1199951171875,404.70001220703125,386.0199890136719,398.3699951171875,20986500
2026-07-20,407.7099914550781,409.8900146484375,400.0799865722656,402.29998779296875,11653600
2026-07-21,418.739990234375,425.3999938964844,413.55999755859375,424.6099853515625,18210100
2026-07-22,414.9100036621094,424.80999755859375,414.2099914550781,421.2099914550781,10259500
2026-07-23,415.8399963378906,420.8399963378906,411.79998779296875,415.5799865722656,11048800
2026-07-24,411.3500061035156,412.9200134277344,400.79998779296875,403.4100036621094,11525100
2026-07-27,406.0799865722656,407.42999267578125,388.79998779296875,399.0899963378906,17932300
2026-07-28,385.0,395.3599853515625,381.29998779296875,392.30999755859375,18276300
2026-07-29,388.0799865722656,391.25,372.7200012207031,374.6700134277344,21700200
2026-07-30,392.489990234375,406.7699890136719,387.6000061035156,403.30999755859375,17474200
2026-07-31,419.5,420.3500061035156,398.79998779296875,404.25,11956100
2026-08-03,400.5899963378906,407.44000244140625,398.20001220703125,406.1099853515625,12676900
2026-08-04,418.0,420.25,412.1099853515625,417.1700134277344,13929100
2026-08-05,419.32000732421875,426.29998779296875,413.07000732421875,414.0,12790400
2026-08-06,409.5400085449219,423.9100036621094,407.989990234375,418.20001220703125,10628900
2026-08-07,424.7900085449219,424.7900085449219,413.1000061035156,420.0400085449219,9159600
2026-08-10,420.3399963378906,425.8800048828125,416.0,418.4700012207031,11776100
2026-08-11,424.20001220703125,424.8999938964844,418.8699951171875,422.05999755859375,9703600
2026-08-12,432.6499938964844,433.2799987792969,427.0199890136719,429.1499938964844,9534200
2026-08-13,429.1499938964844,436.0400085449219,428.3900146484375,430.489990234375,8194000
2026-08-14,429.20001220703125,429.2699890136719,424.1000061035156,426.3500061035156,6324700
2026-08-17,429.9700012207031,435.7099914550781,426.79998779296875,430.9700012207031,9479400
2026-08-18,417.0,419.6300048828125,410.7699890136719,413.4100036621094,14030100
2026-08-19,418.1300048828125,419.6000061035156,407.8800048828125,412.0899963378906,8424700
2026-08-20,408.6000061035156,417.9599914550781,407.7200012207031,416.0,10447900
2026-08-21,423.0199890136719,425.67999267578125,416.70001220703125,418.95001220703125,8947200
2026-08-24,413.8699951171875,414.3399963378906,405.1499938964844,410.1199951171875,10645600
2026-08-25,414.5899963378906,419.7699890136719,414.0299987792969,417.4100036621094,7049800
2026-08-26,418.45001220703125,420.75,414.4100036621094,417.69000244140625,7449300
2026-08-27,423.0199890136719,429.6400146484375,420.5299987792969,427.29998779296875,12730200
