,Group_1,Group_2,Group_3,Group_4,Group_5
2011-01-03,0.9960009525365338,0.9969626099885897,0.9942649786819313,0.9901558069312526,0.9921067767284228
2011-01-04,1.0053966789739144,1.0005537937308526,0.9960861055596069,0.9925186635778868,1.0012072123804812
2011-01-05,1.0085586159922486,0.9992739012885192,0.9948778935479567,0.9896346090630844,0.9965590484587147
2011-01-06,1.0084306372796557,0.9977948163586079,0.9949608792362616,0.9880359187051543,0.9968807456439326
2011-01-07,1.0098507623297932,0.9967760235075203,0.9927014472942688,0.9881263995834634,1.0021939735646233
2011-01-10,1.0157367867642577,1.0009622542130252,0.9975646499057483,0.9930268787262342,1.0018334198969012
2011-01-11,1.0271031777864628,1.0108091375330717,1.0060853627569022,0.9995820931706878,1.0072014817918857
2011-01-12,1.025689420460005,1.01171463897541,1.0060271214521748,0.9984019909725511,1.0080212744437866
2011-01-13,1.0376658981986873,1.0199821560691722,1.0127687913998527,1.0072540143559452,1.0158584943890534
2011-01-14,1.039420626043403,1.0245438462814092,1.0177789123919232,1.0131988844319346,1.0177825696864173
2011-01-18,1.0234434598287443,1.0127823705128245,1.0076288217350766,0.9980165424378534,1.0019295647140682
2011-01-19,1.024866079587909,1.0127452520939508,1.007707838866936,0.9952568238955591,0.9861391516468897
2011-01-20,1.0277947211398215,1.012490679510515,1.0086863326235018,0.9951694196218523,0.9832884331611254
2011-01-21,1.0343247742392345,1.0199313483099317,1.0177189032494622,1.002164070360001,0.9880700004833254
2011-01-24,1.0346687517076996,1.019224165026908,1.0201554725026696,1.004786947959137,0.987587425555912
2011-01-25,1.0377263605923643,1.0223778915741888,1.0267209995610063,1.013500124047708,1.0013604843828035
2011-01-26,1.042802737439498,1.0283612824399009,1.0289111495907988,1.021195162554969,1.010528484123515
2011-01-27,1.0237120878290067,1.0090274344752421,1.0112790289639686,1.0032899733400436,0.9853774538091493
2011-01-28,1.0280492904270275,1.0132150099564563,1.0184019091576009,1.0127007457836579,0.9939879416732669
2011-01-31,1.0433086570499064,1.0285549918073584,1.0333164373281418,1.0279948468865698,1.01080155885148
2011-02-01,1.0415493559344977,1.025108957776756,1.0308603120504711,1.0269226573429502,1.0093046642006507
2011-02-02,1.0428508284316138,1.0280496352811175,1.0332595122196309,1.0334380286655478,1.0128882611410488
2011-02-03,1.046829139335064,1.030000311725493,1.035252348645281,1.0389000213403885,1.0226915742903415
2011-02-04,1.0525131057928796,1.0357612399633012,1.038446595092775,1.0473469917360592,1.0298742026975336
2011-02-07,1.05682880619,1.039587271393374,1.043542891816078,1.0509477505664897,1.0376272923342573
2011-02-08,1.053707177066426,1.0357151637768678,1.0404267154602898,1.0520193295599096,1.0370262395282668
2011-02-09,1.0527310341625147,1.0364257854059642,1.0439675749904818,1.0577464967643369,1.0420244388141449
2011-02-10,1.0559701224325269,1.0431204435269876,1.0474321008405623,1.0661129712981243,1.0563334265532127
2011-02-11,1.0542274519428239,1.044109187564276,1.0479525484504875,1.0690711219026088,1.0606408520204025
2011-02-14,1.050404854095001,1.0414331422647134,1.0482256482561254,1.0647829152406674,1.0541089724454717
2011-02-15,1.0548132671388075,1.0476376484342758,1.0566424670620926,1.0736538614995859,1.0621329039349212
2011-02-16,1.0626208929466265,1.050936261887183,1.062659890241668,1.0786591089948196,1.0623570796890844
2011-02-17,1.0653109700622863,1.0574065624739926,1.0671237912620795,1.080870805421924,1.063240267776339
2011-02-18,1.0406041822309688,1.0358856361336732,1.0495768890621366,1.0514581158158625,1.029467419220573
2011-02-22,1.0289191477147472,1.026676184947457,1.0401167687686974,1.0392855911607348,1.0098599079825896
2011-02-23,1.0289771658077382,1.0277631851785747,1.039126174524734,1.0417730350904453,1.0182773234324916
2011-02-24,1.0426398877430383,1.038788994197003,1.0520565213813442,1.0592869392390865,1.0370869785333343
2011-02-25,1.0456159890948857,1.04373315633019,1.059901444089933,1.065176615833663,1.0342204143835754
2011-02-28,1.0318537552948108,1.0295773402499038,1.0430829608889027,1.0445928671889644,1.013745041959944
2011-03-01,1.034493948707205,1.0311946733522874,1.0448322416753875,1.0466425900390564,1.020789842916963
2011-03-02,1.0512851961067708,1.0498098973492322,1.0632449617106814,1.0674587876818427,1.0439650343544793
2011-03-03,1.042885841204129,1.042577245288219,1.0572157283314323,1.0606192390596325,1.0410594676311946
2011-03-04,1.0383590234625188,1.0349701035165473,1.048332020363216,1.0490354164549174,1.0241378513029524
2011-03-07,1.0538995046877604,1.0481899315059773,1.0604852590045788,1.0603199882736924,1.0340395501588266
2011-03-08,1.055264332851194,1.0492177039526935,1.0595380122683686,1.0576855911666723,1.0267373038091194
2011-03-09,1.0392942294875251,1.029126445867455,1.04086395533771,1.037412606898991,1.0065068918867655
2011-03-10,1.04470656629836,1.0363972973649451,1.0488216768514493,1.0450645534970513,1.014475336396582
2011-03-11,1.035751550139916,1.0271636603817307,1.0414146110023488,1.0386603492313107,1.0077965856863254
2011-03-14,1.024284413214279,1.0164556175588924,1.0316705713543812,1.0307501612209138,0.9993705425825627
2011-03-15,1.0088710172049442,1.0001989697754519,1.0157186910165232,1.0144118717848531,0.9853462284987635
2011-03-16,1.0159412268532528,1.0104955443762087,1.0245426400163604,1.0263593130864432,0.9930368923748563
2011-03-17,1.0244033273956754,1.0190257510359926,1.0300662234031528,1.0341223935045611,0.9940009498713722
2011-03-18,1.0362255084791616,1.0315935379497265,1.0420810094650803,1.0512887601602623,1.0171897401683423
2011-03-21,1.034766207654456,1.028000693349028,1.037785584572988,1.044366984293794,1.0087571736895264
2011-03-22,1.0386793565946568,1.0290151414226119,1.0389865644753131,1.0490401039076993,1.0148462445549522
2011-03-23,1.0484774025895696,1.0384062811051482,1.047425595487319,1.0605101679178577,1.0291251143812095
2011-03-24,1.0501343898402773,1.0400924803229286,1.052515499397842,1.0657737900336044,1.0357871732924118
2011-03-25,1.049541463379193,1.0368419365312425,1.0484819207424396,1.063562429715846,1.0348364876234688
2011-03-28,1.053645388357454,1.0447366528382125,1.0555594908323325,1.0716498975369215,1.0473390963369638
2011-03-29,1.061607353301672,1.0531148902842014,1.0644968476245835,1.0808146597168247,1.056608844112868
2011-03-30,1.0595478433292407,1.0528837911778541,1.065181738230411,1.082648706455364,1.0584760102251591
2011-03-31,1.0669534196715396,1.059303546785065,1.071030429581316,1.0901808293695778,1.0634688934112344
2011-04-01,1.066966894566625,1.0603339197160273,1.0720759027141211,1.0910799289810902,1.0648700071653312
2011-04-04,1.068888357193225,1.0587482030119866,1.0693777605717543,1.0916020291192678,1.0674450026085527
2011-04-05,1.078635598337548,1.0653988143153956,1.0724064225571368,1.0917307689881797,1.0646727562714753
2011-04-06,1.0766917070310718,1.0612988116548083,1.069478594237941,1.0876102594419501,1.0598938452725968
2011-04-07,1.0733398751020244,1.0542533961316214,1.0637690793595085,1.0795312294299952,1.0512323250744395
2011-04-08,1.0701172862843409,1.052411608029182,1.0602126493947044,1.078314345307583,1.0456203563786521
2011-04-11,1.0660208200259182,1.0476880227239227,1.0548532361217735,1.0701546666303505,1.035615306332935
2011-04-12,1.0625350534376936,1.0466109638534338,1.05517190247088,1.072639606018702,1.0468922686813666
2011-04-13,1.0605575288419744,1.048402663964647,1.0566087592359241,1.0759323527848081,1.0468278474914743
2011-04-14,1.0643427447693141,1.0536392358552304,1.0636105182861777,1.0840532764383783,1.052319698173811
2011-04-15,1.0524890578671613,1.0426387931425953,1.0505962637542907,1.0702022232433555,1.03848009960012
2011-04-18,1.0549365834737092,1.0469245489249273,1.0551356929476847,1.075133049842059,1.0453937408611258
2011-04-19,1.0699122611185115,1.0581838730581847,1.0679223932893198,1.094055786653942,1.0677415293758634
2011-04-20,1.0707763071416934,1.0598967649609925,1.0735713458386555,1.1039426874530185,1.078247299040183
2011-04-21,1.070468810807978,1.0589476408524583,1.0732104451157543,1.1018678498446848,1.0753241872164743
2011-04-25,1.0831150978381596,1.0680048471274834,1.0831667486138328,1.112994876745611,1.0852788182947584
2011-04-26,1.0881261912230722,1.0771415767637622,1.0906047640114007,1.1230624596029262,1.0951549491367922
2011-04-27,1.0936585910821197,1.0814234354120342,1.0938081750377524,1.126972468024172,1.0950263435606835
2011-04-28,1.0911428148826825,1.0823294537677068,1.0944949583771735,1.1309179932227034,1.0968967537130239
2011-04-29,1.0889494191767928,1.0821608013107855,1.0936380984054992,1.12962282411226,1.0907620815888925
2011-05-02,1.087887316499725,1.0810650045239056,1.0912878729592441,1.121375150121323,1.0759722650281867
2011-05-03,1.0844649683448173,1.0739479912008987,1.0838487070093947,1.1099432576331736,1.0634630021206446
2011-05-04,1.0801324515153703,1.0671744313316027,1.080953859804605,1.106422565118172,1.0592746819051613
2011-05-05,1.084025598811933,1.0714103436610876,1.0830858910064363,1.1124575629706095,1.0674548956607661
2011-05-06,1.0840997070330722,1.07471831220001,1.0876944472829688,1.1216254203410234,1.080226393378643
2011-05-09,1.0962602666250438,1.081784960559103,1.0994776938251438,1.1341887775997024,1.0926412352203076
2011-05-10,1.0882595364661316,1.073827361737857,1.089276306346567,1.1209655952695137,1.0773224099841603
2011-05-11,1.093776929742403,1.0817795788884985,1.0974632785807963,1.1286659407021273,1.0814670965102897
2011-05-12,1.0832214403808058,1.073926643697991,1.0846739862712216,1.1198276515998693,1.0707143424649364
2011-05-13,1.0790041046834955,1.0699235060187222,1.081443520660426,1.112277582310583,1.057238580611362
2011-05-16,1.0795435032178096,1.0702836790456038,1.0776099934506516,1.1081223194333132,1.0516530385406486
2011-05-17,1.0860621222267761,1.0755912576098448,1.087619525994899,1.1252398455442165,1.0703690330894378
2011-05-18,1.0898813501778122,1.0788809000025004,1.0890685731353218,1.1268432905684547,1.0734976335097166
2011-05-19,1.083251680918578,1.071482303275372,1.0818260995989126,1.118362075527109,1.0643602703091637
2011-05-20,1.0693700185004256,1.0597014244066982,1.0676245406961153,1.1005515328339155,1.0468964324763146
2011-05-23,1.065228829802299,1.0576469346870665,1.065337864064281,1.0961234885778626,1.0443623999243288
2011-05-24,1.0642238228366143,1.0592315464957844,1.0696078881969424,1.101362001422983,1.0570947350643551
2011-05-25,1.069251563318437,1.0620799019304454,1.075955294500437,1.1093690800641105,1.0661814662500213
2011-05-26,1.0761545239724806,1.0657851550330726,1.080666335857678,1.1163043184228678,1.0698904514234067
2011-05-27,1.0869517248531009,1.0761014768497383,1.0909611030826383,1.1283223930837611,1.0806120301688595
2011-05-31,1.0589801202418792,1.0549765232549022,1.0646718458526023,1.0987761362265749,1.0546275181177576
2011-06-01,1.0567033535116162,1.0522670526682232,1.0636248961547907,1.0978758183102197,1.0584118988183024
2011-06-02,1.043965506787587,1.0411761425615842,1.0506304343636907,1.0847423538622254,1.0442516212663269
2011-06-03,1.0321529061475767,1.0309973249044357,1.0424485573497067,1.0741940110858044,1.0284605860199858
2011-06-06,1.0302458613579002,1.0321058795275748,1.0430850882903253,1.0797496171495287,1.0321300686786767
2011-06-07,1.0233729878122153,1.0254174925106878,1.0369293148954186,1.0729455634557157,1.020825073271432
2011-06-08,1.0300889053690718,1.029173082802521,1.042634617536554,1.0786585928457395,1.0303513041432832
2011-06-09,1.0189144974844115,1.0171417623110695,1.0265375730993107,1.0620412773029653,1.011776712030699
2011-06-10,1.0199857548150095,1.0198226544330717,1.0269134692137092,1.061551157714803,1.0057517256900996
2011-06-13,1.0327234332133852,1.0341686748821939,1.0402019185751137,1.0774012817011298,1.026402419658054
2011-06-14,1.0135211010360596,1.0192095388601894,1.024151851535391,1.059293123387015,1.006703713588586
2011-06-15,1.0169815289217246,1.0232669973837494,1.0270217034313744,1.0597755337034127,0.9991532182313316
2011-06-16,1.0210513702317705,1.0292831508365516,1.03016466258748,1.0651723258036947,0.9958413118693833
2011-06-17,1.0242613304678065,1.0359961451320834,1.0365759723713635,1.072529827580751,1.0055554513784934
2011-06-20,1.0381068675956258,1.046296111000399,1.0511690451952362,1.0924131168724471,1.0310893360484412
2011-06-21,1.0303001176259012,1.0404687508919428,1.0454612480563907,1.0869340844107245,1.0264033984534828
2011-06-22,1.0286151285991256,1.0407740483222194,1.0394900747109517,1.0857774509104539,1.0303851142684806
2011-06-23,1.0145059433121324,1.0320113893662286,1.0305996359235639,1.0760144321761804,1.0194014078214517
2011-06-24,1.0224732441019717,1.0369305149639876,1.038722395762973,1.08436831976063,1.0296375625036156
2011-06-27,1.0299925421428946,1.0467469409832009,1.0501200133465223,1.1002449637748568,1.0492338309538172
2011-06-28,1.040440189889803,1.0527397199597814,1.0570786152238068,1.1090357648098943,1.0571527600976087
2011-06-29,1.0479749957831417,1.0603782203964909,1.0656696097723,1.119875479249934,1.067552209464362
2011-06-30,1.0636200588113978,1.0760315335593724,1.0823476492520296,1.1389305397646987,1.08625698052054
2011-07-01,1.0565941461570427,1.0709909094737649,1.0803228809470886,1.1385823646712172,1.0909564743769053
2011-07-05,1.0551704513911944,1.0723411851288869,1.0841986242692885,1.143224119105534,1.0935567361638039
2011-07-06,1.0687246159311659,1.083182988004292,1.0958384605594589,1.157131303949787,1.1062213954916755
2011-07-07,1.0559598059068465,1.0740725242290619,1.0887389698936427,1.1492208774163533,1.09978074417858
2011-07-08,1.0336781518991471,1.0559770444608552,1.0694789958922362,1.1247955018839222,1.0736049728356236
2011-07-11,1.0306598455925344,1.0556092021484333,1.0647875958308972,1.117028720854489,1.064930470921678
2011-07-12,1.0337324583423368,1.0560638274377168,1.066062611508769,1.118913497433809,1.0706609414197454
2011-07-13,1.0227665412196365,1.0454903010059278,1.0561807365942408,1.1078515342016264,1.0581198081858727
2011-07-14,1.0278274592149905,1.0452914156075526,1.0590147240749461,1.1137390239751144,1.063055402304474
2011-07-15,1.0140792529733973,1.031751479751824,1.0463840503057706,1.0996217231094965,1.0529289964788004
2011-07-18,1.0301843748468167,1.0438393018600556,1.0643468441384187,1.1172243701486753,1.0747284703744577
2011-07-19,1.033775667238797,1.0440522764043048,1.0638512187323255,1.116174808373908,1.0697021361857852
2011-07-20,1.0502412047798484,1.0551873561949972,1.0731473458684888,1.1265723027157306,1.0793864503132977
2011-07-21,1.054822705317201,1.0541118838115522,1.0781417160463593,1.1269319176942727,1.0814220578457214
2011-07-22,1.048061364178071,1.047657913251254,1.0701321139375977,1.1212102639923551,1.0708754196591128
2011-07-25,1.0468477455381326,1.0395510244024193,1.0669928117151142,1.1105930208922246,1.066300905809466
2011-07-26,1.0236352495368055,1.019071317963085,1.0439814008943573,1.081402028974676,1.0362327874285129
2011-07-27,1.0175115319607821,1.0164172990783467,1.0410827679318884,1.0766337741148195,1.0336735647994457
2011-07-28,1.0138196565944397,1.0118707407358052,1.0371738082216373,1.072645853831424,1.032023033966257
2011-07-29,1.0050108449568285,1.0057289972084753,1.0303439797999594,1.0626138431192034,1.026709390509131
2011-08-01,0.976140083099325,0.9806137417504874,1.0009408454764366,1.032600537067494,0.9891589462609396
2011-08-02,0.9859407318014104,0.9885581846777216,1.0081590787962396,1.0402440894884377,0.9977677958294209
2011-08-03,0.9386592057263033,0.9469393116766421,0.9589302944424652,0.9840516066983966,0.9346618315745178
2011-08-04,0.9342507137075701,0.9457119928518414,0.9538304501338424,0.9811623661907171,0.9259602906696947
2011-08-05,0.8686772860490822,0.883794648780355,0.8876031700072975,0.9094264303722448,0.8490571778424933
2011-08-08,0.9115337991383186,0.9279178564190019,0.9325287041623644,0.9590369180942029,0.9079143606563408
2011-08-09,0.8627239912916476,0.8894524531517367,0.8927524151413198,0.9213492715624004,0.8759351722294554
2011-08-10,0.9062086010863878,0.9314157892641246,0.9368287689463188,0.9651748850373398,0.9240586660575199
2011-08-11,0.9028042294058026,0.934884691568784,0.9420527700889492,0.974589867140199,0.9391960451405702
2011-08-12,0.9308252088720552,0.9547755652116077,0.9610508707164424,0.9957730257601832,0.9594328170509665
2011-08-15,0.9242842244617827,0.9473752207241062,0.9518652845012083,0.9833404674980458,0.9431759836140436
2011-08-16,0.9245857815852788,0.9468213818075178,0.9508383703089532,0.9811824844585655,0.9371363957505955
2011-08-17,0.883278638569635,0.9071167472948386,0.9043823231282568,0.9277652177828278,0.8782011031487197
2011-08-18,0.8704853830949987,0.8961255862925385,0.8908611854545629,0.915318536733544,0.8598355403723963
2011-08-19,0.8710594452633228,0.8978336732285459,0.8945842144060513,0.9170467166363792,0.8585140820873859
2011-08-22,0.8978556773923804,0.9273129746271741,0.9281004384579229,0.9500295118788296,0.900567921722382
2011-08-23,0.9140711978840794,0.9419652584501785,0.9413702963269154,0.9638026191242223,0.9126006889487241
2011-08-24,0.901319971606227,0.9246065540128274,0.9228026656435155,0.9439432388611064,0.8930229752253727
2011-08-25,0.9145800276472302,0.9394220554500885,0.9406563964860845,0.9648852490342241,0.9179618229221624
2011-08-26,0.9466927639607884,0.9728495801762305,0.9721271371844311,0.9947056599753541,0.9510316642980453
2011-08-29,0.9470417110861526,0.9750114398684798,0.9724699627758232,0.9980300110448993,0.9587046393925117
2011-08-30,0.9518079992096067,0.9806047289025546,0.9780487889227581,1.0050535053866398,0.9606575915449531
2011-08-31,0.9322066974421179,0.9687345805249992,0.9654023160257945,0.992948162701043,0.9491862720568391
2011-09-01,0.9041885154549161,0.9408655834432107,0.9388015000268481,0.964443399468146,0.924047484924621
2011-09-02,0.8936992722345509,0.9319394256111243,0.9328524349768947,0.9572828188494911,0.922657177582778
2011-09-06,0.929792251766289,0.96333389580624,0.9628563130733222,0.9888403121173331,0.9534995270551163
2011-09-07,0.9126770669717,0.9502349915584886,0.9512443136516011,0.9784592685228802,0.9463366610503463
2011-09-08,0.8877514359243847,0.926461400385179,0.9253815327663525,0.9525803300256567,0.9199181733030218
2011-09-09,0.8940805337804717,0.9313722514772699,0.9302933960501045,0.9575263990568984,0.9267344477810086
2011-09-12,0.9069862116042904,0.9414142663613115,0.9421274462801282,0.9717035487028046,0.9427933642977663
2011-09-13,0.9226147224043191,0.9552921728815575,0.9553390549582738,0.9872573312352014,0.9582390880338646
2011-09-14,0.9417387043691617,0.968498809238761,0.9687994152303581,1.00297924040213,0.9685972204933448
2011-09-15,0.9436283266104486,0.9716077949414802,0.972655620844306,1.0048557802542686,0.9747242230933384
2011-09-16,0.9205691020146247,0.9593042777271883,0.9630199257055466,0.9922590284391356,0.9728112632265136
2011-09-19,0.915132372525623,0.954435290425248,0.9600120119047162,0.9875622450367275,0.9667655322042354
2011-09-20,0.881246176401955,0.9242662855639429,0.9321319833215631,0.9557211189276645,0.9408175465633182
2011-09-21,0.8494802268736398,0.8939044670969905,0.9039781725043006,0.9279860955396202,0.9104224242764014
2011-09-22,0.8620377435517599,0.9008155848691923,0.9113557153003258,0.9357140730732514,0.916759634644063
2011-09-23,0.8877682310164156,0.9238196349910712,0.9275382760083342,0.952484298362592,0.9336470202367335
2011-09-26,0.8996715871141728,0.9398639522284395,0.9417493218060781,0.9648645965683945,0.9426470906627615
2011-09-27,0.8720437849635513,0.9168480655170472,0.9188243993637263,0.9414184774956903,0.9177799394439372
2011-09-28,0.8877718933554991,0.9261409395318666,0.9270551171696634,0.9492311242796524,0.9129400469871825
2011-09-29,0.852981433204509,0.9017151117658758,0.9059305734987647,0.9275020741337658,0.8897232356094387
2011-09-30,0.8125141278427516,0.8681363456010512,0.8767295302419241,0.8979054276973083,0.8555700653204874
2011-10-03,0.8481637162185599,0.894741252135837,0.9017749758761211,0.922743990620748,0.8825308773381606
2011-10-04,0.8715269284458794,0.9131366231424529,0.916720665065294,0.9375698615992382,0.8989592574388747
2011-10-05,0.8979984274882501,0.935063134285926,0.9343109774252919,0.9564710507060593,0.9187763076852642
2011-10-06,0.876478818086447,0.9221636004625444,0.926357507276403,0.9472102315390989,0.907852767209328
2011-10-07,0.914202142680941,0.9563257430749204,0.9557162084104972,0.9759344433482431,0.9404541177211112
2011-10-10,0.9140289929865806,0.9569480009926301,0.9526617322151771,0.9749151994885519,0.9378851928771959
2011-10-11,0.9338303009992323,0.9757230390731343,0.9588612983603687,0.9823012886444792,0.945198598590332
2011-10-12,0.926339740380181,0.9719771912792139,0.9579252522550307,0.9821493695366857,0.9483332961299862
2011-10-13,0.9397215208503066,0.9898127847412034,0.9715369631941462,0.9966851665503854,0.9625387340910252
2011-10-14,0.9101805426994743,0.9642594752739406,0.9504551657428864,0.9748650629051119,0.9449039612721606
2011-10-17,0.945867102864222,0.9945798424346065,0.9708803430091226,0.9938062233050868,0.9598443100158833
2011-10-18,0.9259686740851328,0.9786814013630147,0.9607107745190966,0.9835484967684658,0.9461592312218742
2011-10-19,0.9365162145485328,0.9850215716282693,0.9657333226557676,0.9902441527926756,0.9475579806078381
2011-10-20,0.9626924867589868,1.0085304959707255,0.9887784924373647,1.0108310686988156,0.9649738653443956
2011-10-21,0.9930610693534371,1.0313330544484538,1.0065755723525123,1.021809625078469,0.9854970636625248
2011-10-24,0.9610383938599446,1.002563919228437,0.9870866589345024,1.0044526172229442,0.9674112285882086
2011-10-25,0.9774556195273048,1.0148013335050368,0.9946074052998,1.013458456734757,0.9746312952160149
2011-10-26,1.0371840586797927,1.055500923794008,1.032934845196118,1.0449022350406814,1.003707113971387
2011-10-27,1.0377628684611455,1.062178849642234,1.0327986745552062,1.0414023297937343,1.0037555494029224
2011-10-28,0.9997049459506863,1.0324248530910993,1.011724079962573,1.0230220899320963,0.9901560638599232
2011-10-31,0.9626580273336884,0.9950366442635031,0.9817734348090076,0.9956355285801327,0.9693297579686393
2011-11-01,0.9883948654809144,1.017924184590673,0.9966582472451809,1.0130051792845507,0.982151961496468
2011-11-02,1.0120201202122878,1.0462318235684396,1.0124876315436562,1.0337805670595908,1.0002659690827695
2011-11-03,1.0057247601386003,1.0424468173763728,1.0091984501161648,1.0294789493651768,0.9992046312630586
2011-11-04,1.0069140671674293,1.045145165860054,1.014098573885128,1.0356069502632745,0.99688710597427
2011-11-07,1.0209185525354025,1.0597978549892806,1.025036489928205,1.04482028461454,1.0057366435915724
2011-11-08,0.9664249964514452,1.0163969096628576,0.9883472002093835,1.0118153444745497,0.9735736300241157
2011-11-09,0.9737552277196638,1.0256120566939764,0.9965693307743331,1.0186092803275357,0.9800187131818013
2011-11-10,0.9997790958843443,1.0514399560678527,1.0176513458205723,1.0382288379190876,0.9997982632263179
2011-11-11,0.9870786540484633,1.042682709132843,1.007102877413653,1.0271918897391377,0.9916527090988498
2011-11-14,0.992182110849201,1.0488933782745298,1.0105472568291503,1.035789019000962,0.998798185436548
2011-11-15,0.9750907095687174,1.0347435477362745,0.9962283297370759,1.0194513848029028,0.9777810912030673
2011-11-16,0.9488601446532193,1.014139479636182,0.9804041295162419,1.0059546996064204,0.9635663546429577
2011-11-17,0.951475027940075,1.0152965139181045,0.9804745251611707,1.0045390193551142,0.9615592367881332
2011-11-18,0.9295153019709331,0.9918068346600069,0.9627835445320905,0.9892930818078979,0.9472402982194262
2011-11-21,0.9181077605975759,0.9860573476709008,0.9570929585262846,0.9860327844885742,0.9480410294673398
2011-11-22,0.88966179820917,0.963142307722628,0.9351193120423603,0.9663771077617133,0.9259995126716319
2011-11-23,0.8843238187871606,0.9610773059516678,0.9352209392960995,0.9666043696911647,0.9218402547307255
2011-11-25,0.9217122478912387,0.9938920045440462,0.9616775436672764,0.9913165094200431,0.94968210147204
2011-11-28,0.9203658359111621,0.9936746453150679,0.9647522165651878,0.9949565070399993,0.9507837031717524
2011-11-29,0.9723474342448162,1.0471565482942802,1.0048380692513417,1.0350109256183937,0.9894253188684697
2011-11-30,0.9705534729470977,1.0446161798794842,1.0022273229774725,1.0323119736091295,0.9890524569876955
2011-12-01,0.9760191641786361,1.0475297533557322,0.9988737606744771,1.0306147818826383,0.989064695937344
2011-12-02,0.9935830775519482,1.062807631392186,1.0108946013828441,1.0385367722789203,0.9953116146151035
2011-12-05,0.9932699621760099,1.0593130908741017,1.0116429592383833,1.0386610933768097,0.9922011440747379
2011-12-06,1.000699021932243,1.0621787398644993,1.0109641476935185,1.0381423857012841,0.990773627549375
2011-12-07,0.963838271037082,1.0337033676081278,0.9879483531600824,1.020051069029019,0.9746277582573389
2011-12-08,0.9863254007959922,1.0528245700595453,1.0072814714420668,1.038037449094162,0.9938489755103134
2011-12-09,0.9693869244804142,1.034023980331904,0.9934088901439789,1.0257873610956616,0.9833982919890204
2011-12-12,0.9454644838383904,1.0219072929957984,0.982222154395902,1.0198580132582928,0.9701985055885861
2011-12-13,0.9280357619528293,1.0107541739195198,0.9709023496240475,1.011057386945755,0.955780858883026
2011-12-14,0.9342301099524357,1.0161272577936926,0.9733206667487695,1.0179953987953911,0.9606814016872407
2011-12-15,0.9418479704411283,1.0226895431566065,0.9778494716078673,1.0223738527042028,0.96875604094923
2011-12-16,0.9184506991677949,1.0059799392313502,0.9655553631735431,1.012573292267768,0.9604815369579879
2011-12-19,0.9584848516675935,1.041820567995627,0.9945976794634885,1.040462809332603,0.9877028438295041
2011-12-20,0.9600735045864152,1.0412386486715925,0.9911024909034678,1.0440019316507563,0.9892974956237068
2011-12-21,0.9796204165958661,1.0537447774897217,0.9988243802335579,1.0490417877472333,0.9901921249700236
2011-12-22,0.9854155944720941,1.0611337313204852,1.0062875377618052,1.0570895883049929,1.0001600278218639
2011-12-23,0.9810006143645987,1.0624084561141904,1.0087525855880886,1.0610163137437387,1.0051233546101215
2011-12-27,0.9605314027631976,1.044240712035406,0.994173131564898,1.047639784072697,0.9939496785606406
2011-12-28,0.9775779795525313,1.0576788772113634,1.0062138068393995,1.057220657551686,1.0019994235997571
2011-12-29,0.9750033322245191,1.0546193060897195,1.0022900702785464,1.0527265012441198,0.9934672945919606
2011-12-30,1.0018522761713917,1.073457228713391,1.0142106518768863,1.055071507017051,0.993675488032116
2012-01-03,1.0006966503351868,1.0687244614883944,1.0119165157169139,1.0520707601108958,0.9941284731358706
2012-01-04,1.012733588702169,1.0751295695701406,1.0152765912769197,1.0543852494435095,1.003368645543687
2012-01-05,1.0144477510011638,1.075908539783587,1.0111377533221209,1.0518592024920963,1.0035660752876718
2012-01-06,1.0250953270100764,1.0799910238868093,1.0130271780719118,1.0540696997812018,1.0039454189666441
2012-01-09,1.0450716168349468,1.0983490305981263,1.0243496188889527,1.0652122998035178,1.0136926919321754
2012-01-10,1.0608374204612256,1.1024498638508717,1.0266899921471127,1.0641291815919454,1.0148072274972182
2012-01-11,1.0663154620589335,1.1087554870431595,1.0318617219488027,1.0635883478778054,1.0187306413457977
2012-01-12,1.0543071038766725,1.1008856021616211,1.0267513003192037,1.0591268672245024,1.0185039139481018
2012-01-13,1.0516510185866554,1.106978393056218,1.0330356350301664,1.0646014814550582,1.0223550150651972
2012-01-17,1.078847614053728,1.1245040855026995,1.0459755915638969,1.073842088809846,1.028808182522242
2012-01-18,1.0965876430099482,1.1346395428799507,1.0538165594032114,1.0755961681639523,1.0300114393944375
2012-01-19,1.0994588123530011,1.1355965889864972,1.0506067331806213,1.0761939152054087,1.026718013308578
2012-01-20,1.1008445162398224,1.135122172784242,1.0486026225067178,1.0755695099567584,1.026899685817475
2012-01-23,1.1078576573043937,1.1377908913735997,1.051303671184701,1.0767169005553476,1.0282431373997138
2012-01-24,1.1169157227304167,1.1475294217061038,1.060243970388511,1.086863095763258,1.0378030060258103
2012-01-25,1.1160504658292334,1.1432055978227726,1.0589051363423314,1.0861692913009164,1.033911930741201
2012-01-26,1.125417041203115,1.1455997258039605,1.0594928202210254,1.0835064353187482,1.0317736377323472
2012-01-27,1.1172828149734646,1.1402271852342154,1.054016832263631,1.07878954191105,1.0288438882189097
2012-01-30,1.117622995732028,1.140203064855299,1.0554959870555216,1.0808062774560803,1.0311617296873055
2012-01-31,1.1398437580004328,1.157591307169966,1.069828792530684,1.0940789452355129,1.0427844006129003
2012-02-01,1.145266384057677,1.1602822678294928,1.0683996380358358,1.094519249142086,1.0441018309100163
2012-02-02,1.1748217862776587,1.183822497554932,1.0822836312468909,1.1056885050103724,1.0557418081676482
2012-02-03,1.172075073123084,1.1822715723360502,1.0792545449575355,1.1026723371569305,1.052299388846642
2012-02-06,1.1712405865897462,1.1833382370857326,1.0808523778437658,1.1042280625545844,1.0578884742782229
2012-02-07,1.1765355695179687,1.187779676982088,1.083346626127366,1.1036683594133563,1.0596716320815924
2012-02-08,1.1822324962930901,1.1914449444394184,1.0850456669057111,1.1045984105663469,1.0613068233035379
2012-02-09,1.1675291289956595,1.1805058021973376,1.0776369672612256,1.0972537580477377,1.0565167085194256
2012-02-10,1.1762529703407063,1.1889142552607948,1.086629754684064,1.1030774615149834,1.0653003670791756
2012-02-13,1.1723546860853384,1.1827888062043586,1.08562408100627,1.1020499705517453,1.063860055018565
2012-02-14,1.1702875763013398,1.176761243444132,1.0808097374783088,1.0961650529986238,1.0561672554274186
2012-02-15,1.1954272533479855,1.1924157726771991,1.0937748393716227,1.107762554549315,1.0634291817905839
2012-02-16,1.1939752620936352,1.1932974397515534,1.0955731485964677,1.1081734232534821,1.0648612409668614
2012-02-17,1.1847243654536936,1.189388062090592,1.0928642597466711,1.1029554180701635,1.0609433048970953
2012-02-21,1.1726634228979662,1.1817716505892482,1.0897953307615225,1.1021471422069835,1.0617749366544527
2012-02-22,1.1842625775213376,1.1908367674484202,1.0978982173027523,1.106360151075367,1.0692192299160257
2012-02-23,1.182759274260505,1.188196139185439,1.0981717651955596,1.1089220468494183,1.0705181571136868
2012-02-24,1.183473463840707,1.1879677303162162,1.099537625719869,1.1089605275523355,1.0736734803412347
2012-02-27,1.1871716842057691,1.189975057827204,1.0994269234607181,1.1087582163571943,1.0763165489361965
2012-02-28,1.1753903130023298,1.1838972384033497,1.0957977256074518,1.1073924198660048,1.0716446327706957
2012-02-29,1.183799760666207,1.1913366013820914,1.0988746078970681,1.112638500413423,1.0821806171127064
2012-03-01,1.176034952303005,1.1830742513223647,1.09357072943922,1.1079443313039263,1.0761411016550768
2012-03-02,1.1598517695694688,1.1767926257915091,1.0915955721654858,1.1074031603158343,1.0764034596968644
2012-03-05,1.1307576808887692,1.1535201889314832,1.0757602497149197,1.0925140018214778,1.0593027770431283
2012-03-06,1.1437504697475558,1.1615059557435365,1.0832401072423956,1.0998175632300173,1.0685324766354634
2012-03-07,1.159167820766722,1.175325364119167,1.0946907850185799,1.1094512788582058,1.0818059055126632
2012-03-08,1.1678390841040478,1.1834952705845914,1.10177017583,1.115320769332185,1.0898457267146782
2012-03-09,1.1599653792086388,1.1808550493658214,1.102580037059304,1.1169774461765767,1.0910362042142299
2012-03-12,1.1884963284551464,1.207606716877521,1.1204051926964258,1.1325990642622805,1.1062719758611717
2012-03-13,1.1839174713758318,1.2047301964673294,1.1154329310447704,1.1250457919067818,1.102047180757112
2012-03-14,1.2035116246277815,1.2165742402738726,1.123573099150924,1.1303003447798712,1.109348637049292
2012-03-15,1.2087058967042597,1.2175877249374312,1.1226659590991497,1.128435764506259,1.1061901376560623
2012-03-16,1.2118598738861588,1.221068001337512,1.1265905492699135,1.1286686027357353,1.1110496058817587
2012-03-19,1.2035940688065918,1.2143351707319674,1.1207774712384082,1.1286015619346685,1.1063067654961738
2012-03-20,1.202257849926841,1.2132408101176462,1.120624800499685,1.129062578744088,1.110030097360016
2012-03-21,1.1862565815460362,1.2031695556541324,1.1118109554131943,1.1245866347476483,1.1077925874303602
2012-03-22,1.193988323599062,1.208120294279429,1.1157254871588862,1.1289856111550796,1.1097511379386098
2012-03-23,1.2125533778060584,1.2269876954347627,1.1332862251624627,1.1426439850308048,1.128871079380714
2012-03-26,1.2055805783991476,1.220949862608804,1.1335133045479153,1.1437295316575156,1.1255560719627442
2012-03-27,1.1962677177622973,1.2139170239930388,1.1278143516343495,1.1390193146332868,1.1196059617348664
2012-03-28,1.189065311260827,1.211697699118336,1.1281775583219231,1.138364398434445,1.1195429345441643
2012-03-29,1.1910001034185822,1.2171263211466985,1.1315521956472518,1.1420146988930104,1.1220118719931123
2012-03-30,1.1992631680010615,1.22477123320938,1.1377541459120664,1.1489715118890673,1.1315255975552976
2012-04-02,1.1894783438279777,1.2185993793344663,1.1339399714364717,1.145957959962856,1.1334758335755186
2012-04-03,1.1697918452907454,1.204832210963717,1.1223920672493193,1.136692745852429,1.121153655453568
2012-04-04,1.1650626808103295,1.2009323362472395,1.119604948416503,1.130645803339032,1.1265469207108425
2012-04-05,1.1441455955246524,1.1828164293437367,1.1048848135730158,1.1203421336142017,1.1141318094382253
2012-04-09,1.11962982232934,1.1609646224630021,1.0840181316473256,1.1018323660260008,1.0882089383046514
2012-04-10,1.1327239566442089,1.1726424827023914,1.094016578690186,1.1126433522997794,1.103588965812643
2012-04-11,1.1568175512300847,1.1932232170297437,1.1081895900615577,1.125384096991995,1.1181514366037861
2012-04-12,1.134514699633544,1.1756520052841526,1.094348789560382,1.1182070269099784,1.1148010038539615
2012-04-13,1.134055607624663,1.1779026302037872,1.0958911070537911,1.1229942947974199,1.1122151425717648
2012-04-16,1.1568697173068903,1.197520069027926,1.1107953342147785,1.137153523349418,1.1256057019952619
2012-04-17,1.1511955472156328,1.1903182170590787,1.1040506213315766,1.1344249187385176,1.1274459040799114
2012-04-18,1.1475455673921564,1.186680629664903,1.0989898542595349,1.1327473277823348,1.1205551184314573
2012-04-19,1.1398029956963243,1.1903415443357936,1.1021813056866498,1.137940814184121,1.1258482646322716
2012-04-20,1.1270416023566128,1.178135210093643,1.0901703875482873,1.1274431186325076,1.1128034549555723
2012-04-23,1.1360257951696944,1.1824847194517376,1.0980926503233353,1.1339735304176095,1.1075821248346995
2012-04-24,1.151076304090498,1.196423759875583,1.1116541890983531,1.1456589593255557,1.130328398040809
2012-04-25,1.156934784257452,1.2021920853535841,1.1212612035100271,1.1577456467869667,1.1437597035170024
2012-04-26,1.1600246500263232,1.2087075058875372,1.1254432775613212,1.1628915071306374,1.1518350904743313
2012-04-27,1.1556183805076266,1.2027854147723096,1.1201259462286697,1.1582595875723125,1.1443615634001254
2012-04-30,1.1640099322079116,1.2098838093939623,1.1273637157717116,1.1641386845376498,1.148460306508966
2012-05-01,1.1579199976536356,1.2055406411888194,1.1252546952459241,1.162817560591189,1.1577965561979013
2012-05-02,1.1414766033092667,1.1960900116921707,1.1149585541893292,1.1551304451830264,1.144094823467505
2012-05-03,1.1188949877021768,1.176311676960509,1.1016221119630463,1.1408347027842098,1.123102097513187
2012-05-04,1.127962960638524,1.1777331614432083,1.1001876521219776,1.1416489386919,1.124830451268319
2012-05-07,1.1197554202878761,1.1751838951249542,1.1006216609487323,1.141304393007873,1.1193752343308143
2012-05-08,1.1124850524743344,1.165736537439937,1.0954792342413282,1.1358095970704105,1.1126034235981852
2012-05-09,1.1127785854198502,1.1678429228870564,1.09782356455255,1.1380098531357492,1.1190317038695468
2012-05-10,1.1125942498231753,1.1672112009882292,1.0965025552416048,1.137746336163785,1.1191898756463967
2012-05-11,1.0999148195458448,1.1541239685202784,1.0841472630156257,1.1280084943063506,1.1019720989280106
2012-05-14,1.089295490842853,1.1474286172371542,1.0803759937176356,1.1274058581404864,1.1011801138642867
2012-05-15,1.0792022567516393,1.1382448264589133,1.0742927313229353,1.1202448159003129,1.0972626235368645
2012-05-16,1.0598025044722925,1.1167940599566217,1.0552831999460421,1.100328778776346,1.0637217537371026
2012-05-17,1.044624796384226,1.1060881370980271,1.0459070032579223,1.0905077533279544,1.0525160830925524
2012-05-18,1.0667007886418518,1.127136240004742,1.0637684773122178,1.107978582236302,1.0757629486240137
2012-05-21,1.067028944899703,1.1275593975033105,1.0645851571310856,1.1121647050063383,1.0779774028330908
2012-05-22,1.0760776226173565,1.1310518404111256,1.0671167532438413,1.1141711361526017,1.0849231362151366
2012-05-23,1.072651041607858,1.135048334027933,1.0689549812206385,1.1178849404681863,1.088559986471684
2012-05-24,1.0769478633274272,1.1361862513097323,1.0676428724504323,1.1149451410337572,1.0880219283913866
2012-05-25,1.093423675012948,1.1510865595634963,1.0798453148581806,1.1249056472694925,1.1019773277449
2012-05-29,1.0701233561473176,1.1292238493545153,1.0601319273450935,1.1094186087569138,1.0856338686024154
2012-05-30,1.066682139279795,1.1262855350888659,1.0605742954090929,1.110742688499825,1.0828346835259928
2012-05-31,1.0380276784713027,1.0949666946743004,1.0318808337908518,1.0838180399777009,1.042204072076439
2012-06-01,1.0345221097587882,1.0914905470111536,1.0272449696304897,1.0819702121644554,1.0423362054361551
2012-06-04,1.049412481826333,1.1019760083646408,1.0380435202143459,1.0905910770214655,1.0518801575372174
2012-06-05,1.0745441566749268,1.129583831672937,1.062879286997097,1.111861301146077,1.0784671371757786
2012-06-06,1.0686691118979204,1.1303849478525587,1.0618142069577483,1.1085962476164293,1.0760280063978924
2012-06-07,1.0759064505925566,1.1385391869958719,1.0723970424879727,1.1193623629451954,1.0866885113230615
2012-06-08,1.0573640572773653,1.1204125204048798,1.0562194310386763,1.1028794565818767,1.0683672306536327
2012-06-11,1.0743740159235367,1.1323305823535221,1.0671916960995405,1.1129410214675066,1.0827288986241226
2012-06-12,1.0628360535444175,1.1199690516998058,1.0609059884761123,1.1057633225532522,1.0676270780966923
2012-06-13,1.0704204616541502,1.1281597011733786,1.0703322555893144,1.1167046273782748,1.0791846845871513
2012-06-14,1.0855303763452033,1.1416476081583076,1.0828862312622467,1.124022226919171,1.0908904241319248
2012-06-15,1.08331703165036,1.1453600810595592,1.0869241155486868,1.1327575243325114,1.1038277306997775
2012-06-18,1.1047073038246928,1.1612569275007185,1.095242444002097,1.139331690556558,1.1155422229514824
2012-06-19,1.105735334324673,1.1588838798630776,1.0936890883730979,1.135985338320979,1.1110001182582718
2012-06-20,1.0732303805299808,1.1308282184304645,1.0685533628310862,1.1166203115354232,1.0851534491333947
2012-06-21,1.0791245419368332,1.1395948214170575,1.0744293368847406,1.122302129511804,1.0938352512674903
2012-06-22,1.0548113897861189,1.1207547349998392,1.0564863289341082,1.1075453710787393,1.0806946682904477
2012-06-25,1.058176186502796,1.1245843756325127,1.0598247489239814,1.1131467308822587,1.0906069592770882
2012-06-26,1.0733473565800886,1.1352622136450259,1.0674325403787397,1.1219961565618437,1.0898798933633898
2012-06-27,1.0741660265444732,1.1367195629029896,1.0681271424302214,1.1205664321939894,1.0831616806855728
2012-06-28,1.1073185918667363,1.1732093408977617,1.0957249766696675,1.1455053832064572,1.108655657786681
2012-06-29,1.109195706871469,1.1716929558502591,1.098328059731475,1.1527487906770733,1.116497670504064
2012-07-02,1.1246523334030674,1.1864767533802236,1.1061024062912193,1.1557167752853628,1.1211203448239602
2012-07-03,1.116644819492264,1.1820794498642875,1.1039340683164593,1.1537612118638898,1.1233182120953864
2012-07-05,1.0965569911142399,1.165595661332999,1.0925424638794017,1.144673088312074,1.1158524063276476
2012-07-06,1.0869918719809812,1.1599634546744684,1.090734654160966,1.1420271984651553,1.117116724115713
2012-07-09,1.07440265480895,1.1460110311706286,1.0812278692341883,1.1337888853955924,1.1065837830001606
2012-07-10,1.0752806087169866,1.1443996101443372,1.0839539166242542,1.1310139552992875,1.1004507305632933
2012-07-11,1.0638913609199994,1.140253577527137,1.0778923961503422,1.1298230844748856,1.1044288631689965
2012-07-12,1.081978302746099,1.1595141794501347,1.0964237462189819,1.1474581759289206,1.1179184581641983
2012-07-13,1.0773646677101492,1.1539806633201433,1.0911694276094972,1.1434731240819822,1.1139513001695127
2012-07-16,1.0865408345169418,1.1600070747876268,1.0975529349227535,1.1492888482696577,1.1194700239729605
2012-07-17,1.09951350097784,1.1730189740549954,1.1079095557859273,1.1588945516036673,1.1186465053460746
2012-07-18,1.1042812662397605,1.1804243600575748,1.1117980452331353,1.1580273742816607,1.1187815515954531
2012-07-19,1.0875267092230652,1.1632461436042074,1.0973432136791557,1.148903315374145,1.1054603909695777
2012-07-20,1.0760053001469916,1.1522077439291094,1.0848288663692331,1.1377863584199546,1.0940780606483445
2012-07-23,1.067671785247971,1.1393437534539763,1.0729357496460592,1.1292370054071297,1.0813101285968076
2012-07-24,1.0664371276542903,1.1383944427278474,1.075894839722258,1.1312743019482732,1.081699067941855
2012-07-25,1.0876482365723066,1.1574715874075736,1.0949219975727391,1.146116302827626,1.1010594060090495
2012-07-26,1.1187104976325033,1.182002116602416,1.118193578367698,1.1657081011666548,1.120328764957026
2012-07-27,1.1170642658182077,1.1783503959604726,1.1137410371194143,1.161631025956067,1.1173351652817174
2012-07-30,1.1106945434141096,1.170297211792487,1.1057053219642707,1.153884809619815,1.106883298374243
2012-07-31,1.1048181900804022,1.1644077983125614,1.1003871804266459,1.1463163062163577,1.096014243570766
2012-08-01,1.0952173880723497,1.155405674232492,1.0924206349550554,1.145113479567782,1.0951367140432224
2012-08-02,1.1214423612970266,1.1820727718584445,1.1163378670650312,1.16430215720295,1.1122611924776642
2012-08-03,1.135623031546308,1.1853750751623677,1.1169823032591104,1.1653816442369742,1.111352158812767
2012-08-06,1.1554946788675964,1.1963430716653232,1.126086650805328,1.168348464804318,1.1190902420675148
2012-08-07,1.1595492105075784,1.2001110310496992,1.1253997864517375,1.1653864953800233,1.1189636874800453
2012-08-08,1.1623648058824039,1.1996945643428545,1.1261471934505427,1.1667422599334303,1.1170525209970679
2012-08-09,1.1655584609041316,1.2021889437912154,1.1289857294860628,1.1695602743370663,1.1147104049337964
2012-08-10,1.1598462542146382,1.200838256326599,1.1263908298278857,1.1678941335837594,1.1141279302600036
2012-08-13,1.1548573356440908,1.1989171030386079,1.1236500682988286,1.1665334946582582,1.1183757796263338
2012-08-14,1.1629566435732708,1.2031562151396245,1.1272079320845247,1.1712798100456885,1.1251145602918555
2012-08-15,1.1754927023586672,1.2104472245677773,1.1364421178394148,1.1794184353941568,1.1359810579728913
2012-08-16,1.177900499635797,1.2142870128655048,1.1395466414998396,1.1811579093961702,1.142481339971556
2012-08-17,1.1800901491030005,1.2138380178245016,1.1358474003076402,1.1778292215098727,1.1362547300102308
2012-08-20,1.1812638152671673,1.2135681364335171,1.1320693457540185,1.1775879478906695,1.1325081693484098
2012-08-21,1.1778446042313462,1.2112551958980697,1.1310673363223107,1.1760512322969658,1.137840197986235
2012-08-22,1.1678518247059633,1.201783865890827,1.1257098763720086,1.1668320820669313,1.1320690875362094
2012-08-23,1.171320518583045,1.207658461416348,1.1322916918983181,1.1700905866442923,1.1381884853711344
2012-08-24,1.166778629934263,1.2052709917757147,1.130046596847714,1.1723978406307984,1.1379133937175243
2012-08-27,1.1673687440501896,1.205281616726047,1.1299358133704585,1.1729911984007766,1.1379806749738404
2012-08-28,1.17011631437444,1.2064596516115322,1.1298174565999508,1.174606190136935,1.139713278138403
2012-08-29,1.1563870094952686,1.1972399177197148,1.1218873132121456,1.165159135138916,1.1319270213107044
2012-08-30,1.1656314264127576,1.2021730526504601,1.1268676896175076,1.170683716260979,1.1383948844179677
2012-08-31,1.1619093853438522,1.1990105370295758,1.1291809257998264,1.1754691411090634,1.1421468025418575
2012-09-04,1.1609757759960648,1.196995793631857,1.126625604330959,1.1734220530369968,1.1376736903701583
2012-09-05,1.1876380126926984,1.223687838573885,1.1486616038249924,1.1960396562628082,1.1625126766161846
2012-09-06,1.1995700705683576,1.2338820591275428,1.14812447858502,1.1985927102997072,1.1633521146645154
2012-09-07,1.1948334709650352,1.2278015633484405,1.1411052166720426,1.1918096170547268,1.155364297299254
2012-09-10,1.203363264381263,1.2315984076393431,1.1423856439409559,1.1951716237951273,1.1565061854752077
2012-09-11,1.2081701123439317,1.2329894879104575,1.1449732389148086,1.197222736840465,1.1622389316456443
2012-09-12,1.223092507508826,1.252206356643724,1.1587180298769741,1.2109449535148717,1.179552010987508
2012-09-13,1.2363430743843145,1.2609946108358585,1.1651305978784559,1.2130198511712593,1.1863575913425592
2012-09-14,1.2256430551038102,1.253718505176941,1.1602545092183463,1.2058535249549185,1.178899478770806
2012-09-17,1.219519896557863,1.247699284431252,1.157440190161019,1.2035581954691168,1.1748852054908985
2012-09-18,1.2220396930086708,1.248011361387206,1.1600090326739287,1.207359771916716,1.1819323011371743
2012-09-19,1.2151978516673567,1.2429116141244314,1.1593498092735124,1.2055620494479926,1.1776008085037022
2012-09-20,1.213096504047565,1.2417058142807613,1.1605074333691188,1.2076460567917013,1.18035715863478
2012-09-21,1.209029256169515,1.2406576407788126,1.161214753629859,1.2066335636259975,1.1737564354249423
2012-09-24,1.1905895047800985,1.226946099731533,1.1496268644258607,1.1905899416119263,1.1594657517243272
2012-09-25,1.1876960764647533,1.2231691834492728,1.1440092911286748,1.1830468292335543,1.147933153599851
2012-09-26,1.199182456218186,1.2301828093465448,1.1536799985866324,1.1954406231607781,1.1651613715259979
2012-09-27,1.1935176439012005,1.227340547735523,1.1505563110499164,1.1932765695905545,1.1599144238077568
2012-09-28,1.194369697869839,1.2280963194278034,1.1540005146766728,1.192703347758635,1.1595533216879024
2012-10-01,1.1977056329892668,1.229948156995037,1.1520476428682158,1.1950635357038362,1.1616147558015273
2012-10-02,1.1981440803579388,1.2322687764126148,1.1532258605180223,1.2008587611359296,1.1709005122143994
2012-10-03,1.2087628153584768,1.2407639216826234,1.1618184390025061,1.208292240235263,1.1806933224058362
2012-10-04,1.2057818208686735,1.2413039111731001,1.1638863839571323,1.2093309449135417,1.18138628720915
2012-10-05,1.2055870184258117,1.2376226704534745,1.1616043979697317,1.205934475693508,1.174696437245386
2012-10-08,1.1925068957330254,1.2268785376021496,1.1473526716748499,1.1923365819740863,1.155265278230092
2012-10-09,1.1836441137108924,1.2171288431891492,1.1409923785305782,1.1901115479444822,1.1496091259263903
2012-10-10,1.1907109772001234,1.221482461731716,1.1425371727698457,1.1928374650463434,1.1481254043729117
2012-10-11,1.184300347782091,1.217387971230691,1.13864070114196,1.18542801247696,1.1434227626485625
2012-10-12,1.1937041011606162,1.2242009322492813,1.1478351875931943,1.1942794768235938,1.157065452225929
2012-10-15,1.2084089627603767,1.2400445515620266,1.1604318699434286,1.2030952618452777,1.1672388140469898
2012-10-16,1.2187108603819574,1.2455454240799804,1.1647684671490501,1.2058597629529373,1.1768838550021905
2012-10-17,1.2167480335129417,1.2470690316363353,1.1624113743170386,1.2035222332704505,1.17183640074613
2012-10-18,1.1913437421432722,1.2258860061645043,1.1466787185184741,1.1859201597671634,1.1547743535994779
2012-10-19,1.1913512848338945,1.2257019731185963,1.1444254313307853,1.1841411486216473,1.1562289144410294
2012-10-22,1.181788888117136,1.2115318031429851,1.1344308353210868,1.1744658273770918,1.1424131513479159
2012-10-23,1.1677201752987445,1.2082328862843166,1.1355261894421618,1.1724634730138064,1.1445277673547645
2012-10-24,1.1758575857339493,1.218154097490957,1.1397250843538822,1.178972699809635,1.146518652220694
2012-10-25,1.1717231020358077,1.21800051189264,1.1374049393889845,1.1828586530441951,1.1450981442976462
2012-10-26,1.1765874511193402,1.2271062815280294,1.142762452508822,1.1844497145732535,1.1475938634399114
2012-10-31,1.1967968174023333,1.2477374016036267,1.1561241466069017,1.1996798842747969,1.1672101381621809
2012-11-01,1.1826852239338328,1.2359447739918754,1.149094764208331,1.1892400408270347,1.1493331919618681
2012-11-02,1.1878462175949944,1.2415778916130924,1.1527993801380856,1.1920565168451416,1.1570392741090827
2012-11-05,1.201990246862741,1.2532577097642803,1.1623563126870795,1.2031064254211843,1.1641913917682465
2012-11-06,1.1747381188765533,1.226275747786862,1.1438469078056324,1.1815231143331917,1.1417136490997386
2012-11-07,1.1609217069144477,1.2115989020746956,1.131633947538937,1.1704568215675784,1.1286563353780457
2012-11-08,1.1603610765537227,1.214270712760506,1.13245501136946,1.1730443193031983,1.1276874086363078
2012-11-09,1.1607277417960569,1.2112146355597777,1.130636704821386,1.1752352909749015,1.1285674259708733
2012-11-12,1.153033108820819,1.2060666921021115,1.1309785508785024,1.1723546627733492,1.1266380136596916
2012-11-13,1.135078582098458,1.187759244035815,1.1155866893540802,1.154344298653921,1.1034908465434314
2012-11-14,1.1362762210983168,1.1869967795304688,1.114780673096005,1.151638015756789,1.096970586399479
2012-11-15,1.1386318656836028,1.1929406238792037,1.1204372683116433,1.1601215013593524,1.1112341751708192
2012-11-16,1.16160463573262,1.211586698730549,1.1362089103627029,1.1772119271060415,1.1362170932368993
2012-11-19,1.1554462744442797,1.213258723220547,1.1396739416351698,1.1803873498585165,1.1447312619217587
2012-11-20,1.1609219763268468,1.2154576578026564,1.143397799510422,1.1825358727367297,1.148006797199395
2012-11-21,1.176780169827225,1.2279847375741693,1.1544889861243952,1.1966096164340458,1.1617032867931956
2012-11-23,1.1814747698485355,1.2270209275151722,1.1504823843678862,1.194351149156224,1.1577759399937293
2012-11-26,1.1827477458144593,1.2241865240339576,1.1457392834885656,1.186511603691746,1.1528120034045166
2012-11-27,1.1974502751680696,1.2325081131997127,1.1541729078670946,1.1914850837191606,1.157634360003365
2012-11-28,1.2037801901396519,1.2401110900889734,1.1595074923035598,1.1972179486208416,1.1670503191762975
2012-11-29,1.2052676259144823,1.2413777147116234,1.161368977738131,1.199008775951486,1.1667066901833618
2012-11-30,1.2007681017341798,1.2366547932859366,1.1561356812230936,1.192980127575947,1.1637686836283343
2012-12-03,1.2036997754808936,1.2364619111579194,1.15267969612076,1.1910123422201717,1.1654351721504752
2012-12-04,1.2072962236409033,1.2407515742004434,1.156199697509059,1.1943075538796906,1.1638115693300983
2012-12-05,1.210109015747964,1.2449771427347418,1.1593314905223497,1.199745193397989,1.1671976160590707
2012-12-06,1.2125478140655892,1.2478898775016998,1.162412409673378,1.2046768837862154,1.1690068282741457
2012-12-07,1.2157022540170894,1.2513204307005783,1.1629919874720387,1.2065502863790287,1.1725425785847476
2012-12-10,1.2278880741103566,1.2611346853138778,1.168584762500678,1.2089372061122345,1.1785152699754182
2012-12-11,1.2280897812729346,1.261120867828592,1.1681163946216844,1.2063261818860318,1.1778022296535873
2012-12-12,1.2261200175147688,1.2549608482018795,1.160745418107938,1.2006392490435944,1.167492022553032
2012-12-13,1.2215130271032448,1.2534858475356685,1.1563028603828853,1.1972608129198523,1.1646067926725139
2012-12-14,1.2325454065453052,1.2659708185655898,1.1694265436421327,1.212477569187474,1.1813052313815422
2012-12-17,1.250593405030271,1.2792426973378466,1.1824043124819086,1.2253731592333954,1.1986337916514378
2012-12-18,1.2437956096342828,1.2752541981015701,1.1778334386919067,1.2196957873133198,1.1930273352862872
2012-12-19,1.2478679269565165,1.2818146136190673,1.1832409327159918,1.2271983110008546,1.2011619065699641
2012-12-20,1.239319631704629,1.2725376163133448,1.1748850127164652,1.216932018711467,1.189707027272717
2012-12-21,1.234048506914925,1.269792023233098,1.1721916093499882,1.2157834586714484,1.190118871724166
2012-12-24,1.2258400038121116,1.262597518926761,1.1647168477837706,1.2079094036964542,1.1801238652518606
2012-12-26,1.2241245121594375,1.2607340624065182,1.1649655179400704,1.2079212206007615,1.1824294300275535
2012-12-27,1.21099054029504,1.2480379162988853,1.1536463146786444,1.197728459788478,1.1737545452135199
2012-12-28,1.2339858958957532,1.2664063664152445,1.1699457219222755,1.2174119514903625,1.197321619518293
2012-12-31,1.2605597976721141,1.2973075052702425,1.1968523744055444,1.2487552128690866,1.2304780851057011
2013-01-02,1.260951730992523,1.2989974994249582,1.1974552480569824,1.2477101985041998,1.227875870829026
2013-01-03,1.2707428357233377,1.3089677022118604,1.2072895748049393,1.2560417204182333,1.2349244189027113
2013-01-04,1.2633167233122014,1.304682988493448,1.204380072376411,1.254365038086639,1.2332113282588697
2013-01-07,1.2561206489097463,1.2999354312722387,1.1976879490958758,1.2514092601712064,1.2315638717845512
2013-01-08,1.2611038597626432,1.3052831413156734,1.2024757260463026,1.257734659306925,1.2425187874691377
2013-01-09,1.2720565116595768,1.313141971524807,1.2095565223499831,1.2629920265097427,1.2479420527281886
2013-01-10,1.2768306441434911,1.3124059919493094,1.2087564305717649,1.2619043985654614,1.2464223360852837
2013-01-11,1.278050368101245,1.3147649628337896,1.2099789667154142,1.2634878648244816,1.2459527966079464
2013-01-14,1.2837937247293312,1.321153411745467,1.2138809052808712,1.2652409740052302,1.2493173352867148
2013-01-15,1.281083016007388,1.3162639808454872,1.2096845427079193,1.2640696265878513,1.2496567329898245
2013-01-16,1.291787077688517,1.3275215851473652,1.2190900016081077,1.2746581832239463,1.2600467439635161
2013-01-17,1.294469705345329,1.3335061681203828,1.2249178809073638,1.279463435780283,1.2626140315394694
2013-01-18,1.3016734312888005,1.3421073579691425,1.2328642806864336,1.2873619415833195,1.2710128880366074
2013-01-22,1.3023039320295549,1.3392823035141816,1.2369472615402664,1.285543496075272,1.2724794644099124
2013-01-23,1.3139120651795049,1.3442007426232965,1.2417432902936658,1.2919922000690929,1.280853351772748
2013-01-24,1.3281610460732933,1.3534460283065068,1.2474936358280122,1.2992663204664707,1.2921096374327472
2013-01-25,1.3288625014467763,1.350843179650374,1.2462503692743574,1.2938106619486214,1.288112311063568
2013-01-28,1.327869387023729,1.3527767410947718,1.250714510632604,1.297852855923432,1.2916070026100384
2013-01-29,1.3204198839182182,1.3463089266000965,1.247006143030727,1.2945183574564865,1.2847922834532248
2013-01-30,1.324677541608424,1.3462226433625526,1.2479270169604653,1.2927299427436734,1.2817737990188196
2013-01-31,1.338042611346966,1.3569600957005472,1.2595059280547312,1.307146379001311,1.2941577941867035
2013-02-01,1.3250768676752516,1.3422383560817086,1.2494555602106827,1.2913140958672424,1.2758894117116089
2013-02-04,1.3386755079349608,1.3519012387282832,1.2592213236174372,1.3030047107880673,1.2882401244911745
2013-02-05,1.3468176082950594,1.3542882752096577,1.2630182769896878,1.3081645788181138,1.2878247641263754
2013-02-06,1.3397374558357287,1.354190377468325,1.2666361683070881,1.3035902907789627,1.2818321879846255
2013-02-07,1.3484381966283403,1.3616800567158533,1.2734108784696667,1.3114244820213725,1.2902348912276285
2013-02-08,1.3500204920405912,1.3612195199123178,1.2723595033786352,1.3106410736956147,1.2867732606993232
2013-02-11,1.3544384318234037,1.3650946163953646,1.276335621770274,1.3122826617738101,1.293763800918086
2013-02-12,1.3574096661730042,1.3672452220752431,1.2767579466209846,1.3126070440143673,1.2984704013601294
2013-02-13,1.3591103608100121,1.3679683004295187,1.2761038006002288,1.3102530655869562,1.3049902058986769
2013-02-14,1.3564024661974672,1.3699295023773497,1.2770295453973504,1.3107103949593355,1.3033754389538366
2013-02-15,1.3650935706472707,1.3799905747640058,1.284551721577293,1.3196188166995084,1.308815444504569
2013-02-19,1.340916422128875,1.3649378581886382,1.271018415746374,1.3012571665402923,1.2825718808751012
2013-02-20,1.3228959841505115,1.3554902106372169,1.2633689731311655,1.2913797584104283,1.270113788070207
2013-02-21,1.3377996916923207,1.3672272505308822,1.2745045201699996,1.3068544516031833,1.2851238676628847
2013-02-22,1.314427838603106,1.3430561680908761,1.252811794251234,1.2843869257932874,1.259556993002215
2013-02-25,1.3177268649765144,1.3487053839125513,1.2586867686873593,1.2928322799597705,1.2725526465704269
2013-02-26,1.3340598082147448,1.367136997160539,1.2751547224925315,1.313188636497631,1.2938058143353786
2013-02-27,1.3321818837366266,1.366916077388024,1.2764843570203426,1.314233838381429,1.2973957467686807
2013-02-28,1.3342670057802308,1.3685468481720755,1.2802560660681932,1.3179229206085492,1.3030946326380617
2013-03-01,1.3340246860444065,1.373220255762133,1.2863496576430513,1.3272316757116829,1.3151923500654374
2013-03-04,1.347745945959688,1.3870925607611477,1.300240712148497,1.3413880475388689,1.3304180271638855
2013-03-05,1.352639875904342,1.3865277588075482,1.302004726379944,1.343578334413084,1.3285115462684876
2013-03-06,1.3563343023493206,1.386697068511536,1.3040510657173712,1.342886103693567,1.3270465817438222
2013-03-07,1.3650731493637522,1.394893945223929,1.3114568970974019,1.3537884585622244,1.3341924191649128
2013-03-08,1.3693168774441398,1.3998273652563196,1.3145110709207348,1.3575307833915047,1.3339904801793496
2013-03-11,1.365977490846307,1.3964103177597214,1.3107408154963,1.3535050267018622,1.331802931454538
2013-03-12,1.3714814212159443,1.3996286381603875,1.313727069798072,1.3589634959531156,1.3369473913427772
2013-03-13,1.3807018874685646,1.4056472095579802,1.320781532314698,1.364520162560592,1.3449958857057238
2013-03-14,1.3801881088201162,1.4008394614126276,1.3183385791841054,1.3569360518542908,1.3398631010064852
2013-03-15,1.3713938241758261,1.3920521160970447,1.3098474307206336,1.34856330477166,1.3384235112397602
2013-03-18,1.3660058779786024,1.3891698108190316,1.3069571391414951,1.3435978487944975,1.3394090963663714
2013-03-19,1.3779611041077118,1.4010032747358756,1.3146134419296631,1.3582879774299286,1.3548769038871846
2013-03-20,1.3633051665085758,1.3887393026229298,1.3071262678041358,1.3448125074031338,1.341569516339868
2013-03-21,1.3692774925396738,1.3936295094520657,1.316258812896279,1.3524624190406436,1.3494509303507616
2013-03-22,1.3680842666770023,1.3898076493079496,1.3116482964808664,1.349192038794529,1.3435118706018379
2013-03-25,1.3769870330070366,1.3993552800421605,1.3222686143565914,1.361078916950916,1.354853109637246
2013-03-26,1.3798066875687969,1.399588333123519,1.321763707016387,1.361620339688503,1.3575045304676272
2013-03-27,1.3880568571222687,1.40992541311397,1.3298473760662255,1.373483884744819,1.3670829919825414
2013-03-28,1.376389067311927,1.3989776179923392,1.3226360400053427,1.3648313429481531,1.3560910789356357
2013-04-01,1.3767858399776154,1.3988264612119896,1.32628163621276,1.369660821611871,1.3549620308781736
2013-04-02,1.3621516387333106,1.3863566350624366,1.3097142804930324,1.352247487221919,1.3310231471649001
2013-04-03,1.3752932983703363,1.3957303636210823,1.3153848650211926,1.3602501456966183,1.3378844692115381
2013-04-04,1.3649334599494374,1.3884069602149745,1.311136528725979,1.3551643645116969,1.33457720872741
2013-04-05,1.376524990507077,1.3984579980323784,1.3211756995102193,1.3672798819474985,1.3474012537884295
2013-04-08,1.3843434610575742,1.3997022029506276,1.330507906175817,1.3705737702588867,1.3484035880265526
2013-04-09,1.3993409484005639,1.4186782099901492,1.3490704322656148,1.3907984426994597,1.362968900802833
2013-04-10,1.402256929757179,1.425983922587312,1.3554332740268245,1.3959520862777963,1.3702856096894251
2013-04-11,1.3996025226406315,1.4198057152367938,1.3492468663136752,1.3920941242397458,1.3679663213663413
2013-04-12,1.3639464021673233,1.3818272900072797,1.3171835424121328,1.3553031949275913,1.3223564770307141
2013-04-15,1.3825543318696958,1.4013205157433761,1.3347779959377708,1.378747693519558,1.350708309653262
2013-04-16,1.3594416518551677,1.3815757926224221,1.3179132212329585,1.3578029260255358,1.3323791831507397
2013-04-17,1.3461901155503573,1.3776473416030044,1.3088750028276055,1.3465812445960985,1.318329960965961
2013-04-18,1.3557896615958087,1.3870103444176123,1.3237374549095757,1.3620988113483328,1.3460078016812071
2013-04-19,1.3628711723089144,1.3893374637462128,1.3279435584383177,1.3653284701196122,1.3548081097355316
2013-04-22,1.3774099156425272,1.4037433422238768,1.3450342627301926,1.379348747966254,1.379558258626798
2013-04-23,1.3897649406823744,1.4077041002248065,1.3472723974068026,1.3790768089221914,1.3825830760824709
2013-04-24,1.404849022326232,1.417058584548001,1.3542576146099299,1.3873071253272138,1.3896908414618303
2013-04-25,1.3978719160834951,1.4109278197976225,1.349098437512218,1.3794547016141678,1.3860789379852168
2013-04-26,1.410894084847373,1.4214539434808524,1.3584913058821995,1.3909412602829756,1.393216444139071
2013-04-29,1.4203478194936863,1.4287925327443398,1.367136130030836,1.3973995894322642,1.3944968445798818
2013-04-30,1.4077564705850187,1.4124376275260622,1.352151647110422,1.3813412647137893,1.3736513361902782
2013-05-01,1.4224609076910533,1.4240923109858268,1.3637275264207547,1.3950423287681453,1.3970340510759927
2013-05-02,1.4374059467041065,1.4402000941077495,1.3826017051721389,1.4090611237671768,1.4164407723643484
2013-05-03,1.442488630354335,1.4444410440704785,1.3833570687885326,1.4091847807974884,1.4249491850418423
2013-05-06,1.4477701283137403,1.4537790065558143,1.3929299938994495,1.4197144730131876,1.4312496141810194
2013-05-07,1.4587727638411738,1.4594171595532297,1.4004423190384307,1.423225851047231,1.4377767235455243
2013-05-08,1.4553089054380501,1.4513126111355603,1.3960388964462649,1.4170117349238722,1.4374861177827434
2013-05-09,1.469457247645384,1.4601039551333357,1.4016005680131072,1.4232019223530872,1.449983135800556
2013-05-10,1.4649700816732842,1.4568917875386733,1.3989170591536815,1.4235213779797633,1.454734858982781
2013-05-13,1.4799146431267576,1.4709020195612286,1.4134786767177683,1.442377260215843,1.4767964207610027
2013-05-14,1.4825095616227637,1.4781277748440438,1.4234267802463336,1.4533723259640519,1.486257735492066
2013-05-15,1.4764084733430147,1.4687658071579237,1.4149385919425148,1.4457036096463707,1.475130791607694
2013-05-16,1.4911906908885368,1.4819053250066274,1.4298031396012927,1.4605035672307705,1.4941517646819809
2013-05-17,1.4936407310693265,1.4809781113859934,1.4291329270565363,1.4564677848046044,1.4903455297353552
2013-05-20,1.4961404680372643,1.4822202218852056,1.4314095352641523,1.4559457504882294,1.4911687423365414
2013-05-21,1.4759444587326278,1.4644155942058459,1.4120517645678317,1.4395316270339904,1.4694649585992565
2013-05-22,1.475725086844842,1.4581153513256686,1.408424797513464,1.4338323672586932,1.4732620018221059
2013-05-23,1.4717848022286661,1.4549053616152683,1.4063719222495885,1.4305803118668647,1.475125216095739
2013-05-24,1.4760630941928539,1.4620219312702878,1.4162351742352195,1.444292287823641,1.4904031785997196
2013-05-28,1.469223637588235,1.4502073176695074,1.400487206845626,1.4323937914716558,1.4766434504594783
2013-05-29,1.475859681576642,1.4572583514110826,1.4065884046927666,1.4429635270630352,1.487321652203912
2013-05-30,1.4595994443918934,1.442642763534896,1.3880524544921822,1.4242511184202165,1.4670616124438378
2013-05-31,1.4639864512476266,1.4495024230355287,1.39122936661084,1.4290074815768496,1.4615902022268725
2013-06-03,1.4584573061405135,1.4403607340248337,1.382851199552778,1.4173956574833686,1.449154542840508
2013-06-04,1.441930244020255,1.4225059876957786,1.3648411501410849,1.3963964875504673,1.4252278277090056
2013-06-05,1.4544082523304598,1.436971724462186,1.3752077133790164,1.4095857751860827,1.4455259574645827
2013-06-06,1.4638717726824817,1.4553194176895037,1.3924343705378137,1.4278669308725231,1.470038545824024
2013-06-07,1.464860455948237,1.4536462999981212,1.3918719509509594,1.4291627822781532,1.4700884612927076
2013-06-10,1.450899581963289,1.4366304564483074,1.3780428301891825,1.4131756951509893,1.4480992007237137
2013-06-11,1.4414567560550402,1.4252196825822943,1.3657261338424493,1.398659545942089,1.4347218155950379
2013-06-12,1.4666883261843708,1.4471916668236748,1.3861482478773388,1.4198073905036244,1.4596492158000312
2013-06-13,1.457529258373835,1.4422836761729998,1.380352341645405,1.4128089359519533,1.452833483152199
2013-06-14,1.4674301943978263,1.451418661274731,1.3923251982031908,1.4253491171750168,1.4655326246440001
2013-06-17,1.477138770566007,1.4610023013939304,1.4026768797678544,1.4373404683650495,1.4789968243226266
2013-06-18,1.4534514507917569,1.4392265372368611,1.3812814149201476,1.4201246389237203,1.4568296956679154
2013-06-19,1.4182393396601092,1.4035738711650887,1.344800194828584,1.3867002625843832,1.4105084210590892
2013-06-20,1.4267430899163953,1.4097937310097537,1.3472320783036529,1.389725494677251,1.407159413753074
2013-06-21,1.4128550286630928,1.3978073343990947,1.3317863933365646,1.3717852088542428,1.385425500875136
2013-06-24,1.42757875193976,1.4131866315293213,1.3439118345545937,1.3875605234159565,1.4051275793468099
2013-06-25,1.4373431740971523,1.4252606773180532,1.3566422629166852,1.4013554358948823,1.4185922606054853
2013-06-26,1.4485611521206412,1.439577058604441,1.3700891430094757,1.4171914837076796,1.4400561306511535
2013-06-27,1.4497902949340122,1.435172262943169,1.367036278231891,1.4093910497487057,1.4323242394835844
2013-06-28,1.4538967273622054,1.4390348398040056,1.3778320766002992,1.4247199087395461,1.4490318326241851
2013-07-01,1.4525471301329138,1.4391657100057913,1.3731956475092406,1.4182311587371357,1.443225165565198
2013-07-02,1.4531977542149113,1.4375567375392575,1.3731615230266458,1.4182604312115268,1.4437386422107832
2013-07-03,1.4589706774783073,1.4485464871636449,1.3891314229879905,1.438663899835122,1.4639620993059548
2013-07-05,1.4619212173356975,1.4570273896885517,1.3946908922632268,1.4415596773595907,1.4703547983308431
2013-07-08,1.4715299360113798,1.4719382006369122,1.4070956897026194,1.4510289808162702,1.4845090868919981
2013-07-09,1.476399796008485,1.4751623310189172,1.4113370839331305,1.4541434865835616,1.480429041678102
2013-07-10,1.5032493114620313,1.4956774525723273,1.4334828905123915,1.4744847692926903,1.5037919533795032
2013-07-11,1.5013521238693035,1.4975198804085723,1.4389083519206893,1.480569865808527,1.5163391189788353
2013-07-12,1.5099892634657603,1.5021691961684078,1.4394055410224729,1.4828914702058136,1.5200855590035398
2013-07-15,1.5070633542641814,1.4976493353078029,1.4325070590257887,1.476147918658242,1.5040233009703297
2013-07-16,1.5073278427977783,1.502675765761308,1.4340368057509447,1.4836299467702174,1.5118590182925775
2013-07-17,1.5166727443391856,1.510807301751172,1.4379229756460954,1.4934359680560259,1.5243542151918528
2013-07-18,1.5163694609570786,1.5139548211016105,1.4457982496570936,1.4965771052189858,1.5264436760605276
2013-07-19,1.5205780209891921,1.5154550850675568,1.4490452343946787,1.5011297861069477,1.5335037267488916
2013-07-22,1.51907279739742,1.5150423712848233,1.4452335724455214,1.497944656791439,1.526997513364461
2013-07-23,1.5026365156700576,1.5032719112599378,1.4362200957658815,1.4911480844528782,1.5193163977917672
2013-07-24,1.517795201491685,1.507050994924102,1.4383302184887539,1.4955471577044281,1.52789280672693
2013-07-25,1.51790158242068,1.5061761628711559,1.434170794153865,1.494769730770378,1.5269023192828166
2013-07-26,1.51529659446571,1.501087950281514,1.4286063186589915,1.4893118768653186,1.5157531923541552
2013-07-29,1.5117175867782309,1.501776413074798,1.4321316816842782,1.4945687891339028,1.5205557378017358
2013-07-30,1.5065940542395393,1.502458922488692,1.4375175220723737,1.4961791332897225,1.5290545277626377
2013-07-31,1.5217273177783097,1.5231359418810946,1.4597221499532171,1.5249477964015465,1.5576135291896436
2013-08-01,1.5217127115595213,1.5241398375250412,1.4572424553086702,1.5266040861360306,1.5568532361409966
2013-08-02,1.5193458709330026,1.521471506054129,1.457583386977815,1.5255399124444335,1.5566696950821923
2013-08-05,1.5075692715848996,1.51630747030594,1.4488765100237853,1.5197665989685791,1.5415467629553894
2013-08-06,1.508139538970903,1.5083995903656595,1.442837533247664,1.5118803495005175,1.5305542912669106
2013-08-07,1.518452001086076,1.5126566996821407,1.4479830490335934,1.521202919026802,1.5492200262247817
2013-08-08,1.5158458767322007,1.51223307492648,1.4474052764093477,1.5196283614022932,1.5460802867090397
2013-08-09,1.5152733932106486,1.511686299498709,1.444981241725222,1.5177034386377735,1.5427762747872797
2013-08-12,1.51348165795242,1.5098477852047931,1.4506167016254203,1.5222489436233129,1.5453007764259494
2013-08-13,1.5099365408418686,1.499496293721806,1.441698914193409,1.5158585708885364,1.536343194720016
2013-08-14,1.4906183648252043,1.4789729664686098,1.4204837880302332,1.4893802051664287,1.5092402620944545
2013-08-15,1.4774081107679493,1.4705739964025204,1.4185243467212647,1.4897133126406392,1.5114645724135471
2013-08-16,1.4697523122648293,1.4590496970574018,1.4126463171014798,1.4806688718641092,1.500005185862318
2013-08-19,1.4809753279095514,1.4711330278743697,1.422785612947409,1.4902560716628288,1.518059820819414
2013-08-20,1.4750218797582761,1.461756857672319,1.4186484732255764,1.4816769578761522,1.513179516888586
2013-08-21,1.489755610347668,1.4740687146748361,1.4326377004054422,1.4929673112784922,1.535018067613584
2013-08-22,1.499537610952385,1.4794582639137728,1.4356677485938283,1.4927042425162473,1.5369728612608824
2013-08-23,1.4960415147577448,1.4722100997705485,1.42987512235649,1.4892129950674626,1.536854497261741
2013-08-26,1.4766616830407997,1.4522800057314325,1.4069517563257128,1.4596629443937097,1.4972872620635025
2013-08-27,1.4764514832898048,1.4524713416227732,1.4075605781238945,1.4625939785673294,1.5030785088081013
2013-08-28,1.4809355128985673,1.4559774515238957,1.4114603180273289,1.469282630320792,1.5153516218595269
2013-08-29,1.4753687860652127,1.4527571515777562,1.4025092312984015,1.459649508369479,1.5022314341443288
2013-08-30,1.4700652041920272,1.4519886090462486,1.4077433205354641,1.4690386176418673,1.5197372691801259
2013-09-03,1.4803695908982568,1.4622660374620609,1.420013534943484,1.4845930956684532,1.5362558687141583
2013-09-04,1.4761024231430542,1.4646672181486557,1.42420452638184,1.487372617263373,1.5431597448558825
2013-09-05,1.4841931164838156,1.4675988397763207,1.4247956455004844,1.4868111417206311,1.5403386199539486
2013-09-06,1.5060205649543976,1.4853709429333048,1.4441955679242025,1.5019547648177112,1.5609575856302327
2013-09-09,1.5145663054814915,1.4972335118712652,1.4592704010113835,1.517581407095291,1.584588578346448
2013-09-10,1.5171046003404112,1.4990070024782067,1.4642163001331432,1.5230823474674098,1.587666651381244
2013-09-11,1.5063445079024729,1.4944565066283102,1.458654229662939,1.5169003013513689,1.5815567931301078
2013-09-12,1.5137017456813213,1.4985585809200466,1.4610743752992859,1.5213254089300274,1.587301521809959
2013-09-13,1.522694674954456,1.5069746278993388,1.4710131442777719,1.5328637256338713,1.5984526002581343
2013-09-16,1.527930827834824,1.5175248468214995,1.4764030301852558,1.5395890809871107,1.6088111791474466
2013-09-17,1.562882076814095,1.5415716760548022,1.493165219288953,1.5508781702471532,1.6245789848509131
2013-09-18,1.559737887727307,1.5383775234892123,1.4942237088164976,1.5464538673996757,1.6248789333340687
2013-09-19,1.5401424242868056,1.5276480161014896,1.4866667260338018,1.538363864198148,1.6141669891992982
2013-09-20,1.5351066199586951,1.5228633698906575,1.482004230188459,1.5260407258755688,1.6059596986396378
2013-09-23,1.531182521493604,1.5225857073657287,1.4826732620904544,1.5269783990075247,1.6138018950256203
2013-09-24,1.5273483582109835,1.5209993786130567,1.4783684548412666,1.5282683636652146,1.6141372654372064
2013-09-25,1.5299813092701413,1.5252548020631278,1.4826866741119762,1.5342585075234336,1.6254950877404726
2013-09-26,1.5207800547418706,1.517337157966691,1.4763975236217421,1.5274445554984946,1.6175239305156908
2013-09-27,1.5122672026242665,1.5121120228697862,1.4740345108449313,1.5262102692070607,1.6163840651643275
2013-09-30,1.5251980911687522,1.5261170528459251,1.4853137208807132,1.5379782191021483,1.6395632091249743
2013-10-01,1.5284730704063192,1.5257388422435836,1.482916456093428,1.5332821940840584,1.6384868338596672
2013-10-02,1.510535986755347,1.511217099554166,1.4697246924272434,1.5197061762190296,1.6237272067695203
2013-10-03,1.5145639092389303,1.520273260316936,1.479458007432673,1.5321724155215635,1.6430490462598217
2013-10-04,1.5120877144354667,1.5067086923006818,1.4658394864525524,1.5160757568928533,1.624923840683342
2013-10-07,1.4993595624691738,1.4917016256971243,1.4469727945914033,1.4962531646735677,1.5927822527218904
2013-10-08,1.5020422652622494,1.4902334969171698,1.4457412268998764,1.4956263439733937,1.5886883880933766
2013-10-09,1.5256704537734724,1.5202962718480069,1.4777154885557287,1.5347245382034451,1.6293371947413866
2013-10-10,1.531490343220952,1.534818501085699,1.4893187814600197,1.54661407887974,1.6410250425966622
2013-10-11,1.5309934843518807,1.5390036477587787,1.493774552520586,1.552424759650089,1.6536159004252513
2013-10-14,1.51643200347997,1.5256374084622106,1.4799415381542895,1.5375171363354623,1.6411530648573716
2013-10-15,1.5350878569397604,1.546292747584958,1.495171845210642,1.558965520699209,1.6670504177462508
2013-10-16,1.5517313822544352,1.5621367687700545,1.5090274905493013,1.5748139969900756,1.6816925557388926
2013-10-17,1.5519261103505653,1.5756515094926968,1.521271853535759,1.5861141434614277,1.6949083180633477
2013-10-18,1.5501231379168106,1.5774127701800817,1.523217319736626,1.5860841805107029,1.6967133494892934
2013-10-21,1.563651905660317,1.5888097031035413,1.5304308939769404,1.5918733971912242,1.7009951110475634
2013-10-22,1.5595256058130913,1.586501763694667,1.5211952934142263,1.5841577181901074,1.685841102619626
2013-10-23,1.5646273764868623,1.5888629811994133,1.5263920468842924,1.587165069367789,1.701903535273316
2013-10-24,1.5729779740521166,1.6015751047489586,1.5321028551405815,1.592736897383957,1.710708385077483
2013-10-25,1.5724617580899174,1.6053662129677775,1.5311740251514507,1.5913533746690984,1.7034917663183708
2013-10-28,1.5741212711242936,1.6142058718518475,1.541635138205194,1.6017493990253346,1.715767901524605
2013-10-29,1.5606937055068983,1.603515520357803,1.5301347377657166,1.5913922794229485,1.7008171927719047
2013-10-30,1.5527405058721189,1.5991320893287768,1.5300145684275974,1.5886427723922119,1.701066880428823
2013-10-31,1.5556855131644542,1.6021954267425496,1.5358673719598144,1.5903710144662926,1.7099532848695829
2013-11-01,1.563967343112515,1.6101453644463828,1.5400690011332516,1.596668624639504,1.7264185785479447
2013-11-04,1.5505674523672954,1.6024994792180307,1.5366158204578395,1.5962202115489605,1.725729578930381
2013-11-05,1.5607498392212307,1.6102320286103498,1.543097135224517,1.5977726644884969,1.7097434592646819
2013-11-06,1.5442639215995093,1.5893448419101799,1.5237482721173203,1.5759954079101743,1.6788763263381423
2013-11-07,1.544221414872333,1.604798516341075,1.5454066262579822,1.602182782280355,1.7103799342877486
2013-11-08,1.5457974975763091,1.606105693068347,1.5484332465370303,1.6033109034814503,1.7190394963103925
2013-11-11,1.542441465144468,1.602810021733985,1.5461302904742056,1.6030437312734123,1.7178467624187843
2013-11-12,1.5506352226001572,1.613564503868437,1.5587111212334785,1.6172587492961061,1.739831642213392
2013-11-13,1.5610118336714132,1.6227494527861916,1.5686163220657212,1.6252786293337562,1.744603528079797
2013-11-14,1.5713739429776579,1.628051153403587,1.5748003489227984,1.6322558260901483,1.750838157131949
2013-11-15,1.5660452573710817,1.6219828526426272,1.5671780752021587,1.623397272991418,1.73276134062154
2013-11-18,1.5578999958065596,1.6160908422710025,1.5619513497765078,1.615197138131098,1.7234439630207896
2013-11-19,1.5469639239235895,1.610596295093147,1.5546790051346804,1.613216574477886,1.7214583990696362
2013-11-20,1.5528392075201345,1.6277543951400586,1.5678196821924257,1.6314613200095036,1.7465294962515867
2013-11-21,1.553473590070736,1.6305297072701936,1.5769449147524952,1.6366887830339298,1.764260171206664
2013-11-22,1.5518563366515743,1.628464531898091,1.5741199515822137,1.6367952508901742,1.7618268314410228
2013-11-25,1.5532234010305472,1.6254113840009978,1.5735056808187886,1.643349887069341,1.7711839675231815
2013-11-26,1.5592423346947142,1.6265399751652119,1.5763362960683853,1.6477538852748037,1.7813206665419945
2013-11-27,1.55380824781269,1.6222671652738534,1.5722978101313383,1.6437228418863536,1.779420862765828
2013-11-29,1.5473016295026532,1.618375554122572,1.5675647983598349,1.6403405582269577,1.7788103399779094
2013-12-02,1.5464059193515858,1.616792125741872,1.5625636888380932,1.6301786658246564,1.766527165040868
2013-12-03,1.5496953197883339,1.6118289292333834,1.558883769920048,1.6296510066337089,1.7615219880948825
2013-12-04,1.5461961722939637,1.6085009183093804,1.5547253849918996,1.625637591913913,1.7549631427366141
2013-12-05,1.559098345917635,1.6279045105820185,1.5720001336246163,1.6460701130431568,1.7700969574091496
2013-12-06,1.564835421712022,1.627110565849492,1.571713519194105,1.6466718851665483,1.7715369892817083
2013-12-09,1.5583763262111385,1.6210309920005352,1.5651034673358137,1.6439667285816524,1.7693241138980447
2013-12-10,1.538837313996622,1.599540329856117,1.5468474048801455,1.6212494282132877,1.7442656285084817
2013-12-11,1.5281254373358815,1.593415122542034,1.5457966186734982,1.619096019195539,1.748788145199048
2013-12-12,1.5291621674740195,1.5970719946916943,1.549522268170914,1.6213503291541342,1.7578112223527924
2013-12-13,1.539232994409402,1.6071625470883997,1.5573620892494233,1.6349624285759592,1.771780870098327
2013-12-16,1.5398609758284816,1.6041126286307568,1.555385766954675,1.6332889007523936,1.7705566432334123
2013-12-17,1.564028462054116,1.617126139154303,1.5832860904989519,1.658518110055105,1.7931234266127707
2013-12-18,1.5548163937503288,1.6161802742009328,1.5842715224194932,1.6546535389841448,1.7832499433348195
2013-12-19,1.566626507085873,1.6271943464813272,1.5978586409517856,1.6728679410589309,1.8011508743592042
2013-12-20,1.5779087978100539,1.6333686706195787,1.6065370911723413,1.6806847652975265,1.8115343114429696
2013-12-23,1.5841159956936537,1.6382910486161493,1.6126415726469296,1.6883867281753842,1.8154126993027044
2013-12-24,1.5872271943089435,1.6410486992491882,1.6171273017268104,1.695909272746436,1.824749027188851
2013-12-26,1.5913076057203912,1.643419464005107,1.616819318101942,1.694842682572381,1.8144840705484453
2013-12-27,1.5938003392552722,1.6465489672194964,1.6184021888216538,1.6974439462068234,1.8141711882200573
2013-12-30,1.5959476524952758,1.6494122151136872,1.6237813761731772,1.7062231001659092,1.8256595572975447
2013-12-31,1.5825223859441937,1.6324846875326133,1.6080464989616117,1.6884065062526474,1.8109336579579516
2014-01-02,1.5836211111361458,1.6347262194945489,1.610873312577358,1.69020501352304,1.8193643290099284
2014-01-03,1.5805778180892804,1.6306052673653841,1.6057133553671752,1.6831883940740444,1.8139969121741242
2014-01-06,1.5909723597317764,1.642064553681316,1.6140160821544385,1.6977674589990113,1.8295318383645227
2014-01-07,1.5870025378311772,1.638630085088376,1.6159706643733742,1.7024396287798624,1.8447454417355282
2014-01-08,1.5881739779656405,1.6438441105076658,1.620525449860489,1.7066924816828335,1.8484243811205283
2014-01-09,1.6046888399472803,1.649583057311591,1.6277313460376681,1.7101104332314454,1.8609192525594134
2014-01-10,1.587178844552222,1.6322256102254937,1.6085575657027562,1.6835961923424483,1.8275994062013028
2014-01-13,1.6019152276758661,1.6472812694555719,1.6262022490031163,1.7052278097524098,1.8645071363858692
2014-01-14,1.6106789333586267,1.6561236755274094,1.63380539525804,1.7121079007937425,1.872202126722018
2014-01-15,1.6133800194435617,1.657131236502498,1.6326635076697853,1.7021517671248998,1.8703867260498719
2014-01-16,1.6069656990049819,1.6518500367243814,1.627888724047036,1.6991504216151256,1.8663262230668498
2014-01-17,1.6132186207219752,1.6569674383927018,1.6310797971936135,1.7045009037413417,1.8777758080546778
2014-01-21,1.6130375270765889,1.6581395338550098,1.6338105101287403,1.7141299815125137,1.8905930395647468
2014-01-22,1.6093417285790936,1.6465284258715727,1.6174639487198932,1.6936196350462673,1.8750075822621337
2014-01-23,1.5828742839921393,1.615064846812374,1.5797860028194184,1.6484907380001108,1.8200505629153403
2014-01-24,1.5767119804595306,1.6086102426708366,1.5744887683493682,1.6385118977810134,1.8017037050512696
2014-01-27,1.5930579508134377,1.622280274747744,1.5874828515522217,1.6552190028904863,1.8260593975924422
2014-01-28,1.5829711969497966,1.606536662388887,1.5730690643837388,1.6412959759296446,1.8035543647859205
2014-01-29,1.5978126476371735,1.6212849845636301,1.5940793033246878,1.663388438579909,1.8442252489257616
2014-01-30,1.595231950850208,1.6107845364944136,1.580927375546332,1.6496371138532038,1.8426543998489073
2014-01-31,1.5644541804460397,1.5732347660921862,1.5384611069566922,1.6019789621145077,1.790284628544307
2014-02-03,1.5771518254212644,1.5837300332803974,1.5483254331493879,1.6144687594232248,1.805865683504364
2014-02-04,1.5731261389103668,1.5791427345500493,1.5450207694596438,1.6162701973788922,1.8039509339030553
2014-02-05,1.5924412166631385,1.6013337625168913,1.565182455530659,1.6400827576932957,1.822244860951279
2014-02-06,1.6092674400455773,1.6193471174273493,1.5852694909709315,1.6593512060097373,1.8582927768525446
2014-02-07,1.6182209046334273,1.6223796952367275,1.5849568494408743,1.6622576280359413,1.8603095727757089
2014-02-10,1.628625803220258,1.6386636754353638,1.6044333134458528,1.6767134791231908,1.8799932703295645
2014-02-11,1.627445861361827,1.64412157706265,1.6049030416130041,1.680931635442484,1.8909258156623348
2014-02-12,1.6398110886630983,1.6529620753522687,1.6155884923994754,1.6927125061734072,1.9078313970527003
2014-02-13,1.647788707450747,1.662691458347793,1.6239281354666504,1.7006453064689075,1.9106383422800493
2014-02-14,1.6507117403672753,1.6638430958644732,1.6274904367942153,1.7072479250756012,1.9281223714288709
2014-02-18,1.6446659255919134,1.6573148842871335,1.6205730616755765,1.693227763127508,1.9135907442430016
2014-02-19,1.6525617934102343,1.6709072495265966,1.6320818915399216,1.7048229023381538,1.9383694422999316
2014-02-20,1.6511191402256196,1.6704228416770768,1.6305671924476433,1.7091111099090996,1.9391663741570155
2014-02-21,1.65425679658184,1.6767385113566222,1.640417402845636,1.7239121674042939,1.9561841362490007
2014-02-24,1.6559275982805783,1.6718039103760163,1.6403765796211,1.7169070645198095,1.9567710023222975
2014-02-25,1.662489772127922,1.670865281500587,1.6434617936018538,1.7217671315574448,1.956742055466771
2014-02-26,1.6656639346276445,1.6758840450232613,1.6472945561596826,1.7321107375743767,1.9723980259237253
2014-02-27,1.6684464318740582,1.6838886721876554,1.6514898866037913,1.7380512026301917,1.9628822321749053
2014-02-28,1.6595575487758136,1.6686704143553268,1.642651131052982,1.7252401235487131,1.9534642884299775
2014-03-03,1.6737188255116375,1.6923183438813678,1.6693868234120248,1.7567627802347179,2.001606736881885
2014-03-04,1.6690937917928037,1.6888501408042258,1.6685963694452088,1.756431952845886,2.0039329743002123
2014-03-05,1.667369298824249,1.694416452668711,1.6739768230466716,1.7600900169524032,2.0038281487066603
2014-03-06,1.6614990543794512,1.7005064323726191,1.6789250387009307,1.7625705389755655,1.9974573651868865
2014-03-07,1.6574667625812822,1.69656654774926,1.6749756766764128,1.7563200001048784,1.9908982983322994
2014-03-10,1.6546509357929322,1.6901007304684614,1.6662768589742185,1.7459436188675597,1.973029105447629
2014-03-11,1.6589772396286762,1.6895917575929504,1.6704133134118138,1.7451730459032406,1.9789586354194366
2014-03-12,1.6476151216883417,1.6733638538534659,1.6521093383016523,1.7207832648203092,1.9478246303582074
2014-03-13,1.6516319004037316,1.6722656965937275,1.6506409218303062,1.7191825640135048,1.9472454336461975
2014-03-14,1.6598713894229267,1.684942507666534,1.6658364331042987,1.7372402639300777,1.9623093668093687
2014-03-17,1.6677727676889655,1.6960247923622416,1.6757618760951019,1.752585241829721,1.9826309318391386
2014-03-18,1.6521930093558672,1.6841340784606065,1.6672182410294312,1.745348637783213,1.971076320080905
2014-03-19,1.6542994222670302,1.6910506791427218,1.6760789363696598,1.7551534026440496,1.9830444082090868
2014-03-20,1.6558084379087659,1.6943825000343333,1.6740542864138697,1.747171932214163,1.9589662688696359
2014-03-21,1.6526560843787972,1.6867257065065002,1.6639393089138306,1.7323050410640914,1.93269890997824
2014-03-24,1.6593431150209057,1.693625779552521,1.6686470460665872,1.7336653472800547,1.932815200682939
2014-03-25,1.6511580753867503,1.6828465516498083,1.6564449982571303,1.7142394977054032,1.9042938499265718
2014-03-26,1.6571861655449722,1.6801910953953005,1.6549943144348689,1.7013758966077694,1.8953962003523575
2014-03-27,1.6657030619570468,1.6883401101718227,1.6635711484387814,1.7105954952972997,1.897882257883807
2014-03-28,1.6806566708675685,1.703678577413074,1.6819321547221322,1.7287724183896993,1.9271836887226552
2014-03-31,1.6884529735322236,1.7107997295944262,1.695494081404995,1.7449698874483974,1.9593570544152399
2014-04-01,1.6931954765891741,1.7165203206772905,1.7004106709684992,1.7504143821275475,1.9639430374970248
2014-04-02,1.6952888370487873,1.7168007072759788,1.6997011247877374,1.7448728711985144,1.9419222956740037
2014-04-03,1.6926715380427297,1.7036995659768763,1.6734727822110327,1.7151517988849811,1.8898559958050252
2014-04-04,1.6859874523877447,1.684414723599547,1.6477369900507586,1.6852260425363073,1.8466644532780283
2014-04-07,1.6971665275176933,1.6942496286455506,1.6522002255809929,1.6922908831189711,1.8587434724090566
2014-04-08,1.6991120379398148,1.7062064200747664,1.6712395407410352,1.7172013062411862,1.8977618027289618
2014-04-09,1.6813282352694938,1.678533213751944,1.6357940960749369,1.6719057105412887,1.8313136705940323
2014-04-10,1.6691816464080353,1.6622292989412992,1.6142842213932251,1.6518832001784776,1.805025745945932
2014-04-11,1.6837427055161498,1.6742802402712722,1.6233957476104428,1.6629402257480848,1.8163838487886996
2014-04-14,1.695394624988094,1.6823614020586173,1.6316917725565543,1.6728229480751153,1.8238123422287842
2014-04-15,1.7077604952457635,1.6972816572388736,1.6467056682180827,1.6951155677814072,1.85960360071023
2014-04-16,1.702118165139023,1.6978937144010204,1.651740180330467,1.7029695255844932,1.8706581117800336
2014-04-17,1.7039111231647637,1.6969259981726952,1.6591068583444275,1.7075536999153251,1.8856944867957677
2014-04-21,1.7074811519499684,1.7025813007294743,1.6686913802747376,1.7214312001859364,1.9098012282399361
2014-04-22,1.7029137455696137,1.7007063592627711,1.6672569350384068,1.7180799472449797,1.9024735475406578
2014-04-23,1.709517893620985,1.704648674543595,1.669748927326942,1.7170567412488493,1.8982821412901008
2014-04-24,1.7061464457896824,1.695507645340267,1.6544256792920415,1.6950094158244247,1.8569438773894749
2014-04-25,1.7145160294749089,1.7050051896478458,1.6557306927750783,1.6836884942511334,1.8362850015165242
2014-04-28,1.7146320655541871,1.709407182049167,1.6578699344137233,1.702661860725755,1.8549352620169937
2014-04-29,1.7177332549161672,1.7130661223897585,1.6648560788570406,1.7119345044689729,1.8662496111314224
2014-04-30,1.720870087349096,1.7153550173312802,1.6700891458089002,1.7134680971571428,1.8644939428764218
2014-05-01,1.7164713126282778,1.7148840185411631,1.6694163319012805,1.7160439219779744,1.8704925798153453
2014-05-02,1.7196525253392108,1.7137122035220842,1.670515492733211,1.7202201166954751,1.8782090487092373
2014-05-05,1.707651483403412,1.7011924450938154,1.6558154102449494,1.7017199664743958,1.857632160195373
2014-05-06,1.719990864057449,1.7128853244636748,1.6623372320261285,1.7091222995516946,1.8558892954793889
2014-05-07,1.7173022245324792,1.7116877419073986,1.657821254156691,1.7064576949015537,1.8410469205066349
2014-05-08,1.7180774171034627,1.714806694156855,1.6592199845266342,1.7092625592612798,1.848477332018305
2014-05-09,1.7294231712330808,1.7244136609796064,1.6833371959180303,1.7394543232375266,1.8876273217624138
2014-05-12,1.7295690449749066,1.722347422751653,1.6793511675539858,1.7331940249870135,1.8821158541883434
2014-05-13,1.7255336508834038,1.7169035598831572,1.6682139384437615,1.7178496205636553,1.8694157136944332
2014-05-14,1.7167590021759913,1.7047475237616456,1.6544274100166794,1.700719062093686,1.8482959516180892
2014-05-15,1.7254831136904594,1.7109348372867215,1.661280233528738,1.7102774418960878,1.8491547750952377
2014-05-16,1.7250111420118925,1.7136681836545873,1.6683420080642033,1.7242656831741288,1.8655217096297723
2014-05-19,1.7110210310351317,1.7047880919208735,1.65452030352868,1.7102294543548948,1.8466241646825166
2014-05-20,1.718132477422384,1.7112561081975104,1.6642764155961685,1.7237908233492034,1.8653258360932854
2014-05-21,1.7231752405502352,1.7183483350794686,1.6702928176587173,1.7320566323497988,1.8756993637922434
2014-05-22,1.7344607468102977,1.7225223254672772,1.6782117974962265,1.7423984299606683,1.898431756705619
2014-05-23,1.7417264782953852,1.7323303294600543,1.6902437909059873,1.7568509619252946,1.9185802647194459
2014-05-27,1.737078847510358,1.7321429010884264,1.6884854192698502,1.7543748767621228,1.916175579197494
2014-05-28,1.744221579521899,1.7377385788309934,1.6938300132544049,1.761688391817459,1.929999622762301
2014-05-29,1.7456482151049992,1.7438915792030873,1.6958595597194037,1.763107529030336,1.9253730904443098
2014-05-30,1.7467322377822991,1.7440148882614073,1.6968613913906159,1.7660088853387725,1.9293201236772881
2014-06-02,1.74696285291173,1.7430852772122496,1.698596963963029,1.765085163700587,1.9275473613073775
2014-06-03,1.7526484015050994,1.7470653156153164,1.7039938050302454,1.7706968696971623,1.939263827829571
2014-06-04,1.7658820422095283,1.7601840934134552,1.7206636212086792,1.7845208285271,1.95253023594602
2014-06-05,1.7745051647839276,1.7671674060846578,1.7308880339373693,1.793033132874431,1.9658903314690752
2014-06-06,1.7760616726793765,1.7700510357491284,1.7356824333202294,1.7948214813086154,1.964846954113996
2014-06-09,1.7733717427690514,1.7662582429687979,1.733752892717428,1.792953608885946,1.9619220974311087
2014-06-10,1.7673788508299404,1.7579468073333526,1.725183272815496,1.786602452541752,1.9596994977555806
2014-06-11,1.7580827757659219,1.7498872053726153,1.7113862846121561,1.7707769647352678,1.9409935112951133
2014-06-12,1.7621700546159096,1.7535764865769612,1.715505132768611,1.7783978434948258,1.9480165318686782
2014-06-13,1.7628900766043916,1.7533280931992852,1.7157901199382286,1.7779318752989952,1.9594863155300375
2014-06-16,1.7679848416386954,1.758945213025765,1.7260045691873729,1.7838273979035704,1.9745141135302715
2014-06-17,1.777486621557447,1.7742454113075241,1.7403385050672913,1.796029115267734,1.9874267264047722
2014-06-18,1.7794408105123602,1.7778564910984422,1.7435904135071454,1.7991542197788437,1.9916480492500779
2014-06-19,1.7778112432879336,1.777477203290193,1.746976918783402,1.8012883336677814,2.0005104669831475
2014-06-20,1.7790024391256787,1.7751112605835924,1.745446277433719,1.7955939178084626,2.002534202843769
2014-06-23,1.7800868965476824,1.7654971078077302,1.7351805062094743,1.7820990234062637,1.9830688074342906
2014-06-24,1.7816463541392356,1.7703654427016016,1.7399546825152523,1.7919264641642696,1.9958845539311416
2014-06-25,1.7786043529912166,1.771905431493565,1.7369965268789225,1.7895552967742463,1.996899297373749
2014-06-26,1.7853787037030455,1.7759204372197437,1.7417861672264465,1.794953876034333,2.0020415695945313
2014-06-27,1.7883162257700118,1.7795733758189307,1.7465712764476187,1.7978505851456767,2.005061816401414
2014-06-30,1.795297651135513,1.7874651487213604,1.7590999751509797,1.8128583589930867,2.0263548371845888
2014-07-01,1.7945953689349035,1.7833140469487387,1.7520100595799977,1.8067387975952174,2.022529121569429
2014-07-02,1.8000303088802552,1.7923020832953689,1.761760246523564,1.816781598962851,2.033294579856916
2014-07-03,1.794353669194999,1.7856596225295516,1.7517281809001646,1.8037486930821944,2.0082620718657127
2014-07-07,1.7851558999818922,1.7748219061550343,1.7429469359245127,1.7892232192424729,1.979611457715294
2014-07-08,1.7913149182627282,1.776715590197861,1.7468787897576181,1.795792709890447,1.990175737388899
2014-07-09,1.7845258858504314,1.7673190606068678,1.739304005816027,1.7879491492137454,1.9822362235562605
2014-07-10,1.78643882542663,1.7680217735086194,1.7410327861035926,1.7905209564493387,1.9855001612453782
2014-07-11,1.7887044787183546,1.7734242679773429,1.7422594728230623,1.7974231113503525,1.9981701773347396
2014-07-14,1.78833801814587,1.773162124081627,1.738239736559297,1.7915963820223078,1.9883360480685077
2014-07-15,1.7942973326331582,1.7750577207471265,1.7380656868311148,1.7972598522325598,1.9920731002804615
2014-07-16,1.78191919702869,1.7587068943042685,1.7148998300454432,1.7744013925827544,1.9659559529798878
2014-07-17,1.7938106955489985,1.7779612629410175,1.7333385551411997,1.7935370161137278,1.9997070796474454
2014-07-18,1.7894490218973924,1.771242283310538,1.729372516131259,1.788014897497202,1.9985621594603749
2014-07-21,1.797043028067438,1.7773256919774227,1.7390543422042926,1.8018175939936312,2.0186669839312716
2014-07-22,1.8025564735692763,1.7762460376822902,1.7374239949545758,1.7999842078894133,2.022762066699525
2014-07-23,1.8081177026658424,1.778049275586908,1.7425228993176751,1.7987459993741692,2.029723532506273
2014-07-24,1.797403875433955,1.771743468472177,1.7294364584131336,1.7883961917325006,2.0234763884688443
2014-07-25,1.8000698881185189,1.771934576400506,1.7292945665302037,1.7855553996417677,2.0221233377790915
2014-07-28,1.7931480921348808,1.7642430089856298,1.717359956923522,1.7779724485406827,2.015623560071383
2014-07-29,1.790291958897746,1.7648866031585055,1.7170119162287927,1.7838143237062152,2.020300497082452
2014-07-30,1.7628856297257578,1.735027385692171,1.6825339501119472,1.745859098053091,1.9767688756450517
2014-07-31,1.7582952622047017,1.7355255533253446,1.6784063891961243,1.7406733012599342,1.972959769330328
2014-08-01,1.765572096759226,1.7410228286476546,1.6905109600428843,1.7554699807596952,1.9918028391379885
2014-08-04,1.755509863681152,1.7294424222367561,1.6818126354714005,1.7421507828070542,1.9751949520101333
2014-08-05,1.7564329347243695,1.7314632646184336,1.6807667190671682,1.7421781474038938,1.9693211131209543
2014-08-06,1.7483914168818735,1.728260172263984,1.6719064581067613,1.730951145073499,1.9615266035051808
2014-08-07,1.769603124533595,1.7493427851186307,1.6906876322225821,1.7527358838900657,1.978355572886172
2014-08-08,1.7763603161467176,1.7556884876652958,1.6939199370432223,1.7581697565375032,1.9921624514755054
2014-08-11,1.7716330416588675,1.754077615593002,1.6911198295384333,1.7551544407563402,1.9866345355783184
2014-08-12,1.7769273969588029,1.7644476135496703,1.703545466109944,1.7681852218286063,2.0110523365551796
2014-08-13,1.788749499518425,1.7734313135502606,1.711399891534652,1.776285542468088,2.017759416971097
2014-08-14,1.7844025383101423,1.7777581735833503,1.7116401645867374,1.773814447210863,2.024673613852699
2014-08-15,1.8031709020826818,1.794365291796923,1.7279098701892985,1.7914119783000817,2.047096391974037
2014-08-18,1.8124912884797184,1.8047751563259147,1.738008958341213,1.7993767934957188,2.0571002860319347
2014-08-19,1.8173636232740185,1.8078121160744145,1.7434202165587758,1.8037233741673806,2.0619398093739507
2014-08-20,1.8263144999107537,1.815264383504844,1.7475502959073348,1.8065907482779153,2.0606233604644695
2014-08-21,1.8237217593253114,1.8080832158499325,1.7432587631656211,1.8019301248832882,2.06079437908502
2014-08-22,1.830540625387351,1.8171557390863242,1.7517312656651636,1.8076045729765635,2.071371822388108
2014-08-25,1.8326403513967282,1.8182957612292892,1.7529319705004929,1.8088660198819748,2.0749857471688844
2014-08-26,1.83177883400475,1.819609031975781,1.7528527715983357,1.806139845103381,2.072702589039708
2014-08-27,1.8283489252115284,1.817432432503065,1.7516689275887904,1.8032371096118611,2.069180076376747
2014-08-28,1.8322392262385014,1.823781845722222,1.7599953390293797,1.8103839419445755,2.0792141843860725
2014-08-29,1.8365792574840407,1.820645668491822,1.7595303080358555,1.8136837337963234,2.0921584341984643
2014-09-02,1.834994549586514,1.8208149523492372,1.75864733815556,1.8133349891399715,2.0876755379055227
2014-09-03,1.8352432414481012,1.8220783762353765,1.756028165942598,1.8095039480167294,2.0809303120885185
2014-09-04,1.8423525092299942,1.831431839816461,1.764074230114142,1.8192042465482745,2.0927452652310397
2014-09-05,1.8343970570852945,1.8302495095089701,1.7619355825384937,1.8176724990371445,2.0927811756998547
2014-09-08,1.8196759385223518,1.8157890317813021,1.7494822728958896,1.8058649695775721,2.073708049953278
2014-09-09,1.8246897423243715,1.8194872963797373,1.751288699623639,1.810641043848363,2.0832461487686538
2014-09-10,1.8341293926432565,1.8228922842969444,1.7549435843094152,1.8103361284955872,2.088016588188886
2014-09-11,1.8300078490780303,1.8099697724163009,1.73947620844731,1.7939918569031028,2.0733403149112766
2014-09-12,1.8260476844213567,1.805610134744516,1.7335372740007922,1.7895645866025485,2.059059346610247
2014-09-15,1.8311542113756072,1.8139736885806281,1.7473395024230056,1.8030543001621324,2.07944059645615
2014-09-16,1.8350223386266227,1.8165668811885323,1.7503345473024652,1.8025519002315649,2.0846131334980473
2014-09-17,1.8455381251276575,1.8229277247349946,1.7567971621317953,1.8099726286690743,2.100295004795124
2014-09-18,1.8416362113271476,1.8203836186388742,1.7523239307491754,1.8044038982353323,2.0921676452873896
2014-09-19,1.8238816673067422,1.801505042423553,1.7364437318662584,1.7874987515048522,2.0637114231911644
2014-09-22,1.812910687248641,1.7881801374840884,1.723068043696866,1.7739105881330486,2.0500437409984116
2014-09-23,1.8233058533204374,1.7987317374865341,1.7329859443629494,1.7890849537747064,2.071516498584489
2014-09-24,1.8002850543371791,1.7760553668353252,1.709470074333715,1.7628288625530093,2.036576313796213
2014-09-25,1.81117246143383,1.7855052993532077,1.7247452163200094,1.7763924093917467,2.058144044716252
2014-09-26,1.8041810837611307,1.7822886947524683,1.7222889978118372,1.7760288590281716,2.05796412200269
2014-09-29,1.7971556523928076,1.7758943936271996,1.713337814556715,1.7676548034475512,2.0460986126027563
2014-09-30,1.777825454912215,1.7578327320063545,1.6908805573735115,1.7472664442886194,2.001586428585294
2014-10-01,1.7847780110763485,1.7625552803312023,1.6937194224567924,1.7479743611909202,2.0057627099945896
2014-10-02,1.7971815257194517,1.7778765757680026,1.7131940107631152,1.7697368844259571,2.0357136804908262
2014-10-03,1.7943325914266781,1.7763707287359882,1.7114006024182065,1.7652540047506324,2.0212221805299575
2014-10-06,1.763303817321937,1.7516931604325436,1.6894081958536689,1.7372970713324118,1.982458288116991
2014-10-07,1.7921125460038823,1.7810179009056148,1.7177208861187958,1.7699435385635482,2.014917615600649
2014-10-08,1.7577158135455353,1.7464906452182438,1.6821341796968818,1.7353727879829766,1.9650263660087701
2014-10-09,1.7415279983816265,1.7282221069943584,1.6624230276242287,1.7009949088943777,1.9090160332147716
2014-10-10,1.72271583664675,1.708316005470378,1.6373449088902823,1.6698004070324186,1.8568957919514162
2014-10-13,1.7379784524830755,1.7197806272425444,1.648688843851684,1.6769073499098408,1.872478836187916
2014-10-14,1.7304163827076213,1.712174100877341,1.6417775725895962,1.6689116001762954,1.8708693857811172
2014-10-15,1.732375921751823,1.7198294952148931,1.6457965102786014,1.6730509522908321,1.8886471662125544
2014-10-16,1.7467396686710261,1.7352763027129754,1.6654573475028889,1.6974409028218667,1.9203756951720448
2014-10-17,1.763677900780671,1.7534517964813698,1.6819140917637312,1.7163164884596844,1.946755759101074
2014-10-20,1.793667976134973,1.7888831007717982,1.7137826692905378,1.7566148966750095,1.9987102006723299
2014-10-21,1.778770062914377,1.7761834413781104,1.7039098806691566,1.742329652342048,1.9804275370257205
2014-10-22,1.803730157144902,1.798124583795022,1.7242191286081572,1.7651554048555913,2.00768770550928
2014-10-23,1.8133919421718656,1.812680074274988,1.7387820174403676,1.7829011269456672,2.0255925037245532
2014-10-24,1.8136627471509599,1.8074956219415006,1.7370141298010715,1.7819670785240747,2.021032288134104
2014-10-27,1.8384951222437735,1.8321542904381747,1.7558121592459532,1.8095809079469252,2.0545902813466492
2014-10-28,1.8291892198910082,1.8280464259653268,1.7519756348278333,1.8065525299613623,2.048642748862686
2014-10-29,1.8433779549139375,1.843368774587773,1.7646343366179653,1.8226794063723983,2.060294653598513
2014-10-30,1.8604047159849564,1.8631035531928266,1.7893378800512185,1.8446139764523977,2.096085408776262
2014-10-31,1.8585366785988593,1.8619022288885836,1.7939628832044496,1.845797039583252,2.0991624137301934
2014-11-03,1.8508658961133633,1.8570300364471144,1.7921664151902246,1.843285845830083,2.089954033755661
2014-11-04,1.8536276956071296,1.8763101538396567,1.80619979398416,1.8514355926005797,2.09062757637757
2014-11-05,1.8658166970587013,1.881589251236392,1.805399416011921,1.8613395208017345,2.109675176713019
2014-11-06,1.8715360361950473,1.8883693762574356,1.8109825863056104,1.858175021232223,2.108644334992818
2014-11-07,1.8723322524839834,1.8950132182675405,1.8196274885588752,1.8695684942432833,2.122528445037707
2014-11-10,1.8754700959931825,1.8967089075700054,1.8206006817633593,1.87314685655477,2.127035464479937
2014-11-11,1.8758102459203427,1.8969057182552658,1.8184686405931516,1.8670981352514617,2.1243225904821106
2014-11-12,1.870234071755643,1.8939220778445773,1.814534361878162,1.8674217431235511,2.125633685045493
2014-11-13,1.8784752474319908,1.8940530301144205,1.8109200613512284,1.864096336109506,2.1231843163775643
2014-11-14,1.8739303339489137,1.8930033365176258,1.8137161001049347,1.8688053763006545,2.124280142904138
2014-11-17,1.885167628426009,1.9002419761781701,1.8235717216996254,1.878328807432199,2.1417180135856064
2014-11-18,1.8829193080460187,1.897066964434954,1.8192204020829519,1.8752406757664482,2.128353922579009
2014-11-19,1.896726791665922,1.9012853493323347,1.8226967844932105,1.881310277757617,2.1335052792743916
2014-11-20,1.9115730728007858,1.9159381304996537,1.8325240897164135,1.8928926131428387,2.141261802559369
2014-11-21,1.9203428202280888,1.9224549025693,1.8391997895293177,1.9009292735201575,2.157222816150606
2014-11-24,1.9191003557133186,1.9208462004681783,1.8383359471602108,1.895580559642549,2.1597888503857283
2014-11-25,1.9229984486665237,1.9206511963480835,1.8427181789585287,1.9016737272418374,2.17427842067717
2014-11-26,1.907938165709172,1.9196469530741234,1.8401279171325524,1.9058754746849986,2.1782637872793056
2014-11-28,1.8898461583311639,1.905486456100121,1.8241276651531246,1.8942673980942026,2.1444598510348922
2014-12-01,1.900672951159715,1.9191135550140408,1.8391122897892793,1.9050618354252498,2.162134087059525
2014-12-02,1.9215345541020041,1.933120338718721,1.8469602220676835,1.9136437562917603,2.1742820547397166
2014-12-03,1.914586555838029,1.931772119102608,1.8450519591892305,1.9120560283047099,2.1797464181458097
2014-12-04,1.919766241831432,1.9348257732144196,1.851562929369527,1.9145434842412505,2.1863685067230074
2014-12-05,1.8978096628109569,1.9170034387373394,1.8439157158366306,1.9093039536706973,2.17063879841791
2014-12-08,1.9030362039567503,1.9173788516019863,1.8468123269801044,1.9110702337092218,2.176625845625797
2014-12-09,1.8637323006120683,1.8829010841197091,1.8150743769770512,1.8854635080092375,2.1378115456026943
2014-12-10,1.873506983857953,1.891539003866776,1.8235738685048486,1.8945515324418225,2.14923315985654
2014-12-11,1.8485553826458592,1.861618234701345,1.7913636204578256,1.8701449571914115,2.1251159663352954
2014-12-12,1.8303106949646106,1.8499229248450118,1.7813714421692386,1.8600222807362488,2.1104360445044357
2014-12-15,1.8218137138255976,1.8390010604519946,1.7700072170597805,1.8475113916735355,2.0926966800054276
2014-12-16,1.8589412105770244,1.8782641621504272,1.804475063671207,1.8870066878858207,2.142297868497068
2014-12-17,1.8966366048450602,1.9197949931657328,1.8435808211244358,1.927607188556568,2.18926844894673
2014-12-18,1.9114265429419104,1.925502625838293,1.8486789451935877,1.9335313328357517,2.1970522921598605
2014-12-19,1.920656396587832,1.9331837484483858,1.8562440430350118,1.9487937208399901,2.206752469779661
2014-12-22,1.9355213248222467,1.9439173983396805,1.8660267147953424,1.949114550058053,2.1968941609550616
2014-12-23,1.932737429569568,1.9433894151410436,1.8688302465693079,1.9548861109938909,2.2073184027754467
2014-12-24,1.940655340590875,1.9454283145357494,1.8725832907667879,1.9601945977051993,2.2154970081307024
2014-12-26,1.9433610033555542,1.9495351739265683,1.875444430533762,1.965019543461889,2.2160393353442287
2014-12-29,1.9383398943987504,1.9416798973388834,1.866889937769848,1.950618846761666,2.2022588431223826
2014-12-30,1.9210236566428431,1.9252933204207499,1.8476598068638133,1.9277632607518964,2.1798367080813827
2014-12-31,1.9183231333861839,1.920907347613965,1.8491295542462938,1.9277116729913477,2.1848479871855515
2015-01-02,1.8732979620657437,1.8836075306392677,1.8168546621602497,1.9044060113662076,2.16125889591905
2015-01-05,1.8484289217091183,1.8629289562730134,1.8009583696662748,1.8951686254658087,2.141819710589702
2015-01-06,1.860608137863153,1.8846078692476964,1.8241877169364302,1.923677978168139,2.175362309018589
2015-01-07,1.8970360955408967,1.9225607286118305,1.8555357365563887,1.9517141815060033,2.2209190212110275
2015-01-08,1.8845334073086957,1.900726065717982,1.8420160919191098,1.9378511007006691,2.2083865365632014
2015-01-09,1.866150601119706,1.8878599288069384,1.827851515430526,1.9289013735645915,2.1920736231833713
2015-01-12,1.8587548944010248,1.8822880743196575,1.8252121208179948,1.929117522321052,2.1909167368857676
2015-01-13,1.8433994841564634,1.8672922903775804,1.8159597101816876,1.9246005490818783,2.187217289124975
2015-01-14,1.8214439038634678,1.8435521808712751,1.7985320863773366,1.9141766640383227,2.1731613470568267
2015-01-15,1.8451504193527635,1.8668390491228466,1.8227096099968467,1.9376299877597956,2.204996708728976
2015-01-16,1.8401975394776577,1.8666625105047223,1.8217644187847122,1.9345473586063828,2.210193288490132
2015-01-20,1.8607252477468332,1.8795210309060293,1.8306183449169222,1.9432590634722917,2.2181934345382537
2015-01-21,1.8881828590816834,1.912468196382546,1.8584837634228693,1.970819204281933,2.2522455909833945
2015-01-22,1.8786850647877218,1.9009706928693046,1.8513350655869063,1.9663615692436878,2.2538846605280565
2015-01-23,1.8971322495421503,1.9102465794225618,1.8603729376992189,1.9742178734428837,2.2663275641608207
2015-01-26,1.8877735048116666,1.8935967943968084,1.8448761945219643,1.956896347294371,2.2449652484679685
2015-01-27,1.8581920899015332,1.865973653419784,1.8216177203181037,1.9342971389758759,2.2256657749934017
2015-01-28,1.871910916305985,1.883092325141179,1.8351506387864973,1.955289823028596,2.2451617028808393
2015-01-29,1.8607414847849877,1.8584981803827874,1.8040760554881303,1.917754023185849,2.1974000181385893
2015-01-30,1.895019168858904,1.8820893557460614,1.8216390349631133,1.9345701392410526,2.2064061887342583
2015-02-02,1.940995420542977,1.9113830955532967,1.844701518934792,1.9610851318181608,2.228989903561451
2015-02-03,1.928657556125299,1.9078524488373505,1.8331784482565003,1.9511587318875037,2.2330550502536517
2015-02-04,1.9561146645720213,1.9274478768464123,1.8549341694776371,1.9698506950729597,2.250015324297562
2015-02-05,1.9573027448020812,1.931316945240474,1.8488999981174503,1.9454706929980543,2.2279318206547307
2015-02-06,1.9598067554354202,1.926282572867759,1.8396083594438213,1.9322423355647294,2.20379055646529
2015-02-09,1.9762711394543626,1.9443035539817684,1.8581253209828552,1.955731375897793,2.2398913804170464
2015-02-10,1.9751423158820958,1.94530119753275,1.8562615255285513,1.9513839597877067,2.2459326514580984
2015-02-11,2.0025624133085778,1.963409876601184,1.8771250889811235,1.9700759687270146,2.2633829457534183
2015-02-12,2.0271448894374577,1.973001420280263,1.8815959438312557,1.9666688187575019,2.2606876482020763
2015-02-13,2.026671060092584,1.9753656726048623,1.883725447904078,1.9680340467377087,2.2649905561077217
2015-02-17,2.020359096357352,1.9750181871361643,1.889755201640477,1.9834391806437826,2.2774776586293797
2015-02-18,2.027092626913885,1.9778237304570863,1.8900811504504842,1.9770807223291424,2.2713103004037833
2015-02-19,2.034192975440938,1.9910206676828592,1.902701392337636,1.99380470001111,2.29049763651421
2015-02-20,2.0257914866507742,1.9826512136952477,1.9019222100159736,1.9974586591152168,2.2977938456927824
2015-02-23,2.0340993900247617,1.99224879456104,1.906124986529816,1.9954275745127337,2.29811982842234
2015-02-24,2.0413165430902906,1.9935503710300742,1.9038344647645324,1.991433875541466,2.2903204146298197
2015-02-25,2.0359419414798094,1.9884276899227067,1.9021670966762918,1.9833067857358258,2.2861968209891113
2015-02-26,2.0305320222176197,1.9830820419202848,1.8959012283029038,1.9775031195016428,2.285226004136586
2015-02-27,2.041800371452193,1.9994594753428505,1.9091254462444756,1.9873785463073999,2.3072616203402982
2015-03-02,2.038215632871181,1.9860438430668814,1.897468209761564,1.9772724733186946,2.2933110944695834
2015-03-03,2.0187572372356914,1.9761943699461937,1.889149343718858,1.966817257030211,2.2859101819133225
2015-03-04,2.0203810080305047,1.9812906538658657,1.8971742973613057,1.9748260640222433,2.2945567543711722
2015-03-05,1.9985564117800116,1.9564501114042556,1.8726633865353906,1.9385634829331342,2.2583054564287193
2015-03-06,1.9970779378324266,1.9593085695296435,1.8811739886170706,1.9477581449752877,2.2706205029164472
2015-03-09,1.9615563910755203,1.9256578613354325,1.8544558853958442,1.9229341659292642,2.2445247044338092
2015-03-10,1.9621992720907744,1.9302240006937286,1.8587755244826905,1.920309754736864,2.2524866249744626
2015-03-11,1.9830040227001227,1.9547716232635515,1.8863662358939166,1.9490973468445916,2.2868282234868635
2015-03-12,1.9657975100930973,1.9413512970754843,1.8770920397967537,1.9374593471575796,2.280569396468944
2015-03-13,1.9851972033291254,1.9636461802704557,1.9034746841045203,1.9668700469771285,2.3212154620700227
2015-03-16,1.9819032793390283,1.9580812246465291,1.900272719425503,1.961458737490616,2.3162619985751824
2015-03-17,2.012511531422061,1.9811811340223289,1.9220265842978426,1.985817025124997,2.3376387732039956
2015-03-18,1.994830992045215,1.9722944272092695,1.914798571066272,1.9829287202493018,2.346172390102799
2015-03-19,2.017311505671403,1.9890726955485758,1.9370825895845636,2.0012788791796092,2.363050809832806
2015-03-20,2.014948655522955,1.9867318892464907,1.932291972765226,1.996103881967099,2.353252200947228
2015-03-23,2.0074648146840373,1.9726120277202477,1.9245060076058307,1.9857310552772798,2.33996042983953
2015-03-24,1.9813415688378662,1.9472035515223234,1.8971751083945485,1.9491137213485514,2.2841692281877806
2015-03-25,1.9781761873910548,1.944312456730949,1.8923445948230484,1.943078449442379,2.2791536900407765
2015-03-26,1.9758448571558027,1.946939960383831,1.9016001519349985,1.9564943170809161,2.304573811983972
2015-03-27,1.9991132220280448,1.976422404289299,1.9230386717812444,1.979743072810494,2.3325841817505664
2015-03-30,1.9864662815516059,1.9645854337277797,1.911862361500078,1.9675345067118644,2.314159499425626
2015-03-31,1.9802765759113705,1.9589624454924923,1.9068912558441604,1.9550583416664629,2.29845699856766
2015-04-01,1.991906384246081,1.9640383612887924,1.9126164016672138,1.9618891810575163,2.303827979598374
2015-04-02,2.0160517327109106,1.9743713791340194,1.9249711271744125,1.9703204297452177,2.313183335061521
2015-04-06,2.0091713653095895,1.9679183653922152,1.9159835255638238,1.962073375250451,2.302969516919027
2015-04-07,2.008630201790088,1.9713352597141238,1.9263489094078163,1.9735930723588013,2.327390922978869
2015-04-08,2.023464065990766,1.9742429188615778,1.9290592658068357,1.9731772111220338,2.3334785621107605
2015-04-09,2.029421335337256,1.9823437587571764,1.9355567025298968,1.980332620067423,2.3427122223612145
2015-04-10,2.0366264161207837,1.9739488844859387,1.925075699113214,1.9718205289856485,2.3303946831335893
2015-04-13,2.051480308526352,1.9759322799099115,1.9294715039085093,1.9708729320619356,2.3242349267057127
2015-04-14,2.080144599630999,1.9842182129612798,1.9330011185029858,1.9762435079527572,2.3248879712965156
2015-04-15,2.0758045593331174,1.980956978741255,1.9348688865490418,1.976244231459645,2.331414112752459
2015-04-16,2.050765887753279,1.9611549022974697,1.9146553184053616,1.9524699422640228,2.3013863920307798
2015-04-17,2.0681155871424575,1.979502245223566,1.9295567938926408,1.9678325146845923,2.3208469566478103
2015-04-20,2.0586094724708266,1.9729430204792866,1.9256957630420741,1.973023147342657,2.3427825960992754
2015-04-21,2.065802359941605,1.9804075300219952,1.9342343670403608,1.976733470905271,2.342875370881182
2015-04-22,2.074780999763398,1.9845746319064332,1.9333031001968013,1.979303389243973,2.3558402466026775
2015-04-23,2.071218165779018,1.9899854478965282,1.9364996451050116,1.976980358043728,2.3494802603939404
2015-04-24,2.0766799183142726,1.980765043528522,1.9245727604082015,1.9625436847911484,2.322199238751903
2015-04-27,2.083903816272864,1.990783887428279,1.930454224422578,1.959514373559552,2.316902089209096
2015-04-28,2.082221941754945,1.9832376865429753,1.9182867728546924,1.944137532646511,2.297897602364238
2015-04-29,2.065921591181593,1.9634773850724694,1.9006948856178367,1.921161296094568,2.26253344391698
2015-04-30,2.0782568672857273,1.984342152516162,1.919288516995272,1.9475820003958793,2.2955342653949415
2015-05-01,2.083126142950191,1.9931876464051268,1.9281727979867864,1.9542447060730734,2.3078627360179684
2015-05-04,2.061468938640188,1.969175020501387,1.9046740036541892,1.9246419355292035,2.2739689819030637
2015-05-05,2.0483240513361443,1.9626517163452228,1.9026998489897993,1.9208696652397157,2.274686572673142
2015-05-06,2.0501745591025657,1.9688205690338112,1.9150193949963594,1.9352663666468948,2.2919677337413495
2015-05-07,2.0749246676456914,1.9876559616291782,1.9376477359702045,1.956996781913801,2.3151951884405557
2015-05-08,2.066003715993088,1.9803502841541682,1.9322873721117129,1.9525287804804747,2.316774012083433
2015-05-11,2.062960104015456,1.9733914029064896,1.9252232247309418,1.944792569955052,2.310654579745602
2015-05-12,2.0642853342196776,1.9713517520315185,1.925315932754513,1.9495549607071008,2.3050875288542034
2015-05-13,2.07717741906195,1.991099559031844,1.948800195210843,1.9765067603239936,2.332680443442445
2015-05-14,2.079607777087289,1.994397582002813,1.950774715028658,1.98163569516017,2.336413431505704
2015-05-15,2.0830973362458773,2.001348791012926,1.9586588044231545,1.9909448652405577,2.3564621833904598
2015-05-18,2.0727300323531317,2.0025350908981747,1.9552156204646283,1.9983051152354592,2.358252255946978
2015-05-19,2.0777104587808215,2.0027239623306645,1.9548011385111537,1.9955238324819984,2.346081213703844
2015-05-20,2.086962626523927,2.000490135322928,1.9559030052250994,1.9953864406667488,2.352345993290582
2015-05-21,2.0770950889193536,1.9969245095791797,1.9517350419496793,1.9947066232636792,2.3523183305260265
2015-05-22,2.051684390069856,1.9786938143559836,1.9327736952471755,1.9781215006952715,2.3303593562892044
2015-05-26,2.061829849511328,1.993561345333006,1.9481322689459373,1.994618326158042,2.361182349775662
2015-05-27,2.0566301975782517,1.991546672827942,1.9481462617283951,1.9938774379208053,2.359779675020651
2015-05-28,2.040904327047916,1.9777821960582633,1.9349179645312768,1.978057226597486,2.3593162578636324
2015-05-29,2.040127436890859,1.9803205566608024,1.9403052111136334,1.9824650479541173,2.3689113191403357
2015-06-01,2.050145431318923,1.9759852293056879,1.9346392876609027,1.9771788756864639,2.3622086208130866
2015-06-02,2.052517295380242,1.9767423463147156,1.9360179675542775,1.982495934849154,2.3747469912721924
2015-06-03,2.036522464395959,1.9622699819754919,1.9216112752378887,1.9669420025224125,2.3507259189709195
2015-06-04,2.0392735885090945,1.9582910009884589,1.9173455902554746,1.9710101656169234,2.3582362439011844
2015-06-05,2.020112015296358,1.9489991719151203,1.9060979033858936,1.958224971049578,2.3361172300413573
2015-06-08,2.0193903648254707,1.9478018419584566,1.903378605169983,1.9566320561044752,2.33775870330581
2015-06-09,2.0422434634537896,1.9679437424480948,1.922782251440299,1.9808347721000124,2.365363557825702
2015-06-10,2.0430805753489785,1.9769901036114774,1.9312697001781793,1.989554388991464,2.3728049406132237
2015-06-11,2.029335486560036,1.9666748608317037,1.9234316597162358,1.9783748348552959,2.359485843740755
2015-06-12,2.0177209306561723,1.957495336893514,1.9153359965176948,1.9675747334585094,2.355375065412072
2015-06-15,2.025867122924008,1.9680562451216235,1.9241292885769012,1.9755108406866724,2.3679599331690526
2015-06-16,2.032048518309597,1.97321313896054,1.9296672932845969,1.9800701436148733,2.375577584719992
2015-06-17,2.0485245219006063,1.9922106270746462,1.950803700251622,1.9993787208054212,2.4058356718905083
2015-06-18,2.037886212203709,1.981407071484341,1.9419583695995128,1.9934884491897449,2.4041687602517343
2015-06-19,2.054642955294658,1.9862299684230114,1.9468442986136414,2.0028572634429103,2.417305912449661
2015-06-22,2.0571272538040413,1.9803371844215014,1.9435294706918675,2.0007086316216913,2.421201180564798
2015-06-23,2.0409628695914837,1.965476738693528,1.9287204604124935,1.9855130165302948,2.397404536928651
2015-06-24,2.0245402567312367,1.9550992007321628,1.9207724421950758,1.9842844623384481,2.409855076732156
2015-06-25,2.0213071185582847,1.959331295479299,1.9210608539839933,1.983897156731986,2.4036516779166894
2015-06-26,1.9766903402000557,1.9242923234676375,1.8843335375598413,1.9379461905521267,2.3493370073814988
2015-06-29,1.9852310203109824,1.9261110831130923,1.8871454308222242,1.9447946784942034,2.3618580469789054
2015-06-30,1.985366239607087,1.9418315296085038,1.90563132358423,1.9615588796202759,2.378746823460722
2015-07-01,1.9871297099765999,1.9469484739308027,1.903501067019763,1.9583245994640248,2.3712600193960327
2015-07-02,1.9673392007802415,1.9400426390819767,1.8992881682922125,1.951907307066707,2.369940084268769
2015-07-06,1.9802478695312653,1.9593092342885916,1.9120682517658527,1.9605620203915883,2.382757383008076
2015-07-07,1.9359559460531803,1.9331595569172635,1.8861710245509677,1.9299987959966387,2.340612104009383
2015-07-08,1.9385247089651427,1.9349894268501235,1.889493770702758,1.9381461817164338,2.3525299045085584
2015-07-09,1.951944525286822,1.9520662210575017,1.9113852002271052,1.9633197668867406,2.391511738826791
2015-07-10,1.9749753310261846,1.9674006701332922,1.924073815986331,1.9850586886064652,2.413330128603044
2015-07-13,1.984745926189228,1.9708843802917182,1.93316484480092,1.9950602097766872,2.428385584095535
2015-07-14,1.9660398814305518,1.9696870212200424,1.9303737527495135,1.9920793863627764,2.4189070100844683
2015-07-15,1.9719146738523974,1.984225112754424,1.9410918767832936,2.0086906469614374,2.4421971664775755
2015-07-16,1.9628981290125915,1.9730267139197482,1.932282033243065,2.0046425474167986,2.4416338927522205
2015-07-17,1.9480373694503128,1.9723771529718854,1.9324451567120051,2.0112533165436965,2.4459746893866163
2015-07-20,1.9419907128322638,1.9631492500444825,1.9262354624036446,2.0019789927537115,2.4355454640478866
2015-07-21,1.9316937925251227,1.9686103618762825,1.9296091939392557,2.0082815430305194,2.4424614895317287
2015-07-22,1.9210019187675174,1.9527479213374213,1.9220078540922212,2.0013976712982755,2.4372912627611143
2015-07-23,1.8912871150539179,1.9419556282820374,1.9040107962834472,1.9848317373032145,2.4072313293870478
2015-07-24,1.8813192951110937,1.9377283038925917,1.8961668166941716,1.965377689208636,2.374518775544291
2015-07-27,1.9151855202138555,1.9534941064528337,1.9132425704240932,1.990930398366668,2.405768596454216
2015-07-28,1.9358045839673395,1.9674215310684797,1.9317856545920036,2.0082644260515425,2.424691385298758
2015-07-29,1.9419023594885807,1.9737352863421747,1.9351861924405915,2.0128689618781084,2.433599947326743
2015-07-30,1.9352188760047033,1.9770035235993977,1.9398126035362957,2.014373107499519,2.446295503899649
2015-07-31,1.9223847474813758,1.9756299622670548,1.9429383741202908,2.0111756747265246,2.440528684811143
2015-08-03,1.9173344885571921,1.9695816885456174,1.939510807756897,2.0117294727947845,2.449385667473262
2015-08-04,1.917553030643222,1.9793692304212496,1.9471702481638686,2.027034051151635,2.4688121397634246
2015-08-05,1.9111856569992907,1.9729306596715377,1.9346034994205483,2.009796194500306,2.4334442912593666
2015-08-06,1.8992731726922818,1.971491175760649,1.9390519199634741,2.0063794578019243,2.4350513103017257
2015-08-07,1.9367642336713704,1.990770494728096,1.9581048462090214,2.028195383744089,2.4586542463850796
2015-08-10,1.9095564939636187,1.977162333984785,1.9461592231371658,2.013077700746379,2.433880169402673
2015-08-11,1.9224689319428767,1.9821706091384483,1.9454404684723934,2.010952145301672,2.427968740716425
2015-08-12,1.9070809243435025,1.9787203883923647,1.9482015336533391,2.015464085296531,2.4426417574315655
2015-08-13,1.915187740418132,1.9908536004140083,1.9609594941282966,2.0256024873607905,2.4509579993621284
2015-08-14,1.9236654195526262,2.0013395669773395,1.9697740591494688,2.038088984319016,2.476075488532639
2015-08-17,1.912448608592167,1.9882455196138242,1.96635011438057,2.0314990934478803,2.4740572934658065
2015-08-18,1.88480445309744,1.976182647269903,1.9540415833252007,2.0186057639743944,2.4612727969162056
2015-08-19,1.8389290583304785,1.942309074373236,1.9163096828984139,1.9712959920518331,2.3907193431103657
2015-08-20,1.7907739346049776,1.8949764037650645,1.8694364767046845,1.911816220577973,2.3209400943208296
2015-08-21,1.7171200924655696,1.821120334909203,1.794017821804302,1.8350971681491755,2.2302661283551517
2015-08-24,1.6885195256918724,1.7890258998137827,1.7668678574512975,1.8129124968594388,2.223581717733815
2015-08-25,1.734645043081542,1.845559039612153,1.8182729939203246,1.8765820830078053,2.3012672102072225
2015-08-26,1.804347933618307,1.887422975549379,1.8523008186292895,1.9124898841064717,2.3499153268397497
2015-08-27,1.8208359055842913,1.888463407368127,1.8535045380384532,1.9134219104539871,2.3520171141791613
2015-08-28,1.8195688131743133,1.870467860013983,1.8340938775967721,1.892924157373992,2.3299188311082886
2015-08-31,1.7626654555804,1.815772074663707,1.7829106932734315,1.8415279221420202,2.264570850584062
2015-09-01,1.7836720344038093,1.8386045857833035,1.808809578355433,1.8750813781157338,2.3128872154427733
2015-09-02,1.7932378026152322,1.8469148540292568,1.815895296995253,1.883807865531987,2.3167711858546416
2015-09-03,1.7614509575521085,1.8172385438581473,1.7895156885156747,1.8574505285883032,2.2908470791362427
2015-09-04,1.807159034947052,1.8633849620226521,1.8318764728353205,1.9075904221015827,2.3542277324384866
2015-09-08,1.782386766726932,1.8393215774918217,1.811213328814645,1.8840138289390957,2.328603485813351
2015-09-09,1.784668955485077,1.844016800885876,1.81669727746005,1.8916437849994512,2.339412652659672
2015-09-10,1.778893410513371,1.8498902484931794,1.8290705232125593,1.9037105744469054,2.361094152549496
2015-09-11,1.7638034496505561,1.8431757945706313,1.8254460882355754,1.8946579910561538,2.353051322975458
2015-09-14,1.7879097162564317,1.8669197748116584,1.8459787997148482,1.9150538221158668,2.378019217631521
2015-09-15,1.8213548053938782,1.8872406242869046,1.8581489441279164,1.9273088450687643,2.391879379331374
2015-09-16,1.8102346209554154,1.8787174113734049,1.860439968721657,1.9328222061459308,2.399492011375066
2015-09-17,1.7672107857275032,1.8473084136031936,1.8403983639004746,1.9078418991291584,2.364351064842253
2015-09-18,1.7677784275340478,1.8539175427266088,1.8477395320156313,1.9182829637095518,2.3739959967944944
2015-09-21,1.7363278001233367,1.8247276798117038,1.8233436468342734,1.895049794063831,2.3435563797576986
2015-09-22,1.7092387837652603,1.8177122001688812,1.822250549084041,1.896939082753943,2.351558661990576
2015-09-23,1.7096191790926734,1.8081682118791391,1.816629363568696,1.8868672524108452,2.337275940259478
2015-09-24,1.7070579959131278,1.8167914352781922,1.819551337952302,1.8865667144181497,2.3319608482510095
2015-09-25,1.6564389862566002,1.7756890097624702,1.7772324631803393,1.8377909878221872,2.2534519662181873
2015-09-28,1.655278791557561,1.7819297370297107,1.7833585529883766,1.8389213237002136,2.2402376324531965
2015-09-29,1.6926067914685805,1.8109881982642198,1.8135299580382416,1.874464918631817,2.285549443047979
2015-09-30,1.6872418555324422,1.8074715032882518,1.8110533228212637,1.8801753723255783,2.305488991820033
2015-10-01,1.7376435689764522,1.8262167516989156,1.8328195959565252,1.903410478620191,2.3318824757213634
2015-10-02,1.7916480562094073,1.8631222246945935,1.8649882416266628,1.9323377451326031,2.3611713091448183
2015-10-05,1.8107572553512197,1.8581328445468477,1.8523511353829951,1.909905826776138,2.3243003526627586
2015-10-06,1.836848963417686,1.8767888048705381,1.8688280404558857,1.920011464334462,2.3510881075112615
2015-10-07,1.8683786075884503,1.8938191099077262,1.88918289550919,1.9312371141033715,2.362442763048607
2015-10-08,1.865236981907221,1.888557899227833,1.8866131151075891,1.9360731348476128,2.3747887528935716
2015-10-09,1.8493242111719363,1.8865062116683964,1.8933405398814889,1.9468215975054917,2.385275114177677
2015-10-12,1.8364272851438506,1.8743387699843743,1.879284793773127,1.9300355459302025,2.357890290696949
2015-10-13,1.837648678611242,1.8658865224075207,1.869207770659041,1.9111521938431226,2.3387802078025213
2015-10-14,1.848240314150599,1.8949948645112078,1.8956531083024128,1.9351166990924007,2.3807145984943587
2015-10-15,1.8376848379120068,1.9003547223774762,1.903613062686622,1.944457588376821,2.39069437956825
2015-10-16,1.8270772633553078,1.8986783746335316,1.9045178314844737,1.9504845945139402,2.4011596998032845
2015-10-19,1.8305973985930153,1.9047671377889142,1.9060747124664983,1.9487647356009434,2.3937336069755113
2015-10-20,1.8162111392684472,1.8956578810170819,1.895110484971969,1.939059500265862,2.3695826423597977
2015-10-21,1.8492908176150065,1.9326963386391307,1.9169434173100077,1.9629510922507964,2.4031807162424066
2015-10-22,1.8577118712781953,1.9465646146080646,1.9290433015200592,1.9831929754603932,2.418351919427367
2015-10-23,1.8324056471423689,1.9433410417686412,1.9293414272986291,1.984092978644886,2.4212090530767005
2015-10-26,1.8049888717626197,1.9328420670184154,1.9244502461779243,1.9812043541858226,2.4140939843151092
2015-10-27,1.8351249076227651,1.9574144305229453,1.9402651888790798,1.9976453912868692,2.44865520464527
2015-10-28,1.8369202405334686,1.9550670526183327,1.9377223322354886,1.9911676493562929,2.4250390391953287
2015-10-29,1.84838528992211,1.9495662065917037,1.9290442888112518,1.9874447240805322,2.4339060409767015
2015-10-30,1.8823386501335495,1.9733422438419328,1.949649901509893,2.0109466580938484,2.4545309648537277
2015-11-02,1.8984737705672148,1.9721157773467899,1.9538084247454723,2.0106954764730003,2.4435269319266553
2015-11-03,1.8881231359034585,1.9646895267564883,1.9538724486472447,2.004044190660126,2.441425845731401
2015-11-04,1.8791415874221895,1.9660115481165683,1.952642459957462,2.0047844635659153,2.4468140400677196
2015-11-05,1.8784285100516045,1.965118740307659,1.9400751953595476,2.004985209514301,2.459709071669534
2015-11-06,1.8593927837033857,1.9417976894762659,1.9280555475899062,1.9901248125185829,2.4316995995833044
2015-11-09,1.8540366030968378,1.9431044741360628,1.9372279669582197,1.9938388909437017,2.4404457113710007
2015-11-10,1.8335365596694733,1.9393019977304107,1.9404797058591623,1.9910510127900372,2.434937339867973
2015-11-11,1.794331545364374,1.9079066105990867,1.9125257937035762,1.9657831949570663,2.405171891589012
2015-11-12,1.7861711626575718,1.8965561633845407,1.8957727075632347,1.9418089452851026,2.3762055834537184
2015-11-13,1.814658591664659,1.924211063265751,1.9193259532931952,1.9684754368853161,2.4050211392788214
2015-11-16,1.8002613093795308,1.9151940288713856,1.9149282878686884,1.9673902710866396,2.4140530245176577
2015-11-17,1.8317632397432642,1.9455270907177178,1.943742172747573,1.9949915665048714,2.4480199260761957
2015-11-18,1.8311608837735163,1.9462754638461397,1.9472127494221227,1.9939608249758716,2.4454290398573293
2015-11-19,1.829247231511912,1.949394494976698,1.9543230654379957,2.0007361279647373,2.468036318624552
2015-11-20,1.8265812885500878,1.950400565564293,1.9540957787453503,2.005721130833967,2.4704875064520944
2015-11-23,1.8458375904569033,1.9545247985243672,1.9560958016295416,2.0057905629645942,2.4729429799387073
2015-11-24,1.8408857842984554,1.9587928475287286,1.957899903149255,2.0110035682116956,2.4809953304596806
2015-11-25,1.8357545436424207,1.9610650401495318,1.9642951591625168,2.02088186218953,2.491392632053281
2015-11-27,1.8405722471386212,1.9591297243775005,1.9575233419418052,2.008988036560048,2.470787319428345
2015-11-30,1.8513829465805574,1.9764318644929129,1.9765166424502365,2.0300236493892414,2.4993836898824116
2015-12-01,1.8191253099662252,1.9517639483861775,1.952139387726851,2.009858040425563,2.4864530573786094
2015-12-02,1.7927587739757922,1.9221133284701462,1.9247970387607616,1.9767649918553258,2.4495724447028313
2015-12-03,1.7941362464612187,1.9548080128204681,1.9624223859555339,2.0203475929018504,2.5051770357891345
2015-12-04,1.7700822408137238,1.937640784265929,1.9513957771315993,2.012570824742414,2.485445315402061
2015-12-07,1.7460977282839252,1.9173915230971912,1.939911829577996,2.001566357117234,2.4887279770047015
2015-12-08,1.7496884165772,1.9024142028381832,1.9264536454943122,1.9763342563488244,2.4488345237048676
2015-12-09,1.755929378722639,1.9054968959396716,1.9280381916691254,1.9806447715407207,2.447866062204424
2015-12-10,1.717577020631225,1.8662537475635803,1.8982807870487293,1.947510206154456,2.407216122643646
2015-12-11,1.69989191466562,1.864426973119606,1.9041417756676764,1.9535864934795908,2.417795824902939
2015-12-14,1.722296855643596,1.8884020777534931,1.9231635707889354,1.9726596133513352,2.437457453096413
2015-12-15,1.7478032021776242,1.9155120425271384,1.9533014532881803,2.000126422479953,2.469882190004536
2015-12-16,1.7146551227455518,1.884201346937405,1.929932059368814,1.9759207552582347,2.438436693254358
2015-12-17,1.6952182027012717,1.8526929923655828,1.8985236089331077,1.950019964131226,2.4009283349526194
2015-12-18,1.7133063049677373,1.8637793864960497,1.9139325426629317,1.965989914021251,2.417287258664392
2015-12-21,1.7422455135128905,1.885925420149609,1.9293223180989403,1.9829295853057893,2.4315491025226783
2015-12-22,1.7886260797161277,1.9145553003980884,1.9503938936073946,2.0014919319292024,2.448757516720342
2015-12-23,1.7839515639716692,1.9131670236156502,1.9509720608557715,2.0029961832757404,2.4484247047386556
2015-12-24,1.7708817410945665,1.9074728473321867,1.948287658534066,2.004301959629691,2.4499040257983515
2015-12-28,1.7875254823400668,1.9193648817658466,1.9676419726212648,2.025295925938616,2.47324743449819
2015-12-29,1.7706498395882702,1.9053617021318925,1.9535092513009897,2.012131841245004,2.4580832685285356
2015-12-30,1.7634226171643104,1.8896590573922176,1.9341141037049412,1.9913872222050804,2.4329861512599336
2015-12-31,1.7525575259691513,1.8671571061326426,1.9030387843512917,1.9556504489159023,2.3806608816749
2016-01-04,1.752808590316958,1.8679502693136971,1.9079940209620951,1.960765643916609,2.3932055144651017
2016-01-05,1.7075415149881854,1.8377123982354662,1.8829065183275735,1.9346977099678508,2.3682236794262987
2016-01-06,1.6604796944407854,1.7966145355445684,1.8366010335699638,1.8864562606168365,2.3158336613246333
2016-01-07,1.6432434194621872,1.7767911503829936,1.8155881640076457,1.8654347424436846,2.287030970708134
2016-01-08,1.6246681213484766,1.7719788862148556,1.8152120834871093,1.865556047144614,2.291936779595136
2016-01-11,1.628475255806121,1.7780283328830804,1.828150346197716,1.8803985805116004,2.3165221817126955
2016-01-12,1.5855057484125947,1.742312983471267,1.78660697575962,1.8268920063745873,2.2396098122566928
2016-01-13,1.6174096311526527,1.7655856125059666,1.8102508851241452,1.8504742770147926,2.2671159813028194
2016-01-14,1.5851447800289877,1.734562290638657,1.7739704757678476,1.8182303421809336,2.222685887117052
2016-01-15,1.5696531512778935,1.7343525323998668,1.77233962756733,1.8179022992639504,2.224087453180895
2016-01-19,1.5504396351303953,1.712472542597468,1.7599799867950747,1.7974363813264282,2.208446410743481
2016-01-20,1.5804468711494466,1.722973803716873,1.7650067995309862,1.7946353511886732,2.208670332108552
2016-01-21,1.6157756925242892,1.757861821501054,1.8003476515786314,1.83303383897651,2.2624272187751306
2016-01-22,1.57145160611604,1.7309151472575128,1.774134813701258,1.8031648930642057,2.2311491808757977
2016-01-25,1.6138952212839979,1.7671708736777478,1.8017408969142543,1.8232706681185653,2.261131733333204
2016-01-26,1.6037094981075015,1.753103667063418,1.78857596093681,1.8085732717162513,2.2249477638548067
2016-01-27,1.6137542748943372,1.7559222419061855,1.7853492190515037,1.804523746091147,2.223060577143092
2016-01-28,1.666584902178388,1.8056974368749856,1.8316983800384228,1.8529060196390164,2.2886908333646443
2016-01-29,1.6660538974157268,1.8071740190741443,1.832853495666437,1.85526472454503,2.2982018651150455
2016-02-01,1.6232629084124002,1.7758054177616531,1.7965093933057965,1.8148368529060837,2.2482379269251975
2016-02-02,1.6640501681059647,1.7934175669714625,1.8045547658069765,1.8198716607903924,2.2368383551853395
2016-02-03,1.6902964199319608,1.8098574426665417,1.8153445021934558,1.823300185534623,2.2279779701968216
2016-02-04,1.6684485787064451,1.7849729447806417,1.7820739397456586,1.7853386850809108,2.150384923403467
2016-02-05,1.6262305600392521,1.7513669769577624,1.7503806175023413,1.7456434072249836,2.0898243227454585
2016-02-08,1.6088455846226384,1.7401287448350213,1.7563531500293734,1.754644056696347,2.1019148874508544
2016-02-09,1.6090338445061272,1.7426894372691393,1.7563092529989035,1.7650426450913912,2.120595927811906
2016-02-10,1.5785290934371132,1.7126814793844594,1.7253635184560516,1.7392431008527325,2.1013574332807057
2016-02-11,1.6262056578602124,1.7467820479171465,1.7653465345528478,1.77109193031461,2.1323450069135883
2016-02-12,1.6802819270242646,1.7810645672961412,1.8015343636899865,1.8030204328476112,2.1744802758189707
2016-02-16,1.7282895524883448,1.80788122642476,1.8296665684320035,1.8266138417499096,2.206550435455535
2016-02-17,1.733754308664402,1.8006866504050507,1.8249309865976124,1.8224852059113366,2.1895846256968796
2016-02-18,1.7164275441618195,1.800636862097951,1.8284044881721708,1.830428337572524,2.2023729029585213
2016-02-19,1.7615140820255701,1.8298492089061724,1.8504541505795462,1.8529067638644225,2.233307562142525
2016-02-22,1.7312376382043135,1.8000108387379374,1.833055119096319,1.8462293778750478,2.2226574764435334
2016-02-23,1.747240496188188,1.8073087383338824,1.8437655035796852,1.8539813129700826,2.2413675795515635
2016-02-24,1.7592149781290791,1.8293402847525124,1.8634148851372905,1.8749543473102748,2.280573890758956
2016-02-25,1.77928925579986,1.8372537312763797,1.8662201057565169,1.8633125051235935,2.268254209702253
2016-02-26,1.77883702158568,1.8259115329293771,1.8504388149633624,1.8514492514234977,2.2514389274981133
2016-02-29,1.8258589832530763,1.8740688890046946,1.8972631117824554,1.885439758665743,2.291453908426467
2016-03-01,1.855277598505328,1.8835491255681536,1.9018720070865227,1.8928284403224236,2.296634649271898
2016-03-02,1.8831154957237908,1.8967527189252995,1.911052278408915,1.9035122512310712,2.2987998234291367
2016-03-03,1.8956416876322062,1.9004755284379327,1.9214085612268228,1.9092541467729454,2.3035713650845606
2016-03-04,1.9206608503275606,1.9187530722884396,1.9249372820124147,1.9099006507313216,2.2871842172282983
2016-03-07,1.8556046188944428,1.8840128126028242,1.9026340329237375,1.8968373594071015,2.2848808744879556
2016-03-08,1.869364365696952,1.8902266414833448,1.909760453346066,1.9046291054927855,2.2942698639239363
2016-03-09,1.864781227321052,1.8903049553526794,1.914637460733647,1.9078489409303654,2.3000775157165627
2016-03-10,1.919323225373148,1.934821185460945,1.9524621681829952,1.9380072337788672,2.3200349046758197
2016-03-11,1.9168034576119342,1.9260969119553817,1.9466609287763128,1.937528655563676,2.3205706941660313
2016-03-14,1.8874366396560012,1.914995195587022,1.9350120856323123,1.9346774733115537,2.3218291795457744
2016-03-15,1.9196150626578476,1.930513690006063,1.9479663763109079,1.9460607240325254,2.338465169391738
2016-03-16,1.948084974663102,1.9543247459592252,1.959743971225839,1.9613641614893507,2.3499957604368893
2016-03-17,1.9704868254418857,1.9716394548577014,1.9711062452330228,1.966930181581443,2.352304656998516
2016-03-18,1.9713812815097362,1.9703921748206614,1.9706968336783526,1.963859343329435,2.3480125789986612
2016-03-21,1.9715139577049237,1.9706062510674318,1.9731490225609216,1.9642720365060908,2.3478897209251675
2016-03-22,1.9238143956767764,1.9505951429081554,1.9588463256909747,1.9551130978255595,2.3468645295661803
2016-03-23,1.9211965583169064,1.9481842301274002,1.9597540889440774,1.9516854507625911,2.3459854030126372
2016-03-24,1.9199291211111467,1.9483321578408952,1.962895364194135,1.9593047881789278,2.3528517620861993
2016-03-28,1.941442836242405,1.9644383283198663,1.987422258432064,1.9837833861714853,2.3913873873912834
2016-03-29,1.945346240557253,1.9730626701579632,1.9982915423285694,1.9889996664125054,2.3965443258162678
2016-03-30,1.9494896186879742,1.9752826353827764,1.9969885615547145,1.9888388280515616,2.3975113851187455
2016-03-31,1.9417570565202162,1.9850921392538985,2.012180488097028,2.0053484389307767,2.4192765607251636
2016-04-01,1.9195177900041305,1.9745792752451328,2.0059231587724797,1.9983565647786152,2.4066999675559764
2016-04-04,1.9002062838473257,1.950467027092224,1.9866135814614423,1.9746659829146067,2.387121582821295
2016-04-05,1.9277771294680082,1.9695810505021525,2.0049461748864097,1.990459063986171,2.4087612015437783
2016-04-06,1.9056980284238971,1.938856095766951,1.9814167843319908,1.9681165090798851,2.3900896873997577
2016-04-07,1.9170682049324879,1.9482342840893994,1.9880315252081653,1.973220394011694,2.398772995862656
2016-04-08,1.918108654875631,1.950187775485781,1.9819776112642127,1.9647539671457634,2.3881395439424975
2016-04-11,1.944435575542998,1.9702548141510807,1.9938895657806393,1.9799389819238737,2.3968896955979138
2016-04-12,1.986267150348623,2.0106126146937764,2.017245049497515,1.992809265223057,2.4062525635519383
2016-04-13,1.97679800508731,2.011552028305667,2.0138132401073423,1.9873009535168387,2.3970026562293203
2016-04-14,1.9706071104268164,2.0044350794307535,2.017956257764424,1.9913280010461725,2.4077341040872726
2016-04-15,1.983303304514518,2.017917401647196,2.028259314487796,2.001695622701297,2.421883393231706
2016-04-18,2.0065563149429613,2.0301631220089575,2.033286232480474,2.0027984311400338,2.4137060104145056
2016-04-19,2.0220861021428247,2.0390430562780417,2.029556734184936,1.9962943768748371,2.398597614480097
2016-04-20,2.0203056326213997,2.0410816517578083,2.0144683148592346,1.9756567165357277,2.3685818527022895
2016-04-21,2.0379975266547192,2.0528195419583306,2.021592163373008,1.9835443688785788,2.3794841280261263
2016-04-22,2.015299408304225,2.0431345559624123,2.0182601217452776,1.9848778144805503,2.3814875043637054
2016-04-25,2.040744577091547,2.0608861994694405,2.0278276897263017,1.992176412610071,2.385943909068131
2016-04-26,2.059916467694383,2.0661743006684015,2.043088052159907,1.9963366434386132,2.398119839257041
2016-04-27,2.0279602646665054,2.038568026236656,2.021093876627217,1.979138117004958,2.3766763908416904
2016-04-28,1.9990302490427514,2.0211088351010202,2.0125657570597317,1.9718921841210848,2.3727610262805707
2016-04-29,2.0069950050403085,2.0370675928098674,2.0301472561940153,1.9879867599059386,2.40844346899023
2016-05-02,1.9701322541660353,2.0123882901519514,2.0118976755487026,1.9751393805620117,2.3916873425339724
2016-05-03,1.946853642242682,1.9902742571916328,2.002500548900055,1.9713632562939185,2.395931450564127
2016-05-04,1.9445302763949839,1.9939812430068204,2.0026773635540573,1.9750673733506108,2.39473078496932
2016-05-05,1.946902112393832,2.0023534715020532,2.011320673794849,1.9824751606320803,2.4081316491439573
2016-05-06,1.935994168751886,1.9982165317788947,2.0155791933494522,1.9880275181678917,2.4235694170219153
2016-05-09,1.9655105102957655,2.028043709231866,2.0373880611911157,2.009047316341064,2.4438291111527346
2016-05-10,1.9484094150495173,2.0102321454283936,2.0175562358565973,1.9924071900260316,2.4271129326041176
2016-05-11,1.9340742499956716,2.004104401845312,2.0173313845706726,1.9953073967893569,2.4342286854785127
2016-05-12,1.9104354941195711,1.9835125743412518,2.004321252821073,1.9825099109050155,2.4267126121795957
2016-05-13,1.9358420457391847,2.006798038019781,2.0242777100247893,1.9965992034800448,2.4458472697583193
2016-05-16,1.9398958432827322,1.9940417458526625,2.0079861226410802,1.97240391820874,2.405312344742727
2016-05-17,1.9443022131183147,2.0033289812114745,2.0044531114274906,1.9692774976833567,2.3948414372619666
2016-05-18,1.9314979261763472,1.9943821993634536,1.9979783550476853,1.9693936801588976,2.3906573651575806
2016-05-19,1.9635819909077339,2.009867898348535,2.0133905038600597,1.9825442263591497,2.407458908436375
2016-05-20,1.968181129327411,2.0101381645659524,2.0062499589478193,1.9776353281122891,2.401548239453046
2016-05-23,1.9924999718434373,2.041484677834304,2.0323456152724204,2.007595224522211,2.4422398352224475
2016-05-24,2.02195908302577,2.0598064690884694,2.035087812201664,2.013387893966554,2.4381822930248047
2016-05-25,2.0151562727963186,2.0552747626175534,2.0340918316000645,2.0204983342703864,2.447320555364763
2016-05-26,2.0298806087607932,2.0660655303556035,2.0446659753205623,2.0306213686708445,2.46159482411278
2016-05-27,2.03945512013151,2.0660996986932902,2.0439434189674413,2.0300140848500052,2.45881606116337
2016-05-31,2.047884282392032,2.06877469163201,2.047260652474454,2.035700891941595,2.4682709675081944
2016-06-01,2.0647189737034592,2.080200323727382,2.051497418102663,2.0435555105882903,2.470839627953234
2016-06-02,2.050741404772846,2.0683936955599633,2.047589733293842,2.039874550494104,2.47794236539177
2016-06-03,2.0766828286829813,2.0859615835690795,2.054986241161877,2.044064682564168,2.4760777695398506
2016-06-06,2.0785103669281946,2.0953157809632645,2.05871325598651,2.0510006948886774,2.475903236542774
2016-06-07,2.0782250602811168,2.1009324268068106,2.0696707373173755,2.0608941590866485,2.4907635413113933
2016-06-08,2.056335777304107,2.0883421354310987,2.0648090540988444,2.0629059892427573,2.503360387925152
2016-06-09,2.0121978376216565,2.0574249261365387,2.0414295780921017,2.0474986744489443,2.486145318064139
2016-06-10,1.9890614138216858,2.0411053921765414,2.0218523555302355,2.0344995281412572,2.4699140746066184
2016-06-13,1.9715066434727957,2.029290368621443,2.0200045180542188,2.0347553020430578,2.4734563885881267
2016-06-14,1.9805269553144675,2.0314325623103344,2.017162331577622,2.033811841448156,2.468685846591019
2016-06-15,1.9783230067371533,2.02854644346559,2.021629007860522,2.0410884045237117,2.482601762214722
2016-06-16,1.9859824656387102,2.0325072967225384,2.0164557180058598,2.0340317638569836,2.471884312210543
2016-06-17,2.0096220311984943,2.049893651421802,2.034055211336054,2.049673435013217,2.484701071042156
2016-06-20,2.010250979800209,2.0502692624681367,2.0366593427561277,2.0562438760856887,2.4916555452587055
2016-06-21,2.007386153007132,2.0419230809155353,2.0344529595275707,2.055156551040257,2.484560278887152
2016-06-22,2.0545372980611476,2.080348114268193,2.0629871064264598,2.078711198860325,2.5066544515879996
2016-06-23,1.9372369382913552,1.9733822658107496,1.9887608501172667,2.015753964127343,2.458611879679673
2016-06-24,1.847296460273052,1.907864360480758,1.9441680629821918,1.9826380765163116,2.443449271113071
2016-06-27,1.8939705833597715,1.9424216999880615,1.9773582767818159,2.0156932516092065,2.475727216085649
2016-06-28,1.945152016863634,1.9814046860577061,2.016064554100072,2.049866157462323,2.5065415316236077
2016-06-29,1.9702637840575554,2.011777734045529,2.054079229256313,2.081299410191364,2.552952032138339
2016-06-30,1.9723814953363596,2.0160223818851186,2.0560742379024406,2.0844140888166467,2.553699318442857
2016-07-01,1.9276033449944319,1.9815835260094439,2.0403288582163452,2.079755526652496,2.558144424661429
2016-07-05,1.9413878384296506,1.9923089301610926,2.048216721131309,2.0885710285184955,2.571457682133931
2016-07-06,1.9507657486319216,2.0010670180415184,2.047883474187424,2.0816088413860183,2.565055628548849
2016-07-07,1.9978893950663845,2.0429611177080247,2.082361199319412,2.1123474198686245,2.6004059111784494
2016-07-08,2.012708539018958,2.0576813287639895,2.091241913028322,2.1148986961885403,2.6054553684776143
2016-07-11,2.054950332537758,2.0848319679921423,2.1063661555280357,2.1221175243621735,2.603657240916781
2016-07-12,2.052473865313475,2.0827578046066355,2.1070033702930995,2.1235811853844737,2.6066560798045653
2016-07-13,2.0683598610865537,2.093888494803441,2.1140117193942642,2.1259736095476667,2.6063470825186332
2016-07-14,2.066692387667331,2.0959599433064953,2.1105196785464067,2.123741806360201,2.603491269163622
2016-07-15,2.085204021548262,2.0965493956932417,2.1113837752664852,2.1209762335681646,2.6095257986306293
2016-07-18,2.0696159378455596,2.093497832374228,2.1026089768941225,2.1212371800695298,2.6077786443113755
2016-07-19,2.091824805190454,2.106825319987973,2.1126098501688126,2.130727052511968,2.614672132300119
2016-07-20,2.0875937402253606,2.1040233439598643,2.1056770354663663,2.1173623698433874,2.6011179200089507
2016-07-21,2.1004695175965566,2.120421404819852,2.12078419927678,2.1279958928458824,2.627153683293412
2016-07-22,2.0984471706946994,2.1159770969423923,2.1163766657003236,2.120394002724723,2.6326113865179215
2016-07-25,2.114020161624038,2.1307272579766803,2.121886358095576,2.127415847568499,2.639677186403303
2016-07-26,2.1070364535095734,2.1268882744099464,2.111924023563323,2.1173515454967786,2.6292557986738347
2016-07-27,2.1090264035438064,2.1261381751593067,2.119396757772986,2.1236775764821867,2.6369706380742977
2016-07-28,2.1095449022754984,2.123810860963702,2.122242871356852,2.1306977519473027,2.6423704873922484
2016-07-29,2.0981865809200357,2.1161884032367286,2.1193388983910264,2.131377307422319,2.6411512299018733
2016-08-01,2.0725122586429667,2.092414023786659,2.102413348070857,2.116005009544814,2.626040322853681
2016-08-02,2.102581116084543,2.1035428642079905,2.110191224138679,2.117769941929535,2.6204481245934517
2016-08-03,2.1006410037190704,2.1066210961669625,2.1156772473084353,2.1178307390176623,2.6220795220896376
2016-08-04,2.1410148015453623,2.132659252722458,2.139231388506497,2.1252881934238226,2.623584433316103
2016-08-05,2.145665190267723,2.132548601641758,2.1373918521145647,2.1207536811829963,2.6159401980012382
2016-08-08,2.139639711409496,2.131190715653178,2.138529614688686,2.125476013340223,2.624873292401183
2016-08-09,2.122904141192134,2.128258204841234,2.1361471184128593,2.1239968768793545,2.621308088033883
2016-08-10,2.1418009361006223,2.139717142315614,2.1450426213003544,2.129127890510236,2.6251667323855656
2016-08-11,2.1401388665124603,2.137357888904657,2.142829138238526,2.1241904469970248,2.6272489459577875
2016-08-12,2.1665223883096627,2.1500727283171694,2.1513499261420526,2.123090824646567,2.6313325423226064
2016-08-15,2.163856260407385,2.1416604592126345,2.1354670866748444,2.1065177743630565,2.603656786403551
2016-08-16,2.163172592669398,2.1398014416278923,2.1346620022887266,2.10924149167276,2.6093498573174423
2016-08-17,2.176582690527401,2.145558178419971,2.1431628847619772,2.1182986528758927,2.6285369174469566
2016-08-18,2.1755112200003834,2.150228260490072,2.1417971558708007,2.113739761274036,2.63188684537919
2016-08-19,2.177913992970105,2.148332787001171,2.1415649281772486,2.1157507266977444,2.6352137898719064
2016-08-22,2.1938282805882574,2.1587810946970016,2.144866707085998,2.1168979162338446,2.6400000611424845
2016-08-23,2.1776043601044237,2.1482070555550647,2.135157694009452,2.102803337553015,2.6178096358699756
2016-08-24,2.178847076955987,2.148614891620666,2.1402354183653265,2.0985846868133726,2.622019672145584
2016-08-25,2.1791205335748915,2.1449010842788314,2.1314954169245457,2.0919732300525813,2.6108616564224616
2016-08-26,2.193442801544593,2.155486822601227,2.142856681654684,2.106594006486723,2.629436361513914
2016-08-29,2.205149037330342,2.1570523848587064,2.1397264737756734,2.094440271807857,2.6149355033024904
2016-08-30,2.197374923393824,2.1505534559732604,2.1329222367546117,2.089384519723149,2.6139188577510755
2016-08-31,2.19095258490747,2.1543889254505335,2.1362756428008547,2.0910508777545114,2.621195739916975
2016-09-01,2.1993214286042972,2.1616261749484593,2.1451080663223134,2.1061971835190114,2.6398241921543675
2016-09-02,2.2025072135738735,2.1591388661590343,2.1481612542246267,2.1077933964626494,2.6524027340233225
2016-09-06,2.2165581134002514,2.1625673647075208,2.149695200139359,2.1019755271782326,2.6515179267349716
2016-09-07,2.215902920327847,2.151429839451606,2.139702162491546,2.0970479105208963,2.6418932522896297
2016-09-08,2.1669681116302075,2.0993563332538288,2.0826302533975487,2.03804931351342,2.5543309090189017
2016-09-09,2.1985924071451275,2.130235246577718,2.113185673125321,2.066070398969546,2.5939763944388505
2016-09-12,2.161718796511517,2.096631222998447,2.0829257146504485,2.0314898157668866,2.5518883567127557
2016-09-13,2.15185687749637,2.091885231986357,2.0827364781877873,2.0308871133848516,2.557984424228619
2016-09-14,2.174544691012811,2.1146484062655637,2.105241230147601,2.048968959957648,2.590063519059245
2016-09-15,2.1645356561267026,2.1082954978439563,2.0947979264881282,2.0468162028933805,2.5816629858917324
2016-09-16,2.170653655363167,2.1164599612322728,2.102206206896762,2.053701670605726,2.594396547792317
2016-09-19,2.167487397862026,2.1157189876261318,2.1014626012674755,2.0511033178344666,2.593408982304015
2016-09-20,2.1867869895115932,2.139674441875777,2.13095003495891,2.0803995298773406,2.6343962304123143
2016-09-21,2.203838816756064,2.153108384842247,2.1501475904731264,2.0989039001920524,2.65315341347489
2016-09-22,2.193393808069016,2.1429732980946063,2.1345977751420233,2.0883616913852703,2.6346031474944143
2016-09-23,2.1702984782724983,2.1261278863051185,2.122523634167387,2.0783534367746435,2.62416828655067
2016-09-26,2.1890061438401203,2.133979755350989,2.127047879221824,2.089422083165437,2.6422061858517463
2016-09-27,2.2058526670680663,2.1381319493259183,2.1376683306332893,2.1035334173934586,2.6594691771490235
2016-09-28,2.1832508213764967,2.11953208423282,2.1231484865587853,2.0821828390604438,2.633058994001347
2016-09-29,2.2033340063165956,2.138657659780757,2.1349829892820145,2.098462000301395,2.65481490207757
2016-09-30,2.202393866272416,2.130746325078658,2.1225859925487467,2.0812927120079125,2.6433928841833865
2016-10-03,2.194972443443939,2.123530793090159,2.103140794866946,2.0636591852463364,2.621514986817675
2016-10-04,2.2138670303024695,2.134023343289752,2.1066729075373174,2.064849010968874,2.6335458204132722
2016-10-05,2.2105612812769406,2.1386085983499754,2.1072284620491,2.070075125759669,2.643564606872736
2016-10-06,2.1946005559192323,2.125572228393917,2.0946500463865205,2.0579338806332195,2.6285959733603783
2016-10-07,2.206170868185514,2.1352681744601996,2.097815173824605,2.0693597654140574,2.64675921585456
2016-10-10,2.171672171461133,2.1068770641528913,2.070637148636425,2.040357359205253,2.599304616893371
2016-10-11,2.1646543044624376,2.108266404742481,2.0771434019135184,2.0512583628644454,2.6073010747842367
2016-10-12,2.1521595462248175,2.0992953269177264,2.071561660708598,2.047408409083723,2.6037990402205944
2016-10-13,2.1454390103643846,2.0989750021899307,2.070281858946744,2.0480961357919685,2.6053455479512806
2016-10-14,2.129711174677256,2.094057924483061,2.067120238604851,2.0467212633487364,2.6025740808206503
2016-10-17,2.1475573824126055,2.110733457094489,2.078957195387733,2.058115127308455,2.618657023323949
2016-10-18,2.166383516713831,2.1190465052168093,2.0800454052875783,2.0615545999203095,2.628299073275622
2016-10-19,2.1714231073963455,2.1143427588047343,2.070679095918482,2.0548955841587584,2.622466483513665
2016-10-20,2.171610078919022,2.113772216075501,2.068134662520274,2.052304219586919,2.6153667463353254
2016-10-21,2.178251618124211,2.120882159723882,2.0753250004251873,2.06353695647512,2.636651792042037
2016-10-24,2.1684087928997156,2.1137944846904055,2.066127177330912,2.053375623018585,2.610663321795945
2016-10-25,2.1760280331875053,2.1140216775423895,2.0616906244889,2.0472184046469555,2.589728285550886
2016-10-26,2.1662030734259674,2.106622411019003,2.048380125853826,2.0365951743978314,2.5663785198877562
2016-10-27,2.164793890815052,2.1072395881851116,2.051659380971923,2.0425308741223924,2.572399505837966
2016-10-28,2.1630240337981093,2.1105168810764705,2.057514589185198,2.0533209611802286,2.5826818447214572
2016-10-31,2.154936271270137,2.0917160669481984,2.039657820868312,2.034973282063942,2.554467493879658
2016-11-01,2.147458410807789,2.068778889162096,2.0273940214428268,2.021992019192748,2.5258413747647603
2016-11-02,2.1346751513783704,2.0649464529681065,2.024411310258818,2.018102186021522,2.5125849424505624
2016-11-03,2.1397858801933167,2.0672193210962413,2.020580812240105,2.02142084717358,2.5155598892601327
2016-11-04,2.1907088663406378,2.112096078541841,2.0620881929374564,2.063051458216939,2.5752416975502213
2016-11-07,2.1922683573940427,2.1208674820579545,2.0707884558607397,2.075023036839265,2.5885596364513432
2016-11-08,2.250204143825087,2.1522724749706645,2.0864914927967497,2.07929818319418,2.6008089418757225
2016-11-09,2.2874032627160226,2.167300427100025,2.0951871035689487,2.0751581868403304,2.583885081957642
2016-11-10,2.2951487150078385,2.1699547617285537,2.097690452092137,2.0700768050953,2.5961946331607217
2016-11-11,2.3372441736232323,2.1860944143907455,2.10427955756362,2.071000079763796,2.6011533464134216
2016-11-14,2.341305847549869,2.1999189800580994,2.1160927195427055,2.089451663460887,2.63031976376494
2016-11-15,2.3227514737397605,2.195520991539229,2.1122103029363286,2.085454335477472,2.6354178703583875
2016-11-16,2.3375854276411814,2.209773039275853,2.1225429353975414,2.0947447337487946,2.6589463054266376
2016-11-17,2.3331415256408294,2.206611339686525,2.1191687662722125,2.090607897244777,2.6615334932112504
2016-11-18,2.3485853490665543,2.2186738615324946,2.1332275433954178,2.108036810108035,2.6800501821654774
2016-11-21,2.349624099628835,2.225644074787513,2.139470829517986,2.118778524226349,2.689979786538175
2016-11-22,2.354374290539128,2.230637807832317,2.142180131812844,2.122727904856613,2.7030166675472898
2016-11-23,2.3637366067845833,2.239570351782597,2.1516247532739,2.139618070645949,2.7140352546403834
2016-11-25,2.3404042511836316,2.225406719587458,2.139221032643038,2.127747568520461,2.7030527360014114
2016-11-28,2.3322606244347632,2.228326474515056,2.146563701570265,2.1323640298529343,2.7058801824338703
2016-11-29,2.3355952574529786,2.2258723309181536,2.137718953474128,2.1102178692756124,2.6906906713607106
2016-11-30,2.3325131810152318,2.2199942888162307,2.1229787171427685,2.086139594788799,2.6549523456246775
2016-12-01,2.3318415619961814,2.220712763261835,2.123485983869717,2.091916682452913,2.668031818082214
2016-12-02,2.3603923522654218,2.238907188612963,2.1358994148121004,2.105749186914829,2.6901276209468796
2016-12-05,2.3771108298866546,2.2496334517434393,2.1490022968558566,2.11363045643681,2.7021109304378954
2016-12-06,2.411636728109131,2.2802045258838453,2.1759108475493645,2.1455042332326215,2.7359153913538448
2016-12-07,2.437050716313297,2.2908486675020665,2.1859083016801346,2.1523861374620354,2.7404197140511863
2016-12-08,2.4437013433744172,2.297403381848644,2.195509868328472,2.1575414131441004,2.730127985683845
2016-12-09,2.4299753117655403,2.293474663406459,2.1945608228942053,2.1541270781286084,2.718940546958971
2016-12-12,2.441298308524792,2.3037471180311075,2.2044012272022853,2.1603064682056123,2.7262504824696734
2016-12-13,2.4138884803239384,2.277298187565046,2.1846840952091378,2.1413072701240847,2.703617046052195
2016-12-14,2.4228659855237082,2.28410477048526,2.195823814937252,2.1453948717676807,2.717976538924397
2016-12-15,2.4300947182979065,2.284442361155965,2.1909318362313575,2.1385443264884105,2.7043423337093895
2016-12-16,2.431143761454994,2.2854708215649766,2.1987331330549535,2.1444359630583536,2.7087796027933626
2016-12-19,2.439785856979048,2.2893518115176303,2.2067984756140375,2.155076237363339,2.7256716554563165
2016-12-20,2.427673468805254,2.2858435500453558,2.201218205365304,2.148580253728057,2.7239305804612974
2016-12-21,2.4158910417032433,2.2753215263824,2.194341161974078,2.141653278336885,2.719810654846127
2016-12-22,2.4232437390017765,2.279528995281354,2.198457131116875,2.1467343370930543,2.7261041089563496
2016-12-23,2.4338526350495475,2.2838560964784484,2.2024740156232405,2.1534115176457096,2.7387060605604696
2016-12-27,2.407897520405136,2.2624465665946163,2.1846553832888205,2.132664290309785,2.699686504632971
2016-12-28,2.4081465928798966,2.266363611200325,2.1897311001526796,2.133471571756189,2.701062223659439
2016-12-29,2.4016622744362692,2.257851119633852,2.1823589073952654,2.1277380698414774,2.6814689880429796
2016-12-30,2.430873876191059,2.2733745605527065,2.1943058033371385,2.1401061089989395,2.701841366658075
2017-01-03,2.466975689871839,2.295088199623366,2.2120558474938936,2.1621844112847106,2.731120331752112
2017-01-04,2.472512377779124,2.290540367453554,2.2061271910415146,2.1526325940060542,2.71810288296551
2017-01-05,2.4785894228586,2.29621905997696,2.2141268481734744,2.1613395234394894,2.7222755143702377
2017-01-06,2.470646844502138,2.2919009904886147,2.203928813581691,2.1489631436950334,2.70777814687814
2017-01-09,2.475034323201378,2.2888497517984696,2.208398196735498,2.1545245535932893,2.724813332290543
2017-01-10,2.475273291943696,2.2966684314903034,2.2212436743320483,2.1623633398580577,2.7376897411828813
2017-01-11,2.4748660768057054,2.295712303767695,2.2184842196793606,2.1513990350989873,2.7198824378596225
2017-01-12,2.4877430613484615,2.300770934262385,2.2255651160210737,2.160278468274432,2.7337454463540354
2017-01-13,2.4953034015547533,2.305549118395833,2.220469338303206,2.1425098008319226,2.6939207195247485
2017-01-17,2.4961200528994105,2.3060959600814934,2.2303617770221997,2.1535656562813665,2.7152237860955113
2017-01-18,2.4794265101085937,2.291209754430722,2.222087999484691,2.1467505914205263,2.7157433992017377
2017-01-19,2.483952875492619,2.2956248518226667,2.2345757055403355,2.1566122752216206,2.727635421723119
2017-01-20,2.4818777637127982,2.290444025939086,2.2272513437216275,2.1469241889605106,2.7203485104588636
2017-01-23,2.496176924410094,2.308907140801816,2.2439796463969652,2.174041838833608,2.7778966878366393
2017-01-24,2.512375011240028,2.3209089329780133,2.259747974213376,2.19583042412854,2.8118000041578477
2017-01-25,2.499671639437967,2.318936735943243,2.256922080961432,2.1918316950089363,2.8129919493124067
2017-01-26,2.4885885548999607,2.315207640973075,2.2600456547822114,2.193790631203387,2.8089692225768257
2017-01-27,2.4813070189456985,2.3037450721413006,2.250201978620897,2.175181334273154,2.7806127753878918
2017-01-30,2.496452937396215,2.3132016207450152,2.249250097564552,2.1728998786868314,2.775556215245655
2017-01-31,2.4900968998939916,2.3027752470363083,2.241813325518142,2.172317160875485,2.787910794945431
2017-02-01,2.496310580191673,2.3081641971286033,2.247324739090243,2.1789420138309445,2.7905820035776774
2017-02-02,2.509029981180402,2.3182799632148106,2.2680347958416522,2.200464518599494,2.824659345433621
2017-02-03,2.5062687792807634,2.313102536714718,2.2581440014216843,2.196752803906642,2.821949542403762
2017-02-06,2.512530162850603,2.3143747130806434,2.2604394317400525,2.197750219848267,2.815590095204706
2017-02-07,2.524519714656715,2.3256793022238953,2.2606893084569895,2.195522198543979,2.819703207805561
2017-02-08,2.534880493894441,2.345288404456079,2.278061193646289,2.2150126534791044,2.847139304583564
2017-02-09,2.5446824167507356,2.3600520227071518,2.290235003671189,2.2267476135738242,2.856837830744263
2017-02-10,2.5476090195287053,2.3684434581910083,2.306336442968604,2.239658915341515,2.8717320781475557
2017-02-13,2.55098349064284,2.3752897050244166,2.3069611614554755,2.2428679270540997,2.879494646888908
2017-02-14,2.561081972132786,2.386673096956021,2.312576815472642,2.258435854869817,2.89352574794825
2017-02-15,2.5579489132339464,2.388945642501395,2.3110473255879187,2.2537150306437543,2.878018424427076
2017-02-16,2.572029234175935,2.3924081956526067,2.3158868532627523,2.259494762549606,2.884709039705388
2017-02-17,2.5934794145060427,2.409233592823934,2.32791894944902,2.2688288633994245,2.9110559043047264
2017-02-21,2.586887784657402,2.4093341484887976,2.322997130382189,2.264152433530526,2.893722695480449
2017-02-22,2.595880254032216,2.4103435753979623,2.3192038643755075,2.2543185646509496,2.8763023759927093
2017-02-23,2.609651801186918,2.4203297979874256,2.3346484214442005,2.2615625474672276,2.8750504118476417
2017-02-24,2.608146926642378,2.419621442280636,2.339011165701767,2.2654477247000715,2.8914893423095673
2017-02-27,2.5964788235524963,2.414208222667171,2.3259283847387753,2.254587681998911,2.8751057784408407
2017-02-28,2.5987338678885625,2.4390808814338225,2.3562700287542717,2.289297408275639,2.94357849934434
2017-03-01,2.5978678842433145,2.4301549653008845,2.3428354019282494,2.266527633878795,2.8991434113559302
2017-03-02,2.5891669186215536,2.4261925239163977,2.3423805274435794,2.2704752275803033,2.9091968121371146
2017-03-03,2.5738108467605243,2.414730036891799,2.3339583745152326,2.261667380945493,2.8980895736514216
2017-03-06,2.5583229944540875,2.4069676851196617,2.328065132143222,2.255327518791601,2.888662626146353
2017-03-07,2.553693261273989,2.39849435476569,2.3245517808864116,2.249558526833573,2.872944213038664
2017-03-08,2.543902010141524,2.394516405919115,2.3253949934273157,2.2488607211231186,2.8691940493401784
2017-03-09,2.5546398650193285,2.403313410142857,2.3360448983756457,2.2572413591391247,2.8848369685752098
2017-03-10,2.5560979936367194,2.4083971421492345,2.3400705798806603,2.2626981049253763,2.8981044519476002
2017-03-13,2.551434856694217,2.402011864987867,2.3285323768027983,2.2528513814649944,2.8752294470904496
2017-03-14,2.580353425094837,2.4314233727077603,2.352122172397247,2.2773780427951142,2.907601526892569
2017-03-15,2.5742770367354972,2.424039277330525,2.348130305652227,2.2752634563404976,2.9056621297994827
2017-03-16,2.574244627791525,2.4298974232331245,2.349146403675131,2.278565140531662,2.906204331912124
2017-03-17,2.5651462541195493,2.4231305708635147,2.343043106240655,2.2730533334390497,2.9029640977601923
2017-03-20,2.552887062015422,2.403647113923626,2.314391743037899,2.238486310703797,2.8217672900849227
2017-03-21,2.5574127932344397,2.4060143825201257,2.3240840182866624,2.2464327869388607,2.8424282078667678
2017-03-22,2.5582808803106234,2.404106802080171,2.320627005553335,2.2488710077925647,2.8448105079237016
2017-03-23,2.558548532844324,2.402118636059305,2.31845401333464,2.2479849422740963,2.848592935215986
2017-03-24,2.5566027560050952,2.4019968101328217,2.315900633660381,2.243182871052108,2.845224412199963
2017-03-27,2.5697316731698208,2.4159731802697046,2.330510754908605,2.262464642205721,2.870260349872047
2017-03-28,2.5795055477489024,2.4164222137265514,2.3344805547226097,2.2645317204154636,2.8750691985909
2017-03-29,2.571489183806659,2.4144077216912576,2.34138260384959,2.2767126985888515,2.8925692543269825
2017-03-30,2.570246376810791,2.4153553966055137,2.340644539926732,2.2760283653520363,2.8865022818758703
2017-03-31,2.5564634293160706,2.409429953476353,2.333218294461233,2.263944305187891,2.8749637045166128
2017-04-03,2.553905747982647,2.4083874362402202,2.3307182089243343,2.2637536269747764,2.8760996747740437
2017-04-04,2.5506933524984245,2.403954126352644,2.3247710728165445,2.2527807745302644,2.8491469704453554
2017-04-05,2.5598418007998034,2.4102158908020805,2.333677421847713,2.26322468793955,2.8688011338033697
2017-04-06,2.5563897541489724,2.407843530599075,2.3311730668093147,2.2628269104370244,2.864971961427773
2017-04-07,2.5703891042284526,2.410906477327386,2.334490951732212,2.266001850625784,2.8573228751838995
2017-04-10,2.5717015742067293,2.4142793599533907,2.334070495401967,2.267799250580291,2.8533498283913334
2017-04-11,2.5641324891264294,2.408828514297242,2.319505793476895,2.247692532768174,2.8184825891038545
2017-04-12,2.549178995221512,2.3957997620931466,2.30508150771428,2.22911011405394,2.79660015708315
2017-04-13,2.568432241489243,2.416685458413475,2.3247248394067093,2.2524832112212283,2.8287970903115482
2017-04-17,2.558491105457862,2.4140437357254148,2.3204921272708985,2.2468038535931742,2.8253303489638513
2017-04-18,2.5576098787537793,2.409689481460713,2.3201480331237265,2.2489785724792593,2.8328439233368314
2017-04-19,2.5721656323845954,2.426068244143999,2.3352378644064777,2.2694960977311984,2.8662811590976345
2017-04-20,2.5609625837171044,2.4239138669373816,2.3322037663182913,2.265330600927908,2.8552709940862706
2017-04-21,2.574649452770323,2.44355628518497,2.3545906265570467,2.2960183555042355,2.9019379118179778
2017-04-24,2.587719578434538,2.453848535642927,2.368642820672611,2.309449755916215,2.9257612869629916
2017-04-25,2.593140603273748,2.4515125411988072,2.366785337211848,2.3200350436770636,2.913263272319394
2017-04-26,2.5847816750672648,2.452997440437227,2.382519525326768,2.3253687464996697,2.9263218812574125
2017-04-27,2.5689249370639415,2.4443122995414788,2.373632496466825,2.3183620172957866,2.9110635296917096
2017-04-28,2.5627626813429605,2.440152252621768,2.3743841216213433,2.3279101713500707,2.928955188914402
2017-05-01,2.570308902891349,2.4429791643890777,2.3790206775132874,2.329678585598974,2.9136981309259244
2017-05-02,2.5626382556595257,2.437774096359979,2.3697903658210104,2.3160467804407094,2.9070300518962724
2017-05-03,2.5678311623169683,2.4495303711470524,2.381358697126136,2.3121165693225607,2.912261046183988
2017-05-04,2.5864673414738975,2.45999508691894,2.3915369192966263,2.327280417366137,2.936761623559724
2017-05-05,2.578490514004357,2.4527190641293615,2.380528402039823,2.317373881058667,2.9316109191010655
2017-05-08,2.5772524097197658,2.4493092323345635,2.377730101999412,2.3180405569630675,2.9432674334684674
2017-05-09,2.5851439292440563,2.4513843127557213,2.3786735465738142,2.3213711826115375,2.9672060574175534
2017-05-10,2.5773155300001136,2.445164545493028,2.37096448056778,2.3171678427222884,2.9581715804094335
2017-05-11,2.5668635633738623,2.4385538020220854,2.364183544954659,2.30950796463001,2.952327549593412
2017-05-12,2.5739301030304658,2.4548067553971604,2.3800804992676925,2.325782042286548,2.9826955971021394
2017-05-15,2.5540502221721306,2.4493353860010676,2.3769184563605177,2.32731729301043,3.003206550519835
2017-05-16,2.536253208107167,2.4260950925686244,2.3457151901881734,2.2820671998292776,2.895983965196411
2017-05-17,2.5411592507927225,2.4305318560457514,2.3522189204267803,2.290107420575543,2.9134144412703082
2017-05-18,2.5611944464552754,2.4488107150465237,2.371429172042775,2.310513255490044,2.943246293040181
2017-05-19,2.5726207599284443,2.4598075573505973,2.386367623745067,2.3268842379533745,2.976819421352406
2017-05-22,2.5673286232816506,2.457349428380235,2.390426034345761,2.335948536270399,2.9837943092260355
2017-05-23,2.5725699080436617,2.468378963085727,2.399859853727783,2.342130926801898,2.9982273590888027
2017-05-24,2.577841293312416,2.4816388533595752,2.408305176112125,2.353882677553397,3.025764143843724
2017-05-25,2.5765848379836123,2.4787507438804393,2.406614457121303,2.361641150117608,3.0299603913595994
2017-05-26,2.572767610158419,2.472375038635242,2.404425058337251,2.3591172013836865,3.0268813066358073
2017-05-30,2.575166468392272,2.4757340409282627,2.409969979350504,2.363827160942957,3.0228299589814953
2017-05-31,2.607395201314925,2.501575597633775,2.429953784706986,2.3935782240776757,3.0472864716495196
2017-06-01,2.615737688128202,2.505435750210448,2.4384982263645805,2.403059779789364,3.065321389856618
2017-06-02,2.6073464316950967,2.49967332331946,2.432692408789645,2.3973561570420867,3.0522845577004154
2017-06-05,2.5937557030213196,2.494155447965558,2.4230702765781826,2.38744561979253,3.0514330906343456
2017-06-06,2.5894221673185944,2.4941064680206644,2.4249377200300155,2.39313555703299,3.064073773639003
2017-06-07,2.5830239228445255,2.4911649920714125,2.4257325423216627,2.4017636581665065,3.0911906517614343
2017-06-08,2.605741228472087,2.503054469142499,2.430518851852209,2.3962878217954704,3.0448958611699606
2017-06-09,2.620518484638907,2.505294582174145,2.4296714361984266,2.389989036265166,3.02999386086891
2017-06-12,2.6279224140915245,2.516754337936633,2.4456272962416983,2.404943594845945,3.055759166430211
2017-06-13,2.627495706825531,2.5159699587325672,2.443926510253114,2.403907409941295,3.03315411502254
2017-06-14,2.6208655238740897,2.5184408770076008,2.441584259656681,2.400721526807314,3.021558563496671
2017-06-15,2.610593130010917,2.521853639667045,2.4467620028017256,2.40592460784205,3.023435978649168
2017-06-16,2.6149812335236833,2.5301522013918056,2.4640411529907187,2.429564893199144,3.067446563960104
2017-06-19,2.5914663027400526,2.515315710405812,2.446185008466328,2.4098016247249356,3.0389264336991983
2017-06-20,2.581484675759752,2.5082512189744137,2.438888431027599,2.4042780161167476,3.053659017851929
2017-06-21,2.5870570495611664,2.5079320918636556,2.4377494636972794,2.4048678657627294,3.0511332280427337
2017-06-22,2.600650629556891,2.511567225185795,2.4434710443375565,2.41478535510549,3.061422169596184
2017-06-23,2.6149509631144214,2.5184439071005373,2.449176121733624,2.4122888405190817,3.0527624463517955
2017-06-26,2.596212039431306,2.4991217438432156,2.4366172100397065,2.3956634271697306,3.0050264203950316
2017-06-27,2.6040966470092846,2.512126964276281,2.4580707613246706,2.42418999999618,3.0527645743817677
2017-06-28,2.5875861330109142,2.494547572722416,2.4372559512735363,2.3981651452267565,3.0132032363786583
2017-06-29,2.5989723960663085,2.501349456582792,2.445625181818571,2.40649238772362,3.0151058656305785
2017-06-30,2.616583593993552,2.504503888561455,2.4587787049571883,2.409422154396845,3.004285847569268
2017-07-03,2.584448666273568,2.4972011348787224,2.4521033837031725,2.4241793355870933,3.031541633164972
2017-07-05,2.547519399372438,2.4737303058594327,2.4302044484694365,2.4036988456685657,3.0043495282793495
2017-07-06,2.5556994724328534,2.4853981815676356,2.451934369733045,2.429762228612406,3.0419499536129995
2017-07-07,2.5451401533263462,2.4818155166364138,2.4488351512772404,2.4357743548824753,3.058962226564023
2017-07-10,2.54287191544786,2.4796117290934414,2.4446688004598554,2.4346942646457217,3.069476172997739
2017-07-11,2.559739921274491,2.502731171535484,2.462295435190476,2.4540607313397738,3.0973791577699883
2017-07-12,2.57287096049531,2.5047170338568803,2.4614143432531117,2.4547410377611394,3.100268198514546
2017-07-13,2.591358943589498,2.518061295082137,2.4714967427655927,2.463150894592249,3.1155038995277633
2017-07-14,2.59787536939709,2.521583754865846,2.472450105965603,2.4630695313868904,3.1114333491073265
2017-07-17,2.5906385777299104,2.519525478672803,2.4700453786963257,2.4600922229298097,3.1191877392062377
2017-07-18,2.6078222617723967,2.535123613261578,2.4870854213213427,2.4727832323750016,3.141506902305173
2017-07-19,2.6085877605209054,2.5331778289208353,2.486461856587325,2.471691877129368,3.1359836789415394
2017-07-20,2.611184578476168,2.5393452208623435,2.4935333086656173,2.465697981675142,3.1386813397579933
2017-07-21,2.5978632644285597,2.532370689019248,2.492887244576887,2.4696434762682733,3.1562318179475914
2017-07-24,2.624674687257642,2.5405388796958768,2.4972189930516455,2.4673140488208487,3.159285458652291
2017-07-25,2.623328560664097,2.5386727255071264,2.490384886541066,2.4546216166614587,3.161096074676008
2017-07-26,2.6368388314141895,2.536918872057221,2.484406975177127,2.444489635370626,3.125770420966796
2017-07-27,2.6361968032859147,2.533560576451784,2.484550986086545,2.443092089138809,3.125171393952157
2017-07-28,2.6420699711528615,2.5310846801414906,2.4797493545634164,2.438889198210773,3.1180635510930097
2017-07-31,2.644366417388912,2.536185318942718,2.483564049991442,2.4447217404927026,3.127767392944948
2017-08-01,2.6361667020157635,2.532783317161309,2.478919972680323,2.438314745871046,3.118191156833324
2017-08-02,2.6240827935194124,2.529371457708489,2.4777877477134065,2.4357156230250796,3.1225581516588785
2017-08-03,2.625773976447582,2.531654617608319,2.4864062418420287,2.4417134898993162,3.13956742323318
2017-08-04,2.627476122862664,2.5351621975745364,2.4866820758362493,2.446108379963323,3.1628410722219336
2017-08-07,2.6210932318335773,2.528107383873278,2.4754838255284715,2.4368319150634363,3.161697531849563
2017-08-08,2.61463004046593,2.5268519840632018,2.478267827375112,2.4341103709272254,3.143876495963307
2017-08-09,2.5869400867415138,2.5009066866684484,2.4498952919899697,2.392386808367491,3.0691783921165015
2017-08-10,2.5837735339435324,2.497739081734237,2.4534493154560013,2.4000556446207204,3.0778363387057524
2017-08-11,2.5975223286496094,2.516244358226924,2.4816499586790637,2.426004687995462,3.130009986869779
2017-08-14,2.5820026320939884,2.5159706909793704,2.4802131707566057,2.4221800319316324,3.13511919278674
2017-08-15,2.5937843330042494,2.5212252866583835,2.4876470590942668,2.428299471250667,3.144592727347578
2017-08-16,2.5670764550019713,2.489717168093723,2.4521973466882026,2.3904669327133417,3.075572433406795
2017-08-17,2.559745201661375,2.487960056135262,2.446982747556725,2.389149205670074,3.074874226649558
2017-08-18,2.5654593500005287,2.494187983778198,2.4535357973042142,2.3884900057985132,3.0674577896919364
2017-08-21,2.5783928135924734,2.5124733470233953,2.476394514659968,2.4162108789405914,3.1160675536943216
2017-08-22,2.5778848649799317,2.5036123915882595,2.467028069311281,2.4047100285331755,3.1064356141076446
2017-08-23,2.5668395040138234,2.5020809261421095,2.4644923054403325,2.4056054111134495,3.1060528525533213
2017-08-24,2.5825630814638636,2.507208702030612,2.4729361691734093,2.4129950987218503,3.100697468812087
2017-08-25,2.5766579905115563,2.5065670068407897,2.474878081058941,2.414286440470595,3.1020628369390204
2017-08-28,2.575262852118494,2.502249106443467,2.4755684676987824,2.413497344708268,3.098247220692119
2017-08-29,2.5855341343400435,2.508684506352101,2.4874675230366026,2.430567899902785,3.1317913096544157
2017-08-30,2.598311952451872,2.524316769710547,2.501183841674649,2.4456360046519645,3.154331352150695
2017-08-31,2.6176165498758546,2.5289863621464894,2.5047100754977483,2.4525076902712875,3.1614689107383382
2017-09-01,2.6126504303515476,2.5172730621150166,2.486218882563988,2.4315130327095047,3.118466589353163
2017-09-05,2.6247476907200253,2.5262646486839024,2.495112190114383,2.4312745177699435,3.1196301410252443
2017-09-06,2.628124569218201,2.529438096368808,2.4970060838257186,2.426742479597379,3.115286966460917
2017-09-07,2.6209409109624513,2.531196627007959,2.513689699749592,2.4372050027396743,3.11002501132813
2017-09-08,2.6370218742320697,2.5488330924308618,2.536859404311598,2.4684889212712355,3.157290561401782
2017-09-11,2.6473302398537175,2.5529464240416675,2.5404628205721203,2.4774280354526517,3.1651335779900727
2017-09-12,2.653226841507611,2.5432196989861415,2.530811466111482,2.4744819912601517,3.167237105176953
2017-09-13,2.654086020686661,2.541234677753359,2.5321965111909073,2.4679217607487427,3.1665650458801844
2017-09-14,2.6627611574494714,2.5485677940168636,2.533283551858053,2.4721551816249057,3.178489416133772
2017-09-15,2.661526662268715,2.552515158817461,2.5356049831090948,2.483969436318018,3.2023879162924405
2017-09-18,2.6486499851912972,2.5509806712228458,2.5380059354847555,2.4871935992066665,3.2114173816793015
2017-09-19,2.652795096579005,2.553321707185359,2.5416069620384114,2.4909593830865746,3.2079889528318755
2017-09-20,2.643949866981285,2.5471347202921835,2.535863392273901,2.486229018147304,3.2029881381522167
2017-09-21,2.6486069391624305,2.5533957166686867,2.5407134270372698,2.4923471916862416,3.2104914746925
2017-09-22,2.671843576240146,2.562083098856067,2.539102077016011,2.4790563477998764,3.163763858783601
2017-09-25,2.6756046442369987,2.5656198671418986,2.5386305411383114,2.4768097197441565,3.1663910041268695
2017-09-26,2.673070585061093,2.5628541340368716,2.5490937546693453,2.496981691313573,3.206472694286611
2017-09-27,2.6612005970624737,2.565998228990003,2.553035682891686,2.4967433830832118,3.222525852317913
2017-09-28,2.6699862082777446,2.5726529282640715,2.5626209340199306,2.508912837126429,3.2407815617684452
2017-09-29,2.678049766036763,2.5867994807782426,2.5794200389240385,2.5210692482661217,3.252813905895276
2017-10-02,2.6778422580131758,2.586338113185523,2.585315504826197,2.527675896706569,3.265420053182879
2017-10-03,2.6880571133555917,2.5956129057711608,2.5958632863470466,2.5325974659831183,3.2758159134905704
2017-10-04,2.6981765108918734,2.6032952163670093,2.605460404806217,2.5441547438223173,3.2915859615281473
2017-10-05,2.6830779180239386,2.5966170630270056,2.6071049700288937,2.547486202504275,3.3021456787489982
2017-10-06,2.6637958944963236,2.590146595381497,2.606076357213433,2.544273288135035,3.301701542446179
2017-10-09,2.6700254477828835,2.5998250489030035,2.6153664113560664,2.54966270679551,3.30292213311028
2017-10-10,2.6693571614794327,2.6017643594899487,2.6222155511595386,2.5533226581727333,3.3094767772742095
2017-10-11,2.663210929068808,2.6035903024292875,2.630401689304257,2.559426323581789,3.314847588686428
2017-10-12,2.6717972635674596,2.6049470414002154,2.633420737099131,2.559812141232674,3.3182948374393337
2017-10-13,2.6670906254420617,2.6040982449765693,2.631476836985308,2.561568220232765,3.3238672454479183
2017-10-16,2.675184578579968,2.606669207101484,2.6293964775504772,2.551683720429565,3.321784177836629
2017-10-17,2.6783198913367308,2.605619594468206,2.635730555854523,2.5550621715557087,3.333842866633238
2017-10-18,2.6797377558106255,2.6135154311209843,2.6418477163326664,2.5546290572897634,3.33636419674919
2017-10-19,2.6890205137898655,2.6270098364763417,2.655897391611045,2.576687203818347,3.3666005312119767
2017-10-20,2.680928627401368,2.622970381896733,2.6521337308612374,2.571709326299995,3.357986044807974
2017-10-23,2.6739445935694977,2.6250862160336372,2.6597077001180978,2.5842078675682414,3.3729246094961667
2017-10-24,2.6518325412180683,2.6135354691150785,2.6516939864114484,2.572665507576901,3.3402337801157667
2017-10-25,2.647659137349396,2.62005627574119,2.667158919607119,2.5877937380495206,3.362943941703552
2017-10-26,2.643242190476903,2.624704401526976,2.680384710789563,2.606063355713607,3.389511088814124
2017-10-27,2.632270834532882,2.616714791766675,2.6653620624233865,2.587105042167627,3.370977756125416
2017-10-30,2.6350768276177465,2.6192172114393806,2.671616829363013,2.597769469271641,3.3974408866129022
2017-10-31,2.643931436605213,2.6213137127355464,2.6733911958109586,2.5873644243373324,3.387968184403201
2017-11-01,2.652576199588996,2.6164302342882992,2.68014696497072,2.5941726322614933,3.3856232308785894
2017-11-02,2.6520824917424677,2.6252368553644874,2.684766346915426,2.598596360951599,3.4176068635991816
2017-11-03,2.655640120727914,2.628504171607637,2.684686265898129,2.6048634349817634,3.4355488092271225
2017-11-06,2.660329969710393,2.6324246303721845,2.6795172465137487,2.592520356069631,3.4260797775566454
2017-11-07,2.6663343243671442,2.6404629492338363,2.688240150260386,2.5947131870561133,3.43412683395095
2017-11-08,2.667841099427744,2.6368848001409835,2.6715073032408276,2.5772284549878446,3.39528014934892
2017-11-09,2.6704858960101845,2.639377008911529,2.668094787431853,2.5767478458328035,3.4024770162691094
2017-11-10,2.660627764615702,2.6482488278564467,2.677854149068407,2.5845686147996623,3.411554980805556
2017-11-13,2.648413254536056,2.6460991036093606,2.685949370800308,2.5870002701496384,3.412044860752189
2017-11-14,2.636537529252617,2.6310733377564395,2.6676471411558174,2.574043157263407,3.390040832734654
2017-11-15,2.6606657636116595,2.651108538867651,2.682616206842801,2.598302021388026,3.4312638305063
2017-11-16,2.676274108892467,2.647522689519035,2.676493588394654,2.593023396076053,3.433791238537843
2017-11-17,2.6744355346859123,2.650498375380559,2.6823830551200776,2.604461125151897,3.4544859717334577
2017-11-20,2.6834567351044067,2.659284205881203,2.696205894485938,2.62216472217774,3.486335024935584
2017-11-21,2.6925427258915167,2.656325506561383,2.6896014777666415,2.6174620980121035,3.477108887304
2017-11-22,2.6905197765544657,2.656152080332001,2.692182905490583,2.6244501802648155,3.4932762988312316
2017-11-24,2.681401593354914,2.6516400660708497,2.693567549611344,2.625355211842578,3.477400095749297
2017-11-27,2.7171076522015674,2.6784132298800767,2.724825876470445,2.645792402470838,3.500080699083598
2017-11-28,2.7579672785807867,2.7038510891992025,2.743084311573358,2.631347707985647,3.4264288441147466
2017-11-29,2.7750880872811847,2.7208937689722057,2.7614896864511955,2.652732263895019,3.4623677290979504
2017-11-30,2.7812857016442685,2.7163946295694332,2.7541253399858383,2.6437843882716745,3.4355865731578987
2017-12-01,2.8180980490860024,2.7394123044347594,2.7615511696152635,2.6305246538113956,3.358172003023956
2017-12-04,2.7948888123832663,2.7162630071679574,2.744972798583615,2.619848246053918,3.3590568878204006
2017-12-05,2.783800844374451,2.710189066784249,2.7431988631923483,2.6200034364826683,3.3687026055115354
2017-12-06,2.7887376239387747,2.7252941394369112,2.7512864908674617,2.6358540840705365,3.404988881887546
2017-12-07,2.809056705866698,2.7400060897810854,2.7679679024339814,2.651721873088884,3.418601104956183
2017-12-08,2.8136845658073555,2.7403557900438544,2.7728160338941277,2.653436704994814,3.4288727615159105
2017-12-11,2.817497905573644,2.740781649953078,2.7647865734135215,2.6421084902532974,3.417507489841736
2017-12-12,2.812912944948083,2.7423783605125007,2.764676169208319,2.640999953230816,3.419998194890315
2017-12-13,2.795016412130163,2.7261266017703805,2.7516175105027263,2.626283476114314,3.4073579247725814
2017-12-14,2.8202790209834476,2.7522576871020115,2.771732728389522,2.6485020465371347,3.439172114797832
2017-12-15,2.849570550414662,2.766591326618999,2.7809994999626437,2.663111881179522,3.4692775427382827
2017-12-18,2.845811025411502,2.757280795663687,2.762899316329411,2.6595201453076225,3.4649102210314005
2017-12-19,2.8493958447621996,2.755892105294792,2.7602463766988277,2.658116407863349,3.462953314571615
2017-12-20,2.8658356909534612,2.7620876517658908,2.761011558483682,2.652110305660013,3.449704991977147
2017-12-21,2.870842726585962,2.76645517444192,2.7628336877458763,2.6495314537965715,3.445870352131053
2017-12-22,2.8781853674982942,2.772144005346177,2.758040698554424,2.6487063140394564,3.437402993410878
2017-12-26,2.875418845370786,2.772556109959328,2.7639503876550746,2.655102228522174,3.448304633026388
2017-12-27,2.878753894418019,2.781985327798417,2.771281591247741,2.661340138763258,3.455253078683633
2017-12-28,2.8652727040602697,2.771981067461359,2.7599283555992935,2.649132095753625,3.432726275469481
2017-12-29,2.90085243767817,2.7806132902181515,2.7646346254940153,2.660356942321883,3.4720693181029114
2018-01-02,2.917339024489873,2.78680975629516,2.777484358549092,2.681197230814931,3.515712125348778
2018-01-03,2.924556336196364,2.7949254416007836,2.7822895415167643,2.6960386235668503,3.5268307544886155
2018-01-04,2.9305063807974325,2.805578169143863,2.7925130268605973,2.717108703072161,3.564592236286198
2018-01-05,2.9414420954100846,2.8103971128989396,2.797351414901352,2.73197105435298,3.5932438840829444
2018-01-08,2.92921638270129,2.8066700504354483,2.80535165619737,2.738401817284276,3.600410359674566
2018-01-09,2.930374552627267,2.799865225288206,2.7941875630590896,2.7298144400700837,3.58646305855715
2018-01-10,2.9599728114125465,2.8189573908302767,2.812960458416786,2.7546616862916604,3.621631777623031
2018-01-11,2.971838528265314,2.83373106694808,2.8239803829282355,2.7716408345829304,3.6445024178599748
2018-01-12,2.9585600915947863,2.8191874504890486,2.8111890945507056,2.7590625419926114,3.619454676099251
2018-01-16,2.9718553215394152,2.838400713604901,2.8365885000700772,2.792116701353518,3.6737475953168683
2018-01-17,2.9605952378892355,2.831757839512025,2.8302405333234244,2.7894717306017722,3.6778835112409576
2018-01-18,2.9749340384802037,2.849883795481697,2.8509036352711505,2.8114380007043054,3.70426042707849
2018-01-19,3.0031012840560725,2.8628120338887277,2.8640497947663084,2.8206844299363514,3.72154233842721
2018-01-22,3.0136851047778426,2.8750188264293817,2.8752718394711057,2.8299182588333296,3.7342127155683627
2018-01-23,3.0150512539740277,2.8792049261476538,2.8788347000782015,2.82120368893801,3.726075657717703
2018-01-24,3.0118124500988075,2.8854042575708077,2.878752745786661,2.8237430074502554,3.7274055998949374
2018-01-25,3.032300693313158,2.9003661299519368,2.91562438101703,2.8531901737036054,3.771001520800237
2018-01-26,3.007633427555944,2.88491817568634,2.897722247746611,2.8357232038883105,3.7280459367872867
2018-01-29,2.973617523726077,2.86499973045217,2.872203509850483,2.811601737748214,3.6873632783782972
2018-01-30,2.9676032861012307,2.8701559576270848,2.868740027676379,2.810412380693959,3.6928846624684306
2018-01-31,2.954924587495629,2.855491408680847,2.8696956739238044,2.808010782600606,3.687622033665944
2018-02-01,2.888733601579506,2.808622162951374,2.8165048646545343,2.7497413618882955,3.6164506930342575
2018-02-02,2.792546114756423,2.7124802568343296,2.7171668435371936,2.640174806316583,3.4711432925358117
2018-02-05,2.8217059412477816,2.724507995845729,2.7554584628017427,2.6812518641498513,3.525933983794992
2018-02-06,2.811381575230919,2.718905475297766,2.753072254623521,2.667245703204258,3.521560050176734
2018-02-07,2.7329048026908573,2.6413140425929376,2.65507808431404,2.569464975565591,3.371552640565113
2018-02-08,2.7547203515966965,2.682379924824621,2.685503623574319,2.6152337302418207,3.41835118884349
2018-02-09,2.7755694528634547,2.7086665568757344,2.7162193099226752,2.6563663040673235,3.470187450929176
2018-02-12,2.7760536491329724,2.71897865276802,2.723893211930963,2.6652025127177654,3.492703052576189
2018-02-13,2.7930839234971114,2.7434118994834855,2.7682582592953686,2.708914666355092,3.5626930717703655
2018-02-14,2.826943414156858,2.776570403419912,2.791409022777256,2.736635689755122,3.6106973802112945
2018-02-15,2.8331913590065905,2.781009612004755,2.7958825697292062,2.740155092866309,3.6098306267403824
2018-02-16,2.809283532390866,2.755811218542801,2.7813930329530545,2.728420689974587,3.612354481115316
2018-02-20,2.7743182378634086,2.7386269126141367,2.776516309822506,2.720724808358564,3.5962937290505033
2018-02-21,2.7786399853009476,2.7390481624752177,2.7761419256301965,2.7236125450694444,3.6054137110124738
2018-02-22,2.8197251797492084,2.782814154710712,2.8174263447891432,2.7598700804252827,3.6683542792079074
2018-02-23,2.83354439424026,2.8009415590743045,2.8430645098507923,2.78597330836191,3.7001182557568706
2018-02-26,2.7934780465125453,2.759311561652459,2.8126180131783554,2.757965248266138,3.655411465848149
2018-02-27,2.7716195327130473,2.7420575706662995,2.7788583874501227,2.7263428477717895,3.6312119169547157
2018-02-28,2.76295437216057,2.724367084941032,2.741731481533208,2.690195855740707,3.583870201797937
2018-03-01,2.782954296818584,2.7335707797396047,2.7549602462088822,2.7047048666885942,3.6199536807536665
2018-03-02,2.824732282732941,2.763718064144259,2.7801577487901223,2.7331033765890447,3.6626192761694956
2018-03-05,2.8319182663107147,2.771973763326936,2.7944927923480294,2.7597433474529964,3.699155788437931
2018-03-06,2.8263699287896262,2.76634325694584,2.7900984797719457,2.769161377749359,3.7128157732907208
2018-03-07,2.837940749877339,2.775731550086574,2.795566037727144,2.7762042947208765,3.7332886322672745
2018-03-08,2.860006449433103,2.8115864128421144,2.850712180921755,2.829849738408659,3.800410793868401
2018-03-09,2.867187187922819,2.8113807210223842,2.8391664983924114,2.820833780621281,3.8002888273207605
2018-03-12,2.8641600130172913,2.8005981869120484,2.826848949839585,2.8086849044332847,3.7746119738614707
2018-03-13,2.847578211873169,2.785730091559255,2.811498895139625,2.795143014831233,3.7696721153959025
2018-03-14,2.8344494479156714,2.7830456847062037,2.808030159381326,2.7954304763141478,3.762694948958904
2018-03-15,2.8560770911967706,2.7958458079275963,2.8210871709852645,2.8032498308799503,3.7679776318590754
2018-03-16,2.8198600577994215,2.76652510932305,2.7906913825048236,2.774761385311365,3.72673933114434
2018-03-19,2.8048067477341942,2.7621853154638436,2.795769783132681,2.7892679872366233,3.7669543776515177
2018-03-20,2.8039206085075286,2.7608914874599613,2.7983826485844308,2.787220968555139,3.7619495123952738
2018-03-21,2.7661045333144836,2.707912149660481,2.7310010181289135,2.7130632593495525,3.652788054102496
2018-03-22,2.7245573863256185,2.6555295986080503,2.6761400843846794,2.654112659664138,3.5792356187993777
2018-03-23,2.7624051604941755,2.7053320646052734,2.7451153896032032,2.7216950184912005,3.6888153215831574
2018-03-26,2.7614932060109565,2.687801493947733,2.706817867957958,2.672986940141428,3.5941530282390812
2018-03-27,2.7775075166047696,2.6852509634225825,2.6987954838525874,2.6599896155925955,3.5516135937136633
2018-03-28,2.7977249651861262,2.7174732171795632,2.7326762314453834,2.7021323017671834,3.6154737859646704
2018-03-29,2.7396731068761087,2.663983697541637,2.671056779287217,2.6435606932737294,3.53065219121658
2018-04-02,2.773245053402194,2.69653599874434,2.704937219467403,2.6751171329862773,3.568978206792245
2018-04-03,2.8052890061643967,2.7227962441808398,2.7345912184432346,2.698394188924571,3.6119128863362646
2018-04-04,2.8192326297239183,2.7397390838439377,2.748317791969993,2.7155868131190486,3.638160226744547
2018-04-05,2.7738320087376094,2.6915763537021897,2.6848218386950813,2.6464756703380328,3.5541218064018985
2018-04-06,2.7693156282695486,2.694321886487582,2.6877940205727753,2.6603790875005062,3.5667114420857855
2018-04-09,2.797124479679372,2.727041943856446,2.7240744266691683,2.7094750081534036,3.6408582428021026
2018-04-10,2.791601026620075,2.7163106279406093,2.7078183652908225,2.692175228076452,3.628470969621843
2018-04-11,2.780467173548825,2.7260399879083086,2.7271746830006207,2.71933597839286,3.6731106293122475
2018-04-12,2.7853566836482373,2.7265658588773327,2.7198869383098394,2.7023292166382458,3.6464516169638563
2018-04-13,2.816721106570771,2.7534105929631028,2.7429921407180786,2.7320398904026826,3.674486896723338
2018-04-16,2.837367144202969,2.766257125518952,2.7645946151870384,2.761822879938206,3.7452078400616613
2018-04-17,2.8332003354791504,2.7752204034393033,2.7773558481426175,2.7722581571401617,3.762370099272578
2018-04-18,2.8057331854831835,2.755618855288833,2.763183502051717,2.761030542155499,3.7322485389168665
2018-04-19,2.776922116641941,2.7394451348471223,2.7458155708404473,2.7446511394599193,3.7049773303453333
2018-04-20,2.7867150532662133,2.738711653556626,2.741898275766453,2.749046678840753,3.6865143364873916
2018-04-23,2.777512307021902,2.7220643565401277,2.7097184626914905,2.7124018205098888,3.617958569283843
2018-04-24,2.7914784475902374,2.727441275786786,2.7179602576351516,2.712881922472474,3.6000581375117555
2018-04-25,2.8269691376681645,2.7353588110759026,2.732614119624903,2.726533351037464,3.6496016974081975
2018-04-26,2.845411344624379,2.7438940338609292,2.736990650665037,2.7240118692446122,3.6364064672608105
2018-04-27,2.8145296197996617,2.7191880839715314,2.714070158308851,2.6973956156681114,3.605504734482971
2018-04-30,2.8182316191222148,2.719552076914762,2.7234298522459275,2.7028650195605346,3.6102742430838655
2018-05-01,2.793633846301978,2.7014387468813537,2.7041056645274644,2.6818790516011197,3.5993373061100264
2018-05-02,2.7718890102470586,2.6932556359807895,2.6997894605822768,2.6803118167795774,3.618318470381593
2018-05-03,2.816600564582165,2.7272679421796773,2.727162256332423,2.715627420590306,3.650253594944015
2018-05-04,2.8229622922076123,2.724113398842731,2.730981461953203,2.7284397759939627,3.6820682078047544
2018-05-07,2.8088635723806785,2.7077119045281703,2.7374416930968377,2.740136777221637,3.7011747919287616
2018-05-08,2.8219978772899683,2.7202666012353145,2.7589331606266927,2.7631867306567934,3.7558581955587207
2018-05-09,2.8455841678334495,2.743904636929811,2.777083466789876,2.7842211878149383,3.7955073786468203
2018-05-10,2.841079770890652,2.7510423685141143,2.7773048041853667,2.7989513386226705,3.8037674763891367
2018-05-11,2.845114582886808,2.7538192357233706,2.775997088648475,2.797215546464231,3.7977452678150208
2018-05-14,2.82841229833611,2.739239192848382,2.7619570221508565,2.779266134192363,3.7753075150557094
2018-05-15,2.843989433087365,2.745682281568802,2.7717696665349796,2.793171858518159,3.7943914449193925
2018-05-16,2.840362399164566,2.741460958408844,2.7804060587821042,2.7946919895047495,3.8091054428846873
2018-05-17,2.8310315440725313,2.7379129474101616,2.7836299412940386,2.7941938056936944,3.8147310529682854
2018-05-18,2.848280538454223,2.7517512146551666,2.807842092377022,2.8128489526918745,3.853007451556871
2018-05-21,2.838920464794896,2.7472942244149348,2.7979127903467598,2.7985180169088713,3.8285625553305436
2018-05-22,2.842518949294192,2.75780785556078,2.8012873175242374,2.7959777234474443,3.8514483089235068
2018-05-23,2.832286732930401,2.7577494897524066,2.8035177319759392,2.7952309107937032,3.8672349852888273
2018-05-24,2.8393264947736427,2.761411578399242,2.7959124055222824,2.7841188451399663,3.8556952981022294
2018-05-25,2.8224263150244915,2.731669522743146,2.765245181250301,2.7441023303271352,3.838342559303894
2018-05-29,2.85202094164004,2.7671476602024523,2.79728417518691,2.7837802680058146,3.888599108485256
2018-05-30,2.8251210118338252,2.746522368975769,2.7772537720237307,2.750825355737012,3.8626005692373684
2018-05-31,2.836207656444081,2.7654472614906283,2.8068353821589436,2.781377747740027,3.910662312875217
2018-06-01,2.844875381665126,2.7726748192344868,2.8215715305431073,2.795834271865663,3.930573164135907
2018-06-04,2.846706155737148,2.7680856074317313,2.8284288529225434,2.8058112955619405,3.946541001333943
2018-06-05,2.8665999162552285,2.785733659116729,2.8451412409049657,2.83182895393948,3.976012566248208
2018-06-06,2.876306390023173,2.78748529097254,2.849000184261909,2.823588250715988,3.947508179169039
2018-06-07,2.8928992892392085,2.79592060888433,2.8586652687549727,2.8391101823618916,3.972182314572747
2018-06-08,2.9099226071521023,2.7978666565001724,2.8611248178143502,2.8413120183658602,3.9701035511822726
2018-06-11,2.917323078202944,2.8051987857048175,2.867064437875884,2.8518926593942884,3.992703677163876
2018-06-12,2.9049964472901726,2.7878190262480533,2.8461548261249963,2.840396970932151,3.9850426503633423
2018-06-13,2.9216433940156947,2.799346214196488,2.848515622243436,2.8386794511767737,4.001600807813078
2018-06-14,2.9304589460190504,2.804997267919052,2.8479851469992874,2.8400448598668318,3.987420880291923
2018-06-15,2.915371713978728,2.7946742297374922,2.8452396372015696,2.838090958984833,4.007588586310083
2018-06-18,2.9250099646751218,2.781976105550339,2.8269707179563066,2.8186197172859284,3.976010011954981
2018-06-19,2.939887102883319,2.7814871473663807,2.828217815954922,2.8194052135419527,3.9905156123745544
2018-06-20,2.931105157345647,2.7711694333160812,2.814141145061397,2.8018754305495994,3.949892333680825
2018-06-21,2.9531722444211583,2.7843143771102374,2.818259536871559,2.800401472865005,3.93625268092106
2018-06-22,2.9500821470619125,2.7580264956059177,2.784202156844273,2.758024579546986,3.8405080489262793
2018-06-25,2.9488103521790245,2.7619119541815293,2.7854116189247895,2.759406005254566,3.8634109109197414
2018-06-26,2.940599162754208,2.7410544860747086,2.7548935371484458,2.7263465383471814,3.8176895975355296
2018-06-27,2.949597938835739,2.7461760564520534,2.767444972728252,2.740305298334239,3.852764259575296
2018-06-28,2.947038592580782,2.7496641900456322,2.7764499927240176,2.7436865838700335,3.8610828705764364
2018-06-29,2.941662488103051,2.753160741504926,2.7797626881641455,2.7521865143903876,3.883735735333042
2018-07-02,2.947380235947363,2.754389581809526,2.773601546423439,2.7378951266391773,3.8561357038582256
2018-07-03,2.9808258094232003,2.7756160482193066,2.791397000806491,2.7629051157024085,3.8885583817413782
2018-07-05,3.0066387843353066,2.7920425196782177,2.812179537960738,2.781875266518449,3.92572377305761
2018-07-06,3.0050229211559407,2.809553627330543,2.846197245798344,2.8095186917121615,3.9638124447097343
2018-07-09,3.0150569396885425,2.8197732161931683,2.851261859378659,2.8156928736059275,3.941756711698281
2018-07-10,2.997074421052664,2.801693925426475,2.831718972314699,2.791889219923427,3.909122423996967
2018-07-11,3.007496995519359,2.812613046384596,2.8467986072283877,2.8190261822975518,3.960316518431261
2018-07-12,3.0112390257154305,2.8153467379797097,2.8504724454418837,2.822446146764678,3.959602961281846
2018-07-13,3.000345006429999,2.8074009294513167,2.8492954945963573,2.8120275820571257,3.950414229390865
2018-07-16,3.003820983562797,2.8104427146389446,2.867068197944863,2.830666546839402,3.978723307692958
2018-07-17,3.001182129184189,2.8198960088652503,2.8802934414209984,2.84265626874429,3.995472511559323
2018-07-18,3.005956469323775,2.8209289441418095,2.873255398299501,2.833327554110089,3.9915189321104254
2018-07-19,2.9876633729836857,2.8094195589379516,2.8672432146744313,2.827608455611162,3.9883561624880537
2018-07-20,2.988194491755829,2.799045285100845,2.8657324989536823,2.8306492664049583,3.9929776648380684
2018-07-23,2.9926987163852976,2.8008737757615436,2.871330036296324,2.8284697657957034,3.9580277739308682
2018-07-24,3.015032535861456,2.8228305222242294,2.8838367854824143,2.8562704447994056,4.012023594754479
2018-07-25,3.04060479197731,2.8316128526755864,2.9089499525786775,2.857671054602987,4.015253444243254
2018-07-26,3.026767975467421,2.825516321142953,2.899659764135705,2.8309670143253025,3.9438287309413997
2018-07-27,3.034188732080901,2.818749922391917,2.878867681623261,2.8026313150958497,3.872984103326373
2018-07-30,3.058887205524093,2.8417928189899007,2.9033956828683505,2.829990353054705,3.8961223322392695
2018-07-31,3.028759844045943,2.8233479758438964,2.898578555484034,2.8198623423920384,3.9010414163193228
2018-08-01,3.038786679811959,2.830367394880417,2.913395225377007,2.8316851193890775,3.980592602828301
2018-08-02,3.061837036246507,2.8484768429703817,2.9272061297262186,2.8400326157851286,3.971002768511234
2018-08-03,3.0660725205603176,2.8515705810878704,2.936001100054445,2.8583817170058716,3.999359946504419
2018-08-06,3.069522640736414,2.859617652295966,2.947710172664246,2.8726037470430112,4.034881864355127
2018-08-07,3.0494951096565615,2.8548456642465414,2.9425961507931095,2.870865801991716,4.033323856783453
2018-08-08,3.051868489970645,2.8439480451438963,2.934756190234087,2.866753112949677,4.033883614629982
2018-08-09,3.0251450310099095,2.821374279077748,2.9018869287038824,2.8504848890494885,4.042652488958046
2018-08-10,3.015958448348526,2.808259636714058,2.888498475799949,2.8377964043661525,4.019589427375844
2018-08-13,3.034212349972576,2.8242547333105614,2.91000827695592,2.8604393270364468,4.061383641575512
2018-08-14,3.031166151932762,2.8166600607322785,2.8910700498201063,2.837277593124027,3.9937322262574084
2018-08-15,3.0584228077646136,2.84209659062088,2.9151880580251532,2.8600872903997843,4.013174208883149
2018-08-16,3.0737438260064547,2.8579090710248134,2.9274340368933243,2.8743432824598396,4.0249528295529045
2018-08-17,3.08110648294507,2.8650380016483887,2.934663770039379,2.8874022249977713,4.055177265399607
2018-08-20,3.084437078457043,2.8729249516665196,2.9468994499577033,2.8960890969498814,4.081282304353027
2018-08-21,3.0596757270027473,2.8625861575947744,2.936455355850799,2.9035195452020957,4.1055659330106
2018-08-22,3.0512305780653652,2.8529315485895412,2.9224845957106473,2.900762774518105,4.128563312939084
2018-08-23,3.065105418066567,2.870043877899396,2.932945808739334,2.9247004074356107,4.171719797997368
2018-08-24,3.081285610759924,2.887103100102979,2.9555844515119385,2.9434152405981346,4.196292909281712
2018-08-27,3.0886700845103134,2.8832012362399277,2.9563933915219804,2.944596367177012,4.203971050089139
2018-08-28,3.100310693567993,2.8921475273288233,2.964484062351591,2.95977531091743,4.229729266414406
2018-08-29,3.0806258313813286,2.880333246081362,2.944247392880083,2.9416393354744743,4.212552349201003
2018-08-30,3.0779132098734983,2.877013053912125,2.946049922325177,2.9522575404582323,4.236359388990523
2018-08-31,3.062738220420834,2.8684190876181255,2.937460670184591,2.958166582716386,4.258117977568987
2018-09-04,3.076753305402081,2.8809673524329806,2.9431330912985065,2.9523293653225076,4.199092520690567
2018-09-05,3.072090158953222,2.8766258302051444,2.932774503872201,2.947323818280798,4.1935176956490325
2018-09-06,3.06164373980857,2.863814166822994,2.9221113643750987,2.938557097052602,4.191667049031491
2018-09-07,3.0706733723552437,2.879488440293922,2.9321446682982817,2.9456921931654665,4.226589388211955
2018-09-10,3.059582151207186,2.876454250849423,2.9352574284720183,2.9547842909097817,4.2458254163060225
2018-09-11,3.077641342412334,2.881758073694954,2.934348278451916,2.951807253272208,4.249661109488316
2018-09-12,3.094857270126724,2.894683746295911,2.9528706228656776,2.9684353007295003,4.2518168006772745
2018-09-13,3.100194792613874,2.8932511456105146,2.9579070402184557,2.9742033429628716,4.25657834854149
2018-09-14,3.1025656165019364,2.892811058582766,2.948922744417173,2.9510133414280904,4.199462960339609
2018-09-17,3.111118469391157,2.899875530144301,2.9574658062294543,2.967879214244328,4.233894635318589
2018-09-18,3.1214537488652834,2.90039784125371,2.957155950387303,2.9668193458439713,4.190682668229403
2018-09-19,3.14455604509397,2.918216999402365,2.9824986390127637,2.983157595535922,4.212355808324473
2018-09-20,3.1453558305447937,2.9212954427267355,2.9853176847007044,2.9852935400974783,4.205618134376805
2018-09-21,3.104032269637169,2.8896696949832577,2.965399761191934,2.9780281326894706,4.216004013109474
2018-09-24,3.0774443618170415,2.8779328257949843,2.953728147769451,2.9769294792797436,4.247297483981753
2018-09-25,3.0580612781990153,2.8571482355974283,2.939743076498118,2.9621126773730735,4.241501258123768
2018-09-26,3.058307981415908,2.859603027344525,2.9378743071841735,2.9617626887608433,4.253139319794416
2018-09-27,3.055806150475374,2.865671462263915,2.9450095738232456,2.965524534724553,4.264846469825076
2018-09-28,3.058859753697718,2.8629283501966656,2.945544999074598,2.9714575509078553,4.248448651132057
2018-10-01,3.0689676168731994,2.866962626914593,2.9459266505893846,2.9668634502462177,4.193241342494738
2018-10-02,3.061714208736888,2.858082186901652,2.9463630427735144,2.9668132780085394,4.2092373389574815
2018-10-03,3.0365353441819822,2.846805832318947,2.9323942793883395,2.935107298160275,4.131345848484038
2018-10-04,3.021175438823408,2.8400508514194556,2.915952003648441,2.922217943627904,4.104725354278727
2018-10-05,3.0409492213822094,2.852665676915109,2.9241155791634634,2.907601507254475,4.058665246788329
2018-10-08,3.0178715767859803,2.8360040328970317,2.9148789015655523,2.8952433384047924,4.046008933036006
2018-10-09,2.951410332691121,2.769402271485802,2.836501654816047,2.802116118203604,3.8683567783561594
2018-10-10,2.887907512187146,2.7049882320060084,2.779151782030144,2.7397935166424006,3.8090998280632973
2018-10-11,2.8985909101966656,2.712225385040448,2.796873589396719,2.7747269245204045,3.9016872404216314
2018-10-12,2.909327056761636,2.7140245120579856,2.7943750208911178,2.7677313887570643,3.8745348723458624
2018-10-15,2.9589637236929245,2.763204998575867,2.8486863130289275,2.829997978180511,3.991396773897973
2018-10-16,2.955241874941437,2.763241605900519,2.8427708958090623,2.8215286935972945,3.975394570906142
2018-10-17,2.913565734443729,2.733501304547884,2.808108749739883,2.7775839377906393,3.9170821528707487
2018-10-18,2.9167490270984637,2.7375881535536775,2.807528728568968,2.765499938149208,3.8591933014600026
2018-10-19,2.8782929177192336,2.7106329245014886,2.7836243640747806,2.7670634557102933,3.886988098355915
2018-10-22,2.87832195126532,2.69492206075815,2.764646476117085,2.736631981748363,3.8461097455939277
2018-10-23,2.821291834234351,2.636231566093951,2.676424268986097,2.655193835212704,3.696658702856608
2018-10-24,2.8476210119023095,2.67512415692999,2.7137236270374627,2.6909503799834025,3.7556855230489696
2018-10-25,2.7886787706331884,2.6422453220709725,2.68690530951549,2.652035263524928,3.693876804091933
2018-10-26,2.7880319547372645,2.6463061665426153,2.683007821742358,2.6345727206764873,3.661663015456374
2018-10-29,2.8581693994091237,2.6883804997867706,2.733761121856113,2.6853368222992615,3.7364317962568148
2018-10-30,2.881185536540322,2.6889408641680816,2.7514825044321434,2.726700483667744,3.809609197414717
2018-10-31,2.9549610295740814,2.7255351037460964,2.7927072601490233,2.7572125771002067,3.8635856407717286
2018-11-01,2.9473630893215526,2.7054003525413908,2.784118912384728,2.7537626666726283,3.8491483381521707
2018-11-02,2.961270228404165,2.7306555252679416,2.80524349071821,2.764076541922755,3.8575785885274634
2018-11-05,2.987815487520272,2.752584725142353,2.8291943175988084,2.7825342686463572,3.87696303047379
2018-11-06,3.0180914664133174,2.793841631590873,2.8811890444450503,2.843200908515814,3.976508276901971
2018-11-07,2.9962848477747404,2.794322963256774,2.874813051298582,2.8354155312230467,3.967620652106301
2018-11-08,2.9485949026285745,2.7841379794423355,2.858335500143832,2.8165643115677272,3.9237859050179535
2018-11-09,2.8848849553589324,2.7477480937559777,2.810143658825618,2.7627838927180144,3.8369897026808077
2018-11-12,2.9055559431750266,2.7441907478234056,2.8130630443217512,2.758875961652141,3.8268972944246884
2018-11-13,2.9015087521357823,2.7229372194107593,2.7950817083655592,2.7401784863551173,3.78923179277843
2018-11-14,2.9255010722089647,2.7309744036504178,2.8274318870372275,2.776640212733913,3.8281375554398345
2018-11-15,2.9448476817638034,2.751435507747039,2.833997813133917,2.78245883582664,3.8303414509321123
2018-11-16,2.910081827129674,2.727362660209066,2.8002867317788676,2.7368099999209115,3.698722798816298
2018-11-19,2.876852735143672,2.6946417935512206,2.7595508489828595,2.6893606839103983,3.6206040950693237
2018-11-20,2.900998259478231,2.7002269263889893,2.772997005370269,2.7084420453790723,3.657619302216191
2018-11-21,2.898537849950835,2.6878509308567486,2.767255754940012,2.6992386096878636,3.64961799368879
2018-11-23,2.9471036324259754,2.726368596622834,2.7964750531015277,2.7325634292406473,3.7099240221811653
2018-11-26,2.9345997916010242,2.7244741335471274,2.7975551519942963,2.7307679451401805,3.7178885369240633
2018-11-27,2.988912412079545,2.7645958763437934,2.840402401669125,2.785370926368772,3.838989745177589
2018-11-28,2.967475832564723,2.7583337578821254,2.831039222982566,2.778260175963664,3.8462825346919782
2018-11-29,2.9909356794577335,2.7746523338774702,2.850633962720127,2.795787035594676,3.860334859624984
2018-11-30,3.0319842511378683,2.80601817779293,2.871832868317444,2.8234943930572625,3.9213583982346067
2018-12-03,2.9100798846626046,2.720844731592288,2.791358219766923,2.74348479931575,3.781181187623063
2018-12-04,2.902162304438901,2.713177463004863,2.786553613488306,2.737435895853069,3.796848532334548
2018-12-06,2.843231061707791,2.6635075595907547,2.74010653970597,2.67303110965811,3.6677769053997893
2018-12-07,2.831131532895044,2.650940910869224,2.7375682806463972,2.674360588592156,3.6977634708993676
2018-12-10,2.8217418609215486,2.6429432460790463,2.7332034763711657,2.675108417296008,3.6980005965160894
2018-12-11,2.845478924935911,2.6500495074503583,2.7443220471737697,2.6889481364373466,3.7464013035271257
2018-12-12,2.835152659846914,2.634524461377866,2.740621577059404,2.6885573840639103,3.725056379181576
2018-12-13,2.7972699379680166,2.6034328110540894,2.7056020433981782,2.6457880801409237,3.651141971869643
2018-12-14,2.7517348919773186,2.5606924878443826,2.645388935635474,2.5814978654918335,3.5450532356946662
2018-12-17,2.747549086214155,2.552267271616427,2.6427231923557177,2.5822863093705446,3.561310160169235
2018-12-18,2.705482142053428,2.5069621674380356,2.609357762092425,2.5484736452311405,3.5135013841537095
2018-12-19,2.668044835698007,2.477087656419917,2.5746663263694916,2.5111665523468636,3.439004356736738
2018-12-20,2.6065301986615363,2.4390592849318913,2.5387615514116666,2.4790712024624018,3.36040278412454
2018-12-21,2.545431328815657,2.3782267725757555,2.4721261497888576,2.4018834245798986,3.269067898647033
2018-12-24,2.664331865035705,2.481508853724296,2.5827884083029624,2.4943240488602973,3.4423363635677204
2018-12-26,2.689784715545894,2.501498716604714,2.604833622135991,2.5175339939165404,3.477694521338109
2018-12-27,2.6833755078420496,2.4975479207111593,2.5983687022936897,2.5150624098154095,3.4809715136767685
2018-12-28,2.7012738714575235,2.5167614942641063,2.6182087566776806,2.5387285351741924,3.5276978695856718
2018-12-31,2.736234128417848,2.5277097471465146,2.6009730856299025,2.5121680923480265,3.492367926978067
2019-01-02,2.683102898180489,2.4741101834818315,2.549248632048779,2.4708029306866206,3.3949366478556446
2019-01-03,2.7884794042961443,2.561251672097104,2.626063666649714,2.531684272015986,3.519346807774328
2019-01-04,2.8202890128938574,2.5815109322164638,2.645689619249455,2.5401626043130583,3.577659689223179
2019-01-07,2.8415287547924906,2.604309756252578,2.678850400990395,2.57305000424649,3.6274964819391076
2019-01-08,2.8761476916883177,2.6249394891979048,2.6852034137225,2.5790648111980397,3.6507507322054398
2019-01-09,2.8919621951517662,2.641436066380125,2.702520498781042,2.6078783573191595,3.6681822293492665
2019-01-10,2.9023733150673503,2.646774672797591,2.7034997575686486,2.6086795015094815,3.6701201364731455
2019-01-11,2.8755069990425968,2.638887464738937,2.688239603735157,2.591559066088014,3.644591889674834
2019-01-14,2.8797664402199614,2.6397823353440772,2.7091434249908417,2.6164640161811548,3.705877175576431
2019-01-15,2.895301962334592,2.647404453174608,2.7095203627672926,2.6228898968551944,3.7097774869438194
2019-01-16,2.92042500751385,2.676975029797246,2.7323471459417767,2.6376616123370793,3.7426213027236632
2019-01-17,2.977035182050967,2.724099968371421,2.7761196270536006,2.666256469910149,3.778186557798794
2019-01-18,2.9166238969062337,2.684977720078566,2.7361621229858555,2.6458830196725622,3.7430101445156643
2019-01-22,2.9038190907441854,2.6847347081785764,2.739407837923812,2.6544816518745415,3.758834142570759
2019-01-23,2.9441598040724535,2.6987229563002435,2.7748105556010874,2.657923826383374,3.762530194799333
2019-01-24,3.0032532207005262,2.728635279391704,2.804884708234116,2.6693655861211045,3.776089328878767
2019-01-25,2.985585017218986,2.7217944002784997,2.7927927033483138,2.6596965662218586,3.751481606583999
2019-01-28,2.983876647076585,2.74345598443838,2.8066857087415595,2.660174955876812,3.742031110500989
2019-01-29,3.0171450216202236,2.7660726913662694,2.848244756164496,2.689734259254018,3.7975510124668026
2019-01-30,3.036019699912695,2.791095179836586,2.8673456249568274,2.713138903207543,3.8486032369729117
2019-01-31,3.0500403808299534,2.8033423552284864,2.877639484292456,2.7181836792715415,3.857251516264131
2019-02-01,3.068831612393985,2.8183622173219094,2.8971567470445416,2.733449330671517,3.8869642899444155
2019-02-04,3.0772649928846665,2.8291835419650946,2.9214463122895626,2.745335072835642,3.897265896379183
2019-02-05,3.0898927734780766,2.821490852148841,2.9144856263458876,2.741515501084279,3.8916034761671474
2019-02-06,3.0501553773030077,2.8005375823227188,2.896322857957563,2.738756450723734,3.8831031335176025
2019-02-07,3.0380981466624637,2.7964239812681586,2.9042642540947132,2.7420305216007947,3.91542388987809
2019-02-08,3.049836475462611,2.8021226999578293,2.910993705464111,2.747048019928653,3.9347704166629405
2019-02-11,3.100607943445119,2.838005108542473,2.940958193137779,2.7676927508644047,3.98405329661202
2019-02-12,3.114210279229443,2.8577446812179454,2.9568471369553406,2.773359399139561,3.9905501606385925
2019-02-13,3.10482609764928,2.846755853070665,2.946058438579416,2.766063959262549,4.008841463083002
2019-02-14,3.146275872563023,2.893510707106956,2.9778098296862106,2.7915285891846016,4.042346494748051
2019-02-15,3.1715040608689735,2.9025276933969995,2.9799154492773128,2.791288919811581,4.051844167310094
2019-02-19,3.1940873531073675,2.9141931984576357,2.993559911614183,2.7928685775583557,4.047481541967134
2019-02-20,3.175590542695401,2.8979497829431438,2.9847179069072065,2.7948787412597436,4.044649171404787
2019-02-21,3.191482492536992,2.9132288578486674,3.0011553156978255,2.809374249038532,4.101163408606652
2019-02-22,3.198522327677369,2.921027434558163,3.001307291555209,2.806546812498186,4.090500292570582
2019-02-25,3.1833287467894245,2.9086511631056085,2.9932743836457845,2.800490601503186,4.09146618879698
2019-02-26,3.174913569041531,2.906456366353795,2.9948811405273483,2.810386258134508,4.088193965511984
2019-02-27,3.1574965032751465,2.902332654477574,2.981260559896678,2.8143145437442647,4.088150829295364
2019-02-28,3.178393894339025,2.9143114161592547,2.9983545790308668,2.8347608425360145,4.105380765249986
2019-03-01,3.1657661866561364,2.9046304764410436,2.9886834238742854,2.8187232713356662,4.06769529321021
2019-03-04,3.1444871554891654,2.8924021069487216,2.981652375345547,2.814602807649635,4.0699571476231595
2019-03-05,3.107638274746603,2.8688751231158642,2.9588905482593293,2.7988152059600666,4.041239604942539
2019-03-06,3.0736425478661653,2.85131704466589,2.93151639068075,2.7846704327374305,4.022532945646141
2019-03-07,3.0666694338018288,2.841767686661707,2.921635810624907,2.779067534599188,4.016304729820265
2019-03-08,3.1184459609572657,2.8830336116203035,2.962927646123711,2.8170599354933326,4.0677205419420215
2019-03-11,3.130028101618913,2.8868388399079383,2.969309360960461,2.8233139662307813,4.08556679038535
2019-03-12,3.1551576675587665,2.907491557661499,2.9889151339155315,2.8365785133770616,4.108181021027463
2019-03-13,3.146099402206874,2.9017763465047257,2.9854577590632054,2.835272441407292,4.107336830320118
2019-03-14,3.162890641521138,2.910165878212376,3.001648418919196,2.8447958841405327,4.12057060141497
2019-03-15,3.183112090101213,2.929629680121763,3.011445072795641,2.8474444204550236,4.125864524758598
2019-03-18,3.1721816986416203,2.9220383161583183,3.006158557916214,2.8424890235734894,4.1347752215462865
2019-03-19,3.1379821616539156,2.899091706416957,2.9940832339862578,2.8318140997093235,4.128191210670994
2019-03-20,3.1823093993695655,2.932769373700949,3.036206471160796,2.8594073682685193,4.193051331698196
2019-03-21,3.0971410156767014,2.8610728876078526,2.9830604388911266,2.8275445473737775,4.109349059318803
2019-03-22,3.083096849463891,2.8572732632668267,2.985123243896248,2.832610867889234,4.122262790641567
2019-03-25,3.102196707993294,2.8848530164010446,3.0091299905626516,2.853676802239782,4.145408650607033
2019-03-26,3.0883845925094664,2.8805177738749617,2.999575352082556,2.8386337285236785,4.120942235840395
2019-03-27,3.1030856570012655,2.8966388751825782,3.0139803348816945,2.843616866075176,4.151602816763667
2019-03-28,3.128147563897085,2.9155499281346207,3.0343562060770775,2.8626333709678335,4.183999086119241
2019-03-29,3.1899719009031338,2.9691427983924084,3.059749347375284,2.8801400753782347,4.22058578632296
2019-04-01,3.186809061998856,2.96210210770658,3.0611671420828213,2.878040350876665,4.224670494702294
2019-04-02,3.2027048419188504,2.9753352945747524,3.069944025545897,2.8837355291171476,4.237264830662652
2019-04-03,3.231094605305626,2.9947205058363795,3.0691047095663837,2.880691805192534,4.210403678828762
2019-04-04,3.256923847173079,3.0160804895623516,3.0886192517873376,2.8984979398823616,4.230527189226742
2019-04-05,3.265977131493168,3.021896304081529,3.0884936746509024,2.8961449852444567,4.227270647064243
2019-04-08,3.2206648924308214,2.989359756640208,3.069049466460893,2.8859428611735813,4.215478122326752
2019-04-09,3.2433686098356604,3.003630288023867,3.077198777689517,2.8981769281399017,4.253315239235631
2019-04-10,3.248498149104766,3.015625618012826,3.0828708007209027,2.9069003487998613,4.2543052787630415
2019-04-11,3.2944979162855814,3.0471933339478077,3.100504539136184,2.91933187251275,4.2650606841168965
2019-04-12,3.2800981028887417,3.037179642646506,3.100557253618363,2.918251419616792,4.265159818267249
2019-04-15,3.2975229879731502,3.0612141655666503,3.098714545261348,2.901643520729762,4.222957078070906
2019-04-16,3.281977918939023,3.0503053078668785,3.0874573214335546,2.8831938428495456,4.165380884264853
2019-04-17,3.2857314543595546,3.055864396864107,3.1031427863355194,2.886890439294119,4.181819006497411
2019-04-18,3.276328749797595,3.051737975165972,3.0978932659591205,2.8793293961031097,4.191048837606322
2019-04-22,3.2995879545065727,3.076142567353353,3.135491353084653,2.8989492962463914,4.238921513769794
2019-04-23,3.2917084859403634,3.078830497568454,3.139530818422953,2.904962838466011,4.24847730655314
2019-04-24,3.266099559671251,3.0460666739667865,3.1252067792801674,2.9074744599521773,4.247945756027138
2019-04-25,3.290921760968875,3.059149123962899,3.1412540097749977,2.922220702281532,4.2716919706262635
2019-04-26,3.310250463895891,3.0658355327972022,3.1359283618818647,2.915583978984793,4.265986985020609
2019-04-29,3.312488745769476,3.0811895329393346,3.1479142911327913,2.935143656772701,4.2894554797923
2019-04-30,3.2795338603322373,3.0591075666967376,3.1253536571264284,2.9076473015641575,4.236965883848842
2019-05-01,3.2697624196384476,3.0641717799708337,3.127842449167866,2.9140780626159772,4.258543849933728
2019-05-02,3.311259604918594,3.0955476936873083,3.1635752677416615,2.931337988053256,4.295004354180581
2019-05-03,3.2911868844834222,3.0809729875518586,3.1501253870479347,2.9158857303232533,4.289368942039346
2019-05-06,3.2284953432938224,3.0366583518942676,3.1083367469725514,2.869518319968596,4.2097985623711125
2019-05-07,3.2186626045166116,3.0255320067519746,3.09626496424857,2.864005130057654,4.218927178549737
2019-05-08,3.208808617605244,3.0176868870596345,3.0880249852946453,2.860755460415432,4.216031001610545
2019-05-09,3.213128963446043,3.024864486219446,3.1038356485564482,2.8850857939651076,4.230424626794553
2019-05-10,3.106817848067043,2.9443874155710152,3.041075702915415,2.8393391468126987,4.123753644065726
2019-05-13,3.147413424800229,2.977864384631129,3.0617055866673715,2.854900236039816,4.173897986000011
2019-05-14,3.1513542775782164,2.989704773379055,3.077927637318263,2.8619390421565383,4.197329483182919
2019-05-15,3.1614939308398324,2.9990321522237333,3.103278425100955,2.888750296582427,4.24530408219807
2019-05-16,3.125410747461574,2.96810980340246,3.084244496315389,2.879893627563998,4.213901879659583
2019-05-17,3.1085582763680772,2.9554808490719515,3.060473781258207,2.8644329535320185,4.178875344825296
2019-05-20,3.152418328718254,2.9934811676551636,3.093156538359918,2.888576842491465,4.220843391742171
2019-05-21,3.1178756804363434,2.9730592966603977,3.0902921549810856,2.893205615916086,4.211871305201467
2019-05-22,3.0559614262223382,2.928200135993627,3.065986953123312,2.87335652563698,4.158115118932901
2019-05-23,3.0616988090597554,2.935694579448759,3.0736652258077135,2.8726161070448555,4.16417944980195
2019-05-24,3.021462614384361,2.898597523856186,3.0506733970180218,2.842054225523973,4.149178331030577
2019-05-28,3.004737483569311,2.890960039763428,3.026681994643629,2.820344366124833,4.106667469801011
2019-05-29,2.9870883453431163,2.8909402266428863,3.036966398949553,2.830715074011303,4.151750860852536
2019-05-30,2.937335124034109,2.8490597054516273,3.006355474760353,2.817544168813085,4.1233350054318825
2019-05-31,2.970537498239884,2.8707884559693464,3.0150167340217857,2.8299022580968027,4.109690091514988
2019-06-03,3.059138526800075,2.9447463577390414,3.069743405339724,2.8757709839861487,4.191892095530286
2019-06-04,3.049333370046332,2.9572142466321933,3.0992361646017463,2.9189891771133656,4.249518907900522
2019-06-05,3.05975498283463,2.964801002387759,3.1125253684247722,2.9349128975104746,4.294854057043806
2019-06-06,3.0721768094759088,2.98803364988829,3.1360884838915855,2.9577746785208503,4.335075827201555
2019-06-07,3.103361871342758,3.009705902749302,3.1442477791973023,2.9621960044886704,4.346564218966663
2019-06-10,3.107469561445464,3.007802728159637,3.136953183975099,2.952256490798906,4.3399235541731
2019-06-11,3.0747307533901527,3.0003984232770518,3.134341096266656,2.9604665569403013,4.36458787425603
2019-06-12,3.1143266918298145,3.024780468918838,3.148557164251378,2.9683557501152893,4.3656075741314115
2019-06-13,3.0852171610650716,3.011462113726237,3.1408558516327356,2.9680614389657616,4.36669212270676
2019-06-14,3.0888695297242172,3.010241033417977,3.136482860995668,2.9618139912644,4.363933415225909
2019-06-17,3.1488510874672193,3.0468658513760545,3.164731314234564,2.9789040897774846,4.390442138689905
2019-06-18,3.154984229611451,3.0553469620004097,3.183089270429196,2.998904965479319,4.4263117722087975
2019-06-19,3.2002177730454537,3.08854054736678,3.208173346504905,3.0235711861078673,4.458019353928932
2019-06-20,3.195181133552272,3.0836508877681834,3.189466957300437,3.0121136988813544,4.431422100665382
2019-06-21,3.174936647263143,3.0644091552396366,3.1823133155355277,3.012242095084662,4.417161710446503
2019-06-24,3.151404764943932,3.0340094881340396,3.1594803070114015,2.9943894680918377,4.378806543392093
2019-06-25,3.1880990318382505,3.037839351939927,3.138192142510854,2.962147116338183,4.340410692400494
2019-06-26,3.2122351092400776,3.063074968182731,3.162865785019595,2.9769498301588015,4.3702243149040045
2019-06-27,3.2514603325602334,3.0944467700017926,3.1814086007295987,2.999474004902013,4.398915440841085
2019-06-28,3.281261776807964,3.1159529086893962,3.205696617196687,3.016950214022657,4.437879689220312
2019-07-01,3.247248710710177,3.118095776546015,3.2110484180573198,3.033895587746175,4.4666355962429
2019-07-02,3.2720313099317186,3.144451348952143,3.2408991547931527,3.0588547641643005,4.512004517700193
2019-07-03,3.2699904983046015,3.1416213639774386,3.2326760354413593,3.0530856272541613,4.504240329446524
2019-07-05,3.23727417723041,3.1190604626090614,3.2197325632323417,3.041687902932787,4.4872286122573195
2019-07-08,3.2356889339122237,3.1219283235076287,3.2192745242872483,3.0444471456525815,4.501049672154178
2019-07-09,3.243211734862404,3.1214775812057813,3.2245824631662066,3.052242430007572,4.513614812167691
2019-07-10,3.2479405701772195,3.1373551134703677,3.2258563064025494,3.055518099287945,4.512549323099597
2019-07-11,3.2817306450335506,3.1709479673001573,3.2492436146917334,3.066415997701159,4.528732748440162
2019-07-12,3.2638578825062683,3.1692672609109516,3.2528828701600023,3.0682170005996676,4.53283699385295
2019-07-15,3.2582881316258354,3.1643674580718084,3.2467477250500183,3.0623312682155435,4.515366275848493
2019-07-16,3.2189984188963714,3.1355556517309844,3.227784005332967,3.0453635752594077,4.5014945652743465
2019-07-17,3.2289415152491867,3.141189352668931,3.239362476662021,3.0592066027805624,4.523034932631463
2019-07-18,3.2413225413662063,3.1293845936127758,3.217490540130788,3.029170310565408,4.473198084978099
2019-07-19,3.2518266106017126,3.1317814542176197,3.2146067769715723,3.0337584307422247,4.47849040388011
2019-07-22,3.3018804116872333,3.1624965607450126,3.2380019006532477,3.051523705625413,4.49281136725061
2019-07-23,3.34432446883723,3.1911398659197308,3.2545801008360056,3.0641805708635004,4.51640377414495
2019-07-24,3.2941912389521435,3.1671562336306125,3.241842336305302,3.0589635758981384,4.508039130464262
2019-07-25,3.3208274098784365,3.1866406367633604,3.2489382525206163,3.0773796496987886,4.533255868983902
2019-07-26,3.3028127051531695,3.1787396613283496,3.2460188081340466,3.0781305460165784,4.51601782024913
2019-07-29,3.3260811380562494,3.18383870812857,3.246176443949795,3.0633479752506947,4.513185623721897
2019-07-30,3.2939991393654515,3.153430103506289,3.2173022288918074,3.030654574795734,4.46513995308971
2019-07-31,3.22861884253865,3.101852572841255,3.1943864945891405,3.0195996174885718,4.447518387419984
2019-08-01,3.1836806038274474,3.0754182348282986,3.167143182833297,3.0084306080352397,4.408309888913699
2019-08-02,3.080084341526811,2.9772377192157475,3.084131967685361,2.9314358570885157,4.289486538132927
2019-08-05,3.094005377217199,3.012414477853962,3.1181967513687203,2.9778204875628314,4.37893081710726
2019-08-06,3.0839286376982598,3.0139221887111822,3.1241644437166576,2.990875656503324,4.400066654963916
2019-08-07,3.1373691599855555,3.074181516834584,3.1819121590516026,3.051904463015818,4.504791020550395
2019-08-08,3.0917242513852954,3.040183486855323,3.156887722009361,3.0432933506756625,4.499039641126578
2019-08-09,3.0394678863716513,2.9954920443472393,3.119515572899717,3.0164245348592242,4.441413694014812
2019-08-12,3.081890471421781,3.0429350591415925,3.160748564069309,3.0486624690594364,4.4976153541594295
2019-08-13,2.9698703233469192,2.9515461906972242,3.0707276237284282,2.976129340095696,4.370691521985146
2019-08-14,2.938204545159609,2.95073165814608,3.0807113574229126,2.998385365662549,4.401535281872957
2019-08-15,3.005465290220974,3.005196523971579,3.122885942085519,3.038889465769126,4.458447707487478
2019-08-16,3.045162897545204,3.044510161121769,3.150890512390807,3.064465705116434,4.5015580396401065
2019-08-19,3.016605250664929,3.023358232457271,3.1263164452974768,3.045480025841331,4.479316291373837
2019-08-20,3.034253741411214,3.0449355474470865,3.1642367336831594,3.0648035048044213,4.521693166675069
2019-08-21,3.0267178575405596,3.045411159310065,3.1681678020531066,3.0636383939257876,4.529688403664139
2019-08-22,2.9304409526338873,2.967209551949832,3.093327884967668,2.9929571157742734,4.41997171882028
2019-08-23,2.9499348118274225,2.990983552903619,3.1190997146093125,3.0236126683016558,4.4744858788509
2019-08-26,2.9110077323772527,2.974062041503499,3.102309836344043,3.0249996715316905,4.472330299112664
2019-08-27,2.9489194893021713,2.9990338830921055,3.1195116800417493,3.0412902731064637,4.486386733292142
2019-08-28,3.0009648332438297,3.039618355722223,3.1568781825855625,3.071597326179786,4.543601923855477
2019-08-29,3.0174915078792934,3.048815509508294,3.1688431928181227,3.0754098374433587,4.515781643012627
2019-08-30,2.9843606788749106,3.0139287357193116,3.149288463749534,3.0688867911819813,4.503110896595972
2019-09-03,3.0330040431643512,3.0449765519440266,3.1785319347424092,3.0992617619175125,4.533848616754949
2019-09-04,3.109912112851233,3.1074294747345332,3.2193262178947717,3.1267412771778793,4.541690945074426
2019-09-05,3.1127572164055755,3.1173015251114906,3.2280275928219373,3.1362840363112605,4.540845317189907
2019-09-06,3.1856614412659563,3.1515673578618557,3.2294607091991754,3.1079669490636723,4.455355191251281
2019-09-09,3.2434084286932996,3.1877297068663957,3.243944915317484,3.0888979228968414,4.376534415139836
2019-09-10,3.277549059929069,3.217131285344207,3.2753980724324747,3.10429529069175,4.390381765902156
2019-09-11,3.270339201968284,3.2108562283565227,3.2773235133510004,3.11644679330167,4.423214574319986
2019-09-12,3.2905249315505336,3.2182058649648018,3.278670072319085,3.106620393500828,4.397984035902568
2019-09-13,3.3252003594956197,3.21465343422498,3.2628049002202295,3.0995738774953,4.401691257004954
2019-09-16,3.289951761046988,3.20417467612433,3.2699094402153954,3.1298338967151293,4.46636948667717
2019-09-17,3.2721178659328913,3.2005914369268065,3.2721507863699797,3.131873406420241,4.463799246062729
2019-09-18,3.2616685557691594,3.1883426486203885,3.267062524180303,3.1329543804614137,4.464783369476496
2019-09-19,3.2468388737192173,3.1685412764712955,3.257725147007771,3.1212998891906327,4.448463842369751
2019-09-20,3.246334025622412,3.1660906282691874,3.258509485879428,3.1231932580482726,4.454261981276956
2019-09-23,3.195967310597506,3.1355735588009646,3.2387744201193187,3.113366103186001,4.43738132612676
2019-09-24,3.222560143626314,3.1631857989745353,3.2558416148018554,3.1270791563677256,4.457088494012571
2019-09-25,3.196549649743944,3.1495729485493813,3.2541829982111965,3.1283207075076533,4.469286830075302
2019-09-26,3.1970786784658745,3.1339067876687894,3.240601290618257,3.0990440898493454,4.405720115076896
2019-09-27,3.204767693463138,3.1450227266850512,3.253953028644875,3.1175666307290357,4.428116546973496
2019-09-30,3.133514695850931,3.089659854118884,3.207805908486161,3.0905561018984082,4.380526482018781
2019-10-01,3.065125759868475,3.030002021202951,3.1526942883958156,3.0405970981327344,4.327429855638433
2019-10-02,3.0865814069870248,3.0408530160799945,3.1706968117715495,3.0670381084762557,4.369448105144969
2019-10-03,3.105117662005982,3.07816334338842,3.21337578605659,3.113409830525472,4.4291366080183625
2019-10-04,3.090255404674606,3.067385930642608,3.1981874624542175,3.0924851622953637,4.40772340448279
2019-10-07,3.025063747692542,3.005062789882404,3.140123942047289,3.044272308667939,4.353566333860162
2019-10-08,3.0494367215347,3.029305628271044,3.1676387398128756,3.068683309027694,4.407223588777311
2019-10-09,3.075866985361268,3.05426495568189,3.1865093629800416,3.07976969656062,4.421603557088291
2019-10-10,3.1429004693075395,3.1080386388060135,3.2241444048994934,3.1072795962318938,4.450067353147366
2019-10-11,3.1344221212419843,3.106096810598761,3.213795639874724,3.101634503321067,4.444337227841572
2019-10-14,3.1775012707309442,3.135603542486564,3.2353010662115724,3.119660426001916,4.476801114164663
2019-10-15,3.168494735087715,3.1330206764362796,3.2269432921706276,3.1187397432044834,4.450111661329008
2019-10-16,3.1894615173425875,3.144013490966339,3.2384026382084454,3.1321459706421715,4.467173101820953
2019-10-17,3.1793353877573813,3.1380238030198333,3.2398971564726025,3.1294281521694503,4.465191726519805
2019-10-18,3.208541132913537,3.164172342144357,3.259309998378107,3.13992024270475,4.487225151477029
2019-10-21,3.2446775533460213,3.1739014401152956,3.251141012499084,3.107944728228715,4.429334975566293
2019-10-22,3.267890168957242,3.186090989574198,3.2607629951675383,3.112980981726687,4.4283178887064585
2019-10-23,3.264900733476154,3.1902252477637365,3.2658966968018093,3.1266612098026036,4.470321692412813
2019-10-24,3.286585963300169,3.209108362379167,3.2749894203574095,3.129429851191999,4.4641082928450135
2019-10-25,3.2861600471963146,3.2195336194234625,3.286667463851634,3.1351026761439855,4.482171515687864
2019-10-28,3.3035941677504055,3.2212512324616127,3.2975851251394044,3.1471920872310033,4.494445836423622
2019-10-29,3.2934206639599886,3.2205667740544843,3.300541436132701,3.1612092405679206,4.5153067696057
2019-10-30,3.2827895994170415,3.18926224256046,3.2845435012738617,3.152021956404444,4.4797041078325535
2019-10-31,3.360172044946915,3.225946509160363,3.315158066321478,3.168491887614752,4.507725673532781
2019-11-01,3.4294701489913595,3.255160023632876,3.3207973547657303,3.159450921187304,4.475299994289282
2019-11-04,3.4470701288888432,3.270487911210144,3.315856461600705,3.146047686551347,4.443200392576323
2019-11-05,3.4166002411836462,3.263348924749979,3.3219890228236553,3.152730657271177,4.465825200691108
2019-11-06,3.4612702784806952,3.2788931250155953,3.320928064347925,3.143237927668087,4.443530573781353
2019-11-07,3.485903495809208,3.2842864740711892,3.324048335679185,3.145140265825928,4.45821465042487
2019-11-08,3.4688106018076605,3.2732229428078914,3.321210653883733,3.145119235753744,4.475049508732992
2019-11-11,3.466034771436904,3.277995525427075,3.3264401006272353,3.1492653374203625,4.488930922624744
2019-11-12,3.4361004011736624,3.269069861094772,3.3356454094032784,3.162649541500176,4.516029837923173
2019-11-13,3.4329414515897994,3.2722479159666085,3.3390188709227804,3.1758029055114663,4.533642815004374
2019-11-14,3.4821639549256127,3.2897964943370033,3.355351097063796,3.193396080732348,4.564621264124051
2019-11-15,3.46711378894884,3.288007220987681,3.3533600083473107,3.1926459321576632,4.578144370304918
2019-11-18,3.4594202397413976,3.2938360363200254,3.3593999319016348,3.1942404927963888,4.590059900003803
2019-11-19,3.4503436323357146,3.2812360650359538,3.348657384353925,3.1885979186905367,4.5886933686376095
2019-11-20,3.4520271729061065,3.275761437144388,3.337943632286415,3.169867235355216,4.547679891553638
2019-11-21,3.4759030055527513,3.2896768470629123,3.3478902365596723,3.1763197183750798,4.541575375960574
2019-11-22,3.515230971975777,3.317283528442402,3.367330651979697,3.2051155874982977,4.587708015619935
2019-11-25,3.5024960375244167,3.3221652107134183,3.3815370685593047,3.2247026770435845,4.611980563306293
2019-11-26,3.5199804425578924,3.334282801935229,3.3923679732268885,3.234756892044129,4.633029744861266
2019-11-27,3.4985800455039957,3.3200665837196897,3.3799655213571316,3.2153454669646986,4.603652993804407
2019-11-29,3.4793007689311994,3.2950292917590756,3.3482921030750425,3.1806464756924284,4.543755980011558
2019-12-02,3.436401164177406,3.273170380912547,3.3266129578651977,3.1698866648001567,4.521522753919456
2019-12-03,3.471914770712397,3.2930442209124284,3.350286348920611,3.188217233688393,4.539026720645678
2019-12-04,3.472261680133757,3.297381080907607,3.358896768855468,3.193257279182297,4.545864372213762
2019-12-05,3.5141531523391647,3.322319799303035,3.3845394780903564,3.2134818058697805,4.573697685914419
2019-12-06,3.511421535243181,3.313176781027351,3.3705851247461434,3.2073714823507737,4.556942342338118
2019-12-09,3.5082037679717,3.310501106328722,3.36695864433548,3.204216136375687,4.551141904771859
2019-12-10,3.514738837556534,3.3179365949527853,3.369835154867762,3.2146950021041074,4.584916739253299
2019-12-11,3.5478784227186173,3.34527881216509,3.411429625333985,3.2369330918273582,4.614693107989547
2019-12-12,3.527115797508416,3.3409736666158834,3.406066763831692,3.234689223493268,4.621921280612707
2019-12-13,3.5563840187727505,3.3566882255921344,3.4263534228670207,3.258272715934226,4.654899990148421
2019-12-16,3.567828222720373,3.353101235276785,3.4257381137821765,3.260043954846512,4.658487783321615
2019-12-17,3.5801046739381532,3.3538156365996934,3.4298653202227243,3.2569515006547114,4.651133691279657
2019-12-18,3.5980442525918432,3.3635616698749833,3.443333936112873,3.2666937948369283,4.6715519094805
2019-12-19,3.6228296273830933,3.3854855439694207,3.4567937047811195,3.294047460378882,4.706410531757771
2019-12-20,3.6390242706928553,3.383131729289725,3.4528275043358874,3.28543644372393,4.705896691893673
2019-12-23,3.635199630071341,3.385093603867411,3.454776252250938,3.286538775810011,4.7110156871668645
2019-12-24,3.642805408274865,3.3913865801597427,3.466288129920377,3.292961024253592,4.727984636895759
2019-12-26,3.6321806432765356,3.3940327999032105,3.4631786370525943,3.2935684885561782,4.720966988521842
2019-12-27,3.61918302272011,3.37803666285144,3.450583679011923,3.2807617529609145,4.693635183043178
2019-12-30,3.6427290296753654,3.3881846132618954,3.459449101581178,3.288373633929116,4.701209783428066
2019-12-31,3.644750332560755,3.398466203725516,3.4725771452108605,3.2991987648391117,4.760725226271252
2020-01-02,3.6209159462920817,3.380416768985063,3.458089191057629,3.283135494812081,4.736492387127103
2020-01-03,3.6316254003122332,3.3852650322274886,3.459494305159644,3.28492848588568,4.734352865169807
2020-01-06,3.6412928213861275,3.3763795522159206,3.444251367543264,3.2784500710457607,4.745303403425568
2020-01-07,3.639775668343539,3.391591442525965,3.4590068649029715,3.2919025464506286,4.764515459515464
2020-01-08,3.6477378297187317,3.403262417987327,3.4810520509694642,3.3130419946396743,4.79861648007995
2020-01-09,3.630964128254229,3.398979123366681,3.4727785159726827,3.305701983151667,4.795859002736339
2020-01-10,3.6600249351844205,3.4158396065482446,3.493900718261531,3.330443899273976,4.860700192022543
2020-01-13,3.682955280429955,3.4203862170886836,3.496946772717872,3.327661003141619,4.838289428618049
2020-01-14,3.684282577443223,3.4287168124426497,3.5054226905940684,3.3371096155930444,4.843628182724448
2020-01-15,3.7103816514380905,3.4601480063189953,3.5368480932597888,3.3659844660183267,4.903332093882568
2020-01-16,3.700913123868939,3.46504985001604,3.553577326485493,3.3797312328949722,4.917285239594368
2020-01-17,3.6684797778647433,3.453210271517145,3.5353396223680003,3.372274148161051,4.921769205134672
2020-01-21,3.6493957480292374,3.450742994077896,3.5402791993203913,3.37477529121576,4.941815091889806
2020-01-22,3.659055092656244,3.454956559896726,3.5463010837968962,3.383729256988551,4.968323413880471
2020-01-23,3.61668997080766,3.421524716795341,3.512309721085523,3.3636985751764406,4.925626853893893
2020-01-24,3.5503431036531254,3.375310971611099,3.4526372302938833,3.3276986307168963,4.84594819910491
2020-01-27,3.570665615954843,3.3984002489011726,3.4850943455248364,3.359888257495727,4.917444488978363
2020-01-28,3.548609739558592,3.3875928848062444,3.481385142538589,3.357760157384138,4.900466905806725
2020-01-29,3.5476660878697244,3.398634021708312,3.4831870859533915,3.3716473973243417,4.911782759921918
2020-01-30,3.480244141859864,3.3475055128054874,3.4134593948648546,3.318435326766757,4.809123921517813
2020-01-31,3.4989789717296946,3.364473207634062,3.430157007532395,3.3256450044007533,4.878004058235573
2020-02-03,3.558427135453805,3.408217924697812,3.468896630994044,3.3693178116680964,4.991841572604848
2020-02-04,3.6309910938989507,3.458234218016801,3.5092244507647004,3.4067095663781393,4.995921677830576
2020-02-05,3.628514830321666,3.4586365877106697,3.4984165456526717,3.409811206204677,5.015343329185602
2020-02-06,3.601571797398758,3.431683453195682,3.4740556699502885,3.3911091455789757,4.974424704973784
2020-02-07,3.6082852773019782,3.446564243163497,3.490231896296263,3.4147683495626815,5.036416400943004
2020-02-10,3.633849858548566,3.4626552572813756,3.519324861131385,3.435806318036813,5.067990408720571
2020-02-11,3.6596787463318368,3.4797505802938016,3.543341779854568,3.4510191128329355,5.10802795051766
2020-02-12,3.639940078613072,3.4796273328116847,3.536044966093184,3.4540140771019283,5.13602054827762
2020-02-13,3.6312548726847496,3.4806509821030414,3.5455604923133803,3.465173882480884,5.1530702969115
2020-02-14,3.627851224050864,3.469031836293137,3.5336689675291866,3.4521187625626157,5.145792205336112
2020-02-18,3.646504134251444,3.476459383865284,3.542166158471203,3.4559859436672182,5.201329653341083
2020-02-19,3.6605865535020246,3.4890851614394407,3.5402912680866523,3.4551022219606207,5.1635527502000045
2020-02-20,3.6262404415842986,3.471918367498511,3.5111987639537174,3.429825303608103,5.080573950378951
2020-02-21,3.50376728195218,3.3651486179373418,3.4122401679576466,3.340268512248623,4.923940407136359
2020-02-24,3.3748090850889043,3.2552777779170508,3.3040639165254557,3.2465164530358264,4.766611691438601
2020-02-25,3.3323835695833024,3.20873339866173,3.2740974699362484,3.2306287785181893,4.7402936980421275
2020-02-26,3.212906224604143,3.0907322834893307,3.1444799587711514,3.095822415779186,4.540011732083357
2020-02-27,3.191699575558841,3.055009816972895,3.087140882038729,3.0424085592573973,4.500104416259136
2020-02-28,3.283836804777414,3.1676277830170743,3.2194368882735356,3.1636270863312945,4.710810608005172
2020-03-02,3.1980361501772694,3.076682394087497,3.1380976661979676,3.0996277846181646,4.6263095269575345
2020-03-03,3.290959470413212,3.179655208650975,3.269596680140884,3.2346744648809724,4.830391069961322
2020-03-04,3.17347013661665,3.0529895582371833,3.158315668218091,3.1298857751836757,4.686027767313307
2020-03-05,3.080050835942765,3.003985147966525,3.107324856540649,3.0794056870742046,4.563326609378786
2020-03-06,2.6969494529717712,2.742915544802966,2.8718780717141983,2.865610831291532,4.190954133187177
2020-03-09,2.8355303578471474,2.864504472077094,3.0185080789369034,2.9928905397454173,4.3887945822605285
2020-03-10,2.6378850505935683,2.70006238780771,2.862910030487106,2.8435558918384043,4.16976908682249
2020-03-11,2.319894989496675,2.431548038047595,2.56740382202592,2.567592853850843,3.76702581133057
2020-03-12,2.540806760475722,2.625343589698535,2.7870276622634798,2.7608813346303958,4.032406847768287
2020-03-13,2.2298505877185653,2.2737748814086163,2.4357412856848595,2.4386719814721096,3.4772086807562963
2020-03-16,2.2873000409331135,2.3719181929777355,2.568665708944776,2.576826400499781,3.6923203379639844
2020-03-17,2.081451142897879,2.1625814492065003,2.3714325403806504,2.4087018979582964,3.4500749572428675
2020-03-18,2.168104304620754,2.2657658730113583,2.4327788593518633,2.4332969508085944,3.455748443050105
2020-03-19,2.1369553468611553,2.199767734341104,2.3237950458043506,2.329361328010902,3.2779165349111894
2020-03-20,2.065247789106868,2.130230594487579,2.2258353167552287,2.2397183069460476,3.2043495797301755
2020-03-23,2.324852067757928,2.3674085715437414,2.4775639288036175,2.4805589831264845,3.5640600784720387
2020-03-24,2.4221231861906025,2.46465887177079,2.5528646083006574,2.539318708434448,3.6436341506924395
2020-03-25,2.535788793753104,2.6019276598820036,2.73309609056444,2.711061989005927,3.8727624343887688
2020-03-26,2.3978262641915262,2.5137764561444818,2.6580781419284896,2.635957187961174,3.752761769569972
2020-03-27,2.4263058482128477,2.5656083917619927,2.726617529790975,2.727480199004956,3.881420162270278
2020-03-30,2.409428188311999,2.529002385901439,2.6762973503805654,2.6766491291245926,3.796957148414247
2020-03-31,2.2580711951658476,2.3973472242584792,2.5302671383287447,2.5500674794416396,3.6277940287600514
2020-04-01,2.292354939824488,2.4231125018370783,2.571160715783461,2.5918300737367015,3.6812220638319393
2020-04-02,2.265203870525429,2.379282710880183,2.5209455592840593,2.5356942802052513,3.6155555964364017
2020-04-03,2.458346106148459,2.5887005509561756,2.7327891775059774,2.723884245032045,3.8966067159174504
2020-04-06,2.514407813745384,2.6423897486799466,2.7501606781955554,2.728161561202653,3.8672662841041854
2020-04-07,2.6515003208523344,2.7754666888425277,2.871558507909475,2.8425084796430777,3.9928253893688797
2020-04-08,2.7304236469859227,2.8599315828200798,2.941738719019927,2.898767420932159,4.075241245208176
2020-04-09,2.664645655610433,2.782546022253449,2.890466875526915,2.834221148396452,4.0133148255750095
2020-04-13,2.703827545793478,2.8297819840943026,2.9695912346032616,2.9334031324466867,4.15370852937604
2020-04-14,2.572745152950055,2.7087135258290505,2.879667221065485,2.8613857148203596,4.064564687630331
2020-04-15,2.5092859376574994,2.678545181166212,2.8758332701062526,2.8820149316076993,4.127520230996758
2020-04-16,2.666897705224792,2.817540860621436,2.9899166019986443,2.963151951458267,4.222122281997254
2020-04-17,2.6014291198942727,2.751637308242156,2.925674296991684,2.9057314608615674,4.153806452390074
2020-04-20,2.528518822510672,2.6681742086469686,2.833696935352015,2.819067737222869,4.0211068937537595
2020-04-21,2.5859374524366556,2.703829312856651,2.8929923621562708,2.880324397874694,4.116674523723004
2020-04-22,2.630111452880924,2.7150340454272417,2.8962234814045904,2.8642572708511724,4.10094501532298
2020-04-23,2.670538611715925,2.7588015903749,2.9296644618385,2.898072147474656,4.1627098297362375
2020-04-24,2.775940073448315,2.858523391647991,3.0158880868399627,2.9476284855737735,4.224879289539908
2020-04-27,2.8612817153968,2.9018139330875035,3.0577521985310154,2.9400714898490246,4.184041404504185
2020-04-28,3.0494405654168335,3.012632918541254,3.1395178292542423,2.9891539269056073,4.23305579373112
2020-04-29,2.944118597637295,2.915335183049176,3.0731767865792,2.951096931742653,4.16950144008921
2020-04-30,2.781216263285019,2.803266350372125,2.976075476296937,2.890103153864948,4.083467998622261
2020-05-01,2.7951901219148194,2.793775456472127,2.9644872838898917,2.9012661000666466,4.119382282260098
2020-05-04,2.7783026399760664,2.8045666433591108,2.987848784190592,2.9413939836947787,4.197663547948472
2020-05-05,2.7196991246557265,2.765453430923819,2.950470174139785,2.9225805294963436,4.16796492742198
2020-05-06,2.8023267286114772,2.822073042178605,2.9982062078054135,2.9589123684018657,4.21588178404984
2020-05-07,2.9311502726460663,2.908001787895086,3.0606258525872088,3.0118031301363035,4.278537655181795
2020-05-08,2.846561606599095,2.861869127552813,3.033429831134681,3.01513112065405,4.330691407467491
2020-05-11,2.763958818446922,2.7760072854145457,2.9493882861018106,2.9529135163199274,4.252820514139917
2020-05-12,2.6329530708759945,2.693643847683489,2.8749952550985163,2.9074450007391373,4.192281461783973
2020-05-13,2.6944592172966084,2.7401329768502096,2.912812297516184,2.93016758162631,4.226067822130162
2020-05-14,2.692556799992207,2.7429991598673324,2.9113382505934204,2.9450170031274414,4.251631928102923
2020-05-15,2.948722063935681,2.920048739099401,3.0610552272158906,3.0369723453930435,4.330090923020426
2020-05-18,2.8913450339446864,2.8977727694673554,3.0184180489840617,3.009076632265256,4.289255049752304
2020-05-19,2.9783704653974232,2.9595166541522704,3.0715419950498686,3.047973697576498,4.344806335279428
2020-05-20,2.9762086992970147,2.951213393381679,3.058565177966816,3.0248440977977764,4.297451207057226
2020-05-21,2.9639860940292997,2.9537780808981173,3.067432393124891,3.0345905019641473,4.3281723649019295
2020-05-22,3.141006069174872,3.08896622582765,3.1516862047758227,3.069448903650187,4.3065205172210135
2020-05-26,3.2422095226694223,3.180181383138114,3.2207036878314144,3.1185376701725374,4.340420247042322
2020-05-27,3.156173852704648,3.139065883033863,3.21954666357406,3.1322974601289513,4.368365366342909
2020-05-28,3.1124520184970264,3.1218045367277782,3.2237284484863187,3.1619783226521694,4.460955134158036
2020-05-29,3.1822790430535925,3.1559361230066614,3.239812784537148,3.1807265107649645,4.463937831614147
2020-06-01,3.246598316803621,3.197575563928829,3.26925387219095,3.222950903504928,4.495893007616172
2020-06-02,3.4059697554193242,3.304997906279208,3.333019226574975,3.2738301261253717,4.51314785615095
2020-06-03,3.494350679030363,3.31510505957974,3.3169392862322216,3.2526401403948535,4.456066020691081
2020-06-04,3.7007553222684417,3.440260277937512,3.403842750410859,3.3097881045136246,4.535138224904826
2020-06-05,3.878013133289983,3.514050720997506,3.4403979520261325,3.3396056344934,4.550540914926338
2020-06-08,3.7110662296614936,3.4123267807556,3.3766082201825123,3.3053983315837727,4.540243244227818
2020-06-09,3.5221891676705233,3.321687917976467,3.3391778176444262,3.293077461380531,4.574439025244212
2020-06-10,3.19827020293051,3.084312456754823,3.140952083295542,3.1179463314256375,4.34302107573926
2020-06-11,3.340102933559157,3.148789493922827,3.1777552418138133,3.14567691326708,4.374893843982761
2020-06-12,3.386697154130445,3.1821151655600755,3.2034535732745937,3.181255715519918,4.451533911025727
2020-06-15,3.4602696595228166,3.2460508099246375,3.2605330750229276,3.2343605795729955,4.521890538490469
2020-06-16,3.3738011553091676,3.201903176711382,3.247872082163195,3.236608378029221,4.538654514933989
2020-06-17,3.3764862945601735,3.202444580964126,3.245175295553453,3.2274201474669932,4.541625438293457
2020-06-18,3.300331017093741,3.158059940602325,3.208413356598513,3.2174062578504508,4.5578954767231155
2020-06-19,3.2961201176595227,3.1520356206798508,3.2118044989694496,3.2396249954937577,4.589708893534309
2020-06-22,3.3152441594358177,3.1567831105534028,3.2068711996866144,3.2396423247519053,4.583536147110497
2020-06-23,3.147060981513178,3.04825825698782,3.1224346570884185,3.1537011182460533,4.480788006946901
2020-06-24,3.1972190487399406,3.0754073855939397,3.1387717162462376,3.1853023113321517,4.5372092659479835
2020-06-25,3.0919330295499843,3.01493353516161,3.090117442075308,3.128413041813027,4.449479952517185
2020-06-26,3.1884604416868916,3.080182046723699,3.143657813369519,3.1705847805331024,4.495141811218834
2020-06-29,3.222446950988354,3.1163884471902707,3.1833831281422187,3.223223413344029,4.590629764560007
2020-06-30,3.1786753627783217,3.1174303824954737,3.190690303740846,3.233373668872507,4.6095221735765985
2020-07-01,3.194753364655559,3.131372915580894,3.2127306348600895,3.2483478414638958,4.636439311066647
2020-07-02,3.240104142098207,3.1690756069428994,3.2374108183994013,3.276196176990431,4.710864905987685
2020-07-06,3.1389631368232807,3.1092825900176577,3.198617726283834,3.24820793703047,4.6820099813807765
2020-07-07,3.1534583214000045,3.1105069912657606,3.2052683884069673,3.2613913780113775,4.743428388744538
2020-07-08,3.0468971542962233,3.0552267076241093,3.1688106476347406,3.244152723004164,4.748364228852331
2020-07-09,3.150381729644631,3.111701622119473,3.212130251582948,3.271179108848008,4.748721955111872
2020-07-10,3.1427315673030787,3.1125304180228306,3.2121180498169446,3.2483447395224614,4.64485638542437
2020-07-13,3.1861526567997664,3.158387886809332,3.269766036405044,3.3094751815399817,4.733016715314701
2020-07-14,3.3280801360030474,3.2408840577114306,3.3159284632358665,3.350340331714422,4.772518947991749
2020-07-15,3.29673153198461,3.244480420124299,3.3199641999645753,3.3491366668086937,4.755337199133552
2020-07-16,3.2713002969626306,3.2506119939542164,3.345048038190003,3.3856860611845145,4.810964959727999
2020-07-17,3.2119527430707806,3.220572756752755,3.325306423187719,3.3892468398978672,4.883350016898819
2020-07-20,3.2921654403178984,3.261579584473706,3.346624050613029,3.406727990190578,4.857005486656725
2020-07-21,3.3045042140566476,3.291808966999853,3.370790382428445,3.4356303832723483,4.892859276909584
2020-07-22,3.3099307158144837,3.298267859128174,3.3550123108472563,3.424967068837321,4.833413872367399
2020-07-23,3.2772285615640278,3.274920229754816,3.3414892739781963,3.391975192242979,4.795774877308972
2020-07-24,3.254768905680333,3.271124692620379,3.356612381831135,3.429279702268975,4.889402218420171
2020-07-27,3.2463131323870695,3.264296954333575,3.333811598233751,3.403085968460375,4.830207388739269
2020-07-28,3.313859278946777,3.314516990306947,3.3803581743918496,3.4577481638010923,4.916148764934327
2020-07-29,3.255456146717222,3.285875549412949,3.3658182413635838,3.4421610130525813,4.921593310321426
2020-07-30,3.2321843740460388,3.2708442062915095,3.3688348758610878,3.4487280128379374,4.941705350228055
2020-07-31,3.228878237269632,3.272715278970344,3.3752414318484463,3.4844547938266115,4.998994395507087
2020-08-03,3.2677834589732284,3.293476145626841,3.389827867362076,3.493222389580406,5.009028669399992
2020-08-04,3.3043168130686977,3.322966261740006,3.4016786244053003,3.5107336976661667,5.049630913735967
2020-08-05,3.305315343164215,3.3269413054780257,3.40019850444741,3.513890260590047,5.064239708716193
2020-08-06,3.3555833250846288,3.3795771472939835,3.4370616141357053,3.5336112192894444,5.032010314210103
2020-08-07,3.464580703078552,3.42177790918185,3.462739794108816,3.537453960947034,4.987267895898244
2020-08-10,3.485893816077332,3.4290470369162596,3.4580582273449663,3.5188914916229894,4.915278268811368
2020-08-11,3.47372717893532,3.4414460135903364,3.4839516922305034,3.5653706013968423,5.006586197555118
2020-08-12,3.432377838466693,3.414963701062728,3.4714866391275065,3.5607033825476613,5.030768080675862
2020-08-13,3.4618372672676396,3.41865438070042,3.473546787632007,3.5518963197211284,5.015994103546254
2020-08-14,3.4280535644427346,3.4038546976406834,3.4771398201839676,3.571240283414489,5.0788330218804765
2020-08-17,3.3922073283674434,3.3926443277326017,3.467872360925634,3.569962620397535,5.072897902734969
2020-08-18,3.3729481218012394,3.3750169185572805,3.4601095145141882,3.5508994466029407,5.063282920109304
2020-08-19,3.3430230921649926,3.3470934243821624,3.4425723777069086,3.533979806327975,5.074452999239948
2020-08-20,3.3293954726158366,3.33788414468103,3.4442022978105067,3.5370003123617897,5.079870693990599
2020-08-21,3.4435520203438417,3.4019314389193562,3.4801655783443857,3.5525663464328785,5.079231109095691
2020-08-24,3.4289948117872964,3.4022738188594133,3.474582502056604,3.5623614614296506,5.0981638472855195
2020-08-25,3.3792117892274725,3.387872274147813,3.4861571021428728,3.5846880270330153,5.154095565604832
2020-08-26,3.4469633141888605,3.4190234319367585,3.4989759562030955,3.5825066728854718,5.115345000368059
2020-08-27,3.4999302986886973,3.4506994398082598,3.522708945789648,3.6099354177933836,5.138180336920479
2020-08-28,3.425721273715588,3.4160578097958667,3.5102410241855067,3.5943125678005012,5.163240431513579
2020-08-31,3.422402782548596,3.417220019287473,3.5236681935904857,3.6144044488968645,5.232106940409644
2020-09-01,3.475819627366202,3.4880059941725414,3.5906600517869345,3.6832805209744177,5.308855247140966
2020-09-02,3.4527594238784416,3.4354592509901747,3.4997614716544376,3.562863081245764,5.039056597559753
2020-09-03,3.4815158735679708,3.4387355591266164,3.480365906329649,3.53912822842545,4.948417783114735
2020-09-04,3.398847064608488,3.377855839065117,3.4198810006628535,3.457402584161271,4.808663412265166
2020-09-08,3.3986692530406595,3.4105368360786366,3.4707112001985574,3.5289189314454843,4.93533479689505
2020-09-09,3.3427389430255783,3.3624680970152108,3.4299875586414523,3.4782783850604297,4.861937483351798
2020-09-10,3.3551636109105427,3.379006979255026,3.4551167398962157,3.4951180791100764,4.861722116369334
2020-09-11,3.435428964667299,3.4370849054249875,3.5000830637239115,3.5364003644835815,4.944222381514922
2020-09-14,3.409281350013524,3.4270979994079416,3.516514046258503,3.553321661033445,5.003190689275078
2020-09-15,3.488181685540517,3.4585787262393195,3.5255006448522006,3.5519503189798316,4.966386030484783
2020-09-16,3.4683912438405886,3.4473908468687413,3.5127442702913,3.5325046885826334,4.917031822461546
2020-09-17,3.407092018527673,3.4038016042496695,3.487141209455454,3.50085283756726,4.890830378721076
2020-09-18,3.254958786514003,3.312091260155986,3.412917000313872,3.447865524783775,4.879237848756695
2020-09-21,3.2513908835187535,3.3249097539664527,3.428235566169107,3.482496758095179,4.9534273147366585
2020-09-22,3.1627512765423322,3.2561231854037462,3.3586837969133314,3.421362239877624,4.832790615157243
2020-09-23,3.1662032411192893,3.2644699948606877,3.3667180408719384,3.4259022513928827,4.845031838010035
2020-09-24,3.209065860986488,3.305296449974752,3.4104909933977567,3.469793737285875,4.927890379153922
2020-09-25,3.2852507657414898,3.364665139704105,3.4597265702530953,3.5339484470048825,5.018443230461961
2020-09-28,3.232458698290741,3.336640796406157,3.437858609703422,3.5274553001816864,5.017915943772978
2020-09-29,3.2510257133890974,3.3525584021784147,3.461152811692109,3.5446450584881473,5.05595723053891
2020-09-30,3.248996270957134,3.360800209112368,3.469813745667814,3.557415987189639,5.115830982254267
2020-10-01,3.3102300316889255,3.3866415395978096,3.4764830106107314,3.5462235024776785,5.060138463499166
2020-10-02,3.3734467040921654,3.4315914296005774,3.530742961394058,3.6097301849499157,5.182212062410767
2020-10-05,3.3428091157615993,3.4102754413564202,3.5060897258439256,3.5734558248474495,5.117899920988934
2020-10-06,3.3989410710904133,3.462796146009308,3.5593539304425073,3.6310081390084417,5.21961382898598
2020-10-07,3.4810307277245127,3.5234492424932404,3.601473006062847,3.6676480605357065,5.246268073962107
2020-10-08,3.455810346831361,3.515017185915527,3.618072497800255,3.6986310183464592,5.311236720160202
2020-10-09,3.4639178320531987,3.542616387970563,3.642615989492642,3.7329608359390183,5.367744773280467
2020-10-12,3.3902402204115507,3.4931423258234906,3.6180263710757843,3.7183459055023245,5.3934087991704125
2020-10-13,3.3852487630528336,3.488687732892085,3.6102833085491337,3.707717980120969,5.355182767768728
2020-10-14,3.4086601820226825,3.504196438332126,3.619594588481093,3.712416908462177,5.359343544528831
2020-10-15,3.3801889595061576,3.5067714243651946,3.630517426764989,3.71450638949773,5.35607368846395
2020-10-16,3.3418066749577466,3.4606195847130734,3.580678086446697,3.664603439164906,5.286798158994444
2020-10-19,3.384534878515829,3.47676765479171,3.5966209255662616,3.681322474686501,5.291287065329837
2020-10-20,3.370462296569119,3.4713590629598676,3.587538084523599,3.6692768017629516,5.242120881226002
2020-10-21,3.4691439500920755,3.529310913522219,3.610893341339765,3.665786756329117,5.25079098100728
2020-10-22,3.4879435898692823,3.5441294442325653,3.620060747171899,3.6822062971429745,5.2884657494362255
2020-10-23,3.375710196026555,3.466484627047946,3.538589320225527,3.6137302064783148,5.206353414660272
2020-10-26,3.288864358777145,3.4238977787448572,3.4849193834792587,3.588547560733815,5.206689548919012
2020-10-27,3.170684382084821,3.3218014196580277,3.384319219113174,3.479807097547599,5.063113710242532
2020-10-28,3.2367284498501316,3.368588570222142,3.410851984937718,3.4966118091460388,5.100846881687022
2020-10-29,3.2475918782050077,3.3742985457499857,3.404117777518472,3.480085828558228,5.002489383508352
2020-10-30,3.3432724981038913,3.4519297040876507,3.464591468532913,3.550585830403635,5.057790126583901
2020-11-02,3.4135596288094057,3.5233085028015534,3.538419814758644,3.6248320687242663,5.153463873465633
2020-11-03,3.344808857918703,3.4909883039427743,3.5717827287026895,3.689971156493198,5.309238225570051
2020-11-04,3.4316155850575543,3.5512716921043728,3.6345389435001523,3.7582788282564645,5.4442665043178
2020-11-05,3.374320557836764,3.5246638664178316,3.647997984155144,3.773956825007518,5.512341507970226
2020-11-06,3.8361800784812554,3.737083977197951,3.720801553585626,3.7705942717661625,5.31451685593798
2020-11-09,3.888670207851987,3.7956525653972326,3.765952640145747,3.783125407989767,5.240138096266556
2020-11-10,3.8204184532596313,3.760341398715597,3.7745417337182454,3.817427670543719,5.359983012106568
2020-11-11,3.718839118104271,3.6958259666029547,3.7283429215306563,3.776025685987479,5.330451989806777
2020-11-12,3.8549849948653017,3.788692867980873,3.7947809166505926,3.833007145415239,5.375051462682836
2020-11-13,4.012704680393752,3.8606599721722437,3.8455309216187574,3.8730229809272494,5.419023687421231
2020-11-16,4.0218088723394985,3.8431858703448145,3.8235500184299878,3.8533409543532486,5.419762188920424
2020-11-17,3.966709321079937,3.796725013584104,3.778458764645588,3.821175219714867,5.372912225096133
2020-11-18,3.9992379691903617,3.7950938075651477,3.7783783425294124,3.8415020443733883,5.437967841832784
2020-11-19,3.960786665331149,3.7713909775059076,3.755718174452352,3.8282247017383,5.438358308254501
2020-11-20,4.099522700415077,3.815959373097315,3.78518645368953,3.8489998708266273,5.475148407486011
2020-11-23,4.266587020681398,3.9095061491963645,3.855682091534989,3.8779025974780588,5.466296005395258
2020-11-24,4.216184548105821,3.879389422060349,3.8330668183950096,3.864845967039338,5.496231155941209
2020-11-25,4.185249886894596,3.8630189699145423,3.8365511032253354,3.880665866737337,5.553325123948928
2020-11-27,4.0676242902574735,3.817109029911356,3.8136024695023494,3.8721326427430633,5.586044681474566
2020-11-30,4.124168897441872,3.862142320388628,3.850460169552487,3.8944053963692706,5.613375325110517
2020-12-01,4.195772856019915,3.8825853863863506,3.8414144143727746,3.8635100810546223,5.5700981938684455
2020-12-02,4.26212701000408,3.894255409612993,3.849820718215875,3.857168897461067,5.580105895105619
2020-12-03,4.379949803923015,3.9517497310779475,3.8904496135771724,3.89502752295515,5.6388089630622025
2020-12-04,4.326822668466914,3.921256100778248,3.87511915990838,3.889854098201958,5.663582827081214
2020-12-07,4.34310394464943,3.9296493680449687,3.8798746613364647,3.9022187235158796,5.6929772661377696
2020-12-08,4.347347564396182,3.9284014995720558,3.8751643503959943,3.8819366506626922,5.5950657332902
2020-12-09,4.375847685079688,3.91281280871039,3.8595207446712996,3.8623432921301895,5.620804350207054
2020-12-10,4.327476218494679,3.904999092019841,3.854691185815542,3.8549401157840397,5.601689941386048
2020-12-11,4.247181720455335,3.8695703188124115,3.834358882854888,3.8359565199160417,5.628414089902715
2020-12-14,4.3291379322602275,3.9381839873572564,3.8903205733802304,3.8822516997083345,5.6940992389115195
2020-12-15,4.318059865684666,3.9286508759648426,3.885234295124329,3.8717401777562555,5.703356066904084
2020-12-16,4.314112805839865,3.9528053095724647,3.9216276626294047,3.9144668871804718,5.783513471154667
2020-12-17,4.263413579782284,3.9349273593416907,3.9134279295393353,3.9139438979948187,5.807142862031613
2020-12-18,4.226845309556267,3.895298744524627,3.885086783220549,3.900962278325931,5.798488851372632
2020-12-21,4.185682077329139,3.879977074505968,3.8824585071658237,3.898034442863823,5.835119521744257
2020-12-22,4.263555313800037,3.903166891800971,3.8887345893999776,3.8985150992507056,5.801902746687277
2020-12-23,4.255814493798428,3.9129258243617926,3.906872156466406,3.9156520226994407,5.816493684752618
2020-12-24,4.281120052379968,3.926134275604641,3.9203205368174436,3.927160716964086,5.7641484146702275
2020-12-28,4.251340981612776,3.913607399325617,3.90490586813884,3.906695569003374,5.726563606652112
2020-12-29,4.297818193389467,3.9330352382181357,3.920352158015494,3.923947106562064,5.761928512258731
2020-12-30,4.327413595084993,3.9713444759681273,3.955854135338708,3.9569019601094984,5.766077947636971
2020-12-31,4.2423767716524425,3.8938003280629205,3.8869901683720283,3.9042784015457124,5.711341519743798
2021-01-04,4.323602454435784,3.918681824785152,3.8978779267940076,3.9332352022876496,5.7832139828682525
2021-01-05,4.470335023055129,4.030042850710359,3.97323520851571,4.005600634209473,5.825525933060296
2021-01-06,4.482696845488351,4.0372230973775824,4.009327873766802,4.048288854833426,5.985649882894921
2021-01-07,4.457584077766639,4.050464735203513,4.018335738483308,4.063278802011196,6.024452343926323
2021-01-08,4.468483810126423,4.041236814912541,4.007064354410439,4.055861996450647,6.0174251997222825
2021-01-11,4.5525959724878735,4.0618744201038846,4.013743305516652,4.0668984977154565,6.058208078378406
2021-01-12,4.549775067626758,4.062916568214241,3.992903904095949,4.058880395581674,6.032540157834167
2021-01-13,4.6230912239456075,4.071319396503206,3.9776714220932,4.051362286848071,6.0396357545108925
2021-01-14,4.559496192032036,4.054616927402612,3.9745851306570685,4.02258958022286,6.002555066494602
2021-01-15,4.5683010698238675,4.058076531201362,3.995863492870354,4.046899732464517,6.06435648270437
2021-01-19,4.572823770227696,4.083760632663263,4.029831001676564,4.092356739117968,6.1371133832444436
2021-01-20,4.5101602821266455,4.065670524694999,4.016967503520649,4.078787745321698,6.129436334038549
2021-01-21,4.488509839504844,4.040943380628553,4.007730964626949,4.058092657182416,6.115393591796687
2021-01-22,4.475270318674376,4.0375797153987625,4.006535531799981,4.05781387370374,6.113194891115951
2021-01-25,4.448685176701573,4.038310248938974,3.9930578502505085,4.020910673673936,6.041602672706649
2021-01-26,4.366739775805518,3.957106893246321,3.916291281604694,3.9055523987516914,5.8194487766084455
2021-01-27,4.420755036878881,4.000271690711879,3.940006081487273,3.9620132662870637,5.927569068437714
2021-01-28,4.327401707090592,3.9307500984620916,3.8628257707369427,3.8944244503959897,5.843334580144552
2021-01-29,4.374851559142766,3.979974677695638,3.9247391097218767,3.947839427668625,5.953029900679825
2021-02-01,4.423377429068545,4.035563167820256,3.976083317102841,4.008990287955009,6.065974716584209
2021-02-02,4.484976117030122,4.0505534659423175,3.9759769551875164,4.0148615966558205,6.012588377929046
2021-02-03,4.553036197863489,4.114136432007608,4.017189890583277,4.044299637982776,6.102756270984702
2021-02-04,4.5646640861510495,4.13187507271182,4.044848407401167,4.072894985982004,6.140377557720871
2021-02-05,4.63682891644657,4.15920217240975,4.080544681416914,4.116478551313085,6.233960129610196
2021-02-08,4.624146152961868,4.15534695411279,4.091303376540167,4.1195639944121725,6.239827377404638
2021-02-09,4.669662717597449,4.15800509064305,4.095544981776338,4.132540910961589,6.2378324837067325
2021-02-10,4.664586407396195,4.146106308162372,4.098564231470142,4.139355458474033,6.315585034737328
2021-02-11,4.683248387053212,4.148861574983598,4.109036340611435,4.164249272797368,6.377502784040197
2021-02-12,4.714034973598724,4.146086925629372,4.092120596282969,4.161581557016194,6.3710662026896525
2021-02-16,4.740641073443111,4.152487724126457,4.087217518119135,4.161243912579566,6.3207997398026805
2021-02-17,4.7194394425748625,4.144981065022417,4.07646494155476,4.138633524130108,6.243068439068982
2021-02-18,4.759935974082227,4.153705937867878,4.088107116364683,4.159710044779925,6.3263798373390445
2021-02-19,4.812375743182687,4.191054142194394,4.083576528325174,4.131868994857517,6.183297129016599
2021-02-22,4.866051902215843,4.205705355781874,4.097558046400776,4.126980964901113,6.138656609597639
2021-02-23,4.957306665549812,4.259150131541671,4.1332872209797165,4.173854581219336,6.220755683443571
2021-02-24,4.846487139088992,4.18802304076661,4.058582346901928,4.06653663065693,6.02238481659341
2021-02-25,4.767372427027191,4.119480490444046,4.031854011781679,4.058506119971553,6.08599329612026
2021-02-26,4.8545149299667445,4.19896245961595,4.110207321868225,4.158125102230996,6.2751170767659366
2021-03-01,4.856183302320582,4.190712924734902,4.100520223034218,4.136289911922828,6.17780602136506
2021-03-02,4.8985183790958065,4.175598052223803,4.067546200660035,4.092102205777466,6.016025729427082
2021-03-03,4.886304500926716,4.14040592790709,4.017776468769231,4.0118904802611945,5.807771468929572
2021-03-04,4.981414540286769,4.241193261411122,4.110633676749391,4.116661121706131,5.890626620936125
2021-03-05,5.0568275105952525,4.292236917985864,4.142215878182836,4.121649132461457,5.780558060166812
2021-03-08,5.027959693795019,4.284672041820965,4.155922309821792,4.150758072857619,5.950794429604433
2021-03-09,5.083966967817214,4.331482806215438,4.197504610773626,4.1868183640759815,6.002579703685567
2021-03-10,5.0814619916889185,4.334724688748542,4.208813361700538,4.233650720887982,6.180926515992845
2021-03-11,5.14851644647087,4.3783911470374,4.226417302706602,4.237193308261791,6.175700948477778
2021-03-12,5.20530618936109,4.428952225562831,4.269088063449606,4.261913807180765,6.253056388682186
2021-03-15,5.198509420636486,4.405681040259889,4.236121602629269,4.2163134385909755,6.182324170271593
2021-03-16,5.19232435608389,4.399564440938467,4.2456377140596535,4.248520056254709,6.2547498360081155
2021-03-17,5.184678456654685,4.3727131272064295,4.224761392702998,4.179571282443132,6.073176642686776
2021-03-18,5.185649879250849,4.3482408144608575,4.216578175222133,4.171591985680928,6.125646348719101
2021-03-19,5.216556737578601,4.358795064916227,4.233639342677537,4.172450898095694,6.10635207814173
2021-03-22,5.217442874638516,4.334243656872007,4.184161386427547,4.093013306422418,5.917342155918629
2021-03-23,5.21648316698574,4.335169634767353,4.193740501859539,4.08416202790945,5.850638396652743
2021-03-24,5.266509327870261,4.375270965303338,4.239788522977654,4.1388701618622745,5.929524659231423
2021-03-25,5.342119563576168,4.433495199595742,4.330077395556958,4.234234091858235,6.052753117361318
2021-03-26,5.376548687654668,4.437969916053642,4.313556565098574,4.190478543063653,5.921976267398365
2021-03-29,5.323017629047261,4.424184463124273,4.314851935639314,4.2152888725904045,5.999958790400436
2021-03-30,5.307268072991208,4.403472128146452,4.302880817923446,4.222846119938825,6.053744592837773
2021-03-31,5.327395341699731,4.446598248109493,4.350814855411442,4.2858549166501225,6.168014142428066
2021-04-01,5.385822963354346,4.4855686476472885,4.396381039282983,4.338196341489621,6.198331391907808
2021-04-05,5.377865091334122,4.49159227702754,4.401201156445281,4.333416766405591,6.237727320019067
2021-04-06,5.363015318472384,4.484996248786869,4.390813085330657,4.319338062346196,6.200815458133122
2021-04-07,5.354440518839789,4.496777296816906,4.40482852118381,4.325091652984479,6.224403658411343
2021-04-08,5.359434724700299,4.532658918548658,4.444469430779556,4.356793136206032,6.250661732254111
2021-04-09,5.370404567022471,4.549444916176606,4.450733789843645,4.3594155738878175,6.2466502482312665
2021-04-12,5.388022309818628,4.553478706918237,4.4418951055277,4.346645920311507,6.244445124238277
2021-04-13,5.392132813008367,4.558177096731377,4.441456534323737,4.355850443603734,6.2674486452757705
2021-04-14,5.459155818646407,4.61222054753377,4.486413764865677,4.3788859822798125,6.293871894712681
2021-04-15,5.488367692190829,4.633720829112081,4.510035584853205,4.39593981108365,6.310972930865167
2021-04-16,5.483097290632644,4.6173537730524785,4.486916702807541,4.370135467345159,6.249733886975359
2021-04-19,5.527631038621647,4.618961794384855,4.459043535774117,4.299360898237058,6.090510387755313
2021-04-20,5.549308674575102,4.649906816256244,4.522322813042224,4.357776020463696,6.22711093581597
2021-04-21,5.51240673327688,4.639250261487013,4.502537520099157,4.325778882823294,6.175977376519753
2021-04-22,5.5149903097152695,4.672748035490383,4.555941502380602,4.39371812583771,6.292695467020344
2021-04-23,5.497884957341593,4.656435871343568,4.55663353773716,4.420849715706064,6.368147812304588
2021-04-26,5.467341160091168,4.661898987809184,4.575255980200872,4.434336324295303,6.395123627770393
2021-04-27,5.455504041031394,4.6636558887957955,4.562188517788235,4.441607878167419,6.395599800647144
2021-04-28,5.493892379040917,4.713287207995725,4.594021348457053,4.474653671556691,6.392992879918129
2021-04-29,5.491213075948783,4.68248465656287,4.5560963040359255,4.421529696217687,6.300488972940581
2021-04-30,5.532711544579841,4.713086856589889,4.577126951039411,4.4368441838294626,6.328404195925128
2021-05-03,5.522354198106635,4.704984076685279,4.5702393371477505,4.438960884733884,6.2693546198277135
2021-05-04,5.49822255453317,4.689755996618507,4.5861803846269185,4.4551717918289375,6.323206750240235
2021-05-05,5.539167025951051,4.700027649722002,4.62637635375949,4.481397687635153,6.308284491029765
2021-05-06,5.555978292967886,4.735613772790537,4.672652121569477,4.543316436055539,6.443829277408822
2021-05-07,5.586102404994864,4.731589431156424,4.656193035599553,4.491064178689244,6.341200238423325
2021-05-10,5.535827622747246,4.683881390264302,4.607605696187375,4.439173829159865,6.271869344246097
2021-05-11,5.455629283425587,4.590379289523683,4.502326398264655,4.327534367359226,6.048002444557156
2021-05-12,5.513192360600901,4.651552228698658,4.559108151593484,4.394373590126712,6.141176744815737
2021-05-13,5.546910401498623,4.701978614271171,4.632318501496659,4.4849463244529915,6.302389050992288
2021-05-14,5.535689525353389,4.684728918935503,4.619378650101674,4.484760435999351,6.297627168035029
2021-05-17,5.5207090801933845,4.664785335764192,4.579115585501652,4.424372170755478,6.226782382158983
2021-05-18,5.497158831842689,4.649780867028056,4.557519849101893,4.416786764344048,6.173665739696491
2021-05-19,5.545557395423025,4.699225906816292,4.606108592231823,4.438548785791136,6.22981789503227
2021-05-20,5.545814164339602,4.702920035668145,4.614301171479781,4.4520516427918695,6.244519029082411
2021-05-21,5.555305688225231,4.724514584430323,4.6489968018967565,4.483965016198865,6.3210284441073235
2021-05-24,5.517337293880993,4.708098506082756,4.641291743669861,4.460050110166195,6.299871106789087
2021-05-25,5.514952146724407,4.710618461723177,4.6554408744117906,4.490410627764188,6.376681455030613
2021-05-26,5.510020072260837,4.713093997781167,4.67166431733049,4.5184142064249295,6.457478411647456
2021-05-27,5.520612691721325,4.7203536902196594,4.691708110441265,4.516245082214861,6.452196971622083
2021-05-28,5.509932749114281,4.713810485644892,4.696359062669468,4.538037675777609,6.536556663991695
2021-06-01,5.551387679642164,4.722314919895665,4.69533490788602,4.530240538811826,6.511812952125764
2021-06-02,5.571727924161483,4.715167301673865,4.680583190216253,4.515771560764505,6.480098233132695
2021-06-03,5.602121765499364,4.738904586399862,4.711169331592963,4.5386739344499025,6.532307860242823
2021-06-04,5.623807775910067,4.7229741210471925,4.702153508063421,4.52176023310975,6.520222462381967
2021-06-07,5.616736262333076,4.730217863744195,4.715379463523099,4.5307433805561494,6.551442509643795
2021-06-08,5.631913254336736,4.724372691126197,4.695858531538946,4.497550185106301,6.4854783492989565
2021-06-09,5.675678280717319,4.753265896696258,4.716553592426384,4.4811781081928554,6.463112601076735
2021-06-10,5.67149051846428,4.765398246748198,4.736498674247776,4.503770223449154,6.502622782799617
2021-06-11,5.675083234694909,4.769576774755605,4.730098707066962,4.477957494241426,6.43377749362774
2021-06-14,5.662822372809577,4.7639106818436305,4.725317892686638,4.482545958057893,6.447415942077868
2021-06-15,5.614993370813773,4.727029742517846,4.702684807317012,4.449545795552181,6.418858396789715
2021-06-16,5.634420091561431,4.718465581294711,4.6748424327446685,4.377673861540434,6.2895283119995815
2021-06-17,5.553644329793199,4.648628567864222,4.600809782573705,4.299016260356905,6.1709423896663305
2021-06-18,5.618902625075878,4.726655680531241,4.689044987561429,4.391092579934751,6.324404033875727
2021-06-21,5.615508377338454,4.739317194543587,4.70620070039898,4.392014828986426,6.349619139544653
2021-06-22,5.57665953915931,4.720806052692697,4.6998221681771195,4.398820998036246,6.3734945340827895
2021-06-23,5.598565640665776,4.7430333876388175,4.74592592416758,4.4249047121375975,6.437389843251612
2021-06-24,5.64313263549467,4.782855895909968,4.774400908810442,4.460788111409625,6.464862320087502
2021-06-25,5.648440695307782,4.76821193291374,4.769358613142305,4.432710788516481,6.424497521032842
2021-06-28,5.621593280838042,4.763978947367856,4.771675236424309,4.4284643870046505,6.428274104016822
2021-06-29,5.620497226069764,4.757533005877005,4.7719555461238015,4.440445674713663,6.458791902651413
2021-06-30,5.659265038302612,4.788526991432692,4.80148729232788,4.4734113485822125,6.5025848470444565
2021-07-01,5.685697004679451,4.806340846720862,4.821395906143065,4.4822729160061705,6.489970264517225
2021-07-02,5.686711674188346,4.782664699208949,4.798440450976454,4.437381880489113,6.38126274762872
2021-07-06,5.721055073584193,4.812654526320725,4.814221253828467,4.442946671731558,6.368402509373991
2021-07-07,5.682958966814171,4.766216744654555,4.767281616126742,4.380550923646314,6.285694161145668
2021-07-08,5.715866784092953,4.819520370093808,4.836948931499932,4.472715532344749,6.440833857819665
2021-07-09,5.706617288555874,4.815616749484709,4.850225746739941,4.491563900325707,6.489780035654638
2021-07-12,5.683779608051623,4.788713710498293,4.806609541463766,4.438770519986221,6.400354228533772
2021-07-13,5.703908366418141,4.802144301582315,4.7968169098586735,4.426226661750631,6.337089252928629
2021-07-14,5.717862947715172,4.802994064154024,4.78114443132386,4.411496155572994,6.289715579254937
2021-07-15,5.726790688673773,4.7997593988311085,4.749817472524433,4.352203724782023,6.180403716504371
2021-07-16,5.6594833268523,4.730695844920282,4.662011247808444,4.249135280479085,6.05175625810436
2021-07-19,5.7022517520879745,4.806002507763998,4.745578519332015,4.363561276615163,6.232850265474708
2021-07-20,5.695102963131606,4.830656413389241,4.794151411839505,4.4287414261848745,6.362774551691662
2021-07-21,5.698190842444017,4.835284963300853,4.784977494530928,4.401045521739305,6.328208584090976
2021-07-22,5.747886720330816,4.882185513895179,4.832508819329118,4.429686857846993,6.369804102230494
2021-07-23,5.729047615660656,4.892568861319945,4.839808004288389,4.451447201874445,6.415663301017064
2021-07-26,5.7657788413952105,4.8956316747345525,4.840127092237415,4.431116570819853,6.348094509404478
2021-07-27,5.747026290316888,4.877439666278941,4.845916714022141,4.44921762584278,6.389858685008047
2021-07-28,5.75470806189903,4.9092989789654995,4.896920436285409,4.487544827299341,6.4492533222677535
2021-07-29,5.749879064067497,4.901610075468316,4.885389537842776,4.472144657300226,6.41582729373313
2021-07-30,5.745962203844173,4.896763085067562,4.877347672363118,4.458526114921144,6.406340177578776
2021-08-02,5.756455061527185,4.9284819001505955,4.916369502721564,4.503263833881652,6.4906064897048905
2021-08-03,5.705570715656118,4.893424467374591,4.878670139892853,4.469368422573133,6.431389305214796
2021-08-04,5.724186559914828,4.9110902876762506,4.898236220860297,4.523024258763827,6.512584007369416
2021-08-05,5.733450752397883,4.921117637131788,4.921806779259899,4.5535687165190915,6.550008746609862
2021-08-06,5.727806755792429,4.914766584711268,4.90424494389193,4.541536727151742,6.543442583103755
2021-08-09,5.72624451621522,4.925633444002911,4.91820892410541,4.575579581663434,6.587397621395643
2021-08-10,5.755474689626342,4.957785523692919,4.956096557975791,4.604284344069316,6.615937000586899
2021-08-11,5.7488797019639915,4.952231125124039,4.955723450075101,4.596839843133729,6.626797852836437
2021-08-12,5.7779955694417255,4.963851424009916,4.947135942992937,4.594746339013229,6.590626312373902
2021-08-13,5.799371075039558,4.969625567432156,4.957898202233319,4.59488645281637,6.549245599912513
2021-08-16,5.806567544822478,4.946326382955497,4.91589128676077,4.546114281026916,6.447707715969853
2021-08-17,5.7400575102519955,4.900536883152932,4.8646483354212515,4.498271409725782,6.401540839984664
2021-08-18,5.757299232107941,4.893467958252958,4.85313057366498,4.487543242380804,6.334963175186406
2021-08-19,5.801137506835907,4.9217560087447,4.885439183642726,4.518655800996495,6.395361848602889
2021-08-20,5.8006410538907565,4.955529504320072,4.911240704178552,4.566764986266679,6.501154741417596
2021-08-23,5.797379683134228,4.967944194885454,4.928847684289852,4.607679903186922,6.56796681816755
2021-08-24,5.796641608598292,4.984425735856669,4.949930857021388,4.646688787390455,6.642108635076272
2021-08-25,5.759412710423809,4.9496932270590595,4.915554034811076,4.61585584836634,6.594433676826492
2021-08-26,5.794422968853187,4.989921853815465,4.970968265076765,4.671462029840639,6.702437673876609
2021-08-27,5.806884575585168,4.993996500141503,4.9616660528990115,4.659340220247538,6.673930258687344
2021-08-30,5.817813167879637,5.003022212805247,4.9670593799747405,4.655452032857441,6.645101345491116
2021-08-31,5.846252978489851,5.00421397036961,4.9689358604927785,4.6436697525047395,6.622787222445331
2021-09-01,5.874349461011621,5.0305323911385615,4.997806969139054,4.673594848435993,6.679038715673236
2021-09-02,5.852029697976414,5.008614579203809,4.981090981728681,4.659562623616117,6.670525546150621
2021-09-03,5.797043721472999,4.962407648616185,4.941311479454752,4.611663390714499,6.620111448827192
2021-09-07,5.8362719420917095,4.964668774436555,4.935798348030939,4.602335868061642,6.564675584261543
2021-09-08,5.789684915813716,4.939991437543654,4.9178512538502455,4.593457042448111,6.587860649721691
2021-09-09,5.7365741749329215,4.902125903886426,4.8838025369973455,4.565603614714421,6.565264288357381
2021-09-10,5.753044786894509,4.915333548486408,4.91634262614023,4.583921040811509,6.588483111260083
2021-09-13,5.709246715290377,4.867952646260466,4.882199335340969,4.543496468601637,6.54449021528839
2021-09-14,5.722648035208544,4.904115005868389,4.924279679338457,4.58639426044788,6.662483114710593
2021-09-15,5.6990040545159735,4.903977622880245,4.910532786358506,4.5807378496088536,6.65967003063933
2021-09-16,5.678339599056002,4.859397117231062,4.873948258591565,4.5359552398039735,6.590535327056794
2021-09-17,5.622669378800928,4.817311622869611,4.801283741599459,4.454805470012776,6.4278086496446285
2021-09-20,5.601821924278086,4.799099518341231,4.798140332913297,4.446227051207999,6.418349658304221
2021-09-21,5.620798565449333,4.836833978566201,4.849925520491423,4.513543890690555,6.540551862263335
2021-09-22,5.647824236061448,4.877060721716472,4.90633674512943,4.5987018058802684,6.6887612596046875
2021-09-23,5.644094289054101,4.877280012740339,4.91184378207659,4.602118703169726,6.692869155846353
2021-09-24,5.631623300605196,4.874899258954385,4.916936231546057,4.61352540570099,6.738040660162958
2021-09-27,5.574775209092019,4.801524251814449,4.835085190212239,4.534056430754806,6.599916235138134
2021-09-28,5.616594568644649,4.825370223976302,4.837753510959505,4.5254953608323145,6.564326863646871
2021-09-29,5.556137574725202,4.751386686249887,4.76710406970382,4.459612199360485,6.4658814606879265
2021-09-30,5.595127733802448,4.790254011855224,4.825037470511297,4.53035844173124,6.564060916102283
2021-10-01,5.576968137289258,4.758617460720848,4.78211777263021,4.478927614669201,6.509378115826282
2021-10-04,5.58669376004665,4.794580340012515,4.827162782784679,4.526151514943083,6.587844353407925
2021-10-05,5.630780359723117,4.824074702235228,4.8387400627902775,4.524016762580175,6.551773936630348
2021-10-06,5.651745524660572,4.867090880534249,4.886148504494593,4.567984994724916,6.63261146947061
2021-10-07,5.638318720531436,4.8523896545748455,4.877830439845305,4.5493666063997695,6.626724093766762
2021-10-08,5.596741292606457,4.8248823933314,4.854090328864286,4.513699851173938,6.612078088620169
2021-10-11,5.60151466557853,4.8313159649159925,4.857166527343723,4.50698280495451,6.625550230516683
2021-10-12,5.640536798208706,4.857631970757061,4.863462426367459,4.516937735094456,6.632251323272054
2021-10-13,5.7285631869332425,4.937731826706487,4.950895462195326,4.596093878178813,6.754292231991933
2021-10-14,5.749208458639764,4.9534952039145175,4.9567510542916144,4.611944025903423,6.792062541899586
2021-10-15,5.720140027731129,4.943471672341556,4.965255715552784,4.62027316777038,6.836423323270438
2021-10-18,5.766227396211451,4.983441021849874,4.997816901855408,4.643401253106214,6.861184399237775
2021-10-19,5.813650325097068,5.015883070922896,5.0411080049406785,4.668025958383931,6.912037675855672
2021-10-20,5.8226595990723125,5.030263188024591,5.051071344257316,4.689385710049401,6.899540455753539
2021-10-21,5.8272789630463615,5.044565855824062,5.065012744384856,4.709022005580022,6.931035961340735
2021-10-22,5.815993254537656,5.053538198690973,5.075462843193401,4.717444954327083,6.986960394681559
2021-10-25,5.813055771508968,5.0590690242482355,5.057443857759204,4.699671869461268,6.984073026651367
2021-10-26,5.735507809641531,4.9993411997698205,5.009062523143388,4.641057242360594,6.861233960683872
2021-10-27,5.775712050604304,5.04600265962706,5.045439528889875,4.709877475465736,6.976101604724505
2021-10-28,5.766825599785915,5.045141672756399,5.03262355853461,4.70619986891041,6.968925778873343
2021-10-29,5.8049157497356605,5.064998321239721,5.062113615463422,4.748366108222746,7.0422352554721215
2021-11-01,5.799136814410246,5.090173341129215,5.0822926718899275,4.763597961000105,7.059413068562553
2021-11-02,5.840116749337234,5.11525902137333,5.113385924692541,4.792231953931991,7.104659864925569
2021-11-03,5.8390057933277255,5.103001912461331,5.116956767975327,4.780502566761156,7.123530353716831
2021-11-04,5.8623834236845775,5.139305235174828,5.150696128924267,4.822128843883525,7.222146439732932
2021-11-05,5.849083800736713,5.151496513381451,5.161584620587484,4.832486825949328,7.25540949300897
2021-11-08,5.870638150064424,5.157889555957687,5.15695800310337,4.828782716682862,7.2335528866165815
2021-11-09,5.875820254552021,5.140322631629637,5.1251790727163975,4.783442897821679,7.109105703969195
2021-11-10,5.864954930360746,5.141325208810512,5.129773591786073,4.799238770306733,7.180881016673632
2021-11-11,5.892810545751104,5.167518543508514,5.161985295296469,4.831830226480807,7.194306048215511
2021-11-12,5.923357465417025,5.174906138713744,5.173209735022257,4.833196264679917,7.197633287497338
2021-11-15,5.915422220938147,5.1800721240981895,5.19233254475007,4.853010196353465,7.221191565171809
2021-11-16,5.888076163611314,5.168008115534802,5.174335554142832,4.821960761369059,7.154011784925958
2021-11-17,5.844489933008605,5.141851505499172,5.158524252282863,4.809051148058409,7.170840080695052
2021-11-18,5.8284857576736115,5.118228022216058,5.130048894126208,4.780874290904358,7.1066340237363
2021-11-19,5.846330605783169,5.10655932884738,5.13187557926571,4.7789999949075606,7.121399545152237
2021-11-22,5.86094405875868,5.131912549317404,5.142436657251225,4.79083576604689,7.156780812616926
2021-11-23,5.8470483423894475,5.133215990072056,5.1407584631505445,4.805012303944337,7.198744410336938
2021-11-24,5.716401085031933,5.01765480847449,5.021741178389117,4.671419587933663,7.0018988180024175
2021-11-26,5.7328900476219244,5.041679145722458,5.0643382539602895,4.725809625378925,7.101334662820751
2021-11-29,5.583130870501758,4.911222003879806,4.950519467637282,4.6028958031683755,6.901858031230835
2021-11-30,5.512332532417334,4.851718554974702,4.891722163114681,4.546227420585445,6.788903552695561
2021-12-01,5.635048034005141,4.947775724045536,5.0110947090020135,4.665104146155454,6.94788777455771
2021-12-02,5.659040813320777,4.94337109258376,4.98738533752643,4.622630921500424,6.855628903709312
2021-12-03,5.788912416827853,5.02229122633483,5.057332797626215,4.673212719870021,6.88775177106992
2021-12-06,5.828206817565178,5.0800758170344045,5.1436260165766114,4.767843052906987,7.103897028419111
2021-12-07,5.857951636923716,5.0981759855257325,5.169648384968512,4.775166613122654,7.103169126374113
2021-12-08,5.823322055174165,5.066603643514334,5.146826844054161,4.735913950481964,7.007043012427482
2021-12-09,5.8374967555195445,5.093673010585538,5.172418050411032,4.771028900587764,7.067937773288633
2021-12-10,5.828626517541623,5.094653123464283,5.123468806148492,4.729337109955255,6.962521493166492
2021-12-13,5.814229443044201,5.062177961895538,5.095372471074935,4.682808701962915,6.90409282715045
2021-12-14,5.8539797801622635,5.112359809191482,5.154979509393982,4.749070027779228,7.012792074144052
2021-12-15,5.876458688620908,5.111038505441375,5.130415084634926,4.718709583854256,6.957224911607504
2021-12-16,5.855528116022296,5.080689139726231,5.073845591382413,4.667289091020094,6.901567226087594
2021-12-17,5.805744391336215,5.014468130660398,5.006472262646867,4.611175838380637,6.766368162445362
2021-12-20,5.908239325303187,5.100710950587025,5.106159179754282,4.700558631420682,6.958686584193967
2021-12-21,5.935511885374007,5.128890401501611,5.140203378069412,4.741088610127549,7.049901035090768
2021-12-22,5.975776753650645,5.158300626560691,5.181780755200652,4.773640028940981,7.1017666523420235
2021-12-23,6.004619654044533,5.214260561136716,5.2569162956948565,4.837439041781639,7.250590505541625
2021-12-27,6.023206818671066,5.236584012944231,5.266142362370507,4.837313199622502,7.214931336887755
2021-12-28,6.036205320028575,5.256919041071834,5.278946501267394,4.857944785053435,7.227865763798396
2021-12-29,6.041083382781267,5.2543998489334705,5.266761634564676,4.844773979076126,7.187118444046846
2021-12-30,6.0237743686748555,5.261932872035813,5.260608650543038,4.851901861194526,7.195322322993675
2021-12-31,6.098410002172943,5.2666637607584565,5.250323948300504,4.828366683541702,7.167996216742015
2022-01-03,6.148817869288448,5.290132598046372,5.273701252633271,4.863678159068292,7.239739559224397
2022-01-04,6.085409528056721,5.224617535067029,5.176593192152243,4.771225296256172,7.038053313345671
2022-01-05,6.0615055680938035,5.229848087042465,5.2074703664412665,4.790117677972489,7.078892357786267
2022-01-06,6.1000341914230605,5.231138103811808,5.179516691989021,4.761965733039289,6.987529759514532
2022-01-07,6.067167381605871,5.208285842582832,5.158912369578211,4.745049335465411,6.97912161149683
2022-01-10,6.145211385406525,5.22611837453766,5.205253117623912,4.792682904538525,7.071140742774858
2022-01-11,6.128986351912845,5.233363296947208,5.212382993560565,4.792770674564528,7.108581625196233
2022-01-12,6.126219363687478,5.218015283301379,5.18090564273651,4.746609536523067,6.996234960070326
2022-01-13,6.142120119920599,5.207036214995957,5.181056462977,4.723464673273148,6.964001872945853
2022-01-14,6.035843494806595,5.132570215981106,5.091116985152291,4.642249007431257,6.819050667440602
2022-01-18,5.9978124117407505,5.084387582670525,5.040854060599572,4.585150488953423,6.720188609298853
2022-01-19,5.925213434208859,5.034405529238623,4.99429439540039,4.525658802096255,6.618728506362181
2022-01-20,5.800217698187248,4.960734081184346,4.938446693830724,4.4701860502082225,6.496468670215487
2022-01-21,5.834872506392683,4.988556178529292,4.973665444132692,4.5126450734727745,6.56077451706384
2022-01-24,5.772606637376191,4.918154739891169,4.912465699257158,4.458249130847928,6.489302188648232
2022-01-25,5.703173077004778,4.882028289385763,4.882801025287908,4.442939008648226,6.453416235736046
2022-01-26,5.676673254559218,4.871571687213074,4.833373536464604,4.406990812864597,6.409755340812157
2022-01-27,5.803190302105162,4.94775558753882,4.919262515731148,4.492053281668033,6.546429303710739
2022-01-28,5.926141553560643,5.043353240645774,5.004503389794271,4.567433235701347,6.6760029132516765
2022-01-31,5.9606026504028735,5.070498549037937,5.032066684158155,4.611970026762763,6.75074847383945
2022-02-01,5.934638271957476,5.098501376738453,5.076751009701449,4.6495355463665415,6.856716711876569
2022-02-02,5.818248934325016,5.031653872783513,5.000189074800352,4.571838739570633,6.7327820486728465
2022-02-03,5.853182240717532,5.006994790366438,4.978857431637069,4.572148912416162,6.743601553043903
2022-02-04,5.865757452549268,5.014777808028383,4.968806317833516,4.57258012897961,6.75311495116279
2022-02-07,5.9218871049608275,5.061297870580567,5.008849487067831,4.610217431843866,6.814375884667991
2022-02-08,6.06389856052129,5.136458132700488,5.0988427647667125,4.675307427385321,6.926412296320023
2022-02-09,5.9626676031786054,5.050695680808511,4.994628890297745,4.618159224157669,6.819585599917231
2022-02-10,5.852713423923964,4.9979723039296875,4.929390223694152,4.549876393238835,6.724341551262588
2022-02-11,5.827981822562017,4.968891552766594,4.891970120757237,4.522658347350952,6.630951916409119
2022-02-14,5.951731925712472,5.059214525543313,4.947388712218538,4.587147211098189,6.733424920689556
2022-02-15,5.935222667256842,5.073989762620334,4.9693898013128,4.604360477066793,6.764176518490187
2022-02-16,5.7944561189987,5.001151751682199,4.8941948200797345,4.518363826985029,6.6168911671766315
2022-02-17,5.732377145867001,4.977397490185533,4.8790602379098855,4.51506692930527,6.577858366589151
2022-02-18,5.65322182585411,4.935347634296992,4.835819298041444,4.474981035359793,6.50472652963345
2022-02-22,5.514944549729966,4.838399234698224,4.759313044369752,4.402908400406325,6.419126369318406
2022-02-23,5.659340067627008,4.885602577891951,4.798607041943972,4.44135697474807,6.497773850376143
2022-02-24,5.787707012072233,5.004571163178306,4.932597257780103,4.565792601066001,6.698322019274587
2022-02-25,5.778597454291575,4.95419642648485,4.9011616022823175,4.538577483456822,6.726938512634778
2022-02-28,5.653161991781674,4.852693530495735,4.823523854213142,4.461405734146232,6.644136779075703
2022-03-01,5.772967881476241,4.960174203713871,4.936353675389491,4.553839422552524,6.817235568486892
2022-03-02,5.680144956624071,4.935700776734313,4.937886347161131,4.5666066254883075,6.7967910098914786
2022-03-03,5.540791013456634,4.88158727745171,4.930041848325341,4.548198694392699,6.805516321433715
2022-03-04,5.316500788678832,4.718683891599162,4.803704746856085,4.4326825349411445,6.61156637026424
2022-03-07,5.319176492270006,4.720388969762962,4.765358071608189,4.392203694385647,6.552248402811541
2022-03-08,5.489079756455204,4.841538180585435,4.8583349407261105,4.488759413339975,6.698439152536368
2022-03-09,5.4614627050187305,4.817739228927692,4.852783090436114,4.464083042966536,6.715128058636009
2022-03-10,5.37244965099109,4.769899522007153,4.809477889994433,4.430564820244437,6.635266233763303
2022-03-11,5.303014796670737,4.750010236509333,4.808565554624574,4.423391431196151,6.541212871314948
2022-03-14,5.42528826054644,4.832436225503215,4.887859495221863,4.496233301106901,6.643143414926428
2022-03-15,5.62376898016754,4.957743564792985,4.959795409777509,4.586925971450773,6.737878347814257
2022-03-16,5.720492457157971,5.011208729671972,5.013984353706344,4.628083761110417,6.866451918200788
2022-03-17,5.797963484892611,5.0519251374692145,5.052412934560081,4.664863179783846,6.948758965170734
2022-03-18,5.745345209997957,5.0249564589955416,5.041276595210088,4.6557779680412015,6.9992198981194775
2022-03-21,5.821487363460917,5.0661931051095275,5.060984667551116,4.692910922978615,7.043585615730525
2022-03-22,5.718091351562797,4.9931852868124125,4.9958673537771,4.61783715401749,6.99885767723144
2022-03-23,5.796272831112962,5.045158319847592,5.0503741807903495,4.666749320693337,7.1138558180834215
2022-03-24,5.790965413757625,5.079160450246383,5.095204846304439,4.702713514849363,7.171459785692486
2022-03-25,5.825133004216248,5.102074858556581,5.113421705211914,4.716583975268242,7.16864650745524
2022-03-28,5.97280616773775,5.192953250685747,5.179217883122118,4.790871565937491,7.225636769163082
2022-03-29,5.89782199608216,5.157996144155837,5.150099652769241,4.764060388314625,7.185977168295142
2022-03-30,5.813710551447785,5.070328542357867,5.08730171741262,4.704409371426381,7.1052884135285
2022-03-31,5.830371391011145,5.096945309626023,5.1109517828488,4.7243019921522516,7.142185318512277
2022-04-01,5.890198863809405,5.107404509488193,5.112005332173599,4.71167857258593,7.1390606813183
2022-04-04,5.764945850626368,5.057216090853833,5.072538263786408,4.673645016684078,7.065399283061854
2022-04-05,5.647459995582147,5.004329746159696,5.057044586034971,4.678943319997078,7.091427001087254
2022-04-06,5.623826596752781,5.019314773773938,5.075193757209563,4.693676812418197,7.158142410891421
2022-04-07,5.602702269026574,5.013255289751098,5.086384063932281,4.6945328007160105,7.208475200288189
2022-04-08,5.574303749868952,4.9695930237687795,5.032642888078297,4.649533239990464,7.094393616961096
2022-04-11,5.544183667647829,4.952537030267212,5.018387250296976,4.633035212672477,7.108757496289189
2022-04-12,5.648401342969687,5.024091603435241,5.064816065115083,4.670846360962965,7.186477607555673
2022-04-13,5.574248605199935,4.986017083639513,5.038339530501961,4.6421473446198025,7.15272632436615
2022-04-14,5.524714052039528,4.969921927249376,5.026719759303219,4.634008768837036,7.16673981068155
2022-04-18,5.68958148495601,5.082909529788531,5.121205459722754,4.707109373105844,7.223390227381123
2022-04-19,5.64791651701871,5.121317879558247,5.181523849163011,4.765427741526973,7.267712114324816
2022-04-20,5.56031402982246,5.0620780807709975,5.119726723559714,4.685926336884575,7.093562803186359
2022-04-21,5.416972292747434,4.917273961322398,4.99067578086705,4.549988895291753,6.871503531899998
2022-04-22,5.4591234602202805,4.945827937434816,5.01479066309503,4.559338280004113,6.8503793830431565
2022-04-25,5.266675729719443,4.819302708816221,4.894933825817993,4.466707080014287,6.719371219321017
2022-04-26,5.275236007560227,4.824813762817355,4.889630280548002,4.478810234412402,6.749492072971028
2022-04-27,5.388688459618412,4.912307549283686,4.9710513096999955,4.565697162173655,6.866271391281332
2022-04-28,5.2191446721073085,4.756033963427648,4.833216068872337,4.418527375758956,6.6213648485546726
2022-04-29,5.285118927805273,4.780473942241668,4.840920912007015,4.409666428951888,6.623328344940683
2022-05-02,5.327200829328345,4.801318906919485,4.862593688901557,4.426226592533109,6.71118740175358
2022-05-03,5.498085133477899,4.949388775345015,4.994214661421515,4.534078288234628,6.902864067060565
2022-05-04,5.265119978500229,4.785465702069723,4.836239290343577,4.40597305369819,6.695991245658096
2022-05-05,5.173427663897375,4.722249911722768,4.778147714687575,4.373990662105063,6.680245829098253
2022-05-06,5.003757879746181,4.616034228014983,4.607586937954469,4.277057651145214,6.3250584659607725
2022-05-09,4.962671728634585,4.608875288413599,4.611478860398126,4.270345891848593,6.370516448984759
2022-05-10,4.819440408771393,4.537292421934335,4.561391278222787,4.235496176192852,6.324231992501817
2022-05-11,4.892582049588213,4.590943503506711,4.569831771412706,4.2309185532902385,6.327082563952636
2022-05-12,5.053859675674435,4.686175646160374,4.676816091936748,4.314350785583373,6.539247869761649
2022-05-13,4.992428136075864,4.65192270523396,4.651858288440385,4.301618423897672,6.543296152349538
2022-05-16,5.165960070317333,4.771564645534351,4.745198179300029,4.355160240066831,6.649158550293441
2022-05-17,4.9376662025690425,4.600126736681569,4.5726835927400655,4.192237828922083,6.372911323548071
2022-05-18,4.950942852365,4.587902883290108,4.571756694931431,4.169581237657779,6.39150323189906
2022-05-19,4.9466685655501434,4.5944494309802515,4.595670556898992,4.157883868078709,6.39157832718904
2022-05-20,4.985635197361667,4.659528640895189,4.649681231527286,4.220185765517493,6.513875735205428
2022-05-23,4.860769419839653,4.6104085828472705,4.620731913955661,4.216411298681203,6.51188650364678
2022-05-24,4.965311365407386,4.678922893000834,4.669340228213841,4.241600319568924,6.597323488839452
2022-05-25,5.125994038712829,4.799882102444879,4.750717419927483,4.302712076596287,6.732379817367814
2022-05-26,5.276862533651474,4.923093870806292,4.868182915264537,4.393262922036539,6.883826616930307
2022-05-27,5.227204327270122,4.880466833330022,4.818180873656969,4.355575480329426,6.793936828028613
2022-05-31,5.130853585180011,4.819904871187637,4.777116756458017,4.314842945014503,6.759169308182816
2022-06-01,5.289219619355113,4.919805195496643,4.867072370353095,4.378023790569831,6.862829224231755
2022-06-02,5.184448304022122,4.848680498761841,4.806938451279317,4.332502195010826,6.814819928968447
2022-06-03,5.210949334540999,4.86063632082077,4.829427281861437,4.347786226418742,6.8288374928346816
2022-06-06,5.256391719824771,4.89871802859695,4.880321388973958,4.385231581633779,6.928799108399763
2022-06-07,5.196576784933033,4.823872534617292,4.808388975648799,4.304441007159455,6.836432773710471
2022-06-08,5.036159776672111,4.716643851067292,4.712222121944419,4.217074941867183,6.678598609288745
2022-06-09,4.832658228342113,4.570577357006452,4.591795505410138,4.126579891010341,6.549600975245545
2022-06-10,4.576058094252835,4.380402434161437,4.426121871544786,3.9703341063768427,6.292127660927401
2022-06-13,4.556232066711112,4.3564205342166185,4.391862055886364,3.944117467099674,6.258756812901993
2022-06-14,4.655261928497603,4.42374833364896,4.446832621070321,3.975124917927826,6.269119919621732
2022-06-15,4.428503114723506,4.246097400453488,4.291634258161899,3.866354464821525,6.04848314855787
2022-06-16,4.515157843740381,4.274671868224144,4.315177657967672,3.858053154625449,5.990327228875005
2022-06-17,4.559680700517302,4.3500897263949145,4.38930960079071,3.929163042305646,6.160771320234511
2022-06-21,4.575008694392637,4.346975615768222,4.391649758835823,3.9203005318093376,6.099612472281346
2022-06-22,4.6887815368157995,4.385571840563737,4.4204072647960375,3.9489852775183674,6.074021625614467
2022-06-23,4.900578291263022,4.53893977816406,4.5631432921205315,4.072523854855427,6.226528776621607
2022-06-24,4.839228596744891,4.527283659988692,4.559097994796529,4.07307351636768,6.301405956130679
2022-06-27,4.6996162946675195,4.44564225819236,4.4913213105991066,4.013880324359599,6.282605570132089
2022-06-28,4.647618079376598,4.41863056569052,4.4740504047322105,4.006422273367636,6.227818410406412
2022-06-29,4.577610719217018,4.389348639873587,4.4434602303603885,3.9903428650322117,6.204525201217004
2022-06-30,4.655897934466771,4.440178205531424,4.485258463475814,4.035912566147889,6.267359678021417
2022-07-01,4.76070170827947,4.447900999477837,4.48265577308567,3.998868132828458,6.116056878188724
2022-07-05,4.720216434143276,4.446446148689843,4.491060155245989,4.0180363039678095,6.127123351251144
2022-07-06,4.833125293501145,4.513252037564738,4.550553365185408,4.061944331446266,6.237826370439834
2022-07-07,4.798411129846889,4.491458239558813,4.533010898248839,4.0577798461758645,6.234213040922452
2022-07-08,4.678208683869362,4.450449482496422,4.505268886334959,4.039965705360621,6.203210454126356
2022-07-11,4.678489385971781,4.426512433478384,4.487576818452566,4.0153638688402316,6.143427219923193
2022-07-12,4.656035363632447,4.395668566320815,4.463065107505556,3.998493137036892,6.127603072780674
2022-07-13,4.603599944026073,4.367422565972236,4.435030848660771,3.9789079423797684,6.0588401668511604
2022-07-14,4.7320760586058945,4.459167981578634,4.53054718650225,4.036277121403306,6.155379690634887
2022-07-15,4.735898784100243,4.43265596908831,4.504717528514619,4.001373256022967,6.150869245254015
2022-07-18,4.92343114008823,4.578182755678646,4.640879851510761,4.086967643951273,6.31218162730933
2022-07-19,5.0594146991199045,4.6183207130110615,4.65603191234639,4.084611839568973,6.323779210011071
2022-07-20,5.117997252433603,4.675634044992247,4.7011614697432975,4.109350043408828,6.328232978284409
2022-07-21,5.040225146168201,4.645942394850801,4.663360648875549,4.107589013710013,6.300121250345745
2022-07-22,5.001553850932489,4.639666953836805,4.673903729705532,4.134237751229684,6.399142029570349
2022-07-25,4.897652240338587,4.5981789901966525,4.634935674556139,4.128206887403165,6.365614757368877
2022-07-26,5.065230718646442,4.69718186588955,4.739167177026726,4.1792767194840135,6.449534847634539
2022-07-27,5.138746717673243,4.786029355636371,4.841073369280136,4.23857239096109,6.50988269983407
2022-07-28,5.19433103288648,4.840903935128392,4.889032993315495,4.265546744668,6.619591659512053
2022-07-29,5.205824606719763,4.8364411552469715,4.875181257151501,4.258293914338407,6.577132479834152
2022-08-01,5.2127620354526005,4.791688935845631,4.839387729628086,4.231684050811397,6.550129920680902
2022-08-02,5.355894806152261,4.861589863921547,4.898352155930114,4.258822974108738,6.54309913978661
2022-08-03,5.386612429492952,4.8671124508157515,4.894380278814673,4.248837622504985,6.469536173325828
2022-08-04,5.376219803588477,4.873758731584528,4.897871124337799,4.258124637824832,6.52415064414245
2022-08-05,5.40911661819881,4.881842249433409,4.9016915540925545,4.271598039196486,6.545546684363738
2022-08-08,5.284594130890827,4.812877635215626,4.873519204067236,4.28739362466448,6.587714854056174
2022-08-09,5.510166259282443,4.9514342059201795,4.996123026291446,4.347610734656964,6.646832039904694
2022-08-10,5.511303393178272,4.967885251112601,5.013471441724356,4.352288825249204,6.702165538674827
2022-08-11,5.625154284774163,5.052547828909616,5.093052176598259,4.422148842814721,6.793533391535018
2022-08-12,5.627051560143591,5.061362162148992,5.100513136273809,4.446583718194525,6.792930915206477
2022-08-15,5.6406273524962645,5.076850377652704,5.117041382139036,4.465493582761391,6.802917822299401
2022-08-16,5.517180672259976,5.010604350608398,5.075403093686594,4.447109072280437,6.792295884415384
2022-08-17,5.504717899549257,5.037825725050601,5.086379146382094,4.466448056414437,6.861200482664889
2022-08-18,5.356424933816337,4.950988531392733,5.009922332545368,4.433942403495675,6.825664467957195
2022-08-19,5.188894346969967,4.837339720803587,4.901080696629589,4.356209727739947,6.748318894162633
2022-08-22,5.167770408411254,4.831467874752529,4.880756162803875,4.340795184375308,6.790154575593341
2022-08-23,5.2180642261280035,4.845945269385503,4.8939682356772485,4.3536162722078044,6.84933529617964
2022-08-24,5.332045442268716,4.93713724054863,4.97817279274135,4.403035887455906,6.907613597802693
2022-08-25,5.1050043316618865,4.74358997095313,4.807248664996482,4.294002859759114,6.755165010538393
2022-08-26,5.063729217169064,4.695496608566856,4.7754842772304595,4.274454570321083,6.7551068318084795
2022-08-29,5.025162103069067,4.6531002588896335,4.729036440179547,4.224346777172162,6.6225611082102365
2022-08-30,4.984270190267572,4.6165208138448115,4.6948721907982245,4.198536960473092,6.583352483207123
2022-08-31,4.984239196644476,4.609594166020407,4.696760070090611,4.213434455079194,6.55981872751503
2022-09-01,4.932643317272432,4.57399523919583,4.64468293871631,4.173698353404804,6.564234965440606
2022-09-02,4.910544727337134,4.560075049201329,4.64406007650121,4.167297663304516,6.520889025957473
2022-09-06,5.055321585819826,4.6625670116284486,4.748176914137917,4.249920990704805,6.61488457208437
2022-09-07,5.121893825305092,4.717042028556606,4.803612410268535,4.258799874260357,6.65937010236753
2022-09-08,5.249089550133001,4.7990129942816,4.862321861074054,4.307560498053674,6.732401138336242
2022-09-09,5.327753518401787,4.852901866459667,4.905734285976607,4.335706775848589,6.773051636137485
2022-09-12,5.0673119228440635,4.636607003278664,4.715688260780007,4.187063726594423,6.571489196329827
2022-09-13,5.080764852035022,4.613913607422701,4.697542708594653,4.195539471572821,6.613241819320499
2022-09-14,5.057493200979332,4.573730021179443,4.673691693399395,4.140959525754642,6.553104082214488
2022-09-15,4.9555636458629095,4.519131360873016,4.622651502493298,4.116856212149303,6.502366285868923
2022-09-16,4.981545040904808,4.5575159557740745,4.66024506068402,4.152055958922258,6.5652983553795075
2022-09-19,4.875908891462938,4.476346705326518,4.576984251917311,4.0960080187547705,6.499927453528844
2022-09-20,4.771230106955365,4.403291679493408,4.504340711211794,4.040014660009474,6.41538424266929
2022-09-21,4.640544461945361,4.320064876244026,4.441193982427804,3.994072950961911,6.371709152123928
2022-09-22,4.570180402810654,4.264251169994948,4.378552623592022,3.931921687199978,6.181500565395945
2022-09-23,4.507865609581287,4.2007851186105025,4.316493245479819,3.8806427600191067,6.0825528449172035
2022-09-26,4.5108868566282485,4.181515945262885,4.301118622405933,3.866585685108834,6.0868768152619825
2022-09-27,4.663117320207961,4.2854226367610195,4.3915347657277195,3.9359097447068065,6.235647627714459
2022-09-28,4.540353663821974,4.197952980386642,4.325815595106048,3.8587796602119435,6.130178256166146
2022-09-29,4.459126702832219,4.155792488766049,4.285581638421128,3.8153841481429853,6.081506846252567
2022-09-30,4.583247068750714,4.283124301868482,4.410479996285763,3.9135686690197233,6.28346768945155
2022-10-03,4.8100780865457144,4.4396916093551395,4.557115388480141,4.024926326514931,6.463991823918589
2022-10-04,4.789125461697927,4.420609067305864,4.541149674371391,4.001513555450491,6.449847094500087
2022-10-05,4.754490818023366,4.362404249910694,4.494654261971141,3.9438597684023327,6.387634703293312
2022-10-06,4.579280482308537,4.225291021950883,4.38826638213914,3.865429734864726,6.27785670452408
2022-10-07,4.515116959877262,4.192185886103195,4.361704070652415,3.851374456633267,6.271777159068227
2022-10-10,4.451625376878222,4.159329168192425,4.349773547122423,3.84168879709005,6.281063680883845
2022-10-11,4.475435496731038,4.133685256946469,4.325981591258762,3.8073117848955826,6.206973011386508
2022-10-12,4.564337669722712,4.232045551311952,4.423370123307871,3.8943320487903494,6.365154018892046
2022-10-13,4.45086479448277,4.1343728263460795,4.32538076498769,3.8089409246961003,6.186954335311509
2022-10-14,4.592346795615878,4.247923572272249,4.437821787817813,3.8938033190828456,6.289174943718929
2022-10-17,4.664708164859023,4.300269596827802,4.497429683464185,3.954147189693012,6.385546143093165
2022-10-18,4.573817279716936,4.222008003751714,4.4442458959421405,3.9282342254819502,6.371795742916139
2022-10-19,4.5587278274129694,4.18136279118994,4.384401438618688,3.865472187721002,6.331188748881407
2022-10-20,4.6681235258662275,4.290747098721505,4.492993473177153,3.9547858479536213,6.475266824629178
2022-10-21,4.70652454513276,4.335790149799975,4.5302422817539645,4.001001110312774,6.5479626408459435
2022-10-24,4.860389177161341,4.454725472894846,4.627724851945981,4.052206177499369,6.623339002115949
2022-10-25,4.848714266715196,4.453457577185366,4.624784951632275,4.068363324937694,6.652522884250167
2022-10-26,4.813315491108443,4.447958576092707,4.628611341211579,4.0949798400156014,6.693733634151044
2022-10-27,4.927357022641836,4.5174173300361735,4.7370221479883305,4.203068286524209,6.823636177647413
2022-10-28,4.869990921756183,4.487450687316698,4.71904457737497,4.1855022837204805,6.830532336696894
2022-10-31,4.892253269730264,4.492151683679074,4.742116471773929,4.195021621856043,6.84962925973732
2022-11-01,4.723627850364744,4.362592666931676,4.628569864208917,4.109931098710276,6.739001293714091
2022-11-02,4.696056304255033,4.306424742459975,4.604108276079616,4.086601796789794,6.770991452024675
2022-11-03,4.754387625433166,4.413433689762415,4.701046685862659,4.129531755046347,6.816420231146337
2022-11-04,4.7981854781672855,4.446523181338716,4.73281349863106,4.14271365590542,6.880894752726393
2022-11-07,4.817158742655561,4.468317044548889,4.74693774671545,4.174054912665971,6.929318066244723
2022-11-08,4.682218648833997,4.3935588551883775,4.672951847644267,4.118575685481842,6.785344304100084
2022-11-09,5.107938542233667,4.72175643329205,4.940097105240933,4.278975972380381,6.967140596649791
2022-11-10,5.297035900872245,4.807635925476977,5.002240087946708,4.254906193360137,6.896583613887854
2022-11-11,5.178014711182396,4.728722144773655,4.951854086826074,4.219194574420627,6.871506787469015
2022-11-14,5.285502055560624,4.784803230429307,4.991924046270026,4.2546623056744854,6.918624473596446
2022-11-15,5.104620199736973,4.718661738604517,4.957424001188664,4.260322101637614,6.889093270836734
2022-11-16,5.058990716187721,4.673565917351514,4.921770485355613,4.232561265003181,6.9096213483312825
2022-11-17,5.05257505629021,4.704904452651254,4.967702620446203,4.2890595545327,6.956369601272191
2022-11-18,4.985595587214335,4.704912842919503,4.965585819450199,4.305867561196599,6.9595715160662515
2022-11-21,5.055650129867227,4.756892569159627,5.031701640805882,4.350005791983119,7.065550513299788
2022-11-22,5.124863306817104,4.791688409312797,5.057524051544968,4.3658561658156065,7.049948107946224
2022-11-23,5.113282820336496,4.802574540559232,5.0722701083164505,4.38434134302542,7.080258490894934
2022-11-25,4.99342220897352,4.712976628268571,4.985968071129307,4.334241024353837,6.982417517438796
2022-11-28,4.998307518823281,4.739863577033791,4.998497930959135,4.339784413593764,7.010117172454013
2022-11-29,5.1977527546116,4.853010499980642,5.128173489858224,4.43307118253832,7.126836643694004
2022-11-30,5.21318426740403,4.859878240389532,5.143168595120805,4.436589179453971,7.084916138762738
2022-12-01,5.184857815369915,4.84708984084794,5.13910216393689,4.439618620675083,7.10906807152416
2022-12-02,5.039903622354042,4.745512506533048,5.046727210276602,4.369909592027587,6.979915970564939
2022-12-05,4.926460424835897,4.6862999838617085,5.001606050871062,4.341157852705825,6.917069538765597
2022-12-06,4.889645420237563,4.681063289522314,4.992498117888803,4.332470674437068,6.916575467712618
2022-12-07,4.976953678454965,4.726606416125816,5.034570510443277,4.355222546365535,6.90662471456423
2022-12-08,4.956517698320374,4.697105667192068,5.005572742340394,4.327718003728874,6.802433954814124
2022-12-09,5.019605392342362,4.762874150958113,5.088073975369618,4.3918390787347565,6.897193586995015
2022-12-12,5.098036149328331,4.822366875693105,5.115748976833126,4.391231086517981,6.910068290560853
2022-12-13,5.051182478604454,4.779496911758911,5.088146348684105,4.370303194424174,6.883792196044737
2022-12-14,4.888184305547859,4.663124283143884,4.966610209196673,4.276843201069365,6.780218280632985
2022-12-15,4.802035492587132,4.596247850195866,4.916607803521045,4.242564215436223,6.735434756790453
2022-12-16,4.715894197693761,4.5512566125422,4.874642425459851,4.214645897883176,6.695360604017224
2022-12-19,4.715712306427542,4.545999475955787,4.87297617728867,4.22520391172409,6.737405221083731
2022-12-20,4.794405601166451,4.614490436599373,4.945332406251675,4.2814413777751446,6.831170932349601
2022-12-21,4.712898617126526,4.569601408275632,4.894966120291948,4.2463715867502865,6.745988808203446
2022-12-22,4.729351153733103,4.591074326001122,4.923042582756702,4.273676259335414,6.816913321651085
2022-12-23,4.683255262250504,4.590760908053596,4.929786788661616,4.284948532025891,6.828628446052876
2022-12-27,4.620914246455233,4.528837580695967,4.865500809773741,4.238761022267703,6.716571902821904
2022-12-28,4.791428334380334,4.6228848898007096,4.944864012864889,4.286581040058705,6.757074265916017
2022-12-29,4.779149541319307,4.595804417657676,4.920029413669015,4.264762325766379,6.746351881836781
2022-12-30,4.782284110662979,4.6193267688368485,4.93947731771106,4.252633004546842,6.644587575096527
2023-01-03,4.902206612454927,4.714483546422357,5.016313492422309,4.287775692342558,6.662650263497592
2023-01-04,4.817422438432659,4.642601108558162,4.952437378431912,4.234392851658849,6.645217108871831
2023-01-05,4.9407695629936095,4.761408509260419,5.0790927510575266,4.332024354539872,6.800208901462987
2023-01-06,4.995485812338225,4.770610381090408,5.084389815701087,4.326073494954943,6.768480006997932
2023-01-09,5.0511933587083115,4.814363472987878,5.115493746740753,4.346132842228485,6.8021832213602655
2023-01-10,5.1556923972631505,4.89300274161816,5.179577604082711,4.377858292477373,6.844187162206281
2023-01-11,5.23242949783862,4.9114070111441,5.187602413429402,4.37513916669816,6.886917185289146
2023-01-12,5.249622492071903,4.9266016658665235,5.202542117641635,4.384700597272861,6.903878118428342
2023-01-13,5.276835744241449,4.917144641730999,5.190738572358441,4.372067855448792,6.872278099955363
2023-01-17,5.196037273486075,4.847657069868223,5.11438169138626,4.297336571729582,6.762984378726417
2023-01-18,5.112172869639625,4.803074261474502,5.0416304716184275,4.253446724871259,6.7296773486713715
2023-01-19,5.2694710984767115,4.909923220555184,5.124199336841236,4.305405941859848,6.783207969735585
2023-01-20,5.4264502452721715,4.968734516735638,5.1809689306344415,4.335652015124776,6.811011754740192
2023-01-23,5.376650804940151,4.945583156474079,5.182456908346101,4.342248635544428,6.84086083435304
2023-01-24,5.392838124112209,4.95865018905806,5.180338215152373,4.341720952663545,6.857131338437227
2023-01-25,5.4690854089596845,4.9934582707012,5.206702773835339,4.3678654057978745,6.927365376516633
2023-01-26,5.547848258335403,5.023004346393404,5.207622157512624,4.354412065624894,6.872675828234726
2023-01-27,5.448255161074955,4.9734507420191925,5.165853120387403,4.319963787697788,6.821453149001434
2023-01-30,5.569628846098538,5.065491655373353,5.265050625412691,4.377441552722497,6.896371134012183
2023-01-31,5.7357861513210375,5.128017288153017,5.3332582260209165,4.406265857140127,6.8921483415231055
2023-02-01,5.983289448735576,5.219603236987203,5.379908579599495,4.4009311313357715,6.814503691541917
2023-02-02,5.823880593782962,5.1605202672836965,5.3392229349973155,4.362633103144083,6.802134529236461
2023-02-03,5.730381958280791,5.093771611747647,5.3041014654346155,4.35932053981572,6.7949205299335125
2023-02-06,5.825451106026777,5.131618041946106,5.336712533290169,4.391582459413078,6.850729761861602
2023-02-07,5.757528634124808,5.088598668580875,5.291859193200369,4.346349443448214,6.8169693614215765
2023-02-08,5.684606376709633,5.023828147992834,5.248662610213541,4.320103832214265,6.786070281787531
2023-02-09,5.6201463676092605,5.013592651633684,5.274335321111209,4.353525304268454,6.892616646624468
2023-02-10,5.693887576774308,5.081436758679358,5.332924239627208,4.393606642959352,6.9330327520808215
2023-02-13,5.752608589057974,5.0679567168612545,5.3111833360514575,4.3716936420898165,6.9190263327781905
2023-02-14,5.880181341941005,5.096628032961565,5.337289036235432,4.39111251539413,6.923043295514872
2023-02-15,5.776752405779935,5.036274523501742,5.28331682120116,4.356898459527102,6.868507534855486
2023-02-16,5.727449354135492,5.025562459186234,5.287980109417537,4.362655487021683,6.834227434509996
2023-02-17,5.554494097471365,4.903171334582547,5.171381294610574,4.291984908214777,6.74717557664073
2023-02-21,5.567570691734144,4.893062023799715,5.162641664309035,4.280751207428386,6.736069699266208
2023-02-22,5.592980056415307,4.911500009399281,5.1767777253427,4.292935866756602,6.789409479696724
2023-02-23,5.489505426308744,4.861425046563211,5.134050321503045,4.269632521793665,6.771341529466793
2023-02-24,5.500020416572539,4.86611044999463,5.130768875828634,4.274206923861071,6.784045796000786
2023-02-27,5.505854571701239,4.863391865958506,5.108328556777913,4.256691395957686,6.755312314780123
2023-02-28,5.471571950942222,4.839698470899849,5.084945220545904,4.243839098161967,6.805210470790184
2023-03-01,5.5296848881787115,4.870355606660306,5.135880406809812,4.279964637338531,6.839095367979582
2023-03-02,5.617218105465364,4.937992088691268,5.199684092976806,4.33375851092166,6.927089096391266
2023-03-03,5.574569119025205,4.9113989470070605,5.179498100519643,4.327720411101766,6.913145362038022
2023-03-06,5.474994680200368,4.8127654293492705,5.09945575205696,4.273523370953012,6.837474520899695
2023-03-07,5.500195805636746,4.8230089128441405,5.1164741421147895,4.279274722185712,6.848945310638724
2023-03-08,5.363071950525306,4.723560014320882,5.023232949742813,4.193184028217895,6.715696025307734
2023-03-09,5.2157523457014525,4.623547780028958,4.929028497148906,4.1117007731152375,6.584032361920362
2023-03-10,5.206898625100292,4.583132871322058,4.892717782452502,4.083071598469183,6.494425749839584
2023-03-13,5.258753910264818,4.657019199447705,4.956465972393085,4.136790896668624,6.607815376530812
2023-03-14,5.255309632427184,4.615567686682635,4.895785225898899,4.041868228116549,6.433975665078001
2023-03-15,5.336174350114853,4.673734744225045,4.959396259664233,4.102911859146232,6.54523634821713
2023-03-16,5.265928029957116,4.587683802466979,4.877127646418212,4.034873801317874,6.4298497779684505
2023-03-17,5.300593731389389,4.644389009390242,4.949731878972027,4.09838189107405,6.535015743129197
2023-03-20,5.396339478847211,4.701330246518248,4.998992437379507,4.155258095422356,6.6407938959562465
2023-03-21,5.262796917385018,4.577919448476011,4.897069238911277,4.076304855612969,6.525321484736588
2023-03-22,5.2553862674934395,4.569363058562161,4.864602612457283,4.062090875129732,6.508431627016341
2023-03-23,5.279326104186896,4.612576376363705,4.91523173064249,4.084556705397113,6.5328832696389805
2023-03-24,5.291575884130643,4.634136616060862,4.953542374734162,4.118485723129061,6.585128576185776
2023-03-27,5.294406460158852,4.627636815119813,4.962946226663868,4.13359860980527,6.612423438447442
2023-03-28,5.406063622563855,4.711938431487944,5.036034370016183,4.186553660339605,6.682761930640278
2023-03-29,5.458250786763819,4.7339094036825955,5.057716734803257,4.196563837780999,6.704626817393019
2023-03-30,5.574917387577586,4.795776248356152,5.131123101917873,4.252944307731823,6.802860404153406
2023-03-31,5.535346509881369,4.781869918579318,5.140785926989749,4.28303659390025,6.832232888086754
2023-04-03,5.515537797176732,4.752415885976621,5.096474970035836,4.226062335628898,6.693330261955515
2023-04-04,5.464774847767221,4.76607670082339,5.0913052120565805,4.2161909492257985,6.650796433160901
2023-04-05,5.479022983759766,4.776960841689231,5.097321597633576,4.205402295610119,6.622340928564646
2023-04-06,5.51677063076885,4.800354819352477,5.125559446570568,4.23091195037019,6.701346315683307
2023-04-10,5.560343142998371,4.82728462890159,5.152124694010893,4.254955124536985,6.733765862342075
2023-04-11,5.496894125437561,4.7971217544374145,5.1372945730514035,4.2483930659000775,6.737299050207566
2023-04-12,5.55765120452099,4.834232915313683,5.174053643131132,4.2871776294895305,6.7683836292618
2023-04-13,5.511013709558098,4.809051061621692,5.152133604851104,4.285321039697403,6.7672015846353935
2023-04-14,5.568888306156305,4.856960749496085,5.168021969562528,4.303031520605223,6.797481702792516
2023-04-17,5.5573883432839555,4.8623944729880515,5.174526196012984,4.309459385343233,6.835874521252283
2023-04-18,5.558904291779651,4.868885844123469,5.177470026043189,4.311771436186997,6.786721962197219
2023-04-19,5.464136589689856,4.830039152157928,5.163428776804795,4.308913198837822,6.7918880984462255
2023-04-20,5.466561922122388,4.828123413834867,5.16539821164979,4.297836628393953,6.789138652563341
2023-04-21,5.460600851718663,4.8428704723699925,5.170083532585971,4.302133395890271,6.8122608919371475
2023-04-24,5.348914934985926,4.757919046204773,5.0987795429149205,4.218709444597675,6.707775658955173
2023-04-25,5.317765668200051,4.707417377211226,5.047113450134788,4.187059909827731,6.655462843181172
2023-04-26,5.438182546828292,4.7760245952944995,5.113083613937862,4.258665463370856,6.762798412119211
2023-04-27,5.518900346678893,4.8153557549920425,5.164944221977857,4.298734462132016,6.817332931267821
2023-04-28,5.478482002664957,4.818232856361045,5.174015264595934,4.29986548323507,6.849514774108359
2023-05-01,5.375964049485728,4.730066886674662,5.12006426966084,4.250166843277669,6.785283948291621
2023-05-02,5.368920736920931,4.69378493160814,5.0884266134850815,4.218685405643207,6.769921735540303
2023-05-03,5.3166876040592665,4.66437300896041,5.054401431886904,4.189951827674862,6.700116588477631
2023-05-04,5.46266976837648,4.750990872424786,5.127697766285443,4.259474332675331,6.798737998827516
2023-05-05,5.4633952677932385,4.743290718034389,5.125725029148248,4.249873638077049,6.816938301244282
2023-05-08,5.45334824798496,4.717705286510313,5.110864873486621,4.234410005751133,6.811079972537971
2023-05-09,5.4394788179559725,4.717474999748874,5.119525928557649,4.239605291911147,6.82385426398089
2023-05-10,5.407869342605894,4.687390754010526,5.091899545576348,4.220782299140394,6.814915804639841
2023-05-11,5.374985466619539,4.683552276858437,5.104832014977182,4.215903710490718,6.8360806701286325
2023-05-12,5.462181821483155,4.699301759311268,5.125272185092973,4.244420950049919,6.857887091563726
2023-05-15,5.357288338007132,4.624166634990692,5.060129973798997,4.189207594028732,6.792273858800427
2023-05-16,5.47813268344931,4.678796217885757,5.130836621756083,4.239695072587861,6.842935436940779
2023-05-17,5.521132569988342,4.706227172994564,5.15667124882028,4.284699349436187,6.933359932944162
2023-05-18,5.478612532418161,4.697157991047333,5.1527575646130686,4.268780321821017,6.909989738667957
2023-05-19,5.530598825513517,4.71908457483631,5.165107989912525,4.270907829833315,6.881469555498347
2023-05-22,5.514708323900418,4.698679762365282,5.117643882542507,4.198598645817361,6.738998003346345
2023-05-23,5.42916067887563,4.645360716848001,5.055414124389701,4.158880877117915,6.704215190099351
2023-05-24,5.4080750114745415,4.626936334811282,5.060968532498337,4.175685254828704,6.773648146236952
2023-05-25,5.484000093071179,4.661719949816121,5.110332972103665,4.220749605740614,6.830485660573826
2023-05-26,5.499398316539543,4.652959288973529,5.105223408802861,4.199586315511357,6.838296200611037
2023-05-30,5.438199019119565,4.621932118602952,5.0575884393456585,4.176466128094475,6.774730747741756
2023-05-31,5.50104028774507,4.658942942436287,5.081157234848108,4.222793684892401,6.824954271295727
2023-06-01,5.647311539995781,4.752779719153302,5.191124881282664,4.304174331941229,6.956345091522054
2023-06-02,5.597880993001198,4.743353065205775,5.1648602529749414,4.2967444799461285,6.94511720130725
2023-06-05,5.6760623961717735,4.779386758896836,5.186347611152178,4.309445395916446,6.966666308433063
2023-06-06,5.752596427064741,4.836285644395095,5.242043236232032,4.319563235159946,6.954573568629759
2023-06-07,5.78128061449339,4.821333932717378,5.239038554890192,4.3365128928202985,7.001458945253144
2023-06-08,5.749332839743939,4.8134655496806005,5.225021561868264,4.32436011200737,7.023667169058582
2023-06-09,5.790728032804203,4.836149499244324,5.253487787282929,4.35594819599751,7.090241045852509
2023-06-12,5.876845148604644,4.875529871274153,5.302418653805004,4.401863304066118,7.139129015109689
2023-06-13,5.842825796666758,4.871216806267373,5.290387456122291,4.406583989895385,7.150922096714196
2023-06-14,5.935032911630029,4.923242616157836,5.355761825369347,4.454325435041581,7.234283625075963
2023-06-15,5.942809847238343,4.924786403228757,5.354783062869976,4.443264731757806,7.201656625028811
2023-06-16,5.869435813204801,4.86587978625469,5.310407797313218,4.406862770743131,7.187884719393345
2023-06-20,5.828097337389712,4.863508987755224,5.307232903110513,4.412952797315053,7.19135004419149
2023-06-21,5.782703727829545,4.835170971009634,5.29046622368022,4.411628850198944,7.18795595124246
2023-06-22,5.708079860320293,4.790711057858823,5.243662887250608,4.388270393463355,7.141104101375604
2023-06-23,5.766662910510553,4.832977769936015,5.271693386676167,4.39649988272191,7.1461812461048595
2023-06-26,5.847699831732625,4.881680821091837,5.330484100780179,4.452937503341786,7.2813124937054
2023-06-27,5.838887505162113,4.8649769318160425,5.320234504448315,4.454683506117462,7.29144771478075
2023-06-28,5.885993418213648,4.895242888557325,5.365142703130392,4.487567798573112,7.3347587929434965
2023-06-29,5.927091467449704,4.93572509189372,5.402782993570627,4.540659395471132,7.426191065988914
2023-06-30,5.986131242249922,4.960309236886647,5.422657902201913,4.531378379957656,7.426245864585032
2023-07-03,5.963772792582057,4.948124473880356,5.414874057705993,4.503682615691187,7.371582584168528
2023-07-05,5.913465926362021,4.907614611498661,5.373743747275633,4.466333074102225,7.280451802591257
2023-07-06,5.950421322145219,4.900646112766514,5.396400384764215,4.470429159761973,7.309119937739716
2023-07-07,5.968879371762778,4.930422978627744,5.43042421108934,4.528436624550362,7.4357208673329
2023-07-10,6.0614538954281585,4.998404392480807,5.489660848433436,4.565107102111378,7.48802978569632
2023-07-11,6.07978618771392,5.021485964543667,5.514497335623506,4.585096360651931,7.530674583123206
2023-07-12,6.121485255889129,5.0648322875384695,5.54200148206084,4.608438107402635,7.590128346217414
2023-07-13,6.059171125346246,5.0405243411819844,5.5088693531482305,4.587661084230385,7.567179165332976
2023-07-14,6.027585805152102,5.033189935405528,5.531510568548877,4.611562309526856,7.642200186089991
2023-07-17,6.071478844287205,5.048796107281182,5.564267198716929,4.643219401565572,7.705947739423718
2023-07-18,6.173839715252572,5.098686617101225,5.584472897623751,4.658386148988686,7.646966254749659
2023-07-19,6.182798094038478,5.126939668414662,5.581036682410372,4.63974420082409,7.564054885195433
2023-07-20,6.192979846135371,5.1584304733826425,5.586665667570899,4.65371443998282,7.542676449522272
2023-07-21,6.22926857940521,5.171431888671478,5.603197468278726,4.6519585719339895,7.543069390956091
2023-07-24,6.208357880261992,5.182615820820937,5.610613355451632,4.666427393632487,7.585207804380335
2023-07-25,6.259962399453317,5.214156326632758,5.610054416475582,4.662266963943306,7.5466508010560425
2023-07-26,6.181162932622754,5.14907795790765,5.5700211252182505,4.620572921547736,7.541610621400047
2023-07-27,6.223442287595113,5.169816209384329,5.59881724312853,4.640754277227037,7.625431959684422
2023-07-28,6.242792834828199,5.169122883551729,5.622513102090278,4.660732132543528,7.6782461871673995
2023-07-31,6.204114095514111,5.150235810208744,5.609223794961848,4.652844040133024,7.672303171052661
2023-08-01,6.156224372572313,5.111422715464774,5.584485231818866,4.608787302942252,7.584371736420046
2023-08-02,6.124152008094573,5.096775169613845,5.563834910984762,4.591326176797311,7.57901129085412
2023-08-03,6.099372158321415,5.068876342951099,5.538941998815115,4.554006046358172,7.558878943718855
2023-08-04,6.138577664837443,5.106241163330641,5.589209626444825,4.600903391658963,7.662296874059539
2023-08-07,6.096334526554709,5.067970647583277,5.564174193839093,4.582095359113047,7.623743042778714
2023-08-08,6.071256198599943,5.065820546209678,5.550068138129173,4.571727710958134,7.551895576931173
2023-08-09,6.0828695885015485,5.057026311782263,5.54188273425883,4.570666807160897,7.530878134177633
2023-08-10,6.094434858328236,5.063556583881085,5.549497987495794,4.569084347028626,7.4914501615018265
2023-08-11,6.053885438149403,5.047875467758014,5.554210925443191,4.592615191692016,7.556168496444944
2023-08-14,5.952130005904859,4.9809833004394815,5.474077099979609,4.5416654456129155,7.482174033887507
2023-08-15,5.909843306770171,4.94400807780055,5.432932650099155,4.511751751252237,7.406822781876093
2023-08-16,5.899765374874519,4.909499184401031,5.401371087550318,4.466459781665099,7.268717641767813
2023-08-17,5.9067492411930145,4.91522689419729,5.409150386210482,4.473450820221592,7.2998113747967714
2023-08-18,5.905377511918613,4.899443358780395,5.400033475493849,4.484391095484281,7.344265469641155
2023-08-21,5.875441418626721,4.8768961209568795,5.3818252247112355,4.474785810534767,7.344483847085448
2023-08-22,5.919216371990949,4.915186548402213,5.427929340720471,4.518889031969521,7.448449886572057
2023-08-23,5.876995278789842,4.8812836942300954,5.385574369501406,4.4586603008756285,7.311410359248614
2023-08-24,5.900588067670961,4.901480315374138,5.411486722518097,4.4947714965115235,7.360536105512892
2023-08-25,5.947282703424665,4.927840822496556,5.445239408021693,4.527663226668976,7.42917567898259
2023-08-28,6.0156208968586,4.967447609884556,5.4984498737160665,4.583536545483287,7.571947153748688
2023-08-29,6.01936354219992,4.980468735360283,5.508542366274875,4.60505996673007,7.611333181164618
2023-08-30,5.992400516186838,4.957369477948131,5.49296622457674,4.594809950761086,7.609758731281452
2023-08-31,5.993674060228585,4.9567179583163785,5.518096779312713,4.62245559577903,7.677001611101093
2023-09-01,5.927137188643266,4.907775349017278,5.46209719763859,4.575138502596471,7.5708030399151545
2023-09-05,5.891929018550922,4.879656757426727,5.442994737529479,4.577448389841414,7.582437536790252
2023-09-06,5.869940107855779,4.858193241594414,5.428957971653144,4.565849872376975,7.546982796071315
2023-09-07,5.8879047947592875,4.853607625116882,5.442810779477426,4.558609552536341,7.544709189017411
2023-09-08,5.904934496506501,4.855236145662051,5.450393583539854,4.58162320877613,7.5766950749130535
2023-09-11,5.921829709920031,4.863360252224431,5.447582334884638,4.560512940456329,7.495662323184133
2023-09-12,5.905387423064433,4.862558142887732,5.430567290730379,4.5476425612808145,7.435357685306157
2023-09-13,5.990944042791549,4.929542558280939,5.477927531668896,4.5872158762446125,7.507699910331506
2023-09-14,5.9636920495617325,4.905437838061115,5.428545233224865,4.533638527432208,7.386952326485175
2023-09-15,5.9154354892265495,4.898198817245274,5.426990283866843,4.538369436579201,7.406941385536636
2023-09-18,5.902380306237228,4.87973035642968,5.422697543867864,4.527246044494533,7.383900242359572
2023-09-19,5.879337808147034,4.866215091528608,5.411330885914385,4.499346090558687,7.322352939537861
2023-09-20,5.771418358834357,4.793365505218845,5.314505609022499,4.431879085948471,7.156163451681219
2023-09-21,5.722344533082207,4.766399852752257,5.301097045918924,4.426439242627138,7.171181160948869
2023-09-22,5.729361582301691,4.775671056441857,5.311728040462823,4.441275072271146,7.204621847243762
2023-09-25,5.63904919918675,4.711186090779955,5.234756812728134,4.384315658893479,7.104720682136981
2023-09-26,5.61104858528115,4.700619556108386,5.2437430366557045,4.397921340480549,7.180894411293434
2023-09-27,5.626013257462367,4.728642227140465,5.282082839046129,4.432717258055942,7.281109075676883
2023-09-28,5.641379852528473,4.719962825408216,5.256535099475188,4.413806012835828,7.232273573691985
2023-09-29,5.524215111029332,4.65630039978495,5.217018621559946,4.388659062886893,7.199986364393191
2023-10-02,5.479931423177723,4.601374714611601,5.1484466538642355,4.336640971144518,7.055455828414783
2023-10-03,5.492852292462416,4.620954330415396,5.182021179023292,4.383278066911429,7.120751096964357
2023-10-04,5.476412365190727,4.609479574474811,5.166092413819011,4.363747132853581,7.0991349304225935
2023-10-05,5.504218148868006,4.648882390467059,5.197639954981436,4.405283313743411,7.221092015627337
2023-10-06,5.563692330544979,4.69137593845932,5.229192236431068,4.424055186636457,7.282604582960019
2023-10-09,5.627162984428449,4.715076557689171,5.2683519667039045,4.455651378039242,7.349490697521359
2023-10-10,5.625926956305285,4.719784241181784,5.27738047735685,4.468878671461186,7.395323633138063
2023-10-11,5.531484611151296,4.652669790778792,5.217864477018419,4.419087035689978,7.3061179071668105
2023-10-12,5.552485700716345,4.660809497815489,5.212933974037323,4.391940334878614,7.192836920689495
2023-10-13,5.629170725463971,4.719123018667253,5.2733087500949,4.454185303088867,7.269479240200793
2023-10-16,5.665443002835961,4.742684192835876,5.299040494136605,4.470610392621799,7.292398793855615
2023-10-17,5.58087925937474,4.687389407144664,5.213756590583426,4.400341505686374,7.117822645911171
2023-10-18,5.509096067120342,4.644930357127802,5.149808818912165,4.349191600663378,7.0175535463214125
2023-10-19,5.428299996572062,4.6017157861536715,5.101342877075014,4.300129550715256,6.90708814283324
2023-10-20,5.382773278233301,4.557160201792217,5.076727606001801,4.280222886879696,6.91216737615942
2023-10-23,5.4183262630692814,4.593991752805526,5.116842838457232,4.310443487636042,6.974710562178052
2023-10-24,5.379171303796934,4.553922048690652,5.057012250828172,4.259719159937348,6.807031393053981
2023-10-25,5.401788223926804,4.554196305949007,5.060003392832868,4.241301130628509,6.745748532002164
2023-10-26,5.295836354442975,4.487522514374191,5.012112977617058,4.211137430744414,6.746553181632717
2023-10-27,5.338326535108377,4.516144721608652,5.05651166050599,4.2466348921351615,6.802313118460746
2023-10-30,5.390364536656428,4.562361927964571,5.110252269826751,4.275097348344537,6.858664694293537
2023-10-31,5.385069710433816,4.566865128846089,5.126713189971758,4.309792639426606,6.977404100091156
2023-11-01,5.550997750365614,4.656666649864037,5.222701190367736,4.398600998139706,7.142489859511987
2023-11-02,5.688068042741498,4.727023685756622,5.303785742902576,4.454906362394877,7.271535699202111
2023-11-03,5.612069449576046,4.6897645029875665,5.280120389489728,4.450655589305104,7.262693462505433
2023-11-06,5.600701563201045,4.671129504502014,5.253421069790928,4.458191981500059,7.30996215496629
2023-11-07,5.569897336566642,4.646442080347944,5.231957013598649,4.47112530368966,7.3369349351806274
2023-11-08,5.492925824608142,4.596306506499343,5.192930940067322,4.442008172714099,7.287109699400068
2023-11-09,5.52790565107773,4.637460840362808,5.2542840819023215,4.502235541775642,7.42467795660971
2023-11-10,5.513483401790191,4.63241771381775,5.230901372623385,4.510193959283663,7.421669329659834
2023-11-13,5.739473796300449,4.761567289696104,5.368763107330325,4.603099806750716,7.626934023835605
2023-11-14,5.8172985644126785,4.787375464020131,5.390360628657884,4.607504854202945,7.584331453851732
2023-11-15,5.778480548463808,4.770014815501067,5.37712642615803,4.595911751735611,7.568999286534859
2023-11-16,5.813795467004063,4.798116135124649,5.3982690780603715,4.617983075130894,7.606154225388053
2023-11-17,5.836291265765959,4.804265793734082,5.4120733313027385,4.6419330631520745,7.686043167070048
2023-11-20,5.8132961741685225,4.800694240529167,5.4080608776441785,4.633841498162615,7.659501461903998
2023-11-21,5.843712394835782,4.8280718010766,5.432990231570075,4.652304720513486,7.698997909363035
2023-11-22,5.875144161011399,4.8468144733976555,5.444953606936155,4.665860802666881,7.717300380791951
2023-11-24,5.842592928158847,4.837177836168944,5.431687560733275,4.658502093706456,7.732943923146539
2023-11-27,5.86979721397695,4.844329387425523,5.421974977538639,4.643866792089358,7.686213005023676
2023-11-28,5.9387833196942985,4.851239815294165,5.427950726576549,4.65993847399093,7.702523157219754
2023-11-29,5.9607556750827015,4.891459026799361,5.478425416532334,4.7050299133064755,7.742715531631381
2023-11-30,6.1107094789171645,4.9825692698498,5.5508576334159265,4.739480321592924,7.8357428797579045
2023-12-01,6.137697016447151,4.985984602389707,5.567623311207248,4.723371397096064,7.787553210004315
2023-12-04,6.071360503124673,4.939478331899279,5.521091616824264,4.681254183194538,7.762154537944213
2023-12-05,6.105346933845527,4.945840865338581,5.523424366718933,4.670202058951461,7.710626047154648
2023-12-06,6.157561990800987,4.962293989501937,5.536674322056825,4.6807841449451875,7.795377984796025
2023-12-07,6.161946803538396,4.972212162310766,5.553834824193029,4.702627566750341,7.879366564824935
2023-12-08,6.187292580373873,5.009697479625141,5.612743175415387,4.754567322287998,7.952298927393312
2023-12-11,6.170993016402629,5.008574334380631,5.62785962047521,4.7751936081937245,7.9957323437475285
2023-12-12,6.376711664736589,5.124143499976411,5.724485409763536,4.830766770560416,8.109959395374815
2023-12-13,6.5573129523520715,5.17777403921352,5.796972789119991,4.846201407568642,8.173670131820108
2023-12-14,6.480527262251907,5.12037216750531,5.766256876099722,4.827805597390683,8.185349061974996
2023-12-15,6.464707052680296,5.115183060263284,5.773832216447619,4.8516929077041455,8.226594687292382
2023-12-18,6.548771052074021,5.155437563572237,5.813655599251271,4.881850132923607,8.299647476463452
2023-12-19,6.4331987941688515,5.074184412556382,5.715038008716653,4.810488834152205,8.141756879404621
2023-12-20,6.515171339202811,5.116421152513756,5.776528086906118,4.861603433386839,8.276083009942157
2023-12-21,6.544175409320766,5.139064249376053,5.797278757757063,4.874766036506436,8.270351652912407
2023-12-22,6.600617147202448,5.167674042082717,5.8275308705632325,4.8975524960655035,8.310581017392842
2023-12-26,6.61021977655383,5.174004766449432,5.837482868379302,4.902224777771849,8.332373799542092
2023-12-27,6.623391445809435,5.188844198035534,5.845538263603169,4.9065679628542185,8.329335828732727
2023-12-28,6.585723265452929,5.177204853608672,5.825148023221532,4.896887762430665,8.276070536577864
2023-12-29,6.669334235617007,5.213335749677944,5.8198133163650505,4.862662536582195,8.093038391376409
2024-01-02,6.538877092792958,5.169433534532167,5.7464047608348725,4.810606262651581,7.974371060007845
2024-01-03,6.52885392476208,5.168084743321923,5.744946306055464,4.799152150753302,7.974235195830129
2024-01-04,6.552779707935518,5.180531092473035,5.757644717099891,4.80339926404845,7.99216742570207
2024-01-05,6.606227994994618,5.2214244627799395,5.815708129969865,4.847652068072312,8.176792704432707
2024-01-08,6.547900839012981,5.182654716240791,5.783408915470154,4.8304060515354985,8.182157022523047
2024-01-09,6.545520388087424,5.18510735808883,5.788676421412848,4.854427445896039,8.245780301853193
2024-01-10,6.500491128772409,5.152912235111166,5.772326024289441,4.864267285082934,8.267842105295557
2024-01-11,6.47012666274977,5.158480367585756,5.773734714076912,4.87396375415828,8.235510667361146
2024-01-12,6.391165294550573,5.113615197219323,5.741144542136296,4.859778377557398,8.230434283301973
2024-01-16,6.320466360408122,5.06632757564396,5.699167032680785,4.832458268038828,8.191824068116807
2024-01-17,6.314072626982148,5.069499136770554,5.731472210397676,4.880626034982316,8.296275155288694
2024-01-18,6.341967421953287,5.103115564308306,5.7752213241349795,4.9197217930965405,8.464885297484354
2024-01-19,6.342338588674277,5.119012488423699,5.8039222287266465,4.95234303522495,8.548118795334734
2024-01-22,6.380095945702212,5.122387970814542,5.804175755397945,4.960071998099922,8.500945647620268
2024-01-23,6.3378799095564355,5.07674492892925,5.761056983604961,4.951218923798247,8.486957591859676
2024-01-24,6.406936015552136,5.123615950403349,5.811655314912331,4.990006045246382,8.559087551047991
2024-01-25,6.431401640512352,5.134570797892692,5.8139402704449825,4.987452303132602,8.524287953456328
2024-01-26,6.469736291692323,5.154396260346753,5.835820992002164,5.024374104263284,8.647033808727862
2024-01-29,6.445645488798142,5.175586793408628,5.854243222613571,5.029127326712608,8.64070056461298
2024-01-30,6.349222176545136,5.12635287665999,5.781545972355384,4.974217468038388,8.504151598789294
2024-01-31,6.414630375026141,5.1820891521470624,5.836780323641704,5.028050552408605,8.6681400864666
2024-02-01,6.382290559192888,5.14056006407197,5.829240264335714,5.029607976540384,8.804215330228722
2024-02-02,6.281432179259481,5.081095445997551,5.781725506617717,5.002471169796112,8.779796685607147
2024-02-05,6.363889890308048,5.1224309424243915,5.823871147458373,5.025941164830409,8.804749540814427
2024-02-06,6.3485324144396085,5.125904396244235,5.859797174344349,5.053908797816203,8.937356605049775
2024-02-07,6.338762050054422,5.132774008254676,5.862054803331558,5.080253012251222,9.015581651605139
2024-02-08,6.3334201662574126,5.146383901129576,5.876546675674482,5.0878392083650175,9.09833588766361
2024-02-09,6.414890482979161,5.190183667150098,5.913107935942891,5.091772093953936,9.090176697226497
2024-02-12,6.256588821046081,5.100147086706284,5.833479867827312,5.030506182575154,8.968512350429407
2024-02-13,6.334270313916155,5.127821793062957,5.880539998871544,5.083210862362318,9.14251020615573
2024-02-14,6.437180176616903,5.195437350964752,5.945374670575973,5.1376123225022265,9.199489289400798
2024-02-15,6.414285435093555,5.186090339589719,5.928564986484014,5.109002805861946,9.128430910629069
2024-02-16,6.385291679618254,5.180075997099755,5.911328800120234,5.092374621222605,9.060852749422631
2024-02-20,6.405969526351748,5.214449075751118,5.943307395076799,5.1125765164511074,8.982973946076285
2024-02-21,6.424735349227937,5.230769469973541,5.998910558434322,5.19175124463887,9.281910952079741
2024-02-22,6.4297368565958095,5.249890360751585,6.0146226404181515,5.211033235020903,9.322069242300639
2024-02-23,6.3457259949495155,5.21444305539281,5.991337650068094,5.207614145792291,9.388604323079445
2024-02-26,6.389314905787954,5.238983906242476,6.026102263375949,5.217593250779811,9.451578455957513
2024-02-27,6.3800856352029225,5.240451817131456,6.022871794310332,5.2424203216508145,9.45209601659735
2024-02-28,6.420929280653935,5.263474863493375,6.046646471368077,5.262470692877405,9.564815612959677
2024-02-29,6.42650488782659,5.272528493017585,6.082487677816846,5.299143856105283,9.739625345131627
2024-03-01,6.432842813787877,5.3029399560502934,6.111377597432998,5.303554739736083,9.797063693118377
2024-03-04,6.429703251765088,5.282391255585404,6.081245759847038,5.258018839295843,9.659874907423205
2024-03-05,6.47538013014074,5.313605289337273,6.115553188912469,5.2929127559686995,9.759046789017775
2024-03-06,6.531614279469524,5.342838020351557,6.138408973769681,5.328886389893522,9.87051448709488
2024-03-07,6.556253969482777,5.343189214915692,6.135822642824795,5.318844095938842,9.75986419920549
2024-03-08,6.627912932407628,5.372439839477971,6.139504733113379,5.3179881523404,9.637858049238714
2024-03-11,6.597185710261071,5.3508493956136185,6.150623272495353,5.364343539313783,9.785284685370373
2024-03-12,6.625319421668664,5.361567992927953,6.151319550168191,5.3641960748863005,9.773486482481548
2024-03-13,6.541691194334681,5.305125435227163,6.095137662425272,5.3300357543512,9.704058302348457
2024-03-14,6.551239733991705,5.306575966826193,6.088062847562464,5.317218457071513,9.622594788361633
2024-03-15,6.566351224927833,5.309999584080622,6.101044681799932,5.334914670504299,9.683440457198964
2024-03-18,6.592869756854892,5.34486113675184,6.137112275838928,5.366176936820728,9.727748206267929
2024-03-19,6.6349666062813455,5.385845753305659,6.191815221013138,5.416753602828309,9.886472152587517
2024-03-20,6.657186097295676,5.419321881925316,6.235153956444718,5.452445714696045,10.039620584704242
2024-03-21,6.604390224613041,5.38470805562636,6.19821387235802,5.424346112028409,9.987259485819648
2024-03-22,6.614582096075923,5.375591906727942,6.174849260015878,5.401162871234571,9.993069137482182
2024-03-25,6.5757584144339924,5.358987094281984,6.176862749136304,5.404184332304351,9.994944979419712
2024-03-26,6.73066337244542,5.463043046857569,6.263210138947532,5.46874363639238,10.0315953065396
2024-03-27,6.774804444996413,5.489439823599604,6.2908405524531235,5.490721078132329,10.021611899856232
2024-03-28,6.7464077573576295,5.460182744321781,6.24070082039621,5.451853862005156,10.000330653045953
2024-04-01,6.703204005848639,5.411307845110242,6.182400181928181,5.41316348973482,9.884555296860594
2024-04-02,6.7031542165627425,5.405127966362602,6.180328061684686,5.418881585642854,9.994770760044586
2024-04-03,6.668009484344461,5.353046663662518,6.111487468953227,5.354087911382004,9.8276957603867
2024-04-04,6.6758857669900165,5.377619868416565,6.142049264253831,5.4078156846981384,10.003798468379069
2024-04-05,6.7140288631280125,5.386699788176413,6.159501210014688,5.416138983555666,10.005365070843897
2024-04-08,6.780013464946149,5.431648161335027,6.190211775758528,5.402198183555749,9.917610842414923
2024-04-09,6.652638053514797,5.3342103328263875,6.0928949679438436,5.333669795940277,9.792937130243995
2024-04-10,6.652369149907393,5.329214294781177,6.051062002761871,5.330014236785294,9.88223556137538
2024-04-11,6.5405893573196945,5.25086625514275,5.9633683719479915,5.2646902343336075,9.688270242836587
2024-04-12,6.496699079100953,5.201166610649567,5.923126462512841,5.2127750999631965,9.523150693446226
2024-04-15,6.436541345729327,5.168682961813575,5.889300759284574,5.197273498430238,9.534143264574038
2024-04-16,6.458208729485922,5.185351528715214,5.869230598061298,5.166356453085603,9.429609366956704
2024-04-17,6.48615118629532,5.196312095560772,5.86613901600639,5.152249558960162,9.355542694186209
2024-04-18,6.547696989471773,5.222332164235392,5.908525206311244,5.1685998351295055,9.191111642275498
2024-04-19,6.591452407589,5.26155936431751,5.955772138238882,5.212077167032774,9.291364455654
2024-04-22,6.625960115706435,5.298065004920078,5.994834271131062,5.262887959355962,9.50967361135604
2024-04-23,6.651636221425019,5.323903208055047,5.988407007390875,5.2760042646250245,9.494155821236786
2024-04-24,6.615428981557475,5.316981850671645,5.984451004530765,5.261490976759827,9.505768143277107
2024-04-25,6.609486365768321,5.319318282080209,5.9683214331157615,5.277998390100108,9.625166539461919
2024-04-26,6.685840765401935,5.359347095713126,6.006229597973991,5.295558461376684,9.65624349123266
2024-04-29,6.599561986156058,5.2846565324671255,5.9232265951000205,5.213564527239952,9.465469177121005
2024-04-30,6.615204807991818,5.259010917089936,5.908076678490614,5.200906881610409,9.37666014684026
2024-05-01,6.714818904893171,5.278554728949861,5.921728119995338,5.216962037897817,9.550126367279123
2024-05-02,6.736786340586514,5.315369343060535,5.965078654192147,5.250749012149196,9.650238976658963
2024-05-03,6.749372861004008,5.341161787207707,6.0125797616371965,5.308274788245275,9.848258091946963
2024-05-06,6.788871692582906,5.370266068646287,6.032672210578747,5.318176074334139,9.765860627038673
2024-05-07,6.778474668390175,5.368582677647351,6.0224261429560535,5.3089925108110085,9.797065198144155
2024-05-08,6.847902404757312,5.42311872229884,6.080794063466015,5.351251331913806,9.87912471495614
2024-05-09,6.852308949339292,5.435487169392688,6.093058268493935,5.362081374546996,9.888970628879981
2024-05-10,6.880043822936515,5.440687299541499,6.09442423185157,5.339512078183693,9.822413218833162
2024-05-13,6.9001813446024824,5.469281228226469,6.110438490810887,5.354605083015379,9.909567800156438
2024-05-14,6.9314594925115465,5.505756051478142,6.155136911104425,5.401536447940712,10.117308314419446
2024-05-15,6.954089056162452,5.500727819324173,6.159504100117112,5.3964546645519516,9.980323308110314
2024-05-16,6.952216353461809,5.505885254124355,6.172166269745948,5.414006521114125,10.010497589577307
2024-05-17,6.9375279752936985,5.49912504942337,6.156505706286117,5.407780479452547,10.095439538302758
2024-05-20,6.9244563655873534,5.490020868847994,6.13843420990809,5.410329781423657,10.114539202922494
2024-05-21,6.926145606677537,5.467048449101404,6.122884029334233,5.380909225765539,10.03725390547129
2024-05-22,6.777492765669589,5.377578012603041,6.048816920956875,5.320725070387547,9.978435791610575
2024-05-23,6.81044330876447,5.403195608368625,6.064704547381206,5.356029704026136,10.150193780523093
2024-05-24,6.75797551178437,5.363058538284761,6.0071406691658815,5.303793192689868,10.137239294595538
2024-05-28,6.66916861089075,5.310877527863915,5.937081850265267,5.255159130477878,10.023312612072061
2024-05-29,6.726550855166689,5.3503897786894195,5.944544229307145,5.264280559429558,10.029623279679683
2024-05-30,6.8411852670366216,5.432897994626929,6.011683544300331,5.333736795310866,10.01543336271151
2024-05-31,6.8478059912556395,5.421007107629113,5.9668812812503695,5.297371697326459,9.939447432910386
2024-06-03,6.837033385637081,5.428496479364856,5.95841483293686,5.27708378149828,9.853597970705646
2024-06-04,6.839880160095835,5.442363708701947,5.9916782226984155,5.319546624207581,10.06029149865725
2024-06-05,6.826590534844801,5.441036951458334,5.991262446083141,5.305027902831416,9.971133438126143
2024-06-06,6.791566645200056,5.414442731110086,5.968189491996273,5.2961671772161205,9.94957583671294
2024-06-07,6.7885547632283965,5.416099659303721,5.992888080734381,5.3051143319432175,10.083837757342474
2024-06-10,6.752468813385753,5.401787468371543,5.977202137090799,5.276064438736816,10.047348283097264
2024-06-11,6.754687892939131,5.420002034851057,6.012736028925366,5.318605957386283,10.206647762509961
2024-06-12,6.737121783529985,5.398131818493814,5.987217952292,5.2984152525694,10.221112562925414
2024-06-13,6.675360507912473,5.37547702076576,5.950544142615061,5.269098993317065,10.117696740639632
2024-06-14,6.706608043858149,5.388589237423912,5.992572745963269,5.319111470829452,10.251841890315733
2024-06-17,6.678940093774607,5.4000480298538305,6.0129080101288865,5.340560406653666,10.342115732776827
2024-06-18,6.715382974313546,5.4195832668613235,6.018914914349527,5.3468266628338394,10.259410962703365
2024-06-20,6.749357465130804,5.428350908348752,6.031604727019718,5.354992934194133,10.223041320530735
2024-06-21,6.7947065882012705,5.452811596226867,6.076329776698078,5.383962143714545,10.200891357663746
2024-06-24,6.733886078099896,5.403478396716849,6.03244469170587,5.3408609660740005,10.259931009336066
2024-06-25,6.722358855291123,5.398166642151241,5.9997620481905924,5.317566129504084,10.186052043939775
2024-06-26,6.737617954241543,5.4194585384909075,5.994973542071469,5.330711150398624,10.20862317946644
2024-06-27,6.7395684689887805,5.425816379330174,5.993059615378675,5.347350387314441,10.167945161761228
2024-06-28,6.6742424878451025,5.37248629403152,5.945902517927396,5.318882899790768,10.155272176181493
2024-07-01,6.701556088540449,5.397092108645097,5.9689533064499,5.348143232193722,10.194450202619612
2024-07-02,6.694691818790262,5.3982990500299435,5.975350988502222,5.345426529578174,10.262776004865472
2024-07-03,6.703670426654355,5.397267167654464,5.967662236577768,5.343369902716736,10.238530076013996
2024-07-05,6.702420331434184,5.397004591340624,5.9838178670140785,5.353094590179231,10.283285041076137
2024-07-08,6.683358591338358,5.384513584389763,5.969679568545479,5.34808252623948,10.275986099777153
2024-07-09,6.7343713914730134,5.428050727021432,6.020871196559684,5.399007162602942,10.37917092308947
2024-07-10,6.845701331712704,5.532413233917663,6.092146068226315,5.453332783338937,10.350993575981077
2024-07-11,6.906570859973687,5.585869392157519,6.135929774658906,5.496591061952824,10.422249802613377
2024-07-12,6.899621828838901,5.576906862629743,6.147215626564964,5.520552796079479,10.46699823634793
2024-07-15,7.024047509871674,5.678328664085529,6.272638403996156,5.6025277043998445,10.588528707944906
2024-07-16,7.063515603513719,5.697189490072034,6.264377747509253,5.560359172413186,10.255328094538248
2024-07-17,6.980210442472961,5.6511905027848846,6.220162276325604,5.504523048724461,10.19017800319786
2024-07-18,6.944938967109298,5.6122389797351575,6.185587462423628,5.4732385639554595,10.136910608008884
2024-07-19,6.967656828692787,5.655490396064371,6.248895841552018,5.523572710420196,10.303410806649108
2024-07-22,6.920625458334684,5.622962181968893,6.2333748373425015,5.507346795684702,10.325577842417594
2024-07-23,6.8750673003885625,5.596876991074984,6.163034164380287,5.438097266292465,9.98819589682364
2024-07-24,6.871928078933755,5.591143538607658,6.209565795247419,5.455127341494045,9.888312406378109
2024-07-25,6.948280862290813,5.674502479596031,6.300369281023654,5.533569684413943,10.05211289196451
2024-07-26,6.974655745516466,5.686405426780088,6.299397101886015,5.539416813664615,10.041241540462023
2024-07-29,7.029693281342989,5.7297764680143155,6.331929382066268,5.560023423784517,9.930692696718744
2024-07-30,7.040566191705878,5.73262757883667,6.345963251123643,5.580361213420672,10.172648409703445
2024-07-31,6.976063073880263,5.68112416130229,6.295882315389653,5.515767517911356,9.943104514304016
2024-08-01,6.879893973725528,5.596815112341737,6.184417693574068,5.422988981034112,9.579009607782213
2024-08-02,6.709163236921751,5.450747267664208,6.0266938998904935,5.303366088522189,9.36254604371719
2024-08-05,6.751868793572217,5.510211998017756,6.084374901693616,5.3703252842468405,9.550289707371528
2024-08-06,6.692921163097421,5.467338387832441,6.040650329652082,5.334100462152323,9.447365651960366
2024-08-07,6.7880710106303805,5.559802656912396,6.141219463142869,5.45631147422675,9.787899435309262
2024-08-08,6.7454697298195425,5.571027316364544,6.1738344176803714,5.46855254371217,9.862429932593297
2024-08-09,6.693093873353199,5.542715041395952,6.147476644424547,5.452555696309041,9.858694681176834
2024-08-12,6.801300802227393,5.597430861002902,6.210842738895669,5.5062078327892205,10.031574973052717
2024-08-13,6.7781201691412,5.6039320126945045,6.231496945765801,5.532357677499028,10.096585506985186
2024-08-14,6.8941260964007,5.658946181699452,6.323621627502703,5.599448622971172,10.309231788114772
2024-08-15,6.926183134563742,5.669174920138877,6.3344474008713005,5.6165510596612105,10.314414472713644
2024-08-16,6.981776343116704,5.70518197698465,6.3717270770594725,5.66209749206364,10.417724804141766
2024-08-19,6.942696494894499,5.682668931057915,6.35539973290226,5.643043525446596,10.355149599700274
2024-08-20,6.977974427421615,5.729582476235906,6.414202930331946,5.685032950334858,10.462738294633294
2024-08-21,6.950552609508894,5.709645071980565,6.396881051256562,5.676665817244828,10.380643461834367
2024-08-22,7.051611733440951,5.778368306548361,6.47714659438906,5.741484383373815,10.558194706250575
2024-08-23,7.055841664594103,5.787964067097501,6.47383296528236,5.7424601075861865,10.487337285038281
2024-08-26,7.028536911497906,5.7952044198879324,6.471632188997096,5.754519556617793,10.507864643091713
2024-08-27,6.977397059757947,5.79236519513945,6.4633778071640045,5.740256885444668,10.43255211842016
2024-08-28,6.982063882712574,5.8274883364937144,6.490636821823793,5.765664751389855,10.455182505224442
2024-08-29,7.019907657543154,5.862808616333705,6.548996406596819,5.826155736292478,10.577482786366796
2024-08-30,6.930843789625504,5.812293163510861,6.463147626341776,5.743111538929006,10.253185933176367
2024-09-03,6.899181443538521,5.818230068521796,6.458108011386537,5.731149580646888,10.251074470429591
2024-09-04,6.865502374253993,5.798666667266242,6.410527830354256,5.6979052443274725,10.176952551715573
2024-09-05,6.775691521400311,5.739276263939801,6.336427056015358,5.630043667598732,9.997764846345975
2024-09-06,6.834606380805321,5.786543831788672,6.398181506982993,5.687610359190878,10.15885780022458
2024-09-09,6.806028645236542,5.805278220427605,6.413365675274447,5.69514635313555,10.160595059258767
2024-09-10,6.830258365019803,5.7974744402304434,6.433287163517726,5.696139810306507,10.296808310010864
2024-09-11,6.8676548633766386,5.826078589123677,6.469554249925053,5.721781672020103,10.41283540358569
2024-09-12,6.943639735703106,5.8702317523140595,6.533676541045656,5.771587072405104,10.531784178776318
2024-09-13,6.9959950250474465,5.909620322818683,6.579002564803238,5.816450715601421,10.597642890787297
2024-09-16,7.029851313756852,5.918133774526087,6.580743755622537,5.8257839593189535,10.641866962148937
2024-09-17,7.0308140704953,5.906063326058785,6.568912810655185,5.806217805830007,10.631763620247053
2024-09-18,7.113328619768551,5.960883686635033,6.625039471839196,5.870086900338909,10.862785551466317
2024-09-19,7.049722881306808,5.938903697842813,6.598196704215689,5.851482665884224,10.925089679932015
2024-09-20,7.087177067454221,5.961277090183529,6.635720284494178,5.88476378014098,10.976977517729269
2024-09-23,7.109481453600878,5.964041972476183,6.648546883550513,5.884757063860398,10.994728624950346
2024-09-24,7.022620227897807,5.938088170406788,6.602349684771948,5.859029926630199,10.974550563343643
2024-09-25,7.1274268698261904,5.994256689970704,6.654396692544312,5.902538593281518,11.006180503069793
2024-09-26,7.215437724847373,6.0171945337768475,6.675671033010595,5.902040398489976,10.989043231449887
2024-09-27,7.183516896192682,6.029501973327906,6.685712814177365,5.918696088445776,11.025781380389763
2024-09-30,7.1581085187574,5.997548889183393,6.655451916865583,5.897259413555397,10.910906131329149
2024-10-01,7.129045827673972,5.987419965655273,6.648855030281682,5.89712298671772,10.965212025074848
2024-10-02,7.09494984115451,5.953145388658407,6.606861721385476,5.873282663688994,10.955993213587071
2024-10-03,7.16603334051265,5.9853486427990585,6.641389578048068,5.916902277512025,11.076640167223
2024-10-04,7.119070827193339,5.9225172569879145,6.5912467189991375,5.867433423469452,11.001843853484171
2024-10-07,7.100011570735151,5.931871959978173,6.626237418679325,5.895721855804783,11.11837699400961
2024-10-08,7.14374205366116,5.9869718370858225,6.664752747597458,5.938782365339697,11.200697234243899
2024-10-09,7.139556152882934,5.969941623789085,6.638445898095171,5.898727013423484,11.146813575968014
2024-10-10,7.182424735616434,6.014551536116346,6.706515369543236,5.983494045743069,11.30585154965485
2024-10-11,7.204200937530308,6.051284926855528,6.757993989851631,6.026759683424447,11.415823244524248
2024-10-14,7.116715562689577,6.036283344294946,6.771901378663529,6.019137591219361,11.340421321477677
2024-10-15,7.16494354569482,6.056456187799109,6.813369425226319,6.077403428509232,11.425869402466278
2024-10-16,7.152664724699589,6.042547859015157,6.805883627526483,6.083361467497623,11.38537150503169
2024-10-17,7.161193006915822,6.054185119783101,6.832807177203307,6.095751571116777,11.44238989355343
2024-10-18,7.098758084843811,6.0052525961785825,6.767445915608602,6.049764478309958,11.377115657822896
2024-10-21,7.069691947095296,5.985303983099679,6.748482865799075,6.03587021277358,11.298628979198847
2024-10-22,7.027667291423341,5.969479876202835,6.745384058834864,6.027253802452032,11.227636148265628
2024-10-23,7.057213497037106,5.962178312820633,6.729524497793448,6.005834457639513,11.252633137043638
2024-10-24,7.047812716532466,5.9312419434754,6.698228383170139,5.967919027226212,11.195016777397301
2024-10-25,7.067161830558136,5.9601024226241295,6.733683333207691,6.003628177902528,11.297091048897881
2024-10-28,7.015891010992614,5.939297905904587,6.700650434116892,5.998970244153135,11.334266075896224
2024-10-29,7.013018598342583,5.930153340157451,6.7240744078654595,5.977735107053404,11.283356961747984
2024-10-30,6.931725111893838,5.871758135855761,6.6475205920658125,5.9175154589858465,11.107622506045017
2024-10-31,6.969749084231123,5.878283732139297,6.632080309767622,5.9181243765337745,11.087129718088672
2024-11-01,6.984974575481764,5.890981223796944,6.632130952321682,5.924387786276122,11.084791594852714
2024-11-04,7.0327479110358,5.93298240372159,6.713997100055917,6.013102172773707,11.351030195736422
2024-11-05,7.164738181341195,6.051754794211512,6.816307573994643,6.172795598506509,11.823241963572489
2024-11-06,7.155737820804743,6.062906959858959,6.82532087217667,6.19722608762989,11.941475019316114
2024-11-07,7.1321862446665065,6.089299948179136,6.873492423502801,6.2377639429404095,12.141640484609942
2024-11-08,7.172265892421444,6.126575050756524,6.892506102302353,6.254289984817097,12.269070511843614
2024-11-11,7.112934002475079,6.089461952372707,6.864144436812589,6.202406491136412,12.164674073488682
2024-11-12,7.153204777818727,6.093906191128788,6.862678857246861,6.193247552765205,12.088875941211336
2024-11-13,7.107437428444068,6.0491902166193885,6.795353837940586,6.147849770771491,12.001875209304819
2024-11-14,7.014544046546194,5.999368699719261,6.755841137340555,6.10740850292307,11.956874136059923
2024-11-15,7.060027451874961,6.028973885479412,6.80024975718545,6.129291743659783,12.020581434550163
2024-11-18,7.009527424505807,6.007076435609187,6.789488221069687,6.121272060060334,12.149100356888324
2024-11-19,7.049940845013773,6.029921711331377,6.795441656489523,6.122281811324841,12.20734269283524
2024-11-20,7.132635968505266,6.110236779703112,6.8713950153010845,6.196144435911811,12.400487105526494
2024-11-21,7.1956874849668,6.152769164141309,6.908398774675444,6.260056124375556,12.526624217307742
2024-11-22,7.306733584236509,6.2000254766035185,6.971485043035881,6.334195990182819,12.540627784974161
2024-11-25,7.236545921249272,6.204603611009398,6.975572170835241,6.352126150156947,12.596581543015748
2024-11-26,7.268513447234537,6.222248012847342,6.980156006947507,6.325393324707404,12.482517302067956
2024-11-27,7.288070727948514,6.239362917291342,6.995723713695256,6.330085873133799,12.562274934961517
2024-11-29,7.301624048081227,6.2410839856138,6.982205376120502,6.289615907984268,12.502133942615542
2024-12-02,7.256969774127522,6.199165431374027,6.954366440765243,6.268933474111352,12.536076867548509
2024-12-03,7.21492790989902,6.193263334185137,6.961457335283442,6.29332251732885,12.65108702631924
2024-12-04,7.151556619555781,6.15351288463576,6.917490664891209,6.280041503667818,12.613349182382235
2024-12-05,7.144461114361134,6.146992013758096,6.904779955370315,6.272162645636655,12.668638640081316
2024-12-06,7.237593899758654,6.1435026559729815,6.869067347778918,6.213014137440122,12.337113928284065
2024-12-09,7.171629061115436,6.122870434006456,6.813149506113137,6.18241745501902,12.2020622981877
2024-12-10,7.152685507914944,6.103852073941313,6.798905117196006,6.208736455809334,12.33087643104751
2024-12-11,7.136315511101823,6.084431679813002,6.773687869403462,6.181474022540988,12.312390139279714
2024-12-12,7.080077596068207,6.055522444402365,6.743934923255136,6.162144434010588,12.342158259891443
2024-12-13,6.9998857766672735,6.010663042382409,6.722188853700047,6.153618541700278,12.42947072376606
2024-12-16,6.94821459000563,5.9897589007636345,6.694133959896671,6.095000586195914,12.262741171572227
2024-12-17,6.760720945852933,5.828454192007889,6.525927553077751,5.894387165047105,11.80179211653005
2024-12-18,6.723250941883701,5.7941540915522,6.474043905247855,5.888277883490904,11.829525488840147
2024-12-19,6.817294104083401,5.857641570805181,6.552427956071519,5.977188609652436,12.02470137081331
2024-12-20,6.8414582710038445,5.87016908707861,6.557572610720689,5.977772256156843,12.046095457243185
2024-12-23,6.888492733704421,5.909206906084894,6.597530088725899,6.032705949368409,12.194426568465156
2024-12-24,6.9020743318381825,5.917106710341104,6.6033147868639395,6.033785118246926,12.195091925974392
2024-12-26,6.873178370587812,5.878022001444678,6.564652120774346,5.9766395628956746,12.034976534426448
2024-12-27,6.799560440457401,5.81610941614246,6.505493224153183,5.920687296416704,11.928107010003087
2024-12-30,6.837799444245065,5.82904392667156,6.512959867490066,5.917242920812381,11.858124390554186
2024-12-31,6.7994804678651635,5.810267332981534,6.4910790604382385,5.898637662282317,11.930891883150212
2025-01-02,6.845750870840459,5.862784874760387,6.539647595889311,5.95921991238373,12.130722560454103
2025-01-03,6.862989637693936,5.84081472228383,6.517711269326415,5.952767458572764,12.216034345019123
2025-01-06,6.85247660815722,5.835600019227492,6.50749038849091,5.929458450039791,12.053342378952138
2025-01-07,6.818530687173153,5.8482139342907615,6.526007378135459,5.952848997066075,12.125058872153316
2025-01-08,6.7083483689038905,5.751847460840515,6.417303229873295,5.844913854674388,11.967453808582862
2025-01-10,6.798960642207243,5.813575588116193,6.469022291825023,5.882835012215966,11.94445047164329
2025-01-13,6.8008096050610325,5.8538219838617245,6.52586391715719,5.939396312394743,12.112790851468208
2025-01-14,6.826346069649948,5.891524296831935,6.5894079078053895,6.015085893990058,12.381125263813912
2025-01-15,6.874826242558819,5.939527206812306,6.655350428581213,6.058522082704593,12.484585420339021
2025-01-16,6.896402031629755,5.969289322632966,6.682501157794041,6.088409670507829,12.629177801847483
2025-01-17,6.968020656689949,6.048579676397981,6.750913578411103,6.144475267513528,12.884389585307835
2025-01-21,6.922943569937456,6.028723974352519,6.715943581954326,6.102451943515863,12.986648801221365
2025-01-22,6.976060004458877,6.053011689210909,6.7320553196379,6.124896460242873,13.07412336490584
2025-01-23,6.94676874367362,6.046671984716554,6.729942067183393,6.144269807496462,13.045032749674998
2025-01-24,7.020480954602285,6.1036494047738685,6.815503232987555,6.165631717965349,12.401735675776557
2025-01-27,6.947088892776442,6.050848445830899,6.761442946601319,6.14655008358559,12.58739412932755
2025-01-28,6.913437264013264,6.021703231254331,6.7327303427327205,6.135797687316562,12.623661659521634
2025-01-29,6.932647989961549,6.108777689308284,6.802797895767242,6.20403498167131,12.815534951497396
2025-01-30,6.863716910148307,6.075159842878677,6.760110153855768,6.168049990565161,12.715255535046065
2025-01-31,6.783754313266014,6.033479798853774,6.735423554341227,6.14314941162458,12.645020143313
2025-02-03,6.807599443531942,6.027623383230441,6.735002651534067,6.15105080692723,12.686199608723204
2025-02-04,6.829000504999989,6.042029256518673,6.774245899965684,6.191275939351058,12.876286318809662
2025-02-05,6.758939487676438,6.027888259954192,6.763421157110516,6.226960592917593,12.977052778876965
2025-02-06,6.700429160223258,6.0194166547213275,6.733891040457628,6.201468906576414,12.880865151715103
2025-02-07,6.752526522145715,6.035711211200036,6.756341458782972,6.210148240254668,12.915969284302276
2025-02-10,6.762525250594429,6.044174865375831,6.766511256493531,6.207663829748245,12.791741912259681
2025-02-11,6.725496888062179,5.999927978116248,6.72375173858539,6.189827916800769,12.730095995621815
2025-02-12,6.777719275935176,6.050533995146768,6.789943933799744,6.235194612688492,12.818500560726692
2025-02-13,6.8090128642064975,6.004144591460826,6.7545963646531435,6.227566270195092,12.859385348648583
2025-02-14,6.907311335297775,6.026593555712,6.781679142774507,6.27097809558803,12.936111477973235
2025-02-18,6.938122210958341,6.042728639251797,6.801951362000414,6.2813260738972625,12.910307909421242
2025-02-19,6.961687152487269,6.05830410018647,6.802752591760147,6.248001275020173,12.654538338017826
2025-02-20,6.8709826362430615,6.013121976273074,6.729962998107936,6.1567229645952075,12.254333224017065
2025-02-21,6.891847344497842,6.038150082927416,6.750002334218602,6.144686563002506,12.130938209227068
2025-02-24,6.8843144358309605,6.07518092501521,6.7849718830438475,6.152109926342749,11.986339767330293
2025-02-25,6.840814133895486,6.0333366742305685,6.756403312896676,6.161594183932211,12.1395219204206
2025-02-26,6.749571376593426,6.0145263817149965,6.714038643080392,6.126175331099854,11.900326376422631
2025-02-27,6.811214675503924,6.0731722486228055,6.782668180554357,6.202774428069707,12.115519388665316
2025-02-28,6.693127910558371,6.045025409711745,6.736246643255512,6.136837405130178,11.84828545684846
2025-03-03,6.624745818832793,5.963096001048231,6.628169424494457,6.009758736644561,11.593834988802802
2025-03-04,6.732301379747789,6.029561463726079,6.693571172588545,6.044398601057471,11.701607407996969
2025-03-05,6.710222681199211,6.028639110792433,6.635903681407708,5.930888372844332,11.235214195393114
2025-03-06,6.816659817550885,6.109598064854551,6.687871522755664,5.948980454906799,11.258021860510546
2025-03-07,6.759656447818201,6.027324301885077,6.6220958798498835,5.821100234383802,10.827344769385803
2025-03-10,6.629839684266115,5.933102401818997,6.517696983836894,5.768285978745058,10.876714051225468
2025-03-11,6.564423930906972,5.892764022384566,6.466105585203883,5.7699005183112115,11.03348690406024
2025-03-12,6.509358003169016,5.8502186326382315,6.393392744191646,5.70584393503212,10.783466427521745
2025-03-13,6.635160303664097,5.952548123568151,6.505724531787897,5.818401979982357,11.089710860207045
2025-03-14,6.742698628804893,6.022883955828585,6.592669307606674,5.890407100425243,11.268008138887332
2025-03-17,6.718779173769965,5.995506054890271,6.555626894659754,5.850430917764505,11.10770013254704
2025-03-18,6.72523487302808,6.030387692518598,6.595627482717319,5.917265437134154,11.342064478412851
2025-03-19,6.685036100270259,5.9943863943263604,6.575614644061066,5.906042519970406,11.337079654073897
2025-03-20,6.647254439213107,5.961055525245499,6.541448935843838,5.874726537666079,11.332966975131537
2025-03-21,6.731542781306779,6.047521209344436,6.636482897950974,5.976216447072391,11.657747867731366
2025-03-24,6.6831223474459245,6.040493906458813,6.601514276617292,5.970695355367305,11.680990910274078
2025-03-25,6.675935302715126,6.029488281346542,6.6012610916275225,5.955751404079778,11.518009089415498
2025-03-26,6.651308556274133,6.025976881707084,6.58340887790817,5.931516183603933,11.39380114286922
2025-03-27,6.531819397986649,5.913120369902919,6.500147567834343,5.842660128129303,11.223154183736662
2025-03-28,6.5417668654920975,5.953319708700432,6.5611945065135036,5.894486531597809,11.306450834689029
2025-03-31,6.540677981591526,5.958645804528222,6.558306775712089,5.906330157252852,11.388922089010288
2025-04-01,6.6090876657591435,6.007407180972625,6.616412946883586,5.959353844266472,11.541262862933742
2025-04-02,6.183210088849663,5.691000226711034,6.357169413121381,5.675823436274154,10.892982953752758
2025-04-03,5.843025422613381,5.4102999961112905,6.006805540049568,5.319435236330462,10.140331906847432
2025-04-04,5.8092074539990906,5.3694706920633335,5.966365209984427,5.2764064357082745,10.154904064217428
2025-04-07,5.625547561002307,5.233473872467979,5.8858146672055565,5.209639295707936,10.029385847749563
2025-04-08,6.241327588495799,5.713928850682425,6.351451203692323,5.576220757472661,10.849058569883343
2025-04-09,5.915326386644593,5.48115632548082,6.167826972361031,5.43532053105632,10.555521545212086
2025-04-10,6.040060664084792,5.562603342144341,6.2529934216411425,5.5051361797469465,10.699577542061721
2025-04-11,6.112109976377162,5.628413021672877,6.328955495904863,5.579864785587916,10.824190953774087
2025-04-14,6.057872814119082,5.596079917722188,6.323424084157808,5.570714915172693,10.88391102886486
2025-04-15,5.971134883198817,5.512899041140497,6.238538299791593,5.497402393767857,10.71935141015284
2025-04-16,6.048056684133745,5.565525448933163,6.290788990583426,5.516765921121964,10.762606435841247
2025-04-17,5.960848634851995,5.463307857643225,6.149169965950042,5.38369518316475,10.472699043123813
2025-04-21,6.106009002652866,5.605487887031404,6.285551168818953,5.531531321432679,10.782441078620591
2025-04-22,6.180699110461756,5.661271885643862,6.359299153026392,5.584918964810212,10.96238990947592
2025-04-23,6.332984439837774,5.781472269681782,6.461291296731213,5.6788677977141,11.177956254160007
2025-04-24,6.321797989465493,5.7666831207176665,6.445246958079579,5.671064532539156,11.244406629758322
2025-04-25,6.335939974747017,5.770324145713281,6.458567329731414,5.7024393974679395,11.30927358186536
2025-04-28,6.340599338681401,5.802498928832129,6.506531002912583,5.753882822690134,11.367761052777908
2025-04-29,6.3223761816571455,5.811159390114359,6.525926281078653,5.777124245883658,11.37220336779199
2025-04-30,6.324351232530153,5.785612365431765,6.526220835314164,5.784823868246855,11.380912020720972
2025-05-01,6.4508101971417195,5.884129395351274,6.639485792055217,5.879459189430224,11.58836949749826
2025-05-02,6.401625254166267,5.852634567731875,6.614389123801614,5.86846936366361,11.58657101926794
2025-05-05,6.33210499615404,5.801804442766652,6.565188309654144,5.8383900666007085,11.546499210121196
2025-05-06,6.389234487717696,5.839832990771842,6.601719309994921,5.865179129323612,11.615233995061983
2025-05-07,6.523035526774306,5.916809540388507,6.666815728062193,5.877647243820489,11.615108207040679
2025-05-08,6.541439159398056,5.910694618802416,6.66464646947447,5.869742290820954,11.611616788045202
2025-05-09,6.888846896681255,6.114973988837199,6.840301276864795,5.967715640857151,11.808947654907424
2025-05-12,6.969828028564237,6.122935065722614,6.827326292352052,5.947154126499085,11.9207058583491
2025-05-13,6.911611286087895,6.077491562700014,6.791001500638069,5.909353122853031,11.934863354834928
2025-05-14,6.912886534391344,6.117836894498504,6.872184442855032,5.992360376003811,12.037368292697614
2025-05-15,6.9683562215952835,6.182915278197389,6.941837790992724,6.049647219770859,12.17102316354584
2025-05-16,6.936316105014969,6.170125756020262,6.943752928614012,6.0623964635257295,12.218706757941286
2025-05-19,6.9099564436574035,6.146147749632061,6.931155423847093,6.039562834907388,12.183905619595476
2025-05-20,6.698457968875196,6.008802924473605,6.781546317812767,5.935544864472085,11.968735823713176
2025-05-21,6.696076813646974,5.9948514913260516,6.757778278820099,5.9165541192072375,11.93500498603814
2025-05-22,6.628737163264004,5.955040612425356,6.741183187321741,5.899332234335896,11.962152510388483
2025-05-23,6.795247765099602,6.074777968296589,6.861248225101114,5.9965771000669905,12.128581031840188
2025-05-27,6.707434081529608,6.013474301948415,6.806439333857603,5.946770302688762,12.07780112263589
2025-05-28,6.74773912225273,6.0356553746813635,6.837495645936893,5.985058504754341,12.045618110556148
2025-05-29,6.669487885861281,6.010936001137167,6.859500160562854,5.999352111542982,12.112326329581222
2025-05-30,6.668734160849011,5.984446425056765,6.8481797857805775,6.008254906737784,12.190646614146871
2025-06-02,6.822353225301368,6.044032185746949,6.878589745436142,6.019514902261438,12.231844776728638
2025-06-03,6.837850381122814,6.036608161252649,6.855746310152145,6.0011998816321634,12.191742791477623
2025-06-04,6.7993224766076885,6.025848365081465,6.838015448005981,6.003539165831479,12.160813838429515
2025-06-05,6.893212008171268,6.06978886459422,6.902739750610913,6.038859833274172,12.255855146084492
2025-06-06,6.964491431323537,6.085819514652835,6.891548472622937,6.010827969029491,12.15115464873263
2025-06-09,7.080544013332048,6.139950459930877,6.910983160050618,6.013204583778916,12.130515482839899
2025-06-10,7.035961608426826,6.10409348307212,6.884094470561567,6.006391957375829,12.156740117568345
2025-06-11,7.033675888522703,6.1258160310856695,6.907652370575706,6.039905730726314,12.182793556179314
2025-06-12,6.93376188757147,6.044171570950585,6.8175994815145735,5.961498401370332,12.038708968584416
2025-06-13,7.035008055315614,6.097497230518678,6.855510975654441,6.033501502357702,12.205495550464878
2025-06-16,6.923356445518175,6.02718469620911,6.799907849435509,5.986342092937185,12.147500406400642
2025-06-17,6.923232862545087,6.021107766708029,6.81143707737016,5.9901929695653875,12.197111700199995
2025-06-18,6.927344339469991,6.024744532241957,6.818016990822213,5.995876063606085,12.245643275323703
2025-06-20,6.927841183987254,6.07086208734691,6.89264318020077,6.063675001787515,12.384646286507651
2025-06-23,7.036947148147433,6.12128973119198,6.957019336623208,6.108136781704014,12.51301259410555
2025-06-24,7.014028404776769,6.081393241750626,6.899645796642717,6.051381183416574,12.426811426323178
2025-06-25,7.077097038428878,6.1324566157687945,6.947897913053692,6.089259634811157,12.547287312832962
2025-06-26,7.089985729583322,6.144793861853043,6.9924705898218065,6.123901244929765,12.625650566365138
2025-06-27,7.097772772785493,6.162412545089316,7.024475237423957,6.177742807006844,12.749836919821963
2025-06-30,7.266213464908186,6.283177048320633,7.1136137400557855,6.209538112451945,12.62243013484643
2025-07-01,7.334899369483197,6.327250503504208,7.114512854373199,6.196765809088565,12.650624840090503
2025-07-02,7.333846189518816,6.354211082159247,7.156637757105523,6.249369343761657,12.772935210308052
2025-07-03,7.21263187739086,6.299240620717359,7.0967046144635155,6.213502483782085,12.734966755550369
2025-07-07,7.341252596770291,6.324098770092711,7.11233950850307,6.184813232635781,12.617270572551554
2025-07-08,7.3690540136658536,6.3408414943495375,7.139707867479336,6.1973104688527965,12.679302042435676
2025-07-09,7.462886967378575,6.374339400007675,7.177345326965824,6.214237548546631,12.701116987941273
2025-07-10,7.397245009241688,6.324476765248193,7.130535551621629,6.166950557633263,12.63430115284829
2025-07-11,7.319206411975691,6.315344907175873,7.151722425690329,6.196796422065499,12.780800134340879
2025-07-14,7.2152696733058015,6.221549945095433,7.061310094044579,6.108507194719122,12.661731905993596
2025-07-15,7.233602924248343,6.234874109540194,7.110393498824647,6.1385334118917365,12.720831936055507
2025-07-16,7.300789311223184,6.278108389461133,7.171729232556926,6.194771632059983,12.779786020816672
2025-07-17,7.2661337296968505,6.272330658365739,7.174015726585805,6.208654676415608,12.862726899768962
2025-07-18,7.231880117881117,6.254120421692282,7.160986544721266,6.19329693340404,12.802372650711142
2025-07-21,7.447183589486763,6.328123232414428,7.238443331442337,6.248945366608476,12.758768254934624
2025-07-22,7.542044644525061,6.362459072571701,7.291181156174011,6.271438348776943,12.903597267314186
2025-07-23,7.4961674125696405,6.321855751315582,7.280922348908443,6.276063461130806,12.903800888932377
2025-07-24,7.540382302955229,6.348421914749686,7.314431111071856,6.298556406342115,13.038127344739852
2025-07-25,7.516186026571796,6.295412359714833,7.272220185354116,6.256654580299956,13.029805347919496
2025-07-28,7.473890307449238,6.3104567460749,7.271306999938043,6.264999084236536,13.002597325936055
2025-07-29,7.381853235326513,6.233497295901775,7.230447279876022,6.249857727721831,13.061166462712281
2025-07-30,7.230230453507907,6.1619256527824255,7.1998803153946405,6.204110004741523,13.064332450709866
2025-07-31,7.139382861651282,6.135159241986709,7.136288258673163,6.126930125032936,12.862225420218486
2025-08-01,7.195747614980868,6.203558623635896,7.21190853906667,6.228349995811435,13.084520899406197
2025-08-04,7.208762775320144,6.186694740051718,7.189658819684068,6.1956263215124885,12.978128780646307
2025-08-05,7.122187811753565,6.181230989927108,7.203664899232022,6.197162965724163,13.009387117566153
2025-08-06,7.169584978668959,6.181651302779273,7.176400039123795,6.1888848505940555,12.981611997122423
2025-08-07,7.1748446938993435,6.173839788202346,7.189524383738373,6.217129537685634,13.032556432931878
2025-08-08,7.125937985460227,6.152092250859038,7.168928016218335,6.200701005587985,13.027174290739056
2025-08-11,7.2435897715652535,6.23967919115012,7.227558261568299,6.275992914018112,13.263879209028937
2025-08-12,7.414888594018024,6.349590847495573,7.329751971329104,6.349238340155446,13.232245533372401
2025-08-13,7.361927709285131,6.293476476513966,7.289885785986904,6.323007543495979,13.126444726069384
2025-08-14,7.394355316115662,6.29066934962003,7.268281270975606,6.273015309580543,13.073857683849127
2025-08-15,7.3910084290062485,6.267953720425009,7.256698729720735,6.272781962498929,13.1147825913531
2025-08-18,7.4697428566364525,6.322400821202079,7.313551641117452,6.285933226299247,12.975941857636908
2025-08-19,7.434714135448835,6.315546843740423,7.326224536541444,6.296591345622796,12.963145895776432
2025-08-20,7.3902462415018775,6.299770994898335,7.306259283743145,6.288894848398379,12.922822013538674
2025-08-21,7.611293000526985,6.416561889742925,7.409533493702942,6.385926726344396,13.137546613523257
2025-08-22,7.533567581543655,6.353811022035034,7.346649292704966,6.329471979567629,13.120691105544811
2025-08-25,7.491356540433905,6.345532348605973,7.355646097131589,6.350470706468205,13.327034548996233
2025-08-26,7.532372857829254,6.374345842593158,7.372574636854031,6.367165410621458,13.357922874813989
2025-08-27,7.499484216837045,6.351299962067455,7.360030852628241,6.383023776272536,13.468566573988705
2025-08-28,7.53675682532419,6.366671100279582,7.357537462237607,6.350671006356513,13.31038848246434
2025-08-29,7.463329654315819,6.303967281961619,7.3107759821682174,6.307586138687085,13.268334233818395
2025-09-02,7.427658717821224,6.295263568516174,7.283181877196668,6.3027132243207005,13.288516739364995
2025-09-03,7.468907078761063,6.331439958386093,7.339527232980506,6.349671215030797,13.483188511692829
2025-09-04,7.519102402734263,6.351260715181912,7.313120173981253,6.34047856680308,13.433413137139382
2025-09-05,7.480721033294302,6.331119449007164,7.306111255095505,6.3601114924461655,13.56157937503205
2025-09-08,7.43573573713907,6.3041266136471945,7.277335963597313,6.343641067694735,13.628649919945541
2025-09-09,7.3790814404904435,6.263493414656862,7.270332267997616,6.321302245308748,13.815514801280505
2025-09-10,7.508827325136467,6.352450086335787,7.3779764210802705,6.420973000676099,13.990279020801495
2025-09-11,7.407239902087903,6.289574392047328,7.343493782257615,6.374697425082922,13.94742103090771
2025-09-12,7.336919974218838,6.251878723492483,7.336237656745055,6.358712064415273,14.066346275365353
2025-09-15,7.367713454615618,6.239260957903611,7.303694395679635,6.344935783124284,13.970815591680992
2025-09-16,7.353062667808363,6.2543381509276825,7.333474547227221,6.35608447721695,13.98612365105552
2025-09-17,7.378809145485918,6.265167629346691,7.350264296232085,6.420367436258907,14.20282380117454
2025-09-18,7.327561826860555,6.242606455636044,7.34691044107223,6.4099026620085535,14.271849418497869
2025-09-19,7.335907853745908,6.232988314708984,7.350748710106213,6.413055310257057,14.33005974247282
2025-09-22,7.338596586352054,6.23849089789709,7.366718383642956,6.422013507792174,14.303414109057757
2025-09-23,7.35021957707659,6.234917394111087,7.339099148368678,6.420279114015458,14.168140708206876
2025-09-24,7.23794176954731,6.185417065084205,7.30389418960626,6.3915121665822525,14.068388469181414
2025-09-25,7.32512273676359,6.242809629415391,7.37255195794565,6.447050904592807,14.213673303941645
2025-09-26,7.347143019754501,6.245107887874267,7.3816450582455495,6.472331927739539,14.332200466498943
2025-09-29,7.396018388820266,6.265239838657147,7.395214022675155,6.477512106306092,14.358570909823062
2025-09-30,7.511764486717387,6.269022504266665,7.382720869731596,6.444974581680391,14.340355739019005
2025-10-01,7.554231607825376,6.26959063305027,7.3888834911201595,6.467747323993692,14.361754413667187
2025-10-02,7.623519179786102,6.305087629704228,7.403972248816379,6.489608964162856,14.298160129742742
2025-10-03,7.57809993172487,6.292707379910124,7.4269559188575105,6.5007364092246185,14.317097993043493
2025-10-06,7.528890870786324,6.268518292900359,7.4084637414842796,6.479125961904469,14.226334605942192
2025-10-07,7.5387286586813165,6.305626303844146,7.429214568610067,6.4885398058570285,14.32519701097484
2025-10-08,7.46128513834687,6.259626317996149,7.3629685115065335,6.434607064374717,14.263877569429598
2025-10-09,7.256342238848057,6.123904394022332,7.234662630388589,6.306865088638933,13.863139982779224
2025-10-10,7.337675062173949,6.179131887570328,7.285718247834488,6.354066035546837,14.138566560228252
2025-10-13,7.397428797542719,6.23745332648065,7.368838683865472,6.427390531083039,14.15707713012375
2025-10-14,7.390381772579723,6.241983963898945,7.366632950661795,6.434037857144511,14.275276104549352
2025-10-15,7.391890839807761,6.190535349062826,7.261489651936014,6.333039114404725,14.155191042944985
2025-10-16,7.424794982580601,6.229796155470966,7.304356607331674,6.36785341556333,14.167392887827315
2025-10-17,7.513487072562067,6.280670029167939,7.377731996836353,6.431177495153653,14.304039142410941
2025-10-20,7.582245112326477,6.323587910392675,7.405061812368403,6.464250283630341,14.281312549815917
2025-10-21,7.561481326190342,6.290984583917766,7.379807905821771,6.430372375801279,14.118849540384932
2025-10-22,7.588491034631143,6.328002015325146,7.399751873170931,6.455675596336338,14.301158868723585
2025-10-23,7.569268788039339,6.321258866042726,7.426393908756361,6.475464380449746,14.505451685170144
2025-10-24,7.605836089074296,6.326559498559216,7.476796478644071,6.499213110949141,14.647009786167565
2025-10-27,7.526728971433839,6.264883920688298,7.391234572502722,6.449504231606059,14.55684224431909
2025-10-28,7.3437109522692765,6.152305418919297,7.306153256490978,6.408685095331978,14.622279768165365
2025-10-29,7.268602304321015,6.140020468337685,7.291487219377276,6.424504322231127,14.465641172979131
2025-10-30,7.2991979179380415,6.152058293060896,7.299152318211549,6.427043637793545,14.533217878356805
2025-10-31,7.227512053085956,6.117591092355761,7.274700049444767,6.429484695686669,14.588571179546351
2025-11-03,7.172887424434373,6.103389922465917,7.283268656892309,6.410601360466666,14.27850060914679
2025-11-04,7.224457251930782,6.120696864220863,7.303163568451807,6.436638325700348,14.492518757962094
2025-11-05,7.145525458652347,6.089503992028083,7.259875190810057,6.440801000852472,14.292307130472395
2025-11-06,7.218697213497521,6.151126778070158,7.333101876630459,6.497124326401066,14.390810917398975
2025-11-07,7.207389738929831,6.155539842375702,7.3561676759338726,6.535666663789968,14.665282073471696
2025-11-10,7.293963359493637,6.219650051263958,7.412222231968296,6.557895201463573,14.59056754658312
2025-11-11,7.3107176601467385,6.2232536595167245,7.439121762153297,6.587336749400352,14.612354959158433
2025-11-12,7.275387864293442,6.166071458797693,7.381337987821564,6.503161597981331,14.208160858736182
2025-11-13,7.229695592628284,6.1402448161441985,7.365057162240742,6.481153772807297,14.211067878822956
2025-11-14,7.102160271641344,6.052841189489584,7.246415544290198,6.403840979494875,14.094246063794863
2025-11-17,7.110161627607934,6.061796886498324,7.239497682121543,6.407347182512104,14.043994356039374
2025-11-18,7.0550456469280665,6.0500764330890195,7.2207457450552495,6.376520614976571,14.118099989309009
2025-11-19,7.017930795304575,6.019069416772668,7.150298344763415,6.324181964713058,13.663068793854423
2025-11-20,7.221112026280563,6.163050434628942,7.284874318997877,6.420379169722016,13.806244583488146
2025-11-21,7.194108179168195,6.153251186003632,7.292057225216841,6.454752646612434,14.138529429706454
2025-11-24,7.313753479277816,6.254562571416573,7.406133181807602,6.533466873167458,14.320468098276793
2025-11-25,7.352117622012217,6.272683269996328,7.45009848037468,6.573028454173346,14.524437883198743
2025-11-26,7.391852089337561,6.291830373617116,7.484717573685601,6.60525857695653,14.668909023238355
2025-11-28,7.3738997843241965,6.259404161772573,7.4323208170243396,6.534820311569919,14.553850230589562
2025-12-01,7.361377221012361,6.259386992382096,7.4186459537100395,6.509550163304271,14.620899368502055
2025-12-02,7.441270363034643,6.327088931393131,7.487993982179043,6.545283481284804,14.65438832090579
2025-12-03,7.416186211778809,6.32084024264158,7.488519132173199,6.548258076963005,14.790033537870114
2025-12-04,7.450795628985494,6.334672283260352,7.484840377059531,6.52524245537807,14.892380703153584
2025-12-05,7.369737363877345,6.283600883618322,7.434817382798279,6.479717394499974,14.973350754480222
2025-12-08,7.351881469364505,6.2775209366505695,7.40673849966329,6.4482222887256215,15.00898711518589
2025-12-09,7.498648987246981,6.375984935659772,7.482117097928259,6.491506694015784,15.222725388298425
2025-12-10,7.5683968799485735,6.437524210615547,7.566965475292396,6.530326349221343,15.321121442208836
2025-12-11,7.555831005059655,6.4112121337272,7.5530122105720485,6.51589424536446,14.965450891317928
2025-12-12,7.5436166021740405,6.413566881024934,7.571268271326706,6.5305186406897,14.968560701951581
2025-12-15,7.5152656128368225,6.3502406446488235,7.517862156505846,6.482135999673871,14.86990913155498
2025-12-16,7.522231153763562,6.36799720860411,7.507686030823234,6.477106988228037,14.607108839173128
2025-12-17,7.511279193882009,6.35353309001582,7.5056591845749345,6.490967534671244,14.802097363775209
2025-12-18,7.496312448696197,6.353812585372946,7.544552199010796,6.500154540678186,15.037876395673388
2025-12-19,7.555281083676614,6.398168787126357,7.608814221107852,6.542613508221514,15.188619267262292
2025-12-22,7.504933266703027,6.369875573642535,7.605461429132549,6.539052544928191,15.201800755392455
2025-12-23,7.543242060086096,6.392961665021272,7.623864650642515,6.562640021860178,15.258189601118994
2025-12-24,7.549967710711312,6.395605002617057,7.618011781222478,6.559477863479188,15.25373843119944
2025-12-26,7.548490748960717,6.393782357218814,7.59528527474679,6.549541782710296,15.180567309107232
2025-12-29,7.545952104303073,6.388371484332059,7.5851993928707815,6.542233732738905,15.103803978185985
2025-12-30,7.485521578927637,6.327461192935495,7.522683856761329,6.489299260059636,14.937895447455842
