,IC
2011-01-03,-0.1839697600047878
2011-01-04,-0.03810579855905709
2011-01-05,-0.1121665788330221
2011-01-06,0.012065327321164212
2011-01-07,0.15394734620266742
2011-01-10,-0.18244819814211538
2011-01-11,-0.19899130270467896
2011-01-12,0.06851774062938915
2011-01-13,-0.05789422687633119
2011-01-14,0.038037492557094855
2011-01-18,-0.06405201792058372
2011-01-19,-0.3142912568420206
2011-01-20,-0.05297919043140952
2011-01-21,-0.009651239553794311
2011-01-24,0.018796086814209266
2011-01-25,0.28339888053799955
2011-01-26,0.07132267174725616
2011-01-27,-0.15009287901797805
2011-01-28,0.18906811361816925
2011-01-31,0.071979968374933
2011-02-01,0.026197760915005096
2011-02-02,0.045006335466276914
2011-02-03,0.14851151886791
2011-02-04,0.040018294812904455
2011-02-07,0.03736841978301881
2011-02-08,0.11982010777291867
2011-02-09,0.2212593983677846
2011-02-10,0.2774471497476788
2011-02-11,0.15690130444660216
2011-02-14,-0.11677705910275435
2011-02-15,0.11552512389044715
2011-02-16,-0.0864260865147127
2011-02-17,-0.07373476530832439
2011-02-18,-0.214462307325924
2011-02-22,-0.19494188234917703
2011-02-23,0.1629027533378276
2011-02-24,0.2079451165735296
2011-02-25,-0.07864972080577934
2011-02-28,-0.21239470997831184
2011-03-01,0.10780416434418612
2011-03-02,0.20083654749450333
2011-03-03,0.06187870084915935
2011-03-04,-0.25053239794220783
2011-03-07,-0.08419263644267103
2011-03-08,-0.19953559850603342
2011-03-09,-0.12091500071795439
2011-03-10,0.07221072846890257
2011-03-11,0.07832894024021003
2011-03-14,0.04277145186288718
2011-03-15,0.042970991891886856
2011-03-16,0.05442141621973699
2011-03-17,-0.1296722135259628
2011-03-18,0.3340341497614447
2011-03-21,-0.2238940505515192
2011-03-22,0.12203674789306908
2011-03-23,0.14240016555480353
2011-03-24,0.20162655644560565
2011-03-25,-0.04743885973138612
2011-03-28,0.18397897732630739
2011-03-29,0.05512454203097484
2011-03-30,0.17082415745715207
2011-03-31,-0.009688737733593897
2011-04-01,0.004129290710892324
2011-04-04,0.06387674210945046
2011-04-05,-0.3768345034657345
2011-04-06,-0.033151956828040806
2011-04-07,-0.060240025019231945
2011-04-08,-0.10628486557121426
2011-04-11,-0.1512668611497397
2011-04-12,0.4045146585972878
2011-04-13,0.039658331172130884
2011-04-14,0.06288789421551157
2011-04-15,-0.1437574559890179
2011-04-18,0.10921772343845469
2011-04-19,0.23009198518599122
2011-04-20,0.19763393713863314
2011-04-21,-0.05520597711863102
2011-04-25,-0.1254971840491969
2011-04-26,-0.0203149606110814
2011-04-27,-0.12200303916244175
2011-04-28,0.15995375442510054
2011-04-29,-0.10845973503013535
2011-05-02,-0.35244072995606457
2011-05-03,-0.20775700270430625
2011-05-04,0.030566778607402704
2011-05-05,0.08840162238319124
2011-05-06,0.36794503941600004
2011-05-09,0.03973935811125914
2011-05-10,-0.1898885215093001
2011-05-11,0.007604792422385229
2011-05-12,-0.030214641758239406
2011-05-13,-0.22637383266305297
2011-05-16,-0.18593158588268444
2011-05-17,0.40618233564141903
2011-05-18,0.004885085308827967
2011-05-19,-0.060835129822040965
2011-05-20,-0.1901058582666427
2011-05-23,-0.03276653119190314
2011-05-24,0.3944137439178258
2011-05-25,0.20430568853981787
2011-05-26,-0.05238256957962766
2011-05-27,0.03805020344387523
2011-05-31,-0.06929527932846084
2011-06-01,0.20000179160691214
2011-06-02,-0.05174509097293026
2011-06-03,-0.09934999755045251
2011-06-06,0.1859083964113509
2011-06-07,-0.09942118595444814
2011-06-08,0.1316170825780394
2011-06-09,-0.2542393633763764
2011-06-10,-0.2294468329892057
2011-06-13,0.24837410268362306
2011-06-14,-0.09113878057300992
2011-06-15,-0.30549394325290596
2011-06-16,-0.1809582583247373
2011-06-17,0.17416488653034676
2011-06-20,0.31909439426645236
2011-06-21,0.04742422484461371
2011-06-22,0.15179300524481462
2011-06-23,-0.019017011004990963
2011-06-24,0.1183752955247986
2011-06-27,0.38962767517091007
2011-06-28,-0.024513626888462328
2011-06-29,0.12091456409985142
2011-06-30,0.0995768395054009
2011-07-01,0.32874812062946107
2011-07-05,0.18045087453292669
2011-07-06,-0.027217255757189054
2011-07-07,0.15486570276599282
2011-07-08,-0.0817309437765138
2011-07-11,-0.24723424550619466
2011-07-12,0.1426993476248955
2011-07-13,-0.04725782364335602
2011-07-14,0.14024211807814727
2011-07-15,0.12185919517819935
2011-07-18,0.20891256895277158
2011-07-19,-0.20709072980178983
2011-07-20,-0.15930148268648092
2011-07-21,0.10371887699875396
2011-07-22,-0.04879681079482079
2011-07-25,-0.12549350171498488
2011-07-26,-0.1931796706408135
2011-07-27,0.036880210388832275
2011-07-28,0.009718893661239816
2011-07-29,0.055951813324870835
2011-08-01,-0.09438549823694421
2011-08-02,0.023361076524501426
2011-08-03,-0.2386504174516724
2011-08-04,-0.12324036071454975
2011-08-05,-0.2111679657833615
2011-08-08,0.23008111484904525
2011-08-09,0.189162398937828
2011-08-10,0.07963577695820158
2011-08-11,0.35064829773004885
2011-08-12,-0.15898010384663058
2011-08-15,-0.22853439661601033
2011-08-16,-0.16973197610317436
2011-08-17,-0.25439075389983534
2011-08-18,-0.16882495790113405
2011-08-19,-0.03669129584563454
2011-08-22,0.31653662075665967
2011-08-23,-0.09902314130271886
2011-08-24,-0.0823081650858243
2011-08-25,0.351808776946774
2011-08-26,0.009222795020467528
2011-08-29,0.23450189154384307
2011-08-30,-0.06469199165114947
2011-08-31,0.21268777996912527
2011-09-01,0.0595171326533251
2011-09-02,0.2684255282157412
2011-09-06,-0.11295234687396437
2011-09-07,0.24692033934176938
2011-09-08,-0.0824501969088238
2011-09-09,-0.03387599998643616
2011-09-12,0.09901443651460741
2011-09-13,0.022682767215299774
2011-09-14,-0.17231218521147523
2011-09-15,0.09663883355885906
2011-09-16,0.37681059456210997
2011-09-19,0.047090519101737546
2011-09-20,0.1927616793437846
2011-09-21,0.081587351656567
2011-09-22,-0.11226825957594856
2011-09-23,-0.24590799676379338
2011-09-26,-0.0895349251221951
2011-09-27,0.05606916204950434
2011-09-28,-0.3161554459521755
2011-09-29,0.2328646523507414
2011-09-30,0.09611075739370956
2011-10-03,-0.1597699263491001
2011-10-04,-0.15785372486711108
2011-10-05,-0.18047661564902742
2011-10-06,0.1840889344168194
2011-10-07,-0.11208595652688765
2011-10-10,-0.06971491758153685
2011-10-11,-0.33467476736849494
2011-10-12,0.2619707508488368
2011-10-13,-0.001168186665717544
2011-10-14,0.27053738764407703
2011-10-17,-0.3808815194245574
2011-10-18,0.14274686508613763
2011-10-19,-0.17039032909760904
2011-10-20,-0.155390422583938
2011-10-21,-0.23551916333241832
2011-10-24,0.25411258020200256
2011-10-25,-0.23528162366501681
2011-10-26,-0.33968805708804933
2011-10-27,-0.0652275943430769
2011-10-28,0.42614957804889875
2011-10-31,0.345537027766842
2011-11-01,-0.29157769729641164
2011-11-02,-0.20975400809716907
2011-11-03,0.09200615988874003
2011-11-04,-0.009820550002612331
2011-11-07,-0.18671807373363095
2011-11-08,0.42728049110044436
2011-11-09,-0.02765730868844085
2011-11-10,-0.2283149728890802
2011-11-11,0.12767188883538289
2011-11-14,0.11959464375140363
2011-11-15,-0.016316705622315242
2011-11-16,0.315506705682759
2011-11-17,-0.06995017388785617
2011-11-18,0.29322631915450587
2011-11-21,0.3109459186026457
2011-11-22,0.21669995394524275
2011-11-23,0.04052541568789365
2011-11-25,-0.22451067488167872
2011-11-28,0.10860022119793244
2011-11-29,-0.3060798672018909
2011-11-30,0.0730189120515791
2011-12-01,-0.16651158191877594
2011-12-02,-0.318085976852319
2011-12-05,-0.023755731425549927
2011-12-06,-0.17718194749801053
2011-12-07,0.470439777921458
2011-12-08,-0.12971086134022491
2011-12-09,0.26551993459934564
2011-12-12,0.26741574399902224
2011-12-13,0.04450388901767017
2011-12-14,0.011843633936394241
2011-12-15,0.014772531533254073
2011-12-16,0.4071469772909299
2011-12-19,-0.31316258441897027
2011-12-20,0.04037418960909185
2011-12-21,-0.3942363210258999
2011-12-22,0.18609774218493821
2011-12-23,0.35678835863234076
2011-12-27,0.36543870600228134
2011-12-28,-0.3080141795079646
2011-12-29,-0.2565263088985001
2011-12-30,-0.4776866838006449
2012-01-03,0.04290735437891779
2012-01-04,-0.08269580451724964
2012-01-05,-0.045445774291334
2012-01-06,-0.23895419312760954
2012-01-09,-0.27153482148827995
2012-01-10,-0.279237235837387
2012-01-11,-0.1093320634965383
2012-01-12,0.35687918877642677
2012-01-13,0.11416439383528719
2012-01-17,-0.3919643561264212
2012-01-18,-0.3465490561717253
2012-01-19,-0.12423414473034564
2012-01-20,-0.034949477341945284
2012-01-23,-0.08166153341270882
2012-01-24,0.041081239762642455
2012-01-25,0.1062004203055357
2012-01-26,-0.24001151608403437
2012-01-27,0.10843647534219
2012-01-30,0.09412971273132331
2012-01-31,-0.26209558713383413
2012-02-01,-0.11670039359309309
2012-02-02,-0.3943029007905727
2012-02-03,-0.015193388198241632
2012-02-06,0.15413705036452932
2012-02-07,-0.17085665707704054
2012-02-08,-0.05678215155367054
2012-02-09,0.33166394795847687
2012-02-10,-0.040299416991148425
2012-02-13,0.15208789235637046
2012-02-14,-0.13108144626908938
2012-02-15,-0.3252888728947309
2012-02-16,0.08091020941096011
2012-02-17,0.04087874814848132
2012-02-21,0.3164821828534535
2012-02-22,-0.06330900045476195
2012-02-23,0.1348000609731793
2012-02-24,0.07897060035901982
2012-02-27,-0.07544770833243776
2012-02-28,0.12470175193525082
2012-02-29,0.03980952120444896
2012-03-01,0.09128398573346626
2012-03-02,0.36286030431466554
2012-03-05,0.31989968643016814
2012-03-06,-0.11641388104932184
2012-03-07,-0.08735799914836682
2012-03-08,-0.04494196437022939
2012-03-09,0.2296071176514668
2012-03-12,-0.29379575801033886
2012-03-13,-0.029338421628700602
2012-03-14,-0.273701203885916
2012-03-15,-0.23429929148497405
2012-03-16,0.0062682864713953955
2012-03-19,0.16743381383645548
2012-03-20,0.19094122558874418
2012-03-21,0.34151871929048394
2012-03-22,-0.1621435014344833
2012-03-23,-0.06376900754794051
2012-03-26,0.2021002601287956
2012-03-27,0.09804546162738367
2012-03-28,0.14897141033999844
2012-03-29,-0.024075559028149108
2012-03-30,0.06314863495650179
2012-04-02,0.30814969311025386
2012-04-03,0.22704420415150445
2012-04-04,0.295072398986542
2012-04-05,0.3011566798832293
2012-04-09,0.0009737717260935181
2012-04-10,0.011696346391826005
2012-04-11,-0.2749460285901522
2012-04-12,0.4921399145632249
2012-04-13,0.04804927377886972
2012-04-16,-0.21897136617890725
2012-04-17,0.20501702947794728
2012-04-18,-0.10337714543804098
2012-04-19,0.2214422198196336
2012-04-20,-0.01870996641819739
2012-04-23,-0.22484122414553714
2012-04-24,0.14043505960656655
2012-04-25,0.06557337823337205
2012-04-26,0.12591924886052164
2012-04-27,-0.057194089029395594
2012-04-30,-0.10363888713264084
2012-05-01,0.34111525871672077
2012-05-02,0.11707771890358434
2012-05-03,0.09699651395832205
2012-05-04,-0.007901552265021167
2012-05-07,0.03439823800170909
2012-05-08,0.07574568749752791
2012-05-09,0.17057031299405415
2012-05-10,0.07500472044037135
2012-05-11,-0.07141950674501465
2012-05-14,0.27414292558682846
2012-05-15,0.14979538375920573
2012-05-16,-0.22463473380315668
2012-05-17,0.08916138650245017
2012-05-18,-0.01825416462283742
2012-05-21,0.12039881966863143
2012-05-22,-0.03230079402011617
2012-05-23,0.17341683098665997
2012-05-24,-0.1748187342722152
2012-05-25,-0.14469227930711634
2012-05-29,0.2355780903882475
2012-05-30,0.10853010242116795
2012-05-31,-0.07814673212351615
2012-06-01,0.14981948670183784
2012-06-04,-0.13405696498218017
2012-06-05,-0.09604902107220566
2012-06-06,0.04347373563801151
2012-06-07,0.11882385814861071
2012-06-08,0.09818329601777549
2012-06-11,-0.06572352893748397
2012-06-12,0.009892231378033974
2012-06-13,0.12102082776144371
2012-06-14,-0.15868702510283778
2012-06-15,0.3180087084103008
2012-06-18,-0.28483328923335394
2012-06-19,-0.13977320727951217
2012-06-20,0.20662545733858473
2012-06-21,0.04811918278188803
2012-06-22,0.2921037840908702
2012-06-25,0.19705936402584526
2012-06-26,-0.28326905808989244
2012-06-27,-0.11227450301823236
2012-06-28,-0.19710078288542493
2012-06-29,0.2543575097695579
2012-07-02,-0.31557092870735753
2012-07-03,0.23099486264698937
2012-07-05,0.3070714271657157
2012-07-06,0.29754250982224145
2012-07-09,0.15942988056592236
2012-07-10,-0.1803253833162437
2012-07-11,0.33319362174567724
2012-07-12,-0.14813079150997222
2012-07-13,0.05789380170060632
2012-07-16,-0.05284512487673368
2012-07-17,-0.2233039202309259
2012-07-18,-0.15450197970754462
2012-07-19,0.23030447049237482
2012-07-20,0.07927071926710995
2012-07-23,0.07882139372867163
2012-07-24,0.022618274432114522
2012-07-25,-0.0395174060998826
2012-07-26,-0.25922457298915086
2012-07-27,0.0007582362151533155
2012-07-30,-0.13162180464230142
2012-07-31,-0.13453798603983042
2012-08-01,0.37523954476845656
2012-08-02,-0.2782537285864079
2012-08-03,-0.27412093217885697
2012-08-06,-0.23868417777257786
2012-08-07,-0.10937505296147078
2012-08-08,-0.0975550925559449
2012-08-09,-0.1306341734932192
2012-08-10,0.10877237742019205
2012-08-13,0.23987485656373478
2012-08-14,0.0170579929774886
2012-08-15,-0.044126737262307196
2012-08-16,0.0689128579187857
2012-08-17,-0.24358132250561348
2012-08-20,-0.12211006434841182
2012-08-21,0.21059121361822616
2012-08-22,0.10828579371829368
2012-08-23,0.09386340376860716
2012-08-24,0.16754587776222743
2012-08-27,0.052385508387085535
2012-08-28,-0.016373266390453885
2012-08-29,0.11508083205278657
2012-08-30,-0.07110973683258544
2012-08-31,0.24255742471667513
2012-09-04,-0.042355142377885784
2012-09-05,-0.034006779779624796
2012-09-06,-0.19815219675171733
2012-09-07,-0.0710469943539417
2012-09-10,-0.14396963910199467
2012-09-11,0.050508592811221005
2012-09-12,0.007034612075833872
2012-09-13,-0.13086918260803515
2012-09-14,0.04074208575161986
2012-09-17,0.032203807115090424
2012-09-18,0.09304000093392423
2012-09-19,0.08414049063761139
2012-09-20,0.12523195053731592
2012-09-21,-0.09401781765405857
2012-09-24,0.0028940705521815634
2012-09-25,-0.20472682238084328
2012-09-26,0.1897856008643831
2012-09-27,0.01887256356260728
2012-09-28,-0.0273902076248302
2012-10-01,-0.03302393350312344
2012-10-02,0.20498679976869372
2012-10-03,-0.011379909726390405
2012-10-04,0.057030215967863264
2012-10-05,-0.1601298086230174
2012-10-08,-0.18553105978115675
2012-10-09,0.1846425569146151
2012-10-10,-0.18445288449857905
2012-10-11,0.0081277499002139
2012-10-12,0.11860360399494622
2012-10-15,-0.10779787755936666
2012-10-16,-0.04422187907332717
2012-10-17,-0.05749524380392949
2012-10-18,0.08819287417839491
2012-10-19,0.015081467346240402
2012-10-22,-0.009647980083346242
2012-10-23,0.2373810950979226
2012-10-24,-0.1745959330375017
2012-10-25,0.10082723362947858
2012-10-26,-0.025481977720872965
2012-10-31,-0.06776699546417043
2012-11-01,-0.018686358921805753
2012-11-02,0.014619364437595773
2012-11-05,-0.12750406439176765
2012-11-06,0.14527490522996256
2012-11-07,0.049251731902665574
2012-11-08,0.0030865363858225206
2012-11-09,0.04966747090266667
2012-11-12,0.14096108213055034
2012-11-13,-0.09122036607509797
2012-11-14,-0.10534864221214404
2012-11-15,0.2606885208055747
2012-11-16,0.04213255668638004
2012-11-19,0.2942780352793188
2012-11-20,-0.007575092793365641
2012-11-21,-0.059267834682827515
2012-11-23,-0.22017837100990453
2012-11-26,-0.13063568267868605
2012-11-27,-0.23764212027238887
2012-11-28,0.05966860632747435
2012-11-29,-0.024954535502120845
2012-11-30,0.060934719995929844
2012-12-03,-0.09490410946385806
2012-12-04,-0.1695840056305927
2012-12-05,-0.011882985685225732
2012-12-06,0.013220595217481907
2012-12-07,-0.017138779973128036
2012-12-10,-0.2040162124395498
2012-12-11,-0.00504917477649665
2012-12-12,-0.14906276593955334
2012-12-13,0.004655413585490538
2012-12-14,0.11556470535107807
2012-12-17,-0.042687834221042976
2012-12-18,-0.03889520942420775
2012-12-19,0.13469907524908892
2012-12-20,-0.11178168452178508
2012-12-21,0.23001689873349007
2012-12-24,-0.10388474046168218
2012-12-26,0.17206049413717045
2012-12-27,0.1613448319272946
2012-12-28,0.11960569525731699
2012-12-31,0.14118016100707
2013-01-02,-0.12538369609960082
2013-01-03,-0.015373224140612785
2013-01-04,0.09042284935999384
2013-01-07,0.1243305461208922
2013-01-08,0.09751764814660493
2013-01-09,-0.17258029501225428
2013-01-10,-0.07640137599311952
2013-01-11,-0.057782504948089106
2013-01-14,-0.06492744153651259
2013-01-15,0.048710190114476415
2013-01-16,0.03349261948826181
2013-01-17,-0.02948661071656886
2013-01-18,-0.028012840604116625
2013-01-22,0.09201356036015736
2013-01-23,0.10884023994026427
2013-01-24,-0.03553283361227811
2013-01-25,-0.1884944158359059
2013-01-28,0.05481152767708572
2013-01-29,0.03994435044139121
2013-01-30,-0.008891919422588233
2013-01-31,0.0740038016149074
2013-02-01,-0.06526176180965468
2013-02-04,0.06607715630451325
2013-02-05,-0.13842483335829942
2013-02-06,0.004405917579933917
2013-02-07,0.03355763108134378
2013-02-08,-0.1222356302248177
2013-02-11,0.016863702482662443
2013-02-12,0.036710130420021136
2013-02-13,-0.006770282195719789
2013-02-14,0.02980848020888179
2013-02-15,-0.04945953022923558
2013-02-19,-0.09840759134724117
2013-02-20,0.09324137062325283
2013-02-21,0.07541178505689339
2013-02-22,-0.04213580640881117
2013-02-25,0.20663804046348544
2013-02-26,0.10613232142978474
2013-02-27,0.10787747260166983
2013-02-28,0.15927536042256465
2013-03-01,0.2921683103423354
2013-03-04,0.03542482425198295
2013-03-05,-0.12171576461027597
2013-03-06,-0.0711585061783875
2013-03-07,0.039698699066382744
2013-03-08,-0.0990694565298206
2013-03-11,-0.03709499382083464
2013-03-12,0.01038507397616623
2013-03-13,-0.024294157875800432
2013-03-14,-0.1819870220244502
2013-03-15,0.16453027462918726
2013-03-18,0.11087189037668588
2013-03-19,0.10114656693529443
2013-03-20,0.014706912168194837
2013-03-21,0.11501127863601542
2013-03-22,-0.07004994708937866
2013-03-25,0.08321343600742921
2013-03-26,-0.00881457865171894
2013-03-27,0.04375568346241701
2013-03-28,0.10621175335641696
2013-04-01,0.06043895682140613
2013-04-02,-0.23132262560614592
2013-04-03,-0.08006819558403766
2013-04-04,0.10804025700500958
2013-04-05,0.10890983897565414
2013-04-08,-0.127439293280116
2013-04-09,0.01992791056389075
2013-04-10,0.06146436128830969
2013-04-11,0.028302691562213683
2013-04-12,-0.14159014246735474
2013-04-15,0.24682642272382357
2013-04-16,0.010929101047753421
2013-04-17,-0.10980040506154493
2013-04-18,0.2712051815779442
2013-04-19,0.04088812983286663
2013-04-22,0.06310005107630541
2013-04-23,-0.15719905467533954
2013-04-24,-0.08909014751937333
2013-04-25,-0.014357648706537881
2013-04-26,-0.1401362851050037
2013-04-29,-0.15451767263374402
2013-04-30,-0.0654887429630967
2013-05-01,0.16281805592389903
2013-05-02,0.03500686955948668
2013-05-03,-0.0018287678877221196
2013-05-06,0.0445581427299566
2013-05-07,-0.1614663303848681
2013-05-08,-0.014776071806460192
2013-05-09,-0.06031863590250944
2013-05-10,0.17544839407010304
2013-05-13,0.21117024807094048
2013-05-14,0.10926500719748822
2013-05-15,-0.15776235119199566
2013-05-16,0.03352251261003634
2013-05-17,-0.17286090181935335
2013-05-20,-0.07490896712391899
2013-05-21,-0.009908390910364844
2013-05-22,0.08857076486177912
2013-05-23,0.1251461377861335
2013-05-24,0.2004478611292426
2013-05-28,-0.08766434749571585
2013-05-29,0.128674705669174
2013-05-30,-0.11821930685488823
2013-05-31,-0.2082435973309105
2013-06-03,-0.15481158403968018
2013-06-04,-0.17804441774132795
2013-06-05,0.18028379429686647
2013-06-06,0.2579696727353998
2013-06-07,0.05647169317138467
2013-06-10,-0.13531883928685962
2013-06-11,-0.05792450723749422
2013-06-12,0.01144376551797287
2013-06-13,0.016046487876177185
2013-06-14,0.11564125920940263
2013-06-17,0.03866607969854276
2013-06-18,0.06323883104751699
2013-06-19,-0.13803860744960647
2013-06-20,-0.2418058946488687
2013-06-21,-0.17530789413447093
2013-06-24,0.08194288262062435
2013-06-25,0.07196585926059298
2013-06-26,0.16765434564899953
2013-06-27,-0.1696521909142623
2013-06-28,0.27845913821345547
2013-07-01,-0.13616499328909745
2013-07-02,0.04847251570775545
2013-07-03,0.36678418457741446
2013-07-05,-0.03885212041882748
2013-07-08,-0.04766441378259728
2013-07-09,-0.13071967899100892
2013-07-10,-0.04691870575480365
2013-07-11,0.2893233623238855
2013-07-12,-0.1313661588293296
2013-07-15,-0.2343465478312265
2013-07-16,0.14262729539222663
2013-07-17,0.07545037277176547
2013-07-18,0.029138314333495632
2013-07-19,0.09886757278399116
2013-07-22,-0.1528366786876425
2013-07-23,0.1794183942896215
2013-07-24,-0.014510075877997127
2013-07-25,-0.09226103506863971
2013-07-26,-0.12563724070536794
2013-07-29,0.08718067269231677
2013-07-30,0.20748532612239076
2013-07-31,0.28167560883553205
2013-08-01,0.01256967688704629
2013-08-02,0.05816999090959065
2013-08-05,-0.048187323679143766
2013-08-06,-0.16529366587594554
2013-08-07,0.12382966503038051
2013-08-08,0.002952674315949837
2013-08-09,-0.006129244937367667
2013-08-12,0.20366862666291097
2013-08-13,-0.0795762763624334
2013-08-14,-0.1689019309414894
2013-08-15,0.3734005868028227
2013-08-16,-0.021915709791968465
2013-08-19,0.060118998256229676
2013-08-20,0.012298308289504968
2013-08-21,0.1485849756363926
2013-08-22,-0.2575565618732354
2013-08-23,0.12289125835716347
2013-08-26,-0.33689723046617115
2013-08-27,0.21236854261363497
2013-08-28,0.27528724343012523
2013-08-29,-0.21896941663622418
2013-08-30,0.4294574940461706
2013-09-03,0.10576508607572989
2013-09-04,0.26390787413850914
2013-09-05,-0.24676972088080973
2013-09-06,-0.039047536989967956
2013-09-09,0.2523505156014687
2013-09-10,0.02634876356718131
2013-09-11,0.010967693027452199
2013-09-12,0.006644246798130448
2013-09-13,0.03674714447995957
2013-09-16,0.04994322761922297
2013-09-17,-0.31095640962168347
2013-09-18,0.07660507391186626
2013-09-19,0.15896907691435924
2013-09-20,-0.11526918303631677
2013-09-23,0.17145597606859417
2013-09-24,0.07705899916167719
2013-09-25,0.15731693428681695
2013-09-26,0.09389401609280605
2013-09-27,0.1755838540429356
2013-09-30,0.08530905698559099
2013-10-01,-0.10711722973941663
2013-10-02,0.10937672842248461
2013-10-03,0.34172374860328186
2013-10-04,-0.3147255480506503
2013-10-07,-0.2801287905334038
2013-10-08,-0.1338861186432205
2013-10-09,0.32921382927937054
2013-10-10,0.09470622585073005
2013-10-11,0.24915842298614846
2013-10-14,0.009132046335480856
2013-10-15,0.08003502843576824
2013-10-16,-0.09745736206994042
2013-10-17,0.24000965178186578
2013-10-18,0.0003182758947484539
2013-10-21,-0.1783795974494489
2013-10-22,-0.19324688286986877
2013-10-23,0.12319827172701983
2013-10-24,-0.1547139547324278
2013-10-25,-0.1559059449156907
2013-10-28,0.1787143399471977
2013-10-29,-0.05312215647404534
2013-10-30,0.18931772240368064
2013-10-31,-0.0010572408194497963
2013-11-01,0.09729641207974436
2013-11-04,0.24745758994117284
2013-11-05,-0.3385539213616932
2013-11-06,-0.2578399168713415
2013-11-07,0.44173463358199794
2013-11-08,0.08998542771104133
2013-11-11,0.0796650924759829
2013-11-12,0.23212659621052828
2013-11-13,-0.052897230152076875
2013-11-14,-0.0653397706191394
2013-11-15,-0.17759668438372775
2013-11-18,0.0025353741452299387
2013-11-19,0.25605333434805194
2013-11-20,0.3157190623990629
2013-11-21,0.21596037677441948
2013-11-22,0.059712341793942005
2013-11-25,0.2504959911471343
2013-11-26,0.027971830472327226
2013-11-27,0.05183468778821347
2013-11-29,0.17019341163734453
2013-12-02,-0.2103012092697084
2013-12-03,-0.07895208391700784
2013-12-04,-0.010147674736849585
2013-12-05,0.05908842105335661
2013-12-06,-0.08098109589943701
2013-12-09,0.12308866195625609
2013-12-10,-0.10278232394673342
2013-12-11,0.22751302748890306
2013-12-12,0.12334292802441602
2013-12-13,0.09372755747968003
2013-12-16,-0.048771574689721826
2013-12-17,0.024240496545617555
2013-12-18,0.013837055703016627
2013-12-19,0.09181965326541348
2013-12-20,-0.01918230926197601
2013-12-23,-0.08507978269123571
2013-12-24,0.19962708769764978
2013-12-26,-0.37052428527439163
2013-12-27,-0.10633317905752004
2013-12-30,0.21123737380244012
2013-12-31,-0.006114070756631684
2014-01-02,0.11548215612536827
2014-01-03,-0.0695012349545805
2014-01-06,0.07231719431844075
2014-01-07,0.24360331068850208
2014-01-08,0.024231604362299024
2014-01-09,-0.14255158126955178
2014-01-10,-0.2755945399858195
2014-01-13,0.2871562637667082
2014-01-14,-0.024221829305802026
2014-01-15,-0.13441383416553956
2014-01-16,0.0620640969495268
2014-01-17,-0.04639320420118896
2014-01-21,0.12258550699750012
2014-01-22,-0.2531905086327374
2014-01-23,-0.365773322214736
2014-01-24,-0.17785430826977763
2014-01-27,0.2072683826262041
2014-01-28,-0.15250889185115718
2014-01-29,0.2603343971768056
2014-01-30,-0.12904322527209755
2014-01-31,-0.27501484003835497
2014-02-03,0.04875632642479156
2014-02-04,0.041418581582342864
2014-02-05,0.05088429199202985
2014-02-06,0.282678792134249
2014-02-07,-0.1955306271781118
2014-02-10,0.05009577657355987
2014-02-11,0.15692001027030442
2014-02-12,0.05936598724744799
2014-02-13,-0.15997287595617274
2014-02-14,0.1890986685988818
2014-02-18,-0.1657388341419375
2014-02-19,0.16682729068594465
2014-02-20,0.05549542132060496
2014-02-21,0.23517557462969252
2014-02-24,-0.10515949738477523
2014-02-25,-0.042440511107831196
2014-02-26,0.08176603159509895
2014-02-27,-0.15571944153549144
2014-02-28,0.014885637489049888
2014-03-03,0.4585227321584425
2014-03-04,0.11863505218597675
2014-03-05,0.05401682985019088
2014-03-06,-0.013820622655286078
2014-03-07,-0.06338244276317792
2014-03-10,-0.24600253075686482
2014-03-11,-0.0012099569155692917
2014-03-12,-0.2600361636445773
2014-03-13,-0.07681704814612454
2014-03-14,0.13582368936177291
2014-03-17,0.2421974901937843
2014-03-18,0.04088760168662279
2014-03-19,0.08794232352876202
2014-03-20,-0.310088228382692
2014-03-21,-0.3435549595470689
2014-03-24,-0.12929656867869357
2014-03-25,-0.27920128128416977
2014-03-26,-0.2750293672025626
2014-03-27,-0.01179855433704331
2014-03-28,0.16071560289532774
2014-03-31,0.3881137150877918
2014-04-01,-0.005131916149153343
2014-04-02,-0.26248767604096596
2014-04-03,-0.5670341033107928
2014-04-04,-0.4301922146178574
2014-04-07,-0.0888691771759624
2014-04-08,0.5392973952037488
2014-04-09,-0.5841182816199284
2014-04-10,-0.2378354615300093
2014-04-11,-0.047573740446448874
2014-04-14,-0.03492817481325677
2014-04-15,0.3665544032812324
2014-04-16,0.3113868210753711
2014-04-17,0.19136621883579827
2014-04-21,0.27379092648641584
2014-04-22,-0.05779443281732339
2014-04-23,-0.1794331299075544
2014-04-24,-0.45760287115909387
2014-04-25,-0.422383971278457
2014-04-28,0.3072807195186408
2014-04-29,0.17601312562514887
2014-04-30,-0.003955614115946458
2014-05-01,0.18817953092650894
2014-05-02,0.09978510873698297
2014-05-05,-0.16191426545347268
2014-05-06,-0.19091421419403107
2014-05-07,-0.07698765108979583
2014-05-08,0.07284899944633379
2014-05-09,0.4480340150843951
2014-05-12,-0.12052052490259126
2014-05-13,-0.24337243562615601
2014-05-14,-0.2121246092722845
2014-05-15,-0.03300773884964362
2014-05-16,0.3641573410168843
2014-05-19,-0.1489426011207019
2014-05-20,0.26154215529033453
2014-05-21,0.1341119949342516
2014-05-22,0.2836639456143317
2014-05-23,0.2256197675949635
2014-05-27,0.007274021589323272
2014-05-28,0.0917595251075154
2014-05-29,-0.12968798175802718
2014-05-30,0.10126404387811498
2014-06-02,-0.0040534694421138166
2014-06-03,0.0974355319650426
2014-06-04,0.0009215377041045946
2014-06-05,0.06633877195736365
2014-06-06,0.003330883460852451
2014-06-09,0.009660783218647799
2014-06-10,0.12139026949089352
2014-06-11,-0.2511696557926003
2014-06-12,0.07494099066347244
2014-06-13,-0.006231359871410441
2014-06-16,0.09442001088575404
2014-06-17,-0.022665016747296467
2014-06-18,-0.06072155973644158
2014-06-19,0.20219248039564228
2014-06-20,-0.05327501313587455
2014-06-23,-0.2108359660490149
2014-06-24,0.2596162462867535
2014-06-25,0.006035049589785913
2014-06-26,-0.049413831820901505
2014-06-27,-0.0170575440540349
2014-06-30,0.23526129104210763
2014-07-01,-0.05916734733612244
2014-07-02,0.09430950888666613
2014-07-03,-0.36440909440600605
2014-07-07,-0.2071294297962619
2014-07-08,0.1542928403181725
2014-07-09,-0.05225581398774719
2014-07-10,0.05626456945109139
2014-07-11,0.21822159751301196
2014-07-14,-0.20204960628538643
2014-07-15,-0.07113166715986623
2014-07-16,-0.26973586702506736
2014-07-17,0.26106605061150917
2014-07-18,0.059551572850441895
2014-07-21,0.22021075434519574
2014-07-22,-0.04756566247421968
2014-07-23,-0.08839461799420299
2014-07-24,0.040601556478531635
2014-07-25,-0.09978350221545569
2014-07-28,0.03654171585139501
2014-07-29,0.098959178854732
2014-07-30,-0.23880855518737643
2014-07-31,-0.006366286993838278
2014-08-01,0.24070542762052163
2014-08-04,-0.08692047392392509
2014-08-05,-0.07410989286993643
2014-08-06,-0.07080649059333965
2014-08-07,-0.07623675689379378
2014-08-08,0.124327635011999
2014-08-11,0.011649019808001879
2014-08-12,0.29926830247003733
2014-08-13,-0.1152918026975364
2014-08-14,0.18743653074276667
2014-08-15,0.08204650566524242
2014-08-18,0.04420174691465701
2014-08-19,-0.0538928204857706
2014-08-20,-0.2480578877675726
2014-08-21,0.08941569036029735
2014-08-22,-0.006125365931752129
2014-08-25,-0.041111834040219196
2014-08-26,-0.02495860193321741
2014-08-27,-0.03630773044955051
2014-08-28,0.10040212337965604
2014-08-29,0.13783175099958525
2014-09-02,-0.015004507853841977
2014-09-03,-0.13211020407544696
2014-09-04,0.12497854213382767
2014-09-05,0.22320770180181357
2014-09-08,-0.06361321790491428
2014-09-09,0.05459634150391263
2014-09-10,-0.06493968549329958
2014-09-11,-0.12738393988186694
2014-09-12,-0.12203503306215976
2014-09-15,0.2990193128706726
2014-09-16,-0.03407647452182518
2014-09-17,0.08576787090651285
2014-09-18,-0.08558944990228237
2014-09-19,-0.09030186479104063
2014-09-22,-0.05455574248927861
2014-09-23,0.14946174985177946
2014-09-24,-0.21939095937457548
2014-09-25,0.1854233978764599
2014-09-26,0.10639277724126477
2014-09-29,-0.04714356951913841
2014-09-30,-0.2762604134084205
2014-10-01,-0.08399445610507202
2014-10-02,0.26996404906961685
2014-10-03,-0.17277717857779262
2014-10-06,-0.0874857862520523
2014-10-07,0.08317865682667323
2014-10-08,-0.10834304980551418
2014-10-09,-0.294483218048148
2014-10-10,-0.3282882782003021
2014-10-13,-0.0674434614143177
2014-10-14,0.035854280287125985
2014-10-15,0.09272992801577365
2014-10-16,0.22814928793391653
2014-10-17,0.1124621332618339
2014-10-20,0.2944471329150433
2014-10-21,-0.047271980546081796
2014-10-22,0.04197859230511706
2014-10-23,0.13573464967752347
2014-10-24,-0.02085036199798607
2014-10-27,0.09410563608010751
2014-10-28,0.06436919801845631
2014-10-29,-0.023036801477987933
2014-10-30,0.1258732444108607
2014-10-31,0.07404255451873813
2014-11-03,0.04396371373832786
2014-11-04,-0.07300299314767283
2014-11-05,0.09244980902898847
2014-11-06,-0.17000493280931694
2014-11-07,0.2041694070762342
2014-11-10,0.04035970064716774
2014-11-11,-0.10050696572739633
2014-11-12,0.15825600567255504
2014-11-13,-0.1874279438923151
2014-11-14,0.10440228386065213
2014-11-17,0.10437785365618682
2014-11-18,-0.15918616936374008
2014-11-19,-0.09045310849849518
2014-11-20,-0.13143366970243564
2014-11-21,0.0720954825532108
2014-11-24,0.04158382904679931
2014-11-25,0.2985101870427333
2014-11-26,0.17549729358087077
2014-11-28,-0.0619253264545398
2014-12-01,0.020696829846709907
2014-12-02,-0.12119278917156476
2014-12-03,0.09993077274588542
2014-12-04,-0.002846927496035304
2014-12-05,0.13659961380474817
2014-12-08,0.009894420614614482
2014-12-09,0.12895124856033655
2014-12-10,0.06148691435513413
2014-12-11,0.06283633299301257
2014-12-12,0.07476253737088204
2014-12-15,-0.11361376024022402
2014-12-16,0.03941303029904716
2014-12-17,0.03182867079083534
2014-12-18,-0.10624682571523242
2014-12-19,0.0712210665319335
2014-12-22,-0.3814852734041716
2014-12-23,0.26645023500684234
2014-12-24,-0.005185496166748935
2014-12-26,-0.04920183345442769
2014-12-29,-0.1899698429222797
2014-12-30,-0.12888049074027835
2014-12-31,0.15135529726327607
2015-01-02,0.3030319876111633
2015-01-05,0.19014970024749397
2015-01-06,0.2717840603615903
2015-01-07,-0.015551967606121504
2015-01-08,0.07983617620517125
2015-01-09,0.09337268186673336
2015-01-12,0.09463665175817083
2015-01-13,0.20387681993431425
2015-01-14,0.21754203844433734
2015-01-15,0.062131664959513666
2015-01-16,0.03758084589475848
2015-01-20,-0.15620119944828992
2015-01-21,-0.0019701167540714898
2015-01-22,0.18335685481903724
2015-01-23,-0.11938920333869577
2015-01-26,0.026017364572909842
2015-01-27,0.2352456249296696
2015-01-28,0.09505175355523657
2015-01-29,-0.34306429264372246
2015-01-30,-0.32565676189933296
2015-02-02,-0.2943278588856562
2015-02-03,0.15513631149331358
2015-02-04,-0.12259476372988586
2015-02-05,-0.27585528783149
2015-02-06,-0.3745294837004236
2015-02-09,0.28940714060159095
2015-02-10,0.08369020352466522
2015-02-11,-0.1807969079310661
2015-02-12,-0.3662860727107799
2015-02-13,0.034028261208196124
2015-02-17,0.2632400884200201
2015-02-18,-0.15678738763276354
2015-02-19,0.16796763117356484
2015-02-20,0.3277301042509302
2015-02-23,-0.1800810783517324
2015-02-24,-0.20396027383285523
2015-02-25,0.01875163703572289
2015-02-26,0.01848030763135708
2015-02-27,0.07318535550393648
2015-03-02,-0.0793531425571162
2015-03-03,0.09412430410956008
2015-03-04,0.0973187151344261
2015-03-05,-0.13950238440418947
2015-03-06,0.21839981220869475
2015-03-09,0.21955175415789033
2015-03-10,0.03746414953036318
2015-03-11,0.16774223994529958
2015-03-12,0.1398566926779147
2015-03-13,0.2546976377962984
2015-03-16,0.06406325670420705
2015-03-17,-0.13650528951817537
2015-03-18,0.34157579010175854
2015-03-19,-0.0952140506383078
2015-03-20,-0.06911725621565673
2015-03-23,-0.021214757858250912
2015-03-24,-0.30524357801313823
2015-03-25,-0.02072610387526127
2015-03-26,0.37915692259281714
2015-03-27,-0.06550492679773172
2015-03-30,-0.08902026560215738
2015-03-31,-0.15207389110033503
2015-04-01,-0.09843795274024139
2015-04-02,-0.19495283179538647
2015-04-06,-0.04714706227205835
2015-04-07,0.35808410704870747
2015-04-08,-0.10046548494896615
2015-04-09,0.05277624836090813
2015-04-10,-0.07212148114844391
2015-04-13,-0.25674135306638374
2015-04-14,-0.3190025022402197
2015-04-15,0.20035211576944248
2015-04-16,-0.10988896209132469
2015-04-17,0.005285511761647306
2015-04-20,0.4494535626867385
2015-04-21,-0.14591045438371894
2015-04-22,0.05599470325507113
2015-04-23,0.060652230086762376
2015-04-24,-0.3390609281846462
2015-04-27,-0.2572704026105186
2015-04-28,-0.28863864714290954
2015-04-29,-0.22649291649998615
2015-04-30,0.2226072136686295
2015-05-01,0.06030670826816929
2015-05-04,-0.19178881371576736
2015-05-05,0.18363045109818038
2015-05-06,0.2735550798092955
2015-05-07,0.07290388147508715
2015-05-08,0.16679064239132366
2015-05-11,-0.04429075001019654
2015-05-12,-0.04678189659439295
2015-05-13,0.25604640914974985
2015-05-14,0.00610473389501593
2015-05-15,0.2499746804159416
2015-05-18,0.18173383514899283
2015-05-19,-0.19551391439921784
2015-05-20,-0.05730448241016047
2015-05-21,0.19026896244778113
2015-05-22,0.10456192023728005
2015-05-26,0.277415631642466
2015-05-27,0.030187837962883664
2015-05-28,0.12266239250027237
2015-05-29,0.17249799552604975
2015-06-01,-0.24420033138889294
2015-06-02,0.14774286946833726
2015-06-03,-0.012876421678271327
2015-06-04,0.11522071741045187
2015-06-05,-0.04370770317049086
2015-06-08,0.0033368605391686985
2015-06-09,0.0851488525478186
2015-06-10,0.085197321628034
2015-06-11,0.06258845409044535
2015-06-12,0.07051904537416659
2015-06-15,0.033772752209092226
2015-06-16,-0.023562488046224538
2015-06-17,0.12273807904172856
2015-06-18,0.1904956834900906
2015-06-19,0.04596671811775773
2015-06-22,-0.002371509037079649
2015-06-23,-0.13031212060349437
2015-06-24,0.4048477983681177
2015-06-25,-0.07722623164517257
2015-06-26,-0.09797205072587928
2015-06-29,0.08235180140936348
2015-06-30,0.16950246946004327
2015-07-01,-0.19772103024947738
2015-07-02,0.2921911909410478
2015-07-06,-0.09397728317195317
2015-07-07,0.0998160955398916
2015-07-08,0.14131588522471594
2015-07-09,0.332542979972613
2015-07-10,-0.0015772272307319865
2015-07-13,0.11388561384947048
2015-07-14,0.11873345964717796
2015-07-15,0.1262232917198694
2015-07-16,0.26642254473740284
2015-07-17,0.25657251039101014
2015-07-20,-0.03512820780539129
2015-07-21,0.2630309905842295
2015-07-22,0.045411951527716266
2015-07-23,0.051307917746046774
2015-07-24,-0.23705106152832894
2015-07-27,-0.03963717746126318
2015-07-28,-0.03460903177349143
2015-07-29,0.022015724568660626
2015-07-30,0.11079339402171053
2015-07-31,0.10446845906939432
2015-08-03,0.17100389835389385
2015-08-04,0.1862263580894368
2015-08-05,-0.30381402795493945
2015-08-06,0.15819735289272321
2015-08-07,-0.20456391598088944
2015-08-10,0.1187623620884654
2015-08-11,-0.23503752709826178
2015-08-12,0.4060799279428199
2015-08-13,-0.04724928501138088
2015-08-14,0.16464850247766047
2015-08-17,0.15996496187966808
2015-08-18,0.20560188110744793
2015-08-19,-0.13248672586733176
2015-08-20,-0.11078951082383501
2015-08-21,0.01933910151934472
2015-08-24,0.31933154521830354
2015-08-25,0.18367731053048997
2015-08-26,-0.2873998240048242
2015-08-27,-0.22220867144449127
2015-08-28,-0.21800484100380457
2015-08-31,0.13293443359855514
2015-09-01,0.31741122131305544
2015-09-02,-0.09238856700880108
2015-09-03,0.25474088739640616
2015-09-04,0.10273149595775694
2015-09-08,0.09104407794911085
2015-09-09,0.16017569597664144
2015-09-10,0.34493131284979645
2015-09-11,0.1047003286809355
2015-09-14,-0.09192917780770521
2015-09-15,-0.3357807372234551
2015-09-16,0.28164919745960393
2015-09-17,0.23864646337906323
2015-09-18,0.12043333782873275
2015-09-21,0.17256592495474213
2015-09-22,0.5274601272905226
2015-09-23,-0.18717334871248195
2015-09-24,-0.03077578454583853
2015-09-25,-0.11215834566113916
2015-09-28,-0.14715051457704081
2015-09-29,0.016977428110218358
2015-09-30,0.26596789880980787
2015-10-01,-0.23209458166084637
2015-10-02,-0.36945424426959544
2015-10-05,-0.5519927411227769
2015-10-06,-0.119408565815047
2015-10-07,-0.2959228213104534
2015-10-08,0.28676606930481524
2015-10-09,0.42963859888245237
2015-10-12,-0.13178363272735522
2015-10-13,-0.27471431994821377
2015-10-14,0.14966291652044736
2015-10-15,0.1541997722766215
2015-10-16,0.31762387348197035
2015-10-19,-0.20211387793544233
2015-10-20,0.004896813987210729
2015-10-21,-0.12287548283600251
2015-10-22,0.07326530561645511
2015-10-23,0.34237365167643624
2015-10-26,0.1800922478339369
2015-10-27,-0.08657837695131927
2015-10-28,-0.15351388149871473
2015-10-29,0.009259916490634554
2015-10-30,-0.219694775986755
2015-11-02,-0.23640469859109775
2015-11-03,0.10608257750850542
2015-11-04,0.13531204182754597
2015-11-05,0.05649776335443822
2015-11-06,0.09927435590973888
2015-11-09,0.1857036381300905
2015-11-10,0.14209968226119116
2015-11-11,0.2425573221840513
2015-11-12,-0.1834900751552122
2015-11-13,-0.09264219969227629
2015-11-16,0.29351693599234685
2015-11-17,-0.07631500001706637
2015-11-18,0.02341735528839721
2015-11-19,0.24603203976684482
2015-11-20,0.11966984906382719
2015-11-23,-0.22580163601466458
2015-11-24,0.1584472220669474
2015-11-25,0.29394741371590166
2015-11-27,-0.3371213437351212
2015-11-30,0.15269827029743316
2015-12-01,0.28993576851499675
2015-12-02,-0.07965394094614833
2015-12-03,0.3828139338500868
2015-12-04,0.07430100248124376
2015-12-07,0.38112757583319984
2015-12-08,-0.3753454539159677
2015-12-09,0.02173940222446491
2015-12-10,0.09218977583628676
2015-12-11,0.30400089545291037
2015-12-14,-0.124797651774045
2015-12-15,-0.02021862916014107
2015-12-16,0.16718948877515807
2015-12-17,-0.02863943214776167
2015-12-18,0.003575106475291169
2015-12-21,-0.3321244662008841
2015-12-22,-0.4482361578375209
2015-12-23,0.11850099743735566
2015-12-24,0.2835708438962328
2015-12-28,0.07396703285930493
2015-12-29,0.11266596202833384
2015-12-30,-0.19301495748905032
2015-12-31,-0.35759629976215473
2016-01-04,0.12034464845439735
2016-01-05,0.19744754144848284
2016-01-06,0.043499734256051914
2016-01-07,-0.058828697497647395
2016-01-08,0.20333513308727613
2016-01-11,0.23883796584392764
2016-01-12,-0.22809161622050836
2016-01-13,-0.043288847221401326
2016-01-14,0.006332872433264155
2016-01-15,0.13707660590120913
2016-01-19,0.12121698714061467
2016-01-20,-0.30178776425063625
2016-01-21,0.07433771310437468
2016-01-22,0.16690429338187804
2016-01-25,-0.27166803390664146
2016-01-26,-0.16948404201526993
2016-01-27,-0.09830971981303185
2016-01-28,-0.05905496910160473
2016-01-29,0.07838968958983825
2016-02-01,0.04296018035098089
2016-02-02,-0.44415608105978577
2016-02-03,-0.3182230704631252
2016-02-04,-0.3339562362994771
2016-02-05,-0.08162942539187938
2016-02-08,0.32095543776426244
2016-02-09,0.23934805047176846
2016-02-10,0.13824420961326317
2016-02-11,-0.2434044560848682
2016-02-12,-0.22846235126743164
2016-02-16,-0.17974913225263023
2016-02-17,-0.10979530175374351
2016-02-18,0.32335637937812306
2016-02-19,-0.29247717396802236
2016-02-22,0.35226413844654714
2016-02-23,0.023636777372233114
2016-02-24,0.1395874714924804
2016-02-25,-0.42230026545960125
2016-02-26,-0.11905247269156476
2016-02-29,-0.1607592348831421
2016-03-01,-0.24059308739970323
2016-03-02,-0.3154774661168734
2016-03-03,-0.13075322689363972
2016-03-04,-0.4269585984001576
2016-03-07,0.6066722200094133
2016-03-08,0.006811685293985741
2016-03-09,0.11109770566834964
2016-03-10,-0.46504797771326917
2016-03-11,0.18071937660897155
2016-03-14,0.43415670772688897
2016-03-15,-0.18353705381479518
2016-03-16,-0.2272963076599591
2016-03-17,-0.25527154230225035
2016-03-18,-0.07707462267628062
2016-03-21,0.04230020093085786
2016-03-22,0.5644682343473922
2016-03-23,0.023348375412069137
2016-03-24,0.15284340899367058
2016-03-28,0.16353169725653252
2016-03-29,-0.05038977573969456
2016-03-30,-0.06532608566174064
2016-03-31,0.2970815753935215
2016-04-01,0.16844644933176592
2016-04-04,0.10774236515160301
2016-04-05,-0.07956058777335327
2016-04-06,0.1788640628733234
2016-04-07,-0.08817199005128008
2016-04-08,-0.2529906300383197
2016-04-11,-0.2589239603464765
2016-04-12,-0.42682182496050053
2016-04-13,-0.11764997414869993
2016-04-14,0.2999760981190148
2016-04-15,-0.07600261303005777
2016-04-18,-0.3021789036779334
2016-04-19,-0.34637179067177565
2016-04-20,-0.3062518088208652
2016-04-21,-0.1751573617563832
2016-04-22,0.42854749367864553
2016-04-25,-0.33054215045136154
2016-04-26,-0.04310952909169736
2016-04-27,0.1916769982073934
2016-04-28,0.23467338487790487
2016-04-29,0.25837264712501296
2016-05-02,0.3334833300252505
2016-05-03,0.41164576648784146
2016-05-04,0.05935334162670433
2016-05-05,0.1419349672674001
2016-05-06,0.37259696053285907
2016-05-09,-0.31843504547371515
2016-05-10,0.05759546488411582
2016-05-11,0.3422835509877287
2016-05-12,0.3112856484384914
2016-05-13,-0.193385762314046
2016-05-16,-0.48835941402047117
2016-05-17,-0.15022411379926487
2016-05-18,0.20638656415324685
2016-05-19,-0.2345509054198317
2016-05-20,-0.19198537739018792
2016-05-23,0.08650082585482317
2016-05-24,-0.49448384342277824
2016-05-25,0.2817480691270976
2016-05-26,-0.10964146939222873
2016-05-27,-0.1748551184457933
2016-05-31,0.021375002250026455
2016-06-01,-0.20756470942248767
2016-06-02,0.2434314468917121
2016-06-03,-0.41092724438351863
2016-06-06,-0.01282206257510809
2016-06-07,0.2494010188790047
2016-06-08,0.5192907260895381
2016-06-09,0.46520849334701597
2016-06-10,0.18805568598949243
2016-06-13,0.3207361218942756
2016-06-14,-0.21083949540074426
2016-06-15,0.3134411419146009
2016-06-16,-0.3269494361812086
2016-06-17,-0.19719625448103073
2016-06-20,0.12412552345326215
2016-06-21,0.019352602677545912
2016-06-22,-0.45247400237798063
2016-06-23,0.4957424953642576
2016-06-24,0.5464999789182877
2016-06-27,-0.256454001995181
2016-06-28,-0.36142047482616774
2016-06-29,0.13058884464848178
2016-06-30,-0.05046181977921979
2016-07-01,0.5827355451476767
2016-07-05,-0.13226704433106412
2016-07-06,-0.2690585172522377
2016-07-07,-0.3441201413608322
2016-07-08,-0.23443831206845436
2016-07-11,-0.4415647307659189
2016-07-12,0.14022751054967986
2016-07-13,-0.25478596085298016
2016-07-14,-0.05446232078507992
2016-07-15,-0.2818009454277681
2016-07-18,0.22771830162015938
2016-07-19,-0.2596001051045081
2016-07-20,-0.061021437481406496
2016-07-21,0.03676167345680812
2016-07-22,-0.025690755367202243
2016-07-25,-0.16775559801836798
2016-07-26,-0.1006446814184044
2016-07-27,0.13861497705706055
2016-07-28,0.09149581341104601
2016-07-29,0.21450847188909766
2016-08-01,0.19703462930066262
2016-08-02,-0.4296648923813126
2016-08-03,0.07792163513008936
2016-08-04,-0.44960987021025245
2016-08-05,-0.1913788411120602
2016-08-08,0.20104734906610974
2016-08-09,0.28297342394567565
2016-08-10,-0.2331075485186296
2016-08-11,0.07536204531786732
2016-08-12,-0.3490544765481393
2016-08-15,-0.3700146705042092
2016-08-16,0.10964031431648882
2016-08-17,0.14730951791116417
2016-08-18,0.0030040463009999726
2016-08-19,0.13575634817557547
2016-08-22,-0.18420214892773212
2016-08-23,-0.04674567595197808
2016-08-24,0.06788912121608583
2016-08-25,-0.13468535553925715
2016-08-26,0.07129025235942686
2016-08-29,-0.3502665388470536
2016-08-30,0.1066354071616328
2016-08-31,0.19652746871704044
2016-09-01,0.15126007443391268
2016-09-02,0.17767346858091448
2016-09-06,-0.1647309920014624
2016-09-07,-0.1296221134328537
2016-09-08,-0.26818555026574264
2016-09-09,0.023100626753786963
2016-09-12,0.006834214501191011
2016-09-13,0.25339831203402075
2016-09-14,0.09249765839349476
2016-09-15,0.10243189872311562
2016-09-16,0.09814953496630033
2016-09-19,0.05721488698545285
2016-09-20,0.23671800370139737
2016-09-21,0.028827254463084637
2016-09-22,-0.10131746944236861
2016-09-23,0.24413925739233452
2016-09-26,0.018439055542168934
2016-09-27,0.026236069127199436
2016-09-28,-0.005149058272933673
2016-09-29,-0.08320155308357095
2016-09-30,-0.09719392224270904
2016-10-03,-0.20004287856832378
2016-10-04,-0.13883439391862942
2016-10-05,0.16422543415711835
2016-10-06,0.06193264316543348
2016-10-07,0.06749937152544842
2016-10-10,-0.06920684978692547
2016-10-11,0.20918236634946494
2016-10-12,0.08522421302928003
2016-10-13,0.12611149396013677
2016-10-14,0.21257916981109437
2016-10-17,-0.07400274524421493
2016-10-18,-0.14163274039635226
2016-10-19,-0.0799631219326591
2016-10-20,-0.08765302334913026
2016-10-21,0.08654317524823671
2016-10-24,-0.07507622779843844
2016-10-25,-0.21380372409508047
2016-10-26,-0.11613948498343822
2016-10-27,0.1164707781731834
2016-10-28,0.23849948929329967
2016-10-31,-0.19849400611554577
2016-11-01,-0.01599222797733843
2016-11-02,-0.004021697308954996
2016-11-03,-0.026203166737603284
2016-11-04,0.002128234891208016
2016-11-07,0.1565601918378878
2016-11-08,-0.2537353181357545
2016-11-09,-0.3032487865385351
2016-11-10,-0.058508824932419594
2016-11-11,-0.26765553605045395
2016-11-14,0.21877644981979893
2016-11-15,0.22752888115575154
2016-11-16,-0.016016101510496785
2016-11-17,0.05677573020801109
2016-11-18,0.09422890294214978
2016-11-21,0.07719493290044585
2016-11-22,-0.017111710052094307
2016-11-23,0.09846300850911449
2016-11-25,0.151506699325754
2016-11-28,0.10816285488603745
2016-11-29,-0.19063361384590466
2016-11-30,-0.19620766240242413
2016-12-01,0.14482367953041025
2016-12-02,-0.10133391162760104
2016-12-05,-0.09547068709996517
2016-12-06,-0.058656452644229584
2016-12-07,-0.15066045645644746
2016-12-08,-0.1332573905811355
2016-12-09,0.012496486616322825
2016-12-12,-0.07734979853921968
2016-12-13,0.08199971952607332
2016-12-14,0.08409638633304975
2016-12-15,-0.19071258496419383
2016-12-16,0.08000927593974219
2016-12-19,0.16144354566804905
2016-12-20,0.06921827865699864
2016-12-21,0.018439849971260122
2016-12-22,-0.019299430967378555
2016-12-23,0.07439090167797915
2016-12-27,-0.14690931589574072
2016-12-28,-0.041626171920959604
2016-12-29,-0.13529426332497588
2016-12-30,-0.08612680662895002
2017-01-03,-0.07440852091514774
2017-01-04,-0.23346744867225422
2017-01-05,0.0110931674008985
2017-01-06,-0.08793238211649856
2017-01-09,0.25648556985668713
2017-01-10,0.1296334427729925
2017-01-11,-0.26590382780907995
2017-01-12,0.2077823993138703
2017-01-13,-0.41148224510446035
2017-01-17,0.2703419096695365
2017-01-18,0.19076405278881026
2017-01-19,0.050345476668172504
2017-01-20,-0.10028224940803811
2017-01-23,0.3752996818412142
2017-01-24,0.21240643237290782
2017-01-25,0.10051246154301052
2017-01-26,0.06769039624690475
2017-01-27,-0.30119150665485245
2017-01-30,-0.24791633285803072
2017-01-31,0.18296337388340106
2017-02-01,-0.12668977792875918
2017-02-02,0.2677726884702389
2017-02-03,0.03627293528197156
2017-02-06,-0.11657617287003422
2017-02-07,-0.22895721108857645
2017-02-08,0.17941335268415265
2017-02-09,-0.06511206571681799
2017-02-10,0.17787561875836758
2017-02-13,0.07177115282357095
2017-02-14,0.07505637824597708
2017-02-15,-0.14584716557214808
2017-02-16,-0.16254622640865818
2017-02-17,-0.009310660695159307
2017-02-21,-0.10016758192214709
2017-02-22,-0.27341148809333315
2017-02-23,-0.18633196553349454
2017-02-24,0.2290183186682318
2017-02-27,-0.1203154436710076
2017-02-28,0.4787196066204638
2017-03-01,-0.417163931051225
2017-03-02,0.3005318891887693
2017-03-03,0.09315564076681059
2017-03-06,0.1122388695290292
2017-03-07,-0.022523831080915546
2017-03-08,0.08371189399374307
2017-03-09,-0.007779765234532727
2017-03-10,0.17229903846636632
2017-03-13,-0.21539698194997023
2017-03-14,-0.06336356084729339
2017-03-15,0.06933312645876409
2017-03-16,-0.10443492387240165
2017-03-17,0.05578917844795955
2017-03-20,-0.5202090305394168
2017-03-21,0.17857195286318486
2017-03-22,0.07812735344754332
2017-03-23,0.01911861876154302
2017-03-24,-0.03358296119443151
2017-03-27,0.17830078775191738
2017-03-28,-0.05013785186600599
2017-03-29,0.3056152250873188
2017-03-30,-0.07791486030680057
2017-03-31,-0.02281985409349618
2017-04-03,0.04952253019835649
2017-04-04,-0.3037050289393983
2017-04-05,0.24109577825429734
2017-04-06,0.012120246460748387
2017-04-07,-0.3008663909032201
2017-04-10,-0.06851621482647798
2017-04-11,-0.39695400198607317
2017-04-12,-0.1593941762868518
2017-04-13,0.22945191214605443
2017-04-17,-0.04147862237208861
2017-04-18,0.14646816278583996
2017-04-19,0.2216216900062663
2017-04-20,0.002538051603350782
2017-04-21,0.3618783399523839
2017-04-24,0.11637007044672024
2017-04-25,0.004412334473681632
2017-04-26,0.15834599072027367
2017-04-27,-0.03398258077799303
2017-04-28,0.3466086619299193
2017-05-01,-0.1751302040208691
2017-05-02,0.011390941885204642
2017-05-03,-0.07319936280995878
2017-05-04,0.012788423940139489
2017-05-05,0.011705137613562951
2017-05-08,0.10364746080716244
2017-05-09,0.09045451697316521
2017-05-10,-0.01186836700244184
2017-05-11,-0.040348044446807056
2017-05-12,0.25989777619974375
2017-05-15,0.4134822093660603
2017-05-16,-0.5305025166561427
2017-05-17,0.14324845983855614
2017-05-18,0.07361483957343239
2017-05-19,0.20979950746365283
2017-05-22,0.13888976744412862
2017-05-23,0.05242308598914247
2017-05-24,0.10266522160920126
2017-05-25,0.0991267089573289
2017-05-26,0.08538650424793146
2017-05-30,-0.060085302905311465
2017-05-31,-0.024292981885564995
2017-06-01,0.10710619519197963
2017-06-02,-0.013696311793303077
2017-06-05,0.060079872449975244
2017-06-06,0.18441627106914582
2017-06-07,0.33512402100769045
2017-06-08,-0.357011413794138
2017-06-09,-0.2783629734472483
2017-06-12,0.23661717110025615
2017-06-13,-0.2181439189371023
2017-06-14,-0.17490979186575958
2017-06-15,0.027253109790871324
2017-06-16,0.4045815140439899
2017-06-19,-0.07948575378230328
2017-06-20,0.18385156846054387
2017-06-21,-0.07577447656026987
2017-06-22,0.024244816679005615
2017-06-23,-0.30832939277011484
2017-06-26,-0.1420720499089458
2017-06-27,0.4581894338337012
2017-06-28,-0.2297849668887527
2017-06-29,-0.05098262822504137
2017-06-30,-0.22066383176661172
2017-07-03,0.5240974122486418
2017-07-05,0.19576911114775736
2017-07-06,0.42100208989219856
2017-07-07,0.382212999810733
2017-07-10,0.11158348401920619
2017-07-11,0.07235438563309811
2017-07-12,-0.10230346273902756
2017-07-13,-0.12356336406493193
2017-07-14,-0.15751287932978897
2017-07-17,0.09600694192307771
2017-07-18,0.006949913721231679
2017-07-19,-0.09544320908137387
2017-07-20,-0.09790404334248982
2017-07-21,0.33912517995988267
2017-07-24,-0.16760662172338678
2017-07-25,-0.08360009042031397
2017-07-26,-0.34423621439857777
2017-07-27,0.03722165021957947
2017-07-28,-0.15775688089970186
2017-07-31,0.11293637382380119
2017-08-01,-0.045107480006020134
2017-08-02,0.058394970771528464
2017-08-03,0.11056164868350596
2017-08-04,0.10620937422212394
2017-08-07,0.057769447892812
2017-08-08,-0.11435581800797831
2017-08-09,-0.3794669572919697
2017-08-10,0.20134234753841662
2017-08-11,0.36281387144076016
2017-08-14,0.16714225257651177
2017-08-15,-0.04170038787530162
2017-08-16,-0.37989035430684037
2017-08-17,0.17838094009090222
2017-08-18,-0.17208453002085292
2017-08-21,0.39482202553781787
2017-08-22,-0.11434394615079443
2017-08-23,0.08640024959822032
2017-08-24,-0.26894806873037574
2017-08-25,0.14207341677878035
2017-08-28,0.045051816994794075
2017-08-29,0.2804169971132489
2017-08-30,0.03227833779718448
2017-08-31,-0.09084491974085453
2017-09-01,-0.31288754061900403
2017-09-05,-0.21861865315207826
2017-09-06,-0.059973215134152866
2017-09-07,0.01730924678772854
2017-09-08,0.2867081790972062
2017-09-11,-0.027421593299980618
2017-09-12,-0.0077373643805060295
2017-09-13,-0.061499231551604444
2017-09-14,-0.00037774284042705437
2017-09-15,0.2565506300821652
2017-09-18,0.2704177568795214
2017-09-19,-0.03270551732109885
2017-09-20,0.11645450692646214
2017-09-21,0.015142546873692871
2017-09-22,-0.5370550224705235
2017-09-25,-0.014900094733113201
2017-09-26,0.38559297354938543
2017-09-27,0.1638318760788375
2017-09-28,0.17078608224747555
2017-09-29,0.0435521067193849
2017-10-02,0.16371437070747494
2017-10-03,0.00581957082688206
2017-10-04,0.027546502334475434
2017-10-05,0.33906699685430414
2017-10-06,0.24209622730711458
2017-10-09,-0.12321465883312813
2017-10-10,0.1300123563886132
2017-10-11,0.08228482557897795
2017-10-12,-0.071283284066782
2017-10-13,0.11657454868199486
2017-10-16,-0.15659180107903659
2017-10-17,0.14694770225844864
2017-10-18,-0.1086778269323424
2017-10-19,0.1768875166635339
2017-10-20,0.01599638282163439
2017-10-23,0.29327657867740975
2017-10-24,-0.07388942235830659
2017-10-25,0.2791405891377108
2017-10-26,0.19386757693158788
2017-10-27,-0.08767309563540791
2017-10-30,0.16686643194268888
2017-10-31,-0.17302834263821934
2017-11-01,0.01631180380968618
2017-11-02,0.12402130245051468
2017-11-03,0.11672724120494603
2017-11-06,-0.13157365569150392
2017-11-07,-0.07644835395029516
2017-11-08,-0.35329650602958623
2017-11-09,0.03932362732240558
2017-11-10,0.1847379859100174
2017-11-13,0.10296099794005839
2017-11-14,-0.06414932034195317
2017-11-15,0.11151418377931034
2017-11-16,-0.1345670146058744
2017-11-17,0.20003805536241928
2017-11-20,0.2573216799171486
2017-11-21,-0.2581617972361889
2017-11-22,0.2933236860589964
2017-11-24,0.057225059153657755
2017-11-27,-0.21150742722500687
2017-11-28,-0.5158333887163403
2017-11-29,0.16342483621905715
2017-11-30,-0.2736707884312276
2017-12-01,-0.4882127284548352
2017-12-04,0.2427575545457823
2017-12-05,0.2156266692594237
2017-12-06,0.23814505395313945
2017-12-07,-0.08595890658353139
2017-12-08,-0.002219636075733329
2017-12-11,-0.21529205817942446
2017-12-12,0.04613450841580776
2017-12-13,0.08536860753792551
2017-12-14,0.05991705441729426
2017-12-15,-0.04009234542367135
2017-12-18,0.01113291275946012
2017-12-19,-0.037665562136523015
2017-12-20,-0.2762611231837827
2017-12-21,-0.16145250637942635
2017-12-22,-0.16801273137245945
2017-12-26,0.2670830131961863
2017-12-27,0.03652427993002647
2017-12-28,-0.11205415855000088
2017-12-29,-0.006517490866862569
2018-01-02,0.25415860723832606
2018-01-03,-0.02982646455302235
2018-01-04,0.3086799146982759
2018-01-05,0.11203696174832962
2018-01-08,0.19670360375748536
2018-01-09,-0.06994256448961512
2018-01-10,0.019911701195322606
2018-01-11,0.10690882233876592
2018-01-12,-0.06953498519107422
2018-01-16,0.31288392148766797
2018-01-17,0.19630279049868676
2018-01-18,0.13461925772849223
2018-01-19,-0.08515977321673697
2018-01-22,-0.05952578473620433
2018-01-23,-0.1098779960110336
2018-01-24,0.06049216513536086
2018-01-25,0.209838734378395
2018-01-26,-0.028784102500769824
2018-01-29,-0.006988830688926316
2018-01-30,0.006030720241800558
2018-01-31,0.10174515320462629
2018-02-01,-0.04930988872566578
2018-02-02,-0.20795920534795287
2018-02-05,0.18662327736253992
2018-02-06,0.028684517168919958
2018-02-07,-0.34897525834597937
2018-02-08,0.09460120723380162
2018-02-09,0.26368454207233644
2018-02-12,0.14667217167827182
2018-02-13,0.32295041441196526
2018-02-14,-0.005222908466453477
2018-02-15,-0.07060956309821047
2018-02-16,0.30165428852559484
2018-02-20,0.24333711305333147
2018-02-21,0.0008394196714777908
2018-02-22,-0.035813267610098294
2018-02-23,0.1234472223565305
2018-02-26,0.14573882782733266
2018-02-27,-0.03131918199262171
2018-02-28,-0.29042611448964534
2018-03-01,0.11023163653056232
2018-03-02,-0.11313927157977154
2018-03-05,0.24193786787721935
2018-03-06,0.24072386668947382
2018-03-07,0.01865982061708702
2018-03-08,0.2795178827220177
2018-03-09,-0.13735643544890497
2018-03-12,-0.15909024871904834
2018-03-13,0.10722434235191797
2018-03-14,0.06160772799180443
2018-03-15,-0.1818137393183118
2018-03-16,0.05632361888284291
2018-03-19,0.5190336951446821
2018-03-20,-0.03306784959318968
2018-03-21,-0.3463856531242365
2018-03-22,-0.1576340714267606
2018-03-23,0.47139746915749187
2018-03-26,-0.5362955502145424
2018-03-27,-0.39619010386669073
2018-03-28,0.33628892820499817
2018-03-29,-0.13515178643465017
2018-04-02,-0.007905164668535436
2018-04-03,-0.04081417959052165
2018-04-04,0.1144925214319578
2018-04-05,-0.36347681474330557
2018-04-06,0.29746970497807773
2018-04-09,0.30031479622657986
2018-04-10,-0.11190294567525559
2018-04-11,0.40707585199409235
2018-04-12,-0.3657701113387605
2018-04-13,-0.05626257756855393
2018-04-16,0.35497347098378496
2018-04-17,0.1961845446033788
2018-04-18,0.05981859302354874
2018-04-19,0.09268378342155002
2018-04-20,-0.185015645071388
2018-04-23,-0.3750687360604189
2018-04-24,-0.21218563107412278
2018-04-25,0.1310695982959019
2018-04-26,-0.2888474819990619
2018-04-27,0.042464055296715895
2018-04-30,0.06264888773860147
2018-05-01,0.08832632828643984
2018-05-02,0.2658409701760278
2018-05-03,-0.07147719012728591
2018-05-04,0.25680419473567007
2018-05-07,0.30293781297956374
2018-05-08,0.24212358944130172
2018-05-09,0.03877090364598989
2018-05-10,0.012734974917255384
2018-05-11,-0.08999217600262731
2018-05-14,0.045433850459637846
2018-05-15,0.015230523369509672
2018-05-16,0.1272384834666722
2018-05-17,0.1953167461791667
2018-05-18,0.13578314132177505
2018-05-21,-0.22377661392462692
2018-05-22,0.032651656031825876
2018-05-23,0.21222436221615776
2018-05-24,-0.21425175200576504
2018-05-25,-0.03085067831151993
2018-05-29,0.12180474710894536
2018-05-30,0.028611010503066133
2018-05-31,0.2528613020436199
2018-06-01,0.11527285219447549
2018-06-04,0.21285405940004434
2018-06-05,0.04782171157482559
2018-06-06,-0.2903105642675416
2018-06-07,0.03505200722766865
2018-06-08,-0.10830031388479465
2018-06-11,0.09573455233561191
2018-06-12,0.0796956934354953
2018-06-13,-0.12316213454784178
2018-06-14,-0.19911211625824576
2018-06-15,0.26582313433139676
2018-06-18,-0.31083366946122937
2018-06-19,0.009896456482772691
2018-06-20,-0.18980982379197936
2018-06-21,-0.34720071231185856
2018-06-22,-0.44972061503898303
2018-06-25,0.1840089547116271
2018-06-26,-0.30744935561994796
2018-06-27,0.15466226869552352
2018-06-28,0.05638971622686869
2018-06-29,0.2288885226180024
2018-07-02,-0.34139820885624955
2018-07-03,-0.08814777450657134
2018-07-05,0.07637271963702524
2018-07-06,0.14793667619537912
2018-07-09,-0.0429614337048993
2018-07-10,-0.05798423917078385
2018-07-11,0.30446483654822315
2018-07-12,0.012929439589971193
2018-07-13,0.03012935315936267
2018-07-16,0.28167271769797647
2018-07-17,0.16517166486727827
2018-07-18,-0.1027563650359003
2018-07-19,0.1883899026505153
2018-07-20,0.12949098104257672
2018-07-23,-0.23599740695909238
2018-07-24,0.20796113038003028
2018-07-25,-0.17686659582406278
2018-07-26,-0.3268243717746501
2018-07-27,-0.40800945092581836
2018-07-30,-0.024746071851955626
2018-07-31,0.2553301737439099
2018-08-01,0.3267477712898066
2018-08-02,-0.34862274733418713
2018-08-03,0.2647345366636422
2018-08-06,0.21775774335131506
2018-08-07,0.26827234896102325
2018-08-08,0.04454635769737463
2018-08-09,0.2623244219543655
2018-08-10,-0.14153530980792786
2018-08-13,0.1905508432341151
2018-08-14,-0.3689344763098774
2018-08-15,-0.17803041771544412
2018-08-16,-0.14130127315749783
2018-08-17,0.1849729486632699
2018-08-20,0.13807639320977055
2018-08-21,0.415999345928301
2018-08-22,0.25687560404952436
2018-08-23,0.10940967323827332
2018-08-24,0.039770267337329815
2018-08-27,0.10318976681919789
2018-08-28,0.0987914623250634
2018-08-29,0.05902924592964949
2018-08-30,0.25813991575152456
2018-08-31,0.29402231210777086
2018-09-04,-0.41040881701059295
2018-09-05,0.023235255537786086
2018-09-06,0.13364820543654904
2018-09-07,0.07852733270579738
2018-09-10,0.2799320663991207
2018-09-11,-0.1300773098071806
2018-09-12,-0.0742684987465718
2018-09-13,0.031483090243169316
2018-09-14,-0.45931145615401103
2018-09-17,0.18370027610362666
2018-09-18,-0.2621874797835297
2018-09-19,-0.09906482422200859
2018-09-20,-0.06886060573356052
2018-09-21,0.44659957913425113
2018-09-24,0.40691687474003285
2018-09-25,0.1914886330687229
2018-09-26,0.06348644406084657
2018-09-27,0.06277088154524613
2018-09-28,-0.021659928502918854
2018-10-01,-0.38261115882640895
2018-10-02,0.16562424042022256
2018-10-03,-0.37921436833986916
2018-10-04,-0.03307720456203385
2018-10-05,-0.40799351643818044
2018-10-08,0.06668136476151022
2018-10-09,-0.3747798512617365
2018-10-10,0.18242332757193908
2018-10-11,0.4518460870996753
2018-10-12,-0.28367601490916455
2018-10-15,0.333082613577129
2018-10-16,-0.13694728280372884
2018-10-17,-0.04590749674560984
2018-10-18,-0.34405565683757
2018-10-19,0.49847593495060166
2018-10-22,-0.22699062244609872
2018-10-23,-0.2266591386490301
2018-10-24,0.12719031428047625
2018-10-25,-0.04198808213471918
2018-10-26,-0.20376052483104873
2018-10-29,-0.01222233193336809
2018-10-30,0.24455215983881434
2018-10-31,-0.09647376947579255
2018-11-01,0.033490868772236
2018-11-02,-0.11912657483491132
2018-11-05,-0.06389444500702782
2018-11-06,0.37941378983450014
2018-11-07,0.08627080484660364
2018-11-08,-0.006063542688772568
2018-11-09,-0.11908814211217694
2018-11-12,-0.22498801043135452
2018-11-13,-0.20865194223648
2018-11-14,0.09683337922112915
2018-11-15,-0.07647038662277181
2018-11-16,-0.30350753108224
2018-11-19,-0.17424930363190946
2018-11-20,0.08405654813439496
2018-11-21,-0.008246763577620157
2018-11-23,-0.020543031096393886
2018-11-26,0.1463794014726365
2018-11-27,0.24033796252040304
2018-11-28,0.22261951349009151
2018-11-29,-0.09578346790387236
2018-11-30,0.03875320851947022
2018-12-03,0.08150931234983466
2018-12-04,0.13340190803379592
2018-12-06,-0.23128744424717376
2018-12-07,0.32295803634298
2018-12-10,0.13674069533172603
2018-12-11,0.14967287793342313
2018-12-12,0.04268359994849699
2018-12-13,-0.1675520861741812
2018-12-14,-0.3273606240257132
2018-12-17,0.12313548633685664
2018-12-18,0.09267320598032923
2018-12-19,-0.19820392319220737
2018-12-20,0.049941878601970635
2018-12-21,-0.10237861195691182
2018-12-24,0.04562849573152783
2018-12-26,0.04727236687742489
2018-12-27,0.1547473427492822
2018-12-28,0.2213347430791553
2018-12-31,-0.45075124186463766
2019-01-02,-0.1370602351328145
2019-01-03,-0.14060952405849395
2019-01-04,-0.046748538324696866
2019-01-07,0.1886152343431437
2019-01-08,-0.16401496227395998
2019-01-09,0.13174857666988624
2019-01-10,-0.1386579669644947
2019-01-11,-0.17564905075683312
2019-01-14,0.45218992296213506
2019-01-15,-0.029760879403337666
2019-01-16,-0.11658398277117583
2019-01-17,-0.2911603199321756
2019-01-18,0.2588755983361509
2019-01-22,0.30228287554597155
2019-01-23,-0.17498169648704953
2019-01-24,-0.32519973649698786
2019-01-25,-0.08586320091790821
2019-01-28,-0.07647726123516403
2019-01-29,0.08525074449318489
2019-01-30,0.19523668592881105
2019-01-31,-0.07128768263215987
2019-02-01,0.028175904253210864
2019-02-04,0.029081343736614324
2019-02-05,-0.06005039914940445
2019-02-06,0.2640945755695155
2019-02-07,0.37557883907666695
2019-02-08,0.03534323803902236
2019-02-11,-0.1498233481919292
2019-02-12,-0.13684368664283542
2019-02-13,0.232506381232214
2019-02-14,-0.20547762254276225
2019-02-15,-0.15049736447471534
2019-02-19,-0.28418105677925815
2019-02-20,0.2676240642097493
2019-02-21,0.05762806687805735
2019-02-22,-0.18280375163941337
2019-02-25,0.20133403083283552
2019-02-26,0.10209550112693999
2019-02-27,0.20099043300713193
2019-02-28,-0.013296000078425614
2019-03-01,-0.11339291846355905
2019-03-04,0.2286001379207858
2019-03-05,0.15170731940925197
2019-03-06,0.2689347904779478
2019-03-07,0.018490906087977953
2019-03-08,-0.08539824307665199
2019-03-11,0.12140895590464092
2019-03-12,-0.09219512203366916
2019-03-13,0.11822545169885876
2019-03-14,-0.053301741490503776
2019-03-15,-0.22212886654888334
2019-03-18,0.12010279830439054
2019-03-19,0.2822250323463635
2019-03-20,0.09830914696756075
2019-03-21,0.2372969943698713
2019-03-22,0.3180497333288029
2019-03-25,-0.07881623667378902
2019-03-26,-0.06571327802980884
2019-03-27,-0.033645143620408303
2019-03-28,0.005441053516416621
2019-03-29,-0.3121464879687669
2019-04-01,0.09865783552775292
2019-04-02,-0.11962354024240282
2019-04-03,-0.45903807148025044
2019-04-04,-0.10362163564121431
2019-04-05,-0.16314141983262528
2019-04-08,0.4286769134800268
2019-04-09,-0.002131630958256514
2019-04-10,-0.07234742947101554
2019-04-11,-0.28619236428384587
2019-04-12,0.17259772336688092
2019-04-15,-0.4076876726298043
2019-04-16,-0.21856037301711584
2019-04-17,0.0919500662209381
2019-04-18,0.11256876319769318
2019-04-22,0.15527225831750793
2019-04-23,0.1780957180601337
2019-04-24,0.21518847097533217
2019-04-25,-0.040594073630453587
2019-04-26,-0.2798077988664713
2019-04-29,0.1688550599929935
2019-04-30,-0.05798030572439063
2019-05-01,0.14441385484456198
2019-05-02,-0.10997610049286834
2019-05-03,0.1530718170422775
2019-05-06,-0.016129744688811256
2019-05-07,0.18501576398420508
2019-05-08,0.10097235012324397
2019-05-09,0.14115181676813127
2019-05-10,0.17655980456268786
2019-05-13,-0.12161641320066202
2019-05-14,0.12432039954240877
2019-05-15,0.2354162863704168
2019-05-16,0.16285829541639427
2019-05-17,-0.06320227005944612
2019-05-20,-0.1617378581264023
2019-05-21,0.32336015040807564
2019-05-22,0.21155742109149878
2019-05-23,-0.09308680363159154
2019-05-24,0.19992281392270986
2019-05-28,-0.18282674781455163
2019-05-29,0.4279196690126467
2019-05-30,0.31820985767624815
2019-05-31,-0.258276486085111
2019-06-03,-0.2304487331714019
2019-06-04,0.462177762303025
2019-06-05,0.20242314146840032
2019-06-06,0.09478453259054809
2019-06-07,-0.2326242357453787
2019-06-10,-0.15719575656865872
2019-06-11,0.3977794197181985
2019-06-12,-0.407895682764201
2019-06-13,0.3057754325236244
2019-06-14,-0.04387158879242916
2019-06-17,-0.3093957744701779
2019-06-18,0.2654937951126986
2019-06-19,-0.20638413771300462
2019-06-20,-0.16868523644378702
2019-06-21,0.18273040611182867
2019-06-24,-0.025474440710969097
2019-06-25,-0.44001201285153163
2019-06-26,-0.06837679020630849
2019-06-27,-0.1645431365537257
2019-06-28,-0.004364899613055773
2019-07-01,0.41960160230323157
2019-07-02,0.18357043815136054
2019-07-03,-0.08269407212120537
2019-07-05,0.22379539717451802
2019-07-08,0.04386633112308063
2019-07-09,0.08087932382762028
2019-07-10,-0.06507663392175284
2019-07-11,-0.22015820603857073
2019-07-12,0.18539985292392955
2019-07-15,-0.061511693022458444
2019-07-16,0.24210459893675765
2019-07-17,0.07970833591793948
2019-07-18,-0.4117215841087363
2019-07-19,0.01598484898636963
2019-07-22,-0.3446107231150401
2019-07-23,-0.24180253448941333
2019-07-24,0.30803020137470605
2019-07-25,0.02684863382939661
2019-07-26,0.13656363639951088
2019-07-29,-0.2319801490848024
2019-07-30,-0.00010653926276069656
2019-07-31,0.3208630841134266
2019-08-01,0.10743155230736029
2019-08-02,0.1618372575249273
2019-08-05,0.3291536826752385
2019-08-06,0.21181666004176483
2019-08-07,0.04033042849085828
2019-08-08,0.37035839160843664
2019-08-09,0.17743218174780023
2019-08-12,-0.07497881174395815
2019-08-13,0.21631976441475986
2019-08-14,0.41525746236453853
2019-08-15,-0.29381211335995944
2019-08-16,-0.2507082815121338
2019-08-19,0.22750412890006097
2019-08-20,0.07458301596779357
2019-08-21,0.031385941543410616
2019-08-22,0.233958201535111
2019-08-23,0.24320856804731214
2019-08-26,0.3915068385782027
2019-08-27,-0.32427113696504356
2019-08-28,-0.24577981578441593
2019-08-29,-0.2803016908998963
2019-08-30,0.23404755373168584
2019-09-03,-0.19469330850215083
2019-09-04,-0.44640122271426885
2019-09-05,-0.02477430375596614
2019-09-06,-0.6677051532621613
2019-09-09,-0.6132246886458816
2019-09-10,-0.20371743249233776
2019-09-11,0.3042691450905167
2019-09-12,-0.3430948236721287
2019-09-13,-0.06159591521221394
2019-09-16,0.6213360769787466
2019-09-17,0.157818614796704
2019-09-18,0.1710431697219745
2019-09-19,0.036189935746980734
2019-09-20,0.0870554377457553
2019-09-23,0.3536284889769295
2019-09-24,-0.15469090896878393
2019-09-25,0.379563416861321
2019-09-26,-0.3767268749276282
2019-09-27,0.07951636676597115
2019-09-30,0.30872489233297956
2019-10-01,0.266142814074329
2019-10-02,0.10249397047609636
2019-10-03,0.24403272451510552
2019-10-04,-0.03311798107905463
2019-10-07,0.27305882158641015
2019-10-08,0.09223746976454987
2019-10-09,-0.3121283131529113
2019-10-10,-0.3894338758569722
2019-10-11,0.010806135296994339
2019-10-14,-0.17482375053311913
2019-10-15,-0.012281225656982331
2019-10-16,-0.05156987922813026
2019-10-17,0.056798178554706036
2019-10-18,-0.15054808014491775
2019-10-21,-0.5006509667647442
2019-10-22,-0.19534027122985598
2019-10-23,0.27276491512233353
2019-10-24,-0.25387548400511684
2019-10-25,-0.012340905073978994
2019-10-28,0.03924446373445444
2019-10-29,0.23433108844312212
2019-10-30,0.07876088430572573
2019-10-31,-0.31177898867369974
2019-11-01,-0.5097900712956218
2019-11-04,-0.3017528655274377
2019-11-05,0.33509816984755253
2019-11-06,-0.3869193013729835
2019-11-07,-0.07609292015986174
2019-11-08,0.2766013003103688
2019-11-11,0.1032319818019546
2019-11-12,0.4432081556915291
2019-11-13,0.1889791331245997
2019-11-14,-0.18829357986254489
2019-11-15,0.18213068289442388
2019-11-18,0.07993440785538466
2019-11-19,0.1002675555306982
2019-11-20,-0.295394507174335
2019-11-21,-0.26250970083923864
2019-11-22,-0.032297572830929884
2019-11-25,0.31489016452787016
2019-11-26,-0.04812311347704338
2019-11-27,-0.08364644656019414
2019-11-29,-0.24622489557379917
2019-12-02,0.22989649001216253
2019-12-03,-0.11647473439205054
2019-12-04,0.11253724236518545
2019-12-05,-0.1218559649828956
2019-12-06,-0.06848068785586217
2019-12-09,-0.00534632979188594
2019-12-10,0.14786949278565817
2019-12-11,-0.076043160064423
2019-12-12,0.1909112403650636
2019-12-13,-0.055448975073082545
2019-12-16,-0.011778474749388309
2019-12-17,-0.16634971623001435
2019-12-18,-0.00863112371729815
2019-12-19,0.04574366119915944
2019-12-20,-0.0826818125743006
2019-12-23,0.09302356761758698
2019-12-24,0.0631305847741313
2019-12-26,0.02108756995343511
2019-12-27,-0.04436623542118696
2019-12-30,-0.26306254251832095
2019-12-31,0.21818786700380252
2020-01-02,0.041156498349091374
2020-01-03,-0.10222432119331759
2020-01-06,0.028847495457569275
2020-01-07,0.0824823434835702
2020-01-08,0.18486126104976278
2020-01-09,0.0720363080853162
2020-01-10,0.1692602675557626
2020-01-13,-0.2895552670675877
2020-01-14,0.05744534962415962
2020-01-15,0.09672669373953952
2020-01-16,0.18251783460250817
2020-01-17,0.19357085205476096
2020-01-21,0.255579601378403
2020-01-22,0.10255115005304602
2020-01-23,0.10543258964075122
2020-01-24,0.06639574145082408
2020-01-27,0.26569383722531836
2020-01-28,0.09477226104247166
2020-01-29,0.02479741239748611
2020-01-30,-0.07934770553875552
2020-01-31,0.21321923602622647
2020-02-03,0.1067108422196124
2020-02-04,-0.28689806839465704
2020-02-05,0.18584774135549365
2020-02-06,0.11079107313233139
2020-02-07,0.28956308640635997
2020-02-10,-0.02231645215048032
2020-02-11,-0.021621234295229292
2020-02-12,0.20208985844438682
2020-02-13,0.15298643555975294
2020-02-14,-0.0046757895940881524
2020-02-18,0.11163591864333199
2020-02-19,-0.29487448701142616
2020-02-20,-0.15861841503365565
2020-02-21,0.10798005001404733
2020-02-24,0.17842987045861045
2020-02-25,0.27508749676633315
2020-02-26,-0.08482794110692937
2020-02-27,-0.07605885067994214
2020-02-28,0.2606305998069536
2020-03-02,0.15813885874894953
2020-03-03,0.3141099140748653
2020-03-04,0.11011268459717552
2020-03-05,-0.030001307374985745
2020-03-06,0.13927989060553417
2020-03-09,-0.012623235405187342
2020-03-10,0.1659718153867415
2020-03-11,0.09939488545082513
2020-03-12,-0.11075222226598913
2020-03-13,-0.03910335617207295
2020-03-16,0.15862993602766792
2020-03-17,0.09827436412024881
2020-03-18,-0.20575093095836008
2020-03-19,-0.19665348935231317
2020-03-20,0.07962795353672102
2020-03-23,-0.04268743284911907
2020-03-24,-0.1351570930754092
2020-03-25,0.1633162425237661
2020-03-26,0.1630687803072987
2020-03-27,0.19945842541557116
2020-03-30,-0.14177170823426147
2020-03-31,0.08445648186161896
2020-04-01,0.06229723709611202
2020-04-02,-0.05639636708274735
2020-04-03,-0.06596443951398048
2020-04-06,-0.3666789685624689
2020-04-07,-0.23313748569631643
2020-04-08,-0.11828832903722702
2020-04-09,0.12254447490680566
2020-04-13,0.392644041168514
2020-04-14,0.39666910875683287
2020-04-15,0.47087704509918676
2020-04-16,-0.4741940931845159
2020-04-17,0.13287991020343987
2020-04-20,-0.03626541044642915
2020-04-21,0.09744750347214165
2020-04-22,-0.3288927946802526
2020-04-23,-0.043873438711266484
2020-04-24,-0.39324964404573687
2020-04-27,-0.5043289934574297
2020-04-28,-0.47756608930369615
2020-04-29,0.3387915991188386
2020-04-30,0.5019705783023608
2020-05-01,0.16016129751228642
2020-05-04,0.3828112724831296
2020-05-05,0.22538533287875379
2020-05-06,-0.3103447635791944
2020-05-07,-0.4668267005005197
2020-05-08,0.6003000661763763
2020-05-11,0.2888764708180157
2020-05-12,0.5133518374645724
2020-05-13,-0.2908539099562064
2020-05-14,0.16362933975199018
2020-05-15,-0.6933881006427979
2020-05-18,0.1802750386361009
2020-05-19,-0.3167008731781843
2020-05-20,-0.14689713788874365
2020-05-21,0.2402239224189321
2020-05-22,-0.6433633609520875
2020-05-26,-0.33325389705057756
2020-05-27,0.4665708758551082
2020-05-28,0.570697716548339
2020-05-29,-0.3869566759858758
2020-06-01,-0.24776135923822476
2020-06-02,-0.5765764590299094
2020-06-03,-0.48038519984475425
2020-06-04,-0.473487634045081
2020-06-05,-0.5061861381313045
2020-06-08,0.6731719231200559
2020-06-09,0.7368755303652664
2020-06-10,0.5250696595094936
2020-06-11,-0.4663717613846078
2020-06-12,0.03939302096434763
2020-06-15,-0.16962146152115487
2020-06-16,0.5849615576601017
2020-06-17,-0.044093896011293085
2020-06-18,0.42668688677355343
2020-06-19,0.2200523643204099
2020-06-22,-0.12552567793412103
2020-06-23,0.43049564625040077
2020-06-24,-0.042727546867979055
2020-06-25,0.20884232520530557
2020-06-26,-0.399080429616862
2020-06-29,0.29576126467380315
2020-06-30,0.27333827315786546
2020-07-01,0.037592590240975554
2020-07-02,-0.03037569203074396
2020-07-06,0.47713485931384575
2020-07-07,0.16871378851173358
2020-07-08,0.578288297754291
2020-07-09,-0.5662213857845954
2020-07-10,-0.30905474863232946
2020-07-13,0.10776154813726348
2020-07-14,-0.46604522538132503
2020-07-15,0.00876582298319609
2020-07-16,0.4102609399242541
2020-07-17,0.56648315391284
2020-07-20,-0.4972814398840549
2020-07-21,0.030899662135996372
2020-07-22,-0.2721039778589842
2020-07-23,0.0744449887696642
2020-07-24,0.45666928705272386
2020-07-27,-0.17606324848864252
2020-07-28,-0.07200068412408302
2020-07-29,0.37992653916817304
2020-07-30,0.23512956674916868
2020-07-31,0.2413301394674848
2020-08-03,-0.15269900972880954
2020-08-04,-0.11530840855993271
2020-08-05,-0.006339346227493442
2020-08-06,-0.39281013686987554
2020-08-07,-0.5810772587175096
2020-08-10,-0.37500746787314493
2020-08-11,0.5154401843920157
2020-08-12,0.3765798200219994
2020-08-13,-0.3411252674209613
2020-08-14,0.48624061563024806
2020-08-17,0.24218084275162674
2020-08-18,0.06972752264929516
2020-08-19,0.23395463194818106
2020-08-20,0.1668366528732715
2020-08-21,-0.6294722915517722
2020-08-24,0.27030776116366334
2020-08-25,0.5250456256909655
2020-08-26,-0.5427464610179029
2020-08-27,-0.1956927826026724
2020-08-28,0.5169881750663896
2020-08-31,0.2603651056951109
2020-09-01,-0.049889085683516375
2020-09-02,-0.6881456879994922
2020-09-03,-0.5108944146417174
2020-09-04,-0.06737218572051148
2020-09-08,0.6019670555685945
2020-09-09,-0.02407974504373013
2020-09-10,-0.09060438222530068
2020-09-11,-0.16964520251410256
2020-09-14,0.3787390736643888
2020-09-15,-0.5632170531234121
2020-09-16,-0.08359296972450729
2020-09-17,0.2699741272716197
2020-09-18,0.5817541977809636
2020-09-21,0.3345844727296252
2020-09-22,0.10014662653535596
2020-09-23,0.0733754820835888
2020-09-24,0.11050862757257096
2020-09-25,-0.11976571275275119
2020-09-28,0.440296439492805
2020-09-29,0.0056189449853304525
2020-09-30,0.1873261484731044
2020-10-01,-0.5268951615200851
2020-10-02,0.15712479925447095
2020-10-05,-0.11095336372720288
2020-10-06,0.06163250834339142
2020-10-07,-0.44468373376250625
2020-10-08,0.5104856532859035
2020-10-09,0.16883789619014938
2020-10-12,0.49135460669504905
2020-10-13,-0.14634218552346245
2020-10-14,-0.10931627460627329
2020-10-15,0.12520644715847348
2020-10-16,-0.01646439655981482
2020-10-19,-0.25334348047001143
2020-10-20,-0.0727873948134592
2020-10-21,-0.5310449987083117
2020-10-22,0.030699710367465764
2020-10-23,0.3208610517850315
2020-10-26,0.4693504959934362
2020-10-27,0.1018745576336641
2020-10-28,-0.2353454465832718
2020-10-29,-0.37697759922311797
2020-10-30,-0.3137662570298376
2020-11-02,-0.04821253096830952
2020-11-03,0.5399909961208879
2020-11-04,-0.02863472189599793
2020-11-05,0.4528367413250153
2020-11-06,-0.7763810083279356
2020-11-09,-0.3803026132661933
2020-11-10,0.6131211380469628
2020-11-11,0.4311918134511741
2020-11-12,-0.5538292337613347
2020-11-13,-0.524434716910964
2020-11-16,-0.05570562316171027
2020-11-17,0.12517107591965296
2020-11-18,0.18894744397894953
2020-11-19,0.22081133582469592
2020-11-20,-0.37156302447802175
2020-11-23,-0.6038341380992923
2020-11-24,0.39389210153621607
2020-11-25,0.45810980049234623
2020-11-27,0.5431296440482887
2020-11-30,-0.20390034459600004
2020-12-01,-0.5123820520496594
2020-12-02,-0.3022884884565157
2020-12-03,-0.27160843298624693
2020-12-04,0.3707846597189472
2020-12-07,0.06541863681482753
2020-12-08,-0.3657225931727724
2020-12-09,-0.024467506957785677
2020-12-10,0.22364051686949385
2020-12-11,0.4413385880544793
2020-12-14,-0.23314104308520434
2020-12-15,0.08013010229565097
2020-12-16,0.38924999014243267
2020-12-17,0.33785414067670144
2020-12-18,0.2731934752787501
2020-12-21,0.31228169554975926
2020-12-22,-0.48100154198564427
2020-12-23,0.2130551361009018
2020-12-24,-0.2634745429521803
2020-12-28,0.02212833350346482
2020-12-29,-0.11772365606178148
2020-12-30,-0.14834724038458239
2020-12-31,0.17718913694181432
2021-01-04,-0.03739828636094195
2021-01-05,-0.3050542358714406
2021-01-06,0.39863818791195293
2021-01-07,0.25650757928291373
2021-01-08,-0.05618327296489928
2021-01-11,-0.20802373885726416
2021-01-12,-0.07441698018374272
2021-01-13,-0.25670384700572835
2021-01-14,0.06699218155108466
2021-01-15,0.1451239696178037
2021-01-19,0.24277161007532427
2021-01-20,0.2078369591135793
2021-01-21,0.03507072257854883
2021-01-22,0.015645419342031543
2021-01-25,-0.1007998883474261
2021-01-26,-0.2842684755576419
2021-01-27,0.07916450542099535
2021-01-28,0.12192862568743507
2021-01-29,0.20967211162871532
2021-02-01,0.1249827240166215
2021-02-02,-0.3510627070256054
2021-02-03,-0.053737006437382
2021-02-04,0.07542512429921609
2021-02-05,0.050741327781801904
2021-02-08,0.06283733603753514
2021-02-09,-0.1970412491542732
2021-02-10,0.22810150128461967
2021-02-11,0.23152060087252319
2021-02-12,-0.05849129429430905
2021-02-16,-0.3548701884440653
2021-02-17,-0.18194358813342093
2021-02-18,0.07071782217364028
2021-02-19,-0.4786761069089622
2021-02-22,-0.3714073539690415
2021-02-23,-0.03559910805740926
2021-02-24,-0.18689877500036736
2021-02-25,0.5054154804112259
2021-02-26,0.29776220669533654
2021-03-01,-0.2909823964509826
2021-03-02,-0.4840369209718825
2021-03-03,-0.4819511340020417
2021-03-04,-0.07103112821612247
2021-03-05,-0.3861805129415382
2021-03-08,0.37950287129431987
2021-03-09,-0.04647628912382896
2021-03-10,0.49442947214738747
2021-03-11,-0.36816093391134797
2021-03-12,-0.04344050846224326
2021-03-15,-0.25715430037067466
2021-03-16,0.30830631032257644
2021-03-17,-0.42242766172210344
2021-03-18,0.1284218763661713
2021-03-19,-0.18216260863414754
2021-03-22,-0.55483615060414
2021-03-23,-0.10879510211852896
2021-03-24,0.13970587210504176
2021-03-25,0.2572973302745249
2021-03-26,-0.6140699928578717
2021-03-29,0.5395712829639727
2021-03-30,0.17699729777205567
2021-03-31,0.3304989209230082
2021-04-01,-0.03492684932546464
2021-04-05,0.10243106925035786
2021-04-06,-0.07915371564231295
2021-04-07,0.12347099023137761
2021-04-08,0.0739379711872421
2021-04-09,-0.09792768089958429
2021-04-12,-0.19621104821544227
2021-04-13,0.024445015020034384
2021-04-14,-0.2464173386912288
2021-04-15,-0.09014249545333582
2021-04-16,-0.26489915551391513
2021-04-19,-0.6855249808956804
2021-04-20,0.453602053377734
2021-04-21,-0.058389477888051586
2021-04-22,0.5209481180898891
2021-04-23,0.40693885826370335
2021-04-26,0.2580932997677823
2021-04-27,0.008074286549762963
2021-04-28,-0.12998475118620947
2021-04-29,-0.3743876334941627
2021-04-30,-0.08120649407921367
2021-05-03,-0.0812983526822952
2021-05-04,0.28940524688728375
2021-05-05,-0.02392644806141697
2021-05-06,0.4594756289768037
2021-05-07,-0.3932161315415085
2021-05-10,-0.057443118049178656
2021-05-11,-0.4227557255361067
2021-05-12,0.18962645799940628
2021-05-13,0.47658749317605925
2021-05-14,0.062378135449900306
2021-05-17,-0.3497899961817488
2021-05-18,-0.11921202225441213
2021-05-19,-0.08484269961933193
2021-05-20,0.06810715404255063
2021-05-21,0.29908694092563004
2021-05-24,0.036706754010656255
2021-05-25,0.41269714879684805
2021-05-26,0.370037877473054
2021-05-27,-0.12039228071412253
2021-05-28,0.31611564988634655
2021-06-01,-0.37096439464565617
2021-06-02,-0.18955134747226837
2021-06-03,0.04991380008562139
2021-06-04,-0.10096071935053155
2021-06-07,0.17440732161848946
2021-06-08,-0.3972857275466789
2021-06-09,-0.3424755731847266
2021-06-10,0.24102440643870002
2021-06-11,-0.35197040571208316
2021-06-14,0.1298813212520231
2021-06-15,0.12661668228678538
2021-06-16,-0.39167130975182735
2021-06-17,-0.13499006873352057
2021-06-18,0.41008228699575155
2021-06-21,0.08254293495796922
2021-06-22,0.4163159282915543
2021-06-23,0.18770093812234054
2021-06-24,-0.15058940966469864
2021-06-25,-0.1474096373502809
2021-06-28,0.11973868853469558
2021-06-29,0.1671985749395543
2021-06-30,0.020598414126646414
2021-07-01,-0.24843300453063313
2021-07-02,-0.38589760985887195
2021-07-06,-0.17411720032775954
2021-07-07,-0.27710676406541745
2021-07-08,0.5843421195186269
2021-07-09,0.3426567935569479
2021-07-12,-0.36251310157248373
2021-07-13,-0.40336495312518245
2021-07-14,-0.3144986257451112
2021-07-15,-0.5295849255861752
2021-07-16,-0.25299017457717865
2021-07-19,0.5036550555702902
2021-07-20,0.49581570153266497
2021-07-21,-0.25087436509409333
2021-07-22,-0.1410275829207413
2021-07-23,0.2510916267509951
2021-07-26,-0.39315617909807227
2021-07-27,0.31758547459352143
2021-07-28,0.22773177349451687
2021-07-29,-0.05602615765065
2021-07-30,-0.1799923156376932
2021-08-02,0.18706854515867172
2021-08-03,-0.033870256082386314
2021-08-04,0.1880335362406262
2021-08-05,0.20161691895525072
2021-08-06,-0.05334178468907922
2021-08-09,0.21004780808688983
2021-08-10,0.02258827538855134
2021-08-11,0.13893839350901505
2021-08-12,-0.32094810439077853
2021-08-13,-0.26501389638705375
2021-08-16,-0.44788707653437426
2021-08-17,0.10903631756490238
2021-08-18,-0.27066158488618325
2021-08-19,0.10380410645568748
2021-08-20,0.38091957293428486
2021-08-23,0.36384395774479056
2021-08-24,0.4321329067339446
2021-08-25,-0.1229076173299069
2021-08-26,0.364137192411169
2021-08-27,-0.16207552585897866
2021-08-30,-0.17892346352202648
2021-08-31,-0.23791229587114246
2021-09-01,0.06707347522589943
2021-09-02,0.08057986960087746
2021-09-03,0.08655313801906839
2021-09-07,-0.3116346299513577
2021-09-08,0.31914461682972045
2021-09-09,0.13798709136424103
2021-09-10,0.046018764286064995
2021-09-13,-0.001187234333045586
2021-09-14,0.3046926177502565
2021-09-15,0.04384656730798561
2021-09-16,-0.18946772736213535
2021-09-17,-0.37007721703129387
2021-09-20,0.1101622573128641
2021-09-21,0.4213059055962603
2021-09-22,0.4541862444080501
2021-09-23,0.11434652681138155
2021-09-24,0.15300227096540747
2021-09-27,-0.18654555198595782
2021-09-28,-0.30707378976412103
2021-09-29,-0.1073889511531957
2021-09-30,0.2736805599476148
2021-10-01,-0.12116103379638543
2021-10-04,0.27736148848974945
2021-10-05,-0.406520823854181
2021-10-06,0.18955905601121062
2021-10-07,-0.013389080004821034
2021-10-08,0.07590365419487906
2021-10-11,-0.006623064689104449
2021-10-12,-0.14079789209424878
2021-10-13,0.06799639030211226
2021-10-14,0.06036710725440142
2021-10-15,0.33203712281145414
2021-10-18,-0.14141628022005123
2021-10-19,-0.011613181094612396
2021-10-20,-0.04903335126247568
2021-10-21,0.07915155874071643
2021-10-22,0.1696807330415154
2021-10-25,-0.12233714620450759
2021-10-26,-0.16903792874636173
2021-10-27,0.23110712588838525
2021-10-28,0.002049729473865843
2021-10-29,0.10453838753760426
2021-11-01,0.004819048510110927
2021-11-02,0.01793574518229993
2021-11-03,0.02276885213250645
2021-11-04,0.0783106362552661
2021-11-05,0.1698765248834589
2021-11-08,-0.14665391127411834
2021-11-09,-0.3731481024127636
2021-11-10,0.3249756230400754
2021-11-11,0.009434138548791127
2021-11-12,-0.06222160544789445
2021-11-15,0.140864423946047
2021-11-16,-0.15731076538409214
2021-11-17,0.2553511053197047
2021-11-18,-0.15598981057422506
2021-11-19,0.003236026729326756
2021-11-22,0.02037879874836626
2021-11-23,0.24792736276310065
2021-11-24,-0.236656675445247
2021-11-26,0.2546935877886629
2021-11-29,-0.032749410078876544
2021-11-30,-0.07538571460194184
2021-12-01,0.1305218355099456
2021-12-02,-0.40362345518607795
2021-12-03,-0.2923111501037931
2021-12-06,0.47748855968529264
2021-12-07,-0.14299296388532717
2021-12-08,-0.21485863870678626
2021-12-09,0.10979319834415716
2021-12-10,-0.284738719117863
2021-12-13,-0.1642512386569821
2021-12-14,0.18252139686163973
2021-12-15,-0.21569250845760463
2021-12-16,-0.11270732169018752
2021-12-17,-0.22049751556123776
2021-12-20,0.20782908161737512
2021-12-21,0.27879555867819156
2021-12-22,0.03717968601728002
2021-12-23,0.458055176778045
2021-12-27,-0.32958888745364623
2021-12-28,0.031832281701948496
2021-12-29,-0.2815119662959766
2021-12-30,0.11621561473849648
2021-12-31,-0.25280288610170376
2022-01-03,0.05007439350839786
2022-01-04,-0.34534106680575016
2022-01-05,0.1892832313923252
2022-01-06,-0.3043200014290905
2022-01-07,0.053966856871318435
2022-01-10,0.04585046469186479
2022-01-11,0.19146446773967649
2022-01-12,-0.2919458159971799
2022-01-13,-0.17398560242706446
2022-01-14,-0.09645787189386776
2022-01-18,-0.1619125360012166
2022-01-19,-0.09420446762381919
2022-01-20,-0.032093620315207794
2022-01-21,0.09300425154386163
2022-01-24,-0.04351125852678544
2022-01-25,0.16191542304482576
2022-01-26,-0.07219136945557258
2022-01-27,0.090395645322073
2022-01-28,0.009931868835724464
2022-01-31,0.10409508737793102
2022-02-01,0.2926960884433468
2022-02-02,-0.04009992584270192
2022-02-03,0.026270120236428763
2022-02-04,-0.05066032965524974
2022-02-07,0.017874265703479695
2022-02-08,-0.09733572712879555
2022-02-09,0.04762339211054029
2022-02-10,0.019302883579258922
2022-02-11,-0.228428324210334
2022-02-14,-0.10010806494980574
2022-02-15,0.16111755786343282
2022-02-16,0.04200484003768852
2022-02-17,0.11256278421088949
2022-02-18,0.030695680447317082
2022-02-22,0.15647014914785073
2022-02-23,-0.11515562469226702
2022-02-24,0.27327060161286687
2022-02-25,0.06991412274454187
2022-02-28,0.15502804762657355
2022-03-01,0.06602819746021713
2022-03-02,0.2369299968219361
2022-03-03,0.2737427828417901
2022-03-04,0.12265361540371959
2022-03-07,-0.16903781852865696
2022-03-08,-0.09393184005976928
2022-03-09,0.14375394195264912
2022-03-10,0.06427917921909769
2022-03-11,-0.0008083320028327801
2022-03-14,-0.07854141254490941
2022-03-15,-0.23232896900085595
2022-03-16,0.07090543831742566
2022-03-17,-0.017121213804430515
2022-03-18,0.239173718344451
2022-03-21,-0.17553391514114944
2022-03-22,0.15040754242114238
2022-03-23,0.06722563509965991
2022-03-24,0.16623190964005036
2022-03-25,-0.0948988558505081
2022-03-28,-0.26879991461534836
2022-03-29,0.17053193433519886
2022-03-30,0.14033213808504397
2022-03-31,0.05055500023603931
2022-04-01,-0.24423767116024803
2022-04-04,0.19363325531122447
2022-04-05,0.40921692422317424
2022-04-06,0.27537148228283836
2022-04-07,0.23320736701313602
2022-04-08,-0.200261921550997
2022-04-11,0.18616727592173352
2022-04-12,-0.2010231493794524
2022-04-13,0.20549047122699565
2022-04-14,0.23982518988636695
2022-04-18,-0.41473856444371004
2022-04-19,0.18343152945947733
2022-04-20,-0.16241801530769617
2022-04-21,-0.08256045351924486
2022-04-22,-0.22070915097945193
2022-04-25,0.3227016105731946
2022-04-26,0.07498744194275503
2022-04-27,-0.05952855884590015
2022-04-28,-0.07630621470186605
2022-04-29,-0.23355635217451853
2022-05-02,0.06769385017928486
2022-05-03,-0.10628302982809536
2022-05-04,0.17855242042174777
2022-05-05,0.23429893729732995
2022-05-06,-0.20546116812429607
2022-05-09,0.2392058547128553
2022-05-10,0.306528996939697
2022-05-11,-0.2496172518980271
2022-05-12,0.002420168305760534
2022-05-13,0.2635972137600756
2022-05-16,-0.3694241493726297
2022-05-17,0.040494657949613704
2022-05-18,-0.05526373680961133
2022-05-19,-0.03322899965887117
2022-05-20,0.21444807466320287
2022-05-23,0.373234396336648
2022-05-24,-0.1860833526646221
2022-05-25,-0.3218864397380829
2022-05-26,-0.16345792203921458
2022-05-27,-0.11540245965519579
2022-05-31,0.2537586212105235
2022-06-01,-0.289733274849057
2022-06-02,0.31902179294553823
2022-06-03,-0.06133833749497774
2022-06-06,0.13471917447654536
2022-06-07,-0.06176138288499571
2022-06-08,0.10961619757932481
2022-06-09,0.3970330153067058
2022-06-10,0.19948267419828694
2022-06-13,0.02958251756670373
2022-06-14,-0.3911056151368135
2022-06-15,0.24304154725324634
2022-06-16,-0.4064540936918403
2022-06-17,0.28614463022305936
2022-06-21,-0.1848289582897789
2022-06-22,-0.259150245397773
2022-06-23,-0.2909257627843746
2022-06-24,0.48897200098843974
2022-06-27,0.4062478520790861
2022-06-28,0.03879102183734858
2022-06-29,0.22841094909972334
2022-06-30,-0.13718206968843868
2022-07-01,-0.5595208527005259
2022-07-05,0.2035663352911798
2022-07-06,-0.15465598290381674
2022-07-07,0.25046134685936744
2022-07-08,0.3846939672384642
2022-07-11,-0.17520399361843697
2022-07-12,0.06350374596149674
2022-07-13,0.03181812513932991
2022-07-14,-0.2944652904715261
2022-07-15,-0.03798821798850184
2022-07-18,-0.32453794989755874
2022-07-19,-0.40044356408824083
2022-07-20,-0.3733789529041412
2022-07-21,0.2340473108922471
2022-07-22,0.5398448681151053
2022-07-25,0.3031938837145748
2022-07-26,-0.3593637186631644
2022-07-27,-0.16183955923796758
2022-07-28,0.06756064791540424
2022-07-29,-0.1958545961935737
2022-08-01,0.05200813102193139
2022-08-02,-0.4834552746447887
2022-08-03,-0.28525457574756835
2022-08-04,0.2615899591539486
2022-08-05,0.024795411956058108
2022-08-08,0.5664583228952373
2022-08-09,-0.6062991872101043
2022-08-10,0.041466830394788386
2022-08-11,-0.18293842126511572
2022-08-12,0.07133152882381502
2022-08-15,0.045650029972292804
2022-08-16,0.5248624551782176
2022-08-17,0.23808546916279935
2022-08-18,0.47846947322623035
2022-08-19,0.49296156825934156
2022-08-22,0.10525957826356189
2022-08-23,0.023528950639936395
2022-08-24,-0.4263009337520781
2022-08-25,0.5686479724135514
2022-08-26,0.29345460392276956
2022-08-29,-0.2874777711063528
2022-08-30,0.057958209222313144
2022-08-31,0.012609095274743123
2022-09-01,0.19255632126370764
2022-09-02,-0.026473304381486477
2022-09-06,-0.30948776386876914
2022-09-07,-0.21129121609353532
2022-09-08,-0.3112949005337278
2022-09-09,-0.25339815284934397
2022-09-12,0.4256947621879933
2022-09-13,0.16697831707169217
2022-09-14,-0.11991734056603225
2022-09-15,0.22039686705224798
2022-09-16,0.11869904555937129
2022-09-19,0.3758699578579262
2022-09-20,0.19952276075707878
2022-09-21,0.3722663209124253
2022-09-22,-0.2051692247422386
2022-09-23,-0.009626701938678484
2022-09-26,0.02877083822333942
2022-09-27,-0.21270390435305714
2022-09-28,0.1692705879934704
2022-09-29,0.12260520473770048
2022-09-30,0.017425316948463155
2022-10-03,-0.31966380854490317
2022-10-04,0.020480256462167144
2022-10-05,-0.026334255714679802
2022-10-06,0.46241439060966094
2022-10-07,0.2664949516261757
2022-10-10,0.3212471496283522
2022-10-11,-0.253348131940358
2022-10-12,0.07086584897320121
2022-10-13,-0.009697032107041679
2022-10-14,-0.3376756484378236
2022-10-17,0.04088746508417202
2022-10-18,0.3565469288872624
2022-10-19,-0.11794989567697448
2022-10-20,-0.061297084220062456
2022-10-21,0.06231227161498238
2022-10-24,-0.3996493958398404
2022-10-25,0.1459796073949123
2022-10-26,0.2090966441612711
2022-10-27,-0.01454438942170165
2022-10-28,0.24693627548221117
2022-10-31,-0.01524557910852072
2022-11-01,0.348116700422494
2022-11-02,0.20345641231113729
2022-11-03,-0.2673982372861409
2022-11-04,-0.043282221530113664
2022-11-07,0.006074411541381931
2022-11-08,0.16354410054306567
2022-11-09,-0.6863373503954777
2022-11-10,-0.5574738001586567
2022-11-11,0.34804786609773536
2022-11-14,-0.2836240071749111
2022-11-15,0.5167010039615771
2022-11-16,0.2591457998789471
2022-11-17,0.23193276735153512
2022-11-18,0.2740535295034563
2022-11-21,0.01194196871645475
2022-11-22,-0.3804626446386375
2022-11-23,0.2589777620771711
2022-11-25,0.32674974857885725
2022-11-28,0.04691302743553017
2022-11-29,-0.38925424849724805
2022-11-30,-0.1859136982953063
2022-12-01,0.25707197397412224
2022-12-02,0.22669496542071343
2022-12-05,0.299932500942357
2022-12-06,0.056947079210962315
2022-12-07,-0.3505621936599804
2022-12-08,-0.27069379136634764
2022-12-09,-0.04397565227616246
2022-12-12,-0.35988512559430275
2022-12-13,0.1922496894831753
2022-12-14,0.3714975228682153
2022-12-15,0.27709819841040684
2022-12-16,0.29269353611064075
2022-12-19,0.2452736363148366
2022-12-20,-0.07100106876026933
2022-12-21,0.026735991511178576
2022-12-22,0.22590432524009693
2022-12-23,0.26681464266092203
2022-12-27,0.04767697737954919
2022-12-28,-0.7148901873257548
2022-12-29,0.10244324746101337
2022-12-30,-0.3509960419491741
2023-01-03,-0.46256006235023045
2023-01-04,0.22441406919600734
2023-01-05,-0.13026300450104555
2023-01-06,-0.24429087459621424
2023-01-09,-0.1812740324982966
2023-01-10,-0.3092099688218639
2023-01-11,-0.11926541697684978
2023-01-12,-0.013093045127744491
2023-01-13,-0.19772792772453315
2023-01-17,-0.061353912804195415
2023-01-18,0.19697301059728037
2023-01-19,-0.5037733071505373
2023-01-20,-0.4575353457339255
2023-01-23,0.3314743184850579
2023-01-24,0.0004545718116804848
2023-01-25,-0.10211287793924129
2023-01-26,-0.4604228589432344
2023-01-27,0.3063528665603136
2023-01-30,-0.2824476010648536
2023-01-31,-0.4392007948547179
2023-02-01,-0.6558297507886938
2023-02-02,0.40725745524880314
2023-02-03,0.42267348744658584
2023-02-06,-0.12601347586497016
2023-02-07,0.18789202152671275
2023-02-08,0.19760664285748003
2023-02-09,0.4565933150157633
2023-02-10,-0.24946926568082306
2023-02-13,-0.19980439576498438
2023-02-14,-0.21478122517268375
2023-02-15,0.24644675517596798
2023-02-16,0.168041535982914
2023-02-17,0.37304598736012073
2023-02-21,-0.08109264682273971
2023-02-22,0.05529087267435807
2023-02-23,0.3090722046308086
2023-02-24,0.04944433119372243
2023-02-27,-0.15483286588001915
2023-02-28,0.24093946033448224
2023-03-01,-0.10668501177753015
2023-03-02,-0.0996469331495448
2023-03-03,0.1707844895883259
2023-03-06,0.2588248478307455
2023-03-07,-0.09227206889061389
2023-03-08,0.08622322067551426
2023-03-09,0.13339182644111466
2023-03-10,-0.2191830086501832
2023-03-13,0.17054933781141768
2023-03-14,-0.3967563865068896
2023-03-15,0.061463630953823546
2023-03-16,-0.05794773516302391
2023-03-17,0.2696177410977943
2023-03-20,0.011063364929414447
2023-03-21,0.24281023102967147
2023-03-22,-0.0627518346612624
2023-03-23,-0.04017612327938536
2023-03-24,0.1813688450160501
2023-03-27,0.22860389226217961
2023-03-28,-0.28983312989100973
2023-03-29,-0.2014466979302012
2023-03-30,-0.12385588732668859
2023-03-31,0.29589807817993424
2023-04-03,-0.32740920903375553
2023-04-04,0.0004154139402623157
2023-04-05,-0.24332861536064268
2023-04-06,0.19118438706681706
2023-04-10,-0.0685787525383768
2023-04-11,0.34454096263458134
2023-04-12,-0.13366554430793334
2023-04-13,0.27490939856393143
2023-04-14,-0.19624701875048498
2023-04-17,0.24920780421384886
2023-04-18,-0.14913664786663353
2023-04-19,0.40565611917853595
2023-04-20,-0.061301591491906726
2023-04-21,0.13030675315417328
2023-04-24,0.04635991067599698
2023-04-25,-0.03361928594269487
2023-04-26,-0.12324703755327218
2023-04-27,-0.10322404449295167
2023-04-28,0.20752728901588996
2023-05-01,0.2424270587073577
2023-05-02,-0.03896027549512669
2023-05-03,-0.04213286816586253
2023-05-04,-0.1331647942620804
2023-05-05,0.10768408630056148
2023-05-08,0.10767772035318453
2023-05-09,0.16978048649320412
2023-05-10,0.1428110604662638
2023-05-11,0.13124117381341627
2023-05-12,-0.13322447913526608
2023-05-15,0.2424874540217397
2023-05-16,-0.19040239570060685
2023-05-17,0.12324093778194854
2023-05-18,0.08168558537947268
2023-05-19,-0.3090664770731291
2023-05-22,-0.41905373236914134
2023-05-23,0.2945177957615213
2023-05-24,0.24267464592910734
2023-05-25,0.024780526857722834
2023-05-26,-0.03279897031833643
2023-05-30,0.01734583541015275
2023-05-31,-0.020812158288735023
2023-06-01,-0.14332479120764896
2023-06-02,0.14733634838928525
2023-06-05,-0.27345541240845717
2023-06-06,-0.3317418564089476
2023-06-07,0.2747738176170199
2023-06-08,0.17913446970295005
2023-06-09,0.1462564377637272
2023-06-12,-0.1566920025316479
2023-06-13,0.19162360051920826
2023-06-14,-0.06936491440700245
2023-06-15,-0.14562721153388508
2023-06-16,0.32815905344918717
2023-06-20,0.14521431223204845
2023-06-21,0.24183438285097714
2023-06-22,0.21209833892526372
2023-06-23,-0.27678463925951374
2023-06-26,0.17044818833271805
2023-06-27,0.15755413744316699
2023-06-28,-0.05546106590930763
2023-06-29,0.2249311031842857
2023-06-30,-0.37682801412207284
2023-07-03,-0.10300322847135832
2023-07-05,-0.12797823903947705
2023-07-06,0.031577264882042676
2023-07-07,0.38501307231827187
2023-07-10,-0.2412183785502811
2023-07-11,0.06762313346663698
2023-07-12,-0.023028487255588842
2023-07-13,0.12911996671481035
2023-07-14,0.3699402346728248
2023-07-17,0.04505950019426354
2023-07-18,-0.5575880593929796
2023-07-19,-0.23539967363770176
2023-07-20,-0.13803535766925973
2023-07-21,-0.18848626384934386
2023-07-24,0.22074171210214452
2023-07-25,-0.3355877315496841
2023-07-26,0.17677499250329623
2023-07-27,0.12988434308220687
2023-07-28,0.09880218456890516
2023-07-31,0.18728428744842093
2023-08-01,-0.15678133064576588
2023-08-02,0.07578755263466112
2023-08-03,-0.008633010020461013
2023-08-04,0.2585305629291608
2023-08-07,0.05783436907648046
2023-08-08,-0.114668414316899
2023-08-09,0.01653034300494918
2023-08-10,-0.15989142752445754
2023-08-11,0.44957354101825536
2023-08-14,0.21053192407740154
2023-08-15,-0.11400477625835458
2023-08-16,-0.36749057757554104
2023-08-17,0.07890227150239659
2023-08-18,0.20633392543335358
2023-08-21,0.19670829551911811
2023-08-22,0.21194306244345118
2023-08-23,-0.3365805323687895
2023-08-24,0.14250000075111074
2023-08-25,0.06378266383046396
2023-08-28,0.2366408670335263
2023-08-29,0.21130399994219554
2023-08-30,0.22639512237171902
2023-08-31,0.18579236860713688
2023-09-01,-0.037239733809617204
2023-09-05,0.2630451280902918
2023-09-06,0.007814047990823247
2023-09-07,-0.10768673368096698
2023-09-08,0.10322750121505912
2023-09-11,-0.2986078072695441
2023-09-12,-0.13621651438661264
2023-09-13,-0.19161096747801323
2023-09-14,-0.33541309023540433
2023-09-15,0.33241203851051077
2023-09-18,0.043079166700466826
2023-09-19,-0.19721294622225094
2023-09-20,-0.08463236971596624
2023-09-21,0.3716239229957973
2023-09-22,0.14780794536245187
2023-09-25,0.062109485397520446
2023-09-26,0.3781500191733913
2023-09-27,0.2249156027693339
2023-09-28,-0.2749738250621417
2023-09-29,0.3582046638072911
2023-10-02,-0.21800897366127658
2023-10-03,0.2703669049713393
2023-10-04,-0.026388096989433413
2023-10-05,0.24742274132713318
2023-10-06,-0.021618057975107303
2023-10-09,0.002812256022256091
2023-10-10,0.17833694091552577
2023-10-11,0.1310466738793269
2023-10-12,-0.37172232418126777
2023-10-13,-0.0892711248683304
2023-10-16,-0.07508666495063068
2023-10-17,-0.15331617063696729
2023-10-18,-0.0996967318302988
2023-10-19,-0.08683262994379436
2023-10-20,0.285746733666681
2023-10-23,0.08677209481753602
2023-10-24,-0.28706973883679654
2023-10-25,-0.214698581563835
2023-10-26,0.42245139867696474
2023-10-27,0.01836499024170395
2023-10-30,-0.09065502225826884
2023-10-31,0.3561300890455915
2023-11-01,-0.13397524196195246
2023-11-02,-0.05113127458039515
2023-11-03,0.29067265605111225
2023-11-06,0.2542784981924799
2023-11-07,0.3080056014784265
2023-11-08,0.20888438935058226
2023-11-09,0.40246440213992457
2023-11-10,0.11351314973267493
2023-11-13,-0.2370598270123588
2023-11-14,-0.417497488225537
2023-11-15,0.1509084124519214
2023-11-16,-0.03595709638631492
2023-11-17,0.24809926514369293
2023-11-20,0.06924798640550973
2023-11-21,-0.033810364957333944
2023-11-22,-0.15537757085865422
2023-11-24,0.23156172507348724
2023-11-27,-0.3328951107169954
2023-11-28,-0.17472572715215903
2023-11-29,0.06380920307337899
2023-11-30,-0.35549805502571696
2023-12-01,-0.30217486156479206
2023-12-04,0.2079201852417698
2023-12-05,-0.3091528738457912
2023-12-06,0.07587804015554625
2023-12-07,0.2831384928493649
2023-12-08,0.16557518253793396
2023-12-11,0.29933841980024134
2023-12-12,-0.42587325549697336
2023-12-13,-0.23206995297650865
2023-12-14,0.3737334125804468
2023-12-15,0.21296782709684717
2023-12-18,-0.14417351637671838
2023-12-19,0.018689875655819928
2023-12-20,0.09635132222886679
2023-12-21,-0.15420353373966558
2023-12-22,-0.17407643144562293
2023-12-26,0.030324534186453377
2023-12-27,-0.19165198850699444
2023-12-28,-0.015576253595504755
2023-12-29,-0.5935863716369748
2024-01-02,0.018022355227868714
2024-01-03,-0.015958370342900735
2024-01-04,-0.07034771187440524
2024-01-05,0.31787466732450037
2024-01-08,0.24594461700575623
2024-01-09,0.3299220946941002
2024-01-10,0.3367427475623741
2024-01-11,0.026561484292447157
2024-01-12,0.32905271070363107
2024-01-16,0.23998021721299073
2024-01-17,0.4082888729081281
2024-01-18,0.2865932402176664
2024-01-19,0.20418900595967301
2024-01-22,-0.18524971451006564
2024-01-23,0.15538529609237092
2024-01-24,-0.07582623607766086
2024-01-25,-0.16193988567213718
2024-01-26,0.24536822459266508
2024-01-29,0.06990996437948642
2024-01-30,-0.08093111708468356
2024-01-31,0.12932805390864213
2024-02-01,0.4053753171005206
2024-02-02,0.3178280244363302
2024-02-05,-0.2549719113602155
2024-02-06,0.41754072847139556
2024-02-07,0.1767091881109176
2024-02-08,0.19708016264010714
2024-02-09,-0.4014054101457136
2024-02-12,0.25540703202708115
2024-02-13,0.19578025408363528
2024-02-14,-0.27367483113980656
2024-02-15,-0.15531676206848805
2024-02-16,-0.07360866070785779
2024-02-20,-0.24838911472817973
2024-02-21,0.5724994979398738
2024-02-22,0.003055861713535553
2024-02-23,0.4628809374379566
2024-02-26,-0.16681522339027643
2024-02-27,0.08504324536077774
2024-02-28,0.10747356997404055
2024-02-29,0.229095249080303
2024-03-01,-0.009520752191831513
2024-03-04,-0.2923214021752799
2024-03-05,0.05970770419557289
2024-03-06,0.07072167181969914
2024-03-07,-0.3535446792247342
2024-03-08,-0.4483716814789133
2024-03-11,0.5619672236726322
2024-03-12,-0.129321493854361
2024-03-13,0.17122728093714798
2024-03-14,-0.17090207181747138
2024-03-15,0.1424149637661892
2024-03-18,0.09514586571424508
2024-03-19,0.2546349555375022
2024-03-20,0.24500395414353165
2024-03-21,0.11746967946143748
2024-03-22,-0.1295717916475729
2024-03-25,0.20278782348230182
2024-03-26,-0.4913346288599838
2024-03-27,-0.24277318354397462
2024-03-28,0.025621566005081232
2024-04-01,-0.07765182461483996
2024-04-02,0.2712299831360053
2024-04-03,-0.3118635407725603
2024-04-04,0.48380703670551006
2024-04-05,-0.17563614005813055
2024-04-08,-0.4846518535823915
2024-04-09,0.18777864959139648
2024-04-10,0.24655868570385817
2024-04-11,0.027226219431378845
2024-04-12,-0.25305072169004106
2024-04-15,0.3111842649300804
2024-04-16,-0.3925368606696673
2024-04-17,-0.3462080060568755
2024-04-18,-0.41976025091709046
2024-04-19,0.12563424472328014
2024-04-22,0.42483714455437105
2024-04-23,-0.14636969058609992
2024-04-24,0.15670323447920592
2024-04-25,0.30852455895536873
2024-04-26,-0.2453282274083011
2024-04-29,-0.2234444259574603
2024-04-30,-0.16515914659382128
2024-05-01,0.07099819507207145
2024-05-02,0.21243478754679837
2024-05-03,0.48200286732953224
2024-05-06,-0.24964155025609253
2024-05-07,0.06705752675946965
2024-05-08,-0.08401927727055061
2024-05-09,0.01794884174947449
2024-05-10,-0.3222225465224069
2024-05-13,0.12126092812205487
2024-05-14,0.2670142558735839
2024-05-15,-0.33635796805209084
2024-05-16,0.09402627166528908
2024-05-17,0.20173588523471056
2024-05-20,0.12584559476455784
2024-05-21,-0.0658493382812065
2024-05-22,0.38942935954820507
2024-05-23,0.3370992476680083
2024-05-24,0.05155196956636429
2024-05-28,0.05427797435991367
2024-05-29,-0.16134703057877706
2024-05-30,-0.3441965363442443
2024-05-31,-0.2694128436064501
2024-06-03,-0.21306677193773968
2024-06-04,0.40068625066502467
2024-06-05,-0.1908856612572444
2024-06-06,0.14492669238256692
2024-06-07,0.27244540231669095
2024-06-10,-0.03663276941302278
2024-06-11,0.2994459985971938
2024-06-12,0.016168912665038462
2024-06-13,-0.06743512737985663
2024-06-14,0.240049663410824
2024-06-17,0.3215667503261787
2024-06-18,-0.2237849359415859
2024-06-20,-0.24921009585308238
2024-06-21,-0.11627309891455083
2024-06-24,0.3110393451663719
2024-06-25,-0.15523970935685708
2024-06-26,0.0045453062494139424
2024-06-27,-0.11499054143366537
2024-06-28,0.22522441588647615
2024-07-01,0.07876987384216351
2024-07-02,0.18306252897060638
2024-07-03,-0.12485137506663306
2024-07-05,0.1249150114175581
2024-07-08,0.09608355238629819
2024-07-09,0.10289456129701488
2024-07-10,-0.36325178782733963
2024-07-11,-0.0912714077055509
2024-07-12,0.14888475983552385
2024-07-15,-0.14254787020363305
2024-07-16,-0.4193456373846866
2024-07-17,0.08950811718896846
2024-07-18,0.05047500728376411
2024-07-19,0.3130422660431811
2024-07-22,0.22739968848070294
2024-07-23,-0.34680027254721063
2024-07-24,-0.1866859347033893
2024-07-25,0.05302055885238106
2024-07-26,-0.0739420143238964
2024-07-29,-0.2678016023118479
2024-07-30,0.23513055987589093
2024-07-31,-0.1539731914944139
2024-08-01,-0.25175893715791847
2024-08-02,0.09417279098942936
2024-08-05,0.2869426838321512
2024-08-06,-0.022303121326890427
2024-08-07,0.34135570990091546
2024-08-08,0.3343703458481606
2024-08-09,0.15054001266765246
2024-08-12,0.061416237621805064
2024-08-13,0.2820532811265281
2024-08-14,0.08787849106185269
2024-08-15,-0.0789947680073662
2024-08-16,0.09507294722129404
2024-08-19,-0.04215700928633855
2024-08-20,0.11537363315801347
2024-08-21,-0.02046642015687974
2024-08-22,0.06616029697523755
2024-08-23,-0.20808717830206816
2024-08-26,0.1840338213003748
2024-08-27,0.03295283032402441
2024-08-28,-0.0046496372897052015
2024-08-29,0.3109963067065116
2024-08-30,-0.22643120739270095
2024-09-03,0.02026893593107515
2024-09-04,-0.030697799864038196
2024-09-05,-0.09091710721515242
2024-09-06,0.18453682706653843
2024-09-09,0.09304354751820011
2024-09-10,0.1463891097839588
2024-09-11,0.1289753681519386
2024-09-12,0.02078401276669034
2024-09-13,0.018214962739580735
2024-09-16,-0.03205622900020184
2024-09-17,-0.04478287088408012
2024-09-18,0.1691983709004232
2024-09-19,0.26364721319748163
2024-09-20,0.03431978465913996
2024-09-23,-0.021260999170990325
2024-09-24,0.23152710907050572
2024-09-25,-0.19163995314249982
2024-09-26,-0.3577321165552747
2024-09-27,0.21747056738244847
2024-09-30,-0.08219009343797119
2024-10-01,0.20960134046488813
2024-10-02,0.14737312429934202
2024-10-03,0.07661606927311511
2024-10-04,0.04307204078432048
2024-10-07,0.2572228644895489
2024-10-08,0.03884479899927424
2024-10-09,-0.1648812633575853
2024-10-10,0.2536535931129298
2024-10-11,0.15667563543529014
2024-10-14,0.07597569778396675
2024-10-15,0.06401006232900826
2024-10-16,-0.013619252504746283
2024-10-17,0.00824576019769055
2024-10-18,0.09437122189355354
2024-10-21,-0.051385784191605756
2024-10-22,-0.00461434691979373
2024-10-23,0.049249358547407585
2024-10-24,-0.1298831429149577
2024-10-25,0.14057040188344141
2024-10-28,0.23690805635376286
2024-10-29,-0.06563270300278463
2024-10-30,-0.12858372129158135
2024-10-31,-0.08283798588205676
2024-11-01,-0.02728826594189443
2024-11-04,0.4067013026349692
2024-11-05,0.1649688945009254
2024-11-06,0.10924255208671384
2024-11-07,0.24242699599355666
2024-11-08,0.0713953319132783
2024-11-11,-0.026962557357832234
2024-11-12,-0.2299663154799628
2024-11-13,-0.01974869746337261
2024-11-14,0.11522217653974132
2024-11-15,-0.021299252012564142
2024-11-18,0.34461324015975725
2024-11-19,-0.14567669949314657
2024-11-20,0.10173946907249952
2024-11-21,0.05133125746967238
2024-11-22,-0.186770967938619
2024-11-25,0.3286089951242155
2024-11-26,-0.37945654173885546
2024-11-27,0.12034583159626952
2024-11-29,-0.1813429497154715
2024-12-02,0.1638923552995568
2024-12-03,0.24286097818583052
2024-12-04,0.17690620752865188
2024-12-05,0.13024384137118386
2024-12-06,-0.5980954151104083
2024-12-09,-0.08033597479303976
2024-12-10,0.30985036095975566
2024-12-11,-0.03720918248584216
2024-12-12,0.13422850604533315
2024-12-13,0.3986315743925921
2024-12-16,-0.2659393571536128
2024-12-17,-0.19905208376357855
2024-12-18,0.28988587339146193
2024-12-19,0.13026182510507817
2024-12-20,-0.058106214464357375
2024-12-23,0.3239085539630746
2024-12-24,-0.09850097895537889
2024-12-26,-0.428554808813782
2024-12-27,0.09487029705112394
2024-12-30,-0.4634509390967126
2024-12-31,0.2273603497819763
2025-01-02,0.1880908127159831
2025-01-03,0.09447235943698261
2025-01-06,-0.2116227721072961
2025-01-07,0.21266318190903022
2025-01-08,-0.0524239290194719
2025-01-10,-0.3509857372727504
2025-01-13,0.3252146628760519
2025-01-14,0.3216073567504735
2025-01-15,0.024006652820964685
2025-01-16,0.19559881173621294
2025-01-17,0.1583473470343075
2025-01-21,0.13411642877794627
2025-01-22,-0.046934502158234824
2025-01-23,0.09123718836240725
2025-01-24,-0.35601458211635406
2025-01-27,0.4120096347399799
2025-01-28,0.22774240752432484
2025-01-29,0.1900903957469155
2025-01-30,0.1331737246548696
2025-01-31,0.13216439723788476
2025-02-03,-0.006979609990824961
2025-02-04,0.2551794209828724
2025-02-05,0.25547608775587055
2025-02-06,0.010485788889883508
2025-02-07,-0.0653494787235013
2025-02-10,-0.2033428331474674
2025-02-11,0.11182913709038197
2025-02-12,-0.07526517855913585
2025-02-13,0.13614453091963313
2025-02-14,-0.07256776417468065
2025-02-18,-0.09431771469481601
2025-02-19,-0.4444045504699753
2025-02-20,-0.2785984725557647
2025-02-21,-0.27135815872753627
2025-02-24,-0.18324158047011296
2025-02-25,0.4056386315360057
2025-02-26,-0.12910473594253694
2025-02-27,0.3188787662436004
2025-02-28,-0.09209991356004832
2025-03-03,-0.2298167302937862
2025-03-04,-0.13019859135261225
2025-03-05,-0.5027565195670602
2025-03-06,-0.30149577818819073
2025-03-07,-0.32262992231566145
2025-03-10,0.34512338805863996
2025-03-11,0.39931042757030943
2025-03-12,-0.20857766343909007
2025-03-13,0.1960168636452144
2025-03-14,0.03473539182307924
2025-03-17,-0.23203207514884025
2025-03-18,0.4614622239792617
2025-03-19,0.17460617793084063
2025-03-20,0.11562473570651671
2025-03-21,0.2609950022716947
2025-03-24,0.18066011367963683
2025-03-25,-0.1911035829997373
2025-03-26,-0.1419841573717631
2025-03-27,0.06491074312176988
2025-03-28,0.15237115339286167
2025-03-31,0.16794639882173987
2025-04-01,0.03331636767510925
2025-04-02,0.08417529033971557
2025-04-03,-0.2000249173044885
2025-04-04,0.10430238790834681
2025-04-07,0.35778419489581575
2025-04-08,-0.24740787599294975
2025-04-09,0.2711976241639906
2025-04-10,-0.14649385871728665
2025-04-11,0.055879662940338505
2025-04-14,0.3584001342057643
2025-04-15,0.052673829586884616
2025-04-16,-0.25729357510201123
2025-04-17,-0.28401120312914985
2025-04-21,0.1533071926986503
2025-04-22,0.06852398938899462
2025-04-23,-0.08616761233309994
2025-04-24,0.13870328943919868
2025-04-25,0.2187248714296062
2025-04-28,0.1520599753724316
2025-04-29,0.10706372038205862
2025-04-30,0.05642938889827848
2025-05-01,-0.018820387763478764
2025-05-02,0.174627633544452
2025-05-05,0.25969954993600586
2025-05-06,-0.045102450211502755
2025-05-07,-0.43799091561348596
2025-05-08,-0.061017512255537094
2025-05-09,-0.374380568365647
2025-05-12,-0.030937973077189887
2025-05-13,0.15940113087873467
2025-05-14,0.2934320689571915
2025-05-15,0.06844851148079291
2025-05-16,0.3220391937648028
2025-05-19,0.07819379271253799
2025-05-20,0.3601912258251443
2025-05-21,-0.1430843376567189
2025-05-22,0.4056846614370602
2025-05-23,-0.2616953424922133
2025-05-27,0.19718801458338364
2025-05-28,-0.21248548752915966
2025-05-29,0.4641304407400451
2025-05-30,0.26078808848511703
2025-06-02,-0.4238871960789048
2025-06-03,-0.15532280515950578
2025-06-04,0.18296893463886513
2025-06-05,-0.21241084578796146
2025-06-06,-0.4702975561047472
2025-06-09,-0.45744043405945484
2025-06-10,0.27073115558179395
2025-06-11,0.04098051623682345
2025-06-12,0.10742893014945554
2025-06-13,0.04211719825192554
2025-06-16,0.26427013062269117
2025-06-17,0.16611443757743383
2025-06-18,0.06174508648575121
2025-06-20,0.21239201806968205
2025-06-23,-0.0903313219529494
2025-06-24,-0.08511171741072507
2025-06-25,0.02748533211000314
2025-06-26,0.22204767759621438
2025-06-27,0.31601125904848887
2025-06-30,-0.5880479996136853
2025-07-01,-0.3281401436159101
2025-07-02,0.4212797694859165
2025-07-03,0.3659186677855649
2025-07-07,-0.5790031286429036
2025-07-08,0.14382567544728012
2025-07-09,-0.23474148863368888
2025-07-10,0.11607572050307174
2025-07-11,0.5263445445107081
2025-07-14,0.2055364705314243
2025-07-15,0.0757243662197737
2025-07-16,-0.060596230064858175
2025-07-17,0.28950426852510497
2025-07-18,0.06061549605234565
2025-07-21,-0.5012473139049183
2025-07-22,-0.08848743269671874
2025-07-23,0.19523384117632855
2025-07-24,0.07144773195734616
2025-07-25,0.11428476229567569
2025-07-28,0.05597122495315717
2025-07-29,0.44369834714485246
2025-07-30,0.2444806298013046
2025-07-31,-0.08659004756500954
2025-08-01,0.1905621892112464
2025-08-04,-0.3464968574859807
2025-08-05,0.25561127073423956
2025-08-06,-0.17018683044502456
2025-08-07,0.08606698564038823
2025-08-08,0.162690916632892
2025-08-11,0.03855653568719454
2025-08-12,-0.46767694424994566
2025-08-13,0.06381017610667544
2025-08-14,-0.22358148160372515
2025-08-15,0.20156187072941062
2025-08-18,-0.42587748991959823
2025-08-19,0.08727032281366778
2025-08-20,0.04470299635415409
2025-08-21,-0.2235187483400536
2025-08-22,0.25341847583538046
2025-08-25,0.4663507368073676
2025-08-26,-0.1088623055475362
2025-08-27,0.34137437142657306
2025-08-28,-0.44724867680538627
2025-08-29,0.13450718628841268
2025-09-02,0.10961962479175218
2025-09-03,0.14442581897350898
2025-09-04,-0.29722819132240386
2025-09-05,0.32774554677987905
2025-09-08,0.23464119165176606
2025-09-09,0.2910642489798875
2025-09-10,-0.1434902714817856
2025-09-11,0.2158039021610427
2025-09-12,0.36276394627239905
2025-09-15,-0.21850226280276858
2025-09-16,0.0650671946302243
2025-09-17,0.2209547340694579
2025-09-18,0.3095025305913643
2025-09-19,0.0702392271347328
2025-09-22,0.0032939134455816314
2025-09-23,-0.2280198206552702
2025-09-24,0.2426905435615942
2025-09-25,-0.07928435183620253
2025-09-26,0.11279271796605259
2025-09-29,-0.05627042035878987
2025-09-30,-0.21283366733466935
2025-10-01,-0.04726582013806549
2025-10-02,-0.29927977157398594
2025-10-03,0.21366743124803825
2025-10-06,0.004161334818102105
2025-10-07,0.03322592252519311
2025-10-08,0.1317879131757491
2025-10-09,-0.03105256295723978
2025-10-10,0.17677061851612885
2025-10-13,-0.0667551971412705
2025-10-14,0.19828333276512952
2025-10-15,-0.18450443054784268
2025-10-16,-0.058813820411908156
2025-10-17,0.03403883285579278
2025-10-20,-0.24270787943858518
2025-10-21,-0.11251167666686815
2025-10-22,0.17009469541492625
2025-10-23,0.2583330765949334
2025-10-24,0.12541859925679313
2025-10-27,0.1335544341695439
2025-10-28,0.3609970784943381
2025-10-29,0.01820658227796756
2025-10-30,-0.05877409246785126
2025-10-31,0.27858319720364105
2025-11-03,-0.14821672260183016
2025-11-04,0.10719311084654219
2025-11-05,0.06324707245816935
2025-11-06,-0.10125740882385036
2025-11-07,0.38461115929717665
2025-11-10,-0.331455875606635
2025-11-11,0.036854393785617195
2025-11-12,-0.3196902719086393
2025-11-13,0.15131012134767088
2025-11-14,0.19143511118622789
2025-11-17,-0.1092955066760026
2025-11-18,0.2279526831863029
2025-11-19,-0.3218868580534563
2025-11-20,-0.35722606659101336
2025-11-21,0.4133783811811186
2025-11-24,-0.1202631885711852
2025-11-25,0.20924229181254075
2025-11-26,0.10074095178308425
2025-11-28,-0.1866639302701789
2025-12-01,0.034130236376367196
2025-12-02,-0.15995373880290703
2025-12-03,0.19945288648267354
2025-12-04,0.00014728251684091074
2025-12-05,0.26005978221503245
2025-12-08,0.05757210807156481
2025-12-09,-0.15246724774850906
2025-12-10,-0.07250105729541596
2025-12-11,-0.21088229470990172
2025-12-12,0.06783668112804936
2025-12-15,-0.042695608083637156
2025-12-16,-0.2660922873721489
2025-12-17,0.2792874693278106
2025-12-18,0.3582408189873723
2025-12-19,0.0209120892387184
2025-12-22,0.29836530893111524
2025-12-23,-0.06616138460442296
2025-12-24,-0.08653126176771278
2025-12-26,-0.21153370364060062
2025-12-29,-0.22696112484836042
2025-12-30,-0.11079499024060149
