trade_date,open,high,low,close,volume
2017-06-01,3.574590410731282,3.5755767363194138,3.5136949745751664,3.559058427810669,503340000.0
2017-06-02,3.556099985536012,3.582233264386071,3.535390674601021,3.5413076877593994,487456000.0
2017-06-05,3.525036010434045,3.661865822567024,3.5134486243272063,3.649045705795288,817376000.0
2017-06-06,3.644361380828226,3.6904645196567034,3.619214427939358,3.6325275897979736,758728000.0
2017-06-07,3.656935286118038,3.6951489978313856,3.641403302313402,3.676411867141724,612612000.0
2017-06-08,3.783409770887546,3.9446472988222174,3.742237559848995,3.943168163299561,1161744000.0
2017-06-09,4.061508298638513,4.154207388292023,3.51936543267851,3.6882457733154297,3692928000.0
2017-06-12,3.5965329768704746,3.740019496893989,3.503587241795311,3.6973679065704346,1697532000.0
2017-06-13,3.806584329698064,3.815706487834912,3.5908614424566947,3.732622385025024,1672504000.0
2017-06-14,3.735581207219522,3.798202413454383,3.66112597597804,3.740511894226074,1184640000.0
2017-06-15,3.623158486538862,3.78686123664502,3.6118175073109215,3.756536960601807,963824000.0
2017-06-16,3.766152819972812,3.81398173889471,3.704024647461991,3.738047122955322,924960000.0
2017-06-19,3.7821771054010727,3.8837519368537095,3.778479148971218,3.8785746097564697,778176000.0
2017-06-20,3.920732731158925,3.987545170280228,3.868712822433157,3.872903823852539,1095444000.0
2017-06-21,3.900517527608952,3.935279689574897,3.8386357584099504,3.931581497192383,682652000.0
2017-06-22,3.93971682495752,3.953030221772248,3.880547165173672,3.904461622238159,469132000.0
2017-06-23,3.912104742758777,3.927883367062651,3.7774935084634222,3.7925326824188232,1088588000.0
2017-06-26,3.8253217671888624,3.8608236069724775,3.656934727149721,3.751113176345825,1063960000.0
2017-06-27,3.7336089593318382,3.742237838321026,3.608119901061961,3.613790273666382,999492000.0
2017-06-28,3.681343303300948,3.745936944076896,3.5933282458972347,3.741252660751343,994948000.0
2017-06-29,3.712900165368525,3.7158584370447887,3.5521556483239505,3.616256237030029,1064424000.0
2017-06-30,3.63351371740465,3.6470735195796826,3.5378561221156817,3.5639894008636475,731060000.0
2017-07-03,3.5760696175737685,3.590861914404817,3.416557853152628,3.435048341751098,709072000.0
2017-07-05,3.498409435323804,3.555606915293533,3.4794259004335344,3.526761770248413,820188000.0
2017-07-06,3.4976702042012024,3.584205879878552,3.445650048669037,3.537363052368164,746284000.0
2017-07-07,3.5940678077019577,3.6364727612777545,3.571139437194877,3.618228673934937,654972000.0
2017-07-10,3.6916973695128217,3.796723532064029,3.6655640901880857,3.789327383041382,958492000.0
2017-07-11,3.793025629895059,3.8507161573913433,3.751113726295828,3.8430733680725098,757956000.0
2017-07-12,3.902735437994072,4.018609284166019,3.859837450895551,4.006528854370117,1145208000.0
2017-07-13,4.018609297375198,4.099967630111991,3.913829790297327,3.960179328918457,1369132000.0
2017-07-14,3.976451576920352,4.06816457721264,3.9695484731477424,4.066685676574707,941948000.0
2017-07-17,4.100707495383947,4.129552873332304,3.98779191495828,4.049427032470703,930792000.0
2017-07-18,3.988531434281222,4.1061315270282215,3.97669740944948,4.091585636138916,776640000.0
2017-07-19,4.100707829643317,4.127087748612837,4.058303117386156,4.070383548736572,687044000.0
2017-07-20,4.090847506364706,4.129800676822762,4.041046397312821,4.129554271697998,699596000.0
2017-07-21,4.109089609067599,4.173929867389361,4.094790123867245,4.144344806671143,648332000.0
2017-07-24,4.151496348793714,4.161111320810862,4.085669975349175,4.09627103805542,652524000.0
2017-07-25,4.073340569563103,4.090845198560805,4.032908050688438,4.076545715332031,496556000.0
2017-07-26,4.1339909012936165,4.189462606282366,4.088873851870943,4.123636245727539,640404000.0
2017-07-27,4.148537130451713,4.160124752756163,3.884492216515024,3.98754620552063,782856000.0
2017-07-28,3.9517972947574473,4.077286594312323,3.9268969821075874,4.052878856658936,513348000.0
2017-07-31,4.066438193290225,4.102433077648231,3.959932910871636,4.006528854370117,559672000.0
2017-08-01,3.997159597940304,4.057068926478595,3.9693007867762526,4.055343151092529,431384000.0
2017-08-02,4.086408754079938,4.090353115961001,3.975958627352933,4.052878856658936,478444000.0
2017-08-03,4.052386673820895,4.1081047910442585,4.035375317419268,4.104406833648682,442420000.0
2017-08-04,4.127088146322244,4.192914512439405,4.104406652281488,4.122404098510742,589096000.0
2017-08-07,4.151495003646262,4.249617813880185,4.1418795645058974,4.249125003814697,717412000.0
2017-08-08,4.287092404837844,4.303610477857931,4.159384522329569,4.19858455657959,755336000.0
2017-08-09,4.152482435380072,4.2456748238697175,4.133745301589454,4.243209362030029,530784000.0
2017-08-10,4.244442386207858,4.256769696940887,4.051401355492976,4.061509609222412,1328088000.0
2017-08-11,3.874137353068691,3.919993854070447,3.769850873976088,3.845045566558838,1497196000.0
2017-08-14,3.936512997448975,4.155440892985929,3.92492560842832,4.151742935180664,1279020000.0
2017-08-15,4.156919200230081,4.183052243779031,4.0824639612636044,4.116733074188232,764532000.0
2017-08-16,4.131770461089696,4.155191628135199,4.039317817676476,4.071614265441895,596632000.0
2017-08-17,4.063234227840908,4.080245112399063,3.978670734240975,3.980889320373535,525444000.0
2017-08-18,4.035127935904468,4.052139288189695,3.935771923428873,3.98162841796875,601204000.0
2017-08-21,4.006035198030533,4.017375940102975,3.879806489294488,3.9236905574798575,623672000.0
2017-08-22,3.960211179646574,4.0169652933360185,3.940964077144849,4.011043071746826,450456000.0
2017-08-23,3.977731224913029,4.102343559017083,3.969094279156817,4.0912394523620605,579520000.0
2017-08-24,4.123319744393938,4.127761765757567,4.049786358953244,4.076189041137695,469700000.0
2017-08-25,4.1003709983707495,4.110488149882312,4.035720254035323,4.042136192321777,357200000.0
2017-08-28,4.061136812441156,4.073968219525949,4.005616255761493,4.070760250091553,389496000.0
2017-08-29,4.012030972141169,4.085811422734201,4.003887740004805,4.064096450805664,324096000.0
2017-08-30,4.08383865632864,4.099384790156662,4.053487666889398,4.08828067779541,384400000.0
2017-08-31,4.108512028744885,4.185006717267959,4.101109605416797,4.181058883666992,612684000.0
2017-09-01,4.1936448982720345,4.241762546696998,4.185007950756027,4.206229209899902,445432000.0
2017-09-05,4.154901680455727,4.159836942292663,4.035964976491896,4.093952655792236,695364000.0
2017-09-06,4.126773164882351,4.140591526330479,4.056693928407441,4.09148645401001,397672000.0
2017-09-07,4.108266927715056,4.142812837775393,4.070266426648685,4.110487937927246,352868000.0
2017-09-08,4.098888096520248,4.113693412024743,4.014990524240622,4.039172649383545,498856000.0
2017-09-11,4.08482398588589,4.180812641145657,4.079395008213045,4.170201778411865,567444000.0
2017-09-12,4.194879442097447,4.194879442097447,4.120112009234755,4.185256004333496,411488000.0
2017-09-13,4.160084444846371,4.232877925067333,4.127759555472201,4.204007625579834,580960000.0
2017-09-14,4.16502179679202,4.258049619096656,4.140593033384199,4.180074214935303,513712000.0
2017-09-15,4.265451836452265,4.444351196289063,4.260269949278315,4.444351196289063,1364792000.0
2017-09-18,4.568469414273191,4.71800471658635,4.561560232770174,4.6279377937316895,1684460000.0
2017-09-19,4.577599139328865,4.684691912364669,4.555637545702236,4.623002529144287,874280000.0
2017-09-20,4.626703357350354,4.67408066041645,4.5455200190515335,4.5857415199279785,724920000.0
2017-09-21,4.482103158710042,4.508259676079244,4.3826599154908985,4.460388660430908,1075600000.0
2017-09-22,4.449038505544952,4.498636822570755,4.407089705956855,4.416959762573242,491232000.0
2017-09-25,4.386114599843208,4.387348650945643,4.19882593035556,4.219553470611572,874580000.0
2017-09-26,4.354039164718432,4.40906601925494,4.2035168366329,4.243244647979736,1125620000.0
2017-09-27,4.333556078407726,4.349595450635252,4.262736501000881,4.336270332336426,713720000.0
2017-09-28,4.34342661615718,4.3473749218148425,4.287659446164227,4.3350372314453125,435244000.0
2017-09-29,4.4189349191590805,4.4349738227825,4.373778143287581,4.411285400390625,619092000.0
2017-10-02,4.461376193978597,4.49049359050854,4.367608538186016,4.416959762573242,503480000.0
2017-10-03,4.423129370362684,4.455948455610452,4.381920900271138,4.426090717315674,390332000.0
2017-10-04,4.432260024607311,4.485312946735495,4.395739722514229,4.463104724884033,427848000.0
2017-10-05,4.487534437102171,4.490989028841727,4.430779824827257,4.46063756942749,437364000.0
2017-10-06,4.432999126532874,4.487038992476936,4.41695975507425,4.473713874816895,318800000.0
2017-10-09,4.510480403324936,4.607703111711555,4.49172677967013,4.574637413024902,563492000.0
2017-10-10,4.723678585066305,4.761185829294825,4.620780756034623,4.661989212036133,974876000.0
2017-10-11,4.678523154191402,4.713069532949091,4.632626514945159,4.7115888595581055,529508000.0
2017-10-12,4.7150435477905255,4.764641871539029,4.686666484024716,4.713809967041016,528292000.0
2017-10-13,4.775992009268941,4.81177196504256,4.729108416171767,4.801654815673828,628728000.0
2017-10-16,4.831512160915083,4.887032696334766,4.768342108586349,4.884071350097656,576640000.0
2017-10-17,4.863345521237712,4.908008587266425,4.8450856054065286,4.879631519317627,478596000.0
2017-10-18,4.888514804632245,4.889254670756122,4.770317896773758,4.875436305999756,567316000.0
2017-10-19,4.797953503581448,4.885798936306451,4.748848901647853,4.880864143371582,570772000.0
2017-10-20,4.897891436365665,4.925034450128829,4.8497733129049205,4.858656883239746,451620000.0
2017-10-23,4.880370239666877,4.906773381119188,4.8315122616098165,4.851746559143066,428696000.0
2017-10-24,4.860877124708925,4.904306602980218,4.834967693347943,4.902579307556152,407244000.0
2017-10-25,4.863096899908881,4.915903178594694,4.717263313963376,4.778705596923828,828160000.0
2017-10-26,4.80634393075185,4.840396124000379,4.782408417215794,4.828798770904541,322744000.0
2017-10-27,4.880864507969773,4.981294729149223,4.854954607526209,4.981048107147217,572192000.0
2017-10-30,4.981048759724676,5.08542682922171,4.965256007126421,5.029906749725342,504056000.0
2017-10-31,5.061738191741753,5.129843051892422,5.056062590623898,5.103193283081055,411908000.0
2017-11-01,5.165868281800248,5.181167315021661,5.048658371741765,5.112815380096436,502576000.0
2017-11-02,5.083204839959226,5.127867889375644,5.025216674046036,5.081724166870117,342308000.0
2017-11-03,5.11281594877186,5.149582862854004,5.06691931465534,5.149582862854004,353640000.0
2017-11-06,5.1128179252926,5.181416516325948,5.1004802320510105,5.1727800369262695,389944000.0
2017-11-07,5.195480052078543,5.2534682242757045,5.183388985396631,5.23199987411499,427700000.0
2017-11-08,5.22755949736851,5.231261181322571,5.113804607990144,5.161181926727295,522988000.0
2017-11-09,5.065191266246456,5.091347312526664,4.9442801487197015,5.06642484664917,978564000.0
2017-11-10,5.257910610678226,5.39584810052816,5.222130648916055,5.333418369293213,1253256000.0
2017-11-13,5.333418491993811,5.358834210595927,5.231507583591469,5.246806621551514,582376000.0
2017-11-14,5.255934430856986,5.300350855055353,5.212258343148936,5.2850518226623535,529292000.0
2017-11-15,5.230026926242205,5.231260977729785,5.127622773451937,5.181415557861328,501948000.0
2017-11-16,5.255443295247785,5.285547657566101,5.212754148850714,5.22163724899292,441768000.0
2017-11-17,5.278637513278716,5.313923756026012,5.200415509912734,5.21546745300293,515664000.0
2017-11-20,5.231013859378572,5.294677643418057,5.194246938064573,5.282586574554443,396100000.0
2017-11-21,5.322313686323042,5.342794608271641,5.29048203373205,5.3311967849731445,399176000.0
2017-11-22,5.358357815061934,5.358357815061934,5.274648736882422,5.307243347167969,356640000.0
2017-11-24,5.323540376993147,5.3583575379437,5.2990941850535,5.357369422912598,180752000.0
2017-11-27,5.366013708328125,5.367248145956048,5.284526695496104,5.287736892700195,422896000.0
2017-11-28,5.292922347313325,5.302305674561015,5.142048731365669,5.20304012298584,512752000.0
2017-11-29,5.1857549931611935,5.188471132617488,4.722022338665004,4.850178718566895,1396788000.0
2017-11-30,4.918825857593671,5.004757046867638,4.8558591677924925,4.956111907958984,823768000.0
2017-12-01,4.921540834628558,4.941789189353718,4.752641429319346,4.881291389465332,811548000.0
2017-12-04,4.939815279068199,4.945988881903377,4.555841014296535,4.609177589416504,1240844000.0
2017-12-05,4.503984071058407,4.758321063604663,4.459043197291908,4.635844230651856,981488000.0
2017-12-06,4.585471987872158,4.69510853690682,4.564235982135408,4.673378944396973,467032000.0
2017-12-07,4.740049515972733,4.780546239178378,4.694614570041799,4.740790367126465,542600000.0
2017-12-08,4.790668012075413,4.809681928054298,4.72004651036949,4.728442192077637,466876000.0
2017-12-11,4.742517242996008,4.809682229896708,4.7267139937132505,4.806718826293945,372748000.0
2017-12-12,4.763260014025102,4.786471303083348,4.688934247785812,4.712392330169678,455016000.0
2017-12-13,4.753382513962944,4.754616951540734,4.589915379257983,4.597323417663574,554280000.0
2017-12-14,4.590903864201869,4.675353821963455,4.558309242815931,4.604485034942627,438164000.0
2017-12-15,4.648437872128234,4.7504195592405765,4.583495434913486,4.730171203613281,670036000.0
2017-12-18,4.770668021901644,4.889687882002822,4.741036806785302,4.886724948883057,477704000.0
2017-12-19,4.877341221102876,4.882526706872198,4.814127276599072,4.84252405166626,373100000.0
2017-12-20,4.881785563841988,4.890921626233936,4.804002810976086,4.859561920166016,288820000.0
2017-12-21,4.8630183936255325,4.887958174037124,4.828695287526253,4.837090969085693,300904000.0
2017-12-22,4.800300742202443,4.831166872670088,4.7225179615496415,4.821783542633057,466276000.0
2017-12-26,4.766470522063604,4.883021044104034,4.736592040475482,4.8753662109375,355080000.0
2017-12-27,4.862031403609721,4.9378383991714205,4.847462591054052,4.868698120117188,329488000.0
2017-12-28,4.8924044879063056,4.923270614664793,4.868205550027107,4.874378681182861,240248000.0
2017-12-29,4.900551558430201,4.900551558430201,4.778074741363525,4.778074741363525,279964000.0
2018-01-02,4.834374080728938,4.926232044061726,4.80276758652614,4.92252779006958,355616000.0
2018-01-03,5.039820025695842,5.276872071724263,5.031177549791746,5.246499538421631,914704000.0
2018-01-04,5.3277389582428585,5.384285709129352,5.251931497244063,5.274155139923096,583268000.0
2018-01-05,5.288971090438664,5.356135603489793,5.212175987069669,5.318849563598633,580124000.0
2018-01-08,5.4423143725652325,5.555901465342016,5.397373027882378,5.481822967529297,881216000.0
2018-01-09,5.487255415261424,5.526764011442247,5.398854895983358,5.48034143447876,497000000.0
2018-01-10,5.3879915576518975,5.526765745443234,5.333667338604159,5.523308753967285,582664000.0
2018-01-11,5.555902717307759,5.587262901229736,5.511702213580045,5.5331854820251465,406032000.0
2018-01-12,5.521333074143963,5.555656193077837,5.4655271567039865,5.506023406982422,359916000.0
2018-01-16,5.532443747287633,5.617880865788269,5.350704010135814,5.435153484344482,702348000.0
2018-01-17,5.4497223136245685,5.558864779376796,5.355889511892631,5.548987865447998,538408000.0
2018-01-18,5.529726520095098,5.596397447654057,5.498613608959416,5.542073249816895,408632000.0
2018-01-19,5.632201664257786,5.706280150869129,5.605286596963949,5.68208122253418,609380000.0
2018-01-22,5.689984119368288,5.7722115122356215,5.6324497178900605,5.770483016967773,550944000.0
2018-01-23,5.8238204730048055,5.922098396043224,5.805301079848276,5.899381160736084,475228000.0
2018-01-24,5.902589462007986,5.938394272835507,5.767025521047098,5.822584629058838,579972000.0
2018-01-25,5.876910858307916,5.920123722121505,5.821352202087208,5.836167812347412,409884000.0
2018-01-26,5.8798720766002095,6.008768826993045,5.867031760221254,6.008522033691406,516356000.0
2018-01-29,5.993954179465622,6.126555205457101,5.941358468062582,6.095441818237305,455116000.0
2018-01-30,5.95370478502649,6.0848241102499605,5.887033845900048,5.993460178375244,570832000.0
2018-01-31,6.068772946829248,6.155198176737527,6.036178331753405,6.06951379776001,478576000.0
2018-02-01,5.889750096245417,6.096676898963478,5.878391479500944,5.9386420249938965,519224000.0
2018-02-02,5.852217554755974,5.876169698170291,5.708257900909422,5.7662858963012695,718464000.0
2018-02-05,5.605287154203702,5.759123684891656,5.062043295116447,5.276871681213379,1165204000.0
2018-02-06,5.047228245708797,5.57318674114251,5.037350860903087,5.570223808288574,1114800000.0
2018-02-07,5.668997122585643,5.802091770035089,5.597881530469725,5.649736404418945,802932000.0
2018-02-08,5.77517587039458,5.80826407928095,5.370952820335988,5.371200084686279,1144000000.0
2018-02-09,5.883082992680038,5.898886243549443,5.371199240991339,5.730727672576904,1674604000.0
2018-02-12,5.811719975476617,5.8146833792840935,5.55664259075197,5.630721092224121,1093172000.0
2018-02-13,5.594422971878374,5.790484735326262,5.562075147582211,5.744308948516846,625524000.0
2018-02-14,5.704059091960149,5.99024985565589,5.692947269878567,5.961359024047852,744988000.0
2018-02-15,6.044574880316106,6.132975411384869,5.963829181989082,6.086799621582031,698900000.0
2018-02-16,6.059638170104319,6.173225289358248,6.0119806749429126,6.021117210388184,637656000.0
2018-02-20,6.043586590630636,6.219399989606605,6.039882335841647,6.150506973266602,686240000.0
2018-02-21,6.2149551508922505,6.22186913163197,5.959877301517261,5.963581085205078,892292000.0
2018-02-22,5.997431333117807,6.069084984781661,5.917623728420351,5.983100414276123,534364000.0
2018-02-23,6.04289490180953,6.076498031616211,5.992243024770804,6.076498031616211,415300000.0
2018-02-26,6.122701415893468,6.127148811924828,6.030292472011616,6.092557430267334,469312000.0
2018-02-27,6.065873932299561,6.150129420626533,6.056732190844464,6.079710960388184,455436000.0
2018-02-28,6.0905826933433405,6.130115850206077,5.967782771820318,5.979395866394043,523116000.0
2018-03-01,5.97716993297133,6.031033994346544,5.636443397901122,5.737500190734863,1040120000.0
2018-03-02,5.63002056840413,5.850912528953584,5.481524056473077,5.844488143920898,913428000.0
2018-03-05,5.794331316354615,5.862031957639764,5.671037022574234,5.822498798370361,620776000.0
2018-03-06,5.907739789575102,6.002619617725125,5.864747507353571,5.983346939086914,636808000.0
2018-03-07,5.880562080264268,6.027576438597915,5.879326875382771,5.975441932678223,581208000.0
2018-03-08,6.002866742964197,6.002866742964197,5.914905188818221,5.959133148193359,411912000.0
2018-03-09,6.006574364726223,6.074521945773585,5.9905143444255415,6.061674118041992,505524000.0
2018-03-12,6.102935194168098,6.251184250486144,6.094781241583587,6.1711297035217285,605060000.0
2018-03-13,6.21387633344253,6.288248295020169,6.0792163846093725,6.120479106903076,619772000.0
2018-03-14,6.1634705457422845,6.190649761224744,6.0836629398698125,6.145927906036377,505496000.0
2018-03-15,6.159518045344583,6.241796067659434,6.118749218602539,6.16075325012207,401952000.0
2018-03-16,6.17706093479271,6.207946239466674,6.139504298744164,6.188920974731445,399456000.0
2018-03-19,6.132092418807679,6.161000737351498,5.855854233128718,5.954687118530273,713772000.0
2018-03-20,5.957651299969057,6.205475035880134,5.957651299969057,6.166683197021484,554696000.0
2018-03-21,6.160259724929546,6.226478209071581,6.111090462200979,6.141481876373291,438688000.0
2018-03-22,6.078227892491126,6.124679321622564,5.938379240415697,5.975688457489014,551196000.0
2018-03-23,5.989278912147866,5.991749793357609,5.745161692403051,5.756280422210693,735620000.0
2018-03-26,5.880562217983335,6.04190703031936,5.828675128842676,6.040671825408936,611424000.0
2018-03-27,6.1214667902168935,6.177060428326292,5.43210709147728,5.572202682495117,1409000000.0
2018-03-28,5.537859467379129,5.667824617577534,5.361689827086438,5.469170570373535,945904000.0
2018-03-29,5.537364338975265,5.818791220491202,5.453109325727342,5.722182273864746,916628000.0
2018-04-02,5.6517643203001615,5.79778995599427,5.374043499802319,5.461757659912109,922092000.0
2018-04-03,5.628539069498361,5.69154489459939,5.469170756638939,5.5680036544799805,667432000.0
2018-04-04,5.312519161276846,5.600370416788938,5.287563877461739,5.589993000030518,789168000.0
2018-04-05,5.648305632525994,5.661400879524381,5.398505324909835,5.469912052154541,701240000.0
2018-04-06,5.367373812053512,5.475348947909176,5.264587386821254,5.293743133544922,662988000.0
2018-04-09,5.3567469184188905,5.484488578032637,5.30238848463379,5.322402477264404,499524000.0
2018-04-10,5.552437683437246,5.658188863560393,5.4953614064440215,5.631257057189941,761676000.0
2018-04-11,5.616430906603208,5.657693626934737,5.557378126997672,5.589993000030518,460244000.0
2018-04-12,5.682896387062029,5.814344149524457,5.638668417093566,5.796554088592529,593920000.0
2018-04-13,5.8600534187104,5.868454318867843,5.671776832869516,5.7199578285217285,503036000.0
2018-04-16,5.726629104284656,5.75306700922149,5.625572299221727,5.719710826873779,350792000.0
2018-04-17,5.771844745813504,5.890444179180896,5.716251114149959,5.869194984436035,447224000.0
2018-04-18,5.818792013608508,5.911447940393819,5.751338792982789,5.840288162231445,391364000.0
2018-04-19,5.72613615440308,5.759492344992151,5.603830593515571,5.659176826477051,471996000.0
2018-04-20,5.65052806954587,5.734783081732713,5.6198901831966905,5.651022434234619,386200000.0
2018-04-23,5.668812849698727,5.719958626574713,5.505738470305602,5.531682014465332,427508000.0
2018-04-24,5.55737678493813,5.653244393451226,5.400232477480928,5.4654622077941895,414596000.0
2018-04-25,5.43581313300979,5.474852388352471,5.196143359985117,5.353287696838379,588492000.0
2018-04-26,5.514880154243845,5.572944680228743,5.4489090917317045,5.564790725708008,375824000.0
2018-04-27,5.670541953739788,5.690308529277498,5.549965513069116,5.592216491699219,400848000.0
2018-04-30,5.608523949501842,5.658187570873458,5.537611601019302,5.556883811950684,327844000.0
2018-05-01,5.548732011823409,5.614950036641048,5.490173107342092,5.612232208251953,253788000.0
2018-05-02,5.6087712360513065,5.653245676682889,5.565531528912585,5.59172248840332,268248000.0
2018-05-03,5.6235956858680325,5.782963952791854,5.578379465520611,5.756772994995117,443144000.0
2018-05-04,5.728111170786887,5.909963824397111,5.710815478939001,5.90675163269043,400660000.0
2018-05-07,6.011268108792078,6.2015216788326,6.00138458611721,6.144445419311523,687616000.0
2018-05-08,6.144692559760127,6.189661835313137,6.095770252030358,6.186944007873535,506616000.0
2018-05-09,6.2069569678309024,6.322097266829798,6.179777753348693,6.319873332977295,596760000.0
2018-05-10,6.372749907244618,6.4364970300968425,6.354959848097836,6.4273552894592285,994080000.0
2018-05-11,6.245749355437441,6.418954183886718,6.190403134889553,6.288988590240479,1214456000.0
2018-05-14,6.32704094891102,6.386835050417833,6.285778221318132,6.309497833251953,523140000.0
2018-05-15,6.245997092376111,6.248715391426777,5.967041077748978,6.067356586456299,963528000.0
2018-05-16,6.028812794618512,6.140493999615976,5.9919974613251386,6.078476428985596,553828000.0
2018-05-17,6.080204642737312,6.214123280156427,6.064144152159315,6.120479106903076,519784000.0
2018-05-18,6.172364733622482,6.235617475475372,6.071801842386492,6.0767436027526855,483716000.0
2018-05-21,6.174095676278785,6.177801761741882,5.942085018079283,6.034740924835205,640624000.0
2018-05-22,6.048084422250063,6.073286655171677,5.9361558188208825,5.9966912269592285,518264000.0
2018-05-23,5.940569107741316,6.121298314830051,5.939827337789846,6.120061874389648,442956000.0
2018-05-24,6.1163520518220045,6.16604638276045,6.063196442969986,6.12376880645752,437372000.0
2018-05-25,6.136378382604383,6.17939726015594,6.100776731775564,6.163079738616943,292112000.0
2018-05-29,6.145031066439956,6.214009995996872,6.099292684366807,6.14601993560791,352684000.0
2018-05-30,6.179645825724187,6.263458284830537,6.154922204233035,6.254805088043213,390996000.0
2018-05-31,6.222910932089949,6.309443359324026,6.212279997982969,6.235025405883789,493868000.0
2018-06-01,6.279773221270407,6.375453488554216,6.27112002804883,6.369272232055664,421968000.0
2018-06-04,6.403393210976503,6.570029725256526,6.3712528343067705,6.548026084899902,642024000.0
2018-06-05,6.551239103160533,6.591044274303789,6.506489585670984,6.553464412689209,391712000.0
2018-06-06,6.463470416586725,6.558656035037648,6.447152895468389,6.555441856384277,371356000.0
2018-06-07,6.551735124930243,6.563602501736681,6.409574645858088,6.499815940856934,369448000.0
2018-06-08,6.427127439991888,6.527010312038009,6.408337508734217,6.484486103057861,360456000.0
2018-06-11,6.471876245199073,6.513411580308076,6.430588009495123,6.44344425201416,265372000.0
2018-06-12,6.469899664971444,6.504017779962381,6.419710654500263,6.491903305053711,319160000.0
2018-06-13,6.493386194154102,6.568298345834007,6.478304641110039,6.487452507019043,338208000.0
2018-06-14,6.532451463970384,6.655574446227418,6.517617006106994,6.598957538604736,430016000.0
2018-06-15,6.541844689144236,6.613048469734068,6.510940281947076,6.558162212371826,432260000.0
2018-06-18,6.514155144658017,6.5715138172033205,6.486959584133824,6.55396032333374,356268000.0
2018-06-19,6.4508629586160255,6.518111270675243,6.304994571222938,6.432320594787598,594932000.0
2018-06-20,6.473358782829117,6.538134184208658,6.435037160608371,6.485226154327393,369780000.0
2018-06-21,6.517121818613466,6.535417081326621,6.349001760839848,6.356666088104248,359516000.0
2018-06-22,6.377433459461924,6.390784374571806,6.189040409066197,6.204368591308594,434160000.0
2018-06-25,6.098056779670731,6.1017651569803375,5.823378441826234,5.911888599395752,665816000.0
2018-06-26,6.025124326830022,6.0733351337463,5.931421750446888,5.982846736907959,478884000.0
2018-06-27,6.026359139611977,6.092618098974124,5.822389872414972,5.827829360961914,453892000.0
2018-06-28,5.817938432911124,5.9667743126645325,5.810274108010983,5.954906940460205,338012000.0
2018-06-29,6.019929379610647,6.032538048834705,5.855764864701808,5.857001304626465,392300000.0
2018-07-02,5.787529698463304,5.992734924092776,5.767009128743978,5.989026546478272,357572000.0
2018-07-03,6.023639820092612,6.029573507698457,5.8471136748373285,5.855519771575928,222732000.0
2018-07-05,5.910654104559699,6.006086849349894,5.871838265044366,6.001142501831055,306216000.0
2018-07-06,5.976664615349915,6.1232752139489,5.955402275391055,6.114869117736816,296352000.0
2018-07-09,6.189039606757083,6.1986816711066,6.083717254027024,6.162337779998779,303880000.0
2018-07-10,6.174700891949751,6.283236970522963,6.134401516993033,6.261233329772949,360016000.0
2018-07-11,6.1685189048834905,6.203131684655478,6.1091820373261445,6.119813442230225,367508000.0
2018-07-12,6.165058722643337,6.259255014559469,6.155169085771474,6.211291313171387,345508000.0
2018-07-13,6.229833456417124,6.229833456417124,6.122038689961179,6.164068698883057,246988000.0
2018-07-16,6.136379718780518,6.189288243483045,6.124018143114712,6.136379718780518,197036000.0
2018-07-17,6.087179634450596,6.2871929709993255,6.06171424327838,6.272111415863037,362136000.0
2018-07-18,6.264693310372985,6.278538422105761,6.171980104393504,6.222910404205322,277640000.0
2018-07-19,6.204121583157917,6.264694429372078,6.189040500139685,6.231070041656494,235752000.0
2018-07-20,6.228597159860733,6.2674129879557,6.192006169603679,6.202884674072266,222352000.0
2018-07-23,6.176431310870159,6.178161950133588,6.014739146335825,6.166294574737549,301584000.0
2018-07-24,6.214257858821427,6.300790287758488,6.131433807610705,6.148987770080566,354620000.0
2018-07-25,6.158383304050002,6.239723823051808,6.1005299654223775,6.227114677429199,319112000.0
2018-07-26,6.207087376228404,6.337379965364397,6.190275185855378,6.300541877746582,325124000.0
2018-07-27,6.337133309027177,6.344055865179182,6.176924705176644,6.2308220863342285,295420000.0
2018-07-30,6.24491539195008,6.250849079466511,6.000893848582832,6.035754203796387,340340000.0
2018-07-31,6.025368119409061,6.128465135232218,5.986552301382773,6.053800106048584,283988000.0
2018-08-01,6.085201800147668,6.140335158681855,6.029820870594712,6.093607425689697,283556000.0
2018-08-02,6.0224023469844825,6.200164430540458,5.963560623032491,6.196208953857422,269668000.0
2018-08-03,6.220685057336201,6.256534276607299,6.203873338146573,6.232799530029297,214288000.0
2018-08-06,6.22019135556885,6.283977902639579,6.173711199442598,6.280516624450684,207508000.0
2018-08-07,6.329221165634741,6.371251168174037,6.3025198132827285,6.352708339691162,258132000.0
2018-08-08,6.353945411950338,6.434049476976423,6.319085060697001,6.389052391052246,262100000.0
2018-08-09,6.406853724259384,6.409573232602088,6.332930442341758,6.34059476852417,204280000.0
2018-08-10,6.258760398475284,6.331694815070367,6.247634793517938,6.299306869506836,256396000.0
2018-08-13,6.307959184277792,6.452839127921763,6.306228545338702,6.332188129425049,375208000.0
2018-08-14,6.437510873299413,6.477563142330335,6.354439727543762,6.463470458984375,466220000.0
2018-08-15,6.484239789289818,6.518111280632941,6.326751124209985,6.405372142791748,591136000.0
2018-08-16,6.475091479399227,6.477563888544107,6.304746120358458,6.364824295043945,801260000.0
2018-08-17,6.253568129968853,6.254309899799555,6.025864126058687,6.052813053131104,1143188000.0
2018-08-20,6.012266602031291,6.2599960342789815,5.901999427630956,6.127478122711182,854388000.0
2018-08-21,6.143795822264557,6.267413442545277,6.124017021882193,6.26296329498291,673988000.0
2018-08-22,6.230327888717319,6.502780930675262,6.226866610640642,6.497836112976074,749856000.0
2018-08-23,6.45926778484295,6.662495277887314,6.445422671676492,6.597225189208984,720684000.0
2018-08-24,6.605631935332565,6.744825322111341,6.60118178731468,6.730238437652588,531512000.0
2018-08-27,6.759903423257034,6.895388372177171,6.728504829964429,6.821218013763428,505776000.0
2018-08-28,6.8152870382966295,6.83803291943394,6.663731611887613,6.783640861511231,475384000.0
2018-08-29,6.775972426109038,6.914005297455928,6.7551933957996,6.889020919799805,420108000.0
2018-08-30,6.857851907460349,6.96892158076988,6.8353412912755545,6.872199535369873,346608000.0
2018-08-31,6.852162050917383,6.956057664812607,6.8422670058694015,6.943194389343262,306592000.0
2018-09-04,6.930083120296011,7.055499932969545,6.901635574694479,7.017899990081787,391720000.0
2018-09-05,7.000337059306588,7.03571095061915,6.80639850765602,6.887288570404053,393156000.0
2018-09-06,6.870962963208796,6.873436724894181,6.713388165606345,6.746288299560547,322796000.0
2018-09-07,6.6542664246592444,6.850431523836252,6.609492424088,6.725014686584473,295420000.0
2018-09-10,6.747524187778689,6.825693249881618,6.703739604745101,6.796008586883545,220140000.0
2018-09-11,6.749750576286906,6.837319746683039,6.728971547071906,6.748266696929932,243112000.0
2018-09-12,6.708439423219944,6.727981806708105,6.479126993875945,6.6344757080078125,419092000.0
2018-09-13,6.700276232050866,6.802687490628975,6.68296037574801,6.712150096893311,305536000.0
2018-09-14,6.802441158943348,6.90411025548557,6.765582914854368,6.838062286376953,386936000.0
2018-09-17,6.81258362066938,6.861562967081699,6.756925165241341,6.776219844818115,205528000.0
2018-09-18,6.780177613294013,6.882836117583296,6.697555963212411,6.704234600067139,299520000.0
2018-09-19,6.685680863104906,6.745791886455003,6.635712118195757,6.727981090545654,224860000.0
2018-09-20,6.606028740721624,6.648328976373774,6.533054429241362,6.586981296539307,430584000.0
2018-09-21,6.598855352257606,6.64437152628743,6.483828036421151,6.516975402832031,435128000.0
2018-09-24,6.486054449301832,6.576097392083278,6.398980209241398,6.572634220123291,293912000.0
2018-09-25,6.6386809618931375,6.664654746773195,6.553090617254046,6.639670372009277,280388000.0
2018-09-26,6.644618053395329,6.684939465478431,6.586980784311211,6.60281229019165,268548000.0
2018-09-27,6.637938322912727,6.65921229030042,6.583269761194571,6.614685535430908,214428000.0
2018-09-28,6.746535538948417,6.973868701782201,6.718582458478351,6.951605319976807,709396000.0
2018-10-01,7.029279962617605,7.224702405153943,6.99069013205169,7.157912731170654,622060000.0
2018-10-02,7.130451630901339,7.24201525703809,7.06440368816112,7.086667060852051,383964000.0
2018-10-03,7.156922699488836,7.164343983919293,6.98895840006214,7.092854022979736,320552000.0
2018-10-04,7.056738062634952,7.080980264928115,6.831878189445557,6.908810615539551,391220000.0
2018-10-05,6.88407290090465,6.946162752757861,6.618149457920154,6.675539493560791,426636000.0
2018-10-08,6.592422216361614,6.707696744744218,6.433610342771107,6.574364185333252,408612000.0
2018-10-09,6.55383295047159,6.648328460251058,6.500895969321754,6.568675518035889,273500000.0
2018-10-10,6.462799416557249,6.508563283682194,6.075417345038092,6.077643871307373,684940000.0
2018-10-11,5.990571424036066,6.123904491672256,5.794901731290086,5.816422939300537,725436000.0
2018-10-12,6.073192591043174,6.1728828608288815,5.928233385328356,6.098671436309815,608236000.0
2018-10-15,6.085312594288361,6.085312594288361,5.821615723066226,5.822605133056641,449760000.0
2018-10-16,5.935159948793996,6.092240260599139,5.885933370361248,6.081108570098877,408712000.0
2018-10-17,6.143197684617434,6.1812930397813375,5.963606778855773,6.012586116790772,329668000.0
2018-10-18,6.081851165619273,6.120193290794971,5.864907039094482,5.925265312194824,524020000.0
2018-10-19,5.980428301828371,5.999970213076318,5.63262540611847,5.6689887046813965,613608000.0
2018-10-22,5.721184210752967,5.821121713091837,5.61704136141607,5.719699859619141,368844000.0
2018-10-23,5.452786173586283,5.545797790628044,5.3607644383631605,5.4683709144592285,626436000.0
2018-10-24,5.43002983030951,5.4765354157844905,4.918962387487407,4.932815074920654,884288000.0
2018-10-25,4.835351635102287,5.1885966030005655,4.791072101912247,5.141348838806152,951720000.0
2018-10-26,4.90560435159757,5.0671372618805215,4.777219281634541,4.905109882354736,664784000.0
2018-10-29,5.046109524275561,5.049572695252985,4.353966966959288,4.5916900634765625,758016000.0
2018-10-30,4.614697091794364,5.031516274262997,4.591691532162264,5.021621227264404,807192000.0
2018-10-31,5.186121805010123,5.2588488760364624,5.046604595601743,5.215311527252197,745772000.0
2018-11-01,5.251675099303029,5.40479776763911,5.125268865163143,5.395397663116455,566528000.0
2018-11-02,5.385997495650858,5.491624699134181,5.1999746995702925,5.316486358642578,452960000.0
2018-11-05,5.303375822452559,5.326629086762901,5.078021475818935,5.238564968109131,379332000.0
2018-11-06,5.230648486695261,5.314754480788869,5.183895201789508,5.221001148223877,299012000.0
2018-11-07,5.287543800590485,5.3780812001815415,5.223969597297446,5.2885332107543945,483812000.0
2018-11-08,5.229412410387321,5.230154586082244,5.042152942583711,5.095585346221924,511352000.0
2018-11-09,5.006779764379758,5.1779600415253695,4.973137449591692,5.087669849395752,413240000.0
2018-11-12,4.996388890300503,5.018405036415534,4.666891233283571,4.688660144805908,617116000.0
2018-11-13,4.786370055569255,5.051550774655321,4.780185418169195,4.930339336395264,644712000.0
2018-11-14,5.103253536316122,5.117601165900112,4.77004589296523,4.877899169921875,526580000.0
2018-11-15,4.871961078266421,5.078515655341954,4.836092248741073,5.00653076171875,840708000.0
2018-11-16,4.040055797968993,4.221625587465193,3.9977550812638434,4.067513942718506,1963520000.0
2018-11-19,4.002206333839872,4.0029480374640105,3.577718545029702,3.5794501304626465,1697820000.0
2018-11-20,3.316248780002668,3.815937040663609,3.297696040674896,3.687799215316773,1692032000.0
2018-11-21,3.824842015985815,3.8416631675883193,3.5524871817661805,3.579697847366333,1025496000.0
2018-11-23,3.5450665692220227,3.7004150650183,3.532203292433255,3.586872100830078,411968000.0
2018-11-26,3.7078366579219786,3.796395251534399,3.6254622327023127,3.786005735397339,814832000.0
2018-11-27,3.760031935926249,3.883964669079933,3.724163332445273,3.8028271198272714,738060000.0
2018-11-28,3.9203268607208215,3.964853618061965,3.787983705191144,3.9596588611602783,804524000.0
2018-11-29,3.961888178171767,3.999030785383352,3.866307705218744,3.896517038345337,549172000.0
2018-11-30,3.9061743557532105,4.057468988240912,3.85590787831367,4.046821594238281,729564000.0
2018-12-03,4.273885794443076,4.3253903724284495,4.143638513343284,4.210495471954346,890804000.0
2018-12-04,4.165925331778989,4.170877805423308,3.875221835430533,3.890326738357544,812112000.0
2018-12-06,3.749926295027175,3.924496933073557,3.734326431991942,3.919544696807861,692308000.0
2018-12-07,3.9237546735982303,3.933907102060007,3.605813306355245,3.6550891399383545,681676000.0
2018-12-10,3.610270140791863,3.78508851645278,3.606555786067368,3.760326623916626,629472000.0
2018-12-11,3.8519450829701536,3.860116474095441,3.590460566960948,3.6694507598876953,671912000.0
2018-12-12,3.675146712894545,3.783108139207231,3.586004309296617,3.687032461166382,654136000.0
2018-12-13,3.733831818143357,3.797964834614252,3.6508797813853344,3.686784267425537,471384000.0
2018-12-14,3.6451849253624102,3.72887989262076,3.6028423596443613,3.626366138458252,471820000.0
2018-12-17,3.5964034794123507,3.6684601640487577,3.4973561485793327,3.5552988052368164,662868000.0
2018-12-18,3.5991267171907424,3.722440487104824,3.5718888288257578,3.638498067855835,564372000.0
2018-12-19,3.604821999427664,3.658307614235883,3.378251585900969,3.429756164550781,745364000.0
2018-12-20,3.4213377937059306,3.511223101443563,3.2856430548572284,3.3453190326690674,749588000.0
2018-12-21,3.3718142659664654,3.4047475530491926,3.180900807661958,3.2083864212036133,863740000.0
2018-12-24,3.13211952945496,3.2185381893953644,3.082843468010501,3.146728992462158,463840000.0
2018-12-26,3.1927860386286477,3.2967856023218456,3.081853202175488,3.295795202255249,695100000.0
2018-12-27,3.2435478766439565,3.277966760350411,3.0996817507019645,3.248004913330078,637044000.0
2018-12-28,3.268557192282664,3.4020234061374777,3.226709836132536,3.3094141483306885,628728000.0
2018-12-31,3.352747375093456,3.385185222164874,3.274995298756993,3.3057000637054443,465140000.0
2019-01-02,3.234881381222815,3.429013743136944,3.2202719163607765,3.37305212020874,508752000.0
2019-01-03,3.3128810650449374,3.3468047509537686,3.161834173940892,3.169262647628784,705552000.0
2019-01-04,3.242309404030075,3.410441967558925,3.2116048783493887,3.3723089694976807,585620000.0
2019-01-07,3.429508826663818,3.5877366873539573,3.378251727789185,3.5508415699005127,709160000.0
2019-01-08,3.632308561774112,3.6345373165933417,3.3898905036888123,3.462442636489868,786016000.0
2019-01-09,3.5136993844836737,3.577832640427813,3.4631854305185543,3.5305376052856445,617260000.0
2019-01-10,3.5112230484738736,3.604822473438952,3.450804153386844,3.596155881881714,523156000.0
2019-01-11,3.5738699331062063,3.7080790587125994,3.5461368423942865,3.685298204421997,874764000.0
2019-01-14,3.633051063973084,3.750421983358888,3.609527289244213,3.725164890289306,730168000.0
2019-01-15,3.757850342602089,3.797221699312551,3.692726929675172,3.711050748825073,617012000.0
2019-01-16,3.738288382204007,3.771221427393537,3.6800982464634497,3.685545682907105,470104000.0
2019-01-17,3.6526127323510096,3.7967263343986897,3.6253746048394815,3.75685977935791,493436000.0
2019-01-18,3.806631345995397,3.911869037587816,3.7551267594139857,3.885869026184082,651336000.0
2019-01-22,3.85566005430992,3.8672980837653896,3.653603762135762,3.683813095092773,661552000.0
2019-01-23,3.739031926253848,3.827679121889104,3.665489396631053,3.696689128875733,591020000.0
2019-01-24,3.7811268114937553,3.925983108591916,3.7764220564709214,3.908402442932129,708972000.0
2019-01-25,3.848973918797856,3.983678022844944,3.7464601814829033,3.965601921081543,1154572000.0
2019-01-28,3.381223363102736,3.5072608682035145,3.2437955483461773,3.4173755645751958,2511528000.0
2019-01-29,3.371319346140535,3.419605021487195,3.2440436966893182,3.258653163909912,1153932000.0
2019-01-30,3.3346706838006552,3.416384582264723,3.255185303267996,3.4020228385925293,974228000.0
2019-01-31,3.3988046746644693,3.595165806236764,3.377014216677439,3.559508800506592,842852000.0
2019-02-01,3.578080364393142,3.634784914001765,3.530537844051545,3.583775520324707,625048000.0
2019-02-04,3.599622382468844,3.731107559503088,3.577584445320874,3.693964958190918,528592000.0
2019-02-05,3.705850777117616,3.7496791731204335,3.672174809486618,3.713031768798828,542424000.0
2019-02-06,3.746212115866648,3.852935634337346,3.740764679334383,3.7885549068450928,702464000.0
2019-02-07,3.7422505305478992,3.744479048928533,3.6075464299573263,3.650384187698364,637120000.0
2019-02-08,3.583279347624817,3.6796027167569383,3.5689176026199427,3.668955326080322,461604000.0
2019-02-11,3.624880301824241,3.679108616026563,3.5780804623511124,3.626366138458252,495180000.0
2019-02-12,3.664745608215041,3.758840455010406,3.650383627704121,3.743240356445313,591060000.0
2019-02-13,3.7727073505082047,3.8586308150604207,3.759088286791637,3.78558349609375,605372000.0
2019-02-14,3.784592980517605,3.8546688609684834,3.7415072724366327,3.826440334320069,827264000.0
2019-02-15,4.034935268337227,4.057715889737594,3.873240746990673,3.896021604537964,1516748000.0
2019-02-19,3.8853743662023614,3.959164619630992,3.866307861696968,3.87868857383728,551892000.0
2019-02-20,3.907907088268035,3.993087644394517,3.89676449576761,3.925983190536499,540988000.0
2019-02-21,3.9386115010375433,3.9631254384785057,3.8425356068869903,3.857145071029663,448548000.0
2019-02-22,3.9088975865337567,3.960649654890205,3.895278521746518,3.941830635070801,401740000.0
2019-02-25,4.0252777306158025,4.092629657787869,3.9207827311990897,3.9294495582580566,656020000.0
2019-02-26,3.9247458690775567,3.980707502283128,3.856650769154673,3.890079259872437,488464000.0
2019-02-27,3.875717408161542,3.902212387421229,3.791279524269908,3.848231792449951,500256000.0
2019-02-28,3.8420343108237702,3.8643429349671288,3.801383218768535,3.8236916065216064,324944000.0
2019-03-01,3.873514312294932,3.9201144040319287,3.815264197623687,3.877976179122925,357188000.0
2019-03-04,3.91639678806972,3.9392011254135535,3.8296410695087153,3.8861563205718994,409992000.0
2019-03-05,3.870539680751214,3.917883454737757,3.816255487925633,3.879711151123047,362924000.0
2019-03-06,3.8707877821229424,3.87921533253882,3.7661853128661065,3.768911838531494,403524000.0
2019-03-07,3.74536386312148,3.755031044358821,3.653650810029538,3.6997551918029785,450104000.0
2019-03-08,3.610520473182792,3.744619944571655,3.58920327157,3.733961343765259,422416000.0
2019-03-11,3.757510849012751,4.017033898983512,3.7104147972048898,3.994229793548584,859728000.0
2019-03-12,4.021990285337991,4.074787111462643,3.945893177316065,4.028435230255127,579576000.0
2019-03-13,4.065863733470836,4.208886474846685,4.058427367884118,4.179637432098389,768900000.0
2019-03-14,4.188809953562058,4.200707952374391,4.096105224995038,4.103789329528809,519384000.0
2019-03-15,4.146918075590544,4.251768511099473,4.143447866293532,4.209134578704834,661484000.0
2019-03-18,4.240614399309603,4.294403118729659,4.160799108934964,4.187817573547363,486992000.0
2019-03-19,4.282257440795719,4.39974957567434,4.265402338243507,4.355380058288574,854972000.0
2019-03-20,4.384381717046923,4.437674500448435,4.2882067807375135,4.322909355163574,719148000.0
2019-03-21,4.345962111633588,4.5856553200813,4.341004532955315,4.559380531311035,824312000.0
2019-03-22,4.532112191981738,4.580695111348383,4.385867014405987,4.399747848510742,747644000.0
2019-03-25,4.35909712121291,4.423295984166942,4.241357285926929,4.307539463043213,525212000.0
2019-03-26,4.449075417579673,4.505094712857802,4.327865357021131,4.3841328620910645,703508000.0
2019-03-27,4.4096634610220855,4.45601533427444,4.305556721575917,4.374960899353027,474372000.0
2019-03-28,4.400989151580847,4.45923951405101,4.34050820984526,4.393553256988525,480264000.0
2019-03-29,4.460230117103884,4.47510284912212,4.409912078172584,4.45081090927124,456896000.0
2019-04-01,4.542523810574591,4.548472808317169,4.470888573432599,4.518232345581055,483824000.0
2019-04-02,4.542276137523133,4.580448440193339,4.499393994882644,4.536078929901123,440920000.0
2019-04-03,4.585653602140534,4.734377597306607,4.580696025319537,4.675383567810059,783504000.0
2019-04-04,4.660016045538845,4.708847191535176,4.603749006002984,4.666460990905762,457376000.0
2019-04-05,4.709589354167434,4.750488646546143,4.673152163807849,4.733137130737305,481744000.0
2019-04-08,4.70265020061554,4.778995283235704,4.678606470878102,4.753960132598877,424192000.0
2019-04-09,4.72049794241267,4.731652256662603,4.649110425769231,4.691248893737793,439972000.0
2019-04-10,4.690505058897401,4.78742320116161,4.686043427897053,4.76164436340332,444772000.0
2019-04-11,4.764121349042002,4.795601436750863,4.698435121424397,4.7477617263793945,374600000.0
2019-04-12,4.78643072595546,4.790396881960387,4.701162390484168,4.709837913513184,471708000.0
2019-04-15,4.702155077037097,4.707112655182622,4.5385587804801535,4.578218460083008,440092000.0
2019-04-16,4.61738149157994,4.684059151396104,4.584662240587354,4.665220737457275,394964000.0
2019-04-17,4.700170874822639,4.720992129672078,4.62010785478453,4.642416477203369,351004000.0
2019-04-18,4.649107922772562,4.6830663213776,4.590113910265631,4.617875576019287,380988000.0
2019-04-22,4.59432917131352,4.687281610127979,4.562849551023288,4.671665668487549,279936000.0
2019-04-23,4.684803417118198,4.757430556442091,4.6751364719379405,4.726198196411133,346856000.0
2019-04-24,4.736608833155228,4.779243243282639,4.675880163403559,4.738592147827148,318204000.0
2019-04-25,4.698436015926182,4.720744639511506,4.55343043540214,4.632997512817383,499296000.0
2019-04-26,4.479315954390358,4.483778057349987,4.295642123758112,4.414373397827148,868988000.0
2019-04-29,4.422306696706567,4.472872958577517,4.350175487869888,4.445111274719238,391920000.0
2019-04-30,4.412886471536055,4.512035657356276,4.393800318272996,4.486505031585693,362920000.0
2019-05-01,4.538805230617688,4.580943682956027,4.473118527608206,4.473366737365723,354280000.0
2019-05-02,4.483034721987003,4.582431642632066,4.439904838935968,4.5407891273498535,394684000.0
2019-05-03,4.54921630099399,4.559130981628011,4.474854068726424,4.536326885223389,336824000.0
2019-05-06,4.350174987888833,4.470145918397513,4.312994098026153,4.458000183105469,422176000.0
2019-05-07,4.409662946539725,4.409662946539725,4.242844256793309,4.290931701660156,555220000.0
2019-05-08,4.263418850487332,4.391073385860817,4.251520854734579,4.311010360717773,419168000.0
2019-05-09,4.242101318918024,4.2517682624256565,4.099822273281469,4.218553066253662,660248000.0
2019-05-10,4.187816148860922,4.253254632302171,4.065118756018369,4.184593677520752,569500000.0
2019-05-13,4.052726290962937,4.075778597136489,3.911686401348833,3.9275503158569336,656912000.0
2019-05-14,3.967210571591715,4.05173571178523,3.928542552659729,4.016537666320801,524880000.0
2019-05-15,3.96101325841138,3.9919974055631218,3.901771726020397,3.955560207366944,502320000.0
2019-05-16,3.95010742830043,4.013315124991478,3.9077212267914367,3.970680713653565,781088000.0
2019-05-17,3.928790250867808,4.057932163280862,3.84054740633614,3.879959106445313,1022068000.0
2019-05-20,3.7813049192360095,3.83633278861379,3.736687676737215,3.761475086212158,572064000.0
2019-05-21,3.8222051014554737,3.859385990192576,3.7835368447903055,3.843522071838379,361848000.0
2019-05-22,3.804853518983099,3.830880090177963,3.7617234009611513,3.772629976272583,325868000.0
2019-05-23,3.710413414644653,3.710413414644653,3.5919301179758825,3.651667594909668,591844000.0
2019-05-24,3.670506072343846,3.705704114217534,3.5911867278095704,3.597879409790039,357584000.0
2019-05-28,3.615478059102354,3.6481973089986552,3.550783006705381,3.5527660846710205,428356000.0
2019-05-29,3.5051742789553133,3.540124343200313,3.4439496731796475,3.478652000427246,559800000.0
2019-05-30,3.4818785056992767,3.517612999738596,3.413883688106398,3.4520998001098637,394300000.0
2019-05-31,3.4032122333804478,3.4704625046801643,3.3597848744124943,3.3615219593048096,389720000.0
2019-06-03,3.372690379598396,3.411402775871238,3.2905508432696378,3.319833278656006,478644000.0
2019-06-04,3.383856601174108,3.553843638882873,3.361770770092565,3.5486323833465576,641836000.0
2019-06-05,3.6223339367720575,3.62779344756382,3.4697180209401406,3.505948781967163,511616000.0
2019-06-06,3.5101680748232,3.592555843398238,3.507686457076579,3.567988395690918,408140000.0
2019-06-07,3.5739442379149797,3.644916707929849,3.5548360649678163,3.610671281814575,348856000.0
2019-06-10,3.666754762775281,3.751872412500521,3.666754762775281,3.683381319046021,402780000.0
2019-06-11,3.74318609127667,3.780905920164837,3.701496053023524,3.740952730178833,383872000.0
2019-06-12,3.697526593050847,3.703730638885385,3.612905443145041,3.628042936325073,358892000.0
2019-06-13,3.650128330363141,3.697526146173898,3.632509220978711,3.6791627407073975,308080000.0
2019-06-14,3.5861035675727653,3.610422757405874,3.5446615476228303,3.589329481124878,394428000.0
2019-06-17,3.587593020809871,3.6359836257979934,3.564762655565564,3.599008321762085,276040000.0
2019-06-18,3.6603028234074393,3.8491495539651006,3.649384035379205,3.7938108444213863,581920000.0
2019-06-19,3.8290484894629415,3.840463552055667,3.773709551550996,3.7997660636901855,331644000.0
2019-06-20,3.890343687227134,3.9042403700145054,3.8096929917731086,3.82408595085144,350168000.0
2019-06-21,3.809196547210423,3.858331447746775,3.759565133744916,3.766017198562622,434428000.0
2019-06-24,3.787358029769485,3.817881262904707,3.740208243085784,3.7883505821228023,282948000.0
2019-06-25,3.793314151543314,3.868257304005815,3.756338851532463,3.759068489074707,311868000.0
2019-06-26,3.8863726800215015,4.0131806021573935,3.873468551676168,3.952133893966675,584072000.0
2019-06-27,4.0377488491487,4.069760921784615,4.001766092418589,4.050652980804443,445440000.0
2019-06-28,4.094575522317128,4.103757460552952,4.028814309330252,4.075467586517334,397668000.0
2019-07-01,4.282428285154208,4.316673935929303,4.0861367890761295,4.123608589172363,709756000.0
2019-07-02,4.106983432433489,4.1280769479164805,4.012684318865418,4.02583646774292,400228000.0
2019-07-03,4.049164102336375,4.054871872238148,3.978936144492796,4.038741588592529,246636000.0
2019-07-05,3.980424767887944,3.984891491378839,3.912925982589012,3.976206064224243,396552000.0
2019-07-08,3.916647312810696,3.935507227440591,3.871234847840361,3.901261568069458,329788000.0
2019-07-09,3.859075804161712,3.931785603565076,3.8464199307929854,3.903743982315064,342860000.0
2019-07-10,3.947171065308045,4.02931058133632,3.933274383924666,3.971986770629883,452076000.0
2019-07-11,4.044944921060779,4.167037886687036,4.007721594463587,4.126340389251709,682560000.0
2019-07-12,4.154132941084615,4.230317138074098,4.154132941084615,4.15934419631958,506392000.0
2019-07-15,4.1804365203764045,4.196566321043578,4.122616216376717,4.150905609130859,289840000.0
2019-07-16,4.13601663173236,4.173239942694772,4.090603936765375,4.146191120147705,341444000.0
2019-07-17,4.147929633119086,4.218406070489946,4.118647203036844,4.2114577293396,348204000.0
2019-07-18,4.221881070468805,4.285905218880551,4.165301304283338,4.223121643066406,442192000.0
2019-07-19,4.261336629200927,4.2677884566092805,4.173985389511124,4.179941177368164,344896000.0
2019-07-22,4.201282562002257,4.264314135155811,4.1938377091150825,4.251410007476807,315940000.0
2019-07-23,4.290619967285724,4.36109593748177,4.274985725013915,4.359110832214356,428176000.0
2019-07-24,4.402289498828608,4.439264802250148,4.32635378692082,4.433557033538818,366236000.0
2019-07-25,4.392114168962921,4.404770276305939,4.279203175179153,4.302529811859131,392700000.0
2019-07-26,4.329579836157786,4.391122351603324,4.329579836157786,4.34446907043457,274160000.0
2019-07-29,4.337273819917522,4.354396656712668,4.250171043457255,4.338266372680664,248160000.0
2019-07-30,4.291859034016894,4.366057642208287,4.277465842577055,4.353898048400879,197772000.0
2019-07-31,4.322383745983711,4.32337677198391,4.144704036634304,4.186890602111816,359416000.0
2019-08-01,4.197311947079872,4.287640842295191,4.040477307617723,4.09259033203125,421212000.0
2019-08-02,4.000027179718018,4.069263023315142,3.952629615343231,4.000027179718018,428348000.0
2019-08-05,3.8166408797478337,3.817881688657887,3.695044446483785,3.74194598197937,589156000.0
2019-08-06,3.8166412352682992,3.862053709637955,3.7330126475535,3.780658483505249,361272000.0
2019-08-07,3.7198597974168814,3.830785696545141,3.702488946544037,3.81887412071228,372560000.0
2019-08-08,3.8764463550463737,3.9285591434290663,3.81912231149142,3.927318334579468,309300000.0
2019-08-09,3.8863727250932496,3.8898468953295846,3.775695080435501,3.826070785522461,341816000.0
2019-08-12,3.773958151399416,3.8260709437598064,3.7364865732577073,3.758324384689331,279200000.0
2019-08-13,3.7568354485894377,3.918385086800619,3.717875040369741,3.872476100921631,351956000.0
2019-08-14,3.784380596251393,3.795547639894452,3.680403269804808,3.72407865524292,419880000.0
2019-08-15,3.7429379915100105,3.76279045787096,3.657572338825915,3.691817760467529,477200000.0
2019-08-16,3.954367735321479,4.0087136529243805,3.893073003578624,3.9595789909362793,1007960000.0
2019-08-19,4.072736964109604,4.253890754055309,4.056606689483732,4.238008499145508,815112000.0
2019-08-20,4.232551495488512,4.233048008507014,4.144704190238062,4.165797710418701,463188000.0
2019-08-21,4.231805651765932,4.304267184161182,4.21021609857475,4.249176502227783,427244000.0
2019-08-22,4.25885575491386,4.301290336647535,4.216172680040969,4.2553815841674805,303488000.0
2019-08-23,4.178949032844092,4.233295188189043,4.011195350690422,4.031047821044922,568056000.0
2019-08-26,4.109713614737591,4.133784788125039,4.067527056360016,4.105742931365967,318208000.0
2019-08-27,4.143959583603636,4.146689221855993,3.985884324928741,4.015166759490967,290968000.0
2019-08-28,3.988835102822662,4.057393748788544,3.9495873946582014,4.004732608795166,255612000.0
2019-08-29,4.096144619244449,4.180601248407322,4.092667010059698,4.148309230804443,357976000.0
2019-08-30,4.194513097004988,4.244193651042647,4.142845472418264,4.1609787940979,290616000.0
2019-09-03,4.088196553572964,4.121233846385008,4.055159260760922,4.078011989593506,296140000.0
2019-09-04,4.138622099089851,4.199480746845919,4.138622099089851,4.192028522491455,227728000.0
2019-09-05,4.294120194514918,4.470982171942408,4.292381390258854,4.4647722244262695,695676000.0
2019-09-06,4.441422808154607,4.498306828145142,4.399691498658127,4.437696933746338,376976000.0
2019-09-09,4.468747664893921,4.57009581931913,4.467257125443584,4.483651638031006,417524000.0
2019-09-10,4.4508622737446295,4.5768019505612365,4.441174715633058,4.550223350524902,352812000.0
2019-09-11,4.564879748688695,4.626980194188536,4.535816596162976,4.578790187835693,361512000.0
2019-09-12,4.625240371679015,4.679888581131553,4.56934988826807,4.577298641204834,327840000.0
2019-09-13,4.510727553957993,4.547739457034524,4.475702720883678,4.519421577453613,324592000.0
2019-09-16,4.444404304309437,4.510975888289779,4.433971475955046,4.476448059082031,231832000.0
2019-09-17,4.483155607982486,4.502034197165476,4.436704404833392,4.497811317443848,223048000.0
2019-09-18,4.490856414807801,4.506505660522714,4.384291826669806,4.470735549926758,258152000.0
2019-09-19,4.476696313128326,4.495078369144471,4.384539189107596,4.395220756530762,245476000.0
2019-09-20,4.394227953809017,4.4178259541330585,4.2794663492857685,4.2896504402160645,350244000.0
2019-09-23,4.289898524535677,4.388513864421871,4.286172175945748,4.343056201934815,249712000.0
2019-09-24,4.374354552305497,4.4039142288683895,4.250153689139878,4.285675048828125,317268000.0
2019-09-25,4.285179215855044,4.44688902648033,4.240466817086968,4.427265167236328,308432000.0
2019-09-26,4.417576028267607,4.426270050055258,4.3542333280562575,4.405155658721924,234564000.0
2019-09-27,4.363425652757466,4.414099733250128,4.205938731326209,4.266549110412598,362056000.0
2019-09-30,4.292382559403392,4.334113872915561,4.261083600480512,4.323929309844971,186184000.0
2019-10-01,4.3470300745038895,4.4960712003874725,4.317470398867783,4.322189807891846,366008000.0
2019-10-02,4.30033072821402,4.312254094391925,4.226058665558821,4.298343658447266,293372000.0
2019-10-03,4.302814328068124,4.509981252762404,4.272509385416176,4.5037713050842285,450588000.0
2019-10-04,4.50600817250666,4.549478768616811,4.4409271216900095,4.520167350769043,265524000.0
2019-10-07,4.585000137627918,4.678399071208503,4.576306113161044,4.578790187835693,480984000.0
2019-10-08,4.487129238036931,4.487129238036931,4.38429101816831,4.402424335479736,444436000.0
2019-10-09,4.479181153102585,4.538300997521796,4.450366737622319,4.488868713378906,292412000.0
2019-10-10,4.486632713369001,4.597419687455007,4.481416299085726,4.546497344970703,309124000.0
2019-10-11,4.63045798770267,4.70323953078141,4.611579398457308,4.620025157928467,446404000.0
2019-10-14,4.611329704263812,4.654303288741271,4.580279486712769,4.633437633514404,200040000.0
2019-10-15,4.723609141454484,4.950400027083253,4.709698226547822,4.877866268157959,664124000.0
2019-10-16,4.843834022264547,4.948659778379216,4.812783804173107,4.824210166931152,428944000.0
2019-10-17,4.868674204295252,4.913634858641434,4.771797203408737,4.826197624206543,263436000.0
2019-10-18,4.826694307935425,4.859235065815484,4.657532778080499,4.731804847717285,307440000.0
2019-10-21,4.793160569496206,4.882337095465651,4.774281981387723,4.868923187255859,261868000.0
2019-10-22,4.925805735135149,5.030879738541047,4.851285413998767,4.858985900878906,328720000.0
2019-10-23,4.777014158325373,4.860228515074197,4.745218670685841,4.846069812774658,279916000.0
2019-10-24,4.887305199480482,4.923571839345654,4.85327436910926,4.890038013458252,232020000.0
2019-10-25,4.970518687306741,5.1016747707713055,4.9628181995435785,5.080809116363525,423092000.0
2019-10-28,5.124527570807019,5.189112078588046,5.095216158575196,5.136699676513672,330792000.0
2019-10-29,5.122788692384218,5.12924737996355,5.021192759747854,5.040567874908447,211236000.0
2019-10-30,5.067396560297564,5.073109979768941,4.974494151837034,5.042556285858154,205960000.0
2019-10-31,5.021690323064044,5.042555981770884,4.913635680625914,4.993372440338135,209732000.0
2019-11-01,4.958099442770782,5.064664021687049,4.933010903968749,5.032371997833252,283640000.0
2019-11-04,5.1133473822613125,5.24127454529177,5.090246401867922,5.228854179382324,376716000.0
2019-11-05,5.228607194778429,5.254689258893449,5.158806284773975,5.206748008728027,300868000.0
2019-11-06,5.182654128470489,5.208239193813134,5.070127883140323,5.157565593719482,269012000.0
2019-11-07,5.244010732256229,5.258666443133301,5.130490920852668,5.175203323364258,280340000.0
2019-11-08,5.158310041158445,5.192837863322895,5.120801140764416,5.161290645599365,189100000.0
2019-11-11,5.16054684051113,5.194329402705062,5.074351393267429,5.171228408813477,243436000.0
2019-11-12,5.209480347760748,5.2626384845378045,5.174455523242987,5.206748008728027,283504000.0
2019-11-13,5.17545067895377,5.203023290736433,5.114592510291266,5.180915832519531,300188000.0
2019-11-14,5.189856654544302,5.213455119376441,5.129992037877597,5.211219310760498,518080000.0
2019-11-15,5.208983478352055,5.260651077434932,4.983931504042904,5.07211446762085,1053628000.0
2019-11-18,5.064663010624266,5.29965084203719,5.06168240582198,5.273072242736816,574588000.0
2019-11-19,5.242021578120452,5.265619570604348,5.108381428222747,5.166507244110107,414564000.0
2019-11-20,5.143656503190668,5.329460857686397,5.130987862956122,5.245749473571777,472588000.0
2019-11-21,5.241277291468851,5.296919043773521,5.199297238139873,5.220908164978027,288388000.0
2019-11-22,5.243512138827063,5.28996333238739,5.214945995609535,5.238544464111328,224100000.0
2019-11-25,5.366469835011879,5.499861698105738,5.353552936479406,5.494893550872803,506476000.0
2019-11-26,5.477257177288771,5.481977059647323,5.38385827655539,5.390316963195801,385244000.0
2019-11-27,5.435809325871139,5.470113709339363,5.398770112423443,5.425119876861572,215784000.0
2019-11-29,5.3942956186363,5.422633919033561,5.363967833757931,5.387832164764404,141556000.0
2019-12-02,5.380871533007133,5.394295337032082,5.186478142091579,5.20164155960083,372036000.0
2019-12-03,5.018185688510928,5.166093599459817,4.98089803166497,5.162116527557373,465232000.0
2019-12-04,5.245641335802909,5.268014027333972,5.17728054463059,5.205867767333984,273424000.0
2019-12-05,5.227744148479269,5.243404939480599,5.158388607295451,5.18896484375,184884000.0
2019-12-06,5.258069935828416,5.307041305159171,5.248126308412968,5.274227619171143,232236000.0
2019-12-09,5.251358034736814,5.328916621679605,5.242657597817423,5.274227619171143,211880000.0
2019-12-10,5.304308909637763,5.370930105959006,5.251608892913617,5.3192243576049805,256388000.0
2019-12-11,5.329662058843892,5.408214908065848,5.327176152168349,5.402745723724365,233796000.0
2019-12-12,5.373911964126551,5.588192169629249,5.364963076233889,5.570045471191406,404348000.0
2019-12-13,5.573026966414953,5.692099197676195,5.514111971870892,5.568055152893066,454704000.0
2019-12-16,5.615534511934864,5.669228766850408,5.58744419410932,5.596890449523926,320976000.0
2019-12-17,5.615536780813981,5.697569835117651,5.606090521582747,5.674948692321777,321196000.0
2019-12-18,5.709749502030859,5.7656812284331656,5.701297512416588,5.705275058746338,343548000.0
2019-12-19,5.739830048903232,5.866608507947781,5.734858233064986,5.853184700012207,445360000.0
2019-12-20,5.91955469427086,5.975734864041908,5.900413732209764,5.950379371643066,603044000.0
2019-12-23,5.978966489179975,6.011033882420966,5.9260180467716665,5.936707019805908,355060000.0
2019-12-24,5.92129499046584,5.948887942345335,5.886990136964135,5.931735515594482,138864000.0
2019-12-26,5.935216236710832,5.973995536815829,5.91632372070032,5.945905685424805,182852000.0
2019-12-27,5.961069375956618,5.974493181049771,5.861883899436355,5.8882341384887695,254644000.0
2019-12-30,5.866357775192789,5.871578037548779,5.743805359915575,5.775126934051514,258056000.0
2019-12-31,5.73982842397939,5.858652228527245,5.720687459973178,5.84920597076416,231004000.0
2020-01-02,5.934967621143992,5.963803291320801,5.884505079799994,5.963803291320801,237536000.0
2020-01-03,5.844233913695736,5.912097802856729,5.8193753167124,5.868346691131592,205384000.0
2020-01-06,5.77512766888247,5.898176996723833,5.749026353781372,5.892956733703613,262636000.0
2020-01-07,5.921295338837738,6.010040281790685,5.876301509096684,5.964300632476807,314856000.0
2020-01-08,5.960075367023141,6.016752920110511,5.920053346777654,5.97548770904541,277108000.0
2020-01-09,6.0617455010434655,6.113451228430026,5.987418636459854,6.041112899780273,255112000.0
2020-01-10,6.148253830514935,6.178581141333891,6.059260434267668,6.073429584503174,316296000.0
2020-01-13,6.156457378912361,6.288952968255434,6.133835764415242,6.263845920562744,319840000.0
2020-01-14,6.221088751738677,6.246444720752033,6.133835447619546,6.147010803222656,359088000.0
2020-01-15,6.15968906872303,6.182061762177155,6.0786502856138,6.104503154754639,263104000.0
2020-01-16,6.157948519655376,6.193993464647111,6.134581559774977,6.188027381896973,284192000.0
2020-01-17,6.207168278849511,6.2146260007402,6.149248013832999,6.196727752685547,253792000.0
2020-01-21,6.160186565756033,6.196977333866192,6.129361880964774,6.163418292999268,217916000.0
2020-01-22,6.208660534025002,6.303868469663997,6.189768016004906,6.217360973358154,239240000.0
2020-01-23,6.25738300125643,6.294173292221765,6.168638052545545,6.285721302032471,244516000.0
2020-01-24,6.40106482430508,6.450782022304533,6.172366566956607,6.226558208465576,373512000.0
2020-01-27,5.922289664238681,6.021972504994483,5.772890101483585,5.971012592315674,470536000.0
2020-01-28,6.036887321336886,6.196478957414824,5.983689951264804,6.164163112640381,310976000.0
2020-01-29,6.149745481810295,6.185790426975521,6.063983338200734,6.103757381439209,258848000.0
2020-01-30,6.006062188703586,6.1238917135787965,5.951125209315321,6.110467910766602,290504000.0
2020-01-31,6.064728525606393,6.076660689920249,5.835533393119387,5.87729549407959,370420000.0
2020-02-03,5.859149875876774,5.993634486380616,5.8529353441116,5.974245071411133,255564000.0
2020-02-04,6.115938854061318,6.162424332080712,6.065973200110566,6.143282890319824,271544000.0
2020-02-05,6.264093401410666,6.274285477663795,6.150241423451687,6.233517646789551,208220000.0
2020-02-06,6.26782374742976,6.320274829864502,6.1867849664456935,6.320274829864502,218284000.0
2020-02-07,6.280251702987878,6.302375943450668,6.228794423639679,6.254150390625,189752000.0
2020-02-10,6.276771965769414,6.537786055878757,6.2718001514092725,6.537040710449219,529608000.0
2020-02-11,6.645175522806371,6.7739424891195545,6.58327770993193,6.659344673156738,638556000.0
2020-02-12,6.712046013023903,6.781401561765247,6.673266704068935,6.774938106536865,374644000.0
2020-02-13,6.717016286330041,6.7983035102749065,6.689671780436804,6.731185436248779,528016000.0
2020-02-14,7.140853762856807,7.332512804476498,7.109532184607518,7.2037458419799805,1041924000.0
2020-02-18,7.100583231884326,7.390682416654508,7.081193817797439,7.372286796569824,620164000.0
2020-02-19,7.494589792085745,7.840620188422673,7.494589792085745,7.822970390319824,694332000.0
2020-02-20,7.774994988942748,7.863242571008195,7.366818273153727,7.673820972442627,810052000.0
2020-02-21,7.561710423065109,7.586817476808307,7.225374618533113,7.310142040252685,768180000.0
2020-02-24,6.716518843394687,7.006866456625877,6.662078754814775,6.793331623077393,856916000.0
2020-02-25,6.868405127821072,6.930302945472241,6.412500210276758,6.514171600341797,1055496000.0
2020-02-26,6.514418510830817,6.847274008302336,6.5129273459676815,6.653377532958984,747732000.0
2020-02-27,6.340222943534122,6.641191014108092,6.190734008300934,6.283014297485352,906416000.0
2020-02-28,6.0307988288926,6.777000110355166,6.014133807368848,6.717552661895752,1133252000.0
2020-03-02,6.887436477672803,6.904599164176833,6.491949845703625,6.87574577331543,890744000.0
2020-03-03,6.931462350616747,6.991158383309481,6.528264939840169,6.613580703735352,652792000.0
2020-03-04,6.720785207272471,7.086175006652993,6.646164806852356,7.076723098754883,597408000.0
2020-03-05,6.877487452109259,7.044139068065729,6.753120588691652,6.797644138336182,540328000.0
2020-03-06,6.618307294181749,6.675765011958639,6.417330292148614,6.617312431335449,515412000.0
2020-03-09,5.96712263032955,6.452153634610945,5.924340679442209,6.104921340942383,614160000.0
2020-03-10,6.381014650643406,6.4939398765563965,6.118600976007037,6.4939398765563965,580648000.0
2020-03-11,6.354152046429975,6.3825077726805,6.033534363514282,6.130540370941162,499964000.0
2020-03-12,5.607950277656812,5.873100416742841,5.367673605207644,5.380359172821045,816540000.0
2020-03-13,5.733312524970292,5.99498043118963,5.4624417815793365,5.990503311157227,634836000.0
2020-03-16,5.283352042146694,5.623868804393567,4.825433423913696,4.885129451751709,726972000.0
2020-03-17,4.997308549659035,5.493532478151604,4.750813652361393,5.404236793518066,833632000.0
2020-03-18,4.977161561552436,5.221915344621923,4.494120840313374,5.044816970825195,874268000.0
2020-03-19,5.023425962403423,5.390805960383329,4.810261552941919,5.2972822189331055,765512000.0
2020-03-20,5.447268674676942,5.728835253713744,5.102275202274465,5.117696762084961,804636000.0
2020-03-23,5.116701401410118,5.384588022377328,4.93786188180685,5.290317535400391,643876000.0
2020-03-24,5.696002435464178,6.284506733213007,5.672372901435857,6.197947025299072,1101644000.0
2020-03-25,6.312861800383095,6.512346261387869,6.060645815672692,6.109397888183594,793432000.0
2020-03-26,6.3163425364120025,6.522294267647864,6.2183416952223975,6.398425102233887,696108000.0
2020-03-27,6.21834418702446,6.544682958276273,6.185511337307723,6.286248683929443,638828000.0
2020-03-30,6.3516639125853,6.615321989617182,6.307638034053594,6.606118679046631,602252000.0
2020-03-31,6.646165375488359,6.850127441216497,6.41111206661912,6.556621551513672,949960000.0
2020-04-01,6.358877293798993,6.5051325489684855,6.0014468918111765,6.0459699630737305,656912000.0
2020-04-02,6.075072390870584,6.367583396823031,6.0270670594457165,6.354400634765625,675764000.0
2020-04-03,6.316841179647941,6.358379663037295,5.929562996468458,6.066864013671875,663212000.0
2020-04-06,6.348679878999139,6.712826240772359,6.291222162421738,6.676013469696045,727884000.0
2020-04-07,6.897385702203857,6.921015708413255,6.399918279480084,6.442949295043945,784520000.0
2020-04-08,6.5518937616188815,6.664818969916537,6.481999563429382,6.6399455070495605,542444000.0
2020-04-09,6.765558123153106,6.78844139261449,6.477524208175872,6.540453910827637,525564000.0
2020-04-13,6.480757551993029,6.720785644616619,6.392457189784047,6.712080001831055,398408000.0
2020-04-14,6.840176949824809,7.09687003324856,6.812567493136743,7.062793731689453,530948000.0
2020-04-15,6.894898243400246,7.068265763838534,6.849628905717081,6.985437393188477,366148000.0
2020-04-16,7.1406472096626326,7.4371376439735055,7.127464448617053,7.330182075500488,745620000.0
2020-04-17,7.412263676173463,7.433654883302121,7.137164469093302,7.270983219146728,539120000.0
2020-04-20,7.144627352201528,7.30033451878303,7.095626685846547,7.139901161193848,449388000.0
2020-04-21,7.022002163547339,7.083190258887159,6.64392677965587,6.703622817993164,735160000.0
2020-04-22,6.895645029430527,7.160297985277611,6.850127091236819,7.117515563964844,483356000.0
2020-04-23,7.159552544590378,7.291381131883478,7.03916511801574,7.064287185668945,424160000.0
2020-04-24,7.054088912190543,7.205069902972947,6.979468506658928,7.203080177307129,352328000.0
2020-04-27,7.337396152234377,7.54906850647414,7.312771282405198,7.389381408691406,479388000.0
2020-04-28,7.53663153895252,7.566479794148547,7.241633616006236,7.247105598449707,442904000.0
2020-04-29,7.381671326882136,7.476439012322255,7.306553724860844,7.423707485198975,379160000.0
2020-04-30,7.369731966325882,7.423707427424529,7.256060938526402,7.269989967346191,375916000.0
2020-05-01,7.072744411880323,7.185918254969449,6.985438902892825,7.033693313598633,342096000.0
2020-05-04,6.986432764934915,7.259045096885763,6.986432764934915,7.245364665985107,317556000.0
2020-05-05,7.349336431311147,7.468728519073253,7.245365430153509,7.306305408477783,368896000.0
2020-05-06,7.385652239722701,7.511760257103427,7.347844599338429,7.407042980194092,323464000.0
2020-05-07,7.54608282489044,7.646322475594118,7.49484383831785,7.583144187927246,373732000.0
2020-05-08,7.654779164225125,7.779146008402371,7.620951462311787,7.772927761077881,339216000.0
2020-05-11,7.76795505913149,8.071410544031213,7.739350734221137,8.024648666381836,469060000.0
2020-05-12,8.08235371634575,8.131105315022058,7.753279002014851,7.762979507446289,493060000.0
2020-05-13,7.87739824289948,8.037582561321718,7.556282865827379,7.740594863891602,625852000.0
2020-05-14,7.802031483373316,7.995297708511398,7.648562619276084,7.98982572555542,602312000.0
2020-05-15,7.849785489306927,8.457441536624478,7.834115337224185,8.447741508483887,987660000.0
2020-05-18,8.716127930897029,8.87133792590906,8.63653320763608,8.70592975616455,774460000.0
2020-05-19,8.74572658115145,9.041470783714418,8.71836571880114,8.760899543762207,717320000.0
2020-05-20,8.945459810615404,8.997196470671472,8.84372761897781,8.924566268920898,587536000.0
2020-05-21,9.005655143771433,9.006649532311567,8.693245401400757,8.730804443359375,761068000.0
2020-05-22,8.780548617812489,9.046943165034367,8.669116398399483,8.980530738830566,1038764000.0
2020-05-26,9.110370081279614,9.135244023656483,8.628075582392123,8.673593521118164,770780000.0
2020-05-27,8.581314301909094,8.589024607829826,7.956246272031052,8.482069969177246,1175892000.0
2020-05-28,8.369645091592178,8.716131740282727,8.336812230176335,8.44401741027832,734896000.0
2020-05-29,8.511172107077769,8.830546379089355,8.442024146641526,8.830546379089355,745256000.0
2020-06-01,8.788508985175579,8.795970693494391,8.645486899720394,8.761645317077637,389876000.0
2020-06-02,8.751697555312681,8.792489306850127,8.614147438930704,8.780550003051758,391320000.0
2020-06-03,8.777563885189648,8.821340689895296,8.65593255202078,8.725080490112305,365440000.0
2020-06-04,8.687755724694108,8.90201324294868,8.637488658846792,8.726078987121582,424280000.0
2020-06-05,8.753946142732019,8.955511743980372,8.667844854375696,8.878867149353027,481748000.0
2020-06-08,8.836318675946666,8.848760851346432,8.645701928817363,8.764402389526367,387736000.0
2020-06-09,8.759423633292464,9.067744989711962,8.710898494136034,9.004288673400879,468488000.0
2020-06-10,9.125477940681284,9.456195581866323,9.111292895481157,9.323559761047363,632180000.0
2020-06-11,9.1078077095288,9.21854464450774,8.745486794003435,8.75568962097168,583652000.0
2020-06-12,9.12025061846293,9.144886249217148,8.663117846022635,8.891310691833496,570908000.0
2020-06-15,8.77460413262687,9.139911559125864,8.703433037578094,9.131450653076172,400004000.0
2020-06-16,9.182463952946726,9.224021398349738,8.797994456053088,9.026684761047363,535716000.0
2020-06-17,9.071725930471368,9.256121053617616,9.028425617741286,9.193411827087402,408304000.0
2020-06-18,9.184453472998934,9.239697586467326,9.0724720336337,9.175495147705078,254408000.0
2020-06-19,9.19988217763818,9.401447821597747,9.184702291926111,9.218544960021973,524160000.0
2020-06-22,9.257117593182326,9.487301102199996,9.23049037631374,9.482821464538574,398468000.0
2020-06-23,9.506959593896608,9.598037964663789,9.364121900954425,9.40642547607422,375108000.0
2020-06-24,9.432555192603576,9.512435900600783,9.102334958406512,9.192915916442873,449372000.0
2020-06-25,9.312609776761736,9.461171600336776,9.139909742005443,9.446240425109863,376072000.0
2020-06-26,9.456194784156567,9.456194784156567,9.082923937413549,9.112785339355469,592084000.0
2020-06-29,9.127467403493844,9.162057151917535,8.858960660515779,9.157577514648438,342248000.0
2020-06-30,9.271054649920956,9.482325753485789,9.223774007149329,9.453957557678224,367892000.0
2020-07-01,9.476850244240778,9.53159694518685,9.369597135978692,9.48605728149414,326648000.0
2020-07-02,9.59455267019897,9.692598718504769,9.534082792451692,9.567926406860352,364056000.0
2020-07-06,9.69683113490446,9.863060925578766,9.667715860624158,9.7938814163208,315892000.0
2020-07-07,9.90038756505966,10.023566685048234,9.805327925441164,9.826231002807615,357800000.0
2020-07-08,9.947670485855047,10.177854998888964,9.919550999022553,10.168895721435549,365480000.0
2020-07-09,10.332386498774396,10.521261277875176,10.186312717025418,10.460542678833008,494548000.0
2020-07-10,10.53992323755913,10.606116305406612,10.33089154771138,10.430928230285645,497676000.0
2020-07-13,10.546148195203145,10.742488118147886,9.978775740373257,10.005900382995604,457076000.0
2020-07-14,10.028541788495506,10.354780666830044,9.740376500694476,10.32914924621582,542676000.0
2020-07-15,10.366229867151484,10.38489265076302,10.009382445924082,10.180091857910156,403984000.0
2020-07-16,9.968820569091442,10.159685972931204,9.84987143136345,10.088018417358398,344964000.0
2020-07-17,10.178349454335391,10.201243163954526,10.041234957876576,10.154459953308104,266284000.0
2020-07-20,10.226876681585614,10.482691654674758,10.109918156387948,10.462285995483398,284852000.0
2020-07-21,10.464522279095036,10.51130643491116,10.239315860666808,10.28087329864502,277036000.0
2020-07-22,10.319694993925742,10.553611049792725,10.244045222912812,10.390616416931152,367292000.0
2020-07-23,10.401814053155686,10.498366900172412,9.984995131598533,10.083041191101074,411660000.0
2020-07-24,9.829466600023125,10.316958282802544,9.731918901066056,10.147493362426758,473292000.0
2020-07-27,10.18506817123144,10.393601505544966,10.170634417210804,10.373445510864258,292132000.0
2020-07-28,10.326416465135027,10.334130290706716,10.162177290721331,10.168397903442385,271636000.0
2020-07-29,10.342840573086535,10.467761648057447,10.299292484130255,10.417245864868164,284508000.0
2020-07-30,10.32715949631909,10.574016079653706,10.247777173412944,10.565057754516602,308880000.0
2020-07-31,10.514541633004042,10.71685531257527,10.384892248538662,10.565804481506348,386080000.0
2020-08-03,10.683012873856836,11.047574145206552,10.665842352281864,10.959482192993164,412720000.0
2020-08-04,10.999047691929793,11.17597770690918,10.855711635123344,11.17597770690918,310336000.0
2020-08-05,11.192153640280631,11.319314022602224,11.114761945386586,11.234705924987791,249924000.0
2020-08-06,11.297415830981054,11.305628025623456,11.127204783408471,11.283231735229492,244316000.0
2020-08-07,11.260333634222496,11.451697344825252,10.98660214658185,11.147854804992676,342516000.0
2020-08-10,11.281987829661926,11.35564602075613,10.806439976810289,11.113517761230469,427796000.0
2020-08-11,11.022686125227102,11.0853962946979,10.745968163927468,10.799968719482422,354512000.0
2020-08-12,10.940071438029332,11.414125122757872,10.907721031284495,11.38749885559082,464412000.0
2020-08-13,11.492760654115996,11.667700995815364,11.303388455676876,11.390235900878906,374460000.0
2020-08-14,11.47683562197929,11.65078018715928,11.387748824908543,11.510679244995115,366436000.0
2020-08-17,11.796601013943912,12.35252593797957,11.76275834969038,12.280111312866213,621300000.0
2020-08-18,12.392591435062732,12.438379802232884,12.030519221573105,12.204214096069336,503448000.0
2020-08-19,12.2398005156155,12.2582145885956,12.042215177317894,12.082529067993164,622624000.0
2020-08-20,11.91978133978056,12.317936482744432,11.82397463554202,12.085015296936035,921388000.0
2020-08-21,12.145485258162156,12.74968661731478,12.139014987859298,12.625014305114746,999868000.0
2020-08-24,12.82434125696798,12.852959104530782,12.449825930553745,12.661595344543455,490564000.0
2020-08-25,12.57250841350876,12.702406509210157,12.515771085101091,12.691208839416504,289076000.0
2020-08-26,12.74023159092039,12.809162381604702,12.619291819047708,12.714102745056152,321244000.0
2020-08-27,12.722561844110212,12.790746493496862,12.50855309966064,12.570018768310549,317604000.0
2020-08-28,12.61655683094012,13.087375442447696,12.584206419909007,13.08712673187256,537160000.0
2020-08-31,13.121962673479883,13.5124040273609,12.977631777675004,13.31282901763916,500840000.0
2020-09-01,13.421858060233896,13.933392246926289,13.37854573615063,13.761387825012209,511316000.0
2020-09-02,14.640326683053306,14.663228189204778,13.840043530473611,14.284618377685549,874012000.0
2020-09-03,13.76910292266537,13.824612353112618,12.823200691803295,12.95936107635498,945128000.0
2020-09-04,12.728609755391352,13.118172794342431,11.654264257485757,12.568056106567385,1463684000.0
2020-09-08,11.683888696566935,12.495871679957675,11.653769568298458,11.861618995666504,795728000.0
2020-09-09,12.346515345038622,12.75400040657726,12.17899096545241,12.660157203674316,736200000.0
2020-09-10,12.933222509533438,13.008894904760483,12.11451882803972,12.258645057678224,698684000.0
2020-09-11,12.431645530559448,12.59792501247705,11.844439062362628,12.112030029296877,636928000.0
2020-09-14,13.024579895343456,13.257569871709803,12.576769791725022,12.816729545593262,1201744000.0
2020-09-15,13.222720077777511,13.24138939468092,12.772421205731272,12.934967041015623,727556000.0
2020-09-16,12.901363965653175,13.036279497509602,12.459777250368292,12.46052360534668,556384000.0
2020-09-17,12.07991998724421,12.535447115383796,11.98284068441075,12.409741401672363,792512000.0
2020-09-18,12.539430184632224,12.5780127428793,11.937040148177086,12.136674880981444,698460000.0
2020-09-21,11.873565272826935,12.468487983542184,11.85315351112342,12.463260650634766,721044000.0
2020-09-22,12.520761299174335,12.593446389874003,12.103071287394512,12.583240509033203,646452000.0
2020-09-23,12.521257209528594,12.672104438360137,12.027148498974409,12.071455955505373,647012000.0
2020-09-24,12.020179888363415,12.51528473621098,11.962180709019703,12.294739723205566,731240000.0
2020-09-25,12.393811062020282,12.82793035635289,12.192931457497624,12.818222045898438,588016000.0
2020-09-28,12.984004264530531,12.995455019452848,12.695006353439096,12.978776931762695,573808000.0
2020-09-29,12.881695491175352,13.384766127084744,12.87746424849451,13.168702125549316,621460000.0
2020-09-30,13.100749000983756,13.563743503042677,13.093530438991555,13.472140312194824,689184000.0
2020-10-01,13.698657000160974,13.70338581276722,13.402688405534295,13.55577564239502,525004000.0
2020-10-02,13.167962050254324,13.461191296025149,12.994711760982373,13.005913734436035,552496000.0
2020-10-05,13.178910712130936,13.585399709035006,13.165717512425775,13.583657264709473,479820000.0
2020-10-06,13.770348670376706,14.081003232270978,13.60606038275203,13.677251815795898,784420000.0
2020-10-07,13.939363769519542,14.058348479063966,13.803700974994964,13.903767585754396,418084000.0
2020-10-08,14.014293230360344,14.023752757482931,13.698661038381376,13.779062271118164,378900000.0
2020-10-09,13.70762040717948,13.764623499410623,13.601828874328715,13.703388214111328,346892000.0
2020-10-12,13.929162583835511,14.285120743179126,13.852495023199436,14.164642333984377,434744000.0
2020-10-13,14.234835409119126,14.28661116418,13.958283407222073,14.186793327331545,344604000.0
2020-10-14,14.228862717598036,14.280887264715126,13.899788560818896,14.03445529937744,276100000.0
2020-10-15,13.751179945542122,13.945338546007145,13.70836519762374,13.909743309020996,267224000.0
2020-10-16,13.976207032310032,14.060591666359802,13.733010226412944,13.751928329467772,242392000.0
2020-10-19,13.843030038664187,13.923182456822538,13.348920434313904,13.439528465270996,298068000.0
2020-10-20,13.524911318681056,13.740229003199504,13.448741340593113,13.586644172668455,229212000.0
2020-10-21,13.566234215252187,13.732016177737718,13.419370357324816,13.466416358947754,219596000.0
2020-10-22,13.464174825263315,13.553039484968712,13.174678386058064,13.30337142944336,290480000.0
2020-10-23,13.391987145890786,13.534619742053748,13.233922285663484,13.53163242340088,233484000.0
2020-10-26,13.369086871327628,13.633690573268522,12.98226233213433,13.084568977355955,336896000.0
2020-10-27,13.248608056703024,13.384022089343704,13.134601874770125,13.338967323303224,250520000.0
2020-10-28,13.14107170884122,13.20280455155051,12.554612551785183,12.572534561157228,376520000.0
2020-10-29,12.783124891809354,13.135846892018511,12.695006587997325,12.967824935913086,320080000.0
2020-10-30,12.794573559222506,12.880699670171047,12.246945723499536,12.479936599731444,416820000.0
2020-11-02,12.603154900907724,12.781382741885674,12.3415385171396,12.526487350463867,299652000.0
2020-11-03,12.653685165437649,13.048474603240864,12.548391206447642,12.963343620300291,272900000.0
2020-11-04,13.3314969758633,13.767857179588608,13.279472440749409,13.734749794006348,410228000.0
2020-11-05,14.101416293227553,14.277154402963731,13.9306557824455,14.098926544189451,319028000.0
2020-11-06,14.048893303720725,14.525827429197236,13.83507019870721,14.49919319152832,383348000.0
2020-11-09,14.489730948690765,14.62813134375432,13.55204339364055,13.571956634521484,582976000.0
2020-11-10,13.547812230313848,13.547812230313848,12.573782058299438,12.714920997619627,644068000.0
2020-11-11,12.997445519056676,13.377051459709095,12.892400350122854,13.360124588012695,404744000.0
2020-11-12,13.4208615944081,13.706623391136638,13.258564550225856,13.398707389831545,365812000.0
2020-11-13,13.56847323205472,13.609794327141808,13.00292326551335,13.23964786529541,346312000.0
2020-11-16,13.11568372017377,13.590626548003572,13.099255366942009,13.456955909729004,413776000.0
2020-11-17,13.494048066795864,13.537609183867051,13.246371187253004,13.364359855651855,312028000.0
2020-11-18,13.407169259990862,13.547063298311084,13.128128487665084,13.370826721191406,510924000.0
2020-11-19,13.155758820653856,13.429323476395687,13.04349510107986,13.382277488708496,565936000.0
2020-11-20,13.395969898317098,13.436294899913538,13.008646866876624,13.031299591064451,341088000.0
2020-11-23,13.11443868783319,13.324776855880762,12.959360212033532,13.08332347869873,361356000.0
2020-11-24,13.085813935486796,13.105229608148392,12.829424883595962,12.901861190795898,346500000.0
2020-11-25,12.976289464632114,13.212266767837656,12.963843568606508,13.177666664123535,259916000.0
2020-11-27,13.317307960603586,13.349668040216631,13.11368985820199,13.20404815673828,167276000.0
2020-11-30,13.20778593658098,13.354649779706577,12.916298264592438,13.34369659423828,286952000.0
2020-12-01,13.434054894917562,13.470397438236995,13.171192706053294,13.332245826721191,296948000.0
2020-12-02,13.29291480796753,13.614521552293276,13.177166196219105,13.486078262329102,283360000.0
2020-12-03,13.532891248388983,13.605100097734832,13.275431014926465,13.342161178588867,199520000.0
2020-12-04,13.39445162015682,13.50550425084526,13.33494214405076,13.503761291503906,202244000.0
2020-12-07,13.546584299478042,13.676061924602871,13.445741541863304,13.552062034606934,223244000.0
2020-12-08,13.530399915409005,13.544094728114343,13.228119551989275,13.296344757080078,271920000.0
2020-12-09,13.247043357447485,13.360086828024684,12.816530607506692,12.878779411315918,401300000.0
2020-12-10,12.817278981162264,13.01622611811567,12.797856623609862,12.920113563537598,207764000.0
2020-12-11,12.915132393146711,12.96767096745661,12.77146224084269,12.96094799041748,209264000.0
2020-12-14,13.035398774169176,13.334939820019592,13.024941019943634,13.255261421203612,270156000.0
2020-12-15,13.385733618093893,13.40988618458932,13.133751149437082,13.306802749633787,193016000.0
2020-12-16,13.368552602157862,13.383243798398896,13.159396585899268,13.189276695251465,223116000.0
2020-12-17,13.313028850638313,13.325728231536273,13.12553583695301,13.28763198852539,231384000.0
2020-12-18,13.325225877564549,13.35112139930118,13.017966483918377,13.218656539916992,342064000.0
2020-12-21,13.02220170883082,13.316265019825284,12.915382540524025,13.278666496276855,302332000.0
2020-12-22,13.265716747783005,13.283644051791372,13.001532647943677,13.224881172180176,185580000.0
2020-12-23,13.202723635386256,13.221647327480651,12.952732952772791,12.956965446472168,179144000.0
2020-12-24,12.984852485701106,13.079719802401335,12.88674905910573,12.941527366638184,97884000.0
2020-12-28,13.010001354735069,13.010001354735069,12.711954400513704,12.848154067993164,212564000.0
2020-12-29,12.873052511880598,13.01995972337383,12.790634778448547,12.891228675842283,170372000.0
2020-12-30,12.938041984526889,13.160643991606976,12.844918572910682,13.092917442321776,225396000.0
2020-12-31,13.083702589161886,13.098143976917555,12.863092439192677,13.002530097961426,192424000.0
2021-01-04,13.051582318788371,13.597629030369667,12.910401695595096,13.060794830322266,560640000.0
2021-01-05,13.04710135296224,13.389469813350296,13.03440292226786,13.350875854492188,322760000.0
2021-01-06,13.169357986731624,13.191767596146793,12.53541670344203,12.563801765441896,580424000.0
2021-01-07,12.915380241095589,13.323982009030514,12.834706422620524,13.290367126464844,461480000.0
2021-01-08,13.308793649429084,13.36705786522473,12.989581430224522,13.223387718200684,292528000.0
2021-01-11,13.36481806161411,13.904889317137515,13.30879451781324,13.566753387451172,518344000.0
2021-01-12,13.697227113464349,13.69921988075956,13.291365574551168,13.430553436279297,291476000.0
2021-01-13,13.4357823822842,13.570240034440598,13.331204841612394,13.477364540100098,210028000.0
2021-01-14,13.520443697293608,13.545093987188276,13.127529360491131,13.147199630737305,283120000.0
2021-01-15,13.174833267369788,13.271692381711922,12.796859128798951,12.807814598083496,277780000.0
2021-01-19,12.963936740649542,13.0413744649296,12.79237922661994,12.972901344299316,226188000.0
2021-01-20,13.059053812640212,13.37652314326574,13.00427550233514,13.312033653259276,258572000.0
2021-01-21,13.364571727485036,13.942988188446147,13.199737174502609,13.811767578125,337780000.0
2021-01-22,13.684778315815404,13.786119751969078,13.572481408125672,13.657388687133787,246820000.0
2021-01-25,13.72635884482473,13.772921018082734,13.183300345613404,13.59837532043457,251112000.0
2021-01-26,13.52591884373518,13.589910611709367,13.33369468135409,13.381253242492676,163980000.0
2021-01-27,13.176826544521976,13.17956588706727,12.742330152960973,12.865832328796388,371272000.0
2021-01-28,12.944017154210291,13.28613673623266,12.90841044886563,12.998546600341797,228316000.0
2021-01-29,13.022452108878888,13.281158552748106,12.85960937349945,12.937544822692873,271552000.0
2021-02-01,13.000788099819756,13.217413681369504,12.85089267680462,13.183799743652344,217204000.0
2021-02-02,13.34489999474332,13.517452941241546,13.232104423210238,13.502264976501465,220440000.0
2021-02-03,13.581194289613904,13.87575623581958,13.462175370601546,13.476119041442873,245408000.0
2021-02-04,13.476619285849225,13.618546504869126,13.284146250549629,13.609333992004396,201340000.0
2021-02-05,13.669838214950548,13.682038927768824,13.491307924573183,13.536375999450684,169152000.0
2021-02-08,13.67207952886359,14.415579319657386,13.67207952886359,14.380720138549805,434624000.0
2021-02-09,14.283112900004856,14.524638573331767,14.165338264412211,14.205924987792969,287560000.0
2021-02-10,14.405118526839988,14.845092591051662,14.283857993918453,14.70490837097168,485352000.0
2021-02-11,14.92004484464226,15.21087111646074,14.865016726806148,15.189456939697266,450828000.0
2021-02-12,14.9895124212216,15.229792846310929,14.715617109549685,14.901119232177734,374756000.0
2021-02-16,15.00370597669408,15.310717529206354,14.88991497110362,15.268636703491213,321960000.0
2021-02-17,15.11002559817303,15.162315316732863,14.720597275681127,14.846091270446776,274756000.0
2021-02-18,14.669804025488334,14.813474199049631,14.516422672580028,14.769402503967283,233868000.0
2021-02-19,14.96411418170516,15.116001413378491,14.787078950270825,14.86650848388672,271724000.0
2021-02-22,14.71536845518802,15.072428084036344,14.267426101767738,14.298052787780762,325884000.0
2021-02-23,14.018680862200869,14.181524533940966,13.335686902429352,14.085163116455078,391780000.0
2021-02-24,14.06598916049394,14.448445641095974,13.700712460905953,14.440726280212402,448320000.0
2021-02-25,13.989049754794058,14.316976805653484,13.16313319589413,13.254015922546388,824436000.0
2021-02-26,13.697226388407962,13.798816671905104,13.307300359607096,13.659379959106444,500932000.0
2021-03-01,13.819234727310848,13.869033961341506,13.498778190317395,13.786118507385254,353184000.0
2021-03-02,13.844133522659885,13.864551312583613,13.342159459835498,13.352368354797363,264116000.0
2021-03-03,13.37228948153276,13.39743748342225,12.747310913046222,12.753287315368652,377592000.0
2021-03-04,12.749303604657026,12.922853894741422,12.035185217858675,12.320533752441406,573344000.0
2021-03-05,12.499561345964048,12.499561345964048,11.632310492022055,12.411417007446287,542840000.0
2021-03-08,12.399962837749444,12.421127205316727,11.520013555432708,11.546656608581545,543112000.0
2021-03-09,12.085667607908784,12.570379359155847,12.014928455750928,12.474234580993652,521824000.0
2021-03-10,12.793305748971898,12.932292694520743,12.411714009519088,12.42242431640625,384376000.0
2021-03-11,12.902406344963806,12.998303141845817,12.68769846594518,12.945746421813965,299916000.0
2021-03-12,12.601763379126412,12.841379915385886,12.543727990467412,12.80875015258789,243964000.0
2021-03-15,12.817467955931283,13.158211007285876,12.720326450748011,13.142767906188965,221988000.0
2021-03-16,13.30741075593314,13.462837548611631,13.068541996245395,13.242401123046877,272128000.0
2021-03-17,12.99182690409722,13.403807057347713,12.941761527782203,13.292219161987305,243864000.0
2021-03-18,13.088219157514716,13.13554423645725,12.67026061604295,12.675740242004396,293896000.0
2021-03-19,12.703138366761952,12.874008237088663,12.566143927350314,12.79853630065918,299208000.0
2021-03-22,12.865289755863182,13.34526863218992,12.85931129182006,13.137784004211426,297804000.0
2021-03-23,13.205536681234245,13.29545500368924,12.973393215824771,13.022711753845217,222048000.0
2021-03-24,13.1029150856388,13.110886055698332,12.59030636238717,12.596532821655272,245840000.0
2021-03-25,12.45356156367243,12.668020482645495,12.22689771964549,12.489179611206056,295144000.0
2021-03-26,12.508357423671487,12.8089985687058,12.328022905586126,12.79206085205078,363968000.0
2021-03-29,12.77313070071198,13.0144907889492,12.653322911949298,12.900660514831545,273520000.0
2021-03-30,12.79480042870209,12.927560916338413,12.658303875869729,12.824440956115724,200204000.0
2021-03-31,12.967662254162988,13.420989848582142,12.934783551601091,13.299189567565918,314776000.0
2021-04-01,13.522368421618353,13.819023625386851,13.461591793310602,13.760988235473633,308276000.0
2021-04-05,13.816531631922624,13.962492820296005,13.682525472140757,13.936090469360352,255672000.0
2021-04-06,13.948296742716591,14.0025960659606,13.722878585220863,13.810554504394531,191744000.0
2021-04-07,13.829733469793656,14.191150299741128,13.661105981821104,14.09151840209961,251284000.0
2021-04-08,14.20036660361676,14.418312621618602,14.196629588023145,14.26438045501709,244416000.0
2021-04-09,14.161757312554489,14.355044524089577,14.122901094858856,14.347073554992676,195172000.0
2021-04-12,14.237230908904042,15.296074841669364,14.087283745856782,15.153101921081545,869324000.0
2021-04-13,15.175519477903563,15.642297740883008,15.070158056314495,15.621872901916504,676212000.0
2021-04-14,15.567572446035657,15.662721441224472,15.17153336500174,15.22085189819336,385500000.0
2021-04-15,15.604932517003602,16.154654730181758,15.57404632136074,16.077938079833984,598480000.0
2021-04-16,15.993997110783743,16.10633370444491,15.80693731789142,15.85401439666748,335208000.0
2021-04-19,15.479397321409936,15.74940120021796,15.17701262664388,15.305289268493652,404420000.0
2021-04-20,15.266930774723033,15.440042098301998,14.90800531574817,15.115489959716797,334132000.0
2021-04-21,15.063181592433518,15.306036274534817,15.046742716044934,15.304043769836426,216776000.0
2021-04-22,15.318491630862203,15.381758649575245,14.729165313862191,14.79567050933838,277788000.0
2021-04-23,14.87936081660606,15.278638067216274,14.84548633446587,15.209144592285156,227500000.0
2021-04-26,15.129191549679522,15.422110695504312,15.069411647383998,15.421113967895508,197796000.0
2021-04-27,15.521242850194149,15.61290472261558,15.298066158653665,15.32521629333496,164572000.0
2021-04-28,15.30802899668714,15.475162801608883,15.159576467603044,15.220601081848145,209416000.0
2021-04-29,15.343400960325498,15.37976679134769,15.016108481125764,15.268427848815918,173196000.0
2021-04-30,15.118728737053257,15.308527889547474,14.941880391047532,14.954334259033203,201912000.0
2021-05-03,15.069409466583876,15.190711864139518,14.733150296570749,14.782218933105469,203912000.0
2021-05-04,14.583454922762677,14.583703867134822,13.958759426276734,14.298505783081056,405324000.0
2021-05-05,14.65493927929447,14.759055975565776,14.334621071122196,14.405360221862791,292024000.0
2021-05-06,14.441974587843967,14.517695473850004,14.165744240795116,14.469622611999512,193380000.0
2021-05-07,14.7538265361417,14.915728739355696,14.617827849292928,14.757811546325684,229328000.0
2021-05-10,14.732901783793752,14.751583061695198,14.197626779371475,14.213318824768066,268904000.0
2021-05-11,13.774189592576713,14.301992504029124,13.699465425742892,14.253670692443848,285584000.0
2021-05-12,13.958010377250185,14.20783933441675,13.658864784297744,13.70793342590332,303408000.0
2021-05-13,13.982168959151704,14.028997093833176,13.409531488565989,13.615023612976074,285404000.0
2021-05-14,13.838951467039104,14.275341444847529,13.697971040090284,14.190653800964355,258616000.0
2021-05-17,14.104966887360307,14.11717181044514,13.80258314797826,14.113435745239258,216980000.0
2021-05-18,14.214565990259484,14.35131151460924,13.952532083750327,13.964239120483398,186256000.0
2021-05-19,13.516638780467645,14.027753839066552,13.493474603613125,14.01405429840088,344000000.0
2021-05-20,14.24993109761989,14.629780197695082,14.218049123725091,14.558792114257812,321592000.0
2021-05-21,15.108019017237964,15.16605535919213,14.8148509253001,14.936651229858398,672992000.0
2021-05-24,15.156587276111615,15.687130380411435,15.120221451786636,15.554619789123535,554816000.0
2021-05-25,15.708055773561384,15.760362594796842,15.4255979887206,15.590240478515623,435408000.0
2021-05-26,15.676423080242676,15.735704145609564,15.52896724992977,15.642298698425291,370440000.0
2021-05-27,15.642048790934531,15.692114160752126,15.403180033259336,15.431077003479004,581476000.0
2021-05-28,15.444025537675882,16.21767121400857,15.444025537675882,16.184791564941406,644536000.0
2021-06-01,16.210196302776403,16.328011541094536,15.84479366281761,16.204715728759766,472804000.0
2021-06-02,16.192513735506356,16.856564032625176,16.17582496751519,16.71657943725586,594168000.0
2021-06-03,16.639374356269755,17.195573188555496,16.522056925487203,16.907384872436523,580008000.0
2021-06-04,17.04960902455998,17.596093290887584,17.032673204029777,17.513648986816406,617120000.0
2021-06-07,17.5066719180592,17.747034348298172,17.12956302093456,17.554244995117188,575756000.0
2021-06-08,17.46283462472556,17.55673796608518,17.18759905493115,17.39284324645996,323848000.0
2021-06-09,17.45537445495699,17.5144200997862,17.196270441472134,17.298416137695312,381656000.0
2021-06-10,17.290192689067965,17.431703394406398,17.11679270243008,17.364933013916016,287772000.0
2021-06-11,17.419248285060828,17.877414660065863,17.383622077318115,17.76380729675293,416308000.0
2021-06-14,17.844281675128062,17.977320675326887,17.60187021649912,17.956642150878906,321376000.0
2021-06-15,17.85325126082189,17.954151966900646,17.666895541106463,17.72718620300293,243032000.0
2021-06-16,17.729429695958256,17.892863983016543,17.52388945392148,17.74886131286621,307124000.0
2021-06-17,17.713228953536802,18.7700724705494,17.69504235018329,18.59293556213379,809656000.0
2021-06-18,18.71925259251508,19.308215040452524,18.519941225336265,18.57450294494629,968856000.0
2021-06-21,18.371703230531587,18.472605819565104,17.76131527148521,18.363731384277344,672384000.0
2021-06-22,18.40783011403876,18.89838379536261,18.32262411331532,18.82164764404297,580144000.0
2021-06-23,18.942231092149555,19.086731742850937,18.842575405432253,18.991559982299805,332356000.0
2021-06-24,19.161473823483934,19.35306044926967,19.022453105749324,19.139299392700195,320924000.0
2021-06-25,19.214039016111,19.27881548823382,18.82936990769069,18.96539878845215,278364000.0
2021-06-28,19.2945122634454,20.009539746281707,19.25240821728546,19.916112899780277,495436000.0
2021-06-29,19.81396615542745,20.02947022509064,19.589243331185592,19.957719802856445,367632000.0
2021-06-30,19.93031096241236,20.09299819265169,19.795278090307768,19.933549880981445,326568000.0
2021-07-01,20.05563016064401,20.38548859722356,19.949994640023817,20.14233016967773,480136000.0
2021-07-02,20.369790056845883,20.43456652516882,20.217815593150004,20.416378021240234,342764000.0
2021-07-06,20.666014703465517,20.7701542975296,20.28010060215077,20.62714958190918,446708000.0
2021-07-07,20.78161883623467,20.8030443612869,20.26191679953485,20.301528930664062,418428000.0
2021-07-08,19.788060334527767,20.06360610828988,19.632846891325155,19.83415031433105,503300000.0
2021-07-09,19.893693109398352,20.01103741735003,19.68616085743289,19.98114013671875,296624000.0
2021-07-12,20.170231770581537,20.461972057856865,20.118161969430805,20.44179344177246,321984000.0
2021-07-13,20.3301792451846,20.39072079918301,20.044667777946696,20.180198669433597,290708000.0
2021-07-14,20.287570843371867,20.34736347367335,19.68465691083384,19.773099899291992,380100000.0
2021-07-15,19.743461697812517,19.77858990639633,18.793496553631783,18.90087509155273,550564000.0
2021-07-16,18.96490214619044,19.09096527868611,18.01070219908961,18.098398208618164,688224000.0
2021-07-19,17.853499010534822,18.97636427748189,17.803919215628007,18.71501922607422,749060000.0
2021-07-20,18.665435297973318,18.77306281313049,18.10138637367849,18.54784202575684,434687000.0
2021-07-21,18.816917712646816,19.459694990370284,18.67740087125856,19.343097686767575,371017000.0
2021-07-22,19.574289793246415,19.81844415855121,19.209550352543133,19.52645492553711,323826000.0
2021-07-23,19.58824901824623,19.63209798066953,19.18364829908256,19.49058723449707,195672000.0
2021-07-26,19.244436793032506,19.374983858977348,18.848803969588506,19.227495193481445,203943000.0
2021-07-27,19.198593120837312,19.554362894991016,18.676399176562164,19.14179039001465,248863000.0
2021-07-28,19.25240996755945,19.57828250324593,18.92952734973812,19.435775756835938,202191000.0
2021-07-29,19.451718199146026,19.78456845561129,19.261376580692936,19.594226837158203,190781000.0
2021-07-30,19.351065420539463,19.562334550057216,19.19660092206327,19.431787490844727,183497000.0
2021-08-02,19.63209411744404,19.892194121271995,19.29426196374256,19.681921005249023,217444000.0
2021-08-03,19.671954243501315,20.15229309655213,19.15374627337289,19.74669647216797,301811000.0
2021-08-04,19.9210953580706,20.24796577919976,19.759653109158855,20.204116821289062,231309000.0
2021-08-05,20.429337660982515,20.661534325497566,20.27188133525049,20.56586456298828,211435000.0
2021-08-06,20.453255584823054,20.499096555119213,20.140336838007727,20.295799255371094,178497000.0
2021-08-09,20.37552667672377,20.437313251264435,20.073571547056734,20.225048065185547,146443000.0
2021-08-10,20.25195203394984,20.359579568061065,19.76662927363891,19.86728286743164,179238000.0
2021-08-11,19.973913844041807,19.979893679889088,19.363027803581907,19.63109970092773,185925000.0
2021-08-12,19.8015046242551,19.959955011257037,19.55236642863463,19.83638381958008,151652000.0
2021-08-13,19.83639035283201,20.144325279245585,19.78257563330717,20.1184139251709,183063000.0
2021-08-16,20.065593064053427,20.217069532094754,19.385942869614865,19.8812313079834,210876000.0
2021-08-17,19.61714508254788,19.70185307512891,19.20058666248463,19.390928268432617,204585000.0
2021-08-18,19.43278444637405,19.56632333039317,18.93450792210805,18.9743709564209,285913000.0
2021-08-19,19.426802456904166,20.42435330122104,18.697325356525397,19.729755401611328,766555000.0
2021-08-20,19.92209227489408,20.79308023295475,19.864293533156975,20.74424934387207,675741000.0
2021-08-23,20.89871354691562,21.92117599317164,20.877786025238045,21.88231086730957,575807000.0
2021-08-24,21.678017210916853,21.88330650113912,21.460768250925423,21.717878341674805,297299000.0
2021-08-25,21.6620716880842,22.392544826376568,21.64712400159845,22.136430740356445,347701000.0
2021-08-26,22.123474959245595,22.26299175585613,21.71488842565147,21.99193000793457,237940000.0
2021-08-27,22.10753036152277,22.64367594787588,22.090588763919488,22.557971954345703,304722000.0
2021-08-30,22.751307262334937,22.963572419378465,22.473269615708634,22.60979652404785,262580000.0
2021-08-31,22.62075868040585,22.62075868040585,22.047640789736928,22.3117733001709,259850000.0
2021-09-01,22.41144663929597,22.622753028655936,22.283865100248764,22.367589950561523,201767000.0
2021-09-02,22.44433738767981,22.51909280352411,22.222067304803737,22.322736740112305,187834000.0
2021-09-03,22.2519691858628,22.91080616281464,22.12737809725463,22.768274307250977,280532000.0
2021-09-07,22.758307882725692,22.82409196545465,22.4483244181334,22.587867736816406,198107000.0
2021-09-08,22.439353122725205,22.53603592576677,21.90510535200124,22.26592254638672,254434000.0
2021-09-09,22.239014571951014,22.464275126748724,22.058606891844985,22.104455947875977,196856000.0
2021-09-10,22.274890843403057,22.55198127895653,22.19714689291508,22.40446662902832,248376000.0
2021-09-13,22.609797693327096,22.888882461215875,21.786499434109167,22.079538345336918,297500000.0
2021-09-14,22.202135861768,22.336694491367744,22.013754920994057,22.16924476623535,199755000.0
2021-09-15,22.236022722228476,22.29383355511717,21.89414433460613,22.26791763305664,166538000.0
2021-09-16,22.11043774594107,22.20413012563793,21.855274630502613,22.16924476623535,156033000.0
2021-09-17,22.22704878803294,22.24797999904509,21.758586993159383,21.828357696533203,294503000.0
2021-09-20,21.076826867613956,21.36288868385768,20.594410879277827,21.04393577575684,349440000.0
2021-09-21,21.346942396030222,21.354915649191057,20.88147094862816,21.176502227783203,204688000.0
2021-09-22,21.296102923922355,21.88815958745192,21.12665898244096,21.86922264099121,268726000.0
2021-09-23,22.067572722802016,22.461281014018837,21.818390548782627,22.40845489501953,248555000.0
2021-09-24,21.99780819701229,22.0765502575946,21.789492206033103,22.008771896362305,217655000.0
2021-09-27,21.63897942821553,21.72768898320493,21.25524054701434,21.58914375305176,245215000.0
2021-09-28,21.144603190689025,21.3489324966882,20.58344330923957,20.63128662109375,343069000.0
2021-09-29,20.871497126516758,20.948244893055964,20.400043030002205,20.449880599975582,218394000.0
2021-09-30,20.700067181166297,20.997092752868166,20.62032893852436,20.648237228393555,221009000.0
2021-10-01,20.68212181172919,20.79076450155357,20.13691029679446,20.674148559570312,240978000.0
2021-10-04,20.436923825487423,20.474799620417603,19.49102893557556,19.667449951171875,345635000.0
2021-10-05,19.88473568086204,20.58045217530821,19.78904906919752,20.384096145629883,279282000.0
2021-10-06,20.05418346760077,20.65221920211436,20.014313404708272,20.632286071777344,297202000.0
2021-10-07,21.023002332349662,21.252251394930184,20.90339594423825,21.006059646606445,256919000.0
2021-10-08,21.031972742875528,21.136628803152057,20.707038964304346,20.76285552978516,151258000.0
2021-10-11,20.50769388237572,20.994096456605053,20.44390216537423,20.62730026245117,163388000.0
2021-10-12,20.75986813338381,20.98811913708901,20.460850231226797,20.603382110595703,162134000.0
2021-10-13,20.849571259430128,20.921336231312484,20.645241941754325,20.870502471923828,180652000.0
2021-10-14,21.2183637297649,21.683835156792203,21.05290637670848,21.67486572265625,243589000.0
2021-10-15,21.738651631224155,21.85925608854613,21.591136975232704,21.79048156738281,226994000.0
2021-10-18,21.677858693551304,22.21808560723997,21.573200707932173,22.149311065673828,189494000.0
2021-10-19,22.20313074793577,22.30579445739423,21.964914136514288,22.217086791992188,161473000.0
2021-10-20,22.232031898354265,22.3596134186874,21.91008860370206,22.03069305419922,146276000.0
2021-10-21,22.02472000769744,22.636711910105085,22.01076586305689,22.617773056030277,187590000.0
2021-10-22,22.74833799814001,23.054332903700523,22.487195958001656,22.651655197143555,249384000.0
2021-10-25,22.897844376112094,23.278594648848006,22.69550936414232,23.09021377563477,230235000.0
2021-10-26,23.910523636622,25.176369464220407,23.845735742786594,24.636140823364254,485898000.0
2021-10-27,24.39394293454579,25.007927133813123,24.20256965592996,24.371017456054688,245990000.0
2021-10-28,24.79662140845552,24.868386389920456,24.44278311127633,24.85941505432129,234204000.0
2021-10-29,24.91921563206718,25.624899789420567,24.91821945080861,25.48336410522461,292503000.0
2021-11-01,25.56509454291213,25.80929200930688,25.144474150231424,25.742511749267575,265740000.0
2021-11-02,25.73753541354088,26.590734389786405,25.71560611433414,26.314640045166016,294112000.0
2021-11-03,26.582755112755702,26.69638250653968,26.14917865065421,26.510990142822266,239910000.0
2021-11-04,27.139927249878586,31.26239704427072,27.02929029769168,29.703514099121094,1153631000.0
2021-11-05,30.088252938531244,31.29728433418583,29.313794225323047,29.65467643737793,851260000.0
2021-11-08,30.05037382681619,30.998263036065406,29.80916490281104,30.70323181152344,503101000.0
2021-11-09,32.17639321074579,32.20430148905524,29.865975592934475,30.55670738220215,646746000.0
2021-11-10,29.25996714814897,30.749079234219863,28.683856969426465,29.362628936767575,636206000.0
2021-11-11,30.368332333995184,30.489932984419298,29.679592774599925,30.290586471557617,332172000.0
2021-11-12,29.91183037845152,30.579638725096128,29.53307238423617,30.290586471557617,413054000.0
2021-11-15,30.45206106579167,30.54375918063972,29.151329561322346,29.92678451538086,384909000.0
2021-11-16,29.66165253532273,30.29058701140295,29.608824510774056,30.104198455810547,264484000.0
2021-11-17,30.318494131813672,30.409197952977312,28.70578699749506,29.16527938842773,428508000.0
2021-11-18,32.26112210775192,32.65283428082638,31.218542338444998,31.57138442993164,781711000.0
2021-11-19,32.13752850967371,32.97976560905506,31.800634810586825,32.87710189819336,533867000.0
2021-11-22,33.40735781762492,34.533662437419686,31.795648655207987,31.851465225219727,754335000.0
2021-11-23,31.43183877897173,32.254140700605305,30.77898080902165,31.642148971557617,532163000.0
2021-11-24,31.35808076043458,32.74751961280794,30.82682344260041,32.56711196899414,435162000.0
2021-11-26,32.493355877058754,32.60299664841291,31.2474468349952,31.399946212768555,283069000.0
2021-11-29,32.26012461188157,33.30270053648563,31.931202291527786,33.26681900024414,454964000.0
2021-11-30,33.06049048348585,33.24389046679486,31.759761224855104,32.5691032409668,622066000.0
2021-12-01,33.114388375070114,33.18416762661396,31.28117715917713,31.33600425720215,484368000.0
2021-12-02,31.11570313644076,32.375722550194084,30.9272972457991,32.02482986450195,472890000.0
2021-12-03,31.89922328972484,32.02781864594945,30.03511159214112,30.59634017944336,544325000.0
2021-12-06,29.78590054452752,30.14576373785318,27.94970234622703,29.942407608032227,658938000.0
2021-12-07,30.85950333447819,32.34680493925572,30.554465406943,32.32487106323242,593053000.0
2021-12-08,31.898230293439173,32.18831425036044,31.322049493917223,31.72577476501465,475551000.0
2021-12-09,31.63406584860396,32.10358519509752,30.33217881108861,30.393983840942383,488507000.0
2021-12-10,31.051903118678588,31.20641568253049,29.766962833942674,30.102901458740234,488825000.0
2021-12-13,30.1537389247884,30.19859728465225,28.027454948851968,28.07231330871582,598344000.0
2021-12-14,27.611773209784825,28.58769035773507,27.164187737169147,28.247764587402344,667035000.0
2021-12-15,28.31056319651723,30.403950320139508,27.750332756169268,30.36307907104492,698297000.0
2021-12-16,31.05389325517119,31.06186748271779,28.00452696605384,28.29759979248047,707366000.0
2021-12-17,27.89687003919761,28.830919505652275,27.67257823059536,27.71344947814941,713758000.0
2021-12-20,27.21901421962327,28.05537092586833,27.059518227197945,27.631710052490234,461847000.0
2021-12-21,28.284645850680768,29.02829685499132,27.31470852270142,28.98343849182129,524385000.0
2021-12-22,28.800013421604078,29.4619218246674,28.359404087389027,29.307409286499023,395184000.0
2021-12-23,29.66129709262339,29.964340611891693,29.338318000778614,29.54665946960449,343022000.0
2021-12-27,29.566594412321887,30.98910054168439,29.546656940110104,30.84754753112793,403686000.0
2021-12-28,31.21339111350028,31.23133407724288,29.91748399123054,30.22650909423828,420591000.0
2021-12-29,30.17766745313689,30.451801065304423,29.27352221288676,29.90652275085449,343139000.0
2021-12-30,29.73306863749012,30.36108570963226,29.44697370362588,29.492828369140625,308864000.0
2021-12-31,29.58055454684799,29.9354343785165,29.238634264128304,29.318382263183597,266530000.0
2022-01-03,29.721106030264902,30.61428422261977,29.69119982289277,30.026142120361328,391547000.0
2022-01-04,30.18165084016446,30.37204931982192,28.25972307978426,29.1977596282959,527154000.0
2022-01-05,28.857834470045624,29.323364772152377,27.446295212189224,27.517070770263672,498064000.0
2022-01-06,27.55295615903355,28.34844345099376,26.979768076203065,28.089262008666992,454186000.0
2022-01-07,28.05238341839338,28.332498673129894,26.971795448875977,27.16119766235352,409939000.0
2022-01-10,26.497288278632688,27.382492201861595,25.563238883232685,27.313709259033203,594681000.0
2022-01-11,27.23695493896439,27.97661882621992,26.75447988688372,27.729398727416992,404089000.0
2022-01-12,27.978612384474925,28.504949514228787,27.52105820708782,27.91082763671875,383413000.0
2022-01-13,28.2896237954508,28.390305541960917,26.414547239565,26.49130630493164,540171000.0
2022-01-14,26.21717640732011,27.111352875878477,26.12745967935316,26.857154846191406,395832000.0
2022-01-18,26.177304414004546,26.55411430633609,25.68884770952801,25.821428298950195,424270000.0
2022-01-19,25.996874104337756,26.45941170270569,24.97310784305652,24.988059997558597,488315000.0
2022-01-20,25.22431303336184,25.49844661807642,24.002172240904777,24.073945999145508,435181000.0
2022-01-21,23.432970816782724,24.74482640351697,23.189739748176777,23.300390243530277,718958000.0
2022-01-24,22.259680516494218,23.30637320074799,20.82222208177901,23.298398971557617,913982000.0
2022-01-25,22.474999365021613,22.87075042504284,21.93071925859125,22.253698348999023,664616000.0
2022-01-26,23.166811526105583,23.98123803745793,22.229771275614063,22.700284957885746,755959000.0
2022-01-27,23.493783457519356,23.919438849325257,21.60674309968497,21.874897003173828,573353000.0
2022-01-28,21.942680495703392,22.786017001467613,21.228935667863265,22.76807403564453,543774000.0
2022-01-31,23.108997226913345,24.43181996391164,22.979407443957587,24.408891677856445,564680000.0
2022-02-01,25.02494354865154,25.065814798100263,23.814765930647106,24.56041145324707,518925000.0
2022-02-02,25.712769688020774,25.735696069563566,24.47567674227837,25.162508010864254,543419000.0
2022-02-03,24.380973639655554,24.99802368140635,23.70510939371821,23.87257957458496,410178000.0
2022-02-04,23.89650713053911,24.55741930721573,23.557577711661764,24.242414474487305,354829000.0
2022-02-07,24.29524574603593,25.1026943053942,24.125781045791168,24.65012550354004,376868000.0
2022-02-08,24.282288838178637,25.150546207819467,23.90448265925914,25.0289306640625,410359000.0
2022-02-09,25.54131148574977,26.640838580536943,25.27315951224319,26.62090110778809,524282000.0
2022-02-10,25.91313678658992,26.840206412140088,25.519380273324217,25.742673873901367,513200000.0
2022-02-11,25.83438342747641,26.069640256444483,23.69813270066166,23.87357711791992,605472000.0
2022-02-14,23.85862696314563,24.79666354683214,23.68018981888681,24.19057846069336,440424000.0
2022-02-15,24.870427450931636,26.46140183291644,24.705948074593312,26.41156005859375,699869000.0
2022-02-16,26.17630590901265,26.498288671486037,25.47153166394175,26.42751121520996,732676000.0
2022-02-17,25.549281592655927,25.703794129520272,24.088897124221745,24.429819107055664,810595000.0
2022-02-18,24.590316828988254,24.907316200447443,23.02725575627355,23.56754875183105,761255000.0
2022-02-22,22.96245603840115,23.98821475354529,22.927566415528347,23.31633758544922,633422000.0
2022-02-23,23.727044613283795,24.07893361161636,22.230771994916,22.316499710083008,566511000.0
2022-02-24,20.948817318078245,23.725046427228275,20.82421097780637,23.67321014404297,735801000.0
2022-02-25,23.64629910771309,24.14073550496428,23.307369674838903,24.08092498779297,528866000.0
2022-02-28,23.91644642718018,24.587327391046674,23.632344083996863,24.30820846557617,477319000.0
2022-03-01,24.21450430507284,24.30023391908121,23.059153777179308,23.40306663513184,412056000.0
2022-03-02,23.685222229370265,24.33627656876873,23.345238595457605,24.147838592529297,389642000.0
2022-03-03,24.189712498581105,24.253522895989168,23.39907590712297,23.643346786499023,365095000.0
2022-03-04,23.31433339065873,23.609451053409828,22.4150202714538,22.86766815185547,431415000.0
2022-03-07,22.749018838877227,22.964376798114145,21.2664496692882,21.28838348388672,450821000.0
2022-03-08,21.245514318732305,22.306343532359403,20.588477275477324,21.44990348815918,557467000.0
2022-03-09,22.32029806776181,23.15081636408371,22.18071580003234,22.945430755615234,492742000.0
2022-03-10,22.463875524126543,22.72010983636164,21.816808864999828,22.59049797058105,428066000.0
2022-03-11,22.95340484773141,23.07603946211015,21.980313026762005,22.03415298461914,367209000.0
2022-03-14,21.80383871695321,22.19566738616254,21.09595514229157,21.26644515991211,385354000.0
2022-03-15,21.45388943534592,22.96936124008591,21.258474245006287,22.90455436706543,491996000.0
2022-03-16,23.42998833057086,24.523720247964143,23.10296639709602,24.42302131652832,671422000.0
2022-03-17,24.04813969626861,24.76798684900342,23.83477657042149,24.692214965820312,471941000.0
2022-03-18,24.72511412706269,26.489841079768297,24.550636279337244,26.37418556213379,730719000.0
2022-03-21,26.428031082315883,27.07110997338283,25.88963892188784,26.654354095458984,591727000.0
2022-03-22,26.64737112324876,27.156850275284068,25.994323791878227,26.444976806640625,547007000.0
2022-03-23,26.048163421646912,26.532715564299693,25.498806299804944,25.55763053894043,502120000.0
2022-03-24,26.08804332010231,28.23562518243766,25.829814189665505,28.066131591796875,877379000.0
2022-03-25,27.802917411678862,28.27351127824337,27.189749942659294,27.609495162963867,579016000.0
2022-03-28,27.673304055239864,28.165831710193316,27.12494158890915,28.134923934936523,425494000.0
2022-03-29,28.60950485138546,28.85975646589663,27.896634994206327,28.57062149047852,488984000.0
2022-03-30,28.219672974520872,28.41110037401944,27.42105885059828,27.607501983642575,463487000.0
2022-03-31,27.69923069159201,28.163841976043138,27.188756923217856,27.204708099365234,523440000.0
2022-04-01,27.29343862106805,27.41407840137785,26.188740006342908,26.632413864135746,517235000.0
2022-04-04,26.648371079518316,27.47589822081412,26.53371392218008,27.278488159179688,397120000.0
2022-04-05,27.17280089255996,27.237607768198263,25.743073244909805,25.853742599487305,436615000.0
2022-04-06,24.85971221539124,25.224620987328382,23.931486259303167,24.33428192138672,703833000.0
2022-04-07,24.368179386256767,24.64834229932388,23.40804924530621,24.135873794555664,557992000.0
2022-04-08,23.84574022331702,23.851722863847915,22.9932881126296,23.05011749267578,524781000.0
2022-04-11,22.147819689580636,22.25350288523599,21.595469340905492,21.851703643798828,575207000.0
2022-04-12,22.46985714800616,22.657296773923992,21.218595050115734,21.43993377685547,662258000.0
2022-04-13,21.6632614326222,22.432960597266536,21.39107412901576,22.13684463500977,516943000.0
2022-04-14,22.437948470033938,22.70913934444599,21.09994772609378,21.194664001464844,569097000.0
2022-04-18,21.13684014323295,22.02219313271973,21.016200346382977,21.71810340881348,525701000.0
2022-04-19,21.655289899939216,22.30634432481196,21.250499340490578,22.131866455078125,512781000.0
2022-04-20,22.449917550765523,22.60246161145475,21.13684172009428,21.41800117492676,468974000.0
2022-04-21,21.6443221623934,22.32528786814397,19.940414139309308,20.12286949157715,656209000.0
2022-04-22,20.24251007228569,20.424965416989476,19.441902979823052,19.45685768127441,624713000.0
2022-04-25,19.14479141968029,19.885577840769358,19.039108228053102,19.84270668029785,641566000.0
2022-04-26,19.659256709868075,19.7290478621862,18.61437856802067,18.732027053833008,653143000.0
2022-04-27,18.5425952496952,19.109900415113863,18.235514135080678,18.36014175415039,499460000.0
2022-04-28,18.91049013542069,19.977303851455268,18.43491199008361,19.72306251525879,570327000.0
2022-04-29,19.344195296792407,20.06803212955995,18.46183178332937,18.491743087768555,500435000.0
2022-05-02,18.48575893149055,19.51568023177817,18.33620622488366,19.474803924560547,572049000.0
2022-05-03,19.342202225014407,19.76593718597662,19.075997486229383,19.54360008239746,475751000.0
2022-05-04,19.86363801470655,20.33921603648533,18.69512920877928,20.273412704467773,648855000.0
2022-05-05,19.807809899114023,19.86563575823811,18.444882087815973,18.787857055664062,626331000.0
2022-05-06,18.680179051563016,19.453866151773266,17.936401353934347,18.619359970092773,633297000.0
2022-05-09,17.98026782674294,18.200608121706267,16.776863370793325,16.899497985839844,644455000.0
2022-05-10,17.636297548198513,18.143781837571737,16.974276274336525,17.542577743530273,761474000.0
2022-05-11,17.295316703632178,17.70010720962238,16.518638315122686,16.58045196533203,670167000.0
2022-05-12,16.170677698614824,16.73798268883239,15.52062076316458,16.126808166503906,708728000.0
2022-05-13,16.737985372316167,17.8745884809046,16.5435666197067,17.653249740600586,670437000.0
2022-05-16,17.456831495925755,17.734999526687567,17.05503238408511,17.212560653686523,521446000.0
2022-05-17,18.02015282500209,18.316268876415904,17.581465054882198,18.122846603393555,585830000.0
2022-05-18,17.6522521071145,18.06402177879582,16.813758061200716,16.887537002563477,545161000.0
2022-05-19,16.886539645818328,17.634305160902688,16.68414342710916,17.072982788085938,621310000.0
2022-05-20,17.280363930362633,17.35813066451446,15.708061631405265,16.644264221191406,739105000.0
2022-05-23,16.225516631801014,16.86460770868563,16.130800340603695,16.847658157348633,639889000.0
2022-05-24,16.460811455935517,16.547552147553244,15.732985873904113,16.105871200561523,588550000.0
2022-05-25,15.972272324867756,17.060021530351076,15.952331454150205,16.924427032470703,781132000.0
2022-05-26,15.988224037593849,18.03809845495065,15.97426580795554,17.79781723022461,996575000.0
2022-05-27,18.13181926193302,18.82474834379244,18.04607504059277,18.75495719909668,738379000.0
2022-05-31,18.923450248875827,19.14279599466487,18.295328116993225,18.616369247436523,664100000.0
2022-06-01,18.668214653926945,18.99623300147652,18.06800706571725,18.265417098999023,544514000.0
2022-06-02,18.237498762615505,19.560544628460704,18.14377897274522,19.53362464904785,648656000.0
2022-06-03,19.025149434663984,19.274404605825605,18.4668164820624,18.664226531982425,598779000.0
2022-06-06,19.081980946985432,19.27939101888304,18.508693228823383,18.73003196716309,422406000.0
2022-06-07,18.416965795176733,18.9433925831492,18.13381153154524,18.869613647460938,388914000.0
2022-06-08,18.74694977798298,19.126895395966503,18.483680792749468,18.59636878967285,363252000.0
2022-06-09,18.429829444595597,18.880577581405912,17.991047214024142,17.998027801513672,395574000.0
2022-06-10,17.551274019304014,17.648005592341615,16.822296926639886,16.9270076751709,465248000.0
2022-06-13,15.955702020878928,16.266838484183843,15.562792805356883,15.603679656982422,604153000.0
2022-06-14,15.687448327103723,16.021520910273885,15.369331242158152,15.792158126831056,469680000.0
2022-06-15,16.050439932166825,16.821300578805904,15.881908139766276,16.481245040893555,563936000.0
2022-06-16,15.816091666385809,15.897865381945072,15.358362760963734,15.557808876037598,545749000.0
2022-06-17,15.604676739581116,15.950716157739642,15.285562995334534,15.836034774780272,630334000.0
2022-06-21,16.429386318006205,16.960909651002094,16.36157379723121,16.52013397216797,483089000.0
2022-06-22,16.18107890643938,16.615872682415247,16.135206727012413,16.314708709716797,437135000.0
2022-06-23,16.473265177528255,16.539082437023865,15.809109627633456,16.18008041381836,463680000.0
2022-06-24,16.454320190454215,17.092547758876677,16.264845667803225,17.07858657836914,472153000.0
2022-06-27,17.264068491152564,17.28201830452183,16.579966999575007,16.822294235229492,427968000.0
2022-06-28,16.853210426478878,17.15437435755345,15.900854507260869,15.937752723693848,461149000.0
2022-06-29,15.77021631053456,15.776199264816002,15.127999283665376,15.498969078063965,482352000.0
2022-06-30,15.31846957147316,15.523899539875142,14.820851571886635,15.117029190063477,686070000.0
2022-07-01,14.857750345223227,15.021295848581772,14.35215407119524,14.48279094696045,577610000.0
2022-07-05,14.135755105271844,14.929550817854716,14.016087452919178,14.92257022857666,651397000.0
2022-07-06,14.968444218161782,15.27658874989287,14.748055399282007,15.088111877441406,529066000.0
2022-07-07,15.41320992490336,15.900855482165372,15.346395028402622,15.814096450805664,492903000.0
2022-07-08,15.387281829188536,15.992601679207208,15.346394973873569,15.79415225982666,467972000.0
2022-07-11,15.483017263609453,15.484014898410512,14.996368344756148,15.110053062438965,437321000.0
2022-07-12,15.22572805239749,15.388276870570849,14.83581079611465,15.040243148803713,458483000.0
2022-07-13,14.549607579077357,15.332434145906136,14.424953642931776,15.122017860412598,521918000.0
2022-07-14,15.06617297485196,15.430162236147307,14.687224899011335,15.329442024230955,456235000.0
2022-07-15,15.615647329390558,15.738305988579,15.40223910380052,15.718361854553224,385935000.0
2022-07-18,16.25686691896844,16.850218938777058,15.957698248928535,16.05642318725586,670517000.0
2022-07-19,16.44035994202508,17.062632997757373,16.127230046583808,16.94495964050293,702366000.0
2022-07-20,16.90008038178597,17.883350564875844,16.754484694338107,17.75769805908203,760538000.0
2022-07-21,17.835482614701714,18.093764403863,17.49642380939711,18.000024795532227,557049000.0
2022-07-22,17.843465596264313,17.917260145054595,17.08955795011608,17.271055221557617,536671000.0
2022-07-25,16.971876640001085,17.07658735999903,16.602902166703213,16.976863861083984,480748000.0
2022-07-26,16.84224178303558,16.872159411075533,16.43238035984879,16.487228393554688,397865000.0
2022-07-27,16.984841077447076,17.886339298327457,16.86617108417611,17.74074363708496,569776000.0
2022-07-28,17.925233960102176,18.089776144359217,17.391715338129444,17.934207916259766,474646000.0
2022-07-29,17.763679641541707,18.19348605858086,17.64301437349248,18.11271095275879,435460000.0
2022-08-01,18.131658489520134,18.7938215256265,17.94019064521122,18.389942169189453,476469000.0
2022-08-02,18.07182959440469,18.885570510659186,18.04191196365017,18.47471046447754,489527000.0
2022-08-03,18.133657657387115,18.915487551007924,18.08678689420816,18.840694427490234,418146000.0
2022-08-04,18.796814489472663,19.22063704890321,18.708060200093037,19.161800384521484,409652000.0
2022-08-05,18.75792468015069,19.17576531807126,18.61432423658541,18.936429977416992,386068000.0
2022-08-08,17.45354536402082,18.188504443935763,17.19426496293747,17.743738174438477,981859000.0
2022-08-09,17.2042332163322,17.398692993146874,16.67769527219368,17.038692474365234,668263000.0
2022-08-10,17.649004232789324,18.067841567146683,17.26905848827763,18.046899795532227,597422000.0
2022-08-11,18.080802254514676,18.655207729285816,17.826507193274058,17.892324447631836,509327000.0
2022-08-12,18.109720093847795,18.6661757172825,17.90329248620022,18.65719985961914,478094000.0
2022-08-15,18.64922796080583,19.110945527296405,18.561472236217572,18.979310989379883,457666000.0
2022-08-16,18.867619490970508,19.089004999072056,18.449778881107083,18.826732635498047,451240000.0
2022-08-17,18.47171611346851,18.636258289146177,18.09476242280792,18.28423500061035,446799000.0
2022-08-18,18.250332132443727,18.8127698107228,18.13265879882492,18.721025466918945,415447000.0
2022-08-19,18.355046410748177,18.46873114164052,17.720807382792895,17.799589157104492,441588000.0
2022-08-22,17.44158008519119,17.509392623810882,16.91903057051117,16.98684310913086,409593000.0
2022-08-23,16.94196640912856,17.4166484395593,16.923018006184385,17.133434295654297,369986000.0
2022-08-24,16.96489685836931,17.357806968229475,16.848222128016733,17.17431640625,522661000.0
2022-08-25,16.797362880591006,17.897309578124734,16.7863936564912,17.8634033203125,770691000.0
2022-08-26,17.80755957837467,17.874373512103524,16.19204404414736,16.214981079101562,769127000.0
2022-08-29,15.97564621280239,16.292764661951434,15.723346430004725,15.757251739501951,496132000.0
2022-08-30,15.915814125564095,15.994594931513266,15.139968172102677,15.425176620483398,530181000.0
2022-08-31,15.341409823464284,15.496978080522329,14.91758622911399,15.052212715148926,573710000.0
2022-09-01,14.169660919691056,14.340187972290808,13.233261435486058,13.898414611816406,1178865000.0
2022-09-02,14.060962564890255,14.131765139366534,13.553371026300562,13.609216690063477,743157000.0
2022-09-06,13.692984371926862,13.740851814141765,13.314036323816168,13.42772102355957,535751000.0
2022-09-07,13.529468012385438,13.803788702525829,13.313004492414724,13.680094718933104,512657000.0
2022-09-08,13.42572641483764,13.97336992015191,13.335949711141568,13.955413818359377,624873000.0
2022-09-09,14.122000907484114,14.438217613905524,14.091078359455306,14.351432800292969,486612000.0
2022-09-12,14.333475654409431,14.511035078989412,14.16289794182431,14.469139099121094,484159000.0
2022-09-13,13.767877090741246,13.887580298232978,13.06661506291521,13.098535537719728,714956000.0
2022-09-14,13.22123276604588,13.25714401689083,12.881076192438004,13.095544815063477,588507000.0
2022-09-15,12.982824382811994,13.200284898230093,12.758380252068209,12.8970365524292,523625000.0
2022-09-16,12.710497968812046,13.179336268504516,12.585807002502516,13.16537094116211,670751000.0
2022-09-19,12.979829980486416,13.42971516771623,12.977835069768854,13.348915100097656,569685000.0
2022-09-20,13.182330035591836,13.449667136036725,13.024720650726076,13.143425941467283,524818000.0
2022-09-21,13.180336402327288,13.996314062404092,13.0775903896323,13.228217124938965,807679000.0
2022-09-22,13.03768878499316,13.11649395753972,12.397276654319372,12.529947280883787,759162000.0
2022-09-23,12.389293550179527,12.579821317047688,12.226696435880545,12.485055923461914,663309000.0
2022-09-26,12.460118479404896,12.627703351069655,12.18380288466906,12.197768211364746,547343000.0
2022-09-27,12.476078329732838,12.704512253671364,12.22769434741233,12.38231086730957,553854000.0
2022-09-28,12.379322076338076,12.79130123851736,12.323460753009853,12.704516410827637,542414000.0
2022-09-29,12.417225794477424,12.469097284845578,11.916466992118153,12.189789772033691,532763000.0
2022-09-30,12.057118225117197,12.60176887493644,12.045147807986924,12.108989715576172,565638000.0
2022-10-03,12.316476553047927,12.646658600455844,12.075074233627726,12.48106861114502,547478000.0
2022-10-04,12.847158079623396,13.18731555760614,12.847158079623396,13.134446144104004,584182000.0
2022-10-05,12.8790812595342,13.28806749206822,12.589798244962582,13.17634391784668,507131000.0
2022-10-06,13.187316594180706,13.62223854641482,13.070605273695971,13.097538948059082,644157000.0
2022-10-07,12.47408277401214,12.638674790247842,11.992277140241857,12.046143531799316,672478000.0
2022-10-10,12.007240867482556,12.094025672565364,11.379796220873162,11.641148567199709,698699000.0
2022-10-11,11.532418070127363,11.81671332375179,11.255105480239216,11.55735683441162,667482000.0
2022-10-12,11.550374224944592,11.705987738753208,11.316952527256786,11.471569061279297,492590000.0
2022-10-13,10.943877897680135,12.048141591530223,10.786268503018803,11.93043327331543,850103000.0
2022-10-14,12.0271914472458,12.081057843251315,11.176300644723986,11.199243545532228,713432000.0
2022-10-17,11.489525901270088,11.918463198926592,11.488528921337275,11.85861110687256,580774000.0
2022-10-18,12.313481973149718,12.4611158389974,11.589277019716144,11.937414169311523,659362000.0
2022-10-19,11.84963214701234,12.319468398644798,11.80474332104342,12.021206855773926,523131000.0
2022-10-20,12.08305357020032,12.73743191217373,12.075072975272215,12.163853645324709,652398000.0
2022-10-21,12.068090417832614,12.467102092739704,11.85761257031653,12.4351806640625,609494000.0
2022-10-24,12.477075497760788,12.678575736547756,12.03417300322993,12.56785011291504,517457000.0
2022-10-25,12.662619370414102,13.267121222834982,12.632692848550477,13.228217124938965,505482000.0
2022-10-26,12.837184898566916,13.354900896725308,12.676582681545735,12.864117622375488,532953000.0
2022-10-27,13.596304034739564,13.803789999892798,13.08955953917814,13.143425941467283,583113000.0
2022-10-28,13.071604141512529,13.815760155792058,13.028710226197942,13.799798965454102,521040000.0
2022-10-31,13.743939008555648,13.803791099933628,13.264128151560408,13.46363353729248,486341000.0
2022-11-01,13.77685473939127,13.890573215216364,13.4855768377865,13.509517669677734,432817000.0
2022-11-02,13.815758887447336,14.174868513384318,13.178338754402183,13.186318397521973,672628000.0
2022-11-03,13.010755424842651,13.746930863679363,12.923970612064814,13.38782024383545,500065000.0
2022-11-04,13.951425239556729,14.193824549164988,13.663139167185898,14.121005058288574,612576000.0
2022-11-07,14.192825541805425,14.376370676305802,13.919503702415724,14.265645027160645,410061000.0
2022-11-08,14.764407269491864,14.854184915550686,14.180853521426071,14.565899848937988,595292000.0
2022-11-09,14.12698780032859,14.175867398651944,13.724984235954825,13.741942405700684,454414000.0
2022-11-10,14.76341034070044,15.734004379130576,14.51103557058689,15.711061477661133,700819000.0
2022-11-11,15.767918688568072,16.34847952206211,15.44372241385744,16.286632537841797,655487000.0
2022-11-14,16.17790566297231,16.49911010478808,15.882636965812782,16.254714965820312,527852000.0
2022-11-15,16.680659131421315,16.955975861509707,16.341499544736198,16.624797821044922,545876000.0
2022-11-16,16.122044306055884,16.321548716407033,15.83375827360978,15.87066650390625,649547000.0
2022-11-17,15.676147926956387,16.225786282199604,15.496592636887351,15.6382417678833,710894000.0
2022-11-18,15.926529043321702,15.962441247903389,15.082620775152405,15.370906829833984,492072000.0
2022-11-21,15.1095521073422,15.43873616621096,15.0427173645285,15.279131889343262,404739000.0
2022-11-22,15.290107226570331,16.01830306476984,15.084616158544712,15.99835205078125,472866000.0
2022-11-23,16.05820026675545,16.486140496528126,16.008324643497133,16.478158950805664,427241000.0
2022-11-25,16.277661873589395,16.446242818507432,16.132022884269546,16.229780197143555,167934000.0
2022-11-28,15.986378789361892,16.316561753105944,15.686124245692138,15.787871360778809,303741000.0
2022-11-29,15.787871013684132,15.89261191979211,15.48163079273218,15.600336074829102,298384000.0
2022-11-30,15.662199992090873,16.89246723894382,15.562422258629718,16.885482788085938,565298000.0
2022-12-01,16.961313400800822,17.22672251600334,16.59812007687738,17.09701156616211,470977000.0
2022-12-02,16.62206317311855,16.89545581318878,16.408536964976825,16.838581085205078,371389000.0
2022-12-05,16.64202269753776,16.95732209492753,16.435480895818028,16.57317543029785,352255000.0
2022-12-06,16.493352558842304,16.536256494140442,15.783928452332743,15.951556205749512,352694000.0
2022-12-07,15.737031971375904,16.150114595724432,15.632264273659429,16.084260940551758,372388000.0
2022-12-08,16.236924067023104,17.140915635032428,15.923619112619104,17.130937576293945,515456000.0
2022-12-09,17.121954302942694,17.54401680190964,16.937365000489294,16.963306427001953,465338000.0
2022-12-12,16.99922915428006,17.499117875319435,16.75976146929497,17.496124267578125,457328000.0
2022-12-13,18.48991872198985,18.748345320787976,17.671736886309308,18.03193664550781,656589000.0
2022-12-14,17.947122938893273,18.21153673692968,17.38138052214265,17.634817123413086,496888000.0
2022-12-15,17.107987414571323,17.281601445328924,16.662977044280925,16.914417266845703,478542000.0
2022-12-16,16.826609420854215,17.003217021729515,16.37361555870543,16.534257888793945,478232000.0
2022-12-19,16.535258005172167,16.572174722426883,16.109204679647327,16.21796226501465,354039000.0
2022-12-20,16.02838403707244,16.27383892516191,15.816855115740298,16.04933738708496,403260000.0
2022-12-21,16.078273493531086,16.59013659325073,16.066299063788986,16.464414596557617,325025000.0
2022-12-22,16.0583199304805,16.10222300797655,14.849007005999164,15.304993629455566,565045000.0
2022-12-23,15.162309883054668,15.304992495444772,14.850004092190744,15.172287940979004,349326000.0
2022-12-27,15.040579253955626,15.066521631264363,14.024835696731898,14.089692115783691,464902000.0
2022-12-28,13.89612425706417,14.230381609035916,13.853219366158651,14.0048828125,351066000.0
2022-12-29,14.370072594688445,14.65044883051526,14.19546036233586,14.570626258850098,354923000.0
2022-12-30,14.302221216588292,14.59656727894766,14.201445300640174,14.5816011428833,310490000.0
2023-01-03,14.818073166185236,14.96275213841312,14.06474698864116,14.2832612991333,401277000.0
2023-01-04,14.534705251277302,14.820070487005855,14.20942778232012,14.716300964355469,431324000.0
2023-01-05,14.458873382334806,14.531711494421922,14.116633408077806,14.23337459564209,389168000.0
2023-01-06,14.441908902325604,14.976720759443683,14.002884868402322,14.826055526733398,405044000.0
2023-01-09,15.250114184790576,16.020401941381497,15.1074306292161,15.593351364135742,504231000.0
2023-01-10,15.472618665402736,15.926609787228095,15.43769641781,15.873727798461914,384101000.0
2023-01-11,15.804881372380589,15.992464284529852,15.528495081310508,15.965523719787598,353285000.0
2023-01-12,16.06430761543747,16.600115869170452,15.45765476249962,16.474395751953125,551409000.0
2023-01-13,16.24190878461204,16.88448193196626,16.129160360121443,16.86153221130371,447287000.0
2023-01-17,16.861536645437063,17.688699300985697,16.861536645437063,17.662755966186523,511102000.0
2023-01-18,17.627834203643413,17.8333769022018,17.24368747395342,17.338478088378906,439624000.0
2023-01-19,16.998228042242104,17.158872284903268,16.693905869643526,16.727828979492188,452932000.0
2023-01-20,16.973288293899945,17.816416246275402,16.78770171499723,17.799453735351562,564967000.0
2023-01-23,18.0239511412495,19.202334514054723,17.77849813911899,19.150449752807617,655163000.0
2023-01-24,18.7852576049282,19.45177772895965,18.778273155345232,19.222286224365234,496204000.0
2023-01-25,18.87107002531869,19.32705758807713,18.5388081029194,19.280160903930664,449537000.0
2023-01-26,19.65731889361707,20.121288041674845,19.23525643990055,19.758094787597656,489535000.0
2023-01-27,19.418852978689333,20.582268342414245,19.36198013839365,20.31985092163086,542142000.0
2023-01-30,19.905775353099752,20.09535278848975,19.107547661178327,19.11952209472656,488611000.0
2023-01-31,19.12750161644277,19.643355663941836,18.907990025151328,19.493688583374023,498017000.0
2023-02-01,19.647345080075983,21.145016818201917,19.567522516028927,20.89657020568848,660477000.0
2023-02-02,20.953438165318428,21.90033342006355,20.654104095633148,21.660865783691406,564276000.0
2023-02-03,20.953438276075055,21.69678728086083,20.742905669015503,21.0532169342041,429366000.0
2023-02-06,20.759872338931974,21.522178471104034,20.739916222678676,21.042245864868164,452197000.0
2023-02-07,21.33459554076456,22.209652016752774,21.10310954039303,22.123842239379883,664150000.0
2023-02-08,22.3373708142559,22.82728347419929,21.95921128455008,22.15577507019043,559651000.0
2023-02-09,22.555882109825383,22.96896380674192,22.07095953858251,22.287477493286133,523876000.0
2023-02-10,21.64191049076745,22.02904881959799,20.7648596572667,21.217851638793945,550737000.0
2023-02-13,21.490250748186387,21.99912031573908,20.91552751667087,21.739696502685547,474919000.0
2023-02-14,21.53016116062426,22.997900655540672,21.318631266584543,22.920074462890625,675474000.0
2023-02-15,22.499008003095835,22.804329348665444,22.056991258302705,22.713531494140625,420575000.0
2023-02-16,22.08393238042942,22.50000774301944,21.87838968971364,21.953224182128903,412026000.0
2023-02-17,21.583041248476636,21.69179883261227,20.92849556480954,21.340579986572266,465888000.0
2023-02-21,20.953439640659408,21.446343845986352,20.57228662621733,20.60920524597168,410015000.0
2023-02-22,20.661093956622445,21.05721318053683,20.37572680694439,20.707988739013672,513184000.0
2023-02-23,23.38803172331173,23.83503841711281,22.97395090605858,23.611534118652344,1117995000.0
2023-02-24,23.17350751127071,23.421955993730077,22.89612399551086,23.23437118530273,589716000.0
2023-02-27,23.61752427082776,23.8270577925176,23.40200353334105,23.448898315429688,452994000.0
2023-02-28,23.32018024556822,23.77217689153847,23.154547928957133,23.164525985717773,455963000.0
2023-03-01,23.140582657134395,23.204441849787724,22.458099073317108,22.64767837524414,460026000.0
2023-03-02,22.438144871095187,23.328165597904217,22.382267363825356,23.262311935424805,389415000.0
2023-03-03,23.268296382829774,23.847010375257764,23.07871710336136,23.837032318115234,412393000.0
2023-03-06,23.83803809487831,24.19424512815878,23.434932467158927,23.501785278320312,437429000.0
2023-03-07,23.55167395870932,24.075598519904677,23.19340793639445,23.240312576293945,515154000.0
2023-03-08,23.438903973884155,24.15044517574278,23.376033256322696,24.13148307800293,513573000.0
2023-03-09,24.125499097663184,24.4039290574924,23.33512096029611,23.38801383972168,501257000.0
2023-03-10,23.36106942050816,23.57862346689309,22.679467330163572,22.917978286743164,474866000.0
2023-03-13,22.705413316762304,23.25029484322712,22.25134506080111,22.91897392272949,421890000.0
2023-03-14,23.447888767567772,24.169407892174178,23.411961279895785,24.01372718811035,474910000.0
2023-03-15,23.712343919246344,24.23626848807537,23.312165981923517,24.17838859558105,524486000.0
2023-03-16,23.97780289186261,25.535605516897093,23.845073897032023,25.48870277404785,583253000.0
2023-03-17,25.92879693686172,26.34494286207608,25.61543883437592,25.67232322692871,848547000.0
2023-03-20,25.562549518958868,25.970712430849076,25.07854201438664,25.84696578979492,432747000.0
2023-03-21,26.126395026788483,26.337960836204616,25.329031245204536,26.14535522460937,547408000.0
2023-03-22,26.370891881444173,27.53250995771594,26.18327710097612,26.41380500793457,797295000.0
2023-03-23,27.059477978352238,27.442692460706517,26.635348987272323,27.13532257080078,564889000.0
2023-03-24,26.97564783345729,27.111369021825524,26.30103150791308,26.72416305541992,454920000.0
2023-03-27,26.78205015104769,26.944716509158773,26.3110164665487,26.47667694091797,361026000.0
2023-03-28,26.392847592513167,26.45871243560378,25.79706988863312,26.35592269897461,356104000.0
2023-03-29,26.77007614702981,27.022556480928984,26.542542341100862,26.928749084472656,393694000.0
2023-03-30,27.1732450978703,27.4426926938408,27.04650434017596,27.326929092407227,364516000.0
2023-03-31,27.08442473492415,27.77700387277096,27.04949655680014,27.720121383666992,433933000.0
2023-04-03,27.45267208283813,27.94266591204821,27.280025990589856,27.907737731933597,398716000.0
2023-04-04,27.908737736009,27.94266851512213,27.25108667754047,27.396787643432617,368592000.0
2023-04-05,26.774068490200907,26.942721186079208,26.34095708357317,26.82596206665039,515015000.0
2023-04-06,26.529564526400943,27.024549174224266,26.372886420842026,26.981637954711918,397654000.0
2023-04-10,26.76807892798276,27.564445330206645,26.61439491835625,27.52253150939941,395279000.0
2023-04-11,27.667232866582555,27.733097708803008,27.07045586293639,27.11336898803711,314378000.0
2023-04-12,27.313960457156856,27.4117593746922,26.39384737924561,26.440752029418945,446259000.0
2023-04-13,26.67925848324337,26.83194507729408,26.275088982964736,26.4088134765625,353615000.0
2023-04-14,26.449729310820583,26.82795296952223,26.16631044197804,26.703208923339844,395660000.0
2023-04-17,26.5106070051074,26.950704014318596,26.378877313961777,26.946712493896484,321471000.0
2023-04-18,27.476627054688475,28.05244531067526,27.300986821273888,27.6103515625,604812000.0
2023-04-19,27.304977218888997,27.94266877758147,27.176241641344223,27.873809814453125,358660000.0
2023-04-20,27.61433846908897,27.97260451308213,26.94471292728332,27.04850006103516,427713000.0
2023-04-21,26.896814866617028,27.127342787585118,26.66728625337911,27.06347274780273,345103000.0
2023-04-24,26.95769144086836,27.309967410410923,26.61639072563291,26.986631393432617,339282000.0
2023-04-25,27.022557264988468,27.191211864022204,26.17130503524893,26.187271118164062,378527000.0
2023-04-26,26.94671367247209,27.27404120271989,26.65032090270942,26.900806427001957,406337000.0
2023-04-27,27.306972360442717,27.43870204664904,26.57048262204744,27.17025184631348,377161000.0
2023-04-28,27.1692571711631,27.70116489389645,27.015571252856407,27.692184448242188,292216000.0
2023-05-01,27.782994624988884,28.99850104431381,27.7231180146928,28.85080337524414,570329000.0
2023-05-02,28.621277734605123,28.77695846018472,28.02549997590392,28.152238845825195,402730000.0
2023-05-03,27.782997527115576,28.308918916724693,27.415750979636734,27.74507522583008,383387000.0
2023-05-04,27.594384121705687,27.80195842799496,27.18422633764097,27.50556755065918,321850000.0
2023-05-05,27.769027213873315,28.696124060234265,27.674222409101244,28.621278762817383,361494000.0
2023-05-08,28.46359870886539,29.16016946274796,28.29195191030692,29.091310501098636,344979000.0
2023-05-09,28.83982828241417,28.91367617051169,28.3917482221622,28.51249885559082,314869000.0
2023-05-10,28.945612307547268,29.05339288631877,28.402727410108437,28.82585906982422,369350000.0
2023-05-11,28.836833229798795,28.89072351358173,28.18816453314951,28.51948356628418,322149000.0
2023-05-12,28.470583157825374,28.72107056378974,27.988572349830022,28.281970977783203,274222000.0
2023-05-15,28.449630148158924,28.90968670611311,28.094360052477484,28.893718719482425,293926000.0
2023-05-16,28.781944947212995,29.80883920647821,28.77296450239682,29.15318298339844,449405000.0
2023-05-17,29.52342727193127,30.137167849257526,29.369743252376065,30.1162109375,432535000.0
2023-05-18,30.347734802848134,31.762830690352917,30.25791892725925,31.61313819885254,748725000.0
2023-05-19,31.471424084571897,31.51533461156932,30.852694703812897,31.199981689453125,473908000.0
2023-05-22,30.83772890145582,31.45546287720747,30.617182635048756,31.11216735839844,372000000.0
2023-05-23,30.936525465603022,31.22393587329564,30.568281535055466,30.625164031982425,356253000.0
2023-05-24,30.14814207840876,30.544330458079507,29.744969965607368,30.47547149658203,721419000.0
2023-05-25,38.44412056648187,39.39916178020132,36.55998587698389,37.9022331237793,1543911000.0
2023-05-26,37.81241541975771,39.08979325980009,37.47311145513567,38.86625289916992,714397000.0
2023-05-30,40.5118797580755,41.85212836748926,39.86720258532556,40.02886962890625,923401000.0
2023-05-31,39.40714336242504,40.21249015793831,37.74455429743757,37.75653076171875,1002580000.0
2023-06-01,38.410192719285774,39.967997415586815,38.26149953067262,39.68857192993164,635873000.0
2023-06-02,40.01489905431234,40.41707376526735,38.97802500871207,39.24647521972656,482731000.0
2023-06-05,38.82932905392205,39.48398404045427,38.627743010740026,39.09079360961914,396094000.0
2023-06-06,38.750505608350615,39.07982802350888,38.0698988441669,38.57486343383789,388729000.0
2023-06-07,38.8393365135724,39.42220064737449,37.28336583715142,37.40213394165039,511998000.0
2023-06-08,37.650656098499375,38.78843910356959,37.43208391857247,38.43512725830078,417772000.0
2023-06-09,38.96109353851752,39.63378277087799,38.49201001557308,38.69461441040039,427717000.0
2023-06-12,39.12378209838564,39.45313848189554,38.542912981212005,39.40523147583008,388701000.0
2023-06-13,40.10786853731384,41.021090447407424,39.662736532909214,40.94224166870117,613208000.0
2023-06-14,40.744627187256896,42.91639507972652,40.47315286932789,42.91340255737305,740465000.0
2023-06-15,42.51918026033141,43.20484496389042,42.06506298102736,42.5700798034668,568622000.0
2023-06-16,43.36552302344678,43.635996039851086,42.57805557607221,42.6089973449707,655709000.0
2023-06-20,42.914401391724816,43.90447325497645,42.591030025374586,43.72282409667969,451153000.0
2023-06-21,43.416422222584046,43.53020280046162,41.998187390967416,42.961307525634766,551603000.0
2023-06-22,42.17084684328712,43.341566542076215,42.15188658669768,42.941349029541016,417737000.0
2023-06-23,42.381435491620046,42.72576209923424,41.93330719856048,42.126930236816406,358140000.0
2023-06-26,42.37843198880263,42.68084419828429,40.02202295548009,40.5529899597168,594322000.0
2023-06-27,40.71967293420545,41.858453292545065,40.3693574663394,41.794578552246094,462175000.0
2023-06-28,40.58094379252524,41.76364114383004,40.43922159164072,41.03705596923828,582639000.0
2023-06-29,41.47719909021722,41.51911724853508,40.52106150883683,40.74263000488281,380514000.0
2023-06-30,41.5989647398468,42.467272192490576,41.42031190443648,42.21975326538086,501148000.0
2023-07-03,42.434326127886784,42.81458581035407,42.11994000015232,42.330528259277344,198209000.0
2023-07-05,42.053080590984536,43.09305457985884,42.00317856109599,42.2347297668457,323618000.0
2023-07-06,41.76264953628558,42.09699732253943,41.265616640980895,42.02114486694336,303582000.0
2023-07-07,42.239712723775206,43.12998052643295,42.097990517388034,42.42036056518555,355881000.0
2023-07-10,42.57406572515449,42.727765640952,41.568022298100566,42.097991943359375,353908000.0
2023-07-11,42.398400353937646,42.67486219078261,41.98520766702778,42.322547912597656,298244000.0
2023-07-12,42.949329116868,43.84957572671799,42.69382635632928,43.8166389465332,481277000.0
2023-07-13,44.43145207784274,46.065266739732245,44.40550165096542,45.88761520385742,478204000.0
2023-07-14,46.492428621249765,47.99450350820883,44.972390985691305,45.38059616088867,772075000.0
2023-07-17,46.19900003919172,46.40559448511717,45.17399644703976,46.37066268920898,510488000.0
2023-07-18,46.6101959109385,47.80287207706954,45.64507706670889,47.40165328979492,569164000.0
2023-07-19,47.37171073363014,47.7250225002053,46.65111448328101,46.9854621887207,427502000.0
2023-07-20,46.41658004696704,46.9954542258262,44.974389752029424,45.43149948120117,537865000.0
2023-07-21,45.698975360580505,45.77682663388391,44.01425751113396,44.22285079956055,963769000.0
2023-07-24,44.64402521232847,45.02129240158318,43.95437069346409,44.5252571105957,382516000.0
2023-07-25,44.85362300335587,46.093204951452925,44.835656447425045,45.59018707275391,348081000.0
2023-07-26,45.93151461260815,45.963453882826926,44.54322049279472,45.36362075805664,364237000.0
2023-07-27,46.42855262404122,47.30284884094631,45.66104681024001,45.81075668334961,455976000.0
2023-07-28,46.57726209617673,46.93556524542494,46.29082136263418,46.65910339355469,331194000.0
2023-07-31,46.6630907290073,47.03835906699624,46.415571856481925,46.63813781738281,251055000.0
2023-08-01,46.369666884333206,46.8088138287661,45.93751010661882,46.41657638549805,237858000.0
2023-08-02,45.74190121128351,45.7508825874242,43.30265234913006,44.18293762207031,530142000.0
2023-08-03,43.71483776411609,45.03027593449394,43.71483776411609,44.42844772338867,324176000.0
2023-08-04,44.89753933286693,45.55325965761956,44.3066912624136,44.59313201904297,362666000.0
2023-08-07,45.02329239286848,45.45145915668349,44.47635751419299,45.32869720458984,322154000.0
2023-08-08,44.76578774990283,45.154031311172126,43.970336566145846,44.57715606689453,353843000.0
2023-08-09,44.1879171318669,44.22584525940291,42.05207850406444,42.47126388549805,586449000.0
2023-08-10,42.07803421130193,43.48928663606157,41.75366530069566,42.30559158325195,492705000.0
2023-08-11,41.66981614067662,41.93629907044149,40.5599788718329,40.77555847167969,533085000.0
2023-08-14,40.40728071690528,43.71483628671642,40.2326217412967,43.66792678833008,690286000.0
2023-08-15,44.4733696589914,45.17999337738196,43.62501990951706,43.85457229614258,676512000.0
2023-08-16,44.43344112151487,44.58813853982079,43.32160482572684,43.40145111083984,527451000.0
2023-08-17,43.88450592025357,43.97632609118521,42.91738827793847,43.25972366333008,452395000.0
2023-08-18,42.552106546557646,43.49327393992906,41.57900368302175,43.21481704711914,583768000.0
2023-08-21,44.4074878070853,46.9734880439128,44.13601730847926,46.87567901611328,692573000.0
2023-08-22,48.04140287567031,48.09330371430153,45.24485304459103,45.579200744628906,755293000.0
2023-08-23,45.77682161070316,47.10822748349232,45.12010004821166,47.024391174316406,779046000.0
2023-08-24,50.11836604551162,50.16826807045973,47.06731047667301,47.0713005065918,1156044000.0
2023-08-25,46.92059076298821,47.71204812043245,44.9364534643998,45.928524017333984,925341000.0
2023-08-28,46.39162792536596,46.88866080793937,44.80072902830529,46.74394226074219,685192000.0
2023-08-29,46.5752660206421,48.985571364963455,46.30079918990067,48.68914794921875,701397000.0
2023-08-30,48.94863943193041,49.82992198159772,48.330843509784565,49.168212890625,735206000.0
2023-08-31,49.28399374905417,49.64728445636799,48.86281334141854,49.25904083251953,528570000.0
2023-09-01,49.66524637506185,49.7031706927899,48.0483934780796,48.41468048095703,463830000.0
2023-09-05,48.1292368066892,48.75601791251672,47.76694364415611,48.45360565185547,382653000.0
2023-09-06,48.3507970711586,48.45859385625443,46.49326248710991,46.973365783691406,468670000.0
2023-09-07,45.44022568609704,46.25770080270002,45.06791918340748,46.15489196777344,433330000.0
2023-09-08,45.8564505879392,46.51921177692775,45.18669865684588,45.48713684082031,473069000.0
2023-09-11,46.062063171640766,46.07703462980452,44.2294835865988,45.0938720703125,473966000.0
2023-09-12,44.654687644477335,45.58794785369134,44.448072389819984,44.78644180297852,349256000.0
2023-09-13,44.51695245570367,45.84447779885845,44.4201329496468,45.40030670166016,398355000.0
2023-09-14,45.86442893857362,45.90135878527719,45.04695390322263,45.4961166381836,370097000.0
2023-09-15,45.25656332752661,45.514082288276775,43.726417212467545,43.8182487487793,506831000.0
2023-09-18,42.668394445794135,44.15961175484726,41.92178629799531,43.884124755859375,500271000.0
2023-09-19,43.75138559586022,43.88413737856735,42.92193159188815,43.43896865844727,373064000.0
2023-09-20,43.51881278602881,43.82124998391259,42.14437793528599,42.16034698486328,367108000.0
2023-09-21,41.505572228064345,42.02160786318076,40.90369438031512,40.94062423706055,450736000.0
2023-09-22,41.49459285327168,42.03658488102936,41.1542281804466,41.53252410888672,479236000.0
2023-09-25,41.5135611839681,42.45680138074449,41.10033054981687,42.14338684082031,419091000.0
2023-09-26,41.92279078773523,42.74026599878411,41.57743439268104,41.83295822143555,402282000.0
2023-09-27,42.25117631483952,42.79216683776979,41.55148148041127,42.388916015625,444935000.0
2023-09-28,42.38093579889095,43.36509986355093,42.03658080053992,43.008766174316406,424663000.0
2023-09-29,43.74538760189782,44.06179864340564,43.22635545841842,43.417999267578125,397830000.0
2023-10-02,43.94800606273331,45.09087429927052,43.77932205408754,44.6986083984375,433298000.0
2023-10-03,44.72456684968937,45.04596969701848,43.16547499563003,43.43597030639648,470850000.0
2023-10-04,43.6605451941074,44.06079943552314,43.21138241263282,43.95898818969727,361821000.0
2023-10-05,43.96797721587723,44.81639678263096,43.80628011216114,44.60478973388672,393483000.0
2023-10-06,44.11070969679084,45.70373848025028,43.9440208476475,45.676788330078125,434436000.0
2023-10-09,44.75848927091242,45.52006881439678,44.285372981439615,45.18868637084961,409675000.0
2023-10-10,45.22562871384522,46.17285906419018,45.004041982640686,45.71271896362305,368582000.0
2023-10-11,46.10997683430652,46.77174426177856,45.96424879463127,46.718841552734375,378137000.0
2023-10-12,46.68989566086201,47.52034710135052,46.24372943331202,46.85758209228516,481325000.0
2023-10-13,46.87255588078778,47.02826743741539,45.19568386802554,45.376346588134766,474115000.0
2023-10-16,44.97909066386404,46.13892572569301,44.82837085700402,46.00917053222656,375099000.0
2023-10-17,43.91807456153945,44.670672271855,42.40090425613856,43.8561897277832,812333000.0
2023-10-18,42.51168506984707,43.13851774775219,41.74711270086322,42.1174201965332,627294000.0
2023-10-19,42.731286777485096,43.216381906827145,41.8040157217801,42.02260971069336,501233000.0
2023-10-20,41.81199826924351,42.39092011000652,41.00150997673177,41.3099365234375,477266000.0
2023-10-23,41.15223395492377,43.16747569287728,40.86876235135564,42.894981384277344,478530000.0
2023-10-24,42.99678817947999,43.615632642963874,42.61150915403504,43.58169555664063,401463000.0
2023-10-25,43.31719108723883,43.56872457047859,41.47762427336827,41.70120620727539,398379000.0
2023-10-26,41.77506880872993,42.17731828601072,39.80574303401105,40.25091171264648,541001000.0
2023-10-27,41.05341135461909,41.1292700454015,39.94048596248548,40.424583435058594,416784000.0
2023-10-30,41.01049469201982,41.68822738791205,40.405620307517786,41.084354400634766,388028000.0
2023-10-31,40.37468366362989,40.80288572703797,39.15695406100747,40.70406723022461,517969000.0
2023-11-01,40.80786677095721,42.30208077870125,40.79289531240805,42.246185302734375,437593000.0
2023-11-02,43.247317846401735,43.802282272530825,42.814127888386025,43.42498779296875,409172000.0
2023-11-03,43.93802957100558,45.22462694220357,43.64158173973637,44.92119598388672,424610000.0
2023-11-06,45.20067395834923,45.849465106470674,44.81539115087882,45.66580581665039,400733000.0
2023-11-07,45.63386992886557,46.13193749816825,45.07391372597159,45.86943054199219,343165000.0
2023-11-08,46.01415021384401,46.77972399420801,45.882396057118896,46.48727035522461,346719000.0
2023-11-09,47.37861498022088,48.14019475321026,46.66295098638157,46.862579345703125,540496000.0
2023-11-10,47.41155087354873,48.38174104695151,47.1949558906834,48.2449951171875,421245000.0
2023-11-13,48.23001652415506,49.02453561714493,48.00942740784403,48.52945709228516,384136000.0
2023-11-14,49.58748734734276,49.74119990193618,48.94867974988804,49.56352996826172,416954000.0
2023-11-15,49.8420139297863,49.86696509098912,48.11024418489581,48.79696273803711,475497000.0
2023-11-16,48.58835975878918,49.43278516309001,48.24001057724096,49.38786697387695,339756000.0
2023-11-17,49.43178439121729,49.62442581647781,48.9157487529458,49.20620727539063,325205000.0
2023-11-20,49.22017851068948,50.4538770689416,49.08942192234672,50.31513595581055,414120000.0
2023-11-21,50.03266205340574,50.42293283216304,49.13034602179199,49.85100173950195,565747000.0
2023-11-22,49.759168450104845,50.24126692176278,47.60119189596065,48.625282287597656,899420000.0
2023-11-24,48.37974251431558,48.82990289515882,47.65609029290116,47.6870346069336,294645000.0
2023-11-27,47.7109937696309,48.43963402417859,47.56327053938668,48.15217208862305,395662000.0
2023-11-28,48.146180818273855,48.233020614585215,47.38460109717888,47.73195266723633,401491000.0
2023-11-29,48.288914999950215,48.67120123627393,47.7708804254883,48.05035781860352,382005000.0
2023-11-30,47.9345697592136,48.0204119586937,46.33555556358415,46.68290710449219,526247000.0
2023-12-01,46.43837411108703,47.112116530587656,46.1010022026633,46.67792510986328,369317000.0
2023-12-04,45.99119649745045,45.99119649745045,44.92618209165027,45.42525100708008,437543000.0
2023-12-05,45.38532137121095,46.51730799060107,45.19066769826612,46.48337173461914,371718000.0
2023-12-06,47.13122044302318,47.302916124514056,45.33141833887503,45.42225646972656,380590000.0
2023-12-07,45.6189146142351,46.54626712955494,45.52308427817849,46.51332473754883,350823000.0
2023-12-08,46.5123243077979,47.65629078492983,46.467402174460815,47.42170715332031,359224000.0
2023-12-11,47.40673880790064,47.44666494268496,45.74868658721169,46.54426956176758,509728000.0
2023-12-12,45.96430321028968,47.581427820158346,45.96430321028968,47.57244491577149,372387000.0
2023-12-13,47.54449647259797,48.507784486050255,47.52353382296874,48.00268173217773,447792000.0
2023-12-14,48.3041320524151,48.58363397802505,47.33785124678629,48.26420211791992,391232000.0
2023-12-15,48.10848518903452,49.31633726064535,48.034615184125286,48.80324935913086,479948000.0
2023-12-18,49.3123545622575,50.343518919127504,49.062798119752,49.98815155029297,412587000.0
2023-12-19,49.33629886505029,49.61181008886036,48.80823822469981,49.5159797668457,464444000.0
2023-12-20,49.56688996732464,49.91028133379936,48.01265353097003,48.02563095092773,397894000.0
2023-12-21,48.72438912714479,49.00788558509217,48.33308260166921,48.90307235717773,300425000.0
2023-12-22,49.107708829124014,49.29537497058781,48.38099994161529,48.74335861206055,252507000.0
2023-12-26,48.88111364335506,49.51199224313979,48.87312841671405,49.19156265258789,244200000.0
2023-12-27,49.42315780443188,49.59185668051367,48.997911127361846,49.329322814941406,233648000.0
2023-12-28,49.55491912329638,49.79548883206165,49.32432618794135,49.43413162231445,246587000.0
2023-12-29,49.72461566156116,49.90829110638661,48.664499712290464,49.43413162231445,389293000.0
2024-01-02,49.15662585656264,49.20753405733888,47.510553413556266,48.08253479003906,411254000.0
2024-01-03,47.40074566328975,48.09850289557728,47.23603751691528,47.484596252441406,320896000.0
2024-01-04,47.68224504410837,48.41394618414248,47.42370571637504,47.91283798217773,306535000.0
2024-01-05,48.37601604637922,49.459090025386296,48.22029079492016,49.0098876953125,415039000.0
2024-01-08,49.42414836733732,52.18224626703925,49.39120597722168,52.160282135009766,642510000.0
2024-01-09,52.30802809263291,54.22861420741035,51.598287244233845,53.04571533203125,773100000.0
2024-01-10,53.52087170860792,54.50312317370562,53.39409433002728,54.25356674194336,533796000.0
2024-01-11,54.90141170121365,55.24779611496442,53.46496584925973,54.72472381591797,596759000.0
2024-01-12,54.52308221048439,54.872463461679565,54.23359967517569,54.61292266845703,352994000.0
2024-01-16,54.92038130782368,56.73415487746208,54.80259064863885,56.281959533691406,449580000.0
2024-01-17,56.24702551752996,56.370806056804064,54.64287831771136,55.95354843139648,474394000.0
2024-01-18,57.15840468720761,57.49780159403606,56.00745052096862,57.00567626953125,491650000.0
2024-01-19,57.88610325059809,59.39442372974931,57.12345894632279,59.385440826416016,543501000.0
2024-01-22,59.942448676756726,60.22394978789264,58.9651857256467,59.54814910888672,452955000.0
2024-01-23,59.464298025036406,59.80369487757325,58.48104521071959,59.76676177978516,294654000.0
2024-01-24,60.19699904963291,62.73748144195341,59.83164734308872,61.25312042236328,560271000.0
2024-01-25,62.239368666397,62.607717226695215,60.74203016945469,61.50767135620117,482777000.0
2024-01-26,60.85183343731232,61.67337498834804,60.4655228910145,60.92270660400391,390309000.0
2024-01-29,61.12334647652739,62.37811598607431,60.79892621300264,62.35416030883789,348733000.0
2024-01-30,62.78840024661466,63.38034661468554,62.1495325776363,62.6626205444336,410735000.0
2024-01-31,61.330972562079104,62.15850386710644,60.592287833998455,61.41781997680664,453795000.0
2024-02-01,61.98981163068563,63.07887923181449,61.5406131324354,62.91516876220703,369146000.0
2024-02-02,63.86047697211615,66.48181657897317,63.57698053493533,66.0426025390625,476578000.0
2024-02-05,68.10395378778126,69.3737001755538,67.08576682117494,69.20899200439453,680078000.0
2024-02-06,69.50646063248888,69.63024118166943,66.18237446253364,68.10195922851562,683111000.0
2024-02-07,68.19778404882926,70.09541214076467,67.48005798042527,69.97462463378906,495575000.0
2024-02-08,69.9496558671256,70.66837949372972,69.33175856710787,69.51742553710938,414422000.0
2024-02-09,70.40785287358678,72.05692221360141,70.08742326576261,72.00502014160156,436637000.0
2024-02-12,72.47118484090161,74.4786183227707,71.1235816589561,72.11981201171875,613710000.0
2024-02-13,70.27510691021548,73.31969142351917,69.49649190429426,72.00003814697266,602580000.0
2024-02-14,73.07214581565101,74.10430812575423,71.81038816611475,73.76890563964844,504917000.0
2024-02-15,73.73794078168315,73.84374789733648,72.27154539670707,72.52908325195312,420122000.0
2024-02-16,73.96851471281462,74.2699807907232,72.37235296886776,72.4841537475586,495327000.0
2024-02-20,71.8193337960462,71.82832050697183,67.61381202197207,69.32876586914062,704833000.0
2024-02-21,67.88533642606332,68.76577530674938,66.13045996080022,67.35228729248047,673755000.0
2024-02-22,74.8918837924214,78.43558041658676,74.08831180865685,78.39865112304688,865100000.0
2024-02-23,80.64665337566204,82.24780364536768,77.4323654765101,78.67715454101562,829388000.0
2024-02-26,79.5585907729136,80.50291911362528,78.36571128314377,78.95167541503906,503973000.0
2024-02-27,79.24014935736925,79.33898034064636,77.0250924240117,78.56135559082031,391705000.0
2024-02-28,77.48227691873889,78.7929431019633,76.98815248522881,77.52519989013672,393110000.0
2024-02-29,78.95366810218512,79.84807446200602,78.2109848648127,78.97163391113281,507289000.0
2024-03-01,79.85805518730493,82.15397732028299,79.29405523547015,82.13301086425781,479135000.0
2024-03-04,83.98070887832954,87.53938523582946,83.57044270492621,85.08574676513672,615616000.0
2024-03-05,85.12270452666515,85.94827947163024,83.2729084960246,85.81550598144531,520639000.0
2024-03-06,87.86993807352297,89.56899358821315,86.87964744648528,88.54676055908203,582520000.0
2024-03-07,90.00225477502153,92.60674904676836,89.44721547430589,92.50891876220705,608119000.0
2024-03-08,94.97364703765751,97.23174040772028,86.35655527181379,87.37679290771484,1142269000.0
2024-03-11,86.27969121669621,88.64359662209651,84.02060015441661,85.62582397460938,678364000.0
2024-03-12,87.8969031445505,91.80114256968416,86.0011815049168,91.75422668457033,668075000.0
2024-03-13,90.8976988663388,91.345920701362,88.28222228746216,90.73098754882812,635713000.0
2024-03-14,89.42225831640668,90.48941185201532,86.45039611721776,87.79207611083984,602318000.0
2024-03-15,86.77983369344113,89.39131202190967,86.10799973550625,87.68526458740234,642086000.0
2024-03-18,90.23185202169164,92.24536587684682,86.9345566695886,88.30219268798828,668976000.0
2024-03-19,86.55022352343148,90.38758481674584,84.86314816147532,89.24356842041016,672171000.0
2024-03-20,89.6418701073994,90.25381771221528,88.07059173697641,90.21588134765624,479063000.0
2024-03-21,92.14054972284488,92.48794810720764,90.24881917443112,91.27703857421876,480372000.0
2024-03-22,90.9835495525749,94.61426754269417,90.6770806979814,94.12611389160156,586719000.0
2024-03-25,93.77871131394468,96.59882785449742,93.34845614456138,94.83787536621094,552136000.0
2024-03-26,95.68541767838448,96.20851455285562,92.34220396856466,92.4011001586914,513648000.0
2024-03-27,92.95114873658731,93.0789259717654,88.96904130951937,90.0940933227539,586067000.0
2024-03-28,89.8445252112995,91.1422825108375,89.03892009399118,90.19991302490234,435212000.0
2024-04-01,90.14300911365386,92.0656767674512,89.04989954343785,90.20689392089844,452441000.0
2024-04-02,88.295199136712,89.93835929549583,87.46863424504667,89.29747009277344,433064000.0
2024-04-03,88.33114383542578,90.21787822523544,88.24728931215489,88.81031036376953,370067000.0
2024-04-04,90.24981545155312,90.47742601324012,85.73163346290652,85.756591796875,434965000.0
2024-04-05,86.71594667786945,88.32816244191248,85.7775755946387,87.8559799194336,399678000.0
2024-04-08,88.54675414355297,88.67653442305598,86.5821594652945,86.98246765136719,283220000.0
2024-04-09,87.29093308519522,87.48360044285332,82.87857107978263,85.20653533935547,501700000.0
2024-04-10,83.78102746556362,87.24902545092569,83.56439945092491,86.8886489868164,431929000.0
2024-04-11,87.2689793680449,90.58224601063488,86.77583708331596,90.45945739746094,431637000.0
2024-04-12,89.54404775764081,90.01923104025528,87.37879585703206,88.03366088867188,426805000.0
2024-04-15,88.94406648002054,90.45644843108836,85.78054278674153,85.8524169921875,443077000.0
2024-04-16,86.28367890740496,87.96576550123054,85.91532070970885,87.26398468017578,370453000.0
2024-04-17,88.18738725935935,88.62164096734257,83.80497167986917,83.88983154296875,495400000.0
2024-04-18,84.82320627802973,86.0410998135889,82.25964198597137,84.52471923828125,447260000.0
2024-04-19,83.00636595540483,84.17833393456459,75.47539894537725,76.06836700439453,875198000.0
2024-04-22,77.96907171420484,79.93467203595871,76.26802061217705,79.38063049316406,596341000.0
2024-04-23,80.62947459576492,82.62601974052421,80.1253496885507,82.2806167602539,438559000.0
2024-04-24,83.80497344877082,83.93674919660243,79.0462101404743,79.53936004638672,512208000.0
2024-04-25,78.73175253009703,83.1790583894206,78.08787011237102,82.4892578125,424641000.0
2024-04-26,83.67322387424187,88.178429159811,83.24296857442113,87.58345794677734,551011000.0
2024-04-29,87.44367738781547,87.83998710672722,85.11869845127212,87.60540008544922,388971000.0
2024-04-30,87.08929643239856,88.66557118869024,86.15092540038592,86.25274658203125,363709000.0
2024-05-01,84.93003072487383,85.85143274518,81.11462711525115,82.89754486083984,559863000.0
2024-05-02,84.30310641773906,86.08801954331209,83.05626359727954,85.66874694824219,377898000.0
2024-05-03,87.6373400551101,89.12675929539812,86.8896334546632,88.63561248779297,398341000.0
2024-05-06,89.23557056109705,92.06068332323404,88.90115021604193,91.98081970214844,376203000.0
2024-05-07,90.94062670307744,91.62244547206085,88.85723403089521,90.39756774902344,437342000.0
2024-05-08,89.32842516703573,91.03646805439529,89.26553046184982,90.25582122802734,325721000.0
2024-05-09,90.3726004169922,90.91466159296333,88.07857394048413,88.59368133544922,378013000.0
2024-05-10,90.14898917811551,91.24309639621146,89.07284860877868,89.72272491455078,335325000.0
2024-05-13,90.32169428450598,90.84080023922876,88.37606371894472,90.24283599853516,289680000.0
2024-05-14,89.44422015487879,91.4926773525484,88.78036800318161,91.19818878173828,296507000.0
2024-05-15,92.31226052004403,94.6981313350878,91.44076747625896,94.4665298461914,417735000.0
2024-05-16,94.74604213563502,95.65346838301872,93.94042944222824,94.19599151611328,323952000.0
2024-05-17,94.2059787452818,94.57633241179128,91.64740285082289,92.3192367553711,359691000.0
2024-05-20,93.58804490846175,95.03553695656012,93.27858287715311,94.61626434326172,318764000.0
2024-05-21,93.43729892728764,95.23519004733342,93.01902406434208,95.2212142944336,328946000.0
2024-05-22,95.29408831779948,95.85411617010452,93.0879071432018,94.78596496582033,548648000.0
2024-05-23,101.85175314144692,106.1363388077003,101.34462744914428,103.61969757080078,835065000.0
2024-05-24,104.26856517672162,106.29106630104066,102.82207077625,106.28507995605467,429494000.0
2024-05-28,110.0535586136133,114.74044777454472,109.69318217417998,113.70423889160156,652728000.0
2024-05-29,112.8547051589029,115.29248024146612,110.70941556106892,114.62663269042967,557442000.0
2024-05-30,114.4519449958506,115.61892428256706,109.47356046717066,110.30911254882812,484553000.0
2024-05-31,112.32561724375552,112.52228313915188,106.75526253688238,109.44361114501952,613263000.0
2024-06-03,113.4247150655188,114.80133056640624,111.80950641949946,114.80133056640624,438392000.0
2024-06-04,115.516099971868,116.39856789561996,113.84798144289938,116.23584747314452,403324000.0
2024-06-05,118.16652151115385,122.23747225440592,117.26508152569082,122.2284927368164,528402000.0
2024-06-06,123.83369734866147,125.37004011083056,118.11559592598994,120.78897094726562,664696000.0
2024-06-07,119.56310374577735,121.48178833918006,117.8181297926402,120.6791763305664,412386000.0
2024-06-10,120.16205248180556,122.8873318903164,116.80785658193524,121.57959747314452,313434100.0
2024-06-11,121.56963752755463,122.66783369220164,118.54462427746988,120.7110595703125,222551200.0
2024-06-12,122.85750238613136,126.6712162731191,122.36831081363356,124.99398040771484,299595000.0
2024-06-13,129.1770893049594,129.5864183097163,126.9507630154097,129.396728515625,260704500.0
2024-06-14,129.7461556011969,132.62140615970972,128.10885485479358,131.66299438476562,309320400.0
2024-06-17,132.7711675834259,133.50994014798042,129.36677515556565,130.76446533203125,288504400.0
2024-06-18,130.92420671975586,136.10566894087242,130.47495024767164,135.35690307617188,294335100.0
2024-06-20,139.56996619369176,140.52837801062054,129.30688285479897,130.56480407714844,517768400.0
2024-06-21,126.91082285827493,130.41504917764772,124.09546355999292,126.36172485351562,649445800.0
2024-06-24,123.03719724453092,124.2551908621237,117.8457572795687,117.91564178466795,476060900.0
2024-06-25,121.00056206941292,126.29184395373642,119.1236583558784,125.88251495361328,414192600.0
2024-06-26,125.92246422081828,127.90918776205926,122.39827366611266,126.19202423095705,362975900.0
2024-06-27,123.89579983596734,126.20200405764363,122.71774114608807,123.78598022460938,252571700.0
2024-06-28,124.37501298465716,127.49986001719876,122.54802231076044,123.33672332763672,315516700.0
2024-07-01,123.266838134406,124.6345790000873,118.63447360818265,124.09547424316406,284885500.0
2024-07-02,120.93069546851532,123.20695045842406,120.83086152733266,122.4681625366211,218374000.0
2024-07-03,121.45982152361672,128.0689239501953,121.16031210370706,128.0689239501953,215749000.0
2024-07-05,127.17040031042268,128.63799033992214,125.4732006158399,125.62295532226562,214176700.0
2024-07-08,127.28020581947078,130.55481479101948,126.83094936680692,127.9890365600586,237677300.0
2024-07-09,130.13552958791902,133.59982130546845,128.4383145629174,131.16383361816406,285366600.0
2024-07-10,133.80946190177127,134.87770860466375,132.20211043348235,134.68801879882812,248978600.0
2024-07-11,135.52663558437,135.9259713268732,126.84095369862746,127.19037628173828,374782700.0
2024-07-12,128.04891506521614,131.70289540312146,127.01063331199714,129.02731323242188,252680500.0
2024-07-15,130.3451595951711,131.1737956487568,126.97072416574116,128.22865295410156,208326200.0
2024-07-16,128.22865593379024,128.82765950066548,124.37500690887067,126.1520767211914,214769500.0
2024-07-17,121.15031675281162,121.64949400158038,116.52793817127537,117.79584503173828,390086200.0
2024-07-18,121.64949097287112,122.198588979582,116.36819489836525,120.89073944091795,320979500.0
2024-07-19,120.15197050658448,121.3999137142076,117.17687816504188,117.73595428466795,217223800.0
2024-07-22,120.15196984200875,123.86585002604772,119.66277824004172,123.33672332763672,258068900.0
2024-07-23,122.5779572986576,124.4848179409612,121.89907597271184,122.38826751708984,173911000.0
2024-07-24,118.9739065074374,119.7526218155674,113.25333936427286,114.06200408935548,327776900.0
2024-07-25,112.85399693651604,116.43808604158576,106.12508953993542,112.09524536132812,460067000.0
2024-07-26,115.9988091618642,116.00878722251284,111.3963944118867,112.87395477294922,293399100.0
2024-07-29,113.50293810461493,116.08867288971432,111.11687119487814,111.40638732910156,248152100.0
2024-07-30,111.3364936129032,111.8057214597651,102.37127421675278,103.55931854248048,486833300.0
2024-07-31,112.71423011638636,118.14527368402076,110.6975496617802,116.82744598388672,473174200.0
2024-08-01,117.3365974252001,119.96227450650746,106.63423649015628,109.03028869628906,523462300.0
2024-08-02,103.58926418951675,108.54110155423275,101.20319756374684,107.0934829711914,482027500.0
2024-08-05,91.90851250035082,103.239842127859,90.5407717150732,100.28470611572266,552842400.0
2024-08-06,103.6691316762756,107.5327664843651,100.38455194570304,104.07846069335938,409012100.0
2024-08-07,107.63260292939728,108.62097943024764,98.52761419555756,98.74725341796876,411440400.0
2024-08-08,101.83215768316434,105.3263983879788,97.3595262295921,104.79727172851562,391910000.0
2024-08-09,105.46617163856445,106.42459107060564,103.2598090475883,104.57763671875,290844200.0
2024-08-12,106.14504508504662,110.88722873441804,106.08514625528548,108.8405990600586,325559900.0
2024-08-13,112.25498947976828,116.03875418683984,111.39640394640423,115.94889831542967,312646700.0
2024-08-14,118.33496052966188,118.40484504167928,113.88230026594152,117.88570404052734,339246400.0
2024-08-15,118.56458490618095,123.03720888953038,117.27670666159618,122.6578369140625,318086700.0
2024-08-16,121.73935231230438,124.79431469874058,120.98060074622067,124.37500762939452,302589900.0
2024-08-19,124.0754979878485,129.7860870361328,123.21691249503144,129.7860870361328,318333600.0
2024-08-20,128.18870516059542,129.66628071339343,125.68284097768198,127.04060363769533,300087400.0
2024-08-21,127.11051541152284,129.13718177592708,126.45160529458104,128.28857421875,257883600.0
2024-08-22,129.80605728559254,130.5348518103843,122.8974383072882,123.53638458251952,376189100.0
2024-08-23,125.65290085977207,129.38675225949072,125.01395457447234,129.15711975097656,323230300.0
2024-08-26,129.3567902083498,131.04399639094717,124.16534262628208,126.25189971923828,331964700.0
2024-08-27,124.84424526829238,128.98741074794592,123.67616460225028,128.08889770507812,303134600.0
2024-08-28,127.90916927864866,128.11883041927797,122.4381910717034,125.40330505371094,448101100.0
2024-08-29,121.16030028839228,124.22524823697071,116.51795043355128,117.39649963378906,453023300.0
2024-08-30,119.33330147051215,121.5496494805563,117.02710521960448,119.17356872558594,333751600.0
2024-09-03,115.8191103772934,116.01877823521122,107.1134577156826,107.8222885131836,477155100.0
2024-09-04,105.23655349888746,113.0836130103624,103.9486752554176,106.03523254394533,372470300.0
2024-09-05,104.817243866478,109.4695798052194,104.58762658147728,107.0335922241211,306850700.0
2024-09-06,107.86223127024084,107.97205088494898,100.78389323668084,102.66080474853516,413638100.0
2024-09-09,104.70741977949132,106.37467762407766,103.51938307487872,106.29480743408205,273912000.0
2024-09-10,107.6325954237128,109.21998302790868,104.77730096516092,107.922119140625,268283700.0
2024-09-11,109.20999835891276,116.99716652085532,107.24323877137772,116.7176284790039,441422400.0
2024-09-12,116.6577172050991,120.60155948017248,115.19999582839206,118.95413208007812,366052700.0
2024-09-13,118.8942191250157,119.7728434504144,117.41652479583126,118.9141845703125,238358300.0
2024-09-16,116.60779536966284,117.99562620382233,114.1815861384539,116.59780883789062,248772300.0
2024-09-17,117.98564481894722,118.61466685067688,114.65085910577872,115.40966796875,231925900.0
2024-09-18,115.70918780797278,117.51636140830334,113.04335537027728,113.19312286376952,310318900.0
2024-09-19,117.1669184465692,119.47331975028854,117.06707598202318,117.68611145019533,293506400.0
2024-09-20,116.87737463970252,118.43494609535816,115.2099818009,115.81903076171876,382462400.0
2024-09-23,116.36817703420066,116.80748542405604,114.68081111279044,116.07862854003906,206228500.0
2024-09-24,116.33821493002908,121.60998405209612,115.1999940423364,120.68143463134766,354966800.0
2024-09-25,121.82962567540989,124.74507579152808,121.42026930294443,123.31730651855467,284692900.0
2024-09-26,126.6021852727835,127.47082313052574,121.609985658202,123.84648895263672,302582900.0
2024-09-27,123.77659196922,123.83649592385486,119.07394109309163,121.21060180664062,271009200.0
2024-09-30,118.1254274144435,121.31045327548796,117.96568098439478,121.25054931640624,226553700.0
2024-10-01,121.5800295838127,122.2489901408394,115.60936293760751,116.81747436523438,302094500.0
2024-10-02,116.25833761189251,119.19374556676668,114.9603627706106,118.6645736694336,221845900.0
2024-10-03,120.73135113827638,124.16598683922705,120.15225416683852,122.65834045410156,277118000.0
2024-10-04,124.74507071799196,124.84491317422832,121.63992233884696,124.72509765625,243678100.0
2024-10-07,124.79500006476454,130.43618698242878,124.7550615549546,127.52074432373048,346250200.0
2024-10-08,130.0567764001493,133.27175410957346,129.2180905372518,132.68267822265625,285722500.0
2024-10-09,133.9007832398008,134.31014727855833,131.1750464230449,132.44305419921875,246191600.0
2024-10-10,131.70421594134592,134.7893916948541,130.79563194093248,134.5996856689453,242311300.0
2024-10-11,133.80094550922416,135.56818866211125,133.45150063299445,134.5897216796875,170209500.0
2024-10-14,136.25710420849128,139.38222619629536,136.08737124143596,137.8546142578125,232347700.0
2024-10-15,137.654906403531,138.3538265330219,128.5391603262797,131.3946990966797,377831000.0
2024-10-16,133.7709642153392,136.40684475827754,131.37471471629812,135.5082550048828,264879700.0
2024-10-17,139.12261346955344,140.6701983777905,136.65646567187505,136.71636962890625,306435900.0
2024-10-18,138.45366668655112,138.6833036103306,137.06583575895257,137.7847137451172,176090200.0
2024-10-21,137.9145126776056,143.48580932617188,137.78471061125512,143.48580932617188,264554500.0
2024-10-22,142.6870350476968,144.19467365659466,141.55879320187643,143.365966796875,226311600.0
2024-10-23,141.80843319617813,142.20780310560568,137.2455702792771,139.34228515625,285930000.0
2024-10-24,140.6003278006047,141.1294997806309,138.24400879643727,140.1909637451172,172354900.0
2024-10-25,140.7101495657632,143.90516992810382,140.58036271847078,141.31919860839844,205122100.0
2024-10-28,142.77689244758375,142.91667341121004,139.83149806296922,140.30076599121094,173586700.0
2024-10-29,140.0711387385227,142.03806672701694,138.6833077693045,141.02964782714844,157593600.0
2024-10-30,139.32230457284558,140.11108066863528,136.59656776236113,139.12261962890625,179418100.0
2024-10-31,137.38534807029694,137.39532698555524,131.9039070664443,132.55288696289062,270039600.0
2024-11-01,134.48983118439682,137.09575953948232,134.3600443767746,135.18873596191406,207127800.0
2024-11-04,136.9959472521015,138.74321710094807,135.3585064031532,135.83775329589844,187528200.0
2024-11-05,137.2355578866217,140.151000495864,137.11574997671616,139.6917266845703,160537400.0
2024-11-06,142.73696823952852,146.26145970555473,141.73852838547052,145.38282775878906,242043900.0
2024-11-07,146.1616447939007,148.69767593000637,145.94198675435769,148.64776611328125,207323300.0
2024-11-08,148.53787885494532,149.53631855776948,146.03178545046896,147.399658203125,175665800.0
2024-11-11,148.44803352101476,148.6177817068004,143.3460203778287,145.0333709716797,182325600.0
2024-11-12,146.55101593198214,149.4165337385062,145.7822128979203,148.05865478515625,198634700.0
2024-11-13,148.83742831045777,149.0970171738845,145.6723607374253,146.0417938232422,191903300.0
2024-11-14,147.40966837696516,148.7675472701728,145.32293261192063,146.53103637695312,194463300.0
2024-11-15,144.6439744081883,145.0134075079149,139.8614542891372,141.75848388671875,250132900.0
2024-11-18,139.282386032682,141.32919116833153,136.93604583706178,139.93136596679688,221205300.0
2024-11-19,141.09954425974988,146.90047806374457,140.77005724054902,146.78065490722656,227834900.0
2024-11-20,147.18003223590216,147.32979212988033,142.50732548898966,145.6623992919922,309871700.0
2024-11-21,149.11701974284432,152.65149063112756,140.4805046221909,146.44119262695312,400946600.0
2024-11-22,145.70233282975542,146.93042492260167,140.8798813363258,141.72854614257812,236406200.0
2024-11-25,141.76848775116036,141.82839170792872,135.60811535874635,135.80780029296875,344941900.0
2024-11-26,137.4851722903331,139.08268223719327,135.45834049580736,136.70639038085938,190287700.0
2024-11-27,134.7993734587721,137.00593247284488,131.59438972010054,135.1288604736328,226370900.0
2024-11-29,136.56662423239774,139.13262238748922,135.837767286179,138.03433227539062,141863200.0
2024-12-02,138.6134117376161,140.23087948399635,137.60499293345052,138.41372680664062,171682800.0
2024-12-03,138.0442734668822,140.32071486351376,137.73475958396023,140.04115295410156,164414000.0
2024-12-04,141.77844351730124,145.56252344018102,140.07110485324333,144.91354370117188,231224300.0
2024-12-05,144.89360218968224,146.32146235801875,143.73532840807314,144.8436737060547,172621200.0
2024-12-06,144.38435184545514,145.48270218050342,141.09924996942553,142.22756958007812,188505600.0
2024-12-09,138.76276188244717,139.74129618907318,136.9255094433844,138.60299682617188,189308600.0
2024-12-10,138.80268748950093,141.60850970621567,133.5904709096604,134.8685760498047,210020900.0
2024-12-11,137.1551752087216,139.9609826182475,135.00838729186296,139.10226440429688,184905200.0
2024-12-12,136.8755708420711,138.23354324797214,135.59748095840345,137.1351776123047,159211400.0
2024-12-13,138.7327975455873,139.39181692680097,132.3423328930269,134.04978942871094,231514900.0
2024-12-16,133.9798879813558,134.19956111084232,130.22550081237128,131.8031463623047,237951100.0
2024-12-17,128.89747709842524,131.39374870651014,126.67080709010266,130.19554138183594,259410300.0
2024-12-18,133.66035727519176,136.49611794642954,128.08867764771298,128.71774291992188,277444500.0
2024-12-19,131.56348324328064,133.8301019554315,129.35678784338916,130.48509216308594,209719200.0
2024-12-20,129.61642290138565,135.07826717246132,128.0287975903948,134.49913024902344,306528600.0
2024-12-23,136.0767418582626,139.58150132927014,134.9184683016336,139.46168518066406,176053500.0
2024-12-24,139.79122163679293,141.6883821217358,138.44322876231024,140.01089477539062,105157000.0
2024-12-26,139.49166074428362,140.63995487774488,137.52459740894255,139.7213134765625,116205600.0
2024-12-27,138.34337590905767,138.81267619141968,134.50910636621433,136.8056640625,170582600.0
2024-12-30,134.628921256616,140.06081067569033,133.82013169900247,137.2849578857422,167734700.0
2024-12-31,137.82414956509464,137.86409844380188,133.63041622678574,134.0897216796875,155659200.0
2025-01-02,135.7971917031726,138.67290181477085,134.4292395740467,138.10374450683594,198247200.0
2025-01-03,139.8011917981673,144.6838985290199,139.52161059265686,144.25454711914062,229322500.0
2025-01-06,148.3684248105369,151.93310868099036,147.5995839740372,149.20716857910156,265377400.0
2025-01-07,152.80180879971968,152.90166577959354,139.8012192468087,139.9310302734375,351782200.0
2025-01-08,142.36737985085435,143.73533196712347,137.3548616440079,139.90106201171875,227349900.0
2025-01-10,137.24501786219508,139.7113355717742,134.0198390250661,135.7073211669922,207602500.0
2025-01-13,129.79615256902926,133.29093305056014,129.31685741876072,133.03131103515625,204808900.0
2025-01-14,135.84710238324766,136.1766120600162,129.85605059334506,131.56349182128906,195590500.0
2025-01-15,133.45067056072713,136.24649773538883,131.09418961528783,136.0368194580078,185217300.0
2025-01-16,138.43325045720013,138.5430870275282,133.2909365646461,133.37081909179688,209235600.0
2025-01-17,136.4861555399997,138.29345383465838,135.25799411499426,137.504638671875,201188800.0
2025-01-21,138.95245710585658,141.61847317570314,136.88553704004724,140.61996459960938,197749000.0
2025-01-22,144.44426793757484,147.56958971587568,143.45573886876412,146.85067749023438,237651400.0
2025-01-23,144.8337106624021,147.01045262591376,143.5056920734559,147.00047302246094,155915500.0
2025-01-24,148.14874363197046,148.74785499769604,141.66843136501245,142.40731811523438,234657600.0
2025-01-27,124.6138830305536,128.20850504229963,116.52595684106744,118.24339294433594,818830900.0
2025-01-28,121.62833781559046,128.8076175411123,116.0766320864675,128.79763793945312,579666400.0
2025-01-29,126.31134548354018,126.70076325147896,119.87096767407616,123.51551818847656,467120600.0
2025-01-30,122.91641979157204,124.81358785050304,117.92387627755193,124.464111328125,392925500.0
2025-01-31,123.59540412169352,127.6593341751579,119.01225290264884,119.89093780517578,388161100.0
2025-02-03,114.57888277703152,118.39318602096668,112.84147962875149,116.4860382080078,371235700.0
2025-02-04,116.78557092036436,121.01924546805154,116.52595653802958,118.47305297851562,256550000.0
2025-02-05,121.57842315704724,124.8135892575584,120.57991444298676,124.6438446044922,262230800.0
2025-02-06,127.22996749994309,128.57796024161053,125.02326434711814,128.4880828857422,251483600.0
2025-02-07,129.02729180363133,130.17557068191934,124.8135839892709,129.6463623046875,228186300.0
2025-02-10,129.89599772289156,134.79867927002743,129.76620194780145,133.37081909179688,216989100.0
2025-02-11,132.38230132778313,134.27946199343057,130.8246300046561,132.6019744873047,178902400.0
2025-02-12,129.8261026458349,132.04279313100764,128.88750205027108,130.94442749023438,160278600.0
2025-02-13,131.36380821970238,136.29644386397356,130.9743904181038,135.08824157714844,197430000.0
2025-02-14,136.27645326854343,139.042326433892,135.29791907929888,138.64292907714844,195479600.0
2025-02-18,141.05932980350207,143.226091877041,137.72429913092634,139.19210815429688,219176600.0
2025-02-19,139.3019353271886,141.14918241151278,137.01535723812603,139.02235412597656,167536000.0
2025-02-20,139.8211794831435,140.45024487315197,136.5860056380014,139.90106201171875,143903600.0
2025-02-21,139.83115735009994,141.24905316966826,133.83012530319377,134.22952270507812,228217600.0
2025-02-24,136.35635785611953,138.38332947991822,129.88602516626045,130.08572387695312,251381100.0
2025-02-25,129.78615711570163,130.00583024952502,124.25442559786757,126.44115447998048,271428700.0
2025-02-26,129.79617403066678,133.53058746877883,128.29841071950025,131.08424377441406,322553800.0
2025-02-27,134.7986782828192,134.80865788512716,119.83103458283094,119.9708251953125,443175800.0
2025-02-28,117.8439849269481,124.90344062232614,116.22640582508672,124.73369598388672,389091100.0
2025-03-03,123.32581202011416,123.51552349340125,112.11255593535712,113.88990020751952,411381400.0
2025-03-04,110.48499132597254,119.13207287466712,109.9457957033308,115.81702423095705,398163300.0
2025-03-05,117.40464986998916,118.10360288358513,114.33922859376143,117.12506866455078,284337900.0
2025-03-06,113.36069823382532,115.17798387118098,110.0556366780344,110.40511322021484,321181900.0
2025-03-07,111.08408724577036,113.31076488585998,107.3995878917184,112.52194213867188,341755500.0
2025-03-10,109.73609301585864,111.6831816739289,105.30271254146378,106.82044982910156,366487400.0
2025-03-11,106.83043665954976,112.0726069900584,104.61374627233778,108.5978012084961,354865700.0
2025-03-12,113.9602977987337,116.5966026479449,112.72202762810602,115.5780258178711,323857500.0
2025-03-13,116.86621875800482,117.59520049683546,113.63075517539951,115.41825103759766,299033100.0
2025-03-14,118.44401014075396,121.7094305400334,117.98465480860956,121.49972534179688,277593500.0
2025-03-17,122.5682312033008,122.71802281178024,117.86482345684048,119.36272430419922,255501500.0
2025-03-18,117.83485847417,118.85342762738914,114.37970167383446,115.2684555053711,299686900.0
2025-03-19,117.10587204193428,120.28142179456783,115.51810097497594,117.35552215576172,273426200.0
2025-03-20,116.38688818380663,120.0317738155389,116.30699831746894,118.3641128540039,248829700.0
2025-03-21,116.77634740953133,117.82487338576216,115.25847035053428,117.5352783203125,266498500.0
2025-03-24,119.71223179694545,122.04896105750126,119.17298658297102,121.24009704589844,228452500.0
2025-03-25,120.381299437669,121.12026171196634,118.7535756640042,120.52110290527344,167447200.0
2025-03-26,118.5638454632065,118.6736845133834,112.55226594608844,113.60079956054688,293463300.0
2025-03-27,111.19417323533278,114.28983351449122,110.5051440147698,111.27406311035156,236902100.0
2025-03-28,111.33397804410713,112.712051739216,108.91736643615504,109.51652526855467,229872500.0
2025-03-31,104.98287310192076,110.80471613819728,103.5049485540766,108.22832489013672,299212700.0
2025-04-01,108.36813339033893,110.04578269736857,106.32100673854832,109.99585723876952,222614000.0
2025-04-02,107.1398553905561,111.82329447216486,106.64055510872038,110.26547241210938,220601200.0
2025-04-03,103.36515315702636,105.48218161280622,101.45782230020173,101.65754699707033,338769400.0
2025-04-04,98.7715853475697,99.98987163475934,91.98109847139008,94.17801666259766,532273800.0
2025-04-07,87.33759621246332,101.60759784636036,86.4987754744505,97.50334930419922,611041300.0
2025-04-08,103.66472218207365,105.70186824827938,94.3278084260022,96.1652374267578,476243400.0
2025-04-09,98.75160385221358,114.93891720962624,97.39350654873373,114.16999816894533,612918300.0
2025-04-10,109.21694044618194,110.70485307181583,99.01124202201945,107.4194564819336,437812400.0
2025-04-11,108.348157786305,111.39389245819964,107.32958859529616,110.7747573852539,313417300.0
2025-04-14,113.9503045917023,114.1300529879136,108.91735711650354,110.55506134033205,264705000.0
2025-04-15,110.81470199440513,113.46099492172468,110.3453585264742,112.04297637939452,228966900.0
2025-04-16,104.40369410395132,106.64055727885454,100.30942561460589,104.3437728881836,397016900.0
2025-04-17,104.30381795694564,104.3237942331935,99.90998190333625,101.34796142578124,292517500.0
2025-04-21,98.6317735699764,99.3008417327631,94.90699776234818,96.77438354492188,288501100.0
2025-04-22,98.6417555090913,99.67031279819464,97.14385476914264,98.75160217285156,241004800.0
2025-04-23,104.37372584399633,104.6533403969428,101.87722447592722,102.5662612915039,247526000.0
2025-04-24,103.33517578708889,106.39089066307956,102.96569088547096,106.28104400634766,220815000.0
2025-04-25,106.70047768277183,111.7633826618512,105.58204983332996,110.85466003417967,251064700.0
2025-04-28,109.53649064316204,110.21553928394424,105.87162103934428,108.5778350830078,207708500.0
2025-04-29,107.5193148494054,110.04577291521682,107.2896409990865,108.86742401123048,170444300.0
2025-04-30,104.32379376082017,108.76756286621094,103.93434018163836,108.76756286621094,235044600.0
2025-05-01,112.92174799120272,114.7791455573913,111.14424029465428,111.45380401611328,236121500.0
2025-05-02,114.02021557227994,115.23850951002052,113.21135153306962,114.33976745605467,190194800.0
2025-05-05,112.75199066583208,114.5095221313392,112.50234053074917,113.66071319580078,133163200.0
2025-05-06,111.32400387233044,114.57943650755207,110.6649237860017,113.38111877441406,158525600.0
2025-05-07,112.8918038042742,117.5153219594032,112.12287705585727,116.89618682861328,206758800.0
2025-05-08,118.084515254596,118.51391379663416,115.68787240644632,117.20574951171876,198428100.0
2025-05-09,117.18577270674557,118.06454606438504,115.0487681449328,116.48675537109376,132972200.0
2025-05-12,121.79930827024248,122.82786560058594,120.11167093091152,122.82786560058594,225023300.0
2025-05-13,124.8051066300396,131.03637225526788,124.295818189616,129.7481689453125,330430100.0
2025-05-14,133.0135995308355,135.2504704050171,131.4957223220182,135.15060424804688,281180800.0
2025-05-15,134.10204362723803,136.10924022234616,132.47433530494334,134.64129638671875,226632600.0
2025-05-16,136.02935467905488,136.15917761368735,133.27322291926768,135.2104949951172,226542500.0
2025-05-19,132.20472197026768,135.67984750647184,132.20472197026768,135.38027954101562,193154600.0
2025-05-20,134.1020699305735,134.39167264198855,132.43440873143513,134.19195556640625,161514200.0
2025-05-21,132.87378601013486,137.2077087161811,130.40724144628155,131.6155548095703,270608700.0
2025-05-22,132.0449376190489,134.0621148614722,131.3658966044825,132.64410400390625,187344000.0
2025-05-23,129.81807417545411,132.49431639064062,128.97925335315108,131.10626220703125,198821300.0
2025-05-27,133.96226214597905,135.47015877862245,133.12344131304633,135.3103790283203,192953600.0
2025-05-28,135.83963178227697,137.0579256739289,134.60136161311598,134.621337890625,304021100.0
2025-05-29,142.0509238917618,143.28919402135628,137.71700129433316,138.99520874023438,369241900.0
2025-05-30,138.52585950975748,139.42459384487097,132.73397369059805,134.94088745117188,333170900.0
2025-06-02,135.30038976970178,137.9266987725352,135.21050414256473,137.187744140625,197663100.0
2025-06-03,138.5857816307834,141.801276586457,137.75694135463797,141.02236938476562,225578800.0
2025-06-04,141.99100090060617,142.19071794379053,139.3447005567539,141.72137451171875,167120800.0
2025-06-05,141.97102431113476,143.79846496522654,138.63570246128648,139.79408264160156,231397900.0
2025-06-06,142.31055518995854,143.0695013401578,141.31195466595716,141.52166748046875,153986200.0
2025-06-09,142.9896338649108,144.7970986584505,141.74138301440692,142.430419921875,185114500.0
2025-06-10,142.49031793007975,144.088069701399,141.33193761060437,143.758544921875,155881900.0
2025-06-11,144.4176611881815,144.79716064315863,141.6813000562032,142.64002990722656,167694000.0
2025-06-12,141.78116046611606,144.80712890625,141.6613249598906,144.80712890625,162365000.0
2025-06-13,142.2904745799642,143.38901749969733,140.6626531024409,141.78115844726562,180820600.0
2025-06-16,143.159329390418,145.98555166191812,143.00951976951112,144.49754333496094,183133700.0
2025-06-17,144.2978018718573,145.0268265438421,143.58873962374116,143.92828369140625,139108000.0
2025-06-18,143.81845298832403,145.45627108510786,142.9296373487004,145.2864990234375,161494100.0
2025-06-20,145.2565234707711,146.00552584195606,142.46024490398213,143.65866088867188,242956200.0
2025-06-23,142.31044894200824,144.58741490600102,141.84107290887454,143.9782257080078,154308900.0
2025-06-24,145.36637857516104,147.76319531946535,145.3064608232896,147.70326232910156,187566100.0
2025-06-25,149.0714619384952,154.24456476496755,149.06146548674553,154.10475158691406,269146500.0
2025-06-26,155.77252682686714,156.51154803915952,153.79516469048193,154.81381225585938,198145700.0
2025-06-27,155.83242906789442,158.49889084686143,155.05346784206984,157.5401611328125,263234500.0
2025-06-30,158.1893045239527,158.4489684480595,155.7525627920192,157.7798614501953,194580300.0
2025-07-01,156.08211312403307,156.9909063970138,151.2885097592641,153.09609985351562,213143600.0
2025-07-02,152.77652287552658,157.3903883520798,152.76654166200262,157.0408477783203,171224100.0
2025-07-03,158.1593559409033,160.7658851337161,157.56016311083363,159.12806701660156,143716100.0
2025-07-07,157.98957042846925,159.09809459400483,157.1307137305003,158.02952575683594,140139000.0
2025-07-08,159.11807865757584,160.0068942683196,158.1793265036118,159.7871856689453,138133000.0
2025-07-09,161.0055648799297,164.20130555952733,160.94564712320184,162.66336059570312,183656400.0
2025-07-10,164.10143771292147,164.28119097215313,161.3950357038234,163.88172912597656,167704100.0
2025-07-11,163.50222183922534,167.6666731011634,163.2525543877531,164.70062255859375,193633300.0
2025-07-14,165.1500194092157,165.26987014699793,161.80448473325933,163.8517608642578,136975800.0
2025-07-15,170.96229989605533,172.17068192225182,168.97494134085255,170.4729461669922,230627400.0
2025-07-16,170.83247408910898,171.52155877211666,168.67534340451817,171.14205932617188,158831500.0
2025-07-17,171.79120519874627,173.92835823409905,170.60278554683865,172.7698974609375,160841100.0
2025-07-18,173.40903901870553,174.01822826089457,171.03219980516573,172.18067932128906,146456400.0
2025-07-21,172.5202421124047,173.14940908730952,170.7725696163311,171.15206909179688,123126100.0
2025-07-22,171.1120956061046,171.1620321483939,164.3610926233022,166.80783081054688,193114300.0
2025-07-23,169.30450383433347,171.03219846298632,167.74658125695927,170.55284118652344,154082200.0
2025-07-24,172.21065238052367,173.5988030318276,171.07216922217725,173.50892639160156,128984600.0
2025-07-25,173.3790803717594,174.4876045602178,172.72995103806022,173.26922607421875,122316800.0
2025-07-28,173.78854323017163,176.7645753161742,173.73860668662087,176.51490783691406,140023500.0
2025-07-29,177.7233037615148,179.14141320408203,174.78721179005433,175.27655029296875,154077500.0
2025-07-30,176.27521653092245,179.65072563032518,175.80584046425426,179.03155517578125,174312200.0
2025-07-31,182.6567315862202,183.0562087176856,175.69600066981488,177.6334228515625,221685400.0
2025-08-01,173.85844036702034,176.3051785902702,170.66269971388826,173.4889373779297,204529000.0
2025-08-04,174.9270158880054,179.96030526461158,174.28786778877773,179.7605743408203,148174600.0
2025-08-05,179.38109521170273,180.02024338323596,175.6660417026363,178.0229034423828,156407600.0
2025-08-06,176.09544939411415,179.66069269115442,176.01555398070957,179.18133544921875,137192300.0
2025-08-07,181.32849521637667,183.6354201729052,178.56217541570945,180.5295562744141,151878400.0
2025-08-08,181.3085211979325,183.05619350177665,180.16004168373897,182.4569854736328,123396700.0
2025-08-11,181.80785936297343,183.59547178906817,180.01025048518693,181.81784057617188,138323200.0
2025-08-12,182.7166509044063,184.234618174838,179.22130626788388,182.9163818359375,145485700.0
2025-08-13,182.3770937521473,183.72530422356277,179.11145412417423,181.3484649658203,179871700.0
2025-08-14,179.51090820642335,182.7765629312542,179.22130065055427,181.77789306640625,129554000.0
2025-08-15,181.63809742364472,181.6580598511533,177.80319319129092,180.20999145507807,156602200.0
2025-08-18,180.359785616326,182.69666946783065,180.3497891649352,181.7678985595703,132008000.0
2025-08-19,182.1873495042791,182.25726371442747,175.25659293377495,175.40638732910156,185229200.0
2025-08-20,174.93701244991922,175.76591033294957,168.57548977611862,175.1667022705078,215142700.0
2025-08-21,174.61743669419707,176.6646977817985,173.57881147306438,174.74725341796875,140040900.0
2025-08-22,172.38040151215634,178.35244288234992,170.97227338198675,177.7532501220703,172789400.0
2025-08-25,178.11278178635797,181.6680441727565,176.33515059315872,179.57083129882812,163012800.0
2025-08-26,179.82049655621498,182.14739921043056,178.57215920342722,181.5282287597656,168688200.0
2025-08-27,181.7379436715125,182.24727507184863,178.86178472902657,181.35845947265625,235518900.0
2025-08-28,180.57950348224864,184.22464261974773,176.17536544772958,179.93035888671875,281787800.0
2025-08-29,177.87309917143955,177.91303926310266,172.91968968806756,173.9483184814453,243257900.0
2025-09-02,169.77387989783634,172.15071909272382,166.99757884564528,170.55284118652344,231164900.0
2025-09-03,170.83248363379096,172.18069419661035,168.65539040087648,170.39306640625,164424900.0
2025-09-04,170.34312465674856,171.6314020660847,169.1846639665207,171.43167114257812,141670100.0
2025-09-05,167.8065026792569,168.80517258283567,163.8517783946414,166.7978515625,224441400.0
2025-09-08,167.32715219255022,170.73262035939155,167.12742125141602,168.0861358642578,163769100.0
2025-09-09,168.86509051949955,170.7525760297424,166.51822538667548,170.53286743164062,157548400.0
2025-09-10,176.40506201448144,179.05153132643002,175.23661998400823,177.09414672851562,226852000.0
2025-09-11,179.4511179779685,180.050359799309,176.2551971559751,176.94432067871094,151159300.0
2025-09-12,177.5435512454145,178.37249577533527,176.22522541777622,177.59349060058594,124911000.0
2025-09-15,175.44622258887705,178.62217970015598,174.28769658655634,177.52357482910156,147061600.0
2025-09-16,176.77453647764895,177.27389957504343,174.15787872389456,174.65724182128906,140737800.0
2025-09-17,172.4201024269062,172.97938669910795,168.1954945771254,170.07308959960938,211843800.0
2025-09-18,173.7583871307785,176.87442336525442,172.73969733735942,176.01551818847656,191763300.0
2025-09-19,175.54609885389235,177.8531538116004,174.95683884616588,176.4449462890625,237182100.0
2025-09-22,175.07671637070237,184.31493427279133,174.4874715349329,183.37612915039065,269637000.0
2025-09-23,181.73821238324945,182.18763613663097,175.9855548133895,178.2027130126953,192559600.0
2025-09-24,179.54100413716742,179.5509859124944,175.17656050171237,176.74456787109375,143564100.0
2025-09-25,174.2577508730865,180.03038734713982,172.90947958662534,177.4636688232422,191586700.0
2025-09-26,177.94304916264082,179.54101721374016,174.70717071687335,177.96302795410156,148573700.0
2025-09-29,180.20017297627672,183.7656330630971,180.09032771672483,181.61837768554688,193063500.0
2025-09-30,181.848063160254,187.11135435179563,181.2488213615314,186.3423309326172,236981000.0
2025-10-01,185.00405809785752,187.9003581593927,183.665753326035,187.0015106201172,173844900.0
2025-10-02,189.3585011391996,190.806651138866,187.8204541960536,188.6493988037109,136805800.0
2025-10-03,188.94900408551683,190.11751186051177,185.1438598655547,187.3809967041016,137596900.0
2025-10-06,185.2637075602064,186.9914995955013,183.09647356463947,185.30364990234372,157678100.0
2025-10-07,185.99277739696944,188.8191743935438,183.76562222076905,184.8042907714844,140088000.0
2025-10-08,186.33235229407293,189.35849142592937,186.30237648821537,188.86911010742188,130168900.0
2025-10-09,191.9851285494953,195.05122522476876,190.816620752273,192.32470703125,182997200.0
2025-10-10,193.26350393527704,195.3708168536685,181.81811007166195,182.92669677734372,268774400.0
2025-10-13,187.73056363822363,189.8678370807686,185.72312947730663,188.0801239013672,153482800.0
2025-10-14,184.5346420566055,184.56460262310264,179.47109296765566,179.80067443847656,205641400.0
2025-10-15,184.56460739230215,184.63451030281777,177.06416377208902,179.60093688964844,214450500.0
2025-10-16,181.99787810828644,183.0465437061986,179.5410200965125,181.5784149169922,179723300.0
2025-10-17,179.9504818191574,183.8655019863948,179.52103686227596,182.9866180419922,173135200.0
2025-10-20,182.89674524617425,184.96410068415813,181.49851933568945,182.4073638916016,128544700.0
2025-10-21,182.55715836486127,182.55715836486127,179.5709767314294,180.9292449951172,124240200.0
2025-10-22,180.9092591258601,183.20633238125785,176.53483359319367,180.05035400390625,162249600.0
2025-10-23,180.1901742303588,182.7968501503985,179.5609718650331,181.92796325683597,111363700.0
2025-10-24,183.60580497197225,187.23118563906056,183.26624175096785,186.0227203369141,131296700.0
2025-10-27,189.74798924630224,191.75542334831323,188.18996363054163,191.2460784912109,153452700.0
2025-10-28,192.80410966447576,202.8912358579665,191.6655623251096,200.77394104003903,297986200.0
2025-10-29,207.715080745974,211.9197249544373,204.51915980095316,206.7762756347656,308829600.0
2025-10-30,204.8886770404504,205.89740027142088,201.1534507471854,202.63156127929688,178864400.0
2025-10-31,206.18701808603035,207.7050861560208,201.81260775338424,202.2320709228516,179802200.0
2025-11-03,207.81493866642376,211.07078042213968,205.2981445069072,206.6164703369141,180267300.0
2025-11-04,202.7414122562426,203.7101778590782,197.67786326579136,198.43690490722656,188919300.0
2025-11-05,198.5168123443512,202.66152000582164,194.40205001057663,194.9613494873047,171350300.0
2025-11-06,196.16981228388872,197.3682807609907,186.14260723026615,187.84043884277344,223029800.0
2025-11-07,184.66446402160463,188.0801209573904,178.68210397488247,187.9103240966797,264942300.0
2025-11-10,194.8614791513322,199.6853287651845,193.5431531870904,198.7964630126953,198897100.0
2025-11-11,194.91140808059745,195.17107140540628,191.05632435423007,192.91395568847656,176483300.0
2025-11-12,195.47068348463264,195.64046510157328,190.8865341091802,193.5531311035156,154935300.0
2025-11-13,190.8066439854392,191.1961465947379,183.61581837719612,186.6219787597656,207423100.0
2025-11-14,182.62706393415107,190.7666759402113,180.34996953708983,189.92774963378903,186591900.0
2025-11-17,185.73311754704963,188.75925679396332,184.08522536919267,186.36231994628903,173628900.0
2025-11-18,183.14641371605563,184.5646030780414,179.42115405263684,181.1289825439453,213598900.0
2025-11-19,184.5546024199349,187.62069907956396,182.5971076589588,186.28240966796875,247246400.0
2025-11-20,195.70039225393623,195.7503316108911,179.62090987236718,180.40989685058597,343504800.0
2025-11-21,181.00912433889104,184.32488707538116,172.70969762442783,178.65213012695312,346926200.0
2025-11-24,179.26135956972516,183.26624588742,176.25518414830518,182.3174591064453,256618300.0
2025-11-25,174.68719385821646,177.93305383278917,169.3340211059625,177.59349060058594,320600300.0
2025-11-26,181.39863013804072,182.6769983530976,178.01294919921247,180.03036499023438,183852000.0
2025-11-28,178.7819702942556,179.0616124091028,176.27517303639212,176.7745361328125,121332800.0
2025-12-01,174.53739527000454,180.07034727044882,173.45876908321011,179.69082641601562,188131000.0
2025-12-02,181.5284722516508,185.4235136530611,179.7707195907086,181.22886657714844,182632200.0
2025-12-03,180.8493441127912,182.21759414523956,178.88185225801445,179.36123657226562,165138000.0
2025-12-04,181.39873533031871,184.29521152983364,179.7407692190929,183.15660095214844,167364900.0
2025-12-05,183.66598269849337,184.43504894381925,180.6896172324408,182.1877899169922,143971100.0
2025-12-08,182.41751577930148,187.7709870845105,182.17780264974235,185.323974609375,204378100.0
2025-12-09,185.33395229946427,185.4937610485011,183.09669077375295,184.7446746826172,144719700.0
2025-12-10,184.74467463147755,185.2540478736652,181.8182359713298,183.55612182617188,162785400.0
2025-12-11,180.060377409269,181.09911899111663,176.40483245042134,180.70957946777344,182136600.0
2025-12-12,180.88937065842447,182.59729422559732,174.40727135263347,174.80679321289062,204274900.0
2025-12-15,177.72322484137152,178.20263580820242,174.81676632707214,176.07522583007812,164775600.0
2025-12-16,176.04526619844617,178.27256047932946,174.686922405521,177.5034942626953,148588100.0
2025-12-17,175.88546784627562,175.91543007880583,170.10251312474713,170.73175048828125,222775500.0
2025-12-18,174.3173807251694,175.93540231223645,171.6106906687844,173.9278564453125,176096000.0
2025-12-19,176.4547863729682,181.22896236326451,176.12518653595592,180.76953125,324925900.0
2025-12-22,183.6959478478248,183.935660967629,182.1278683380167,183.4662322998047,129064400.0
2025-12-23,182.74711840334103,189.099371651584,182.67719635774475,188.97952270507807,174873600.0
2025-12-24,187.71105179508496,188.67987134928,186.3626902843432,188.38023376464844,65528500.0
2025-12-26,189.68863982420257,192.45526970950263,187.7709805748158,190.2978973388672,139740300.0
2025-12-29,187.4813341773615,188.53004285167208,185.68352392965696,187.9907073974609,120006100.0
2025-12-30,188.0106981731968,188.75978454971104,186.70228116711607,187.31153869628903,97687300.0
2025-12-31,189.33906392286715,190.32784810299728,186.26281429981768,186.27279663085935,120100500.0
2026-01-02,189.6087335707417,192.6949656802433,188.0306564952844,188.6199493408203,148240500.0
2026-01-05,191.5264039837752,193.39413642527967,185.9232371396652,187.89083862304688,183529700.0
2026-01-06,190.2879203285983,191.935904267691,186.5924305704924,187.0119171142578,176862600.0
2026-01-07,188.3402879564672,191.1368647540468,186.3327268208183,188.87962341308597,153543200.0
2026-01-08,188.87962438445808,189.31909080925223,183.4862088297309,184.8145751953125,172457000.0
2026-01-09,184.8545293482555,186.1129888751533,183.44624341374129,184.63479614257807,131327500.0
2026-01-12,182.9968005253017,186.89204340473577,182.7970472156232,184.71470642089844,137968500.0
2026-01-13,184.7746378408776,187.88084992986475,183.17658082293008,185.58364868164065,160128900.0
2026-01-14,184.0954710990846,184.2352999433054,180.57975484984624,182.9169006347656,159586100.0
2026-01-15,186.2727952885624,189.46889382188115,186.10300422087676,186.82212829589844,206188600.0
2026-01-16,188.8496622427164,190.20800608356456,185.85331687968656,186.0031280517578,187967200.0
2026-01-20,181.67840938923757,182.1578356421877,177.39364202987932,177.85308837890625,223345300.0
2026-01-21,178.8318922054109,185.15418310637224,178.18267486272933,183.09669494628903,200381000.0
2026-01-22,184.5249356842524,185.94320399708803,183.70592730123704,184.6148223876953,139636600.0
2026-01-23,187.27158465782284,189.3690325020707,186.5924203594268,187.44137573242188,142748100.0
2026-01-26,186.93200550896395,188.88960930416172,185.76343263076708,186.2428436279297,124799600.0
2026-01-27,187.01190478720807,189.76853699604695,185.47377232125424,188.29034423828125,143711600.0
2026-01-28,191.0369866951896,192.1156727976695,189.60872088942648,191.28668212890625,148552700.0
2026-01-29,191.1069092802216,193.244301759811,185.8333425036608,192.2754821777344,171764400.0
2026-01-30,190.97707539362892,194.25307849059112,189.23918956869625,190.8971710205078,179489500.0
2026-02-02,186.97193993484487,190.06816944570556,184.65477420739683,185.3838806152344,165794100.0
2026-02-03,186.01312186532803,186.04308409913696,176.01530661894333,180.12030029296875,204019600.0
2026-02-04,179.241398362594,179.36124730830178,171.70059231104517,173.97781372070312,207014100.0
2026-02-05,174.7168961324724,176.60460839935587,170.8216531377948,171.67062377929688,206312900.0
2026-02-06,176.4747642750831,186.77220252110317,174.38731390455436,185.18414306640625,231346200.0
2026-02-09,184.03552934237337,193.42408742490235,183.7259094221984,189.80848693847656,196387400.0
2026-02-10,191.1468699498802,192.2455208098368,187.89083145679504,188.3103179931641,136764800.0
2026-02-11,192.21556708670823,193.02457795983295,188.5400571346844,189.8184967041016,144192700.0
2026-02-12,192.79485804306623,193.3741533411549,186.28279615580217,186.7122802734375,189932500.0
2026-02-13,187.25160463564347,187.2715845385837,181.36878053627944,182.58729553222656,161888000.0
2026-02-17,181.5285959992061,186.92201173748992,178.9617194034806,184.7446746826172,162276900.0
2026-02-18,188.52005804720127,190.13807962880853,186.53247684939709,187.75099182128903,164749100.0
2026-02-19,186.8321237354349,188.20044994409497,185.43383529156333,187.6710968017578,126554500.0
2026-02-20,186.342734664171,190.09814888521723,185.71349722992971,189.5887756347656,178422300.0
2026-02-23,191.1668239815537,193.71372053376285,189.34904909171755,191.316650390625,171584800.0
2026-02-24,191.2567378902843,193.5339592408144,187.171708627792,192.61508178710935,175123600.0
2026-02-25,194.2131137016724,197.38924768090467,193.5539140704845,195.3217620849609,250637100.0
2026-02-26,194.03334246429927,194.0533071271398,184.09546670933037,184.66476440429688,360807900.0
2026-02-27,181.0292033274304,182.3675672971408,176.1651407824763,176.97415161132812,311636500.0
2026-03-02,174.79680413295333,183.2365228635074,174.42725972943845,182.25770568847656,209095300.0
2026-03-03,178.27256086028186,180.67961330625167,176.70446619030554,179.83065795898438,178099400.0
2026-03-04,180.22019302825055,184.47499807111,179.84065106191534,182.8170166015625,177731200.0
2026-03-05,180.94928366467312,183.83576224630104,177.6632984882966,183.11663818359372,198779700.0
2026-03-06,179.62092189230134,182.53736302725528,176.6046117177772,177.6033935546875,189021900.0
2026-03-09,176.61458806542095,182.6871832569013,175.34613090826778,182.427490234375,177213600.0
2026-03-10,182.1777835258792,186.21287029543888,181.78825925636124,184.5449066162109,179118500.0
2026-03-11,185.6935753620157,187.401576119786,184.2352683241476,185.8134307861328,145280400.0
2026-03-12,183.83574790315467,184.72471123223085,181.53842231669145,182.9268035888672,155762700.0
2026-03-13,184.70472270189356,185.87335881208497,179.73052445930352,180.0401611328125,160988400.0
2026-03-16,182.7570048934839,188.66012868968363,181.19882333613756,183.0067138671875,217307400.0
2026-03-17,184.8445618023411,185.1841623368753,181.4684917186082,181.71820068359372,182497800.0
2026-03-18,182.2675676480169,183.16652908726184,180.12007659614625,180.1899871826172,156683100.0
2026-03-19,177.80276430906588,179.77047215436778,175.5853475010711,178.3521270751953,170968500.0
2026-03-20,177.79278016290235,178.05247199547227,171.52009228430225,172.4989471435547,241323500.0
2026-03-23,177.0536408486584,178.16234927411983,174.55655117338722,175.43553161621094,182836300.0
2026-03-24,174.6264683383626,176.01484951930743,173.777451794472,174.99603271484375,147667800.0
2026-03-25,176.89383761026875,181.00903649280792,176.64412864426953,178.47198486328125,162602100.0
2026-03-26,175.86504388946904,176.30451888215924,170.9407749866337,171.04066467285156,186152200.0
2026-03-27,169.80209026823204,170.77096223786808,166.81556566439232,167.32498168945312,196212700.0
2026-03-30,168.58352034150624,169.25273855906806,164.07877596313077,164.97772216796875,185627000.0
2026-03-31,166.77563225072552,174.41672082635512,166.7656493784466,174.1969757080078,226181300.0
2026-04-01,175.79511913229018,177.16351944386196,174.54657425208924,175.54541015625,168132000.0
2026-04-02,171.97954556798163,177.28337661769746,171.170490985778,177.18348693847656,143143200.0
2026-04-06,176.953760088437,177.58301630024127,175.55538077559635,177.43319702148438,107564300.0
2026-04-07,175.52541836668527,178.0225079733855,173.4578360976707,177.89266967773438,132534900.0
2026-04-08,184.2852230345028,185.0443328296099,180.09011531444295,181.8680419921875,147732700.0
2026-04-09,181.6283100364998,183.8657078609029,180.40972906189933,183.69590759277344,116428500.0
2026-04-10,184.0954373612556,189.77881591864653,184.08545448929232,188.4104156494141,160459500.0
2026-04-13,185.81343445538195,189.43921351677636,185.52377876103736,189.0896148681641,133648200.0
2026-04-14,190.61783708872017,196.2812347412109,190.54792650193752,196.2812347412109,161307000.0
2026-04-15,196.3111993145372,200.166706463506,195.5121427945441,198.63848876953125,185338400.0
2026-04-16,197.20015246424893,199.6173486077875,195.58204328149,198.1190948486328,134012900.0
2026-04-17,199.66727910556,201.46518667284232,199.03802288778024,201.44520568847656,160324400.0
2026-04-20,199.7471876833392,201.9346406188145,197.6096795882359,201.82476806640625,119381400.0
2026-04-21,201.89470437258373,202.51397775047528,198.76834314349975,199.64732360839844,107945300.0
2026-04-22,200.7560302662893,202.26426696777344,198.7683413658613,202.26426696777344,107501000.0
2026-04-23,202.22431724671495,203.59271751351983,196.9904117933692,199.4075927734375,113561800.0
2026-04-24,199.72721882416832,210.70441481695212,199.57738430538976,208.0275421142578,214134400.0
2026-04-27,209.4059296471886,216.5775789683675,207.13858324348888,216.3578338623047,187172400.0
2026-04-28,209.2461357291284,214.4800260296235,207.95762889823203,212.92184448242188,180275400.0
2026-04-29,212.4523894424142,212.47237042757808,207.33835459433345,209.00640869140625,123711800.0
2026-04-30,209.68560172993963,210.0551813566716,198.4686794524716,199.33767700195312,225239200.0
2026-05-01,201.0456862731779,202.7636852194425,196.89052532216476,198.21897888183597,128647000.0
2026-05-04,199.2677487020073,201.49514834231712,194.5132956232549,198.2489318847656,125368100.0
2026-05-05,199.06798360144137,200.00689171848023,195.80178617585557,196.271240234375,113406600.0
2026-05-06,199.65729931010404,208.0275486883452,198.3787906294548,207.5880584716797,188362800.0
2026-05-07,208.0974592073836,213.95063795079756,206.25960488465944,211.2537841796875,168307900.0
2026-05-08,212.7820061205359,217.5464575316693,212.642169707093,214.9494781494141,136421400.0
2026-05-11,213.79081709888328,222.04121091513156,213.64099781886503,219.18453979492188,160685800.0
2026-05-12,218.2955800381889,223.48952345691535,214.6698009927987,220.52297973632807,159176600.0
2026-05-13,224.6681467194947,227.5747627822776,221.3120728008497,225.56710815429688,150405400.0
2026-05-14,229.58243343997336,236.2646326841873,229.03307065698917,235.465576171875,180782900.0
2026-05-15,229.49252726355343,231.23050718880452,223.9789641563916,225.0577087402344,180977600.0
2026-05-18,229.60240180074675,229.7322553439391,218.1157890335498,222.0612030029297,146280900.0
2026-05-19,219.36432694236117,224.21866983705235,217.6563261548179,220.35317993164065,140948200.0
2026-05-20,222.9201831873553,225.8667612103758,220.2433103590018,223.20985412597656,184201600.0
2026-05-21,222.03121805596584,227.1352699433697,217.6762930684293,219.25445556640625,203381800.0
2026-05-22,220.64283833374196,220.75271088945505,214.54994865072536,215.07933044433597,169275700.0
2026-05-26,216.28791550863895,217.9260057479501,211.75320730356688,214.60987854003903,187202600.0
2026-05-27,213.87072806866348,213.9006919249857,208.53694826896,212.35250854492188,167601200.0
2026-05-28,211.03403615445995,215.2691056248748,210.9741084423121,214.0005798339844,143996000.0
2026-05-29,214.33020874183248,217.6063892667686,210.88422794322287,210.8942108154297,289410600.0
2026-06-01,215.47885750139108,224.60821672379728,215.448893644638,224.09881591796875,212850700.0
2026-06-02,226.91551751623655,232.0095863674792,221.09231801448132,222.56060791015625,193362900.0
2026-06-03,221.46188713313535,222.56061267075637,214.2602739078757,214.5,160907000.0
2026-06-04,213.91000366210935,221.6000061035156,210.97000122070312,218.66000366210935,169022200.0
2026-06-05,214.52999877929688,214.8699951171875,204.3300018310547,205.1000061035156,219655500.0
2026-06-08,210.17999267578125,210.47000122070312,206.0,208.63999938964844,138372800.0
2026-06-09,210.6199951171875,211.3999938964844,199.33999633789065,208.19000244140625,180962500.0
2026-06-10,204.42999267578125,207.22000122070312,199.9199981689453,200.4199981689453,161746600.0
2026-06-11,201.4900054931641,205.66000366210935,199.5399932861328,204.8699951171875,158643200.0
2026-06-12,204.8600006103516,207.07000732421875,203.44000244140625,205.19000244140625,112001800.0
2026-06-15,208.9199981689453,212.7100067138672,208.33999633789065,212.4499969482422,149936700.0
2026-06-16,211.17999267578125,211.4900054931641,207.2899932861328,207.41000366210935,125694100.0
2026-06-17,208.52999877929688,209.2100067138672,203.0800018310547,204.6499938964844,128363500.0
2026-06-18,207.3300018310547,211.38999938964844,206.5,210.69000244140625,241272000.0
2026-06-22,211.44000244140625,213.9900054931641,207.72000122070312,208.6499938964844,122041400.0
2026-06-23,202.1699981689453,203.7700042724609,200.0,200.0399932861328,153496200.0
2026-06-24,200.1199951171875,201.6699981689453,196.5800018310547,199.0,151810700.0
2026-06-25,200.0800018310547,200.8000030517578,192.1300048828125,195.7400054931641,149550000.0
2026-06-26,193.1199951171875,195.5500030517578,191.22000122070312,192.52999877929688,179304100.0
2026-06-29,193.8500061035156,196.17999267578125,189.8000030517578,194.97000122070312,148835700.0
2026-06-30,197.2400054931641,200.6300048828125,195.1100006103516,200.08999633789065,166476700.0
2026-07-01,196.1999969482422,199.8500061035156,193.4499969482422,197.5800018310547,146147600.0
2026-07-02,197.13999938964844,200.05999755859372,192.3500061035156,194.8300018310547,142068700.0
2026-07-06,194.4199981689453,197.5500030517578,193.9900054931641,195.5500030517578,108999000.0
2026-07-07,192.3699951171875,198.41000366210935,191.13999938964844,196.92999267578125,124154600.0
2026-07-08,195.17999267578125,205.16000366210935,195.05999755859372,204.1199951171875,147419100.0
2026-07-09,204.4600067138672,204.58999633789065,198.9600067138672,202.77999877929688,132037400.0
2026-07-10,202.0,211.0,201.9199981689453,210.9600067138672,148421000.0
2026-07-13,208.5399932861328,210.57000732421875,203.0,203.52999877929688,121411000.0
2026-07-14,208.1999969482422,212.5500030517578,203.8000030517578,211.8000030517578,124379600.0
2026-07-15,211.9600067138672,213.80999755859372,206.0399932861328,212.5,124797200.0
2026-07-16,210.1699981689453,211.0800018310547,205.8500061035156,207.3999938964844,122986100.0
2026-07-17,202.63999938964844,206.6499938964844,197.97000122070312,202.80999755859372,144281900.0
2026-07-20,205.8699951171875,207.7400054931641,202.27999877929688,203.27999877929688,88701500.0
2026-07-21,207.5399932861328,208.6499938964844,204.00999450683597,207.2899932861328,108685600.0
2026-07-22,205.80999755859372,214.38999938964844,204.9499969482422,212.05999755859372,137645600.0
2026-07-23,209.4600067138672,210.8699951171875,205.9600067138672,208.75999450683597,110505300.0
2026-07-24,207.4499969482422,211.91000366210935,204.80999755859372,206.83999633789065,114836800.0
2026-07-27,208.1999969482422,208.75,195.44000244140625,196.50999450683597,154353700.0
2026-07-28,195.0,198.6999969482422,192.7400054931641,197.00999450683597,134111500.0
2026-07-29,195.8500061035156,197.07000732421875,190.00999450683597,190.00999450683597,147680800.0
2026-07-30,193.4499969482422,197.25,191.5200042724609,195.0399932861328,129010200.0
2026-07-31,198.44000244140625,202.0,194.9499969482422,200.75,139961200.0
2026-08-03,197.69000244140625,208.7400054931641,196.8500061035156,206.63999938964844,128406900.0
2026-08-04,211.3000030517578,213.05999755859372,209.0500030517578,211.94000244140625,134922000.0
2026-08-05,216.8600006103516,222.22000122070312,216.3999938964844,219.22000122070312,158187400.0
2026-08-06,221.52999877929688,223.6300048828125,217.0,218.9900054931641,113940600.0
2026-08-07,221.5399932861328,224.75999450683597,220.66000366210935,223.9600067138672,105669400.0
2026-08-10,223.3999938964844,224.13999938964844,216.7700042724609,217.5500030517578,115846600.0
2026-08-11,222.1699981689453,222.1999969482422,216.1999969482422,217.5,101273100.0
2026-08-12,221.0399932861328,225.1000061035156,220.1999969482422,224.08999633789065,108783600.0
2026-08-13,225.05999755859372,227.22999572753903,223.7100067138672,225.3000030517578,98867200.0
2026-08-14,226.7700042724609,227.4900054931641,224.5,225.16000366210935,75680900.0
2026-08-17,225.97999572753903,227.9199981689453,224.8600006103516,225.00999450683597,93678700.0
2026-08-18,220.4499969482422,221.63999938964844,218.69000244140625,219.7400054931641,103128200.0
2026-08-19,221.6699981689453,222.8699951171875,216.75999450683597,217.55999755859372,96797300.0
2026-08-20,218.3600006103516,219.8600006103516,215.66000366210935,216.8500061035156,92457000.0
2026-08-21,218.4199981689453,218.7400054931641,214.5,214.72000122070312,98869300.0
2026-08-24,215.52999877929688,215.58999633789065,207.25,208.47999572753903,135187300.0
2026-08-25,211.02999877929688,214.72999572753903,210.1100006103516,213.0500030517578,122309000.0
2026-08-26,212.63999938964844,213.6000061035156,209.22999572753903,209.66000366210935,179900000.0
2026-08-27,222.8600006103516,230.47000122070312,220.8999938964844,227.97999572753903,298231200.0
