,IC
2011-01-03,0.21712698428580704
2011-01-04,-0.3132442890576259
2011-01-05,0.05926417974257316
2011-01-06,-0.0003582255892500171
2011-01-07,-0.1327103735588018
2011-01-10,-0.039073746032805265
2011-01-11,-0.25692934113440274
2011-01-12,-0.0019314407679753356
2011-01-13,-0.33067024971587955
2011-01-14,0.10878840108441189
2011-01-18,0.5732442196873717
2011-01-19,0.27089741428031144
2011-01-20,-0.05719451238656844
2011-01-21,-0.106480127175817
2011-01-24,0.1601484427220102
2011-01-25,-0.33857335725261084
2011-01-26,-0.21892664521351343
2011-01-27,0.3356438604783991
2011-01-28,-0.3291032366630242
2011-01-31,-0.33062570282967874
2011-02-01,-0.04879011734170742
2011-02-02,0.14189048255201997
2011-02-03,-0.08709245931378397
2011-02-04,-0.3111658826193657
2011-02-07,-0.029017563863303456
2011-02-08,0.14071806524994232
2011-02-09,-0.22399862982142452
2011-02-10,-0.2321744093667361
2011-02-11,-0.17553009536091038
2011-02-14,0.2703418023811531
2011-02-15,-0.18002163813365576
2011-02-16,-0.02917768632538968
2011-02-17,0.17846794435475016
2011-02-18,0.6145638309305133
2011-02-22,0.29736465904418935
2011-02-23,-0.14474701218727512
2011-02-24,-0.36810212208377163
2011-02-25,0.15408678368022005
2011-02-28,0.5580835415674776
2011-03-01,-0.08572054397206197
2011-03-02,-0.37499122267437424
2011-03-03,0.2507422256918791
2011-03-04,0.3492042683171461
2011-03-07,-0.22868441934795739
2011-03-08,0.29781519244483834
2011-03-09,0.3614920850778042
2011-03-10,-0.21883654828875043
2011-03-11,0.009810977566072937
2011-03-14,-0.00019911931618262675
2011-03-15,0.20909591609950554
2011-03-16,-0.24295025030025322
2011-03-17,-0.025759498916024404
2011-03-18,-0.3096966436382425
2011-03-21,0.3524246389850423
2011-03-22,-0.0755472577642201
2011-03-23,-0.13675153556912728
2011-03-24,-0.1399039896748305
2011-03-25,0.0945818348654295
2011-03-28,-0.042378677832366964
2011-03-29,-0.07845460114666482
2011-03-30,-0.0005958415005735781
2011-03-31,0.03820653483018322
2011-04-01,0.09781021845370563
2011-04-04,-0.1038430387301257
2011-04-05,0.13695385050583805
2011-04-06,0.2153472419442029
2011-04-07,0.2454291223475202
2011-04-08,0.20134136399530542
2011-04-11,0.28691964156332306
2011-04-12,0.04427050586668351
2011-04-13,0.1587143618945021
2011-04-14,-0.018171981980916057
2011-04-15,0.2725468069644963
2011-04-18,-0.22318143313976097
2011-04-19,-0.2628929797274625
2011-04-20,-0.20737197459006965
2011-04-21,0.08915778398298271
2011-04-25,-0.07689990204122196
2011-04-26,0.06962301899141204
2011-04-27,0.052050596538395784
2011-04-28,-0.02134925841876721
2011-04-29,0.2620827253648912
2011-05-02,0.35724231278432644
2011-05-03,0.3179806753332125
2011-05-04,-0.03340607023046274
2011-05-05,-0.07424598216340192
2011-05-06,-0.010133956197121168
2011-05-09,-0.20485816364147486
2011-05-10,0.40443504020620463
2011-05-11,0.33422147077155745
2011-05-12,0.3595348939714064
2011-05-13,0.255268311996406
2011-05-16,0.22007665199515986
2011-05-17,-0.38561984223852985
2011-05-18,-0.06012835894435784
2011-05-19,0.2800394659382764
2011-05-20,0.398592435605933
2011-05-23,0.1228112705518216
2011-05-24,-0.40260761817613017
2011-05-25,-0.23361342632689686
2011-05-26,-0.15721953138356407
2011-05-27,-0.13242859051675915
2011-05-31,0.6503292837758305
2011-06-01,-0.26993966093771965
2011-06-02,0.27573488550487507
2011-06-03,0.3998643139508173
2011-06-06,-0.018196272869646746
2011-06-07,0.406666690977608
2011-06-08,-0.16259343689583333
2011-06-09,0.2377777311820871
2011-06-10,0.20470000036579772
2011-06-13,-0.4933917289413399
2011-06-14,0.46169936661383376
2011-06-15,0.22684164582214159
2011-06-16,0.06417586777173749
2011-06-17,0.038269038250893526
2011-06-20,-0.598403984110065
2011-06-21,0.07742005768532423
2011-06-22,-0.22503729114016707
2011-06-23,0.3216116970746335
2011-06-24,-0.23665227629360708
2011-06-27,-0.27429525676565464
2011-06-28,-0.16685933224382726
2011-06-29,-0.2558577697326939
2011-06-30,-0.28690422222569606
2011-07-01,0.10888707764780217
2011-07-05,0.1828507979980086
2011-07-06,-0.5433335629946997
2011-07-07,0.31887086291871525
2011-07-08,0.6298966965459627
2011-07-11,0.40323356957353496
2011-07-12,-0.28599646807704865
2011-07-13,0.43338289485727227
2011-07-14,-0.13174738614761017
2011-07-15,0.310849172837832
2011-07-18,-0.4440865443383541
2011-07-19,-0.04909169769210047
2011-07-20,-0.16749118335518057
2011-07-21,-0.18369017323849557
2011-07-22,0.06249350490098093
2011-07-25,0.08974841259495682
2011-07-26,0.575539389113553
2011-07-27,0.0028715419782285555
2011-07-28,-0.04991153459033755
2011-07-29,0.03162066778401897
2011-08-01,0.6341776226000433
2011-08-02,-0.15556073654047697
2011-08-03,0.6212924994518703
2011-08-04,0.4042035878583044
2011-08-05,0.5983438010606851
2011-08-08,-0.4361457545641553
2011-08-09,0.35217170958954275
2011-08-10,-0.43944032046732395
2011-08-11,-0.02449753284492226
2011-08-12,-0.28021850733919823
2011-08-15,0.5309040784497725
2011-08-16,0.23093183732029562
2011-08-17,0.7539402186059516
2011-08-18,0.4480799182565793
2011-08-19,0.14714974938477662
2011-08-22,-0.5256089201994503
2011-08-23,-0.23770140957610655
2011-08-24,0.2599255144722729
2011-08-25,-0.47562955111234095
2011-08-26,-0.6451807212202277
2011-08-29,0.00842131352517072
2011-08-30,-0.06883143075992496
2011-08-31,0.43641153163865637
2011-09-01,0.6739263015632602
2011-09-02,0.26981196957451276
2011-09-06,-0.6660840123506484
2011-09-07,0.4344131744839868
2011-09-08,0.35405070048183646
2011-09-09,-0.10529177824723737
2011-09-12,-0.37494539300793056
2011-09-13,-0.2591823902982935
2011-09-14,-0.3548054974093644
2011-09-15,0.25937257671547853
2011-09-16,0.38557044679485114
2011-09-19,0.4885382217531455
2011-09-20,0.42755192205600423
2011-09-21,0.5132449559177096
2011-09-22,-0.21252326758286372
2011-09-23,-0.30708154350980515
2011-09-26,-0.29188757362431
2011-09-27,0.5910016522460048
2011-09-28,-0.08681213785118318
2011-09-29,0.6549169077621663
2011-09-30,0.5010574593977789
2011-10-03,-0.623235361007581
2011-10-04,-0.45924160685026943
2011-10-05,-0.4766648950183753
2011-10-06,0.5443441319503005
2011-10-07,-0.6584521938761497
2011-10-10,-0.21713928649168732
2011-10-11,-0.4272176857821129
2011-10-12,0.23717393610526966
2011-10-13,-0.3712663380824869
2011-10-14,0.6426454802471092
2011-10-17,-0.5795885539831822
2011-10-18,0.5777447964077096
2011-10-19,-0.13750400172141683
2011-10-20,-0.2045464161352578
2011-10-21,-0.679884947716951
2011-10-24,0.4670952738177664
2011-10-25,-0.31133102031035065
2011-10-26,-0.6620302734913497
2011-10-27,-0.15369498339739607
2011-10-28,0.6045708300008226
2011-10-31,0.5272097983341922
2011-11-01,-0.45934093517381663
2011-11-02,-0.35322890045534755
2011-11-03,0.048485129667762215
2011-11-04,0.224613522192247
2011-11-07,-0.3261799333651663
2011-11-08,0.7387707869235792
2011-11-09,-0.0878122171147391
2011-11-10,-0.4823444451890003
2011-11-11,0.17299584904076876
2011-11-14,-0.13020482676502426
2011-11-15,0.14280238648402202
2011-11-16,0.4869448202438291
2011-11-17,0.08539835023133975
2011-11-18,0.40440517060713066
2011-11-21,0.1945105564809259
2011-11-22,0.5983657831367346
2011-11-23,0.289978404247714
2011-11-25,-0.6517860357730996
2011-11-28,0.23392925526514965
2011-11-29,-0.7347114353395953
2011-11-30,0.18765889248534146
2011-12-01,-0.2557675416997552
2011-12-02,-0.3617982081957013
2011-12-05,0.20439222670708773
2011-12-06,-0.02914000330439658
2011-12-07,0.6687253813638577
2011-12-08,-0.5397269421411487
2011-12-09,0.5423274881515081
2011-12-12,0.5387208081554598
2011-12-13,0.38032381249132297
2011-12-14,0.1219650315427348
2011-12-15,-0.211891581873794
2011-12-16,0.49750652484346236
2011-12-19,-0.6165692954646127
2011-12-20,0.18642655760495866
2011-12-21,-0.3928664709343787
2011-12-22,0.05946675309985743
2011-12-23,0.26257970853679563
2011-12-27,0.5951724950616838
2011-12-28,-0.46817611933867076
2011-12-29,-0.06177633479245095
2011-12-30,-0.5267420463804581
2012-01-03,-0.05666381281232546
2012-01-04,-0.262824224676465
2012-01-05,0.011447002720636656
2012-01-06,-0.23847747483909215
2012-01-09,-0.4548438863686797
2012-01-10,-0.28664507675196205
2012-01-11,-0.18967295762374523
2012-01-12,0.289956525404645
2012-01-13,0.04319183330763783
2012-01-17,-0.44180827456783095
2012-01-18,-0.36155703476367135
2012-01-19,-0.019857845066645542
2012-01-20,-0.009478012389594236
2012-01-23,-0.3232504686025326
2012-01-24,-0.0008706456867496725
2012-01-25,0.15439084104683443
2012-01-26,-0.3472552144075667
2012-01-27,0.14279461420006584
2012-01-30,0.10914698028003755
2012-01-31,-0.39925997047942086
2012-02-01,-0.10968086643910448
2012-02-02,-0.6034325692870128
2012-02-03,0.02836467904949458
2012-02-06,0.12997109103025786
2012-02-07,-0.2126138547509542
2012-02-08,-0.05885346497221361
2012-02-09,0.4313771450179639
2012-02-10,-0.3319722875523968
2012-02-13,0.2464010817968495
2012-02-14,0.047542735763369606
2012-02-15,-0.4668407505591805
2012-02-16,0.08159052829451229
2012-02-17,0.07836639686505585
2012-02-21,0.2715374380677071
2012-02-22,-0.20976641298364435
2012-02-23,0.19043702812159155
2012-02-24,-0.05832834970869161
2012-02-27,0.03623304185074044
2012-02-28,0.2432807909136269
2012-02-29,-0.2101698979879454
2012-03-01,0.299216130707216
2012-03-02,0.4436124614098817
2012-03-05,0.6317984783597015
2012-03-06,-0.44847500524438866
2012-03-07,-0.39754857664535426
2012-03-08,-0.20639719329134
2012-03-09,0.3649611112685562
2012-03-12,-0.6768872626816339
2012-03-13,0.03327014640558498
2012-03-14,-0.47072821055785885
2012-03-15,-0.09836557981724366
2012-03-16,-0.08682900734296749
2012-03-19,0.3237495010003404
2012-03-20,0.0243958864087557
2012-03-21,0.5443701704034206
2012-03-22,-0.21562010164339895
2012-03-23,-0.3399284787350659
2012-03-26,0.2714731738897099
2012-03-27,0.18197496060009596
2012-03-28,0.20387672859331324
2012-03-29,-0.020832236948142013
2012-03-30,-0.11909065319873548
2012-04-02,0.22752961693066584
2012-04-03,0.45377255989518656
2012-04-04,0.11951599078936873
2012-04-05,0.4719215756506688
2012-04-09,0.4970145716384322
2012-04-10,-0.28711555935922495
2012-04-11,-0.5907683768677936
2012-04-12,0.47033614758525005
2012-04-13,0.1406247006737292
2012-04-16,-0.3792092580170695
2012-04-17,0.19432849367829527
2012-04-18,0.16936753600234586
2012-04-19,0.23503908489554098
2012-04-20,0.24115724332542385
2012-04-23,-0.12213992084913423
2012-04-24,-0.23378893950093835
2012-04-25,-0.15122435288609493
2012-04-26,-0.07244047640489862
2012-04-27,0.36874106263256984
2012-04-30,-0.14734940474478386
2012-05-01,0.04786144490438429
2012-05-02,0.4162296119526689
2012-05-03,0.48144404846194444
2012-05-04,0.04235106649674425
2012-05-07,0.26739321150699086
2012-05-08,0.13387437483211095
2012-05-09,0.2231245863789459
2012-05-10,0.038298733601878736
2012-05-11,0.4161978781613227
2012-05-14,0.21628451018976388
2012-05-15,0.4497408120910138
2012-05-16,0.36955091674318735
2012-05-17,0.18272871136249963
2012-05-18,-0.520664886372875
2012-05-21,0.07300718429447188
2012-05-22,-0.29742864608489455
2012-05-23,0.2836209620507012
2012-05-24,0.09708136213623315
2012-05-25,-0.532872539947824
2012-05-29,0.5906929069592025
2012-05-30,0.11632675814737316
2012-05-31,0.6230161018021825
2012-06-01,0.3376355225949492
2012-06-04,-0.4746804155947238
2012-06-05,-0.52272612004467
2012-06-06,0.11007338854568809
2012-06-07,-0.15126740423373236
2012-06-08,0.5501103025584219
2012-06-11,-0.4237207889157532
2012-06-12,0.38119848484296076
2012-06-13,0.016827192762330613
2012-06-14,-0.4176585596613626
2012-06-15,0.12003711309178684
2012-06-18,-0.5372441023770317
2012-06-19,-0.15101368250270958
2012-06-20,0.5853712725817374
2012-06-21,-0.08663149866540043
2012-06-22,0.5527000660765924
2012-06-25,-0.0909400575049896
2012-06-26,-0.20445887337496219
2012-06-27,0.016011942241241073
2012-06-28,-0.5302467326076259
2012-06-29,0.1363438160821371
2012-07-02,-0.4365763648914739
2012-07-03,0.09972083437995641
2012-07-05,0.3819532857634338
2012-07-06,0.29665131828764074
2012-07-09,0.5076680696502769
2012-07-10,0.02983020563452694
2012-07-11,0.2486320534731428
2012-07-12,-0.37034808130446784
2012-07-13,0.10964446580220744
2012-07-16,-0.05891667814733687
2012-07-17,-0.14321117062916144
2012-07-18,-0.14977310529101442
2012-07-19,0.3313175012127796
2012-07-20,0.16831589092948548
2012-07-23,0.23801330620591793
2012-07-24,-0.017970905470117534
2012-07-25,-0.19524031344133344
2012-07-26,-0.3979730497076377
2012-07-27,0.2736216603955994
2012-07-30,0.011404699997743345
2012-07-31,0.13863604257553544
2012-08-01,0.10092202412325105
2012-08-02,-0.5163407887810143
2012-08-03,-0.2312363997451352
2012-08-06,-0.4842654992114174
2012-08-07,0.0500420501982279
2012-08-08,-0.25088082988274835
2012-08-09,0.04962949215882738
2012-08-10,0.0560904405195516
2012-08-13,0.2608791713084691
2012-08-14,-0.22861795516063319
2012-08-15,-0.4494153678576269
2012-08-16,-0.22365615226146005
2012-08-17,0.17780156382846699
2012-08-20,-0.18945562647537184
2012-08-21,0.08077045032596271
2012-08-22,0.1385552048753319
2012-08-23,0.12317263760188016
2012-08-24,0.19114367516895708
2012-08-27,0.026108708203547066
2012-08-28,-0.06458567508193713
2012-08-29,0.31749362960024474
2012-08-30,-0.30661376957317577
2012-08-31,0.17582453468258158
2012-09-04,-0.008668306470771285
2012-09-05,-0.5630823833247389
2012-09-06,-0.44630576936044747
2012-09-07,0.17301100740261574
2012-09-10,-0.26276713723247597
2012-09-11,-0.25603461252077786
2012-09-12,-0.2521453503959356
2012-09-13,-0.5529554227812518
2012-09-14,0.4122103651225105
2012-09-17,0.25414053817314436
2012-09-18,0.020760743745223593
2012-09-19,0.4236515617128915
2012-09-20,0.05824810879664058
2012-09-21,0.3519949324652119
2012-09-24,0.5601991349132335
2012-09-25,0.3746139766582887
2012-09-26,-0.4948226918105824
2012-09-27,0.31566078646969953
2012-09-28,0.09351416147334905
2012-10-01,-0.04132197488503249
2012-10-02,0.15115734743994788
2012-10-03,-0.1697023443410046
2012-10-04,0.0381707175071226
2012-10-05,0.17427426845835542
2012-10-08,0.2325480667390859
2012-10-09,0.21293469563236495
2012-10-10,-0.31011001615959727
2012-10-11,0.17727828041934504
2012-10-12,-0.14993108221201074
2012-10-15,-0.34103373157254074
2012-10-16,-0.12497725515479552
2012-10-17,0.08266471496126265
2012-10-18,0.27152310066230156
2012-10-19,-0.13436946873151787
2012-10-22,0.12770490456302305
2012-10-23,0.08293749040799767
2012-10-24,-0.12226029916139122
2012-10-25,0.013684429229195418
2012-10-26,0.07781734245688422
2012-10-31,-0.4686664589481927
2012-11-01,0.20393066881254918
2012-11-02,-0.3661630830316035
2012-11-05,-0.2666178016649255
2012-11-06,0.3935768376160849
2012-11-07,0.24551808313061996
2012-11-08,-0.13350319563250243
2012-11-09,-0.12528428653476503
2012-11-12,0.22996779723294822
2012-11-13,0.38355485479495427
2012-11-14,-0.06395002299377434
2012-11-15,0.08769000655478663
2012-11-16,-0.4603794117081761
2012-11-19,0.06944562082643038
2012-11-20,-0.21516667180619367
2012-11-21,-0.38515213289758493
2012-11-23,0.034291122570934224
2012-11-26,0.150974074469493
2012-11-27,-0.16334695011480502
2012-11-28,-0.23262596080663187
2012-11-29,0.3399763917058281
2012-11-30,0.06823860959335402
2012-12-03,-0.12869141037404402
2012-12-04,-0.006629115364022242
2012-12-05,-0.09877987983762387
2012-12-06,-0.09468533611032556
2012-12-07,-0.20557261269303548
2012-12-10,-0.2611464116382604
2012-12-11,-0.05032818234068374
2012-12-12,0.07792469608597137
2012-12-13,-0.14774638144504826
2012-12-14,-0.14545861352964448
2012-12-17,-0.4652066449279692
2012-12-18,-0.1538219522481247
2012-12-19,-0.020584339756646176
2012-12-20,0.15345306641987985
2012-12-21,0.0473182020440112
2012-12-24,-0.14866014679835218
2012-12-26,0.04355379509822045
2012-12-27,0.12844019745441693
2012-12-28,-0.4736656611667575
2012-12-31,-0.4521323179496829
2013-01-02,0.11541568593275009
2013-01-03,-0.17495061667364314
2013-01-04,-0.07006763371028038
2013-01-07,0.1095809108445269
2013-01-08,-0.11599871908674514
2013-01-09,-0.05338656191398196
2013-01-10,0.06662619347185852
2013-01-11,0.14425146287223212
2013-01-14,0.001978241358173002
2013-01-15,-0.025075646386134565
2013-01-16,-0.25571073560459967
2013-01-17,0.1424738025614488
2013-01-18,0.01977497094907026
2013-01-22,-0.0820192948689816
2013-01-23,-0.003936498368523811
2013-01-24,-0.24919486375060668
2013-01-25,0.038860162858294134
2013-01-28,0.20580694021576815
2013-01-29,0.19327526971998937
2013-01-30,-0.033409476930082116
2013-01-31,-0.21403402415133882
2013-02-01,0.3140495362710684
2013-02-04,-0.28023526923292486
2013-02-05,0.012142405629479647
2013-02-06,0.3150376660995898
2013-02-07,-0.20810718034765432
2013-02-08,0.056230828651441155
2013-02-11,-0.1719403992063767
2013-02-12,-0.10389866696921497
2013-02-13,-0.17376156522715183
2013-02-14,0.27652950569857865
2013-02-15,0.013848904285670824
2013-02-19,0.6425635704728843
2013-02-20,0.46704243765805104
2013-02-21,-0.1485483254743008
2013-02-22,0.4783345809216022
2013-02-25,-0.05854106155750357
2013-02-26,-0.3726516860451763
2013-02-27,0.03112322893252414
2013-02-28,0.1411054483566931
2013-03-01,0.13144545670801924
2013-03-04,-0.3332240502690626
2013-03-05,-0.2929037673978685
2013-03-06,-0.25477697298051566
2013-03-07,-0.20777717388448827
2013-03-08,-0.060366713681367916
2013-03-11,0.15674444530961235
2013-03-12,-0.020088853049130172
2013-03-13,-0.22480813552746076
2013-03-14,0.17897022560053366
2013-03-15,0.2214639816730694
2013-03-18,0.29654114761820094
2013-03-19,-0.18667082326004159
2013-03-20,0.45373810629992883
2013-03-21,0.15033361748171886
2013-03-22,0.24443506829876965
2013-03-25,0.05454470093411005
2013-03-26,0.09655299646873998
2013-03-27,0.12644088883280336
2013-03-28,0.47950420806808847
2013-04-01,0.32418914249650677
2013-04-02,0.32596003374546323
2013-04-03,0.005830905047762625
2013-04-04,0.1001127772464618
2013-04-05,-0.2069730399963839
2013-04-08,-0.24309469564238514
2013-04-09,-0.3330592629116177
2013-04-10,0.12353955853035584
2013-04-11,0.34939171864266155
2013-04-12,0.5727387971214845
2013-04-15,-0.28053500686004823
2013-04-16,0.5049708533741653
2013-04-17,0.4047129435932504
2013-04-18,0.12424352193864156
2013-04-19,-0.28721001613128333
2013-04-22,-0.42092466177211424
2013-04-23,-0.3348552804362576
2013-04-24,-0.20499968081766826
2013-04-25,0.21815290154700287
2013-04-26,-0.12453077264916662
2013-04-29,-0.03917324203718845
2013-04-30,0.34864328532585737
2013-05-01,-0.31440460639392076
2013-05-02,-0.47219790272252965
2013-05-03,-0.445061809013714
2013-05-06,0.0685856864264607
2013-05-07,-0.2880863887363196
2013-05-08,-0.15339853507443638
2013-05-09,-0.20959610799733505
2013-05-10,0.08421265570136609
2013-05-13,-0.29648413279400077
2013-05-14,0.09069331345691975
2013-05-15,0.012273663560078626
2013-05-16,-0.34029355789125176
2013-05-17,-0.19396440470319168
2013-05-20,0.0991785854223353
2013-05-21,0.12715582764655683
2013-05-22,-0.02587415119173038
2013-05-23,-0.044999520328757064
2013-05-24,-0.43072866605650617
2013-05-28,-0.35925018537958164
2013-05-29,-0.2865321910225236
2013-05-30,0.077821787841005
2013-05-31,0.14269658806089172
2013-06-03,0.11335555076902991
2013-06-04,0.37823903282714394
2013-06-05,-0.058874268300460324
2013-06-06,-0.23304922682957743
2013-06-07,-0.004010352846742607
2013-06-10,0.4813746207057508
2013-06-11,0.15972108692843376
2013-06-12,-0.2518370811249282
2013-06-13,0.3520997376253317
2013-06-14,-0.23581713139030652
2013-06-17,-0.15717663632045317
2013-06-18,-0.22499893993615047
2013-06-19,0.08694283263108515
2013-06-20,0.38383484708228377
2013-06-21,0.4928296677174619
2013-06-24,-0.2922675545378496
2013-06-25,0.07931461569425576
2013-06-26,-0.2293266770245376
2013-06-27,0.1280177826631585
2013-06-28,-0.2816779305852184
2013-07-01,0.1211858762330112
2013-07-02,-0.1567448510987993
2013-07-03,-0.4247997887266316
2013-07-05,0.28550259223132696
2013-07-08,-0.21972860453879556
2013-07-09,0.1309147239944351
2013-07-10,-0.04213560286625254
2013-07-11,-0.16137789226749671
2013-07-12,0.13353653822947417
2013-07-15,0.1421325670591985
2013-07-16,-0.17566957371895764
2013-07-17,-0.06987275320812078
2013-07-18,-0.06396528447364223
2013-07-19,-0.05054073483533003
2013-07-22,0.06677187445707765
2013-07-23,-0.03320027255801161
2013-07-24,-0.00846569905265968
2013-07-25,0.2020336932442462
2013-07-26,0.2959699232948865
2013-07-29,-0.1655887188865017
2013-07-30,-0.18383313306791507
2013-07-31,-0.4159744870250789
2013-08-01,0.000904827182146484
2013-08-02,-0.0319469577568262
2013-08-05,0.23548404288551655
2013-08-06,0.17009837536397737
2013-08-07,-0.18294215567007086
2013-08-08,0.03694476934254003
2013-08-09,-0.1732529298163216
2013-08-12,-0.20546529997196783
2013-08-13,0.005758372911015187
2013-08-14,0.1341869389488604
2013-08-15,-0.3027581790327768
2013-08-16,0.32234809002482884
2013-08-19,-0.15630435090013112
2013-08-20,-0.08878296853079973
2013-08-21,-0.4191486764171354
2013-08-22,0.27190948684789834
2013-08-23,-0.13399272733596024
2013-08-26,0.5975600163872182
2013-08-27,-0.31073013012469586
2013-08-28,-0.36576333894443014
2013-08-29,0.35498519182599514
2013-08-30,-0.4292013744306664
2013-09-03,-0.30204031036947004
2013-09-04,-0.30347065281404223
2013-09-05,0.17671259842416345
2013-09-06,-0.31065555659010036
2013-09-09,-0.31585195837390806
2013-09-10,0.11167736416711624
2013-09-11,0.16573151109160908
2013-09-12,0.05399369455985071
2013-09-13,-0.03690549930740722
2013-09-16,-0.11312792439007986
2013-09-17,0.08288724962968581
2013-09-18,-0.03107533378878177
2013-09-19,0.020077511911635437
2013-09-20,0.2914530744191423
2013-09-23,-0.31992554609622703
2013-09-24,-0.23468860169782374
2013-09-25,-0.06114532018422331
2013-09-26,0.112605738111039
2013-09-27,-0.051110501656541095
2013-09-30,-0.16163288488372674
2013-10-01,-0.054321312430896294
2013-10-02,4.8986446110465234e-05
2013-10-03,-0.21429467279805656
2013-10-04,0.3441632753686073
2013-10-07,0.5347753965277724
2013-10-08,0.16685729127590418
2013-10-09,-0.39501761444350686
2013-10-10,-0.19551616288682405
2013-10-11,-0.20612537852470394
2013-10-14,0.1341612297501925
2013-10-15,0.001154343020188878
2013-10-16,-0.005259878518476111
2013-10-17,-0.31347588905393853
2013-10-18,-0.015687512435341142
2013-10-21,0.09009718960406504
2013-10-22,0.29245712037527505
2013-10-23,-0.30021197256871374
2013-10-24,0.15065047219188712
2013-10-25,0.12408601009540156
2013-10-28,-0.16083740826883988
2013-10-29,0.13638409532487572
2013-10-30,0.022340234869321608
2013-10-31,0.09301155455297
2013-11-01,-0.17654703732222476
2013-11-04,0.012560658023554393
2013-11-05,0.28198016609443965
2013-11-06,0.38460090747940306
2013-11-07,-0.3864470612107587
2013-11-08,-0.050995334372366086
2013-11-11,-0.004588046640758472
2013-11-12,-0.2643496827663991
2013-11-13,0.021109358146448466
2013-11-14,0.010304272093523305
2013-11-15,0.2507593606516443
2013-11-18,0.18872037502096153
2013-11-19,-0.13585314888696326
2013-11-20,-0.4398157454714571
2013-11-21,-0.1021469323152638
2013-11-22,-0.04021113969061992
2013-11-25,-0.24667256468083945
2013-11-26,-0.12875794439301802
2013-11-27,0.04892509908422938
2013-11-29,-0.08929180357021597
2013-12-02,0.23631837172533218
2013-12-03,-0.04451094676564115
2013-12-04,-0.0989041486060546
2013-12-05,-0.009195444058929856
2013-12-06,-0.09366640909152954
2013-12-09,-0.17374945400206424
2013-12-10,0.28028380890165705
2013-12-11,-0.18305339542649987
2013-12-12,-0.1553700902060245
2013-12-13,-0.2773566409540991
2013-12-16,-0.10672303268752273
2013-12-17,-0.14862875167476022
2013-12-18,0.029331920293257457
2013-12-19,-0.21720884333055593
2013-12-20,-0.20711089220946732
2013-12-23,-0.016893992507420345
2013-12-24,-0.1470426134613791
2013-12-26,0.17208287069548145
2013-12-27,0.06771915287594159
2013-12-30,-0.22357897919003797
2013-12-31,-0.03311367889317444
2014-01-02,-0.08466440442547381
2014-01-03,0.07634787078851994
2014-01-06,0.053548601904992194
2014-01-07,-0.30163716408763575
2014-01-08,0.02731492356727129
2014-01-09,-0.07067759940491089
2014-01-10,0.2905031907958178
2014-01-13,-0.38364201250522106
2014-01-14,-0.17932814552903095
2014-01-15,0.09308125929261363
2014-01-16,0.06560266013899813
2014-01-17,-0.001079342426364245
2014-01-21,-0.15849563074805342
2014-01-22,0.22763154170559388
2014-01-23,0.5376422036776962
2014-01-24,0.23139471443737944
2014-01-27,-0.31621445213121635
2014-01-28,0.15555859897295696
2014-01-29,-0.1632881352034888
2014-01-30,0.20756993035547217
2014-01-31,0.42201619868723617
2014-02-03,-0.309899276677458
2014-02-04,0.10169259246771303
2014-02-05,-0.2679012480036225
2014-02-06,-0.242670445865677
2014-02-07,0.2320073240922819
2014-02-10,-0.05099247693389281
2014-02-11,-0.21729048966911765
2014-02-12,0.01655174804428097
2014-02-13,0.11057951914344903
2014-02-14,-0.13949525140582697
2014-02-18,0.19487294448835535
2014-02-19,-0.10456482579851595
2014-02-20,-0.09824657975792038
2014-02-21,-0.2544791502379053
2014-02-24,0.04026257259044011
2014-02-25,-0.10498147341589532
2014-02-26,-0.13621397440837638
2014-02-27,0.2546320583571803
2014-02-28,0.15535993592773964
2014-03-03,-0.40077440786107676
2014-03-04,-0.16594512251679736
2014-03-05,-0.18276433735639228
2014-03-06,-0.009141956716952645
2014-03-07,0.23121716808450174
2014-03-10,0.288323372522321
2014-03-11,0.06237173052683446
2014-03-12,0.41535509189180747
2014-03-13,0.10332048561696527
2014-03-14,-0.2059495476058197
2014-03-17,-0.30601293550969566
2014-03-18,-0.041005298647313775
2014-03-19,-0.11041805754765911
2014-03-20,0.2322378693196121
2014-03-21,0.24491286734767173
2014-03-24,0.03141419432345129
2014-03-25,0.431564513867738
2014-03-26,0.17738300245394054
2014-03-27,-0.11302946263352877
2014-03-28,-0.14661991392271018
2014-03-31,-0.46124178019513645
2014-04-01,-0.12647789806969567
2014-04-02,0.23038908112678955
2014-04-03,0.4352032459618701
2014-04-04,0.47324258682631554
2014-04-07,0.0878934742545262
2014-04-08,-0.49215038277691764
2014-04-09,0.589146196341271
2014-04-10,0.3363757639386676
2014-04-11,0.002625474356548326
2014-04-14,-0.02121084003459709
2014-04-15,-0.3922877281008075
2014-04-16,-0.30975894904712586
2014-04-17,-0.08718103883563007
2014-04-21,-0.39382219955020675
2014-04-22,0.21937342608407628
2014-04-23,0.15282646368332442
2014-04-24,0.5881685541666497
2014-04-25,0.4322854346212332
2014-04-28,-0.38307128559870085
2014-04-29,-0.17588340373316547
2014-04-30,-0.08798853206462205
2014-05-01,-0.16630582663851984
2014-05-02,0.11352973880668235
2014-05-05,0.36378683173704934
2014-05-06,0.3463844573960517
2014-05-07,0.0506915166691122
2014-05-08,-0.044173134751258974
2014-05-09,-0.6174133123962158
2014-05-12,0.2247344085029503
2014-05-13,0.35329740337233734
2014-05-14,0.2853596456757044
2014-05-15,-0.02318478556293916
2014-05-16,-0.44850701853534825
2014-05-19,0.35600286177481594
2014-05-20,-0.3356967252881579
2014-05-21,-0.21334025192834516
2014-05-22,-0.3510964191352389
2014-05-23,-0.2941781827206271
2014-05-27,0.11630680145405971
2014-05-28,-0.03743698832201882
2014-05-29,0.371891496130275
2014-05-30,-0.1521024623892733
2014-06-02,0.003725289494854569
2014-06-03,-0.1470107186707433
2014-06-04,-0.1880735004059187
2014-06-05,-0.3783749643373459
2014-06-06,-0.23743468322780412
2014-06-09,-0.09043022662712659
2014-06-10,-0.07110017513898392
2014-06-11,0.28502986723650126
2014-06-12,-0.010826408316673104
2014-06-13,0.04035549887381057
2014-06-16,-0.2949758183857313
2014-06-17,0.14946614063976085
2014-06-18,0.32864707916440816
2014-06-19,-0.11456938053530542
2014-06-20,-0.09315709975756756
2014-06-23,0.30443499203255486
2014-06-24,-0.1850251889777278
2014-06-25,0.032322505108008166
2014-06-26,-0.0028263546625734836
2014-06-27,0.026923593889553295
2014-06-30,-0.41023579867481164
2014-07-01,-0.005233610432485417
2014-07-02,-0.3649907048473722
2014-07-03,0.523092220277167
2014-07-07,0.47472634466805097
2014-07-08,-0.16244481178868173
2014-07-09,0.409584480749597
2014-07-10,-0.22701382184827146
2014-07-11,-0.23515206139888303
2014-07-14,0.1915629686898573
2014-07-15,0.060816217557671026
2014-07-16,0.32610856641659836
2014-07-17,-0.3241481886520905
2014-07-18,-0.016418139128230227
2014-07-21,-0.28158054639682284
2014-07-22,0.030004739444635158
2014-07-23,0.1255208363313669
2014-07-24,-0.026675741676736118
2014-07-25,0.3301735121852849
2014-07-28,-0.09086903506524495
2014-07-29,-0.39859100300946
2014-07-30,0.3551865848814038
2014-07-31,0.28336861239026984
2014-08-01,-0.28343327251045575
2014-08-04,-0.058916838338466726
2014-08-05,-0.009942513812319436
2014-08-06,0.1977348264868168
2014-08-07,0.06713904429213986
2014-08-08,-0.21713838477158168
2014-08-11,0.14366950010706594
2014-08-12,-0.25145335019044385
2014-08-13,0.06177027741402029
2014-08-14,0.0851667661070151
2014-08-15,-0.436960694988415
2014-08-18,0.12049514621655633
2014-08-19,-0.003745662902441529
2014-08-20,0.06498507576905022
2014-08-21,-0.1912246433626628
2014-08-22,-0.10119470798477345
2014-08-25,-0.19555019799530526
2014-08-26,0.374900196284807
2014-08-27,0.2967985611898201
2014-08-28,0.01640647688130241
2014-08-29,-0.3009311846890963
2014-09-02,0.3116992542031872
2014-09-03,0.0005439250194529684
2014-09-04,0.1352715875252717
2014-09-05,-0.21828896669416248
2014-09-08,0.21494524981460583
2014-09-09,-0.31524247505033065
2014-09-10,0.010648370941858009
2014-09-11,-0.14598874771709533
2014-09-12,0.45007963962361247
2014-09-15,0.03040485916820937
2014-09-16,-0.13959856607818577
2014-09-17,-0.3904524807330462
2014-09-18,0.3778821760808935
2014-09-19,0.3748204743075693
2014-09-22,-0.02441418449967999
2014-09-23,-0.24034457689716593
2014-09-24,0.44711240797080715
2014-09-25,-0.2321780998955837
2014-09-26,0.21838661329024614
2014-09-29,0.1989286063749569
2014-09-30,0.4955874309325722
2014-10-01,-0.040752337154635374
2014-10-02,-0.20094983973663
2014-10-03,0.18455535068982115
2014-10-06,0.5506336461857085
2014-10-07,-0.02280805326845682
2014-10-08,0.4186763736657438
2014-10-09,0.5767488101658406
2014-10-10,0.39458671252827054
2014-10-13,-0.02422281008536063
2014-10-14,-0.31613904714258173
2014-10-15,-0.32514066440011635
2014-10-16,-0.18645765100656378
2014-10-17,0.08492960997001561
2014-10-20,-0.5498837489142929
2014-10-21,0.47950892248479154
2014-10-22,-0.4659358977666219
2014-10-23,-0.14420756388473255
2014-10-24,0.19112743033365903
2014-10-27,-0.4848427514036056
2014-10-28,0.03874357867557026
2014-10-29,0.10328827104833561
2014-10-30,-0.3840451266743928
2014-10-31,0.16366142938164535
2014-11-03,0.13146907043476472
2014-11-04,0.0673691156566667
2014-11-05,-0.28184574489103864
2014-11-06,0.09059631894952551
2014-11-07,-0.03715187598309837
2014-11-10,-0.1279248808283533
2014-11-11,-0.1724871845391297
2014-11-12,0.1582385926544787
2014-11-13,-0.3002936042775475
2014-11-14,0.4599104892919267
2014-11-17,-0.2305756483888809
2014-11-18,0.12415886480255629
2014-11-19,-0.2268820392359174
2014-11-20,-0.10130238435587653
2014-11-21,-0.363407476943991
2014-11-24,0.005160147425057181
2014-11-25,0.16920863890728174
2014-11-26,0.3099054925016367
2014-11-28,0.37328924329647806
2014-12-01,-0.17566694123887994
2014-12-02,-0.3452930540684515
2014-12-03,0.07479641600922682
2014-12-04,-0.2888692931877657
2014-12-05,0.4168410926626797
2014-12-08,-0.1685094134349383
2014-12-09,0.4244036288426849
2014-12-10,0.08754389587328419
2014-12-11,0.1653664620134703
2014-12-12,0.009056597918201452
2014-12-15,0.12505835628331938
2014-12-16,-0.2825109715385994
2014-12-17,-0.2348806904935396
2014-12-18,-0.21625992968853217
2014-12-19,0.11878070795965483
2014-12-22,-0.02856793408960207
2014-12-23,-0.0377890654350856
2014-12-24,0.047961479396278935
2014-12-26,0.1792917162960749
2014-12-29,0.055863722041250945
2014-12-30,-0.35587614283893304
2014-12-31,0.14226195456858115
2015-01-02,0.4022339179515699
2015-01-05,0.5099002419397333
2015-01-06,0.09765212610266481
2015-01-07,-0.38489819815077647
2015-01-08,0.12873761102591286
2015-01-09,0.31897132387847843
2015-01-12,0.13370572199959166
2015-01-13,0.31926272262878796
2015-01-14,0.5509430066750739
2015-01-15,-0.20850344879548913
2015-01-16,-0.03301603036157448
2015-01-20,-0.21157870729381678
2015-01-21,-0.12757804389963998
2015-01-22,-0.013266970695002876
2015-01-23,-0.2090120399268833
2015-01-26,0.25026309618906234
2015-01-27,0.2446953344231402
2015-01-28,-0.12980239201900123
2015-01-29,-0.0772033652153825
2015-01-30,-0.15868113830290145
2015-02-02,-0.3946954331271324
2015-02-03,0.06233704562979272
2015-02-04,-0.1596326628099475
2015-02-05,-0.358503109161788
2015-02-06,-0.07612288329987565
2015-02-09,-0.03269108635053514
2015-02-10,-0.08532215970422073
2015-02-11,-0.35712235742046444
2015-02-12,-0.34619094265593114
2015-02-13,-0.15081494898045317
2015-02-17,0.28688752422498165
2015-02-18,-0.4000587843315026
2015-02-19,-0.090424123683892
2015-02-20,0.3744073082302034
2015-02-23,-0.2125505056577353
2015-02-24,-0.1445119563376624
2015-02-25,-0.029228665637564297
2015-02-26,0.2740097470840457
2015-02-27,-0.288844981703692
2015-03-02,0.2264399228843019
2015-03-03,-0.07088710104018346
2015-03-04,0.10210641925818859
2015-03-05,-0.17481738707361805
2015-03-06,0.17962937564753045
2015-03-09,0.37612743124991316
2015-03-10,-0.24349395326888926
2015-03-11,0.061771128333749654
2015-03-12,0.05021385941907256
2015-03-13,-0.06852243808200259
2015-03-16,0.016187412585824488
2015-03-17,0.08665645937014951
2015-03-18,-0.03622424763247128
2015-03-19,0.07739597624847239
2015-03-20,0.32775360309553114
2015-03-23,-0.20481372503131656
2015-03-24,0.2897201403177752
2015-03-25,-0.10575836816965016
2015-03-26,-0.02605543370288317
2015-03-27,-0.1089917545057781
2015-03-30,0.09332123111050174
2015-03-31,0.15053156514015
2015-04-01,-0.035271143440810615
2015-04-02,0.0980208185529157
2015-04-06,-0.2389594794520544
2015-04-07,-0.19859775099649313
2015-04-08,-0.37552536731846675
2015-04-09,0.0036669034155252167
2015-04-10,-0.038822372330194796
2015-04-13,0.0914757530191409
2015-04-14,-0.44071954231936744
2015-04-15,0.028943626403907578
2015-04-16,0.2819858906356526
2015-04-17,-0.11881203101046196
2015-04-20,-0.10401990250723075
2015-04-21,-0.16337773409151432
2015-04-22,0.10753050479094733
2015-04-23,0.31393630302072073
2015-04-24,-0.16348539502115816
2015-04-27,0.012791030422102367
2015-04-28,-0.25513024789002103
2015-04-29,0.01851926063506036
2015-04-30,-0.1798112242437382
2015-05-01,-0.0027718658247767075
2015-05-04,0.031288944772432735
2015-05-05,0.0025048883541179253
2015-05-06,0.043129029237599446
2015-05-07,-0.1704074349740823
2015-05-08,-0.15888405286604992
2015-05-11,0.11777293961712229
2015-05-12,-0.2614976306563073
2015-05-13,0.08649356615363872
2015-05-14,0.2320711023150467
2015-05-15,-0.20486734767328327
2015-05-18,0.22042784387997866
2015-05-19,0.029536390685351837
2015-05-20,-0.25619815127895645
2015-05-21,0.02690720065597046
2015-05-22,0.29009937379419376
2015-05-26,-0.19029193002753664
2015-05-27,0.145520286649768
2015-05-28,0.03668640048300699
2015-05-29,0.0636714999702248
2015-06-01,-0.34308526131121786
2015-06-02,-0.23150627233294332
2015-06-03,0.35501689086436455
2015-06-04,-0.5104086434684515
2015-06-05,0.3614392729874066
2015-06-08,-0.05281076017009989
2015-06-09,-0.2872122510489413
2015-06-10,0.2005318979297754
2015-06-11,0.11211594223081325
2015-06-12,0.007802797561231832
2015-06-15,0.11231654257708681
2015-06-16,0.18262249183989537
2015-06-17,-0.0590704958852998
2015-06-18,0.035497740853433754
2015-06-19,-0.313549938247843
2015-06-22,-0.17729221089350752
2015-06-23,0.12322425191377616
2015-06-24,0.03842384856088677
2015-06-25,0.286340548185376
2015-06-26,0.5136293241472673
2015-06-29,-0.23925879221382612
2015-06-30,0.24664947589236136
2015-07-01,0.15509410923968173
2015-07-02,0.415620275832913
2015-07-06,0.28010017691230754
2015-07-07,0.5439908169585238
2015-07-08,-0.22257867943217954
2015-07-09,-0.21326112958643997
2015-07-10,-0.24492829690882478
2015-07-13,-0.23506666315716068
2015-07-14,0.2842429211949176
2015-07-15,0.06428262175586574
2015-07-16,-0.030948997635439058
2015-07-17,0.15610828260834184
2015-07-20,-0.21725027217839665
2015-07-21,0.2171098783539254
2015-07-22,-0.11714617612406822
2015-07-23,0.4556767430708701
2015-07-24,0.3914678455116345
2015-07-27,-0.40166607158108275
2015-07-28,-0.15832647415847514
2015-07-29,-0.011051398383777989
2015-07-30,0.24750025596464004
2015-07-31,0.34906163233359894
2015-08-03,0.006623907069174041
2015-08-04,-0.08577963063109217
2015-08-05,0.19245933819741393
2015-08-06,0.17821225050136819
2015-08-07,-0.5023301813199592
2015-08-10,0.4426170601160989
2015-08-11,0.07558420652338417
2015-08-12,0.14216769886013475
2015-08-13,0.0691410694220871
2015-08-14,-0.1394567590677691
2015-08-17,0.22003104748620167
2015-08-18,0.29553307465054773
2015-08-19,0.5678936163337852
2015-08-20,0.2722202542173372
2015-08-21,0.056849912624768996
2015-08-24,-0.1465872110925002
2015-08-25,-0.37400278212659677
2015-08-26,-0.4442314179430375
2015-08-27,-0.24385767341504408
2015-08-28,-0.13208992874541184
2015-08-31,0.45696487367038297
2015-09-01,-0.2977137735127858
2015-09-02,0.015831922444337263
2015-09-03,0.06621255937699921
2015-09-04,-0.46115288031485874
2015-09-08,0.013395400625790747
2015-09-09,-0.1796630354295749
2015-09-10,0.2189386488998296
2015-09-11,0.19847367498629498
2015-09-14,-0.246723733533933
2015-09-15,-0.06777548978510538
2015-09-16,0.30401035302992396
2015-09-17,0.4238737491078803
2015-09-18,0.13409107532703324
2015-09-21,0.36078219408579537
2015-09-22,0.3618131007718833
2015-09-23,0.15511715598430875
2015-09-24,0.14117063008172714
2015-09-25,0.46607271700991376
2015-09-28,-0.008191724512743864
2015-09-29,-0.3767074715085496
2015-09-30,-0.1867962128288936
2015-10-01,-0.23734892407207545
2015-10-02,-0.31170072371767077
2015-10-05,-0.1901966024950635
2015-10-06,-0.3122770348526897
2015-10-07,-0.06255960808111997
2015-10-08,0.047930317104875775
2015-10-09,0.39189661641740453
2015-10-12,0.26755811798928497
2015-10-13,-0.12951601376522662
2015-10-14,-0.15304552380356395
2015-10-15,0.1924539339744222
2015-10-16,0.2355667973394806
2015-10-19,-0.003184818989928049
2015-10-20,0.32190958496650424
2015-10-21,-0.18080817074378475
2015-10-22,-0.36101287091612305
2015-10-23,0.23447033652828603
2015-10-26,0.22060445673014867
2015-10-27,-0.4871946821418468
2015-10-28,0.10302418714376141
2015-10-29,-0.1767725640122114
2015-10-30,-0.22556937497422286
2015-11-02,-0.21660826819391868
2015-11-03,0.028651687258178547
2015-11-04,0.07048261732717115
2015-11-05,-0.3746231306691168
2015-11-06,0.23984822974447295
2015-11-09,0.28480891530560387
2015-11-10,0.22317067495774293
2015-11-11,0.2884854918854529
2015-11-12,0.0385845941266291
2015-11-13,-0.05665601415845083
2015-11-16,-0.04948886819866033
2015-11-17,-0.358953255301945
2015-11-18,0.23100273512892064
2015-11-19,0.10033968785454697
2015-11-20,0.033486645647079455
2015-11-23,-0.2671336400666811
2015-11-24,-0.003184256421065968
2015-11-25,0.1553993558847387
2015-11-27,-0.15833277078029515
2015-11-30,-0.01513660760911781
2015-12-01,0.11168790653457195
2015-12-02,0.2095422366594134
2015-12-03,0.006131410230558833
2015-12-04,0.4616165157185751
2015-12-07,0.16881038415419158
2015-12-08,0.08245296222418795
2015-12-09,-0.2978476301658965
2015-12-10,0.5452998585656477
2015-12-11,0.1847277705420771
2015-12-14,-0.2635611624929644
2015-12-15,-0.007656441398044116
2015-12-16,0.425175922742039
2015-12-17,0.13811532039754448
2015-12-18,-0.2715780431257351
2015-12-21,-0.08565033556455733
2015-12-22,-0.23119631160045864
2015-12-23,0.03613206206282532
2015-12-24,0.3715885134350218
2015-12-28,-0.20479334328472085
2015-12-29,0.4087266779859866
2015-12-30,-0.11654667956403585
2015-12-31,0.20490614330765314
2016-01-04,0.2834434628897459
2016-01-05,0.48110052671069214
2016-01-06,0.5423443716449325
2016-01-07,0.2999867531301691
2016-01-08,0.20180073013506747
2016-01-11,-0.23248377015738564
2016-01-12,0.527649691956011
2016-01-13,-0.20989320913333903
2016-01-14,0.41834415367860134
2016-01-15,0.3556577595618899
2016-01-19,-0.15060220518502443
2016-01-20,-0.11918097422840786
2016-01-21,-0.13559471155174235
2016-01-22,0.424259268853465
2016-01-25,-0.18496651939894976
2016-01-26,0.16692761250384022
2016-01-27,0.1126017694668143
2016-01-28,-0.3456782141708871
2016-01-29,0.2206177182445313
2016-02-01,0.6058832967736385
2016-02-02,-0.10833622365440836
2016-02-03,-0.3785645170647476
2016-02-04,0.36326936571989016
2016-02-05,0.44475668856629214
2016-02-08,0.09252597100828795
2016-02-09,-0.08295494181010246
2016-02-10,0.14498131322705302
2016-02-11,-0.40333007011595134
2016-02-12,-0.46566987301003376
2016-02-16,-0.48099195521156946
2016-02-17,0.38857151508230875
2016-02-18,0.015931987384759917
2016-02-19,-0.4325243228972818
2016-02-22,0.5191743936259197
2016-02-23,-0.11528378183232864
2016-02-24,0.015434243285490852
2016-02-25,-0.4715938309091094
2016-02-26,0.09019865821829194
2016-02-29,-0.47740477997944214
2016-03-01,-0.14106636044789475
2016-03-02,-0.19585608206183203
2016-03-03,0.019106522211832493
2016-03-04,-0.15334209012716848
2016-03-07,0.6720061981683403
2016-03-08,-0.04389436998550824
2016-03-09,0.1152685184482099
2016-03-10,-0.5393507587897564
2016-03-11,0.1676188077069208
2016-03-14,0.38610821734311745
2016-03-15,-0.2668715763672928
2016-03-16,-0.14802554939609563
2016-03-17,-0.3624550707607133
2016-03-18,-0.05929884802948311
2016-03-21,-0.0957554610688104
2016-03-22,0.5928862137312932
2016-03-23,-0.01815584900673613
2016-03-24,0.19289641640355043
2016-03-28,0.026047139016485116
2016-03-29,-0.12095655756504382
2016-03-30,-0.027011864248654892
2016-03-31,0.09308255871381381
2016-04-01,0.23623135160996145
2016-04-04,0.023151916328023794
2016-04-05,-0.35477057286825486
2016-04-06,0.3865984884779203
2016-04-07,-0.10866002619372209
2016-04-08,-0.1779962317966056
2016-04-11,-0.1596233689847422
2016-04-12,-0.6195621563722923
2016-04-13,-0.10019357269609544
2016-04-14,0.4407100661750262
2016-04-15,-0.177130503085897
2016-04-18,-0.07916579391109203
2016-04-19,-0.47855614297002047
2016-04-20,-0.3522234588384201
2016-04-21,-0.019721163212566083
2016-04-22,0.4938126981036014
2016-04-25,-0.3595279355357107
2016-04-26,-0.057025930207796345
2016-04-27,0.431343179388107
2016-04-28,0.3093075404657874
2016-04-29,0.025532818546518503
2016-05-02,0.5689320687585917
2016-05-03,0.5367914009824833
2016-05-04,0.013241356591975059
2016-05-05,-0.04804727631408206
2016-05-06,0.40583692606239274
2016-05-09,-0.44207209950583465
2016-05-10,0.0252873744603726
2016-05-11,0.37614732793819783
2016-05-12,0.18367986951525314
2016-05-13,-0.32109812372637336
2016-05-16,-0.4306178320364458
2016-05-17,-0.3353130041979869
2016-05-18,0.3014132314713246
2016-05-19,-0.40198803088412294
2016-05-20,-0.19943944687424217
2016-05-23,-0.289824032359838
2016-05-24,-0.4154323243125541
2016-05-25,0.38387057303138156
2016-05-26,-0.3110944100776841
2016-05-27,0.01615552463293963
2016-05-31,-0.04657394140566157
2016-06-01,-0.16662350152147912
2016-06-02,0.39410347781013116
2016-06-03,-0.4887230857934243
2016-06-06,-0.09298308500156242
2016-06-07,0.2047379363593889
2016-06-08,0.5147738069986997
2016-06-09,0.6656208815121918
2016-06-10,0.22383502986361214
2016-06-13,0.30945918914896964
2016-06-14,-0.2324849526794961
2016-06-15,0.36743723871302425
2016-06-16,-0.18903777868241634
2016-06-17,-0.4064655540408827
2016-06-20,0.04765412516229875
2016-06-21,0.13789218695131747
2016-06-22,-0.6055288522217741
2016-06-23,0.7111822684041906
2016-06-24,0.7576226431935579
2016-06-27,-0.4619986223531085
2016-06-28,-0.49902045539647066
2016-06-29,0.11985534353451843
2016-06-30,-0.03334269889064413
2016-07-01,0.7218695176724187
2016-07-05,-0.25325022973822564
2016-07-06,-0.48381810260784897
2016-07-07,-0.5568284743645964
2016-07-08,-0.3960047051792886
2016-07-11,-0.6985634937174738
2016-07-12,0.35004368088652826
2016-07-13,-0.4149599689105204
2016-07-14,-0.09152027289967028
2016-07-15,-0.29326871797142545
2016-07-18,0.3444674185075565
2016-07-19,-0.4312251098543502
2016-07-20,0.2440017224120609
2016-07-21,0.05395450446136709
2016-07-22,-0.027441150263990157
2016-07-25,-0.47785629346385233
2016-07-26,-0.2226742622203402
2016-07-27,0.17587807584885196
2016-07-28,0.18176493458664153
2016-07-29,0.26586464372931656
2016-08-01,0.19065422165279033
2016-08-02,-0.5211908021849271
2016-08-03,-0.0022444680826001627
2016-08-04,-0.5234650656245631
2016-08-05,-0.1923515758841486
2016-08-08,0.1294782950096074
2016-08-09,0.4035601179933088
2016-08-10,-0.40609166821892845
2016-08-11,0.20906308282630665
2016-08-12,-0.6105586404204607
2016-08-15,-0.21084502536477348
2016-08-16,0.21235911816033495
2016-08-17,-0.03313965726385007
2016-08-18,-0.21901572854948914
2016-08-19,0.22807340221284372
2016-08-22,-0.4423902954562379
2016-08-23,0.2964919887070522
2016-08-24,-0.08723932676654049
2016-08-25,-0.3797446698827761
2016-08-26,0.10568359376195668
2016-08-29,-0.33763944912772137
2016-08-30,0.32934706505171363
2016-08-31,0.020246095194711683
2016-09-01,0.09265461127465391
2016-09-02,0.23529259567990762
2016-09-06,-0.18967858611869146
2016-09-07,-0.15521119686832535
2016-09-08,0.01720208762365913
2016-09-09,-0.09363766137498522
2016-09-12,0.20406005007114733
2016-09-13,0.03311913962711632
2016-09-14,-0.2302917254209316
2016-09-15,0.24477915499494438
2016-09-16,-0.0020443714074922514
2016-09-19,0.15972019266400111
2016-09-20,-0.1247342077350477
2016-09-21,-0.017798273418769748
2016-09-22,0.19967399453541884
2016-09-23,0.28182954733749965
2016-09-26,-0.29025027230583667
2016-09-27,-0.3733093072708127
2016-09-28,-0.054610146962412585
2016-09-29,-0.41411616292749964
2016-09-30,-0.2847266192739425
2016-10-03,-0.27764680023142224
2016-10-04,-0.502824665618287
2016-10-05,0.05766587389934613
2016-10-06,0.2978847151152492
2016-10-07,-0.03470189626910496
2016-10-10,0.34153142455880287
2016-10-11,0.35796292286321163
2016-10-12,0.4757505061657025
2016-10-13,-0.12324430419810072
2016-10-14,0.18523758250453107
2016-10-17,-0.23805943902277887
2016-10-18,-0.4054979552645455
2016-10-19,-0.1628119226072011
2016-10-20,-0.017335498774244038
2016-10-21,-0.08729190779047392
2016-10-24,0.2832290195029408
2016-10-25,-0.15690768807663952
2016-10-26,-0.12028406322432966
2016-10-27,0.2041934989043364
2016-10-28,0.21800347134006398
2016-10-31,-0.16725709587155038
2016-11-01,0.29477173812684404
2016-11-02,0.0006358172570169445
2016-11-03,-0.15961944180989507
2016-11-04,-0.3776261333838842
2016-11-07,0.19913967257226722
2016-11-08,-0.3520532687807556
2016-11-09,-0.2797770596771883
2016-11-10,-0.06293372381781491
2016-11-11,-0.22282871532379844
2016-11-14,-0.08547836889778791
2016-11-15,0.20580706688183126
2016-11-16,-0.23644954734539025
2016-11-17,-0.049065439926717004
2016-11-18,-0.12415817126141183
2016-11-21,0.16772296139566176
2016-11-22,-0.3089016733249508
2016-11-23,0.281109566115395
2016-11-25,0.5036073108899423
2016-11-28,0.22161154127795496
2016-11-29,-0.4436527723833821
2016-11-30,-0.01906358362014587
2016-12-01,0.16920212736605145
2016-12-02,-0.3115964999683297
2016-12-05,-0.22636455493065938
2016-12-06,-0.14043719906871371
2016-12-07,-0.1991514171393803
2016-12-08,0.30079941890606354
2016-12-09,0.4639189370635205
2016-12-12,0.06686390635028258
2016-12-13,-0.09852882466501531
2016-12-14,-0.1718395295677706
2016-12-15,0.42692617546059675
2016-12-16,0.13116610687208852
2016-12-19,-0.2522568305848331
2016-12-20,-0.0682302883841104
2016-12-21,0.2883389592232873
2016-12-22,-0.19384672050339197
2016-12-23,-0.30146637607588694
2016-12-27,0.46766847136643236
2016-12-28,0.47574838646763407
2016-12-29,0.09348730751363027
2016-12-30,-0.4132557952182913
2017-01-03,-0.2680373483762921
2017-01-04,0.2625687217410756
2017-01-05,-0.0616116207451394
2017-01-06,-0.11572712426595572
2017-01-09,-0.2707250808715343
2017-01-10,-0.1902018175018944
2017-01-11,0.35455685689193595
2017-01-12,-0.27587045645955094
2017-01-13,0.47280817074307163
2017-01-17,-0.22281375038419948
2017-01-18,-0.05245674286209673
2017-01-19,-0.053184767321121484
2017-01-20,0.06144900362337058
2017-01-23,-0.46084910178249155
2017-01-24,-0.4164308619191602
2017-01-25,0.12336374087677275
2017-01-26,-0.018234082884799756
2017-01-27,0.36125856377693677
2017-01-30,0.26717611460759766
2017-01-31,-0.3664273047767134
2017-02-01,0.2947991902655624
2017-02-02,-0.3405436597840324
2017-02-03,0.007237126053851687
2017-02-06,0.18350108293043424
2017-02-07,0.26978614495471664
2017-02-08,-0.29301483812261275
2017-02-09,-0.03995415744310662
2017-02-10,-0.20578802734326218
2017-02-13,-0.20450099707133898
2017-02-14,-0.19158255929491072
2017-02-15,0.4252562606856854
2017-02-16,0.1358399456383191
2017-02-17,-0.008838748370119762
2017-02-21,0.20444397023186497
2017-02-22,0.37204975727075645
2017-02-23,0.3371335436862716
2017-02-24,-0.39982832589396416
2017-02-27,0.3328720829964758
2017-02-28,-0.5481297460518302
2017-03-01,0.416303651830465
2017-03-02,-0.23552062540602023
2017-03-03,0.10208486649320957
2017-03-06,0.13456867716192222
2017-03-07,-0.18885557939581624
2017-03-08,0.07613503151944363
2017-03-09,-0.03845561682376763
2017-03-10,-0.10157529453139294
2017-03-13,0.31270065644375644
2017-03-14,-0.05581893567960587
2017-03-15,-0.2346597602254066
2017-03-16,0.2684896756083753
2017-03-17,0.004645497783085521
2017-03-20,0.6851056490998584
2017-03-21,-0.07959979037243249
2017-03-22,-0.16356183669356356
2017-03-23,0.07030199267239426
2017-03-24,-0.03723259938898555
2017-03-27,-0.4176793685016889
2017-03-28,-0.0962961813663504
2017-03-29,-0.3140434707951378
2017-03-30,0.09693040528358754
2017-03-31,0.27945170001646413
2017-04-03,0.08552573297351784
2017-04-04,0.38836409041779957
2017-04-05,-0.44973674807007
2017-04-06,0.052196631309961064
2017-04-07,0.17841849764653314
2017-04-10,0.08600660320491184
2017-04-11,0.5700045806822551
2017-04-12,0.34959883275106407
2017-04-13,-0.29803363897041535
2017-04-17,0.22639790110075064
2017-04-18,-0.17168962524217743
2017-04-19,-0.43989523885567483
2017-04-20,0.3016435929505384
2017-04-21,-0.4885616162460925
2017-04-24,-0.2479524507157003
2017-04-25,-0.14666663285072443
2017-04-26,-0.02665130225751748
2017-04-27,0.15245560903128808
2017-04-28,-0.29668209283188557
2017-05-01,0.07231916970190427
2017-05-02,-0.05451398938377266
2017-05-03,0.12431613459901777
2017-05-04,-0.04448294829567437
2017-05-05,0.00832715569309848
2017-05-08,-0.18743443359242157
2017-05-09,-0.08293853145039327
2017-05-10,0.22276619683482315
2017-05-11,0.24828537102480716
2017-05-12,-0.3942703351067548
2017-05-15,-0.39658012599573145
2017-05-16,0.6597716047670108
2017-05-17,0.047433565200063456
2017-05-18,-0.3509589669730254
2017-05-19,-0.03973818743944022
2017-05-22,0.032350463242489205
2017-05-23,0.15002061781847653
2017-05-24,0.1354171195152578
2017-05-25,-0.037098577933437064
2017-05-26,0.169948175521257
2017-05-30,0.28394920017912123
2017-05-31,-0.24484873801649612
2017-06-01,0.12994238349144632
2017-06-02,0.054376232816653235
2017-06-05,-0.02132002732534678
2017-06-06,0.07923806568462416
2017-06-07,-0.5325338430007543
2017-06-08,-0.021429157525159313
2017-06-09,0.04946125755623327
2017-06-12,-0.23933681198401233
2017-06-13,0.3898810969515564
2017-06-14,0.234969140123403
2017-06-15,-0.05321102258776609
2017-06-16,-0.3539530208923781
2017-06-19,0.3416838917031817
2017-06-20,0.022049064425741203
2017-06-21,-0.16475745104369757
2017-06-22,-0.19394480811560924
2017-06-23,0.09163188984989638
2017-06-26,0.026271588111315393
2017-06-27,-0.5263873684122818
2017-06-28,0.03520473210874523
2017-06-29,-0.10322565822590003
2017-06-30,-0.08360991896223494
2017-07-03,-0.23691810348245884
2017-07-05,0.06874787493990757
2017-07-06,-0.32513362547454283
2017-07-07,-0.3611633852592098
2017-07-10,-0.17007683711741622
2017-07-11,-0.05401597740266026
2017-07-12,-0.0901607078747877
2017-07-13,0.005653188604115742
2017-07-14,0.14464474098677052
2017-07-17,0.15978784090481288
2017-07-18,-0.2511380361432178
2017-07-19,0.2138210635426062
2017-07-20,0.23419240988558138
2017-07-21,-0.25468474023305926
2017-07-24,-0.14992517357714835
2017-07-25,0.19374039747871286
2017-07-26,0.21982153714985667
2017-07-27,0.09129614878012858
2017-07-28,0.14608183006761097
2017-07-31,-0.021861114569808323
2017-08-01,0.1260643572648725
2017-08-02,0.13744012800067504
2017-08-03,-0.26808779357332363
2017-08-04,-0.05970000492724885
2017-08-07,0.13360728273447348
2017-08-08,0.26959367404623796
2017-08-09,0.6102095477431372
2017-08-10,-0.20662016710060332
2017-08-11,-0.2798164416864232
2017-08-14,0.15180021567465768
2017-08-15,0.03308161320500771
2017-08-16,0.5192690781211684
2017-08-17,-0.11262306217771419
2017-08-18,0.3099725686590434
2017-08-21,-0.4503273554695029
2017-08-22,0.07852599657393454
2017-08-23,-0.2142741507139979
2017-08-24,0.1413841748502691
2017-08-25,-0.0564176903370965
2017-08-28,0.03530814179872935
2017-08-29,-0.45114656061279956
2017-08-30,-0.14779795423857034
2017-08-31,-0.2735995336063344
2017-09-01,0.37809754873058077
2017-09-05,-0.07658564993838793
2017-09-06,0.1604216463142955
2017-09-07,0.10440630660877813
2017-09-08,-0.23140138209553615
2017-09-11,-0.3520352227040385
2017-09-12,-0.14397478478618106
2017-09-13,0.14762758818401334
2017-09-14,-0.0963459271374634
2017-09-15,-0.38151744790559194
2017-09-18,-0.2596222784346009
2017-09-19,-0.1484403728745
2017-09-20,-0.17525079127689652
2017-09-21,-0.2781635497147947
2017-09-22,0.3471367935816219
2017-09-25,-0.060684799105407645
2017-09-26,-0.5656813602650099
2017-09-27,0.01166270694331095
2017-09-28,-0.18234385995586283
2017-09-29,-0.2021498070158909
2017-10-02,-0.18009565338252304
2017-10-03,0.16960893912407385
2017-10-04,-0.13147897249371227
2017-10-05,-0.21900493254735692
2017-10-06,0.01872917308630046
2017-10-09,0.14600576992899184
2017-10-10,0.07998582025162702
2017-10-11,0.1303044213308332
2017-10-12,-0.07686678556433103
2017-10-13,-0.12313980898630812
2017-10-16,0.22358440525265436
2017-10-17,-0.2813056734347465
2017-10-18,0.183540603547307
2017-10-19,-0.31844857266568
2017-10-20,0.10896633567374044
2017-10-23,-0.4302208190077022
2017-10-24,0.23634390378245118
2017-10-25,-0.23763513264964273
2017-10-26,-0.0354105294259005
2017-10-27,0.08223581777565393
2017-10-30,-0.06732423253617614
2017-10-31,0.06948462590289499
2017-11-01,0.045897915518491476
2017-11-02,-0.07040652548063227
2017-11-03,-0.21506187965037382
2017-11-06,0.403214623430549
2017-11-07,0.07958190432784897
2017-11-08,0.3832362806014245
2017-11-09,-0.12945637286775774
2017-11-10,0.16929485495772675
2017-11-13,0.19815077988715896
2017-11-14,-0.1200719786694096
2017-11-15,-0.33610833955314134
2017-11-16,-0.23555788286664292
2017-11-17,-0.35641294257978395
2017-11-20,-0.13893113272079816
2017-11-21,0.048225364582825614
2017-11-22,-0.032859671841712366
2017-11-24,0.27574341992461704
2017-11-27,-0.17863770760516803
2017-11-28,0.17874657227480342
2017-11-29,-0.07866241502638237
2017-11-30,0.25479447985679915
2017-12-01,-0.01979021888319089
2017-12-04,0.014412666627665126
2017-12-05,0.07892496830038864
2017-12-06,-0.49220534974986324
2017-12-07,-0.1303177433555786
2017-12-08,0.10455203680713056
2017-12-11,0.04432068305290555
2017-12-12,0.11446143177057477
2017-12-13,0.16529573547052012
2017-12-14,-0.14846049740245684
2017-12-15,-0.4290338722987089
2017-12-18,-0.20254023155412482
2017-12-19,-0.30120983978187754
2017-12-20,-0.18747650246136313
2017-12-21,0.22266838768143218
2017-12-22,0.15561151978271262
2017-12-26,0.04389877422160796
2017-12-27,0.04485174987219005
2017-12-28,0.37290672816978687
2017-12-29,-0.4219301081934124
2018-01-02,-0.3153323990464627
2018-01-03,-0.2587458181700314
2018-01-04,-0.12363462423440824
2018-01-05,-0.06962586730601895
2018-01-08,-0.1548653774082112
2018-01-09,-0.23000967131122702
2018-01-10,-0.4919987551828475
2018-01-11,-0.2506142456445541
2018-01-12,0.3239326157624928
2018-01-16,-0.09195463676818025
2018-01-17,-0.15220553598979467
2018-01-18,-0.18036111671577035
2018-01-19,0.036247240120569554
2018-01-22,0.089291479965768
2018-01-23,0.09107217443634973
2018-01-24,0.2624120385500803
2018-01-25,-0.32907427580728105
2018-01-26,-0.117376675453008
2018-01-29,0.25558253172014356
2018-01-30,0.176654494440959
2018-01-31,-0.20914590031422803
2018-02-01,0.3751801809510042
2018-02-02,0.35935661322892437
2018-02-05,-0.4161373068197578
2018-02-06,0.009921437485240579
2018-02-07,0.41797007747250003
2018-02-08,0.04479001463124899
2018-02-09,-0.3477663064482156
2018-02-12,0.013869413506669035
2018-02-13,-0.48300309484633563
2018-02-14,0.15587568588932757
2018-02-15,0.24878261948130406
2018-02-16,-0.3893108217407157
2018-02-20,-0.20892088368445613
2018-02-21,0.1236958215989598
2018-02-22,0.03600494761818354
2018-02-23,-0.21732736939314523
2018-02-26,-0.077500398448081
2018-02-27,0.1327092382157922
2018-02-28,0.19625437844267118
2018-03-01,-0.22142500378134658
2018-03-02,0.02602782593146338
2018-03-05,-0.3016916193333391
2018-03-06,-0.18307928910886068
2018-03-07,0.11835655187538037
2018-03-08,-0.44800483047542583
2018-03-09,0.09108737312424808
2018-03-12,0.29585659708648804
2018-03-13,0.16457490910200712
2018-03-14,0.05931898435021747
2018-03-15,0.14876150894911347
2018-03-16,0.2490977743464074
2018-03-19,-0.2576255944814934
2018-03-20,-0.31829232732058516
2018-03-21,0.6136644822820743
2018-03-22,0.4293824673484325
2018-03-23,-0.5076504909317233
2018-03-26,0.7052198363024988
2018-03-27,0.44898135673399575
2018-03-28,-0.46316003452317017
2018-03-29,0.471159127470994
2018-04-02,-0.1726975053688221
2018-04-03,-0.13395804102320244
2018-04-04,-0.10543933967406931
2018-04-05,0.6566983680410733
2018-04-06,-0.12474139235954726
2018-04-09,-0.6001680214810239
2018-04-10,0.23212968660700262
2018-04-11,-0.5907503198495043
2018-04-12,0.4483513959401076
2018-04-13,0.0894494710853418
2018-04-16,-0.244389384718451
2018-04-17,-0.26402998432048985
2018-04-18,0.07257565347368733
2018-04-19,-0.02284816771003478
2018-04-20,0.22307752823380614
2018-04-23,0.44429037052009723
2018-04-24,0.03711500566317344
2018-04-25,-0.07029065255347362
2018-04-26,0.2578732436378444
2018-04-27,0.1902443219120056
2018-04-30,-0.17612628307827552
2018-05-01,-0.10553962598158585
2018-05-02,-0.06988486764032774
2018-05-03,-0.28574830942934837
2018-05-04,-0.32551904398522985
2018-05-07,-0.4010361669605527
2018-05-08,-0.3309798225920162
2018-05-09,-0.08060372971160044
2018-05-10,-0.002593007689211578
2018-05-11,-0.16614811000726007
2018-05-14,-0.06857096915195546
2018-05-15,-0.3183668350342011
2018-05-16,-0.17665107610373348
2018-05-17,-0.021713389361241828
2018-05-18,-0.08420375116961805
2018-05-21,0.1584137297109768
2018-05-22,0.14297553300185273
2018-05-23,0.08516425649807031
2018-05-24,0.18047634960944012
2018-05-25,0.2784251038295177
2018-05-29,-0.08621722052666358
2018-05-30,0.0811503143698014
2018-05-31,-0.5284805731567859
2018-06-01,-0.040828706423908186
2018-06-04,-0.2752189242668554
2018-06-05,-0.34820455537804723
2018-06-06,0.2572925470846726
2018-06-07,0.015240658872455654
2018-06-08,-0.07597212177567121
2018-06-11,0.012660652245524968
2018-06-12,-0.04020226777313662
2018-06-13,0.11670799454556556
2018-06-14,0.2594513908343591
2018-06-15,0.013188898317240223
2018-06-18,0.4239522504230665
2018-06-19,-0.008894938216460677
2018-06-20,0.29416809517961695
2018-06-21,0.31307889299329
2018-06-22,0.5423120027934105
2018-06-25,-0.10547005317638611
2018-06-26,0.4336289099018337
2018-06-27,-0.06217531914816415
2018-06-28,-0.08403119924264736
2018-06-29,-0.18630527862698376
2018-07-02,0.4541321756907098
2018-07-03,-0.06740431678489535
2018-07-05,-0.14099505738266824
2018-07-06,-0.49242437386114757
2018-07-09,0.1640051541020291
2018-07-10,0.4031910041991911
2018-07-11,-0.32791422502607875
2018-07-12,-0.04578129959446337
2018-07-13,0.02703549805669585
2018-07-16,-0.37573371848870607
2018-07-17,-0.3600075386056449
2018-07-18,0.27897138402929117
2018-07-19,0.009200846257665206
2018-07-20,-0.185876802768679
2018-07-23,-0.034794285591672476
2018-07-24,-0.12162830205828289
2018-07-25,0.07289314514186916
2018-07-26,0.128550630025523
2018-07-27,0.2505173436122457
2018-07-30,0.08672992095382819
2018-07-31,0.015465997974233295
2018-08-01,-0.06709459127315069
2018-08-02,0.2706132612554776
2018-08-03,-0.18254147663529774
2018-08-06,-0.3659006794508681
2018-08-07,-0.11037638862790057
2018-08-08,0.20102360791285742
2018-08-09,0.19269825978403515
2018-08-10,0.25239476842042297
2018-08-13,-0.2111487676001776
2018-08-14,0.48186517334020373
2018-08-15,0.06631395805983548
2018-08-16,0.17647914641330434
2018-08-17,-0.19087013581213427
2018-08-20,-0.4585701761876135
2018-08-21,-0.2337961204266935
2018-08-22,0.15949900023895225
2018-08-23,-0.1447745140366337
2018-08-24,-0.5171613446951259
2018-08-27,-0.09641159879333966
2018-08-28,-0.02998983707228219
2018-08-29,0.23933552062238872
2018-08-30,0.0032995021065285284
2018-08-31,0.03760166972129248
2018-09-04,0.2991575411545314
2018-09-05,0.28846217795332296
2018-09-06,-0.09782984999786686
2018-09-07,-0.06213166676702302
2018-09-10,-0.0917939344416037
2018-09-11,0.019561133759240266
2018-09-12,-0.023643519370567696
2018-09-13,-0.29261072638801283
2018-09-14,0.37697392724881196
2018-09-17,-0.25423719011484636
2018-09-18,-0.3162124368926997
2018-09-19,-0.21782708487092858
2018-09-20,0.2350338455163295
2018-09-21,-0.18782844097230653
2018-09-24,-0.08332563181465259
2018-09-25,0.0029889074317524566
2018-09-26,0.13814404020954735
2018-09-27,0.3580521665946991
2018-09-28,-0.2085684291521283
2018-10-01,0.16387287412373502
2018-10-02,-0.37323015606940435
2018-10-03,0.35066259300926417
2018-10-04,0.5474006053787872
2018-10-05,0.45155236775141927
2018-10-08,0.32695931750886054
2018-10-09,0.4967456470685426
2018-10-10,-0.20266358817758376
2018-10-11,-0.3685366993714983
2018-10-12,0.36690393196343823
2018-10-15,-0.3195943216000817
2018-10-16,0.1419988795839605
2018-10-17,0.5994816129189849
2018-10-18,0.462419988816836
2018-10-19,-0.18642062165579446
2018-10-22,0.23687301775755998
2018-10-23,0.5962904366356068
2018-10-24,-0.5090475266699436
2018-10-25,0.060771485572642885
2018-10-26,0.48240859287398663
2018-10-29,-0.246809085341579
2018-10-30,-0.5113685439864619
2018-10-31,-0.4245610376556701
2018-11-01,0.0030704428036799113
2018-11-02,0.3451399744059807
2018-11-05,0.04456542853083975
2018-11-06,-0.3123210319265663
2018-11-07,0.15473442463812756
2018-11-08,0.5912161637320767
2018-11-09,0.6081271755835511
2018-11-12,-0.174222488124835
2018-11-13,0.0014452391842501374
2018-11-14,-0.515816774794038
2018-11-15,0.2440223739514599
2018-11-16,0.554085421634362
2018-11-19,0.02758586045060153
2018-11-20,-0.46872154809867755
2018-11-21,0.08954187910091568
2018-11-23,-0.527542602797655
2018-11-26,0.2496272939128412
2018-11-27,-0.525963669335231
2018-11-28,0.21966689296850528
2018-11-29,-0.07657873953938284
2018-11-30,-0.3547625849386103
2018-12-03,0.6358015297645481
2018-12-04,0.09530292029116788
2018-12-06,0.5898564978090126
2018-12-07,-0.09567554149993708
2018-12-10,0.11760480193536224
2018-12-11,-0.4484189929327598
2018-12-12,0.3773447503260161
2018-12-13,0.2963752665245679
2018-12-14,-0.13785243503767294
2018-12-17,-0.28247914430227106
2018-12-18,0.4216825284319839
2018-12-19,0.16769758316206873
2018-12-20,0.3237700358934098
2018-12-21,-0.23335821820890046
2018-12-24,-0.7119829061534856
2018-12-26,-0.18320576581470618
2018-12-27,0.18859543236253382
2018-12-28,-0.21692248359747499
2018-12-31,-0.3605674053862085
2019-01-02,0.6289241614475207
2019-01-03,-0.6620981170888548
2019-01-04,-0.37819483276124594
2019-01-07,-0.045073546320030404
2019-01-08,-0.4414940695575762
2019-01-09,0.19633199774141577
2019-01-10,-0.04392457941241255
2019-01-11,0.10436064764042154
2019-01-14,0.08813412207327627
2019-01-15,0.028798193957721926
2019-01-16,-0.22794596414229842
2019-01-17,-0.41817557620291435
2019-01-18,0.5698740816868837
2019-01-22,0.32754006138261604
2019-01-23,-0.3326687071198483
2019-01-24,-0.5584946693035805
2019-01-25,0.3648975185803524
2019-01-28,0.269243122903659
2019-01-29,-0.40179171904190636
2019-01-30,0.13956526679919093
2019-01-31,-0.21976260200584705
2019-02-01,-0.1739395013272619
2019-02-04,-0.10743031141062646
2019-02-05,-0.10586486261511405
2019-02-06,0.5417612207611938
2019-02-07,0.028971701451099
2019-02-08,-0.16930198544373976
2019-02-11,-0.4891347686894907
2019-02-12,-0.07803333586019011
2019-02-13,-0.07195979112434495
2019-02-14,-0.12163933337294056
2019-02-15,0.05703321101403489
2019-02-19,-0.11401271814786353
2019-02-20,0.30558579306024064
2019-02-21,-0.23339829356843897
2019-02-22,-0.4238559166324465
2019-02-25,0.13574318639141333
2019-02-26,-0.021563488864569512
2019-02-27,0.31462207750937404
2019-02-28,-0.2589486370832302
2019-03-01,0.24937187603647942
2019-03-04,0.17292746989744523
2019-03-05,0.27169583727601687
2019-03-06,0.32513073032354756
2019-03-07,0.1410455200831852
2019-03-08,-0.4231030670859981
2019-03-11,-0.0011432600574486041
2019-03-12,-0.14377376534305092
2019-03-13,0.07050217183440612
2019-03-14,-0.1578586094134299
2019-03-15,-0.17901668700265472
2019-03-18,-0.2932945036767723
2019-03-19,0.1145232365305547
2019-03-20,-0.1593402002611367
2019-03-21,0.7313076110001538
2019-03-22,0.1381914687742853
2019-03-25,-0.05596488880563065
2019-03-26,0.18845645917703513
2019-03-27,-0.242979338771504
2019-03-28,-0.32564965869116286
2019-03-29,-0.5693810307813368
2019-04-01,-0.05164193660432222
2019-04-02,-0.36587635883840297
2019-04-03,0.0222617504904273
2019-04-04,-0.04186325054976799
2019-04-05,-0.2865700607366778
2019-04-08,0.302808788819722
2019-04-09,-0.30589684562564745
2019-04-10,0.004879408368227746
2019-04-11,-0.20966860484376793
2019-04-12,0.23947947990922147
2019-04-15,-0.3357771070167458
2019-04-16,0.02342258745687252
2019-04-17,0.010309979699212995
2019-04-18,-0.15912480027404502
2019-04-22,-0.07937639301111571
2019-04-23,0.18951644049364913
2019-04-24,0.22071476579291807
2019-04-25,-0.027685744492115777
2019-04-26,-0.20307844980904474
2019-04-29,0.3557320467941251
2019-04-30,0.057465469099663574
2019-05-01,-0.021915831681395125
2019-05-02,-0.3321249490121444
2019-05-03,0.23366155128697938
2019-05-06,0.4537740600766858
2019-05-07,-0.048201564905023635
2019-05-08,0.2378225239199549
2019-05-09,0.3828051883152795
2019-05-10,0.7291959811650328
2019-05-13,-0.5438631659359663
2019-05-14,-0.17387776959757445
2019-05-15,-0.15683513509250557
2019-05-16,0.5990582174415935
2019-05-17,0.3474074915004313
2019-05-20,-0.48091222649658355
2019-05-21,0.3605841143301747
2019-05-22,0.5921287814752184
2019-05-23,-0.10074287373908704
2019-05-24,-0.17177671363658167
2019-05-28,-0.061654914950841064
2019-05-29,0.0053558686631013696
2019-05-30,0.4678777180979276
2019-05-31,0.2787833562074602
2019-06-03,-0.6934094894774342
2019-06-04,0.30097840367970224
2019-06-05,-0.04511171403268223
2019-06-06,-0.31279119425421487
2019-06-07,-0.4943850806678988
2019-06-10,-0.03811916121834039
2019-06-11,0.37749070394200096
2019-06-12,-0.27843010323776896
2019-06-13,0.5267351650654996
2019-06-14,-0.06879051105216846
2019-06-17,-0.6078525410924797
2019-06-18,0.046881978262267136
2019-06-19,-0.28431066654949044
2019-06-20,0.07208685603781714
2019-06-21,0.13628581777457177
2019-06-24,0.2766435559221534
2019-06-25,-0.6441602326894191
2019-06-26,-0.2506533362509604
2019-06-27,-0.16562847531390446
2019-06-28,-0.366304455607328
2019-07-01,0.47662506818217254
2019-07-02,0.2669759855066039
2019-07-03,-0.08705064688643885
2019-07-05,0.42272713059637457
2019-07-08,-0.1330417538825753
2019-07-09,0.077672665769734
2019-07-10,-0.16725559063671838
2019-07-11,-0.3752627177741611
2019-07-12,0.0633344709364321
2019-07-15,0.03802809509736556
2019-07-16,0.16685940644487327
2019-07-17,0.09183803799164682
2019-07-18,-0.2943283278188983
2019-07-19,-0.23178887401674683
2019-07-22,-0.3048159591466161
2019-07-23,-0.406516663730906
2019-07-24,0.31966422158770064
2019-07-25,0.03183052521060043
2019-07-26,0.27418280649144894
2019-07-29,-0.14635478032037377
2019-07-30,0.15750553894303027
2019-07-31,0.4092059954168963
2019-08-01,0.5424888390090654
2019-08-02,0.49623922307578555
2019-08-05,-0.059154906789168765
2019-08-06,0.18056791270805453
2019-08-07,-0.3962895768411646
2019-08-08,0.43126722875197493
2019-08-09,0.4167708969289256
2019-08-12,-0.45981296670043414
2019-08-13,0.5473732357699908
2019-08-14,0.4129229379939958
2019-08-15,-0.4972674236522936
2019-08-16,-0.29985284316138966
2019-08-19,-0.027169226118162117
2019-08-20,-0.22633869474656293
2019-08-21,0.1882761237513243
2019-08-22,0.5477773361176581
2019-08-23,0.0945654744054517
2019-08-26,0.17692317166706786
2019-08-27,-0.22951086656819789
2019-08-28,-0.5339256779990603
2019-08-29,-0.05007446593755657
2019-08-30,0.5968174718255056
2019-09-03,-0.3361738607340453
2019-09-04,-0.6600986457207798
2019-09-05,0.08065185918548944
2019-09-06,-0.24036594111825074
2019-09-09,-0.22059977398815492
2019-09-10,-0.160614398313103
2019-09-11,0.017296042020192057
2019-09-12,-0.23869803251507354
2019-09-13,0.025432705651278247
2019-09-16,0.3126138020448113
2019-09-17,0.25994326022912173
2019-09-18,0.18868302375192633
2019-09-19,0.30781488076987423
2019-09-20,-0.05665852969307606
2019-09-23,0.5661561834022377
2019-09-24,-0.4523553778464241
2019-09-25,0.26995261979559576
2019-09-26,0.15757044747226862
2019-09-27,-0.11807154145152461
2019-09-30,0.3472918991622364
2019-10-01,0.22754920460567926
2019-10-02,-0.22808537244317162
2019-10-03,-0.0017607309905645816
2019-10-04,0.046243461921012266
2019-10-07,0.481607074725293
2019-10-08,-0.41146367728621674
2019-10-09,-0.21843046939954688
2019-10-10,-0.6284761499270061
2019-10-11,-0.08236250475174968
2019-10-14,-0.5022102354408281
2019-10-15,0.32931125236523223
2019-10-16,-0.09967254602457036
2019-10-17,0.2616701465218747
2019-10-18,-0.3064466004307054
2019-10-21,0.012842254419254451
2019-10-22,-0.09655625622764226
2019-10-23,-0.10671266707108537
2019-10-24,-0.5008493498283361
2019-10-25,-0.4761772530457155
2019-10-28,0.14442044392584252
2019-10-29,0.23170437990408554
2019-10-30,0.32467420388296336
2019-10-31,-0.5594933122979463
2019-11-01,-0.5361204205768225
2019-11-04,-0.18900676551956735
2019-11-05,0.412180115217306
2019-11-06,-0.39081138670102056
2019-11-07,-0.22216641122525543
2019-11-08,-0.020438710573184422
2019-11-11,-0.04971946367519297
2019-11-12,0.45133014395340854
2019-11-13,0.08950706134364948
2019-11-14,-0.3252738041662367
2019-11-15,0.24029265430817076
2019-11-18,-0.036321342164424626
2019-11-19,0.28068985608165586
2019-11-20,-0.13081055573064895
2019-11-21,-0.18079451756972464
2019-11-22,-0.5682269682460145
2019-11-25,0.27325853053242327
2019-11-26,-0.16911033235835943
2019-11-27,0.29934857090245476
2019-11-29,0.17102467879941471
2019-12-02,0.42823928104622927
2019-12-03,-0.1571599929783504
2019-12-04,-0.027490943353828224
2019-12-05,-0.476517293135593
2019-12-06,0.11829273874134005
2019-12-09,-0.14931993127323742
2019-12-10,-0.2825645919918084
2019-12-11,-0.5429385895371058
2019-12-12,0.2518746366471117
2019-12-13,-0.07228608273519696
2019-12-16,-0.14694956992309557
2019-12-17,0.012889441386330192
2019-12-18,-0.04667818788683034
2019-12-19,0.053076199184871165
2019-12-20,-0.4165292971199502
2019-12-23,0.12729166626682611
2019-12-24,-0.16724335404327248
2019-12-26,0.44274094293484434
2019-12-27,0.24329481964591626
2019-12-30,0.1298753239797596
2019-12-31,-0.5768133986464496
2020-01-02,0.5750789849206813
2020-01-03,0.11986061709785945
2020-01-06,-0.3242953801237113
2020-01-07,-0.12349675520655135
2020-01-08,-0.021382652353040012
2020-01-09,0.3748801074517624
2020-01-10,-0.23084766045182112
2020-01-13,0.024541938793137725
2020-01-14,0.46920076806912764
2020-01-15,-0.2944627090653242
2020-01-16,0.08299511151435761
2020-01-17,0.4549513022235197
2020-01-21,0.01146941241528661
2020-01-22,0.1019915373813431
2020-01-23,0.37107084333221924
2020-01-24,0.6515839712025912
2020-01-27,-0.4249848761518558
2020-01-28,0.08654769127798649
2020-01-29,0.12593366097468756
2020-01-30,0.46910562947617757
2020-01-31,-0.1845145100407654
2020-02-03,-0.5862388097390763
2020-02-04,-0.23085161039436616
2020-02-05,0.15752008073464716
2020-02-06,0.4325553061343703
2020-02-07,0.018698466476958213
2020-02-10,-0.3561335514517706
2020-02-11,-0.36806691010998693
2020-02-12,0.34501014870723296
2020-02-13,0.35459489711793124
2020-02-14,0.2644374955077651
2020-02-18,-0.510340070774608
2020-02-19,0.05173660596502606
2020-02-20,0.5084769222856511
2020-02-21,0.6452975947081911
2020-02-24,0.4604976369892545
2020-02-25,0.14409898219466535
2020-02-26,-0.00778427756405442
2020-02-27,-0.46837427832551093
2020-02-28,0.26494627245138375
2020-03-02,0.45362731060802164
2020-03-03,0.26248529203141036
2020-03-04,0.4169324532196195
2020-03-05,0.35864222153608216
2020-03-06,0.5528294251953255
2020-03-09,-0.5604773933142985
2020-03-10,0.32531729783162966
2020-03-11,0.3271635487699461
2020-03-12,-0.4364396190211233
2020-03-13,0.3453625834525777
2020-03-16,0.2949725774981688
2020-03-17,0.3801734472588445
2020-03-18,-0.46588835509712706
2020-03-19,-0.24915472461463933
2020-03-20,-0.15734712958228692
2020-03-23,-0.5244311283095011
2020-03-24,-0.35019108930169346
2020-03-25,0.08177967527853083
2020-03-26,0.461725686110109
2020-03-27,0.2738393270499035
2020-03-30,0.004520238216450446
2020-03-31,0.5443914273984329
2020-04-01,0.1771768896148706
2020-04-02,0.14475327783649689
2020-04-03,-0.5245178239183794
2020-04-06,-0.30756118919296654
2020-04-07,-0.40420266245053765
2020-04-08,-0.21431269553264426
2020-04-09,0.2386661584308937
2020-04-13,0.28302896012845374
2020-04-14,0.5322960396347441
2020-04-15,0.4639575562757139
2020-04-16,-0.5119638988119182
2020-04-17,0.23337213162009415
2020-04-20,0.18309131898429967
2020-04-21,-0.1303078877845021
2020-04-22,-0.28657654672436234
2020-04-23,-0.1434333574849036
2020-04-24,-0.4402525309876748
2020-04-27,-0.42715723569850017
2020-04-28,-0.6280842048117415
2020-04-29,0.4302728845363229
2020-04-30,0.6200406202820395
2020-05-01,0.10480702323985598
2020-05-04,0.15988506388451715
2020-05-05,0.14134843919199977
2020-05-06,-0.3821830022212226
2020-05-07,-0.47135277906377476
2020-05-08,0.4962658786246704
2020-05-11,0.32355229406377634
2020-05-12,0.5832918111623748
2020-05-13,-0.388290205252627
2020-05-14,0.11598626935905627
2020-05-15,-0.6324478404854188
2020-05-18,0.13443586274343272
2020-05-19,-0.43928826837595525
2020-05-20,-0.12270616655304202
2020-05-21,0.20219559878177645
2020-05-22,-0.5735009700562936
2020-05-26,-0.24677032202965812
2020-05-27,0.5871139612322185
2020-05-28,0.4415454274894109
2020-05-29,-0.3868638325738923
2020-06-01,-0.3744315733999765
2020-06-02,-0.6208430332773038
2020-06-03,-0.38406129993867866
2020-06-04,-0.5757932216155393
2020-06-05,-0.21635812761443052
2020-06-08,0.3931626926958877
2020-06-09,0.5262245011210357
2020-06-10,0.7044554049740772
2020-06-11,-0.62228122221064
2020-06-12,-0.10865195965950364
2020-06-15,-0.35246208852559213
2020-06-16,0.476381799208259
2020-06-17,-0.03211962366604659
2020-06-18,0.2610195715424536
2020-06-19,0.03855351153298051
2020-06-22,-0.19229357367549685
2020-06-23,0.6450985934653881
2020-06-24,-0.2626344378125349
2020-06-25,0.37534552472311816
2020-06-26,-0.34744422343113807
2020-06-29,-0.030338023666688113
2020-06-30,0.3734624688981536
2020-07-01,-0.0347899744734033
2020-07-02,-0.2836838125734472
2020-07-06,0.604796563347741
2020-07-07,-0.15571349853048866
2020-07-08,0.50404786811065
2020-07-09,-0.3853364757612896
2020-07-10,-0.08331338774928077
2020-07-13,-0.026752477947271928
2020-07-14,-0.4712484905521168
2020-07-15,0.21587969616700384
2020-07-16,0.3409127350360513
2020-07-17,0.30478961080823935
2020-07-20,-0.3803299746794248
2020-07-21,0.08617976739724559
2020-07-22,0.0019350831185577717
2020-07-23,0.14044810258611024
2020-07-24,0.12537463604000385
2020-07-27,0.19782325460975514
2020-07-28,-0.37737399978063885
2020-07-29,0.3260731943191781
2020-07-30,0.2695110976229565
2020-07-31,-0.016013694487506412
2020-08-03,-0.026178637174591214
2020-08-04,-0.42272995008005
2020-08-05,-0.010087133125199156
2020-08-06,-0.20919853513392506
2020-08-07,-0.4914252741975327
2020-08-10,-0.34142365872578107
2020-08-11,0.29556223259993786
2020-08-12,0.32257859697874136
2020-08-13,-0.21646462748144843
2020-08-14,0.3320081911644634
2020-08-17,0.4762753257660144
2020-08-18,0.06031770628050726
2020-08-19,0.30182812495383887
2020-08-20,0.08552436042991209
2020-08-21,-0.5152596711435357
2020-08-24,0.1250576600425689
2020-08-25,0.34077789867472036
2020-08-26,-0.28727936081533556
2020-08-27,-0.37918872669695614
2020-08-28,0.6102252359125167
2020-08-31,-0.2395877294991093
2020-09-01,0.01921355680208526
2020-09-02,-0.14368422528933222
2020-09-03,-0.32471223304329505
2020-09-04,0.23614873065857858
2020-09-08,0.2595828904738727
2020-09-09,-0.03042696837999385
2020-09-10,-0.07045824553727308
2020-09-11,-0.3636796864302609
2020-09-14,0.16711559635367493
2020-09-15,-0.3930692457633004
2020-09-16,0.030524966672524922
2020-09-17,0.1864383331098107
2020-09-18,0.5194976656689217
2020-09-21,0.14840645331481198
2020-09-22,0.2696979352794221
2020-09-23,-0.011148167122558771
2020-09-24,0.021894203275310224
2020-09-25,-0.47865634785509403
2020-09-28,0.337508767453169
2020-09-29,-0.010771534896064859
2020-09-30,-0.047561741487106034
2020-10-01,-0.39809407817887965
2020-10-02,-0.20808577524749022
2020-10-05,0.07667428092735816
2020-10-06,-0.24707817892671094
2020-10-07,-0.3863476084049124
2020-10-08,0.3012984750248853
2020-10-09,0.14744765113701153
2020-10-12,0.39370780663050053
2020-10-13,-0.13831968631634053
2020-10-14,-0.2777240968081096
2020-10-15,0.1805712404048828
2020-10-16,-0.03394414620829362
2020-10-19,-0.3927887596818753
2020-10-20,0.20876275944525968
2020-10-21,-0.38284069057926357
2020-10-22,-0.04219150766131608
2020-10-23,0.5712323639533117
2020-10-26,0.42318177451761163
2020-10-27,0.11341138647487357
2020-10-28,-0.4281033277264764
2020-10-29,-0.12993520364706895
2020-10-30,-0.2870892898700876
2020-11-02,-0.19246779578056855
2020-11-03,0.24824411976911118
2020-11-04,-0.3298882539740354
2020-11-05,0.3891927456492628
2020-11-06,-0.5417333965789839
2020-11-09,-0.031086527091332104
2020-11-10,0.37892931307356736
2020-11-11,0.41691851683979336
2020-11-12,-0.4997982926656273
2020-11-13,-0.5774469521810632
2020-11-16,-0.1395368526967759
2020-11-17,-0.08477080060070401
2020-11-18,-0.09156568150140294
2020-11-19,0.1648660372790628
2020-11-20,-0.5780256626795655
2020-11-23,-0.5262873040432232
2020-11-24,0.36326773025754144
2020-11-25,0.2762382147213583
2020-11-27,0.5583387407731428
2020-11-30,-0.18111986395506555
2020-12-01,-0.3976774473603994
2020-12-02,-0.33783033367513493
2020-12-03,-0.40165323353185856
2020-12-04,0.23997520298799652
2020-12-07,0.04694238916437449
2020-12-08,-0.1301420332889563
2020-12-09,-0.1403079136270792
2020-12-10,0.3614135154849313
2020-12-11,0.317037451669513
2020-12-14,-0.3653918342127545
2020-12-15,0.09951594499673155
2020-12-16,0.2236899680833961
2020-12-17,0.280802168982183
2020-12-18,-0.04793030723867099
2020-12-21,0.16809786791350967
2020-12-22,-0.36600034015485655
2020-12-23,0.19311847479357275
2020-12-24,0.023352578600638836
2020-12-28,0.23721475750464943
2020-12-29,-0.4929193497660897
2020-12-30,0.12442372559876214
2020-12-31,0.1316212775465231
2021-01-04,-0.3834458556384654
2021-01-05,-0.35914534981380286
2021-01-06,-0.13158571069634908
2021-01-07,0.27678896960912824
2021-01-08,-0.1634697541736871
2021-01-11,-0.4194152678050277
2021-01-12,0.18334802208281203
2021-01-13,-0.3843508331756497
2021-01-14,0.41674822643448095
2021-01-15,-0.14197024209462195
2021-01-19,0.15672788095709922
2021-01-20,0.18255687183627595
2021-01-21,0.17977972629621164
2021-01-22,0.4196792043656566
2021-01-25,0.3277613278200349
2021-01-26,0.16647698029628671
2021-01-27,-0.3846980025590563
2021-01-28,0.37794577315427075
2021-01-29,-0.21629906019717898
2021-02-01,-0.2870308756800934
2021-02-02,-0.37310333582858524
2021-02-03,-0.3273481066028586
2021-02-04,-0.029825847974864747
2021-02-05,-0.33057194472196244
2021-02-08,0.1402764658544
2021-02-09,-0.1681607814232433
2021-02-10,-0.06550685478804796
2021-02-11,-0.14758646623864988
2021-02-12,-0.43702282998495007
2021-02-16,0.15444849870743296
2021-02-17,0.30607171840782094
2021-02-18,-0.6350844442016512
2021-02-19,-0.35800909957252713
2021-02-22,-0.2149764836273597
2021-02-23,-0.5576206713595393
2021-02-24,0.49050460340671026
2021-02-25,-0.062374432112322575
2021-02-26,-0.30108659711970126
2021-03-01,-0.006588131777971518
2021-03-02,-0.3421457310319429
2021-03-03,0.1558869680661293
2021-03-04,-0.08623681700254608
2021-03-05,-0.20754896621263696
2021-03-08,0.3019832495584057
2021-03-09,-0.29648864955578197
2021-03-10,-0.053281994874940265
2021-03-11,-0.16214543333104003
2021-03-12,0.09998800033025053
2021-03-15,0.5158214604079473
2021-03-16,-0.44529825171625365
2021-03-17,0.16564027381930385
2021-03-18,0.22599946048074843
2021-03-19,0.5167159243996753
2021-03-22,0.577615648771787
2021-03-23,-0.20394389693664855
2021-03-24,-0.4190897420284736
2021-03-25,-0.057122616354106516
2021-03-26,0.6166893342463476
2021-03-29,-0.6182090613518293
2021-03-30,0.1975204507850556
2021-03-31,-0.25258327642332673
2021-04-01,0.1277622136117558
2021-04-05,-0.019412180685558247
2021-04-06,-0.06869949100502053
2021-04-07,0.15636874840248785
2021-04-08,-0.01221367188638152
2021-04-09,0.07303236659609655
2021-04-12,0.39672346701218886
2021-04-13,-0.3833022911929154
2021-04-14,0.4730614983597848
2021-04-15,0.10325845143089754
2021-04-16,0.127242500629819
2021-04-19,0.6523969531812579
2021-04-20,-0.5764040113833331
2021-04-21,0.18345267165702311
2021-04-22,-0.4684809268484317
2021-04-23,-0.3758429804246332
2021-04-26,-0.32398874972664965
2021-04-27,-0.19424054141329994
2021-04-28,-0.007517537924021883
2021-04-29,0.3260740277922409
2021-04-30,-0.045087300445700994
2021-05-03,-0.03771453996383706
2021-05-04,-0.26081517034344276
2021-05-05,-0.08545015766854867
2021-05-06,-0.3612574943441002
2021-05-07,0.25472514098877347
2021-05-10,0.157715865307243
2021-05-11,0.25506717702906395
2021-05-12,-0.18615069223292743
2021-05-13,-0.47199181232295884
2021-05-14,-0.25402996475532985
2021-05-17,0.36925077075030216
2021-05-18,0.22500483592615184
2021-05-19,0.30124245685007944
2021-05-20,-0.13812459125373527
2021-05-21,-0.2649395723595314
2021-05-24,0.19141956352601217
2021-05-25,-0.41478340783482326
2021-05-26,-0.45717531453239046
2021-05-27,0.16865698762513448
2021-05-28,-0.5128109166222256
2021-06-01,0.19501283742484174
2021-06-02,0.1872338892501801
2021-06-03,0.07470540035363528
2021-06-04,0.0837231462334097
2021-06-07,-0.21964077089133366
2021-06-08,0.483613413004742
2021-06-09,0.46385778013394385
2021-06-10,-0.17373334691985962
2021-06-11,0.35507365530430995
2021-06-14,-0.2009441496460429
2021-06-15,-0.14085707643970688
2021-06-16,0.5302018971556579
2021-06-17,0.3165158382880099
2021-06-18,-0.540040622827252
2021-06-21,0.0775903041637647
2021-06-22,-0.40563681321095646
2021-06-23,-0.3068580532870167
2021-06-24,0.05262023546934512
2021-06-25,0.44499341009806487
2021-06-28,0.04318148086945506
2021-06-29,-0.2961278389055171
2021-06-30,-0.13380688415464884
2021-07-01,0.29579789769977627
2021-07-02,0.5741020535459773
2021-07-06,0.3764143570454098
2021-07-07,0.32563354192597244
2021-07-08,-0.717133745031277
2021-07-09,-0.1886093015464776
2021-07-12,0.4377742034409604
2021-07-13,0.34240739752188204
2021-07-14,0.32327997248334644
2021-07-15,0.671647117851429
2021-07-16,0.5725859027639721
2021-07-19,-0.6780980352413093
2021-07-20,-0.7229920784434999
2021-07-21,0.5309098096162558
2021-07-22,0.3358616888451315
2021-07-23,-0.4368250461720468
2021-07-26,0.3374405304739575
2021-07-27,-0.2808134000847117
2021-07-28,-0.28190026996001044
2021-07-29,0.16212389436381938
2021-07-30,0.32705037270156473
2021-08-02,-0.12150317402661355
2021-08-03,0.3055515139300829
2021-08-04,-0.33070571703768226
2021-08-05,-0.4622919815672081
2021-08-06,0.2177237382819742
2021-08-09,-0.3770977900527518
2021-08-10,-0.23236231742667435
2021-08-11,0.15309116922543956
2021-08-12,0.48347433514568783
2021-08-13,0.5289011979898085
2021-08-16,0.5445045056416503
2021-08-17,-0.10415684492535476
2021-08-18,0.5674757721828244
2021-08-19,-0.061661919140954494
2021-08-20,-0.6069734644617435
2021-08-23,-0.6221306215894926
2021-08-24,-0.4712593158649333
2021-08-25,0.39635741977615974
2021-08-26,-0.6393110148986532
2021-08-27,0.5558942077122613
2021-08-30,0.018419222949057377
2021-08-31,0.4458843471128119
2021-09-01,-0.021089737873626883
2021-09-02,0.24276107043628742
2021-09-03,-0.1942361440328679
2021-09-07,0.4753634037806844
2021-09-08,-0.42278365840633614
2021-09-09,0.009439075692789204
2021-09-10,-0.4852943809987407
2021-09-13,0.352348787505252
2021-09-14,-0.3899002097908224
2021-09-15,0.06476290553141537
2021-09-16,0.033966868518571114
2021-09-17,0.43010927771939955
2021-09-20,0.15774504330640154
2021-09-21,-0.6046304607206732
2021-09-22,-0.6577967533293994
2021-09-23,-0.2586230944244065
2021-09-24,-0.5938111722241681
2021-09-27,-0.04780441292136696
2021-09-28,0.4718251421667647
2021-09-29,0.18775371530243848
2021-09-30,-0.5394235981055797
2021-10-01,-0.04020553325512671
2021-10-04,-0.169386881089487
2021-10-05,0.4082608601341206
2021-10-06,-0.17139912904147256
2021-10-07,-0.19907724240056637
2021-10-08,0.028407949009274926
2021-10-11,0.09448599326438728
2021-10-12,0.2880655934613917
2021-10-13,-0.16165566273316223
2021-10-14,-0.19903388041047804
2021-10-15,-0.08790916084740512
2021-10-18,0.1562501225055078
2021-10-19,-0.0015760674834744985
2021-10-20,0.2159035839528802
2021-10-21,0.12579978141094386
2021-10-22,-0.18077817580629518
2021-10-25,0.21729596785504238
2021-10-26,0.3187284308660007
2021-10-27,-0.11693814326835471
2021-10-28,0.18445187024551327
2021-10-29,-0.4598243395353127
2021-11-01,0.12349673592925713
2021-11-02,-0.14369007194567993
2021-11-03,0.05864938597369946
2021-11-04,-0.403305189170833
2021-11-05,-0.06787577116412233
2021-11-08,0.19911077264000135
2021-11-09,0.40132841691017485
2021-11-10,-0.2698891034531783
2021-11-11,0.0441365288551474
2021-11-12,0.1224770075154997
2021-11-15,-0.01917389551517738
2021-11-16,0.29350197339057715
2021-11-17,-0.030313256022239412
2021-11-18,0.28491023149971645
2021-11-19,-0.13774530826825185
2021-11-22,-0.14278979050319113
2021-11-23,-0.05302960492186894
2021-11-24,0.6580396141606157
2021-11-26,0.0143941030513973
2021-11-29,0.08076842763577592
2021-11-30,0.25440922439345676
2021-12-01,-0.4172554117373722
2021-12-02,0.44240774173065694
2021-12-03,-0.21685435161729463
2021-12-06,-0.34629877505740525
2021-12-07,-0.01735367793125732
2021-12-08,0.23769465831038547
2021-12-09,0.16612911202289687
2021-12-10,0.7260683638009757
2021-12-13,-0.005130992564289224
2021-12-14,0.2002223970494661
2021-12-15,0.28865036753131273
2021-12-16,-0.05080731346310814
2021-12-17,0.4682329388637372
2021-12-20,-0.7466076141191652
2021-12-21,-0.05313877534024989
2021-12-22,-0.356552678811319
2021-12-23,-0.17927851430976163
2021-12-27,0.3072029599533766
2021-12-28,0.2922488225229279
2021-12-29,0.29223004111706863
2021-12-30,0.07248260858150722
2021-12-31,-0.3591718173465551
2022-01-03,-0.4222789125787703
2022-01-04,0.32124912011289164
2022-01-05,-0.29770106180436556
2022-01-06,0.03091518036058048
2022-01-07,0.1236046619328394
2022-01-10,-0.5175439429801203
2022-01-11,-0.027546958892273262
2022-01-12,0.08647938010520337
2022-01-13,-0.11224005378916195
2022-01-14,0.313988510536457
2022-01-18,0.48110225412939633
2022-01-19,0.26330363529185313
2022-01-20,0.48953374314026454
2022-01-21,-0.24874815194039293
2022-01-24,0.07513587200637062
2022-01-25,-0.23431919229133788
2022-01-26,0.33380128988316804
2022-01-27,0.04907810247362741
2022-01-28,-0.3699136603234777
2022-01-31,-0.5206321824956669
2022-02-01,0.15120395701081382
2022-02-02,0.42718088657661013
2022-02-03,-0.329574372939471
2022-02-04,-0.14224603259586213
2022-02-07,-0.3544051802255707
2022-02-08,-0.4236495481791974
2022-02-09,-0.14942704025188475
2022-02-10,0.4318559667656664
2022-02-11,-0.015902536268603055
2022-02-14,-0.643150960474706
2022-02-15,-0.1688622641111034
2022-02-16,0.5448507046133094
2022-02-17,0.268065172197474
2022-02-18,0.3603140544038279
2022-02-22,0.34551356880939665
2022-02-23,-0.2967157772957845
2022-02-24,0.07257038589347034
2022-02-25,0.003983111901101586
2022-02-28,0.46148546716282823
2022-03-01,-0.448373689212183
2022-03-02,0.5502711001245649
2022-03-03,0.5784716763100696
2022-03-04,0.5845715476173373
2022-03-07,-0.5347181521117492
2022-03-08,-0.6041649647890939
2022-03-09,0.1580676734444414
2022-03-10,0.18796486296631165
2022-03-11,0.3352074768837343
2022-03-14,-0.264274534855681
2022-03-15,-0.6631516993803457
2022-03-16,-0.09506221418878978
2022-03-17,-0.42861320826191995
2022-03-18,0.40142105995047433
2022-03-21,-0.40339071491662487
2022-03-22,0.4305687757533039
2022-03-23,-0.3059398777111167
2022-03-24,0.3488060516371892
2022-03-25,-0.00875223692194438
2022-03-28,-0.5009840786359803
2022-03-29,0.566969803568345
2022-03-30,0.30416732518210954
2022-03-31,0.3273075920501964
2022-04-01,-0.39421750904178093
2022-04-04,0.6087518911045999
2022-04-05,0.7437334644206673
2022-04-06,0.2661660512026782
2022-04-07,0.31514780320765295
2022-04-08,0.019536769744356173
2022-04-11,0.04800557052751706
2022-04-12,-0.5107746625945369
2022-04-13,0.3487106987170437
2022-04-14,-0.1279239479292222
2022-04-18,-0.5438940247501315
2022-04-19,0.2420791372832356
2022-04-20,0.43325700673415946
2022-04-21,0.2366525786709299
2022-04-22,-0.3971322531297552
2022-04-25,0.578293706832492
2022-04-26,0.019612872224114293
2022-04-27,-0.38512575247247255
2022-04-28,0.1896804501940859
2022-04-29,-0.514705365033053
2022-05-02,-0.014415172457140425
2022-05-03,-0.29829291609346537
2022-05-04,0.603589448297326
2022-05-05,0.4953303307550195
2022-05-06,0.4317658114857885
2022-05-09,-0.26382794735300114
2022-05-10,0.576503437307957
2022-05-11,-0.11495895760320918
2022-05-12,-0.6352207327717735
2022-05-13,0.5665069306248156
2022-05-16,-0.6008264236597227
2022-05-17,0.36452045226217256
2022-05-18,-0.19300033758473834
2022-05-19,0.07452881307478462
2022-05-20,0.0794132128287577
2022-05-23,0.7500607753905795
2022-05-24,-0.5381103399800273
2022-05-25,-0.6758646173684814
2022-05-26,-0.5142167780628719
2022-05-27,0.009540370152128903
2022-05-31,0.24070169377330586
2022-06-01,-0.6212544218342921
2022-06-02,0.4071949244488125
2022-06-03,-0.17552703707874237
2022-06-06,-0.056489890616712855
2022-06-07,0.05021111845501554
2022-06-08,0.2654188534486866
2022-06-09,0.6961720297402025
2022-06-10,0.5304496365134898
2022-06-13,-0.29174131168939077
2022-06-14,-0.4549746724002345
2022-06-15,0.6976092309657458
2022-06-16,-0.4141224382460657
2022-06-17,0.1183114883229135
2022-06-21,0.27491062999360943
2022-06-22,0.0741908939498223
2022-06-23,-0.5634945190634001
2022-06-24,0.3782084434222403
2022-06-27,0.36514919116521477
2022-06-28,0.4305723133519406
2022-06-29,0.40971159314652295
2022-06-30,0.12927163811727066
2022-07-01,-0.5231304344299937
2022-07-05,0.34668288695851635
2022-07-06,-0.6470424839748626
2022-07-07,0.017012194743333695
2022-07-08,0.6129256039193928
2022-07-11,-0.1391630111239072
2022-07-12,-0.059396819693173494
2022-07-13,0.11314219547091055
2022-07-14,-0.5222677818013386
2022-07-15,-0.34686335117227063
2022-07-18,-0.6669456894078479
2022-07-19,-0.6992001065673047
2022-07-20,-0.3248621845438464
2022-07-21,0.6021348591086642
2022-07-22,0.3242704987106239
2022-07-25,0.5625756033332592
2022-07-26,-0.7132204468892023
2022-07-27,-0.10633798683297789
2022-07-28,-0.21772210568958186
2022-07-29,-0.13062041303099786
2022-08-01,-0.03382242946183305
2022-08-02,-0.47210023836769777
2022-08-03,-0.2035479484498175
2022-08-04,0.04651228636127974
2022-08-05,0.04599591035508593
2022-08-08,0.5789517952278651
2022-08-09,-0.7002561921499603
2022-08-10,-0.09905897305710479
2022-08-11,-0.2158308368177998
2022-08-12,0.1501261438707709
2022-08-15,0.20698860110768896
2022-08-16,0.5348736566564057
2022-08-17,-0.14209523805717142
2022-08-18,0.7283381075053734
2022-08-19,0.5524553525321921
2022-08-22,-0.32436273022001433
2022-08-23,-0.19248981972238327
2022-08-24,-0.5991240135731648
2022-08-25,0.6474443309104273
2022-08-26,0.3861966892260535
2022-08-29,-0.1471770652731707
2022-08-30,0.0808720206049992
2022-08-31,0.3918490471437508
2022-09-01,-0.12198579244949624
2022-09-02,0.084900445814712
2022-09-06,-0.2370318228987556
2022-09-07,-0.44152015671793765
2022-09-08,-0.46575958067355544
2022-09-09,-0.21081318983376937
2022-09-12,0.5388385587585898
2022-09-13,-0.061214366509340465
2022-09-14,-0.07580402914865454
2022-09-15,0.3578800237753063
2022-09-16,-0.10835704906586631
2022-09-19,0.19732890030061975
2022-09-20,0.2044791407839656
2022-09-21,0.6283132500378102
2022-09-22,0.1151683652602835
2022-09-23,0.010669768459535494
2022-09-26,-0.3890415821605883
2022-09-27,-0.3855247718096765
2022-09-28,0.2127604756794316
2022-09-29,-0.004101129488261623
2022-09-30,-0.17244095224053632
2022-10-03,-0.6384478823946559
2022-10-04,-0.23249400585631683
2022-10-05,-0.35533508952807125
2022-10-06,0.4618554754391193
2022-10-07,0.4203607769072815
2022-10-10,0.46238869683492
2022-10-11,-0.2258040016846049
2022-10-12,0.1417715988671766
2022-10-13,0.30376984100994475
2022-10-14,-0.4177536728747194
2022-10-17,-0.03928578553736591
2022-10-18,0.166163307973829
2022-10-19,-0.15850419505041666
2022-10-20,-0.33609009063655376
2022-10-21,0.09967275182885617
2022-10-24,-0.44422683663955564
2022-10-25,0.18133839040815927
2022-10-26,0.15662310446695848
2022-10-27,-0.032818809616484645
2022-10-28,0.15943043046318503
2022-10-31,-0.1465676841604017
2022-11-01,0.5012006676048927
2022-11-02,0.16110359904047358
2022-11-03,-0.3008575775929327
2022-11-04,-0.1090100208744287
2022-11-07,-0.049239551153926364
2022-11-08,0.3639547374433768
2022-11-09,-0.6732903538617191
2022-11-10,-0.570092970153003
2022-11-11,0.35098622669917834
2022-11-14,-0.40951030385861054
2022-11-15,0.6073746373021417
2022-11-16,0.2245739695058221
2022-11-17,0.3314530192351659
2022-11-18,0.5125262189857247
2022-11-21,-0.2095037189490842
2022-11-22,-0.28818838756722553
2022-11-23,0.3181242567694466
2022-11-25,0.3768624837940295
2022-11-28,0.02355173187212894
2022-11-29,-0.40166514808897147
2022-11-30,-0.15503419893522882
2022-12-01,0.2598146087887626
2022-12-02,0.3701041141980475
2022-12-05,0.36073102517254385
2022-12-06,0.1321374946468153
2022-12-07,-0.29166893691324214
2022-12-08,-0.051650029023889474
2022-12-09,-0.21524255012131374
2022-12-12,-0.3651163807670674
2022-12-13,0.24794714296812273
2022-12-14,0.5328313542241524
2022-12-15,0.10114400023517366
2022-12-16,0.45231658119203644
2022-12-19,-0.013276276022787966
2022-12-20,-0.2305496361912637
2022-12-21,0.4582369501663213
2022-12-22,0.2616184742087892
2022-12-23,0.36010657475751323
2022-12-27,0.1997923237158551
2022-12-28,-0.7281726597480218
2022-12-29,-0.1513210939548453
2022-12-30,-0.032050820880919886
2023-01-03,-0.4097946185645598
2023-01-04,0.13515082032038078
2023-01-05,-0.1868762647256817
2023-01-06,-0.47919520848370195
2023-01-09,-0.29916423684141213
2023-01-10,-0.3251698333320403
2023-01-11,-0.3439489181547709
2023-01-12,-0.17156601658387316
2023-01-13,-0.1666329918384804
2023-01-17,-0.22728491464074616
2023-01-18,0.31927168105494236
2023-01-19,-0.6227175489388321
2023-01-20,-0.5695478778538924
2023-01-23,0.27818594227850507
2023-01-24,0.08125448600486698
2023-01-25,-0.2942974363257705
2023-01-26,-0.3061072959727196
2023-01-27,0.49318519072300315
2023-01-30,-0.3485884440025469
2023-01-31,-0.5652927461495372
2023-02-01,-0.5276870687188622
2023-02-02,0.25289598601052604
2023-02-03,0.47275815381866715
2023-02-06,-0.3567095542970791
2023-02-07,0.2084609187572625
2023-02-08,0.018915054559133036
2023-02-09,0.574267216449149
2023-02-10,-0.43102506884674163
2023-02-13,-0.4632764853571631
2023-02-14,-0.23289709862205465
2023-02-15,0.3925379523995049
2023-02-16,0.5529801579018514
2023-02-17,0.5531904047801841
2023-02-21,-0.12385184063527548
2023-02-22,-0.2624634841527602
2023-02-23,0.359325420088943
2023-02-24,-0.32942355448471644
2023-02-27,-0.4126544310345437
2023-02-28,-0.09375585239867475
2023-03-01,-0.02536328249295015
2023-03-02,-0.43207813308461923
2023-03-03,0.27748702726606955
2023-03-06,0.02618639891497653
2023-03-07,-0.2483318095813815
2023-03-08,0.3913391209529442
2023-03-09,0.43440215951132577
2023-03-10,0.1905256588186021
2023-03-13,-0.3004837548929808
2023-03-14,0.22453652569107946
2023-03-15,-0.4428816905623129
2023-03-16,0.06731607970258446
2023-03-17,0.1947769413639476
2023-03-20,-0.5031133052015478
2023-03-21,0.24568067304063632
2023-03-22,-0.29536428934679665
2023-03-23,0.5210238320445914
2023-03-24,0.14036214120849272
2023-03-27,0.16701877452045572
2023-03-28,-0.4261394201420574
2023-03-29,-0.16933173844307114
2023-03-30,-0.42687569757777294
2023-03-31,0.3487888401479706
2023-04-03,0.2617306163702128
2023-04-04,0.6438448382865067
2023-04-05,0.11772568679251122
2023-04-06,-0.3557764252957127
2023-04-10,-0.10750478131630789
2023-04-11,0.2616762050958907
2023-04-12,-0.35421439345208455
2023-04-13,-0.2072671029583292
2023-04-14,0.0023351008704438642
2023-04-17,-0.19010976321906237
2023-04-18,0.112710366196925
2023-04-19,0.2933198974764819
2023-04-20,0.11943279778857192
2023-04-21,0.14441069984517912
2023-04-24,0.6382070423672102
2023-04-25,-0.2306964462779553
2023-04-26,-0.11099032427597316
2023-04-27,-0.3278092364896844
2023-04-28,0.19395257796853638
2023-05-01,0.11757074604851046
2023-05-02,-0.0293288421629484
2023-05-03,0.1909762437906992
2023-05-04,-0.35656909672536824
2023-05-05,-0.14490023642986927
2023-05-08,0.0577138900864457
2023-05-09,0.014634634380005791
2023-05-10,0.09005399079299341
2023-05-11,0.21369895308113665
2023-05-12,-0.5165024873758439
2023-05-15,0.022489886115949306
2023-05-16,-0.5511716766208806
2023-05-17,-0.5562417697114592
2023-05-18,0.3586240642982472
2023-05-19,-0.33855545110118407
2023-05-22,0.16862698912127597
2023-05-23,0.26220549383392516
2023-05-24,-0.3883910585018318
2023-05-25,-0.5483112814896229
2023-05-26,-0.16792455891316183
2023-05-30,0.31853526326558174
2023-05-31,-0.32944058023352873
2023-06-01,-0.17805031727144863
2023-06-02,0.23812652719454197
2023-06-05,-0.45043575395719787
2023-06-06,-0.06981066795036375
2023-06-07,0.09885198593611606
2023-06-08,0.020902144414552584
2023-06-09,-0.33678900679424045
2023-06-12,-0.4243544777447086
2023-06-13,0.026616236135384615
2023-06-14,-0.048720103440875503
2023-06-15,0.3029777981645726
2023-06-16,0.01118092316825805
2023-06-20,0.337520922170878
2023-06-21,0.1353612368357959
2023-06-22,0.0497466155484575
2023-06-23,-0.0202189801142874
2023-06-26,-0.5550886099477808
2023-06-27,-0.28249177340503234
2023-06-28,0.004484227239437186
2023-06-29,-0.015881469635827823
2023-06-30,-0.1457066398430247
2023-07-03,0.2646213839433311
2023-07-05,0.3311559153272638
2023-07-06,-0.4393130167761918
2023-07-07,-0.4329335892582057
2023-07-10,-0.19681811272744146
2023-07-11,-0.2492314141838809
2023-07-12,-0.33895624427686405
2023-07-13,0.29984366646639576
2023-07-14,-0.30927908355759126
2023-07-17,-0.30880983637866916
2023-07-18,0.10631912904080992
2023-07-19,0.5894548964459677
2023-07-20,0.1764925088758933
2023-07-21,-0.021372286101629702
2023-07-24,-0.1080340527231142
2023-07-25,-0.03860975749963295
2023-07-26,-0.07038506681136052
2023-07-27,-0.31763670352046247
2023-07-28,-0.300556487516383
2023-07-31,-0.04489224625073418
2023-08-01,0.506109405006085
2023-08-02,-0.1113799500747192
2023-08-03,-0.14821401772890885
2023-08-04,-0.08823885158083747
2023-08-07,0.12520377927510726
2023-08-08,0.506510975174664
2023-08-09,-0.033151470250285045
2023-08-10,0.4111847015481361
2023-08-11,-0.22762007694971625
2023-08-14,0.1870598370271587
2023-08-15,0.41441792681224304
2023-08-16,0.02871453433884594
2023-08-17,0.09109078673733997
2023-08-18,-0.19224560536174376
2023-08-21,-0.0022674508388496515
2023-08-22,-0.4609733416476367
2023-08-23,0.36601913968654454
2023-08-24,-0.03369239398907662
2023-08-25,-0.3305089653444574
2023-08-28,-0.5790644862639406
2023-08-29,-0.1487178553748534
2023-08-30,-0.44514594781032285
2023-08-31,-0.27250406331737204
2023-09-01,-0.06624519881093278
2023-09-05,0.08927843567223641
2023-09-06,0.4417210975239763
2023-09-07,0.11242463950386147
2023-09-08,0.05712294484937797
2023-09-11,0.15557705065973249
2023-09-12,0.2469791104273017
2023-09-13,-0.12307964016923312
2023-09-14,0.17993305957376463
2023-09-15,0.18376376609353298
2023-09-18,0.12931150947986092
2023-09-19,0.46054785913993357
2023-09-20,0.3708205986807303
2023-09-21,-0.08561302749333281
2023-09-22,-0.2162162459899496
2023-09-25,0.20803573520949256
2023-09-26,-0.3433925371877676
2023-09-27,-0.41090287335653564
2023-09-28,-0.22004353534742715
2023-09-29,-0.014000840792544244
2023-10-02,0.4926778793701331
2023-10-03,-0.11279268785392775
2023-10-04,0.04265088053753038
2023-10-05,-0.31723010264568974
2023-10-06,0.11474082135622525
2023-10-09,-0.21239207832314794
2023-10-10,-0.18050179067170796
2023-10-11,0.11852196361001982
2023-10-12,0.5713639044189442
2023-10-13,-0.19528619393740065
2023-10-16,-0.12692467245406946
2023-10-17,0.5723383015420187
2023-10-18,0.24962739937079012
2023-10-19,0.26842330279920823
2023-10-20,-0.09518541738945359
2023-10-23,-0.019863256403219884
2023-10-24,0.5888991899453812
2023-10-25,-0.019089109886590398
2023-10-26,-0.15000708046350894
2023-10-27,-0.0567512183692866
2023-10-30,-0.01819008175757339
2023-10-31,-0.028951784947795847
2023-11-01,-0.37044745651242056
2023-11-02,-0.46990068671000645
2023-11-03,0.3212478400580377
2023-11-06,-0.10839860229433132
2023-11-07,-0.14275087151300977
2023-11-08,0.21026733306480314
2023-11-09,-0.40985792903332036
2023-11-10,0.23116952232008459
2023-11-13,-0.5897701623459147
2023-11-14,-0.28381237502311857
2023-11-15,0.30353506411775316
2023-11-16,-0.3812179592046143
2023-11-17,-0.22341377258003298
2023-11-20,0.4940794129083814
2023-11-21,0.0030618247646371803
2023-11-22,-0.02902864926359798
2023-11-24,-0.0010894100390967864
2023-11-27,-0.11828530498083333
2023-11-28,-0.5139215246212402
2023-11-29,0.2716358611571006
2023-11-30,-0.3798132880771203
2023-12-01,0.029867739291818938
2023-12-04,0.16816863642777743
2023-12-05,0.019534318303947536
2023-12-06,-0.3894956355998549
2023-12-07,-0.3790246674096767
2023-12-08,0.047640615211314574
2023-12-11,0.10542484947818011
2023-12-12,-0.2228908881545147
2023-12-13,-0.6873648878312368
2023-12-14,-0.10899712868169405
2023-12-15,0.3266733896035137
2023-12-18,-0.3155639948670677
2023-12-19,0.29197851008462733
2023-12-20,-0.4087510532689163
2023-12-21,0.1328646267597977
2023-12-22,-0.34356830104516367
2023-12-26,-0.08218651673660875
2023-12-27,0.1461308138825988
2023-12-28,0.7161770393643048
2023-12-29,0.40394784746231316
2024-01-02,0.5805323186649503
2024-01-03,-0.06269607563666019
2024-01-04,-0.2841235483802019
2024-01-05,-0.34388907205823444
2024-01-08,0.20554339592582
2024-01-09,-0.018007224988108663
2024-01-10,0.09128602577815265
2024-01-11,0.3980730743796136
2024-01-12,0.09956799425170611
2024-01-16,0.3769338118503564
2024-01-17,-0.20744569052697281
2024-01-18,-0.4451250894936173
2024-01-19,-0.3405163482987182
2024-01-22,0.1253890655009681
2024-01-23,-0.10069036706266071
2024-01-24,-0.050669974680989015
2024-01-25,0.12314804515082085
2024-01-26,-0.3127583572233913
2024-01-29,0.32390152912213843
2024-01-30,0.4189350499522083
2024-01-31,0.04489390654275567
2024-02-01,-0.2317957058979646
2024-02-02,0.16762995020708268
2024-02-05,-0.1070749478747069
2024-02-06,-0.048476947035693434
2024-02-07,-0.29881080806670646
2024-02-08,-0.12441191775023311
2024-02-09,-0.23810523012074494
2024-02-12,0.5206460810816528
2024-02-13,-0.42695318906018837
2024-02-14,-0.16850353915718574
2024-02-15,0.2283671134235677
2024-02-16,0.343887330089971
2024-02-20,0.1920782444422632
2024-02-21,-0.19122257053291536
2024-02-22,0.21364379867717515
2024-02-23,-0.08506605296281756
2024-02-26,-0.23892017270571556
2024-02-27,0.05356368658843131
2024-02-28,-0.45783650923336383
2024-02-29,-0.24680778102364523
2024-03-01,0.015029552490852801
2024-03-04,0.11184981642139263
2024-03-05,-0.028705198224914442
2024-03-06,-0.204643893285133
2024-03-07,0.12611079725264768
2024-03-08,0.24611234366425871
2024-03-11,-0.05889559859118568
2024-03-12,-0.027178141103720264
2024-03-13,0.34212264223955985
2024-03-14,0.031085374663041152
2024-03-15,0.0365151387369471
2024-03-18,0.13016152078419696
2024-03-19,-0.5319777665075335
2024-03-20,-0.4962872061713259
2024-03-21,0.3409361270713469
2024-03-22,0.07021155716857233
2024-03-25,0.10266462889391678
2024-03-26,-0.1868770068407092
2024-03-27,-0.1526287171424355
2024-03-28,0.13231373774155164
2024-04-01,0.37819343245067316
2024-04-02,-0.24324138088412314
2024-04-03,0.1883593814001784
2024-04-04,-0.1324571233186585
2024-04-05,-0.28737170808125717
2024-04-08,-0.19963170311565215
2024-04-09,0.4601679307134629
2024-04-10,-0.35883391549497956
2024-04-11,0.3836653035681056
2024-04-12,0.3357044343497669
2024-04-15,0.17259645520905628
2024-04-16,0.22560474293152846
2024-04-17,0.22444969103204418
2024-04-18,0.35137615119528026
2024-04-19,-0.25564038392006433
2024-04-22,-0.39727949222103737
2024-04-23,0.05290601886412438
2024-04-24,0.04974349641748053
2024-04-25,-0.38392018798328253
2024-04-26,-0.04015401389583138
2024-04-29,0.3859685839484201
2024-04-30,0.09791932093896373
2024-05-01,-0.3118105694170603
2024-05-02,-0.30285568842018695
2024-05-03,-0.23221108852884292
2024-05-06,0.3719468512656981
2024-05-07,0.011692856103467817
2024-05-08,-0.12680098622373664
2024-05-09,0.11606161769818202
2024-05-10,-0.06931242817645833
2024-05-13,-0.4115553334924728
2024-05-14,-0.35247222596679945
2024-05-15,0.3382632385981356
2024-05-16,0.12135015309324397
2024-05-17,-0.19587918951129984
2024-05-20,0.1210499211703448
2024-05-21,0.16604979856516783
2024-05-22,0.13876498430827802
2024-05-23,-0.26793249195626107
2024-05-24,-0.07483023922214385
2024-05-28,0.17653291542827018
2024-05-29,-0.04574355073625966
2024-05-30,0.21167450263375562
2024-05-31,0.05466092174133834
2024-06-03,0.32594516406061397
2024-06-04,-0.4095851688884694
2024-06-05,0.19477149001819485
2024-06-06,0.17132094699467118
2024-06-07,-0.18120090601392935
2024-06-10,0.1634336195804493
2024-06-11,-0.5700577647819229
2024-06-12,0.15250412204724526
2024-06-13,0.29055222520075286
2024-06-14,0.02199606475150647
2024-06-17,-0.07340946424636874
2024-06-18,0.3142464291499567
2024-06-20,-0.071048779988284
2024-06-21,0.13298142054422643
2024-06-24,0.00027702916691690123
2024-06-25,-0.0061769582991993855
2024-06-26,-0.13788814102287428
2024-06-27,-0.25339014409472815
2024-06-28,0.1993395031026782
2024-07-01,-0.1695504452637527
2024-07-02,-0.23389829166931309
2024-07-03,0.09529240803929159
2024-07-05,-0.19951223083650926
2024-07-08,-0.047385588137453666
2024-07-09,-0.15992526545143054
2024-07-10,-0.2296286622262853
2024-07-11,-0.19424126156698723
2024-07-12,-0.06320726528706155
2024-07-15,-0.35302496905745223
2024-07-16,0.4457585849351554
2024-07-17,0.17180293957111295
2024-07-18,-0.011896027300628744
2024-07-19,-0.3567885354249581
2024-07-22,-0.07396886528556451
2024-07-23,0.4672024327908123
2024-07-24,0.0573546798471858
2024-07-25,-0.22469156329253998
2024-07-26,0.058838035615569356
2024-07-29,0.23704315513045993
2024-07-30,-0.2511852889611803
2024-07-31,0.4737369450018007
2024-08-01,0.5326524352840142
2024-08-02,0.06283970698232158
2024-08-05,-0.2930969852575231
2024-08-06,0.4843654647559571
2024-08-07,-0.48350178890334544
2024-08-08,-0.043515741539306846
2024-08-09,0.19290316132057722
2024-08-12,-0.5162397242570148
2024-08-13,0.24685855061781978
2024-08-14,-0.5396800709194597
2024-08-15,0.1567830739928093
2024-08-16,-0.23412932057904356
2024-08-19,0.31067868950076116
2024-08-20,-0.2960036567846415
2024-08-21,0.32071755699059024
2024-08-22,-0.6041951116229555
2024-08-23,0.4144288751041056
2024-08-26,0.07460661862189875
2024-08-27,0.37864767169265073
2024-08-28,-0.036701809791792814
2024-08-29,-0.25984831267965597
2024-08-30,0.5595127492647043
2024-09-03,0.17061997142642304
2024-09-04,-0.033413081455776567
2024-09-05,0.3526958980071687
2024-09-06,-0.1998369485636039
2024-09-09,-0.1004315225677571
2024-09-10,-0.47778861434691206
2024-09-11,-0.12452133322252168
2024-09-12,-0.3184052797401982
2024-09-13,-0.0020855347256026374
2024-09-16,-0.40468802561332273
2024-09-17,-0.20806649889908146
2024-09-18,-0.5561660887682022
2024-09-19,0.24445670738419628
2024-09-20,0.07755056559137238
2024-09-23,-0.2682896882125785
2024-09-24,0.13801324936415013
2024-09-25,-0.35494853194343856
2024-09-26,0.14057182183977315
2024-09-27,0.19646403928906894
2024-09-30,0.46863733323835194
2024-10-01,-0.1671843195368944
2024-10-02,-0.03156761963621177
2024-10-03,-0.2925835341794595
2024-10-04,-0.22302860320705176
2024-10-07,0.062025084574531375
2024-10-08,-0.128128300595361
2024-10-09,0.07364285262967386
2024-10-10,-0.26548046834280364
2024-10-11,-0.07131380659322505
2024-10-14,0.1985472955032246
2024-10-15,-0.09288890724601764
2024-10-16,-0.004224516311567262
2024-10-17,-0.03432575006062156
2024-10-18,0.1670409718369828
2024-10-21,0.08120074506670388
2024-10-22,0.2107336928630046
2024-10-23,-0.26234465105256793
2024-10-24,-0.2187252101871338
2024-10-25,-0.27853405870216413
2024-10-28,-0.23871193927986295
2024-10-29,0.11043917735246224
2024-10-30,0.322990631963826
2024-10-31,-0.1496617043413954
2024-11-01,-0.00807553060482963
2024-11-04,-0.30603346373450874
2024-11-05,-0.21947845430353383
2024-11-06,-0.10256455644915435
2024-11-07,0.2326928334424927
2024-11-08,-0.10036927331338963
2024-11-11,0.2908990600494462
2024-11-12,0.13574731274925442
2024-11-13,-0.02461356604927709
2024-11-14,0.17591517275488647
2024-11-15,0.024814674950976633
2024-11-18,-0.08637347266328846
2024-11-19,0.10163355499566312
2024-11-20,-0.20640912926237778
2024-11-21,-0.26288643521799887
2024-11-22,-0.2899971677572768
2024-11-25,0.37894227535299774
2024-11-26,0.2955703227744116
2024-11-27,-0.24228229204853494
2024-11-29,-0.2939720506315521
2024-12-02,-0.07022880539487202
2024-12-03,-0.18320086698096694
2024-12-04,0.25600346949733593
2024-12-05,-0.34999610074878573
2024-12-06,-0.026451966933566207
2024-12-09,0.3307339639007063
2024-12-10,-0.39689821226720573
2024-12-11,0.1707390157896572
2024-12-12,0.14099599601324012
2024-12-13,-0.3237098052636444
2024-12-16,0.34175633879094264
2024-12-17,0.6067996443961914
2024-12-18,0.05531390250731222
2024-12-19,-0.24594468079247725
2024-12-20,-0.09130108341400023
2024-12-23,-0.2717565412022477
2024-12-24,-0.035585655565496005
2024-12-26,0.5215210126841203
2024-12-27,0.13735718317726495
2024-12-30,0.3581694482019907
2024-12-31,-0.0637877116068847
2025-01-02,-0.4671030090612099
2025-01-03,-0.5012415770586761
2025-01-06,0.2934373664626412
2025-01-07,0.2545122284322405
2025-01-08,0.0793582629540258
2025-01-10,0.10710824347621024
2025-01-13,-0.3235314451254409
2025-01-14,-0.42797419905552575
2025-01-15,0.21530854424058496
2025-01-16,-0.35543710833848446
2025-01-17,-0.2306129051926417
2025-01-21,-0.2985454270097614
2025-01-22,-0.011989486279723245
2025-01-23,0.27191333526503175
2025-01-24,0.5685225723844534
2025-01-27,-0.31074701490930234
2025-01-28,-0.1010130184823506
2025-01-29,-0.16394810701943824
2025-01-30,0.02577714576805899
2025-01-31,0.5473635200096848
2025-02-03,-0.20818454736691283
2025-02-04,-0.09583350778752447
2025-02-05,-0.19181257553262732
2025-02-06,0.293826996530183
2025-02-07,0.03314633728928649
2025-02-10,0.32007302859188363
2025-02-11,0.08903135332031288
2025-02-12,0.06182244985061886
2025-02-13,-0.33453585638955924
2025-02-14,-0.1479188952856655
2025-02-18,0.2947715619228568
2025-02-19,0.4069705623771957
2025-02-20,0.6901491057783652
2025-02-21,0.4425354669561848
2025-02-24,0.3991225948063749
2025-02-25,-0.4854758680498404
2025-02-26,0.46842757424311265
2025-02-27,-0.03841209524989625
2025-02-28,0.6589583114266813
2025-03-03,0.05642919098166713
2025-03-04,-0.423577338911278
2025-03-05,0.4337014265455883
2025-03-06,0.10027486522261625
2025-03-07,0.6055141849512075
2025-03-10,-0.22127595045532117
2025-03-11,-0.5085719596169391
2025-03-12,0.560701845481491
2025-03-13,-0.6163088993393401
2025-03-14,-0.18786216812114132
2025-03-17,0.3105636753069738
2025-03-18,-0.5341782857457551
2025-03-19,0.12555711864399965
2025-03-20,-0.09355881132346375
2025-03-21,-0.6800844165678332
2025-03-24,-0.10924412824070841
2025-03-25,0.7106586446061389
2025-03-26,0.6246628258340226
2025-03-27,0.6995635882922878
2025-03-28,0.4248772507749256
2025-03-31,-0.2537647825772026
2025-04-01,-0.6323159089262863
2025-04-02,0.775366250573436
2025-04-03,0.20261573749909456
2025-04-04,-0.5202415433276191
2025-04-07,0.20441065263056232
2025-04-08,-0.8887509959678392
2025-04-09,0.7953242388391241
2025-04-10,0.043117223437651786
2025-04-11,0.16859173769225197
2025-04-14,-0.25680875623074484
2025-04-15,0.3595522611488036
2025-04-16,0.04980747036241157
2025-04-17,0.2526934350628969
2025-04-21,-0.33411352826134194
2025-04-22,-0.6678887574640551
2025-04-23,-0.7688615785788444
2025-04-24,-0.2846709873885359
2025-04-25,0.0030339232682231932
2025-04-28,0.2099171837651206
2025-04-29,0.34850197620547074
2025-04-30,-0.4300973030398146
2025-05-01,-0.6049952434990463
2025-05-02,0.10563479784965622
2025-05-05,0.24345201833672217
2025-05-06,-0.21126380097677874
2025-05-07,-0.6006083106558505
2025-05-08,-0.12661111700643754
2025-05-09,-0.7339335055653475
2025-05-12,-0.6701165383807748
2025-05-13,-0.16039106264491107
2025-05-14,0.7581562160465509
2025-05-15,0.22921582924885917
2025-05-16,0.35752008668132446
2025-05-19,0.28923720107561773
2025-05-20,0.40029466161238136
2025-05-21,-0.3906068009270503
2025-05-22,0.38767649879774174
2025-05-23,-0.6272080546635439
2025-05-27,0.006161817611125866
2025-05-28,0.16316574621057853
2025-05-29,0.48221842437207985
2025-05-30,-0.11507873856336143
2025-06-02,-0.5781429847647102
2025-06-03,-0.25017449358229765
2025-06-04,0.04678938826034668
2025-06-05,-0.4529298597194389
2025-06-06,-0.28484731244149275
2025-06-09,-0.14048555280405522
2025-06-10,0.03179283945705483
2025-06-11,0.4066967768475936
2025-06-12,0.4057981022285535
2025-06-13,-0.6267968225607842
2025-06-16,0.2312313301301398
2025-06-17,-0.22493778519395716
2025-06-18,0.02645551599155103
2025-06-20,0.07934693674932848
2025-06-23,-0.547593553139395
2025-06-24,-0.3433478040418186
2025-06-25,-0.4592770118550354
2025-06-26,-0.05451624079101206
2025-06-27,0.22985132264170088
2025-06-30,-0.011232489074534611
2025-07-01,-0.5698631134525225
2025-07-02,-0.19327058774672504
2025-07-03,0.3290208686308409
2025-07-07,-0.2933357870762197
2025-07-08,-0.12615592631045222
2025-07-09,-0.21535534238006968
2025-07-10,0.06499418270261448
2025-07-11,0.15011478378443635
2025-07-14,0.012415964459038559
2025-07-15,0.17050042664848805
2025-07-16,-0.36033040443128206
2025-07-17,-0.05774928309025965
2025-07-18,0.15130984861288843
2025-07-21,0.27872361590651185
2025-07-22,-0.3578049593162228
2025-07-23,0.025350942849554532
2025-07-24,-0.2600564164609817
2025-07-25,-0.5381576647270444
2025-07-28,0.37661379400862566
2025-07-29,-0.0026857571211279705
2025-07-30,0.10566038355410544
2025-07-31,0.5547086462080788
2025-08-01,-0.14885588402964692
2025-08-04,0.07285762061128574
2025-08-05,0.06099987927662554
2025-08-06,0.1332971162904373
2025-08-07,-0.1462042297804512
2025-08-08,0.15095963695075756
2025-08-11,-0.6221430963648528
2025-08-12,-0.09154675616292826
2025-08-13,0.03904203682164419
2025-08-14,0.2944496292452286
2025-08-15,-0.37912065094043507
2025-08-18,0.4723614940724823
2025-08-19,0.49515173592171857
2025-08-20,0.06444049544872878
2025-08-21,-0.6318191080957095
2025-08-22,-0.2326486450152021
2025-08-25,-0.2992118767465505
2025-08-26,-0.10223763435878108
2025-08-27,-0.40379535948512363
2025-08-28,0.4306286411528756
2025-08-29,0.25505256911540125
2025-09-02,0.004618007098534418
2025-09-03,-0.40698376046028845
2025-09-04,0.03451819301253108
2025-09-05,-0.19668959091094
2025-09-08,0.07629060714901148
2025-09-09,-0.1650257623681097
2025-09-10,0.00011937128419453751
2025-09-11,0.1379888002025449
2025-09-12,-0.3841495131020962
2025-09-15,-0.1770858868842719
2025-09-16,0.1146231740589613
2025-09-17,-0.49652472406318016
2025-09-18,0.0552503574679566
2025-09-19,-0.06584624830012432
2025-09-22,0.31122208863240736
2025-09-23,0.29018164426990445
2025-09-24,0.059777001225994206
2025-09-25,0.0712826134196103
2025-09-26,0.027749764589419804
2025-09-29,0.14243880532148634
2025-09-30,-0.14784991670087164
2025-10-01,-0.2837592495253842
2025-10-02,0.1564082902288503
2025-10-03,-0.16740101890528045
2025-10-06,0.41502582067812316
2025-10-07,-0.30884521594623515
2025-10-08,-0.014752106622884323
2025-10-09,0.7882488833087863
2025-10-10,-0.657375827063849
2025-10-13,0.07968660211990246
2025-10-14,-0.19297401482232168
2025-10-15,0.0517638650795567
2025-10-16,0.28903281261317815
2025-10-17,-0.3532992619695547
2025-10-20,-0.24502296750182223
2025-10-21,0.39797731361463456
2025-10-22,-0.5214756259506965
2025-10-23,-0.29406121100622695
2025-10-24,-0.1924930389089756
2025-10-27,-0.09667199459159283
2025-10-28,-0.28264818794214935
2025-10-29,0.297907967692203
2025-10-30,-0.27037508037161384
2025-10-31,-0.01909882461546768
2025-11-03,0.5995195209696501
2025-11-04,-0.3309851826508976
2025-11-05,0.23674549098196393
2025-11-06,0.18486438382462242
2025-11-07,-0.2611634898994011
2025-11-10,0.39451925537822635
2025-11-11,-0.11470712666532375
2025-11-12,0.5400816065740754
2025-11-13,0.15313148805196536
2025-11-14,0.514229545124527
2025-11-17,0.14226465099601157
2025-11-18,-0.33866514602140385
2025-11-19,0.5056104305772826
2025-11-20,-0.30865158111913626
2025-11-21,-0.36847791650008505
2025-11-24,-0.17025898494125224
2025-11-25,-0.22844850934323618
2025-11-26,-0.2850463478167214
2025-11-28,-0.2702502772872598
2025-12-01,-0.3575436247394792
2025-12-02,-0.39420039079395125
2025-12-03,-0.17215440243057697
2025-12-04,-0.3022940987548295
2025-12-05,-0.200862951084589
2025-12-08,-0.14461615772331554
2025-12-09,-0.4423884981181485
2025-12-10,0.07174889613401972
2025-12-11,0.5563372751660748
2025-12-12,0.2694258866986986
2025-12-15,-0.16719711270496193
2025-12-16,0.38028369119232125
2025-12-17,-0.3207895338605309
2025-12-18,-0.409109363183471
2025-12-19,-0.2128041202766251
2025-12-22,0.15161840492699052
2025-12-23,0.14518513998701485
2025-12-24,0.030314745668914955
2025-12-26,0.3839610431899222
2025-12-29,0.24681092293538956
2025-12-30,0.3549760390815337
