{
  "ic_mean": 0.005919,
  "ic_std": 0.173366,
  "ir": 0.0341,
  "ic_positive_ratio": 0.5046,
  "ic_count": 2152
}