timestamp,AMAT.US,AMD.US,ASML.US,AVGO.US,LRCX.US,MU.US,NVDA.US,TSM.US
2017-06-01,0.0,0.0,0.0,0.0,0.0,0.0,0.0,0.0
2017-06-02,0.0,0.0,0.0,0.0,0.0,0.0,0.0,0.0
2017-06-05,0.0,0.0,0.0,0.0,0.0,0.0,0.0,0.0
2017-06-06,0.0,0.0,0.0,0.0,0.0,0.0,0.0,0.0
2017-06-07,0.0,0.0,0.0,0.0,0.0,0.0,0.0,0.0
2017-06-08,0.0,0.0,0.0,0.0,0.0,0.0,0.0,0.0
2017-06-09,0.0,0.0,0.0,0.0,0.0,0.0,0.0,0.0
2017-06-12,0.0,0.0,0.0,0.0,0.0,0.0,0.0,0.0
2017-06-13,0.0,0.0,0.0,0.0,0.0,0.0,0.0,0.0
2017-06-14,0.0,0.0,0.0,0.0,0.0,0.0,0.0,0.0
2017-06-15,0.0,0.0,0.0,0.0,0.0,0.0,0.0,0.0
2017-06-16,0.0,0.0,0.0,0.0,0.0,0.0,0.0,0.0
2017-06-19,0.0,0.0,0.0,0.0,0.0,0.0,0.0,0.0
2017-06-20,0.0,0.0,0.0,0.0,0.0,0.0,0.0,0.0
2017-06-21,0.0,0.0,0.0,0.0,0.0,0.0,0.0,0.0
2017-06-22,0.0,0.0,0.0,0.0,0.0,0.0,0.0,0.0
2017-06-23,0.0,0.0,0.0,0.0,0.0,0.0,0.0,0.0
2017-06-26,0.0,0.0,0.0,0.0,0.0,0.0,0.0,0.0
2017-06-27,0.0,0.0,0.0,0.0,0.0,0.0,0.0,0.0
2017-06-28,0.0,0.0,0.0,0.0,0.0,0.0,0.0,0.0
2017-06-29,0.0,0.0,0.0,0.0,0.0,0.0,0.0,0.0
2017-06-30,0.0,0.0,0.0,0.0,0.0,0.0,0.0,0.0
2017-07-03,0.0,0.0,0.0,0.0,0.0,0.0,0.0,0.0
2017-07-05,0.0,0.0,0.0,0.0,0.0,0.0,0.0,0.0
2017-07-06,0.0,0.0,0.0,0.0,0.0,0.0,0.0,0.0
2017-07-07,0.0,0.0,0.0,0.0,0.0,0.0,0.0,0.0
2017-07-10,0.0,0.0,0.0,0.0,0.0,0.0,0.0,0.0
2017-07-11,0.0,0.0,0.0,0.0,0.0,0.0,0.0,0.0
2017-07-12,0.0,0.0,0.0,0.0,0.0,0.0,0.0,0.0
2017-07-13,0.0,0.0,0.0,0.0,0.0,0.0,0.0,0.0
2017-07-14,0.0,0.0,0.0,0.0,0.0,0.0,0.0,0.0
2017-07-17,0.0,0.0,0.0,0.0,0.0,0.0,0.0,0.0
2017-07-18,0.0,0.0,0.0,0.0,0.0,0.0,0.0,0.0
2017-07-19,0.0,0.0,0.0,0.0,0.0,0.0,0.0,0.0
2017-07-20,0.0,0.0,0.0,0.0,0.0,0.0,0.0,0.0
2017-07-21,0.0,0.0,0.0,0.0,0.0,0.0,0.0,0.0
2017-07-24,0.0,0.0,0.0,0.0,0.0,0.0,0.0,0.0
2017-07-25,0.0,0.0,0.0,0.0,0.0,0.0,0.0,0.0
2017-07-26,0.0,0.0,0.0,0.0,0.0,0.0,0.0,0.0
2017-07-27,0.0,0.0,0.0,0.0,0.0,0.0,0.0,0.0
2017-07-28,0.0,0.0,0.0,0.0,0.0,0.0,0.0,0.0
2017-07-31,0.0,0.0,0.0,0.0,0.0,0.0,0.0,0.0
2017-08-01,0.0,0.0,0.0,0.0,0.0,0.0,0.0,0.0
2017-08-02,0.0,0.0,0.0,0.0,0.0,0.0,0.0,0.0
2017-08-03,0.0,0.0,0.0,0.0,0.0,0.0,0.0,0.0
2017-08-04,0.0,0.0,0.0,0.0,0.0,0.0,0.0,0.0
2017-08-07,0.0,0.0,0.0,0.0,0.0,0.0,0.0,0.0
2017-08-08,0.0,0.0,0.0,0.0,0.0,0.0,0.0,0.0
2017-08-09,0.0,0.0,0.0,0.0,0.0,0.0,0.0,0.0
2017-08-10,0.0,0.0,0.0,0.0,0.0,0.0,0.0,0.0
2017-08-11,0.0,0.0,0.0,0.0,0.0,0.0,0.0,0.0
2017-08-14,0.0,0.0,0.0,0.0,0.0,0.0,0.0,0.0
2017-08-15,0.0,0.0,0.0,0.0,0.0,0.0,0.0,0.0
2017-08-16,0.0,0.0,0.0,0.0,0.0,0.0,0.0,0.0
2017-08-17,0.0,0.0,0.0,0.0,0.0,0.0,0.0,0.0
2017-08-18,0.0,0.0,0.0,0.0,0.0,0.0,0.0,0.0
2017-08-21,0.0,0.0,0.0,0.0,0.0,0.0,0.0,0.0
2017-08-22,0.0,0.0,0.0,0.0,0.0,0.0,0.0,0.0
2017-08-23,0.0,0.0,0.0,0.0,0.0,0.0,0.0,0.0
2017-08-24,0.0,0.0,0.0,0.0,0.0,0.0,0.0,0.0
2017-08-25,0.0,0.0,0.0,0.0,0.0,0.0,0.0,0.0
2017-08-28,0.0,0.0,0.0,0.0,0.0,0.0,0.0,0.0
2017-08-29,0.0,0.0,0.0,0.0,0.0,0.0,0.0,0.0
2017-08-30,0.0,0.0,0.0,0.0,0.0,0.0,0.0,0.0
2017-08-31,0.0,0.0,0.0,0.0,0.0,0.0,0.0,0.0
2017-09-01,0.0,0.0,0.0,0.0,0.0,0.0,0.0,0.0
2017-09-05,0.0,0.0,0.0,0.0,0.0,0.0,0.0,0.0
2017-09-06,0.0,0.0,0.0,0.0,0.0,0.0,0.0,0.0
2017-09-07,0.0,0.0,0.0,0.0,0.0,0.0,0.0,0.0
2017-09-08,0.0,0.0,0.0,0.0,0.0,0.0,0.0,0.0
2017-09-11,0.0,0.0,0.0,0.0,0.0,0.0,0.0,0.0
2017-09-12,0.0,0.0,0.0,0.0,0.0,0.0,0.0,0.0
2017-09-13,0.0,0.0,0.0,0.0,0.0,0.0,0.0,0.0
2017-09-14,0.0,0.0,0.0,0.0,0.0,0.0,0.0,0.0
2017-09-15,0.0,0.0,0.0,0.0,0.0,0.0,0.0,0.0
2017-09-18,0.0,0.0,0.0,0.0,0.0,0.0,0.0,0.0
2017-09-19,0.0,0.0,0.0,0.0,0.0,0.0,0.0,0.0
2017-09-20,0.0,0.0,0.0,0.0,0.0,0.0,0.0,0.0
2017-09-21,0.0,0.0,0.0,0.0,0.0,0.0,0.0,0.0
2017-09-22,0.0,0.0,0.0,0.0,0.0,0.0,0.0,0.0
2017-09-25,0.0,0.0,0.0,0.0,0.0,0.0,0.0,0.0
2017-09-26,0.0,0.0,0.0,0.0,0.0,0.0,0.0,0.0
2017-09-27,0.0,0.0,0.0,0.0,0.0,0.0,0.0,0.0
2017-09-28,0.0,0.0,0.0,0.0,0.0,0.0,0.0,0.0
2017-09-29,0.0,0.0,0.0,0.0,0.0,0.0,0.0,0.0
2017-10-02,0.0,0.0,0.0,0.0,0.0,0.0,0.0,0.0
2017-10-03,0.0,0.0,0.0,0.0,0.0,0.0,0.0,0.0
2017-10-04,0.0,0.0,0.0,0.0,0.0,0.0,0.0,0.0
2017-10-05,0.0,0.0,0.0,0.0,0.0,0.0,0.0,0.0
2017-10-06,0.0,0.0,0.0,0.0,0.0,0.0,0.0,0.0
2017-10-09,0.0,0.0,0.0,0.0,0.0,0.0,0.0,0.0
2017-10-10,0.0,0.0,0.0,0.0,0.0,0.0,0.0,0.0
2017-10-11,0.0,0.0,0.0,0.0,0.0,0.0,0.0,0.0
2017-10-12,0.0,0.0,0.0,0.0,0.0,0.0,0.0,0.0
2017-10-13,0.0,0.0,0.0,0.0,0.0,0.0,0.0,0.0
2017-10-16,0.0,0.0,0.0,0.0,0.0,0.0,0.0,0.0
2017-10-17,0.0,0.0,0.0,0.0,0.0,0.0,0.0,0.0
2017-10-18,0.0,0.0,0.0,0.0,0.0,0.0,0.0,0.0
2017-10-19,0.0,0.0,0.0,0.0,0.0,0.0,0.0,0.0
2017-10-20,0.0,0.0,0.0,0.0,0.0,0.0,0.0,0.0
2017-10-23,0.0,0.0,0.0,0.0,0.0,0.0,0.0,0.0
2017-10-24,0.0,0.0,0.0,0.0,0.0,0.0,0.0,0.0
2017-10-25,0.0,0.0,0.0,0.0,0.0,0.0,0.0,0.0
2017-10-26,0.0,0.0,0.0,0.0,0.0,0.0,0.0,0.0
2017-10-27,0.0,0.0,0.0,0.0,0.0,0.0,0.0,0.0
2017-10-30,0.0,0.0,0.0,0.0,0.0,0.0,0.0,0.0
2017-10-31,0.0,0.0,0.0,0.0,0.0,0.0,0.0,0.0
2017-11-01,0.0,0.0,0.0,0.0,0.0,0.0,0.0,0.0
2017-11-02,0.0,0.0,0.0,0.0,0.0,0.0,0.0,0.0
2017-11-03,0.0,0.0,0.0,0.0,0.0,0.0,0.0,0.0
2017-11-06,0.0,0.0,0.0,0.0,0.0,0.0,0.0,0.0
2017-11-07,0.0,0.0,0.0,0.0,0.0,0.0,0.0,0.0
2017-11-08,0.0,0.0,0.0,0.0,0.0,0.0,0.0,0.0
2017-11-09,0.0,0.0,0.0,0.0,0.0,0.0,0.0,0.0
2017-11-10,0.0,0.0,0.0,0.0,0.0,0.0,0.0,0.0
2017-11-13,0.0,0.0,0.0,0.0,0.0,0.0,0.0,0.0
2017-11-14,0.0,0.0,0.0,0.0,0.0,0.0,0.0,0.0
2017-11-15,0.0,0.0,0.0,0.0,0.0,0.0,0.0,0.0
2017-11-16,0.0,0.0,0.0,0.0,0.0,0.0,0.0,0.0
2017-11-17,0.0,0.0,0.0,0.0,0.0,0.0,0.0,0.0
2017-11-20,0.0,0.0,0.0,0.0,0.0,0.0,0.0,0.0
2017-11-21,0.0,0.0,0.0,0.0,0.0,0.0,0.0,0.0
2017-11-22,0.0,0.0,0.0,0.0,0.0,0.0,0.0,0.0
2017-11-24,0.0,0.0,0.0,0.0,0.0,0.0,0.0,0.0
2017-11-27,0.0,0.0,0.0,0.0,0.0,0.0,0.0,0.0
2017-11-28,0.0,0.0,0.0,0.0,0.0,0.0,0.0,0.0
2017-11-29,0.0,0.0,0.0,0.0,0.0,0.0,0.0,0.0
2017-11-30,0.0,0.0,0.0,0.0,0.0,0.0,0.0,0.0
2017-12-01,0.0,0.0,0.0,0.0,0.0,0.0,0.0,0.0
2017-12-04,0.0,0.0,0.0,0.0,0.0,0.0,0.0,0.0
2017-12-05,0.0,0.0,0.0,0.0,0.0,0.0,0.0,0.0
2017-12-06,0.0,0.0,0.0,0.0,0.0,0.0,0.0,0.0
2017-12-07,0.0,0.0,0.0,0.0,0.0,0.0,0.0,0.0
2017-12-08,0.0,0.0,0.0,0.0,0.0,0.0,0.0,0.0
2017-12-11,0.0,0.0,0.0,0.0,0.0,0.0,0.0,0.0
2017-12-12,0.0,0.0,0.0,0.0,0.0,0.0,0.0,0.0
2017-12-13,0.0,0.0,0.0,0.0,0.0,0.0,0.0,0.0
2017-12-14,0.0,0.0,0.0,0.0,0.0,0.0,0.0,0.0
2017-12-15,0.0,0.0,0.0,0.0,0.0,0.0,0.0,0.0
2017-12-18,0.0,0.0,0.0,0.0,0.0,0.0,0.0,0.0
2017-12-19,0.0,0.0,0.0,0.0,0.0,0.0,0.0,0.0
2017-12-20,0.0,0.0,0.0,0.0,0.0,0.0,0.0,0.0
2017-12-21,0.0,0.0,0.0,0.0,0.0,0.0,0.0,0.0
2017-12-22,0.0,0.0,0.0,0.0,0.0,0.0,0.0,0.0
2017-12-26,0.0,0.0,0.0,0.0,0.0,0.0,0.0,0.0
2017-12-27,0.0,0.0,0.0,0.0,0.0,0.0,0.0,0.0
2017-12-28,0.0,0.0,0.0,0.0,0.0,0.0,0.0,0.0
2017-12-29,0.0,0.0,0.0,0.0,0.0,0.0,0.0,0.0
2018-01-02,0.0,0.0,0.0,0.0,0.0,0.0,0.0,0.0
2018-01-03,0.0,0.0,0.0,0.0,0.0,0.0,0.0,0.0
2018-01-04,0.0,0.0,0.0,0.0,0.0,0.0,0.0,0.0
2018-01-05,0.0,0.0,0.0,0.0,0.0,0.0,0.0,0.0
2018-01-08,0.0,0.0,0.0,0.0,0.0,0.0,0.0,0.0
2018-01-09,0.0,0.0,0.0,0.0,0.0,0.0,0.0,0.0
2018-01-10,0.0,0.0,0.0,0.0,0.0,0.0,0.0,0.0
2018-01-11,0.0,0.0,0.0,0.0,0.0,0.0,0.0,0.0
2018-01-12,0.0,0.0,0.0,0.0,0.0,0.0,0.0,0.0
2018-01-16,0.0,0.0,0.0,0.0,0.0,0.0,0.0,0.0
2018-01-17,0.0,0.0,0.0,0.0,0.0,0.0,0.0,0.0
2018-01-18,0.0,0.0,0.0,0.0,0.0,0.0,0.0,0.0
2018-01-19,0.0,0.0,0.0,0.0,0.0,0.0,0.0,0.0
2018-01-22,0.0,0.0,0.0,0.0,0.0,0.0,0.0,0.0
2018-01-23,0.0,0.0,0.0,0.0,0.0,0.0,0.0,0.0
2018-01-24,0.0,0.0,0.0,0.0,0.0,0.0,0.0,0.0
2018-01-25,0.0,0.0,0.0,0.0,0.0,0.0,0.0,0.0
2018-01-26,0.0,0.0,0.0,0.0,0.0,0.0,0.0,0.0
2018-01-29,0.0,0.0,0.0,0.0,0.0,0.0,0.0,0.0
2018-01-30,0.0,0.0,0.0,0.0,0.0,0.0,0.0,0.0
2018-01-31,0.0,0.0,0.0,0.0,0.0,0.0,0.0,0.0
2018-02-01,0.0,0.0,0.0,0.0,0.0,0.0,0.0,0.0
2018-02-02,0.0,0.0,0.0,0.0,0.0,0.0,0.0,0.0
2018-02-05,0.0,0.0,0.0,0.0,0.0,0.0,0.0,0.0
2018-02-06,0.0,0.0,0.0,0.0,0.0,0.0,0.0,0.0
2018-02-07,0.0,0.0,0.0,0.0,0.0,0.0,0.0,0.0
2018-02-08,0.0,0.0,0.0,0.0,0.0,0.0,0.0,0.0
2018-02-09,0.0,0.0,0.0,0.0,0.0,0.0,0.0,0.0
2018-02-12,0.0,0.0,0.0,0.0,0.0,0.0,0.0,0.0
2018-02-13,0.0,0.0,0.0,0.0,0.0,0.0,0.0,0.0
2018-02-14,0.0,0.0,0.0,0.0,0.0,0.0,0.0,0.0
2018-02-15,0.0,0.0,0.0,0.0,0.0,0.0,0.0,0.0
2018-02-16,0.0,0.0,0.0,0.0,0.0,0.0,0.0,0.0
2018-02-20,0.0,0.0,0.0,0.0,0.0,0.0,0.0,0.0
2018-02-21,0.0,0.0,0.0,0.0,0.0,0.0,0.0,0.0
2018-02-22,0.0,0.0,0.0,0.0,0.0,0.0,0.0,0.0
2018-02-23,0.0,0.0,0.0,0.0,0.0,0.0,0.0,0.0
2018-02-26,0.0,0.0,0.0,0.0,0.0,0.0,0.0,0.0
2018-02-27,0.0,0.0,0.0,0.0,0.0,0.0,0.0,0.0
2018-02-28,0.0,0.0,0.0,0.0,0.0,0.0,0.0,0.0
2018-03-01,0.0,0.0,0.0,0.0,0.0,0.0,0.0,0.0
2018-03-02,0.0,0.0,0.0,0.0,0.0,0.0,0.0,0.0
2018-03-05,0.0,0.0,0.0,0.0,0.0,0.0,0.0,0.0
2018-03-06,0.0,0.0,0.0,0.0,0.0,0.0,0.0,0.0
2018-03-07,0.0,0.0,0.0,0.0,0.0,0.0,0.0,0.0
2018-03-08,0.0,0.0,0.0,0.0,0.0,0.0,0.0,0.0
2018-03-09,0.0,0.0,0.0,0.0,0.0,0.0,0.0,0.0
2018-03-12,0.0,0.0,0.0,0.0,0.0,0.0,0.0,0.0
2018-03-13,0.0,0.0,0.0,0.0,0.0,0.0,0.0,0.0
2018-03-14,0.0,0.0,0.0,0.0,0.0,0.0,0.0,0.0
2018-03-15,0.0,0.0,0.0,0.0,0.0,0.0,0.0,0.0
2018-03-16,0.0,0.0,0.0,0.0,0.0,0.0,0.0,0.0
2018-03-19,0.0,0.0,0.0,0.0,0.0,0.0,0.0,0.0
2018-03-20,0.0,0.0,0.0,0.0,0.0,0.0,0.0,0.0
2018-03-21,0.0,0.0,0.0,0.0,0.0,0.0,0.0,0.0
2018-03-22,0.0,0.0,0.0,0.0,0.0,0.0,0.0,0.0
2018-03-23,0.0,0.0,0.0,0.0,0.0,0.0,0.0,0.0
2018-03-26,0.0,0.0,0.0,0.0,0.0,0.0,0.0,0.0
2018-03-27,0.0,0.0,0.0,0.0,0.0,0.0,0.0,0.0
2018-03-28,0.0,0.0,0.0,0.0,0.0,0.0,0.0,0.0
2018-03-29,0.0,0.0,0.0,0.0,0.0,0.0,0.0,0.0
2018-04-02,0.0,0.0,0.0,0.0,0.0,0.0,0.0,0.0
2018-04-03,0.0,0.0,0.0,0.0,0.0,0.0,0.0,0.0
2018-04-04,0.0,0.0,0.0,0.0,0.0,0.0,0.0,0.0
2018-04-05,0.0,0.0,0.0,0.0,0.0,0.0,0.0,0.0
2018-04-06,0.0,0.0,0.0,0.0,0.0,0.0,0.0,0.0
2018-04-09,0.0,0.0,0.0,0.0,0.0,0.0,0.0,0.0
2018-04-10,0.0,0.0,0.0,0.0,0.0,0.0,0.0,0.0
2018-04-11,0.0,0.0,0.0,0.0,0.0,0.0,0.0,0.0
2018-04-12,0.0,0.0,0.0,0.0,0.0,0.0,0.0,0.0
2018-04-13,0.0,0.0,0.0,0.0,0.0,0.0,0.0,0.0
2018-04-16,0.0,0.0,0.0,0.0,0.0,0.0,0.0,0.0
2018-04-17,0.0,0.0,0.0,0.0,0.0,0.0,0.0,0.0
2018-04-18,0.0,0.0,0.0,0.0,0.0,0.0,0.0,0.0
2018-04-19,0.0,0.0,0.0,0.0,0.0,0.0,0.0,0.0
2018-04-20,0.0,0.0,0.0,0.0,0.0,0.0,0.0,0.0
2018-04-23,0.0,0.0,0.0,0.0,0.0,0.0,0.0,0.0
2018-04-24,0.0,0.0,0.0,0.0,0.0,0.0,0.0,0.0
2018-04-25,0.0,0.0,0.0,0.0,0.0,0.0,0.0,0.0
2018-04-26,0.0,0.0,0.0,0.0,0.0,0.0,0.0,0.0
2018-04-27,0.0,0.0,0.0,0.0,0.0,0.0,0.0,0.0
2018-04-30,0.0,0.0,0.0,0.0,0.0,0.0,0.0,0.0
2018-05-01,0.0,0.0,0.0,0.0,0.0,0.0,0.0,0.0
2018-05-02,0.0,0.0,0.0,0.0,0.0,0.0,0.0,0.0
2018-05-03,0.0,0.0,0.0,0.0,0.0,0.0,0.0,0.0
2018-05-04,0.0,0.0,0.0,0.0,0.0,0.0,0.0,0.0
2018-05-07,0.0,0.0,0.0,0.0,0.0,0.0,0.0,0.0
2018-05-08,0.0,0.0,0.0,0.0,0.0,0.0,0.0,0.0
2018-05-09,0.0,0.0,0.0,0.0,0.0,0.0,0.0,0.0
2018-05-10,0.0,0.0,0.0,0.0,0.0,0.0,0.0,0.0
2018-05-11,0.0,0.0,0.0,0.0,0.0,0.0,0.0,0.0
2018-05-14,0.0,0.0,0.0,0.0,0.0,0.0,0.0,0.0
2018-05-15,0.0,0.0,0.0,0.0,0.0,0.0,0.0,0.0
2018-05-16,0.0,0.0,0.0,0.0,0.0,0.0,0.0,0.0
2018-05-17,0.0,0.0,0.0,0.0,0.0,0.0,0.0,0.0
2018-05-18,0.0,0.0,0.0,0.0,0.0,0.0,0.0,0.0
2018-05-21,0.0,0.0,0.0,0.0,0.0,0.0,0.0,0.0
2018-05-22,0.0,0.0,0.0,0.0,0.0,0.0,0.0,0.0
2018-05-23,0.0,0.0,0.0,0.0,0.0,0.0,0.0,0.0
2018-05-24,0.0,0.0,0.0,0.0,0.0,0.0,0.0,0.0
2018-05-25,0.0,0.0,0.0,0.0,0.0,0.0,0.0,0.0
2018-05-29,0.0,0.0,0.0,0.0,0.0,0.0,0.0,0.0
2018-05-30,0.0,0.0,0.0,0.0,0.0,0.0,0.0,0.0
2018-05-31,0.0,0.0,0.0,0.0,0.0,0.0,0.0,0.0
2018-06-01,0.0,0.0,0.0,0.0,0.0,0.0,0.0,0.0
2018-06-04,0.0,0.0,0.0,0.0,0.0,0.0,0.0,0.0
2018-06-05,0.0,0.0,0.0,0.0,0.0,0.0,0.0,0.0
2018-06-06,0.0,0.0,0.0,0.0,0.0,0.0,0.0,0.0
2018-06-07,0.0,0.0,0.0,0.0,0.0,0.0,0.0,0.0
2018-06-08,0.0,0.0,0.0,0.0,0.0,0.0,0.0,0.0
2018-06-11,0.0,0.0,0.0,0.0,0.0,0.0,0.0,0.0
2018-06-12,0.0,0.0,0.0,0.0,0.0,0.0,0.0,0.0
2018-06-13,0.0,0.0,0.0,0.0,0.0,0.0,0.0,0.0
2018-06-14,0.0,0.0,0.0,0.0,0.0,0.0,0.0,0.0
2018-06-15,0.0,0.0,0.0,0.0,0.0,0.0,0.0,0.0
2018-06-18,0.0,0.0,0.0,0.0,0.0,0.0,0.0,0.0
2018-06-19,0.0,0.0,0.0,0.0,0.0,0.0,0.0,0.0
2018-06-20,0.0,0.0,0.0,0.0,0.0,0.0,0.0,0.0
2018-06-21,0.0,0.0,0.0,0.0,0.0,0.0,0.0,0.0
2018-06-22,0.0,0.0,0.0,0.0,0.0,0.0,0.0,0.0
2018-06-25,0.0,0.0,0.0,0.0,0.0,0.0,0.0,0.0
2018-06-26,0.0,0.0,0.0,0.0,0.0,0.0,0.0,0.0
2018-06-27,0.0,0.0,0.0,0.0,0.0,0.0,0.0,0.0
2018-06-28,0.0,0.0,0.0,0.0,0.0,0.0,0.0,0.0
2018-06-29,0.0,0.0,0.0,0.0,0.0,0.0,0.0,0.0
2018-07-02,0.0,0.0,0.0,0.0,0.0,0.0,0.0,0.0
2018-07-03,0.0,0.0,0.0,0.0,0.0,0.0,0.0,0.0
2018-07-05,0.0,0.0,0.0,0.0,0.0,0.0,0.0,0.0
2018-07-06,0.0,0.0,0.0,0.0,0.0,0.0,0.0,0.0
2018-07-09,0.0,0.0,0.0,0.0,0.0,0.0,0.0,0.0
2018-07-10,0.0,0.0,0.0,0.0,0.0,0.0,0.0,0.0
2018-07-11,0.0,0.0,0.0,0.0,0.0,0.0,0.0,0.0
2018-07-12,0.0,0.0,0.0,0.0,0.0,0.0,0.0,0.0
2018-07-13,0.0,0.0,0.0,0.0,0.0,0.0,0.0,0.0
2018-07-16,0.0,0.0,0.0,0.0,0.0,0.0,0.0,0.0
2018-07-17,0.0,0.0,0.0,0.0,0.0,0.0,0.0,0.0
2018-07-18,0.0,0.0,0.0,0.0,0.0,0.0,0.0,0.0
2018-07-19,0.0,0.0,0.0,0.0,0.0,0.0,0.0,0.0
2018-07-20,0.0,0.0,0.0,0.0,0.0,0.0,0.0,0.0
2018-07-23,0.0,0.0,0.0,0.0,0.0,0.0,0.0,0.0
2018-07-24,0.0,0.0,0.0,0.0,0.0,0.0,0.0,0.0
2018-07-25,0.0,0.0,0.0,0.0,0.0,0.0,0.0,0.0
2018-07-26,0.0,0.0,0.0,0.0,0.0,0.0,0.0,0.0
2018-07-27,0.0,0.0,0.0,0.0,0.0,0.0,0.0,0.0
2018-07-30,0.0,0.0,0.0,0.0,0.0,0.0,0.0,0.0
2018-07-31,0.0,0.0,0.0,0.0,0.0,0.0,0.0,0.0
2018-08-01,0.0,0.0,0.0,0.0,0.0,0.0,0.0,0.0
2018-08-02,0.0,0.0,0.0,0.0,0.0,0.0,0.0,0.0
2018-08-03,0.0,0.0,0.0,0.0,0.0,0.0,0.0,0.0
2018-08-06,0.0,0.0,0.0,0.0,0.0,0.0,0.0,0.0
2018-08-07,0.0,0.0,0.0,0.0,0.0,0.0,0.0,0.0
2018-08-08,0.0,0.0,0.0,0.0,0.0,0.0,0.0,0.0
2018-08-09,0.0,0.0,0.0,0.0,0.0,0.0,0.0,0.0
2018-08-10,0.0,0.0,0.0,0.0,0.0,0.0,0.0,0.0
2018-08-13,0.0,0.0,0.0,0.0,0.0,0.0,0.0,0.0
2018-08-14,0.0,0.0,0.0,0.0,0.0,0.0,0.0,0.0
2018-08-15,0.0,0.0,0.0,0.0,0.0,0.0,0.0,0.0
2018-08-16,0.0,0.0,0.0,0.0,0.0,0.0,0.0,0.0
2018-08-17,0.0,0.0,0.0,0.0,0.0,0.0,0.0,0.0
2018-08-20,0.0,0.0,0.0,0.0,0.0,0.0,0.0,0.0
2018-08-21,0.0,0.0,0.0,0.0,0.0,0.0,0.0,0.0
2018-08-22,0.0,0.0,0.0,0.0,0.0,0.0,0.0,0.0
2018-08-23,0.0,0.0,0.0,0.0,0.0,0.0,0.0,0.0
2018-08-24,0.0,0.0,0.0,0.0,0.0,0.0,0.0,0.0
2018-08-27,0.0,0.0,0.0,0.0,0.0,0.0,0.0,0.0
2018-08-28,0.0,0.0,0.0,0.0,0.0,0.0,0.0,0.0
2018-08-29,0.0,0.0,0.0,0.0,0.0,0.0,0.0,0.0
2018-08-30,0.0,0.0,0.0,0.0,0.0,0.0,0.0,0.0
2018-08-31,0.0,0.0,0.0,0.0,0.0,0.0,0.0,0.0
2018-09-04,0.0,0.0,0.0,0.0,0.0,0.0,0.0,0.0
2018-09-05,0.0,0.0,0.0,0.0,0.0,0.0,0.0,0.0
2018-09-06,0.0,0.0,0.0,0.0,0.0,0.0,0.0,0.0
2018-09-07,0.0,0.0,0.0,0.0,0.0,0.0,0.0,0.0
2018-09-10,0.0,0.0,0.0,0.0,0.0,0.0,0.0,0.0
2018-09-11,0.0,0.0,0.0,0.0,0.0,0.0,0.0,0.0
2018-09-12,0.0,0.0,0.0,0.0,0.0,0.0,0.0,0.0
2018-09-13,0.0,0.0,0.0,0.0,0.0,0.0,0.0,0.0
2018-09-14,0.0,0.0,0.0,0.0,0.0,0.0,0.0,0.0
2018-09-17,0.0,0.0,0.0,0.0,0.0,0.0,0.0,0.0
2018-09-18,0.0,0.0,0.0,0.0,0.0,0.0,0.0,0.0
2018-09-19,0.0,0.0,0.0,0.0,0.0,0.0,0.0,0.0
2018-09-20,0.0,0.0,0.0,0.0,0.0,0.0,0.0,0.0
2018-09-21,0.0,0.0,0.0,0.0,0.0,0.0,0.0,0.0
2018-09-24,0.0,0.0,0.0,0.0,0.0,0.0,0.0,0.0
2018-09-25,0.0,0.0,0.0,0.0,0.0,0.0,0.0,0.0
2018-09-26,0.0,0.0,0.0,0.0,0.0,0.0,0.0,0.0
2018-09-27,0.0,0.0,0.0,0.0,0.0,0.0,0.0,0.0
2018-09-28,0.0,0.0,0.0,0.0,0.0,0.0,0.0,0.0
2018-10-01,0.0,0.0,0.0,0.0,0.0,0.0,0.0,0.0
2018-10-02,0.0,0.0,0.0,0.0,0.0,0.0,0.0,0.0
2018-10-03,0.0,0.0,0.0,0.0,0.0,0.0,0.0,0.0
2018-10-04,0.0,0.0,0.0,0.0,0.0,0.0,0.0,0.0
2018-10-05,0.0,0.0,0.0,0.0,0.0,0.0,0.0,0.0
2018-10-08,0.0,0.0,0.0,0.0,0.0,0.0,0.0,0.0
2018-10-09,0.0,0.0,0.0,0.0,0.0,0.0,0.0,0.0
2018-10-10,0.0,0.0,0.0,0.0,0.0,0.0,0.0,0.0
2018-10-11,0.0,0.0,0.0,0.0,0.0,0.0,0.0,0.0
2018-10-12,0.0,0.0,0.0,0.0,0.0,0.0,0.0,0.0
2018-10-15,0.0,0.0,0.0,0.0,0.0,0.0,0.0,0.0
2018-10-16,0.0,0.0,0.0,0.0,0.0,0.0,0.0,0.0
2018-10-17,0.0,0.0,0.0,0.0,0.0,0.0,0.0,0.0
2018-10-18,0.0,0.0,0.0,0.0,0.0,0.0,0.0,0.0
2018-10-19,0.0,0.0,0.0,0.0,0.0,0.0,0.0,0.0
2018-10-22,0.0,0.0,0.0,0.0,0.0,0.0,0.0,0.0
2018-10-23,0.0,0.0,0.0,0.0,0.0,0.0,0.0,0.0
2018-10-24,0.0,0.0,0.0,0.0,0.0,0.0,0.0,0.0
2018-10-25,0.0,0.0,0.0,0.0,0.0,0.0,0.0,0.0
2018-10-26,0.0,0.0,0.0,0.0,0.0,0.0,0.0,0.0
2018-10-29,0.0,0.0,0.0,0.0,0.0,0.0,0.0,0.0
2018-10-30,0.0,0.0,0.0,0.0,0.0,0.0,0.0,0.0
2018-10-31,0.0,0.0,0.0,0.0,0.0,0.0,0.0,0.0
2018-11-01,0.0,0.0,0.0,0.0,0.0,0.0,0.0,0.0
2018-11-02,0.0,0.0,0.0,0.0,0.0,0.0,0.0,0.0
2018-11-05,0.0,0.0,0.0,0.0,0.0,0.0,0.0,0.0
2018-11-06,0.0,0.0,0.0,0.0,0.0,0.0,0.0,0.0
2018-11-07,0.0,0.0,0.0,0.0,0.0,0.0,0.0,0.0
2018-11-08,0.0,0.0,0.0,0.0,0.0,0.0,0.0,0.0
2018-11-09,0.0,0.0,0.0,0.0,0.0,0.0,0.0,0.0
2018-11-12,0.0,0.0,0.0,0.0,0.0,0.0,0.0,0.0
2018-11-13,0.0,0.0,0.0,0.0,0.0,0.0,0.0,0.0
2018-11-14,0.0,0.0,0.0,0.0,0.0,0.0,0.0,0.0
2018-11-15,0.0,0.0,0.0,0.0,0.0,0.0,0.0,0.0
2018-11-16,0.0,0.0,0.0,0.0,0.0,0.0,0.0,0.0
2018-11-19,0.0,0.0,0.0,0.0,0.0,0.0,0.0,0.0
2018-11-20,0.0,0.0,0.0,0.0,0.0,0.0,0.0,0.0
2018-11-21,0.0,0.0,0.0,0.0,0.0,0.0,0.0,0.0
2018-11-23,0.0,0.0,0.0,0.0,0.0,0.0,0.0,0.0
2018-11-26,0.0,0.0,0.0,0.0,0.0,0.0,0.0,0.0
2018-11-27,0.0,0.0,0.0,0.0,0.0,0.0,0.0,0.0
2018-11-28,0.0,0.0,0.0,0.0,0.0,0.0,0.0,0.0
2018-11-29,0.0,0.0,0.0,0.0,0.0,0.0,0.0,0.0
2018-11-30,0.0,0.0,0.0,0.0,0.0,0.0,0.0,0.0
2018-12-03,0.0,0.0,0.0,0.0,0.0,0.0,0.0,0.0
2018-12-04,0.0,0.0,0.0,0.0,0.0,0.0,0.0,0.0
2018-12-06,0.0,0.0,0.0,0.0,0.0,0.0,0.0,0.0
2018-12-07,0.0,0.0,0.0,0.0,0.0,0.0,0.0,0.0
2018-12-10,0.0,0.0,0.0,0.0,0.0,0.0,0.0,0.0
2018-12-11,0.0,0.0,0.0,0.0,0.0,0.0,0.0,0.0
2018-12-12,0.0,0.0,0.0,0.0,0.0,0.0,0.0,0.0
2018-12-13,0.0,0.0,0.0,0.0,0.0,0.0,0.0,0.0
2018-12-14,0.0,0.0,0.0,0.0,0.0,0.0,0.0,0.0
2018-12-17,0.0,0.0,0.0,0.0,0.0,0.0,0.0,0.0
2018-12-18,0.0,0.0,0.0,0.0,0.0,0.0,0.0,0.0
2018-12-19,0.0,0.0,0.0,0.0,0.0,0.0,0.0,0.0
2018-12-20,0.0,0.0,0.0,0.0,0.0,0.0,0.0,0.0
2018-12-21,0.0,0.0,0.0,0.0,0.0,0.0,0.0,0.0
2018-12-24,0.0,0.0,0.0,0.0,0.0,0.0,0.0,0.0
2018-12-26,0.0,0.0,0.0,0.0,0.0,0.0,0.0,0.0
2018-12-27,0.0,0.0,0.0,0.0,0.0,0.0,0.0,0.0
2018-12-28,0.0,0.0,0.0,0.0,0.0,0.0,0.0,0.0
2018-12-31,0.0,0.0,0.0,0.0,0.0,0.0,0.0,0.0
2019-01-02,0.0,0.0,0.0,0.0,0.0,0.0,0.0,0.0
2019-01-03,0.12535699952871987,0.12041132706847152,0.12706657540953376,0.12285242528659142,0.12665168905926819,0.1267342553264197,0.12444719553979429,0.12647934553825224
2019-01-04,0.12727083860774233,0.1274995552541975,0.12596210154296056,0.11788095279852023,0.12622226707439285,0.12702586189307014,0.12582482340758483,0.12231342150448436
2019-01-07,0.12554138886864025,0.13377754744335646,0.12486605555571478,0.1165718328774829,0.1234189806623094,0.12800211713474685,0.12839973961383414,0.11942216541446711
2019-01-08,0.12204298558923525,0.1367285485634191,0.1255821245361015,0.11716181199324369,0.1229285604372379,0.12869910141646576,0.1268550008485728,0.12000169191142325
2019-01-09,0.12356849020372915,0.12924271906560242,0.1270605992446264,0.11874164558350048,0.12558716220814226,0.13132664843380668,0.1256592607932061,0.11881330474768889
2019-01-10,0.12430907282052206,0.12543716523967283,0.12589054949048148,0.11942317782100133,0.12516137712031075,0.13209423542131643,0.12705784914326887,0.12062640446605369
2019-01-11,0.12348732464374124,0.12787999765314886,0.12453297510033162,0.11906448356045861,0.1238671384262106,0.1315107571306616,0.12927227734091298,0.12038487887711603
2019-01-14,0.1220998802957596,0.12962244864881126,0.12387982421731085,0.12107019460499911,0.12259066978308351,0.12859595355406922,0.13271308734242815,0.11942777167174297
2019-01-15,0.12155337046859914,0.13042275492894226,0.12414829681771264,0.12362995641067222,0.12206477033960508,0.12591856823594202,0.1320474455414159,0.1202146675845159
2019-01-16,0.12261642376188428,0.12778385930864938,0.12410495862650628,0.12278245526695036,0.1224320180848456,0.12589802327254182,0.13271946642624527,0.12166262353611783
2019-01-17,0.12393660230200636,0.12910957575140986,0.12237450686699644,0.12261384682667976,0.1231403135328477,0.12504494143332825,0.13318101342997182,0.12059903081425456
2019-01-18,0.12409819551585134,0.1282532155202683,0.12240130505696094,0.12130447055800786,0.12413211058691964,0.12782577870637687,0.1334147411186733,0.1185700192197637
2019-01-22,0.1241394335093471,0.12655797334758334,0.12446003952266059,0.12459895757302664,0.12206815952445393,0.12557615339962566,0.13118496285363224,0.12141415045896746
2019-01-23,0.12327601744319346,0.12640929010752378,0.12610060947280494,0.12383084616396837,0.12119132513905403,0.12654267165396438,0.13122320845809168,0.12142586229283449
2019-01-24,0.12740981416795852,0.12480831070497946,0.12317818357225731,0.11882414469938993,0.13146665267233854,0.12679121885001643,0.13008302176153377,0.11743849486311955
2019-01-25,0.1276969960644811,0.1269697256839343,0.12461387950198007,0.11684314655898746,0.1305408293551242,0.1305779498756423,0.12765991850718955,0.115097400947127
2019-01-28,0.13079590420510168,0.1211881966710961,0.1274175403600816,0.12104920503999352,0.13586801500405618,0.13238093892059818,0.11410791431190793,0.11719212626568785
2019-01-29,0.1316836774562424,0.11791130042909968,0.13030481625406784,0.12286625980431178,0.13768778281924637,0.13257736883260748,0.11098051528757036,0.11598811671641888
2019-01-30,0.1301885386066565,0.13488311380883666,0.12610710048472026,0.11915673080536303,0.1360394646301587,0.12931259873352433,0.11049809103126085,0.11381420701919398
2019-01-31,0.12745463849204464,0.14145714040035606,0.1235766187750666,0.1170849113836384,0.13388895969448011,0.12821447784019677,0.11469145748828717,0.1136316422805199
2019-02-01,0.12682657753689666,0.14050980846053387,0.12460896066424978,0.11520453667604752,0.1349412476094903,0.1314159003367215,0.1142320650900376,0.11226075163224133
2019-02-04,0.12499311623987194,0.13776846050985858,0.12490185122923468,0.1170192052867722,0.13469551772241162,0.13045147767717322,0.1172652065646062,0.11290501339478029
2019-02-05,0.12593305467088195,0.13333353620206528,0.12656210723397532,0.11632282638874016,0.13535838725933977,0.13036224307748162,0.11808906986980909,0.11403862364169629
2019-02-06,0.12669979895734124,0.1300026545653548,0.12724057206677336,0.11627491049033818,0.1348571808408271,0.13433501423654287,0.11773348360322844,0.11285623705433658
2019-02-07,0.12884312646069843,0.13001046893598298,0.12653535653931963,0.1162327919194772,0.13729704269220125,0.13073499837669889,0.11639900843002059,0.11394705459459549
2019-02-08,0.12833034578023422,0.1321269758673681,0.1264543736898775,0.11832334575151189,0.13690382433962653,0.1280183559790861,0.11693564252539745,0.1129069840880766
2019-02-11,0.12879115697947077,0.13168643064416471,0.12474489256854943,0.11910818878513614,0.1374667244587621,0.12809165175239967,0.1156444283507358,0.11446637439494549
2019-02-12,0.12879931660105728,0.12835055962070183,0.12525678557512063,0.11835787837783575,0.13735815973806506,0.13153849031066298,0.11706140968403986,0.11327725096951888
2019-02-13,0.12846958448351753,0.12768814546335006,0.12411993301453846,0.11840477319647845,0.1378098152118531,0.13482841966104753,0.11761997973587113,0.1110592010747453
2019-02-14,0.1273082626829387,0.12852488331514716,0.1247884242079725,0.11781322774072685,0.13727590396385025,0.13583825974357777,0.11821986252833878,0.11023102849324701
2019-02-15,0.12233326644995839,0.13164535847012662,0.12487653410190243,0.11805090386463572,0.13716123569465685,0.13513227288863558,0.12042845292866743,0.11037182820519877
2019-02-19,0.12288906114030844,0.1330706611784009,0.12351258344951492,0.117870764976527,0.13649278861492778,0.13495892594894005,0.11982449212983998,0.11138057524915045
2019-02-20,0.12176742284691541,0.13219414670863533,0.12363374376316112,0.11782607023626229,0.13702253591513225,0.1348687752372912,0.1204866787489121,0.11220048020162227
2019-02-21,0.12240028909099476,0.13329582652514363,0.12392426293366218,0.11791610865212315,0.13576401495548146,0.13396972646908972,0.11951027662165162,0.11321934700512652
2019-02-22,0.12287181434783147,0.13419707609833892,0.12409259825521486,0.11472683649673782,0.1345133323635817,0.13575591346168753,0.12073901320092392,0.11310326971670763
2019-02-25,0.12285739747167508,0.13531986492217862,0.12475958010107185,0.11491433663270444,0.13400107323661392,0.13552339208219819,0.11964772559619154,0.11297648476248037
2019-02-26,0.12345029648453006,0.1334908246149476,0.12452010140393431,0.11420720335463709,0.1341386626465182,0.13712297038372184,0.11926115085731398,0.11380864406390209
2019-02-27,0.12301956143479625,0.13167541292979706,0.1257981457219893,0.11467392245509855,0.13538896450713475,0.13413934481458617,0.11999184498863437,0.11531265446229899
2019-02-28,0.122179130899667,0.13255838256527072,0.12551466029265723,0.11683965523981828,0.1351552618136941,0.13331699428826044,0.11977109419923496,0.11466467133677333
2019-03-01,0.12196980192768263,0.1324150293153819,0.1261107978501838,0.11487473299458809,0.1346567604114165,0.13459513822669442,0.12057148709342332,0.11480610392265196
2019-03-04,0.12363491206751587,0.13070299807577118,0.12650622390375033,0.11579501711525425,0.13545604587045493,0.1329336913077009,0.12084564128058779,0.1141253220966643
2019-03-05,0.12401497260103149,0.13234203276855047,0.12660872883392046,0.1174977707752287,0.1331504358779175,0.1303679189461031,0.1214823641048983,0.11453562678113405
2019-03-06,0.12474173431785747,0.12981089468811632,0.12784928059213166,0.11838679521834554,0.13352335209786403,0.1271866133811124,0.12138615953772687,0.11711501658786416
2019-03-07,0.12476460711444229,0.1296252399696937,0.12697101296471425,0.11740204698054094,0.13370140278525533,0.1285630439671619,0.12076675503898611,0.1182057355278169
2019-03-08,0.1247755100815714,0.12864345935499433,0.12735001747506938,0.11630228342664187,0.13444058890256871,0.1307695179623969,0.12134485964178844,0.11637360819120506
2019-03-11,0.12415999705135032,0.13086408386973838,0.12575049880607478,0.11550530980333612,0.13357201612111946,0.12877645668510063,0.12658013443352836,0.11479135211352696
2019-03-12,0.1238736160752004,0.1328859214872174,0.12579095928793033,0.1148863219343606,0.13261391001675418,0.12853606201052556,0.12671156304345627,0.11470149615588576
2019-03-13,0.12318464147284909,0.13190281602705345,0.12546152021615972,0.11524431070077776,0.13098382569651834,0.12681373553259997,0.13110887450998665,0.11530012626455768
2019-03-14,0.12461869071137012,0.1291381723061982,0.12637015598113524,0.11431467513238572,0.1361039522160507,0.12582663893607252,0.12912429464794373,0.11450327003076492
2019-03-15,0.12464371757983513,0.12705924628988197,0.12815425615809417,0.11928148971841936,0.13556601695337808,0.12487134100849397,0.12767723937822423,0.1127465482700596
2019-03-18,0.12379788896638266,0.12720865386806451,0.12707920079659932,0.12109015305598582,0.1343264917888129,0.12545496319876262,0.12739880598267683,0.1136436972798694
2019-03-19,0.12177757827048548,0.138650710845702,0.12397000532844964,0.12021927459529169,0.13110595586610552,0.12462263594814246,0.12913938499794866,0.11051431276029962
2019-03-20,0.12059104635693403,0.1384593972903725,0.12546067015095227,0.11914982395515322,0.12978732289469871,0.125154889456551,0.12949390652635173,0.11190280052834428
2019-03-21,0.11995069840785225,0.1430955415820057,0.12149298726290178,0.1157198471445532,0.1292692757602676,0.13065345267005096,0.13006706529508663,0.10975099584559254
2019-03-22,0.11976827980186225,0.14007316990133298,0.12150426605513755,0.11812986281842455,0.1306653795158212,0.12797827095268863,0.129944081579419,0.11193654854138117
2019-03-25,0.11986174128037043,0.1396679230134355,0.12208835662468003,0.11940208387756517,0.13202870606644937,0.12624230366791298,0.12880653709260736,0.11190220578758295
2019-03-26,0.1199090681091959,0.13741443591360591,0.12205329100833687,0.12073549207741657,0.13201818415700356,0.12484699330566616,0.13038746930747078,0.11263492430350557
2019-03-27,0.11957338887218524,0.13514974824836737,0.12176331755696337,0.12212495725850779,0.13222195246828397,0.12330989429586632,0.13208345909205713,0.113773138244119
2019-03-28,0.1181829469865014,0.13595737844195938,0.12175255781675524,0.12329940424390556,0.13065208506422435,0.12355073884113203,0.1325322351985936,0.1140725095654236
2019-03-29,0.11915603055236774,0.1355452241105596,0.12168683881349249,0.12137179785785696,0.1303326249340133,0.12707446263644023,0.1314397090183936,0.11339317125632624
2019-04-01,0.12068894521849365,0.1367396828900174,0.12164703411514691,0.12054214017964145,0.13133734889894927,0.1268718612378166,0.1303171626713528,0.11185568725408405
2019-04-02,0.12005084567854975,0.13850047611052968,0.12227498017816232,0.1192362206144682,0.13077685545456963,0.12720149622644505,0.1305846068447598,0.11137438161798317
2019-04-03,0.12020073032450537,0.1453355110646102,0.12065230187174987,0.1157710383676153,0.13149403024879538,0.12727064102973765,0.13018935527971665,0.10908625903199881
2019-04-04,0.12103332192752,0.14604125038632637,0.12133790063945969,0.11521398279023427,0.13146366022263578,0.1246456698070146,0.13025768692563147,0.11000639419619523
2019-04-05,0.1210405383194723,0.14407781871259148,0.12198413382558004,0.11495782657187666,0.13299631714800933,0.12467416742423863,0.13083735044481695,0.10943171573950429
2019-04-08,0.12100226712964432,0.14219226941424504,0.12360421249035825,0.11531860056158483,0.13225345911581415,0.12377159114957313,0.1317387814228453,0.11011868657520639
2019-04-09,0.12064883200512855,0.13829862274167146,0.12468189729937694,0.11707504579266786,0.13255214728319806,0.12261525360224039,0.1324290103578936,0.11169905630908626
2019-04-10,0.12015692991731147,0.14018412051771945,0.12261006008633281,0.1177094215704561,0.13177327801636982,0.12296414828923179,0.1333602727236776,0.11124163532760403
2019-04-11,0.12103906235274998,0.14001420262415654,0.1214837111701551,0.11846343345554258,0.13212758775270686,0.12331269858977212,0.13300144164850913,0.11055772882499759
2019-04-12,0.12142345592448607,0.13905948083805797,0.12338231187272378,0.12029349119378915,0.13283988443284336,0.12142761304499222,0.13075709475359892,0.11081653555477934
2019-04-15,0.12190454201570468,0.13790185748015654,0.12285125266111525,0.12132028315696237,0.13336206367011255,0.1221529197303488,0.1284431360413147,0.11206381146373444
2019-04-16,0.12275814777815454,0.13863770838005482,0.12313953150416361,0.12013963327236002,0.1324250604937214,0.12286760557889903,0.12875571979128406,0.1112764615962004
2019-04-17,0.12273231528721544,0.13589650902995176,0.1224801803833176,0.12041168021366347,0.1330160491996988,0.12348203534736554,0.12760320018533916,0.11437789928563372
2019-04-18,0.12246671309280469,0.13635327557697427,0.12357870574779745,0.11927211740560022,0.13152060943097568,0.12375951701074471,0.12648109443490085,0.11656783669454819
2019-04-22,0.1218311624804929,0.13860047021268374,0.1231468763241708,0.11773365801706004,0.13161946978737454,0.1235670934234009,0.1277554299107748,0.11574570944145643
2019-04-23,0.1220304473171037,0.137666871767059,0.12310379515405506,0.11805797325787475,0.1314176505856789,0.12186124617172245,0.12933998950236103,0.11652189574745953
2019-04-24,0.12313832263702912,0.13934740446107075,0.1225327913466919,0.11695433180680297,0.1311746104967567,0.12196203192406575,0.129002235237921,0.1158881422741783
2019-04-25,0.12360167636933071,0.13597061723446144,0.12350068646117385,0.11648318823867147,0.1381937785880606,0.12165174212060154,0.1266306586186578,0.11396752203574335
2019-04-26,0.12482743553310449,0.13776041933688618,0.12619513122951442,0.11655576522782744,0.13979535321240305,0.12042124650700842,0.12127873787569261,0.11316578007065638
2019-04-29,0.12381691498515793,0.13700238719567565,0.12588007196673454,0.11757831764120291,0.1397969234629596,0.12060902447033858,0.12228458404023296,0.11303164505768651
2019-04-30,0.12276525143236301,0.13606724358218414,0.1267552509686466,0.1191549526486429,0.14002853929104014,0.11990334766562595,0.12284706286631777,0.11247822097764335
2019-05-01,0.12211387809781973,0.13341746945000135,0.12659767880286005,0.12059707941079817,0.13913398306352762,0.1207033521706401,0.12377538927312771,0.11366103779064585
2019-05-02,0.12130973431250007,0.1388312959156108,0.1245647474387313,0.11777699879183184,0.13914298757708146,0.12090531514600834,0.12389952829413614,0.11356926241223284
2019-05-03,0.1213649863364895,0.137731410603817,0.12553878691722725,0.11709294922174178,0.1390118896304243,0.1224205001655984,0.12310175417835988,0.11373759354508635
2019-05-06,0.12144706269973,0.13655786062094066,0.12594594779034926,0.11791559478349176,0.13963677710517336,0.12145911816767638,0.12344492427575143,0.11359258251499282
2019-05-07,0.12141102543826769,0.13607944533295876,0.12626392331316172,0.11919201334052215,0.139895691911099,0.11895855216134435,0.12177773517169974,0.11642147800069749
2019-05-08,0.12023038014004098,0.13847742705390367,0.12691566542146432,0.11785217701157623,0.13994008372797917,0.11762414310125097,0.12252732375728094,0.11643266425742958
2019-05-09,0.11939682238419984,0.1402858174589743,0.12645547801684726,0.11912719728465959,0.14037907703174077,0.1172021371645005,0.12092961203494967,0.1162237219306691
2019-05-10,0.11902931160813611,0.1442019574378636,0.12633987848755213,0.119128812860831,0.13991111409810517,0.11625705757838128,0.11999722430065375,0.11513450688818701
2019-05-13,0.11967036412419946,0.1420119953213711,0.12704000018669204,0.12065853823809289,0.13969598043115897,0.11710888271977793,0.1181862255488072,0.11562786993921972
2019-05-14,0.11899661096826399,0.14364388644961495,0.12834547594162554,0.12066458609185497,0.1386992350385589,0.11721125695406308,0.1174200345494244,0.1150187746046117
2019-05-15,0.12238444410663005,0.1437847201981215,0.12892451046108594,0.12058317438388014,0.13969892302736223,0.11591831796486873,0.11465958835329167,0.11404618328155128
2019-05-16,0.12334066768136026,0.14660215708042515,0.13040693348081003,0.118242603785864,0.13951785452580667,0.1130425430881844,0.11555164101657024,0.11329546057284745
2019-05-17,0.12812045087288243,0.1458691877329161,0.1315467160120755,0.11685047217319254,0.14117669871987662,0.11072504713837439,0.11443053332598287,0.11128075338971666
2019-05-20,0.12681699950714692,0.14823812651075619,0.1304501602186304,0.11509342011566714,0.13988932552778385,0.1113500525975802,0.11620268953387647,0.11195907867708273
2019-05-21,0.12714682448007641,0.14895966647863976,0.13006912844706156,0.11395448274337955,0.1395456277959887,0.11236690745661149,0.11639240362295782,0.11156481457307202
2019-05-22,0.12682851792264585,0.151009052166339,0.13006245869442884,0.11271134575314609,0.14135973411350408,0.11076130437092309,0.11556386618597857,0.11170357472457733
2019-05-23,0.1279520949933171,0.14852837380748318,0.13238951851538344,0.11136636830473717,0.14323963228812056,0.11031306256169018,0.11440345771199324,0.11180734242556331
2019-05-24,0.1274041746590786,0.14999363199457869,0.13271762807556667,0.11033566624571539,0.14145438873235083,0.11165535847132355,0.11348588997176236,0.11295311144061304
2019-05-28,0.12524994285649987,0.16404858815359125,0.13294078113295932,0.10920598338076495,0.13850247678115873,0.10768106844230484,0.11155187876112393,0.11081913076847841
2019-05-29,0.12745063405479728,0.15993858426556581,0.1323342550342796,0.10995293021032038,0.13861714380168177,0.10972475696668238,0.11012765547618966,0.11185388922974893
2019-05-30,0.12816860510120878,0.158961642266085,0.13273711020336196,0.11059260598383783,0.1388582005915431,0.10938645866700114,0.1088520163363433,0.11244321049082345
2019-05-31,0.1270056243976642,0.1582552458117141,0.133826961099774,0.11040663704472518,0.13819444746073756,0.1089906203362465,0.10791180014716827,0.11540851062439461
2019-06-03,0.12732540798253503,0.1592671450369304,0.1330908770809807,0.11110346843672848,0.1364950839905719,0.10927883781607022,0.10659384092787315,0.11684518562152818
2019-06-04,0.12696381647733013,0.16336523248164864,0.12969798348129305,0.11154912662104306,0.1366360293044061,0.11030390922536162,0.10900670934084099,0.11247704659061374
2019-06-05,0.12833276080216882,0.1640458301000928,0.12982082001514111,0.1122881345379259,0.13897920536309352,0.10732430514346608,0.10840084054010914,0.1108079560612785
2019-06-06,0.12758926245657684,0.1725633523200642,0.12885058844636307,0.11241992699323301,0.1372608018674045,0.10507356073913288,0.10758599335715613,0.10865637003596035
2019-06-07,0.12640399001628097,0.17358484502357618,0.12980206979223174,0.11187331041310114,0.1370575125671442,0.10538367661147159,0.1075238067804973,0.10837064679343225
2019-06-10,0.12838246293819291,0.17393242361950173,0.1279105537130123,0.11145516959011105,0.1371646117977013,0.10586745338031787,0.10719654731614653,0.10809063886954635
2019-06-11,0.12991155635552548,0.16926749626902304,0.1288139061102411,0.11250798123086338,0.13675519104339054,0.10533241034872881,0.1086327228000028,0.10877859737179665
2019-06-12,0.1269154318700918,0.17309206725555026,0.1304912705307608,0.11433957549419502,0.133398974976344,0.10262843025158191,0.10850442304125103,0.1106296839690317
2019-06-13,0.12727842292818745,0.16871583850329047,0.1311285680976605,0.11502149658333422,0.13352840841173752,0.10385807990364167,0.1099505608109966,0.11051848225715603
2019-06-14,0.129769497589732,0.16806831256589302,0.13102424962932488,0.11187109644537192,0.13494125748406313,0.10466215671893328,0.11047939639294112,0.1091838864006102
2019-06-17,0.12935515863869118,0.1640349477036349,0.13131209627251858,0.11354097337000321,0.13361226025380607,0.10546049491570074,0.11241396740020826,0.110269952503837
2019-06-18,0.12940475475210025,0.16380201830963126,0.12911112006571765,0.11366353547076376,0.13382685656508744,0.10677974615268533,0.11347273363202984,0.10993909242738605
2019-06-19,0.12975931399692525,0.16366947533628637,0.13018417332738724,0.11315705121713616,0.1342244204687135,0.10543117806985601,0.1133727323582539,0.11020151294986832
2019-06-20,0.13057464925751738,0.15950169839905692,0.1321113873020841,0.1127061841879876,0.13480355014254072,0.10507014099561457,0.1130084351235246,0.11222381367518747
2019-06-21,0.1313048166606936,0.15643501505658666,0.13402740574371005,0.11300196447670366,0.13565680489268953,0.10347181205671445,0.1125659849151453,0.11353605366868165
2019-06-24,0.12902565883215428,0.1568653005153925,0.1340113852128366,0.11483606365914471,0.13398524444020746,0.10300280927279212,0.11292409699322507,0.11534929893465863
2019-06-25,0.13008499877707022,0.15729173025174523,0.13371218701688867,0.11561941018361026,0.13211626951055724,0.10310529850075814,0.11391310644484985,0.11415685481312286
2019-06-26,0.12977799387472286,0.15671125882181425,0.13195306044917463,0.11309277987367043,0.13090822445160927,0.11230496812530967,0.11509439158394177,0.11015718395210199
2019-06-27,0.13039275521030888,0.15775089085044566,0.1296647051855289,0.11248736217700889,0.13169307289825638,0.11309414525154121,0.11557845968549682,0.10933847268141725
2019-06-28,0.13054488118548402,0.1552695635911731,0.1310327176677419,0.11291020165989109,0.13240611487738035,0.1142103877697404,0.11585182373627737,0.10777417396090734
2019-07-01,0.1288866192528334,0.1548321149984203,0.1314938508359998,0.11435218384273249,0.130915342905309,0.1152254695550542,0.11378048487456062,0.11051380216143643
2019-07-02,0.1277302486440512,0.1571487307393999,0.132949361623769,0.11397715158245525,0.12982583461057182,0.11531463905266105,0.11260038830417048,0.11045351207163219
2019-07-03,0.1286820410399652,0.15803100133119435,0.13354165370994653,0.11074255100045054,0.12913629129472906,0.11611857470871755,0.11377762898662191,0.10997012359330555
2019-07-05,0.12772063964923508,0.16089450572045116,0.13205465022401558,0.11076571100537866,0.1293231767492343,0.11655653509998887,0.1129232701600924,0.10976137596837847
2019-07-08,0.12685850724082856,0.164530728288839,0.1316745030044556,0.1083264244503906,0.12843109982844073,0.12012482815302308,0.11138929948294295,0.10866447340128381
2019-07-09,0.1269088968736064,0.16828441230020355,0.12928043965602737,0.10730986266640376,0.12813854370329636,0.12151368892980596,0.11018578458189057,0.10837823669565524
2019-07-10,0.1270312347545025,0.16881913040797775,0.12816469665788718,0.10521705254162936,0.12689623389205484,0.12407384064734546,0.11033801118916454,0.10945966744602292
2019-07-11,0.1278725143618022,0.16420953673404007,0.12779748503255325,0.10519846369152297,0.12661569327042588,0.12501854242285917,0.11395790653590572,0.1093297262593127
2019-07-12,0.1292096303216351,0.1622714347651592,0.12538147498442084,0.10698487553168767,0.12883397169576805,0.12589838214532703,0.11300091921385208,0.10841918179266054
2019-07-15,0.12762547629960613,0.16680189804088186,0.12361081269290258,0.10729611105455579,0.1288966496576265,0.12466403140220093,0.11194264924827022,0.10916224300681482
2019-07-16,0.1284178990624987,0.16617157161619145,0.12404324006065172,0.10701030022998093,0.12846822039870834,0.12236618233371789,0.11316999431617066,0.11035246182716688
2019-07-17,0.12760439931606746,0.16315476607992085,0.1302807427803221,0.10620320013894448,0.12835311783746012,0.12190997281209327,0.1137042914587006,0.10878938083367623
2019-07-18,0.130125238118732,0.156791883263957,0.13273533330234985,0.10563026897425758,0.12985466166822202,0.12286123750044153,0.11156478445780506,0.11043646674278457
2019-07-19,0.12941210629175703,0.15477393273287288,0.1312238218460176,0.10592273820907502,0.1302729492664839,0.12545053517474744,0.11064580275841508,0.11229798749621676
2019-07-22,0.13352509671351515,0.15207514062376068,0.12995208893738483,0.10518289335174398,0.13225500512120145,0.1264626290661229,0.10943084846102369,0.11111617498545985
2019-07-23,0.13296983272139004,0.1534855371332709,0.13004619891232727,0.10575761204527735,0.13254195282302678,0.12455960352894219,0.11107954786608368,0.10955959345890912
2019-07-24,0.13339773097725047,0.15349136309270459,0.12982267981993617,0.10487149554417537,0.13461713135370018,0.12500929858010332,0.1109272938852925,0.10786288744017138
2019-07-25,0.13249732320035332,0.1543974975247113,0.13002910139955842,0.10568004185008818,0.13324265741767866,0.12680656873464918,0.10969957762752791,0.10764711066612757
2019-07-26,0.13202915508007906,0.15569633079157905,0.13022523698085273,0.10565875442287295,0.13298118061124053,0.12581591823500177,0.11055150913162504,0.10704179340603197
2019-07-29,0.13224432566739097,0.15368670005847251,0.1306855405924242,0.10626594864473315,0.13342620164044494,0.12441466148015805,0.11072634379800707,0.10855015641199162
2019-07-30,0.13239337882251526,0.15546814643260784,0.12919013049876957,0.10549221314587613,0.13373505919233805,0.12610821976853964,0.11111901834558739,0.10649371209428368
2019-07-31,0.13417602457053476,0.14555395607321467,0.1312781763939047,0.10634818603674531,0.1374834140103076,0.12421546037380654,0.11127874587297377,0.10966590993274514
2019-08-01,0.13410204241469245,0.14530382483400586,0.13282029606239643,0.10652714404008232,0.1380469181431202,0.1228182953066608,0.1107310482110744,0.10965030197013922
2019-08-02,0.13300621307383304,0.14483851247737037,0.13335593398310822,0.10513047010296404,0.13843514080228264,0.1255385606302113,0.10941908724179315,0.11027595124905425
2019-08-05,0.13340769205836017,0.14447045380454976,0.13495820782730172,0.10599121681109595,0.13772192613208298,0.1253123455966545,0.10738844625889188,0.11074957466300611
2019-08-06,0.1338164307021314,0.14661154298894294,0.1345578938910452,0.10384406562480498,0.13624314314118086,0.12533563591731248,0.10678817872943208,0.11280297431546978
2019-08-07,0.13422863497396262,0.14762950658489785,0.13446535660110676,0.10478366546578441,0.1369699817396211,0.12223201136049622,0.10738863236482776,0.11230207681770772
2019-08-08,0.1321678479448216,0.16475318104145684,0.13172888351454815,0.10097773499227863,0.13492377139244624,0.11986229963862564,0.10606155657446,0.10952459612371694
2019-08-09,0.13186326833059103,0.16817676708876284,0.13095489836063268,0.10405460938646302,0.13246221486795945,0.11822617425903158,0.10464146708260573,0.10962047020839384
2019-08-12,0.1315370382351247,0.16148812095504997,0.1316257509342925,0.10530434068280359,0.1347765971997426,0.12144356274602876,0.10405711795942564,0.10976733926254872
2019-08-13,0.13251937894462731,0.1557258406553684,0.1310334290093238,0.10555772259291882,0.13753461489513108,0.12400439331833696,0.10442224340688447,0.10920224859461357
2019-08-14,0.1344494868774942,0.15309316483866311,0.13024445840386267,0.10547517192826603,0.13855209189240214,0.12320436980919369,0.10482787100824763,0.11015325101591289
2019-08-15,0.1358620803819068,0.1503372970677954,0.13106899507707076,0.10443119748522264,0.13897221261387324,0.12389748063940591,0.1040095812956759,0.1114210210970881
2019-08-16,0.13073381459827874,0.15375291723181603,0.12937252859113887,0.10357605492036026,0.1394480751496763,0.12431536288301058,0.10856258198670324,0.11023853389863596
2019-08-19,0.12935418250672415,0.15206146459245615,0.12842087813244152,0.10331336155093221,0.13855771594407856,0.12585857217096363,0.11382303933118337,0.10861065770135733
2019-08-20,0.12953719539595623,0.1497768507884425,0.1290198276146828,0.1048734161568273,0.13898518654001504,0.12483310979440201,0.11292902358900672,0.11004526085416826
2019-08-21,0.12856052584947716,0.15237417544837886,0.12858580042107706,0.10602307943029887,0.13783927869379392,0.12290478674684718,0.11356402326749472,0.11014820270004212
2019-08-22,0.1287436462429044,0.15290097762528712,0.12717566668576122,0.10576672757188989,0.13908097911461317,0.1242490530804656,0.11340755753847674,0.10867526505917627
2019-08-23,0.12944031824474114,0.14838146663702498,0.1303293995977639,0.10487113029745217,0.13877894147516626,0.12491733909960234,0.11258253109155666,0.11069874037895008
2019-08-26,0.12898730469975972,0.14993790811613011,0.13060814115142336,0.10531506782785259,0.1374561224777156,0.12449008304902665,0.1130397591717575,0.11016548222044227
2019-08-27,0.12969454495404195,0.15069210592435556,0.13166201389728308,0.10549352649858842,0.13743339767044616,0.12258809270007098,0.11139636988024636,0.11103981617917216
2019-08-28,0.1294841846939177,0.15203421650399634,0.1313544153667957,0.10461322822383168,0.13843497642377178,0.12337947848791711,0.10998415999449984,0.11071520934631258
2019-08-29,0.1301516644860647,0.15149071813990983,0.1304654901371356,0.10472000646359382,0.13791029746719996,0.1245577093197407,0.11110161958715402,0.10960236668833313
2019-08-30,0.13103044515488624,0.15025861700910342,0.13109453288516695,0.10360068564188413,0.13866603680098405,0.12520410348461952,0.11053457160203496,0.10961088074914767
2019-09-03,0.13150791743722423,0.1494448253192898,0.1311612961458103,0.10168633478099903,0.14199012454450977,0.12595859112830649,0.10966165829507574,0.10858912412018452
2019-09-04,0.13267007838831651,0.14521429143631273,0.13143526656448692,0.10187703294338656,0.14334976399857408,0.12713839657361817,0.10935957856014598,0.10895546713779164
2019-09-05,0.1306598225538874,0.1431271294255395,0.13278399281080214,0.10144826216295467,0.14204238826615212,0.12896226107566852,0.11279623873543887,0.10817978450094633
2019-09-06,0.13068870033762955,0.13957973123379747,0.13430365662931504,0.10228888754137883,0.1435257953358115,0.12947575235752914,0.1126965335693186,0.10744082189874278
2019-09-09,0.13130262261840892,0.13841297978290837,0.13499244409951128,0.1018770985019438,0.14412020030822797,0.12906637981675687,0.11313389626851811,0.10709425828326773
2019-09-10,0.1297784205612205,0.13686490630749476,0.1348645745847037,0.10227302935284045,0.14477987918928686,0.12944411531152608,0.11454353489697289,0.10745141975858871
2019-09-11,0.1320261034957033,0.13342845693170458,0.1355276665447641,0.10250775317700847,0.14465331357502428,0.13101596225696974,0.11414323573842937,0.10669738940881836
2019-09-12,0.13083779103554108,0.13503885106290286,0.13599628766105804,0.1030809666751999,0.14474853412876884,0.1305186079562662,0.11376303599673256,0.10601580696929601
2019-09-13,0.13098486526081415,0.13707121163690036,0.13707314956411176,0.0994802087233201,0.14505387215879448,0.13056599452078665,0.11223184786096276,0.10753873185791102
2019-09-16,0.13057499682749477,0.13842477043084825,0.13625960058993045,0.0994345420027889,0.14543727231032147,0.1303468620549586,0.111752626984285,0.10776920975666905
2019-09-17,0.13034313387268406,0.13813650951484996,0.13631223589203903,0.09877329644295672,0.1455158734926271,0.13118428987337463,0.11147360359359773,0.10826093913639774
2019-09-18,0.13274247535201575,0.13573238899490356,0.1373790511140028,0.09849968795180378,0.1461915437353048,0.13038659975046776,0.11091420401015523,0.10815393079079307
2019-09-19,0.13227436432311593,0.13574417851225287,0.1378701368926017,0.09992813203051858,0.14634982133159818,0.1292453499433582,0.10951825697126724,0.10906964117669006
2019-09-20,0.13229886252419726,0.13659656331614548,0.13771480794917487,0.10004593377120856,0.1474735624737268,0.12935896735803218,0.10841793070082655,0.10809325138705521
2019-09-23,0.1328447084633301,0.13769159913284987,0.13763576904088784,0.09932353703005824,0.14760865623716082,0.12902971557145826,0.10851706620007434,0.1073488291777091
2019-09-24,0.1332297655695986,0.13460334031987178,0.13847893135455602,0.09966763823063994,0.14827650640698464,0.12804427051403988,0.1086532244482542,0.1090462022628278
2019-09-25,0.13358389134204302,0.1330500259226272,0.13742111113105657,0.09617005031129802,0.15003056097538192,0.12898399518668172,0.11087251435107721,0.10988773136261541
2019-09-26,0.13382692269311808,0.13241519801077525,0.1373727402037808,0.09633511759583455,0.15043142416291916,0.12641056217827504,0.11005324957566262,0.11315466644989237
2019-09-27,0.13232597799056126,0.13461940032471154,0.14080489165287838,0.09949102920138522,0.148689570887677,0.11724567882480073,0.1111946464706817,0.11562868037174666
2019-09-30,0.1322164966736624,0.13449369132404446,0.14205661357932248,0.09916564091642777,0.148568657149513,0.11507840147107519,0.11153628875356839,0.11688408712924714
2019-10-01,0.13294917282716373,0.13384416727865828,0.14076304018544558,0.09903635836504456,0.14856917862514274,0.11395679970929028,0.11184029470151664,0.11904086491970026
2019-10-02,0.13321489844245452,0.13350797322124,0.13967676128155423,0.09861249851581372,0.14898991476438853,0.11460384438623446,0.11270738661051818,0.11868659774330403
2019-10-03,0.13132482434665504,0.13285039318988864,0.1395137725516662,0.09842459719405698,0.1470173885566035,0.11653670757053668,0.11599624351919492,0.11833595025787608
2019-10-04,0.13260737822712407,0.13238444251431702,0.13839361438547187,0.09943697530951069,0.14750366401036705,0.11768638679172957,0.11469055008331518,0.1172968676875417
2019-10-07,0.13214334787318982,0.13215482796282793,0.1393126386128109,0.09764677119018574,0.1469397178673095,0.1167758533820339,0.11629719551056006,0.11872952648631772
2019-10-08,0.13171181888233086,0.13202899860100378,0.13955280453021407,0.09789062098679012,0.14756252886316243,0.11544229927937394,0.11448122335245278,0.12132958150488139
2019-10-09,0.1335162130896012,0.13086756482725084,0.13958211357705005,0.09724937313250138,0.14854225302381838,0.11414090100573601,0.11476724225572632,0.12133421717261678
2019-10-10,0.1329508107317254,0.12951401928786327,0.14146409458901618,0.09697415724960616,0.14836246994241203,0.11433545789926808,0.11536265641355964,0.12103621289169603
2019-10-11,0.1316285687574864,0.1324937781964693,0.14272595938538454,0.09686436868637277,0.1463108116154802,0.11627181546994869,0.11440282742534243,0.11930175238496657
2019-10-14,0.13138759753861587,0.13522217621418053,0.14283884133107508,0.09659054075041554,0.14501159055963847,0.11501903252034716,0.11410596067185799,0.11982414298264192
2019-10-15,0.1306659242166307,0.13283560683599066,0.14259465907537164,0.09719826685210284,0.14502840964608613,0.11629520259021416,0.11727544645469702,0.11810636968372791
2019-10-16,0.12993701949213327,0.13595034645924545,0.1384032932012795,0.09855817461415813,0.14353815075416715,0.11535380815437767,0.11835830866815521,0.11990078166584245
2019-10-17,0.1309164258946188,0.1369021558307747,0.1375105444304315,0.09851982532167244,0.14382763590010184,0.11579568757713847,0.1179724753094726,0.11855513317454375
2019-10-18,0.13140652004494469,0.1378809776409007,0.1396161378701334,0.09883816152297038,0.14417053454239595,0.1120320074341215,0.11713154888998638,0.1189239940155116
2019-10-21,0.13070848136993754,0.13925586864653433,0.13956251571520664,0.09747617287021401,0.14365699003119706,0.11380896094496445,0.1176991728162549,0.11783172233495182
2019-10-22,0.13032658964309574,0.13832919034135366,0.1381402900451432,0.09770825419950005,0.142896468624064,0.11349415392898023,0.11860280776978038,0.12050212905479853
2019-10-23,0.12770305526938336,0.13877038110878195,0.14053641971272465,0.09604242589299307,0.14297714217170737,0.11440072626410852,0.11923240054892328,0.12033733170836375
2019-10-24,0.13295241869014163,0.1340858280034423,0.13805988666567076,0.09239838884807265,0.15557236053110807,0.11525506539279404,0.11493329223149963,0.11674264756137934
2019-10-25,0.1322106226587605,0.13589528312147084,0.13518623434165988,0.09322674356732326,0.15546143420501923,0.11551165020752954,0.11736554850640818,0.11514237324136126
2019-10-28,0.13266573099241769,0.13741518492604313,0.13398876907563068,0.09207361613078968,0.1589574667927365,0.114964240647897,0.11649353154456117,0.11344135174746856
2019-10-29,0.1311629477783385,0.1366277889853218,0.13490917381139683,0.09228955985260526,0.15847639370094263,0.11520070880813123,0.11592947066223194,0.11540384672973554
2019-10-30,0.13017317825724428,0.1367709629554478,0.13517718408586182,0.09277224249043808,0.15877567713291554,0.11442368911305863,0.11574629874145796,0.1161606577687414
2019-10-31,0.12873781449833446,0.1409544981847963,0.13414292738084108,0.09419517147681562,0.15602099280168405,0.11434966592471521,0.11533813885395426,0.11626068073568953
2019-11-01,0.1289330019592187,0.1420214238492673,0.13576936587734953,0.09347549964626768,0.15694892281135525,0.11400085471850083,0.11389628024604441,0.11495454296865207
2019-11-04,0.1268981774400569,0.14465853124551734,0.1348059151759937,0.09413372082440953,0.1536075691688314,0.11443018383810517,0.11589041168719784,0.1155753849333759
2019-11-05,0.12730260708179303,0.14419755420108366,0.13421528890947665,0.09698908855550618,0.15362815772170182,0.11240600808868365,0.11547820825985847,0.11578298142417948
2019-11-06,0.12810764491816437,0.14438134174354159,0.13368695101839417,0.09743355321460938,0.1534072467302128,0.11091223531185249,0.11523449834697748,0.11683642217535141
2019-11-07,0.12812005945440674,0.14548915180277666,0.1328720227230784,0.09679307548063207,0.1523151063643527,0.11235646564900209,0.11539172566363783,0.11666228653945147
2019-11-08,0.12899096089493162,0.14628314509571325,0.1333807118738684,0.09781569054967697,0.1523053922604114,0.11011504058593431,0.11567766908215145,0.11543128278386883
2019-11-11,0.1305888352598834,0.14671055531398847,0.13341160240492567,0.09784096732445095,0.15187120033549206,0.10820067964053658,0.11617501018193133,0.11520104241212552
2019-11-12,0.12978922537368662,0.14786269524186632,0.13342804266481317,0.09840186223081582,0.15069840181739097,0.10935446061006268,0.11660702281550259,0.11385818245434917
2019-11-13,0.13055894455742034,0.15015850514185133,0.1337288620939299,0.09719601934080119,0.15109306719961715,0.1072648496349265,0.11528625750363784,0.11471338841945758
2019-11-14,0.12969659752341323,0.1528948102087374,0.13312500677440656,0.09537445260954104,0.15196967208472467,0.1080096452637601,0.11551826213186349,0.11341144769992727
2019-11-15,0.13829916541035206,0.15045739140540573,0.1328203947435701,0.09453319588517267,0.1533768564574089,0.10776437993956793,0.11003970977849815,0.11270880292800314
2019-11-18,0.13772384671053953,0.15423985405874704,0.13093449124613163,0.09315108930169308,0.15150322151171505,0.10706324095840133,0.1133937371481556,0.11199041652210821
2019-11-19,0.13516804705416383,0.1603559818864822,0.13055489209055451,0.09553131457636567,0.14893553649457628,0.1047198751875183,0.1115632657052191,0.11317098403700404
2019-11-20,0.13400131454360614,0.16063496903739669,0.13047083724439595,0.09459135296022941,0.14889471202450125,0.10340381344822025,0.11432983939268429,0.11367305742142825
2019-11-21,0.1293762269345266,0.15807162070231512,0.13222087646212446,0.09762936671897089,0.14626183233576576,0.10546654304697822,0.11610927740141452,0.11486415035064262
2019-11-22,0.12867686639107226,0.15713732382458379,0.13227909115623074,0.09786698359205388,0.1457036240154201,0.10657753164373439,0.11690742817566464,0.11485104478447264
2019-11-25,0.1304796127608176,0.1554413633460251,0.13113094653163776,0.09667517450120547,0.1456182037275643,0.10746285506578675,0.11935368551397309,0.11383805497794243
2019-11-26,0.13014350690798934,0.15379742357275802,0.13256248962736009,0.09659223089279899,0.14733499691170154,0.10668122905620735,0.11822083235725224,0.11466718609160562
2019-11-27,0.13055520281182936,0.15401964900007495,0.13134410727991505,0.0963575204451242,0.1467227579398106,0.10895461137856097,0.11788619173108085,0.11415985579632361
2019-11-29,0.13088345597494477,0.15442137985613144,0.1321412693221664,0.09656941862657892,0.1458360770640575,0.10848009379088998,0.118160850192223,0.11350735059553604
2019-12-02,0.13045430702248018,0.1554863674299531,0.13199560709622227,0.09658337336966508,0.14627029418938,0.10780987865985961,0.11610987315358767,0.11529019263825091
2019-12-03,0.12873815030994323,0.15790187543209067,0.13308351717515016,0.09633514041592593,0.14502490528335554,0.10628049378651454,0.1165062910396485,0.11612951893559323
2019-12-04,0.12847350101839067,0.158627589791756,0.1334683292235793,0.09584185794358897,0.1455771798912577,0.10711935989547396,0.115684367702766,0.11520770856875037
2019-12-05,0.12717487425942206,0.15744898292328643,0.1347178632104141,0.09575013777093334,0.14582463182832855,0.1072474716526661,0.11465421661769078,0.11718171637431553
2019-12-06,0.12697862880381144,0.1551342930394011,0.13573264690824408,0.09579169051197378,0.14637834888840764,0.1086126798096445,0.11479593204926987,0.11657567620146814
2019-12-09,0.1282433740977857,0.1539119841319774,0.1358267524053068,0.09623461184495638,0.14682834240657539,0.10630730843635862,0.11593933402324318,0.1167081878322596
2019-12-10,0.12731551216290798,0.15474548203772573,0.13556870121645986,0.09571120058405996,0.14687213797197132,0.10779490750148114,0.11604149055193494,0.11595046394705653
2019-12-11,0.12993560293488518,0.15157184911087837,0.1350311448840239,0.09506259113503068,0.14717614392343453,0.10950529470758619,0.11535856374248313,0.1163587077461771
2019-12-12,0.12812631843768585,0.15774889360653957,0.13170632803490712,0.09400609255455189,0.14674663692864226,0.10928554311231943,0.11471001164851918,0.11767007747464472
2019-12-13,0.12842139811054434,0.15401661166940617,0.13431791466928072,0.09140611530876093,0.1468560531338499,0.11093204920748621,0.115873770904156,0.11817598776258313
2019-12-16,0.12677593154788386,0.15624211992579123,0.1338045424192431,0.09230184383229283,0.14593759677114196,0.11306235579236164,0.11480886756542252,0.11706664433046682
2019-12-17,0.12716965612297856,0.15612054940433773,0.13323249405286577,0.09151367925012421,0.14760247150865352,0.11199175137523999,0.11517723764609906,0.1171920638602155
2019-12-18,0.12676932951031308,0.1549640719619387,0.13249956204829674,0.09287753993961595,0.14683694705077605,0.1124821198640548,0.1162120468062131,0.1173582856888442
2019-12-19,0.12626096783642357,0.1555294909777266,0.13118457473392128,0.09112384247203831,0.14821221297241044,0.1146276699934769,0.11817913022977569,0.1148820145062071
2019-12-20,0.1270409489112226,0.15833804938618096,0.13034629223405617,0.08947683359137718,0.14843359295688768,0.11430892669612791,0.11865420284091678,0.11340105829712499
2019-12-23,0.1250401223657813,0.16238627732720745,0.1309543875819134,0.0892682066118949,0.14637051733216772,0.11455630858406708,0.11790966973501403,0.11351441575488488
2019-12-24,0.12545904277835,0.16566194761742425,0.12996256724676894,0.08922563903117016,0.1458727984945368,0.1141963662346378,0.11739836723206962,0.11222317698962861
2019-12-26,0.12498843266992674,0.1658721446345794,0.13049722703150385,0.08846533861103609,0.14599376324240834,0.11348219996142296,0.11760071265893009,0.11310008687741652
2019-12-27,0.125418538704615,0.1652139420475013,0.13139213759646537,0.08856721405712861,0.1462240566558703,0.11189665582925493,0.11712827198551586,0.11415908826973473
2019-12-30,0.1262160654666466,0.16453384996839548,0.1319520346589843,0.08861362749967563,0.14715001513900272,0.11133600320845863,0.11606424200400348,0.11413406622174212
2019-12-31,0.12572047086709442,0.16481436020788126,0.1316641568637027,0.08882615827989318,0.1462380726254107,0.11188480871014438,0.11688043260574334,0.11397144455536075
2020-01-02,0.12424805822783992,0.1711394740054897,0.1306683978902666,0.08788517149880944,0.14449295711198026,0.11176077367234921,0.11557820027555553,0.11422687490510532
2020-01-03,0.12438064717810753,0.1723202451172944,0.13078151628407053,0.08712800382858721,0.14540775357292618,0.11192442067459679,0.11569103711369914,0.11236628222320987
2020-01-06,0.12293925113354782,0.1733250618743016,0.13106407740560957,0.08788470477083611,0.14414883744510326,0.1110751159684352,0.11736075717254234,0.11220209926360336
2020-01-07,0.12392900848051266,0.16932384851974655,0.12980453267487999,0.08580856884837551,0.14467269930137958,0.11837368173595884,0.11637621878165644,0.11171134861457584
2020-01-08,0.12384089303806907,0.16783954657987235,0.13114316165973236,0.08473291296049301,0.14648523905330657,0.11684284527895171,0.11658727738806628,0.11252803100435964
2020-01-09,0.12404720545833027,0.17104293233969284,0.13031439107377346,0.08366246662017576,0.1448142605480393,0.11587635327397822,0.11732103177676158,0.11292126630359264
2020-01-10,0.12442541954262125,0.17013436127888532,0.1295013132016998,0.08265541914303334,0.1446727732536967,0.11586651551925622,0.11927057385444924,0.1134735305628018
2020-01-13,0.12330351613696265,0.1696918247198278,0.12989864636607718,0.08199317872109144,0.14400869337876382,0.11576189970950444,0.12123032487364403,0.11411182380537233
2020-01-14,0.12417811264926956,0.1675387475484786,0.13016021314680445,0.08376218461398797,0.14545219218092714,0.1157141222220408,0.11877526844570524,0.1144190670543929
2020-01-15,0.12464490480110539,0.1705030740450621,0.13046166746314522,0.08326291458114021,0.14580638001444526,0.114192279862942,0.11920026241546613,0.11192842370473131
2020-01-16,0.1250355732065942,0.1717848895676828,0.12864772226895063,0.0828880224343473,0.14695685620767768,0.11524760454725613,0.11875542139754544,0.11068381885757467
2020-01-17,0.12381475992733909,0.17506944604649446,0.127678819001254,0.08301664565473128,0.14733619117006685,0.11473626336465512,0.11843580002504049,0.10991198367248615
2020-01-21,0.12427212692508667,0.17515475491976581,0.12674413742740115,0.08266865831897349,0.14738616834311288,0.11712421378033362,0.11757953482158451,0.10907031449573378
2020-01-22,0.12488400564246395,0.1754122887048519,0.12508486260558335,0.08348559202591961,0.14777481548555896,0.11682463122484844,0.11790533971918916,0.10862837416294831
2020-01-23,0.12461352003152916,0.1759852875037143,0.12400080351623598,0.08508282011131786,0.14796627131095877,0.11663069867247161,0.11894353899137167,0.10677696962962334
2020-01-24,0.12249485163764703,0.17357817845285836,0.12625273825123354,0.08735868826134026,0.14706350158776393,0.11526890998984335,0.11935142817687684,0.10863161223991917
2020-01-27,0.12138902957213638,0.17669468993500592,0.12623459623498948,0.08669520968109636,0.14665207119803925,0.11505528971505205,0.11908607887188678,0.10819293968936702
2020-01-28,0.12063207079286936,0.17670841140486812,0.12562569047508282,0.0870609738962346,0.14682191845621112,0.11431811623093069,0.11985770566958805,0.10897502035485464
2020-01-29,0.12159063311877785,0.16850323431636482,0.13002395646930592,0.0880736606399082,0.1471912732672086,0.11353705568869524,0.12036615615115984,0.1107139363144043
2020-01-30,0.1215970562278349,0.1717818694772331,0.12833549555113286,0.08681346870173759,0.1523871171357825,0.11218232030914785,0.11964482268675486,0.10725775654238123
2020-01-31,0.12164824256869794,0.17203627757700207,0.12717615658525763,0.08736051144362322,0.15190304000869576,0.11249266647198757,0.1196144391822845,0.1077685691148797
2020-02-03,0.12269033177104136,0.17214015431586405,0.12787826698135635,0.08557612848161472,0.1538695891943609,0.11160153268613729,0.11907674787572954,0.10716715365037378
2020-02-04,0.12454674984092189,0.17055275504047288,0.12776165829461603,0.08405338183331826,0.15618239156354513,0.11080891754199763,0.11780856176715579,0.10828549267403241
2020-02-05,0.12453691848742517,0.16975592881242965,0.12915916737503186,0.08454575923736952,0.1543405696454227,0.11193223612893305,0.11804946208281059,0.10767986792607386
2020-02-06,0.12290193032702104,0.16737975165866328,0.13005098365219622,0.08485437201015686,0.15279285939646148,0.11528140482011932,0.11926134980523251,0.10747725835090374
2020-02-07,0.12204759548734206,0.17161752472293926,0.13028769413892288,0.08508168366285573,0.15147010321101476,0.11362978073296354,0.12000391144834684,0.10586161509886412
2020-02-10,0.1216598550843559,0.17631834306532201,0.12934339744489134,0.08290860351139934,0.15016524371848633,0.11196941849697446,0.12262900292624176,0.10500604630021698
2020-02-11,0.12214228216969177,0.17790776696408248,0.12936488976767607,0.08280279781625599,0.14986923704403685,0.10959166114309764,0.12244132923467581,0.10587994818561303
2020-02-12,0.12197541079452613,0.1754572874519024,0.12794635083315048,0.0826819918383401,0.15161329218203626,0.11170883721516002,0.12264573980547429,0.10597100355656915
2020-02-13,0.12477212594664262,0.17622035216797477,0.12691859071909692,0.08188243476192537,0.1536154910973994,0.11099011692120095,0.12094726021989882,0.10465354248514842
2020-02-14,0.12337564522688656,0.17811536886100915,0.12609561043792172,0.08003425425239778,0.1520560523264022,0.10905435189213526,0.1289852382694765,0.1022833933529708
2020-02-18,0.12190690896022811,0.18513402991217381,0.12455600756651983,0.07909096041691835,0.1473363541165584,0.10879067189862379,0.1333940475396446,0.09979093330880007
2020-02-19,0.12195328059693808,0.18534786522555857,0.1236426901897518,0.07769595808183205,0.14619943970467517,0.10927994297235259,0.13687617858953136,0.0990045612069526
2020-02-20,0.12243069693326847,0.18367600771982814,0.12445838391818621,0.07756864813784814,0.14661200973495567,0.10953845288752485,0.1368424404144688,0.09887327522087332
2020-02-21,0.12316783844009732,0.17760547085134884,0.12627474987345857,0.07938616948980882,0.1469600953060718,0.10997148915861017,0.1354883181494931,0.10114578035098334
2020-02-24,0.12366241940540237,0.17298170233250174,0.1266022359037145,0.08031462716348264,0.14724835945561487,0.11214315841392698,0.1330174250923614,0.1040299788636506
2020-02-25,0.1229648700035714,0.1728610058791517,0.1280225912706992,0.08033861892594969,0.14777325221892115,0.10959504507052918,0.13161548395373485,0.10682903633306409
2020-02-26,0.12355364271567651,0.17064243785241656,0.12736191102618943,0.08034037914501982,0.14831260728718945,0.1089323333326627,0.1329263049002639,0.1079302884725143
2020-02-27,0.12338651247777195,0.16570945589792996,0.12922278861541533,0.08067380927349978,0.14970221854670276,0.11024631305344686,0.13153698719949783,0.10952181510634194
2020-02-28,0.12263240082068759,0.16691805345898877,0.12572183487657557,0.07825388585815295,0.1498681930962687,0.11166770393654728,0.13708118264232966,0.10785664800316495
2020-03-02,0.12260087836323182,0.16823508229270823,0.12615792155515893,0.07900475949158385,0.14815271882359046,0.11201890379757773,0.135516617446674,0.10831302424603592
2020-03-03,0.12176353877538912,0.1705982819592629,0.12843187857230035,0.07827174198337136,0.14801104181112593,0.10942389487756525,0.13418797480945,0.10931155046051966
2020-03-04,0.12010398345336994,0.17297605554170634,0.12888734888915523,0.07706495647048336,0.14711113380585966,0.11048353001093049,0.1358243661760086,0.10754853413078715
2020-03-05,0.12133807576748952,0.17172269159141584,0.12736924608067662,0.07650178768264063,0.14858477944964257,0.11099865380152604,0.1349070522018417,0.10857761878910649
2020-03-06,0.1203011774949631,0.1759410429069719,0.12914614791007972,0.07630689140710052,0.14835249973152737,0.10788567704877111,0.1332250231981162,0.10884144429992304
2020-03-09,0.11910493504113567,0.17215997280718204,0.1299882345101561,0.077085321413588,0.14816766320962846,0.10587883430218994,0.1350545627596373,0.11256037046733593
2020-03-10,0.12119455714587525,0.1703124246784044,0.12997818697859279,0.07716809097146941,0.15019223954004202,0.10397859942777785,0.1355108272591525,0.11166497449381882
2020-03-11,0.11870380755543052,0.17976593174169359,0.128625898699742,0.07567262124497236,0.15143020272733498,0.09955443974115546,0.134083038301456,0.11216395569557137
2020-03-12,0.11581991138155066,0.17421653059220166,0.13310143088496437,0.07641635279987465,0.14782187562028842,0.10033361674393917,0.13360065910365831,0.11868950446691941
2020-03-13,0.1187293357265889,0.1781530489698078,0.12908635675521157,0.07433924205455016,0.14783842184918863,0.10099166993220504,0.1351686385852683,0.1156931785323957
2020-03-16,0.11288349986511499,0.18753405149473146,0.13755539904518063,0.07107368594186902,0.14396542895497402,0.09666908996344474,0.13158820260314108,0.11873051368587406
2020-03-17,0.11571857706573249,0.18791156598494835,0.13238740368692992,0.07001271335540413,0.14317692984982947,0.09709021499386862,0.1348233458583085,0.118879130242687
2020-03-18,0.11345966834814047,0.19705113883029193,0.12283646989035694,0.06613305396679611,0.13608719209121423,0.10115180783959556,0.141289351658702,0.12199118382529768
2020-03-19,0.11193841364082308,0.19291475958860335,0.1283635824549126,0.0736779716304372,0.1314749978766769,0.10177485608138805,0.14269252327776757,0.11716276700158336
2020-03-20,0.10730724906440871,0.19461113845378636,0.1314378891242384,0.0751184754852319,0.12846611584030904,0.10270219828387173,0.13980454688651356,0.12055225659736217
2020-03-23,0.1087703808045234,0.19612036062606827,0.13594097093545593,0.07247881512235722,0.12640193164855817,0.1042876183607647,0.13854077466518389,0.11745902296238704
2020-03-24,0.1081152771537217,0.19255665273677872,0.1342009288027417,0.07050241184656136,0.13451877059253947,0.10435299499971885,0.14356888852624133,0.11218396488524986
2020-03-25,0.10788543666099111,0.18723800453583292,0.13610920262634835,0.07259581773328141,0.13717234836948283,0.10321561821922366,0.14251133887906953,0.11327212174380766
2020-03-26,0.11104846605513748,0.18648510172139385,0.13409269631947507,0.07593568975195597,0.1430906112808265,0.10179372301162444,0.13967141268056588,0.10788219508805799
2020-03-27,0.10709280384495941,0.19260527818970516,0.12931217470296577,0.07587223533080384,0.13963735013550463,0.10407528426759163,0.14452538796146583,0.10687937593655876
2020-03-30,0.10794090894419438,0.18997688400574148,0.1317086930806704,0.0758095115242721,0.1418725852531197,0.10229928223047209,0.14580027221278807,0.1045917575063878
2020-03-31,0.10804558524102842,0.18654151907472544,0.13285016679013872,0.07735208944171544,0.13781161977043382,0.09986507919267777,0.149526813136408,0.10800701860580579
2020-04-01,0.10787205893342502,0.1891942460509059,0.1335807793510482,0.07707964083101594,0.13548488131891614,0.10006392175549546,0.14567132901291752,0.11105302785509634
2020-04-02,0.10563281195927808,0.18905086362716766,0.13007930080003824,0.08012349533808676,0.13121463823916793,0.10107453048877596,0.1501325079260964,0.11269173895905682
2020-04-03,0.10573951885055032,0.18527340984409812,0.13172939493126382,0.08105671038030388,0.1328557459432553,0.1038012848837103,0.14674172376253752,0.11280209606746787
2020-04-06,0.10433479660790863,0.1868688667733668,0.13198995961310647,0.07895943814053964,0.13804512786271322,0.10555698817407928,0.1459693328188376,0.10827538574817872
2020-04-07,0.10729970215778369,0.18663867201817794,0.13242581693272434,0.07905492561149952,0.14076426456962546,0.10572445229215227,0.1405815714743788,0.107510490898405
2020-04-08,0.11225615205268445,0.18512898550281878,0.1308568555160633,0.07880175518860755,0.14169928510993082,0.10606940218890361,0.1400851221521635,0.10510234168694979
2020-04-09,0.1108276502947265,0.18807148945917887,0.13321151885142138,0.0786301020099237,0.14056183155312693,0.10380776128547088,0.14136727383746586,0.103522269641698
2020-04-13,0.10971973962517283,0.19490379741428157,0.12982946130653253,0.07910181000575556,0.1386154661352331,0.1022611238752121,0.14279151423496117,0.10277698595943512
2020-04-14,0.10967799232808008,0.19971980657022753,0.13004905103913747,0.0773983582631587,0.13871186204706284,0.10022828656142117,0.14278150692699965,0.10143303986457951
2020-04-15,0.1075431655876751,0.2042197193603357,0.12987331156033344,0.07604580476631531,0.1366392526679434,0.09981641849820404,0.14424190509317547,0.1016203240022531
2020-04-16,0.10816604319606939,0.20514824795984876,0.1303930574530722,0.0740060310669069,0.13652053296456998,0.09494258192095334,0.14681578221616168,0.10400762771511689
2020-04-17,0.10905250083895095,0.20181039450258242,0.1304992266724338,0.0754046498079904,0.13927785632690143,0.09432627369174738,0.14414651838641496,0.1054824852386367
2020-04-20,0.10628663731384372,0.20802715210810976,0.13180579210033086,0.07501532880424801,0.1363531749137678,0.09173877061656983,0.1449605732148987,0.10581247411464947
2020-04-21,0.10733758628344016,0.20443625901282642,0.1344270220486985,0.07609599620075043,0.13176150032098846,0.09260463114880747,0.14398975018916482,0.10934715237159111
2020-04-22,0.10882487492032977,0.20313156885653436,0.13264509052569234,0.07511366038850728,0.13821253923405907,0.0923342969088623,0.14375488206698728,0.10598299078872046
2020-04-23,0.1075206564201188,0.20539461169205528,0.13163722202581357,0.0756736922984613,0.1357797303329685,0.0930985967425108,0.14432098217150607,0.10657441089845121
2020-04-24,0.10804765617282903,0.2040674620583806,0.1318965080709415,0.0765088740699476,0.13560814992337922,0.09285610881232348,0.14547694688878432,0.10553819769715378
2020-04-27,0.10584525895021636,0.20380766803434966,0.1305837487339122,0.07703671090124933,0.13355075113451528,0.09456810398807555,0.1482316417705524,0.10637602083130326
2020-04-28,0.10576567856679261,0.20254255085317077,0.13230032875348965,0.07683048910856018,0.1337572203540139,0.09570364143850246,0.14702580080918895,0.10607419337595361
2020-04-29,0.11000821451336758,0.1889553697786841,0.1330650730517485,0.07730978371589384,0.1380291322918892,0.10157547506803644,0.14534942743861898,0.10570743077956399
2020-04-30,0.10515905310585365,0.19289304716451447,0.13213112697784718,0.07954544052584886,0.1315844398589988,0.10207099709077423,0.14882842812132926,0.1077873695366608
2020-05-01,0.10429730096989986,0.19298448006158053,0.13433524304719022,0.07991959195169333,0.1272976525296087,0.10091983149260998,0.15130847743273684,0.10893731993568932
2020-05-04,0.10377198306283149,0.19939494829198198,0.13366501821976992,0.07913638917463414,0.12455420263140049,0.09763769537562783,0.15282800189052392,0.10901166077099635
2020-05-05,0.10533587742202354,0.19575016462892514,0.13456474630118892,0.07901927743239116,0.12749730694673864,0.09859516784248162,0.15236898537719418,0.10686837460534102
2020-05-06,0.1077901638005013,0.19365487577717352,0.13484082376996734,0.07801464321405424,0.12711472421551756,0.09903590862685269,0.1529042730071979,0.10664448915287361
2020-05-07,0.10807635235134225,0.19055726371795292,0.1367299844696973,0.0781186688219738,0.12716359827755427,0.09892863330987854,0.15465827665642026,0.1057671251423069
2020-05-08,0.109960641309194,0.18906336462426396,0.1346227903917665,0.07775760119142423,0.13206810033530203,0.09928053621510698,0.15361935519936146,0.10362751649257834
2020-05-11,0.10907477992845223,0.19580344380794779,0.1330393897370726,0.07694893673914875,0.12896009344570658,0.09801437068945729,0.15673402217092616,0.10142487034566162
2020-05-12,0.10911773039303452,0.1949875524518604,0.13386259955392849,0.07744554520073359,0.1299790402400655,0.09593080771902265,0.1565524916512173,0.10212413662666563
2020-05-13,0.10948984577506833,0.193000358739569,0.13540587309359733,0.07741815893059889,0.1285162103541022,0.09320346983988467,0.15918871585703834,0.1037772693445767
2020-05-14,0.11099855158670335,0.1933562561153652,0.13352906827679786,0.07521899024228565,0.13358382249016784,0.09390152277127645,0.1575807885135246,0.10183090595696419
2020-05-15,0.10816178281049339,0.19594710429001175,0.13158951204232333,0.07488287416491267,0.12746291519254208,0.09294150423895037,0.16981031853874398,0.09920389286983006
2020-05-18,0.10959899353887799,0.19144466528007745,0.13303619282668463,0.07629931305572134,0.12640854685707079,0.09322263029380615,0.16975760334054227,0.10023196182655024
2020-05-19,0.11128789384951572,0.19357579964446897,0.1329736371139578,0.0754861744680244,0.12783502480355777,0.09114887591909468,0.16999082831283893,0.09770167336433297
2020-05-20,0.11127147675498028,0.19111891098134226,0.1373206879581487,0.07512642276607025,0.12866573197489828,0.09150598241743413,0.1681793206773451,0.09681137661026697
2020-05-21,0.11059991631237462,0.19032755203149665,0.13822451692094506,0.0761226073509087,0.1271077692065149,0.09116567611004214,0.16906341885602366,0.09738845087507342
2020-05-22,0.10891092732801616,0.19139590937869536,0.13784992501849122,0.07633887514717899,0.12683021906804265,0.09025101977393478,0.1732270018025613,0.09519603050334
2020-05-26,0.11078696647952309,0.1851523341413741,0.13853376543439552,0.07808444251352399,0.12980390199466452,0.0922898697204627,0.1678735137877683,0.09747511363678743
2020-05-27,0.1119643224560642,0.18139188062485656,0.13630897514982074,0.07867501782489623,0.13294727699139344,0.09845400895855969,0.16220470888794905,0.09805371791793367
2020-05-28,0.11090049521542626,0.18183947903931402,0.13991605378561545,0.07914952284021291,0.13128034249194298,0.0945417704905875,0.16500411043084934,0.0973681325257237
2020-05-29,0.11056943214373556,0.18344796969182958,0.13979633086893953,0.07899722057112761,0.1306403763935082,0.09456841976440475,0.16741798820944503,0.09456217195186746
2020-06-01,0.11042770088956014,0.18424083197539903,0.13965727287722224,0.07924037027960289,0.13032232796887178,0.09215598684551186,0.16735845266029278,0.09659696541985824
2020-06-02,0.10964792312935104,0.18230544460413842,0.1418118103383702,0.0807254141206994,0.12940369982345107,0.09228730949386532,0.16623669207788128,0.09758161613386304
2020-06-03,0.11121192546433396,0.17574515572497157,0.1436066461061167,0.08205663455113202,0.13386300152417013,0.09438465947028674,0.16168842863691554,0.09744346015548488
2020-06-04,0.11050773920958305,0.17334165794979084,0.14470250721174802,0.08092055844924988,0.1345655769077566,0.0976559155025278,0.1597984675313593,0.0985074899142981
2020-06-05,0.11168109247990839,0.17069745397210664,0.14287781410525344,0.0810749736314623,0.13722654498110387,0.09996729066621905,0.15869892894924853,0.09777581598419913
2020-06-08,0.11212497587832503,0.17178401211836491,0.1409242246670577,0.08190478255643906,0.13511100218879166,0.10081298541807336,0.15803707039386708,0.09930086079555485
2020-06-09,0.10997759418296613,0.17970281367561114,0.13851126737958458,0.0799262883302072,0.13488190517124912,0.09804952727942,0.1595460659815259,0.0994044535074962
2020-06-10,0.10918495613515707,0.18151719817682369,0.13679786358055623,0.07918710325173065,0.13329752738497253,0.09598507480927566,0.16382079166703456,0.10020940120953087
2020-06-11,0.10796360903189793,0.17833930219540461,0.13981819132893572,0.07887324610579526,0.13347408245674064,0.09481490587227638,0.1643390220301285,0.10237755147760598
2020-06-12,0.10843310358289523,0.17772980325859222,0.14180309693916435,0.07933683379054282,0.13232407213419914,0.09363441895748874,0.1642313895012,0.10250719375760792
2020-06-15,0.10752404482048696,0.17854830667574162,0.14220152045808637,0.07897957051855768,0.13309100828624854,0.09307533889150647,0.16578716571330737,0.1007929580616191
2020-06-16,0.10893613383403515,0.17557961905209818,0.14122033774211967,0.07968031422758998,0.1384260288715607,0.09521957763816641,0.1618112271669892,0.09912667598853248
2020-06-17,0.10990343813536717,0.1731139144656918,0.14309811933315722,0.07911830369342446,0.13995903546226535,0.09361727387996178,0.16221755306295324,0.0989722778277186
2020-06-18,0.11079691071949756,0.17180156312378378,0.1419572119991447,0.08059216263336866,0.14066464039551868,0.09290101111313652,0.16219041165098386,0.09909600407491487
2020-06-19,0.11192795248229559,0.17253676798532877,0.14277383551640158,0.07740902859077023,0.14097288586229106,0.0936163040546883,0.16307535731863468,0.09768778383580916
2020-06-22,0.11122271218863179,0.17222104784250075,0.14254978840347876,0.07924146917054564,0.1380489732920844,0.09312316946256652,0.165822812994341,0.09776994326135766
2020-06-23,0.11084294154003327,0.17041562434440666,0.14399003914034528,0.07896087135752143,0.1401826272271934,0.09106750312649492,0.16508385090637043,0.09945645867052617
2020-06-24,0.11161758952596526,0.16893677446154537,0.14506968902157627,0.07954419570397332,0.13858725983961415,0.0901409914823474,0.16482117098844826,0.10128224348200604
2020-06-25,0.1104048764525604,0.16560648104284742,0.14544162427066554,0.07914862579186631,0.14011559196037335,0.0908082260686882,0.16749502108762165,0.10097946877384173
2020-06-26,0.11010565149539807,0.16370446129549504,0.14707532073034085,0.08071934348254799,0.1389362027257223,0.0917200605855475,0.16556092552025106,0.1021779475313097
2020-06-29,0.11043488845723509,0.1628865886035216,0.14704603395792765,0.08064551373219551,0.14045181542558902,0.09217283050030108,0.1649508568157461,0.10141138661551415
2020-06-30,0.10971411828306737,0.1654290454253157,0.14398697508700345,0.07975005396937418,0.1429560216027426,0.09377964759278005,0.16528787952970986,0.09909617514074583
2020-07-01,0.10915700825748724,0.16661750024383198,0.14493063784485707,0.07963543567082572,0.14140177091199224,0.09116871316986772,0.16713586885481785,0.0999529810302215
2020-07-02,0.11022777783443259,0.1638596980292553,0.145378366271422,0.07936577868459868,0.14243596413015497,0.09030643988474503,0.16654828301813857,0.10187760914288929
2020-07-06,0.11134431084610028,0.16232539048952593,0.14578775365539354,0.07787294838919413,0.14311218712769394,0.0896030638556373,0.16553275041222998,0.10442151462930244
2020-07-07,0.1106508267339316,0.16318604359699218,0.1465425064069831,0.07757623965904181,0.14208485836579438,0.08761197429576514,0.16844262054869938,0.10390484865110275
2020-07-08,0.10943005432327482,0.16137893366232117,0.14728779505021553,0.07756476839749281,0.14170543995442766,0.08691500008437618,0.17077306047424776,0.10494486797362661
2020-07-09,0.10806847181598811,0.16885823713594444,0.14482932350128921,0.07618837683752394,0.1391676973839962,0.08532111907481221,0.17151773729530517,0.10604895876834514
2020-07-10,0.10704015182436108,0.1655676406453195,0.14593054585317275,0.07605804776530171,0.1415829376389303,0.08695936341607305,0.171840653096603,0.10502058120384286
2020-07-13,0.10750868198698034,0.162277693725985,0.14641877829034097,0.07575388153073333,0.14349072158882983,0.08669988911542201,0.16846711803079,0.10938315544533582
2020-07-14,0.10694682733418846,0.16211878033685528,0.14628113265953627,0.07501443628881745,0.14410432921893632,0.08525508652313035,0.1701514619634139,0.11012786712448283
2020-07-15,0.10736029771980382,0.16575573204712693,0.13991196063535874,0.07552512586796457,0.14449087871101096,0.08757821851907349,0.16953719738534595,0.1098405097012624
2020-07-16,0.10760801528319237,0.16424251056540698,0.1433376825363626,0.07482155944261089,0.1449644705033776,0.08673255065789119,0.16774316391146019,0.11054996780985586
2020-07-17,0.10750717704600204,0.16455275432505156,0.1426890207319733,0.07512858085896067,0.14550573746171278,0.0856166220995801,0.16879806263569727,0.11020196557460703
2020-07-20,0.10721049816228141,0.16746971274963882,0.14196350411621292,0.07427534492908724,0.14491242696715115,0.08640020904955283,0.16954350272222973,0.1082247240298885
2020-07-21,0.10780066156310077,0.16683407816908855,0.13977644530528524,0.073934369072454,0.1468726662453453,0.08729212177484692,0.16731074008512947,0.11017884018284087
2020-07-22,0.10605495513158725,0.17678938356362908,0.13976061979119897,0.07214856105446048,0.14555830329985917,0.0855455997946615,0.16529632398006733,0.1088461775266959
2020-07-23,0.1071400796959042,0.1737780622907432,0.13946174086850632,0.07259441825129474,0.14548358627333752,0.08889403087032517,0.16354708084644332,0.10910092355887256
2020-07-24,0.10005514994811536,0.19845417753155545,0.13081793220124494,0.07026852203117842,0.13895169340997698,0.08280066450285489,0.16134051701110153,0.11731126754755483
2020-07-27,0.10045227416691185,0.19049683413761784,0.1312010046737783,0.06940080077768576,0.13900998927648361,0.08248642448975332,0.15930685424305593,0.12764574500454665
2020-07-28,0.10204904322896417,0.19187091319244137,0.13289179588665426,0.07009196430687893,0.1391794084878883,0.08228838542442177,0.16044812197474184,0.1211802922559461
2020-07-29,0.09961625907983104,0.20762253909436465,0.12378951359446577,0.06772223925370485,0.13838471077252423,0.0795940499327513,0.15804608855527255,0.12522452737193435
2020-07-30,0.10014622144450912,0.21061914098597181,0.12155454033791675,0.06754942566141992,0.14329838117950897,0.07910993009258585,0.15821471728376713,0.11950757160521441
2020-07-31,0.1007471141371165,0.21009008858272682,0.11941322471449584,0.06906367455810847,0.14383361585762836,0.07862786476908762,0.15939796629399847,0.1188263791487653
2020-08-03,0.10028640126623264,0.20758329877187062,0.12191016065337573,0.06899092207821311,0.14327472177678105,0.07796017095041943,0.16285948330751784,0.11713477033551437
2020-08-04,0.09712357288700253,0.22065572695239158,0.11955762878208212,0.0684728887960386,0.14039314921477927,0.07705460951801363,0.16123576307564547,0.11550659197943229
2020-08-05,0.09692236288615193,0.22082953546043094,0.1186869965343143,0.06854915969505897,0.13951698517376293,0.07649663060645834,0.16169732723299501,0.11730093377992289
2020-08-06,0.09547736157721559,0.22548693202578543,0.11946638897510647,0.0687853706031521,0.13809060587617084,0.07331123233157356,0.16314343672651235,0.11623860293759229
2020-08-07,0.09649287624243041,0.22313726591053865,0.11977906164982592,0.06887812958901224,0.13766233199552894,0.07421373258299195,0.16300295408671894,0.11683357821887759
2020-08-10,0.09933992253593506,0.21695523801580502,0.11993997856793885,0.06939839487714541,0.13932722982099638,0.07505850404921818,0.16301309774942604,0.11696756443968362
2020-08-11,0.10112847143125166,0.20896512828970668,0.12219035426938862,0.07077540968655024,0.14097337868538676,0.07514741756778605,0.16321755181857936,0.11760221618658938
2020-08-12,0.1000835434144792,0.2154025644522205,0.1215978634098569,0.06990901303223807,0.13982151193559786,0.07317626029285199,0.16509369717044256,0.11491547716005557
2020-08-13,0.09909871937172764,0.21593849498571902,0.1230308936826037,0.06984755331314534,0.13981933911206224,0.07047440260987013,0.1671017855948426,0.11468874137370823
2020-08-14,0.10290324097067084,0.21434913212483694,0.12173586667252477,0.06945497265632443,0.1384595764889042,0.06959617362963791,0.16873921432330574,0.11476175323114163
2020-08-17,0.09985151123171752,0.21299961691305958,0.12170827783863723,0.0685990213421197,0.13769417165469092,0.0676497343589892,0.17645437401324765,0.11504322412890106
2020-08-18,0.09994663084872576,0.21285825411515422,0.12234107970468311,0.06883958719331125,0.13723110388097803,0.06699670556704139,0.17687840828539841,0.1149081612942779
2020-08-19,0.1001384960547438,0.21287143649509715,0.12246399461576855,0.06944803152226324,0.1373261678389108,0.06693994790336688,0.17635665858201782,0.11445519738729257
2020-08-20,0.09784563826996483,0.21922919671826127,0.12264880194667219,0.06998963119614118,0.1334605599151332,0.06591470069352019,0.17797400041857425,0.11293740061734713
2020-08-21,0.09471172179167223,0.22011888233305393,0.12160205792297801,0.06965278886034386,0.1304714958001048,0.06485921003486167,0.18436448002174943,0.11421929360081573
2020-08-24,0.09644543227982265,0.21707142067657328,0.12288049134602518,0.07012766578959241,0.1289069531407698,0.06618701542605396,0.18394097485108032,0.11443997721634068
2020-08-25,0.09547853980805801,0.2222724007779377,0.1219693803794932,0.06953126698010227,0.1275324668730895,0.06720307495819686,0.18163941721307814,0.11437338476270885
2020-08-26,0.09472532544123614,0.2206753088495919,0.12318224194540425,0.07002422900069874,0.12684948455670486,0.06676824672358299,0.18135266481330092,0.11642243065258306
2020-08-27,0.09397837627285817,0.2192334063506007,0.12246192957917347,0.0712981830271394,0.12555334676596677,0.06757430248896464,0.1828447632427495,0.11705562290997483
2020-08-28,0.09361189359089098,0.21926271794316646,0.12100929443886455,0.07101890908482404,0.12636244276298314,0.06778837505385846,0.18649748300134686,0.1144488161712809
2020-08-31,0.0908691478646164,0.23134165347168018,0.1185903557802951,0.07106018303531618,0.12041743650157732,0.06710711657144333,0.1885500258978544,0.11206401334129501
2020-09-01,0.08933651415435949,0.22976389533016844,0.11998868247173604,0.0720160103353185,0.11931010232375536,0.06602682340274063,0.19071779528858349,0.11284011060762587
2020-09-02,0.09162625967409484,0.21933698060196072,0.12053769789650574,0.07326366786537641,0.12393529754377025,0.06731296764549362,0.1930907980273555,0.11089626628822967
2020-09-03,0.09240621249042649,0.2142938735652971,0.12151068311990496,0.07345744561430963,0.12462711925812371,0.06963009160602701,0.18707371866500538,0.11700078684614927
2020-09-04,0.09299819857334604,0.2160394166246312,0.12042745248495049,0.07683333899740034,0.12334040789156579,0.07087965598510115,0.1840849087101797,0.11539655088889554
2020-09-08,0.08954307337534388,0.2187152581761927,0.12012220836768836,0.07829496712197029,0.11826030883864813,0.07245207424799416,0.18331052275904877,0.11930151342082985
2020-09-09,0.08629907787055645,0.22112634172112977,0.1207096092662647,0.07810503044863204,0.11417700139469368,0.07055871093497197,0.19003191162428967,0.1189922451636915
2020-09-10,0.0877513048483962,0.2171191104808473,0.12210842748556183,0.07888294759833664,0.11495316972021317,0.07140463612534174,0.18737311492875564,0.12040721592666821
2020-09-11,0.08825648446630195,0.21153033512118236,0.12384816755979143,0.0800935646135176,0.11449632061279855,0.07392929872149945,0.1866041785729234,0.12124157686655651
2020-09-14,0.08771916823742111,0.20899106030338338,0.12281847220298776,0.07808640705414197,0.11516652893852045,0.07614501469027182,0.19118392183717933,0.11988935560610585
2020-09-15,0.08740178856163403,0.20825860066322893,0.1215492839389342,0.0777959788897381,0.11456697304100419,0.07491851125003066,0.18976235913831102,0.12574643456138204
2020-09-16,0.08802012070589615,0.2063334564520568,0.12135604990602425,0.07938727702633638,0.11598757428859284,0.0782312627769012,0.18647517054675286,0.12420901693604755
2020-09-17,0.08784390920925454,0.2060993400549419,0.1228531431162027,0.07916884494031909,0.11575375259473179,0.07945488049918364,0.1857710447010701,0.12305501350144633
2020-09-18,0.08866638627472478,0.20431563263930094,0.12428728293766828,0.07882413772234528,0.11773882207159522,0.08009137728857862,0.1840049403353189,0.12207134843545231
2020-09-21,0.08928930167930456,0.20964773935297454,0.12136067083103427,0.0767346321844544,0.11907584574225581,0.07653192260163615,0.18639976024336946,0.12096005604810285
2020-09-22,0.08955462641407129,0.2075592127100561,0.12119421980699026,0.07832774236901807,0.11965418787687815,0.07685406091069298,0.18689488408444022,0.11996099500335448
2020-09-23,0.09085925063485949,0.20479777124793655,0.12192018527143214,0.07813487525746692,0.12211114810700986,0.0790832918668594,0.18393898319229657,0.11915442176258666
2020-09-24,0.09059740426657285,0.20525009946212913,0.12130855368932754,0.07738584040388288,0.1244834118369149,0.07752307012099485,0.18505585918387357,0.11839568926314026
2020-09-25,0.08975259716234042,0.20776164256721796,0.11937530190004951,0.07700871800548811,0.12355047454035105,0.07571140337461256,0.18969178805486983,0.11714800382844806
2020-09-28,0.08985412160289817,0.20774879861703952,0.12067611815769475,0.07785379609346287,0.12366478653905146,0.07523175007331039,0.18862459287879854,0.11634596673616396
2020-09-29,0.08913795109955104,0.2110001214661327,0.12007616461286585,0.07622166203414363,0.12295653947902073,0.07574809213919094,0.18893638539369023,0.1159230153604225
2020-09-30,0.08918231931849609,0.21238525710315648,0.1190156296518878,0.07652878532950945,0.12125328995941567,0.0704175485188431,0.1940367499783341,0.11718035146103735
2020-10-01,0.0890394898343738,0.21512529822759038,0.12049238593710108,0.07577430502520709,0.12130358873872149,0.07032255589525936,0.19107185951107306,0.11687044961803457
2020-10-02,0.08842944119668633,0.21457997874113294,0.12076304817688573,0.07590589951590085,0.12166558880830952,0.0706878731046678,0.1896970818687769,0.11827101903744174
2020-10-05,0.08839480974302624,0.21699317366219187,0.11975002983211361,0.07477715567233992,0.12162639700989489,0.06940440924970344,0.19023542823332965,0.11881852981634522
2020-10-06,0.08901364532947657,0.21498597486953164,0.11718810611758018,0.07511245371679322,0.1224345875064388,0.06970921223941873,0.19352583592516295,0.11803011682435673
2020-10-07,0.08822353133029968,0.21607607774381116,0.11654430297192468,0.07412661297566003,0.1216028924897378,0.06984929633311278,0.19268773653531526,0.12088948353555345
2020-10-08,0.08949699735159312,0.21356840622381137,0.11699486959145067,0.07473803380901217,0.12380657871172839,0.07131167518544858,0.1891360216841212,0.12094735198928878
2020-10-09,0.09061361802765998,0.2054451937533828,0.1196547324967523,0.07552120091610655,0.1265241347542934,0.07139994180115003,0.188367873167566,0.12247323953538801
2020-10-12,0.0905958388618108,0.2038688351077703,0.12008472138853653,0.075007548456254,0.12630617209309974,0.07095790397830538,0.19048654231569337,0.12269237367206819
2020-10-13,0.0900983503278523,0.2050989163346281,0.12123515554886437,0.07440078403494046,0.12697767021983325,0.07218620930660015,0.18970742328704018,0.12029542717578294
2020-10-14,0.0899774736261648,0.20449834740357822,0.12026476938329476,0.07489118373769514,0.1282316747455227,0.07258010407960105,0.18949842498772052,0.12005795765083947
2020-10-15,0.09005938097568013,0.20355470838774128,0.1177736193438719,0.07544063011893015,0.12973008611113862,0.07362319282862818,0.1893766391216337,0.12044167819127437
2020-10-16,0.09014881377035774,0.20550518702051687,0.11894639950415689,0.07587039381294483,0.12723902420012195,0.07382089293113121,0.18893116364625753,0.1195380596028552
2020-10-19,0.08945571206484505,0.2041346320116563,0.119346471175742,0.07585832145186484,0.12770554505849657,0.0758447602637233,0.1860247683180117,0.1216297236524085
2020-10-20,0.08943195726230167,0.20230069260799816,0.11880432487953414,0.07582776030053326,0.1272410026648387,0.07686112359071616,0.1873769951396175,0.12215607779130239
2020-10-21,0.09006603459222162,0.19831755349995644,0.11932495746757348,0.07554672478254063,0.12953021775224396,0.07727411131270254,0.1874873334533471,0.12245300075005366
2020-10-22,0.08992802310467916,0.19988322567904493,0.11758529438478256,0.07620160962093835,0.12713364333198668,0.07922734116799816,0.18616245451278943,0.12387834146964814
2020-10-23,0.0883245481499661,0.20509082066309792,0.1178624637722682,0.07563194101051687,0.1249591950561314,0.07655589161892451,0.18826880803138982,0.12330626535292313
2020-10-26,0.08786301555009421,0.20964433200555543,0.11657216189105571,0.07505601550239985,0.12505158755943058,0.07695081370538051,0.18547959596880292,0.12338241022216584
2020-10-27,0.08761838019809559,0.20286156049346799,0.11723282973492152,0.07499473150337291,0.12476584023581402,0.07735552115481932,0.1907387739762932,0.1244322945171912
2020-10-28,0.08820112555482587,0.203000840850303,0.11996098580669852,0.07481265012699004,0.12705591166113056,0.07690663211933976,0.1857424675209845,0.12431931591200406
2020-10-29,0.08928000696015984,0.20215279452737991,0.11955844833639619,0.07459204247741974,0.1291478721578713,0.07571509988507022,0.1868206436374327,0.1227330233215003
2020-10-30,0.09110893362638604,0.19998299124031102,0.11937462394563322,0.07530828452582003,0.12820426155997072,0.07740309444920085,0.18431133282061143,0.12430640740846194
2020-11-02,0.09206133939556162,0.19683442589113662,0.12019913129069695,0.07505419556072952,0.13048023559988314,0.07582519640335321,0.18352434424023567,0.12602106175608901
2020-11-03,0.0917166663106535,0.19615571199440787,0.11903554211210059,0.07348058632291088,0.13391461812497055,0.07574009514520016,0.18462330571525062,0.12533340636226184
2020-11-04,0.09243772041452489,0.20020105748989808,0.11772962317197615,0.07276783713649988,0.13206865248124555,0.07402309836375838,0.18793751205454537,0.12283443363893454
2020-11-05,0.09622656881251808,0.19716140932917958,0.1181441921039906,0.07336666636860188,0.13397008736812893,0.07505276810694764,0.18621461880895282,0.11986362612114983
2020-11-06,0.09506447701520992,0.19988169681638437,0.1180978177605063,0.07183745313193972,0.13445254428032774,0.07431809252270871,0.18763279384211953,0.11871506292251535
2020-11-09,0.09787167642245524,0.19701967819919666,0.12029872920793513,0.07218361306669895,0.13922222725223707,0.07678405641764381,0.17886708229646628,0.11775287429297168
2020-11-10,0.09879897984042654,0.1917480643972882,0.12262232766616617,0.07239898569821933,0.1414923150782989,0.07886232288629756,0.17381595915190426,0.12026098009536258
2020-11-11,0.09750639812603543,0.19231689497080526,0.12354926746498511,0.07212860545379089,0.1415528682225713,0.07719588110679525,0.17576328512211672,0.11998673679987285
2020-11-12,0.09623020909213498,0.19483104621406833,0.12272308526513559,0.07146728683923466,0.14056120518419313,0.07751834270860876,0.17735333813483162,0.11931542344352732
2020-11-13,0.09907057172200087,0.1913262855895865,0.12313841974370746,0.07116380712772852,0.14133011538034218,0.07879216886962363,0.17296193731690435,0.12221663195517714
2020-11-16,0.09824624533449201,0.1907190214736302,0.12134457381214815,0.07033953389064314,0.14118324825838974,0.08156655600535534,0.17042905412439427,0.12617170670950567
2020-11-17,0.09898474747014074,0.19158644989867663,0.12242891426513926,0.07093396358668567,0.1400681736403221,0.08247420232234666,0.17078083987726,0.12274264800404178
2020-11-18,0.10117847546243441,0.1899106772104631,0.12179634911478249,0.0710157755416175,0.13970292383859514,0.0809000881947001,0.17105157471698806,0.12444407491795097
2020-11-19,0.10190192151664498,0.19426882799504128,0.12009416645308985,0.07078095489318188,0.140252157790168,0.08128726823324697,0.16898486282546527,0.12242978007931621
2020-11-20,0.10230524077685062,0.1943188343511433,0.12146835137126473,0.07136583399824205,0.140471273564702,0.08160127187252973,0.16634543131049792,0.12212370188498875
2020-11-23,0.10512555643980108,0.19180608247480027,0.11995575031460169,0.07055888215310566,0.14235614683155362,0.08353173287558226,0.1635552269197239,0.12311056238003297
2020-11-24,0.10858153224317386,0.19171934727187528,0.11942906621526778,0.07168175414599409,0.14196183198624884,0.08342944736877225,0.16166863762110856,0.12152832339562017
2020-11-25,0.10570452118025517,0.19448123733088582,0.11863683730513348,0.07108449007825113,0.14139082811750486,0.08235550192246312,0.16433533252380936,0.12201119207538277
2020-11-27,0.1062157081121254,0.19289012144277695,0.12096717009956627,0.07085388216697275,0.1425085955993718,0.08225657496469037,0.16241805271093038,0.12188983624846454
2020-11-30,0.10480510398234832,0.20271039687202042,0.11961019125352827,0.07124166548064001,0.13972524499449365,0.08116398302441936,0.1623094374027632,0.11843391898735459
2020-12-01,0.10509888517197277,0.19889631067087218,0.12048462677743589,0.07044449121597424,0.14168209668110218,0.08337913329590445,0.15917039428782287,0.12084400496938892
2020-12-02,0.10529017843560211,0.19923458856700818,0.11972767609545813,0.06958395416517593,0.1437122481213627,0.0850295832878512,0.15937102896974367,0.11805068600671183
2020-12-03,0.10645345497759376,0.19649671709304317,0.1204167951107187,0.06901249166624436,0.1453897044994365,0.08613368469216018,0.15791254948418285,0.11818454603895338
2020-12-04,0.10683582666964848,0.19470224875902634,0.12009349950825146,0.06911884039035263,0.14605954290014928,0.08789992010886055,0.15545224489213536,0.11983782187808657
2020-12-07,0.10627776044766533,0.19309489140910682,0.12043318241625638,0.07005942717507473,0.14732731037183172,0.08627907459458958,0.15467101140549616,0.12185728775702206
2020-12-08,0.10736543582826658,0.19137674570262803,0.12054039519479139,0.0707162818520928,0.14907050483993484,0.0872611723205146,0.15226361727941615,0.12140579237609135
2020-12-09,0.1080171871909829,0.19022640900562612,0.11978993771499295,0.07147440308735158,0.1479302963788731,0.08753822396932276,0.15163798636274556,0.12338550014500047
2020-12-10,0.10775854985596217,0.1934826576165437,0.12070245585117761,0.07018861751252443,0.14635969691242695,0.08710021828621976,0.15163952236025155,0.12276822563884233
2020-12-11,0.10845794574317129,0.1938130927423596,0.11955620362785069,0.0695924811701157,0.14708931403942527,0.08634037698588037,0.15239520628918074,0.12275532333426624
2020-12-14,0.10739567533878773,0.19802054983666642,0.11821165098968023,0.0697683102839135,0.14536978594920905,0.08652305738630438,0.1539805135108612,0.12073040131142808
2020-12-15,0.10571838615996916,0.19980810319756684,0.12059606641611663,0.069746324506605,0.14415488231935827,0.08711803866273032,0.15221660567782436,0.12064153851332744
2020-12-16,0.1058925656262763,0.1994006246625619,0.12125912494675523,0.07094010242559619,0.1436736321525263,0.08699206885668553,0.15098429609839653,0.1208575306441814
2020-12-17,0.10488710559291586,0.19985671571697822,0.1230363773178869,0.07131055655513721,0.14195312274155691,0.08632791944947713,0.1524738885989124,0.12015425930960646
2020-12-18,0.10365455657441416,0.19883592424970775,0.12356649997607494,0.07367133148849327,0.14103729296702067,0.08575075808102833,0.15235507034216225,0.1211285113609137
2020-12-21,0.10460872986057353,0.19431641954947831,0.12294565511620646,0.07310594823727448,0.1424748039179336,0.08623169769044758,0.15388353918999548,0.12243315117740176
2020-12-22,0.10410287349059143,0.19496898505397467,0.12447594084190071,0.07412885840556456,0.1412014582075127,0.08533846203984667,0.15389046625277183,0.12189290021990697
2020-12-23,0.10345838901706664,0.19406164848748203,0.1256624536250347,0.07375699212113478,0.1412708030959698,0.08583379824499532,0.15271037960471934,0.12324547960262287
2020-12-24,0.10387355568586393,0.19241685672199701,0.12646181526922107,0.07395316367462171,0.14240729021506893,0.08562965291826025,0.15080737412451176,0.12445023582362383
2020-12-28,0.1036983966522833,0.1926917933775328,0.12618399975194736,0.07430087148522196,0.1416759413853825,0.08604601708447616,0.1502769565614585,0.12512596792789593
2020-12-29,0.10336730619537399,0.19137457378375583,0.1276711340164314,0.07410047819733859,0.14136880000034519,0.08583184057529954,0.15136950155014514,0.12491630968973852
2020-12-30,0.10447926863802044,0.19086020695642128,0.12654798886755025,0.07354336410440417,0.14172289920880982,0.08609931219923228,0.15055010839566985,0.1261967967992622
2020-12-31,0.10393361576287975,0.19015680734037305,0.12631179397791797,0.07424781118659937,0.13852110371196322,0.09023747067542631,0.1499018382920408,0.12668950407875604
2021-01-04,0.10388862988563594,0.19004209247147458,0.12858678208011154,0.0716019554258305,0.13922731358562504,0.08825971187454301,0.14952079532611062,0.12887266476098447
2021-01-05,0.10512538800657924,0.1873946173600126,0.12750541132842008,0.07072254414682866,0.14131558839728026,0.09034282356985814,0.14994888194876727,0.12764469168576884
2021-01-06,0.10797084840387652,0.18486691077651912,0.1253130714485363,0.07121131560704051,0.14373680450289902,0.09135392422011486,0.14296579490362296,0.13258127587615773
2021-01-07,0.10780167791841329,0.18677661360023,0.12292962380879446,0.07117329553473327,0.14284002405221843,0.08988534400756068,0.14504037962738736,0.13355298941147092
2021-01-08,0.10971764264606808,0.18696039806610965,0.1256100521741886,0.07204396994279856,0.14026977965391815,0.08859164482265008,0.14533725082038743,0.13146920946404358
2021-01-11,0.11010100655812954,0.18818377809005726,0.12276985309052943,0.07054346200708886,0.14137621728320457,0.08812337582098033,0.1459662352993561,0.13293602054620035
2021-01-12,0.11173652348854432,0.1834289722016346,0.12347636058230368,0.07069491826429161,0.14596647506444607,0.0884788918912771,0.14364135707594938,0.13257645043225733
2021-01-13,0.11116131655303481,0.17914476067542948,0.12532801476911623,0.07202741800434205,0.14537335595083345,0.09029144034085496,0.14626652449427352,0.13040711746113798
2021-01-14,0.11657029280796799,0.1722226178620398,0.12904698255307373,0.0701327606468664,0.1496763442735406,0.08927546606531257,0.138665788762403,0.13440969673497163
2021-01-15,0.11609130861600524,0.1709386956427655,0.12768010005598437,0.07066012695091149,0.15009312329869523,0.09055095547321922,0.13800076801754066,0.1359848705659474
2021-01-19,0.11828194735367666,0.16678099298583124,0.1279711463149332,0.07003213109655598,0.1529816853588284,0.0922829900943876,0.13448914837897008,0.13717990898247914
2021-01-20,0.11752207283636837,0.16651675909741775,0.12874802951578007,0.07087315236376708,0.1494267032089952,0.09069126852574497,0.13887302569051876,0.13734893901610462
2021-01-21,0.11513186640119105,0.1680373355248953,0.13087564957277142,0.07008980904989598,0.14652035817480205,0.0903445007277966,0.14098583943959045,0.13801459243418446
2021-01-22,0.11449727763011347,0.1720245742613268,0.13186306066610903,0.07050564958190256,0.14787104388179173,0.08830248597628558,0.14077997547713217,0.1341558833721376
2021-01-25,0.11587686677159277,0.1736875583152513,0.13081839315393654,0.07013916901666989,0.14819576376709362,0.08681878442612441,0.13951200833316044,0.13495140729428887
2021-01-26,0.11519700450671512,0.17799631896883947,0.12887412699396253,0.07129754059179065,0.14692765427257684,0.08650202968396355,0.13982855881181674,0.1333767163418502
2021-01-27,0.11359122882864832,0.1762440570405673,0.12999818910854066,0.0721499803064262,0.1445364166174185,0.08623377058146277,0.14191481642146794,0.13533148849756357
2021-01-28,0.11486128952851164,0.17110591554847418,0.13362813319699743,0.07222864568168269,0.14031227949623962,0.08871719157879736,0.14129813530687263,0.13784835782776783
2021-01-29,0.1125000908286753,0.1715705937426708,0.13366438107964018,0.07381150674450115,0.13715037566303293,0.0907717907337814,0.14411260516033025,0.1364186029309606
2021-02-01,0.1140069946699369,0.1700041160661187,0.13429242443268835,0.07402799294573498,0.13756751015466961,0.09029534696996974,0.142161649073666,0.1376439142685923
2021-02-02,0.11472426964380715,0.16943135715583596,0.13182061385608723,0.07436346269566291,0.13919585059288683,0.09008934550160162,0.1431456013268564,0.13722944867390816
2021-02-03,0.11257825913417221,0.17057244868465998,0.13160591964582327,0.07383510084167502,0.13845685129493734,0.0888771788147197,0.1454179989963743,0.13865619113212466
2021-02-04,0.11450783784397484,0.1677372420950874,0.13248067169273633,0.07349874449576939,0.14033891329652648,0.08981522437117341,0.1444967118789788,0.1371246036967145
2021-02-05,0.11260433933631707,0.16920816461610053,0.13291886881930273,0.07336528958585027,0.138812470259928,0.09037381213869511,0.14488343846110283,0.13783356574455327
2021-02-08,0.11411700564204076,0.16923698682584412,0.13033886483797785,0.0715262222647851,0.13944236372798832,0.08997812259267583,0.1479384748412254,0.13742191021293548
2021-02-09,0.11380421738487234,0.1690292009179596,0.1313290677814577,0.07217194222111625,0.13889288958623847,0.08967856933986727,0.14685998624678595,0.13823407722560296
2021-02-10,0.11330485268765697,0.17014584594526758,0.13045519492493,0.07082582284195472,0.13878236766810703,0.08782887435269227,0.15063666200470713,0.13802033072666575
2021-02-11,0.11621980175379816,0.16407557875252787,0.1308253451555887,0.06927822883946434,0.14333009626395937,0.08864549585710842,0.14954702637496123,0.13807838005491305
2021-02-12,0.11889750396742206,0.16448100100945834,0.13101589200326388,0.06976491230916276,0.1454448208702461,0.08936617639900203,0.14532978553966264,0.13569986139520965
2021-02-16,0.11988042727415645,0.15950016983781995,0.13137910973066783,0.06976173914153849,0.14599161509247802,0.08857616758631918,0.1480519465987268,0.13685877850099482
2021-02-17,0.11967278481243494,0.16015016417369168,0.13068320229900504,0.0702614153933556,0.14758276350707517,0.08869818950410775,0.14698415579126717,0.13596727730873803
2021-02-18,0.11820991788457305,0.15903973604961283,0.13053744778125015,0.07091202319636404,0.1466429388199299,0.09196123064978813,0.14734070079743447,0.13535595725047303
2021-02-19,0.1217679830186492,0.1572069317673272,0.13029193594107516,0.0703208805794829,0.14855586291706446,0.09240604024327216,0.14506194981368492,0.13438836919050817
2021-02-22,0.12210555601604488,0.15574894828196323,0.13182611736658778,0.07107521295758082,0.14653637916449794,0.09112116653625069,0.1450376072602574,0.136548964046123
2021-02-23,0.12398776833314556,0.15575263529809705,0.1322514385716823,0.07093488951261596,0.14629032698145472,0.09387556282778954,0.14394372545814668,0.13296360428560525
2021-02-24,0.12660819221227063,0.15401897112118665,0.13166095546171824,0.06967137804219833,0.14958446176569296,0.09488104485388547,0.14224188827489695,0.13133306129852892
2021-02-25,0.1253765927365799,0.15586100735085803,0.1322186706899819,0.07070273507025474,0.14650022020408984,0.09646478061168129,0.13935940045118436,0.1335165427473277
2021-02-26,0.12683120119893893,0.15584039551555723,0.1306177427764624,0.0708618966419326,0.14795539947924757,0.09770677843355006,0.14005119470007935,0.13013534236261226
2021-03-01,0.1272583937578209,0.1545352534543088,0.1303828393304219,0.07162271795943503,0.15152467287933158,0.09812474504147771,0.13711659131394974,0.12943473883615192
2021-03-02,0.12643118411407347,0.15555847302126727,0.13005809142332805,0.0726621701448972,0.1499686455877542,0.09749959094553834,0.1372729619161778,0.13054883382335333
2021-03-03,0.12841417166916066,0.154567042403558,0.12978987987894894,0.07239081941030316,0.14905490352495618,0.09860499960602255,0.13554677950704183,0.13163135331895306
2021-03-04,0.1265650641443021,0.15622586769369803,0.12812284133513963,0.07289493924469724,0.15030811000736,0.09808987564514896,0.13764675377822355,0.13014649487746294
2021-03-05,0.1287348254555479,0.153108160661047,0.12836296427001018,0.07178415801763767,0.1510744740757957,0.10038196867574727,0.13456228009036963,0.13199111705503297
2021-03-08,0.12785348814625283,0.15375990327890549,0.13040446571959335,0.07162244119485396,0.14781131698068986,0.10235521921999752,0.13347082759065756,0.13272228274911477
2021-03-09,0.12986787311929807,0.15343400807315744,0.13166544855410453,0.07088276690101215,0.15021867490216947,0.1010012741484322,0.13551390154548626,0.1274160009541006
2021-03-10,0.13116614072042776,0.15506547930375317,0.13075407889948162,0.07158661710986099,0.14677361553618065,0.09890072326218721,0.1381629645015378,0.12759032763141193
2021-03-11,0.13076764061182275,0.15575880658779107,0.13038645247526895,0.07114730929657653,0.1452234322439002,0.09913466433268173,0.1380216257742087,0.12956001783855878
2021-03-12,0.12935354096854665,0.1576338768454594,0.13060449574669566,0.07176288300520559,0.14439001855746014,0.09881706293735382,0.138511929319942,0.12892614105386252
2021-03-15,0.12773633328413256,0.15763420613299514,0.1305908970723664,0.073564519183886,0.1450771023241286,0.09827504717125982,0.13962630876891732,0.1274955354030346
2021-03-16,0.1299983236014646,0.15599614453217595,0.1293590642566574,0.07372254658532604,0.14627143508535909,0.09977551333650292,0.1388022493974485,0.1260746732236725
2021-03-17,0.13021802881616734,0.15421129674063203,0.13044007162029256,0.07381062761479978,0.1463506765624393,0.10237475944041793,0.13793035280798913,0.12466413691597987
2021-03-18,0.12957018742892823,0.15220315499760761,0.13121439986343006,0.07395760481549739,0.14896031205957433,0.10130335194844967,0.1373152079323614,0.1254757292977795
2021-03-19,0.1290984322428998,0.15269874674522557,0.13206188046650225,0.07553060047792103,0.14852845603633094,0.10119629145915619,0.1374430815213831,0.12344245984218555
2021-03-22,0.13051311341794503,0.15091990851635279,0.1352147601984923,0.07362499313302708,0.14925389642865755,0.0993106965644591,0.13728939522622025,0.12387318668455016
2021-03-23,0.13078857059829171,0.15136422614627273,0.1348052894064813,0.07386467337580663,0.14908277996108107,0.09546962181942589,0.13983095762366152,0.12479382986773732
2021-03-24,0.13694061561615145,0.14861493229448067,0.1404288026025254,0.07323723377219174,0.15222673832066846,0.0933645477321243,0.1360972892832924,0.11908978885842449
2021-03-25,0.13532106609227873,0.14804514365365026,0.1416824909443688,0.07391451728476482,0.1509429959553564,0.09454943722043493,0.1348785935609581,0.12066570379050275
2021-03-26,0.1384714018966344,0.1431883482922181,0.14455535381461698,0.07349170726700445,0.1532420033639637,0.09421785985948376,0.1315633765716061,0.12126989989191764
2021-03-29,0.1374435030881275,0.14493074201860726,0.142679869515872,0.07318762080950808,0.15193578830042395,0.09417549011015607,0.1347648816977217,0.12088205464650545
2021-03-30,0.13923822026648364,0.1434552056177209,0.14176362000633475,0.07096832827035401,0.15325236202582043,0.09456034728170842,0.1345938032922652,0.12216806319379167
2021-03-31,0.141998319039966,0.14337484436517267,0.14083805499022847,0.06979872605441699,0.15416252140614317,0.09326322223120279,0.1350555333237889,0.12150873016450839
2021-04-01,0.1436995225602379,0.14149179654828822,0.13885125967882803,0.0684494516116405,0.15818020259546603,0.09334095317579141,0.13350499249439896,0.12248177507312834
2021-04-05,0.14342227728129261,0.1402941787772003,0.1378306308665014,0.06936599210783756,0.16143907127577722,0.09350090659763634,0.1334996339228118,0.12064726349182489
2021-04-06,0.14165040956064892,0.1420637812578123,0.13683064493905625,0.06956951790640434,0.1613972845797913,0.09440610889242616,0.13394935018676563,0.1201328564274839
2021-04-07,0.1408697606841307,0.14300920240981532,0.1361548325658363,0.06918280741859227,0.16252344294096072,0.09462906092987017,0.13631193355287274,0.11731891337097838
2021-04-08,0.13909452058082847,0.1429667809175139,0.13709014809900755,0.06863498390933008,0.16247606356582048,0.09461636541086041,0.13603991723623607,0.119081174803379
2021-04-09,0.1392074281356167,0.14252002906376757,0.13644011639558082,0.06885291760099314,0.16165785922278172,0.09500307468884726,0.13737339674209464,0.11894513249221096
2021-04-12,0.13649748393231498,0.13653040061962443,0.13681456209330697,0.06926456459706876,0.16021175712353228,0.09614333545914779,0.14638708989710097,0.11815076021197574
2021-04-13,0.13619976096589675,0.13892092142367757,0.13613166286759226,0.06924652412965401,0.15844694168062398,0.09241279415071313,0.1504750275806708,0.11816632126974608
2021-04-14,0.1367891737264268,0.13764680144105357,0.138108542067577,0.06893758475860606,0.1591384184027307,0.09197566214927654,0.14830055656088234,0.11910321443310393
2021-04-15,0.13455442692734343,0.1427983640523227,0.13796440135418214,0.06805793071228222,0.15843657034385375,0.08989293007925633,0.15378255131368718,0.11451277960757322
2021-04-16,0.13444503618574374,0.1419220984939844,0.1393300688552678,0.06817611287498129,0.1576943473451327,0.09066665534140404,0.15228797067843233,0.11547766442089158
2021-04-19,0.13519315626248452,0.1439624171477689,0.13969129382290724,0.06758672446312117,0.15648041226412643,0.09083755189538373,0.15104284954934585,0.11520554753645548
2021-04-20,0.13480210694457315,0.14279889315862265,0.13881521979566744,0.06789282474927254,0.15659617265640566,0.09122502962960531,0.15139869563470368,0.11647100966959038
2021-04-21,0.1369569929806503,0.1422195980731195,0.14267910582758833,0.06604199420966406,0.15846263557529333,0.09027760374239396,0.14828805468909986,0.11507396869829863
2021-04-22,0.13755525326860407,0.14184359978336133,0.1450092952096979,0.06729983697733953,0.15634589733443807,0.08797859131186629,0.14759495133216546,0.11637252721446702
2021-04-23,0.1368349426069101,0.14429820053659267,0.14611098014824953,0.06698724494992843,0.15514245506783314,0.08683196400764683,0.14744468221992685,0.11634948423514543
2021-04-26,0.1367938724315722,0.1462282373685868,0.14337075614472508,0.06658419131352611,0.156146302269634,0.08705708435250961,0.1467986813080467,0.11702082941880566
2021-04-27,0.13631160320572594,0.14592415164330108,0.14391540515513387,0.06582535583084916,0.15660256224865524,0.08868596551101719,0.14592413653129505,0.11681077446950018
2021-04-28,0.13705320277408206,0.1458312146991614,0.1442413319596999,0.06569227570279318,0.15703843491587152,0.08643846293047666,0.14688706057229048,0.11681797042735058
2021-04-29,0.13639914449151339,0.14526645749278766,0.14325260634549808,0.0665353423192239,0.15735217942468377,0.0882510039132318,0.14697038435590243,0.11597283575700951
2021-04-30,0.1369261553363772,0.14471238431894776,0.1435255915692457,0.06666669136867467,0.1559909178782825,0.08833853547026858,0.14742124712277196,0.11641842992745177
2021-05-03,0.13827941804139868,0.14049755704924852,0.1466286485146525,0.06636128677423216,0.156552494982696,0.0880304654275478,0.1470097366968327,0.11664034509082452
2021-05-04,0.13664770453689762,0.14340377640298668,0.14373633043384212,0.06684028456777912,0.15683632298529243,0.08913862703754108,0.1450298330115018,0.11836707265759
2021-05-05,0.13746424866314547,0.1411081911281413,0.1457780700963978,0.06632333499340039,0.1570831960689867,0.08936741142611378,0.14521557865017648,0.11765992090435126
2021-05-06,0.13808806250771458,0.14030709554929727,0.14539391894949538,0.06660127226884072,0.15771614163132033,0.08842664609820726,0.14492357586799726,0.118543239367555
2021-05-07,0.13743839299448854,0.1399998939565729,0.14654852094525772,0.06626533380963982,0.15883365068305688,0.08841647934168205,0.14576466399697183,0.11673301717363384
2021-05-10,0.13557024982238272,0.14197625540597938,0.14680471442156218,0.06715680750745937,0.15537234260845575,0.08744373098627155,0.14765177976621816,0.11802406994557456
2021-05-11,0.1337790647037659,0.14295611630155214,0.14699419703689348,0.06748983135265822,0.1563119904377064,0.08690147045879845,0.14746281547023962,0.11810446490574183
2021-05-12,0.13048985604767702,0.14569023679421395,0.14716410370397415,0.06795270248308731,0.15435456609022302,0.08677797633461254,0.1487697768348716,0.11880072996003424
2021-05-13,0.13397427578996496,0.14031826449533868,0.1498442499762521,0.0681357360007371,0.15918240413355772,0.08578408645615665,0.1453311018734982,0.11742983037438016
2021-05-14,0.13488017130633523,0.13849567194881487,0.1506616984002515,0.06758479547882577,0.15876294618112405,0.08566496246873456,0.1465014502513968,0.11744825473584648
2021-05-17,0.1348813517381169,0.14002162020004028,0.14928335397042658,0.06801478698573143,0.15747864742204246,0.08728842087698378,0.147191228823361,0.11584054025223117
2021-05-18,0.13403789522737067,0.14075943857061507,0.14974481711072168,0.06759976372058389,0.15681379070203,0.08634306499987442,0.14681564154453472,0.11788553799012123
2021-05-19,0.13522202618770898,0.14193364090474503,0.14711957665335582,0.06778773509385337,0.15899504891722382,0.08615064842928653,0.14507985186300285,0.11771142258551022
2021-05-20,0.1370878736242799,0.1411159923459698,0.14691683963288524,0.06779593482977225,0.16065884053710539,0.0849021003171072,0.14633794382185725,0.1151844269607177
2021-05-21,0.13635942611551152,0.1405453777551378,0.14583157535797248,0.06773611796102474,0.15859539487335744,0.08510176086431809,0.15125342600590827,0.11457687277973115
2021-05-24,0.13872922284245665,0.13717634019863215,0.1462175074746563,0.06704261435763112,0.15941335355326927,0.08500758361197878,0.15319943257775703,0.11321389841840014
2021-05-25,0.1406854498249844,0.13689490876718058,0.14806848412749427,0.06659488033400476,0.15965674552649553,0.08267585914627122,0.1524086481959648,0.11301497746156332
2021-05-26,0.1400596135008534,0.13748676649570193,0.146364123090756,0.06661042308321985,0.1587846895386734,0.0835506295547541,0.15263770547025562,0.11450600273505797
2021-05-27,0.14053605536445313,0.1371734887557237,0.14573264890953197,0.06742746114747752,0.16016130401504908,0.08498650416840549,0.1500802339022723,0.11390225735974532
2021-05-28,0.138592942760576,0.13783034329843294,0.14563301611460247,0.06700557651203459,0.15860515386146545,0.08383254019962877,0.15488586202537985,0.11361451959443483
2021-06-01,0.13852203830227353,0.13893514590796718,0.14468387564579996,0.06636286719147762,0.15823474709671587,0.08375110349088555,0.1549074652590106,0.11460271152217515
2021-06-02,0.13800538478451088,0.13959598428683645,0.14380333343715673,0.06649570815589512,0.15672540558793194,0.08314590585016872,0.15828847796613565,0.11393975477900209
2021-06-03,0.13734374131847657,0.138686220746422,0.1440992250159035,0.06618152327297835,0.1557457461125471,0.08203289837651936,0.16240010222074383,0.1135104971339866
2021-06-04,0.13728109279377906,0.13737247374540598,0.14413205195925857,0.06592563911430692,0.15647544522382187,0.08164733078546478,0.163974589514225,0.11319133221815447
2021-06-07,0.13710605020959488,0.1376768357279831,0.1445799592077708,0.06469338606933674,0.15589038853281295,0.08233391723596956,0.1651845349684003,0.11253488317712419
2021-06-08,0.13596581564305807,0.1388675646151232,0.14639085667008508,0.06558861957405213,0.15520426948455304,0.08003003800800802,0.1660200242190249,0.11193276626963526
2021-06-09,0.1354027364727164,0.13793092829696577,0.1474965557685739,0.0659608063156459,0.1551040601174265,0.07854745933531194,0.16591250560224297,0.11364490235583342
2021-06-10,0.1360660629513281,0.13879292355022974,0.14920519927890896,0.06573581409317619,0.15462357740400517,0.07809857656016293,0.16430362114596986,0.11317417989793091
2021-06-11,0.1353136608174209,0.13794430256162857,0.1481304695495562,0.06581861095509228,0.15447303493955172,0.07791863559317218,0.16756363613319464,0.11283760447008702
2021-06-14,0.1356754642578248,0.13651629299718643,0.14874483155784138,0.06565337363796839,0.15435393726181573,0.07799948001021437,0.16713581985736345,0.11392075603613708
2021-06-15,0.136347552054166,0.13575650081391052,0.1483066646471203,0.0654564513062385,0.15424611786355888,0.08025685037874788,0.1662839516976408,0.1133458665096241
2021-06-16,0.1357263188036892,0.13616371128770674,0.14883871651225836,0.06524873873906534,0.15425928905150885,0.07919647418181122,0.16773706665480476,0.11282963970438752
2021-06-17,0.13359473393109306,0.14111989949272802,0.14609249524153226,0.06481054021900769,0.15170731297135442,0.07790460572357033,0.172526242527941,0.1122441256455736
2021-06-18,0.1310695296755408,0.14503184067087072,0.14402485549185048,0.06545319313434474,0.14914493338843296,0.07631928851741303,0.1769446729464203,0.11201164074971419
2021-06-21,0.13302288090983408,0.14164680800606647,0.14622997748578534,0.06619098260400012,0.15074950680031474,0.07651631867123099,0.17511533521356848,0.11052814483743194
2021-06-22,0.13221202644582566,0.14205451912759573,0.14601233005377237,0.06557264013858143,0.15015817522149663,0.07640809870401485,0.17786652481061566,0.10971564043560915
2021-06-23,0.13331231671202004,0.14146419095346666,0.14410977999390784,0.06542299609779922,0.14968873227926668,0.0772014083588638,0.17821465234335615,0.11058587851458383
2021-06-24,0.13382019144686697,0.14295390514233178,0.1445475600197135,0.06483016191577169,0.14980724331698225,0.0774478729062071,0.17668627671302684,0.10990674451855909
2021-06-25,0.13283553776462848,0.1432557931501932,0.14382259924703114,0.06423887179225074,0.14987640299412577,0.07945094295232694,0.17643422665286498,0.11008558108577046
2021-06-28,0.13359779830890986,0.14154585659785193,0.14336803918573157,0.06383916357275086,0.1494199945426449,0.07845669662523981,0.17999780703940982,0.10977460103103817
2021-06-29,0.1335463018960639,0.14450273355847787,0.14228672345366755,0.06397965158697491,0.1494914261658351,0.07749203473110558,0.17912278354941472,0.10957830226095086
2021-06-30,0.1331567827197414,0.15066953294597088,0.13881346112540566,0.06353672397022946,0.14830453930023746,0.07890911941098085,0.17778276997092746,0.10882702802765955
2021-07-01,0.13118455873288987,0.152214845413475,0.13881294074730793,0.06363922119662249,0.146734785008769,0.07564931661534988,0.182693226761478,0.10907106227358838
2021-07-02,0.1305076902111615,0.15345164608150924,0.13955731501298752,0.0630167645734294,0.14538052258980438,0.07535094743689036,0.18394339072520982,0.10879168040704847
2021-07-06,0.12918843713258263,0.1530603480071674,0.13920142055435644,0.06369683712247422,0.1431666508992386,0.07604519158887366,0.18581976068742792,0.10982131105114362
2021-07-07,0.12958415141725838,0.14922613627339706,0.1424951084940292,0.06428475001535827,0.14369286635052667,0.07462966301647332,0.18604459154159106,0.11004268919282935
2021-07-08,0.1291839936024592,0.1500542866194458,0.14110927649188096,0.06535110309014643,0.143982272011229,0.07463841261573363,0.18439954913551224,0.111281062100825
2021-07-09,0.12937247850307887,0.14954149081712692,0.14247386161861725,0.06561949469325104,0.14325327626864964,0.07498639958772105,0.18276876789422628,0.11198418699987521
2021-07-12,0.12916918699491892,0.14708698267884082,0.1436118919484803,0.06535583267536206,0.14393447478840599,0.07459756939124797,0.18409562748186678,0.11214839109682039
2021-07-13,0.12924287453325528,0.14682696844412554,0.14394829837950512,0.06540271395758242,0.14438220649650388,0.07387420807056055,0.18252393913974116,0.11379874784936868
2021-07-14,0.1293616842596242,0.1456758894459567,0.1468280376803919,0.06544285009226847,0.1436184994584537,0.07432885518804104,0.17985081213947657,0.11489332836310999
2021-07-15,0.13046617781332145,0.14605998853865396,0.148159785882375,0.06662241489399771,0.14580435766870703,0.07481526499512407,0.17657426050790612,0.11149770515233882
2021-07-16,0.12913958287714702,0.1484395094164289,0.1488202792511405,0.06719682438993409,0.1445077395064332,0.07504391648485652,0.1739125620985018,0.11293954015404718
2021-07-19,0.12875729763000485,0.14867869134937445,0.14713647055851348,0.06642636441874732,0.1443288406336923,0.07413833485735476,0.1786920864435446,0.11184186857918929
2021-07-20,0.1309692156853851,0.14829611693619413,0.14587560808587793,0.06626523433025186,0.1468477916312801,0.07429591240584235,0.17556544995835177,0.11188462583069325
2021-07-21,0.13203336695233686,0.14674337635132814,0.14823157702632564,0.06530659240213522,0.14860547726467735,0.07333695282518493,0.17651528683543574,0.10922732682798689
2021-07-22,0.13095922255934378,0.14936733594932142,0.14973438327595182,0.06479658951623392,0.1479704493929651,0.07160149495446765,0.17779538752239335,0.1077750934107367
2021-07-23,0.13101502676014273,0.1496077119334237,0.1521509009490626,0.06515857261629092,0.14769790386419243,0.07137047469419745,0.17594116423944214,0.10705820189840501
2021-07-26,0.13138489083473273,0.14943881459957756,0.15373842354607006,0.06519589836350179,0.14808914819607502,0.07188529826413524,0.1739933866424856,0.10627409640264493
2021-07-27,0.13008707558801197,0.15058253519219855,0.15450018421239906,0.06531962763151097,0.14633383508511882,0.07107230600548907,0.17605830927299593,0.10604608315389802
2021-07-28,0.1290579719596188,0.1580092708408328,0.15357957047543594,0.06401879725071177,0.14557709839639832,0.07056519669398531,0.17436230266736613,0.10482974893678124
2021-07-29,0.12795755271342565,0.1643453263074273,0.15311875268408953,0.06419571423008713,0.14054517809662678,0.07122984426976257,0.17391740806256364,0.10469018131135406
2021-07-30,0.12876316176433228,0.16762251046459536,0.15161069969744864,0.06364722595933853,0.14296184516861454,0.0708904635914073,0.17054750300579227,0.1039565484969542
2021-08-02,0.129424688694385,0.16983054555637583,0.15072746624656755,0.06294366900099713,0.14256677496340942,0.07026529266598745,0.17108716250458633,0.1031543589173099
2021-08-03,0.12775225475391916,0.17351737280978716,0.1505306328350309,0.062334946176534456,0.14139080835249798,0.07215757807007432,0.16925333783126406,0.10306302829931627
2021-08-04,0.12584230274231376,0.1795951518141533,0.15067809357950465,0.06127180096952071,0.1396068662432491,0.07176046356464762,0.16986802539640244,0.10137725559888842
2021-08-05,0.1264418130711343,0.1712845127678416,0.1517779170687818,0.06175925784588911,0.1398625590665828,0.07191818114600267,0.17433151333063618,0.10262420528208833
2021-08-06,0.12777122234446892,0.16918266905814444,0.15075762370719223,0.06195647231179781,0.14145874760786303,0.07293437763041599,0.17338805256764084,0.10255079403523673
2021-08-09,0.1281297903788256,0.16651799380302204,0.15291974096927274,0.06231830620849047,0.14086444738859694,0.07186998057344277,0.17406164674821165,0.10331805289157754
2021-08-10,0.12700541125274925,0.1680313211031443,0.15602416912634418,0.06321708203054659,0.13838197842293373,0.06934426561707893,0.1743189350315175,0.10367679557635968
2021-08-11,0.12478317134395547,0.17096393121953815,0.15696418137037724,0.06377372385537497,0.13727673138879987,0.06895945131434378,0.17329976716782336,0.10397900024464887
2021-08-12,0.12167671366236983,0.17202639945861978,0.15804056994905666,0.06497631792609085,0.13392027552401317,0.06568725023405099,0.1781524904117694,0.1055199400079827
2021-08-13,0.1209503750773518,0.17657314139889804,0.15785341357801352,0.06450243716635283,0.13172048185718224,0.06557283764959318,0.1786666633622188,0.10416060756283091
2021-08-16,0.12314137882798808,0.17240375633834312,0.1582049352190415,0.06504208121325103,0.1342119011628082,0.06586252443140171,0.1773153092435001,0.10381807103502123
2021-08-17,0.12239152949004342,0.17532914601456226,0.15856650215753176,0.06481695341256252,0.13409941725373112,0.06678874749850557,0.17574615675392583,0.10226150420102172
2021-08-18,0.12312078245945479,0.17152224405697425,0.1604483925042546,0.0645963296399083,0.1341793814336437,0.06778739695996355,0.17493762165506957,0.10340780732701245
2021-08-19,0.12326127272587525,0.16971125489364083,0.16021366139009327,0.06437396957506628,0.13420405224837803,0.06658141821694803,0.1795301961145458,0.10212413144497838
2021-08-20,0.12067669790668815,0.17031123630518308,0.1606802765353375,0.06423682250905172,0.13087298821947124,0.06616315384598237,0.18770925649828257,0.09934952503141849
2021-08-23,0.12051578273158889,0.171012625191534,0.1598471719247764,0.0630089525909743,0.13052912404687897,0.06529347854134812,0.191291708119858,0.09850111516787362
2021-08-24,0.12083679352805636,0.16976709842537935,0.15914661275437927,0.06306721539313387,0.13121342479823933,0.0657113891600786,0.19043237536575003,0.09982504876288335
2021-08-25,0.12065545339733344,0.16845579696284568,0.15740992871016507,0.06246031116989787,0.13012349666806133,0.0666673607115402,0.19144718797808663,0.10278042316194363
2021-08-26,0.1207435261537393,0.16739134741039285,0.15851726426305154,0.0629636014950867,0.12978452039283062,0.0657349688316777,0.1908103753331386,0.10405435474706186
2021-08-27,0.12111252289700368,0.16918289535484674,0.15845559817877494,0.06256498873742526,0.13154115924643012,0.06505675640989904,0.19048255671827177,0.10160348219178801
2021-08-30,0.12056550901921377,0.1689163481743228,0.15958749023356708,0.06288314013757218,0.13108332037940607,0.06426309216143228,0.1907563677240833,0.10194469193938853
2021-08-31,0.12045960308803656,0.1690011388860105,0.15928045415517356,0.06304263989278522,0.13117232938591608,0.06512089694582741,0.18935707699619841,0.10256582018071982
2021-09-01,0.11905693112004433,0.168008321500201,0.16114261627146043,0.06257436097649108,0.13017334856289034,0.06518570132375788,0.18996810691711855,0.10389057282942876
2021-09-02,0.11948376503192608,0.16616700287439337,0.16417220408612096,0.0621770341982311,0.13017972442140802,0.06517550345875218,0.1888658775476756,0.10377884803696334
2021-09-03,0.11943775014706477,0.16549954114861398,0.16184381163771236,0.062244536035659735,0.13064947173762134,0.06433163698678061,0.19060491688010991,0.10538829550716876
2021-09-07,0.12059831495649562,0.1651346546144011,0.1633198366762095,0.062408457267970396,0.12751487722211874,0.06449373618692764,0.19000875633334327,0.10652132663028863
2021-09-08,0.11998612354075101,0.1633166879214408,0.1653271167360195,0.06317142640716877,0.12754162255963555,0.06435408763594554,0.19043788560366118,0.10586500881124349
2021-09-09,0.12099858409118382,0.1629072642951576,0.16408055694559803,0.06291146534918761,0.12944168745960352,0.06473788431249766,0.18861845321200701,0.10630406364520996
2021-09-10,0.1218956185203015,0.16045929704791334,0.16410043783230246,0.06311611677396552,0.12962320886922568,0.0648971855709987,0.1900061553633305,0.10590193958191545
2021-09-13,0.12358917297802507,0.15904807932415568,0.16562960635375018,0.06290191271127529,0.1312722354731234,0.06531868262869496,0.18631208465855678,0.10592818563504483
2021-09-14,0.12371361447075514,0.15981874809499827,0.16815500755602086,0.06301613365594719,0.1296162016140038,0.06430532817721295,0.18632206111220145,0.1050528652421586
2021-09-15,0.12424451277389263,0.1590699882280293,0.16781095783477332,0.06378287146327313,0.1308800342041692,0.06437061932010221,0.18650386925774393,0.10333710697996877
2021-09-16,0.12633117588649073,0.15946195250376807,0.16686269335059065,0.06326877245870781,0.1313645744485194,0.06485649824345166,0.18504850326306865,0.10280579004263567
2021-09-17,0.12582667394739708,0.15895564065388595,0.16481616045787092,0.06431695826094459,0.13240352709731498,0.06581459521649413,0.18571585375171257,0.10215055004423965
2021-09-20,0.12467461260801344,0.1599545469595348,0.16588664095527594,0.0647433110721213,0.1320246351577416,0.06598794183448144,0.18430092714814056,0.10242734250289752
2021-09-21,0.12376277013900591,0.16118672873107454,0.16784702668552903,0.06440602262581985,0.13057644948343686,0.06546620764372278,0.18458219849984295,0.10217255462787038
2021-09-22,0.12393687183161224,0.16039771485812016,0.1664560051803128,0.06436730274356967,0.13124420039930268,0.06580001746903516,0.1868521694442771,0.10094567733167219
2021-09-23,0.12461394948057128,0.16051032328839865,0.166644184153163,0.06380785689947042,0.13160857959794398,0.06480950958224849,0.18839908094158828,0.09960647596574787
2021-09-24,0.12604163103728755,0.16089040542172828,0.16550357876227348,0.06424941821889811,0.13233931708721955,0.06518668303963045,0.1860904894383601,0.09969843667586183
2021-09-27,0.12714577383862963,0.16496696378642742,0.15959197643450546,0.06443100019887806,0.13396784890110394,0.06637767152586646,0.1830836698407736,0.10043505503552562
2021-09-28,0.12479969748065783,0.1632476245086037,0.15715116561214731,0.06606883321352727,0.13421100041074246,0.06804591073645434,0.1844613960644765,0.10201432933922487
2021-09-29,0.1229048353470354,0.1646399733523141,0.15422523473656952,0.06719781410445673,0.13261994128431176,0.06803978491232676,0.18654885876928254,0.10382351399458921
2021-09-30,0.1227812334255967,0.1680512107579469,0.15243323729920683,0.06626855911049045,0.13239466410753065,0.06719830403054418,0.1874964929183521,0.10337625505024618
2021-10-01,0.12321222628697158,0.16738349345879883,0.15181909427561385,0.06662601878068171,0.13258278346530342,0.06723474582556963,0.187807189521675,0.1033344050679071
2021-10-04,0.12329319698970437,0.16919319310720055,0.15058956048175473,0.06715406881556087,0.13212941639317438,0.06902913495768084,0.18439144281102998,0.10421994173732954
2021-10-05,0.12375996194828771,0.1684601757416082,0.1519031849056875,0.06720888275986048,0.13101496407352498,0.06762259053558894,0.18753493595093892,0.10249526021433338
2021-10-06,0.12192593656800253,0.17101666388274275,0.15140902391951677,0.06748801016174433,0.1296746681707217,0.06690100438377992,0.18929636837487365,0.1022882807890751
2021-10-07,0.1212987590462327,0.17289142753683356,0.15194164792780065,0.06712535483057766,0.128581780401193,0.06641393898496682,0.18969518360338516,0.10205186460739664
2021-10-08,0.12117504074442645,0.17270162932368147,0.15037497146751727,0.06779162624715357,0.12881473669190213,0.06681854408441731,0.1897710819137929,0.10255232594366512
2021-10-11,0.12271670001202466,0.17251677315747632,0.14902933944612465,0.06789455049517286,0.12967915230335914,0.06612948559664776,0.18901397021236907,0.10301998508199028
2021-10-12,0.12266277397487786,0.1740441143602822,0.15048932012051755,0.06728205190514873,0.12904309663739152,0.0640850429625445,0.18981347694291836,0.10258007916572089
2021-10-13,0.12229020773087074,0.17828196114021339,0.15229829937133346,0.06628216460950903,0.1266448257027489,0.06284590509689186,0.18952245320990235,0.10183413983668985
2021-10-14,0.12189310819200679,0.17698167848085267,0.15407194168367117,0.06580087127404088,0.12783838346610657,0.062111894361158944,0.19045369020129543,0.10084839044110451
2021-10-15,0.12085827038197898,0.17632370720588786,0.155509828019464,0.06622372706287225,0.1264404172919787,0.061699830029080006,0.19053656864649265,0.10240760966665764
2021-10-18,0.12092998727037584,0.1808872511659373,0.15339936563030218,0.06543708398844857,0.1258472576139265,0.060575354093789724,0.1913318126306445,0.10159184641527001
2021-10-19,0.12125480838173247,0.17944018806143205,0.15476471485442098,0.06587678076827869,0.12541578810844484,0.060419609483049766,0.19054563103748326,0.10228243840824995
2021-10-20,0.1219602119800083,0.18141280623100783,0.14989147451621818,0.06643622121260485,0.12554582957358335,0.06168478830093079,0.19092567650305287,0.10214295035741258
2021-10-21,0.11990268254262373,0.1837351195112648,0.15190052109578767,0.06624216909035915,0.12180959883906359,0.06126547490737449,0.19363161778483215,0.10151277540568454
2021-10-22,0.12179260804586625,0.18382689312847342,0.15393204743843772,0.06616598296085353,0.12166049433535918,0.060040435077483655,0.19322511669134967,0.099356381645803
2021-10-25,0.12097630613476976,0.1866990015734542,0.15069690537065122,0.06665511307843683,0.11995972265383015,0.06081832315851874,0.19589095419251298,0.09830363338349561
2021-10-26,0.11615728212923393,0.18522708248392597,0.14934215919694147,0.06731073686590924,0.11781183212391726,0.06021627760835326,0.20639690680775982,0.09753768283466628
2021-10-27,0.11659501989874384,0.18471809042835305,0.15157222290889483,0.06612249705684405,0.11911960257703592,0.05975701712775764,0.20469704267990466,0.09741846727117705
2021-10-28,0.11826185336023003,0.18037455341771405,0.1516495358568657,0.06596925749606475,0.1200083603762819,0.06004770986980612,0.20577414197365804,0.09791454817834706
2021-10-29,0.11861232102809065,0.17869283608903846,0.1513400412119581,0.06612087582295564,0.11930526406998085,0.05953445296306459,0.2105886424392948,0.09580552697012289
2021-11-01,0.1193908536911485,0.18350513597348075,0.14821376070537695,0.06474661531009507,0.1195446001479122,0.06005584538510171,0.20973680805190112,0.09480634188397274
2021-11-02,0.11937557912544858,0.184746767107923,0.1476203544182759,0.06505147286115691,0.11839544125980378,0.05937557530504472,0.21178998725752815,0.09364478428644422
2021-11-03,0.11915235894796547,0.18655672255718456,0.14898570091570953,0.06486321557042597,0.11835676360951213,0.059031171915608756,0.21067374753585894,0.09238028105437922
2021-11-04,0.11896845592259718,0.18656971546801032,0.1449316104490445,0.0622891337213122,0.11571427809034411,0.05682143002221892,0.22409397795380703,0.09061136239765408
2021-11-05,0.12098789347170645,0.1842576313923757,0.14376097049758887,0.06320537535931066,0.1175702331258061,0.05712746539748839,0.22283289309000934,0.09025750183423845
2021-11-08,0.11719554874968671,0.19699786194543376,0.14003796918444839,0.061359572130181964,0.11381300050853559,0.05670340725640184,0.223962464089563,0.08993014135253276
2021-11-09,0.11931989091001213,0.19467432217726968,0.13955824588712526,0.06101496192815853,0.1157978968230372,0.05728171096714139,0.2220987464377849,0.09025419021030226
2021-11-10,0.11943190662487495,0.19018277777746814,0.13966115606193036,0.06243660179278684,0.11732187953785406,0.057862593244217476,0.22198593908301315,0.09111710982753543
2021-11-11,0.1193496829993899,0.19388283072864892,0.13898258341780179,0.061711323965491026,0.11607276264436857,0.057385275508428216,0.22363941742521082,0.08897608810445197
2021-11-12,0.12003068679123871,0.19382224732146444,0.1401752003155127,0.06176537794048368,0.1165625651925853,0.058727341420720544,0.22072747877389845,0.08818906749629622
2021-11-15,0.12003195550222286,0.1926651985974025,0.14151080414732733,0.06226404689026669,0.11806806954859239,0.05853819965006305,0.21884631525584322,0.08807537553781436
2021-11-16,0.1198080385059285,0.1981140934216737,0.14044928500590495,0.06184816387616201,0.11740124961616796,0.057863088863631396,0.21751986384651228,0.08699618240916271
2021-11-17,0.11966205352132343,0.19879950306060365,0.14178904315049184,0.06261296475804275,0.11799229284075947,0.05746115624014973,0.21301570284076554,0.08866724876022182
2021-11-18,0.11780735664731763,0.196991669852428,0.14030194151546385,0.06112045577079088,0.11507952620596323,0.056736116302011856,0.2230681916317469,0.08889470838260205
2021-11-19,0.11070836762523038,0.19636110322341824,0.1360187939713435,0.0601280573053089,0.11598899013467297,0.06081453985939523,0.23096912200873676,0.08901099237234314
2021-11-22,0.11086852151240606,0.19623196508159824,0.1334280236221737,0.059564856618793335,0.1185122482999016,0.06254517468581293,0.2278537930506758,0.09099538301677558
2021-11-23,0.11248334328331222,0.19389598105525854,0.13115847377656156,0.06007562209724601,0.12182554555772258,0.06403450163744788,0.22754071216816402,0.08898578613395192
2021-11-24,0.11088325579043362,0.2007386932169448,0.1281932046174374,0.05947416024639313,0.11973054135856415,0.06357373754085113,0.23034947971039835,0.08705689379128903
2021-11-26,0.10980440060973636,0.20280393033802097,0.12866213083053474,0.05991578572825837,0.11978882070863703,0.06334956164479343,0.22871264198925512,0.08696269341795905
2021-11-29,0.1106542905602443,0.20253789221947147,0.12804156801878167,0.059071177429022806,0.12125613740085467,0.06246452798357819,0.231381046870615,0.08459332635127918
2021-11-30,0.10992846353537905,0.20219870756210417,0.12691627302434047,0.05915160392838693,0.12363341241862544,0.062169986253824416,0.23120391075735522,0.08479760866925998
2021-12-01,0.11433242783278569,0.19215428953872574,0.130123220381681,0.05982059012752641,0.1272993070205627,0.06360978866457229,0.22452816777601012,0.08813217449121812
2021-12-02,0.111133407660735,0.19541857676723817,0.12857359658718887,0.05995224613382274,0.12219984974281763,0.06230974370478897,0.23093033722131318,0.089482207796801
2021-12-03,0.1134048545563165,0.19144807514313775,0.1288133691770418,0.06208520440803721,0.12525239725671514,0.06290004515034464,0.22615789554723345,0.08993812351427864
2021-12-06,0.11580557651813062,0.18679566099219097,0.12760443363244645,0.0635038188933122,0.1277239525904295,0.0642024048376637,0.22363263842951106,0.09073147849179841
2021-12-07,0.11666235083713143,0.18413122693418743,0.1286781484819807,0.06279968791842894,0.1278566510115881,0.06324760599457493,0.22847023764833757,0.08815405747054869
2021-12-08,0.11728564101629503,0.18514141571472215,0.12870210799375947,0.06277839864850239,0.12964365418029897,0.06356422472383808,0.22486065080873124,0.08802387311672315
2021-12-09,0.11767213406020598,0.1819885666568456,0.12786925251798925,0.06433301587022812,0.13127661509994298,0.06487950496428047,0.2227008824671427,0.08927999342416948
2021-12-10,0.11693932554499471,0.18134952750208705,0.1285236892362031,0.06918456231019368,0.13161564216294264,0.06490455402042636,0.2190797055936832,0.08840295892604094
2021-12-13,0.11684513451654886,0.18168862250786563,0.13037294830646312,0.07063610135550556,0.13248315656448398,0.06639765532296796,0.21195014315181274,0.08962620227173256
2021-12-14,0.1173428357330529,0.18412862674242392,0.12865095930917636,0.06986752464136366,0.13165429943579893,0.06556174269614135,0.21326991373312468,0.08952406170712779
2021-12-15,0.11587620997632896,0.18886202929419685,0.1282650159464582,0.06902305614594678,0.12832243232717702,0.06401491473664554,0.21763900947576278,0.0879972979176836
2021-12-16,0.11617351648999223,0.1876891766482111,0.12836688055276468,0.07031056204520061,0.12972506542806586,0.06489327607273726,0.213002246799803,0.08983924006994284
2021-12-17,0.11639548663730956,0.1875437661097238,0.12821901328952118,0.07233684547304801,0.13005199973519194,0.06550661612412574,0.20979035310747032,0.09015588342640922
2021-12-20,0.11617619433656057,0.1859912722300693,0.12950127462842517,0.0739221972096261,0.1292457623419646,0.06512705891730655,0.2104187573401814,0.08961744668343913
2021-12-21,0.11598574786083814,0.18889081878484976,0.12877585312158818,0.07126239185166483,0.12768202036373516,0.06883392470025963,0.21102253585736883,0.08754667274146993
2021-12-22,0.115612947885143,0.1866910427085793,0.12908310806797876,0.07159264575367182,0.12802914656914416,0.06795150040997344,0.21143864640691906,0.08960092779644482
2021-12-23,0.11643231545181876,0.18707413337190112,0.12884121098840087,0.07166501566795741,0.1276783918087851,0.07006556255776389,0.21029886592793195,0.08794447028580867
2021-12-27,0.11786045084168327,0.1911329296653466,0.1261848611601783,0.07030926524422783,0.12786412683290738,0.06778080930338813,0.21237592826740387,0.08649159585544255
2021-12-28,0.11708163359758779,0.19201604525840416,0.12672077154687078,0.0706347113354854,0.1281633062091423,0.06754902819422713,0.21071353482078553,0.08712093579581194
2021-12-29,0.11849653722089955,0.1865655474053913,0.12674371595536282,0.07127582202561149,0.1305455618670319,0.07015248663754073,0.20924606054371483,0.08697423498107372
2021-12-30,0.11793668954935255,0.1852411830406685,0.12825827319057745,0.07147692696242058,0.13086215866262552,0.06946017928415399,0.20927668652654566,0.08748786894734394
2021-12-31,0.11798341143064409,0.1844425187427001,0.1281578414868274,0.07182261085551012,0.13157982105714272,0.0692854389227222,0.20894124337909317,0.0877870801422783
2022-01-03,0.1170573918577512,0.18798712184075178,0.12532080550722927,0.0698935616397551,0.12957626620805682,0.06952485835293976,0.2088939907286981,0.09174597069027099
2022-01-04,0.11766961793341826,0.18345084521619373,0.12430575500114,0.07176861791004732,0.129104636136449,0.07101626973486878,0.20621764065493695,0.09646658373428044
2022-01-05,0.11947172335700249,0.18087124225795292,0.12440964810393926,0.0719340313163037,0.13119228250133572,0.07277509073681401,0.20325348415856015,0.09609246234606131
2022-01-06,0.11998731509379955,0.17873580838888758,0.12574393090279598,0.07038339607783668,0.13145885314029945,0.072825361965975,0.2049099550157611,0.09595534462889888
2022-01-07,0.11937595808880125,0.17862171684365827,0.1284975899231338,0.07055498428371944,0.1292838297480924,0.07416876879309774,0.20435870746704782,0.09513840897489556
2022-01-10,0.11897513421918911,0.17947388557779698,0.12417055908752828,0.07112173628000638,0.12893018464697956,0.07408076305569121,0.20648662191193784,0.0967610791721523
2022-01-11,0.11907382962264675,0.18334312123479002,0.12227585362481447,0.0699454236314921,0.12831651206102232,0.07299148206720615,0.20586703834486567,0.09818670401139445
2022-01-12,0.12280047587026995,0.1808775586092108,0.12264096106098735,0.06891894463156735,0.1289059782026725,0.0726209280725738,0.2041894826277557,0.09904563603992111
2022-01-13,0.1231301149642292,0.17776348390221017,0.12279102997076231,0.06734801236431116,0.13128697211008927,0.07431017902699888,0.19725499029867816,0.10611518185660107
2022-01-14,0.12713570591237072,0.17814134583165547,0.1216921207399175,0.06535999912528978,0.13558449610987416,0.07352993019540525,0.19434287497985211,0.10421349260022354
2022-01-18,0.12206922424984715,0.18069760687256395,0.12302970227621848,0.06664236375936594,0.13275613833427705,0.07381475567195639,0.19664052584543548,0.10434964667656413
2022-01-19,0.11875805417161127,0.18201752346156197,0.12453996545420423,0.06739311959418046,0.1301925986486868,0.07411215061636779,0.19715351974876036,0.10583303068187291
2022-01-20,0.11919881140431232,0.1784967771126506,0.12992876940030584,0.06754488304301981,0.12953654895422484,0.07229321428424443,0.19601688762978287,0.10698406934526733
2022-01-21,0.11890501231154482,0.1788133712967284,0.13131626976779662,0.06758232276080349,0.13014834158507066,0.07155646475935784,0.1949818120540419,0.10669636556129355
2022-01-24,0.12195677294838596,0.17442042518719994,0.12922221127537992,0.06826430463496178,0.1328598602619869,0.07205011953376818,0.19389632597034054,0.10732994050336891
2022-01-25,0.12162349139412676,0.1737414204074578,0.12734574465797152,0.07032320479295151,0.13127706500248856,0.07323386895830722,0.193445291761599,0.10900987157414095
2022-01-26,0.12238977006576371,0.1708480417408915,0.126609007588112,0.07240081571732031,0.13143981267219274,0.07340692037460213,0.19477731286731395,0.1081282780585121
2022-01-27,0.12340387765335421,0.16630511890036612,0.12919770008398818,0.07402481201647113,0.12848592455356156,0.07404608339451105,0.19714609657084975,0.107390343851416
2022-01-28,0.12287639513067965,0.16690564729314852,0.12846509132627884,0.07480443344653191,0.1270372205376527,0.07295545639875642,0.2007707302986632,0.1061849835195773
2022-01-31,0.12119381591841102,0.17130307033844838,0.12752090187141285,0.07397569571556946,0.1262616875876525,0.07158288582648416,0.2034889830648809,0.10467291992400139
2022-02-01,0.12076759762058747,0.17393943597419984,0.1274788349000165,0.0743448156280637,0.12533167350962135,0.07040110168420001,0.2033991493157171,0.10433735187714394
2022-02-02,0.11948472149679701,0.1781408783489351,0.12515861499171915,0.07374032724506993,0.12672560724069695,0.07116617686151562,0.2030226682148249,0.10256096712627717
2022-02-03,0.12052562441113171,0.18124216294037818,0.12244170492568635,0.07382850619731492,0.1268517407476174,0.07179635512238187,0.20034190690530204,0.10297195873258705
2022-02-04,0.11871044513083157,0.18501946889184295,0.12272730699149419,0.07439439148682774,0.12373700647496691,0.07051041697253459,0.20177099687097869,0.10312992749231838
2022-02-07,0.11892247862216374,0.18469202094117992,0.12191933886192843,0.07390252928443819,0.12180655915322464,0.07008578326986471,0.20468537685806149,0.1039858734135988
2022-02-08,0.11888956657210249,0.18783390235576894,0.12021684870367735,0.07403999342671422,0.1205022008736038,0.07150598786346515,0.20384992298650637,0.10316153838105707
2022-02-09,0.11856244596302998,0.18673126690867556,0.12010361620675392,0.0723618769426569,0.12187887573466212,0.07187679439947431,0.20804731733084328,0.10043776924745956
2022-02-10,0.11820302159670433,0.1818298552000613,0.11926954451147191,0.07199653450164219,0.12276645103675829,0.0763631493645459,0.20693106900803387,0.10264033644973915
2022-02-11,0.11895375781123323,0.1737153984027917,0.12110152195199289,0.07411616515054029,0.12269262145602251,0.07994849206450177,0.20373705570261627,0.10573494676623237
2022-02-14,0.11802928049642336,0.1748567615552627,0.1206710606532901,0.0745564305556559,0.12194063151889092,0.07979495675843312,0.20581658728235608,0.10433425060896828
2022-02-15,0.11775254999337488,0.1748564098263432,0.11867058504209971,0.07306942144526461,0.12202163874529703,0.08019412228476391,0.21139293999485487,0.10204229450214514
2022-02-16,0.11927826307897303,0.17024663691534767,0.12060653348381924,0.07275076739940095,0.12213529653441745,0.08063811121250923,0.21255882391715877,0.10178552910518628
2022-02-17,0.12023809336946606,0.16925008442935544,0.12303666058241677,0.07343931563351243,0.12483389661614475,0.08192490542572788,0.20458917766481582,0.102687826344728
2022-02-18,0.1190810029870466,0.17377199618556535,0.1242051346382782,0.07456157620522172,0.12421096246197219,0.0804391964505652,0.20004208125795375,0.10368800933851981
2022-02-22,0.11749551110806726,0.1780111111528677,0.12377133541272725,0.07485053049856238,0.12298206626741065,0.08089928494597477,0.19954723106767247,0.10244288873696498
2022-02-23,0.11897534220733888,0.17428406586052014,0.12597968748948157,0.07557524986493579,0.12294045083773837,0.08045188607079348,0.19702600739427087,0.10476726817550508
2022-02-24,0.11967008832215374,0.17848085891154786,0.12626146241181072,0.07475758781412233,0.12298190497486176,0.07889950763078653,0.20146374646009596,0.09748480289403239
2022-02-25,0.11956075422787021,0.1819854903817094,0.12594922705507444,0.07443758357876992,0.12300190277697864,0.07859948073018096,0.20127654561887276,0.09518897577409556
2022-02-28,0.11862924494985067,0.18605206009960318,0.12626781481259144,0.07462177313553711,0.12087425160766399,0.07778495589580045,0.2038766116471188,0.0918932478579998
2022-03-01,0.11936691257683116,0.17889302353499362,0.1251771787473037,0.07545265013390573,0.12127132669659824,0.07866922759230768,0.2045000100231215,0.09666962902727438
2022-03-02,0.11863631237321029,0.1797965165958268,0.1251157360005864,0.07498528072961642,0.12021675134492378,0.08230199613850815,0.20409488908814416,0.09485247742664048
2022-03-03,0.1197678699838871,0.17518453081086727,0.12393542881026234,0.07622636616437575,0.12137586666050502,0.08096205649898393,0.20565919588139847,0.0968886437117236
2022-03-04,0.1195284826513037,0.1758565714254303,0.1210779283434331,0.08141411516800834,0.12174828070655093,0.07710542643747931,0.20625050798090458,0.0970186442786432
2022-03-07,0.12011466310217421,0.17699642085947953,0.12401169479902512,0.08262614731251473,0.12004655628835635,0.07552535736836016,0.2035001502192699,0.09717896446805774
2022-03-08,0.12336966079298503,0.17894880398096635,0.12203746486653466,0.08224494408530658,0.11869877374855704,0.07592833549132288,0.2022376976340728,0.09653427444138735
2022-03-09,0.12117816763075896,0.17853596439369857,0.125456137711735,0.08082905320081557,0.11872098882991429,0.07411484210164924,0.20511019953728518,0.09605460396862886
2022-03-10,0.1212014839294901,0.17618944576827997,0.12472420840635629,0.08191111591003268,0.11743040024796131,0.07272150596627878,0.2078754194991453,0.09794637639353604
2022-03-11,0.12270345025802823,0.17661665648399452,0.1246036483305903,0.08240917449958966,0.11685738122579746,0.0715646176361975,0.2074766614595466,0.09776836520572413
2022-03-14,0.12243261105982932,0.17782800333855195,0.12614843908683102,0.0831579377260157,0.11643385696392307,0.0700414425485683,0.20564380883040118,0.09831385433543272
2022-03-15,0.12062479630118146,0.18088886807792184,0.12398922186215909,0.08258913713877947,0.1148482058430354,0.07019530937755733,0.21070664656720003,0.09615777096546367
2022-03-16,0.11931792708419989,0.1800303986094852,0.12750949258323505,0.07978091698527118,0.11497161982098235,0.07214505872796549,0.21190257373069923,0.09434197108531213
2022-03-17,0.12043422345065152,0.17390588623866526,0.12790854861356124,0.07902255268767641,0.11735746579322906,0.07275494834660015,0.2137686101859854,0.09484772340146523
2022-03-18,0.11977148222586138,0.17159456291206301,0.12913253924335513,0.0777416780393502,0.11795899009958197,0.06969389711685604,0.22178067837041865,0.09232613189446487
2022-03-21,0.11861376094030998,0.17483654991663322,0.12935786261632637,0.07688760159792725,0.11595665735193411,0.06857590384592388,0.22352490973454597,0.0922467140077849
2022-03-22,0.1193915512901091,0.1726059983036801,0.13007697036395344,0.07794188720106843,0.117746285267474,0.069045415626547,0.2211142650132547,0.09207758706336927
2022-03-23,0.11891851614974412,0.17590544972680622,0.12903020000391147,0.07846572721487058,0.11741577326731266,0.06778711158090205,0.21942384242702256,0.09305333868999781
2022-03-24,0.11866639559082667,0.17610933021594447,0.1267160131017896,0.0775993623172202,0.11638435767660338,0.06631447686270815,0.22800988382871284,0.09020014166707871
2022-03-25,0.1182954432505718,0.1762519280682127,0.12714177398901805,0.07852499438443496,0.11702036441904247,0.06675108813756625,0.2260950013721303,0.08991936732991843
2022-03-28,0.11772611819421423,0.17547095375601363,0.1273474782782602,0.07830256705984705,0.11646993814141171,0.06763077405433555,0.22828949380551153,0.08876263801862083
2022-03-29,0.11840851843003126,0.17604286277938044,0.12722997938371933,0.07769207848013512,0.11639158649112548,0.06802041582705178,0.22693712710929542,0.08927739362323082
2022-03-30,0.11749248842374575,0.17601541029578974,0.1269312349092584,0.07899348446062243,0.11598089798698838,0.06782130873425768,0.22662748823000473,0.09013764781543572
2022-03-31,0.11757102313345932,0.16643901343880776,0.12769162468492254,0.08126328052878927,0.11719368353250824,0.06880444606092247,0.23025233931171835,0.09078454895004172
2022-04-01,0.11554271708998884,0.1674238994471446,0.1297736655451101,0.08225881891367533,0.11644543499421667,0.06841165112268013,0.22915258264037217,0.0909911892176344
2022-04-04,0.11508804026491017,0.16770003797694674,0.1297320067176888,0.08166247763847402,0.11636270196859429,0.06838564451001455,0.23012149972502394,0.09094755097154729
2022-04-05,0.11335602596401714,0.16977048924814717,0.1290347744305114,0.08274873142601152,0.11462796278161762,0.06881220417083522,0.22846356611200805,0.09318620372902636
2022-04-06,0.11446772634198221,0.16969839828553235,0.12920884921900444,0.08354482080287308,0.1167785494770057,0.07008451648407112,0.22147621381136082,0.09474088217842835
2022-04-07,0.11731575811529028,0.16964017746720395,0.12844286393005697,0.08362150224512323,0.11789310062097338,0.06955213258938897,0.21948918917985275,0.09404523248817409
2022-04-08,0.1181334138257331,0.16972619984713708,0.12893605217496756,0.08363036932812212,0.11831383139790287,0.07044586676036547,0.2153696787124293,0.0954445433990033
2022-04-11,0.11803922855851383,0.16872803055675809,0.1300857541011196,0.08529920736711857,0.1180621714927567,0.07253159230220615,0.2105383717924727,0.09671559788550448
2022-04-12,0.11776274294210778,0.1668194396605419,0.1308602955725804,0.08701064189857692,0.11731236889809779,0.07335152540935871,0.2091093686022063,0.09777357050842549
2022-04-13,0.11720310289014209,0.1672772300864586,0.13170745578862805,0.08597667235154999,0.11583191257026583,0.07198381546072964,0.21065129012167413,0.0993684753544693
2022-04-14,0.11790697602989769,0.1651710872646017,0.13327024391969094,0.08635106913486967,0.11594417336534811,0.07233136927475382,0.20916134693555374,0.09986368701728221
2022-04-18,0.11748531887302154,0.1638655127834866,0.13273798919117438,0.08678299468633653,0.11760744306479232,0.07215974079395712,0.21075312587156284,0.09860782846234234
2022-04-19,0.11735656402561587,0.16582439447212116,0.13259779982935085,0.08667897416007025,0.11739744583441379,0.07230289032904895,0.21051941279972983,0.09732247319177428
2022-04-20,0.11898955484131388,0.16193600763557398,0.1371217021441199,0.0872809361908779,0.11875043181147364,0.07326324682799958,0.20510962362415464,0.09754845125925209
2022-04-21,0.12064220684212539,0.15988687681940394,0.13855678578821867,0.08942316193999071,0.11964660095511542,0.07333567547397135,0.19909876159470652,0.0994098834065439
2022-04-22,0.12021130123985964,0.1602878154775641,0.13877391716873402,0.09049549703098078,0.12061218852898448,0.07335019830296398,0.19673610643572478,0.09953292759932329
2022-04-25,0.12036885630789258,0.16273206281228797,0.13517305083941186,0.08943361486251998,0.12242341012829747,0.0731151760944363,0.19796961187246787,0.0987841695079693
2022-04-26,0.12076594821025691,0.16112530159575003,0.13316955067995484,0.08983979772117126,0.12388367383112865,0.07375184673751516,0.19705921625057232,0.10040461480983484
2022-04-27,0.12173252582877891,0.16210184374256872,0.13351993251558442,0.09056461948370027,0.12488116593192067,0.07374059746515373,0.1948897631775576,0.09856950123829664
2022-04-28,0.12117587445745774,0.16170037473137616,0.13378698765925803,0.08854034825058005,0.1251569037145297,0.07356553438594228,0.19781874201256422,0.09825518696145323
2022-04-29,0.12194551401461322,0.1612695744928102,0.13351872350360108,0.08863363109364157,0.12577886357496285,0.07472353185315209,0.19388603034335603,0.10024408112648162
2022-05-02,0.12076013379606572,0.16387828249365702,0.13083132295470543,0.08913256273903933,0.12520968012325792,0.07483560182205753,0.19751890758967158,0.09783346011844087
2022-05-03,0.12072531526733296,0.16497139605144692,0.13063808503021623,0.089196717780338,0.12583427036831382,0.0749626576481237,0.1967142233447619,0.09695728651294244
2022-05-04,0.12045176107323667,0.1719987119592325,0.12964993993516943,0.08854055732570282,0.12534125582187913,0.07401146981533581,0.19501239148196758,0.09499386671903934
2022-05-05,0.1212511613637122,0.17116815891228385,0.13008763803437887,0.08966337913602411,0.1256871415459173,0.07553992964354828,0.19048347226734696,0.09611907075100054
2022-05-06,0.120870909087531,0.17479770156198476,0.1277444491927768,0.09016994357221429,0.12556197066442584,0.07495085748728089,0.18980569459745714,0.09609842522661363
2022-05-09,0.1219198634603217,0.1699018168519653,0.1275394925958157,0.0938924109372854,0.12597939288420765,0.07766025839458068,0.18486006142664238,0.09824665128794437
2022-05-10,0.12052006748137346,0.1702579152393836,0.12699177390731947,0.09458076146482716,0.12616059984003483,0.07683709323695477,0.18716046959354776,0.09749126836215823
2022-05-11,0.1198317114097231,0.17300217968847476,0.12971240571315357,0.0946083890196897,0.12601622663808704,0.07656517779108614,0.18140287773139885,0.0988609798377187
2022-05-12,0.12285407785637457,0.17095857430741793,0.12970958061890925,0.09515685856577355,0.12947818659796784,0.07726392529584297,0.17607778231259186,0.09850096238145767
2022-05-13,0.12087605916948406,0.17539959446258627,0.12785588305292725,0.09196226878824726,0.1299008679731588,0.0770651749665189,0.18099446711481143,0.09594563558235746
2022-05-16,0.1213568816586739,0.17664738650750636,0.1267987573968973,0.09259616413673954,0.12950992562228028,0.076758772643089,0.17939128280799357,0.09694077952933154
2022-05-17,0.12133468550846532,0.18158559106427435,0.12585337542076588,0.09136791975096428,0.13000030112709463,0.07669661173091133,0.17856443341246106,0.09459703500137152
2022-05-18,0.12263226729216378,0.18095931919979216,0.1255611643766095,0.0909184925358225,0.12851706747221953,0.07759983734716795,0.17647983709504483,0.0973319648492883
2022-05-19,0.12270819762853649,0.1827898547539339,0.12576967707009504,0.08756255737067212,0.12784472771604385,0.07625559744864105,0.17949554864638054,0.0975737892327919
2022-05-20,0.1195783367064795,0.17921277735236524,0.1291469520047885,0.08826886708082342,0.1301386618780676,0.07674117542385345,0.17738049557488186,0.09953268316047306
2022-05-23,0.12156808719961963,0.17940646302191635,0.13234641525399196,0.08421236151690563,0.13060870898522814,0.07631208607109584,0.17677385653851224,0.09877197137966784
2022-05-24,0.12161321308075353,0.17748428678093334,0.134530266282683,0.08652686519789707,0.13131355295137975,0.07537235006654754,0.1743507020319079,0.09880871198788972
2022-05-25,0.12123927939821492,0.1761852452261916,0.13179473630893748,0.08571010102839412,0.13277942971932985,0.07499871872179992,0.17894599474178566,0.098346444437232
2022-05-26,0.12316995753408629,0.17993280146391355,0.1290462686964326,0.08506584009400672,0.1328711938569929,0.07475320454002343,0.18031168964510172,0.09484899585958805
2022-05-27,0.12265532352768553,0.178701218579351,0.1289149034082871,0.08641660292910042,0.13289033271746492,0.07445537199397695,0.1822307644047409,0.09373543610705569
2022-05-31,0.12125835633469956,0.17926063183845978,0.1282484730447761,0.08655756887310419,0.1310600649213684,0.07551352891076436,0.18216298566900696,0.09593834374792723
2022-06-01,0.12022093972198296,0.18097696986019376,0.1274394881218592,0.08695201892503884,0.1295054407912584,0.07641726327981997,0.1815810282996869,0.09690680359567122
2022-06-02,0.11837160525787632,0.18649142667513893,0.12607559141057975,0.08397452626473116,0.12870057923516567,0.07521760910034124,0.18652446117233992,0.09464415535027333
2022-06-03,0.11962720394354356,0.18829861424932057,0.1262563769724931,0.08459943754673395,0.1303829735789092,0.0719931809743369,0.18382634271822423,0.09501582305122067
2022-06-06,0.11949438386901791,0.18687438704227044,0.12787061331041732,0.08416267814153872,0.13077040912407054,0.07241243835354863,0.18420554321716126,0.0942095000452229
2022-06-07,0.11932617273105978,0.18488066154626448,0.12813235363947056,0.0853082581078503,0.13163559017528476,0.07220799561474639,0.1842436490023587,0.09426527262348634
2022-06-08,0.11845443223935782,0.18270819326846954,0.12865708825054084,0.08594235883692443,0.13149973785045466,0.07147593809313788,0.1853940900747803,0.09586811384774122
2022-06-09,0.11696310896176708,0.18343394268970412,0.12734452113856415,0.08755234072435555,0.13119783712841485,0.07122791300295993,0.18579394834834312,0.09648633878094648
2022-06-10,0.11605917481791132,0.18387432466159506,0.12788816469729003,0.0889884142023298,0.13174549400080912,0.07056446619622177,0.18250939908572067,0.09837051092385682
2022-06-13,0.11695920810198021,0.17981166096654652,0.12901374332826165,0.09071058920889556,0.13234103758488816,0.07067618057076798,0.1793326892822788,0.10115483615253637
2022-06-14,0.1166976443911376,0.1788525061358106,0.12769899560301423,0.09067120826269245,0.13287291988885636,0.07013190823408563,0.18053071273200785,0.1025440502408863
2022-06-15,0.11509258998554167,0.17958965488768333,0.12850937770237886,0.0898048613315661,0.13108754696157987,0.06909014244430191,0.18429084510805943,0.10253492825861922
2022-06-16,0.11361979464278975,0.17713470585860694,0.12780269021402016,0.09099910238684011,0.12975773353455788,0.06901104612252583,0.18674861685646316,0.10492625314578716
2022-06-17,0.11322436823862833,0.17501675798457525,0.1284285235114784,0.09070756095202068,0.12931831038055563,0.06950977140130382,0.18892069029220288,0.10487396035241348
2022-06-21,0.11590469458482873,0.1737096047303075,0.1295973423700136,0.0892787149328105,0.1289971324668088,0.06842767971170025,0.1904272540080457,0.1036575222294852
2022-06-22,0.11589268437457233,0.175881774247697,0.1289303614955412,0.08906135261711795,0.12843653619647175,0.06875507178559988,0.19050187274265684,0.10254029086043397
2022-06-23,0.11584772135940472,0.17426686848884707,0.12979223283820854,0.08974345913511562,0.12882426080079282,0.06906726144261578,0.19019281413049635,0.10226532575240203
2022-06-24,0.11531912868650686,0.1755779026818167,0.13137350105658718,0.08774654567767677,0.13042703325890556,0.06847206328336977,0.19146405658197543,0.09961971531501215
2022-06-27,0.11638838416702227,0.17488461308357753,0.13039883334438068,0.08774683392939502,0.13118252886164208,0.06933097879541535,0.18985193138331982,0.10021584261962257
2022-06-28,0.11753098621528801,0.17008725421186874,0.13057412888325728,0.08971677514166188,0.132592843972422,0.07079429343947298,0.18658594022540623,0.1021177220854056
2022-06-29,0.11655215354625437,0.1683004452347395,0.13224448270265884,0.09046689863990591,0.13241751175766847,0.0702491883638776,0.1859657950831867,0.10380346745684717
2022-06-30,0.1171960124681265,0.1676828350311366,0.1319547025668742,0.0910642659681198,0.13427041644448592,0.07043967852183618,0.18430956137201543,0.10308246948941646
2022-07-01,0.11655951531034359,0.16943740546423533,0.1308268595742261,0.0939474872390682,0.13048152880672229,0.07170347642666271,0.18520589179888863,0.10183777440073667
2022-07-05,0.11569233446193017,0.17220846702591946,0.12521382357294517,0.09323981849647936,0.1279233199403599,0.07549207220586979,0.1900046423829451,0.10022546119810741
2022-07-06,0.11592301013510757,0.1717774786143827,0.12363705466115588,0.09405099490581259,0.12830563350273128,0.07600105862443345,0.1912501456602282,0.09905456345322375
2022-07-07,0.11577029157196696,0.17220836128167982,0.12409470617120553,0.09254759086971986,0.12945647953265113,0.07426417169609678,0.1909454509422274,0.10071289035818283
2022-07-08,0.11605234159762293,0.17190330203436965,0.12408448594336288,0.09235321153710518,0.1292204815282438,0.07459675224648153,0.19024686969113355,0.10154249798361697
2022-07-11,0.11651850126280007,0.17222744729182168,0.12426462318563544,0.09238448068957696,0.12941446311842342,0.07533522592995172,0.18803714567318108,0.10181805350741964
2022-07-12,0.11674928098726604,0.17103315475408573,0.1230620175468244,0.09216742504124975,0.13062359290703904,0.07717749780640805,0.1873066271870725,0.10188034438503855
2022-07-13,0.11581176931525733,0.17156033160062054,0.1250979555811127,0.09113620395273402,0.13101807519310918,0.07584462773735999,0.18607875061302934,0.10345222733008427
2022-07-14,0.11711624315571688,0.17093975296352398,0.12565264370209683,0.09009979451281172,0.13103472834890767,0.07515236436739477,0.1853663014323921,0.10463811385604216
2022-07-15,0.11736414812605642,0.1715325418563867,0.12719533312877204,0.08938967714120344,0.12979337495165885,0.07576355874444123,0.18482610190948492,0.10413520807147274
2022-07-18,0.11608553222988176,0.17276545416234126,0.1270293339571442,0.08906172625725163,0.1290023157416626,0.07467411864477813,0.18941099205673012,0.10197047069859946
2022-07-19,0.11671181454822394,0.1736974306187145,0.12746016174768615,0.08800415989518545,0.1298885526867077,0.07348307496245134,0.19055739806500763,0.10019735385144787
2022-07-20,0.11764415131104881,0.17518858538910106,0.12742960546556023,0.08570011306668554,0.13091494090235323,0.07219841028997331,0.1934163323775205,0.09750780925977574
2022-07-21,0.11709520816169439,0.17485406329767877,0.13162867717000387,0.0849474807688062,0.1313260459871581,0.07112733934541929,0.19211534309288072,0.09690579128224708
2022-07-22,0.11775159656674916,0.1736922807063315,0.13319479092585307,0.0863772649544213,0.13144181818274442,0.07035510311724032,0.18932475028575788,0.09786234298914397
2022-07-25,0.11780202800217635,0.17380752984543887,0.1353183044448382,0.0870876421910274,0.13050465531010938,0.06953429443215592,0.187414595368382,0.0985308977648229
2022-07-26,0.11796873163218968,0.1730819221787425,0.13457345102832535,0.08870308319636479,0.1304693718054233,0.07052480744698082,0.18611821518565902,0.09856036369688012
2022-07-27,0.11754762202474964,0.17371811022591618,0.13357887436914556,0.08726039445957338,0.12996384868736371,0.06969376203685104,0.19077777095346127,0.09745956596453036
2022-07-28,0.11734340286745412,0.1741269272466618,0.13468119584947952,0.08664564228826319,0.1323570194618309,0.068647040607017,0.18941083425429106,0.09678788706320668
2022-07-29,0.11644242262842355,0.17668990652787617,0.13586026092944203,0.08561406670124068,0.13450884037122557,0.06736419035212017,0.18835848106571643,0.0951617818355304
2022-08-01,0.11600980284350039,0.17962604125482262,0.13569197400130362,0.08510051534374637,0.1340908730442787,0.06758384789992482,0.18977891216298542,0.09211798424025226
2022-08-02,0.11449091244913877,0.18431439017005694,0.13276787790175473,0.08429542510649206,0.13407251021709374,0.06751909785389298,0.19068444750753608,0.09185528957691173
2022-08-03,0.11643216858425684,0.1783454545280809,0.134238178691538,0.08497716036222727,0.13707568935526648,0.06801610596081659,0.19046629575146137,0.09044889856049415
2022-08-04,0.11597250075376758,0.1847078270597469,0.1325910943341888,0.08400014849503974,0.13584304295225602,0.0671180195989272,0.18938612308902839,0.09038119658780573
2022-08-05,0.1160261193627443,0.18433791988684062,0.13184851292984837,0.08493346637360116,0.1346155510301139,0.06552393329512522,0.1897049300457547,0.09300951930554707
2022-08-08,0.11711638477305905,0.18501741894822596,0.13422808246504195,0.08622066968258661,0.13536527003390314,0.0661503257171722,0.18240542178556327,0.0934963775746841
2022-08-09,0.11393569833682364,0.18593228757714184,0.1334826313241758,0.08863756343487521,0.13126014703940464,0.06702328451019496,0.18436978065665932,0.09535855552281987
2022-08-10,0.11475584981173031,0.18418906859549872,0.13342388610556058,0.08749429142583168,0.13224857918322624,0.06647817178050153,0.18659322392917957,0.09481687986564091
2022-08-11,0.11549698703910345,0.1828028408026924,0.132815255676426,0.0868657171435023,0.13316919616983644,0.067601165825108,0.18534294377594962,0.0959058441718253
2022-08-12,0.11688236589708402,0.18175190663123877,0.1315985516845595,0.08601741344979494,0.13431782421406302,0.06826076258254728,0.1869905104479236,0.09418061730117515
2022-08-15,0.1159179012436829,0.1815608755806667,0.13099356180483374,0.08588605327675652,0.13360175978558467,0.06771166969108361,0.1896803023538322,0.09464782860725293
2022-08-16,0.11591093151500415,0.18223552896529865,0.13063898610588387,0.08576556611839209,0.13337125511934433,0.06762318237196109,0.1903812620681563,0.09407323951588954
2022-08-17,0.11584025620547189,0.18281220413419522,0.13140965190051052,0.08564983455669326,0.13299948000071227,0.06674324258431058,0.18912325815416672,0.09542202314125138
2022-08-18,0.11620786404006146,0.1835121083742302,0.12999377976568818,0.08722206680980546,0.1320917685515835,0.06699802334962181,0.19018293585412646,0.09379140481305702
2022-08-19,0.11679449599789224,0.182323117453447,0.13133182471232502,0.08908447757035444,0.13017999686623838,0.06694609366710055,0.18805749808901642,0.09528244526349788
2022-08-22,0.11695696096320292,0.18335308662027072,0.13019205232156353,0.08926628461031384,0.12984669964080545,0.06704980242883114,0.18653042914075627,0.09680463191233099
2022-08-23,0.11754993148275258,0.18157069559358602,0.13082774960780835,0.08890589887733835,0.13087635248177573,0.06613491519222754,0.18701623707676182,0.09711816763861879
2022-08-24,0.11727028340457815,0.18194880614306744,0.13068374986040118,0.0890382280100574,0.13053881452947688,0.06661519853025374,0.18736665241260914,0.09653821508703092
2022-08-25,0.11701336866818693,0.18388423518301414,0.1294558832131093,0.08898502571999492,0.13001349119304365,0.06742491573544657,0.18793847933061408,0.09528455078820824
2022-08-26,0.11728968666505261,0.18379085624786956,0.1302905473148392,0.08974894763564446,0.1312924786352621,0.0676354398418052,0.18172917749482143,0.09822281272220053
2022-08-29,0.11723455221690647,0.1824584367229429,0.13064867603915395,0.09062937290626939,0.13170458155934672,0.06844191545412245,0.18064840913730448,0.09823400129607021
2022-08-30,0.11642270838206194,0.18182559207803434,0.13069815898013884,0.0905325102109108,0.13302878808556742,0.06855594045201366,0.17936983591135783,0.09956641045038679
2022-08-31,0.11725418356507744,0.1796192105605821,0.1314349820106047,0.0902981719471705,0.13316918691795473,0.06965927409633024,0.17712620472515295,0.10143873006444099
2022-09-01,0.118138477979196,0.17987919954503528,0.13014164512777326,0.09189264335173979,0.13563353401357128,0.0729045469803408,0.16883869528908912,0.10257119978568391
2022-09-02,0.11868523658301847,0.17722448670524715,0.13079643539260766,0.09444476453620394,0.13653171993297444,0.07243925201916915,0.16712824427157472,0.10274980199998059
2022-09-06,0.11864222269772268,0.17563299777472383,0.13289679061153653,0.0950186366511292,0.13681226282899497,0.07174596101892244,0.1665740076346571,0.10267706162839516
2022-09-07,0.11940183981101764,0.1755478325459425,0.13323683351941207,0.09521712050383341,0.13687745284670216,0.07061417156038272,0.16772617840604234,0.101378512342423
2022-09-08,0.11954691133519257,0.17915485734744419,0.1324326220558215,0.09471043611608873,0.13656716046225298,0.06979686471374924,0.1679305823107028,0.09986050827807137
2022-09-09,0.11957529749652329,0.17976395396160302,0.1335973324593058,0.09394588483739427,0.1362622517236252,0.07035684750962677,0.1678686992174081,0.09862967701778294
2022-09-12,0.11908066580815937,0.1777100669905466,0.13438074260170801,0.09495663034635768,0.134944620483913,0.0708298400795528,0.16891296049987425,0.09918441752275292
2022-09-13,0.12015510911991142,0.17386142488117137,0.1347801702225302,0.09717537238839803,0.13689487483804472,0.0704646841506995,0.1643803834898493,0.10228792106743148
2022-09-14,0.11983256920705701,0.17385924186289303,0.1360393983435925,0.09800962633464717,0.13656522696039977,0.0694151113585608,0.1634495956836347,0.10282917073251115
2022-09-15,0.11958507389846472,0.17505226644799712,0.13478079439823035,0.09762801641497525,0.13617890869003368,0.07005327501092957,0.1637467677582012,0.10297483683852221
2022-09-16,0.11920495345118237,0.17425236141502767,0.13488984549933059,0.09783191737086643,0.13443602863411386,0.0700820519494323,0.16671606889173599,0.10258671240416148
2022-09-19,0.11980645654419099,0.1740619779862624,0.1353955086343411,0.09726615533345526,0.13383435467014926,0.06877830561448582,0.16828378313993198,0.1025733979632857
2022-09-20,0.1196111255773059,0.17343030820698055,0.1349560632957067,0.09714095936510952,0.13410739268685637,0.0681684720401036,0.16842671452103242,0.1041589032013088
2022-09-21,0.11933023551588869,0.17327796885638527,0.134155415758109,0.0966912841097913,0.1337807933334884,0.06786451625335302,0.1711153140639784,0.10378441042591106
2022-09-22,0.12075041270392438,0.16756049114274796,0.13478275784255672,0.09925918998554396,0.13452575223852356,0.06970996650945935,0.16796545347353098,0.10544591218186623
2022-09-23,0.12123113390416491,0.1659635951766652,0.1350066056473251,0.09866120754745349,0.134054364451464,0.07123584274286594,0.16952504361319215,0.10432214216952425
2022-09-26,0.12160724342649312,0.16505563491227468,0.1359477796536103,0.09920044660216208,0.13338406115279794,0.07085154896557116,0.1688422327183354,0.10511098656338058
2022-09-27,0.1218950659184682,0.16520710870773195,0.13508327482968802,0.09853335623550263,0.13364339887692112,0.07243252237285171,0.1693319853396866,0.10387322250889625
2022-09-28,0.12287644256493024,0.16584164906447962,0.13568320694494215,0.09744300518791464,0.13355348894060093,0.07203824430692515,0.17136952430104918,0.10119437436797198
2022-09-29,0.12514490900580316,0.16144261636278262,0.13648322528128312,0.09766471798911328,0.13453473033215954,0.07329047842983791,0.1705962005311486,0.10084305533316902
2022-09-30,0.12325908447779961,0.16184995429025673,0.13448727891226508,0.09776887336625487,0.13485805095851625,0.07451376452643804,0.17198446574836962,0.10127845999340175
2022-10-03,0.12488021177449923,0.16252610411514115,0.13452016955506635,0.09679959543570243,0.13818546706930773,0.07403138692080428,0.17060495381222904,0.09845204613663404
2022-10-04,0.12383754024302872,0.1596825130766702,0.1386477274385896,0.09727754980228823,0.13590312846435476,0.07388578628312627,0.171744659755629,0.09902103258435921
2022-10-05,0.12287306640161441,0.15886982326656757,0.13909986320282192,0.09772125063642757,0.1348889878016675,0.07451483504535171,0.1713147193661033,0.1007173922813506
2022-10-06,0.12221885394136729,0.15978461610979425,0.13795208454995248,0.09733840228373641,0.13506097276208373,0.07489248287626302,0.17149786701655034,0.10125465802244914
2022-10-07,0.12344522907652929,0.1482947789435044,0.13968027092514707,0.10072492437601809,0.1372018708740717,0.07833758388545699,0.16996034361902662,0.10235493102145793
2022-10-10,0.12275015349753696,0.15215142280882318,0.14074786916401175,0.09930247555503466,0.1331471893080596,0.07890125699526607,0.17035417164092276,0.10264539124961114
2022-10-11,0.12151297339148925,0.1558361084869942,0.13695281269455442,0.10040730981559025,0.12756514613079425,0.08474056495094028,0.17376483498432052,0.09922017785145718
2022-10-12,0.12145223854725597,0.15694934750379,0.13698365379349425,0.10069558802272742,0.12678643300691908,0.0835016879988549,0.17304652785525398,0.10058445134028046
2022-10-13,0.12281415011001569,0.15475690624784175,0.1349252446099093,0.09912763534114573,0.12900180024793811,0.08404510264534483,0.1741726809678486,0.10115641021502247
2022-10-14,0.12230073197791498,0.1552584344746171,0.1333799075575934,0.10218160870338551,0.12608771359398682,0.08537386806046199,0.17282451369155094,0.10259314835448087
2022-10-17,0.11869833574221939,0.15698674397334597,0.1346585394204048,0.10164909753160063,0.12323163704472656,0.08454834167533905,0.1785880280956464,0.10163920470470336
2022-10-18,0.11954858232542458,0.15627995633890865,0.1364602854984044,0.10113577060744447,0.12534582417882675,0.08273022951855447,0.17908899806537243,0.09941028192899153
2022-10-19,0.12094931691781462,0.1521226437407885,0.14286504599891592,0.09973997792096911,0.1265574554800774,0.08224480175451337,0.1776650879980283,0.09785559971429329
2022-10-20,0.12074323285094894,0.1505679869281412,0.14446062669279475,0.09667453145136594,0.13378888196520936,0.08166224417730156,0.1762728239440148,0.09582960288788128
2022-10-21,0.1223634381697049,0.14827418906721637,0.14769582519365188,0.09772437671197566,0.13427850470501548,0.08243902800446272,0.1742916341513649,0.0929329371617495
2022-10-24,0.12502987273957605,0.1467104451323302,0.14983941750237817,0.09835426455579112,0.13481755230337975,0.08201342544076938,0.17464969174431255,0.08858526431627665
2022-10-25,0.12555539285321832,0.14971420401805677,0.15004258599971626,0.09659047019247319,0.13345094368576407,0.07939537985170295,0.17913687822622937,0.0861140805981568
2022-10-26,0.12740580638451202,0.14659869589430702,0.15060286114556212,0.09757049526041614,0.13651268286582213,0.07940646869929699,0.17555026964935763,0.08635265502783658
2022-10-27,0.12619723494652876,0.1450948576944894,0.14889420017325414,0.09719813784735704,0.1389713040186298,0.07542665198022426,0.18094513110642232,0.08727241658578802
2022-10-28,0.1257377277756769,0.1475568912322761,0.1475488978353772,0.09700131984799278,0.13921414785762035,0.0750291197682291,0.1825805201063432,0.08533131248652169
2022-10-31,0.12594335761214215,0.14546901150474767,0.14503837731865568,0.09815317159696091,0.14141731549000644,0.07645382321222058,0.18131399835146506,0.08621088069715185
2022-11-01,0.12730389794038707,0.14362113654916284,0.14505929759757774,0.09709539928133495,0.14331063682015682,0.07705620307994843,0.1808251599642239,0.08572820494121144
2022-11-02,0.12833174279569282,0.14557230927697243,0.14047029625857405,0.09760291311879546,0.14165298090699235,0.07743250845677745,0.18203979190732775,0.08689739144924541
2022-11-03,0.12630809098534837,0.14937864488528937,0.13899232886853632,0.09513768891277453,0.14102516217642372,0.07754429481328476,0.18498459303886144,0.08662913043179216
2022-11-04,0.12742450927548396,0.14673226993361105,0.14061480209408966,0.09463431176400404,0.1427830980081484,0.07731236053264395,0.18524845750037278,0.08525012833584596
2022-11-07,0.12932041259552005,0.14573832148596352,0.14198912395524013,0.09464271700912343,0.1449571810574221,0.07624444228948679,0.18325565376559783,0.08385208658622066
2022-11-08,0.1295299899723425,0.1440874821505162,0.14448336200767375,0.09378254255335383,0.14480619229876093,0.07569624970386038,0.18276228687646295,0.08485183460580994
2022-11-09,0.1300919574776433,0.14023735388647152,0.14564129091627584,0.09471314899922015,0.14608896073427913,0.07643001842744328,0.17882323373001438,0.08797397377684847
2022-11-10,0.1289363925471931,0.1430465545023253,0.14895416597106442,0.09122775685775393,0.14627974724430584,0.07346745849416723,0.1825015246661002,0.08558634432604477
2022-11-11,0.13087819155931343,0.145501375668332,0.14734585541138664,0.08978922277536108,0.14524077273646924,0.0733405657275055,0.1820638453538423,0.08584011746241463
2022-11-14,0.1286913184763612,0.1493078239813183,0.14917153995422866,0.08983220732667226,0.14079608124511858,0.07319521568176152,0.18351909912106298,0.08548666037651989
2022-11-15,0.12776999370225411,0.14999199401820873,0.14918899543131234,0.08878405991460828,0.13902568996139614,0.07230883329789278,0.18154552486898556,0.09138485673292142
2022-11-16,0.12636594037793047,0.14967000651436482,0.15094741837593165,0.0908137680518052,0.13522990516827885,0.07071492827840689,0.18166842610692616,0.09458955254266749
2022-11-17,0.12571943518168943,0.15102881720534936,0.1530481735691257,0.09021714296323798,0.13594568243730099,0.0700432114044111,0.17769990673998004,0.09629757631405632
2022-11-18,0.12632006696025203,0.15071200287025985,0.1544878489816092,0.09097031329036379,0.1349511136330027,0.07001856342901114,0.1750775579386508,0.09746247858312657
2022-11-21,0.12841016641808264,0.1502626879615409,0.15299359647633806,0.09249608146724,0.13465065191465095,0.06916107649393143,0.17617140256555197,0.09585428172132365
2022-11-22,0.12699904525683822,0.15159409210958044,0.15270396551831794,0.09204561547838006,0.1323966489666415,0.06890302631451606,0.17919872879362847,0.0961588241501678
2022-11-23,0.12645042501130846,0.15197920150159022,0.15271973596500632,0.09150601621366937,0.1323935283803852,0.06839808948734602,0.1822566493975983,0.09429630130149792
2022-11-25,0.12613202247052774,0.15170294250232433,0.15191565184327882,0.09222217620363501,0.1319954921833836,0.06880606642832852,0.18218782810926645,0.0950377667307262
2022-11-28,0.1263400131129871,0.1513712693651701,0.15338709767442593,0.09309949676752587,0.13222673246954028,0.06727494397513711,0.1815512206851748,0.09474917111550135
2022-11-29,0.1266192517621099,0.15244452179738593,0.15285998153803226,0.09335727048003302,0.1324478040731374,0.06680375673229451,0.1801742801396243,0.09529307840454788
2022-11-30,0.12667666022476434,0.1519780093319903,0.15136165717500435,0.09299015848368083,0.13339546169381325,0.06585173281398692,0.1838012947243689,0.09394497364685578
2022-12-01,0.12438795550777532,0.15254880405406515,0.1530102472044154,0.09347257833874338,0.1315315189543137,0.06374566650436614,0.18716441658797978,0.09413876064699876
2022-12-02,0.12592887222513693,0.14987555727082766,0.15393079746298985,0.0931821161062338,0.13195812685056144,0.063772086009863,0.18714350149178383,0.09420888958602297
2022-12-05,0.12700424734532495,0.14880421754202328,0.15438940301591703,0.0924548872484561,0.13195696210240573,0.0637311104077945,0.18625547240764717,0.09540364634065966
2022-12-06,0.12805629537186128,0.1455619765905669,0.15618693867883754,0.09389134212460998,0.13239399922516587,0.06487946205464482,0.18372361110018162,0.09530631993287032
2022-12-07,0.1292525182925908,0.14471504337609403,0.15774316389272006,0.09221619867890142,0.13222181526749188,0.06479005207475856,0.18451553404612106,0.09454561966841386
2022-12-08,0.12892798384562967,0.1416925005296664,0.15514148391780824,0.09204772345888536,0.1319630614548372,0.06475874115347993,0.19151712831959966,0.09395132401053577
2022-12-09,0.12858460555319187,0.13917249857071684,0.15418824583693674,0.09527445327265929,0.13176391999095222,0.0649597540554821,0.19137581571543918,0.09468065320798336
2022-12-12,0.1281576025067125,0.14026407627724374,0.153925101950801,0.0952332189785553,0.13292555179124865,0.06409818211690807,0.19307993038043153,0.09231628337530923
2022-12-13,0.12830657990819505,0.13919274606604476,0.15517512952031925,0.0956263267870986,0.1338651556968939,0.06261390663650068,0.194772067695838,0.09044803618250863
2022-12-14,0.1280643003103234,0.1363743199354106,0.15491077365635206,0.09796693131976973,0.13412440090987343,0.06301647430042494,0.19398992751450586,0.0915528195983496
2022-12-15,0.12727068456342203,0.137165702842349,0.15369260690889547,0.09916825731717069,0.1331484911687476,0.06260110801613691,0.19389604954566897,0.09305704497498075
2022-12-16,0.12904625147870574,0.13651604226353603,0.15239435270804105,0.10001253834578978,0.13414023417415993,0.06340796605164847,0.19187046401445373,0.09261209562839828
2022-12-19,0.12947619014396547,0.13621621268765427,0.15245911346763044,0.10075186474622239,0.13394799659674259,0.06364126773065136,0.19017075460473934,0.09333654410768938
2022-12-20,0.12969371950992825,0.13806740785508012,0.15196759577906535,0.10036397539779102,0.13439956044953932,0.06276205389204906,0.18940213047336504,0.0933435003693687
2022-12-21,0.12918675441990723,0.1398452153769797,0.1526190839492751,0.10079692401577475,0.13398434744609924,0.061714777565614796,0.18915483936581215,0.09269800307703958
2022-12-22,0.12603423527661184,0.13967955004321186,0.15460198474187697,0.10515230813422512,0.12955640060703139,0.06308284902617499,0.18613196625119777,0.09576064792789472
2022-12-23,0.12562144727111962,0.14121074356089422,0.15342352452752386,0.10509201931099492,0.13059064586221084,0.06410529052413708,0.18463259891040745,0.09532367200493984
2022-12-27,0.12636945134415808,0.1420463323317271,0.1533300760562217,0.10801903943220349,0.13179385270201,0.06552281830397921,0.17588046013275524,0.09703791017259247
2022-12-28,0.12629496571995835,0.14204573169795467,0.15344581376687125,0.10752016690649091,0.13239340242392372,0.06506345781036207,0.17677686083624358,0.09645954064816972
2022-12-29,0.1256486644718449,0.1420149552876655,0.15361097376300858,0.10622590296097807,0.1334195887070523,0.06474723835193555,0.17749543106014246,0.09683718730922188
2022-12-30,0.12640907595632497,0.14241234154561622,0.15274249592767408,0.10685765226330224,0.13379752372536002,0.06426490900108442,0.17826368104863266,0.09525226223634237
2023-01-03,0.12662011366488804,0.14194576379793072,0.15491920159017114,0.10666645877451118,0.13299543380313247,0.06531044931480331,0.17608326128102642,0.09545925898816303
2023-01-04,0.1264604271693726,0.1394641322932578,0.15653409759894646,0.10503160529659797,0.13192505666228532,0.06836440891565979,0.17648563759868824,0.09573457727924732
2023-01-05,0.12682868072573214,0.13674406372725337,0.15768162401730285,0.10583738649835353,0.13247222724995694,0.07019108495492771,0.17362134836141818,0.09662352629843417
2023-01-06,0.12880557142751228,0.13382860821892567,0.15850859342201923,0.1070174047541714,0.13488969872369885,0.06946456577672548,0.17248448562000462,0.09500101658121488
2023-01-09,0.1280141758507685,0.1369122015184052,0.160846709598118,0.10210020204943453,0.13337694793029772,0.06711032218889974,0.17653784905886552,0.09510153781973213
2023-01-10,0.1281559904732491,0.13672491341298112,0.16179534056767292,0.10040459204443966,0.1334068043037824,0.06721950705033364,0.17733005132536894,0.09496274755225742
2023-01-11,0.1289855150705178,0.1370891980223623,0.16270324755006574,0.09975365691860943,0.13344130198707238,0.06739964753063153,0.17621535513166323,0.09441202515837444
2023-01-12,0.1267865375043415,0.13797172079382966,0.16167866430893463,0.09857211493948968,0.1326192503514662,0.0652661277769988,0.1785049246074675,0.09860060804975203
2023-01-13,0.1257675379116302,0.13753645845433232,0.16247058641442813,0.09748935942572436,0.13284655159218953,0.06449180893180187,0.18161027996477636,0.09778736594547587
2023-01-17,0.1238357017680457,0.1372481230778301,0.1604281837762056,0.09652320085874762,0.13073162694990384,0.06373653653270056,0.18827664268350952,0.09921993352347164
2023-01-18,0.1252166840566354,0.1363624322855395,0.16033820837165877,0.09650975540389127,0.130692397455913,0.06389252557112761,0.18638705215538381,0.10060089343928932
2023-01-19,0.12471118706047564,0.1347294249289879,0.15944018890263423,0.0974107285247602,0.13076007886056185,0.0655819776814766,0.18506876671462616,0.1022975945704431
2023-01-20,0.12415365001152401,0.13438419139286048,0.15821066556062252,0.095148927186198,0.13119964986754248,0.06556601931191969,0.18980456080821684,0.10153228501256732
2023-01-23,0.122597427808646,0.13920803423981046,0.1563413799226619,0.0919598941880689,0.12925113876472943,0.06576056140069864,0.19368477139762327,0.10119674405022377
2023-01-24,0.12223774755882691,0.13688351966035076,0.15609436998645776,0.09318109278323689,0.12933618654002746,0.06564647974085408,0.19584817197054033,0.10077238317572756
2023-01-25,0.12290172487076413,0.13685121025055585,0.15829572249252213,0.09300114770706602,0.12918122313998937,0.06574613857519356,0.19584089317876563,0.09818189134880334
2023-01-26,0.12286683967294827,0.1353330880893232,0.15656155016259699,0.09368251752895003,0.12976077399943722,0.06612729422895079,0.19780905438753493,0.0978588341905577
2023-01-27,0.12020478180491803,0.1364601291607109,0.1535640275483814,0.09296803412427306,0.12652855119237805,0.06759821957821717,0.20447435349778184,0.09820185510928775
2023-01-30,0.11931150199331998,0.13531897311242774,0.15442445643633665,0.09439560290424122,0.12943006567401016,0.06740308323873473,0.19855519639845776,0.1011610707222231
2023-01-31,0.12059190049189487,0.13768177158273925,0.1539285330374567,0.09316008308358793,0.13265365958174377,0.06460538268887499,0.19857536915813587,0.09880325180088691
2023-02-01,0.1215125320419964,0.1463788979138324,0.14919258733877747,0.09060646040497058,0.13277203526500314,0.06331126631590478,0.20093784248661894,0.09528833238015397
2023-02-02,0.12333690348275007,0.14846933792956887,0.14888623852263982,0.08852252784480859,0.13169557822745614,0.06210716191762334,0.20248208932848394,0.09450011817187026
2023-02-03,0.12202126859219448,0.14830116740966098,0.14884470704139538,0.08948209179606076,0.13199809266255827,0.06287093820346756,0.20164815321558946,0.09483353540661628
2023-02-06,0.12175467154570963,0.14663340535798072,0.14779733590819222,0.09158441069775845,0.13216674457462124,0.06146411392714521,0.20501575703418504,0.093583514494992
2023-02-07,0.12090892712210735,0.14598498496192888,0.14695085023983515,0.09075491717460765,0.13119039467796192,0.06174043729030415,0.2090301382729648,0.09343930520695483
2023-02-08,0.11840737630228476,0.14648912164170505,0.14607173772474397,0.09046478960187515,0.1297007442923684,0.06094444994914093,0.21308068291481982,0.09484105171288533
2023-02-09,0.11847569618871741,0.14385089120953998,0.14628751261379205,0.09006999840859867,0.12903201294126546,0.06084054873013828,0.21423077565448773,0.09721251841821786
2023-02-10,0.11972136710645508,0.14396587533227503,0.14776139959052853,0.09110987153692018,0.12918580400165586,0.06181000732511866,0.20844612944927363,0.0979994988119344
2023-02-13,0.11960775143110938,0.14452552448396597,0.1481361648559834,0.09083789634270244,0.1284454796605648,0.061123696569657576,0.21014747093530847,0.09717596962618955
2023-02-14,0.11851844732862499,0.14567955070602404,0.14630735403093023,0.0887343733699325,0.12667591358109873,0.06152311967696763,0.2159994548177873,0.09656174155048124
2023-02-15,0.12025287170613669,0.14523650800046692,0.147035400866285,0.09006154523312553,0.1284394871247556,0.06166113451199744,0.21533108442793952,0.09198192292281715
2023-02-16,0.12023289212791782,0.14133327574485258,0.14757970112977467,0.09212583609595845,0.12810288274136056,0.06197795751925199,0.2154282065080776,0.09321920133959563
2023-02-17,0.12196162875385974,0.1404758738867798,0.1486449032056586,0.09264001312149314,0.12841948384620677,0.061753497064405916,0.2123353034060284,0.09376924927011661
2023-02-21,0.12127017457915168,0.1417077438029458,0.14811808632312295,0.09330411489867678,0.12782277380892973,0.06217681569498217,0.2115179405132255,0.09408230143889876
2023-02-22,0.12108077142001192,0.14197161288677984,0.14738856178798646,0.09280809188711388,0.12804653405860458,0.06175077103671431,0.2133722188998105,0.09358138888938326
2023-02-23,0.11785989865668964,0.14067394152660048,0.1434108323408111,0.08950889208882432,0.12395948293863052,0.06060309076202395,0.23157468014307603,0.09240913477570367
2023-02-24,0.11831861768815802,0.1402696253852339,0.14152746760386078,0.09020432290220505,0.12447008246864673,0.06111471954570149,0.23205079513571195,0.09204432164594933
2023-02-27,0.11812999047194794,0.14030751655665255,0.1434528500375155,0.09064190560453346,0.12448621250321967,0.06031183811666001,0.23223435000317688,0.09043528948013724
2023-02-28,0.12245666932166636,0.13999889055177153,0.14022590978559138,0.09203014207403132,0.1253639747964921,0.06024132813384608,0.22946681101038716,0.09021622709000318
2023-03-01,0.1240043746094208,0.1399080522066698,0.14002102102275463,0.09219926511257437,0.12701706291053547,0.05992361827381427,0.22503185703768117,0.09189470144612953
2023-03-02,0.12358990219396541,0.1418304095122584,0.14022233053865546,0.09174647566818933,0.1250807805150256,0.05818502410995449,0.22805209163245715,0.09129293908184498
2023-03-03,0.12194742093192389,0.14121641354415554,0.14068134152289954,0.09527504197881692,0.12330820500292318,0.05752019104981374,0.22959219110521642,0.0904591489356179
2023-03-06,0.12270152843768245,0.141963402119767,0.1383955146517937,0.09622818798955422,0.12288189983407659,0.058132085921686616,0.22856993124808897,0.09112740342097175
2023-03-07,0.12172147323182443,0.14513478298089036,0.13717919892515007,0.09604588835086368,0.12275065808189035,0.057430369245340375,0.22840274570554078,0.09133483661465176
2023-03-08,0.12081513238446058,0.14689538655132858,0.1357972743203082,0.09456222916046225,0.12291840739385353,0.05724566930991884,0.23087174085390555,0.0908941144047042
2023-03-09,0.12157757654418391,0.14750367354591062,0.13525527076500157,0.09498190038230268,0.12460274242868341,0.05707516080815994,0.22826836301513992,0.0907352659701255
2023-03-10,0.12087422741329294,0.14761922118978596,0.13678492760372396,0.09542652344672341,0.1237890221170539,0.05735991087916294,0.22753865591372394,0.09060746409334755
2023-03-13,0.12235830514782828,0.1463831578775369,0.13754310476579967,0.0956434723341924,0.12327004658104605,0.05626223050470836,0.2274591239090206,0.09108051155528618
2023-03-14,0.12243625391459359,0.15035199900637602,0.135883972807814,0.09451518626868423,0.12340909292532126,0.05456487710597607,0.2295582384294107,0.0892803339578798
2023-03-15,0.12113584437443517,0.15494322152734188,0.13355523346217443,0.09401522293998635,0.1222753262602055,0.05469137929487439,0.23226738832763336,0.08711633800554473
2023-03-16,0.11978278297417969,0.15919021899644115,0.13239839603052425,0.09117100619169553,0.12336585127772771,0.054516665781162016,0.23354517356901738,0.08602986148726946
2023-03-17,0.11932200385780081,0.1609147660707782,0.1327924577480624,0.090200160229968,0.1214895912467107,0.05449540759251686,0.23476240261610673,0.08602316703248662
2023-03-20,0.11971275073015207,0.157887652803571,0.13430721506076698,0.0912509482717384,0.12164073633562551,0.05497380760643923,0.23438047511333468,0.0858463708378973
2023-03-21,0.11638218832265103,0.15669813402147417,0.13364397986494242,0.09105673287947745,0.12042425478337564,0.056005821324809885,0.23745855942715458,0.08833028606774145
2023-03-22,0.11467932820067131,0.15909611290592,0.1330291209765733,0.09005478746520479,0.11994854073697622,0.05546278754905514,0.23944932519211523,0.08827995374587236
2023-03-23,0.11502791645091752,0.15875932525520514,0.13397218322503468,0.0885963495563091,0.12044940360922528,0.05679009825045169,0.23886021344133618,0.087544468236838
2023-03-24,0.11437549491220422,0.1583834579491556,0.13340814033081436,0.0900559342915456,0.11796395793193505,0.05783314235200622,0.24026660383375134,0.0877132255271658
2023-03-27,0.11510774563389241,0.15808973924986222,0.1342821179393491,0.0897991154123682,0.11788271628083868,0.0572155459331488,0.24089566103058488,0.08672731513450714
2023-03-28,0.11396299845418577,0.1564471591139341,0.13485293391781947,0.0904826853701447,0.11661702389632733,0.057355138055924196,0.24245009413749688,0.08783192318870406
2023-03-29,0.11405959220816173,0.1545330203381818,0.13505936546176975,0.08806516786686007,0.12052320693224915,0.05975774940141933,0.24079263474573753,0.08720922040675842
2023-03-30,0.11434636746492546,0.15488680577068592,0.13643344215857492,0.08779548966072626,0.12217932655050764,0.05838280247323909,0.24043362693286302,0.08554209703355085
2023-03-31,0.11457262314727856,0.15448848585163152,0.13671144585532016,0.08852851985789065,0.1214194410199367,0.05562050769750234,0.24294320057727992,0.0857157342016358
2023-04-03,0.11468744184226488,0.1529906715062946,0.1360624188157092,0.08911572175761089,0.12006563690854702,0.05523200042568404,0.24585341245021874,0.08599265428584532
2023-04-04,0.11452588990783454,0.15446155486769195,0.1372692074359941,0.0894831858714798,0.11806095605302847,0.053959597922606725,0.24542636150716693,0.08681320371725544
2023-04-05,0.11407864392091728,0.1520914916439072,0.1389956746138086,0.09048423465899336,0.1178255499405235,0.05479144577380774,0.24508729236369473,0.08664562351870969
2023-04-06,0.11152728661597582,0.1522704132274029,0.1378720840582368,0.08976053053953316,0.118153143743775,0.05650624641398199,0.2470397712296477,0.08687048051210747
2023-04-10,0.11127921438249412,0.15411675726246246,0.13607432700662586,0.08865612568060573,0.11902209368571443,0.05984335594495488,0.2470072596375586,0.08400082360390396
2023-04-11,0.11192918890958588,0.15282020862189538,0.13662304039398313,0.08843784290887702,0.11985255042931708,0.06054067590984576,0.24500883495829154,0.0847876147781687
2023-04-12,0.11104654784124673,0.15311024709267013,0.13832297036235225,0.08953010974098344,0.11977530996690706,0.06020790704232341,0.24379181430325617,0.08421504968355703
2023-04-13,0.11085509571988655,0.15203247200101852,0.139968489214199,0.09022133209945765,0.11954921956478139,0.06094598833200503,0.24241343945437432,0.08401391984328484
2023-04-14,0.11013795346033309,0.1512510725572163,0.13993104522809827,0.08941192569357623,0.11997195711763754,0.06050001459650148,0.24475960673906377,0.08403638090018214
2023-04-17,0.10991369373871265,0.1493182449166228,0.135282988134606,0.09125333305208506,0.11894160639297889,0.060888705403547454,0.2489360610329062,0.08546532327704955
2023-04-18,0.10860893921603747,0.1480868397001174,0.13520344246961474,0.09130772370460592,0.1187284738084886,0.05985750706083622,0.2532169126709194,0.08499011763737765
2023-04-19,0.10826596831681327,0.14912869609200533,0.13174419157942718,0.09210297585900813,0.11830301863321442,0.0589277415770005,0.2569736309955818,0.08455373298561973
2023-04-20,0.11114226202233873,0.14794949756669892,0.13254159427747877,0.09098957922598251,0.12561563830244568,0.05913079394128285,0.24692643815957174,0.08570415297276457
2023-04-21,0.11131399796473596,0.14660740765547015,0.13402455944038766,0.09185971892308016,0.12459330749192206,0.05938699589753641,0.24947309495121445,0.08274087371959067
2023-04-24,0.11215707153630208,0.1460880790940078,0.13335435181585986,0.09267276398635073,0.12469005082542055,0.05817415107046914,0.2503179598318279,0.08254552760925407
2023-04-25,0.11260445838780875,0.1441632410043821,0.13277861427589452,0.09368037292413112,0.12491814965762499,0.05860925949775511,0.2504866879703377,0.08275917067070829
2023-04-26,0.11093034039111536,0.1460428157977727,0.13188347484592722,0.09167126980495524,0.12282279698224,0.060762796919995574,0.2541757059976667,0.08171075420487736
2023-04-27,0.11024028225129232,0.1458560032817955,0.13373574434671145,0.09030762004612844,0.1257701986634651,0.06050419974987217,0.25199487879508553,0.08159102863975325
2023-04-28,0.10976496383481417,0.14665982671858038,0.13316201680064277,0.09000657699429289,0.12496984701591174,0.06188938192336091,0.2526739763179663,0.08087336688515148
2023-05-01,0.10855760596029139,0.14566909833584926,0.1318316804574542,0.0907076194007485,0.12362380086500002,0.05933904130043374,0.2605344816386793,0.07973662898036712
2023-05-02,0.10915704707755047,0.1478669541446935,0.13325160301540695,0.08816363830161333,0.12471598245917827,0.05965330156090697,0.25743047211449577,0.07976095772222755
2023-05-03,0.11238585535585062,0.13682517078914047,0.13597251557643575,0.08999228150048325,0.1253387222168107,0.05983271346519314,0.25860636123778064,0.08104633541238662
2023-05-04,0.11102647237787569,0.1445055424119213,0.13539740028814468,0.08912385190961093,0.12418762196227866,0.05915946867113343,0.2551649252652894,0.08143467287742942
2023-05-05,0.11105156462568237,0.14526508429926355,0.13437068381443965,0.0891966517710418,0.12446836610508907,0.05801448586705721,0.25731461348749957,0.08031850715987499
2023-05-08,0.10937119676976821,0.15175315619391397,0.13364474174268892,0.0879340569541105,0.12222420327457684,0.056952827650068,0.25827269201644704,0.07984708306398923
2023-05-09,0.10906846525626109,0.15390454197034673,0.13304064108026994,0.08766659371233355,0.1213383381339393,0.057805011060158965,0.25666864730231415,0.08050771855880011
2023-05-10,0.10913398028517257,0.15503407886638707,0.13418678646346177,0.08761153652955225,0.12243681315457253,0.056172720892353284,0.2561132693183433,0.07931077212308904
2023-05-11,0.10957407095073383,0.15572015082228977,0.13324527652515258,0.08812328910613502,0.12291924705461624,0.057897189386748135,0.2543028062011206,0.07821792743370992
2023-05-12,0.11075545544770095,0.15357844631182924,0.133398842359191,0.08908118982642926,0.12348125087151562,0.057551975944712536,0.253520602354819,0.07863219413911218
2023-05-15,0.11238216141945372,0.1527304396717041,0.1313866172148601,0.08783035064784354,0.12583643372855416,0.05939482783796868,0.2519149733456973,0.0785241545592178
2023-05-16,0.11122015701645811,0.15773032402946163,0.12950946953278047,0.08728195342654387,0.12623520053381862,0.05804426575398785,0.25194433875596944,0.07803424974149258
2023-05-17,0.1121242037147981,0.15638732898792732,0.12915112209028576,0.08676071379556494,0.12574678916827697,0.057341967464699134,0.2524048467664175,0.08008298804738635
2023-05-18,0.11148478466424423,0.15650603649351788,0.12895567794034654,0.08605741687566537,0.1261582124885099,0.057414748275252836,0.25488274030113195,0.0785403445153095
2023-05-19,0.11007839701527777,0.15505524242562857,0.12994635297629772,0.08751772232965893,0.12537736116586878,0.05853190051260257,0.2541891100039799,0.07930387472156535
2023-05-22,0.10980910147725056,0.15836138179928763,0.1309076059535969,0.08708148660015115,0.124658449470918,0.05690639460268181,0.2536528208227551,0.07862272039678174
2023-05-23,0.10927973853147209,0.16038381635854776,0.12917380900978487,0.08915154762149569,0.123614293842466,0.05737792570694923,0.25259038904221526,0.07842844055769933
2023-05-24,0.10802930212519744,0.1619509834950164,0.12745311953576363,0.08898520958554715,0.12299302008573489,0.05831411355140785,0.25346021730320106,0.07881399465947851
2023-05-25,0.10319117313736838,0.1604388381896741,0.120691555676724,0.08505611576169703,0.1166326949465405,0.054377060845109015,0.280939057279501,0.07867346881855468
2023-05-26,0.10296410428631879,0.16202919663926318,0.11995251625454421,0.09075427584577497,0.11644150051242606,0.0552571391792572,0.27564083703017,0.07696039643412438
2023-05-30,0.10316303774541377,0.15949508278495392,0.11848751242657996,0.08954336381458625,0.11654710674665027,0.05348593224058403,0.28337234351084056,0.0759055869734784
2023-05-31,0.10439665736878684,0.15604225416766482,0.12194672931595203,0.09337092697650111,0.1182906143395157,0.05275371980928556,0.27711752209506,0.07608154092864826
2023-06-01,0.10382004236082967,0.15505471722497255,0.12053385112020844,0.08975516992409659,0.11689826590700723,0.05254387051105402,0.28640163347175124,0.07499241506976834
2023-06-02,0.10411483994045187,0.15362742019626663,0.12070256067824081,0.0926599444642305,0.11623194739755247,0.05283245107203584,0.28443750462216416,0.07539329706976926
2023-06-05,0.10409774873303004,0.15472781712069397,0.12108421183126299,0.09215413739496238,0.11545839450485308,0.052102950299364625,0.28516911601595296,0.0752055893137118
2023-06-06,0.10376772891479795,0.1622220919630913,0.11958161191600025,0.09031175221899956,0.11616229330576772,0.05168032757734329,0.2800733595291809,0.07620079995330992
2023-06-07,0.10641549767771359,0.15654034496905772,0.12057107519935915,0.09218805508897555,0.1179080523926892,0.052205296995111186,0.2762807881481267,0.07789085430543552
2023-06-08,0.10577089989040112,0.15844752323595876,0.12043957611650251,0.0921549032293659,0.1168850814361569,0.050101133610306325,0.2797260266973137,0.0764748210797066
2023-06-09,0.10497393903210799,0.16237647727615975,0.11890637642449321,0.09156209147734473,0.1145710172986801,0.0498366514756591,0.27965692134978837,0.07811649120272222
2023-06-12,0.10477125155176055,0.1629459186065529,0.11768590385028216,0.09444898697094498,0.11501047366254627,0.049851375460386094,0.276345480618013,0.07894057583868204
2023-06-13,0.10536780817006615,0.15597965506230646,0.11800663970073914,0.09332941322285802,0.11416495999420086,0.04981411893127966,0.28513431880896994,0.078203052900529
2023-06-14,0.10252112267184818,0.15585949547746392,0.11578263203243883,0.09496382636874605,0.11236927436463785,0.049577758392386706,0.29206490487652836,0.07686095336219063
2023-06-15,0.1028339261838127,0.1536951697404836,0.11677419686909343,0.09567636105043704,0.11193713335725364,0.04988776956039348,0.2928108403328246,0.0763845701066506
2023-06-16,0.10329521537573476,0.15048263742375798,0.11560233564148503,0.09524105100726314,0.11186956983089628,0.04968535792876945,0.2968936617114565,0.0769301378546261
2023-06-20,0.10247022069801544,0.14828870740815386,0.1147842548165026,0.09475130251648901,0.11160068262430431,0.04887913782888148,0.3031159350778509,0.0761097259716063
2023-06-21,0.10348472188672711,0.1430799935488494,0.11535170823922501,0.09521329171387086,0.11265426151084171,0.04920861676927813,0.3048568448790439,0.07615052761475877
2023-06-22,0.10467617223502242,0.14059253613678574,0.11643083114586965,0.09416505686761696,0.11470940682874599,0.0493038911704938,0.3032314504092269,0.07689062153359992
2023-06-23,0.10439711420724626,0.14226230050871858,0.1153268643783914,0.09357287872493965,0.11470637163786825,0.049467325859414914,0.30290146284418457,0.07736564755297376
2023-06-26,0.10838790402761411,0.14049280718720128,0.11693324549963476,0.09449804770686346,0.11811682628060867,0.05011821289642254,0.294653770497391,0.07679915125709869
2023-06-27,0.10996255268484074,0.13961121171708382,0.11718241920742295,0.09443490119558831,0.11962614487730618,0.04949744232448431,0.29389650314081445,0.07578879132095317
2023-06-28,0.10912264210045945,0.14068794189851153,0.11817672661138914,0.09530155575917017,0.11949069612268327,0.050188298255713325,0.2913759039251479,0.07565620146933641
2023-06-29,0.10945634640943962,0.14229114733580187,0.1182364140598203,0.09710747177408681,0.11935066851818514,0.0482182194651707,0.2897676324365223,0.075572066086943
2023-06-30,0.1081031846599453,0.14359646558458442,0.11674974379090892,0.09624044568350766,0.11808157091288461,0.04661876338742673,0.29592487894449704,0.07468491361332635
2023-07-03,0.10771326356703986,0.14454757838775018,0.11704104084187092,0.09626996992561822,0.11838191667062731,0.04673139467189927,0.29374119144882543,0.0755736113969031
2023-07-05,0.10714551330107862,0.14465619629940984,0.11609711562448953,0.0962943516474633,0.11626983994932685,0.046165251197639375,0.298109863785206,0.07526183453762597
2023-07-06,0.10689683054601123,0.14565000171810907,0.11469561118546834,0.09579180509234346,0.11613591638783553,0.04605068418832197,0.2998768482499256,0.07490226860263524
2023-07-07,0.10617876602568004,0.14511373421896795,0.11416520875893227,0.09555947311192058,0.11544046987087074,0.04565676665325464,0.30243738040830803,0.07544816695513581
2023-07-10,0.10613819005231585,0.1445583976950621,0.11544674655720141,0.09832042176595476,0.11639540445042905,0.04668524284197403,0.29791113637076194,0.07454442652172705
2023-07-11,0.10423020717237624,0.1421694255620222,0.11505566201438239,0.0991442544654928,0.11526621698941139,0.047685598407832104,0.3005306152715463,0.07591798625626994
2023-07-12,0.10290977946793096,0.14309556446107405,0.11567976065374538,0.09781924671410361,0.11329485510429262,0.04676996960941864,0.3042568125676289,0.07617397831023083
2023-07-13,0.10285298617998184,0.14087537042307993,0.11658756093489625,0.09523217923356245,0.11302782371620815,0.04604002154189122,0.31006739188527543,0.07531663386409133
2023-07-14,0.10328969866447502,0.14140869329436717,0.11751996071140217,0.09538513198381099,0.11348233174629678,0.045884125233601095,0.30774917957082976,0.07528084645780224
2023-07-17,0.10338769867114993,0.14170836060420303,0.11547200524499851,0.09595930166365646,0.11518901775872097,0.045815837248184506,0.3087909185787128,0.07367682847627395
2023-07-18,0.10234381811733152,0.14077308603783703,0.11547669570741269,0.09491420687837133,0.11408888754007185,0.045509782361806354,0.314610145861946,0.07228334584638114
2023-07-19,0.1020221017597739,0.14121332765995176,0.11093697385378355,0.09621777693324614,0.11312255319690556,0.0462544928245759,0.3168532710099511,0.07337947060497811
2023-07-20,0.10040036532773504,0.1391909669439232,0.10908086994292707,0.09870816265869489,0.11322918731235149,0.047947579509824555,0.31891388472944415,0.0725289501020759
2023-07-21,0.1022056311881295,0.14012618462917234,0.11190171321243374,0.09967923567476004,0.11476322231181214,0.048677004432243286,0.31054364140763646,0.07210333365848932
2023-07-24,0.10307826603851424,0.1389037064977746,0.10984138869002658,0.09964829311296058,0.11692960338947467,0.04827533796428784,0.3108921661313527,0.0724312048803854
2023-07-25,0.10253729719442424,0.13943689036301196,0.10837559777133285,0.09969617992713208,0.11691135649788267,0.047580556339034255,0.31279119740862515,0.07267089178244089
2023-07-26,0.10279631643440235,0.13720808989243757,0.1089843820146113,0.09796443278799552,0.11665432612768684,0.049301474183262584,0.31435724589320097,0.07273369962227058
2023-07-27,0.10522633758322497,0.13483446494055598,0.10981953011312269,0.09544150325226766,0.12413002944076876,0.05063727174617549,0.30912791981073373,0.07078291093586873
2023-07-28,0.10735640043884237,0.13453664955272746,0.10933269514381164,0.09431881927279608,0.12516747141634132,0.04978436733135483,0.30898416276223717,0.07051940250434002
2023-07-31,0.10718316839138799,0.13633695775476448,0.10910257933985508,0.09425827387686957,0.12476479236834337,0.049948459069116664,0.3090385610973339,0.06936717650502258
2023-08-01,0.10759864557959598,0.13973516389382407,0.10784988086163862,0.09621162250141706,0.12394654505319529,0.04936092096849205,0.3066587774459923,0.06863841219219384
2023-08-02,0.10864073267737975,0.13591016107999176,0.10872882428179197,0.09760799943409283,0.12421243372197913,0.04974203547848605,0.3053315178110363,0.06982626256219042
2023-08-03,0.1082141708899646,0.13962605955663476,0.10762621917544277,0.0961140083174426,0.12466786039823491,0.0501175239080881,0.30482947661693743,0.06880464842018434
2023-08-04,0.10633370563596467,0.14251012404285507,0.1068489220709895,0.09547719084662014,0.12378967610936366,0.05050084948070925,0.3050802108895034,0.06945928830093755
2023-08-07,0.1080277906075097,0.14143498320418307,0.10752907714656547,0.09559596964336407,0.1244432846562892,0.04931830857932528,0.3051644705324082,0.06848608352782053
2023-08-08,0.1083801187983196,0.13974995383347763,0.1073863693184451,0.09593364267468112,0.12516503841378765,0.04901794217217932,0.3059048860599521,0.0684620160061926
2023-08-09,0.10928794635662112,0.14018488951881408,0.10929375302314925,0.09501452178219125,0.1268517296396457,0.04969123166083066,0.2996649389255961,0.0700109554482446
2023-08-10,0.10910979647239512,0.14018346998953088,0.11039708872615135,0.0943440265734457,0.12718964337285263,0.04885820248230845,0.29914287325907857,0.07077486540641803
2023-08-11,0.1082024559346203,0.14131119031712,0.11134013925693212,0.09593545958506132,0.12479488024291113,0.04964391287255379,0.2978305257784323,0.07094140118281783
2023-08-14,0.10636627351977616,0.14148949842203035,0.10786216053419884,0.09498035589523426,0.12283538630410971,0.0506493969794671,0.30678223518604153,0.06903465965903276
2023-08-15,0.10605353159065688,0.1420923665158262,0.1065076775376557,0.09462418044139792,0.12194263695356265,0.048942982253699495,0.31115681309997306,0.06867977777403214
2023-08-16,0.10619400633657704,0.13877800832375176,0.10718826889992007,0.09491776510646571,0.12192074874776358,0.04881280666632483,0.31243129059444663,0.06975707099830282
2023-08-17,0.1063556921916266,0.13607307195423896,0.10751601197805885,0.0948428625699339,0.12312301812690939,0.04861679630373493,0.3133812150054733,0.07009129732640723
2023-08-18,0.10950379685465382,0.1364284674068518,0.1085853384938368,0.0940363361961781,0.12308791970488811,0.048299693564036114,0.31086727813313275,0.06919113534430574
2023-08-21,0.10930378483934573,0.13401668465641395,0.10507587173871516,0.0942929174999328,0.12075831053600275,0.04650042302811046,0.322762306452411,0.06728966841582165
2023-08-22,0.11017784887543736,0.13271351169258877,0.10737951569062869,0.09460478250685511,0.1220385100891068,0.04675837171064151,0.3183135513744102,0.06801387475858489
2023-08-23,0.10795343553813815,0.13424610416529725,0.10638578756901874,0.09464510454934905,0.12120943335601073,0.046950840444317334,0.320754217347076,0.06785504450500808
2023-08-24,0.10676280805554106,0.12825742001636786,0.10453018834139045,0.09474750192452269,0.12041372084149488,0.04710891057506223,0.3297424108424905,0.0684370059992283
2023-08-25,0.10864064282417635,0.12941938046960907,0.10553008722516619,0.09489102951154148,0.12177030317914965,0.0473487929943895,0.32322310040347824,0.06917662983430226
2023-08-28,0.10811044818347684,0.12829913987422414,0.1055274626679007,0.09475865728723668,0.12139497331523257,0.04794141489044031,0.32497001802377645,0.06899785260671877
2023-08-29,0.10817635090841046,0.12848944942007665,0.10370508059226548,0.09501378684559082,0.1210157137769708,0.04748782196776647,0.32840183950415625,0.06770992482210028
2023-08-30,0.10817976707078446,0.12847536283297814,0.10335835616391233,0.09465549171708687,0.12057205848650594,0.048181880714012124,0.32951237692289925,0.0670646741348286
2023-08-31,0.10882929823981574,0.12667295366818923,0.10136126656814455,0.09732357243136956,0.12262951718345395,0.04919823321738805,0.3281682731706562,0.06581685375302969
2023-09-01,0.11029163263621121,0.13184277635859118,0.10220973263890971,0.09250331969341621,0.12320738481642253,0.04977929191179394,0.3242661080734035,0.06589972193359266
2023-09-05,0.10975262501182129,0.13312120776930433,0.10212185174680617,0.09224192113900918,0.12270017366669975,0.049587986368336084,0.3237396527591206,0.06673454967871094
2023-09-06,0.1109956155966525,0.13317878840460415,0.10395548554625982,0.09355922273315652,0.12363377361946712,0.05037625324430838,0.31829510584339826,0.06600572270067186
2023-09-07,0.11003787522224023,0.1330800864201526,0.10198281860735119,0.09417464928598271,0.12310523849262679,0.05121351000308896,0.3204042504068381,0.06600153845934704
2023-09-08,0.11049120083533222,0.13363259583601111,0.10128694275258315,0.09506895730993395,0.12276368157241536,0.051897745693832154,0.3185741071467393,0.06628473545669045
2023-09-11,0.11046044739851743,0.13336701766700793,0.10180036284168646,0.09575090227092697,0.1224560041960514,0.05206175511546275,0.31749655832879636,0.06660691860778285
2023-09-12,0.10928420796675703,0.1344452658461738,0.10117633164841422,0.09489147633405509,0.1217822444865201,0.05269751872227795,0.3179115997640598,0.06781132138332188
2023-09-13,0.10859455531077193,0.13606497493043998,0.09983052458435844,0.09482984882681982,0.12160348354154248,0.05254449931233263,0.31888420885570734,0.06764787114512227
2023-09-14,0.108263434850852,0.13429925308482007,0.10031537273243904,0.09662126529968867,0.12083063745982038,0.05308298377513882,0.3186048854437345,0.06798213396041007
2023-09-15,0.1076689765469556,0.13293496597705232,0.10009113024672187,0.09818243536117134,0.11928208888530822,0.0537360815384809,0.31912064774253246,0.06898363897388077
2023-09-18,0.10861823207795447,0.13332181223672443,0.09969793508051296,0.09742914801028531,0.12098764867704692,0.05390321871861519,0.3177750805243618,0.0682668901449435
2023-09-19,0.10763616961530453,0.13357332212128836,0.09996643929892707,0.09825045115041343,0.1201052448142565,0.054570916900939834,0.31750215845316937,0.0683952627922514
2023-09-20,0.10886121442460331,0.13412581318544142,0.10098448639739645,0.09824596643236903,0.12089970339867097,0.054681879084031056,0.31334759568724563,0.06885330594966559
2023-09-21,0.11016359113941925,0.131720252409536,0.10217606547549002,0.09803677471817983,0.12226040303559152,0.05463248140228169,0.3119768275436979,0.06903356793902155
2023-09-22,0.10969181916903759,0.13033421086444227,0.10187042535962665,0.09939855409279168,0.12258735252553059,0.05478650422815551,0.31286400275736087,0.0684670950822663
2023-09-25,0.1092131313639706,0.13095322488037714,0.10094692071521631,0.0992328387468191,0.12196794466085241,0.05414284264571411,0.3151082527373821,0.06843480859561289
2023-09-26,0.10890236958538821,0.1310853472156998,0.100196240959388,0.09866325267853437,0.1209848669818018,0.054486208503968195,0.31773597772432843,0.0679457001327292
2023-09-27,0.10850274437648666,0.13250758708958563,0.09941912696368542,0.09766205386491125,0.12123020061807947,0.054106536873093,0.3184496570685314,0.06812205732220558
2023-09-28,0.10913386334780306,0.13645935346342153,0.09875209653936942,0.09776936292249153,0.12178710008503837,0.05083043611291331,0.3175558308006581,0.06771192152027684
2023-09-29,0.10856390129102285,0.13560026772161876,0.09942603481044907,0.09693144721613677,0.1208052110305879,0.05267208939964027,0.3183733144462391,0.06762769911834651
2023-10-02,0.10814576148120572,0.13463836326812664,0.09720859668616577,0.09632862568002543,0.12020869776766081,0.052016986531568096,0.32402055833753624,0.06743237568107231
2023-10-03,0.10858753120242669,0.13368591845651068,0.09761639343977692,0.09631759086002958,0.12066980626974609,0.05319333724871537,0.3226055169156658,0.06732387019101925
2023-10-04,0.10848967234245574,0.13631804410238807,0.09912087453073189,0.09548938482508694,0.1210599267365764,0.05237641353868994,0.32015433267293286,0.06699131652229746
2023-10-05,0.1083242487956424,0.1346124294435106,0.0974477795304204,0.09536328548933558,0.11964056400048599,0.053025929186722,0.32440905519626123,0.06717667367674553
2023-10-06,0.10672794188844494,0.13721411655454857,0.09788829483168555,0.09570454639981432,0.1174551857117059,0.05263962122472123,0.3249536802323851,0.06741657923289464
2023-10-09,0.10708937876697473,0.13746935720377865,0.0973320566202413,0.09733230056312732,0.11789180411247893,0.05250791406725987,0.3228921752942645,0.0674849792991868
2023-10-10,0.1068099864519258,0.13849028284448772,0.09797388578286403,0.09650461184697356,0.11778687757823501,0.05160162526568186,0.3229043611918486,0.06792833535462027
2023-10-11,0.10606925478947855,0.13589705399690433,0.09740986393046343,0.09710272553991041,0.11767610723305706,0.051803789089234595,0.3259248426025305,0.06811632955216024
2023-10-12,0.10697316287378482,0.13498526760700286,0.098009066191074,0.0994338113472942,0.11876997934222662,0.050893530193171936,0.32326684836033387,0.06766830118783985
2023-10-13,0.10695283941436909,0.13393502263639676,0.09789392341112835,0.0996052545608776,0.12016218985382783,0.05187076105602279,0.32154829260917184,0.06803168266765483
2023-10-16,0.1057380247746679,0.13427312289086543,0.09753228237279352,0.10073578729426687,0.11994382011645244,0.0512360933981442,0.32264945686752505,0.06789137884537276
2023-10-17,0.1088879417428777,0.13491288596412068,0.10002106341891132,0.10042331365322649,0.12188772148626323,0.05206616149085004,0.3128961809202022,0.06890469730247947
2023-10-18,0.11051136389011071,0.1342511202347826,0.09815263018427066,0.10314143357943913,0.12333501428190083,0.053425055997988954,0.3077089989063815,0.06947434808681992
2023-10-19,0.10649302132851221,0.1364317991009335,0.10028735920966765,0.10231764244436804,0.11721159449851018,0.05290947033867874,0.3113024693846459,0.07304660837001188
2023-10-20,0.10744002872418396,0.13716822464522946,0.10009644290624523,0.10177310424714386,0.11821214313748124,0.05325772788349241,0.3094578623640492,0.07259443037101233
2023-10-23,0.10632582648693142,0.13323648910898633,0.10028929723699331,0.1016478135984223,0.1167404520504721,0.05239587140869645,0.31773871166414447,0.07162550312360168
2023-10-24,0.10533129626550713,0.13351461211311524,0.10103748265150907,0.10239208013238299,0.11592624722090959,0.05256694455955459,0.31821746242823173,0.07101383981121813
2023-10-25,0.10579169577978728,0.13136330127659002,0.10216588117275568,0.1028161962429245,0.11658635339095971,0.05347788108130914,0.3170764615318594,0.0707221932666383
2023-10-26,0.10822503746263479,0.13031015627062845,0.10479859186684323,0.10177759529422763,0.11896649718296647,0.052791063406143666,0.31134176187985496,0.0717892597525112
2023-10-27,0.10787142621447594,0.13324298669158052,0.10440875409734156,0.10250923212332266,0.11793817539595573,0.053344287448699186,0.3105715340002574,0.07011356739349456
2023-10-30,0.10711934787897952,0.13224293002952037,0.1036972481252905,0.10235593165145268,0.11725275210035428,0.05342112890585969,0.3140856240265887,0.06982500082753516
2023-10-31,0.10766842060346705,0.1347693375314684,0.10492925772252318,0.10186901781009564,0.11762215512800824,0.053803089632754375,0.3096539134169473,0.06968477187890597
2023-11-01,0.1060888567116968,0.14248828096600397,0.10300414589794132,0.0995435932472898,0.11693228995240545,0.053823886406888,0.30978898407945527,0.06832992777142506
2023-11-02,0.1061671428649407,0.1390077878590205,0.10451076945654282,0.09939565388665028,0.11742949766620964,0.053399841265252726,0.3112598670134921,0.06882940580868192
2023-11-03,0.10448979565999746,0.1411558781133599,0.10372622142502179,0.09822367587141029,0.11653360174303427,0.053672347993556746,0.3140854598412622,0.068112986011627
2023-11-06,0.1043416410412706,0.1397179893096503,0.10233115470378434,0.09745344484808166,0.11677076978342679,0.0536132827445686,0.31745328377562476,0.06831840064483291
2023-11-07,0.10469322539855601,0.14093574051307836,0.10149604319142723,0.09869750400052607,0.1164247369523576,0.053182537841227416,0.31682825448752117,0.06774192467867741
2023-11-08,0.10561501741829345,0.1398945161317476,0.10109325912208683,0.099298144553022,0.11655973718208276,0.0523479593210241,0.318330721727434,0.06686061189130858
2023-11-09,0.10462506127737756,0.13948639214675734,0.10009337949369768,0.09912290176766135,0.1168034618770973,0.05317359346773568,0.32024646547676644,0.0664487119064794
2023-11-10,0.10564257670728319,0.13983700136638977,0.1001205503264566,0.09991302626615811,0.11812226004379359,0.05225597320161438,0.3163080294626543,0.06780055136222615
2023-11-13,0.1056398853901078,0.13857545579452266,0.09972875426500304,0.09942572584874264,0.11677977698832609,0.05217797344425772,0.3201621514327847,0.06751024537738337
2023-11-14,0.1058860656869824,0.13855740574555792,0.10023379720800149,0.0995126374822201,0.11738493243713657,0.05245085042843622,0.31851445881267587,0.0674598215549853
2023-11-15,0.10732752416160875,0.13709337151248055,0.10114116440362866,0.10028074571672486,0.118501063273174,0.05270297738400976,0.3152180977659803,0.06773502497911452
2023-11-16,0.10648420006254126,0.13862521738890873,0.10113571576042932,0.09823009003896511,0.11842466103168209,0.05215827120492,0.3176733968727715,0.06726841696798891
2023-11-17,0.10226696705046896,0.13962261665846135,0.10197210496467211,0.10015108422270923,0.11847858258967402,0.05279529138865661,0.3166942902811663,0.06801903215404706
2023-11-20,0.1031336911330543,0.1381673436795328,0.10135356011323758,0.10017400859008621,0.11949121349287611,0.052562502502509836,0.31805664109132936,0.06706100925451734
2023-11-21,0.10243105726215876,0.13754295734547026,0.10143651409934908,0.10022258744320386,0.11932981569114694,0.05206919957061366,0.3199378653409049,0.06702997264370558
2023-11-22,0.10305404058872944,0.14174634864950125,0.10173438279839166,0.09951918307308881,0.12132002670844898,0.05245848163368207,0.31281413673739117,0.06735336913447734
2023-11-24,0.10413979486667926,0.142187883253464,0.10317049382384547,0.1006991591993499,0.12190373480868241,0.05255070209417259,0.3082370583318654,0.06711114279977713
2023-11-27,0.10433834181467412,0.14240977582339148,0.1026276033780592,0.0976350615776147,0.12259549864067784,0.05292380521374938,0.31086514478259153,0.06660473798455502
2023-11-28,0.10347813198562225,0.14310826059975196,0.1018059899282172,0.09822483035959453,0.12177570918586039,0.05250360092993112,0.31128799536486274,0.06781545054820981
2023-11-29,0.10356303258434825,0.14412017622910944,0.1027388453101582,0.09688135124918137,0.12142702582103607,0.05247936033073844,0.31089182910632024,0.06789834851654324
2023-11-30,0.1054311259911885,0.1431306744395803,0.10371485959278355,0.09677384814963559,0.12360398138730742,0.05288022103128774,0.30663041876640457,0.06783483932078961
2023-12-01,0.10617057115294588,0.14268388237279137,0.104468988686366,0.09673311949831628,0.12404288843855224,0.05248394529805566,0.305061537283785,0.06835503610509398
2023-12-04,0.10585703646500748,0.14206913030610255,0.10620356489123264,0.09796773437882308,0.12434102234376529,0.05234513554649059,0.3026259333552341,0.06859041094552541
2023-12-05,0.10414625029763351,0.14157335423394715,0.10664930640177953,0.0966342985812764,0.12184778289646472,0.05182421349409036,0.30908983437164494,0.0682349280153941
2023-12-06,0.10429211873883783,0.14130534520331092,0.10748835726817559,0.09672463828751288,0.12283989106152726,0.052018530093949536,0.30548788921464315,0.0698431980616793
2023-12-07,0.10374981627204918,0.1506276385499565,0.10541094884403165,0.09576234431584593,0.12141918010196752,0.05082002124580259,0.3034606819887621,0.06874933757132497
2023-12-08,0.10238943915770918,0.14996661944570688,0.10401968343057241,0.09720409652350312,0.11954435919507499,0.05127726891846005,0.3067152701096538,0.0688832323777264
2023-12-11,0.10495891631898256,0.15261089236185374,0.10354347873626085,0.10341198311563411,0.12206304878110698,0.05193961707781269,0.2938353624534652,0.06763667105142276
2023-12-12,0.10452112468816313,0.15353404499006254,0.10322588884601268,0.1058676169328185,0.11956154977655631,0.05128145465963691,0.29511689306607636,0.06689139745937812
2023-12-13,0.1034412108507249,0.15281171780266814,0.10440046278769988,0.1066309355862619,0.11905220221537105,0.05188592472137234,0.2951409268256977,0.06663658989165155
2023-12-14,0.10480916418688285,0.15007877461687577,0.10524664480416963,0.10648486682530024,0.12227322858072844,0.05256300484444204,0.29184296080674765,0.06670132650100016
2023-12-15,0.10424722831243187,0.15032287253488075,0.10444256733376037,0.10799922246117293,0.12245573749618771,0.051717885993298754,0.29313961704366065,0.06567484018253926
2023-12-18,0.102634603815734,0.14919641933898614,0.1023431955650374,0.10902342412201753,0.12119330925438243,0.05151746526826173,0.29854318000428937,0.06554837415268944
2023-12-19,0.10361849468399112,0.15013778546871875,0.10243624021646652,0.1085261585551731,0.12261130147660411,0.05176439894710327,0.2949349245635066,0.06597066768575044
2023-12-20,0.1033613475378545,0.14975503441226157,0.10356018183671195,0.10911955585564924,0.12229870449350684,0.05115391129520507,0.29518567561153797,0.06556555964828717
2023-12-21,0.10339300183589954,0.1504255786509789,0.10426509317216846,0.10774602768052388,0.12241262599864002,0.054045377257570484,0.29234318256028863,0.06536908433798687
2023-12-22,0.10384140858495897,0.15012926054797104,0.10391242415396969,0.10726491610325538,0.12292660054076812,0.054697420007893426,0.29146020211717544,0.06576773943104158
2023-12-26,0.10379421222438273,0.15206394612452478,0.10383718372142114,0.10669491792291382,0.12364555244159306,0.0542858304379333,0.29001558135099775,0.0656627476630969
2023-12-27,0.10344086353614199,0.15442302030598035,0.10371107802512271,0.10583946174011341,0.12315634310964738,0.053875421879606436,0.28996130651633734,0.06559247685767089
2023-12-28,0.10271448899964791,0.1572059802534166,0.10283238808588631,0.10544525585950576,0.12229407076349642,0.05344442557781941,0.29046494177893517,0.06559842066275871
2023-12-29,0.10252114956629073,0.15649343654455414,0.10317698698108871,0.10534726933070496,0.12185743902249273,0.05334871084912543,0.29179643606314043,0.06545854349563206
2024-01-02,0.10164520335169829,0.15313801205189798,0.10172246459469482,0.10662447447036251,0.1213431024926054,0.053579103655672214,0.2954293913974587,0.06651821868714057
2024-01-03,0.10141624384385266,0.15207529837282074,0.10149491103463108,0.10575794891892831,0.12136678562814268,0.054436163761027,0.29671077454787254,0.06674184409664323
2024-01-04,0.1000573491164815,0.1529640404701507,0.10112540762648123,0.10487955358566378,0.1204926031286345,0.05477452793212548,0.29960863260487997,0.06609785571741092
2024-01-05,0.09875953315040806,0.15415290034779455,0.10045699099105873,0.10376125423748281,0.11939231113449195,0.05466125747738638,0.3031229004606577,0.06569282270808119
2024-01-08,0.09646118049995056,0.15614005755123508,0.09886192214396018,0.10206266239682554,0.11851983614088249,0.05343083872868402,0.30977775933842455,0.06474571488032156
2024-01-09,0.09552961593554424,0.15844427649187562,0.09758420458668186,0.1021526564418185,0.1169874977160335,0.05208788469626356,0.3130886671282618,0.06412516885888561
2024-01-10,0.09437847857223229,0.1570485817699192,0.0974432600147217,0.10156314020885705,0.116158048493553,0.05128785352197857,0.31893546657264016,0.06318514281416085
2024-01-11,0.0949656568014716,0.15525467431075524,0.09676826791233357,0.10256560292851694,0.11685009083542024,0.05150394057386767,0.31914772542441905,0.06294401340412643
2024-01-12,0.09484160741837819,0.1542329986088849,0.09637160732910297,0.10362601083618596,0.11715580523961679,0.051055026754364324,0.31955173143592663,0.06316518447624621
2024-01-16,0.09399042673011393,0.16284899143163373,0.0930624686552813,0.1016835322603212,0.11443005280055978,0.051111959478187356,0.32103456532721425,0.06183797611717262
2024-01-17,0.09395665165970367,0.1646746627341223,0.09402731238024763,0.10087358119239945,0.1134383086749617,0.050418323431819304,0.3198579493579097,0.06275318330995024
2024-01-18,0.09510688282802539,0.16193318299518936,0.09516438377361137,0.10123086447971251,0.11461314650250058,0.04971974108080866,0.31552254473422,0.06670922721280294
2024-01-19,0.09532133646170812,0.1659652986506853,0.09268936292693628,0.10256587846563943,0.1153505265196808,0.04908561060175721,0.31452723235810126,0.06449472875993997
2024-01-22,0.09567008190326405,0.1604444667141374,0.09391355667385891,0.1035096562201758,0.11653429421292184,0.05013165868392594,0.31586578493338147,0.06393047536460299
2024-01-23,0.09478639307576489,0.16038053116566192,0.0951741517428396,0.10381280178176687,0.11588225850339612,0.04908141281903332,0.3164474629499751,0.06443496271394007
2024-01-24,0.09535842357207093,0.16384979553125933,0.0999827345888701,0.10243870951183663,0.11422825292508229,0.04766486868581728,0.31299042803205973,0.06348676278716156
2024-01-25,0.09397298345960738,0.16474532446461393,0.101945633976237,0.09989480614465228,0.11588819758558026,0.047985723334526574,0.3124340072628132,0.06313329955010309
2024-01-26,0.0922276088615586,0.16438009851576305,0.10332879252081587,0.09933434765273111,0.11403091291125632,0.04808332900385357,0.3141420582927315,0.06447282765316097
2024-01-29,0.09191071067030163,0.16281004072767127,0.10375609918372314,0.09911380107158617,0.11348035437443918,0.04801862836625777,0.317413570342919,0.06349677098925299
2024-01-30,0.09168283637552756,0.15925416096443276,0.10315954115239061,0.09940952145945879,0.11336656929084252,0.046958991528334756,0.32248040605248574,0.06368794863659458
2024-01-31,0.09217903189230826,0.15789202820956302,0.10515894573004089,0.09877060792200983,0.11386058566148995,0.04754329744695649,0.32153727925130077,0.063058198922253
2024-02-01,0.0920859903225543,0.15779271782518559,0.10583532700441453,0.09873952643356629,0.11288166028164501,0.04665951711924724,0.3237820732199514,0.062223163253352906
2024-02-02,0.09022051449953834,0.15994807540060876,0.10295917008429423,0.09799051064541785,0.1106554853484694,0.04584660866790972,0.3305958778838396,0.06178373359995368
2024-02-05,0.08994048252767099,0.15371346950851084,0.1019646413955438,0.09749620892601653,0.11006740125057539,0.04518669279958509,0.3394965976662904,0.0621344825346614
2024-02-06,0.09014986362455227,0.15055921824923743,0.10438240782671124,0.09747722911119593,0.10969177605366244,0.044676680757942684,0.33958764972657035,0.06347515087237147
2024-02-07,0.0892626691609905,0.14984075262368868,0.10397970971603673,0.09795688362847153,0.10900225178097148,0.04396175472024805,0.3410442410792617,0.06495171404965655
2024-02-08,0.09029804964519872,0.1475867473927626,0.10345673929911196,0.09876048606003551,0.11039100647774823,0.043558175804430034,0.3368524638859402,0.0690963083287796
2024-02-09,0.09362841438583416,0.14583627432189783,0.10327392397570283,0.09647061559270284,0.1129531927123262,0.042599027675875346,0.33851156242037606,0.06672696649767403
2024-02-12,0.09398470548660111,0.14614340733197917,0.10160500274721712,0.09560074855253821,0.11312037391586974,0.04290037661630409,0.3408918106258576,0.06575355218432526
2024-02-13,0.09252382406234393,0.14772621019848545,0.1000591704114849,0.09582254813855129,0.11264739846986932,0.04134392898997692,0.34475358997961786,0.06512330691710756
2024-02-14,0.09323366976920403,0.15017561226909587,0.09992559990192686,0.0942980223111015,0.11277295789901216,0.040493894905386935,0.34469271905944465,0.06440750160369053
2024-02-15,0.0945699031443242,0.1494939363472025,0.10115118188579209,0.09511452549866034,0.11325520053800214,0.04065289856085333,0.3410638492817898,0.06469848231994325
2024-02-16,0.10046537974221338,0.14689404305113699,0.1009462837742972,0.09354248665996931,0.11465196921029132,0.03955022034678427,0.34049169097875215,0.06345790383686405
2024-02-20,0.0985413731367991,0.14487382086695527,0.10229463724033859,0.09533919858249329,0.11537861489075155,0.04155498966286471,0.3370474007051459,0.06496994173237394
2024-02-21,0.1002851452526697,0.14503188055169014,0.10312448087004233,0.0963271704632948,0.11668153197973362,0.04236028597023548,0.3305891671779847,0.06560031432901432
2024-02-22,0.09606785942042483,0.1465530968318434,0.0986618978882977,0.09348194528613762,0.11152501664620859,0.04076652218647418,0.3512774773963257,0.06166616297843176
2024-02-23,0.0956390141254698,0.14346078752004282,0.09755744483201062,0.09366145652319322,0.11058548415561618,0.04115663841741,0.35552637846421814,0.062412774414296796
2024-02-26,0.09778439412225141,0.14166375974651194,0.09809910566352327,0.0936692057674693,0.11072684144381556,0.042398696204552916,0.3533187521054492,0.06233922360694175
2024-02-27,0.09773008528799405,0.1436729083247114,0.09773235630723767,0.0930099957623528,0.11009194385393921,0.04365522241532058,0.3525719458227691,0.061535520825497854
2024-02-28,0.09628634009774699,0.14417028073008847,0.09868532025813614,0.09360944146258586,0.11042207933065006,0.04313955438852872,0.35201359461208664,0.06167336746832112
2024-02-29,0.09572684128262657,0.15315159104987283,0.09737269184720297,0.09196502596890915,0.10937512775341088,0.04244254583147799,0.34928354922059707,0.06068260595546452
2024-03-01,0.09536538685749406,0.1539937004737642,0.09686085204503467,0.09452374271426485,0.10930959859554326,0.04257834257494363,0.3470399134742109,0.06032844311635789
2024-03-04,0.09344181046228595,0.1534676455085099,0.09593389071640845,0.09315843209923344,0.10705416002746339,0.04214369664673262,0.3535425508909379,0.06125779383482484
2024-03-05,0.0932930454657993,0.15460146672543426,0.09392033084381529,0.08996470416945217,0.10637331713066292,0.04192571915241932,0.3596119292287338,0.0603094673013169
2024-03-06,0.09292202847097299,0.15455316576007738,0.09475110129296777,0.08806110386177471,0.1055806048520826,0.041289142589103114,0.36125531699625674,0.061587516722260933
2024-03-07,0.09032439138027466,0.1504555871814583,0.09589059013125137,0.08902955437868992,0.1037425027716045,0.04148528276838982,0.36611028060657536,0.06296179191023477
2024-03-08,0.09124771739371737,0.15423901529346226,0.0951174389684737,0.08652582898183878,0.10426448723645836,0.042751117607845966,0.36131537033346667,0.06453900446646159
2024-03-11,0.09188999263918313,0.15167578261922943,0.09466664518135773,0.087887664408466,0.10433171029149614,0.042547733840173046,0.3639863817026069,0.06301406904724444
2024-03-12,0.08998791047169594,0.149163553672813,0.09313794580002549,0.08448804305941784,0.10272921876408517,0.04220177314487597,0.3753102564429673,0.06298127913925462
2024-03-13,0.08992317670773481,0.14632448182292487,0.09360492659704546,0.08399990125288273,0.1022362379109961,0.04165038255080929,0.3789569646242319,0.06330390861688284
2024-03-14,0.09194058317344139,0.14353426631352736,0.09472606403118737,0.08610325652601834,0.10431486228354916,0.041310987582549426,0.37455352764172883,0.06351643210395987
2024-03-15,0.09136630344539211,0.14722795832515292,0.09318982986285126,0.08463615714527864,0.10299488013510044,0.04231277703579558,0.3756912164386468,0.06258085718109314
2024-03-18,0.09181132064004757,0.14609783249188094,0.09278475822325107,0.08428563013260482,0.10413359784981537,0.042317434594021285,0.3762377495443446,0.06233165620657165
2024-03-19,0.09225154091108244,0.1392681310986282,0.09399085856691398,0.08448572797906552,0.10496640323375205,0.0424909696032495,0.38091442523433666,0.06163192301994119
2024-03-20,0.09272218868024996,0.13615899024747924,0.09460897189104861,0.08630077633944813,0.10559400048730112,0.04293670178772894,0.38000792799961547,0.06167042248136934
2024-03-21,0.0930758115205119,0.1321798124416114,0.09427445053530221,0.08902611035646177,0.10674890457238888,0.04785104538988178,0.3754349067656443,0.0614089388048514
2024-03-22,0.09176358959534346,0.13136649286369356,0.09216985406081332,0.08835767517402422,0.10501770101773036,0.04745484606893124,0.38269380366126604,0.061176018170783594
2024-03-25,0.09068312024203393,0.130191060997799,0.09177017370239837,0.08794412240306508,0.10398301300457256,0.050268624064188916,0.38431954823360126,0.06084031802868706
2024-03-26,0.09114113380733724,0.13142037688627137,0.09230740492669252,0.08782866870403243,0.10495435805607162,0.051686678492878516,0.37959550431170314,0.061065855225551045
2024-03-27,0.0925722477194473,0.1339129488947695,0.09341723882205719,0.08778789105944779,0.1057498747601309,0.05236015918016243,0.3735258426622753,0.06067377713188016
2024-03-28,0.0917622816596229,0.13455148019764457,0.0930551731659901,0.08821121736642605,0.1063702334797917,0.05180043985991006,0.3738740679772149,0.06037508652835441
2024-04-01,0.09162839016841473,0.13486789995650292,0.09395111901950635,0.08867620424371296,0.10606708775950227,0.05389440959065299,0.3689563666387261,0.061958503119422685
2024-04-02,0.09180791849342192,0.13336091326594524,0.09279474077162846,0.08919592427004938,0.10602038415906603,0.05399414406212725,0.37053315450050023,0.06229280069087404
2024-04-03,0.09170105894385877,0.13392350943139933,0.09341128023825294,0.09016364131196622,0.10644964679589625,0.055897903398727286,0.3658286748191702,0.0626242654184015
2024-04-04,0.09335805850570791,0.12752880952601395,0.09430789199899196,0.09045532241804607,0.10747911246185957,0.05624749026550788,0.36668793071131517,0.06393536372300487
2024-04-05,0.09343318298075308,0.1283496463352011,0.09489074318914763,0.09006009430918496,0.10713228283190242,0.05485844921887581,0.3678996291953217,0.06337595197151923
2024-04-08,0.09427137573020138,0.12837096739413942,0.0955040942971401,0.09012612782964037,0.10733154689102054,0.05475492151510552,0.36541727780162675,0.06422366850858939
2024-04-09,0.09526229346692641,0.12954319814600604,0.09657425099513677,0.09034368873108052,0.10843084993480057,0.05482712834027582,0.3593638753087188,0.06565469496575715
2024-04-10,0.09469876129375844,0.12673081952864118,0.09505080363116372,0.0895144296983083,0.10708412005902965,0.05461277058073282,0.3663100167331153,0.06599825837208988
2024-04-11,0.09355052648349138,0.12547429973104063,0.09391695721351322,0.09082831243203265,0.1062934678222178,0.05530900226549403,0.37014192444987615,0.06448549009073386
2024-04-12,0.09412093314809725,0.12387147677573172,0.0938564822378802,0.0910329203518988,0.10662993827215617,0.05478560798018964,0.3713393664810487,0.06436325463888755
2024-04-15,0.09485829147303897,0.12387793232287032,0.09489663694352132,0.0904158434620503,0.10737077298747641,0.055276275119787194,0.3688439404908891,0.06446028671382155
2024-04-16,0.09512041534240785,0.12435569819346178,0.09559524939998748,0.09026867748266335,0.10762045726050351,0.0546028905540923,0.369124711700983,0.06331187989540035
2024-04-17,0.09496591143117163,0.12259613452812608,0.0929227514979267,0.0911463580805388,0.10664217419739007,0.05457736038998842,0.37127257593234586,0.06587671283864056
2024-04-18,0.09330595996928989,0.12475865194415191,0.09199291306318276,0.09042228087661008,0.10502391818172965,0.05307409648356646,0.37807896536349234,0.0633431927886392
2024-04-19,0.09699840607946825,0.12557770493180953,0.09467804436963388,0.09210450190043776,0.10944977684750326,0.053892766785201315,0.362199701103874,0.0650990752770156
2024-04-22,0.094739541692142,0.1245295427573844,0.09397258749400693,0.09158398633744899,0.10680758501522582,0.05388429982874213,0.3697729564668344,0.06470947819562582
2024-04-23,0.09387574556761502,0.12393492992533298,0.09438478179496568,0.09077079121438562,0.10607651432473235,0.05395089142652174,0.3723581012395567,0.0646482229273661
2024-04-24,0.09647404427369097,0.1250963220044228,0.09462115484939432,0.0925029923849308,0.10713822595732042,0.05431624225678503,0.36459477545055374,0.06525622096507723
2024-04-25,0.09495816710598386,0.1238601403431111,0.09351114462305828,0.0930897102096281,0.10664738756316229,0.05297802083536461,0.36946177472197667,0.06549363324020081
2024-04-26,0.09409216322511797,0.12200367660627917,0.09181104003109147,0.09300972401099816,0.10534024592466919,0.05246655479649894,0.37746283561137395,0.06381373924307802
2024-04-29,0.09476265363790559,0.12391342340642358,0.09070115740788456,0.09243819661638028,0.10550994962915583,0.052137613315292014,0.37676507001226445,0.06377191546692805
2024-04-30,0.09374754955609661,0.12522606793219707,0.08891402261303107,0.0917838238920089,0.10385842670553402,0.05264294918506755,0.3791850693734938,0.06464206977940434
2024-05-01,0.09534925677963808,0.11880563474055515,0.09052195682641855,0.09137376553394257,0.10498843108966004,0.053246232271569556,0.3795653555109806,0.06614934541372909
2024-05-02,0.0952285346894974,0.11782865043159531,0.09042880567710518,0.08914176127679663,0.1046232100064614,0.05337517344337045,0.3839977466388597,0.06537609646236069
2024-05-03,0.09510360362174065,0.11757724431835118,0.09073022767052674,0.08908503828846356,0.10417132958562945,0.05278164294116816,0.38476046501728306,0.06579042785729286
2024-05-06,0.09453790247664373,0.1181368459067552,0.08962527489297803,0.08871274991342548,0.10296984570484814,0.053696546725951186,0.3878420145888062,0.06447879968410644
2024-05-07,0.09498011150455848,0.11853486345230677,0.0898526502196116,0.08929636459072764,0.10313439190847272,0.05393222204203698,0.3857936733308012,0.06447570260089741
2024-05-08,0.09484266111791011,0.11771980183763468,0.09002633051306116,0.09067284417378131,0.10278185214824022,0.05389347816955285,0.38455715887551767,0.06550585284708267
2024-05-09,0.09545366710910982,0.11811626668900504,0.09126540235849352,0.0903493219545183,0.10330699842111342,0.053821598273347614,0.3818034916028494,0.06588323304137783
2024-05-10,0.09558570068880215,0.1160033025338226,0.09155860033795812,0.09085705624833174,0.10265650019303857,0.05456605175404171,0.3809270073184507,0.06784576068054898
2024-05-13,0.09445755645648304,0.11531238095866535,0.09054712159055674,0.09145378013403915,0.10165869677007883,0.05552552292851029,0.38429344670494464,0.06675147415051383
2024-05-14,0.09454172942861497,0.11562321019528904,0.08903491287750716,0.09300932557395097,0.10117245256898265,0.055535437911689335,0.38279809799046194,0.06828481343820175
2024-05-15,0.09469097703562353,0.11647042617900327,0.08813571851830435,0.09352688870494268,0.10153058688872435,0.05495134693365937,0.3831371015620535,0.06755693483776157
2024-05-16,0.09371294861907131,0.11929490048193449,0.08694486909642622,0.09248278453241952,0.10158375576424,0.05529752692618505,0.38420610406223066,0.0664770910679037
2024-05-17,0.09402761592028042,0.12217022558592483,0.0885587893618814,0.09252976693257167,0.09949874886867804,0.05485500505845869,0.3812894496765789,0.06707037890129763
2024-05-20,0.09535172329253687,0.12080869149048303,0.08794719631018988,0.0916905393775897,0.10048647140868809,0.05522534667731681,0.3821002204436029,0.06638979174252842
2024-05-21,0.09522679591714155,0.1195205532963727,0.08656618770830564,0.09067186136632117,0.10276429411599115,0.05454888483551726,0.38430151155740533,0.06639989195798723
2024-05-22,0.0948419401392427,0.12034488902661385,0.08643485377149276,0.09037110551092908,0.10312444640632243,0.054116897303323426,0.38318200070301933,0.06758384786204727
2024-05-23,0.09175502182178706,0.11295109508811113,0.08477999171475605,0.0875759056162583,0.0990695198145725,0.05239938948445629,0.4056309695597805,0.06583808823358556
2024-05-24,0.09093781301228467,0.11453790837755833,0.0848561959168935,0.08653501041442213,0.09813815312008785,0.052548190643730834,0.4068708173001927,0.06557589296062898
2024-05-28,0.08788449287504702,0.11396359017575157,0.08489749170466622,0.0837403651633325,0.0947261213909895,0.05192989670909145,0.4198402654041746,0.06301775896992062
2024-05-29,0.08787764274223743,0.1107947968982444,0.08283304051537713,0.08329701963087742,0.09392474681982647,0.05203292111737264,0.42759884618669625,0.0616409683012674
2024-05-30,0.08862603442094952,0.11413555780643016,0.08523374521436314,0.08335529776666781,0.0955672901919069,0.05095012530537111,0.41980771611737466,0.06232421502940268
2024-05-31,0.08888240323107624,0.11534638329310476,0.08554656219710408,0.0819716809556385,0.0946409884276475,0.050918878014593646,0.4205542035783068,0.06213888197895587
2024-06-03,0.08668654825313638,0.11068644596042423,0.08421946610308804,0.07986945885877075,0.09299481911313279,0.05112713212617138,0.4319910119537522,0.06242509968805638
2024-06-04,0.08600584650530388,0.10843424559871433,0.08306015286452122,0.08052507943420449,0.09184572769087114,0.05059011467925237,0.4380236889393358,0.06151512631829229
2024-06-05,0.08571646799994764,0.10664095072197903,0.08613691054896548,0.08096166174948742,0.09158474833178373,0.05057739626388075,0.43614184097638636,0.06224000639249386
2024-06-06,0.0857561223127549,0.1078642199918562,0.08774579279723545,0.0809083803260387,0.09139132477033343,0.04958288199304121,0.4343548000699954,0.06239646059143739
2024-06-07,0.08575944134498475,0.1085831608122238,0.08574035690187903,0.08122891693905573,0.09145344053323043,0.04992095672501461,0.43401590215471425,0.06329780743938025
2024-06-10,0.08731387498296352,0.10261657846483585,0.085930588413106,0.08230347713427948,0.09427958071070561,0.05085705546702908,0.4326336192746383,0.06406520858414923
2024-06-11,0.08833583273417847,0.10211405381950688,0.08578017934049723,0.08379054821659997,0.09431911337909424,0.051141999689933056,0.43115021814546844,0.0633680376429377
2024-06-12,0.08843201318794963,0.09971824378263425,0.08573333858734708,0.08308665099734948,0.09483243894668045,0.05162657252983658,0.4324905986174702,0.06408012685140793
2024-06-13,0.08623751503351493,0.09707817237713204,0.08237725255574041,0.09100380756882988,0.09259559317754569,0.05122185215149236,0.43679770090335646,0.06268809013573323
2024-06-14,0.08541773034660315,0.09620357451603277,0.07984595369627182,0.09335217291499774,0.09169353607555489,0.050213953887153925,0.4411886313130839,0.06208443127168535
2024-06-17,0.08644093402798768,0.09428673412997936,0.08074774806302502,0.09718887238190431,0.09368700937811224,0.05186557289846134,0.4327818887598208,0.06300122457885865
2024-06-18,0.08659991126989838,0.09036270887056323,0.07994509030342518,0.09404026474250879,0.09368639905742944,0.0528546874941225,0.4398046170875641,0.06270630568068772
2024-06-20,0.0860638681408681,0.09702517818950415,0.081223236402693,0.09287252230688657,0.09365345716370356,0.050970157800778355,0.43538117347930566,0.06281039061534549
2024-06-21,0.08652091892762072,0.09910007138424791,0.08212297923285725,0.09101561255227741,0.09499136825463225,0.0505531209673582,0.43184467949666755,0.06385123288797853
2024-06-24,0.08821552434446235,0.1028606847683993,0.08289890522339707,0.09153070180982605,0.09675009014212868,0.05259186661775641,0.42083000289481365,0.06432220718100692
2024-06-25,0.08674398008017956,0.09923220327511678,0.08167702311906726,0.08766855105822362,0.09593202338152516,0.051506768379989805,0.43341497228893133,0.06382446199908602
2024-06-26,0.08603429065286636,0.09763111737361405,0.08120314400997863,0.08835997996584102,0.09626858312704892,0.05200039477816583,0.434823739847913,0.06367873381372606
2024-06-27,0.08705589772152117,0.09984589029877294,0.0829609888008743,0.08897135126022956,0.09726736153037145,0.048798039392573773,0.4309298312750769,0.0641706231203658
2024-06-28,0.08804605684715201,0.10121057431473995,0.08224975356111358,0.08971845034912411,0.09775941449225667,0.048372020516651015,0.4278825312891556,0.06476118208694148
2024-07-01,0.08837827777503028,0.09817085957160797,0.08292970531437309,0.0914848431462941,0.0971548075731533,0.04826046268302131,0.42955450669191514,0.06406652073863947
2024-07-02,0.08925020606461201,0.10182173212674536,0.08369847276339545,0.0919898455740766,0.09781947402035523,0.04842932770037812,0.42197196322752634,0.06501896209285724
2024-07-03,0.0874663648725405,0.09853533219257954,0.08302217807257681,0.09310615339807224,0.09577655749047466,0.04848237220089646,0.42809554781483405,0.06551547801849471
2024-07-05,0.08770272228971795,0.10393168997103243,0.08373284291385802,0.09223184185118317,0.09677053163727453,0.04689744527853062,0.4223038463282516,0.06642906370011126
2024-07-08,0.08748094266546537,0.10614484199022999,0.08248916979689186,0.09288020128878717,0.09628275164743351,0.045797510417473326,0.42272245000975783,0.06620211643466534
2024-07-09,0.08845880949229976,0.10418506344662601,0.08037217973414146,0.09132257702942335,0.0963004588184161,0.045511682464365745,0.4290272612368008,0.06482195218062847
2024-07-10,0.08743914125807664,0.10550477045751996,0.08123663431664456,0.08961526902219759,0.09512838873706911,0.046145786704429925,0.42949839759180136,0.06543159670639434
2024-07-11,0.08658754985556998,0.10920191449619537,0.08219708472877352,0.09170298787537925,0.09360634918872465,0.046111996401707794,0.4244633636420616,0.0661287378981302
2024-07-12,0.08638403642564667,0.10779153872993083,0.08302409643171915,0.09040242996296173,0.0934281174840816,0.04676163083033683,0.42580471741589776,0.06640341698295237
2024-07-15,0.08763963214273623,0.10733828898899449,0.08182923489397892,0.09163662739425571,0.09389379430030285,0.04608222123014806,0.4255606881558889,0.06601949706828333
2024-07-16,0.08855629369560238,0.10695953876060342,0.08294165500455652,0.09138524336788253,0.09537378005317707,0.04530809532903547,0.42254906459294983,0.0669263132241181
2024-07-17,0.08652099049787805,0.10482445150285306,0.07898812974553245,0.09184945283517182,0.09361518354167019,0.04635123666404597,0.4306321473858823,0.0672183903946512
2024-07-18,0.08489308253128575,0.10160837160620435,0.07769865474587942,0.09377560883467655,0.09142778593510088,0.04519594882321718,0.4384525462396235,0.06694798398950653
2024-07-19,0.08440255718940123,0.10175898691666102,0.07747450035149825,0.09460469758943656,0.09058874941079918,0.04525076826354817,0.43946458035038316,0.0664551421293645
2024-07-22,0.08600285097754852,0.10032012942900147,0.07808372016135036,0.09283855532969544,0.0925270465394083,0.04377038874778744,0.44136904532169463,0.06508824642923056
2024-07-23,0.08513394334560387,0.09982151700336021,0.077933118014327,0.09507206063023105,0.09152849606372268,0.04368783370490441,0.4410899217345638,0.06573309231763787
2024-07-24,0.08548095917792932,0.10010979293005175,0.07786341161743393,0.09381817126767972,0.09266578551211498,0.04503143302597644,0.4389783109486884,0.06605211716824133
2024-07-25,0.08539962132394943,0.09764140546412244,0.07848722354036498,0.0943642630167322,0.09182949892469451,0.04474621464426991,0.43996701069782224,0.06756474367210996
2024-07-26,0.08608068624642574,0.09760627042712108,0.07983801009741082,0.09468495050267502,0.0917806180693533,0.045002694968271466,0.4375808752889774,0.06742587591375537
2024-07-29,0.08659320408486623,0.09844820891412279,0.0791915765924492,0.09477611307445258,0.09249288692885003,0.044820535606666406,0.43636508802959195,0.06731236809151155
2024-07-30,0.08713713853293024,0.10254254352175751,0.08227946671616826,0.09520725320468293,0.09316642703023184,0.044814787368608305,0.4264966010134963,0.06835576297377521
2024-07-31,0.08543664854597456,0.09728334633066327,0.08144428510483008,0.09689641730544919,0.09126946528068682,0.04362275371470291,0.43738065065146625,0.06666641521396408
2024-08-01,0.08515308648478977,0.09615215334898729,0.08278491156724839,0.09552204683497953,0.08863082384314883,0.043443194631540026,0.4397877574641028,0.068526006590984
2024-08-02,0.08196013298474392,0.09989245723842227,0.07879206852361009,0.09710715513411447,0.0846375920123297,0.041228479002228396,0.4489146353596721,0.06746745975642023
2024-08-05,0.08435076613022223,0.1045602235775149,0.08215625077832273,0.09868705058057037,0.08791131629647699,0.041369240206914785,0.43244488634244793,0.06852024552508992
2024-08-06,0.08336390068529961,0.09900747546698305,0.08279150082597071,0.09803021313048564,0.08618511615009783,0.03993140228091691,0.4401173683844237,0.0705730029113791
2024-08-07,0.08415691701243035,0.1014463636647536,0.08514841350368824,0.0962220328777519,0.08677842678477643,0.040371954126134084,0.4328805946341357,0.07299527649270095
2024-08-08,0.08459867220272811,0.10121528794393128,0.08405084435879744,0.09691263252746929,0.08730234781058677,0.040327896747702124,0.43263374767798934,0.0729585510451797
2024-08-09,0.08483401615336414,0.09964108749704108,0.08246408421821035,0.09853681332656697,0.08821431078730331,0.04074897909991938,0.43150137342161154,0.07405931582065663
2024-08-12,0.083916775429629,0.09940581142609202,0.08004383857365312,0.09674159820637793,0.08671710836881759,0.040578547508127075,0.43984103118570983,0.07275527003151828
2024-08-13,0.083258362834243,0.09786231143096244,0.07785561927620598,0.09697974845049669,0.08578080599880865,0.03985972309929147,0.4470402653617054,0.07136314516349924
2024-08-14,0.08276645234875436,0.0966227783835311,0.07797147824204666,0.09695056905675065,0.08538455608950461,0.04066389208122799,0.4499623356753607,0.0696779199218926
2024-08-15,0.08318916147113582,0.09678115956296551,0.07872368979775278,0.09771795927643684,0.08601455181659289,0.04143743266936076,0.4479096416657829,0.06822638632696848
2024-08-16,0.08138055562252591,0.09725232569567371,0.07765728677013488,0.09716013358003019,0.0839088998109907,0.04170445980177824,0.4527048378694452,0.06823148349298307
2024-08-19,0.08022353761193246,0.09876209873380416,0.0766400197703924,0.09553199545338711,0.0824727794212109,0.04075918150620374,0.4589726778817159,0.06663769275825836
2024-08-20,0.07965208755451764,0.10105583862719546,0.07727684423148339,0.09603222703668154,0.08203269643389825,0.04116319406885352,0.4564057743138961,0.06638132060229816
2024-08-21,0.08009189970235021,0.10107866136786842,0.07804530496468677,0.09509818501370029,0.08230482338577916,0.04093309566987925,0.45687442747320534,0.06557358544058421
2024-08-22,0.07969507161325926,0.10079835255533715,0.07788328507782787,0.09660697791769879,0.08170537392070872,0.040868289567949585,0.45640106812261094,0.06604156360767259
2024-08-23,0.07842070014315913,0.10009613783949765,0.07566634516273969,0.09622894036784452,0.08052611990647865,0.039187431813113,0.46381408248428513,0.06606022515892372
2024-08-26,0.0780439609301192,0.09957186607610964,0.07572108155774128,0.09490229104939829,0.07998938818121129,0.038736052479242736,0.4660109804849066,0.06702436164029221
2024-08-27,0.07717593426723206,0.09903135361559535,0.07561307866537913,0.09511040042580926,0.07943374082488316,0.03798763965632951,0.4686316396056365,0.06701619549302096
2024-08-28,0.07750583138405853,0.09816292160263176,0.07691851919021862,0.0950149151253998,0.07945153432724726,0.0375326352704624,0.4676467911988233,0.06776683411887335
2024-08-29,0.08008061721820856,0.10077405298157348,0.07939917770893003,0.09735016045499362,0.08125875585570402,0.0390515281901785,0.45212093411542953,0.06996475511052662
2024-08-30,0.08028405410136266,0.10092355137995955,0.0792913673173871,0.09906346197156608,0.08206557361457678,0.03856977663153016,0.4501471331201324,0.06965506385185044
2024-09-03,0.08119114847876288,0.10120714087068935,0.08068025148317122,0.10113251928497839,0.08326696614465942,0.03862045903751709,0.44307094678178754,0.0708305483235219
2024-09-04,0.0813134702042248,0.10483450149650035,0.0779817205230615,0.10272112494335287,0.08370493023653823,0.03920030370455085,0.43875272925310965,0.07149119990770132
2024-09-05,0.0803522196579564,0.10376108869538628,0.07644889452417726,0.10184563332512399,0.08276465383008787,0.03924071405094089,0.44284438499911377,0.07274239118800649
2024-09-06,0.08164242455140648,0.10476996604798192,0.07580576975700634,0.0956829937315143,0.08420085580720306,0.039738652567152415,0.4451308353322232,0.07302848152974634
2024-09-09,0.08091339622423249,0.10508750310596,0.07365233923386974,0.09593559057882614,0.08218669196695594,0.03871335577456633,0.4495687917560916,0.07394231119150418
2024-09-10,0.07989023515007691,0.10697984642473395,0.07266764165116583,0.09941336354761453,0.08061651761784608,0.03837273851103175,0.44941390675899323,0.07264573048149212
2024-09-11,0.07826904377040343,0.10529392801898856,0.07259603512820077,0.0995935854204133,0.07927751012717751,0.03757390088705099,0.45597176961507296,0.07142420840409802
2024-09-12,0.07638960863780693,0.10493019832121972,0.07191129670955708,0.10257107539305972,0.07657400930838605,0.035805744014614053,0.4603084868170891,0.07150956234607227
2024-09-13,0.07773886811790869,0.10486360671683166,0.07257839974245583,0.1033995442106755,0.07797422831706302,0.03704992414190857,0.4552122544419658,0.07118315605715632
2024-09-16,0.07871235803552562,0.10651946437064602,0.07263121664849523,0.10288897602478418,0.07816588445450132,0.03602255762851194,0.45407872765525414,0.07098079661196284
2024-09-17,0.07952458267382895,0.10615540504342783,0.07322854523088622,0.10241682954057325,0.07957479049996194,0.03684295506575229,0.4516575233557272,0.07059934992838125
2024-09-18,0.07970893946281306,0.1059935881565166,0.07271685309216756,0.10349331643450528,0.07973624117317572,0.036832523475197325,0.4498541109772878,0.07166440827741906
2024-09-19,0.0806610927880686,0.10727979876237613,0.07319502949832683,0.1029642948025785,0.0797066505806658,0.03603688408409329,0.44786508713263834,0.07229114420443025
2024-09-20,0.07975000286556592,0.10803226671274127,0.07114060024507304,0.10650237727982712,0.07904879536191162,0.03714777442739307,0.4460997163122773,0.07227844842853279
2024-09-23,0.07999412862729349,0.10786358181187271,0.07139741123045526,0.10693106585370227,0.07962850577123205,0.03798436089552716,0.4441231991894567,0.07207772837605202
2024-09-24,0.07908447646048654,0.10620539122565803,0.07051223069229134,0.10538837775157542,0.0783179040090867,0.03719970498677278,0.45012706742968783,0.07316482965864753
2024-09-25,0.078094202769408,0.10703818952613217,0.06979885326260389,0.10419285423958241,0.07836678050710603,0.03732505877487637,0.4529789792138955,0.07220506419048946
2024-09-26,0.08082757387950666,0.10780449709337797,0.07085019919165621,0.10299798258785028,0.0805060616394914,0.04172222428988855,0.44321615617018,0.07207528808288459
2024-09-27,0.0809248071271649,0.10833466365096209,0.07163112609460795,0.1022836255418225,0.08046502059446059,0.04180295879619149,0.44424466933197776,0.07031311138608151
2024-09-30,0.08029161645474057,0.10883470481800296,0.07137010850760961,0.10281157881783812,0.07988870216866481,0.04058198320711431,0.44717690862267473,0.06904437981706435
2024-10-01,0.08069455776880104,0.10911352037908119,0.07253100713009594,0.10278172560774049,0.08037925033815016,0.04041874270595165,0.44363869223875163,0.0704424857221892
2024-10-02,0.08113418518498988,0.10757382957557493,0.07234957502162695,0.10324216838482773,0.08089051113205699,0.03965821508184621,0.44421089110845724,0.07094060666027113
2024-10-03,0.07899444661839414,0.10758358445951766,0.07101086340528848,0.10203519130406055,0.07908125494087666,0.0396818763589061,0.45054608290832127,0.0710666824892085
2024-10-04,0.07852503518645881,0.11090822327375637,0.06980652208671898,0.10300349318029683,0.07809681798449386,0.03914586285632038,0.45004864293027186,0.07046538529551358
2024-10-07,0.077199969034766,0.11008427121327775,0.06795001619659694,0.10129385281450211,0.07660113727643297,0.03913384533348728,0.45653081695033537,0.07120607410925218
2024-10-08,0.07562637350983445,0.1085877305099082,0.06688528641084777,0.10204891582543597,0.07513054835897237,0.038055716819977235,0.4635911566361271,0.07007425526795687
2024-10-09,0.07672924046293347,0.10681378405312003,0.06822267150065076,0.10435607396975949,0.07637763959540517,0.037513784301792856,0.4599318425457558,0.07005494701124786
2024-10-10,0.07617117994085115,0.10234493642966276,0.06713142084191459,0.10401016848182391,0.07549507197541482,0.038910746815483115,0.46652409309201426,0.06941236589528009
2024-10-11,0.07627934588875865,0.10424405016758459,0.06740492933342768,0.10125031422599222,0.07595729628931884,0.03920802434902574,0.46464604737248993,0.07100997591116189
2024-10-14,0.07803901256993319,0.10065045629672743,0.06859649800970184,0.09976389210715009,0.07702707853911524,0.03896728009664979,0.46679577882006823,0.07015998741393835
2024-10-15,0.07428462409387367,0.10167711123442452,0.061224952017833956,0.10264196497791511,0.0731522022291408,0.039992420024941196,0.47422262896571493,0.07280407924607056
2024-10-16,0.07118131591648542,0.10049503738791461,0.056811834464543375,0.10226588823867704,0.07042903826056426,0.04152689602030914,0.4849622104440475,0.07232776220189109
2024-10-17,0.06960103619412576,0.09906398992094739,0.05735816250435066,0.10341542580015187,0.06843711222971302,0.04195630473443455,0.48194803099929345,0.07821992080734826
2024-10-18,0.07056354805624844,0.09857555837241688,0.05902717181094199,0.10215894359560238,0.06794210881218464,0.041488449410206504,0.48418698514263214,0.07605721804298333
2024-10-21,0.06850726953012895,0.09788518888924896,0.05716407375274943,0.10025925114843015,0.0666416470778637,0.03993645694782715,0.4945699494566458,0.07503614676105941
2024-10-22,0.06828706793047541,0.09597593101905372,0.05798267028316366,0.10039291923993272,0.06710450849606248,0.03966219634201872,0.4964984072083102,0.07409628296705549
2024-10-23,0.06951783144190286,0.09711671762379366,0.05811667813567527,0.09902017729051704,0.06829489400145293,0.03940430884601909,0.492067779409728,0.07646159641174463
2024-10-24,0.06951987642979231,0.09689931930463093,0.05796488219343451,0.09723159165442136,0.07136441073332582,0.03985164151337936,0.492250372909944,0.07491788851763434
2024-10-25,0.06977967014279086,0.09755922495173791,0.057389199948213336,0.09707137159229326,0.0715902830633582,0.03979744481471318,0.4906694168932267,0.07614337203724734
2024-10-28,0.06992301523063979,0.10070573685601773,0.05762521611862833,0.09733556673362069,0.07012155989736597,0.039567790144752896,0.49124187516668794,0.07347922315622944
2024-10-29,0.0705089262296976,0.1029149314150298,0.057298590535502944,0.09969946274355951,0.07154427359381726,0.039550619686776936,0.4854126157904717,0.07307056359247463
2024-10-30,0.07065324774106087,0.09457491107041385,0.056330214272488605,0.10101534856959196,0.07180844810766215,0.0391213656166107,0.49231012081143743,0.07418632693667367
2024-10-31,0.0719359032944446,0.09526902057095253,0.0575623927765179,0.10087423549487001,0.07256045132606641,0.03891750516344338,0.48736149752281227,0.07551897631852335
2024-11-01,0.07192613714443603,0.09287421424166167,0.05717435567691602,0.09937049624644456,0.07227327590061326,0.0385612007299915,0.49210707102061113,0.07571323168140558
2024-11-04,0.07130737722416704,0.09211241172484291,0.05686635453053667,0.09914324210505604,0.07165761914078872,0.03933071565739019,0.49442174430572805,0.07516051795524971
2024-11-05,0.07132825940254238,0.09044344483265557,0.0558995303544675,0.09976324581845833,0.07198867563497552,0.03977687926924686,0.49588895507308023,0.07491099268709243
2024-11-06,0.06986945020785157,0.09024175203460513,0.0532427044988077,0.10033828082228455,0.07047403524203952,0.04107598530474919,0.5027326629467599,0.07202511245358868
2024-11-07,0.07047751029669293,0.09080664341783906,0.053126027462373326,0.10010552889142665,0.07085471252363505,0.04059651566281562,0.5009450605425572,0.07308798513286667
2024-11-08,0.07030796193781765,0.09041714784480737,0.05295452861598292,0.1008426616255229,0.07053155919064519,0.040388288330676425,0.5008598536441782,0.07369798260726108
2024-11-11,0.07028522074899879,0.09167799033389025,0.05405977682314389,0.10002088840671926,0.06994227047389111,0.03992401538603048,0.50172618882984,0.07236363250153295
2024-11-12,0.06936448867546934,0.08911439867344655,0.05373803189241341,0.09824242096419232,0.06931695658570743,0.038145473661441144,0.5107641510247007,0.07131406207265568
2024-11-13,0.06914226039695395,0.08795138283907096,0.05503097927593492,0.09847644806427733,0.06881498070633106,0.037259198595979724,0.5126873572058771,0.07063737617562933
2024-11-14,0.0700957375793578,0.08733607390821532,0.056418741036002265,0.0963027897771683,0.0694326153561137,0.03684620525885987,0.5124984963661009,0.07106932404027427
2024-11-15,0.06615401122129294,0.08820440446648663,0.05573859418862421,0.09684610275251058,0.0675970004731831,0.037202705592801755,0.515360708826585,0.07289645514283767
2024-11-18,0.06692599327473395,0.09090367886750174,0.056336964397548955,0.09740258978540842,0.06814696888349805,0.037681151470335496,0.5090781101709813,0.07352452580205096
2024-11-19,0.06476500955825981,0.08899996893251871,0.05472141681791737,0.09486447933781086,0.06612269998692016,0.03685324243094858,0.5210878691266849,0.07258529688035173
2024-11-20,0.06564620863529576,0.08843610595850784,0.05477179583761034,0.0942769564127103,0.06644468414564624,0.03733906230706605,0.520526111726574,0.07255905793643021
2024-11-21,0.0670174500506785,0.08730598077751385,0.055243561643507286,0.09354034291932999,0.06853452916284274,0.038537764284457265,0.517035099074849,0.07278525525095927
2024-11-22,0.06784899755291544,0.08938462479946993,0.05626747163162162,0.09534048021157808,0.06926286085748652,0.03916425183093921,0.5091255285767434,0.07360576740968904
2024-11-25,0.06899763306379908,0.09289963048683893,0.058315659717139756,0.09748679024403134,0.07160806150437005,0.04061789167677731,0.4970536278260976,0.0730206880284671
2024-11-26,0.06867852339443384,0.09093905174603797,0.05743007959375227,0.09774479878789094,0.07083843859986122,0.039700022415442716,0.5019103167978726,0.07275875115754059
2024-11-27,0.0689112048235682,0.09125711151532684,0.0581278156149814,0.09610069465792181,0.0707512339090426,0.03884750474344111,0.5032619351680688,0.07274248180840186
2024-11-29,0.06894817030711585,0.09015214129852064,0.05840251987257135,0.09570968190935238,0.07165608088890989,0.03801712299988984,0.5043781831991048,0.07273608210053925
2024-12-02,0.07082052057544462,0.09141551146971542,0.059257159702448464,0.09627854664761532,0.07456138283901548,0.03745366022848075,0.49523480115016455,0.07497840032587587
2024-12-03,0.07012678417601056,0.09052337983796348,0.059255751779968335,0.09633222441621032,0.07371537539495736,0.037594796996277345,0.49644733369089666,0.07600433680345872
2024-12-04,0.06792109049172984,0.08989902021726758,0.05817588611114863,0.09568435836574612,0.07211131478757533,0.038053260073177254,0.5030550232491815,0.075100030150854
2024-12-05,0.06504160244249857,0.0890007901108396,0.05798002441250155,0.0964398247884635,0.06988497542708229,0.03750757031738796,0.507049966269693,0.0770952295387094
2024-12-06,0.06572460084401932,0.08766855182559992,0.0580473017156886,0.10204463272357282,0.07150310350024654,0.037796642779644354,0.5002414114851383,0.0769737383544924
2024-12-09,0.06652460950409499,0.0843583179670148,0.05894519887356551,0.10364216027160089,0.07368009678928457,0.03914308447847879,0.49675740419912734,0.07694911082650822
2024-12-10,0.06696192531815608,0.0847006178702993,0.06052729177232405,0.10236447262391538,0.07352144207214613,0.03841654060600082,0.49722659443511147,0.07628109772191341
2024-12-11,0.06603827187642701,0.08363613685811627,0.059421778496751225,0.10578313686459406,0.07442101979345675,0.03873423217833245,0.49701319102180735,0.07495221587276242
2024-12-12,0.06617721084727052,0.0851215814177458,0.06015657768495532,0.10580341591628162,0.07292489957562233,0.0378158977954293,0.496968958224997,0.07503144125709169
2024-12-13,0.06505575009139096,0.08118515346378388,0.05949657931585922,0.12921656179334365,0.07221876471697831,0.038725247942851974,0.4767940184858138,0.07730790722929842
2024-12-16,0.06438172791766066,0.08017633072462732,0.059170566988180906,0.1421624737918652,0.0729160935320248,0.04046331284284752,0.463781598437652,0.07694787898613215
2024-12-17,0.06547845135192702,0.08002792746897523,0.06091129637346864,0.13817533393017511,0.07373437792664707,0.04105646277492814,0.46338513915317336,0.07723099404903536
2024-12-18,0.065331188326305,0.07983412059161261,0.06123433366402117,0.13212525833855923,0.07320225353426593,0.04034959635684667,0.4706048430518009,0.07731838870260757
2024-12-19,0.06448798227218293,0.07907818289908472,0.061150701328171346,0.13049161975637805,0.07012314887289242,0.03421414808863995,0.4826059750916405,0.07784822405459177
2024-12-20,0.06407831996285136,0.07775840175231777,0.05957699663044443,0.1294062352117666,0.06932200060562926,0.03471726187368298,0.48779575861595625,0.07734500805328451
2024-12-23,0.06323952951662752,0.07835664168530279,0.05868853079887227,0.1316448039235921,0.06870472977720847,0.03332242520481594,0.4876369304272827,0.07840639199304779
2024-12-24,0.06315080252170652,0.07887937169551162,0.05818193529055215,0.13487438178349578,0.06826527407259371,0.03293352719258678,0.48622827510869376,0.07748641577498806
2024-12-26,0.0628481018258912,0.07811716342195053,0.057875170121344924,0.13808136302495344,0.06841849818424223,0.03313528126828677,0.4852601315851624,0.07626427400701666
2024-12-27,0.06346990582658238,0.07931286046255537,0.05851388733031282,0.13798875410911576,0.06884026547432644,0.03316227015579574,0.48190557090967945,0.07680646893444877
2024-12-30,0.06282578436781171,0.07828022164156823,0.057605998338139675,0.13569705198701618,0.0682869241982343,0.03225389166579228,0.48801770121592747,0.07703240963467091
2024-12-31,0.06349735193405721,0.0785355450648553,0.05832500589409045,0.13580847407072807,0.0695225027489058,0.032358951287088114,0.4847464865830842,0.0772056651787585
2025-01-02,0.06281251253893765,0.07699851246636236,0.05786576670040469,0.13340767898229175,0.06845070735223059,0.032964305802109926,0.4901357427700227,0.07736475646416666
2025-01-03,0.06298772869856845,0.07732639286270834,0.05702790009958162,0.12922713735350722,0.06858108954243271,0.032779502031958944,0.4947064022865218,0.077363830771752
2025-01-06,0.06326535264021912,0.07690140558924119,0.05904492301086926,0.12643460201797282,0.0685255603912411,0.03484372243991067,0.49245941216590694,0.07852500600628377
2025-01-07,0.06598283289526397,0.0786794582085235,0.060589217136544096,0.1272875886787537,0.07091153245484723,0.03723924680534305,0.48076024749848256,0.07854985993925406
2025-01-08,0.06616901264937657,0.07585358023616992,0.05994922716257993,0.12862115317058834,0.07100271900040359,0.03659904280902973,0.48427396433968567,0.07753128412590557
2025-01-10,0.06582411080561769,0.07410188641585616,0.06108126419584478,0.12905457082311503,0.07057060336613567,0.03751450068064859,0.4818465137323218,0.0800065330494047
2025-01-13,0.06644333332460377,0.07597371444669922,0.06096867428980948,0.13144270307626246,0.07137211049116059,0.03640345074385611,0.4789929055288018,0.07840309092945867
2025-01-14,0.06773799906313162,0.0754106569271502,0.061904612984221626,0.13150560647265536,0.07218035673682496,0.037400032605675475,0.4751789801910404,0.07868173779663279
2025-01-15,0.06775478873159509,0.07587706619589409,0.05946019069252167,0.12993082066828368,0.07130442415875443,0.038598028461701676,0.47842564300320967,0.07864902131790423
2025-01-16,0.07074663544995184,0.07482595247580433,0.06134983447356693,0.13057783829540323,0.07409028533434436,0.03833140102618937,0.46848810384990475,0.08158993234477611
2025-01-17,0.07111432773219749,0.07489561539572852,0.06036297097004301,0.13191076128321239,0.07330121588537275,0.03856176623535554,0.4714377683464444,0.07841555780285595
2025-01-21,0.07010658309910996,0.0740167253713972,0.05977713907414498,0.1310537772012972,0.07303054211238007,0.03915306905680304,0.4732660255335666,0.07959612250270909
2025-01-22,0.06922552842446328,0.07296639098236224,0.05851200125556301,0.12797812160608912,0.07266653141525728,0.038086676970262114,0.4814348401818223,0.07912989353125907
2025-01-23,0.06795174861909126,0.07300902841054309,0.05731192037844503,0.1284550271470364,0.0713541368068667,0.036788380280907335,0.48499010556260685,0.08013963706218456
2025-01-24,0.06778538469535987,0.07424984207224886,0.05728636702700518,0.13325789979594657,0.07129803225951101,0.036884744952849775,0.4785991798924189,0.08063853327891465
2025-01-27,0.07329835561580043,0.08041564069774101,0.062457490523449434,0.12733242086077395,0.07828373441392812,0.037672496611991506,0.4596906824629762,0.08084916027514592
2025-01-28,0.06949735782618413,0.07644184212632676,0.05921865146928417,0.1250856157659571,0.07385266849302129,0.034941963575819,0.47948050232922507,0.08148138066241326
2025-01-29,0.07145478448589002,0.0796640536501406,0.06261692942856179,0.126208038520067,0.07552326143171673,0.03573317287339595,0.466213388074334,0.08258635353716623
2025-01-30,0.07231223979756318,0.0787635102909061,0.06321018775869806,0.12875443700231046,0.07919482157015084,0.0362480390720908,0.45858239776670195,0.08293434917238494
2025-01-31,0.0728961120386324,0.0780439589998301,0.06440673414691415,0.1341820273871591,0.08075959470589614,0.036316780619275464,0.4486821692199111,0.08471260503678603
2025-02-03,0.07394070839164947,0.07869164174070171,0.06516068103845257,0.13508834937985625,0.08175025490400353,0.03661897046395515,0.446019831427283,0.08272954439585929
2025-02-04,0.07269051806779572,0.08101058605309605,0.06417574093006191,0.1358533900963529,0.08019503271848055,0.03634486201998696,0.44655746298014465,0.08317238916042789
2025-02-05,0.07134318180594006,0.0736552256817306,0.06320217522141024,0.13744785792434225,0.07976552798768824,0.036397877980483495,0.4557235777568106,0.08246455820710437
2025-02-06,0.07111743626998947,0.07136809627832527,0.061977947889142716,0.13504288365037412,0.07944020629539593,0.03622006276534492,0.4628357774741371,0.08199757220047438
2025-02-07,0.07047860528176726,0.07013193975273678,0.06141205414502737,0.1320991009864926,0.07946861961589947,0.03558936259327477,0.4700123893535462,0.08080791098394
2025-02-10,0.06997582054447514,0.07009666820924598,0.061103977483342405,0.1343565027267277,0.07864431807357454,0.03599329284960346,0.4704986898743669,0.07933071341671967
2025-02-11,0.06997315841362148,0.07066435233044636,0.06211883233786275,0.13468875033471633,0.07839623602259466,0.03538646078367309,0.46894317955112386,0.07982901336241854
2025-02-12,0.06969950820646797,0.07168468664262444,0.0629315445542902,0.13663260132018618,0.07748156339023687,0.03478752499466431,0.46716078930615446,0.07962176457327459
2025-02-13,0.06968096813681003,0.07040774354659085,0.06346126353906792,0.13377866473023994,0.07765283716647203,0.03562243674465118,0.47297832580775817,0.0764177436328003
2025-02-14,0.06362445975230603,0.07082174824805669,0.061040129259819435,0.13147335434877497,0.07670868396771723,0.03685257217607645,0.48270930670592116,0.07676972893909388
2025-02-18,0.0642679682053283,0.07110770194312861,0.060062198350984745,0.12811290341981596,0.07975107736651334,0.03929437951006823,0.48155393033544913,0.07584982437156218
2025-02-19,0.06503589568148886,0.07136085720211323,0.06010735950797732,0.1282215019566577,0.08074366524732632,0.03839918829402758,0.4809534424620155,0.07517807315169668
2025-02-20,0.06572908391270192,0.07083588878642512,0.059799327286546744,0.12674556410648982,0.08176387260399542,0.03785736061140893,0.48262105827931223,0.07464782796319784
2025-02-21,0.06642737383137078,0.07112901505348386,0.06136136683131072,0.12642206153769403,0.08171884418248433,0.03750908336062688,0.47894124749949984,0.07649099068928046
2025-02-24,0.0671622402855476,0.0715635560082123,0.06318787690367979,0.12400706513838253,0.0816680187511409,0.03734852377154813,0.4787839504535674,0.07627875113746012
2025-02-25,0.0677039342393733,0.07064124334914723,0.06435487193118182,0.12399554985692356,0.08076552341406468,0.03745886941511855,0.47771009963943684,0.07736989013891206
2025-02-26,0.06677550449967998,0.06895809308716483,0.06378316015806937,0.12630868274226836,0.07923840957450766,0.038042155182546195,0.4798517451311169,0.07704223216903087
2025-02-27,0.06708017958632169,0.07080099764035434,0.0643865116967417,0.12679500583183217,0.08022856317922436,0.03863343944787224,0.47460487054794814,0.07747041320564675
2025-02-28,0.06617576713510848,0.06945798822052585,0.06397044524443136,0.12497535977442886,0.07901780511630993,0.03851226651254322,0.48239003747743736,0.07550031207784715
2025-03-03,0.06770871267762894,0.07263651813189578,0.06712364013740839,0.12482861818579645,0.08295412049619161,0.039591759253577274,0.4682523594591813,0.07690425205302658
2025-03-04,0.06702413079803363,0.07338971090812761,0.06691319886390842,0.12304057261529215,0.08242961598269914,0.03928605592499376,0.4690794715740356,0.07883722401978178
2025-03-05,0.06682786740413739,0.0726781913311749,0.0685882590732669,0.12338567504975984,0.08390626197475654,0.03988049951314679,0.4655271951717867,0.07920603152915323
2025-03-06,0.06855941168082988,0.07430150189680741,0.06969205914711485,0.1215255603931093,0.08534797227581827,0.0396807552698443,0.4614174512989821,0.07947526810858967
2025-03-07,0.06844376058923476,0.07327003727221255,0.06937088614049902,0.12830127651926618,0.08569302267107173,0.040154273067646025,0.45698644161945173,0.0777802827544057
2025-03-10,0.06948062329420754,0.07436943160740905,0.0681909340024506,0.12789818360314997,0.08434879565678234,0.039632765807574744,0.4571100823866196,0.07896916323641191
2025-03-11,0.06731902893474377,0.07362529786752987,0.06811863653684948,0.13031477916175233,0.08288419255905043,0.040069934461445245,0.4594477517267382,0.07822035857781302
2025-03-12,0.06519419203359306,0.07323966525034256,0.0662927825051747,0.1271593911417538,0.08263844798751102,0.041098118628450926,0.46696902782866223,0.07740835535851885
2025-03-13,0.06618639304871933,0.07194765651028218,0.06606712197834098,0.1264322076468311,0.08194996382293068,0.04114636415840576,0.4706106663741095,0.0756596070172644
2025-03-14,0.0659739148315564,0.07109985181687065,0.06521207597424798,0.12405525666226166,0.08227674737542769,0.041970800883241996,0.4757026089282141,0.07370872485841551
2025-03-17,0.06612666438057746,0.07391442546833453,0.06694400352632283,0.12384028125032435,0.08217457861595265,0.043091670090700904,0.46902034649077917,0.07488801143994354
2025-03-18,0.06689833268393977,0.0749449028648683,0.06865876741536378,0.12307387719267508,0.08316822531127345,0.04355315058008097,0.46403865628287916,0.07566406847240954
2025-03-19,0.06620819971808999,0.07565262576202321,0.06788353796909692,0.12548224980607145,0.08240673409807982,0.042981922377132165,0.464690981599869,0.0746937297880152
2025-03-20,0.06595885369132723,0.07605272697054823,0.06758467026274667,0.12222631888609234,0.08173840908686157,0.04323682345752739,0.46716156179406243,0.07604061703057306
2025-03-21,0.06573295479575982,0.07641574213488794,0.06669263741332646,0.12434401519418056,0.08084580251239766,0.040213613532818875,0.469169857499025,0.07658535788314826
2025-03-24,0.06517642442152599,0.07956335014598984,0.06597349111494147,0.12078051411446684,0.08092824059934,0.040062354185487,0.4710968612575254,0.07641874563212682
2025-03-25,0.06503146360004142,0.08073838972127857,0.06628769517468239,0.11963929534957143,0.08110262248586587,0.0391662944710173,0.4712456735289716,0.07678854702355051
2025-03-26,0.06676838827072393,0.08112198852702909,0.06739178625204764,0.11926676994137496,0.08323203240377922,0.0401098403671138,0.4650093509655932,0.07709982375327856
2025-03-27,0.06704554777161345,0.08044336749818162,0.06756601787329683,0.11723249317753538,0.08378576918262734,0.040661855323455336,0.466667144850661,0.07659778432438467
2025-03-28,0.06718038280104799,0.07942180921813607,0.06732291074909295,0.11759429830447735,0.0829570992642297,0.04024186400353163,0.46853223448132103,0.07674938077777603
2025-03-31,0.06777908225942364,0.07972399430823947,0.06669205812005825,0.11740812555578278,0.08376548223042413,0.039924348068784664,0.4669542546021701,0.07775263428143643
2025-04-01,0.06726644731156305,0.07885839034021881,0.06641099087890216,0.11684392191742979,0.08297185834164332,0.040302355125651675,0.46924486790959924,0.0781011478326106
2025-04-02,0.06777497481983256,0.07846780294175502,0.06613160837732006,0.1185206432809967,0.08349160132870788,0.039982984081687954,0.46724687793302055,0.07838348703044153
2025-04-03,0.06816994215620799,0.07839810602186821,0.06756122865254358,0.11632338879917108,0.0809402894070098,0.03679118515030445,0.47241779404279427,0.07939804361033252
2025-04-04,0.06876214294604774,0.07717606679719764,0.07068079296179221,0.11896737485162381,0.07895744227694228,0.034486965133352865,0.47122823159509003,0.07974095957850758
2025-04-07,0.06977598548377045,0.0729860008428089,0.06970227600536866,0.12155036607325678,0.08059296839119497,0.03532723816095552,0.47307389548224876,0.07699124642440862
2025-04-08,0.06915873812600129,0.06968438170450551,0.06880399795659083,0.1256309595516027,0.07970974600457861,0.03457786480555349,0.4764037609709138,0.07603052725722044
2025-04-09,0.06797830070779168,0.07304616409971122,0.06723838408214206,0.12620652082837452,0.07964427417901766,0.03478014261829469,0.4788269073874641,0.07227928609834833
2025-04-10,0.06707615061535462,0.07150544747395501,0.06791747977729073,0.12552096436541738,0.07951718199578059,0.03343815454066912,0.48148457388656263,0.07354002597135306
2025-04-11,0.06794694792786674,0.07274610748706052,0.06756459092571304,0.12805793494895965,0.07804033707694823,0.03207587960892339,0.4797197372727999,0.07384844410147581
2025-04-14,0.06788114821391661,0.0737401671222672,0.06810154883800418,0.12577235045925336,0.0786262091452301,0.03281492667668261,0.47966147863679254,0.0734021502190773
2025-04-15,0.06761380211589375,0.07359529935308357,0.06843506199726095,0.12489637118600506,0.07848632310138308,0.032488096233550534,0.48113980206724916,0.0733452234686253
2025-04-16,0.06811528646772474,0.07230372066114446,0.06744169808161096,0.12922115610333448,0.07920964668473175,0.033619319277239254,0.4751158991755931,0.0749732518360319
2025-04-17,0.06904465968202854,0.0730201770370283,0.06929100198883822,0.12894988250209144,0.07900677285690069,0.03399709738380469,0.4702553541700813,0.07643503225351136
2025-04-21,0.07046819040737647,0.07389471425886641,0.06997786057411953,0.1297224729912048,0.0800089890051558,0.034130872709375225,0.46471525288938575,0.07708162426611789
2025-04-22,0.07043175890759296,0.07298556921045271,0.07009243666770568,0.12966345332971563,0.07975275024591581,0.03517588554875152,0.4645747354957208,0.07732338816100674
2025-04-23,0.07026981436076851,0.07349814621393524,0.06939404493688209,0.12999414941800733,0.08056721024529054,0.035114036495143934,0.463707830690384,0.07745474608109051
2025-04-24,0.07041680154907198,0.073598357932823,0.06820739891703136,0.13246274840795869,0.08201658850199645,0.03571460762308805,0.4603773181731115,0.07720615823937221
2025-04-25,0.0691661242291373,0.07328590396394258,0.06660915622092838,0.13177585786165757,0.0804117650716432,0.035820458224834005,0.46736527491895047,0.07556543940497125
2025-04-28,0.06961489453247664,0.07393375159553961,0.06713783743791422,0.13341026486105545,0.08151227104813787,0.03568048767603027,0.46305848608161126,0.07565198643087287
2025-04-29,0.06919336278584277,0.07384170608376517,0.06661952261176568,0.13279884786194862,0.08092573415158641,0.034993798061028224,0.4653085159624246,0.07631849210081895
2025-04-30,0.06944272380068131,0.07452496681438983,0.06654121378705177,0.1331509661815979,0.08146751519249641,0.03488132637522413,0.46296604790066903,0.07702521965105383
2025-05-01,0.06751930815552898,0.07278488980006313,0.06532498363816183,0.1342913132893973,0.08020868366070662,0.03467927354640518,0.46667889673089813,0.07851263121234278
2025-05-02,0.06822090133649797,0.0722010783338217,0.06563566755776752,0.13448233699521883,0.08086130567474402,0.03492902472436584,0.46458794159134653,0.07908172441090272
2025-05-05,0.06843786785980475,0.07397668475104992,0.06538618945496556,0.1333970186315664,0.08070948276063294,0.03502052948783119,0.4647660025509148,0.07830620500467324
2025-05-06,0.06819137697554767,0.07301279816352187,0.06549872879110394,0.13386738300297546,0.08042459647291535,0.03529412314957148,0.46672237687238227,0.07698859694305872
2025-05-07,0.06766130083652946,0.07240804265116062,0.06574496736041684,0.13353426556582135,0.08041109069628219,0.035296360481976936,0.46893257223875334,0.07601138104021872
2025-05-08,0.06733014388854931,0.07292678392128182,0.06605629397044047,0.1346369903528861,0.07974971683528694,0.03615508106114641,0.46730340026147393,0.07584157069689963
2025-05-09,0.06721255723771921,0.07379994924013522,0.06593625115441033,0.13501753516103163,0.08030010921760017,0.03648408309602335,0.4647875241327795,0.07646197173390586
2025-05-12,0.06833493312693142,0.07307123911981486,0.0659650483127448,0.13532761806876242,0.08253867938207131,0.03693291977967244,0.4615526322233763,0.07627691206807437
2025-05-13,0.06725505038861158,0.0726244227807574,0.0641826338418402,0.13563555383561401,0.08174481008096132,0.037064776434181365,0.4658753785248291,0.07561735699149602
2025-05-14,0.06617194371524869,0.07432017344249459,0.06315799855912446,0.1324294022373436,0.0796532096478493,0.03563354512216237,0.4744149336453963,0.07421877689178774
2025-05-15,0.06668216569358046,0.0729010268998055,0.06255260700487336,0.13328258756332836,0.07981774518303104,0.03583175271429848,0.47460877936451545,0.07432331876779204
2025-05-16,0.0633471477754205,0.07448056427184903,0.061870346342710145,0.13132189976032227,0.07969013333133447,0.03688681381917657,0.47788218508511804,0.07452089276061084
2025-05-19,0.0634991757413317,0.07294792647296922,0.06196575476822923,0.13250411437195836,0.07912741523733541,0.03713759372323874,0.47856113283613066,0.07425686999257064
2025-05-20,0.06369095732381716,0.07247561826718008,0.06220092504768072,0.13367856258295177,0.07991256512600597,0.03708901564592642,0.47639608288618224,0.0745562561916852
2025-05-21,0.06338755275822297,0.07274523640705914,0.062261274089927994,0.13476809252154218,0.07980185654128973,0.036839971837958695,0.47505628997241367,0.07513970866017589
2025-05-22,0.06263221781690644,0.07156545132437236,0.06229530592264474,0.1346664553794596,0.07924419576195643,0.03629784664830453,0.47674749607493466,0.0765510139326745
2025-05-23,0.06222621046537469,0.07219849165291466,0.06237511173328918,0.13527975192279418,0.07877729066785348,0.03618588050626619,0.4771122732705288,0.0758449724279317
2025-05-27,0.061940090253891265,0.07264299144499219,0.062435633479040104,0.1350341351486238,0.0790334477727781,0.03618813029809556,0.47706300343622177,0.07566255135420884
2025-05-28,0.062027437445328286,0.07177238809121558,0.061765988099000385,0.1375977377045067,0.07931911293582758,0.03621768165365237,0.47600898877234904,0.07529064843725532
2025-05-29,0.06019170737678773,0.07067602825703047,0.06077656166010015,0.13672733724410688,0.07813855587173868,0.03584035694214954,0.48323918796776266,0.07441024810198907
2025-05-30,0.060540841735053495,0.07085233515969476,0.061336246822726884,0.13997331681223335,0.07675871722825474,0.03578947426553637,0.4800829918480573,0.07466605916354145
2025-06-02,0.05961237312424213,0.07198412519078515,0.060993301167405964,0.1411390341898957,0.07690743348241437,0.036507330490905925,0.47900237517647243,0.0738540105283881
2025-06-03,0.05980511644782337,0.07186275301276396,0.05955677697471752,0.1421882994106177,0.07609707200322571,0.03708947592157566,0.48033113132897876,0.07306935865860353
2025-06-04,0.05937907463548432,0.07203864327634078,0.05870981101652797,0.1433319625324947,0.07646759612199341,0.037141780834737084,0.4787109163413105,0.07422019913404067
2025-06-05,0.060577955746277654,0.07071501715703636,0.05946678333900325,0.14357793890371706,0.07706477092984457,0.03847040669528043,0.475103809083529,0.07502330193921918
2025-06-06,0.06132482432551067,0.07079673195945353,0.05969629568908297,0.1359670622063048,0.07812463229428812,0.03916812884077056,0.47945879537441705,0.07546351315517306
2025-06-09,0.061780888154105595,0.07338168086130982,0.060407370462869585,0.13307404215962437,0.07903727694392132,0.039603712479700716,0.4773936951564407,0.07532131779924074
2025-06-10,0.06237447202276628,0.07328780506324159,0.06073366508400273,0.1314634897188322,0.08035309939303167,0.04019170316778479,0.4753326037143348,0.07626314606924339
2025-06-11,0.062004550372368426,0.07201790725575045,0.06064782838542921,0.13587337532068486,0.08028544475515212,0.04084526491083155,0.47149626227804986,0.07682935095958472
2025-06-12,0.06219504381754709,0.06977246410824792,0.06022831331481005,0.1362510486900612,0.0801358437380087,0.04050565048172563,0.4740668160608092,0.07684480417788096
2025-06-13,0.06201195506255863,0.0699562353545505,0.059628088347700926,0.1353508510918454,0.0800517917666593,0.04122362347576501,0.47475793987788556,0.07701949905570442
2025-06-16,0.062488171361381024,0.07411238667880543,0.05914323152863846,0.13358766952342144,0.08133035410144095,0.041610068791287834,0.4711101423145284,0.07661796015371193
2025-06-17,0.06199199283120047,0.07498170139337289,0.05832298803459509,0.13294418106857028,0.08116770944872971,0.042037636055639836,0.4721062989209177,0.0764474766056959
2025-06-18,0.0612297950855282,0.07441346770822412,0.05815842963241348,0.13326167487393767,0.08058353936299113,0.04233540109576147,0.4741062713161952,0.07591140536425209
2025-06-20,0.06056166353699344,0.07592801515221094,0.058277524550066157,0.13407185314592548,0.07975164830018351,0.04333267519758592,0.47292713808223347,0.07514946633692081
2025-06-23,0.06100991086787659,0.07616559974778668,0.05962877952995928,0.13511314890601242,0.08015384137724936,0.04248973028762051,0.4705454786286868,0.07489349507064912
2025-06-24,0.061632649795988724,0.07844810284756087,0.0599696472331419,0.1353985762892596,0.08066905440566545,0.04292153743065606,0.46539985114742694,0.07556056582529143
2025-06-25,0.06105912065466261,0.07923744908843473,0.05860885492876267,0.13246149277250885,0.078977537861727,0.04163491755633818,0.47345781075974125,0.07456280172761484
2025-06-26,0.06092264989266983,0.07902046913644117,0.057107296596802186,0.1345912692755682,0.07927908725150552,0.04103291845479665,0.4734094410769514,0.07463685373364433
2025-06-27,0.06026803018878949,0.07837451599018164,0.05643753184082658,0.13296556962945086,0.0788519803163739,0.04026055161561147,0.47737643978316857,0.07546536618624831
2025-06-30,0.06009729398345032,0.07717348303815204,0.05670561337598225,0.135793851972558,0.07880206728661349,0.03969092386421434,0.4771129429398166,0.07462380911977891
2025-07-01,0.06187174609919202,0.07592404947789001,0.05736818228490434,0.13376586510979424,0.08038408733500677,0.03992990048082251,0.4748291336510732,0.07592702077187387
2025-07-02,0.06248125190724351,0.07546294108597928,0.056674151998266704,0.1331866132213461,0.08014391590325635,0.0392711034188659,0.4756831471445342,0.07709686087663292
2025-07-03,0.062254615374241255,0.07445060087997675,0.055803673979059915,0.13456300799226506,0.07940243763765796,0.03909146259199775,0.4776426811525817,0.07679150607907906
2025-07-07,0.06275118679250224,0.07345594631616195,0.055661246075442504,0.13533472439898822,0.07960560333657392,0.038730740718401685,0.4788055720087243,0.07565496590547756
2025-07-08,0.0634876262742881,0.07434246664133605,0.05573092981176082,0.13280379787693783,0.08015789717340098,0.03977791606939986,0.47923722922415835,0.07446212262703357
2025-07-09,0.062798652960906,0.07369930846252969,0.055410246597889845,0.13403583603926292,0.07910983919509962,0.038577706790256676,0.481581257203189,0.07478713863334582
2025-07-10,0.0632007993660819,0.07622269973362315,0.05517712343527232,0.1318985084751107,0.07953886251336646,0.038579805798017126,0.481785785906133,0.07359640075387959
2025-07-11,0.06290165809550663,0.07709014470555518,0.054932748080501026,0.13085409968602996,0.07972748264647331,0.03885971539476718,0.4821449336353785,0.07348920379657464
2025-07-14,0.06301508273757614,0.07745902137874276,0.05559431999582075,0.13222739254624805,0.0785439760423129,0.03723524781935521,0.48254834120902945,0.07337660422764279
2025-07-15,0.06167274281282649,0.07977984734534317,0.05489875812997485,0.13046849964501706,0.07713269719847218,0.03649740816702277,0.4859538938395486,0.07359613926870505
2025-07-16,0.060485011523203853,0.08234203229488636,0.050490699636790724,0.13083786754062632,0.07685090062024418,0.03549576199642922,0.4894689618191229,0.07402875093081236
2025-07-17,0.05930171293164267,0.08185981633851427,0.04945833591700001,0.1324111385292352,0.07656271465440731,0.03425650247749711,0.49022030482079426,0.07592946080078428
2025-07-18,0.05910702504391839,0.08072366611500721,0.04914330730353102,0.1319693857740751,0.07704534055047596,0.03486134012067442,0.49226299843676546,0.07488692302255465
2025-07-21,0.05984039181816066,0.08080964846963151,0.04819471627136327,0.13437207524996103,0.07794995306143072,0.03454237887719245,0.4898122268289544,0.07447859577665576
2025-07-22,0.05971708102302625,0.08179493341665757,0.048524495290057944,0.1334080058254595,0.07687596972421873,0.034222303678329666,0.49032075922638024,0.07513643779927795
2025-07-23,0.058629866387845314,0.08240282664501336,0.04844793041796232,0.13346965543127315,0.07507266421696711,0.03381039116352677,0.49254386195785504,0.07562279000858656
2025-07-24,0.05809997088709329,0.08295174080013058,0.048269329578840725,0.133809554536289,0.07447311010227062,0.03388331481404118,0.4936221598708781,0.07489080584446904
2025-07-25,0.05729065899924631,0.08509013150514186,0.04730008157996033,0.13435291183920736,0.0737728175905744,0.03370617034929355,0.4924345891993946,0.0760526253851094
2025-07-28,0.05767458510030388,0.08720912016893156,0.0476952794481757,0.1338716908935748,0.07372039448591194,0.0331122926006591,0.4928643348658673,0.07385228912208401
2025-07-29,0.057186147888768496,0.08922495361800153,0.04712508412505135,0.13546946632786222,0.07405719336189714,0.033367588300430434,0.4900523951223801,0.07351715792354788
2025-07-30,0.05658827081556791,0.08885993012637325,0.04658222715587404,0.1356910996578069,0.07301426023321993,0.03366350286992938,0.49275475176669803,0.07284594425011935
2025-07-31,0.05484855204527335,0.08897599707982151,0.045729461957824596,0.13425680076806815,0.07124395060410434,0.032644272741426915,0.4984303870511612,0.07387056437224893
2025-08-01,0.05587184163795231,0.08830043716551075,0.04627271529090516,0.13445766155598113,0.07377257991272326,0.03196777418915097,0.4960760453832189,0.07328093122956005
2025-08-04,0.05510183151416728,0.08827208756833271,0.045549929852880935,0.13465878622935648,0.07314590927890308,0.03189446378229113,0.4990782239054519,0.07229875462969029
2025-08-05,0.054698215171535704,0.08817116868445472,0.04550059407719861,0.13421607134177033,0.07279499147813975,0.032696172554941935,0.5006844266934524,0.07123834658733268
2025-08-06,0.05436790214778691,0.08247765026104484,0.04556995931773558,0.1381648634016421,0.07220867338444331,0.03259907201533,0.5037392044663681,0.0708726615998852
2025-08-07,0.054842951869562236,0.08552618552315717,0.04614462690965982,0.13649880551761312,0.07321753464003632,0.03289293633704787,0.4979595599218389,0.07291738612809875
2025-08-08,0.05476132803247355,0.08478102286038267,0.046236159985602786,0.1355654454557812,0.07432765500188605,0.034580235550012196,0.4978515557147042,0.07189658438793912
2025-08-11,0.05467085785244502,0.08463011355643181,0.04621773784684192,0.13522505509969948,0.07458487908749194,0.03602111210563354,0.4966042843212327,0.07204594710597859
2025-08-12,0.055050197767885195,0.0846690407017342,0.046826131582927935,0.13713727238703513,0.07584327927293859,0.03664365270677587,0.49220634205162517,0.07162407069770327
2025-08-13,0.05555208431977375,0.0893170071316336,0.04773066951693209,0.13559618420457312,0.07695093656059872,0.03567135119765633,0.4883418403938108,0.07083991383432338
2025-08-14,0.05500166093220008,0.08759319482308436,0.04768438411981947,0.1364676368150931,0.07737412264262566,0.03594639402924397,0.4892566699639154,0.07067592383965614
2025-08-15,0.04843423582845041,0.08805460640706379,0.04802013815535518,0.1376478427491862,0.07347786833596481,0.035536524406314114,0.4970407989355192,0.07178797203014749
2025-08-18,0.04870517723244791,0.08691277080602179,0.048113001025347775,0.13666040871666116,0.07262641002506107,0.03613229422778331,0.49868544686438515,0.07216447801987147
2025-08-19,0.04979160201424944,0.08469237380005495,0.049322092991475545,0.1358393481174351,0.0759435759795477,0.036784478169851406,0.4959398057466307,0.07168670969851205
2025-08-20,0.04973803496378685,0.08457239589327205,0.050047348571313786,0.13502110257322758,0.07555650205580208,0.03556398263075884,0.4986020457338798,0.07089857400479525
2025-08-21,0.04979336177530138,0.08424929296303604,0.04936410823319401,0.13499758520606744,0.07538601918683069,0.035317442350780395,0.5000176101127458,0.07087456652767282
2025-08-22,0.04969990011508331,0.08476612792709519,0.04975242148410062,0.13456053360558198,0.07527343999808296,0.035242260005250485,0.4993848873108361,0.0713204161573124
2025-08-25,0.04934327145683639,0.08220353512706743,0.04951966152776115,0.1341121457102857,0.07586282818041408,0.034721580523969994,0.5024171601299809,0.0718198040021045
2025-08-26,0.04947173325947748,0.08277457246666745,0.049454387772104015,0.13410255546554745,0.0766330127244502,0.03430227586554176,0.5014156697325395,0.07184577954226067
2025-08-27,0.04934848570956027,0.08288155755756468,0.04980704791287846,0.1348723585341841,0.07652742780690594,0.03460920009563183,0.5000635494541358,0.07189035978094913
2025-08-28,0.04953100480243611,0.08346303751541079,0.049302744479755516,0.1384174433923101,0.07671100498781759,0.03579934826885183,0.4953092985267739,0.07146610490009343
2025-08-29,0.049831827724487285,0.0832788142328757,0.04960176738913582,0.13794204759037765,0.07633880403565071,0.03611972629291193,0.4952654080973917,0.07162159106040279
2025-09-02,0.04957923004155413,0.08437296250461564,0.04921242136361715,0.14042148959975087,0.07507542670564711,0.03650088978473976,0.49291735147095694,0.07192021474770577
2025-09-03,0.049002680945204456,0.08399786085236087,0.04979237780914149,0.14190859260940047,0.0753767949898574,0.03645489528801108,0.49084079624447324,0.07262598752532837
2025-09-04,0.04907445501525605,0.08288880009746996,0.05034817729142197,0.142050876784473,0.07658169327313295,0.03771619652301992,0.4883364677747783,0.07300331965710402
2025-09-05,0.05023996174783106,0.07707486428155415,0.051996021679544036,0.15469345515632268,0.07814842400837177,0.03970604620616961,0.47294180870493013,0.07519940469468024
2025-09-08,0.049415236648809105,0.0762731126103243,0.052319427866748244,0.1577211252416761,0.07878729279544902,0.039249820971449606,0.47079592604767406,0.0754380444617778
2025-09-09,0.04943010292453876,0.07782192550789419,0.05244951035692506,0.15230690295829813,0.0784837673344934,0.040032347743212855,0.4735553520115974,0.07592007792141653
2025-09-10,0.04751589526327488,0.07663166679702899,0.049691852839259365,0.16079474263520976,0.07676119476609956,0.03985601396982253,0.4729626140092049,0.07578600698503422
2025-09-11,0.049250845794706226,0.07443748656012214,0.05015634420764447,0.15576831302692512,0.08226782209783233,0.04267292174640976,0.4704433250808374,0.07500292880756564
2025-09-12,0.04827453811038554,0.0753619694655204,0.05045252108442507,0.15492204428820222,0.08274259122098125,0.044288782540921924,0.4692909072829707,0.07466663340592149
2025-09-15,0.04871661012153634,0.07587890138058805,0.05326350256183875,0.15527764321847198,0.08354817498767197,0.04402661916987959,0.46473320471440815,0.07455533136239571
2025-09-16,0.04978632247951031,0.07604704423397081,0.05430182065231443,0.15454480853118824,0.08498749336346997,0.0446116092670638,0.46024177208978506,0.07547911681724799
2025-09-17,0.05194192815498947,0.07666902917769765,0.05480669463543985,0.15104692204072712,0.08740781618692497,0.04567788816549494,0.45551798413393696,0.07693172473309479
2025-09-18,0.053759950399960586,0.07390882780471794,0.05663829832454568,0.1464047222074796,0.08800186051491361,0.04684791264615574,0.4580301279707714,0.0764082877228872
2025-09-19,0.05392667503801014,0.07375707419484868,0.05697823526557326,0.14642206043817996,0.08853544087228052,0.045198215650861205,0.4597478150271199,0.07543447108833674
2025-09-22,0.0553460308109037,0.07285902883015276,0.056964626737146196,0.1401665201711431,0.08972754751648877,0.04448806673874692,0.46490102487432766,0.0755471422319264
2025-09-23,0.05594714609905317,0.07403276131242134,0.057825684899369206,0.1415046211804259,0.09035911983579262,0.04538104160078248,0.4558963710047962,0.07905324186818548
2025-09-24,0.05659036675028654,0.07466272972911515,0.05732193965437121,0.1428822714541296,0.08882054813334102,0.0444801101841617,0.45607027892833835,0.07917174286174755
2025-09-25,0.05620216821867974,0.07501552105182266,0.057611874937874286,0.1418554227297013,0.08889260862438551,0.043236832315610804,0.45897696670552535,0.07820859308364764
2025-09-26,0.05739273492372703,0.07414022770186901,0.05770543101738331,0.14112926106587967,0.08899131708648976,0.04333863122307981,0.46006143201764355,0.07724095263672259
2025-09-29,0.05698722875223827,0.07411916777040357,0.0576742104567284,0.13666457926756345,0.08980933121023908,0.04462114492841627,0.463850834698216,0.07627349073760138
2025-09-30,0.05592674328082744,0.0730085166921393,0.05698154867604965,0.1350819080409276,0.09011968955970728,0.044750395158224605,0.4675384091051058,0.0765927775227992
2025-10-01,0.058187826186321234,0.07240511603816098,0.05777146736038816,0.13354615301717893,0.09401864848597503,0.04766012888650688,0.4590161411665448,0.07739450715419315
2025-10-02,0.058886189113116896,0.07384561665374323,0.05846173318957418,0.1335038881156203,0.09538304737355192,0.047382788768209644,0.45635777040815306,0.07617895484273814
2025-10-03,0.05759422943614475,0.0720243459003343,0.058888944154632195,0.13428779967542098,0.09511946985711782,0.048722419088635505,0.4556950277512717,0.07766775253993209
2025-10-06,0.05818337321065104,0.0874465725475931,0.058416606101692845,0.13067421779439573,0.09549286906947123,0.04861517678009189,0.442281023156837,0.07889014995793972
2025-10-07,0.05565032998397376,0.09191154872051921,0.05681114461748894,0.13264410861435827,0.09096386644113216,0.04785493695384402,0.4465140649920468,0.07764998815533163
2025-10-08,0.05546359034819383,0.09922825114451916,0.05427550238629623,0.13205707729507057,0.08955457437605266,0.04910025690328677,0.44236283539247007,0.07795790098557379
2025-10-09,0.0559573315488903,0.09772336291874563,0.053667269140828006,0.1313625794461624,0.08824374957378082,0.04786230499634173,0.44871082469102125,0.07647256655897275
2025-10-10,0.05648554147291971,0.09551307746214614,0.054273405042672244,0.130916672879199,0.08708430310320975,0.047867560660807294,0.4520509958891419,0.0758084317060073
2025-10-13,0.05651019144860286,0.09205221720099502,0.05462856532948329,0.13766383726587517,0.08742484283450794,0.04862676048856894,0.4447988643138554,0.0782947098409615
2025-10-14,0.05774023267549545,0.09534204380286349,0.056063266759365654,0.13650580422545636,0.0901819265581894,0.04849853591218843,0.4370427615542707,0.07862541692142941
2025-10-15,0.05886223161672876,0.10194785845608346,0.05627868626650531,0.13620803703382534,0.09226426000608964,0.04863760302828201,0.42667790859746346,0.07912340366658108
2025-10-16,0.05863287435603808,0.09976977034334113,0.0565675268800955,0.1366822501940664,0.09031934187949747,0.051089709817867694,0.42943075811983594,0.07750775713189578
2025-10-17,0.05799601990790882,0.09925331631803373,0.05716970778042076,0.13497575597143774,0.08987614164011089,0.0511100902421107,0.43325466475631724,0.07636429209343744
2025-10-20,0.058413836291259305,0.1017564043424791,0.05749964527071012,0.1340424071208863,0.0908801259018857,0.05187103516678112,0.42900723039084726,0.076529304300111
2025-10-21,0.05844599868140067,0.10169112612425739,0.05711896837766854,0.1328295386574141,0.09241797014519325,0.05125364649658195,0.42977785721830664,0.07646488297220481
2025-10-22,0.0578100943865513,0.09968822995925165,0.05713136096645097,0.13369765835313532,0.09121950533977781,0.05096545080796022,0.4334708146403427,0.07601687406646178
2025-10-23,0.05880775902599351,0.09992171341735599,0.05748290899505227,0.13283568942726257,0.09357019488231332,0.052127991505763284,0.43012416406119586,0.07512956741119449
2025-10-24,0.05728651179588707,0.10463559629621402,0.055748766216403484,0.13293485904235164,0.09359267398899425,0.05373770551347543,0.4279038339076265,0.0741600422702563
2025-10-27,0.056564309616698324,0.1048907851054016,0.05584828211714962,0.1326978594773836,0.0945269706784192,0.052727188834789475,0.4295284921218561,0.07321610133858414
2025-10-28,0.054362704020885666,0.10178741169275778,0.054158668415980875,0.13350923393732284,0.09156725433058754,0.0519198490447168,0.440401472886333,0.07229339521169666
2025-10-29,0.05475401188620193,0.10141815442908746,0.05368590893478414,0.13437360304884488,0.0919435704052781,0.0515686438490917,0.44111708715166736,0.07113901012244937
2025-10-30,0.05495288930524238,0.09948252149075529,0.05485748529567492,0.13334890718170556,0.09374525392784527,0.051861566284027515,0.43981515282349604,0.07193621334122122
2025-10-31,0.05543051500198573,0.10061324279164922,0.05437113013669425,0.1317524708729678,0.09225697325817042,0.05213298116080199,0.44171850535195034,0.07172417101042347
2025-11-03,0.055650590976975056,0.10041894217637547,0.05391193872682626,0.12722576651690254,0.0930073788519036,0.053831869910203375,0.4442998499553349,0.07165365263156157
2025-11-04,0.05602769084476537,0.10054214908263592,0.05412326963344351,0.12840141382809128,0.09342223161643762,0.051992004545423014,0.4436368851583649,0.07185434463018577
2025-11-05,0.05800875172235509,0.10197159012228812,0.05425537072514667,0.12957759104921202,0.09792928598332816,0.05603281328060256,0.4312332129189235,0.0709913736508204
2025-11-06,0.05794454478754424,0.09743255410482818,0.055124046903655556,0.13225263669407553,0.09915538015557987,0.057936555153205366,0.4281026422983052,0.07205162903511197
2025-11-07,0.05753883988753591,0.0964866816741178,0.054900518365274126,0.13099242554486576,0.0981918602218774,0.05829563823628642,0.43165885241123575,0.07193517270491115
2025-11-10,0.05623819774477089,0.09642174082352278,0.05364323765235383,0.12851579813252423,0.09806477524581796,0.05936834620315261,0.43683085323297344,0.07091704048676735
2025-11-11,0.05629469372130771,0.09659696844119038,0.05433242744386968,0.12987827171663596,0.09655373145401366,0.05815372568825062,0.43622530383233243,0.07196486691974249
2025-11-12,0.05597476965674097,0.10375488939744922,0.054322110985731274,0.12917264584121282,0.09648679381860105,0.0582077860005177,0.43129793218376206,0.07078306149032881
2025-11-13,0.056229202800234544,0.10318012477505192,0.05545254068994307,0.1283653070327501,0.09515476377997256,0.05847498884043469,0.43177858846426714,0.07136447258477069
2025-11-14,0.056473907324399386,0.10187977310048946,0.05431409176238662,0.1282669976006331,0.09127807066548654,0.06042576979320076,0.43591071742754456,0.07145066138156657
2025-11-17,0.05782650404350181,0.10046111488334217,0.05566900371972508,0.12986059055935378,0.091862510137831,0.05993374950258143,0.43280154433603263,0.07158497174351061
2025-11-18,0.05843943399231176,0.09875793987008366,0.05626302657440225,0.13249330705344814,0.0916175330595485,0.058114189498325086,0.4318856808079682,0.0724288777739392
2025-11-19,0.05963934053491894,0.09367085199578153,0.056904904572147155,0.13474972788810746,0.09299294343023819,0.05614143192713469,0.43399581377799595,0.0719049747642331
2025-11-20,0.05853784618001055,0.09028679482012575,0.0561782253297719,0.13791098523368192,0.09124023810073374,0.05233697842661804,0.43960143881771246,0.07390748147211601
2025-11-21,0.059830447302823025,0.08973688557779119,0.05561721091254523,0.13593261740941742,0.09369112706497074,0.05415697585310406,0.4374229239100361,0.07361180029390782
2025-11-24,0.05907092174624933,0.0907037015200092,0.05444147010569284,0.14464760497430348,0.09460039327029754,0.056014035066146654,0.4275606415505433,0.07296122058402235
2025-11-25,0.06247519373804822,0.0875716023507482,0.055690963046826476,0.14842139627497533,0.09626820468182067,0.05657121481871177,0.4195010277423455,0.07350038608273309
2025-11-26,0.06296789602737494,0.08897877501628734,0.0564924655089741,0.14982328914883156,0.09610078672299853,0.05671570822095485,0.41573397388601163,0.07318709445701985
2025-11-28,0.06354590762983424,0.09035040731275,0.05752852835646657,0.15186327354101684,0.09663908269302243,0.058251139089983764,0.40823907063659026,0.07358257972815221
2025-12-01,0.06400209884948092,0.09102972041217751,0.058887881047214055,0.14510813172115097,0.0956301312522088,0.05907128975741878,0.4138513558212827,0.0724193801566712
2025-12-02,0.06621449274485712,0.08856135617678151,0.05961192218796946,0.14245424552389632,0.0970772772732799,0.058439659880726656,0.41460309648673815,0.07303793881678078
2025-12-03,0.0670682185323989,0.08957271660828124,0.06136751103007882,0.1421598355000121,0.09824022733651706,0.05716478821865333,0.4105152878224249,0.0739114040377496
2025-12-04,0.06709462850518899,0.08867348685269487,0.05955263491019938,0.14194475303630047,0.09635194171894093,0.05518677442863215,0.41810632382120244,0.07308944584148203
2025-12-05,0.06639632859877258,0.0890349677368554,0.05868318640639809,0.1446357085994988,0.09684395108928809,0.05746642678596332,0.4137776698215895,0.0731617501316863
2025-12-08,0.06512441382135362,0.08853454043655991,0.05858258906884452,0.14572595251027537,0.09734874081307483,0.058635368808072526,0.41259110456313974,0.07345727936253435
2025-12-09,0.06464152514671012,0.08841708676855213,0.05794016604743772,0.14707649697701025,0.09882564170899841,0.059724159114704245,0.4098105098402142,0.0735644038187095
2025-12-10,0.06606352053513645,0.08765236820253856,0.057898520250652154,0.1483355406688342,0.09950831060249286,0.06191165259716244,0.4040169520086362,0.07461312463889802
2025-12-11,0.0656212673772758,0.08869415513805926,0.058768264918842135,0.14769304723907287,0.10095575253798827,0.06139753374954807,0.4024608441047098,0.07440912431458861
2025-12-12,0.06637687645432312,0.08899161191318619,0.05962817471622615,0.13788517967509745,0.10124661761587654,0.06037928575410086,0.41035703617941793,0.07513520649785257
2025-12-15,0.06722726183362483,0.08806350612647608,0.06030231009968582,0.1308056436521589,0.10413091920733737,0.059754843311937776,0.41532934572106495,0.0743861587997753
2025-12-16,0.06652217762710814,0.08863169803598431,0.059578370523518935,0.13122176101802627,0.10334776873709617,0.058429255473846115,0.4181965897301326,0.07407236761982827
2025-12-17,0.06661310670628158,0.08763879318296601,0.058695720415087714,0.13086217001925282,0.1024229516721335,0.05916625634813803,0.4199409103137508,0.07466007961361924
2025-12-18,0.066171964611273,0.08653191435547576,0.05827829717722839,0.12882094658329668,0.10589510654914185,0.06344003878514783,0.4162015434159934,0.07466017711172086
2025-12-19,0.06447651876026468,0.08848642158655007,0.0572083974538215,0.12803820161495294,0.10669953547064348,0.06538395638349648,0.41670654125738393,0.07300041648071089
2025-12-22,0.06424516417247274,0.0879054808579407,0.056482218996962374,0.12694503380971822,0.10707621115054325,0.06708323567486225,0.4171752702264439,0.07308737426826775
2025-12-23,0.06348253936309756,0.08643465039420607,0.0558054981211515,0.1277276698864526,0.10524902860415736,0.06589981539091619,0.42262007946301655,0.07278070811315356
2025-12-24,0.0633876804270812,0.08617957213810812,0.055797303486111345,0.1275957186609995,0.1061693099836953,0.06813677192182502,0.4197631693283448,0.0729704634283785
2025-12-26,0.06324374803463681,0.0855962980477498,0.05580867282068451,0.12745292137226652,0.10591541530503537,0.06724507930251954,0.4212642492646832,0.07347360529642874
2025-12-29,0.06386697082309631,0.08631008455627183,0.055759174761945675,0.12714907308595938,0.10517586241319339,0.0699134339333921,0.4184204732765132,0.07340491653621357
2025-12-30,0.06336433000026633,0.08653681190039317,0.05629816120955086,0.1278109662957362,0.10432962849888192,0.06977011913306583,0.41852810247904276,0.07336186982842531
2025-12-31,0.0630946782848384,0.08669009033202807,0.05658801825198436,0.127362841407167,0.10351797929148696,0.06854483159708555,0.41924165605173425,0.07495989405135613
2026-01-02,0.06365773215200195,0.08723335999987893,0.059360936147622306,0.12336107732813857,0.10792141137828389,0.0730511492582877,0.40938779990063745,0.07602652348549453
2026-01-05,0.0667506490175584,0.08557601998958825,0.06212045346350229,0.12084767373517745,0.11262480742232298,0.07168700157514948,0.4043822948745107,0.07601108965940818
2026-01-06,0.06849920482447339,0.08178189558502134,0.06192815632091224,0.11923718250809519,0.11796461395262096,0.07774031778223024,0.39672252346820064,0.0761260954427409
2026-01-07,0.06792137140207037,0.08048991716537421,0.061519361195516924,0.11967890676439018,0.11627320788570161,0.07720741227590262,0.40248511966358524,0.07442469348629846
2026-01-08,0.0670032696934462,0.08028448486009633,0.061212961943788856,0.11855825932087459,0.11775993277629901,0.07610355974600315,0.40306617470671846,0.07601134655312344
2026-01-09,0.06970434075695903,0.07752608262067115,0.06351601761967429,0.11966845339328705,0.12447811698143521,0.07812591158569035,0.3917289939973656,0.07525207292794046
2026-01-12,0.07044418112131853,0.07851226807819742,0.0632871376716802,0.12104132734946282,0.12447013772009959,0.07757276500401183,0.38824628526606986,0.07642588776646675
2026-01-13,0.0698088819416498,0.08342263445897345,0.06265784780496637,0.12170589178276903,0.12091120062497471,0.07573710949514414,0.3895598540590137,0.07619656982299287
2026-01-14,0.07023795021037664,0.08577277586223542,0.06334246833144558,0.11852941689053181,0.11965173765588424,0.0758669387567619,0.3901354290407227,0.07646327308159233
2026-01-15,0.07224366970051166,0.08508191715017979,0.06495238081783518,0.11640840221321942,0.1212790698273787,0.07455591133452444,0.38776361260100367,0.07771502645803366
2026-01-16,0.07295650761343574,0.085276073815739,0.06529891953858533,0.11761218892917795,0.12252259287139447,0.07916613476743974,0.38041857032758036,0.07674900238405559
2026-01-20,0.07317644183865883,0.08792713233139116,0.06569277699448785,0.11463494375071191,0.12597104292609446,0.08210168063874244,0.3749125896115154,0.07558338185652015
2026-01-21,0.0727237634015132,0.09209147149196174,0.065518065309328,0.11019675973787327,0.12578699424198392,0.08510866768253018,0.37531107580525197,0.07326319255517215
2026-01-22,0.07116846742622007,0.09339191341790787,0.06709314259351602,0.10891436257890381,0.12135885177515963,0.08682332078762203,0.3778225988427017,0.07342733281908943
2026-01-23,0.0714493509723657,0.09489061034375673,0.06632327504667476,0.10631942285518775,0.11897436155460574,0.08664410250466632,0.38083259841614797,0.07456626861830254
2026-01-26,0.07104833933572828,0.09215136486942749,0.06771863190394704,0.10828914937639722,0.12208864821975784,0.08464796102048604,0.3797130323399554,0.07434286321232557
2026-01-27,0.07209139838478382,0.09003770174763095,0.06790147556152629,0.10808178174972542,0.12726805035979727,0.08695300703160054,0.37401077662847926,0.07365579906460988
2026-01-28,0.07206483557336987,0.08917525061844142,0.06560203771789493,0.10689010871110069,0.12628524171447358,0.09111996169010715,0.37526579889217787,0.07359675572767028
2026-01-29,0.07250698456137229,0.08831975181943251,0.06659236571754472,0.10530060849356103,0.12984587681125698,0.09055218565268755,0.37441653890478177,0.07246567875376886
2026-01-30,0.07039456205556043,0.08524319043861235,0.06695419535695907,0.10845208625454164,0.12558870689003412,0.08863460912508256,0.38219922412242907,0.0725334162097374
2026-02-02,0.07143899169870746,0.08832796644951965,0.06755145716109265,0.10796153311981779,0.12725709030723176,0.09316159355308841,0.3696941564057144,0.07460720179551344
2026-02-03,0.07138181466080097,0.08941567551076753,0.06736207624172248,0.10754955114515476,0.12695483442577174,0.09190628820137088,0.36986862976578594,0.07556112025680561
2026-02-04,0.07106186349653608,0.07881350187356712,0.0688886190681952,0.11025276079751903,0.12338261495056137,0.0886196477334586,0.38083426091768496,0.07814672072439505
2026-02-05,0.07266149066085603,0.07586305216608746,0.06952664681142383,0.1112462183796945,0.1255863551444257,0.08952576984027126,0.3761659366241033,0.07942451992444254
2026-02-06,0.0721046530279167,0.07683440216613752,0.06805912556693895,0.11156414174477071,0.12721464352796047,0.08631876377355159,0.3795441885724551,0.07836007184706108
2026-02-09,0.07269791977539179,0.07831894801894085,0.06772681801454064,0.11337200715972985,0.1241969533668274,0.08249979892350771,0.3826596098996958,0.07852793522799772
2026-02-10,0.07297105786229248,0.07808311733809037,0.06762207211077184,0.11315337706123149,0.12377348464814512,0.08096384714458678,0.3828026192392618,0.08063041490214787
2026-02-11,0.07369543960875996,0.07635371395257136,0.06715077579107816,0.11139604756622422,0.12557142564048282,0.08703378597974233,0.3773045246515247,0.08149427733128116
2026-02-12,0.07258977759157648,0.07505520602741503,0.06708616987691998,0.10972388429182325,0.12592983549703227,0.08951244724963969,0.3783527490163783,0.08174992078642368
2026-02-13,0.07865421439838201,0.07575294433171113,0.06724669481481517,0.10801370613707253,0.12856897604123635,0.08924243555768417,0.37094776681755837,0.0815732522138377
2026-02-17,0.07928674723706436,0.0739214791227998,0.067618178496772,0.1100417386609517,0.12810720915457816,0.08633740287604111,0.37390331981629804,0.0807839149846356
2026-02-18,0.08020872969317079,0.07166174117934353,0.0688136776908961,0.10857148608439163,0.12844068452553747,0.08943383568445565,0.37382041507642855,0.07904942057155472
2026-02-19,0.0805609390540466,0.07294954033282962,0.06847137975627803,0.10891286893861978,0.12721250316896435,0.08881995381771078,0.3742975432757382,0.07877526214542609
2026-02-20,0.08076053700014359,0.07090827125305234,0.06812027876529268,0.10713685548932733,0.1296275223341928,0.08999781861388506,0.3734546239760464,0.07999408317507106
2026-02-23,0.08046784161391857,0.06973814992840179,0.06896705791733386,0.10652661367256652,0.1283861571950865,0.08859567347086099,0.3773319382360933,0.07998655856094251
2026-02-24,0.08041215385980313,0.07492254683118683,0.06866198810505984,0.10367434171642503,0.12784679294516288,0.08689298675930718,0.37523020098481663,0.08235897950887222
2026-02-25,0.08264642173936847,0.0726589977403052,0.06882302948106421,0.10409950648899613,0.12842885294613965,0.08770552016193596,0.3742223623813147,0.08141529992484205
2026-02-26,0.08219514772325642,0.0733742203609234,0.06899470949276805,0.1053552714062982,0.12866247401161313,0.08881847510687865,0.36988189014667555,0.08271780220039353
2026-02-27,0.08333787774587408,0.07379865521894012,0.06995798901762122,0.1070807871127854,0.12879707400122375,0.09018289555940211,0.36270739474426233,0.08413731682695277
2026-03-02,0.0828212615234822,0.07278217690350883,0.06825125939545193,0.10620811242552336,0.12645782473666967,0.0897179671471941,0.3713401223650412,0.08242126578764193
2026-03-03,0.08104123712447027,0.07253307469142882,0.06763855418751423,0.10837642387978953,0.12329568386562302,0.08556745469179909,0.37980796502604913,0.08173959646217908
2026-03-04,0.08056509607652022,0.07493250312799946,0.06789532317624099,0.1070442219071372,0.12368171067591331,0.08817348199910402,0.376937116250275,0.08077053695505877
2026-03-05,0.07846665737473309,0.07436894404166404,0.06675700795352645,0.11280069361788406,0.11972941035797466,0.08783694436547716,0.37963766240243024,0.08040267000032254
2026-03-06,0.07670228531452937,0.07484427250234084,0.06578942519885186,0.11685332244851113,0.11596052276502614,0.08545037329997965,0.38407936133412496,0.08032042682450809
2026-03-09,0.07697339384183813,0.07579524451975614,0.06641776536984259,0.11754476882273676,0.11810651290715415,0.08637980963175138,0.37931958325284393,0.07946291173905742
2026-03-10,0.07766772811659307,0.07514778549118481,0.06692911569636277,0.11515966595339347,0.11903724813671067,0.08843544861163952,0.37941486785763723,0.07820813033275913
2026-03-11,0.07795239365422503,0.07489322729832315,0.06633827025248039,0.11353735066397633,0.11969800302545473,0.09082721774046369,0.3777547915447681,0.07899873612611992
2026-03-12,0.07697155126332529,0.07431223570763906,0.06645787557683357,0.11478267903946096,0.11775539198220365,0.0903795944505164,0.382231992390128,0.07710866962601784
2026-03-13,0.0783495468195256,0.07305583007948555,0.06651273194218484,0.11063755414282848,0.11989965963428083,0.09550749455817269,0.3781587585820979,0.07787841422567661
2026-03-16,0.07793939103276587,0.07287987584976073,0.06672471789465098,0.10951026402175808,0.12166245728361562,0.09717810903831035,0.37724128463826595,0.07686389041138707
2026-03-17,0.07873008856825174,0.07220821565343892,0.06685523064911114,0.10744309304495475,0.12459670759720216,0.10075557548759671,0.37164348718585927,0.07776759206129355
2026-03-18,0.07872903600817517,0.07399359230300151,0.06577653658652168,0.10654649443920151,0.12468447426399738,0.10162506347817214,0.37166600575309766,0.07697878733223498
2026-03-19,0.08022394216509501,0.0759135258126795,0.06611610622775047,0.10753170199819663,0.12943229906368578,0.09747990257134644,0.36673796231008887,0.076564550045964
2026-03-20,0.08258542914144955,0.07668033697277751,0.0656421252342139,0.107513052975482,0.13009099782306097,0.09556253056010149,0.3652967992400937,0.07662871795475956
2026-03-23,0.08239429880026043,0.0760089488630451,0.06720364720280814,0.110183657700196,0.13086963772158586,0.08996751525421322,0.3658097755433443,0.07756250897157213
2026-03-24,0.0847379582542311,0.0766246085241937,0.06831535050909526,0.10818683131527693,0.13328768933050553,0.08755585020702905,0.3630307241462249,0.07826097782122339
2026-03-25,0.08313019809419618,0.08163964747530036,0.06759478607869539,0.10764597816226057,0.12941699814209395,0.08402061819604044,0.3677898308908511,0.07876193313384937
2026-03-26,0.08084988553160864,0.08013276217102308,0.06840645946307809,0.11085068112377675,0.12447388484714082,0.08293446472704573,0.37398409879830496,0.07836775291167063
2026-03-27,0.0816005019345449,0.08049836041464035,0.06791469998338454,0.10916459573242274,0.12601852234020944,0.08446317170019446,0.3707676573405489,0.07957247998783454
2026-03-30,0.08093760333122406,0.08086199360097285,0.06767408295993226,0.11025411017791366,0.1233472364850278,0.07878483311522254,0.3783632710940007,0.07977685829961169
2026-03-31,0.08104861582655298,0.07943547028660529,0.0674815884695941,0.1101017753053877,0.124788455139226,0.07830101924280031,0.37820215697689863,0.08064090840003607
2026-04-01,0.08188985288323032,0.08011962937349573,0.06780890218206588,0.1088502328154163,0.12656387621365978,0.08321720934344765,0.37201369448424493,0.07953659259916684
2026-04-02,0.08063252921838737,0.08287383231177599,0.06566874190511993,0.10918625422257484,0.12449217043993019,0.08282868285891601,0.37537496804455195,0.0789428108964346
2026-04-06,0.08108134810487135,0.08336910114335605,0.06460216830977679,0.10846043859587916,0.12496341624087028,0.0848985122851993,0.37354768300780067,0.0790773222732624
2026-04-07,0.08053517616384259,0.08291785047622706,0.06398043431291353,0.1138788475883561,0.12560104997858937,0.08388441744057454,0.3702179278829823,0.07898428623271508
2026-04-08,0.08317214358370782,0.08231327833982094,0.06601874672550774,0.11341962362018937,0.13090915000498707,0.08571997496279019,0.3590535937210982,0.07939347962774099
2026-04-09,0.08408594854535914,0.08236622355675373,0.06597211234389444,0.11253804470808923,0.13471310232790729,0.08708146768465984,0.35550391099193074,0.07773918061306759
2026-04-10,0.08258481396402509,0.08341507152413759,0.06584202560651513,0.11522452266790466,0.1342466601870306,0.08498129675546982,0.3566123384429825,0.07709326182646015
2026-04-13,0.08119915338584896,0.08339954912214041,0.06632141975967454,0.11689169911395082,0.13509800117462534,0.08554659820750597,0.3552362988637474,0.076307271414152
2026-04-14,0.07882092073778232,0.08367851386256789,0.06517050562572184,0.11380171353201568,0.13366856626974644,0.0906734965769247,0.3580282107788035,0.07615806391848468
2026-04-15,0.07839958781495365,0.08452126372511137,0.06348396763995263,0.11834462895944746,0.12986857095248405,0.08867169925350621,0.361652639446121,0.07505763352668254
2026-04-16,0.0776839961750201,0.09129402777698233,0.0605626940622857,0.11909878904529908,0.12806109753187378,0.08903958946795411,0.3614113689840727,0.072848428257818
2026-04-17,0.07781833994285835,0.08987191710186511,0.06165987539758687,0.1195621680884612,0.12921357639069928,0.08719777779233263,0.361585653576797,0.07309068315020613
2026-04-20,0.077321076728823,0.08939228062527069,0.06280853440450454,0.11836531927636758,0.1279728562043051,0.08653426285970563,0.3648418415229213,0.07276381975807225
2026-04-21,0.0780177406562809,0.09268592630100958,0.062191651456203645,0.11936489452586427,0.12590429962219618,0.08689952662279843,0.3616547719063463,0.07328118027137824
2026-04-22,0.0772870189962803,0.09571923997091838,0.05958016021208692,0.12145035213632235,0.12528405387123565,0.09126651618350792,0.35473240897128155,0.07468024129540181
2026-04-23,0.07826800726108409,0.09742769075780525,0.059192521775987425,0.12207319997219665,0.12340307599312918,0.09123563288752178,0.35378429017806595,0.07461557271411098
2026-04-24,0.07733379565350867,0.10620547635364742,0.05823873297504672,0.11760313036574781,0.122302312459072,0.09002711774207726,0.3531909693296993,0.07509845702525961
2026-04-27,0.07452164449616061,0.10142749734833367,0.05693164309944091,0.11547686910477091,0.11763313819579023,0.09437192830112535,0.3646257686563106,0.07501150276181995
2026-04-28,0.07234369333554672,0.10102954575653543,0.056749482025076424,0.11385683529862864,0.11745913802830188,0.09356228905485021,0.3700562514754276,0.07494275673808393
2026-04-29,0.07251112149685113,0.10520972101749225,0.05705036210122005,0.11527674191927043,0.11611786087936984,0.09604093705466762,0.3626834666481788,0.07510978060835478
2026-04-30,0.07472294512093106,0.11056947270971623,0.05885393595991981,0.11861375253641102,0.12030035474933316,0.09574431904698283,0.3457041220050386,0.07549108960189116
2026-05-01,0.07340901943415308,0.11201528101074357,0.058135359723776994,0.11923802156054226,0.11929855717395257,0.09998807394212947,0.3424151294917875,0.07550054942558765
2026-05-04,0.07388072156968144,0.10616646495017314,0.05650166509213039,0.11794537244437389,0.12021969762211997,0.10635656209871909,0.3426419483919906,0.0762875595892734
2026-05-05,0.07541550406218259,0.10739119328826702,0.05719407929132155,0.11768912636668831,0.12470052184517305,0.11486689227178512,0.32988526283637415,0.07285741202355313
2026-05-06,0.07389347583240707,0.11962754378313172,0.0575027759406982,0.11002855099487595,0.1261838025906805,0.11232143035295375,0.3276673852940495,0.07277502768441957
2026-05-07,0.07181179130568466,0.11762435773796891,0.05726711040692305,0.10823182590681543,0.12341113987932448,0.11052498147578314,0.3382487040407441,0.07288008161173534
2026-05-08,0.07244905772728771,0.1247126139580447,0.05719429043692847,0.10732632329398789,0.1205009624389972,0.12144639422831907,0.32744469993381314,0.06892565071854939
2026-05-11,0.07272070228322187,0.12384377726928852,0.055422458959096685,0.10535623073800239,0.11953001515955143,0.12742787938557218,0.32896830654565123,0.06673062250275229
2026-05-12,0.07177925854799566,0.12288320636673192,0.05466785348386832,0.1047076597409106,0.11858875190923393,0.12472336871298179,0.336102103430335,0.06654779054025996
2026-05-13,0.0713688772314343,0.11991573500470065,0.05582208923891735,0.10220352944490885,0.11894589245633952,0.1283930304847835,0.3375888857333409,0.06576195326898147
2026-05-14,0.07043936277587737,0.11839858102710268,0.054702232911011506,0.10548460557349662,0.11780515845786017,0.12126843587073295,0.3446949539130369,0.0672066624903889
2026-05-15,0.07308515891030463,0.11689801212532404,0.0542800604709493,0.10676822405872373,0.11738390233168437,0.11855775365918285,0.34491862277988883,0.06810825835589514
2026-05-18,0.07083863151134523,0.11874249132418101,0.054455749808211766,0.10810289913513757,0.11726498481225262,0.11409919420210603,0.34824988201326423,0.06824615971530504
2026-05-19,0.07028553518722035,0.11776972221987639,0.05443191245843028,0.10651647572227001,0.11630524852229676,0.11796504596878114,0.34848500837537016,0.06824104400450436
2026-05-20,0.07104741954963359,0.12267524937182346,0.055710991765532104,0.10431176440237466,0.11974425665130367,0.11908259527395197,0.3401602462131734,0.06726746950531383
2026-05-21,0.0708388915603511,0.12256549525945251,0.056909022501885315,0.10296025156110868,0.12324099358158173,0.12331627168994487,0.33234099495231795,0.0678280716654256
2026-05-22,0.07165305895058005,0.12748373026316706,0.05838616015476312,0.1028800497437069,0.12454132829797862,0.1215515888878262,0.32609671783829597,0.06740735863388123
2026-05-26,0.07205542067425208,0.1312712748031777,0.05575047336236241,0.10015596987683233,0.12573543512605742,0.13852898383590126,0.31086194667292033,0.06564048874138535
2026-05-27,0.0711796784348127,0.1294160546465027,0.0547188995461668,0.10036860292155224,0.12458233721610973,0.14391500658033968,0.3083548123172968,0.0674646014129824
2026-05-28,0.07076129840187617,0.1340822123276714,0.05449237637955392,0.1005741886016391,0.12309623135580176,0.14186298469374872,0.3079390657895519,0.06719163558850917
2026-05-29,0.07036921416468518,0.1327149427803885,0.05438037499912023,0.1046622621166963,0.12238003178627212,0.14820473414140597,0.3015327905022751,0.06575564269129039
2026-06-01,0.06925658642196122,0.12682036258657814,0.05308856833897208,0.10417361953680739,0.11791890501374994,0.1527970953536289,0.30976445859397367,0.06618039756303568
2026-06-02,0.07225088621036367,0.1264631820713709,0.054222755360667195,0.10637904021803597,0.12128509829219472,0.1531495618056124,0.3000604131244305,0.06618905648839028
2026-06-03,0.07382634321958045,0.13154142173849698,0.05488638039311097,0.1058548842137403,0.12464952362591653,0.15536543215383217,0.2891731476585484,0.06470286056827992
2026-06-04,0.07583885082930122,0.1300735706141902,0.057292226806860386,0.09487726786028329,0.12509556317086748,0.14697298528136454,0.30225574946015843,0.06759377938548114
2026-06-05,0.07507261861258173,0.12711224220069497,0.05867300358670697,0.0957747455243873,0.12363541914426517,0.13977293224536236,0.31081146700793116,0.06914756445187091
2026-06-08,0.07773181075422643,0.1273637355463695,0.059572188194432,0.09384911167325315,0.12605405544794984,0.14635532220792355,0.3013275291034902,0.06774624018551793
2026-06-09,0.0791836516319088,0.12404681248085195,0.06081181844001782,0.09319859425328983,0.1276550099164259,0.1449130868873192,0.30197411616611997,0.06821690330753372
2026-06-10,0.08176752365485934,0.12240861636004642,0.061527961153465684,0.09172108943510913,0.13023481865263467,0.1432361628078007,0.30151877177230924,0.06758504898993133
2026-06-11,0.08495846849776763,0.12349750458359599,0.06297370427902647,0.08880990623187526,0.13709503101157303,0.14945056346438892,0.2880051923120388,0.06520962291625025
2026-06-12,0.08664396552989727,0.12851167024376922,0.06138539292201917,0.08743807290850927,0.13782574686646498,0.14636367817456178,0.28660092864661707,0.06523053804776643
2026-06-15,0.08501368125876742,0.13062361081560608,0.0592361832790454,0.08566002130823121,0.13884810594683983,0.15413799312582094,0.28194773045005783,0.06453266748728162
2026-06-16,0.08627050692481925,0.12666838450882195,0.05906204165452579,0.08569178322185701,0.1379399211408953,0.15128379648073798,0.28795559758655337,0.06512796186153899
2026-06-17,0.08884749454667012,0.12629894258352745,0.060359635873815584,0.08821144996101732,0.13802599613977187,0.15259596778489415,0.2804261107513291,0.0652343958248816
2026-06-18,0.0882820896499581,0.12643203847248508,0.05953269075590984,0.0881688902288757,0.13700471425153726,0.1583615616614992,0.27562052653388047,0.06659748220784215
2026-06-22,0.08989125182792601,0.127390463793007,0.05842033417040484,0.08262777239238361,0.14156076184586572,0.16604518626008494,0.2679114761732111,0.0661527474142962
2026-06-23,0.0887086949683188,0.12945213503023537,0.05807132796834801,0.0863760041591874,0.13840402803956436,0.15545647809580776,0.2769694852957103,0.06656183984055183
2026-06-24,0.08913971009556775,0.12937129234734757,0.057535237926673144,0.08677640639838836,0.13963968772116622,0.15491062483083426,0.2754157434608413,0.06721129061963205
2026-06-25,0.09665042737492915,0.12672950313087672,0.05744916942657197,0.0822704798771282,0.1431166305544996,0.17140328514510317,0.25897898629599975,0.0634015118858478
2026-06-26,0.09420324621753516,0.12891509605053908,0.05816233183892945,0.08232019902565679,0.14024347834854708,0.16611647223427065,0.2645849537402562,0.06545421599118777
2026-06-29,0.10041320981198787,0.12825908753664067,0.05870389605455065,0.08079410593106012,0.14622074333908963,0.16161187950772207,0.257724942962857,0.06627212855280251
2026-06-30,0.10071570955201266,0.13308877932802426,0.05976541345306351,0.07896670448665324,0.14859659941858072,0.15696557372355469,0.25488359763359303,0.06701761633023386
2026-07-01,0.09690054556158857,0.13242803609792,0.059169822556326426,0.08251108233672358,0.14338442906166252,0.15001455833120586,0.26897127384525327,0.06662024571787302
2026-07-02,0.09402656892982494,0.1327874459473607,0.059493709571243066,0.08433933405942244,0.13488070582041808,0.14848720149549952,0.27779084496505546,0.06819418241224402
2026-07-06,0.09088743901306953,0.13920508424409253,0.060345193946350614,0.08602785267646,0.132175319234199,0.14740978802971846,0.2741690472916832,0.06978026887884517
2026-07-07,0.08812611497019938,0.1349021959546534,0.0598860610852138,0.08843007392830646,0.12759246648704764,0.14560595669301749,0.28620190843944404,0.06925521551202185
2026-07-08,0.088595379355841,0.13214900634718907,0.059232149401757715,0.09058147918470053,0.1273580597951912,0.1438558131314501,0.2898668550847157,0.06836125092755
2026-07-09,0.08904380505077024,0.13601219010231394,0.05885672353184079,0.09105070250293745,0.1315086246186587,0.1464504053414684,0.2804929271808372,0.06658461507525304
2026-07-10,0.09002211192273168,0.13709272745392523,0.05791321634780293,0.08968094576009562,0.1288548172051277,0.14285821420256564,0.28823708835815137,0.06534087223439121
2026-07-13,0.0896850817597601,0.1369903340280876,0.05801882672605629,0.0898310089423569,0.12658952481258653,0.1425918883177002,0.29009745786769026,0.066195870749125
2026-07-14,0.08976586953656666,0.13584413474171625,0.057703043417183415,0.08799066972982535,0.12838563719471585,0.14463969059062548,0.29185502873647545,0.06381591948206795
2026-07-15,0.08904443788163396,0.13373655944392043,0.060159922234724425,0.09092665602238903,0.12689337605555573,0.13567696502414822,0.29862239795707507,0.06493967867951583
2026-07-16,0.08954725417654069,0.13152340100729107,0.06144837129761524,0.08970529895309146,0.12613213153980493,0.13298167820185824,0.30276799111854974,0.06589386674411755
2026-07-17,0.08634299865144628,0.13291536370563148,0.061436608140632294,0.0907163294393143,0.12572498385345282,0.13511683091528784,0.30232701430762526,0.06541986387830265
2026-07-20,0.08533141136343865,0.13443256383133542,0.06087453732502055,0.09211432013019522,0.12257471353534329,0.1371561470409272,0.3017332552662242,0.06578304442957147
2026-07-21,0.08695747049305728,0.13791777027922214,0.059841343714561276,0.08933766861938994,0.12209322761147018,0.14599586048463517,0.29197147593644274,0.06588517614475749
2026-07-22,0.08479299038320996,0.13905456656964732,0.05948317125170335,0.09115408729277337,0.1203176819848079,0.14339901444784026,0.29684467633701384,0.06495380505803729
2026-07-23,0.08645425511289011,0.13634850659093634,0.059729407256114114,0.09047308741808906,0.12092464672809863,0.14851043473982342,0.2932494405641045,0.0643102148915835
2026-07-24,0.08518614910827257,0.13636543286135527,0.0601943673155885,0.09104471316629148,0.11935253516625502,0.14283514521008242,0.30046494306536375,0.06455670717990765
2026-07-27,0.08531353325364203,0.13435530484310163,0.05891775513360913,0.09491800007655474,0.11848227612385161,0.1450628258000743,0.29659377101992246,0.06635652655216992
2026-07-28,0.08216054475701451,0.12893151950246518,0.05894209112960536,0.09856889280705575,0.11444690673989166,0.13814293763693425,0.31065813445800283,0.0681489654498058
2026-07-29,0.07948199490081652,0.12865651686799986,0.060979058660580246,0.10120269234742495,0.1131276579406551,0.1313941518934514,0.3164231915583493,0.0687347278898093
2026-07-30,0.08341490353503986,0.1327099563947121,0.05928205370604319,0.09675472756795246,0.12183672006640056,0.14196312814495385,0.29649696003274645,0.06754154330320064
2026-07-31,0.0846885325115011,0.1306353053327562,0.058679398527344225,0.09745088860381917,0.12032934358490127,0.1340466923916249,0.3062359965206487,0.06793383525330456
2026-08-03,0.08505886527287701,0.1308298170486058,0.05821647752498443,0.09661292189958254,0.11903987049059357,0.13293137429313254,0.3101599798870573,0.06715068642585474
2026-08-04,0.08529328663958073,0.13308183853425745,0.057680187145023196,0.09791572344231422,0.12204848994905768,0.13599332273107786,0.3024125793088193,0.06557456544585061
2026-08-05,0.08389917515370045,0.12450508374322851,0.05691040563749002,0.09857551129999488,0.11884602592190048,0.13695014651333326,0.3148176605959625,0.06549598428648848
2026-08-06,0.08282667014528891,0.12635585174460176,0.05778958352908701,0.09910216146399531,0.11819259632277318,0.13513537711868837,0.31444601440505626,0.06615173842350817
2026-08-07,0.08363517700638719,0.12331950787516179,0.058318339533720696,0.09957910095491654,0.11889606598694356,0.13291270584067613,0.3176987184903741,0.06564037754750883
2026-08-10,0.08276597614403923,0.1224182946033325,0.059336489886364224,0.10048149046337922,0.11956429404922245,0.1332545430009176,0.3153539172866676,0.0668249876538544
2026-08-11,0.08280859277188499,0.12290143517234986,0.06121476522915232,0.09837149436792841,0.12077459454844,0.1335946243483204,0.3133492608513437,0.06698522584071842
2026-08-12,0.08392278028158116,0.12160132113424617,0.059840782000936225,0.09558870111623909,0.12290674866573194,0.13621795260695976,0.3137332059636297,0.06618850155467161
2026-08-13,0.0809195307341379,0.12025495880970358,0.060405032423085335,0.0949167866393495,0.12558772155984912,0.14038360556512994,0.3118831870072072,0.06564917066054313
2026-08-14,0.07688739115956061,0.1282505485628336,0.060366255426722776,0.08940362379160562,0.1240317728465148,0.14381515507409923,0.3121345563408166,0.06511069018742448
2026-08-17,0.08002835030625968,0.12441212328821896,0.06079081526081751,0.08804025854654422,0.12653949502105624,0.14767569982728118,0.3076081921202681,0.06490505911064871
2026-08-18,0.080086947734816,0.12404770561196689,0.06062227723489323,0.08879409443654354,0.12569528742922143,0.1430197588283003,0.31288632917675335,0.06484759275771992
2026-08-19,0.07924563870651902,0.12251682483728914,0.060413431786134335,0.08687794708310397,0.12076883889136474,0.1461277713630799,0.3177470331597819,0.06630250720836967
2026-08-20,0.07871263751427747,0.12234524465825088,0.05988958222093491,0.08656306257176948,0.12112940588013192,0.15073643128572162,0.31421857080145854,0.06640505815788551
2026-08-21,0.07813840528916564,0.12340058762872641,0.06038288851486789,0.08766214883554051,0.1225501286449531,0.14965041142025934,0.31130278721495735,0.06691263553817087
2026-08-24,0.0791743265937516,0.1227034188005286,0.06137727326150252,0.08794052747995579,0.12471980823196233,0.14519387735556463,0.31140558678203,0.06748517437207088
2026-08-25,0.07707598945663348,0.12640082175178455,0.060406731761817434,0.08586376914114989,0.12423680738738734,0.14609741293465445,0.31247600142850146,0.06744245914426325
2026-08-26,0.07738609135231614,0.12744719345780517,0.060736657833666885,0.08598147288351375,0.12410341776066174,0.14762505205068716,0.3089213371794343,0.0677987704558702
2026-08-27,0.0,0.0,0.0,0.0,0.0,0.0,0.0,0.0
